  0
SECTION
  2
HEADER
  9
$ACADVER
  1
AC1024
  9
$ACADMAINTVER
 70
6
  9
$DWGCODEPAGE
  3
ANSI_1252
  9
$LASTSAVEDBY
  1
ezdxf
  9
$INSBASE
 10
0.0
 20
0.0
 30
0.0
  9
$EXTMIN
 10
1e+20
 20
1e+20
 30
1e+20
  9
$EXTMAX
 10
-1e+20
 20
-1e+20
 30
-1e+20
  9
$LIMMIN
 10
0.0
 20
0.0
  9
$LIMMAX
 10
420.0
 20
297.0
  9
$ORTHOMODE
 70
0
  9
$REGENMODE
 70
1
  9
$FILLMODE
 70
1
  9
$QTEXTMODE
 70
0
  9
$MIRRTEXT
 70
1
  9
$LTSCALE
 40
1.0
  9
$ATTMODE
 70
1
  9
$TEXTSIZE
 40
2.5
  9
$TRACEWID
 40
1.0
  9
$TEXTSTYLE
  7
OpenSans
  9
$CLAYER
  8
0
  9
$CELTYPE
  6
ByLayer
  9
$CECOLOR
 62
256
  9
$CELTSCALE
 40
1.0
  9
$DISPSILH
 70
0
  9
$DIMSCALE
 40
1.0
  9
$DIMASZ
 40
0.175
  9
$DIMEXO
 40
0.125
  9
$DIMDLI
 40
3.75
  9
$DIMRND
 40
0.0
  9
$DIMDLE
 40
0.0
  9
$DIMEXE
 40
0.375
  9
$DIMTP
 40
0.0
  9
$DIMTM
 40
0.0
  9
$DIMTXT
 40
0.25
  9
$DIMCEN
 40
2.5
  9
$DIMTSZ
 40
0.0
  9
$DIMTOL
 70
0
  9
$DIMLIM
 70
0
  9
$DIMTIH
 70
0
  9
$DIMTOH
 70
0
  9
$DIMSE1
 70
0
  9
$DIMSE2
 70
0
  9
$DIMTAD
 70
1
  9
$DIMZIN
 70
12
  9
$DIMBLK
  1
ARCHTICK
  9
$DIMASO
 70
1
  9
$DIMSHO
 70
1
  9
$DIMPOST
  1

  9
$DIMAPOST
  1

  9
$DIMALT
 70
0
  9
$DIMALTD
 70
3
  9
$DIMALTF
 40
0.03937007874
  9
$DIMLFAC
 40
100.0
  9
$DIMTOFL
 70
1
  9
$DIMTVP
 40
0.0
  9
$DIMTIX
 70
0
  9
$DIMSOXD
 70
0
  9
$DIMSAH
 70
0
  9
$DIMBLK1
  1

  9
$DIMBLK2
  1

  9
$DIMSTYLE
  2
EZDXF
  9
$DIMCLRD
 70
0
  9
$DIMCLRE
 70
0
  9
$DIMCLRT
 70
0
  9
$DIMTFAC
 40
0.5
  9
$DIMGAP
 40
0.1
  9
$DIMJUST
 70
0
  9
$DIMSD1
 70
0
  9
$DIMSD2
 70
0
  9
$DIMTOLJ
 70
0
  9
$DIMTZIN
 70
8
  9
$DIMALTZ
 70
0
  9
$DIMALTTZ
 70
0
  9
$DIMUPT
 70
1
  9
$DIMDEC
 70
2
  9
$DIMTDEC
 70
2
  9
$DIMALTU
 70
2
  9
$DIMALTTD
 70
3
  9
$DIMTXSTY
  7
OpenSansCondensed-Light
  9
$DIMAUNIT
 70
0
  9
$DIMADEC
 70
2
  9
$DIMALTRND
 40
0.0
  9
$DIMAZIN
 70
3
  9
$DIMDSEP
 70
46
  9
$DIMATFIT
 70
3
  9
$DIMFRAC
 70
0
  9
$DIMLDRBLK
  1

  9
$DIMLUNIT
 70
2
  9
$DIMLWD
 70
-2
  9
$DIMLWE
 70
-2
  9
$DIMTMOVE
 70
2
  9
$DIMFXL
 40
1.0
  9
$DIMFXLON
 70
0
  9
$DIMJOGANG
 40
0.785398163397
  9
$DIMTFILL
 70
0
  9
$DIMTFILLCLR
 70
0
  9
$DIMARCSYM
 70
0
  9
$DIMLTYPE
  6

  9
$DIMLTEX1
  6

  9
$DIMLTEX2
  6

  9
$DIMTXTDIRECTION
 70
0
  9
$LUNITS
 70
2
  9
$LUPREC
 70
4
  9
$SKETCHINC
 40
1.0
  9
$FILLETRAD
 40
10.0
  9
$AUNITS
 70
0
  9
$AUPREC
 70
2
  9
$MENU
  1
.
  9
$ELEVATION
 40
0.0
  9
$PELEVATION
 40
0.0
  9
$THICKNESS
 40
0.0
  9
$LIMCHECK
 70
0
  9
$CHAMFERA
 40
0.0
  9
$CHAMFERB
 40
0.0
  9
$CHAMFERC
 40
0.0
  9
$CHAMFERD
 40
0.0
  9
$SKPOLY
 70
0
  9
$TDCREATE
 40
2461303.440196759
  9
$TDUCREATE
 40
2458532.153996898
  9
$TDUPDATE
 40
2461303.44037037
  9
$TDUUPDATE
 40
2458532.1544311
  9
$TDINDWG
 40
0.0
  9
$TDUSRTIMER
 40
0.0
  9
$USRTIMER
 70
1
  9
$ANGBASE
 50
0.0
  9
$ANGDIR
 70
0
  9
$PDMODE
 70
0
  9
$PDSIZE
 40
0.0
  9
$PLINEWID
 40
0.0
  9
$SPLFRAME
 70
0
  9
$SPLINETYPE
 70
6
  9
$SPLINESEGS
 70
8
  9
$HANDSEED
  5
78FA
  9
$SURFTAB1
 70
6
  9
$SURFTAB2
 70
6
  9
$SURFTYPE
 70
6
  9
$SURFU
 70
6
  9
$SURFV
 70
6
  9
$UCSBASE
  2

  9
$UCSNAME
  2

  9
$UCSORG
 10
0.0
 20
0.0
 30
0.0
  9
$UCSXDIR
 10
1.0
 20
0.0
 30
0.0
  9
$UCSYDIR
 10
0.0
 20
1.0
 30
0.0
  9
$UCSORTHOREF
  2

  9
$UCSORTHOVIEW
 70
0
  9
$UCSORGTOP
 10
0.0
 20
0.0
 30
0.0
  9
$UCSORGBOTTOM
 10
0.0
 20
0.0
 30
0.0
  9
$UCSORGLEFT
 10
0.0
 20
0.0
 30
0.0
  9
$UCSORGRIGHT
 10
0.0
 20
0.0
 30
0.0
  9
$UCSORGFRONT
 10
0.0
 20
0.0
 30
0.0
  9
$UCSORGBACK
 10
0.0
 20
0.0
 30
0.0
  9
$PUCSBASE
  2

  9
$PUCSNAME
  2

  9
$PUCSORG
 10
0.0
 20
0.0
 30
0.0
  9
$PUCSXDIR
 10
1.0
 20
0.0
 30
0.0
  9
$PUCSYDIR
 10
0.0
 20
1.0
 30
0.0
  9
$PUCSORTHOREF
  2

  9
$PUCSORTHOVIEW
 70
0
  9
$PUCSORGTOP
 10
0.0
 20
0.0
 30
0.0
  9
$PUCSORGBOTTOM
 10
0.0
 20
0.0
 30
0.0
  9
$PUCSORGLEFT
 10
0.0
 20
0.0
 30
0.0
  9
$PUCSORGRIGHT
 10
0.0
 20
0.0
 30
0.0
  9
$PUCSORGFRONT
 10
0.0
 20
0.0
 30
0.0
  9
$PUCSORGBACK
 10
0.0
 20
0.0
 30
0.0
  9
$USERI1
 70
0
  9
$USERI2
 70
0
  9
$USERI3
 70
0
  9
$USERI4
 70
0
  9
$USERI5
 70
0
  9
$USERR1
 40
0.0
  9
$USERR2
 40
0.0
  9
$USERR3
 40
0.0
  9
$USERR4
 40
0.0
  9
$USERR5
 40
0.0
  9
$WORLDVIEW
 70
1
  9
$SHADEDGE
 70
3
  9
$SHADEDIF
 70
70
  9
$TILEMODE
 70
1
  9
$MAXACTVP
 70
64
  9
$PINSBASE
 10
0.0
 20
0.0
 30
0.0
  9
$PLIMCHECK
 70
0
  9
$PEXTMIN
 10
1e+20
 20
1e+20
 30
1e+20
  9
$PEXTMAX
 10
-1e+20
 20
-1e+20
 30
-1e+20
  9
$PLIMMIN
 10
0.0
 20
0.0
  9
$PLIMMAX
 10
420.0
 20
297.0
  9
$UNITMODE
 70
0
  9
$VISRETAIN
 70
1
  9
$PLINEGEN
 70
0
  9
$PSLTSCALE
 70
1
  9
$TREEDEPTH
 70
3020
  9
$CMLSTYLE
  2
Standard
  9
$CMLJUST
 70
0
  9
$CMLSCALE
 40
20.0
  9
$PROXYGRAPHICS
 70
1
  9
$MEASUREMENT
 70
1
  9
$CELWEIGHT
370
-1
  9
$ENDCAPS
280
0
  9
$JOINSTYLE
280
0
  9
$LWDISPLAY
290
0
  9
$INSUNITS
 70
6
  9
$HYPERLINKBASE
  1

  9
$STYLESHEET
  1

  9
$XEDIT
290
1
  9
$CEPSNTYPE
380
0
  9
$PSTYLEMODE
290
1
  9
$FINGERPRINTGUID
  2
{97C228B4-8E65-4619-A521-C202656B46B7}
  9
$VERSIONGUID
  2
{7866C123-3B42-474F-BF99-4BE38FCE32D9}
  9
$EXTNAMES
290
1
  9
$PSVPSCALE
 40
0.0
  9
$OLESTARTUP
290
0
  9
$SORTENTS
280
127
  9
$INDEXCTL
280
0
  9
$HIDETEXT
280
1
  9
$XCLIPFRAME
280
1
  9
$HALOGAP
280
0
  9
$OBSCOLOR
 70
257
  9
$OBSLTYPE
280
0
  9
$INTERSECTIONDISPLAY
280
0
  9
$INTERSECTIONCOLOR
 70
257
  9
$DIMASSOC
280
2
  9
$PROJECTNAME
  1

  9
$CAMERADISPLAY
290
0
  9
$LENSLENGTH
 40
50.0
  9
$CAMERAHEIGHT
 40
0.0
  9
$STEPSPERSEC
 40
24.0
  9
$STEPSIZE
 40
100.0
  9
$3DDWFPREC
 40
2.0
  9
$PSOLWIDTH
 40
0.005
  9
$PSOLHEIGHT
 40
0.08
  9
$LOFTANG1
 40
1.570796326795
  9
$LOFTANG2
 40
1.570796326795
  9
$LOFTMAG1
 40
0.0
  9
$LOFTMAG2
 40
0.0
  9
$LOFTPARAM
 70
7
  9
$LOFTNORMALS
280
1
  9
$LATITUDE
 40
37.795
  9
$LONGITUDE
 40
-122.394
  9
$NORTHDIRECTION
 40
0.0
  9
$TIMEZONE
 70
-8000
  9
$LIGHTGLYPHDISPLAY
280
1
  9
$TILEMODELIGHTSYNCH
280
1
  9
$CMATERIAL
347
20
  9
$SOLIDHIST
280
0
  9
$SHOWHIST
280
1
  9
$DWFFRAME
280
2
  9
$DGNFRAME
280
2
  9
$REALWORLDSCALE
290
1
  9
$INTERFERECOLOR
 62
256
  9
$CSHADOW
280
0
  9
$SHADOWPLANELOCATION
 40
0.0
  0
ENDSEC
  0
SECTION
  2
CLASSES
  0
CLASS
  1
ACDBDICTIONARYWDFLT
  2
AcDbDictionaryWithDefault
  3
ObjectDBX Classes
 90
0
 91
0
280
0
281
0
  0
CLASS
  1
SUN
  2
AcDbSun
  3
SCENEOE
 90
1153
 91
0
280
0
281
0
  0
CLASS
  1
VISUALSTYLE
  2
AcDbVisualStyle
  3
ObjectDBX Classes
 90
4095
 91
0
280
0
281
0
  0
CLASS
  1
MATERIAL
  2
AcDbMaterial
  3
ObjectDBX Classes
 90
1153
 91
0
280
0
281
0
  0
CLASS
  1
SCALE
  2
AcDbScale
  3
ObjectDBX Classes
 90
1153
 91
0
280
0
281
0
  0
CLASS
  1
TABLESTYLE
  2
AcDbTableStyle
  3
ObjectDBX Classes
 90
4095
 91
0
280
0
281
0
  0
CLASS
  1
MLEADERSTYLE
  2
AcDbMLeaderStyle
  3
ACDB_MLEADERSTYLE_CLASS
 90
4095
 91
0
280
0
281
0
  0
CLASS
  1
DICTIONARYVAR
  2
AcDbDictionaryVar
  3
ObjectDBX Classes
 90
0
 91
0
280
0
281
0
  0
CLASS
  1
CELLSTYLEMAP
  2
AcDbCellStyleMap
  3
ObjectDBX Classes
 90
1152
 91
0
280
0
281
0
  0
CLASS
  1
MENTALRAYRENDERSETTINGS
  2
AcDbMentalRayRenderSettings
  3
SCENEOE
 90
1024
 91
0
280
0
281
0
  0
CLASS
  1
ACDBDETAILVIEWSTYLE
  2
AcDbDetailViewStyle
  3
ObjectDBX Classes
 90
1025
 91
0
280
0
281
0
  0
CLASS
  1
ACDBSECTIONVIEWSTYLE
  2
AcDbSectionViewStyle
  3
ObjectDBX Classes
 90
1025
 91
0
280
0
281
0
  0
CLASS
  1
RASTERVARIABLES
  2
AcDbRasterVariables
  3
ISM
 90
0
 91
0
280
0
281
0
  0
CLASS
  1
ACDBPLACEHOLDER
  2
AcDbPlaceHolder
  3
ObjectDBX Classes
 90
0
 91
0
280
0
281
0
  0
CLASS
  1
LAYOUT
  2
AcDbLayout
  3
ObjectDBX Classes
 90
0
 91
0
280
0
281
0
  0
ENDSEC
  0
SECTION
  2
TABLES
  0
TABLE
  2
VPORT
  5
8
330
0
100
AcDbSymbolTable
 70
1
  0
VPORT
  5
23
330
8
100
AcDbSymbolTableRecord
100
AcDbViewportTableRecord
  2
*Active
 70
0
 10
0.0
 20
0.0
 11
1.0
 21
1.0
 12
0.0
 22
0.0
 13
0.0
 23
0.0
 14
0.5
 24
0.5
 15
0.5
 25
0.5
 16
0.0
 26
0.0
 36
1.0
 17
0.0
 27
0.0
 37
0.0
 40
1000.0
 41
1.34
 42
50.0
 43
0.0
 44
0.0
 50
0.0
 51
0.0
 71
0
 72
1000
 73
1
 74
3
 75
0
 76
0
 77
0
 78
0
281
0
 65
0
146
0.0
  0
ENDTAB
  0
TABLE
  2
LTYPE
  5
2
330
0
100
AcDbSymbolTable
 70
21
  0
LTYPE
  5
24
330
2
100
AcDbSymbolTableRecord
100
AcDbLinetypeTableRecord
  2
ByBlock
 70
0
  3

 72
65
 73
0
 40
0.0
  0
LTYPE
  5
25
330
2
100
AcDbSymbolTableRecord
100
AcDbLinetypeTableRecord
  2
ByLayer
 70
0
  3

 72
65
 73
0
 40
0.0
  0
LTYPE
  5
26
330
2
100
AcDbSymbolTableRecord
100
AcDbLinetypeTableRecord
  2
Continuous
 70
0
  3

 72
65
 73
0
 40
0.0
  0
LTYPE
  5
2F
330
2
100
AcDbSymbolTableRecord
100
AcDbLinetypeTableRecord
  2
CENTER
 70
0
  3
Center ____ _ ____ _ ____ _ ____ _ ____ _ ____
 72
65
 73
4
 40
5.08
 49
3.175
 74
0
 49
-0.635
 74
0
 49
0.635
 74
0
 49
-0.635
 74
0
  0
LTYPE
  5
30
330
2
100
AcDbSymbolTableRecord
100
AcDbLinetypeTableRecord
  2
CENTERX2
 70
0
  3
Center (2x) ________  __  ________  __  ________
 72
65
 73
4
 40
8.89
 49
6.35
 74
0
 49
-0.635
 74
0
 49
1.27
 74
0
 49
-0.635
 74
0
  0
LTYPE
  5
31
330
2
100
AcDbSymbolTableRecord
100
AcDbLinetypeTableRecord
  2
CENTER2
 70
0
  3
Center (.5x) ____ _ ____ _ ____ _ ____ _ ____
 72
65
 73
4
 40
2.54
 49
1.587
 74
0
 49
-0.318
 74
0
 49
0.318
 74
0
 49
-0.318
 74
0
  0
LTYPE
  5
32
330
2
100
AcDbSymbolTableRecord
100
AcDbLinetypeTableRecord
  2
DASHED
 70
0
  3
Dashed __ __ __ __ __ __ __ __ __ __ __ __ __ _
 72
65
 73
2
 40
1.524
 49
1.27
 74
0
 49
-0.254
 74
0
  0
LTYPE
  5
33
330
2
100
AcDbSymbolTableRecord
100
AcDbLinetypeTableRecord
  2
DASHEDX2
 70
0
  3
Dashed (2x) ____  ____  ____  ____  ____  ____
 72
65
 73
2
 40
3.048
 49
2.54
 74
0
 49
-0.508
 74
0
  0
LTYPE
  5
34
330
2
100
AcDbSymbolTableRecord
100
AcDbLinetypeTableRecord
  2
DASHED2
 70
0
  3
Dashed (.5x) _ _ _ _ _ _ _ _ _ _ _ _ _ _
 72
65
 73
2
 40
0.762
 49
0.635
 74
0
 49
-0.127
 74
0
  0
LTYPE
  5
35
330
2
100
AcDbSymbolTableRecord
100
AcDbLinetypeTableRecord
  2
PHANTOM
 70
0
  3
Phantom ______  __  __  ______  __  __  ______
 72
65
 73
6
 40
6.35
 49
3.175
 74
0
 49
-0.635
 74
0
 49
0.635
 74
0
 49
-0.635
 74
0
 49
0.635
 74
0
 49
-0.635
 74
0
  0
LTYPE
  5
36
330
2
100
AcDbSymbolTableRecord
100
AcDbLinetypeTableRecord
  2
PHANTOMX2
 70
0
  3
Phantom (2x)____________    ____    ____    ____________
 72
65
 73
6
 40
10.795
 49
6.35
 74
0
 49
-0.635
 74
0
 49
1.27
 74
0
 49
-0.635
 74
0
 49
1.27
 74
0
 49
-0.635
 74
0
  0
LTYPE
  5
37
330
2
100
AcDbSymbolTableRecord
100
AcDbLinetypeTableRecord
  2
PHANTOM2
 70
0
  3
Phantom (.5x) ___ _ _ ___ _ _ ___ _ _ ___ _ _ ___
 72
65
 73
6
 40
3.175
 49
1.587
 74
0
 49
-0.318
 74
0
 49
0.318
 74
0
 49
-0.318
 74
0
 49
0.318
 74
0
 49
-0.318
 74
0
  0
LTYPE
  5
38
330
2
100
AcDbSymbolTableRecord
100
AcDbLinetypeTableRecord
  2
DASHDOT
 70
0
  3
Dash dot __ . __ . __ . __ . __ . __ . __ . __
 72
65
 73
4
 40
3.556
 49
2.54
 74
0
 49
-0.508
 74
0
 49
0.0
 74
0
 49
-0.508
 74
0
  0
LTYPE
  5
39
330
2
100
AcDbSymbolTableRecord
100
AcDbLinetypeTableRecord
  2
DASHDOTX2
 70
0
  3
Dash dot (2x) ____  .  ____  .  ____  .  ____
 72
65
 73
4
 40
6.096
 49
5.08
 74
0
 49
-0.508
 74
0
 49
0.0
 74
0
 49
-0.508
 74
0
  0
LTYPE
  5
3A
330
2
100
AcDbSymbolTableRecord
100
AcDbLinetypeTableRecord
  2
DASHDOT2
 70
0
  3
Dash dot (.5x) _ . _ . _ . _ . _ . _ . _ . _
 72
65
 73
4
 40
1.778
 49
1.27
 74
0
 49
-0.254
 74
0
 49
0.0
 74
0
 49
-0.254
 74
0
  0
LTYPE
  5
3B
330
2
100
AcDbSymbolTableRecord
100
AcDbLinetypeTableRecord
  2
DOT
 70
0
  3
Dot .  .  .  .  .  .  .  .  .  .  .  .  .  .  .  .
 72
65
 73
2
 40
0.508
 49
0.0
 74
0
 49
-0.508
 74
0
  0
LTYPE
  5
3C
330
2
100
AcDbSymbolTableRecord
100
AcDbLinetypeTableRecord
  2
DOTX2
 70
0
  3
Dot (2x) .    .    .    .    .    .    .    . 
 72
65
 73
2
 40
1.016
 49
0.0
 74
0
 49
-1.016
 74
0
  0
LTYPE
  5
3D
330
2
100
AcDbSymbolTableRecord
100
AcDbLinetypeTableRecord
  2
DOT2
 70
0
  3
Dot (.5) . . . . . . . . . . . . . . . . . . . 
 72
65
 73
2
 40
0.254
 49
0.0
 74
0
 49
-0.254
 74
0
  0
LTYPE
  5
3E
330
2
100
AcDbSymbolTableRecord
100
AcDbLinetypeTableRecord
  2
DIVIDE
 70
0
  3
Divide __ . . __ . . __ . . __ . . __ . . __
 72
65
 73
6
 40
4.064
 49
2.54
 74
0
 49
-0.508
 74
0
 49
0.0
 74
0
 49
-0.508
 74
0
 49
0.0
 74
0
 49
-0.508
 74
0
  0
LTYPE
  5
3F
330
2
100
AcDbSymbolTableRecord
100
AcDbLinetypeTableRecord
  2
DIVIDEX2
 70
0
  3
Divide (2x) ____  . .  ____  . .  ____  . .  ____
 72
65
 73
6
 40
6.604
 49
5.08
 74
0
 49
-0.508
 74
0
 49
0.0
 74
0
 49
-0.508
 74
0
 49
0.0
 74
0
 49
-0.508
 74
0
  0
LTYPE
  5
40
330
2
100
AcDbSymbolTableRecord
100
AcDbLinetypeTableRecord
  2
DIVIDE2
 70
0
  3
Divide(.5x) _ . _ . _ . _ . _ . _ . _ . _
 72
65
 73
6
 40
2.032
 49
1.27
 74
0
 49
-0.254
 74
0
 49
0.0
 74
0
 49
-0.254
 74
0
 49
0.0
 74
0
 49
-0.254
 74
0
  0
ENDTAB
  0
TABLE
  2
LAYER
  5
1
330
0
100
AcDbSymbolTable
 70
19
  0
LAYER
  5
27
330
1
100
AcDbSymbolTableRecord
100
AcDbLayerTableRecord
  2
0
 70
0
 62
7
  6
Continuous
370
-3
390
13
347
21
  0
LAYER
  5
28
330
1
100
AcDbSymbolTableRecord
100
AcDbLayerTableRecord
  2
Defpoints
 70
0
 62
7
  6
Continuous
290
0
370
-3
390
13
347
21
  0
LAYER
  5
8A
330
1
100
AcDbSymbolTableRecord
100
AcDbLayerTableRecord
  2
GRASS
 70
0
 62
7
  6
Continuous
370
-3
390
13
347
21
  0
LAYER
  5
8B
330
1
100
AcDbSymbolTableRecord
100
AcDbLayerTableRecord
  2
ROAD
 70
0
 62
7
  6
Continuous
370
-3
390
13
347
21
  0
LAYER
  5
8C
330
1
100
AcDbSymbolTableRecord
100
AcDbLayerTableRecord
  2
EXISTING_TREE
 70
0
 62
7
  6
Continuous
370
-3
390
13
347
21
  0
LAYER
  5
8D
330
1
100
AcDbSymbolTableRecord
100
AcDbLayerTableRecord
  2
SIDEWALK_PATH
 70
0
 62
7
  6
Continuous
370
-3
390
13
347
21
  0
LAYER
  5
8E
330
1
100
AcDbSymbolTableRecord
100
AcDbLayerTableRecord
  2
OVERHEAD_POWER_LINE
 70
0
 62
7
  6
Continuous
370
-3
390
13
347
21
  0
LAYER
  5
8F
330
1
100
AcDbSymbolTableRecord
100
AcDbLayerTableRecord
  2
GAS
 70
0
 62
7
  6
Continuous
370
-3
390
13
347
21
  0
LAYER
  5
90
330
1
100
AcDbSymbolTableRecord
100
AcDbLayerTableRecord
  2
BOUNDARY
 70
0
 62
7
  6
Continuous
370
-3
390
13
347
21
  0
LAYER
  5
91
330
1
100
AcDbSymbolTableRecord
100
AcDbLayerTableRecord
  2
WATER_PIPELINE
 70
0
 62
7
  6
Continuous
370
-3
390
13
347
21
  0
LAYER
  5
92
330
1
100
AcDbSymbolTableRecord
100
AcDbLayerTableRecord
  2
ELECTR_CABLE_COMM
 70
0
 62
7
  6
Continuous
370
-3
390
13
347
21
  0
LAYER
  5
93
330
1
100
AcDbSymbolTableRecord
100
AcDbLayerTableRecord
  2
CROSSWALK
 70
0
 62
7
  6
Continuous
370
-3
390
13
347
21
  0
LAYER
  5
94
330
1
100
AcDbSymbolTableRecord
100
AcDbLayerTableRecord
  2
ELECTR_CABLE
 70
0
 62
7
  6
Continuous
370
-3
390
13
347
21
  0
LAYER
  5
95
330
1
100
AcDbSymbolTableRecord
100
AcDbLayerTableRecord
  2
BUILDING
 70
0
 62
7
  6
Continuous
370
-3
390
13
347
21
  0
LAYER
  5
96
330
1
100
AcDbSymbolTableRecord
100
AcDbLayerTableRecord
  2
CURB
 70
0
 62
7
  6
Continuous
370
-3
390
13
347
21
  0
LAYER
  5
97
330
1
100
AcDbSymbolTableRecord
100
AcDbLayerTableRecord
  2
HEAT
 70
0
 62
7
  6
Continuous
370
-3
390
13
347
21
  0
LAYER
  5
98
330
1
100
AcDbSymbolTableRecord
100
AcDbLayerTableRecord
  2
GROUND
 70
0
 62
7
  6
Continuous
370
-3
390
13
347
21
  0
LAYER
  5
99
330
1
100
AcDbSymbolTableRecord
100
AcDbLayerTableRecord
  2
EXISTING_BUSH
 70
0
 62
7
  6
Continuous
370
-3
390
13
347
21
  0
LAYER
  5
9A
330
1
100
AcDbSymbolTableRecord
100
AcDbLayerTableRecord
  2
SEWER
 70
0
 62
7
  6
Continuous
370
-3
390
13
347
21
  0
ENDTAB
  0
TABLE
  2
STYLE
  5
5
330
0
100
AcDbSymbolTable
 70
26
  0
STYLE
  5
29
330
5
100
AcDbSymbolTableRecord
100
AcDbTextStyleTableRecord
  2
Standard
 70
0
 40
0.0
 41
1.0
 50
0.0
 71
0
 42
2.5
  3
txt
  4

  0
STYLE
  5
41
330
5
100
AcDbSymbolTableRecord
100
AcDbTextStyleTableRecord
  2
OpenSans-Light
 70
0
 40
0.0
 41
1.0
 50
0.0
 71
0
 42
2.5
  3
OpenSans-Light.ttf
  4

  0
STYLE
  5
42
330
5
100
AcDbSymbolTableRecord
100
AcDbTextStyleTableRecord
  2
OpenSans-Light-Italic
 70
0
 40
0.0
 41
1.0
 50
0.0
 71
0
 42
2.5
  3
OpenSans-LightItalic.ttf
  4

  0
STYLE
  5
43
330
5
100
AcDbSymbolTableRecord
100
AcDbTextStyleTableRecord
  2
OpenSans
 70
0
 40
0.0
 41
1.0
 50
0.0
 71
0
 42
2.5
  3
OpenSans-Regular.ttf
  4

  0
STYLE
  5
44
330
5
100
AcDbSymbolTableRecord
100
AcDbTextStyleTableRecord
  2
OpenSans-Italic
 70
0
 40
0.0
 41
1.0
 50
0.0
 71
0
 42
2.5
  3
OpenSans-Italic.ttf
  4

  0
STYLE
  5
45
330
5
100
AcDbSymbolTableRecord
100
AcDbTextStyleTableRecord
  2
OpenSans-SemiBold
 70
0
 40
0.0
 41
1.0
 50
0.0
 71
0
 42
2.5
  3
OpenSans-SemiBold.ttf
  4

  0
STYLE
  5
46
330
5
100
AcDbSymbolTableRecord
100
AcDbTextStyleTableRecord
  2
OpenSans-SemiBoldItalic
 70
0
 40
0.0
 41
1.0
 50
0.0
 71
0
 42
2.5
  3
OpenSans-SemiBoldItalic.ttf
  4

  0
STYLE
  5
47
330
5
100
AcDbSymbolTableRecord
100
AcDbTextStyleTableRecord
  2
OpenSans-Bold
 70
0
 40
0.0
 41
1.0
 50
0.0
 71
0
 42
2.5
  3
OpenSans-Bold.ttf
  4

  0
STYLE
  5
48
330
5
100
AcDbSymbolTableRecord
100
AcDbTextStyleTableRecord
  2
OpenSans-BoldItalic
 70
0
 40
0.0
 41
1.0
 50
0.0
 71
0
 42
2.5
  3
OpenSans-BoldItalic.ttf
  4

  0
STYLE
  5
49
330
5
100
AcDbSymbolTableRecord
100
AcDbTextStyleTableRecord
  2
OpenSans-ExtraBold
 70
0
 40
0.0
 41
1.0
 50
0.0
 71
0
 42
2.5
  3
OpenSans-ExtraBold.ttf
  4

  0
STYLE
  5
4A
330
5
100
AcDbSymbolTableRecord
100
AcDbTextStyleTableRecord
  2
OpenSans-ExtraBoldItalic
 70
0
 40
0.0
 41
1.0
 50
0.0
 71
0
 42
2.5
  3
OpenSans-ExtraBoldItalic.ttf
  4

  0
STYLE
  5
4B
330
5
100
AcDbSymbolTableRecord
100
AcDbTextStyleTableRecord
  2
OpenSansCondensed-Bold
 70
0
 40
0.0
 41
1.0
 50
0.0
 71
0
 42
2.5
  3
OpenSansCondensed-Bold.ttf
  4

  0
STYLE
  5
4C
330
5
100
AcDbSymbolTableRecord
100
AcDbTextStyleTableRecord
  2
OpenSansCondensed-Light
 70
0
 40
0.0
 41
1.0
 50
0.0
 71
0
 42
2.5
  3
OpenSansCondensed-Light.ttf
  4

  0
STYLE
  5
4D
330
5
100
AcDbSymbolTableRecord
100
AcDbTextStyleTableRecord
  2
OpenSansCondensed-Italic
 70
0
 40
0.0
 41
1.0
 50
0.0
 71
0
 42
2.5
  3
OpenSansCondensed-LightItalic.ttf
  4

  0
STYLE
  5
4E
330
5
100
AcDbSymbolTableRecord
100
AcDbTextStyleTableRecord
  2
LiberationSans
 70
0
 40
0.0
 41
1.0
 50
0.0
 71
0
 42
2.5
  3
LiberationSans-Regular.ttf
  4

  0
STYLE
  5
4F
330
5
100
AcDbSymbolTableRecord
100
AcDbTextStyleTableRecord
  2
LiberationSans-Bold
 70
0
 40
0.0
 41
1.0
 50
0.0
 71
0
 42
2.5
  3
LiberationSans-Bold.ttf
  4

  0
STYLE
  5
50
330
5
100
AcDbSymbolTableRecord
100
AcDbTextStyleTableRecord
  2
LiberationSans-BoldItalic
 70
0
 40
0.0
 41
1.0
 50
0.0
 71
0
 42
2.5
  3
LiberationSans-BoldItalic.ttf
  4

  0
STYLE
  5
51
330
5
100
AcDbSymbolTableRecord
100
AcDbTextStyleTableRecord
  2
LiberationSans-Italic
 70
0
 40
0.0
 41
1.0
 50
0.0
 71
0
 42
2.5
  3
LiberationSans-Italic.ttf
  4

  0
STYLE
  5
52
330
5
100
AcDbSymbolTableRecord
100
AcDbTextStyleTableRecord
  2
LiberationSerif
 70
0
 40
0.0
 41
1.0
 50
0.0
 71
0
 42
2.5
  3
LiberationSerif-Regular.ttf
  4

  0
STYLE
  5
53
330
5
100
AcDbSymbolTableRecord
100
AcDbTextStyleTableRecord
  2
LiberationSerif-Bold
 70
0
 40
0.0
 41
1.0
 50
0.0
 71
0
 42
2.5
  3
LiberationSerif-Bold.ttf
  4

  0
STYLE
  5
54
330
5
100
AcDbSymbolTableRecord
100
AcDbTextStyleTableRecord
  2
LiberationSerif-BoldItalic
 70
0
 40
0.0
 41
1.0
 50
0.0
 71
0
 42
2.5
  3
LiberationSerif-BoldItalic.ttf
  4

  0
STYLE
  5
55
330
5
100
AcDbSymbolTableRecord
100
AcDbTextStyleTableRecord
  2
LiberationSerif-Italic
 70
0
 40
0.0
 41
1.0
 50
0.0
 71
0
 42
2.5
  3
LiberationSerif-Italic.ttf
  4

  0
STYLE
  5
56
330
5
100
AcDbSymbolTableRecord
100
AcDbTextStyleTableRecord
  2
LiberationMono
 70
0
 40
0.0
 41
1.0
 50
0.0
 71
0
 42
2.5
  3
LiberationMono-Regular.ttf
  4

  0
STYLE
  5
57
330
5
100
AcDbSymbolTableRecord
100
AcDbTextStyleTableRecord
  2
LiberationMono-Bold
 70
0
 40
0.0
 41
1.0
 50
0.0
 71
0
 42
2.5
  3
LiberationMono-Bold.ttf
  4

  0
STYLE
  5
58
330
5
100
AcDbSymbolTableRecord
100
AcDbTextStyleTableRecord
  2
LiberationMono-BoldItalic
 70
0
 40
0.0
 41
1.0
 50
0.0
 71
0
 42
2.5
  3
LiberationMono-BoldItalic.ttf
  4

  0
STYLE
  5
59
330
5
100
AcDbSymbolTableRecord
100
AcDbTextStyleTableRecord
  2
LiberationMono-Italic
 70
0
 40
0.0
 41
1.0
 50
0.0
 71
0
 42
2.5
  3
LiberationMono-Italic.ttf
  4

  0
ENDTAB
  0
TABLE
  2
VIEW
  5
7
330
0
100
AcDbSymbolTable
 70
0
  0
ENDTAB
  0
TABLE
  2
UCS
  5
6
330
0
100
AcDbSymbolTable
 70
0
  0
ENDTAB
  0
TABLE
  2
APPID
  5
3
330
0
100
AcDbSymbolTable
 70
3
  0
APPID
  5
2A
330
3
100
AcDbSymbolTableRecord
100
AcDbRegAppTableRecord
  2
ACAD
 70
0
  0
APPID
  5
521
330
3
100
AcDbSymbolTableRecord
100
AcDbRegAppTableRecord
  2
HATCHBACKGROUNDCOLOR
 70
0
  0
APPID
  5
522
330
3
100
AcDbSymbolTableRecord
100
AcDbRegAppTableRecord
  2
EZDXF
 70
0
  0
ENDTAB
  0
TABLE
  2
DIMSTYLE
  5
4
330
0
100
AcDbSymbolTable
 70
12
100
AcDbDimStyleTable
  0
DIMSTYLE
105
2B
330
4
100
AcDbSymbolTableRecord
100
AcDbDimStyleTableRecord
  2
Standard
 70
0
 40
1.0
 41
2.5
 42
0.625
 43
3.75
 44
1.25
 45
0.0
 46
0.0
 47
0.0
 48
0.0
 49
2.5
140
2.5
141
2.5
142
0.0
143
0.03937007874
144
1.0
145
0.0
146
1.0
147
0.625
148
0.0
 69
0
 70
0
 71
0
 72
0
 73
0
 74
0
 75
0
 76
0
 77
1
 78
8
 79
3
170
0
171
3
172
1
173
0
174
0
175
0
176
0
177
0
178
0
179
2
271
2
272
2
273
2
274
3
275
0
276
0
277
2
278
44
279
0
280
0
281
0
282
0
283
0
284
8
285
0
286
0
288
0
289
3
290
0
371
-2
372
-2
  0
DIMSTYLE
105
73
330
4
100
AcDbSymbolTableRecord
100
AcDbDimStyleTableRecord
  2
EZDXF
 70
0
 40
1.0
 41
0.175
 42
0.125
 43
3.75
 44
0.375
 45
0.0
 46
0.0
 47
0.0
 48
0.0
 49
2.5
140
0.25
141
2.5
142
0.0
143
0.03937007874
144
100.0
145
0.0
146
0.5
147
0.1
148
0.0
 69
0
 70
0
 71
0
 72
0
 73
0
 74
0
 75
0
 76
0
 77
1
 78
12
 79
3
170
0
171
3
172
1
173
0
174
0
175
0
176
0
177
0
178
0
179
2
271
2
272
2
273
2
274
3
275
0
276
0
277
2
278
46
279
2
280
0
281
0
282
0
283
0
284
8
285
0
286
0
288
1
289
3
290
0
340
4C
342
74
371
-2
372
-2
  0
DIMSTYLE
105
7C
330
4
100
AcDbSymbolTableRecord
100
AcDbDimStyleTableRecord
  2
EZ_M_100_H25_CM
 70
0
 40
1.0
 41
0.25
 42
0.125
 43
3.75
 44
0.375
 45
0.0
 46
0.0
 47
0.0
 48
0.0
 49
2.5
140
0.25
141
2.5
142
0.125
143
0.03937007874
144
100.0
145
0.0
146
0.5
147
0.1
148
0.0
 69
0
 70
0
 71
0
 72
0
 73
0
 74
0
 75
0
 76
0
 77
1
 78
12
 79
3
170
0
171
3
172
1
173
0
174
0
175
0
176
0
177
0
178
0
179
2
271
2
272
2
273
2
274
3
275
0
276
0
277
2
278
46
279
2
280
0
281
0
282
0
283
0
284
8
285
0
286
0
288
1
289
3
290
0
340
4C
371
-2
372
-2
  0
DIMSTYLE
105
7D
330
4
100
AcDbSymbolTableRecord
100
AcDbDimStyleTableRecord
  2
EZ_M_50_H25_CM
 70
0
 40
1.0
 41
0.125
 42
0.0625
 43
3.75
 44
0.1875
 45
0.0
 46
0.0
 47
0.0
 48
0.0
 49
2.5
140
0.125
141
2.5
142
0.0625
143
0.03937007874
144
100.0
145
0.0
146
0.5
147
0.05
148
0.0
 69
0
 70
0
 71
0
 72
0
 73
0
 74
0
 75
0
 76
0
 77
1
 78
12
 79
3
170
0
171
3
172
1
173
0
174
0
175
0
176
0
177
0
178
0
179
2
271
2
272
2
273
2
274
3
275
0
276
0
277
2
278
46
279
2
280
0
281
0
282
0
283
0
284
8
285
0
286
0
288
1
289
3
290
0
340
4C
371
-2
372
-2
  0
DIMSTYLE
105
7E
330
4
100
AcDbSymbolTableRecord
100
AcDbDimStyleTableRecord
  2
EZ_M_25_H25_CM
 70
0
 40
1.0
 41
0.0625
 42
0.03125
 43
3.75
 44
0.09375
 45
0.0
 46
0.0
 47
0.0
 48
0.0
 49
2.5
140
0.0625
141
2.5
142
0.03125
143
0.03937007874
144
100.0
145
0.0
146
0.5
147
0.025
148
0.0
 69
0
 70
0
 71
0
 72
0
 73
0
 74
0
 75
0
 76
0
 77
1
 78
12
 79
3
170
0
171
3
172
1
173
0
174
0
175
0
176
0
177
0
178
0
179
2
271
2
272
2
273
2
274
3
275
0
276
0
277
2
278
46
279
2
280
0
281
0
282
0
283
0
284
8
285
0
286
0
288
1
289
3
290
0
340
4C
371
-2
372
-2
  0
DIMSTYLE
105
7F
330
4
100
AcDbSymbolTableRecord
100
AcDbDimStyleTableRecord
  2
EZ_M_20_H25_CM
 70
0
 40
1.0
 41
0.05
 42
0.025
 43
3.75
 44
0.07500000000000001
 45
0.0
 46
0.0
 47
0.0
 48
0.0
 49
2.5
140
0.05
141
2.5
142
0.025
143
0.03937007874
144
100.0
145
0.0
146
0.5
147
0.020000000000000004
148
0.0
 69
0
 70
0
 71
0
 72
0
 73
0
 74
0
 75
0
 76
0
 77
1
 78
12
 79
3
170
0
171
3
172
1
173
0
174
0
175
0
176
0
177
0
178
0
179
2
271
2
272
2
273
2
274
3
275
0
276
0
277
2
278
46
279
2
280
0
281
0
282
0
283
0
284
8
285
0
286
0
288
1
289
3
290
0
340
4C
371
-2
372
-2
  0
DIMSTYLE
105
80
330
4
100
AcDbSymbolTableRecord
100
AcDbDimStyleTableRecord
  2
EZ_M_10_H25_CM
 70
0
 40
1.0
 41
0.025
 42
0.0125
 43
3.75
 44
0.037500000000000006
 45
0.0
 46
0.0
 47
0.0
 48
0.0
 49
2.5
140
0.025
141
2.5
142
0.0125
143
0.03937007874
144
100.0
145
0.0
146
0.5
147
0.010000000000000002
148
0.0
 69
0
 70
0
 71
0
 72
0
 73
0
 74
0
 75
0
 76
0
 77
1
 78
12
 79
3
170
0
171
3
172
1
173
0
174
0
175
0
176
0
177
0
178
0
179
2
271
2
272
2
273
2
274
3
275
0
276
0
277
2
278
46
279
2
280
0
281
0
282
0
283
0
284
8
285
0
286
0
288
1
289
3
290
0
340
4C
371
-2
372
-2
  0
DIMSTYLE
105
81
330
4
100
AcDbSymbolTableRecord
100
AcDbDimStyleTableRecord
  2
EZ_M_5_H25_CM
 70
0
 40
1.0
 41
0.0125
 42
0.00625
 43
3.75
 44
0.018750000000000003
 45
0.0
 46
0.0
 47
0.0
 48
0.0
 49
2.5
140
0.0125
141
2.5
142
0.00625
143
0.03937007874
144
100.0
145
0.0
146
0.5
147
0.005000000000000001
148
0.0
 69
0
 70
0
 71
0
 72
0
 73
0
 74
0
 75
0
 76
0
 77
1
 78
12
 79
3
170
0
171
3
172
1
173
0
174
0
175
0
176
0
177
0
178
0
179
2
271
2
272
2
273
2
274
3
275
0
276
0
277
2
278
46
279
2
280
0
281
0
282
0
283
0
284
8
285
0
286
0
288
1
289
3
290
0
340
4C
371
-2
372
-2
  0
DIMSTYLE
105
82
330
4
100
AcDbSymbolTableRecord
100
AcDbDimStyleTableRecord
  2
EZ_M_1_H25_CM
 70
0
 40
1.0
 41
0.0025
 42
0.00125
 43
3.75
 44
0.00375
 45
0.0
 46
0.0
 47
0.0
 48
0.0
 49
2.5
140
0.0025
141
2.5
142
0.00125
143
0.03937007874
144
100.0
145
0.0
146
0.5
147
0.001
148
0.0
 69
0
 70
0
 71
0
 72
0
 73
0
 74
0
 75
0
 76
0
 77
1
 78
12
 79
3
170
0
171
3
172
1
173
0
174
0
175
0
176
0
177
0
178
0
179
2
271
2
272
2
273
2
274
3
275
0
276
0
277
2
278
46
279
2
280
0
281
0
282
0
283
0
284
8
285
0
286
0
288
1
289
3
290
0
340
4C
371
-2
372
-2
  0
DIMSTYLE
105
83
330
4
100
AcDbSymbolTableRecord
100
AcDbDimStyleTableRecord
  2
EZ_RADIUS
 70
0
 40
1.0
 41
0.25
 42
0.125
 43
3.75
 44
0.375
 45
0.0
 46
0.0
 47
0.0
 48
0.0
 49
2.5
140
0.25
141
0.0
142
0.0
143
0.03937007874
144
100.0
145
0.0
146
0.5
147
0.1
148
0.0
 69
0
 70
0
 71
0
 72
0
 73
0
 74
0
 75
0
 76
0
 77
1
 78
12
 79
3
170
0
171
3
172
0
173
0
174
0
175
0
176
0
177
0
178
0
179
2
271
2
272
2
273
2
274
3
275
0
276
0
277
2
278
46
279
1
280
0
281
0
282
0
283
0
284
8
285
0
286
0
288
1
289
3
290
0
340
4C
342
84
371
-2
372
-2
  0
DIMSTYLE
105
88
330
4
100
AcDbSymbolTableRecord
100
AcDbDimStyleTableRecord
  2
EZ_RADIUS_INSIDE
 70
0
 40
1.0
 41
0.25
 42
0.125
 43
3.75
 44
0.375
 45
0.0
 46
0.0
 47
0.0
 48
0.0
 49
2.5
140
0.25
141
0.0
142
0.0
143
0.03937007874
144
100.0
145
0.0
146
0.5
147
0.1
148
0.0
 69
0
 70
0
 71
0
 72
0
 73
0
 74
0
 75
0
 76
0
 77
0
 78
12
 79
3
170
0
171
3
172
0
173
0
174
1
175
0
176
0
177
0
178
0
179
2
271
2
272
2
273
2
274
3
275
0
276
0
277
2
278
46
279
0
280
0
281
0
282
0
283
0
284
8
285
0
286
0
288
1
289
0
290
0
340
4C
342
84
371
-2
372
-2
  0
DIMSTYLE
105
89
330
4
100
AcDbSymbolTableRecord
100
AcDbDimStyleTableRecord
  2
EZ_CURVED
 70
0
 40
1.0
 41
0.25
 42
0.125
 43
3.75
 44
0.375
 45
0.0
 46
0.0
 47
0.0
 48
0.0
 49
2.5
140
0.25
141
2.5
142
0.0
143
0.03937007874
144
100.0
145
0.0
146
0.5
147
0.1
148
0.0
 69
0
 70
0
 71
0
 72
0
 73
0
 74
0
 75
0
 76
0
 77
1
 78
12
 79
2
 90
2
170
0
171
3
172
1
173
0
174
0
175
0
176
0
177
0
178
0
179
2
271
2
272
2
273
2
274
3
275
0
276
0
277
2
278
46
279
2
280
0
281
0
282
0
283
0
284
8
285
0
286
0
288
1
289
3
290
0
340
4C
371
-2
372
-2
  0
ENDTAB
  0
TABLE
  2
BLOCK_RECORD
  5
9
330
0
100
AcDbSymbolTable
 70
9
  0
BLOCK_RECORD
  5
17
330
9
100
AcDbSymbolTableRecord
100
AcDbBlockTableRecord
  2
*Model_Space
340
1A
 70
0
280
1
281
0
  0
BLOCK_RECORD
  5
1B
330
9
100
AcDbSymbolTableRecord
100
AcDbBlockTableRecord
  2
*Paper_Space
340
1E
 70
0
280
1
281
0
  0
BLOCK_RECORD
  5
74
330
9
100
AcDbSymbolTableRecord
100
AcDbBlockTableRecord
  2
_ARCHTICK
340
0
 70
0
280
1
281
0
  0
BLOCK_RECORD
  5
78
330
9
100
AcDbSymbolTableRecord
100
AcDbBlockTableRecord
  2
_CLOSEDFILLED
340
0
 70
0
280
1
281
0
  0
BLOCK_RECORD
  5
84
330
9
100
AcDbSymbolTableRecord
100
AcDbBlockTableRecord
  2
_CLOSEDBLANK
340
0
 70
0
280
1
281
0
  0
BLOCK_RECORD
  5
524
330
9
100
AcDbSymbolTableRecord
100
AcDbBlockTableRecord
  2
СНЕЖНОЯГОДНИК_ДОРЕНБОЗА
340
0
 70
0
280
1
281
0
  0
BLOCK_RECORD
  5
528
330
9
100
AcDbSymbolTableRecord
100
AcDbBlockTableRecord
  2
СПИРЕЯ_GREFSHEIM
340
0
 70
0
280
1
281
0
  0
BLOCK_RECORD
  5
52C
330
9
100
AcDbSymbolTableRecord
100
AcDbBlockTableRecord
  2
КИЗИЛЬНИК_БЛЕСТЯЩИЙ
340
0
 70
0
280
1
281
0
  0
BLOCK_RECORD
  5
530
330
9
100
AcDbSymbolTableRecord
100
AcDbBlockTableRecord
  2
ЛИПА_МЕЛКОЛИСТНАЯ
340
0
 70
0
280
1
281
0
  0
ENDTAB
  0
ENDSEC
  0
SECTION
  2
BLOCKS
  0
BLOCK
  5
18
330
17
100
AcDbEntity
  8
0
100
AcDbBlockBegin
  2
*Model_Space
 70
0
 10
0.0
 20
0.0
 30
0.0
  3
*Model_Space
  1

  0
ENDBLK
  5
19
330
17
100
AcDbEntity
  8
0
100
AcDbBlockEnd
  0
BLOCK
  5
1C
330
1B
100
AcDbEntity
  8
0
100
AcDbBlockBegin
  2
*Paper_Space
 70
0
 10
0.0
 20
0.0
 30
0.0
  3
*Paper_Space
  1

  0
ENDBLK
  5
1D
330
1B
100
AcDbEntity
  8
0
100
AcDbBlockEnd
  0
BLOCK
  5
75
330
74
100
AcDbEntity
  8
0
100
AcDbBlockBegin
  2
_ARCHTICK
 70
0
 10
0.0
 20
0.0
 30
0.0
  3
_ARCHTICK
  1

  0
LWPOLYLINE
  5
77
330
74
100
AcDbEntity
  8
0
  6
BYBLOCK
 62
0
100
AcDbPolyline
 90
2
 70
0
 43
0.15
 10
-0.5
 20
-0.5
 10
0.5
 20
0.5
  0
ENDBLK
  5
76
330
74
100
AcDbEntity
  8
0
100
AcDbBlockEnd
  0
BLOCK
  5
79
330
78
100
AcDbEntity
  8
0
100
AcDbBlockBegin
  2
_CLOSEDFILLED
 70
0
 10
0.0
 20
0.0
 30
0.0
  3
_CLOSEDFILLED
  1

  0
SOLID
  5
7B
330
78
100
AcDbEntity
  8
0
  6
BYBLOCK
 62
0
100
AcDbTrace
 10
-1.0
 20
0.16439898372402537
 30
0.0
 11
0.0
 21
0.0
 31
0.0
 12
-1.0
 22
-0.16439898372402537
 32
0.0
 13
-1.0
 23
-0.16439898372402537
 33
0.0
  0
ENDBLK
  5
7A
330
78
100
AcDbEntity
  8
0
100
AcDbBlockEnd
  0
BLOCK
  5
85
330
84
100
AcDbEntity
  8
0
100
AcDbBlockBegin
  2
_CLOSEDBLANK
 70
0
 10
0.0
 20
0.0
 30
0.0
  3
_CLOSEDBLANK
  1

  0
LWPOLYLINE
  5
87
330
84
100
AcDbEntity
  8
0
  6
BYBLOCK
 62
0
100
AcDbPolyline
 90
3
 70
1
 10
-1.0
 20
0.16439898372402537
 10
0.0
 20
0.0
 10
-1.0
 20
-0.16439898372402537
  0
ENDBLK
  5
86
330
84
100
AcDbEntity
  8
0
100
AcDbBlockEnd
  0
BLOCK
  5
525
330
524
100
AcDbEntity
  8
0
100
AcDbBlockBegin
  2
СНЕЖНОЯГОДНИК_ДОРЕНБОЗА
 70
0
 10
0.0
 20
0.0
 30
0.0
  3
СНЕЖНОЯГОДНИК_ДОРЕНБОЗА
  1

  0
CIRCLE
  5
527
330
524
100
AcDbEntity
  8
0
100
AcDbCircle
 10
0.0
 20
0.0
 30
0.0
 40
0.2
  0
ENDBLK
  5
526
330
524
100
AcDbEntity
  8
0
100
AcDbBlockEnd
  0
BLOCK
  5
529
330
528
100
AcDbEntity
  8
0
100
AcDbBlockBegin
  2
СПИРЕЯ_GREFSHEIM
 70
0
 10
0.0
 20
0.0
 30
0.0
  3
СПИРЕЯ_GREFSHEIM
  1

  0
CIRCLE
  5
52B
330
528
100
AcDbEntity
  8
0
100
AcDbCircle
 10
0.0
 20
0.0
 30
0.0
 40
0.2
  0
ENDBLK
  5
52A
330
528
100
AcDbEntity
  8
0
100
AcDbBlockEnd
  0
BLOCK
  5
52D
330
52C
100
AcDbEntity
  8
0
100
AcDbBlockBegin
  2
КИЗИЛЬНИК_БЛЕСТЯЩИЙ
 70
0
 10
0.0
 20
0.0
 30
0.0
  3
КИЗИЛЬНИК_БЛЕСТЯЩИЙ
  1

  0
CIRCLE
  5
52F
330
52C
100
AcDbEntity
  8
0
100
AcDbCircle
 10
0.0
 20
0.0
 30
0.0
 40
0.2
  0
ENDBLK
  5
52E
330
52C
100
AcDbEntity
  8
0
100
AcDbBlockEnd
  0
BLOCK
  5
531
330
530
100
AcDbEntity
  8
0
100
AcDbBlockBegin
  2
ЛИПА_МЕЛКОЛИСТНАЯ
 70
0
 10
0.0
 20
0.0
 30
0.0
  3
ЛИПА_МЕЛКОЛИСТНАЯ
  1

  0
CIRCLE
  5
533
330
530
100
AcDbEntity
  8
0
100
AcDbCircle
 10
0.0
 20
0.0
 30
0.0
 40
0.2
  0
ENDBLK
  5
532
330
530
100
AcDbEntity
  8
0
100
AcDbBlockEnd
  0
ENDSEC
  0
SECTION
  2
ENTITIES
  0
LWPOLYLINE
  5
9B
330
17
100
AcDbEntity
  8
BUILDING
  6
Continuous
 62
251
370
9
100
AcDbPolyline
 90
204
 70
129
 10
703.0113936637243
 20
14782.97297624155
 10
703.0458401654175
 20
14783.35723267238
 10
703.2889574319828
 20
14786.0692460419
 10
703.3246871593763
 20
14786.46781706793
 10
703.6220723899048
 20
14786.43241187781
 10
703.7499689321573
 20
14787.64320166631
 10
703.8716801355022
 20
14788.79543516343
 10
704.2904945219276
 20
14792.7603284402
 10
703.8918650166331
 20
14792.79477999207
 10
703.9265543216105
 20
14793.19331866814
 10
704.1460609149449
 20
14795.71502749718
 10
704.1807324747459
 20
14796.11352201911
 10
703.6599605395678
 20
14796.1588324839
 10
703.8569992675558
 20
14798.34925470748
 10
703.9656711935788
 20
14799.55732847072
 10
704.0246822717978
 20
14800.2133370159
 10
704.1982715842158
 20
14802.14307840205
 10
704.252027375103
 20
14802.74066548662
 10
704.3283458357498
 20
14803.58907550279
 10
704.3552237311936
 20
14803.88786904508
 10
704.8532521439253
 20
14803.84306903287
 10
704.8622138126774
 20
14803.9426933195
 10
705.0964563737907
 20
14806.54669841609
 10
705.1322968230231
 20
14806.94512625508
 10
705.5544907681509
 20
14806.9071478927
 10
705.6797333903015
 20
14808.29943308817
 10
705.7872449415571
 20
14809.49460725731
 10
706.1309374675742
 20
14813.31533558153
 10
705.7087434919279
 20
14813.35331394391
 10
705.7447408368175
 20
14813.75348567156
 10
705.9717648548844
 20
14816.27724469741
 10
705.4737364421527
 20
14816.32204470962
 10
705.50904852443
 20
14816.71459855953
 10
705.6987172154912
 20
14818.82308966338
 10
705.8082012085337
 20
14820.04019083224
 10
705.8671774346141
 20
14820.69581215858
 10
706.0426386303293
 20
14822.64636219367
 10
706.0963943906979
 20
14823.24394927824
 10
706.1656916714988
 20
14824.0143066805
 10
706.2005218359935
 20
14824.40150328074
 10
706.6985502487258
 20
14824.35670326853
 10
706.935149815363
 20
14826.9869111301
 10
706.970986999115
 20
14827.38530252999
 10
707.3932020020143
 20
14827.34755748161
 10
707.4766680196539
 20
14828.27542469558
 10
707.5841795709097
 20
14829.47059886472
 10
707.8145513779107
 20
14832.03157432783
 10
707.9220629291666
 20
14833.22674849696
 10
707.9708280281993
 20
14833.76885552538
 10
707.9871102023377
 20
14833.94985979797
 10
707.5649162266915
 20
14833.98783812983
 10
707.5844709006012
 20
14834.20522165594
 10
707.8285949583423
 20
14836.91907687614
 10
707.3305665150915
 20
14836.96387688833
 10
707.3482796716208
 20
14837.16078868984
 10
707.3841168553728
 20
14837.55918008973
 10
707.5967162999359
 20
14839.92258528397
 10
707.6662851039155
 20
14840.69596139409
 10
707.7293216345714
 20
14841.39671971801
 10
707.8945244911039
 20
14843.2332313303
 10
707.9482802819913
 20
14843.83081841487
 10
707.965310892056
 20
14844.02014267403
 10
708.0290615558336
 20
14844.72883986938
 10
708.058771874142
 20
14845.05912073124
 10
708.5568003173925
 20
14845.01432071902
 10
708.5629271828363
 20
14845.08243119602
 10
708.792980895413
 20
14847.63987044893
 10
708.828845271157
 20
14848.03856413466
 10
709.2510392468032
 20
14848.00058580279
 10
709.3294822840053
 20
14848.87261394086
 10
709.4369938352611
 20
14850.06778811
 10
709.817133457442
 20
14854.29368828395
 10
709.3949394817957
 20
14854.3316666158
 10
709.4307766655477
 20
14854.73005801569
 10
709.6551539658805
 20
14857.22439387189
 10
709.6607643971068
 20
14857.28676348155
 10
709.162735953856
 20
14857.33156349376
 10
709.1929627063814
 20
14857.66758528398
 10
709.4214031800286
 20
14860.20709073153
 10
709.4971704458756
 20
14861.0493731193
 10
709.5571183812984
 20
14861.71579647206
 10
709.7283128452407
 20
14863.61891457869
 10
709.78206860561
 20
14864.21650166326
 10
709.7884612262337
 20
14864.28756678976
 10
709.8641906796475
 20
14865.12942875454
 10
709.8910685750914
 20
14865.42822229682
 10
710.3890970183417
 20
14865.38342228462
 10
710.3980542619098
 20
14865.48299743645
 10
710.6270304574724
 20
14868.02845793024
 10
710.6628709372236
 20
14868.42688604389
 10
711.0850648823512
 20
14868.38890771203
 10
711.2193547166356
 20
14869.88176802881
 10
711.3256606646931
 20
14871.06353975037
 10
711.6477529831843
 20
14874.644145085
 10
711.225559007538
 20
14874.68212341685
 10
711.2614012573625
 20
14875.08057100131
 10
711.4867155369732
 20
14877.58532334361
 10
711.5000669270913
 20
14877.73374675741
 10
711.0020384838405
 20
14877.77854676962
 10
711.0245242774743
 20
14878.0285147557
 10
711.2573261818293
 20
14880.61650471511
 10
711.3322913907284
 20
14881.44987087619
 10
711.3959308450575
 20
14882.1573320719
 10
711.5710889919736
 20
14884.10451332133
 10
711.6248447828608
 20
14884.7021004059
 10
711.6331801202429
 20
14884.79476186407
 10
711.707347605823
 20
14885.61926004822
 10
711.7281378826258
 20
14885.85037937559
 10
712.2261663258766
 20
14885.80557936338
 10
712.2412132328258
 20
14885.9728514359
 10
712.4576671956542
 20
14888.37910626545
 10
712.4935099948118
 20
14888.77756001465
 10
712.521829096347
 20
14888.77501257363
 10
712.9157039399396
 20
14888.73958165227
 10
713.0282453077792
 20
14889.99067079684
 10
713.1393419904174
 20
14891.22569988098
 10
713.4902033448287
 20
14895.12612170782
 10
713.753067506943
 20
14898.04830509354
 10
712.8328451185645
 20
14898.13108343761
 10
712.8613732108524
 20
14898.4483243202
 10
712.947088412122
 20
14899.40109231849
 10
713.0008441724907
 20
14899.99867940306
 10
713.1697267372662
 20
14901.87609720145
 10
713.228824243904
 20
14902.53438880581
 10
713.2738735923338
 20
14903.03545045321
 10
713.5312450331126
 20
14905.89749690237
 10
713.5627799920652
 20
14906.24817499314
 10
714.4832500991852
 20
14906.1655295877
 10
714.7233445234535
 20
14908.83458836635
 10
714.7591817072054
 20
14909.23297976623
 10
715.297710013123
 20
14915.21964000366
 10
715.5965035554063
 20
14915.19276210822
 10
715.696101398234
 20
14915.18380281252
 10
720.5280004882961
 20
14914.7491507004
 10
721.9402153536143
 20
14914.6221153395
 10
722.0730585345011
 20
14914.61016547136
 10
722.3386067384869
 20
14914.58627814571
 10
722.250059724723
 20
14913.60192715232
 10
726.670590807825
 20
14913.20427954955
 10
727.4839653920103
 20
14913.13111267434
 10
728.6511486251411
 20
14913.02611902219
 10
728.6153114491697
 20
14912.62772765399
 10
728.5265814996797
 20
14911.64134284494
 10
728.107014557329
 20
14906.97714093448
 10
728.0777537223672
 20
14906.65185686469
 10
727.7312049623097
 20
14902.79937653737
 10
727.6629899899289
 20
14902.0410511185
 10
727.6271528061769
 20
14901.64265971862
 10
727.4244536271249
 20
14899.38931284524
 10
727.3886164433729
 20
14898.99092144536
 10
726.931692342906
 20
14893.91143122654
 10
726.9164315317239
 20
14893.74178127384
 10
726.671872768334
 20
14891.02309366131
 10
726.3923875240333
 20
14887.91613870663
 10
725.8713300881985
 20
14882.12369685966
 10
725.8444521927549
 20
14881.82490331736
 10
725.619698568682
 20
14879.32638343455
 10
725.5928206732384
 20
14879.02758989227
 10
725.0591885433516
 20
14873.09535889767
 10
724.5354055909909
 20
14867.27261851864
 10
724.521630763786
 20
14867.11948782801
 10
724.0365822321238
 20
14861.72734638509
 10
724.0097043366802
 20
14861.4285528428
 10
723.7807299417096
 20
14858.88311188086
 10
723.753852046266
 20
14858.58431836909
 10
723.2573474532304
 20
14853.06482348094
 10
722.7183639637442
 20
14847.07310299999
 10
721.4208792077395
 20
14832.64934803309
 10
720.8833214445918
 20
14826.67347696195
 10
720.8771261940367
 20
14826.60460618916
 10
720.7430458693198
 20
14825.11407492294
 10
720.7072086855678
 20
14824.71568352306
 10
720.0456417126987
 20
14817.36123868526
 10
719.5606714072085
 20
14811.96996682638
 10
719.0361843928342
 20
14806.13939979247
 10
719.023486671361
 20
14805.99406231538
 10
717.7644539628285
 20
14791.58323767816
 10
717.228734822251
 20
14785.60720178448
 10
717.2257325052644
 20
14785.57371044039
 10
716.0092936185796
 20
14772.0041332133
 10
715.9884337816818
 20
14771.77143828412
 10
715.5239764702299
 20
14766.59034018983
 10
715.4527146118965
 20
14765.79540239306
 10
715.417
 20
14765.397
 10
715.2823924680318
 20
14765.40906683554
 10
708.9378368785669
 20
14765.97782183295
 10
708.8560599993896
 20
14765.1028300119
 10
708.4577955987769
 20
14765.14005187651
 10
702.1636215255328
 20
14765.72830655048
 10
701.7653400067142
 20
14765.76553001496
 10
702.0981647389141
 20
14769.72228766747
 10
702.2000743430891
 20
14770.93383126316
 10
702.3251699880977
 20
14772.42101998963
 10
702.0675384704966
 20
14772.44411525569
 10
702.1046644485692
 20
14772.85826168927
 10
702.331705029468
 20
14775.39093696783
 10
702.3662220995072
 20
14775.77598060026
 10
701.8370014859888
 20
14775.82342235346
 10
702.0640381812822
 20
14778.35605428745
 10
702.1564172102751
 20
14779.38655765413
 10
702.4277119074006
 20
14782.41289492782
 10
702.4479903418907
 20
14782.63910422273
 10
702.4821730502059
 20
14783.02041799475
 10
703.0113936637243
 20
14782.97297624155
  0
LWPOLYLINE
  5
9C
330
17
100
AcDbEntity
  8
BUILDING
  6
Continuous
 62
251
370
9
100
AcDbPolyline
 90
10
 70
129
 10
687.5556100021662
 20
14832.7016299937
 10
687.0872899868773
 20
14823.6059099704
 10
682.3582896511734
 20
14823.86404123051
 10
681.2605699942015
 20
14823.92395999024
 10
681.6828722881856
 20
14832.12592294518
 10
681.7288900112918
 20
14833.01968001343
 10
685.6566300241096
 20
14832.80528534807
 10
685.9561842629433
 20
14832.78893425372
 10
686.6783200525322
 20
14832.74951664951
 10
687.5556100021662
 20
14832.7016299937
  0
LWPOLYLINE
  5
9D
330
17
100
AcDbEntity
  8
BUILDING
  6
Continuous
 62
251
370
9
100
AcDbPolyline
 90
45
 70
129
 10
689.119999523129
 20
14937.095182585
 10
689.3656473586234
 20
14937.10338886685
 10
689.4666732078005
 20
14934.07926770837
 10
689.6283314004944
 20
14929.24016989655
 10
690.474895352031
 20
14929.26845078891
 10
695.0723306680502
 20
14929.42203585925
 10
702.5004487746819
 20
14929.67018463699
 10
707.097884090701
 20
14929.82376967681
 10
707.913
 20
14929.851
 10
707.6497740409558
 20
14937.73044035157
 10
707.9367835932493
 20
14937.74002838221
 10
707.9185736259042
 20
14938.28512833033
 10
707.724922910245
 20
14944.08189461959
 10
707.7075099948119
 20
14944.60313504442
 10
707.5315039216284
 20
14949.87172411268
 10
707.519342875454
 20
14950.23575429548
 10
707.50264885403
 20
14950.73547553943
 10
707.4422131717887
 20
14952.54456517229
 10
707.3089981078524
 20
14956.53224182867
 10
707.291
 20
14957.071
 10
707.0039904477065
 20
14957.06141196936
 10
706.8781636707663
 20
14960.82792739647
 10
706.8421661484975
 20
14961.90548191954
 10
706.7666967083485
 20
14964.16459397673
 10
706.7435085909605
 20
14964.85871010468
 10
706.244
 20
14964.842
 10
705.0868247932372
 20
14964.80335239723
 10
703.4988413037507
 20
14964.75031653798
 10
701.3191168553728
 20
14964.67749919126
 10
695.5304421521654
 20
14964.48411877804
 10
693.8699450361645
 20
14964.42864708397
 10
692.6706140629292
 20
14964.38858140813
 10
691.0715061189611
 20
14964.33516049684
 10
689.1725654469436
 20
14964.27172319712
 10
688.4588399914549
 20
14964.24788000122
 10
688.5663486692058
 20
14961.02970086745
 10
688.5819383831295
 20
14960.56303628651
 10
688.643496245014
 20
14958.72035505965
 10
688.6714752037111
 20
14957.8828291879
 10
688.7210243232524
 20
14956.39961973937
 10
688.463
 20
14956.391
 10
688.6755671254616
 20
14950.02798785363
 10
688.781098117008
 20
14946.86900903348
 10
688.8972020630513
 20
14943.39353859066
 10
689.0935607369148
 20
14937.51571181727
  0
LWPOLYLINE
  5
9E
330
17
100
AcDbEntity
  8
BUILDING
100
AcDbPolyline
 90
4
 70
1
 10
709.4999908202892
 20
14605.58619263994
 10
706.6286800134282
 20
14593.23095999023
 10
695.0987855160545
 20
14595.910465231163
 10
697.9700963183313
 20
14608.26569788282
  0
LWPOLYLINE
  5
9F
330
17
100
AcDbEntity
  8
BUILDING
  6
Continuous
 62
251
370
9
100
AcDbPolyline
 90
9
 70
129
 10
663.801132084109
 20
14554.88967839595
 10
662.475
 20
14549.279
 10
663.4147832895885
 20
14549.05687413351
 10
664.8763523056734
 20
14548.71141972106
 10
670.8837544175542
 20
14547.29151857051
 10
673.2475272072512
 20
14546.73282055117
 10
674.5736592913602
 20
14552.34349894711
 10
672.235602191229
 20
14552.89611883908
 10
663.801132084109
 20
14554.88967839595
  0
LWPOLYLINE
  5
A0
330
17
100
AcDbEntity
  8
BUILDING
  6
Continuous
 62
251
370
9
100
AcDbPolyline
 90
35
 70
129
 10
723.7387900631733
 20
14627.87357234413
 10
723.4812476271859
 20
14626.80414636678
 10
723.3641828669088
 20
14626.31804364147
 10
717.663109256264
 20
14627.69130005799
 10
717.7956320993683
 20
14628.24159144871
 10
716.2448359019746
 20
14628.61505887021
 10
712.7448963591418
 20
14629.45792492447
 10
712.4159200109866
 20
14629.53714999848
 10
715.5379375896482
 20
14643.09798416089
 10
716.3083342692344
 20
14646.44428876614
 10
719.437
 20
14660.034
 10
724.8536478164007
 20
14658.77914465774
 10
724.9577645496994
 20
14659.24704693747
 10
725.1559641149225
 20
14659.20294394896
 10
725.4488018738365
 20
14659.13778225044
 10
730.8433400067141
 20
14657.93740000611
 10
730.7398297677541
 20
14657.47222315134
 10
735.3391318704795
 20
14656.39758787805
 10
735.8351600085451
 20
14656.28168999299
 10
733.9270006103702
 20
14648.04870802942
 10
733.8405874813075
 20
14647.67586831263
 10
732.6843131809443
 20
14642.38215222633
 10
732.6443382671592
 20
14642.21615921507
 10
731.9350988799707
 20
14639.27109485153
 10
731.8746497695854
 20
14639.02008426161
 10
730.744243263039
 20
14634.32615433211
 10
730.5693522141179
 20
14633.6040332957
 10
730.2028644062624
 20
14632.09081356243
 10
730.1285491500595
 20
14631.81371611683
 10
729.8988474684896
 20
14630.84049577319
 10
729.8320476699117
 20
14630.54646617023
 10
728.6338733481857
 20
14625.56299832149
 10
727.9533378704184
 20
14625.72692352062
 10
728.2108802758873
 20
14626.79634949797
 10
723.7387900631733
 20
14627.87357234413
  0
LWPOLYLINE
  5
A1
330
17
100
AcDbEntity
  8
BUILDING
  6
Continuous
 62
251
370
9
100
AcDbPolyline
 90
37
 70
129
 10
715.2610628070926
 20
14545.46152555925
 10
714.7210499893188
 20
14543.14880999176
 10
715.4038427076022
 20
14542.98937354656
 10
719.8949320657979
 20
14541.94067561876
 10
719.7805548570208
 20
14541.45393353069
 10
724.8111762192781
 20
14540.27181181682
 10
725.8161567125461
 20
14540.03565623951
 10
725.9305339213232
 20
14540.52239832759
 10
726.1821637623218
 20
14541.59323090304
 10
730.757539353618
 20
14540.51808520768
 10
730.5059095126194
 20
14539.44725263222
 10
731.09
 20
14539.31
 10
732.2729078646202
 20
14544.34396710105
 10
732.3513289590137
 20
14544.67769487594
 10
732.622526657918
 20
14545.83180019532
 10
732.7009858088932
 20
14546.16568993195
 10
732.9657860042115
 20
14547.29257017731
 10
734.3039144871365
 20
14552.9870913419
 10
734.3154369335001
 20
14553.03612677389
 10
734.3954162419507
 20
14553.37648500015
 10
734.952605609302
 20
14555.74765236366
 10
735.0441073641164
 20
14556.13704602192
 10
735.0474510025331
 20
14556.15127613147
 10
735.9410040894803
 20
14559.95386889249
 10
736.3742264778589
 20
14561.79748429823
 10
738.2602976165047
 20
14569.82382241279
 10
737.6762070986053
 20
14569.96107504502
 10
733.1008315683463
 20
14571.03622074038
 10
733.2152087466048
 20
14571.52296282846
 10
727.5690005493332
 20
14572.84973836482
 10
727.1796068910796
 20
14572.94124011963
 10
727.0652296823026
 20
14572.45449803156
 10
723.2086086306348
 20
14573.37236375012
 10
721.85
 20
14573.68
 10
718.5486646320993
 20
14559.54135447249
 10
718.0320080874053
 20
14557.32866689047
 10
715.2610628070926
 20
14545.46152555925
  0
LWPOLYLINE
  5
A2
330
17
100
AcDbEntity
  8
BUILDING
  6
Continuous
 62
251
370
9
100
AcDbPolyline
 90
36
 70
129
 10
711.3219067774097
 20
14721.945
 10
711.9629232154301
 20
14724.66982869961
 10
712.7364870448928
 20
14727.95808902249
 10
715.8722641376995
 20
14741.28763078708
 10
716.4563201595619
 20
14741.15023150278
 10
716.607750572222
 20
14741.11460747093
 10
720.6742524544281
 20
14740.15796215899
 10
721.0565556199834
 20
14740.06802526933
 10
721.165
 20
14740.529
 10
727.157458967864
 20
14739.12170012513
 10
727.0484735865156
 20
14738.65842572619
 10
731.6748090679691
 20
14737.57007928903
 10
732.232
 20
14737.439
 10
730.3627526169622
 20
14729.49321488083
 10
729.0345550096133
 20
14723.84732071902
 10
728.9914375133519
 20
14723.66403711051
 10
728.5870337160792
 20
14721.945
 10
728.1212264473406
 20
14719.96494940031
 10
728.072756736961
 20
14719.75891457869
 10
726.950658742027
 20
14714.98910748619
 10
726.5610009155553
 20
14713.33275240333
 10
726.1690809961242
 20
14711.66678160955
 10
725.0534958342234
 20
14706.9246591998
 10
724.4117295754876
 20
14707.07563481552
 10
724.6861367229225
 20
14708.24208294931
 10
720.131239906003
 20
14709.31362331004
 10
719.8568327280497
 20
14708.14717511521
 10
719.7484399853512
 20
14707.68641999573
 10
714.2973067415387
 20
14708.91804388562
 10
714.0046827906125
 20
14708.98415906247
 10
713.8004199957273
 20
14709.03031000702
 10
713.9211582995086
 20
14709.54354359569
 10
711.7200181279946
 20
14710.06136222419
 10
709.383794061098
 20
14710.61095934935
 10
708.6937600024418
 20
14710.77328998688
 10
711.3219067774097
 20
14721.945
  0
LWPOLYLINE
  5
A3
330
17
100
AcDbEntity
  8
BUILDING
100
AcDbPolyline
 90
4
 70
1
 10
690.4461180621508
 20
14707.52870956522
 10
704.8380000078113
 20
14704.112999998486
 10
701.9176711664012
 20
14691.808374238375
 10
687.5257892204202
 20
14695.224083805519
  0
LWPOLYLINE
  5
A4
330
17
100
AcDbEntity
  8
BUILDING
100
AcDbPolyline
 90
4
 70
1
 10
775.6108190369018
 20
14514.84357160721
 10
781.0513166574804
 20
14526.184004534507
 10
811.9919658345065
 20
14511.340432926088
 10
806.5514682117337
 20
14500.0
  0
LWPOLYLINE
  5
A5
330
17
100
AcDbEntity
  8
BUILDING
100
AcDbPolyline
 90
4
 70
1
 10
861.367733326923
 20
14363.96560960576
 10
853.1129975851265
 20
14383.83224465849
 10
862.9950548964728
 20
14387.93831352645
 10
871.2497906382636
 20
14368.071678473721
  0
LWPOLYLINE
  5
A6
330
17
100
AcDbEntity
  8
BUILDING
100
AcDbPolyline
 90
4
 70
1
 10
847.0462414545119
 20
14370.8034134795
 10
834.5878232768015
 20
14392.42295776636
 10
844.7784963514316
 20
14398.295406555506
 10
857.2369145291372
 20
14376.675862268641
  0
LINE
  5
A7
330
17
100
AcDbEntity
  8
OVERHEAD_POWER_LINE
  6
Continuous
 62
251
370
9
100
AcDbLine
 10
867.7850446421346
 20
14377.01185003106
 30
0.0
 11
867.4376500137333
 21
14377.24634000672
 31
0.0
  0
LWPOLYLINE
  5
A8
330
17
100
AcDbEntity
  8
BUILDING
100
AcDbPolyline
 90
4
 70
1
 10
874.3504399853512
 20
14408.99182000183
 10
839.5488576728403
 20
14425.229653581118
 10
844.4129180824942
 20
14435.65450476374
 10
879.2145003890599
 20
14419.416671187668
  0
LWPOLYLINE
  5
A9
330
17
100
AcDbEntity
  8
BUILDING
100
AcDbPolyline
 90
4
 70
1
 10
742.2350685266658
 20
14485.924208673156
 10
734.8301611815434
 20
14454.645996658512
 10
718.348376396752
 20
14458.547948891468
 10
725.7532837418745
 20
14489.82616090611
  0
LWPOLYLINE
  5
AA
330
17
100
AcDbEntity
  8
BUILDING
100
AcDbPolyline
 90
4
 70
1
 10
673.5977425657417
 20
14497.68551037771
 10
712.5601529587694
 20
14500.0
 10
713.1932881415959
 20
14489.341722448878
 10
674.2308777485671
 20
14487.027232826602
  0
LWPOLYLINE
  5
AB
330
17
100
AcDbEntity
  8
WATER_PIPELINE
  6
Continuous
 62
252
370
9
100
AcDbPolyline
 90
5
 70
128
 10
777.8086512039552
 20
14984.35438456374
 10
778.7276677144688
 20
14984.42667757195
 10
779.2766711020233
 20
14977.99790176092
 10
778.3576545915097
 20
14977.92560875271
 10
777.8086512039552
 20
14984.35438456374
  0
LWPOLYLINE
  5
AC
330
17
100
AcDbEntity
  8
SEWER
  6
Continuous
 62
252
370
9
100
AcDbPolyline
 90
2
 70
128
 10
782.4815464408014
 20
14990.51616996442
 10
782.5209618114454
 20
14990.26685145788
  0
LWPOLYLINE
  5
AD
330
17
100
AcDbEntity
  8
SEWER
  6
Continuous
 62
252
370
9
100
AcDbPolyline
 90
2
 70
128
 10
782.064882023786
 20
14990.43333339334
 10
782.4815464408014
 20
14990.51616996442
  0
LWPOLYLINE
  5
AE
330
17
100
AcDbEntity
  8
WATER_PIPELINE
  6
Continuous
 62
252
370
9
100
AcDbPolyline
 90
4
 70
128
 10
698.7298976203493
 20
14993.70483756636
 10
700.6156498306223
 20
14983.80794586017
 10
699.8559091158787
 20
14983.66318497269
 10
697.9674164308273
 20
14993.57445936499
  0
LWPOLYLINE
  5
AF
330
17
100
AcDbEntity
  8
SEWER
  6
Continuous
 62
252
370
9
100
AcDbPolyline
 90
2
 70
128
 10
707.3066530045472
 20
14986.09943757439
 10
716.4360407770866
 20
14987.74748268097
  0
LWPOLYLINE
  5
B0
330
17
100
AcDbEntity
  8
SEWER
  6
Continuous
 62
252
370
9
100
AcDbPolyline
 90
4
 70
128
 10
717.2498073622553
 20
14987.19336550171
 10
717.2637918027283
 20
14987.11589834285
 10
707.4431922360912
 20
14985.34307507554
 10
707.3066530045472
 20
14986.09943757439
  0
LWPOLYLINE
  5
B1
330
17
100
AcDbEntity
  8
SEWER
  6
Continuous
 62
252
370
9
100
AcDbPolyline
 90
5
 70
128
 10
693.0011670295811
 20
14983.65332536575
 10
707.3044190468657
 20
14986.12692348167
 10
707.4401294262109
 20
14985.34493074507
 10
693.1368774089261
 20
14982.87133262916
 10
693.0011670295811
 20
14983.65332536575
  0
LWPOLYLINE
  5
B2
330
17
100
AcDbEntity
  8
WATER_PIPELINE
  6
Continuous
 62
252
370
9
100
AcDbPolyline
 90
5
 70
128
 10
748.0692348725444
 20
14751.13093977799
 10
748.0375896807354
 20
14751.76014452667
 10
772.3711774040955
 20
14752.96560237434
 10
772.4028225959045
 20
14752.33639762566
 10
748.0692348725444
 20
14751.13093977799
  0
LWPOLYLINE
  5
B3
330
17
100
AcDbEntity
  8
WATER_PIPELINE
  6
Continuous
 62
252
370
9
100
AcDbPolyline
 90
5
 70
128
 10
754.4211706289865
 20
14600.18102063051
 10
755.0955921811579
 20
14584.76840028077
 10
754.0641568346202
 20
14584.72326697592
 10
753.3897352824488
 20
14600.13588735618
 10
754.4211706289865
 20
14600.18102063051
  0
LWPOLYLINE
  5
B4
330
17
100
AcDbEntity
  8
SEWER
  6
Continuous
 62
252
370
9
100
AcDbPolyline
 90
5
 70
128
 10
784.6576286602887
 20
14989.48690803117
 10
784.4599127535404
 20
14990.78919686734
 10
785.4519083834346
 20
14990.93980349132
 10
785.7220916165655
 20
14989.16019650868
 10
785.6024294969687
 20
14989.14202918283
  0
LWPOLYLINE
  5
B5
330
17
100
AcDbEntity
  8
SEWER
  6
Continuous
 62
252
370
9
100
AcDbPolyline
 90
3
 70
128
 10
691.5301037489489
 20
14983.39892577661
 10
691.6501049696893
 20
14982.67885656063
 10
686.3096726586314
 20
14981.79559315473
  0
LWPOLYLINE
  5
B6
330
17
100
AcDbEntity
  8
SEWER
  6
Continuous
 62
252
370
9
100
AcDbPolyline
 90
2
 70
128
 10
686.2636326476941
 20
14982.52789494408
 10
691.5301037489489
 20
14983.39892577661
  0
LWPOLYLINE
  5
B7
330
17
100
AcDbEntity
  8
WATER_PIPELINE
  6
Continuous
 62
252
370
9
100
AcDbPolyline
 90
6
 70
128
 10
731.5184449293497
 20
14750.76317322306
 10
731.508
 20
14751.078
 10
731.4975550706503
 20
14751.39282677694
 10
741.5045550706503
 20
14751.72482677694
 10
741.5254449293498
 20
14751.09517322306
 10
731.5184449293497
 20
14750.76317322306
  0
LWPOLYLINE
  5
B8
330
17
100
AcDbEntity
  8
WATER_PIPELINE
  6
Continuous
 62
252
370
9
100
AcDbPolyline
 90
5
 70
128
 10
708.4192375560777
 20
14750.4832403943
 10
708.4357817011017
 20
14749.85345768609
 10
700.447268715476
 20
14749.64360292368
 10
700.4307245704521
 20
14750.27338563189
 10
708.4192375560777
 20
14750.4832403943
  0
LWPOLYLINE
  5
B9
330
17
100
AcDbEntity
  8
SEWER
  6
Continuous
 62
252
370
9
100
AcDbPolyline
 90
5
 70
128
 10
720.3814517727234
 20
14683.1488115251
 10
721.7804071019916
 20
14686.97878760009
 10
722.343987825437
 20
14686.77293141689
 10
720.9450324961688
 20
14682.9429553419
 10
720.3814517727234
 20
14683.1488115251
  0
LWPOLYLINE
  5
BA
330
17
100
AcDbEntity
  8
GAS
  6
Continuous
 62
252
370
9
100
AcDbPolyline
 90
5
 70
128
 10
710.4197794286372
 20
14550.07691270163
 10
712.0177157163988
 20
14543.31285204914
 10
711.4337886871309
 20
14543.17490559399
 10
709.8358523993693
 20
14549.93896624647
 10
710.4197794286372
 20
14550.07691270163
  0
LWPOLYLINE
  5
BB
330
17
100
AcDbEntity
  8
GAS
  6
Continuous
 62
252
370
9
100
AcDbPolyline
 90
5
 70
128
 10
718.603995073135
 20
14515.66364099515
 10
720.1238603917784
 20
14509.29283366971
 10
719.5402387782806
 20
14509.15360072728
 10
718.0203734596372
 20
14515.52440805273
 10
718.603995073135
 20
14515.66364099515
  0
LWPOLYLINE
  5
BC
330
17
100
AcDbEntity
  8
WATER_PIPELINE
  6
Continuous
 62
252
370
9
100
AcDbPolyline
 90
5
 70
128
 10
775.0631551517638
 20
14755.18566220035
 10
801.9981286015635
 20
14752.21776714584
 10
801.9618182980369
 20
14751.90444274513
 10
775.0268448482371
 20
14754.87233779965
 10
775.0631551517638
 20
14755.18566220035
  0
LWPOLYLINE
  5
BD
330
17
100
AcDbEntity
  8
SEWER
  6
Continuous
 62
252
370
9
100
AcDbPolyline
 90
3
 70
128
 10
789.5459895623877
 20
15000.0
 10
789.5715670902813
 20
14999.85661945115
 10
766.8167927487232
 20
14995.99931435399
  0
LWPOLYLINE
  5
BE
330
17
100
AcDbEntity
  8
SEWER
  6
Continuous
 62
252
370
9
100
AcDbPolyline
 90
2
 70
128
 10
765.4867506779992
 20
14996.4848170756
 10
786.5015952690711
 20
15000.0
  0
LWPOLYLINE
  5
BF
330
17
100
AcDbEntity
  8
WATER_PIPELINE
  6
Continuous
 62
252
370
9
100
AcDbPolyline
 90
5
 70
128
 10
793.7749014252144
 20
14431.17873247475
 10
794.1050985747856
 20
14431.71526752526
 10
799.8100985747857
 20
14428.20426752526
 10
799.4799014252144
 20
14427.66773247475
 10
793.7749014252144
 20
14431.17873247475
  0
LWPOLYLINE
  5
C0
330
17
100
AcDbEntity
  8
SEWER
  6
Continuous
 62
252
370
9
100
AcDbPolyline
 90
3
 70
128
 10
789.0071434219669
 20
14421.11166711627
 10
789.0773290355417
 20
14421.70754797201
 10
797.452174788541
 20
14420.76225281104
  0
LWPOLYLINE
  5
C1
330
17
100
AcDbEntity
  8
SEWER
  6
Continuous
 62
252
370
9
100
AcDbPolyline
 90
2
 70
128
 10
796.7574816679481
 20
14420.23686208035
 10
788.9660975835636
 20
14421.18617974016
  0
LWPOLYLINE
  5
C2
330
17
100
AcDbEntity
  8
GAS
  6
Continuous
 62
252
370
9
100
AcDbPolyline
 90
5
 70
128
 10
718.8977077252163
 20
14498.48800514878
 10
718.0872776876527
 20
14493.29298946778
 10
717.4944480114648
 20
14493.38547176355
 10
718.3048780490285
 20
14498.58048744455
 10
718.8977077252163
 20
14498.48800514878
  0
LWPOLYLINE
  5
C3
330
17
100
AcDbEntity
  8
WATER_PIPELINE
  6
Continuous
 62
252
370
9
100
AcDbPolyline
 90
4
 70
128
 10
686.4485063029045
 20
14979.58733724746
 10
698.919607
 20
14982.149555
 10
699.046393
 20
14981.532445
 10
686.4884262111528
 20
14978.95238039915
  0
LWPOLYLINE
  5
C4
330
17
100
AcDbEntity
  8
WATER_PIPELINE
  6
Continuous
 62
252
370
9
100
AcDbPolyline
 90
2
 70
128
 10
686.489205555178
 20
14978.93998433293
 10
720.2756829942435
 20
14985.13295936001
  0
LWPOLYLINE
  5
C5
330
17
100
AcDbEntity
  8
WATER_PIPELINE
  6
Continuous
 62
252
370
9
100
AcDbPolyline
 90
2
 70
128
 10
721.4755925016345
 20
14984.31590630854
 10
686.5536588525973
 20
14977.91480505801
  0
LWPOLYLINE
  5
C6
330
17
100
AcDbEntity
  8
WATER_PIPELINE
  6
Continuous
 62
252
370
9
100
AcDbPolyline
 90
2
 70
128
 10
771.3775117404365
 20
14994.33452379454
 10
799.9745033780084
 20
14999.52938528562
  0
LWPOLYLINE
  5
C7
330
17
100
AcDbEntity
  8
WATER_PIPELINE
  6
Continuous
 62
252
370
9
100
AcDbPolyline
 90
2
 70
128
 10
799.9987326739282
 20
14998.49709357973
 10
773.2738355564784
 20
14993.64231232693
  0
LWPOLYLINE
  5
C8
330
17
100
AcDbEntity
  8
WATER_PIPELINE
  6
Continuous
 62
252
370
9
100
AcDbPolyline
 90
4
 70
128
 10
737.2115061916572
 20
14978.861416173
 10
738.6053736624705
 20
14971.48011042541
 10
737.9863146793663
 20
14971.36320886239
 10
736.5929808330677
 20
14978.74168877052
  0
LWPOLYLINE
  5
C9
330
17
100
AcDbEntity
  8
SEWER
  6
Continuous
 62
252
370
9
100
AcDbPolyline
 90
4
 70
128
 10
692.3902969706684
 20
14992.62081642393
 10
695.7779479391339
 20
14971.72633209914
 10
695.057675103659
 20
14971.60755882115
 10
691.665254239018
 20
14992.49683990021
  0
LWPOLYLINE
  5
CA
330
17
100
AcDbEntity
  8
SEWER
  6
Continuous
 62
252
370
9
100
AcDbPolyline
 90
3
 70
128
 10
703.938519104587
 20
14975.09613376263
 10
703.6292779473251
 20
14976.71611947996
 10
726.94333507237
 20
14980.59276241761
  0
LWPOLYLINE
  5
CB
330
17
100
AcDbEntity
  8
SEWER
  6
Continuous
 62
252
370
9
100
AcDbPolyline
 90
2
 70
128
 10
728.6474151734267
 20
14979.43240504236
 10
703.94
 20
14974.75
  0
LWPOLYLINE
  5
CC
330
17
100
AcDbEntity
  8
SEWER
  6
Continuous
 62
252
370
9
100
AcDbPolyline
 90
5
 70
128
 10
773.4475955381939
 20
14442.70347712638
 10
773.8188070925015
 20
14443.22267458113
 10
788.1722392956328
 20
14422.33791976684
 10
787.6777607043672
 20
14421.99808023316
 10
773.4475955381939
 20
14442.70347712638
  0
LWPOLYLINE
  5
CD
330
17
100
AcDbEntity
  8
WATER_PIPELINE
  6
Continuous
 62
252
370
9
100
AcDbPolyline
 90
2
 70
128
 10
802.9869565680503
 20
14752.30423767749
 10
805.7796829579039
 20
14752.1990975465
  0
LWPOLYLINE
  5
CE
330
17
100
AcDbEntity
  8
WATER_PIPELINE
  6
Continuous
 62
252
370
9
100
AcDbPolyline
 90
3
 70
128
 10
805.7943688213776
 20
14751.57340478565
 10
802.949268853587
 20
14751.67354949209
 10
802.9869565680503
 20
14752.30423767749
  0
LWPOLYLINE
  5
CF
330
17
100
AcDbEntity
  8
GAS
  6
Continuous
 62
252
370
9
100
AcDbPolyline
 90
5
 70
128
 10
714.0233251781734
 20
14589.31471300039
 10
714.2366748218266
 20
14589.26528699961
 10
712.8466748218267
 20
14583.26528699961
 10
712.6333251781735
 20
14583.31471300039
 10
714.0233251781734
 20
14589.31471300039
  0
LWPOLYLINE
  5
D0
330
17
100
AcDbEntity
  8
GAS
  6
Continuous
 62
252
370
9
100
AcDbPolyline
 90
5
 70
128
 10
703.420746316647
 20
14543.44734048185
 10
703.639253683353
 20
14543.43265951815
 10
703.209253683353
 20
14537.03265951815
 10
702.990746316647
 20
14537.04734048185
 10
703.420746316647
 20
14543.44734048185
  0
LWPOLYLINE
  5
D1
330
17
100
AcDbEntity
  8
GAS
  6
Continuous
 62
252
370
9
100
AcDbPolyline
 90
3
 70
128
 10
721.672492872149
 20
14490.57079585202
 10
721.887507127851
 20
14490.52920414799
 10
720.9605769100967
 20
14485.7373059687
  0
LWPOLYLINE
  5
D2
330
17
100
AcDbEntity
  8
GAS
  6
Continuous
 62
252
370
9
100
AcDbPolyline
 90
2
 70
128
 10
720.7478046579647
 20
14485.79048803048
 10
721.672492872149
 20
14490.57079585202
  0
LWPOLYLINE
  5
D3
330
17
100
AcDbEntity
  8
GAS
  6
Continuous
 62
252
370
9
100
AcDbPolyline
 90
5
 70
128
 10
800.0777511583279
 20
14995.13050272508
 10
793.5223583632843
 20
14994.14620951261
 10
787.0466351527782
 20
14993.0352276326
 10
780.247029913107
 20
14991.74340277853
 10
779.1776078300685
 20
14991.48726958827
  0
LWPOLYLINE
  5
D4
330
17
100
AcDbEntity
  8
GAS
  6
Continuous
 62
252
370
9
100
AcDbPolyline
 90
5
 70
128
 10
780.1981769528213
 20
14991.1147331869
 10
780.3729700869015
 20
14991.15659722148
 10
787.153364847176
 20
14992.44477236739
 10
793.6176416367597
 20
14993.5537904874
 10
800.0919418306918
 20
14994.52590763364
  0
LWPOLYLINE
  5
D5
330
17
100
AcDbEntity
  8
GAS
  6
Continuous
 62
252
370
9
100
AcDbPolyline
 90
5
 70
128
 10
743.519927747704
 20
14971.72658377983
 10
743.3399277477039
 20
14979.92658377983
 10
742.740072252296
 20
14979.91341622017
 10
742.9200722522961
 20
14971.71341622018
 10
743.519927747704
 20
14971.72658377983
  0
LWPOLYLINE
  5
D6
330
17
100
AcDbEntity
  8
WATER_PIPELINE
  6
Continuous
 62
252
370
9
100
AcDbPolyline
 90
5
 70
128
 10
701.9817291693546
 20
14982.67611441001
 10
702.4993245394062
 20
14982.76589442163
 10
702.6058662006974
 20
14982.15166560162
 10
702.0882708306457
 20
14982.06188559
 10
701.9817291693546
 20
14982.67611441001
  0
LWPOLYLINE
  5
D7
330
17
100
AcDbEntity
  8
WATER_PIPELINE
  6
Continuous
 62
252
370
9
100
AcDbPolyline
 90
5
 70
128
 10
702.5640931160766
 20
14982.04882338263
 10
712.6511715567541
 20
14967.12995551033
 10
713.3891003270234
 20
14967.62889051351
 10
703.302021886346
 20
14982.54775838581
 10
702.5640931160766
 20
14982.04882338263
  0
LWPOLYLINE
  5
D8
330
17
100
AcDbEntity
  8
WATER_PIPELINE
  6
Continuous
 62
252
370
9
100
AcDbPolyline
 90
5
 70
128
 10
713.3641882724952
 20
14967.50581716014
 10
714.223523754925
 20
14967.6027464538
 10
714.2915643141108
 20
14966.99952667839
 10
713.432228831681
 20
14966.90259738473
 10
713.3641882724952
 20
14967.50581716014
  0
LWPOLYLINE
  5
D9
330
17
100
AcDbEntity
  8
SEWER
  6
Continuous
 62
252
370
9
100
AcDbPolyline
 90
2
 70
128
 10
791.1008096043711
 20
15000.94060656021
 10
799.9070510584306
 20
15002.40319846923
  0
LWPOLYLINE
  5
DA
330
17
100
AcDbEntity
  8
SEWER
  6
Continuous
 62
252
370
9
100
AcDbPolyline
 90
3
 70
128
 10
799.9289136728149
 20
15001.47173947954
 10
791.2518928893835
 20
15000.03060927635
 10
791.1008096043711
 20
15000.94060656021
  0
LWPOLYLINE
  5
DB
330
17
100
AcDbEntity
  8
SEWER
  6
Continuous
 62
252
370
9
100
AcDbPolyline
 90
3
 70
128
 10
786.5015952690711
 20
15000.0
 10
789.4729861445967
 20
15000.4783600879
 10
789.5459895623877
 20
15000.0
  0
LWPOLYLINE
  5
DC
330
17
100
AcDbEntity
  8
SEWER
  6
Continuous
 62
252
370
9
100
AcDbPolyline
 90
5
 70
128
 10
702.3856813714747
 20
14918.2499960512
 10
701.9058106285298
 20
14918.78676794881
 10
714.661374628529
 20
14930.19016294881
 10
715.1412453714739
 20
14929.6533910512
 10
702.3856813714747
 20
14918.2499960512
  0
LWPOLYLINE
  5
DD
330
17
100
AcDbEntity
  8
SEWER
  6
Continuous
 62
252
370
9
100
AcDbPolyline
 90
5
 70
128
 10
716.5551636823009
 20
14930.11189694359
 10
716.6179623176994
 20
14930.82915305642
 10
733.0127603176993
 20
14929.39372305642
 10
732.9499616823008
 20
14928.67646694359
 10
716.5551636823009
 20
14930.11189694359
  0
LWPOLYLINE
  5
DE
330
17
100
AcDbEntity
  8
BUILDING
100
AcDbPolyline
 90
4
 70
1
 10
488.49800000322034
 20
14360.054000001943
 10
449.31169638258103
 20
14338.395455398764
 10
444.7491290162253
 20
14346.650402967189
 10
483.9354326405954
 20
14368.30894757227
  0
LWPOLYLINE
  5
DF
330
17
100
AcDbEntity
  8
BUILDING
100
AcDbPolyline
 90
4
 70
1
 10
480.550329996643
 20
14296.96585000153
 10
397.8056100046231
 20
14251.054609991845
 10
391.33219875194845
 20
14262.721482883546
 10
474.0769187392236
 20
14308.632722890801
  0
LWPOLYLINE
  5
E0
330
17
100
AcDbEntity
  8
BUILDING
100
AcDbPolyline
 90
4
 70
1
 10
436.68293639817125
 20
14332.828097261567
 10
431.70454222486194
 20
14330.51601131107
 10
429.0086058266921
 20
14336.3209140495
 10
433.98699999859303
 20
14338.63299999901
  0
LWPOLYLINE
  5
E1
330
17
100
AcDbEntity
  8
BUILDING
100
AcDbPolyline
 90
4
 70
1
 10
592.6655738079716
 20
14357.307532045605
 10
514.1309659938858
 20
14313.674980853342
 10
506.2185948894112
 20
14327.916526318591
 10
584.7532027034969
 20
14371.549077510854
  0
LWPOLYLINE
  5
E2
330
17
100
AcDbEntity
  8
BUILDING
100
AcDbPolyline
 90
4
 70
1
 10
695.2341283213143
 20
14252.422178139539
 10
706.8589364504742
 20
14281.025727190627
 10
721.2269829370797
 20
14275.186389446231
 10
709.6021748079198
 20
14246.582840395145
  0
LWPOLYLINE
  5
E3
330
17
100
AcDbEntity
  8
BUILDING
100
AcDbPolyline
 90
4
 70
1
 10
717.1624500503087
 20
14320.523643842502
 10
750.0
 20
14346.12261378826
 10
760.2998594461553
 20
14332.91027946502
 10
727.4623095051454
 20
14307.31130952534
  0
LWPOLYLINE
  5
E4
330
17
100
AcDbEntity
  8
BUILDING
100
AcDbPolyline
 90
4
 70
1
 10
790.2938427965084
 20
14378.40651852944
 10
821.441277520836
 20
14402.77112604638
 10
831.7851036667694
 20
14389.547697371969
 10
800.6376689424419
 20
14365.183089855029
  0
LWPOLYLINE
  5
E5
330
17
100
AcDbEntity
  8
BUILDING
100
AcDbPolyline
 90
4
 70
1
 10
820.3734607651847
 20
14382.596398451
 10
826.6659282145774
 20
14396.111339327459
 10
834.5875018830798
 20
14392.42310680686
 10
828.2950344362396
 20
14378.908165929028
  0
LWPOLYLINE
  5
E6
330
17
100
AcDbEntity
  8
BUILDING
100
AcDbPolyline
 90
4
 70
1
 10
740.7353758853732
 20
14338.90024688842
 10
777.5504415813202
 20
14367.599944647367
 10
787.8232724360923
 20
14354.422281733343
 10
751.0082067401453
 20
14325.722583974395
  0
LWPOLYLINE
  5
E7
330
17
100
AcDbEntity
  8
BUILDING
100
AcDbPolyline
 90
4
 70
1
 10
502.1425884540922
 20
14134.171045776324
 10
468.427658643675
 20
14092.61458347218
 10
450.0163383605616
 20
14107.551763797408
 10
483.731268172559
 20
14149.108226100181
  0
LWPOLYLINE
  5
E8
330
17
100
AcDbEntity
  8
BUILDING
100
AcDbPolyline
 90
4
 70
1
 10
500.0
 20
14128.91819358854
 10
480.6589501902788
 20
14102.12166113133
 10
472.2426611952188
 20
14108.196322654121
 10
491.58371100494224
 20
14134.992855111323
  0
LWPOLYLINE
  5
E9
330
17
100
AcDbEntity
  8
BUILDING
  6
Continuous
 62
251
370
9
100
AcDbPolyline
 90
44
 70
129
 10
540.9325791192362
 20
14164.3055650502
 10
535.802
 20
14170.953
 10
536.4041753288369
 20
14171.43503369244
 10
536.6433775444807
 20
14171.62651203955
 10
537.7867484969636
 20
14172.54176595355
 10
538.4728802453689
 20
14173.09100570697
 10
538.7851688283944
 20
14173.34098876919
 10
540.6739282509842
 20
14174.85291668447
 10
540.9862168034914
 20
14175.10289971618
 10
546.473
 20
14179.495
 10
548.3976081423383
 20
14177.00138138981
 10
548.6420065614795
 20
14176.68472658467
 10
549.9952444227424
 20
14174.93140394299
 10
550.7284396496476
 20
14173.98143952757
 10
555.937921109653
 20
14167.23177480392
 10
556.1823188879056
 20
14166.91512082278
 10
556.8407923520615
 20
14166.05895562609
 10
557.3310444349497
 20
14165.42677455977
 10
558.565
 20
14163.828
 10
544.2206707358013
 20
14152.50825009919
 10
537.660879238258
 20
14147.33162611774
 10
530.064519333476
 20
14141.33699975586
 10
528.8527530747401
 20
14140.38074095889
 10
524.02
 20
14136.567
 10
522.4700444044313
 20
14138.48917416914
 10
521.2070159611804
 20
14140.05551628163
 10
520.3375098117008
 20
14141.13383251442
 10
517.2566774803919
 20
14144.95452027955
 10
517.084929013947
 20
14145.16751377911
 10
515.9029582811976
 20
14146.63333231605
 10
514.9613976561784
 20
14147.80100674459
 10
514.0198370006409
 20
14148.96868120365
 10
513.2665885189367
 20
14149.90282073428
 10
512.3250279244362
 20
14151.07049516282
 10
512.1617354045229
 20
14151.27300201423
 10
511.4982099978637
 20
14152.12476000244
 10
517.3995195776238
 20
14156.66257490768
 10
517.7166172978912
 20
14156.90640736107
 10
519.5150166020692
 20
14158.28928739281
 10
519.8321125827815
 20
14158.53311850338
 10
521.7884045838802
 20
14160.03741019929
 10
522.416
 20
14160.52
 10
527.578
 20
14153.895
 10
540.9325791192362
 20
14164.3055650502
  0
LWPOLYLINE
  5
EA
330
17
100
AcDbEntity
  8
BUILDING
100
AcDbPolyline
 90
4
 70
1
 10
632.6167405742942
 20
14201.847908312971
 10
563.8697274719271
 20
14181.979635542237
 10
554.9533793098768
 20
14212.831451953101
 10
623.7003924122439
 20
14232.699724723836
  0
LWPOLYLINE
  5
EB
330
17
100
AcDbEntity
  8
BUILDING
100
AcDbPolyline
 90
4
 70
1
 10
509.6039999999999
 20
14122.509
 10
506.40600000185486
 20
14130.51200000067
 10
512.593475065295
 20
14132.98451596387
 10
515.7914750671531
 20
14124.98151596453
  0
LWPOLYLINE
  5
EC
330
17
100
AcDbEntity
  8
BUILDING
100
AcDbPolyline
 90
4
 70
1
 10
687.9
 20
14233.576
 10
692.3504547030047
 20
14215.542453469723
 10
680.5709591490411
 20
14212.635420665643
 10
676.1205044500634
 20
14230.668967196709
  0
LWPOLYLINE
  5
ED
330
17
100
AcDbEntity
  8
WATER_PIPELINE
  6
Continuous
 62
252
370
9
100
AcDbPolyline
 90
5
 70
128
 10
437.8579999999991
 20
14127.126
 10
440.3899422770552
 20
14120.25015675473
 10
439.640000000001
 20
14119.974
 10
437.1080577229447
 20
14126.84984324528
 10
437.8579999999991
 20
14127.126
  0
LWPOLYLINE
  5
EE
330
17
100
AcDbEntity
  8
GAS
  6
Continuous
 62
252
370
9
100
AcDbPolyline
 90
5
 70
128
 10
428.1415678273877
 20
14131.17584408094
 10
431.776274336271
 20
14122.40433795418
 10
431.037
 20
14122.098
 10
427.4022934911167
 20
14130.86950612677
 10
428.1415678273877
 20
14131.17584408094
  0
LWPOLYLINE
  5
EF
330
17
100
AcDbEntity
  8
WATER_PIPELINE
  6
Continuous
 62
252
370
9
100
AcDbPolyline
 90
11
 70
128
 10
733.7757861873226
 20
14339.51648365734
 10
733.3582138126774
 20
14339.98751634266
 10
734.1399447614979
 20
14340.6070036317
 10
731.9454686117131
 20
14343.21101452681
 10
745.8261414227729
 20
14353.69297579882
 10
747.1625242677046
 20
14352.01561448839
 10
746.6174757322955
 20
14351.57638551161
 10
745.707301248207
 20
14352.68596853542
 10
732.8961121250038
 20
14343.05104116947
 10
735.0372811670278
 20
14340.49146729942
 10
733.7757861873226
 20
14339.51648365734
  0
LWPOLYLINE
  5
F0
330
17
100
AcDbEntity
  8
WATER_PIPELINE
  6
Continuous
 62
252
370
9
100
AcDbPolyline
 90
5
 70
128
 10
621.9050103762933
 20
14261.2247220069
 10
621.2309896237068
 20
14260.9192779931
 10
619.8859896237068
 20
14263.88727799311
 10
620.5600103762932
 20
14264.1927220069
 10
621.9050103762933
 20
14261.2247220069
  0
LWPOLYLINE
  5
F1
330
17
100
AcDbEntity
  8
WATER_PIPELINE
  6
Continuous
 62
252
370
9
100
AcDbPolyline
 90
5
 70
128
 10
616.6799777977844
 20
14249.86052677999
 10
616.1107979216896
 20
14250.4423066805
 10
621.343099429304
 20
14254.81953587451
 10
621.8209005706962
 20
14254.25446412549
 10
616.6799777977844
 20
14249.86052677999
  0
LWPOLYLINE
  5
F2
330
17
100
AcDbEntity
  8
SEWER
  6
Continuous
 62
252
370
9
100
AcDbPolyline
 90
5
 70
128
 10
614.2801205753955
 20
14287.60699380805
 10
614.7132360301537
 20
14286.55161676382
 10
614.0332357860057
 20
14286.23580167547
 10
613.6001203007288
 20
14287.2911787197
 10
614.2801205753955
 20
14287.60699380805
  0
LWPOLYLINE
  5
F3
330
17
100
AcDbEntity
  8
GAS
  6
Continuous
 62
252
370
9
100
AcDbPolyline
 90
5
 70
128
 10
610.1598345286417
 20
14250.1054877163
 10
610.5741654713584
 20
14250.2045122837
 10
613.1281496627705
 20
14239.45619644765
 10
612.7118503372295
 20
14239.36580355236
 10
610.1598345286417
 20
14250.1054877163
  0
LWPOLYLINE
  5
F4
330
17
100
AcDbEntity
  8
GAS
  6
Continuous
 62
252
370
9
100
AcDbPolyline
 90
5
 70
128
 10
636.2115791141797
 20
14280.81286928657
 10
636.3084208858203
 20
14281.62713071343
 10
661.0284208858203
 20
14278.68713071343
 10
660.9315791141797
 20
14277.87286928657
 10
636.2115791141797
 20
14280.81286928657
  0
LWPOLYLINE
  5
F5
330
17
100
AcDbEntity
  8
WATER_PIPELINE
  6
Continuous
 62
252
370
9
100
AcDbPolyline
 90
6
 70
128
 10
632.6522944730979
 20
14245.15059355449
 10
623.687294473098
 20
14254.81759355449
 10
623.1447055269022
 20
14254.31440644551
 10
632.1097055269021
 20
14244.64740644551
 10
632.435099612415
 20
14244.94917099521
 10
632.6522944730979
 20
14245.15059355449
  0
LWPOLYLINE
  5
F6
330
17
100
AcDbEntity
  8
SEWER
  6
Continuous
 62
252
370
9
100
AcDbPolyline
 90
4
 70
128
 10
797.4521747885411
 20
14420.76225281104
 10
805.3837704341706
 20
14419.86698868276
 10
805.3135848205959
 20
14419.27110782702
 10
796.7574816679481
 20
14420.23686208035
  0
LWPOLYLINE
  5
F7
330
17
100
AcDbEntity
  8
SEWER
  6
Continuous
 62
252
370
9
100
AcDbPolyline
 90
18
 70
128
 10
806.88
 20
14419.668
 10
806.8462361147785
 20
14419.8486208329
 10
806.749504458895
 20
14420.00484782152
 10
806.6028691784553
 20
14420.1155816454
 10
806.4261341805719
 20
14420.16586708807
 10
806.2431685059769
 20
14420.14891282188
 10
806.0786826828178
 20
14420.06700861441
 10
805.9548914329093
 20
14419.9312160827
 10
805.8885134504633
 20
14419.75987476057
 10
805.8885134498021
 20
14419.57612524297
 10
805.9548914310159
 20
14419.40478392036
 10
806.0786826799493
 20
14419.26899138776
 10
806.2431685025199
 20
14419.18708717911
 10
806.4261341769928
 20
14419.1701329116
 10
806.6028691752385
 20
14419.220418353
 10
806.7495044564754
 20
14419.33115217583
 10
806.8462361134822
 20
14419.48737916376
 10
806.88
 20
14419.668
  0
LWPOLYLINE
  5
F8
330
17
100
AcDbEntity
  8
GAS
  6
Continuous
 62
252
370
9
100
AcDbPolyline
 90
133
 70
128
 10
727.9690000000006
 20
14305.283
 10
727.9650005715689
 20
14305.45025180669
 10
727.9530114287505
 20
14305.61712128479
 10
727.9330599780773
 20
14305.7832269797
 10
727.9051918274869
 20
14305.9481891828
 10
727.8694706820638
 20
14306.1116307994
 10
727.8259781984149
 20
14306.27317821081
 10
727.7748137980052
 20
14306.43246212839
 10
727.716094439887
 20
14306.5891184377
 10
727.6499543533367
 20
14306.74278903092
 10
727.5765447310152
 20
14306.89312262536
 10
727.4960333833487
 20
14307.03977556656
 10
727.4086043549232
 20
14307.18241261384
 10
727.3144575037694
 20
14307.32070770662
 10
727.2138080444967
 20
14307.45434470978
 10
727.1068860563254
 20
14307.58301813638
 10
726.9939359571375
 20
14307.70643384592
 10
726.8752159447507
 20
14307.82430971676
 10
726.7509974066924
 20
14307.93637629103
 10
726.621564299822
 20
14308.04237739062
 10
726.4872125012214
 20
14308.14207070273
 10
726.3482491318355
 20
14308.23522833385
 10
726.2049918544107
 20
14308.32163733068
 10
726.0577681473352
 20
14308.40110016691
 10
725.9069145560408
 20
14308.47343519481
 10
725.7527759236779
 20
14308.53847706041
 10
725.5957046028235
 20
14308.59607708152
 10
725.4360596500217
 20
14308.64610358762
 10
725.2742060050001
 20
14308.68844222081
 10
725.110513656437
 20
14308.72299619727
 10
724.9453567961881
 20
14308.74968652848
 10
724.7791129639031
 20
14308.76845220178
 10
724.6121621839912
 20
14308.77925031987
 10
724.444886096906
 20
14308.78205619882
 10
724.2776670867346
 20
14308.77686342455
 10
724.1108874070904
 20
14308.76368386745
 10
723.9449283073008
 20
14308.7425476553
 10
723.7801691608917
 20
14308.71350310431
 10
723.6169865983609
 20
14308.67661660878
 10
723.4557536462198
 20
14308.63197248922
 10
723.2968388742775
 20
14308.57967279968
 10
723.1406055531069
 20
14308.51983709442
 10
722.9874108236306
 20
14308.45260215464
 10
722.8376048807145
 20
14308.37812167576
 10
722.6915301726414
 20
14308.29656591613
 10
722.5495206182936
 20
14308.2081213078
 10
722.4119008438319
 20
14308.11299003038
 10
722.2789854406171
 20
14308.01138954881
 10
722.151078246072
 20
14307.9035521163
 10
722.0284716491255
 20
14307.78972424338
 10
721.9114459218271
 20
14307.67016613442
 10
721.8002685786598
 20
14307.54515109279
 10
721.6951937650172
 20
14307.41496489612
 10
721.5964616762399
 20
14307.279905143
 10
721.504298008543
 20
14307.14028057272
 10
721.4189134430861
 20
14306.99641035952
 10
721.3405031643678
 20
14306.84862338289
 10
721.2692464140442
 20
14306.6972574759
 10
721.2053060811926
 20
14306.5426586528
 10
721.1488283299557
 20
14306.38518031816
 10
721.0999422654182
 20
14306.22518245892
 10
721.0587596384796
 20
14306.06303082154
 10
721.0253745903976
 20
14305.89909607588
 10
720.9998634375864
 20
14305.73375296792
 10
720.9822844971618
 20
14305.56737946306
 10
720.9726779536308
 20
14305.40035588213
 10
720.9710657670317
 20
14305.23306403199
 10
720.9774516227368
 20
14305.06588633278
 10
720.9918209230248
 20
14304.89920494366
 10
721.0141408204524
 20
14304.73340088929
 10
721.0443602929417
 20
14304.56885318876
 10
721.0824102604125
 20
14304.40593798922
 10
721.1282037426973
 20
14304.24502770599
 10
721.1816360583726
 20
14304.08649017129
 10
721.2425850640548
 20
14303.93068779334
 10
721.3109114336125
 20
14303.77797672796
 10
721.3864589766614
 20
14303.62870606438
 10
721.4690549956038
 20
14303.48321702726
 10
721.5585106804074
 20
14303.34184219667
 10
721.6546215402153
 20
14303.20490474783
 10
721.7571678708002
 20
14303.07271771235
 10
721.8659152567966
 20
14302.94558326262
 10
721.9806151075619
 20
14302.82379202114
 10
722.101005225441
 20
14302.70762239609
 10
722.2268104051354
 20
14302.59733994495
 10
722.357743062809
 20
14302.49319676744
 10
722.4935038934877
 20
14302.39543092923
 10
722.6337825552556
 20
14302.30426591774
 10
722.7782583786787
 20
14302.21991013126
 10
722.9266010998389
 20
14302.14255640254
 10
723.0784716152988
 20
14302.07238155804
 10
723.2335227572743
 20
14302.00954601364
 10
723.3914000872404
 20
14301.95419340801
 10
723.5517427061603
 20
14301.90645027421
 10
723.7141840794791
 20
14301.86642575046
 10
723.8783528750035
 20
14301.83421133065
 10
724.0438738117456
 20
14301.80988065522
 10
724.2103685177966
 20
14301.79348934275
 10
724.3774563952637
 20
14301.78507486292
 10
724.5447554902959
 20
14301.78465645076
 10
724.7118833662104
 20
14301.79223506274
 10
724.8784579777222
 20
14301.80779337457
 10
725.0440985442787
 20
14301.83129582079
 10
725.2084264205035
 20
14301.86268867607
 10
725.3710659617594
 20
14301.90190017805
 10
725.5316453828517
 20
14301.94884069135
 10
725.6897976079088
 20
14302.0034029125
 10
725.8451611094978
 20
14302.06546211521
 10
725.9973807350573
 20
14302.13487643551
 10
726.146108518756
 20
14302.211487196
 10
726.2910044769246
 20
14302.29511926864
 10
726.4317373852394
 20
14302.38558147503
 10
726.567985535884
 20
14302.48266702345
 10
726.6994374729545
 20
14302.5861539816
 10
726.8257927044328
 20
14302.69580578389
 10
726.946762389094
 20
14302.81137177223
 10
727.0620699967815
 20
14302.93258776902
 10
727.1714519405401
 20
14303.05917668104
 10
727.2746581791632
 20
14303.19084913289
 10
727.3714527887712
 20
14303.32730412847
 10
727.4616145021212
 20
14303.46822973903
 10
727.5449372144135
 20
14303.61330381626
 10
727.621230454434
 20
14303.76219472866
 10
727.6903198199625
 20
14303.91456211965
 10
727.7520473764463
 20
14304.07005768563
 10
727.8062720180299
 20
14304.22832597213
 10
727.8528697901152
 20
14304.38900518642
 10
727.8917341727156
 20
14304.5517280245
 10
727.9227763239545
 20
14304.71612251076
 10
727.9459252831531
 20
14304.8818128483
 10
727.9611281330427
 20
14305.04842027797
 10
727.9683501207307
 20
14305.21556394421
 10
727.9690000000006
 20
14305.283
  0
LWPOLYLINE
  5
F9
330
17
100
AcDbEntity
  8
ELECTR_CABLE
  6
Continuous
 62
252
370
9
100
AcDbPolyline
 90
18
 70
128
 10
819.0450000000002
 20
14402.32
 10
819.0112361147776
 20
14402.5006208329
 10
818.9145044588931
 20
14402.65684782152
 10
818.7678691784516
 20
14402.7675816454
 10
818.5911341805663
 20
14402.81786708808
 10
818.4081685059704
 20
14402.80091282188
 10
818.2436826828094
 20
14402.71900861441
 10
818.1198914329
 20
14402.5832160827
 10
818.053513450455
 20
14402.41187476057
 10
818.0535134497956
 20
14402.22812524296
 10
818.1198914310113
 20
14402.05678392035
 10
818.2436826799475
 20
14401.92099138775
 10
818.4081685025199
 20
14401.8390871791
 10
818.5911341769937
 20
14401.82213291159
 10
818.7678691752396
 20
14401.872418353
 10
818.9145044564754
 20
14401.98315217583
 10
819.0112361134821
 20
14402.13937916375
 10
819.0450000000002
 20
14402.32
  0
LWPOLYLINE
  5
FA
330
17
100
AcDbEntity
  8
ROAD
100
AcDbPolyline
 90
43
 70
1
 10
721.6788483589571
 20
14754.39457203038
 10
716.4520164620176
 20
14754.43255234363
 10
698.5185387420486
 20
14754.57577195706
 10
696.1205108852226
 20
14754.595433267
 10
689.8664270389531
 20
14754.64486910111
 10
686.90168950936
 20
14757.90496709214
 10
680.0959485389839
 20
14758.15482171193
 10
680.015930978663
 20
14753.62101492786
 10
679.2138315367623
 20
14753.35603966197
 10
678.9720649279815
 20
14746.77043970049
 10
683.3146101452044
 20
14746.87737499798
 10
683.6955895983327
 20
14746.812262095904
 10
684.0136681656738
 20
14746.616007299952
 10
684.2378317107045
 20
14746.316941044726
 10
684.3370660969016
 20
14745.94339376483
 10
684.5070877847489
 20
14743.3617558263
 10
690.1968070505692
 20
14743.5861080404
 10
690.1763128832085
 20
14744.10585356346
 10
693.6422847376934
 20
14744.45494485305
 10
694.2512821562085
 20
14744.47293900667
 10
694.2607497482223
 20
14745.15013794366
 10
694.2319100009155
 20
14747.14992999054
 10
695.941
 20
14747.175
 10
695.9700197454756
 20
14745.1747879574
 10
695.9602228563899
 20
14744.51950945283
 10
705.8836020829602
 20
14744.81521286211
 10
706.2712402885683
 20
14744.743527092698
 10
706.5909617632515
 20
14744.536779624586
 10
706.8106429835424
 20
14744.225802939938
 10
706.8981604259737
 20
14743.841429520913
 10
706.899651981395
 20
14743.78431366678
 10
706.7827209564454
 20
14742.872441918678
 10
706.4059995709823
 20
14742.055740385582
 10
705.8043794406555
 20
14741.387179531795
 10
705.0127521811146
 20
14740.91972982163
 10
702.7081799981688
 20
14739.99991000092
 10
710.1271022732531
 20
14738.07604949024
 10
711.713196798321
 20
14743.88176721371
 10
712.4626691598914
 20
14745.559115611533
 10
713.6540585802442
 20
14746.904924185843
 10
715.1902496235002
 20
14747.838051480605
 10
716.9741268537808
 20
14748.277356039787
 10
722.1388598836525
 20
14748.73272108024
  0
LWPOLYLINE
  5
FB
330
17
100
AcDbEntity
  8
SIDEWALK_PATH
100
AcDbPolyline
 90
19
 70
1
 10
738.5801149378866
 20
14755.90202292141
 10
738.5393280221862
 20
14755.934408848994
 10
738.5003083477691
 20
14755.968850352225
 10
738.4631334428942
 20
14756.005275324209
 10
738.4278808358202
 20
14756.04361165805
 10
729.053881028817
 20
14766.78610159635
 10
727.923678157305
 20
14765.79987572503
 10
735.8224070858475
 20
14756.74802829734
 10
735.8751960736486
 20
14756.675237359683
 10
735.9138432478778
 20
14756.594832423574
 10
735.9375887684662
 20
14756.508839935073
 10
735.9456727953446
 20
14756.41928634024
 10
736.5602473050297
 20
14755.66240572618
 10
736.9780274766807
 20
14754.51943420414
 10
737.072197388653
 20
14754.27293516405
 10
740.3535272064139
 20
14754.15881880813
 10
739.966618095492
 20
14754.52919471891
 10
739.3751000091556
 20
14754.95810998871
 10
738.5969249979566
 20
14755.84988910218
  0
LWPOLYLINE
  5
FE
330
17
100
AcDbEntity
  8
SIDEWALK_PATH
100
AcDbPolyline
 90
4
 70
1
 10
719.8025631765388
 20
14777.38799950441
 10
718.6723603050303
 20
14776.4017736331
 10
727.923678157305
 20
14765.79987572503
 10
729.053881028817
 20
14766.78610159635
  0
LWPOLYLINE
  5
100
330
17
100
AcDbEntity
  8
SIDEWALK_PATH
100
AcDbPolyline
 90
28
 70
1
 10
733.4422489408081
 20
14738.23451234454
 10
727.7555113374734
 20
14739.42467012482
 10
727.9225817438277
 20
14740.09661012604
 10
721.8610661030916
 20
14741.48287603382
 10
722.0089690240671
 20
14742.16391738803
 10
716.3628239082082
 20
14743.43415433214
 10
716.1230146488846
 20
14742.30376717429
 10
715.0993245948669
 20
14742.4932985931
 10
713.9571918341625
 20
14737.08283810651
 10
714.8298497412512
 20
14736.85654215347
 10
715.8722641400204
 20
14741.28763078654
 10
716.4563201596696
 20
14741.15023150275
 10
716.6077505722218
 20
14741.11460747093
 10
716.9769556871242
 20
14742.66947968993
 10
721.4035971879387
 20
14741.61837165419
 10
721.1650000000002
 20
14740.529
 10
727.1569179301229
 20
14739.11940028517
 10
727.0484735651536
 20
14738.65842573122
 10
726.8201264992218
 20
14737.68776931059
 10
731.4464620502335
 20
14736.59942313914
 10
731.6748090679688
 20
14737.57007928903
 10
732.232
 20
14737.439
 10
730.3627526271687
 20
14729.4932148784
 10
729.3964159672842
 20
14729.72321213416
 10
728.0537477645192
 20
14724.08076213874
 10
729.0345550147878
 20
14723.84732071779
 10
728.9914336457738
 20
14723.66402067023
 10
730.0458681936641
 20
14723.41355980458
  0
LWPOLYLINE
  5
10A
330
17
100
AcDbEntity
  8
SIDEWALK_PATH
100
AcDbPolyline
 90
8
 70
1
 10
732.9251202439032
 20
14638.76735807785
 10
731.8746497695853
 20
14639.02008426161
 10
731.9350979579184
 20
14639.27109102277
 10
730.8656860255745
 20
14639.52869161046
 10
729.4620232856228
 20
14633.80543195898
 10
730.5693522141179
 20
14633.6040332957
 10
730.2028644062624
 20
14632.09081356243
 10
731.3008853033277
 20
14631.81822765065
  0
LWPOLYLINE
  5
10B
330
17
100
AcDbEntity
  8
SIDEWALK_PATH
100
AcDbPolyline
 90
4
 70
1
 10
730.981993224891
 20
14630.27659746086
 10
729.8320476699117
 20
14630.54646617023
 10
728.140850755417
 20
14623.52546203973
 10
729.134
 20
14623.277
  0
LWPOLYLINE
  5
126
330
17
100
AcDbEntity
  8
SIDEWALK_PATH
100
AcDbPolyline
 90
25
 70
1
 10
723.2698373522168
 20
14491.01873915496
 10
722.7494524063845
 20
14488.94355241554
 10
724.6175207576996
 20
14488.50130963938
 10
724.3865676168284
 20
14487.52574536484
 10
725.1656246569613
 20
14487.34389815471
 10
725.3960000000004
 20
14488.317
 10
727.5583159626409
 20
14487.80508618842
 10
727.9156161975209
 20
14489.31424316749
 10
736.9450851308472
 20
14487.17657689254
 10
736.5878013855403
 20
14485.66741593677
 10
741.8849040864068
 20
14484.41336231414
 10
741.762593462993
 20
14483.92848150133
 10
740.7888162577159
 20
14484.15600411728
 10
739.4072431714835
 20
14478.32026111637
 10
740.3803421939907
 20
14478.08987386705
 10
740.2651558931542
 20
14477.60332880979
 10
739.2920554826502
 20
14477.83371019624
 10
737.9098033997619
 20
14471.99509912412
 10
738.8829052400281
 20
14471.76472374646
 10
738.903105288858
 20
14471.85004843288
 10
739.6815867488632
 20
14471.66574816126
 10
739.7259095943735
 20
14471.85296716275
 10
742.8405665150918
 20
14485.00922894986
 10
737.550583147679
 20
14486.26159712516
 10
737.9078668782616
 20
14487.77075801874
  0
LWPOLYLINE
  5
127
330
17
100
AcDbEntity
  8
SIDEWALK_PATH
100
AcDbPolyline
 90
13
 70
1
 10
738.5421469466231
 20
14466.85277242347
 10
739.0899611038272
 20
14469.16672966675
 10
738.3114789727031
 20
14469.35102825923
 10
738.1917791748198
 20
14468.84541815579
 10
737.2186773583178
 20
14469.07579360332
 10
735.8364252754295
 20
14463.23718250069
 10
736.8095270851771
 20
14463.00680718406
 10
736.6860997344885
 20
14462.48545197913
 10
735.7129979247413
 20
14462.71582732628
 10
734.3307458113346
 20
14456.87721625416
 10
735.3038476655854
 20
14456.6468409037
 10
735.0043597118689
 20
14455.38180849573
 10
735.7828411816768
 20
14455.19750822474
  0
LWPOLYLINE
  5
129
330
17
100
AcDbEntity
  8
SIDEWALK_PATH
100
AcDbPolyline
 90
8
 70
1
 10
836.3699728313693
 20
14418.09549819975
 10
830.291
 20
14423.206
 10
829.5197991468311
 20
14424.47318497055
 10
828.9192847527537
 20
14421.458122592678
 10
829.4656386534405
 20
14418.534866538082
 10
831.0390376392644
 20
14416.01130869707
 10
833.5196585005983
 20
14414.19534095995
 10
834.3399999998012
 20
14413.81000000009
  0
LWPOLYLINE
  5
12A
330
17
100
AcDbEntity
  8
ROAD
100
AcDbPolyline
 90
25
 70
1
 10
758.3435235944156
 20
14471.41460810406
 10
758.5093440768039
 20
14471.967446537483
 10
758.7751353375246
 20
14472.473941306833
 10
759.1322103991008
 20
14472.920796256514
 10
759.5718822840558
 20
14473.29471523093
 10
763.4352716298456
 20
14475.98588875121
 10
763.5795472909624
 20
14476.080348510513
 10
763.728886990562
 20
14476.166294991608
 10
763.8829146739859
 20
14476.243525919534
 10
764.0412542865749
 20
14476.31183901933
 10
763.991
 20
14476.373
 10
761.1624553919696
 20
14481.74946335794
 10
760.1799118138337
 20
14481.12850604118
 10
755.7174611279256
 20
14478.3082836452
 10
749.8457852036634
 20
14474.60665677297
 10
744.0630601143188
 20
14471.29743525258
 10
743.9034683689564
 20
14471.223893184759
 10
743.7347736733141
 20
14471.179648045574
 10
743.5609578011569
 20
14471.165380065147
 10
743.3860025262496
 20
14471.1817694736
 10
739.7259095943732
 20
14471.85296716275
 10
739.6815867488632
 20
14471.66574816126
 10
739.0899608710272
 20
14469.16672972186
 10
738.5421469466236
 20
14466.85277242347
 10
756.491502273629
 20
14462.04166368603
  0
LWPOLYLINE
  5
12B
330
17
100
AcDbEntity
  8
SIDEWALK_PATH
100
AcDbPolyline
 90
11
 70
1
 10
758.0585278788662
 20
14494.0860754059
 10
757.836966231242
 20
14494.77330483969
 10
757.6404348339503
 20
14495.23166788057
 10
757.3198524024733
 20
14495.87866151501
 10
756.9708749549927
 20
14496.58296145447
 10
761.1429671078972
 20
14481.73714696521
 10
761.2372119118237
 20
14481.79670870055
 10
761.4041672748858
 20
14481.910260621742
 10
761.562931782109
 20
14482.034639253969
 10
761.7129805625921
 20
14482.169404146964
 10
761.853788745434
 20
14482.31411485046
  0
LWPOLYLINE
  5
12C
330
17
100
AcDbEntity
  8
SIDEWALK_PATH
100
AcDbPolyline
 90
17
 70
1
 10
753.4237224085357
 20
14502.27696392974
 10
752.7759299905491
 20
14502.42985500656
 10
753.1283385540775
 20
14502.28903147995
 10
753.6738522904142
 20
14502.04663188574
 10
754.380190860894
 20
14501.68074240359
 10
755.2933334358654
 20
14501.11635780469
 10
756.0742093111974
 20
14500.53737519456
 10
756.8888252856843
 20
14499.81915436888
 10
757.6625003204443
 20
14499.00150849941
 10
758.4064192404497
 20
14498.04192657411
 10
758.8025709733777
 20
14497.43841326908
 10
759.0556788629365
 20
14497.00727845228
 10
759.340055781933
 20
14496.46902231796
 10
759.2877156425534
 20
14496.65526748491
 10
758.4375858299175
 20
14498.621242556896
 10
757.1223511383886
 20
14500.2657898923
 10
755.4238003904377
 20
14501.510500135217
  0
LWPOLYLINE
  5
12D
330
17
100
AcDbEntity
  8
ROAD
100
AcDbPolyline
 90
7
 70
1
 10
760.0696426282544
 20
14494.63071321757
 10
759.8622683492538
 20
14495.24976650289
 10
759.6082223786909
 20
14495.88778976167
 10
759.3403523361915
 20
14496.46796707053
 10
761.3506822540721
 20
14489.31448533301
 10
761.4464031851388
 20
14489.34138561158
 10
761.1406803185137
 20
14490.52458872741
  0
LWPOLYLINE
  5
12E
330
17
100
AcDbEntity
  8
ROAD
100
AcDbPolyline
 90
15
 70
1
 10
762.6846320428469
 20
14483.40395012669
 10
762.740608661153
 20
14483.66283065279
 10
762.7595169835505
 20
14483.83448353526
 10
762.7652764671777
 20
14484.00504959258
 10
762.7605937602972
 20
14484.11861926939
 10
762.6692945011949
 20
14484.6085731094
 10
762.6002926715083
 20
14483.880765851338
 10
762.4095271360269
 20
14483.192897723304
 10
762.0617218814788
 20
14482.569531413657
 10
761.5687251316987
 20
14482.03951326796
 10
761.888
 20
14482.208
 10
762.0689959506032
 20
14482.36615038541
 10
762.249275429548
 20
14482.55834815516
 10
762.4606352125846
 20
14482.86424644051
 10
762.5017054623988
 20
14482.9399755447
  0
LWPOLYLINE
  5
12F
330
17
100
AcDbEntity
  8
SIDEWALK_PATH
100
AcDbPolyline
 90
7
 70
1
 10
723.4953672063052
 20
14509.19370964743
 10
713.612162904702
 20
14511.56402324613
 10
713.269027691908
 20
14510.1037816218
 10
725.6719711134981
 20
14507.12915268983
 10
725.3499193811598
 20
14507.850102727625
 10
724.8602673446599
 20
14508.453040798217
 10
724.2323162157809
 20
14508.910174054014
  0
LWPOLYLINE
  5
130
330
17
100
AcDbEntity
  8
ROAD
100
AcDbPolyline
 90
5
 70
1
 10
723.7883854862953
 20
14493.78624181219
 10
723.5684788660195
 20
14493.0898993009
 10
723.4337573663627
 20
14492.60839113116
 10
722.9795500045777
 20
14491.08314999848
 10
723.2701340455895
 20
14491.01867332271
  0
LWPOLYLINE
  5
131
330
17
100
AcDbEntity
  8
ROAD
100
AcDbPolyline
 90
23
 70
1
 10
724.5670132355643
 20
14495.82756721047
 10
728.9565319256086
 20
14503.02794656846
 10
725.586423653727
 20
14505.08244293753
 10
725.506746829989
 20
14504.991804099503
 10
725.45568048694
 20
14504.889152108533
 10
725.4007290510598
 20
14504.788526354687
 10
725.3419506431031
 20
14504.69003827829
 10
718.6447139677455
 20
14493.94067586069
 10
718.3699269497935
 20
14493.537185785024
 10
718.0637776750162
 20
14493.157974538984
 10
717.7278613462983
 20
14492.804861571694
 10
717.3637731665236
 20
14492.47966633227
 10
714.1977939234057
 20
14489.9040052039
 10
722.5201970915582
 20
14487.96139289207
 10
722.7494524063845
 20
14488.94355241554
 10
723.2698373522169
 20
14491.01873915496
 10
722.9795500045777
 20
14491.08314999848
 10
723.4337573663627
 20
14492.60839113116
 10
723.5684788660195
 20
14493.0898993009
 10
723.7645565786157
 20
14493.79070073764
 10
723.9166774685929
 20
14494.337721736441
 10
724.0879765550653
 20
14494.852975020121
 10
724.3051548756505
 20
14495.350632432843
  0
LWPOLYLINE
  5
132
330
17
100
AcDbEntity
  8
ROAD
100
AcDbPolyline
 90
44
 70
1
 10
729.8992074844841
 20
14512.55651679614
 10
729.8028752144872
 20
14512.590059466203
 10
729.71618273189
 20
14512.641843323374
 10
729.641659818835
 20
14512.709986480275
 10
729.5818362574654
 20
14512.792607049521
 10
729.5400205689067
 20
14512.88564717607
 10
729.5180819467869
 20
14512.984216193829
 10
729.5163911820022
 20
14513.085182998853
 10
729.5353190654489
 20
14513.1854164872
 10
730.011289160777
 20
14514.78744527154
 10
726.2128740768601
 20
14515.9159717929
 10
725.5742156388221
 20
14513.76636361037
 10
725.4849662976105
 20
14513.59575662273
 10
725.3433327712005
 20
14513.474837376176
 10
725.1673454482084
 20
14513.41392775348
 10
724.9750347172507
 20
14513.42334963742
 10
714.648400006104
 20
14515.97382000183
 10
713.612162904702
 20
14511.56402324613
 10
723.4953672063052
 20
14509.19370964743
 10
723.5662507059751
 20
14509.175793305281
 10
724.1043793038672
 20
14509.04836591505
 10
724.8411799981689
 20
14508.87094000061
 10
725.1068926810435
 20
14508.75342476264
 10
725.2457419539861
 20
14508.67436414934
 10
725.6369185364354
 20
14508.36557712126
 10
725.7680290928557
 20
14508.22492526606
 10
725.9020181890317
 20
14508.05566426588
 10
726.0529847407453
 20
14507.80055107273
 10
726.2210982449899
 20
14507.32724070661
 10
726.2454761192664
 20
14507.23535975219
 10
726.2787742545854
 20
14506.98505365154
 10
726.2777921384319
 20
14506.65019122898
 10
726.1671090683703
 20
14506.12153796368
 10
726.061782616657
 20
14505.86523847163
 10
725.8508283445834
 20
14505.50681324687
 10
725.586423653727
 20
14505.08244293753
 10
728.9565319256086
 20
14503.02794656846
 10
730.5011627908434
 20
14505.56169320063
 10
731.1164635609806
 20
14506.28339805349
 10
731.9061270073978
 20
14506.768210932658
 10
732.8059738563257
 20
14506.989316190142
 10
733.7518248339953
 20
14506.91989817796
 10
736.1271509906746
 20
14506.35927696073
 10
737.1820682705423
 20
14510.82891266301
  0
LWPOLYLINE
  5
133
330
17
100
AcDbEntity
  8
SIDEWALK_PATH
100
AcDbPolyline
 90
7
 70
1
 10
733.7518248339953
 20
14506.91989817796
 10
732.9661486069197
 20
14506.998632805098
 10
732.1996103629044
 20
14506.873283077217
 10
731.490888333233
 20
14506.555467850276
 10
730.8786607491888
 20
14506.05680598023
 10
752.4313688538707
 20
14500.96996541379
 10
752.775929990549
 20
14502.42985500656
  0
LWPOLYLINE
  5
134
330
17
100
AcDbEntity
  8
SIDEWALK_PATH
100
AcDbPolyline
 90
7
 70
1
 10
761.3506822540721
 20
14489.31448533301
 10
759.762008593409
 20
14488.80229953816
 10
761.8537887454337
 20
14482.31411485046
 10
762.291210124802
 20
14482.939090146816
 10
762.5540758071274
 20
14483.642770114857
 10
762.6340028467712
 20
14484.389680773971
 10
762.5226082980937
 20
14485.14434814355
  0
LWPOLYLINE
  5
135
330
17
100
AcDbEntity
  8
SIDEWALK_PATH
100
AcDbPolyline
 90
17
 70
1
 10
756.0742093111974
 20
14500.53737519456
 10
755.2933334358654
 20
14501.11635780469
 10
754.380190860894
 20
14501.68074240359
 10
753.6738522904142
 20
14502.04663188574
 10
753.1283385540775
 20
14502.28903147995
 10
752.775929990549
 20
14502.42985500656
 10
752.4313688538707
 20
14500.96996541379
 10
752.5315440404329
 20
14500.94632220383
 10
754.0316025268595
 20
14500.371474357938
 10
755.3055155878228
 20
14499.437941675751
 10
756.2919416064697
 20
14498.204531174199
 10
756.9295389659468
 20
14496.73004987021
 10
756.970874954993
 20
14496.58296145447
 10
758.6434358961551
 20
14497.68084597458
 10
758.4064192404497
 20
14498.04192657411
 10
757.6625003204443
 20
14499.00150849941
 10
756.8888252856843
 20
14499.81915436888
  0
LWPOLYLINE
  5
136
330
17
100
AcDbEntity
  8
ROAD
100
AcDbPolyline
 90
14
 70
1
 10
759.0160884825693
 20
14506.06710566492
 10
758.654865229109
 20
14505.992982831418
 10
758.288653928811
 20
14505.963762739535
 10
757.9216168977026
 20
14505.979521801395
 10
757.557916451811
 20
14506.04033642912
 10
754.4855702328819
 20
14506.75055062254
 10
750.1414284026307
 20
14507.75475749449
 10
737.1820682705423
 20
14510.82891266301
 10
736.1271509906746
 20
14506.35927696073
 10
753.4237224085357
 20
14502.27696392974
 10
755.2324818083848
 20
14501.611654508459
 10
756.8092586289165
 20
14500.550442814521
 10
758.0913588577662
 20
14499.147369614615
 10
759.0160884825691
 20
14497.45647567542
  0
LWPOLYLINE
  5
137
330
17
100
AcDbEntity
  8
SIDEWALK_PATH
100
AcDbPolyline
 90
56
 70
1
 10
755.217082459739
 20
14531.876110882034
 10
755.3364793968021
 20
14531.952331756822
 10
755.4698165259028
 20
14531.991590951166
 10
755.6088090729656
 20
14531.99266155769
 10
755.7451722639153
 20
14531.954316669016
 10
755.8653281876367
 20
14531.879297975825
 10
755.958108637406
 20
14531.775799847928
 10
756.0188433957348
 20
14531.650774396649
 10
756.0428622451349
 20
14531.5111737333
 10
756.7607103785834
 20
14506.22462134623
 10
757.2975212410141
 20
14506.10053028796
 10
757.3088138131351
 20
14506.32989691329
 10
757.3328808218175
 20
14506.97823581774
 10
757.3188744139493
 20
14507.47783753845
 10
756.9539766838586
 20
14516.77324323252
 10
756.1758445387128
 20
14532.69463576159
 10
756.095642139958
 20
14534.33565965758
 10
756.0646126742655
 20
14534.9708275571
 10
756.0050676139522
 20
14536.18970484174
 10
755.910122126565
 20
14536.18700947862
 10
755.9447358586378
 20
14534.96772379884
 10
755.9261538853305
 20
14534.745372718537
 10
755.859801541966
 20
14534.535129371405
 10
755.7490076051429
 20
14534.34452611318
 10
755.5971008514597
 20
14534.181095299598
 10
748.9583761276349
 20
14528.47296455478
 10
748.8386826244348
 20
14528.396608987037
 10
748.7050150849418
 20
14528.357392041577
 10
748.5657159422508
 20
14528.356538360602
 10
748.4291276294568
 20
14528.395272586322
 10
748.3089136677853
 20
14528.47080609447
 10
748.2162927518369
 20
14528.574855822268
 10
748.1559400747703
 20
14528.700404754149
 10
748.1325308297438
 20
14528.840435874552
 10
747.6498424606982
 20
14549.54326407363
 10
747.6580053849433
 20
14549.64565150981
 10
747.6865259640547
 20
14549.743236487497
 10
747.7341919513914
 20
14549.833037405946
 10
747.7997911003125
 20
14549.912072664412
 10
747.8801528077712
 20
14549.976039971643
 10
747.9709107723502
 20
14550.02185747014
 10
748.0690591998534
 20
14550.048374209788
 10
748.1715922960851
 20
14550.054439240475
 10
746.7609597049577
 20
14550.35061975883
 10
746.2190399043891
 20
14550.42301146335
 10
746.3092530146868
 20
14550.34462136681
 10
746.3774943586736
 20
14550.248493295529
 10
746.4213443007366
 20
14550.139064461584
 10
746.4383832052623
 20
14550.020772077056
 10
746.9693946535442
 20
14527.24533456803
 10
746.9499411212039
 20
14527.024344918083
 10
746.8833016748471
 20
14526.815491094661
 10
746.772767209797
 20
14526.62616896863
 10
746.6216286213775
 20
14526.46377441086
 10
730.3286100225268
 20
14512.4546560547
 10
732.1318610972685
 20
14512.02689777381
  0
LWPOLYLINE
  5
138
330
17
100
AcDbEntity
  8
SIDEWALK_PATH
100
AcDbPolyline
 90
10
 70
1
 10
720.5910939302477
 20
14541.26346882001
 10
720.3599357752512
 20
14540.27975526587
 10
726.3942008576306
 20
14538.86217233476
 10
726.6048915677359
 20
14539.75906851406
 10
731.3745010382775
 20
14538.66364094571
 10
732.6499318523196
 20
14544.25669822033
 10
732.2727605281649
 20
14544.34334009797
 10
731.09
 20
14539.31
 10
725.9305339213224
 20
14540.52239832759
 10
725.8161567125461
 20
14540.03565623951
  0
LWPOLYLINE
  5
139
330
17
100
AcDbEntity
  8
SIDEWALK_PATH
100
AcDbPolyline
 90
8
 70
1
 10
734.6642587665012
 20
14552.90241575392
 10
734.3039144871365
 20
14552.9870913419
 10
734.3154368283725
 20
14553.03612632651
 10
733.2446045106358
 20
14553.28775658437
 10
731.8949535203101
 20
14547.54419998779
 10
732.9657860042115
 20
14547.29257017731
 10
732.7009858088932
 20
14546.16568993195
 10
733.1084929044466
 20
14546.07184496597
  0
LWPOLYLINE
  5
13A
330
17
100
AcDbEntity
  8
SIDEWALK_PATH
100
AcDbPolyline
 90
22
 70
1
 10
739.0529999977383
 20
14570.48099999697
 10
733.9799999986826
 20
14571.66799999342
 10
734.1689999999999
 20
14572.612
 10
728.6100000000012
 20
14573.853
 10
728.718
 20
14574.609
 10
721.3307758720664
 20
14576.22816229743
 10
720.7917391589168
 20
14573.91962706346
 10
723.2086086306346
 20
14573.37236375012
 10
723.6106895554632
 20
14575.08345406397
 10
727.8592912088562
 20
14574.08509549769
 10
727.5690005858701
 20
14572.84973835623
 10
733.2152088076882
 20
14571.5229630884
 10
733.1008315683463
 20
14571.03622074038
 10
732.8492016968291
 20
14569.96538816492
 10
737.4245772881253
 20
14568.89024246956
 10
737.6762451634155
 20
14569.96106610035
 10
738.2602976165047
 20
14569.82382241279
 10
736.3742279982822
 20
14561.79748394095
 10
735.3033941160314
 20
14562.04911407819
 10
733.9766185796686
 20
14556.40290591144
 10
735.0441095337395
 20
14556.13704548157
 10
735.4048401638998
 20
14556.05227911104
  0
LWPOLYLINE
  5
13C
330
17
100
AcDbEntity
  8
SIDEWALK_PATH
100
AcDbPolyline
 90
28
 70
1
 10
758.1725787293158
 20
14535.78015020844
 10
758.357114018526
 20
14535.946692510537
 10
758.4932001747601
 20
14536.150340692551
 10
758.5757302481894
 20
14536.38095034312
 10
758.5995972889856
 20
14536.628377050885
 10
758.5617318363054
 20
14536.874051263707
 10
758.4662518832565
 20
14537.099607470718
 10
758.3188316609372
 20
14537.295207322475
 10
758.1251454004457
 20
14537.45101246953
 10
757.9210162834024
 20
14544.64156068067
 10
757.829131558222
 20
14547.5912789194
 10
755.5802224010389
 20
14547.52122463519
 10
755.6720104736875
 20
14544.57460917262
 10
755.910122126565
 20
14536.18700947862
 10
756.0050676139522
 20
14536.18970484174
 10
756.0646126742655
 20
14534.9708275571
 10
756.095642139958
 20
14534.33565965758
 10
756.1758445387128
 20
14532.69463576159
 10
756.9539766838586
 20
14516.77324323252
 10
757.3188744139493
 20
14507.47783753845
 10
757.3328808218175
 20
14506.97823581774
 10
757.3088138131351
 20
14506.32989691329
 10
757.2975212410141
 20
14506.10053028796
 10
757.557916451811
 20
14506.04033642912
 10
757.9216168977026
 20
14505.979521801395
 10
758.288653928811
 20
14505.963762739535
 10
758.654865229109
 20
14505.992982831418
 10
759.0160884825693
 20
14506.06710566492
  0
LWPOLYLINE
  5
13D
330
17
100
AcDbEntity
  8
SIDEWALK_PATH
100
AcDbPolyline
 90
16
 70
1
 10
744.7363291026734
 20
14550.76649840381
 10
740.3283613090632
 20
14551.67193748541
 10
740.4224067864498
 20
14551.642721059512
 10
740.5081317751238
 20
14551.59615599956
 10
740.5831856273544
 20
14551.533834271751
 10
740.6452176954101
 20
14551.45734784229
 10
740.6910587388226
 20
14551.37018850488
 10
740.7187489701023
 20
14551.27664530853
 10
740.727751920987
 20
14551.179506102402
 10
740.7175311232141
 20
14551.08155873566
 10
740.5163220650217
 20
14550.10201063062
 10
743.9447414600518
 20
14549.39778023382
 10
744.1459506037218
 20
14550.37732875499
 10
744.223599284545
 20
14550.56006490927
 10
744.3605402041069
 20
14550.694184933269
 10
744.537780948214
 20
14550.767169280334
  0
LWPOLYLINE
  5
13E
330
17
100
AcDbEntity
  8
SIDEWALK_PATH
100
AcDbPolyline
 90
9
 70
1
 10
750.7132160237759
 20
14549.53878820762
 10
748.7855903072414
 20
14549.93474111385
 10
748.8390561054953
 20
14549.587864277411
 10
749.0030868163025
 20
14549.28865402386
 10
749.2580003592745
 20
14549.061823832906
 10
749.5841146540233
 20
14548.932087184263
 10
749.9349640547622
 20
14548.92276896331
 10
750.2586508596321
 20
14549.030749064586
 10
750.5273449041358
 20
14549.24107348154
  0
LWPOLYLINE
  5
13F
330
17
100
AcDbEntity
  8
SIDEWALK_PATH
100
AcDbPolyline
 90
7
 70
1
 10
759.9300000000001
 20
14553.48
 10
758.6611333204352
 20
14553.42371022469
 10
758.3934411010945
 20
14553.447968429131
 10
758.1459565506661
 20
14553.540518716623
 10
757.9313203956211
 20
14553.694614399117
 10
757.7621733624303
 20
14553.90350878856
 10
757.8199999999999
 20
14552.6
  0
LWPOLYLINE
  5
140
330
17
100
AcDbEntity
  8
SIDEWALK_PATH
100
AcDbPolyline
 90
6
 70
1
 10
755.3143524959648
 20
14552.71165250219
 10
755.1419104796156
 20
14552.451693586092
 10
754.9038275684063
 20
14552.261119995303
 10
754.6194229757243
 20
14552.151048228814
 10
754.3080159149565
 20
14552.13259478562
 10
755.35
 20
14551.92
  0
LWPOLYLINE
  5
142
330
17
100
AcDbEntity
  8
SIDEWALK_PATH
100
AcDbPolyline
 90
16
 70
1
 10
757.76217336243
 20
14553.90350878856
 10
757.7024954654146
 20
14554.017732554588
 10
757.6581538912235
 20
14554.138176226057
 10
757.6296035825669
 20
14554.26330708985
 10
757.6172994821551
 20
14554.39159243286
 10
757.5791417546162
 20
14555.61654625026
 10
757.5600665980018
 20
14556.42802791284
 10
755.3106879695906
 20
14556.37515271972
 10
755.3299650580963
 20
14555.55508061513
 10
755.4046035545804
 20
14553.15900734007
 10
755.4015495856607
 20
14553.04381628807
 10
755.3853389512402
 20
14552.930112640019
 10
755.3561978538359
 20
14552.819017632526
 10
755.3143524959648
 20
14552.71165250219
 10
755.35
 20
14551.92
 10
757.8199999999999
 20
14552.6
  0
LWPOLYLINE
  5
143
330
17
100
AcDbEntity
  8
SIDEWALK_PATH
100
AcDbPolyline
 90
18
 70
1
 10
759.9467952236197
 20
14553.48052317692
 10
757.8199999999999
 20
14552.6
 10
755.35
 20
14551.92
 10
754.3060457975007
 20
14552.11239530532
 10
753.6533487145979
 20
14548.93485660739
 10
754.774598587986
 20
14548.70454107353
 10
755.0886665617263
 20
14548.582131209096
 10
755.3384430591939
 20
14548.368959808025
 10
755.5058739450999
 20
14548.08647574942
 10
755.5729050841557
 20
14547.75612791238
 10
755.5802224010389
 20
14547.52122463519
 10
757.829131558222
 20
14547.5912789194
 10
757.8226608453491
 20
14547.7990041941
 10
757.889088463415
 20
14548.190507370788
 10
758.0933961264332
 20
14548.514887456377
 10
758.4044311347941
 20
14548.73898851543
 10
758.7910407888882
 20
14548.82965461251
 10
760.0904105241501
 20
14548.87013042117
  0
LWPOLYLINE
  5
144
330
17
100
AcDbEntity
  8
SIDEWALK_PATH
100
AcDbPolyline
 90
10
 70
1
 10
754.3060457975007
 20
14552.11239530532
 10
754.2564452493617
 20
14552.138981197832
 10
754.20527596774
 20
14552.148037931742
 10
747.4100779769934
 20
14553.53374675801
 10
746.7609597049577
 20
14550.35061975883
 10
748.1715922960851
 20
14550.05443924048
 10
748.2307881230076
 20
14550.048300444645
 10
748.7855903072414
 20
14549.93474111385
 10
750.7132160237763
 20
14549.53878820762
 10
753.6533487145979
 20
14548.93485660739
  0
LWPOLYLINE
  5
145
330
17
100
AcDbEntity
  8
SIDEWALK_PATH
100
AcDbPolyline
 90
23
 70
1
 10
707.8061684011684
 20
14965.99482366306
 10
706.205668298306
 20
14965.9413562698
 10
706.243993033416
 20
14964.84221091442
 10
706.7435085842103
 20
14964.85871010446
 10
707.0039904478979
 20
14957.06141196363
 10
707.291
 20
14957.071
 10
707.3089983486195
 20
14956.53223462152
 10
706.1096672899106
 20
14956.49217618753
 10
706.3033179119685
 20
14950.69540987449
 10
707.5026474007487
 20
14950.73547549087
 10
707.5193427587448
 20
14950.23575778907
 10
706.3200120088832
 20
14950.19568865373
 10
706.5081790215766
 20
14944.56306936857
 10
707.7075099948122
 20
14944.60313504441
 10
707.7249229106114
 20
14944.08189460862
 10
706.5255919675284
 20
14944.04182894376
 10
706.7192426831874
 20
14938.2450626545
 10
707.91857344257
 20
14938.28513381829
 10
707.9367835932755
 20
14937.74002838143
 10
707.6497742119839
 20
14937.73044035729
 10
707.913
 20
14929.851
 10
707.9497268613576
 20
14928.75161329809
 10
709.0491135406693
 20
14928.78834015868
  0
LWPOLYLINE
  5
146
330
17
100
AcDbEntity
  8
SIDEWALK_PATH
100
AcDbPolyline
 90
18
 70
1
 10
729.5196057618945
 20
14913.75122742393
 10
727.5390479445784
 20
14913.92938795129
 10
727.6745364244262
 20
14915.43557347982
 10
721.3948915982544
 20
14916.00045713675
 10
721.3479501316284
 20
14915.47862259558
 10
714.5726016128784
 20
14916.08809714028
 10
714.5009616955887
 20
14915.29169733702
 10
722.0730929969765
 20
14914.61054858061
 10
722.1200000108947
 20
14915.13199999902
 10
726.8060792870876
 20
14914.71046507157
 10
726.6705908015027
 20
14913.20427955012
 10
728.6511486252647
 20
14913.02611902356
 10
728.6153114491697
 20
14912.62772765399
 10
727.4201372915912
 20
14912.73523920247
 10
726.882579550748
 20
14906.75936841444
 10
728.0777537223673
 20
14906.65185686469
 10
727.6629886497367
 20
14902.04103621998
 10
728.4597714311216
 20
14901.96936185413
  0
LWPOLYLINE
  5
147
330
17
100
AcDbEntity
  8
SIDEWALK_PATH
100
AcDbPolyline
 90
4
 70
1
 10
728.185399207421
 20
14898.91924702003
 10
727.3886164433729
 20
14898.99092138432
 10
726.9316921312982
 20
14893.91142887416
 10
727.728482906593
 20
14893.8397550346
  0
LWPOLYLINE
  5
148
330
17
100
AcDbEntity
  8
SIDEWALK_PATH
100
AcDbPolyline
 90
7
 70
1
 10
727.4686551950028
 20
14890.95141938397
 10
726.6718720526542
 20
14891.02309371956
 10
725.4766982574683
 20
14891.12060481135
 10
725.2007663907917
 20
14888.04253914609
 10
726.4137908827043
 20
14887.91386835922
 10
725.8713300866837
 20
14882.12369684282
 10
726.6680137097859
 20
14882.05203141094
  0
LWPOLYLINE
  5
149
330
17
100
AcDbEntity
  8
SIDEWALK_PATH
100
AcDbPolyline
 90
8
 70
1
 10
726.38960341235
 20
14878.955915529
 10
725.59282077758
 20
14879.02758988289
 10
725.0591818727281
 20
14873.09535949566
 10
723.8639813501026
 20
14873.20250274006
 10
723.3282621944967
 20
14867.22646684774
 10
724.521630763786
 20
14867.11948782801
 10
724.0365822452742
 20
14861.72734653128
 10
724.833363269113
 20
14861.65565314668
  0
LWPOLYLINE
  5
14A
330
17
100
AcDbEntity
  8
SIDEWALK_PATH
100
AcDbPolyline
 90
19
 70
1
 10
800.5433581337552
 20
14455.28157534713
 10
799.3743074359855
 20
14456.79222751071
 10
795.867155342677
 20
14461.32418400144
 10
788.8615625756162
 20
14470.37680237067
 10
788.0523213552076
 20
14469.79253520211
 10
794.5238769772621
 20
14460.54286751078
 10
798.4238636018098
 20
14454.9685850909
 10
799.9415545705308
 20
14452.7947906462
 10
800.0075486813087
 20
14452.718135392526
 10
800.086770626228
 20
14452.65686532238
 10
800.1766120210094
 20
14452.612608550737
 10
800.2744644813736
 20
14452.586993192574
 10
800.3754697735814
 20
14452.581591200425
 10
800.4745217096594
 20
14452.596384848104
 10
800.5686399739766
 20
14452.630617732506
 10
800.6548442509018
 20
14452.68353345052
 10
801.5020000000002
 20
14453.33
 10
804.8461966378051
 20
14449.04898932791
 10
805.6220922771018
 20
14449.76305119819
  0
LWPOLYLINE
  5
14D
330
17
100
AcDbEntity
  8
ROAD
100
AcDbPolyline
 90
55
 70
1
 10
747.8640355024683
 20
14922.71433017139
 10
748.5089846159456
 20
14922.673785818864
 10
749.123563183568
 20
14922.498747691323
 10
749.6871469032409
 20
14922.1975524842
 10
750.1791114728699
 20
14921.77853689293
 10
750.96
 20
14921.82
 10
750.75
 20
14930.04
 10
750.3398990993106
 20
14929.93928050283
 10
749.1823202808353
 20
14929.65498276944
 10
749.0295778819984
 20
14929.573042620223
 10
748.8724906638571
 20
14929.500117638101
 10
748.7114570331047
 20
14929.436378977247
 10
748.5468753964348
 20
14929.38199779183
 10
747.7001542781401
 20
14929.12910952366
 10
736.3526414990752
 20
14925.73997372357
 10
730.4364177929585
 20
14924.73837525356
 10
729.1471400531547
 20
14924.661058899908
 10
727.8851668956295
 20
14924.857786417519
 10
726.6933954382089
 20
14925.317088888421
 10
725.6147227987182
 20
14926.027497394642
 10
724.713021622541
 20
14926.952240546969
 10
724.0364861990562
 20
14928.035558499958
 10
723.6044961120823
 20
14929.237499651286
 10
723.4364309454379
 20
14930.51811239863
 10
722.9901452067643
 20
14950.19000727616
 10
713.8099999995794
 20
14949.73000001128
 10
714.0877279885251
 20
14942.28487871945
 10
718.070098471001
 20
14938.6078114514
 10
718.4259294790488
 20
14938.215660809661
 10
718.7054249795076
 20
14937.770639142502
 10
718.9029890125311
 20
14937.283678700707
 10
719.0130256182732
 20
14936.76571173506
 10
720.0061621087788
 20
14928.59602516532
 10
720.0488968042254
 20
14927.756244399423
 10
719.9744492361995
 20
14926.922754206182
 10
719.7847696184815
 20
14926.107726608345
 10
719.4818081648516
 20
14925.32333362866
 10
719.4733579320776
 20
14925.10876942761
 10
719.3029576375785
 20
14924.63908908448
 10
718.9738888217497
 20
14924.02094269619
 10
718.6787767239315
 20
14923.61769150441
 10
718.1895632066442
 20
14923.11666563381
 10
717.7937322428622
 20
14922.81178493778
 10
717.1970676287465
 20
14922.47233725318
 10
716.7190867632959
 20
14922.28452081368
 10
716.34
 20
14922.18
 10
715.5443718394332
 20
14922.0405549115
 10
715.3372185385772
 20
14922.0116757714
 10
715.2778867561326
 20
14921.99895775256
 10
715.2184309106054
 20
14921.986840716247
 10
715.1588555674066
 20
14921.975325568872
 10
715.0991652919469
 20
14921.96441321684
 10
709.285604530059
 20
14920.93195172133
 10
709.9344490425163
 20
14917.13389099898
 10
738.24
 20
14922.28
  0
LWPOLYLINE
  5
14E
330
17
100
AcDbEntity
  8
ROAD
100
AcDbPolyline
 90
15
 70
1
 10
718.6787767239315
 20
14923.61769150441
 10
718.9738888217497
 20
14924.02094269619
 10
719.3029576375785
 20
14924.63908908448
 10
719.4733579320776
 20
14925.10876942761
 10
719.5260572527241
 20
14925.30257162694
 10
718.7561884561188
 20
14924.15006405367
 10
717.7954114599107
 20
14923.184547412482
 10
716.6416854096045
 20
14922.460509415067
 10
715.3372185385771
 20
14922.0116757714
 10
715.5443718394332
 20
14922.0405549115
 10
716.34
 20
14922.18
 10
716.7190867632959
 20
14922.28452081368
 10
717.1970676287465
 20
14922.47233725318
 10
717.7937322428622
 20
14922.81178493778
 10
718.1895632066442
 20
14923.11666563381
  0
LWPOLYLINE
  5
14F
330
17
100
AcDbEntity
  8
ROAD
100
AcDbPolyline
 90
7
 70
1
 10
750.6943732930389
 20
14931.82154093707
 10
750.4836430879554
 20
14931.167270049393
 10
750.1700784570519
 20
14930.57100095235
 10
749.7314099935779
 20
14930.059699091413
 10
749.1823202808349
 20
14929.65498276944
 10
750.3398990993106
 20
14929.93928050283
 10
750.75
 20
14930.04
  0
LWPOLYLINE
  5
150
330
17
100
AcDbEntity
  8
ROAD
100
AcDbPolyline
 90
6
 70
1
 10
750.96
 20
14921.82
 10
750.1791114728702
 20
14921.77853689293
 10
750.4862549058977
 20
14921.395181176425
 10
750.7253679535605
 20
14920.969771416418
 10
750.8923536150725
 20
14920.511225560125
 10
750.9831148896471
 20
14920.02846155477
  0
LWPOLYLINE
  5
151
330
17
100
AcDbEntity
  8
SIDEWALK_PATH
100
AcDbPolyline
 90
9
 70
1
 10
751.3020329678836
 20
14903.83404354018
 10
742.4593482286327
 20
14903.83404354018
 10
742.309674315829
 20
14903.845307321357
 10
742.1641668850909
 20
14903.878602294248
 10
742.0252359107993
 20
14903.933183902891
 10
741.895291367335
 20
14904.008307591326
 10
741.4926423431893
 20
14903.99949907295
 10
741.6219235450758
 20
14900.83832669123
 10
751.3644573439927
 20
14901.05735430008
  0
LWPOLYLINE
  5
152
330
17
100
AcDbEntity
  8
SIDEWALK_PATH
100
AcDbPolyline
 90
8
 70
1
 10
726.866839925252
 20
14606.65361563131
 10
724.2297433809681
 20
14607.288499451
 10
724.0130279788068
 20
14606.38880544099
 10
728.0718972746962
 20
14605.44479738762
 10
727.6518751944761
 20
14606.34236152642
 10
727.4642396808936
 20
14606.440849990184
 10
727.2703644384903
 20
14606.525749780372
 10
727.0709857567739
 20
14606.596768969808
  0
LWPOLYLINE
  5
153
330
17
100
AcDbEntity
  8
ROAD
100
AcDbPolyline
 90
37
 70
1
 10
755.3707239906004
 20
14605.11163014618
 10
755.3925015106662
 20
14605.35644248787
 10
755.4047416829583
 20
14605.91753096219
 10
753.1444339610204
 20
14606.07422670139
 10
750.0381973282075
 20
14606.7163311477
 10
749.820488658569
 20
14606.788158201593
 10
749.6271553346595
 20
14606.905914100415
 10
749.465246928775
 20
14607.064122488133
 10
749.3418130132114
 20
14607.257307008722
 10
748.9649999975506
 20
14608.03000000186
 10
737.673
 20
14610.729
 10
736.0174619024119
 20
14610.21986810736
 10
735.8852345957704
 20
14610.188852739986
 10
735.750641639334
 20
14610.176058001123
 10
735.6155528692901
 20
14610.181534630825
 10
735.4818381218258
 20
14610.205333369144
 10
725.5294153365911
 20
14612.68408768234
 10
724.2297433809681
 20
14607.288499451
 10
726.866839925252
 20
14606.65361563131
 10
727.4518165335592
 20
14606.446803824178
 10
727.9766021929987
 20
14606.127940700182
 10
728.42549189519
 20
14605.708927913425
 10
728.7827806317525
 20
14605.201667118014
 10
729.028108883107
 20
14604.631769929983
 10
729.1503039474252
 20
14604.029987538703
 10
729.147441042953
 20
14603.415930958266
 10
729.0175953879365
 20
14602.80921120277
 10
725.9369510721233
 20
14593.33575239675
 10
743.157
 20
14589.211
 10
744.9300000000002
 20
14596.866
 10
745.4791156388044
 20
14598.07212684579
 10
746.0157298705927
 20
14598.94292653297
 10
746.4794796710806
 20
14599.902558094625
 10
747.2244518502218
 20
14600.621845333086
 10
748.1692673621367
 20
14601.045733676345
 10
749.2325471609456
 20
14601.119168552395
 10
755.6730318833286
 20
14600.41276742944
  0
LWPOLYLINE
  5
154
330
17
100
AcDbEntity
  8
SIDEWALK_PATH
100
AcDbPolyline
 90
18
 70
1
 10
754.4973785028988
 20
14624.53475864198
 10
754.0820059611734
 20
14633.05734954185
 10
754.0927822619104
 20
14633.26027088026
 10
754.1436551094878
 20
14633.454915304968
 10
754.232450151615
 20
14633.635442142822
 10
754.3569930360014
 20
14633.796010720662
 10
754.5114180380134
 20
14633.928094470586
 10
754.68748904452
 20
14634.025426373679
 10
754.8794761204847
 20
14634.085555080252
 10
755.0816493308708
 20
14634.106029240624
 10
750.9814487971449
 20
14635.13226075554
 10
751.2896625115965
 20
14635.011185081074
 10
751.5359123849399
 20
14634.80237558859
 10
751.7029484888652
 20
14634.52607983354
 10
751.7735208950628
 20
14634.202545371378
 10
753.1444339610204
 20
14606.07422670139
 10
755.4047416829583
 20
14605.91753096219
 10
754.7108285990483
 20
14620.15520134274
  0
LWPOLYLINE
  5
155
330
17
100
AcDbEntity
  8
SIDEWALK_PATH
100
AcDbPolyline
 90
40
 70
1
 10
736.9299739982299
 20
14641.76088174078
 10
733.4673898005872
 20
14642.52247116207
 10
736.8781204261287
 20
14657.23847648609
 10
725.582669820246
 20
14659.73938709677
 10
725.448801860137
 20
14659.13778225348
 10
730.843
 20
14657.937
 10
730.7398280667445
 20
14657.47221550698
 10
730.4895280007324
 20
14656.34736280404
 10
735.0716786400952
 20
14655.24362895596
 10
735.3410336697947
 20
14656.40579341845
 10
735.8372671104862
 20
14656.29078133634
 10
733.9270020642567
 20
14648.04871430239
 10
732.9728512527848
 20
14648.27854045229
 10
731.6149003265481
 20
14642.63974898526
 10
732.6843131809443
 20
14642.38215222633
 10
732.6443382346504
 20
14642.21615908007
 10
734.7688341304267
 20
14641.70431262071
 10
734.0485267493201
 20
14638.71031477715
 10
735.821090628858
 20
14638.33575867278
 10
740.4549239230545
 20
14637.35659478088
 10
750.9814487971449
 20
14635.13226075554
 10
755.0816493308708
 20
14634.10602924062
 10
758.0003510118481
 20
14634.10360979442
 10
757.8965955379471
 20
14638.60369734821
 10
754.7690798087455
 20
14638.60628988998
 10
754.3926160864999
 20
14638.679967682008
 10
754.0809694541964
 20
14638.88147050658
 10
753.863917672443
 20
14639.182494651415
 10
753.7712385018478
 20
14639.554736404236
 10
753.8163140516793
 20
14638.60707968139
 10
751.5636804716465
 20
14638.60894699307
 10
751.5018863521619
 20
14639.90785541625
 10
751.4863771225083
 20
14639.678617826272
 10
751.4201040226135
 20
14639.461650324636
 10
751.3066496518059
 20
14639.265193901274
 10
751.1495966094138
 20
14639.097489546113
 10
750.9584233687666
 20
14638.97004072923
 10
750.7460311117392
 20
14638.890312756155
 10
750.5211365004784
 20
14638.860489369998
 10
750.2924561971317
 20
14638.88275431387
  0
LWPOLYLINE
  5
156
330
17
100
AcDbEntity
  8
SIDEWALK_PATH
100
AcDbPolyline
 90
16
 70
1
 10
740.2238700481824
 20
14637.40541820567
 10
735.8210906288583
 20
14638.33575867278
 10
736.003385037375
 20
14638.257078369828
 10
736.1367289365767
 20
14638.119381529563
 10
736.2087103194807
 20
14637.94173104184
 10
736.2069171791043
 20
14637.74318979651
 10
736.0001748530791
 20
14636.76479437
 10
739.4245588458896
 20
14636.04119622891
 10
739.6313011719112
 20
14637.01959165542
 10
739.6610487085042
 20
14637.113470461063
 10
739.7080975620073
 20
14637.198930854183
 10
739.7708425062666
 20
14637.273631224853
 10
739.8476783151281
 20
14637.33522996314
 10
739.9350953400563
 20
14637.380577618373
 10
740.0287935269134
 20
14637.40773867851
 10
740.1259820411416
 20
14637.416192441597
  0
LWPOLYLINE
  5
157
330
17
100
AcDbEntity
  8
SIDEWALK_PATH
100
AcDbPolyline
 90
17
 70
1
 10
755.527076528541
 20
14623.45803089111
 10
758.2574780821769
 20
14623.52564696732
 10
758.3131803443443
 20
14621.27633657122
 10
755.6845128885943
 20
14621.21123985357
 10
755.4851435624097
 20
14621.186111206247
 10
755.2966191219115
 20
14621.1224358584
 10
755.1244302414392
 20
14621.022701190253
 10
754.9740675953325
 20
14620.889394582033
 10
754.8533854109016
 20
14620.728722905933
 10
754.7679336088956
 20
14620.549017580128
 10
754.7197464038122
 20
14620.35595280381
 10
754.710858010149
 20
14620.15520277617
 10
754.4973785028988
 20
14624.53475864198
 10
754.5035055436341
 20
14624.40904435813
 10
754.5982590495818
 20
14624.029769191817
 10
754.8216557084
 20
14623.72512890072
 10
755.1418700310621
 20
14623.524692971572
  0
LWPOLYLINE
  5
158
330
17
100
AcDbEntity
  8
SIDEWALK_PATH
100
AcDbPolyline
 90
13
 70
1
 10
756.2245463777926
 20
14600.35227656967
 10
755.6730318833285
 20
14600.41276742944
 10
755.8552069852816
 20
14595.7751813324
 10
755.9459778733435
 20
14595.74646522425
 10
756.0856435943376
 20
14596.026148553046
 10
756.2992205049959
 20
14596.24470269284
 10
756.5687677349299
 20
14596.388665533957
 10
756.8763444137513
 20
14596.44457496672
 10
758.918942364025
 20
14596.49169044053
 10
758.8966353226377
 20
14597.44066063239
 10
758.6743699207426
 20
14598.506616060811
 10
758.1077507602181
 20
14599.398615854678
 10
757.267551644692
 20
14600.03954202172
  0
LWPOLYLINE
  5
159
330
17
100
AcDbEntity
  8
SIDEWALK_PATH
100
AcDbPolyline
 90
16
 70
1
 10
759.2453468283733
 20
14582.60602529207
 10
757.5202403175531
 20
14582.50564455016
 10
757.322058926036
 20
14582.513813101992
 10
757.1311779737498
 20
14582.560315493709
 10
756.9530691179609
 20
14582.64323259611
 10
756.7932040159355
 20
14582.760645279996
 10
756.659651375215
 20
14582.907295480607
 10
756.5584875700484
 20
14583.075711319843
 10
756.4921957577642
 20
14583.260652948486
 10
756.4632590956908
 20
14583.45688051732
 10
756.6633416731318
 20
14579.21133407853
 10
756.7225291352568
 20
14579.601123060685
 10
756.9189223852251
 20
14579.92735588741
 10
757.2227256433163
 20
14580.156924496414
 10
757.6041431298099
 20
14580.2567208254
 10
759.2982537246052
 20
14580.35529797255
  0
LWPOLYLINE
  5
15A
330
17
100
AcDbEntity
  8
SIDEWALK_PATH
100
AcDbPolyline
 90
14
 70
1
 10
756.6633416731318
 20
14579.21133407853
 10
756.4632590956908
 20
14583.45688051732
 10
755.9005133858147
 20
14595.3977655012
 10
755.9002601139048
 20
14595.486194402758
 10
755.9077977192846
 20
14595.574129506353
 10
755.9230592798117
 20
14595.661057538133
 10
755.9459778733437
 20
14595.74646522425
 10
755.8552069852816
 20
14595.7751813324
 10
755.6730318833285
 20
14600.41276742944
 10
753.3999211704117
 20
14600.6620853037
 10
755.1351710381269
 20
14563.84186841878
 10
755.3106879695906
 20
14556.37515271972
 10
757.5600665980018
 20
14556.42802791284
 10
757.3839259602992
 20
14563.92127687639
  0
LWPOLYLINE
  5
15B
330
17
100
AcDbEntity
  8
ROAD
100
AcDbPolyline
 90
5
 70
1
 10
746.0157298705928
 20
14598.94292653297
 10
745.4791156388044
 20
14598.07212684579
 10
744.9300000000002
 20
14596.866
 10
743.157
 20
14589.211
 10
743.2935176098799
 20
14589.18151271106
  0
LWPOLYLINE
  5
15C
330
17
100
AcDbEntity
  8
ROAD
100
AcDbPolyline
 90
19
 70
1
 10
769.0850979883785
 20
14612.80037711544
 10
758.5294877086723
 20
14612.54163919262
 10
758.617585119913
 20
14608.98418182442
 10
758.6182044712482
 20
14608.867478222022
 10
758.6142865754304
 20
14608.750882878629
 10
758.6058384515642
 20
14608.634528019633
 10
758.5928671187544
 20
14608.51854587043
 10
758.6395363626336
 20
14608.09776973748
 10
758.686
 20
14606.22274999237
 10
757.3807090747235
 20
14605.86684114645
 10
755.3925015106662
 20
14605.35644248787
 10
755.3707239906004
 20
14605.11163014618
 10
755.6730318833286
 20
14600.41276742944
 10
756.2245463777926
 20
14600.35227656967
 10
758.8280000000001
 20
14600.318
 10
758.8966353226377
 20
14597.44066063239
 10
759.0702350626666
 20
14590.05550471942
 10
769.6327465684428
 20
14590.30481078607
 10
769.535107057684
 20
14594.44156714216
  0
LWPOLYLINE
  5
15D
330
17
100
AcDbEntity
  8
SIDEWALK_PATH
100
AcDbPolyline
 90
4
 70
1
 10
772.133614695182
 20
14599.51899813555
 10
769.4155535284868
 20
14599.31893667508
 10
769.4674974640701
 20
14597.19980417824
 10
772.1967220374157
 20
14597.41336417738
  0
LWPOLYLINE
  5
15E
330
17
100
AcDbEntity
  8
SIDEWALK_PATH
100
AcDbPolyline
 90
3
 70
1
 10
769.3991244597808
 20
14599.98918572334
 10
769.4155535284868
 20
14599.31893667508
 10
772.1336148359942
 20
14599.51899814592
  0
LWPOLYLINE
  5
15F
330
17
100
AcDbEntity
  8
SIDEWALK_PATH
100
AcDbPolyline
 90
3
 70
1
 10
769.4674974640701
 20
14597.19980417824
 10
769.4847703108131
 20
14596.4951319112
 10
772.1967220374175
 20
14597.41336417738
  0
LWPOLYLINE
  5
160
330
17
100
AcDbEntity
  8
ROAD
100
AcDbPolyline
 90
47
 70
1
 10
770.5685108798486
 20
14551.57614123966
 10
770.1499056367688
 20
14568.39399777215
 10
769.6327465684428
 20
14590.30481078607
 10
759.0702350626666
 20
14590.05550471942
 10
759.8783001555032
 20
14555.6793777884
 10
760.22
 20
14544.71
 10
761.2323808401284
 20
14509.04838864139
 10
761.091015616962
 20
14508.048452739627
 10
760.6411921723479
 20
14507.173439796272
 10
759.9328899722343
 20
14506.490580531356
 10
759.0160884825693
 20
14506.067105664915
 10
759.0160884825693
 20
14497.45647567542
 10
759.0919262360957
 20
14497.258921014321
 10
759.1625004452633
 20
14497.059464664497
 10
759.2277754630799
 20
14496.858211772505
 10
759.2877156425534
 20
14496.655267484914
 10
759.3403523361915
 20
14496.46796707053
 10
759.6082223786909
 20
14495.88778976167
 10
759.8622683492538
 20
14495.24976650289
 10
760.0696426282544
 20
14494.63071321757
 10
761.1406803185135
 20
14490.52458872741
 10
761.4464031851388
 20
14489.34138561158
 10
770.7341543588664
 20
14492.00941204628
 10
770.2747419639696
 20
14493.876494274175
 10
769.9605373971185
 20
14495.770553676739
 10
769.7926109329355
 20
14497.683139944831
 10
769.7720328460434
 20
14499.605802769313
 10
770.2391620178296
 20
14516.42753363462
 10
770.459055089231
 20
14526.2047993457
 10
770.4650282840958
 20
14526.33820492357
 10
770.4769250364892
 20
14526.471146875096
 10
770.4947232766565
 20
14526.60342808253
 10
770.5184009348425
 20
14526.73485142812
 10
770.558
 20
14527.701
 10
771.2318873134637
 20
14528.14809216029
 10
771.5808973819649
 20
14528.476469018853
 10
771.9745321801321
 20
14528.744653143445
 10
772.4051311513933
 20
14528.948259638824
 10
772.8650337391766
 20
14529.082903609748
 10
774.39
 20
14529.48
 10
773.52
 20
14532.8
 10
773.1740016587822
 20
14532.92218822472
 10
771.3899539524606
 20
14533.55221904944
 10
771.1189608205215
 20
14533.698081442868
 10
770.9091725347139
 20
14533.913967027402
 10
770.7730333111223
 20
14534.182451332848
 10
770.7229873658309
 20
14534.48610988902
  0
LWPOLYLINE
  5
161
330
17
100
AcDbEntity
  8
SIDEWALK_PATH
100
AcDbPolyline
 90
4
 70
1
 10
770.5685059871265
 20
14551.57633780934
 10
773.3281710419952
 20
14551.76565362325
 10
773.300122318186
 20
14553.10997418134
 10
770.5350446599537
 20
14552.92067787456
  0
LWPOLYLINE
  5
162
330
17
100
AcDbEntity
  8
SIDEWALK_PATH
100
AcDbPolyline
 90
3
 70
1
 10
773.300122318186
 20
14553.10997418134
 10
770.5194940293643
 20
14553.54543897959
 10
770.5350446599537
 20
14552.92067787456
  0
LWPOLYLINE
  5
163
330
17
100
AcDbEntity
  8
SIDEWALK_PATH
100
AcDbPolyline
 90
3
 70
1
 10
773.3281847115862
 20
14551.76499846645
 10
770.5685091011279
 20
14551.57633802297
 10
770.5742876527329
 20
14550.93704572251
  0
LWPOLYLINE
  5
164
330
17
100
AcDbEntity
  8
ROAD
100
AcDbPolyline
 90
54
 70
1
 10
779.77
 20
14476.29
 10
773.9312169199508
 20
14485.08932331389
 10
772.9347332480778
 20
14486.723602839114
 10
772.0673786572397
 20
14488.42679656103
 10
771.332677557486
 20
14490.191275842473
 10
770.7341543588666
 20
14492.00941204628
 10
761.4464031851387
 20
14489.34138561158
 10
761.3506822540721
 20
14489.31448533301
 10
762.5226082980935
 20
14485.14434814355
 10
762.5567667220686
 20
14485.011152150591
 10
762.5847726979367
 20
14484.876601729984
 10
762.606586965382
 20
14484.740909843322
 10
762.6221702640883
 20
14484.6042894522
 10
762.7605937602972
 20
14484.11861926939
 10
762.7652764671777
 20
14484.00504959258
 10
762.7595169835505
 20
14483.83448353526
 10
762.740608661153
 20
14483.66283065279
 10
762.6846320428469
 20
14483.40395012669
 10
762.5017054623988
 20
14482.9399755447
 10
762.4606352125846
 20
14482.86424644051
 10
762.249275429548
 20
14482.55834815516
 10
762.0689959506032
 20
14482.36615038541
 10
761.888
 20
14482.208
 10
761.585121462683
 20
14482.01658391624
 10
761.4890049334855
 20
14481.97457683529
 10
761.4071306247315
 20
14481.912428256901
 10
761.3231752644924
 20
14481.853121042188
 10
761.2372119118235
 20
14481.79670870055
 10
761.1624553919696
 20
14481.74946335794
 10
763.991
 20
14476.373
 10
764.1013099058118
 20
14476.42656243634
 10
764.170912309417
 20
14476.46035880563
 10
764.4162839442122
 20
14476.55779134495
 10
764.6678851081965
 20
14476.62910817987
 10
764.7971495685282
 20
14476.66574844033
 10
765.323911021937
 20
14476.70314225905
 10
765.6239852290414
 20
14476.68723310038
 10
765.8695645008698
 20
14476.64818747521
 10
765.9777149507207
 20
14476.62094054913
 10
766.4494799741077
 20
14476.45829578957
 10
766.5632104861604
 20
14476.40707956176
 10
766.8095973236371
 20
14476.26494198726
 10
766.9663004547258
 20
14476.15894009217
 10
767.0553612777691
 20
14476.08720278351
 10
767.2980102254992
 20
14475.77566499539
 10
767.2208926647559
 20
14475.69483458639
 10
767.3409078585369
 20
14475.57363024874
 10
767.4537524811576
 20
14475.445906504487
 10
767.5591618457081
 20
14475.311980668423
 10
767.6568712652788
 20
14475.17217005534
 10
768.6387700125126
 20
14473.67847999512
 10
776.5037959614162
 20
14462.41788989702
 10
777.3964667296343
 20
14461.12636156845
 10
785.6197520981475
 20
14468.03623520615
  0
LWPOLYLINE
  5
165
330
17
100
AcDbEntity
  8
ROAD
100
AcDbPolyline
 90
21
 70
1
 10
765.8695645008698
 20
14476.64818747521
 10
765.6239852290414
 20
14476.68723310038
 10
765.323911021937
 20
14476.70314225905
 10
764.7971495685282
 20
14476.66574844033
 10
764.6678851081965
 20
14476.62910817987
 10
764.4162839442122
 20
14476.55779134495
 10
764.170912309417
 20
14476.46035880563
 10
764.1013099058118
 20
14476.42656243634
 10
763.991
 20
14476.373
 10
764.0412542865749
 20
14476.31183901933
 10
764.8783720873395
 20
14476.512039174228
 10
765.7214954767902
 20
14476.469312814796
 10
766.5194078656785
 20
14476.193598449396
 10
767.2208926647559
 20
14475.69483458639
 10
767.2980102254992
 20
14475.77566499539
 10
767.0553612777691
 20
14476.08720278351
 10
766.9663004547258
 20
14476.15894009217
 10
766.8095973236371
 20
14476.26494198726
 10
766.5632104861604
 20
14476.40707956176
 10
766.4494799741077
 20
14476.45829578957
 10
765.9777149507207
 20
14476.62094054913
  0
LWPOLYLINE
  5
166
330
17
100
AcDbEntity
  8
SIDEWALK_PATH
100
AcDbPolyline
 90
8
 70
1
 10
739.2450250862148
 20
14951.85973943297
 10
738.5113140292027
 20
14965.86504017359
 10
737.6586352004314
 20
14969.72967359626
 10
735.5478558231963
 20
14969.25738488945
 10
736.2808368553185
 20
14965.43348627947
 10
736.9981877504599
 20
14951.74047330522
 10
738.364072418244
 20
14926.34072321557
 10
740.5817059157719
 20
14927.00305876207
  0
LWPOLYLINE
  5
167
330
17
100
AcDbEntity
  8
SIDEWALK_PATH
100
AcDbPolyline
 90
15
 70
1
 10
735.820893612476
 20
14867.17647495957
 10
735.8365813470871
 20
14867.5268750267
 10
735.7820564681347
 20
14868.02628848454
 10
735.69983394879
 20
14868.33942677084
 10
735.5888049867244
 20
14868.62520499283
 10
735.4099660991506
 20
14868.53566923299
 10
735.5639251421533
 20
14867.550209998864
 10
735.3943261374723
 20
14866.592822509996
 10
734.9279314458776
 20
14865.739692614916
 10
734.191503428139
 20
14865.06700616215
 10
734.8486765589859
 20
14865.38169760204
 10
735.211304253744
 20
14865.71848881534
 10
735.4969347514267
 20
14866.14224729148
 10
735.5858701662893
 20
14866.32129935713
 10
735.7593812067018
 20
14866.82285686819
  0
LWPOLYLINE
  5
168
330
17
100
AcDbEntity
  8
SIDEWALK_PATH
100
AcDbPolyline
 90
42
 70
1
 10
740.2441877581508
 20
14868.22044545628
 10
740.1364149462762
 20
14868.232194911649
 10
740.0348274081497
 20
14868.26638792265
 10
739.9428584008618
 20
14868.321441456616
 10
739.8639411815037
 20
14868.39577248089
 10
728.3040760216073
 20
14881.93431583606
 10
727.5488778954436
 20
14881.97279354228
 10
727.220122104557
 20
14878.88120645772
 10
734.8882593441679
 20
14869.48373879529
 10
735.0506073076407
 20
14869.265244436576
 10
735.1922135434236
 20
14869.033421672373
 10
735.3122693683242
 20
14868.789740079053
 10
735.4099660991504
 20
14868.53566923299
 10
735.5888049867244
 20
14868.62520499283
 10
735.69983394879
 20
14868.33942677084
 10
735.7820564681347
 20
14868.02628848454
 10
735.8365813470871
 20
14867.5268750267
 10
735.820893612476
 20
14867.17647495957
 10
735.7593812067018
 20
14866.82285686819
 10
735.5858701662893
 20
14866.32129935713
 10
735.4969347514267
 20
14866.14224729148
 10
735.211304253744
 20
14865.71848881534
 10
734.8486765589859
 20
14865.38169760204
 10
734.2026013215963
 20
14865.04596884562
 10
734.1251542685521
 20
14865.025371265341
 10
734.0577522947002
 20
14864.985489446392
 10
733.9893322328752
 20
14864.947380645548
 10
733.9199288093694
 20
14864.91106480306
 10
727.2793568081594
 20
14861.54602732211
 10
727.1413563586608
 20
14861.488618458987
 10
726.997149515632
 20
14861.452560039468
 10
726.8491908682533
 20
14861.438275017228
 10
726.6999350057052
 20
14861.44618634594
 10
725.6208850062563
 20
14861.5847929014
 10
725.3825850106555
 20
14858.43776711309
 10
727.329474594989
 20
14858.1920566503
 10
736.464538394881
 20
14862.60631196506
 10
736.8999135126184
 20
14862.776264189743
 10
737.3536444400627
 20
14862.87614205842
 10
737.8173551806489
 20
14862.90477232624
 10
738.2826697378125
 20
14862.86098174836
 10
739.5782638724851
 20
14862.63618138086
  0
LWPOLYLINE
  5
169
330
17
100
AcDbEntity
  8
SIDEWALK_PATH
100
AcDbPolyline
 90
14
 70
1
 10
738.4343432619602
 20
14816.54607168402
 10
735.7150251624361
 20
14820.528349116
 10
735.5861811600802
 20
14820.44608240745
 10
737.6855855588547
 20
14817.15804925178
 10
737.7446830043173
 20
14817.027244038198
 10
737.7641614867715
 20
14816.88782000912
 10
737.7440410642075
 20
14816.74848717107
 10
737.6843417946158
 20
14816.617955530573
 10
737.5900474317283
 20
14816.509737763603
 10
737.4714127287023
 20
14816.433946745658
 10
737.3363642426654
 20
14816.394192782554
 10
737.1928285307453
 20
14816.39408618011
 10
738.6300567934854
 20
14816.18691968257
 10
738.6318208563495
 20
14816.2568776513
  0
LWPOLYLINE
  5
16A
330
17
100
AcDbEntity
  8
SIDEWALK_PATH
100
AcDbPolyline
 90
22
 70
1
 10
726.5847715981392
 20
14840.11845412319
 10
722.9210864284189
 20
14840.39743583484
 10
724.5506330808252
 20
14858.51262510367
 10
723.7539833527877
 20
14858.5843065543
 10
723.2573474532304
 20
14853.06482348094
 10
722.0621402599816
 20
14853.17196732333
 10
721.5264211043757
 20
14847.19593143101
 10
722.7183639637442
 20
14847.07310299999
 10
721.4219388822687
 20
14832.64925303901
 10
720.2256720144904
 20
14832.75649187547
 10
719.6899528588846
 20
14826.78045598315
 10
720.8845306686569
 20
14826.67336856157
 10
720.7430458688299
 20
14825.1140749175
 10
721.5398286080507
 20
14825.04240055544
 10
722.7208502757308
 20
14837.76786472512
 10
724.1204222090726
 20
14837.66129034943
 10
724.3487470094273
 20
14837.616779773056
 10
724.5580082867332
 20
14837.522258204084
 10
724.7402058930271
 20
14837.382513288465
 10
724.8873396803455
 20
14837.20233267215
 10
727.9397802767242
 20
14832.4216787436
 10
730.4683167544649
 20
14834.03614561559
  0
LWPOLYLINE
  5
16B
330
17
100
AcDbEntity
  8
SIDEWALK_PATH
100
AcDbPolyline
 90
11
 70
1
 10
730.4683167544649
 20
14834.03614561559
 10
727.9397802767242
 20
14832.4216787436
 10
735.5861811600802
 20
14820.44608240745
 10
735.7150251624361
 20
14820.528349116
 10
738.4343432619602
 20
14816.54607168402
 10
738.6318208563495
 20
14816.2568776513
 10
740.7797944639236
 20
14817.90766248856
 10
740.7405931754439
 20
14817.959835359705
 10
740.702540444972
 20
14818.012842265614
 10
740.6656495718795
 20
14818.066664248605
 10
740.6299338555383
 20
14818.12128235099
  0
LWPOLYLINE
  5
16C
330
17
100
AcDbEntity
  8
SIDEWALK_PATH
100
AcDbPolyline
 90
13
 70
1
 10
734.2911745048372
 20
14894.58713351848
 10
733.9212528387707
 20
14894.96925390961
 10
733.6088601455648
 20
14895.29194821494
 10
733.6903697849193
 20
14895.180298342351
 10
733.7376266350338
 20
14895.053026962369
 10
733.7489348131261
 20
14894.917737128482
 10
733.7225984364139
 20
14894.782031894174
 10
733.6601371374903
 20
14894.658710762596
 10
733.5682037090421
 20
14894.558813521498
 10
733.4528020084275
 20
14894.487303651267
 10
733.319935893005
 20
14894.44914463229
 10
728.5252579714731
 20
14893.7680832756
 10
728.4804614313884
 20
14893.2700933542
  0
LWPOLYLINE
  5
16D
330
17
100
AcDbEntity
  8
SIDEWALK_PATH
100
AcDbPolyline
 90
10
 70
1
 10
739.5042664212755
 20
14894.26595509955
 10
739.4286920181723
 20
14894.194598222655
 10
739.3409761337405
 20
14894.140881545198
 10
739.2441264606165
 20
14894.106244879154
 10
739.1411506914367
 20
14894.092128036506
 10
739.0374807917754
 20
14894.099601067266
 10
738.9386062438374
 20
14894.127945054086
 10
738.8476210152054
 20
14894.1759163579
 10
738.7676190734621
 20
14894.24227133964
 10
739.5410241706595
 20
14893.45146440016
  0
LWPOLYLINE
  5
16E
330
17
100
AcDbEntity
  8
SIDEWALK_PATH
100
AcDbPolyline
 90
22
 70
1
 10
733.205091463973
 20
14899.9299574572
 10
731.4526200140385
 20
14901.7218600116
 10
730.0860553910946
 20
14901.82306994843
 10
729.810740007977
 20
14898.77303995596
 10
729.9331895212565
 20
14898.75939052488
 10
730.1028889289366
 20
14898.72540688239
 10
730.2630485561037
 20
14898.663228537353
 10
730.4102032611435
 20
14898.57455641349
 10
730.5408879024418
 20
14898.46109143452
 10
733.6088601479752
 20
14895.29194821245
 10
733.9212528387707
 20
14894.96925390961
 10
734.2911745048372
 20
14894.58713351848
 10
728.4804614313884
 20
14893.2700933542
 10
728.2654383373517
 20
14890.87974504837
 10
735.616049111531
 20
14892.53024562231
 10
735.8718939371389
 20
14892.553883426297
 10
736.1214409521583
 20
14892.51267744708
 10
736.3526836405499
 20
14892.410215432197
 10
736.5536154862747
 20
14892.25008512919
 10
737.4090682457017
 20
14891.36642253084
 10
739.5410241706595
 20
14893.45146440016
 10
738.736405219025
 20
14894.27418751499
  0
LWPOLYLINE
  5
16F
330
17
100
AcDbEntity
  8
SIDEWALK_PATH
100
AcDbPolyline
 90
31
 70
1
 10
742.4960137981052
 20
14892.16165387793
 10
742.2736216197845
 20
14892.312430556036
 10
742.1019335662661
 20
14892.513142530845
 10
741.9887362479576
 20
14892.751781278077
 10
741.9418162752669
 20
14893.01633827345
 10
741.8727867710186
 20
14894.70424153525
 10
739.6246660123894
 20
14894.61230104022
 10
739.6196444960315
 20
14894.51830977584
 10
739.5973610217012
 20
14894.427692910436
 10
739.5586301449365
 20
14894.342793624757
 10
739.5042664212752
 20
14894.26595509955
 10
739.5410241706595
 20
14893.45146440016
 10
737.4090682457017
 20
14891.36642253084
 10
739.6113003640222
 20
14889.0915685025
 10
739.7254518615534
 20
14888.949851833013
 10
739.8114474764989
 20
14888.791143753442
 10
739.8675155533479
 20
14888.61956324444
 10
739.8918844365899
 20
14888.43922928666
 10
740.0879983090464
 20
14883.90444966716
 10
742.3358972023034
 20
14884.00166368721
 10
742.2550956146899
 20
14885.87005467935
 10
742.2664829746807
 20
14885.99993736274
 10
742.3101124671794
 20
14886.120579870983
 10
742.3829865608416
 20
14886.226161658637
 10
742.4821077243231
 20
14886.310862180253
 10
742.5997477428189
 20
14886.367076141689
 10
742.725819302964
 20
14886.390827123427
 10
742.8537862255749
 20
14886.381737891967
 10
742.9771123314673
 20
14886.3394312138
 10
751.7992313205419
 20
14881.95601547535
 10
751.6673409038126
 20
14887.6047283108
  0
LWPOLYLINE
  5
170
330
17
100
AcDbEntity
  8
SIDEWALK_PATH
100
AcDbPolyline
 90
4
 70
1
 10
740.7404171104791
 20
14922.39284316147
 10
738.4926848313918
 20
14922.29140359947
 10
739.1393896009101
 20
14906.47823643596
 10
741.3875103595378
 20
14906.570176931
  0
LWPOLYLINE
  5
171
330
17
100
AcDbEntity
  8
SIDEWALK_PATH
100
AcDbPolyline
 90
12
 70
1
 10
741.4926423431893
 20
14903.99949907295
 10
741.8952913673352
 20
14904.00830759133
 10
741.7193407002595
 20
14904.161428791986
 10
741.5851413186991
 20
14904.34848996062
 10
741.497256462972
 20
14904.561275314803
 10
741.4602493733966
 20
14904.791569072113
 10
741.4317122999917
 20
14905.52217451834
 10
741.4282567938541
 20
14905.573848764683
 10
741.3875103595378
 20
14906.570176931
 10
739.1393896009101
 20
14906.47823643596
 10
739.373802786447
 20
14900.7463861962
 10
741.6219235450758
 20
14900.83832669123
  0
LWPOLYLINE
  5
172
330
17
100
AcDbEntity
  8
SIDEWALK_PATH
100
AcDbPolyline
 90
7
 70
1
 10
741.6734729383545
 20
14899.57784553891
 10
741.6729591739183
 20
14899.644061572346
 10
741.6565715739603
 20
14899.99111618892
 10
741.6219235450758
 20
14900.83832669123
 10
739.373802786447
 20
14900.7463861962
 10
739.6246660123894
 20
14894.61230104022
 10
741.8727867710186
 20
14894.70424153525
  0
LWPOLYLINE
  5
173
330
17
100
AcDbEntity
  8
ROAD
100
AcDbPolyline
 90
10
 70
1
 10
767.680367625965
 20
14669.22000927763
 10
767.300605660668
 20
14684.22001468882
 10
766.6246037296823
 20
14710.63389684263
 10
756.0480577563396
 20
14710.36689663481
 10
756.5215347148045
 20
14692.08298568682
 10
757.8255787666811
 20
14641.68384026951
 10
758.0655200231195
 20
14631.27709620922
 10
758.529487708672
 20
14612.54163919262
 10
769.0850979883785
 20
14612.80037711544
 10
768.4
 20
14640.75
  0
LWPOLYLINE
  5
174
330
17
100
AcDbEntity
  8
SIDEWALK_PATH
100
AcDbPolyline
 90
25
 70
1
 10
743.9457880067076
 20
14720.40215904971
 10
730.966
 20
14723.195
 10
730.0877719181204
 20
14719.49781663875
 10
737.5066308331568
 20
14718.09028523921
 10
741.927763885751
 20
14717.25149268845
 10
744.8916988917056
 20
14716.68916475704
 10
750.2104035495403
 20
14715.1155656382
 10
750.2635885481319
 20
14713.97332470566
 10
750.2760461704189
 20
14714.183874520606
 10
750.3315678545426
 20
14714.385012433406
 10
750.4276104896353
 20
14714.570255326977
 10
750.5616309648286
 20
14714.733120084225
 10
750.7268223745314
 20
14714.86426204961
 10
750.9137220575936
 20
14714.95703934125
 10
751.1158032698097
 20
14715.00902300255
 10
751.3265392669739
 20
14715.017784076917
 10
755.9331821496345
 20
14714.72220045742
 10
755.8135062014353
 20
14719.23913338708
 10
750.9060240943076
 20
14719.55402024954
 10
750.5482414888821
 20
14719.64510080396
 10
750.2560252692426
 20
14719.85185475813
 10
750.0550630031097
 20
14720.148083865704
 10
749.9710422582033
 20
14720.507589880346
 10
750.0108229919013
 20
14719.61146051326
 10
747.5179803805202
 20
14719.77141288219
  0
LWPOLYLINE
  5
175
330
17
100
AcDbEntity
  8
SIDEWALK_PATH
100
AcDbPolyline
 90
17
 70
1
 10
741.9276540508532
 20
14717.25151351398
 10
737.5374830903826
 20
14718.08341495879
 10
737.4755368643899
 20
14718.09517606524
 10
737.5753569759523
 20
14718.072104917155
 10
737.6674795410031
 20
14718.029698396742
 10
737.7491532895593
 20
14717.969579524814
 10
737.8176269516382
 20
14717.893371322185
 10
737.8691344643286
 20
14717.80480886579
 10
737.9012772549944
 20
14717.708622998984
 10
737.9133552890655
 20
14717.607930392214
 10
737.9046685319715
 20
14717.50584771593
 10
737.7182711136317
 20
14716.52339176551
 10
741.156419289269
 20
14715.86830618151
 10
741.3433277981934
 20
14716.85345596745
 10
741.418193072392
 20
14717.037318602304
 10
741.553063683854
 20
14717.173483327671
 10
741.7291479156506
 20
14717.24914875956
  0
LWPOLYLINE
  5
176
330
17
100
AcDbEntity
  8
SIDEWALK_PATH
100
AcDbPolyline
 90
10
 70
1
 10
727.181
 20
14711.426
 10
726.1690809961242
 20
14711.66678160955
 10
725.0533158342234
 20
14706.92487919981
 10
719.856829268184
 20
14708.14716040804
 10
719.7484399853512
 20
14707.68641999573
 10
714.2973067415387
 20
14708.91804388562
 10
714.10925
 20
14708.08571
 10
709.4556157332779
 20
14709.20933884064
 10
709.2777129167631
 20
14708.47253446794
 10
725.605000000001
 20
14704.822
  0
LWPOLYLINE
  5
177
330
17
100
AcDbEntity
  8
SIDEWALK_PATH
100
AcDbPolyline
 90
8
 70
1
 10
729.2294350389819
 20
14719.69974046703
 10
728.1202227209834
 20
14719.96068276494
 10
728.0727570262686
 20
14719.75891580848
 10
727.0814707480087
 20
14719.99485006256
 10
725.9471475875118
 20
14715.22795263528
 10
726.937876709527
 20
14714.99214973086
 10
726.5440938091205
 20
14713.33677537311
 10
727.5770250311547
 20
14713.09110524463
  0
LWPOLYLINE
  5
178
330
17
100
AcDbEntity
  8
ROAD
100
AcDbPolyline
 90
34
 70
1
 10
795.9657512812935
 20
14453.24879329545
 10
792.0657802976353
 20
14458.82305335989
 10
785.6197520981475
 20
14468.03623520615
 10
777.3964667296343
 20
14461.12636156845
 10
786.8671453915965
 20
14447.42405359759
 10
787.0964716390621
 20
14447.03173290958
 10
787.263143489893
 20
14446.611720318531
 10
787.3648449765712
 20
14446.171439850981
 10
787.399260131579
 20
14445.718315533468
 10
787.3513162432549
 20
14445.184082035223
 10
787.2104551872014
 20
14444.670850804114
 10
786.9811328767963
 20
14444.190580659664
 10
786.6678052254173
 20
14443.7552304214
 10
789.339413222073
 20
14439.89622472071
 10
789.7930551121717
 20
14440.02156996449
 10
790.2578771979596
 20
14440.07432046431
 10
790.7252489141073
 20
14440.054174357672
 10
791.1865396952853
 20
14439.960829782085
 10
791.6724246429741
 20
14439.775183716629
 10
792.1158335362855
 20
14439.510628372727
 10
792.5073183444058
 20
14439.173967383502
 10
792.8374310365211
 20
14438.772004382077
 10
798.7067174068524
 20
14430.20717903672
 10
800.1032396332317
 20
14427.833967925493
 10
801.1564228581042
 20
14425.303615744504
 10
801.8537932305044
 20
14422.65304002804
 10
802.1828768994665
 20
14419.9191583104
 10
802.3384450532021
 20
14416.86571899414
 10
813.7074360416674
 20
14427.93045971752
 10
813.4811013963275
 20
14428.17287455683
 10
813.2650991962835
 20
14428.424352229173
 10
813.0597010867003
 20
14428.684562887469
 10
812.8651787127426
 20
14428.953176684638
 10
804.35
 20
14441.24
  0
LWPOLYLINE
  5
179
330
17
100
AcDbEntity
  8
SIDEWALK_PATH
100
AcDbPolyline
 90
29
 70
1
 10
801.5020000000002
 20
14453.33
 10
800.6548442509021
 20
14452.68353345052
 10
800.5686399739767
 20
14452.630617732506
 10
800.4745217096595
 20
14452.596384848104
 10
800.3754697735814
 20
14452.581591200425
 10
800.2744644813736
 20
14452.586993192574
 10
800.1766120210094
 20
14452.612608550737
 10
800.0867706262281
 20
14452.65686532238
 10
800.0075486813088
 20
14452.718135392526
 10
799.941554570531
 20
14452.7947906462
 10
798.4238636018098
 20
14454.9685850909
 10
794.5238769772621
 20
14460.54286751078
 10
788.0523213552076
 20
14469.79253520211
 10
785.6197520981475
 20
14468.03623520615
 10
792.0657802976353
 20
14458.82305335989
 10
795.9657512812935
 20
14453.24879329545
 10
804.3500000000001
 20
14441.24
 10
812.8651787127426
 20
14428.95317668464
 10
814.049224535008
 20
14427.599457753742
 10
815.4867814489803
 20
14426.55535303005
 10
817.1192798968146
 20
14425.854158782522
 10
818.8881503206653
 20
14425.52917128012
 10
806.8127778220233
 20
14442.95311191169
 10
803.6269229044934
 20
14447.51622381266
 10
803.5489330645287
 20
14447.692872248646
 10
803.5428633486885
 20
14447.879509946502
 10
803.6054844762851
 20
14448.055433413074
 10
803.733567166631
 20
14448.1999391552
 10
804.8461966378051
 20
14449.04898932791
  0
LWPOLYLINE
  5
17A
330
17
100
AcDbEntity
  8
SIDEWALK_PATH
100
AcDbPolyline
 90
11
 70
1
 10
761.3506822540719
 20
14489.31448533301
 10
759.340055781933
 20
14496.46902231796
 10
759.0556788629365
 20
14497.00727845228
 10
758.8025709733777
 20
14497.43841326908
 10
758.6434358961554
 20
14497.68084597458
 10
756.9708749549931
 20
14496.58296145447
 10
757.3198524024733
 20
14495.87866151501
 10
757.6404348339503
 20
14495.23166788057
 10
757.836966231242
 20
14494.77330483969
 10
758.0585278788662
 20
14494.0860754059
 10
759.7620085934091
 20
14488.80229953816
  0
LWPOLYLINE
  5
17B
330
17
100
AcDbEntity
  8
ROAD
100
AcDbPolyline
 90
23
 70
1
 10
725.6369185364354
 20
14508.36557712126
 10
725.2457419539861
 20
14508.67436414934
 10
725.1068926810435
 20
14508.75342476264
 10
724.8411799981689
 20
14508.87094000061
 10
723.5909060246504
 20
14509.1720132824
 10
724.1494255354871
 20
14508.955014549747
 10
724.649489338954
 20
14508.635405117697
 10
725.0772883988909
 20
14508.22406345811
 10
725.4190136791373
 20
14507.731868042858
 10
725.6810605300158
 20
14507.097978744687
 10
725.791790652122
 20
14506.429743920478
 10
725.7498463578145
 20
14505.753696868562
 10
725.5538699594515
 20
14505.096370887271
 10
725.8508283445834
 20
14505.50681324687
 10
726.061782616657
 20
14505.86523847163
 10
726.1671090683703
 20
14506.12153796368
 10
726.2777921384319
 20
14506.65019122898
 10
726.2787742545854
 20
14506.98505365154
 10
726.2454761192664
 20
14507.23535975219
 10
726.2210982449899
 20
14507.32724070661
 10
726.0529847407453
 20
14507.80055107273
 10
725.9020181890317
 20
14508.05566426588
 10
725.7680290928557
 20
14508.22492526606
  0
LWPOLYLINE
  5
17C
330
17
100
AcDbEntity
  8
SIDEWALK_PATH
100
AcDbPolyline
 90
9
 70
1
 10
747.4100779769934
 20
14553.53374675801
 10
737.6701918430687
 20
14555.51995028011
 10
736.9299985791445
 20
14552.36999395343
 10
740.3283613090636
 20
14551.67193748541
 10
744.7363291026737
 20
14550.76649840381
 10
746.0391233906699
 20
14550.49889189694
 10
746.1328218127567
 20
14550.469819809343
 10
746.2190399043888
 20
14550.423011463354
 10
746.7609597049575
 20
14550.35061975883
  0
LWPOLYLINE
  5
17D
330
17
100
AcDbEntity
  8
ROAD
100
AcDbPolyline
 90
25
 70
1
 10
761.10261937315
 20
14937.109009888
 10
760.7573579821162
 20
14950.90001089511
 10
760.2955100260741
 20
14970.26943132456
 10
748.1349830622275
 20
14969.97947352519
 10
748.6719054987395
 20
14968.7219025331
 10
749.0313445781412
 20
14967.770212904536
 10
749.3084625202856
 20
14966.793267200726
 10
749.5019897525277
 20
14965.796389839948
 10
749.6106567022223
 20
14964.78490524048
 10
749.9401338844726
 20
14959.69351646621
 10
750.6872276371122
 20
14932.33843088983
 10
750.6879874039139
 20
14932.21015479387
 10
750.6832661187971
 20
14932.082021941953
 10
750.6730740093067
 20
14931.954207861441
 10
750.6574213029877
 20
14931.82688807969
 10
750.75
 20
14930.04
 10
750.96
 20
14921.82
 10
751.0053345051144
 20
14920.02900007581
 10
750.9890478987282
 20
14919.965029566503
 10
750.9936321455141
 20
14919.901493060432
 10
750.9968663077012
 20
14919.837873542065
 10
750.9987490629859
 20
14919.77419251691
 10
751.096777854848
 20
14914.59863418088
 10
761.551696988329
 20
14914.82346531368
 10
761.1909003875851
 20
14931.60094286935
  0
LWPOLYLINE
  5
17E
330
17
100
AcDbEntity
  8
SIDEWALK_PATH
100
AcDbPolyline
 90
7
 70
1
 10
746.4476926068891
 20
14798.73809772416
 10
744.2004000779574
 20
14798.627751499
 10
745.724313599735
 20
14767.5919868667
 10
746.1425175578137
 20
14756.79432453753
 10
748.3939687736427
 20
14756.88152543168
 10
748.3887306463574
 20
14756.940727923617
 10
747.9721772209845
 20
14767.69070232246
  0
LWPOLYLINE
  5
17F
330
17
100
AcDbEntity
  8
SIDEWALK_PATH
100
AcDbPolyline
 90
24
 70
1
 10
743.0828874743235
 20
14816.39052718166
 10
743.0173189745399
 20
14816.394844872668
 10
742.9531534792368
 20
14816.407651327509
 10
742.8912095677873
 20
14816.428726618906
 10
742.8323058195649
 20
14816.45785081958
 10
741.6549804047291
 20
14817.13969105052
 10
741.4087595684889
 20
14817.298842713299
 10
741.1797718082332
 20
14817.480809723344
 10
740.969591861024
 20
14817.684210256488
 10
740.7797944639233
 20
14817.90766248856
 10
738.6318208563495
 20
14816.2568776513
 10
738.6300567934854
 20
14816.18691968257
 10
737.1928285307459
 20
14816.39408618011
 10
736.6830136375218
 20
14813.27484045523
 10
737.649583813949
 20
14813.11686256097
 10
738.799
 20
14812.929
 10
737.8711348936098
 20
14812.22507084525
 10
739.5772998166074
 20
14810.06505488469
 10
741.3522274568846
 20
14811.46704419218
 10
741.532128023886
 20
14811.580351482413
 10
741.7296651053584
 20
14811.652493549136
 10
741.9379195842403
 20
14811.681741598188
 10
742.1499723434697
 20
14811.66636683541
 10
742.2263322842447
 20
14811.65256206859
  0
LWPOLYLINE
  5
180
330
17
100
AcDbEntity
  8
SIDEWALK_PATH
100
AcDbPolyline
 90
5
 70
1
 10
719.6279999999999
 20
14796.946
 10
719.288618427076
 20
14800.01636112552
 10
718.510580886022
 20
14800.0838818995
 10
717.7728008057618
 20
14791.58248942896
 10
719.1846781596732
 20
14791.46822477924
  0
LWPOLYLINE
  5
181
330
17
100
AcDbEntity
  8
SIDEWALK_PATH
100
AcDbPolyline
 90
10
 70
1
 10
739.5772998166074
 20
14810.06505488469
 10
737.8711348936098
 20
14812.22507084525
 10
721.83163087653
 20
14800.05662693279
 10
721.6752490202754
 20
14799.959279522627
 10
721.5051268652346
 20
14799.89269506913
 10
721.3257313019913
 20
14799.858165821062
 10
721.1415292211283
 20
14799.8569840272
 10
719.288618427076
 20
14800.01636112552
 10
719.6279999999999
 20
14796.946
 10
722.566665212811
 20
14796.62860413204
  0
LWPOLYLINE
  5
182
330
17
100
AcDbEntity
  8
SIDEWALK_PATH
100
AcDbPolyline
 90
35
 70
1
 10
752.248
 20
14865.473
 10
743.852473118527
 20
14866.98798661519
 10
743.532846715916
 20
14867.104342598026
 10
743.2767644524585
 20
14867.314406319538
 10
743.103165852495
 20
14867.596485065358
 10
743.0309904403663
 20
14867.92888612112
 10
742.3358972023034
 20
14884.00166368721
 10
740.0879983090464
 20
14883.90444966716
 10
740.7437208455414
 20
14868.74204857184
 10
740.7378404818627
 20
14868.641013977738
 10
740.712086072156
 20
14868.544175300689
 10
740.6675433973377
 20
14868.454414679525
 10
740.6052982383236
 20
14868.374614253074
 10
740.5282617102504
 20
14868.30897934449
 10
740.4405094309203
 20
14868.2606000466
 10
740.3448739352488
 20
14868.23068565275
 10
740.2441877581508
 20
14868.22044545628
 10
739.5782638724851
 20
14862.63618138086
 10
740.8738580071564
 20
14862.41138101336
 10
741.1960191425682
 20
14862.296188186137
 10
741.4543196536658
 20
14862.08592821258
 10
741.629427735225
 20
14861.8026164227
 10
741.7020115820209
 20
14861.4682681465
 10
741.9478411177067
 20
14855.64335813143
 10
744.1958400465473
 20
14855.73823076148
 10
743.9888001490933
 20
14860.6440235859
 10
744.0046233531085
 20
14860.868297872863
 10
744.069083669977
 20
14861.080849476315
 10
744.1788564748252
 20
14861.273938181053
 10
744.3306171427803
 20
14861.439823771867
 10
744.5155919025847
 20
14861.56762701053
 10
744.7218098725393
 20
14861.65013437656
 10
744.9411507621077
 20
14861.685104231354
 10
745.1654942807535
 20
14861.67029493632
 10
752.368836857097
 20
14860.37043993713
  0
LWPOLYLINE
  5
183
330
17
100
AcDbEntity
  8
ROAD
100
AcDbPolyline
 90
39
 70
1
 10
833.5196585005984
 20
14414.195340959945
 10
831.0390376392635
 20
14416.011308697067
 10
829.465638653439
 20
14418.534866538079
 10
828.9192847527518
 20
14421.458122592676
 10
829.5197991468293
 20
14424.473184970548
 10
824.654374049715
 20
14427.24995461198
 10
824.5798905777001
 20
14427.37752753966
 10
824.4651670238909
 20
14427.28492747324
 10
824.333075722911
 20
14427.180584774105
 10
824.1988332363586
 20
14427.079055489798
 10
824.0624844925455
 20
14426.980372863016
 10
823.9240744197837
 20
14426.884570136463
 10
823.9609906190207
 20
14426.83001818435
 10
823.5695789916426
 20
14426.51889612156
 10
823.498
 20
14426.462
 10
822.9487793279249
 20
14426.10323318947
 10
822.5079070862756
 20
14425.86876141061
 10
822.2
 20
14425.71
 10
821.346916060459
 20
14425.42181805148
 10
821.028
 20
14425.327
 10
820.6191249567029
 20
14425.25749846428
 10
819.6662196417127
 20
14425.15859770501
 10
818.442
 20
14425.198
 10
816.956
 20
14425.521
 10
816.1200827514401
 20
14425.85387068164
 10
815.7214634540842
 20
14426.01260490738
 10
814.737
 20
14426.642
 10
813.9
 20
14427.46
 10
813.6272324330101
 20
14427.85240247077
 10
802.3384450532021
 20
14416.86571899414
 10
814.0779525506154
 20
14400.5630729247
 10
818.1361249634155
 20
14403.66579739028
 10
819.5684820720109
 20
14404.476911925949
 10
821.1382730865225
 20
14404.864860743568
 10
822.7546652595724
 20
14404.819866774682
 10
824.3268258437823
 20
14404.332152950836
 10
847.8000000000001
 20
14393.33
 10
861.0839994269521
 20
14387.23513942317
 10
866.5249310972571
 20
14398.69169591096
  0
LWPOLYLINE
  5
184
330
17
100
AcDbEntity
  8
ROAD
100
AcDbPolyline
 90
18
 70
1
 10
765.893
 20
14736.76
 10
765.7248601407498
 20
14745.13096146819
 10
755.2254813877234
 20
14744.92007003446
 10
755.7268338789886
 20
14722.51040947254
 10
755.7274885721076
 20
14722.419335541677
 10
755.725379194005
 20
14722.328304662084
 10
755.7205081575324
 20
14722.237379728655
 10
755.7128778755418
 20
14722.14662363628
 10
755.8135062014353
 20
14719.23913338708
 10
755.9692085481587
 20
14713.41175783996
 10
756.0258812953361
 20
14711.60952167914
 10
756.004893886242
 20
14711.514639930338
 10
756.0147969202062
 20
14711.420486874471
 10
756.0217241606938
 20
14711.326068225093
 10
756.0256693184774
 20
14711.231454448696
 10
756.0480577563396
 20
14710.36689663481
 10
766.6246037296823
 20
14710.63389684263
 10
766.3999667958617
 20
14719.41128818629
  0
LWPOLYLINE
  5
185
330
17
100
AcDbEntity
  8
SIDEWALK_PATH
100
AcDbPolyline
 90
70
 70
1
 10
708.2524743825069
 20
14706.90613445855
 10
706.9479763408269
 20
14705.88315139892
 10
709.8500807716653
 20
14702.18241607283
 10
723.5128554013725
 20
14683.50924790294
 10
723.6174272616486
 20
14683.329815797166
 10
723.6822042280439
 20
14683.134768425796
 10
723.7057497393287
 20
14682.930599032028
 10
723.6866272342733
 20
14682.723800859052
 10
723.6252119828893
 20
14682.525409020907
 10
723.5253773128114
 20
14682.345763338786
 10
723.3909337492453
 20
14682.190314116628
 10
723.2256918173961
 20
14682.064511658367
 10
705.7430505277349
 20
14670.9886197947
 10
706.3748165850941
 20
14669.92347167674
 10
716.3650765166603
 20
14676.13332617483
 10
716.5256663226636
 20
14676.196293285178
 10
716.693433230711
 20
14676.201501956766
 10
716.8535053385567
 20
14676.151006551181
 10
716.9910107439548
 20
14676.04686143001
 10
717.0850393021324
 20
14675.902249628885
 10
717.1239395639561
 20
14675.738971843117
 10
717.1067276706395
 20
14675.57200892381
 10
717.0324197633963
 20
14675.416341722066
 10
709.9684512087215
 20
14665.48787910476
 10
708.4101684870093
 20
14663.27098545206
 10
709.4087738051237
 20
14662.56905308325
 10
709.6330767018848
 20
14662.798690784639
 10
709.9113506888599
 20
14662.942906834462
 10
710.2205746274194
 20
14662.994046219235
 10
710.5377273789331
 20
14662.944453925476
 10
718.8644161198766
 20
14660.2212601703
 10
718.6391542871781
 20
14659.24281008946
 10
719.2117381765942
 20
14659.05554995275
 10
719.6852581865902
 20
14661.1056192816
 10
718.7244297114278
 20
14661.52958662725
 10
711.1773602303272
 20
14663.99781056599
 10
711.0706768894717
 20
14664.047239742269
 10
710.9795964454278
 20
14664.11911998994
 10
710.9075267180206
 20
14664.210050577118
 10
710.8578755270751
 20
14664.316630771908
 10
710.8344748332295
 20
14664.431856577226
 10
710.8384047149138
 20
14664.547817662607
 10
710.8689451686407
 20
14664.65975379609
 10
710.9253761909231
 20
14664.762904745714
 10
720.6814244646131
 20
14678.47510629761
 10
720.8703359332392
 20
14678.713961447427
 10
721.0819195463898
 20
14678.931903561475
 10
721.3144569260376
 20
14679.12733323552
 10
721.566229694155
 20
14679.29865106532
 10
724.773538888935
 20
14681.25055966698
 10
725.081813851213
 20
14681.373765799328
 10
725.4050481082918
 20
14681.390067197824
 10
725.7166092330096
 20
14681.302455634052
 10
725.9898647982052
 20
14681.11392287959
 10
726.2564301427518
 20
14680.85521585419
 10
727.3215220062236
 20
14681.91180886008
 10
727.1770067013297
 20
14682.08695576125
 10
727.0768464657835
 20
14682.287600566795
 10
727.024035875698
 20
14682.50554884587
 10
727.0215695071859
 20
14682.732606167629
 10
727.0705147153132
 20
14682.954339063112
 10
727.1668689265584
 20
14683.15683912917
 10
727.306021824153
 20
14683.332699533663
 10
727.4833630913284
 20
14683.474513444457
 10
726.6679061449879
 20
14684.73359516949
 10
725.959104490772
 20
14684.28520791507
 10
725.6056017505472
 20
14684.14664196511
 10
725.2380534420885
 20
14684.147841390863
 10
724.8956181244764
 20
14684.281375097937
 10
724.6174543567917
 20
14684.539811991937
  0
LWPOLYLINE
  5
186
330
17
100
AcDbEntity
  8
SIDEWALK_PATH
100
AcDbPolyline
 90
15
 70
1
 10
709.4556157332779
 20
14709.20933884064
 10
709.0679695229361
 20
14709.30293675507
 10
709.383794061098
 20
14710.61095934935
 10
708.010667534425
 20
14710.93398763892
 10
706.447729593884
 20
14706.52106118207
 10
706.9479763408274
 20
14705.88315139892
 10
708.2524743825068
 20
14706.90613445855
 10
708.1119901930541
 20
14707.176779080914
 10
708.0598550355886
 20
14707.470569251862
 10
708.0966118892237
 20
14707.766676787905
 10
708.2228037330731
 20
14708.044273505548
 10
708.4267058358108
 20
14708.271007383915
 10
708.6833614403535
 20
14708.423187014114
 10
708.9734654871785
 20
14708.492975130628
 10
709.2777129167631
 20
14708.47253446794
  0
LWPOLYLINE
  5
188
330
17
100
AcDbEntity
  8
SIDEWALK_PATH
100
AcDbPolyline
 90
10
 70
1
 10
738.799
 20
14812.929
 10
737.6495838139484
 20
14813.11686256097
 10
737.789253639448
 20
14813.072275607308
 10
737.9077906241524
 20
14812.99107226224
 10
737.9983739089046
 20
14812.879539000312
 10
738.0541826345471
 20
14812.743962296068
 10
738.068310081193
 20
14812.59803055914
 10
738.0404540208226
 20
14812.457072977244
 10
737.9737003320802
 20
14812.329837192057
 10
737.87113489361
 20
14812.22507084525
  0
LWPOLYLINE
  5
189
330
17
100
AcDbEntity
  8
SIDEWALK_PATH
100
AcDbPolyline
 90
8
 70
1
 10
720.7160333262124
 20
14815.88451121555
 10
719.9537309365774
 20
14815.95961316522
 10
719.5606714072085
 20
14811.96996682638
 10
718.3654642139594
 20
14812.07711066877
 10
717.8297450583535
 20
14806.10107477644
 10
719.023486671361
 20
14805.99406231538
 10
718.510580886022
 20
14800.0838818995
 10
719.288618427076
 20
14800.01636112552
  0
LWPOLYLINE
  5
18A
330
17
100
AcDbEntity
  8
ROAD
100
AcDbPolyline
 90
12
 70
1
 10
763.1073862391324
 20
14850.17275792442
 10
762.6411319928524
 20
14865.29292534894
 10
752.2477799580483
 20
14865.4822916789
 10
752.464
 20
14856.352
 10
753.2791558797884
 20
14820.67820447172
 10
753.2798950568914
 20
14820.625590149235
 10
753.279711358676
 20
14820.5729750013
 10
753.2786049339857
 20
14820.520371167202
 10
753.2765759316642
 20
14820.467790786233
 10
753.338
 20
14818.103
 10
763.8604758717848
 20
14818.42781530044
 10
763.5210000000004
 20
14829.048
  0
LWPOLYLINE
  5
18C
330
17
100
AcDbEntity
  8
SIDEWALK_PATH
100
AcDbPolyline
 90
43
 70
1
 10
857.0260000000002
 20
14389.116
 10
850.5867964021928
 20
14392.0248481914
 10
849.8236169638155
 20
14390.39528625149
 10
849.7732279145833
 20
14390.310589637756
 10
849.7078894890228
 20
14390.23805095055
 10
849.6297032093486
 20
14390.179588341412
 10
849.5407705977747
 20
14390.137119961884
 10
849.445236543596
 20
14390.11291630197
 10
849.3477397631807
 20
14390.10788154228
 10
849.2511225193531
 20
14390.121884370266
 10
849.1582270749374
 20
14390.154793473383
 10
847.9815824719288
 20
14390.70752284301
 10
847.8222361158578
 20
14390.825722703905
 10
847.7239417246968
 20
14390.990122707552
 10
847.6944142728424
 20
14391.17937724018
 10
847.7413687346908
 20
14391.372140688014
 10
848.5039080621292
 20
14393.00033584526
 10
847.8000000000001
 20
14393.33
 10
827.8135861510821
 20
14402.69786736387
 10
825.7309999999995
 20
14403.674
 10
824.3268258437823
 20
14404.33215295083
 10
822.7546652595724
 20
14404.81986677468
 10
821.1382730865225
 20
14404.864860743568
 10
819.5684820720109
 20
14404.47691192595
 10
818.1361249634155
 20
14403.665797390284
 10
814.0779525506154
 20
14400.5630729247
 10
815.716559933351
 20
14398.28753996786
 10
818.0181799981689
 20
14400.09346000549
 10
826.6602814722132
 20
14396.09921127965
 10
838.142280037843
 20
14390.77464299448
 10
838.71
 20
14392.04
 10
841.52
 20
14390.78
 10
840.9365690176093
 20
14389.47884224983
 10
853.1129975851267
 20
14383.83224465849
 10
858.4026006880571
 20
14381.40029582867
 10
867.4376500137333
 20
14377.24634000672
 10
870.057223799985
 20
14383.07764281669
 10
865.2508903363173
 20
14385.30452517627
 10
864.3528286350506
 20
14383.38614005707
 10
862.533
 20
14384.229
 10
863.436
 20
14386.145
 10
861.0839994269521
 20
14387.23513942317
 10
860.5905733767905
 20
14387.46152929898
  0
LWPOLYLINE
  5
18D
330
17
100
AcDbEntity
  8
SIDEWALK_PATH
100
AcDbPolyline
 90
4
 70
1
 10
865.2508903363175
 20
14385.30452517627
 10
863.436
 20
14386.145
 10
862.5262074792956
 20
14384.23262931882
 10
864.3528286350506
 20
14383.38614005707
  0
LWPOLYLINE
  5
18E
330
17
100
AcDbEntity
  8
SIDEWALK_PATH
100
AcDbPolyline
 90
28
 70
1
 10
718.4716042745517
 20
14778.91326224254
 10
718.3557351032794
 20
14779.076518723756
 10
718.2753227528814
 20
14779.257736983609
 10
718.2322330368966
 20
14779.451255665335
 10
718.2283317688639
 20
14779.65141341217
 10
719.1846781596732
 20
14791.46822477924
 10
717.772800805762
 20
14791.58248942896
 10
716.5692467695795
 20
14791.69038152054
 10
716.0335276139737
 20
14785.71434562822
 10
717.2287347942961
 20
14785.60720178699
 10
715.988610890871
 20
14771.77142240723
 10
714.7932265884326
 20
14771.8785821265
 10
714.2575074328267
 20
14765.90254623417
 10
715.4527146118966
 20
14765.79540239306
 10
715.417354281269
 20
14765.39696824061
 10
710.6695220264106
 20
14765.82258565165
 10
710.5935121486367
 20
14764.97468295703
 10
716.8050000000002
 20
14764.409
 10
717.7974131389584
 20
14776.11526827881
 10
717.8312754738803
 20
14776.258505632968
 10
717.9035475797604
 20
14776.383313001556
 10
718.0084063017727
 20
14776.482332115673
 10
718.1400284850914
 20
14776.548204706412
 10
718.2851201764483
 20
14776.572943308869
 10
718.4282377846748
 20
14776.555125150771
 10
718.5603336980944
 20
14776.497239002165
 10
718.6723603050303
 20
14776.4017736331
 10
719.8025631765388
 20
14777.38799950441
  0
LWPOLYLINE
  5
18F
330
17
100
AcDbEntity
  8
ROAD
100
AcDbPolyline
 90
22
 70
1
 10
762.09
 20
14890.58
 10
761.9683997168144
 20
14894.87841622165
 10
759.6568083014465
 20
14897.19000763702
 10
759.5338229660845
 20
14897.339481613917
 10
759.4426296658619
 20
14897.508227312683
 10
759.3853249859712
 20
14897.691277859034
 10
759.3640055116049
 20
14897.883666378691
 10
759.3052048484932
 20
14904.28868677894
 10
759.3366323813377
 20
14904.546847092177
 10
759.4315592962719
 20
14904.784505339088
 10
759.5836638803673
 20
14904.99031291184
 10
759.7866244206955
 20
14905.152921202594
 10
761.734260458195
 20
14906.33404354018
 10
761.551696988329
 20
14914.82346531368
 10
751.096777854848
 20
14914.59863418088
 10
751.2933597700569
 20
14904.21983474202
 10
751.4509095116576
 20
14897.21188849486
 10
751.6674578484713
 20
14887.59971970736
 10
751.9072999969482
 20
14877.32756001465
 10
752.2477329325648
 20
14865.4822925357
 10
762.6411319928524
 20
14865.29292534894
 10
762.462
 20
14871.102
  0
LWPOLYLINE
  5
190
330
17
100
AcDbEntity
  8
ROAD
100
AcDbPolyline
 90
3
 70
1
 10
748.7
 20
14749.14
 10
748.7124397994992
 20
14748.85977212057
 10
749.8482007102281
 20
14748.82522846573
  0
LWPOLYLINE
  5
191
330
17
100
AcDbEntity
  8
SIDEWALK_PATH
100
AcDbPolyline
 90
23
 70
1
 10
745.7911345926542
 20
14755.72312688006
 10
745.6409169750054
 20
14755.62027282094
 10
745.4759330597309
 20
14755.546835981879
 10
745.3004328525003
 20
14755.504264408117
 10
745.1186663589835
 20
14755.49400614489
 10
739.1465929569462
 20
14755.70169976053
 10
738.9946780735341
 20
14755.718672250343
 10
738.8479525650697
 20
14755.758308990236
 10
738.7089277477787
 20
14755.819721905496
 10
738.580114937887
 20
14755.90202292141
 10
738.5969249979566
 20
14755.84988910218
 10
739.3751000091556
 20
14754.95810998871
 10
739.966618095492
 20
14754.52919471891
 10
740.353527206414
 20
14754.15881880813
 10
740.5206910709898
 20
14754.332038924193
 10
740.7214004283675
 20
14754.458837492632
 10
740.9463350446161
 20
14754.534775240229
 10
741.1861746858046
 20
14754.555412893767
 10
741.4240011521066
 20
14754.518163220542
 10
741.643116855894
 20
14754.426782525366
 10
741.8345324815339
 20
14754.286346841305
 10
741.9892587133928
 20
14754.10193220142
 10
745.8345232089042
 20
14753.96820362301
  0
LWPOLYLINE
  5
192
330
17
100
AcDbEntity
  8
SIDEWALK_PATH
100
AcDbPolyline
 90
6
 70
1
 10
753.7405471711515
 20
14754.4604613074
 10
748.762000006801
 20
14753.7699998562
 10
751.9494684056592
 20
14753.81130246839
 10
752.4324517747357
 20
14753.86251334124
 10
752.8979058758956
 20
14753.98993202856
 10
753.3369109333106
 20
14754.190325645548
  0
LWPOLYLINE
  5
193
330
17
100
AcDbEntity
  8
SIDEWALK_PATH
100
AcDbPolyline
 90
23
 70
1
 10
744.1958400465473
 20
14855.73823076148
 10
741.9478411177067
 20
14855.64335813143
 10
743.543844121941
 20
14817.8262022006
 10
743.5828874743243
 20
14816.89052718166
 10
743.5731913432144
 20
14816.792526512665
 10
743.5448272405803
 20
14816.699185465479
 10
743.4988816024667
 20
14816.613126928736
 10
743.4364408649178
 20
14816.536973791068
 10
743.3602877272504
 20
14816.474533053519
 10
743.2742291905066
 20
14816.428587415405
 10
743.1808881433199
 20
14816.400223312772
 10
743.0828874743236
 20
14816.390527181662
 10
742.2263322842444
 20
14811.65256206859
 10
742.8683699081503
 20
14811.53649100309
 10
743.1881339083634
 20
14811.419931612518
 10
743.4442283812111
 20
14811.209592422185
 10
743.6176964900928
 20
14810.927217194494
 10
743.689581398408
 20
14810.594549691845
 10
744.2004000779573
 20
14798.627751499
 10
746.4476926068892
 20
14798.73809772416
 10
745.9140405741576
 20
14811.71582689594
 10
745.8144027345297
 20
14816.77548343796
 10
745.7918430507812
 20
14817.92107483065
  0
LWPOLYLINE
  5
194
330
17
100
AcDbEntity
  8
SIDEWALK_PATH
100
AcDbPolyline
 90
7
 70
1
 10
737.1928285307459
 20
14816.39408618011
 10
721.5759850864121
 20
14818.64514597537
 10
721.4491121912816
 20
14817.23496978375
 10
720.0914132898604
 20
14817.35712131768
 10
719.9537309365774
 20
14815.95961316522
 10
720.7160333262124
 20
14815.88451121555
 10
736.6830136375218
 20
14813.27484045523
  0
LWPOLYLINE
  5
195
330
17
100
AcDbEntity
  8
SIDEWALK_PATH
100
AcDbPolyline
 90
7
 70
1
 10
754.7950827498267
 20
14756.11977571512
 10
748.4562436043841
 20
14755.19252947669
 10
748.762000006801
 20
14753.7699998562
 10
753.7405471711515
 20
14754.4604613074
 10
754.1062155683635
 20
14754.804244660387
 10
754.4076030539476
 20
14755.201279700881
 10
754.6390964928024
 20
14755.642734146566
  0
LWPOLYLINE
  5
196
330
17
100
AcDbEntity
  8
SIDEWALK_PATH
100
AcDbPolyline
 90
7
 70
1
 10
754.7950827498267
 20
14756.11977571512
 10
749.4116221835561
 20
14755.99952432721
 10
749.0434650114977
 20
14756.059897891462
 10
748.7320731227559
 20
14756.243545321613
 10
748.5060424119355
 20
14756.525682530682
 10
748.3939687736414
 20
14756.88152543169
 10
748.4562436043841
 20
14755.19252947669
  0
LWPOLYLINE
  5
197
330
17
100
AcDbEntity
  8
ROAD
100
AcDbPolyline
 90
45
 70
1
 10
762.8823827622514
 20
14758.42583608622
 10
762.7755121392574
 20
14763.41807005206
 10
762.759846341177
 20
14767.17319771393
 10
762.2306169430716
 20
14787.41310933308
 10
762.1567273723651
 20
14790.40623285913
 10
761.7864453410438
 20
14804.39918331799
 10
761.8007546499342
 20
14804.595898790783
 10
761.8527328089685
 20
14804.784238136333
 10
761.940333353973
 20
14804.95887943332
 10
762.061509820774
 20
14805.114500760426
 10
762.2108683524477
 20
14805.243317539507
 10
762.3809042186346
 20
14805.339552888046
 10
762.5664046450063
 20
14805.400896428164
 10
762.762156857235
 20
14805.425037781983
 10
764.2595357758839
 20
14805.46090541644
 10
764.1901493479668
 20
14808.1142893665
 10
763.8604758717848
 20
14818.42781530044
 10
753.338
 20
14818.103
 10
750.8082243906423
 20
14817.61882453112
 10
745.8144027345297
 20
14816.77548343796
 10
745.9140405741576
 20
14811.71582689594
 10
747.130975049406
 20
14811.93053053425
 10
747.3282526134192
 20
14811.924125316753
 10
747.5019834033213
 20
14811.845674883918
 10
747.6339119893977
 20
14811.708082347974
 10
747.7057829419339
 20
14811.524250821145
 10
747.966427226246
 20
14810.04706953334
 10
751.6101410695103
 20
14810.68999210131
 10
751.3494967851974
 20
14812.16717338912
 10
751.35437335521
 20
14812.365662835982
 10
751.4322811322784
 20
14812.540795338808
 10
751.5701748194309
 20
14812.673935664468
 10
751.7550091196963
 20
14812.746448579832
 10
752.3768410631543
 20
14812.85616899344
 10
752.5910455185389
 20
14812.870570115034
 10
752.8010709903856
 20
14812.839506587385
 10
752.9998098733164
 20
14812.764817244197
 10
753.1801545619538
 20
14812.648340919177
 10
753.3314911521558
 20
14812.496064271343
 10
753.4457624694278
 20
14812.317129345676
 10
753.5196960028641
 20
14812.118108054834
 10
753.5500192415583
 20
14811.905572311476
 10
753.62
 20
14809.86
 10
754.2230000000002
 20
14783.366
 10
754.841368560175
 20
14758.24051501546
  0
LWPOLYLINE
  5
198
330
17
100
AcDbEntity
  8
ROAD
100
AcDbPolyline
 90
21
 70
1
 10
746.3927205228451
 20
14753.94136354586
 10
746.2525390208091
 20
14753.95366608981
 10
741.9892587133925
 20
14754.10193220142
 10
741.8345324815338
 20
14754.286346841305
 10
741.643116855894
 20
14754.426782525366
 10
741.4240011521066
 20
14754.518163220542
 10
741.1861746858046
 20
14754.555412893767
 10
740.9463350446161
 20
14754.534775240229
 10
740.7214004283674
 20
14754.458837492632
 10
740.5206910709895
 20
14754.332038924193
 10
740.3535272064137
 20
14754.15881880813
 10
733.9396514835412
 20
14754.38187719162
 10
731.530365121579
 20
14754.32298685221
 10
721.6788483589571
 20
14754.39457203038
 10
722.1388598836525
 20
14748.73272108024
 10
723.8477318589323
 20
14748.88338918867
 10
732.6727560055862
 20
14749.34761185474
 10
733.5264399370043
 20
14749.32164744375
 10
733.528129806525
 20
14749.37720866779
 10
735.451475369497
 20
14749.40441052971
 10
746.24
 20
14749.55000000001
  0
LWPOLYLINE
  5
199
330
17
100
AcDbEntity
  8
ROAD
100
AcDbPolyline
 90
37
 70
1
 10
762.9203355018032
 20
14757.03231895258
 10
762.8823827622514
 20
14758.42583608622
 10
754.841368560175
 20
14758.24051501546
 10
754.874748974818
 20
14756.88420558949
 10
754.873299179783
 20
14756.691473212353
 10
754.8594970223231
 20
14756.499428889229
 10
754.8334042848628
 20
14756.30866544764
 10
754.7950827498264
 20
14756.119775715111
 10
754.8932017938114
 20
14756.13443262821
 10
754.963
 20
14754.63
 10
753.4307070679448
 20
14754.24488857595
 10
753.084044030708
 20
14754.064523371768
 10
752.718447994595
 20
14753.931209783483
 10
752.3386718295855
 20
14753.846339064541
 10
751.9494684056592
 20
14753.81130246839
 10
748.7671340018815
 20
14753.73298137152
 10
746.3927205228451
 20
14753.94136354586
 10
746.24
 20
14749.55000000001
 10
746.4571789861571
 20
14748.92836485905
 10
748.7124397994992
 20
14748.85977212057
 10
748.7
 20
14749.14
 10
749.8482007102281
 20
14748.82522846573
 10
751.9906748940967
 20
14748.76006608163
 10
752.2973172876202
 20
14748.7507396918
 10
753.4194127552415
 20
14748.496521054003
 10
754.3359432679331
 20
14747.864905278868
 10
754.9601728005047
 20
14746.943328283302
 10
755.2053653277667
 20
14745.819225984204
 10
755.2254813877234
 20
14744.92007003446
 10
765.7248601407498
 20
14745.13096146819
 10
765.6681116529796
 20
14747.95622495194
 10
765.6024793831257
 20
14749.68352091672
 10
764.0644758666508
 20
14749.68352091672
 10
763.6841991399593
 20
14749.758405770535
 10
763.3705569461749
 20
14749.963467771595
 10
763.1540449620529
 20
14750.269318079314
 10
763.0651588643489
 20
14750.64656785311
  0
LWPOLYLINE
  5
19A
330
17
100
AcDbEntity
  8
ROAD
100
AcDbPolyline
 90
32
 70
1
 10
786.1049981957017
 20
14443.25043027345
 10
785.6525525646916
 20
14442.93771162836
 10
785.2876666751911
 20
14442.781041103239
 10
784.9043333931575
 20
14442.776607596823
 10
784.5473077532126
 20
14442.916238372498
 10
784.2613447899785
 20
14443.191760693653
 10
772.5059416336098
 20
14460.19963944445
 10
764.4286269197199
 20
14448.63804116703
 10
760.6076483167149
 20
14443.15546193421
 10
764.3942479490703
 20
14438.18178249671
 10
766.9600000000005
 20
14439.388
 10
768.681
 20
14440.305
 10
769.7625570342727
 20
14438.27516395204
 10
768.0415570342727
 20
14437.35816395204
 10
765.8576734837684
 20
14436.25958046931
 10
771.664
 20
14428.633
 10
775.5655871278254
 20
14429.74148830548
 10
790.6755262018472
 20
14433.87773150798
 10
787.9548189678375
 20
14437.84795562125
 10
787.7998238984568
 20
14438.212436392934
 10
787.7963445187178
 20
14438.594846536183
 10
787.9361816928114
 20
14438.950789212025
 10
788.2111362849287
 20
14439.235867581487
 10
788.6570029570108
 20
14439.54403902139
 10
788.81885475697
 20
14439.648393114876
 10
788.9868926235622
 20
14439.742057208032
 10
789.1605882231441
 20
14439.824758632696
 10
789.339413222073
 20
14439.896224720706
 10
786.6678052254176
 20
14443.7552304214
 10
786.539288606597
 20
14443.615869765668
 10
786.4023670813586
 20
14443.48503038648
 10
786.2574628707207
 20
14443.363090987767
  0
LWPOLYLINE
  5
19B
330
17
100
AcDbEntity
  8
SIDEWALK_PATH
100
AcDbPolyline
 90
39
 70
1
 10
750.2104035495403
 20
14715.1155656382
 10
747.9265030887434
 20
14715.79128350257
 10
747.2443764784717
 20
14715.9930983996
 10
747.5256202819077
 20
14715.859387280929
 10
747.7476904415303
 20
14715.651115706036
 10
747.8969068350225
 20
14715.385735464464
 10
747.9595893400673
 20
14715.080698345759
 10
748.6959346073471
 20
14699.26639493246
 10
748.6731558629406
 20
14699.002628772867
 10
748.5839603310117
 20
14698.75800535919
 10
748.4346747785519
 20
14698.544673970828
 10
748.2316259725525
 20
14698.374783887175
 10
726.6679061449877
 20
14684.73359516949
 10
727.4833630913284
 20
14683.47451344446
 10
748.076492407858
 20
14696.50170752512
 10
748.1956241347541
 20
14696.55670982754
 10
748.322819687844
 20
14696.578717556262
 10
748.4514124886139
 20
14696.567450771467
 10
748.5747359585495
 20
14696.522629533332
 10
748.6821648294774
 20
14696.447285925002
 10
748.7651229928761
 20
14696.348387027258
 10
748.820017609709
 20
14696.23155539673
 10
748.84325584094
 20
14696.102413590042
 10
749.5225590925546
 20
14681.51318730176
 10
750.517236324294
 20
14660.60513576829
 10
750.5164935470963
 20
14660.54523808293
 10
750.542
 20
14659.373
 10
749.7281160770165
 20
14660.17384344384
 10
727.3215220062236
 20
14681.91180886008
 10
726.2564301427525
 20
14680.85521585419
 10
750.3979687261944
 20
14657.42536736369
 10
750.5204041734448
 20
14657.281724383878
 10
750.6129906070906
 20
14657.11912417535
 10
750.6736711201004
 20
14656.942124314193
 10
750.7003888054426
 20
14656.755282376496
 10
751.5018863521619
 20
14639.90785541625
 10
751.5636804716465
 20
14638.60894699307
 10
753.8163140516793
 20
14638.60707968139
 10
751.7700711996827
 20
14681.61897302164
  0
LWPOLYLINE
  5
19C
330
17
100
AcDbEntity
  8
SIDEWALK_PATH
100
AcDbPolyline
 90
10
 70
1
 10
750.5178011842747
 20
14660.581375698559
 10
750.4987137104046
 20
14660.444949495295
 10
750.4444538961935
 20
14660.320991740951
 10
750.3590224675689
 20
14660.216057841264
 10
750.2464201504578
 20
14660.136703201972
 10
750.1164715751947
 20
14660.090988779926
 10
749.9814412977469
 20
14660.082243697156
 10
749.8489899324898
 20
14660.109925607165
 10
749.7267780937988
 20
14660.173492163463
 10
750.542
 20
14659.373
  0
LWPOLYLINE
  5
19D
330
17
100
AcDbEntity
  8
SIDEWALK_PATH
100
AcDbPolyline
 90
6
 70
1
 10
724.7789486664216
 20
14964.15428271306
 10
726.1830190486891
 20
14969.25738488945
 10
724.7365118658219
 20
14969.76784461222
 10
723.317
 20
14964.49
 10
719.9987734250309
 20
14950.04011283326
 10
721.5557308383089
 20
14950.11813030521
  0
LWPOLYLINE
  5
19E
330
17
100
AcDbEntity
  8
SIDEWALK_PATH
100
AcDbPolyline
 90
4
 70
1
 10
764.4597696159259
 20
14904.36591399322
 10
761.777827334157
 20
14904.30813120587
 10
761.8468757791181
 20
14899.17413372681
 10
764.6012968577077
 20
14899.19589753445
  0
LWPOLYLINE
  5
19F
330
17
100
AcDbEntity
  8
ROAD
100
AcDbPolyline
 90
22
 70
1
 10
821.028
 20
14425.327
 10
821.3469160604591
 20
14425.42181805148
 10
822.2
 20
14425.71
 10
822.5079070862754
 20
14425.86876141061
 10
822.9487793279249
 20
14426.10323318947
 10
823.498
 20
14426.462
 10
823.5695789916426
 20
14426.51889612156
 10
823.9609906190207
 20
14426.83001818435
 10
823.9240744197837
 20
14426.88457013646
 10
821.3538430821601
 20
14425.741220712167
 10
818.625770600998
 20
14425.551674411432
 10
815.9926904346996
 20
14426.290048368477
 10
813.7074360416676
 20
14427.93045971752
 10
813.6272324330099
 20
14427.85240247077
 10
813.9
 20
14427.46
 10
814.737
 20
14426.642
 10
815.7214634540842
 20
14426.01260490738
 10
816.1200827514401
 20
14425.85387068164
 10
816.956
 20
14425.521
 10
818.442
 20
14425.198
 10
819.6662196417127
 20
14425.15859770501
 10
820.6191249567029
 20
14425.25749846428
  0
LWPOLYLINE
  5
1A0
330
17
100
AcDbEntity
  8
ROAD
100
AcDbPolyline
 90
5
 70
1
 10
746.24
 20
14749.55000000001
 10
735.451475369497
 20
14749.40441052971
 10
733.528129806525
 20
14749.37720866779
 10
733.5264399370043
 20
14749.32164744375
 10
746.4571789861571
 20
14748.92836485905
  0
LWPOLYLINE
  5
1A2
330
17
100
AcDbEntity
  8
SIDEWALK_PATH
100
AcDbPolyline
 90
11
 70
1
 10
748.4562436043841
 20
14755.19252947669
 10
748.3939687736419
 20
14756.88152543168
 10
746.1425175578137
 20
14756.79432453753
 10
746.1526736175604
 20
14756.53210391139
 10
746.1350085907881
 20
14756.30232625062
 10
746.0663973942143
 20
14756.085385505034
 10
745.9505395530871
 20
14755.889559704794
 10
745.7911345926545
 20
14755.72312688006
 10
745.8345232089042
 20
14753.96820362301
 10
746.2525390208091
 20
14753.95366608981
 10
748.7671340018816
 20
14753.73298137152
  0
LWPOLYLINE
  5
1A3
330
17
100
AcDbEntity
  8
SIDEWALK_PATH
100
AcDbPolyline
 90
14
 70
1
 10
748.7124397994992
 20
14748.85977212057
 10
746.4571789861571
 20
14748.92836485905
 10
747.6980402255258
 20
14720.97583404773
 10
747.6827430118688
 20
14720.751723037632
 10
747.6188657844408
 20
14720.539196242567
 10
747.5097044822191
 20
14720.3459819861
 10
747.3585550441811
 20
14720.179808591798
 10
747.1741374781769
 20
14720.051551385597
 10
746.9683686989858
 20
14719.968442130306
 10
746.7493400059785
 20
14719.932743804797
 10
746.5251426985257
 20
14719.946719387937
 10
747.5179803805202
 20
14719.77141288219
 10
747.7521736377327
 20
14719.75638595425
 10
750.0108229919013
 20
14719.61146051326
  0
LWPOLYLINE
  5
1A4
330
17
100
AcDbEntity
  8
SIDEWALK_PATH
100
AcDbPolyline
 90
4
 70
1
 10
768.328102944143
 20
14755.46463874042
 10
768.2418342844936
 20
14758.58874544511
 10
767.8014633968725
 20
14758.57514624368
 10
767.8955888841606
 20
14755.45128216761
  0
LWPOLYLINE
  5
1A5
330
17
100
AcDbEntity
  8
SIDEWALK_PATH
100
AcDbPolyline
 90
25
 70
1
 10
765.4354039342867
 20
14779.62042646531
 10
765.2034530290155
 20
14788.49118428692
 10
764.9162279038079
 20
14799.47542885149
 10
764.2595357758839
 20
14805.46090541644
 10
762.762156857235
 20
14805.42503778198
 10
762.5664046450066
 20
14805.400896428164
 10
762.380904218635
 20
14805.339552888046
 10
762.2108683524483
 20
14805.243317539507
 10
762.0615098207745
 20
14805.114500760426
 10
761.9403333539735
 20
14804.958879433321
 10
761.852732808969
 20
14804.784238136335
 10
761.8007546499344
 20
14804.595898790787
 10
761.7864453410436
 20
14804.399183317995
 10
762.1567273723651
 20
14790.40623285913
 10
762.7755121392574
 20
14763.41807005206
 10
763.0651588643489
 20
14750.64656785311
 10
763.1540449620529
 20
14750.269318079314
 10
763.3705569461749
 20
14749.963467771595
 10
763.6841991399593
 20
14749.758405770537
 10
764.0644758666508
 20
14749.683520916722
 10
765.6024793831257
 20
14749.68352091672
 10
765.3967793946316
 20
14755.37411581864
 10
765.3026539073434
 20
14758.49797989471
 10
765.8024158052491
 20
14758.51341316451
 10
765.6492613544417
 20
14771.44163802588
  0
LWPOLYLINE
  5
1A6
330
17
100
AcDbEntity
  8
SIDEWALK_PATH
100
AcDbPolyline
 90
12
 70
1
 10
754.8417939602546
 20
14758.22323020508
 10
752.6424599404917
 20
14758.16910193603
 10
752.6692640153898
 20
14757.08000164088
 10
752.600279740646
 20
14756.688940858345
 10
752.3938569452984
 20
14756.365902639776
 10
752.0813643042326
 20
14756.143838661666
 10
751.6941704923345
 20
14756.055700600507
 10
754.7979681411638
 20
14756.13208881289
 10
754.8349750099978
 20
14756.31801461889
 10
754.8601458394954
 20
14756.505718845165
 10
754.8734230282408
 20
14756.694637249453
 10
754.874748974818
 20
14756.884205589491
  0
LWPOLYLINE
  5
1A8
330
17
100
AcDbEntity
  8
SIDEWALK_PATH
100
AcDbPolyline
 90
4
 70
1
 10
716.5891278178644
 20
14939.97524543012
 10
715.4784237765116
 20
14941.00079880164
 10
713.7040127310883
 20
14921.71664057655
 10
714.9291014383043
 20
14921.93421066322
  0
LWPOLYLINE
  5
1AA
330
17
100
AcDbEntity
  8
SIDEWALK_PATH
100
AcDbPolyline
 90
16
 70
1
 10
752.4788781517454
 20
14687.556922446798
 10
752.0912741830865
 20
14687.622030339206
 10
751.7688685889834
 20
14687.822555095638
 10
751.5440517951964
 20
14688.12851743692
 10
751.4492142274855
 20
14688.509938083876
 10
751.5980698342395
 20
14685.31300339229
 10
751.6086268727885
 20
14685.511671679218
 10
751.6576543272049
 20
14685.702520856372
 10
751.7431453288082
 20
14685.88005504562
 10
751.8630930089179
 20
14686.038778368831
 10
752.0120823514173
 20
14686.170621893953
 10
752.182486559282
 20
14686.269563824644
 10
752.3689810924697
 20
14686.333178986344
 10
752.5662414109379
 20
14686.35904220449
 10
756.6663745607661
 20
14686.4851652387
 10
756.6353353846372
 20
14687.68477805018
  0
LWPOLYLINE
  5
1AB
330
17
100
AcDbEntity
  8
ROAD
100
AcDbPolyline
 90
6
 70
1
 10
753.2849741399534
 20
14820.4673929222
 10
753.0560135489408
 20
14819.471660390545
 10
752.5319022584497
 20
14818.62767349221
 10
751.7612901745459
 20
14818.000645944554
 10
750.8012254115845
 20
14817.6553936009
 10
753.338
 20
14818.103
  0
LWPOLYLINE
  5
1AC
330
17
100
AcDbEntity
  8
SIDEWALK_PATH
100
AcDbPolyline
 90
18
 70
1
 10
707.9742052253024
 20
14756.00030532966
 10
687.280448000919
 20
14756.16550667742
 10
687.7567460666228
 20
14755.535746731057
 10
688.369715599601
 20
14755.0587406991
 10
689.0845460927468
 20
14754.754958262227
 10
689.8664270389531
 20
14754.64486910112
 10
731.530365121579
 20
14754.32298685221
 10
733.9396514835412
 20
14754.38187719162
 10
737.072197388653
 20
14754.27293516405
 10
736.9780274766807
 20
14754.51943420414
 10
736.5602473050297
 20
14755.66240572618
 10
735.9456727953457
 20
14756.41928634024
 10
735.9076086090004
 20
14756.22762771941
 10
735.8035197886256
 20
14756.07007933945
 10
735.6485619422107
 20
14755.962171784618
 10
735.457890677745
 20
14755.919435639178
 10
731.5174847265084
 20
14755.8231200465
 10
709.3387886462385
 20
14755.98940754881
  0
LWPOLYLINE
  5
1AD
330
17
100
AcDbEntity
  8
SIDEWALK_PATH
100
AcDbPolyline
 90
5
 70
1
 10
710.439
 20
14763.278
 10
708.8926853730502
 20
14763.41594611694
 10
708.5884057546483
 20
14760.0454644085
 10
708.1609074065148
 20
14757.1988525629
 10
709.5254264701923
 20
14757.18795529658
  0
LWPOLYLINE
  5
1B9
330
17
100
AcDbEntity
  8
SIDEWALK_PATH
100
AcDbPolyline
 90
10
 70
1
 10
776.5037959614161
 20
14462.41788989702
 10
770.5549451367527
 20
14470.93503543811
 10
768.8069724546231
 20
14469.71415354976
 10
768.7102888763623
 20
14469.64672519293
 10
774.656023391793
 20
14461.13404136387
 10
786.6678052254176
 20
14443.7552304214
 10
787.1859792455822
 20
14444.606641216153
 10
787.3948417109667
 20
14445.555554969342
 10
787.2900209751213
 20
14446.521512242607
 10
786.8671453915958
 20
14447.42405359759
  0
LWPOLYLINE
  5
1BA
330
17
100
AcDbEntity
  8
SIDEWALK_PATH
100
AcDbPolyline
 90
13
 70
1
 10
766.726
 20
14472.698
 10
766.3070244616358
 20
14470.67547692876
 10
766.2494009039815
 20
14470.39731039127
 10
766.3848074884288
 20
14470.639040365442
 10
766.5697374660684
 20
14470.836783864297
 10
766.800903079475
 20
14470.977723734977
 10
767.0663277114292
 20
14471.052111541878
 10
767.3419779748328
 20
14471.051266942044
 10
767.6023755081876
 20
14470.977140613442
 10
767.8333762326733
 20
14470.83593065184
 10
768.0208360694701
 20
14470.633835153
 10
768.7102888763623
 20
14469.64672519293
 10
768.8069724546231
 20
14469.71415354976
  0
LWPOLYLINE
  5
1BB
330
17
100
AcDbEntity
  8
SIDEWALK_PATH
100
AcDbPolyline
 90
24
 70
1
 10
767.6568712652793
 20
14475.17217005534
 10
767.2811662140822
 20
14475.635705114164
 10
766.8258967441616
 20
14476.012501443292
 10
766.3056086570041
 20
14476.292762161638
 10
765.7348477540969
 20
14476.466690388119
 10
765.1409570206993
 20
14476.524247603464
 10
764.5530400050532
 20
14476.464253048714
 10
763.9882833531193
 20
14476.290196483247
 10
763.4638737108584
 20
14476.00556766644
 10
764.076913744675
 20
14475.00348377815
 10
764.3256367178604
 20
14474.494411368963
 10
764.4733513171674
 20
14473.952497590646
 10
764.5174796686448
 20
14473.39254863353
 10
764.4554438983416
 20
14472.82937068795
 10
762.3707254266938
 20
14462.76579699486
 10
764.5739483775177
 20
14462.30938859335
 10
766.2217996862141
 20
14470.26407087102
 10
766.2377433843587
 20
14470.329769980206
 10
766.2580897637753
 20
14470.39424167402
 10
766.3070244616358
 20
14470.67547692876
 10
766.726
 20
14472.698
 10
768.8069724546231
 20
14469.71415354976
 10
770.5549451367527
 20
14470.93503543811
 10
768.6387700125126
 20
14473.67847999512
  0
LWPOLYLINE
  5
1BC
330
17
100
AcDbEntity
  8
SIDEWALK_PATH
100
AcDbPolyline
 90
22
 70
1
 10
764.5739483775177
 20
14462.30938859335
 10
762.3707254266938
 20
14462.76579699486
 10
762.2979912159432
 20
14462.546363018999
 10
762.1786309549541
 20
14462.351839831446
 10
762.0182893523499
 20
14462.18943074034
 10
761.8226111167543
 20
14462.066339053825
 10
761.6039034810782
 20
14461.991449099412
 10
761.3768108952545
 20
14461.968753287829
 10
761.1504838934397
 20
14461.998117052046
 10
760.9340730097903
 20
14462.07940582503
 10
756.9081737621789
 20
14464.15040760756
 10
756.4915022736293
 20
14462.04166368603
 10
760.9930165763423
 20
14459.72599616143
 10
761.2558904168816
 20
14459.530522412324
 10
761.4378804792889
 20
14459.267852703577
 10
761.52788058618
 20
14458.961232842074
 10
761.514784560171
 20
14458.6339086347
 10
760.9947961824915
 20
14456.12376569238
 10
759.4989832400036
 20
14452.32183694375
 10
759.5989340761196
 20
14452.28251275749
 10
761.5927618617775
 20
14451.49807054301
 10
763.159
 20
14455.479
  0
LWPOLYLINE
  5
1BD
330
17
100
AcDbEntity
  8
SIDEWALK_PATH
100
AcDbPolyline
 90
21
 70
1
 10
757.5221941346518
 20
14446.60039691867
 10
757.7235684341509
 20
14447.05791989199
 10
757.998431893894
 20
14447.71347383996
 10
758.1799627199426
 20
14448.17927566958
 10
758.4302212883708
 20
14448.82143051232
 10
758.8870000000001
 20
14450.059
 10
759.0176777996872
 20
14450.4511934242
 10
759.2423842368368
 20
14451.12558790616
 10
759.4015633428173
 20
14451.6033201513
 10
759.5989340761196
 20
14452.28251275749
 10
759.4989832400036
 20
14452.32183694375
 10
757.1286606350234
 20
14446.29715471283
 10
754.7257021708868
 20
14441.80940766494
 10
755.134573919329
 20
14442.39220346116
 10
755.4086403150021
 20
14442.8103851592
 10
755.78600588423
 20
14443.41275023199
 10
756.0424958257947
 20
14443.84195054639
 10
756.4071451140757
 20
14444.45214051415
 10
756.6548723513922
 20
14444.88641699567
 10
756.9949257444586
 20
14445.51058152567
 10
757.2180362179749
 20
14445.95791045039
  0
LWPOLYLINE
  5
1BE
330
17
100
AcDbEntity
  8
SIDEWALK_PATH
100
AcDbPolyline
 90
15
 70
1
 10
746.4391078004082
 20
14464.73608707903
 10
745.2796557178237
 20
14465.0468642598
 10
741.5314857641246
 20
14452.34934434198
 10
741.352319757779
 20
14452.006222766511
 10
741.0673753171031
 20
14451.763549944924
 10
740.7133131657419
 20
14451.642209821373
 10
740.3267940273405
 20
14451.66308634002
 10
741.2569518796842
 20
14451.26453466741
 10
742.3114354339469
 20
14450.66991055145
 10
743.3261178591601
 20
14450.00989775206
 10
742.8509495525435
 20
14450.45356489442
 10
742.6564302285419
 20
14450.671755460888
 10
742.5350730704463
 20
14450.931284745586
 10
742.4922008292828
 20
14451.214560195238
 10
742.5331362560769
 20
14451.50398925656
  0
LWPOLYLINE
  5
1BF
330
17
100
AcDbEntity
  8
SIDEWALK_PATH
100
AcDbPolyline
 90
9
 70
1
 10
744.540774572198
 20
14446.28753977921
 10
744.4903543403157
 20
14445.990842918056
 10
744.5288129694688
 20
14445.698725258257
 10
744.650639845974
 20
14445.43045299826
 10
744.8503243561474
 20
14445.205292336512
 10
745.107904197739
 20
14445.04965219899
 10
745.3937939159749
 20
14444.978386061659
 10
745.688048168387
 20
14444.993426947949
 10
745.9707216125066
 20
14445.09670788129
  0
LWPOLYLINE
  5
1C0
330
17
100
AcDbEntity
  8
SIDEWALK_PATH
100
AcDbPolyline
 90
20
 70
1
 10
743.3457334970317
 20
14450.04005420209
 10
742.3114354339469
 20
14450.66991055145
 10
741.2569518796842
 20
14451.26453466741
 10
740.3267940273404
 20
14451.66308634002
 10
734.474983800092
 20
14453.14573296719
 10
734.0141847719837
 20
14451.1993251171
 10
740.1202230855115
 20
14449.65248302577
 10
740.4483664840226
 20
14449.54900057684
 10
740.7615071238916
 20
14449.409139479221
 10
741.0566395308795
 20
14449.23445390652
 10
741.3307582307469
 20
14449.02649803234
 10
744.540774572198
 20
14446.28753977921
 10
745.9707216125086
 20
14445.09670788129
 10
746.2166805048022
 20
14444.72340718188
 10
746.2834087344793
 20
14444.7734684784
 10
747.8873426906546
 20
14446.16122949779
 10
747.7385241102552
 20
14446.321980924971
 10
747.5839890153796
 20
14446.477141984049
 10
747.4238947076127
 20
14446.626560397985
 10
747.2583984885389
 20
14446.77008388974
  0
LWPOLYLINE
  5
1C1
330
17
100
AcDbEntity
  8
SIDEWALK_PATH
100
AcDbPolyline
 90
24
 70
1
 10
759.1742895720117
 20
14445.35100558251
 10
761.5927618617775
 20
14451.49807054301
 10
759.5989340761196
 20
14452.28251275749
 10
759.4015633428173
 20
14451.6033201513
 10
759.2423842368368
 20
14451.12558790616
 10
759.0176777996872
 20
14450.4511934242
 10
758.8870000000001
 20
14450.059
 10
758.4302212883708
 20
14448.82143051232
 10
758.1799627199426
 20
14448.17927566958
 10
757.998431893894
 20
14447.71347383996
 10
757.7235684341509
 20
14447.05791989199
 10
757.5221941346518
 20
14446.60039691867
 10
757.2180362179749
 20
14445.95791045039
 10
756.9949257444586
 20
14445.51058152567
 10
756.6548723513922
 20
14444.88641699567
 10
756.4071451140757
 20
14444.45214051415
 10
756.0424958257947
 20
14443.84195054639
 10
755.78600588423
 20
14443.41275023199
 10
755.4086403150021
 20
14442.8103851592
 10
755.134573919329
 20
14442.39220346116
 10
754.7397866569606
 20
14441.80109046095
 10
753.7723474389894
 20
14440.02892958031
 10
755.5139766236024
 20
14438.64455397752
 10
755.6736866265675
 20
14438.84547893002
  0
LWPOLYLINE
  5
1C2
330
17
100
AcDbEntity
  8
SIDEWALK_PATH
100
AcDbPolyline
 90
12
 70
1
 10
755.685770506777
 20
14438.83587376889
 10
754.9207627470064
 20
14437.89825463642
 10
754.6466975246387
 20
14437.57721551989
 10
754.4642526879605
 20
14437.35440819163
 10
754.2529643537735
 20
14436.90436693846
 10
754.1997115300478
 20
14436.72272993809
 10
754.1793946873078
 20
14436.3718264739
 10
754.3647459945676
 20
14435.93315935447
 10
754.351784623378
 20
14436.096196985065
 10
754.36539814761
 20
14436.25810901739
 10
754.4050504265111
 20
14436.415679734948
 10
754.470205319329
 20
14436.56569342124
  0
LWPOLYLINE
  5
1C3
330
17
100
AcDbEntity
  8
SIDEWALK_PATH
100
AcDbPolyline
 90
6
 70
1
 10
747.905
 20
14442.612
 10
746.2834087344793
 20
14444.7734684784
 10
746.2166805048022
 20
14444.72340718188
 10
750.6526812074146
 20
14437.99072860535
 10
750.7663090342696
 20
14438.06559525969
 10
750.6299999999997
 20
14438.294
  0
LWPOLYLINE
  5
1C4
330
17
100
AcDbEntity
  8
SIDEWALK_PATH
100
AcDbPolyline
 90
10
 70
1
 10
748.4210009694333
 20
14445.46733950547
 10
748.2971565947047
 20
14445.648034170748
 10
748.1668431098818
 20
14445.824029754427
 10
748.0301939851399
 20
14445.995152711706
 10
747.8873426906545
 20
14446.16122949779
 10
746.2834087344793
 20
14444.7734684784
 10
747.905
 20
14442.612
 10
750.6299999999997
 20
14438.294
 10
750.7663090342696
 20
14438.06559525969
 10
752.0557294071584
 20
14439.95078080209
  0
LWPOLYLINE
  5
1C5
330
17
100
AcDbEntity
  8
SIDEWALK_PATH
100
AcDbPolyline
 90
4
 70
1
 10
773.4673414858256
 20
14405.90545990334
 10
773.1359999999997
 20
14405.674
 10
774.6831965735287
 20
14403.12515001089
 10
775.11999745821
 20
14403.38094289537
  0
LWPOLYLINE
  5
1C6
330
17
100
AcDbEntity
  8
SIDEWALK_PATH
100
AcDbPolyline
 90
36
 70
1
 10
769.9702520723238
 20
14408.70038115078
 10
768.1827669196167
 20
14407.59163575765
 10
768.2370996728968
 20
14407.3524897249
 10
768.1994535470732
 20
14407.11265268915
 10
768.1567536602475
 20
14407.03152285897
 10
767.8233263783821
 20
14406.66974669959
 10
767.7177261958043
 20
14406.59511776882
 10
767.6479948728054
 20
14406.5501143201
 10
767.5818184341691
 20
14406.49907010407
 10
768.7999447200016
 20
14404.78299357286
 10
768.9795965517004
 20
14404.883880803198
 10
769.1740385152568
 20
14404.945370375899
 10
769.376910500436
 20
14404.966145417944
 10
769.5818523970029
 20
14404.944889056318
 10
769.7780909398685
 20
14404.882092176045
 10
769.9555618623361
 20
14404.781629663528
 10
770.1089685517579
 20
14404.647260647818
 10
770.2330143954864
 20
14404.48274425796
 10
773.2554103407865
 20
14399.47339748635
 10
775.0788093169921
 20
14400.29147104186
 10
774.0580443715888
 20
14402.2023036175
 10
774.0015097134012
 20
14402.38737101756
 10
774.0178765977757
 20
14402.57376400415
 10
774.1014151983711
 20
14402.741190174642
 10
774.2463956888463
 20
14402.8693571264
 10
774.6831965735287
 20
14403.12515001089
 10
773.1359999999997
 20
14405.674
 10
772.6698890329652
 20
14405.34839634339
 10
772.5808230226176
 20
14405.298847305841
 10
772.4845642879176
 20
14405.268599563207
 10
772.3841932161398
 20
14405.25828850649
 10
772.2827901945586
 20
14405.268549526685
 10
772.1855731326958
 20
14405.299155150416
 10
772.0974258958341
 20
14405.348254382327
 10
772.0209278048895
 20
14405.414047330447
 10
771.9586581807785
 20
14405.49473410281
  0
LWPOLYLINE
  5
1C7
330
17
100
AcDbEntity
  8
SIDEWALK_PATH
100
AcDbPolyline
 90
16
 70
1
 10
768.1994535470732
 20
14407.11265268915
 10
768.2370996728968
 20
14407.3524897249
 10
768.1827669196167
 20
14407.59163575765
 10
767.964
 20
14407.921
 10
766.7474806779852
 20
14409.79849558933
 10
766.0746003213288
 20
14410.83697469847
 10
764.7288396080161
 20
14412.91393291674
 10
764.6655873568487
 20
14412.87296774506
 10
766.2935365728347
 20
14410.35933363877
 10
767.8544782801987
 20
14407.84283152435
 10
767.9817948120069
 20
14407.528920161014
 10
767.9978940743906
 20
14407.19939212691
 10
767.906085341059
 20
14406.882502448956
 10
767.7096778857211
 20
14406.60650615407
 10
767.8233263783821
 20
14406.66974669959
 10
768.1567536602475
 20
14407.03152285897
  0
LWPOLYLINE
  5
1C8
330
17
100
AcDbEntity
  8
SIDEWALK_PATH
100
AcDbPolyline
 90
10
 70
1
 10
764.0900018011674
 20
14417.90077619882
 10
762.2014762949561
 20
14416.6776770972
 10
764.6655873568487
 20
14412.87296774506
 10
764.7288396080161
 20
14412.91393291674
 10
766.0746003213288
 20
14410.83697469847
 10
766.7474806779852
 20
14409.79849558933
 10
767.964
 20
14407.921
 10
768.1827669196167
 20
14407.59163575765
 10
769.9702520723238
 20
14408.70038115078
 10
768.1940000000002
 20
14411.564
  0
LWPOLYLINE
  5
1C9
330
17
100
AcDbEntity
  8
SIDEWALK_PATH
100
AcDbPolyline
 90
44
 70
1
 10
754.1997115300478
 20
14436.72272993809
 10
754.2529643537735
 20
14436.90436693846
 10
754.4642526879605
 20
14437.35440819163
 10
754.6466975246387
 20
14437.57721551989
 10
754.9207627470064
 20
14437.89825463642
 10
755.5139766236024
 20
14438.64455397752
 10
753.7723474389894
 20
14440.02892958031
 10
753.621031522072
 20
14439.81777066161
 10
753.4239402985593
 20
14439.654961116195
 10
753.1920277324367
 20
14439.547404339846
 10
752.9362477876898
 20
14439.502003728347
 10
752.677400701571
 20
14439.523976021517
 10
752.4366746723925
 20
14439.610015996761
 10
752.2256056057298
 20
14439.754244106232
 10
752.0557294071581
 20
14439.95078080209
 10
750.7663090342696
 20
14438.06559525969
 10
750.6526812074146
 20
14437.99072860535
 10
750.863354582001
 20
14437.67098201133
 10
750.9912162466981
 20
14437.390856988548
 10
751.0278967397596
 20
14437.091910437784
 10
750.9740155295435
 20
14436.795580699198
 10
750.8301920844073
 20
14436.52330611295
 10
749.5700403130019
 20
14434.83207751086
 10
751.4930483289451
 20
14433.3906146133
 10
751.532471379794
 20
14433.440294248237
 10
751.5749643014598
 20
14433.48737497332
 10
751.8530000000002
 20
14433.875
 10
751.9652685177377
 20
14434.06314202506
 10
752.0105182209135
 20
14434.09889252371
 10
752.2877818227153
 20
14434.24889163242
 10
752.4409292526212
 20
14434.25900385124
 10
752.5648965383675
 20
14434.25160561032
 10
752.7646120951174
 20
14434.16152043917
 10
752.9259999999999
 20
14433.99600000001
 10
753.0035791068551
 20
14433.86086816416
 10
754.1850000000002
 20
14431.803
 10
755.8967988757865
 20
14428.48374696078
 10
757.7525732231965
 20
14429.47470620381
 10
754.4696692870547
 20
14435.62261687982
 10
754.433897428363
 20
14435.696808059167
 10
754.4043969823913
 20
14435.773559767338
 10
754.3813018656296
 20
14435.852475650412
 10
754.3647459945677
 20
14435.93315935447
 10
754.1793946873078
 20
14436.3718264739
  0
LWPOLYLINE
  5
1CA
330
17
100
AcDbEntity
  8
SIDEWALK_PATH
100
AcDbPolyline
 90
22
 70
1
 10
752.7646120951174
 20
14434.16152043917
 10
752.5648965383675
 20
14434.25160561032
 10
752.4409292526212
 20
14434.25900385124
 10
752.2877818227153
 20
14434.24889163242
 10
752.0105182209135
 20
14434.09889252371
 10
751.9652685177377
 20
14434.06314202506
 10
751.8530000000002
 20
14433.875
 10
751.5678393692855
 20
14433.4912605886
 10
751.7580644715803
 20
14433.637354622111
 10
751.968286793415
 20
14433.73904278584
 10
752.1963560755676
 20
14433.789225549603
 10
752.432997126642
 20
14433.784688998488
 10
752.6619498781893
 20
14433.724687290942
 10
752.8677701990733
 20
14433.614360944353
 10
753.0424068038681
 20
14433.459325582238
 10
753.1778084071469
 20
14433.26519682811
 10
758.6856935109619
 20
14422.95055275364
 10
758.7364026608221
 20
14422.9776307768
 10
757.6085977515729
 20
14425.16449392155
 10
754.1850000000002
 20
14431.803
 10
753.0035791068551
 20
14433.86086816416
 10
752.9259999999999
 20
14433.99600000001
  0
LWPOLYLINE
  5
1CB
330
17
100
AcDbEntity
  8
SIDEWALK_PATH
100
AcDbPolyline
 90
55
 70
1
 10
779.1569999999999
 20
14425.273
 10
778.9684955363409
 20
14425.51733025942
 10
778.5396686021558
 20
14425.60953133213
 10
778.3583224547848
 20
14425.56930828926
 10
770.672
 20
14421.541
 10
769.9842076587241
 20
14421.25329244346
 10
769.4616048549858
 20
14421.03468463602
 10
768.8619984289994
 20
14420.82625531039
 10
768.2313495704076
 20
14420.60703531773
 10
767.7175110583619
 20
14420.46309496096
 10
767.0619580739582
 20
14420.27392823268
 10
766.5543827796191
 20
14420.16483477739
 10
765.8687575204044
 20
14420.01747293888
 10
765.3762591978424
 20
14419.93241637296
 10
764.416
 20
14419.787
 10
763.9587897161656
 20
14419.67457688585
 10
763.7615817747794
 20
14419.51230972044
 10
763.6536339069128
 20
14419.34377698319
 10
763.5730861354226
 20
14418.79527179148
 10
763.6650000000003
 20
14418.557
 10
764.0087256877466
 20
14418.05391789632
 10
763.9461936115338
 20
14418.261551408761
 10
763.929825445555
 20
14418.475322859218
 10
763.959387117535
 20
14418.6876722351
 10
764.0346445551979
 20
14418.891039523818
 10
764.1519598129482
 20
14419.07341020771
 10
764.3039164896079
 20
14419.224656094617
 10
764.4846128295279
 20
14419.340046660209
 10
764.688147077059
 20
14419.41485138015
 10
767.7095328699622
 20
14420.16577848789
 10
769.2463014280304
 20
14420.70968215981
 10
772.3431196955695
 20
14422.19427315163
 10
777.7191957045103
 20
14425.02148377415
 10
777.9267273427249
 20
14425.102584882266
 10
778.1444033141175
 20
14425.135599299578
 10
778.3640292449467
 20
14425.120197001706
 10
778.5774107614703
 20
14425.056047964272
 10
778.7712993402693
 20
14424.946257301604
 10
778.9342908698036
 20
14424.79824871546
 10
779.0609575941509
 20
14424.618170062602
 10
779.1458717573887
 20
14424.41216919979
 10
782.1052235698933
 20
14414.09664510885
 10
782.3831892238959
 20
14413.29962068991
 10
782.2553920335672
 20
14413.084305130455
 10
782.1857207051803
 20
14412.847683339529
 10
782.1760558859177
 20
14412.601207058296
 10
782.2282782229619
 20
14412.356328027932
 10
782.3396649541115
 20
14412.1320828315
 10
782.5005100362041
 20
14411.94507260315
 10
782.7022191949803
 20
14411.803095910673
 10
782.9361981561808
 20
14411.71395132186
 10
783.199860044726
 20
14410.95794078428
 10
783.2827527969677
 20
14410.98684998397
 10
782.9464090492681
 20
14412.140085931
 10
780.7850000000001
 20
14419.551
  0
LWPOLYLINE
  5
1CC
330
17
100
AcDbEntity
  8
SIDEWALK_PATH
100
AcDbPolyline
 90
4
 70
1
 10
794.917
 20
14434.408
 10
794.6070000000001
 20
14434.94
 10
793.0281680490999
 20
14434.51336574231
 10
793.5480156406155
 20
14433.75477201445
  0
LWPOLYLINE
  5
1CD
330
17
100
AcDbEntity
  8
SIDEWALK_PATH
100
AcDbPolyline
 90
19
 70
1
 10
795.1054849097353
 20
14430.37986515286
 10
795.0894714493916
 20
14430.43791203675
 10
794.2807672813907
 20
14430.33477961486
 10
791.538
 20
14429.985
 10
790.0063722927025
 20
14429.68164849293
 10
789.5158996611984
 20
14429.58450634067
 10
783.7995553356884
 20
14427.65682576661
 10
782.6565464135862
 20
14427.27031565504
 10
781.937
 20
14427.027
 10
781.51704512833
 20
14426.87511072337
 10
781.3524514954116
 20
14426.77814567293
 10
781.23
 20
14426.647
 10
781.1523139268292
 20
14426.49058798402
 10
781.1204882440584
 20
14426.33226488242
 10
781.1310000000001
 20
14425.986
 10
781.2470413995354
 20
14426.218028712838
 10
781.4038776135669
 20
14426.443560338981
 10
781.6161216412976
 20
14426.617958117395
 10
781.8728221018015
 20
14426.72935530812
  0
LWPOLYLINE
  5
1CE
330
17
100
AcDbEntity
  8
SIDEWALK_PATH
100
AcDbPolyline
 90
29
 70
1
 10
792.8374310365207
 20
14438.77200438207
 10
792.1454640872447
 20
14439.489351158536
 10
791.2806630838354
 20
14439.932273346896
 10
790.3197416031567
 20
14440.076116137503
 10
789.3394132220725
 20
14439.89622472071
 10
793.0281680490999
 20
14434.51336574231
 10
794.6070000000001
 20
14434.94
 10
794.917
 20
14434.408
 10
793.5480156406155
 20
14433.75477201445
 10
793.603023752425
 20
14433.67450077865
 10
793.7135617362926
 20
14433.462752873207
 10
793.7703025892167
 20
14433.234068190186
 10
793.771986860628
 20
14432.998455431894
 10
793.7173550999565
 20
14432.765923300647
 10
793.6091588072597
 20
14432.552969353552
 10
793.4559336721325
 20
14432.373976988896
 10
793.2650965283109
 20
14432.23578367076
 10
793.0440642095314
 20
14432.14522686322
 10
781.2813065719002
 20
14428.90022144136
 10
781.9170233548587
 20
14427.0202448687
 10
782.6565464135862
 20
14427.27031565504
 10
783.7995553356884
 20
14427.65682576661
 10
789.5158996611984
 20
14429.58450634067
 10
790.0063722927025
 20
14429.68164849293
 10
791.538
 20
14429.985
 10
794.2807672813907
 20
14430.33477961486
 10
795.0894714493916
 20
14430.43791203675
 10
795.1054849097353
 20
14430.37986515286
 10
798.0346292775844
 20
14431.18793156448
  0
LWPOLYLINE
  5
1CF
330
17
100
AcDbEntity
  8
SIDEWALK_PATH
100
AcDbPolyline
 90
44
 70
1
 10
781.2813065719002
 20
14428.90022144136
 10
780.8910396610902
 20
14428.871731804307
 10
780.5315820622263
 20
14428.989026253254
 10
780.2410609158877
 20
14429.231028767012
 10
780.0576033626535
 20
14429.57666332439
 10
779.677227616699
 20
14430.8436182805
 10
777.5077006068633
 20
14430.24510837945
 10
777.9948982626423
 20
14428.62235116857
 10
778.0355839045652
 20
14428.277096378442
 10
777.9591662271285
 20
14427.947693880113
 10
777.7775354211219
 20
14427.662464292514
 10
777.5025816773347
 20
14427.44972823459
 10
778.3583224547848
 20
14425.56930828926
 10
778.5396686021558
 20
14425.60953133213
 10
778.9684955363409
 20
14425.51733025942
 10
779.1569999999999
 20
14425.273
 10
780.7850000000001
 20
14419.551
 10
782.9464090492681
 20
14412.140085931
 10
783.2827527969677
 20
14410.98684998397
 10
783.199860044726
 20
14410.95794078428
 10
783.3632228672144
 20
14410.48952262975
 10
783.4378221964788
 20
14410.260996151585
 10
783.5031830611531
 20
14410.029758050692
 10
783.5592323609034
 20
14409.79608824534
 10
783.6058969953963
 20
14409.5602666538
 10
783.7091577396782
 20
14408.97733985001
 10
785.9288225094746
 20
14409.0073357876
 10
785.8484743635929
 20
14409.73462930562
 10
785.8018464215427
 20
14410.06979362388
 10
785.7364566176357
 20
14410.401534365905
 10
785.652483184158
 20
14410.729064836005
 10
785.5501043533958
 20
14411.05159833849
 10
784.2505486423695
 20
14414.77787754076
 10
781.1775326728653
 20
14425.48960506546
 10
781.1518667036287
 20
14425.603984938987
 10
781.1397803982132
 20
14425.720184270742
 10
781.1413281569398
 20
14425.83700022822
 10
781.1565643801293
 20
14425.95322997892
 10
781.1204882440584
 20
14426.33226488242
 10
781.1523139268292
 20
14426.49058798402
 10
781.23
 20
14426.647
 10
781.3524514954116
 20
14426.77814567293
 10
781.51704512833
 20
14426.87511072337
 10
781.9171649730788
 20
14427.01982606753
  0
LWPOLYLINE
  5
1D0
330
17
100
AcDbEntity
  8
SIDEWALK_PATH
100
AcDbPolyline
 90
52
 70
1
 10
770.672
 20
14421.541
 10
778.3583224547848
 20
14425.56930828926
 10
777.5025816773348
 20
14427.44972823459
 10
771.3328197082707
 20
14424.20512816786
 10
768.3821635551159
 20
14422.79060617577
 10
767.0613214946625
 20
14422.32312469137
 10
764.3157580454354
 20
14421.6407497279
 10
762.8062048017431
 20
14421.41791673216
 10
762.4972859187451
 20
14421.420492212914
 10
762.2100636676307
 20
14421.514222573489
 10
761.9638754446999
 20
14421.689360693037
 10
761.7780586462525
 20
14421.93615945071
 10
757.7525732231965
 20
14429.47470620381
 10
755.8967988757865
 20
14428.48374696078
 10
757.6085977515729
 20
14425.16449392155
 10
758.7364026608221
 20
14422.9776307768
 10
758.6856935109619
 20
14422.95055275364
 10
759.0173814057877
 20
14422.32939916848
 10
759.1088173700193
 20
14422.086929131654
 10
759.1349524318456
 20
14421.83324269674
 10
759.0961094558334
 20
14421.581188988319
 10
758.9926113065497
 20
14421.34361713096
 10
758.8315760289889
 20
14421.140590300973
 10
758.6273658955627
 20
14420.987822273817
 10
758.3911701119648
 20
14420.891638072797
 10
758.1341778838895
 20
14420.85836272122
 10
758.0672962869625
 20
14420.85843562827
 10
757.9802662449213
 20
14418.58994764721
 10
759.4826352926767
 20
14418.5323095894
 10
760.1951054911002
 20
14418.418178499476
 10
760.8509998379907
 20
14418.142119348737
 10
761.4234679813343
 20
14417.719406356453
 10
761.8856595691169
 20
14417.16531374189
 10
762.2014762949563
 20
14416.6776770972
 10
764.0900018011674
 20
14417.90077619882
 10
764.046038657214
 20
14417.975582340947
 10
764.0087256877464
 20
14418.05391789632
 10
763.6650000000003
 20
14418.557
 10
763.5730861354226
 20
14418.79527179148
 10
763.6536339069128
 20
14419.34377698319
 10
763.7615817747794
 20
14419.51230972044
 10
763.9587897161656
 20
14419.67457688585
 10
764.416
 20
14419.787
 10
765.3762591978424
 20
14419.93241637296
 10
765.8687575204044
 20
14420.01747293888
 10
766.5543827796191
 20
14420.16483477739
 10
767.0619580739582
 20
14420.27392823268
 10
767.7175110583618
 20
14420.46309496096
 10
768.2313495704076
 20
14420.60703531773
 10
768.8619984289994
 20
14420.82625531039
 10
769.4616048549858
 20
14421.03468463602
 10
769.9842076587241
 20
14421.25329244346
  0
LWPOLYLINE
  5
1D4
330
17
100
AcDbEntity
  8
SIDEWALK_PATH
100
AcDbPolyline
 90
9
 70
1
 10
728.0718332769126
 20
14599.90084610749
 10
726.6435266230634
 20
14598.74224504409
 10
725.7449405648147
 20
14595.97895362392
 10
725.9301027454679
 20
14596.11190003462
 10
726.1360460621281
 20
14596.225703340011
 10
726.359794899874
 20
14596.287738083827
 10
726.5918179005841
 20
14596.296523240313
 10
726.8225837061369
 20
14596.25057778371
 10
726.8788626808747
 20
14596.23227660067
  0
LWPOLYLINE
  5
1D5
330
17
100
AcDbEntity
  8
ROAD
100
AcDbPolyline
 90
7
 70
1
 10
754.8932017938114
 20
14756.13443262821
 10
754.7950827498266
 20
14756.11977571512
 10
754.6005073037358
 20
14755.555297215235
 10
754.3013597756902
 20
14755.045184220311
 10
753.9079798142426
 20
14754.603645187997
 10
753.4307070679449
 20
14754.244888575946
 10
754.963
 20
14754.63000000001
  0
LWPOLYLINE
  5
1D6
330
17
100
AcDbEntity
  8
SIDEWALK_PATH
100
AcDbPolyline
 90
6
 70
1
 10
771.2433172288053
 20
14528.16067612895
 10
770.558
 20
14527.701
 10
770.5184009348421
 20
14526.73485142812
 10
770.6257941848957
 20
14527.125747094682
 10
770.7840811696777
 20
14527.49696750279
 10
770.9907571105326
 20
14527.843586048773
  0
LWPOLYLINE
  5
1D7
330
17
100
AcDbEntity
  8
ROAD
100
AcDbPolyline
 90
4
 70
1
 10
766.9600000000005
 20
14439.388
 10
764.3942479490703
 20
14438.18178249671
 10
765.8576734837684
 20
14436.25958046931
 10
768.0415570342727
 20
14437.35816395204
  0
LWPOLYLINE
  5
1D8
330
17
100
AcDbEntity
  8
ROAD
100
AcDbPolyline
 90
4
 70
1
 10
695.935141697099
 20
14747.17449293037
 10
694.2319100009155
 20
14747.14992999054
 10
694.2607497482223
 20
14745.15013794366
 10
695.9700197454756
 20
14745.1747879574
  0
LWPOLYLINE
  5
1D9
330
17
100
AcDbEntity
  8
ROAD
100
AcDbPolyline
 90
4
 70
1
 10
695.9700197454756
 20
14745.1747879574
 10
694.2607497482223
 20
14745.15013794366
 10
694.2512821562085
 20
14744.47293900667
 10
695.9602228563899
 20
14744.51950945283
  0
LWPOLYLINE
  5
1DA
330
17
100
AcDbEntity
  8
ROAD
100
AcDbPolyline
 90
7
 70
1
 10
693.6422847376934
 20
14744.45494485305
 10
690.1763128832085
 20
14744.10585356346
 10
692.7602739452915
 20
14744.22254822563
 10
694.3027385822504
 20
14744.29220770787
 10
705.8836020829602
 20
14744.81521286211
 10
695.9602228563899
 20
14744.51950945283
 10
694.2512821562085
 20
14744.47293900667
  0
LWPOLYLINE
  5
1DC
330
17
100
AcDbEntity
  8
SIDEWALK_PATH
100
AcDbPolyline
 90
4
 70
1
 10
694.3027385822505
 20
14744.29220770787
 10
692.7602739452915
 20
14744.22254822563
 10
693.0569934694157
 20
14743.23492917614
 10
694.584123062822
 20
14743.30389611013
  0
LWPOLYLINE
  5
1DE
330
17
100
AcDbEntity
  8
ROAD
100
AcDbPolyline
 90
4
 70
1
 10
680.0959485389839
 20
14758.15482171193
 10
679.3909516978842
 20
14758.1807031345
 10
679.2138315367623
 20
14753.35603966197
 10
680.015930978663
 20
14753.62101492786
  0
LWPOLYLINE
  5
1DF
330
17
100
AcDbEntity
  8
SIDEWALK_PATH
100
AcDbPolyline
 90
9
 70
1
 10
724.0130279788068
 20
14606.38880544099
 10
726.4600625947031
 20
14605.20868918508
 10
728.414294338307
 20
14604.7382057981
 10
729.0416500921175
 20
14604.58716922792
 10
728.8264849827003
 20
14605.120676971697
 10
728.516625885225
 20
14605.599264411758
 10
728.1218351667856
 20
14606.010602334525
 10
727.651875194476
 20
14606.34236152642
 10
728.0718972746962
 20
14605.44479738762
  0
LWPOLYLINE
  5
1E1
330
17
100
AcDbEntity
  8
ROAD
100
AcDbPolyline
 90
8
 70
1
 10
758.686
 20
14606.22274999237
 10
758.62912236907
 20
14608.5194114946
 10
758.2308181093465
 20
14607.433606279534
 10
757.5173757454143
 20
14606.587351412094
 10
756.5462172392317
 20
14606.056316137194
 10
755.4110276802905
 20
14605.917095185685
 10
755.3925015106662
 20
14605.35644248787
 10
757.3807090747234
 20
14605.86684114645
  0
LWPOLYLINE
  5
1E2
330
17
100
AcDbEntity
  8
ROAD
100
AcDbPolyline
 90
10
 70
1
 10
758.8966353226377
 20
14597.44066063239
 10
758.828
 20
14600.318
 10
756.2245463777945
 20
14600.35227656967
 10
756.7249584011338
 20
14600.252885032138
 10
757.1982747915235
 20
14600.0721935361
 10
757.6347179191027
 20
14599.814909221495
 10
758.02451015401
 20
14599.485739228268
 10
758.3868544111943
 20
14599.044374712852
 10
758.6570134104725
 20
14598.546972189582
 10
758.8289520736762
 20
14598.007683536685
  0
LWPOLYLINE
  5
1E3
330
17
100
AcDbEntity
  8
SIDEWALK_PATH
100
AcDbPolyline
 90
4
 70
1
 10
761.777675841591
 20
14904.30812794195
 10
759.3055153466695
 20
14904.25486492987
 10
759.3523394513335
 20
14899.15442337489
 10
761.8468757789266
 20
14899.17413372681
  0
LWPOLYLINE
  5
1E4
330
17
100
AcDbEntity
  8
SIDEWALK_PATH
100
AcDbPolyline
 90
12
 70
1
 10
751.3644573439927
 20
14901.05735430008
 10
741.6219235450758
 20
14900.83832669123
 10
741.7047554795221
 20
14898.82660693745
 10
741.7228678264938
 20
14899.023672730456
 10
741.7787282582342
 20
14899.211568105628
 10
741.8701626008299
 20
14899.38496020706
 10
741.9949966803675
 20
14899.53851617885
 10
742.1476200645843
 20
14899.664488741248
 10
742.3203274105116
 20
14899.757210003683
 10
742.5078021781774
 20
14899.814466194037
 10
742.7047278276096
 20
14899.834043540182
 10
751.3919593092364
 20
14899.83404354018
  0
LWPOLYLINE
  5
1E7
330
17
100
AcDbEntity
  8
ELECTR_CABLE
100
AcDbPolyline
 90
2
 70
0
 10
750.7529688849227
 20
14892.23055215003
 10
750.1768181514619
 20
14904.90823741463
  0
LWPOLYLINE
  5
1E8
330
17
100
AcDbEntity
  8
OVERHEAD_POWER_LINE
  6
DASHED
 48
2.0
100
AcDbPolyline
 90
4
 70
0
 10
753.7510048734191
 20
14767.10700017827
 10
734.7293929119769
 20
14756.46474015373
 10
704.1139267923063
 20
14756.64113550037
 10
689.4707335459334
 20
14784.73772111828
  0
LWPOLYLINE
  5
1E9
330
17
100
AcDbEntity
  8
OVERHEAD_POWER_LINE
  6
DASHED
 48
2.0
100
AcDbPolyline
 90
2
 70
0
 10
704.1139267923063
 20
14756.64113550037
 10
694.15548
 20
14714.82063
  0
LWPOLYLINE
  5
1EA
330
17
100
AcDbEntity
  8
OVERHEAD_POWER_LINE
  6
DASHED
 48
2.0
100
AcDbPolyline
 90
2
 70
0
 10
781.3400000275565
 20
14568.570000001
 10
771.1427848128023
 20
14557.03789726375
  0
LWPOLYLINE
  5
1EB
330
17
100
AcDbEntity
  8
ELECTR_CABLE
100
AcDbPolyline
 90
2
 70
0
 10
771.1427848128023
 20
14557.03789726375
 10
771.3414453602345
 20
14549.03393289775
  0
LWPOLYLINE
  5
1EC
330
17
100
AcDbEntity
  8
OVERHEAD_POWER_LINE
  6
DASHED
 48
2.0
100
AcDbPolyline
 90
3
 70
0
 10
799.8080295691344
 20
14409.01389181915
 10
819.063073167481
 20
14426.15437904147
 10
825.6000000149622
 20
14432.4199999918
  0
LWPOLYLINE
  5
1ED
330
17
100
AcDbEntity
  8
ELECTR_CABLE
100
AcDbPolyline
 90
6
 70
0
 10
808.3373591970612
 20
14436.80319524089
 10
809.6725469550411
 20
14439.25222627624
 42
0.2839855207416571
 10
809.6554449779564
 20
14439.56711252302
 10
804.595435703477
 20
14446.8430861619
 42
-0.0755035770887123
 10
804.5556874441189
 20
14446.92393423473
 10
804.369465296383
 20
14447.51294361699
  0
LWPOLYLINE
  5
1EE
330
17
100
AcDbEntity
  8
ELECTR_CABLE
100
AcDbPolyline
 90
10
 70
0
 10
763.6941103164172
 20
14753.93200681338
 10
763.5588877390287
 20
14758.29419750275
 42
0.4002693347485384
 10
763.264087527612
 20
14758.58485973038
 10
753.6746392383793
 20
14758.94635701763
 10
753.6746392485444
 20
14758.94635700865
 10
752.2572075752036
 20
14760.00056318214
 42
0.1711927735605108
 10
752.0665622623769
 20
14760.05961749049
 10
738.0975062005825
 20
14759.51858237033
 42
0.1803950205033115
 10
737.9040521195042
 20
14759.43777854926
 10
734.7293929119769
 20
14756.46474015373
  0
LWPOLYLINE
  5
1EF
330
17
100
AcDbEntity
  8
OVERHEAD_POWER_LINE
  6
DASHED
 48
2.0
100
AcDbPolyline
 90
4
 70
0
 10
771.6750763262585
 20
14495.30738133553
 10
771.4100714296791
 20
14526.04937931736
 10
771.1427848128023
 20
14557.03542160757
 10
771.3944120877568
 20
14588.05423568086
  0
LWPOLYLINE
  5
1F0
330
17
100
AcDbEntity
  8
OVERHEAD_POWER_LINE
  6
DASHED
 48
2.0
100
AcDbPolyline
 90
3
 70
0
 10
752.2073548729333
 20
14600.00016970977
 10
752.2071652757822
 20
14600.0
 10
734.2250060053811
 20
14590.62205346263
  0
LWPOLYLINE
  5
1F1
330
17
100
AcDbEntity
  8
OVERHEAD_POWER_LINE
  6
DASHED
 48
2.0
100
AcDbPolyline
 90
2
 70
0
 10
771.3944120877554
 20
14588.05423568086
 10
752.2073548729333
 20
14600.00016970977
  0
LWPOLYLINE
  5
1F2
330
17
100
AcDbEntity
  8
ELECTR_CABLE
100
AcDbPolyline
 90
11
 70
0
 10
753.7533102111361
 20
14441.59138775629
 10
754.1335075130963
 20
14442.16682096278
 42
-0.2360467410410139
 10
754.3659054582857
 20
14442.30090902661
 10
758.7675457030964
 20
14442.56404701445
 42
-0.0699045644961661
 10
758.8507571270576
 20
14442.55738663868
 10
760.7463946206412
 20
14442.13457314319
 42
-0.1846314834798506
 10
760.9250676781252
 20
14442.01633285616
 10
771.0813514330484
 20
14427.8213118993
 42
0.3160339159658625
 10
771.4068861968572
 20
14427.70766326128
 10
783.8693884959102
 20
14431.39531728553
 10
794.6830888587474
 20
14434.75288717414
  0
LWPOLYLINE
  5
1F3
330
17
100
AcDbEntity
  8
OVERHEAD_POWER_LINE
  6
DASHED
 48
2.0
100
AcDbPolyline
 90
2
 70
0
 10
856.0414816592929
 20
14388.76799114781
 10
828.8447483974451
 20
14401.43042829916
  0
LWPOLYLINE
  5
1F4
330
17
100
AcDbEntity
  8
OVERHEAD_POWER_LINE
  6
DASHED
 48
2.0
100
AcDbPolyline
 90
2
 70
0
 10
828.8447483974451
 20
14401.43042829916
 10
819.063073167481
 20
14426.15437904147
  0
LWPOLYLINE
  5
1F5
330
17
100
AcDbEntity
  8
OVERHEAD_POWER_LINE
  6
DASHED
 48
2.0
100
AcDbPolyline
 90
2
 70
0
 10
819.063073167481
 20
14426.15437904147
 10
804.3681322951652
 20
14447.51715981917
  0
LWPOLYLINE
  5
1F6
330
17
100
AcDbEntity
  8
ELECTR_CABLE
100
AcDbPolyline
 90
6
 70
0
 10
755.0899999999747
 20
14436.42499999999
 10
758.441141867951
 20
14442.2786699893
 42
-0.328702220338976
 10
758.7668050230418
 20
14442.42242586926
 10
760.7137401979585
 20
14441.98817065455
 42
-0.1846314834799372
 10
760.8030767267005
 20
14441.92905051104
 10
762.3986562942562
 20
14439.69897443732
  0
LWPOLYLINE
  5
1F7
330
17
100
AcDbEntity
  8
OVERHEAD_POWER_LINE
  6
DASHED
 48
2.0
100
AcDbPolyline
 90
3
 70
0
 10
804.3681322951652
 20
14447.51715981917
 10
785.8314313267183
 20
14469.90697705667
 10
771.6750763262608
 20
14495.30738133553
  0
LWPOLYLINE
  5
1F8
330
17
100
AcDbEntity
  8
ELECTR_CABLE
100
AcDbPolyline
 90
3
 70
0
 10
771.1755184786593
 20
14595.24362215677
 10
771.1755200771986
 20
14595.24359078716
 10
771.3944120877568
 20
14588.05423568086
  0
LWPOLYLINE
  5
1F9
330
17
100
AcDbEntity
  8
OVERHEAD_POWER_LINE
  6
DASHED
 48
2.0
100
AcDbPolyline
 90
2
 70
0
 10
736.5901807751718
 20
14504.19504336376
 10
771.6750763262608
 20
14495.30738133553
  0
LWPOLYLINE
  5
1FA
330
17
100
AcDbEntity
  8
OVERHEAD_POWER_LINE
  6
DASHED
 48
2.0
100
AcDbPolyline
 90
3
 70
0
 10
752.2076274536317
 20
14600.0
 10
756.1210828767967
 20
14615.72872767356
 10
757.040000000001
 20
14644.67999999999
  0
LWPOLYLINE
  5
1FB
330
17
100
AcDbEntity
  8
ELECTR_CABLE
100
AcDbPolyline
 90
4
 70
0
 10
750.9028142238479
 20
14892.23736202538
 10
750.6354838665238
 20
14898.11973224516
 42
-0.4207371731888038
 10
750.9282171901455
 20
14898.43327131039
 10
760.5096576333926
 20
14898.65553600614
  0
LWPOLYLINE
  5
1FC
330
17
100
AcDbEntity
  8
ELECTR_CABLE
100
AcDbPolyline
 90
6
 70
0
 10
828.8447483974451
 20
14401.43042829916
 10
827.3215567949688
 20
14400.87488476319
 42
-0.2006482285251619
 10
827.0903455265816
 20
14400.88559908925
 10
821.744984565084
 20
14403.41741707587
 42
-0.2511742488963323
 10
821.5765124877989
 20
14403.64545643144
 10
821.4930747512735
 20
14404.22039775918
  0
LWPOLYLINE
  5
1FD
330
17
100
AcDbEntity
  8
ELECTR_CABLE_COMM
100
AcDbPolyline
 90
2
 70
0
 10
759.6024595333412
 20
14983.19561305838
 10
762.6246654255791
 20
14969.21167360454
  0
LWPOLYLINE
  5
1FE
330
17
100
AcDbEntity
  8
ELECTR_CABLE_COMM
100
AcDbPolyline
 90
2
 70
0
 10
762.8388822260579
 20
14967.3747165719
 10
762.5756443810598
 20
14952.61768218858
  0
LWPOLYLINE
  5
1FF
330
17
100
AcDbEntity
  8
ELECTR_CABLE_COMM
100
AcDbPolyline
 90
2
 70
0
 10
762.0993514498635
 20
14951.56771349041
 10
756.3799820963758
 20
14950.38244743453
  0
LWPOLYLINE
  5
200
330
17
100
AcDbEntity
  8
ELECTR_CABLE_COMM
100
AcDbPolyline
 90
4
 70
0
 10
755.9209747515927
 20
14949.48991332949
 10
759.4399999999665
 20
14867.08000000001
 10
765.0099999999568
 20
14748.56000000001
 10
731.8078189425094
 20
14746.13069289107
  0
LWPOLYLINE
  5
201
330
17
100
AcDbEntity
  8
ELECTR_CABLE_COMM
100
AcDbPolyline
 90
3
 70
0
 10
731.8078189425094
 20
14746.13069289107
 10
723.3042779840365
 20
14745.74089618567
 10
660.8530000000009
 20
14742.966
  0
LWPOLYLINE
  5
202
330
17
100
AcDbEntity
  8
ELECTR_CABLE_COMM
100
AcDbPolyline
 90
3
 70
0
 10
708.6000646891471
 20
14921.76695365458
 10
730.6239999999622
 20
14922.80700000001
 10
733.3739999999711
 20
14852.27100000001
  0
LWPOLYLINE
  5
203
330
17
100
AcDbEntity
  8
ELECTR_CABLE_COMM
100
AcDbPolyline
 90
3
 70
0
 10
733.3739999999711
 20
14852.27100000001
 10
735.168
 20
14771.176
 10
715.915173257494
 20
14766.89082341645
  0
LWPOLYLINE
  5
204
330
17
100
AcDbEntity
  8
ELECTR_CABLE_COMM
100
AcDbPolyline
 90
6
 70
0
 10
735.1679999999533
 20
14771.17600000156
 10
737.2499999999696
 20
14720.64
 10
736.976
 20
14692.554
 10
722.422
 20
14694.66600000001
 10
714.3072766177758
 20
14696.9500271735
 10
706.8070000000038
 20
14697.61200000001
  0
LWPOLYLINE
  5
205
330
17
100
AcDbEntity
  8
ELECTR_CABLE_COMM
100
AcDbPolyline
 90
4
 70
0
 10
736.9760000000066
 20
14692.554
 10
740.2760000000001
 20
14640.38
 10
742.72
 20
14590.738
 10
710.4781869530576
 20
14598.63759531346
  0
LWPOLYLINE
  5
206
330
17
100
AcDbEntity
  8
ELECTR_CABLE_COMM
100
AcDbPolyline
 90
5
 70
0
 10
742.72
 20
14590.738
 10
756.4632590956908
 20
14583.45688051732
 10
758.1
 20
14536.6
 10
741.86
 20
14533.73
 10
734.288677064464
 20
14552.92224717558
  0
LWPOLYLINE
  5
207
330
17
100
AcDbEntity
  8
ELECTR_CABLE_COMM
100
AcDbPolyline
 90
4
 70
0
 10
741.86
 20
14533.73
 10
745.6819999999665
 20
14494.50700000001
 10
744.8820000000001
 20
14461.339
 10
736.685238898358
 20
14466.82255792117
  0
LWPOLYLINE
  5
208
330
17
100
AcDbEntity
  8
ELECTR_CABLE_COMM
100
AcDbPolyline
 90
5
 70
0
 10
744.942
 20
14494.18473151126
 10
725.6800000000001
 20
14500.637
 10
716.6851773014686
 20
14504.17090414388
 10
710.307
 20
14506.29
 10
708.2410353079899
 20
14502.58930452205
  0
LWPOLYLINE
  5
209
330
17
100
AcDbEntity
  8
ELECTR_CABLE_COMM
100
AcDbPolyline
 90
3
 70
0
 10
744.8820000000532
 20
14461.3390000022
 10
787.792
 20
14443.302
 10
787.8712502111314
 20
14443.27008802754
  0
LWPOLYLINE
  5
20A
330
17
100
AcDbEntity
  8
ELECTR_CABLE_COMM
100
AcDbPolyline
 90
4
 70
0
 10
814.8709999999735
 20
14432.39799999999
 10
814.871
 20
14432.398
 10
800.581
 20
14424.182
 10
787.7919999999541
 20
14443.30200000002
  0
LWPOLYLINE
  5
20B
330
17
100
AcDbEntity
  8
ELECTR_CABLE_COMM
100
AcDbPolyline
 90
2
 70
0
 10
814.8709999999735
 20
14432.39799999999
 10
833.35
 20
14424.55
  0
LWPOLYLINE
  5
20C
330
17
100
AcDbEntity
  8
ELECTR_CABLE_COMM
100
AcDbPolyline
 90
3
 70
0
 10
765.0291308863302
 20
14747.90363668027
 10
765.279932249399
 20
14739.13684688738
 10
788.9023151672633
 20
14730.02797900267
  0
LWPOLYLINE
  5
20D
330
17
100
AcDbEntity
  8
ELECTR_CABLE_COMM
100
AcDbPolyline
 90
2
 70
0
 10
728.798250439854
 20
14722.45730472657
 10
736.6662312547842
 20
14720.78507304026
  0
LWPOLYLINE
  5
20E
330
17
100
AcDbEntity
  8
ELECTR_CABLE_COMM
100
AcDbPolyline
 90
2
 70
0
 10
739.6917168847491
 20
14640.5458525712
 10
734.0564059901552
 20
14642.44391452601
  0
LWPOLYLINE
  5
20F
330
17
100
AcDbEntity
  8
ELECTR_CABLE_COMM
100
AcDbPolyline
 90
2
 70
0
 10
758.5654115726188
 20
14535.97612162615
 10
778.362603503525
 20
14520.57952247688
  0
LWPOLYLINE
  5
210
330
17
100
AcDbEntity
  8
ELECTR_CABLE_COMM
100
AcDbPolyline
 90
2
 70
0
 10
716.9551989677951
 20
14486.73844335876
 10
724.9826759766052
 20
14500.19112251189
  0
LWPOLYLINE
  5
211
330
17
100
AcDbEntity
  8
ELECTR_CABLE_COMM
100
AcDbPolyline
 90
2
 70
0
 10
833.3499999999686
 20
14424.55000000001
 10
873.4649587280561
 20
14407.08700504878
  0
LWPOLYLINE
  5
212
330
17
100
AcDbEntity
  8
ELECTR_CABLE_COMM
100
AcDbPolyline
 90
2
 70
0
 10
839.9992529998041
 20
14440.84157038859
 10
833.5389395457403
 20
14425.01292747602
  0
LINE
  5
213
330
17
100
AcDbEntity
  8
CURB
 62
7
100
AcDbLine
 10
455.1146032157981
 20
14118.5944254014
 30
0.0
 11
471.2513163183478
 21
14131.40339138639
 31
0.0
  0
LINE
  5
214
330
17
100
AcDbEntity
  8
CURB
 62
7
100
AcDbLine
 10
471.2513163183478
 20
14131.40339138639
 30
0.0
 11
483.9663488584554
 21
14141.41434708081
 31
0.0
  0
LINE
  5
215
330
17
100
AcDbEntity
  8
CURB
 62
7
100
AcDbLine
 10
493.0423843592285
 20
14143.18333443163
 30
0.0
 11
492.9322733601445
 21
14143.33773307124
 31
0.0
  0
LINE
  5
216
330
17
100
AcDbEntity
  8
CURB
 62
7
100
AcDbLine
 10
493.1351644988591
 20
14144.7097823809
 30
0.0
 11
494.7113599842433
 21
14145.92720434669
 31
0.0
  0
LINE
  5
217
330
17
100
AcDbEntity
  8
CURB
 62
7
100
AcDbLine
 10
498.8487371279718
 20
14145.47483854832
 30
0.0
 11
500.8196394706501
 21
14143.11253972878
 31
0.0
  0
LINE
  5
218
330
17
100
AcDbEntity
  8
CURB
 62
7
100
AcDbLine
 10
501.0493932015026
 20
14142.54109300033
 30
0.0
 11
501.0539053346886
 21
14142.47602863742
 31
0.0
  0
LINE
  5
219
330
17
100
AcDbEntity
  8
CURB
 62
7
100
AcDbLine
 10
508.4280822001588
 20
14160.55550295313
 30
0.0
 11
520.655
 21
14170.041
 31
0.0
  0
LINE
  5
21A
330
17
100
AcDbEntity
  8
CURB
 62
7
100
AcDbLine
 10
520.655
 20
14170.041
 30
0.0
 11
531.421
 21
14178.453
 31
0.0
  0
LWPOLYLINE
  5
21B
330
17
100
AcDbEntity
  8
CURB
 62
7
100
AcDbPolyline
 90
2
 70
0
 10
538.3802035279398
 20
14191.8892641377
 10
536.443
 20
14195.162
  0
LWPOLYLINE
  5
21C
330
17
100
AcDbEntity
  8
CURB
 62
7
100
AcDbPolyline
 90
2
 70
0
 10
539.607
 20
14197.669
 10
541.5608037186614
 20
14194.37923780463
  0
LWPOLYLINE
  5
21D
330
17
100
AcDbEntity
  8
CURB
 62
7
100
AcDbPolyline
 90
2
 70
0
 10
560.7773503219703
 20
14189.99713782159
 10
559.8154638797943
 20
14191.21458532105
  0
LINE
  5
21E
330
17
100
AcDbEntity
  8
CURB
 62
7
100
AcDbLine
 10
774.3494349784107
 20
14369.05248494252
 30
0.0
 11
751.4558174993134
 21
14350.98323175757
 31
0.0
  0
LINE
  5
21F
330
17
100
AcDbEntity
  8
CURB
 62
7
100
AcDbLine
 10
751.4558174993134
 20
14350.98323175757
 30
0.0
 11
728.977
 21
14333.283
 31
0.0
  0
LINE
  5
220
330
17
100
AcDbEntity
  8
CURB
 62
7
100
AcDbLine
 10
728.977
 20
14333.283
 30
0.0
 11
714.5659066940901
 21
14321.81272542084
 31
0.0
  0
LINE
  5
221
330
17
100
AcDbEntity
  8
CURB
 62
7
100
AcDbLine
 10
714.0526826975495
 20
14317.64104251037
 30
0.0
 11
714.138159761854
 21
14317.52946658749
 31
0.0
  0
LINE
  5
222
330
17
100
AcDbEntity
  8
CURB
 62
7
100
AcDbLine
 10
714.1381610089442
 20
14317.52946752433
 30
0.0
 11
723.6666080654522
 21
14305.09168060769
 31
0.0
  0
LINE
  5
223
330
17
100
AcDbEntity
  8
CURB
 62
7
100
AcDbLine
 10
727.9091509159124
 20
14304.56314008756
 30
0.0
 11
728.9490689491967
 21
14305.38565404599
 31
0.0
  0
LINE
  5
224
330
17
100
AcDbEntity
  8
CURB
 62
7
100
AcDbLine
 10
511.0725493617408
 20
14311.98255372247
 30
0.0
 11
512.0621892645449
 21
14309.96935488371
 31
0.0
  0
LINE
  5
225
330
17
100
AcDbEntity
  8
CURB
 62
7
100
AcDbLine
 10
516.2114472372841
 20
14308.67036937976
 30
0.0
 11
533.816
 21
14318.451
 31
0.0
  0
LINE
  5
226
330
17
100
AcDbEntity
  8
CURB
 62
7
100
AcDbLine
 10
533.816
 20
14318.451
 30
0.0
 11
555.6360000000001
 21
14330.599
 31
0.0
  0
LINE
  5
227
330
17
100
AcDbEntity
  8
CURB
 62
7
100
AcDbLine
 10
555.6360000000001
 20
14330.599
 30
0.0
 11
583.5636476104155
 21
14346.25870660845
 31
0.0
  0
LINE
  5
228
330
17
100
AcDbEntity
  8
CURB
 62
7
100
AcDbLine
 10
583.5636476104155
 20
14346.25870660845
 30
0.0
 11
583.5922217569498
 21
14346.2747090209
 31
0.0
  0
LINE
  5
229
330
17
100
AcDbEntity
  8
CURB
 62
7
100
AcDbLine
 10
592.6313959276575
 20
14352.25921099172
 30
0.0
 11
591.248
 21
14356.52
 31
0.0
  0
LINE
  5
22A
330
17
100
AcDbEntity
  8
CURB
 62
7
100
AcDbLine
 10
588.7829269519499
 20
14333.1793082638
 30
0.0
 11
592.419908672129
 21
14323.40895796959
 31
0.0
  0
LINE
  5
22B
330
17
100
AcDbEntity
  8
CURB
 62
7
100
AcDbLine
 10
592.419908672129
 20
14323.40895796959
 30
0.0
 11
597.3137100042779
 21
14310.47011459649
 31
0.0
  0
LINE
  5
22C
330
17
100
AcDbEntity
  8
CURB
 62
7
100
AcDbLine
 10
597.3137100042779
 20
14310.47011459649
 30
0.0
 11
602.8111482834464
 21
14295.89155985798
 31
0.0
  0
LINE
  5
22D
330
17
100
AcDbEntity
  8
CURB
 62
7
100
AcDbLine
 10
602.8111482834464
 20
14295.89155985798
 30
0.0
 11
607.7094364575512
 21
14282.54022580628
 31
0.0
  0
LINE
  5
22E
330
17
100
AcDbEntity
  8
CURB
 62
7
100
AcDbLine
 10
607.7094364575512
 20
14282.54022580628
 30
0.0
 11
612.0114879049082
 21
14270.97722348754
 31
0.0
  0
LINE
  5
22F
330
17
100
AcDbEntity
  8
CURB
 62
7
100
AcDbLine
 10
601.918140878613
 20
14230.26489011451
 30
0.0
 11
620.7806111179694
 21
14245.88288720035
 31
0.0
  0
LINE
  5
230
330
17
100
AcDbEntity
  8
CURB
 62
7
100
AcDbLine
 10
432.1305564929575
 20
14263.42299767274
 30
0.0
 11
433.1234491446314
 21
14261.67977303136
 31
0.0
  0
LINE
  5
231
330
17
100
AcDbEntity
  8
CURB
 62
7
100
AcDbLine
 10
434.483129068409
 20
14261.30339115432
 30
0.0
 11
445.897
 21
14267.732
 31
0.0
  0
LINE
  5
232
330
17
100
AcDbEntity
  8
CURB
 62
7
100
AcDbLine
 10
445.897
 20
14267.732
 30
0.0
 11
465.209
 21
14278.247
 31
0.0
  0
LINE
  5
233
330
17
100
AcDbEntity
  8
CURB
 62
7
100
AcDbLine
 10
432.1305564929575
 20
14263.42299767274
 30
0.0
 11
453.2481000091556
 21
14275.03682000183
 31
0.0
  0
LINE
  5
234
330
17
100
AcDbEntity
  8
CURB
 62
7
100
AcDbLine
 10
453.2481000091556
 20
14275.03682000183
 30
0.0
 11
462.879660838613
 21
14280.33165929455
 31
0.0
  0
LINE
  5
235
330
17
100
AcDbEntity
  8
CURB
 62
7
100
AcDbLine
 10
464.237716282734
 20
14279.93708938858
 30
0.0
 11
465.1765395223624
 21
14278.22932591538
 31
0.0
  0
LWPOLYLINE
  5
236
330
17
100
AcDbEntity
  8
CURB
 62
7
100
AcDbPolyline
 90
2
 70
0
 10
432.1305564929575
 20
14263.42299767274
 10
418.891
 20
14256.312
  0
LINE
  5
237
330
17
100
AcDbEntity
  8
CURB
 62
7
100
AcDbLine
 10
418.8910000000001
 20
14256.312
 30
0.0
 11
419.9317609562054
 21
14254.32585216853
 31
0.0
  0
LINE
  5
238
330
17
100
AcDbEntity
  8
CURB
 62
7
100
AcDbLine
 10
419.5291487054485
 20
14252.98616636117
 30
0.0
 11
402.8792406572981
 21
14243.79829833936
 31
0.0
  0
LINE
  5
239
330
17
100
AcDbEntity
  8
CURB
 62
7
100
AcDbLine
 10
418.8910000000001
 20
14256.312
 30
0.0
 11
402.2055200346196
 21
14247.11203840264
 31
0.0
  0
LINE
  5
23A
330
17
100
AcDbEntity
  8
CURB
 62
7
100
AcDbLine
 10
401.8114627862123
 20
14245.75565939373
 30
0.0
 11
402.88322
 21
14243.80043
 31
0.0
  0
LWPOLYLINE
  5
23B
330
17
100
AcDbEntity
  8
CURB
 62
7
100
AcDbPolyline
 90
2
 70
0
 10
715.422408311526
 20
14319.85843953767
 10
727.7764821588618
 20
14304.46403422404
  0
LINE
  5
23C
330
17
100
AcDbEntity
  8
CURB
 62
7
100
AcDbLine
 10
788.8083265828282
 20
14376.76839515544
 30
0.0
 11
788.8006350288206
 21
14376.77868952062
 31
0.0
  0
LINE
  5
23D
330
17
100
AcDbEntity
  8
CURB
 62
7
100
AcDbLine
 10
789.3178540840992
 20
14380.90730393689
 30
0.0
 11
793.966
 21
14384.665
 31
0.0
  0
LINE
  5
23E
330
17
100
AcDbEntity
  8
CURB
 62
7
100
AcDbLine
 10
793.966
 20
14384.665
 30
0.0
 11
801.265
 21
14390.459
 31
0.0
  0
LINE
  5
23F
330
17
100
AcDbEntity
  8
CURB
 62
7
100
AcDbLine
 10
801.265
 20
14390.459
 30
0.0
 11
813.845989989929
 21
14400.38570000305
 31
0.0
  0
LINE
  5
240
330
17
100
AcDbEntity
  8
CURB
 62
7
100
AcDbLine
 10
813.845989989929
 20
14400.38570000305
 30
0.0
 11
814.0779525506158
 21
14400.5630729247
 31
0.0
  0
LINE
  5
241
330
17
100
AcDbEntity
  8
CURB
 62
7
100
AcDbLine
 10
619.2864262585637
 20
14278.19213522728
 30
0.0
 11
626.3214324540688
 21
14282.7122604748
 31
0.0
  0
LINE
  5
242
330
17
100
AcDbEntity
  8
CURB
 62
7
100
AcDbLine
 10
628.7071122420617
 20
14283.0894207449
 30
0.0
 11
629.699776848212
 21
14282.8279989301
 31
0.0
  0
LINE
  5
243
330
17
100
AcDbEntity
  8
CURB
 62
7
100
AcDbLine
 10
632.3151956377675
 20
14283.36851313626
 30
0.0
 11
635.8984905313299
 21
14286.17891124569
 31
0.0
  0
LINE
  5
244
330
17
100
AcDbEntity
  8
CURB
 62
7
100
AcDbLine
 10
636.9969174292597
 20
14286.26861561937
 30
0.0
 11
643.9694872513282
 21
14282.44020546981
 31
0.0
  0
LINE
  5
245
330
17
100
AcDbEntity
  8
CURB
 62
7
100
AcDbLine
 10
610.2309805483608
 20
14332.24992797665
 30
0.0
 11
610.865770789128
 21
14328.3023732966
 31
0.0
  0
LINE
  5
246
330
17
100
AcDbEntity
  8
CURB
 62
7
100
AcDbLine
 10
610.865770789128
 20
14328.3023732966
 30
0.0
 11
611.57462998486
 21
14325.03190884669
 31
0.0
  0
LINE
  5
247
330
17
100
AcDbEntity
  8
CURB
 62
7
100
AcDbLine
 10
611.57462998486
 20
14325.03190884669
 30
0.0
 11
613.0518977499905
 21
14319.5504197143
 31
0.0
  0
LINE
  5
248
330
17
100
AcDbEntity
  8
CURB
 62
7
100
AcDbLine
 10
613.308112335095
 20
14318.76402241301
 30
0.0
 11
615.208
 21
14313.817
 31
0.0
  0
LINE
  5
249
330
17
100
AcDbEntity
  8
CURB
 62
7
100
AcDbLine
 10
615.208
 20
14313.817
 30
0.0
 11
620.2519691704795
 21
14300.05722773625
 31
0.0
  0
LINE
  5
24A
330
17
100
AcDbEntity
  8
CURB
 62
7
100
AcDbLine
 10
620.2519691704795
 20
14300.05722773625
 30
0.0
 11
624.8687157937281
 21
14287.46290370526
 31
0.0
  0
LINE
  5
24B
330
17
100
AcDbEntity
  8
CURB
 62
7
100
AcDbLine
 10
624.4703675267718
 20
14286.27741823817
 30
0.0
 11
617.8352675003952
 21
14282.01424030832
 31
0.0
  0
LINE
  5
24C
330
17
100
AcDbEntity
  8
CURB
 62
7
100
AcDbLine
 10
650.9376550561656
 20
14259.23356093825
 30
0.0
 11
649.5928461765814
 21
14265.00141272162
 31
0.0
  0
LINE
  5
24D
330
17
100
AcDbEntity
  8
CURB
 62
7
100
AcDbLine
 10
653.582616867486
 20
14261.54181775617
 30
0.0
 11
652.4529334980109
 21
14266.38700158577
 31
0.0
  0
LINE
  5
24E
330
17
100
AcDbEntity
  8
CURB
 62
7
100
AcDbLine
 10
713.1088362805552
 20
14309.48253167755
 30
0.0
 11
710.1086299935911
 21
14306.11732999664
 31
0.0
  0
LINE
  5
24F
330
17
100
AcDbEntity
  8
CURB
 62
7
100
AcDbLine
 10
554.9497905600609
 20
14184.72602189848
 30
0.0
 11
554.1374017712845
 21
14185.74092316078
 31
0.0
  0
LINE
  5
250
330
17
100
AcDbEntity
  8
CURB
 62
7
100
AcDbLine
 10
554.2931805917066
 20
14187.14653084399
 30
0.0
 11
555.1834716766525
 21
14187.85917405671
 31
0.0
  0
LINE
  5
251
330
17
100
AcDbEntity
  8
CURB
 62
7
100
AcDbLine
 10
556.5890793598655
 20
14187.70339523629
 30
0.0
 11
557.3100587481307
 21
14186.80268993195
 31
0.0
  0
LINE
  5
252
330
17
100
AcDbEntity
  8
CURB
 62
7
100
AcDbLine
 10
559.8154638797943
 20
14191.21458532105
 30
0.0
 11
557.0795358257116
 21
14194.67741484238
 31
0.0
  0
LINE
  5
253
330
17
100
AcDbEntity
  8
CURB
 62
7
100
AcDbLine
 10
557.5483677191132
 20
14198.87097164289
 30
0.0
 11
567.1179728386397
 21
14206.60098352931
 31
0.0
  0
LINE
  5
254
330
17
100
AcDbEntity
  8
CURB
 62
7
100
AcDbLine
 10
567.1179728386397
 20
14206.60098352931
 30
0.0
 11
585.02
 21
14220.03
 31
0.0
  0
LINE
  5
255
330
17
100
AcDbEntity
  8
CURB
 62
7
100
AcDbLine
 10
585.02
 20
14220.03
 30
0.0
 11
604.37
 21
14236.25
 31
0.0
  0
LINE
  5
256
330
17
100
AcDbEntity
  8
CURB
 62
7
100
AcDbLine
 10
604.37
 20
14236.25
 30
0.0
 11
616.5707196111449
 21
14246.27991414271
 31
0.0
  0
LINE
  5
257
330
17
100
AcDbEntity
  8
CURB
 62
7
100
AcDbLine
 10
620.9527846965624
 20
14245.65501667758
 30
0.0
 11
625.3774998419124
 21
14239.37858847959
 31
0.0
  0
LWPOLYLINE
  5
258
330
17
100
AcDbEntity
  8
CURB
 62
7
100
AcDbPolyline
 90
2
 70
0
 10
402.88322
 20
14243.80043
 10
401.9572517309085
 20
14243.30440584079
  0
LWPOLYLINE
  5
259
330
17
100
AcDbEntity
  8
CURB
 62
7
100
AcDbPolyline
 90
3
 70
0
 10
788.808477561622
 20
14376.768507961
 10
795.1026773846535
 20
14368.34404480152
 10
798.6621176345011
 20
14363.71115245868
  0
LWPOLYLINE
  5
25A
330
17
100
AcDbEntity
  8
CURB
 62
7
100
AcDbPolyline
 90
3
 70
0
 10
778.5690092476246
 20
14368.54854387079
 10
785.4400467056713
 20
14359.78430425279
 10
788.7804228333158
 20
14355.38669408327
  0
LINE
  5
25B
330
17
100
AcDbEntity
  8
CURB
 62
7
100
AcDbLine
 10
454.989377488494
 20
14127.05385051463
 30
0.0
 11
458.3140846944569
 21
14129.38829177866
 31
0.0
  0
LINE
  5
25C
330
17
100
AcDbEntity
  8
CURB
 62
7
100
AcDbLine
 10
458.3140846944569
 20
14129.38829177866
 30
0.0
 11
469.824
 21
14138.352
 31
0.0
  0
LINE
  5
25D
330
17
100
AcDbEntity
  8
CURB
 62
7
100
AcDbLine
 10
469.824
 20
14138.352
 30
0.0
 11
482.701
 21
14148.381
 31
0.0
  0
LINE
  5
25E
330
17
100
AcDbEntity
  8
CURB
 62
7
100
AcDbLine
 10
482.701
 20
14148.381
 30
0.0
 11
490.87
 21
14154.54
 31
0.0
  0
LINE
  5
25F
330
17
100
AcDbEntity
  8
CURB
 62
7
100
AcDbLine
 10
490.87
 20
14154.54
 30
0.0
 11
509.95671
 21
14169.55549993934
 31
0.0
  0
LINE
  5
260
330
17
100
AcDbEntity
  8
CURB
 62
7
100
AcDbLine
 10
509.95671
 20
14169.55549993934
 30
0.0
 11
525.581
 21
14181.869
 31
0.0
  0
LINE
  5
261
330
17
100
AcDbEntity
  8
CURB
 62
7
100
AcDbLine
 10
525.581
 20
14181.869
 30
0.0
 11
538.3802035279398
 21
14191.8892641377
 31
0.0
  0
LINE
  5
262
330
17
100
AcDbEntity
  8
CURB
 62
7
100
AcDbLine
 10
538.3802035279398
 20
14191.8892641377
 30
0.0
 11
541.5608037809283
 21
14194.37923772511
 31
0.0
  0
LINE
  5
263
330
17
100
AcDbEntity
  8
CURB
 62
7
100
AcDbLine
 10
541.5608037809283
 20
14194.37923772511
 30
0.0
 11
543.365
 21
14195.792
 31
0.0
  0
LINE
  5
264
330
17
100
AcDbEntity
  8
CURB
 62
7
100
AcDbLine
 10
543.365
 20
14195.792
 30
0.0
 11
555.52
 21
14205.21
 31
0.0
  0
LINE
  5
265
330
17
100
AcDbEntity
  8
CURB
 62
7
100
AcDbLine
 10
555.52
 20
14205.21
 30
0.0
 11
569.09548823625
 21
14215.79791550094
 31
0.0
  0
LINE
  5
266
330
17
100
AcDbEntity
  8
CURB
 62
7
100
AcDbLine
 10
569.09548823625
 20
14215.79791550094
 30
0.0
 11
580.83
 21
14224.95
 31
0.0
  0
LINE
  5
267
330
17
100
AcDbEntity
  8
CURB
 62
7
100
AcDbLine
 10
580.83
 20
14224.95
 30
0.0
 11
597.87
 21
14238.68
 31
0.0
  0
LINE
  5
268
330
17
100
AcDbEntity
  8
CURB
 62
7
100
AcDbLine
 10
597.87
 20
14238.68
 30
0.0
 11
610.907
 21
14249.924
 31
0.0
  0
LINE
  5
269
330
17
100
AcDbEntity
  8
CURB
 62
7
100
AcDbLine
 10
610.907
 20
14249.924
 30
0.0
 11
616.2627554202569
 21
14254.23498589104
 31
0.0
  0
LINE
  5
26A
330
17
100
AcDbEntity
  8
CURB
 62
7
100
AcDbLine
 10
618.1239387717895
 20
14261.00123036276
 30
0.0
 11
614.1202536488126
 21
14271.76182978202
 31
0.0
  0
LINE
  5
26B
330
17
100
AcDbEntity
  8
CURB
 62
7
100
AcDbLine
 10
614.1202536488126
 20
14271.76182978202
 30
0.0
 11
609.82
 21
14283.32
 31
0.0
  0
LINE
  5
26C
330
17
100
AcDbEntity
  8
CURB
 62
7
100
AcDbLine
 10
609.82
 20
14283.32
 30
0.0
 11
604.92
 21
14296.676
 31
0.0
  0
LINE
  5
26D
330
17
100
AcDbEntity
  8
CURB
 62
7
100
AcDbLine
 10
604.92
 20
14296.676
 30
0.0
 11
599.419
 21
14311.264
 31
0.0
  0
LINE
  5
26E
330
17
100
AcDbEntity
  8
CURB
 62
7
100
AcDbLine
 10
599.419
 20
14311.264
 30
0.0
 11
594.5264950007006
 21
14324.19941910169
 31
0.0
  0
LINE
  5
26F
330
17
100
AcDbEntity
  8
CURB
 62
7
100
AcDbLine
 10
594.5264950007006
 20
14324.19941910169
 30
0.0
 11
590.3329557954141
 21
14335.46489970085
 31
0.0
  0
LINE
  5
270
330
17
100
AcDbEntity
  8
CURB
 62
7
100
AcDbLine
 10
586.0567911449854
 20
14337.03649150306
 30
0.0
 11
560.985
 21
14323.011
 31
0.0
  0
LWPOLYLINE
  5
271
330
17
100
AcDbEntity
  8
CURB
 62
7
100
AcDbPolyline
 90
7
 70
0
 10
496.146
 20
14287.441
 10
474.453
 20
14275.409
 10
461.9981648285872
 20
14268.52016048597
 10
446.697
 20
14260.057
 10
430.4324230537581
 20
14251.00998121362
 10
414.46
 20
14242.08
 10
406.3341704651573
 20
14237.34903339663
  0
LWPOLYLINE
  5
272
330
17
100
AcDbEntity
  8
CURB
 62
7
100
AcDbPolyline
 90
2
 70
0
 10
406.3341704651573
 20
14237.34903339663
 10
405.4295645314655
 20
14236.82235972681
  0
LINE
  5
273
330
17
100
AcDbEntity
  8
CURB
 62
7
100
AcDbLine
 10
507.1437702829409
 20
14310.06491313649
 30
0.0
 11
509.0843971180519
 21
14306.11631143424
 31
0.0
  0
LINE
  5
274
330
17
100
AcDbEntity
  8
CURB
 62
7
100
AcDbLine
 10
498.335
 20
14300.727
 30
0.0
 11
501.6805200852147
 21
14302.5815374539
 31
0.0
  0
LINE
  5
275
330
17
100
AcDbEntity
  8
CURB
 62
7
100
AcDbLine
 10
503.0222178087166
 20
14302.22245804834
 30
0.0
 11
504.1791374341012
 21
14300.29952572563
 31
0.0
  0
LWPOLYLINE
  5
276
330
17
100
AcDbEntity
  8
CURB
 62
7
100
AcDbPolyline
 90
2
 70
0
 10
496.9421929376001
 20
14303.38501821545
 10
507.5403000799619
 20
14309.25991543184
  0
LINE
  5
277
330
17
100
AcDbEntity
  8
CURB
 62
7
100
AcDbLine
 10
502.2377827292628
 20
14299.31044693662
 30
0.0
 11
507.7535624473566
 21
14302.12061898318
 31
0.0
  0
LINE
  5
278
330
17
100
AcDbEntity
  8
CURB
 62
7
100
AcDbLine
 10
472.0792699972533
 20
14312.18
 30
0.0
 11
480.5549831854711
 21
14316.35492322597
 31
0.0
  0
LINE
  5
279
330
17
100
AcDbEntity
  8
CURB
 62
7
100
AcDbLine
 10
474.761383985087
 20
14313.50114191854
 30
0.0
 11
482.7960741520102
 21
14299.07071873672
 31
0.0
  0
LINE
  5
27A
330
17
100
AcDbEntity
  8
CURB
 62
7
100
AcDbLine
 10
484.1222762717937
 20
14298.66542129306
 30
0.0
 11
491.0662572141336
 21
14302.1889671783
 31
0.0
  0
LWPOLYLINE
  5
27B
330
17
100
AcDbEntity
  8
CURB
 62
7
100
AcDbPolyline
 90
3
 70
0
 10
498.3688263273494
 20
14300.66244619591
 10
494.8843294578659
 20
14307.31222303922
 10
485.89
 20
14324.82
  0
LINE
  5
27C
330
17
100
AcDbEntity
  8
CURB
 62
7
100
AcDbLine
 10
505.1012641063232
 20
14330.1516049031
 30
0.0
 11
505.0443247465132
 21
14330.11871239374
 31
0.0
  0
LINE
  5
27D
330
17
100
AcDbEntity
  8
CURB
 62
7
100
AcDbLine
 10
503.8702124305829
 20
14326.1624272035
 30
0.0
 11
511.0725493617408
 21
14311.98255372247
 31
0.0
  0
LWPOLYLINE
  5
27E
330
17
100
AcDbEntity
  8
CURB
 62
7
100
AcDbPolyline
 90
2
 70
0
 10
507.1437702829409
 20
14310.06491313649
 10
499.3168034650926
 20
14325.73275577405
  0
LWPOLYLINE
  5
27F
330
17
100
AcDbEntity
  8
CURB
 62
7
100
AcDbPolyline
 90
2
 70
0
 10
472.0792699972533
 20
14312.18
 10
471.2016253497379
 20
14311.70060050285
  0
LINE
  5
280
330
17
100
AcDbEntity
  8
CURB
 62
7
100
AcDbLine
 10
472.0792699972533
 20
14312.18
 30
0.0
 11
473.3374126875738
 21
14309.92604839544
 31
0.0
  0
LINE
  5
281
330
17
100
AcDbEntity
  8
CURB
 62
7
100
AcDbLine
 10
473.1165061898909
 20
14309.23125822897
 30
0.0
 11
472.6930227128566
 21
14309.02877519599
 31
0.0
  0
LINE
  5
282
330
17
100
AcDbEntity
  8
CURB
 62
7
100
AcDbLine
 10
468.9062371147533
 20
14315.81276841125
 30
0.0
 11
480.5371221280892
 21
14321.72505247818
 31
0.0
  0
LINE
  5
283
330
17
100
AcDbEntity
  8
CURB
 62
7
100
AcDbLine
 10
480.7644039192471
 20
14322.38057599999
 30
0.0
 11
480.7553599963378
 21
14322.4001399884
 31
0.0
  0
LINE
  5
284
330
17
100
AcDbEntity
  8
CURB
 62
7
100
AcDbLine
 10
794.8846413563936
 20
14399.94881700632
 30
0.0
 11
778.8099999999996
 21
14387.073
 31
0.0
  0
LINE
  5
285
330
17
100
AcDbEntity
  8
CURB
 62
7
100
AcDbLine
 10
778.8099999999996
 20
14387.073
 30
0.0
 11
766.1700000000001
 21
14377.209
 31
0.0
  0
LINE
  5
286
330
17
100
AcDbEntity
  8
CURB
 62
7
100
AcDbLine
 10
766.1700000000001
 20
14377.209
 30
0.0
 11
753.277
 21
14367.008
 31
0.0
  0
LINE
  5
287
330
17
100
AcDbEntity
  8
CURB
 62
7
100
AcDbLine
 10
753.277
 20
14367.008
 30
0.0
 11
741.1320000000001
 21
14357.458
 31
0.0
  0
LINE
  5
288
330
17
100
AcDbEntity
  8
CURB
 62
7
100
AcDbLine
 10
741.1320000000001
 20
14357.458
 30
0.0
 11
730.73
 21
14349.218
 31
0.0
  0
LINE
  5
289
330
17
100
AcDbEntity
  8
CURB
 62
7
100
AcDbLine
 10
730.73
 20
14349.218
 30
0.0
 11
710.7470000000002
 21
14333.822
 31
0.0
  0
LINE
  5
28A
330
17
100
AcDbEntity
  8
CURB
 62
7
100
AcDbLine
 10
710.7470000000002
 20
14333.822
 30
0.0
 11
698.2
 21
14324.066
 31
0.0
  0
LINE
  5
28B
330
17
100
AcDbEntity
  8
CURB
 62
7
100
AcDbLine
 10
698.2
 20
14324.066
 30
0.0
 11
681.2230000000002
 21
14311.187
 31
0.0
  0
LINE
  5
28C
330
17
100
AcDbEntity
  8
CURB
 62
7
100
AcDbLine
 10
681.2230000000002
 20
14311.187
 30
0.0
 11
660.313
 21
14294.986
 31
0.0
  0
LINE
  5
28D
330
17
100
AcDbEntity
  8
CURB
 62
7
100
AcDbLine
 10
660.313
 20
14294.986
 30
0.0
 11
644.415
 21
14282.766
 31
0.0
  0
LINE
  5
28E
330
17
100
AcDbEntity
  8
CURB
 62
7
100
AcDbLine
 10
644.415
 20
14282.766
 30
0.0
 11
634.7413839363538
 21
14275.69187875403
 31
0.0
  0
LINE
  5
28F
330
17
100
AcDbEntity
  8
CURB
 62
7
100
AcDbLine
 10
619.75512652614
 20
14277.04204490318
 30
0.0
 11
619.2864262585637
 21
14278.19213522728
 31
0.0
  0
LINE
  5
290
330
17
100
AcDbEntity
  8
CURB
 62
7
100
AcDbLine
 10
619.2864262585637
 20
14278.19213522728
 30
0.0
 11
618.152
 21
14281.173
 31
0.0
  0
LINE
  5
291
330
17
100
AcDbEntity
  8
CURB
 62
7
100
AcDbLine
 10
618.152
 20
14281.173
 30
0.0
 11
611.873
 21
14297.85
 31
0.0
  0
LINE
  5
292
330
17
100
AcDbEntity
  8
CURB
 62
7
100
AcDbLine
 10
611.873
 20
14297.85
 30
0.0
 11
605.1030000000002
 21
14316.352
 31
0.0
  0
LINE
  5
293
330
17
100
AcDbEntity
  8
CURB
 62
7
100
AcDbLine
 10
605.1030000000002
 20
14316.352
 30
0.0
 11
599.246
 21
14332.316
 31
0.0
  0
LINE
  5
294
330
17
100
AcDbEntity
  8
CURB
 62
7
100
AcDbLine
 10
599.246
 20
14332.316
 30
0.0
 11
597.3996347221263
 21
14337.47943151362
 31
0.0
  0
LINE
  5
295
330
17
100
AcDbEntity
  8
CURB
 62
7
100
AcDbLine
 10
608.49
 20
14363.8
 30
0.0
 11
609.3149999999998
 21
14358.359
 31
0.0
  0
LINE
  5
296
330
17
100
AcDbEntity
  8
CURB
 62
7
100
AcDbLine
 10
609.3149999999998
 20
14358.359
 30
0.0
 11
610.0197692019254
 21
14354.39100256624
 31
0.0
  0
LINE
  5
297
330
17
100
AcDbEntity
  8
CURB
 62
7
100
AcDbLine
 10
611.1438296388313
 20
14353.57565264528
 30
0.0
 11
611.2064652639555
 21
14353.58447466207
 31
0.0
  0
LINE
  5
298
330
17
100
AcDbEntity
  8
CURB
 62
7
100
AcDbLine
 10
612.461519444368
 20
14332.55070233922
 30
0.0
 11
613.0775842527765
 21
14328.71959505138
 31
0.0
  0
LINE
  5
299
330
17
100
AcDbEntity
  8
CURB
 62
7
100
AcDbLine
 10
613.0775842527765
 20
14328.71959505138
 30
0.0
 11
613.7617003548196
 21
14325.56328784
 31
0.0
  0
LINE
  5
29A
330
17
100
AcDbEntity
  8
CURB
 62
7
100
AcDbLine
 10
613.7617003548196
 20
14325.56328784
 30
0.0
 11
615.194079690157
 21
14320.24835987269
 31
0.0
  0
LINE
  5
29B
330
17
100
AcDbEntity
  8
CURB
 62
7
100
AcDbLine
 10
615.4502942752614
 20
14319.4619625714
 30
0.0
 11
617.3146049416908
 21
14314.60757732431
 31
0.0
  0
LINE
  5
29C
330
17
100
AcDbEntity
  8
CURB
 62
7
100
AcDbLine
 10
617.3146049416908
 20
14314.60757732431
 30
0.0
 11
622.3645044239767
 21
14300.83162737645
 31
0.0
  0
LINE
  5
29D
330
17
100
AcDbEntity
  8
CURB
 62
7
100
AcDbLine
 10
622.3645044239767
 20
14300.83162737645
 30
0.0
 11
627.4143619551882
 21
14287.05579186966
 31
0.0
  0
LINE
  5
29E
330
17
100
AcDbEntity
  8
CURB
 62
7
100
AcDbLine
 10
632.0824834985459
 20
14285.72775511161
 30
0.0
 11
646.9010000000002
 21
14297.35
 31
0.0
  0
LINE
  5
29F
330
17
100
AcDbEntity
  8
CURB
 62
7
100
AcDbLine
 10
646.9010000000002
 20
14297.35
 30
0.0
 11
664.1444621682363
 21
14311.31717770965
 31
0.0
  0
LINE
  5
2A0
330
17
100
AcDbEntity
  8
CURB
 62
7
100
AcDbLine
 10
665.4254733932173
 20
14312.75135815766
 30
0.0
 11
670.5232576392566
 21
14320.73790899236
 31
0.0
  0
LINE
  5
2A1
330
17
100
AcDbEntity
  8
CURB
 62
7
100
AcDbLine
 10
670.5232576392566
 20
14320.73790899236
 30
0.0
 11
671.415
 21
14322.132
 31
0.0
  0
LINE
  5
2A2
330
17
100
AcDbEntity
  8
CURB
 62
7
100
AcDbLine
 10
647.4451466391571
 20
14285.09512265257
 30
0.0
 11
640.5041666108825
 21
14288.90618787906
 31
0.0
  0
LINE
  5
2A3
330
17
100
AcDbEntity
  8
CURB
 62
7
100
AcDbLine
 10
640.4362441025053
 20
14289.73789660311
 30
0.0
 11
648.1352719146852
 21
14295.77628692558
 31
0.0
  0
LINE
  5
2A4
330
17
100
AcDbEntity
  8
CURB
 62
7
100
AcDbLine
 10
648.1352719146852
 20
14295.77628692558
 30
0.0
 11
665.403304201207
 21
14309.76304877805
 31
0.0
  0
LINE
  5
2A5
330
17
100
AcDbEntity
  8
CURB
 62
7
100
AcDbLine
 10
667.11131916785
 20
14311.6752893754
 30
0.0
 11
669.8555469838993
 21
14315.97459156182
 31
0.0
  0
LINE
  5
2A6
330
17
100
AcDbEntity
  8
CURB
 62
7
100
AcDbLine
 10
669.8555469838993
 20
14315.97459156182
 30
0.0
 11
671.9539467663936
 21
14318.89717550912
 31
0.0
  0
LWPOLYLINE
  5
2A7
330
17
100
AcDbEntity
  8
CURB
 62
7
100
AcDbPolyline
 90
2
 70
0
 10
716.8508407501745
 20
14321.02781397886
 10
713.6323930254828
 20
14318.39305827904
  0
LWPOLYLINE
  5
2A8
330
17
100
AcDbEntity
  8
CURB
 62
7
100
AcDbPolyline
 90
2
 70
0
 10
717.2241806305784
 20
14320.57176604671
 10
716.8508407501749
 20
14321.02781397886
  0
LINE
  5
2A9
330
17
100
AcDbEntity
  8
CURB
 62
7
100
AcDbLine
 10
716.8508407501749
 20
14321.02781397886
 30
0.0
 11
731.562
 21
14332.412
 31
0.0
  0
LINE
  5
2AA
330
17
100
AcDbEntity
  8
CURB
 62
7
100
AcDbLine
 10
731.562
 20
14332.412
 30
0.0
 11
749.643
 21
14346.667
 31
0.0
  0
LINE
  5
2AB
330
17
100
AcDbEntity
  8
CURB
 62
7
100
AcDbLine
 10
749.643
 20
14346.667
 30
0.0
 11
763.576
 21
14357.696
 31
0.0
  0
LINE
  5
2AC
330
17
100
AcDbEntity
  8
CURB
 62
7
100
AcDbLine
 10
763.576
 20
14357.696
 30
0.0
 11
776.6253848398376
 21
14367.95717983432
 31
0.0
  0
LINE
  5
2AD
330
17
100
AcDbEntity
  8
CURB
 62
7
100
AcDbLine
 10
777.3274978767582
 20
14367.87318673613
 30
0.0
 11
777.5454199957219
 21
14367.59602999971
 31
0.0
  0
LINE
  5
2AE
330
17
100
AcDbEntity
  8
CURB
 62
7
100
AcDbLine
 10
693.5500000000004
 20
14337.378
 30
0.0
 11
694.7177785560627
 21
14331.24363896177
 31
0.0
  0
LINE
  5
2AF
330
17
100
AcDbEntity
  8
CURB
 62
7
100
AcDbLine
 10
694.8553283695471
 20
14329.50814418531
 30
0.0
 11
694.6372808007727
 21
14322.26737760338
 31
0.0
  0
LINE
  5
2B0
330
17
100
AcDbEntity
  8
CURB
 62
7
100
AcDbLine
 10
694.6372808007727
 20
14322.26737760338
 30
0.0
 11
695.0147421378749
 21
14321.64646856773
 31
0.0
  0
LINE
  5
2B1
330
17
100
AcDbEntity
  8
CURB
 62
7
100
AcDbLine
 10
695.701
 20
14337.638
 30
0.0
 11
696.6866260907931
 21
14330.52648530573
 31
0.0
  0
LINE
  5
2B2
330
17
100
AcDbEntity
  8
CURB
 62
7
100
AcDbLine
 10
696.6866260907931
 20
14330.52648530573
 30
0.0
 11
697.6480060248581
 21
14324.96493376109
 31
0.0
  0
LINE
  5
2B3
330
17
100
AcDbEntity
  8
CURB
 62
7
100
AcDbLine
 10
697.8455679066817
 20
14324.51936924601
 30
0.0
 11
698.2
 21
14324.066
 31
0.0
  0
LINE
  5
2B4
330
17
100
AcDbEntity
  8
CURB
 62
7
100
AcDbLine
 10
786.3692289170856
 20
14393.99328608732
 30
0.0
 11
786.7914567535631
 21
14393.46616139777
 31
0.0
  0
LWPOLYLINE
  5
2B5
330
17
100
AcDbEntity
  8
CURB
 62
7
 48
0.025
100
AcDbPolyline
 90
2
 70
128
 43
0.4
 10
497.2079213640663
 20
14303.52426046252
 10
498.6007284264659
 20
14300.86624224707
  0
LWPOLYLINE
  5
2B6
330
17
100
AcDbEntity
  8
CURB
 62
7
 48
0.025
100
AcDbPolyline
 90
2
 70
128
 43
0.4
 10
507.2703724372894
 20
14309.12716673592
 10
508.264264428926
 20
14307.10554093588
  0
LWPOLYLINE
  5
2B7
330
17
100
AcDbEntity
  8
CURB
 62
7
 48
0.025
100
AcDbPolyline
 90
2
 70
128
 43
0.4
 10
472.2118330755667
 20
14311.91087729515
 10
474.8939470634008
 20
14313.23201921369
  0
LWPOLYLINE
  5
2B8
330
17
100
AcDbEntity
  8
CURB
 62
7
 48
0.025
100
AcDbPolyline
 90
3
 70
128
 43
0.4
 10
511.3415883641941
 20
14312.11528659391
 10
512.4164414002837
 20
14309.93664474362
 42
0.0336197090172058
 10
512.6625850840243
 20
14309.58577924291
 42
0.0336197090172058
  0
LWPOLYLINE
  5
2B9
330
17
100
AcDbEntity
  8
CURB
 62
7
 48
0.025
100
AcDbPolyline
 90
2
 70
128
 43
0.4
 10
591.3339025348914
 20
14355.28484641734
 10
592.3383536992237
 20
14352.19037952896
  0
LWPOLYLINE
  5
2BA
330
17
100
AcDbEntity
  8
CURB
 62
7
 48
0.025
100
AcDbPolyline
 90
3
 70
128
 43
0.4
 10
584.5373631518012
 20
14335.84275219675
 10
586.203255188974
 20
14336.77467423125
 42
-0.225176416629198
 10
588.5125977340858
 20
14336.92981030686
 42
-0.225176416629198
  0
LWPOLYLINE
  5
2BB
330
17
100
AcDbEntity
  8
CURB
 62
7
 48
0.025
100
AcDbPolyline
 90
2
 70
128
 43
0.4
 10
618.1157328055539
 20
14282.12072604728
 10
619.5668915637224
 20
14278.29862096624
  0
LWPOLYLINE
  5
2BC
330
17
100
AcDbEntity
  8
CURB
 62
7
 48
0.025
100
AcDbPolyline
 90
2
 70
128
 43
0.4
 10
611.00464480653
 20
14279.27558972817
 10
612.3981364598292
 20
14275.52616563744
  0
LWPOLYLINE
  5
2BD
330
17
100
AcDbEntity
  8
CURB
 62
7
 48
0.025
100
AcDbPolyline
 90
2
 70
128
 43
0.4
 10
610.8743008629182
 20
14250.28279141373
 10
613.9861010612199
 20
14252.79609591694
  0
LWPOLYLINE
  5
2BE
330
17
100
AcDbEntity
  8
CURB
 62
7
 48
0.025
100
AcDbPolyline
 90
3
 70
128
 43
0.4
 10
615.2466821759098
 20
14244.80309619992
 10
616.7612309599145
 20
14246.04816983104
 42
-0.412275546139903
 10
620.5501333160566
 20
14245.69084558292
 42
-0.412275546139903
  0
LWPOLYLINE
  5
2BF
330
17
100
AcDbEntity
  8
CURB
 62
7
 48
0.025
100
AcDbPolyline
 90
2
 70
128
 43
0.4
 10
538.1952738218872
 20
14192.12548649867
 10
541.3765881014976
 20
14194.61601919925
  0
LWPOLYLINE
  5
2C0
330
17
100
AcDbEntity
  8
CURB
 62
7
 48
0.025
100
AcDbPolyline
 90
2
 70
128
 43
0.4
 10
643.8851616833933
 20
14282.75011154905
 10
647.0624417631306
 20
14285.18010975788
  0
LWPOLYLINE
  5
2C1
330
17
100
AcDbEntity
  8
CURB
 62
7
 48
0.025
100
AcDbPolyline
 90
2
 70
128
 43
0.4
 10
698.0185351425794
 20
14324.30489433966
 10
694.8332772804542
 20
14321.88536290739
  0
LWPOLYLINE
  5
2C2
330
17
100
AcDbEntity
  8
CURB
 62
7
 48
0.025
100
AcDbPolyline
 90
2
 70
128
 43
0.4
 10
714.536107510461
 20
14321.4089193812
 42
0.283687663622786
 10
713.9064941923526
 20
14318.50664207696
 42
0.283687663622786
  0
LWPOLYLINE
  5
2C3
330
17
100
AcDbEntity
  8
CURB
 62
7
 48
0.025
100
AcDbPolyline
 90
3
 70
128
 43
0.4
 10
792.4876961482457
 20
14383.09873998539
 10
789.466641588639
 20
14380.64393606089
 42
0.3984459978970814
 10
789.0479651949007
 20
14376.94887600098
 42
0.3984459978970814
  0
LWPOLYLINE
  5
2C4
330
17
100
AcDbEntity
  8
CURB
 62
7
 48
0.025
100
AcDbPolyline
 90
2
 70
128
 43
0.4
 10
774.5352987638926
 20
14368.81699682553
 42
-0.4151700801486576
 10
778.3329156061844
 20
14368.36344986096
 42
-0.4151700801486576
  0
LWPOLYLINE
  5
2C5
330
17
100
AcDbEntity
  8
CURB
 62
7
 48
0.025
100
AcDbPolyline
 90
2
 70
128
 43
0.4
 10
782.0160177911619
 20
14390.05164568948
 10
785.1466851892333
 20
14392.5414090603
  0
LWPOLYLINE
  5
2C6
330
17
100
AcDbEntity
  8
CURB
 62
7
 48
0.025
100
AcDbPolyline
 90
2
 70
128
 43
0.4
 10
557.7378624448999
 20
14198.6383953137
 42
0.437895548065505
 10
557.4910143107905
 20
14194.63833931387
 42
0.437895548065505
  0
LINE
  5
2C7
330
17
100
AcDbEntity
  8
CURB
 62
7
100
AcDbLine
 10
610.907
 20
14249.924
 30
0.0
 11
608.96584674378
 21
14252.34100963439
 31
0.0
  0
LINE
  5
2C8
330
17
100
AcDbEntity
  8
CURB
 62
7
100
AcDbLine
 10
608.96584674378
 20
14252.34100963439
 30
0.0
 11
613.2759330217926
 21
14255.81030942045
 31
0.0
  0
LINE
  5
2C9
330
17
100
AcDbEntity
  8
CURB
 62
7
100
AcDbLine
 10
615.1371163733245
 20
14262.57655389217
 30
0.0
 11
612.0114879049082
 21
14270.97722348754
 31
0.0
  0
LINE
  5
2CA
330
17
100
AcDbEntity
  8
CURB
 62
7
100
AcDbLine
 10
650.5766516927238
 20
14260.78189537093
 30
0.0
 11
653.5826168674853
 21
14261.54181775617
 31
0.0
  0
LINE
  5
2CB
330
17
100
AcDbEntity
  8
CURB
 62
7
100
AcDbLine
 10
654.1748395046994
 20
14272.10993570566
 30
0.0
 11
654.3663587462709
 21
14272.29095040826
 31
0.0
  0
LINE
  5
2CC
330
17
100
AcDbEntity
  8
CURB
 62
7
100
AcDbLine
 10
659.3435453417686
 20
14270.81354625197
 30
0.0
 11
661.5197140092279
 21
14261.78365658489
 31
0.0
  0
LINE
  5
2CD
330
17
100
AcDbEntity
  8
CURB
 62
7
100
AcDbLine
 10
466.4886052386038
 20
14278.95631177764
 30
0.0
 11
465.5521852952972
 21
14280.6597035422
 31
0.0
  0
LINE
  5
2CE
330
17
100
AcDbEntity
  8
CURB
 62
7
100
AcDbLine
 10
465.9467552012624
 20
14282.01775898632
 30
0.0
 11
473.5002399975585
 21
14286.17019998779
 31
0.0
  0
LINE
  5
2CF
330
17
100
AcDbEntity
  8
CURB
 62
7
100
AcDbLine
 10
717.64552553731
 20
14296.66968788231
 30
0.0
 11
717.9696413440448
 21
14296.95970583113
 31
0.0
  0
LINE
  5
2D0
330
17
100
AcDbEntity
  8
CURB
 62
7
100
AcDbLine
 10
717.9590596618951
 20
14297.71412927345
 30
0.0
 11
714.3129704951842
 21
14300.7969410041
 31
0.0
  0
LINE
  5
2D1
330
17
100
AcDbEntity
  8
CURB
 62
7
100
AcDbLine
 10
714.3129704951842
 20
14300.7969410041
 30
0.0
 11
710.1086299935911
 21
14306.11732999664
 31
0.0
  0
LWPOLYLINE
  5
2D2
330
17
100
AcDbEntity
  8
CURB
 62
7
100
AcDbPolyline
 90
3
 70
0
 10
773.2554103407864
 20
14399.47339748635
 10
778.777
 20
14388.012
 10
779.1972694322183
 20
14387.38320352062
  0
LWPOLYLINE
  5
2D3
330
17
100
AcDbEntity
  8
CURB
 62
7
100
AcDbPolyline
 90
3
 70
0
 10
785.9288331725631
 20
14409.0073359317
 10
786.0228368947583
 20
14404.00062041815
 10
786.1498074598737
 20
14394.60494530141
  0
LINE
  5
2D4
330
17
100
AcDbEntity
  8
CURB
 62
7
100
AcDbLine
 10
775.0726229795798
 20
14400.30411033799
 30
0.0
 11
778.8319134089867
 21
14392.62351004199
 31
0.0
  0
LINE
  5
2D5
330
17
100
AcDbEntity
  8
CURB
 62
7
100
AcDbLine
 10
780.3552695698681
 20
14392.28264158979
 30
0.0
 11
783.7587004306254
 21
14395.00879590858
 31
0.0
  0
LWPOLYLINE
  5
2D6
330
17
100
AcDbEntity
  8
CURB
 62
7
100
AcDbPolyline
 90
4
 70
0
 10
784.1334374279235
 20
14395.80279564423
 10
784.0230905720293
 20
14403.96833548559
 10
783.845
 20
14407.949
 10
783.7091577396782
 20
14408.97733985001
  0
LINE
  5
2D7
330
17
100
AcDbEntity
  8
CURB
 62
7
100
AcDbLine
 10
713.1597104608943
 20
14310.75158183316
 30
0.0
 11
710.0807279451413
 21
14314.81875688581
 31
0.0
  0
LINE
  5
2D8
330
17
100
AcDbEntity
  8
CURB
 62
7
100
AcDbLine
 10
705.8720984245234
 20
14315.39537282583
 30
0.0
 11
673.253
 21
14290.573
 31
0.0
  0
LINE
  5
2D9
330
17
100
AcDbEntity
  8
CURB
 62
7
100
AcDbLine
 10
673.253
 20
14290.573
 30
0.0
 11
660.759
 21
14281.012
 31
0.0
  0
LINE
  5
2DA
330
17
100
AcDbEntity
  8
CURB
 62
7
100
AcDbLine
 10
660.759
 20
14281.012
 30
0.0
 11
653.217626433089
 21
14275.18527663473
 31
0.0
  0
LINE
  5
2DB
330
17
100
AcDbEntity
  8
CURB
 62
7
100
AcDbLine
 10
710.0761887197549
 20
14314.8247373997
 30
0.0
 11
675.0729491203919
 21
14288.18808876708
 31
0.0
  0
LINE
  5
2DC
330
17
100
AcDbEntity
  8
CURB
 62
7
100
AcDbLine
 10
675.0729491203919
 20
14288.18808876708
 30
0.0
 11
671.5514432080962
 21
14285.49326580986
 31
0.0
  0
LINE
  5
2DD
330
17
100
AcDbEntity
  8
CURB
 62
7
100
AcDbLine
 10
671.6840264675137
 20
14284.62644174545
 30
0.0
 11
672.5132666308009
 21
14284.32408845349
 31
0.0
  0
LINE
  5
2DE
330
17
100
AcDbEntity
  8
CURB
 62
7
100
AcDbLine
 10
671.3175907083556
 20
14281.32323651057
 30
0.0
 11
668.9284561604967
 21
14282.27517639587
 31
0.0
  0
LINE
  5
2DF
330
17
100
AcDbEntity
  8
CURB
 62
7
100
AcDbLine
 10
665.9948556946006
 20
14281.87070585022
 30
0.0
 11
665.5424170355627
 21
14281.52447837951
 31
0.0
  0
LINE
  5
2E0
330
17
100
AcDbEntity
  8
CURB
 62
7
100
AcDbLine
 10
664.4490766566038
 20
14278.43917529186
 30
0.0
 11
668.0818061470661
 21
14263.36506357422
 31
0.0
  0
LWPOLYLINE
  5
2E1
330
17
100
AcDbEntity
  8
CURB
 62
7
 48
0.025
100
AcDbPolyline
 90
3
 70
128
 43
0.4
 10
702.5104654195419
 20
14312.46026353831
 10
706.0537711679801
 20
14315.15663653976
 42
-0.4142135623732789
 10
709.8374524336865
 20
14314.64306465625
 42
-0.4142135623732789
  0
LWPOLYLINE
  5
2E2
330
17
100
AcDbEntity
  8
CURB
 62
7
 48
0.025
100
AcDbPolyline
 90
2
 70
128
 43
0.4
 10
650.8688155205583
 20
14260.85001510158
 10
649.9605524451026
 20
14264.74553280605
  0
LWPOLYLINE
  5
2E3
330
17
100
AcDbEntity
  8
CURB
 62
7
 48
0.025
100
AcDbPolyline
 90
3
 70
128
 43
0.4
 10
653.9485799328138
 20
14275.36419311568
 10
653.4001363638845
 20
14274.94717688652
 42
0.0856877839564623
 10
651.170079956625
 20
14272.51410536944
 42
0.0856877839564623
  0
LINE
  5
2E4
330
17
100
AcDbEntity
  8
CURB
 62
7
100
AcDbLine
 10
673.0587587125865
 20
14320.43592217011
 30
0.0
 11
673.3031574796963
 21
14320.77631293809
 31
0.0
  0
LINE
  5
2E5
330
17
100
AcDbEntity
  8
CURB
 62
7
100
AcDbLine
 10
585.3370121426382
 20
14347.25184600602
 30
0.0
 11
592.1654261846115
 21
14351.07597064864
 31
0.0
  0
LWPOLYLINE
  5
2E6
330
17
100
AcDbEntity
  8
CURB
 62
7
 48
0.025
100
AcDbPolyline
 90
2
 70
128
 43
0.4
 10
583.2118330821877
 20
14346.40537900209
 10
579.7241591007383
 20
14344.4467748565
  0
LINE
  5
2E7
330
17
100
AcDbEntity
  8
CURB
 62
7
100
AcDbLine
 10
465.209
 20
14278.247
 30
0.0
 11
489.325
 21
14291.615
 31
0.0
  0
LINE
  5
2E8
330
17
100
AcDbEntity
  8
CURB
 62
7
100
AcDbLine
 10
489.325
 20
14291.615
 30
0.0
 11
492.4483125781247
 21
14293.88793505969
 31
0.0
  0
LINE
  5
2E9
330
17
100
AcDbEntity
  8
CURB
 62
7
100
AcDbLine
 10
493.3584453530382
 20
14297.67094848992
 30
0.0
 11
484.5559906840339
 21
14315.02103159306
 31
0.0
  0
LWPOLYLINE
  5
2EA
330
17
100
AcDbEntity
  8
CURB
 62
7
 48
0.025
100
AcDbPolyline
 90
2
 70
128
 43
0.4
 10
490.7987195425842
 20
14302.05323363673
 10
493.0909076814936
 20
14297.53521494835
  0
LWPOLYLINE
  5
2EB
330
17
100
AcDbEntity
  8
CURB
 62
7
100
AcDbPolyline
 90
2
 70
0
 10
504.1609987688059
 20
14288.45199931188
 10
502.7342927902774
 20
14291.09518977793
  0
LWPOLYLINE
  5
2EC
330
17
100
AcDbEntity
  8
CURB
 62
7
100
AcDbPolyline
 90
3
 70
0
 10
496.146
 20
14287.441
 10
502.7342927902778
 20
14291.09518977793
 10
507.0831742989785
 20
14292.60898597928
  0
LWPOLYLINE
  5
2ED
330
17
100
AcDbEntity
  8
CURB
 62
7
100
AcDbPolyline
 90
5
 70
0
 10
507.0832640475292
 20
14292.60901721973
 10
514.074
 20
14296.564
 10
531.421
 20
14306.378
 10
547.7305305733033
 20
14315.55384329916
 10
560.985
 20
14323.011
  0
LWPOLYLINE
  5
2EE
330
17
100
AcDbEntity
  8
CURB
 62
7
 48
0.025
100
AcDbPolyline
 90
2
 70
128
 43
0.4
 10
492.4625576191477
 20
14285.12146074139
 10
495.9605697898795
 20
14287.06154085659
  0
LWPOLYLINE
  5
2EF
330
17
100
AcDbEntity
  8
CURB
 62
7
100
AcDbPolyline
 90
2
 70
0
 10
492.3255931709966
 20
14285.32246315219
 10
493.4915589084468
 20
14283.03562921232
  0
LWPOLYLINE
  5
2F0
330
17
100
AcDbEntity
  8
CURB
 62
7
 48
0.025
100
AcDbPolyline
 90
3
 70
128
 43
0.4
 10
489.0966644189224
 20
14291.82892578316
 10
492.2691875712348
 20
14294.12861838058
 10
492.3771657392476
 20
14294.21110917161
  0
LINE
  5
2F1
330
17
100
AcDbEntity
  8
CURB
 62
7
100
AcDbLine
 10
489.2727352840444
 20
14291.58602858174
 30
0.0
 11
488.333469521996
 21
14293.5131203966
 31
0.0
  0
LINE
  5
2F2
330
17
100
AcDbEntity
  8
CURB
 62
7
100
AcDbLine
 10
486.9338569482946
 20
14293.94061063439
 30
0.0
 11
473.5002399975585
 21
14286.17019998779
 31
0.0
  0
LINE
  5
2F3
330
17
100
AcDbEntity
  8
CURB
 62
7
100
AcDbLine
 10
493.4915589084473
 20
14283.03562921232
 30
0.0
 11
501.8031463691335
 21
14287.59395397731
 31
0.0
  0
LINE
  5
2F4
330
17
100
AcDbEntity
  8
CURB
 62
7
100
AcDbLine
 10
502.4844965183802
 20
14287.39133130944
 30
0.0
 11
502.482
 21
14287.396
 31
0.0
  0
LWPOLYLINE
  5
2F5
330
17
100
AcDbEntity
  8
CURB
 62
7
100
AcDbPolyline
 90
3
 70
0
 10
584.3908991078124
 20
14336.10456946856
 10
585.2575954505311
 20
14334.55527405271
 10
588.1033216592698
 20
14333.79670774833
  0
LINE
  5
2F6
330
17
100
AcDbEntity
  8
CURB
 62
7
100
AcDbLine
 10
550.7703985593901
 20
14183.32168656887
 30
0.0
 11
551.6132511009723
 21
14182.20939455839
 31
0.0
  0
LWPOLYLINE
  5
2F7
330
17
100
AcDbEntity
  8
CURB
 62
7
100
AcDbPolyline
 90
2
 70
0
 10
531.421
 20
14178.453
 10
539.3850423478685
 20
14184.72769952877
  0
LWPOLYLINE
  5
2F8
330
17
100
AcDbEntity
  8
CURB
 62
7
 48
0.025
100
AcDbPolyline
 90
2
 70
128
 43
0.4
 10
543.1439369966446
 20
14186.08788375658
 42
-0.1338272226354497
 10
547.1718420595416
 20
14185.6716366451
 42
-0.1338272226354497
  0
LINE
  5
2F9
330
17
100
AcDbEntity
  8
CURB
 62
7
100
AcDbLine
 10
548.7140196493502
 20
14179.88940460069
 30
0.0
 11
547.9771917793295
 21
14180.80990971748
 31
0.0
  0
LINE
  5
2FA
330
17
100
AcDbEntity
  8
CURB
 62
7
100
AcDbLine
 10
548.1376018716048
 20
14182.21920170314
 30
0.0
 11
550.2773070548179
 21
14183.91127344793
 31
0.0
  0
LINE
  5
2FB
330
17
100
AcDbEntity
  8
CURB
 62
7
100
AcDbLine
 10
597.3996347221263
 20
14337.47943151362
 30
0.0
 11
597.0163594079363
 21
14338.88862879031
 31
0.0
  0
LINE
  5
2FC
330
17
100
AcDbEntity
  8
CURB
 62
7
100
AcDbLine
 10
597.5652680649972
 20
14344.53526400501
 30
0.0
 11
598.5006583121378
 21
14346.42623118212
 31
0.0
  0
LINE
  5
2FD
330
17
100
AcDbEntity
  8
CURB
 62
7
100
AcDbLine
 10
598.9950242557987
 20
14352.26399684296
 30
0.0
 11
597.7365858988669
 21
14356.47490433603
 31
0.0
  0
LINE
  5
2FE
330
17
100
AcDbEntity
  8
CURB
 62
7
100
AcDbLine
 10
597.7365858988669
 20
14356.47490433603
 30
0.0
 11
596.778239486736
 21
14359.43191644551
 31
0.0
  0
LWPOLYLINE
  5
2FF
330
17
100
AcDbEntity
  8
CURB
 62
7
100
AcDbPolyline
 90
2
 70
0
 10
488.3176974389874
 20
14320.09440200082
 10
496.5395713196477
 20
14324.30909304099
  0
LWPOLYLINE
  5
300
330
17
100
AcDbEntity
  8
CURB
 62
7
100
AcDbPolyline
 90
2
 70
0
 10
498.7134622178286
 20
14326.94051044312
 10
497.1881474102747
 20
14329.99385063654
  0
LWPOLYLINE
  5
301
330
17
100
AcDbEntity
  8
CURB
 62
7
100
AcDbPolyline
 90
2
 70
0
 10
487.7018613886233
 20
14321.29575372246
 10
495.9237352692836
 20
14325.51044476262
  0
LINE
  5
302
330
17
100
AcDbEntity
  8
CURB
 62
7
100
AcDbLine
 10
522.7387338702272
 20
14165.05781716436
 30
0.0
 11
521.9943579845919
 21
14166.01269584889
 31
0.0
  0
LINE
  5
303
330
17
100
AcDbEntity
  8
CURB
 62
7
100
AcDbLine
 10
522.1673399561045
 20
14167.41549371801
 30
0.0
 11
531.7067301108177
 21
14174.86908372186
 31
0.0
  0
LINE
  5
304
330
17
100
AcDbEntity
  8
CURB
 62
7
100
AcDbLine
 10
533.1110915956742
 20
14174.69591491086
 30
0.0
 11
533.8637320702579
 21
14173.73045117037
 31
0.0
  0
LINE
  5
305
330
17
100
AcDbEntity
  8
CURB
 62
7
100
AcDbLine
 10
533.6898807512781
 20
14172.32696418472
 30
0.0
 11
524.1422260076175
 21
14164.88395923683
 31
0.0
  0
LWPOLYLINE
  5
306
330
17
100
AcDbEntity
  8
CURB
 62
7
 48
0.025
100
AcDbPolyline
 90
2
 70
128
 43
0.4
 10
599.282462797603
 20
14352.34989844181
 42
-0.0708287610817794
 10
599.629759249993
 20
14350.03603997324
 42
-0.0708287610817794
  0
LINE
  5
307
330
17
100
AcDbEntity
  8
CURB
 62
7
100
AcDbLine
 10
610.2309805483608
 20
14332.24992797665
 30
0.0
 11
609.2262786478649
 21
14341.46239070183
 31
0.0
  0
LINE
  5
308
330
17
100
AcDbEntity
  8
CURB
 62
7
100
AcDbLine
 10
608.978466994202
 20
14342.01959106644
 30
0.0
 11
601.9930024173955
 21
14349.85174329411
 31
0.0
  0
LINE
  5
309
330
17
100
AcDbEntity
  8
CURB
 62
7
100
AcDbLine
 10
601.1657798752864
 20
14350.18284667638
 30
0.0
 11
599.3297678243669
 21
14350.03377181302
 31
0.0
  0
LINE
  5
30A
330
17
100
AcDbEntity
  8
CURB
 62
7
100
AcDbLine
 10
601.7243254915754
 20
14363.72522183476
 30
0.0
 11
600.9409046057003
 21
14357.07340496601
 31
0.0
  0
LINE
  5
30B
330
17
100
AcDbEntity
  8
CURB
 62
7
100
AcDbLine
 10
600.9409046057003
 20
14357.07340496601
 30
0.0
 11
600.9830973263735
 21
14353.3588776007
 31
0.0
  0
LINE
  5
30C
330
17
100
AcDbEntity
  8
CURB
 62
7
100
AcDbLine
 10
600.0640904307984
 20
14352.35079959237
 30
0.0
 11
598.9950242557987
 21
14352.26399684296
 31
0.0
  0
LINE
  5
30D
330
17
100
AcDbEntity
  8
CURB
 62
7
100
AcDbLine
 10
603.5176913733286
 20
14363.56932376811
 30
0.0
 11
602.9370284904685
 21
14356.88969633397
 31
0.0
  0
LINE
  5
30E
330
17
100
AcDbEntity
  8
CURB
 62
7
100
AcDbLine
 10
602.9370284904685
 20
14356.88969633397
 30
0.0
 11
602.9918401785886
 21
14353.65604421262
 31
0.0
  0
LINE
  5
30F
330
17
100
AcDbEntity
  8
CURB
 62
7
100
AcDbLine
 10
604.0726251506013
 20
14352.67627227396
 30
0.0
 11
606.9437230335
 21
14352.90939085528
 31
0.0
  0
LINE
  5
310
330
17
100
AcDbEntity
  8
CURB
 62
7
100
AcDbLine
 10
607.8568870101709
 20
14354.01464623891
 30
0.0
 11
607.421
 21
14358.007
 31
0.0
  0
LINE
  5
311
330
17
100
AcDbEntity
  8
CURB
 62
7
100
AcDbLine
 10
607.421
 20
14358.007
 30
0.0
 11
607.0
 21
14363.69
 31
0.0
  0
LINE
  5
312
330
17
100
AcDbEntity
  8
CURB
 62
7
100
AcDbLine
 10
611.5787265574562
 20
14351.05385829795
 30
0.0
 11
611.4215306135037
 21
14351.03189294894
 31
0.0
  0
LINE
  5
313
330
17
100
AcDbEntity
  8
CURB
 62
7
100
AcDbLine
 10
610.565812817792
 20
14349.93309867646
 30
0.0
 11
612.461519444368
 21
14332.55070233922
 31
0.0
  0
LINE
  5
314
330
17
100
AcDbEntity
  8
CURB
 62
7
100
AcDbLine
 10
604.4912168721967
 20
14349.21252971582
 30
0.0
 11
604.484579155539
 21
14349.50771924886
 31
0.0
  0
LINE
  5
315
330
17
100
AcDbEntity
  8
CURB
 62
7
100
AcDbLine
 10
605.403397835767
 20
14350.52691975484
 30
0.0
 11
607.2432614996633
 21
14350.67630734964
 31
0.0
  0
LINE
  5
316
330
17
100
AcDbEntity
  8
CURB
 62
7
100
AcDbLine
 10
608.3182956954346
 20
14349.78800360276
 30
0.0
 11
608.798244152434
 21
14345.38718852723
 31
0.0
  0
LINE
  5
317
330
17
100
AcDbEntity
  8
CURB
 62
7
100
AcDbLine
 10
607.9280443825413
 20
14345.0001721904
 30
0.0
 11
604.74467020841
 21
14348.56939380126
 31
0.0
  0
LINE
  5
318
330
17
100
AcDbEntity
  8
CURB
 62
7
100
AcDbLine
 10
501.4041027985942
 20
14148.03079650891
 30
0.0
 11
503.3583457690686
 21
14145.90324120323
 31
0.0
  0
LWPOLYLINE
  5
319
330
17
100
AcDbEntity
  8
CURB
 62
7
100
AcDbPolyline
 90
3
 70
0
 10
483.9663488584554
 20
14141.41434708081
 10
492.8399742909094
 20
14148.4215337501
 10
493.6656499050321
 20
14148.96994526238
  0
LINE
  5
31A
330
17
100
AcDbEntity
  8
CURB
 62
7
100
AcDbLine
 10
507.1326857550999
 20
14147.46477948844
 30
0.0
 11
506.2756666851315
 21
14148.58605101688
 31
0.0
  0
LINE
  5
31B
330
17
100
AcDbEntity
  8
CURB
 62
7
100
AcDbLine
 10
506.9723755842555
 20
14159.09853008269
 30
0.0
 11
508.4280822001589
 21
14160.55550295313
 31
0.0
  0
LINE
  5
31C
330
17
100
AcDbEntity
  8
CURB
 62
7
100
AcDbLine
 10
503.3583457690686
 20
14145.90324120323
 30
0.0
 11
504.1430470277573
 21
14145.04894859401
 31
0.0
  0
LWPOLYLINE
  5
31D
330
17
100
AcDbEntity
  8
CURB
 62
7
 48
0.025
100
AcDbPolyline
 90
2
 70
128
 43
0.4
 10
496.2577495416235
 20
14149.62533121693
 42
-0.2436100354461718
 10
501.1831627501486
 20
14147.82785441128
 42
-0.2436100354461718
  0
LWPOLYLINE
  5
31E
330
17
100
AcDbEntity
  8
CURB
 62
7
 48
0.025
100
AcDbPolyline
 90
2
 70
128
 43
0.4
 10
505.386058679971
 20
14156.05006112852
 42
0.1939699069346623
 10
505.6044024976519
 20
14150.29655707506
 42
0.1939699069346623
  0
LWPOLYLINE
  5
31F
330
17
100
AcDbEntity
  8
CURB
 62
7
100
AcDbPolyline
 90
3
 70
0
 10
446.105
 20
14124.055
 10
449.9016863721554
 20
14124.92819506191
 10
451.261648930254
 20
14125.30042855016
  0
LWPOLYLINE
  5
320
330
17
100
AcDbEntity
  8
CURB
 62
7
100
AcDbPolyline
 90
3
 70
0
 10
454.0576318116908
 20
14115.56561148421
 10
454.4573727768185
 20
14113.58191482851
 10
454.915
 20
14112.072
  0
LWPOLYLINE
  5
321
330
17
100
AcDbEntity
  8
CURB
 62
7
 48
0.025
100
AcDbPolyline
 90
3
 70
128
 43
0.4
 10
454.351720126244
 20
14115.62487414735
 10
454.7486311853909
 20
14113.65522077348
 10
455.2021032429173
 20
14112.15901567621
  0
LWPOLYLINE
  5
322
330
17
100
AcDbEntity
  8
CURB
 62
7
 48
0.025
100
AcDbPolyline
 90
2
 70
128
 43
0.4
 10
527.4235607068135
 20
14315.24271767278
 10
538.7846482564502
 20
14321.56139551624
  0
LINE
  5
323
330
17
100
AcDbEntity
  8
CURB
 62
7
100
AcDbLine
 10
633.3735514963064
 20
14274.69161034754
 30
0.0
 11
631.8858213675261
 21
14273.60366316801
 31
0.0
  0
LWPOLYLINE
  5
324
330
17
100
AcDbEntity
  8
CURB
 62
18
420
0
100
AcDbPolyline
 90
5
 70
0
 10
760.2955100260741
 20
14970.26943132456
 10
760.7573579821162
 20
14950.90001089511
 10
761.10261937315
 20
14937.109009888
 10
761.1909003875851
 20
14931.60094286935
 10
761.7213363812157
 20
14906.93390433089
  0
LWPOLYLINE
  5
325
330
17
100
AcDbEntity
  8
CURB
 62
18
420
0
100
AcDbPolyline
 90
2
 70
0
 10
764.4597696159054
 20
14904.36591399322
 10
759.3055153466695
 20
14904.25486492987
  0
LWPOLYLINE
  5
326
330
17
100
AcDbEntity
  8
CURB
 62
18
420
0
100
AcDbPolyline
 90
2
 70
0
 10
759.3523394513335
 20
14899.15442337489
 10
764.6012968577077
 20
14899.19589753445
  0
LWPOLYLINE
  5
327
330
17
100
AcDbEntity
  8
CURB
 62
18
420
0
100
AcDbPolyline
 90
3
 70
0
 10
761.9683997168144
 20
14894.87841622165
 10
762.09
 20
14890.58
 10
762.462
 20
14871.102
  0
LWPOLYLINE
  5
328
330
17
100
AcDbEntity
  8
CURB
 62
18
 48
0.025
420
0
100
AcDbPolyline
 90
2
 70
128
 43
0.4
 10
738.3475017374627
 20
14926.64886866927
 10
740.5651352349909
 20
14927.31120421578
  0
LWPOLYLINE
  5
329
330
17
100
AcDbEntity
  8
CURB
 62
18
 48
0.025
420
0
100
AcDbPolyline
 90
2
 70
128
 43
0.4
 10
738.5049436734929
 20
14921.99165148921
 10
740.7526759525803
 20
14922.09309105121
  0
LWPOLYLINE
  5
32A
330
17
100
AcDbEntity
  8
CURB
 62
18
420
0
100
AcDbPolyline
 90
5
 70
0
 10
762.462
 20
14871.102
 10
763.1073862391324
 20
14850.17275792442
 10
763.5210000000004
 20
14829.048
 10
764.1901493479668
 20
14808.1142893665
 10
764.2595357758839
 20
14805.46090541644
  0
LWPOLYLINE
  5
32B
330
17
100
AcDbEntity
  8
CURB
 62
18
420
0
100
AcDbPolyline
 90
2
 70
0
 10
768.328102944143
 20
14755.46463874042
 10
767.8955888841606
 20
14755.45128216761
  0
LWPOLYLINE
  5
32C
330
17
100
AcDbEntity
  8
CURB
 62
18
420
0
100
AcDbPolyline
 90
2
 70
0
 10
768.2418342844936
 20
14758.58874544511
 10
767.8014633968725
 20
14758.57514624368
  0
LWPOLYLINE
  5
32D
330
17
100
AcDbEntity
  8
CURB
 62
18
420
0
100
AcDbPolyline
 90
2
 70
0
 10
728.1853992126224
 20
14898.91924707785
 10
727.728482906593
 20
14893.8397550346
  0
LWPOLYLINE
  5
32E
330
17
100
AcDbEntity
  8
CURB
 62
18
 48
0.025
420
0
100
AcDbPolyline
 90
2
 70
128
 43
0.4
 10
751.3669706916438
 20
14887.59793737328
 10
751.4992218957403
 20
14881.94421731103
  0
LWPOLYLINE
  5
32F
330
17
100
AcDbEntity
  8
CURB
 62
18
420
0
100
AcDbPolyline
 90
2
 70
0
 10
726.38960341235
 20
14878.955915529
 10
724.8333632691129
 20
14861.65565314668
  0
LWPOLYLINE
  5
330
330
17
100
AcDbEntity
  8
CURB
 62
18
 48
0.025
420
0
100
AcDbPolyline
 90
2
 70
128
 43
0.4
 10
751.9480840874586
 20
14865.46589750717
 10
752.0689209445555
 20
14860.3633374443
  0
LWPOLYLINE
  5
331
330
17
100
AcDbEntity
  8
CURB
 62
18
420
0
100
AcDbPolyline
 90
2
 70
0
 10
724.5506330759606
 20
14858.5126250496
 10
722.9210864284189
 20
14840.39743583484
  0
LWPOLYLINE
  5
332
330
17
100
AcDbEntity
  8
CURB
 62
18
420
0
100
AcDbPolyline
 90
3
 70
0
 10
709.934449042516
 20
14917.13389099898
 10
738.24
 20
14922.28
 10
747.8640355024679
 20
14922.71433017139
  0
LWPOLYLINE
  5
333
330
17
100
AcDbEntity
  8
CURB
 62
18
420
0
100
AcDbPolyline
 90
2
 70
0
 10
729.2294350389819
 20
14719.69974046703
 10
727.5770250311547
 20
14713.09110524463
  0
LWPOLYLINE
  5
334
330
17
100
AcDbEntity
  8
CURB
 62
18
420
0
100
AcDbPolyline
 90
2
 70
0
 10
718.8644161198766
 20
14660.2212601703
 10
718.6391542871781
 20
14659.24281008946
  0
LWPOLYLINE
  5
335
330
17
100
AcDbEntity
  8
CURB
 62
18
420
0
100
AcDbPolyline
 90
3
 70
0
 10
725.582669820246
 20
14659.73938709677
 10
736.8781204261287
 20
14657.23847648609
 10
733.4673979308451
 20
14642.52250624104
  0
LWPOLYLINE
  5
336
330
17
100
AcDbEntity
  8
CURB
 62
18
420
0
100
AcDbPolyline
 90
8
 70
0
 10
714.5009616955887
 20
14915.29169733702
 10
714.5726016128784
 20
14916.08809714028
 10
721.3479501316284
 20
14915.47862259558
 10
721.3948915982544
 20
14916.00045713675
 10
727.6745364244262
 20
14915.43557347982
 10
727.5390479445784
 20
14913.92938795129
 10
729.5196057618945
 20
14913.75122742393
 10
728.4597714311216
 20
14901.96936185413
  0
LWPOLYLINE
  5
337
330
17
100
AcDbEntity
  8
CURB
 62
18
 48
0.025
420
0
100
AcDbPolyline
 90
2
 70
128
 43
0.4
 10
746.4705206771436
 20
14748.62782035291
 10
748.7257814904856
 20
14748.55922761444
  0
LWPOLYLINE
  5
338
330
17
100
AcDbEntity
  8
CURB
 62
18
 48
0.025
420
0
100
AcDbPolyline
 90
2
 70
128
 43
0.4
 10
748.77658695279
 20
14754.03330486306
 10
746.2408352865779
 20
14754.25584632454
  0
LWPOLYLINE
  5
339
330
17
100
AcDbEntity
  8
CURB
 62
18
420
0
100
AcDbPolyline
 90
2
 70
0
 10
731.3008853057611
 20
14631.81822766106
 10
732.9251202429274
 20
14638.76735807367
  0
LWPOLYLINE
  5
33A
330
17
100
AcDbEntity
  8
CURB
 62
18
 48
0.025
420
0
100
AcDbPolyline
 90
2
 70
128
 43
0.4
 10
726.7966209255019
 20
14606.36194922585
 42
-0.2504916501724447
 10
728.6983764474527
 20
14604.66981272583
  0
LINE
  5
33B
330
17
100
AcDbEntity
  8
CURB
 62
18
420
0
100
AcDbLine
 10
758.0655200231209
 20
14631.27709620922
 30
0.0
 11
758.617585119913
 21
14608.98418182442
 31
0.0
  0
LWPOLYLINE
  5
33C
330
17
100
AcDbEntity
  8
CURB
 62
18
 48
0.025
420
0
100
AcDbPolyline
 90
3
 70
128
 43
0.4
 10
753.1293515367956
 20
14606.3836870497
 10
753.185358173759
 20
14606.37210966045
 10
755.3900355546165
 20
14606.21927049234
  0
LWPOLYLINE
  5
33D
330
17
100
AcDbEntity
  8
CURB
 62
18
 48
0.025
420
0
100
AcDbPolyline
 90
2
 70
128
 43
0.4
 10
753.4232231538805
 20
14600.357730405
 10
755.6403236273578
 20
14600.11455580997
  0
LWPOLYLINE
  5
33E
330
17
100
AcDbEntity
  8
CURB
 62
18
420
0
100
AcDbPolyline
 90
8
 70
0
 10
735.4048401638997
 20
14556.05227911104
 10
739.0529999977383
 20
14570.48099999697
 10
733.9799999986826
 20
14571.66799999342
 10
734.1689999999999
 20
14572.612
 10
728.6100000000012
 20
14573.853
 10
728.718
 20
14574.609
 10
721.3307758720664
 20
14576.22816229743
 10
720.7917391589166
 20
14573.91962706346
  0
LWPOLYLINE
  5
33F
330
17
100
AcDbEntity
  8
CURB
 62
18
420
0
100
AcDbPolyline
 90
2
 70
0
 10
733.1084929044466
 20
14546.07184496597
 10
734.6642587664419
 20
14552.90241575366
  0
LWPOLYLINE
  5
340
330
17
100
AcDbEntity
  8
CURB
 62
18
 48
0.025
420
0
100
AcDbPolyline
 90
4
 70
128
 43
0.4
 10
758.6190221123079
 20
14596.48477234646
 10
758.5967181721829
 20
14597.43361060664
 42
0.375846211718341
 10
756.1918381218239
 20
14600.05406495019
 10
755.6403236273583
 20
14600.11455580997
  0
LWPOLYLINE
  5
341
330
17
100
AcDbEntity
  8
CURB
 62
18
420
0
100
AcDbPolyline
 90
2
 70
0
 10
769.4866221427601
 20
14596.49575891788
 10
772.1966315002524
 20
14597.41335709291
  0
LWPOLYLINE
  5
342
330
17
100
AcDbEntity
  8
CURB
 62
18
420
0
100
AcDbPolyline
 90
2
 70
0
 10
769.4134243614719
 20
14599.9867268973
 10
772.1336124355219
 20
14599.51899855867
  0
LWPOLYLINE
  5
343
330
17
100
AcDbEntity
  8
CURB
 62
18
 48
0.025
420
0
100
AcDbPolyline
 90
2
 70
128
 43
0.4
 10
769.7004847179306
 20
14599.93736771332
 10
769.7823902842096
 20
14596.59590481076
  0
LWPOLYLINE
  5
344
330
17
100
AcDbEntity
  8
CURB
 62
18
420
0
100
AcDbPolyline
 90
2
 70
0
 10
770.5194934269884
 20
14553.54543907393
 10
773.300122318186
 20
14553.10997418134
  0
LWPOLYLINE
  5
345
330
17
100
AcDbEntity
  8
CURB
 62
18
420
0
100
AcDbPolyline
 90
2
 70
0
 10
770.5742876527332
 20
14550.93704572251
 10
773.3284825457891
 20
14551.76508800961
  0
LWPOLYLINE
  5
346
330
17
100
AcDbEntity
  8
CURB
 62
18
 48
0.025
420
0
100
AcDbPolyline
 90
3
 70
128
 43
0.4
 10
770.820761291709
 20
14553.49825853187
 10
770.8684771399123
 20
14551.58122977345
 10
770.8734868195911
 20
14551.02699925595
  0
LWPOLYLINE
  5
347
330
17
100
AcDbEntity
  8
CURB
 62
18
 48
0.025
420
0
100
AcDbPolyline
 90
2
 70
128
 43
0.4
 10
755.6403236273583
 20
14600.11455580997
 10
755.6784191141288
 20
14600.11037744517
  0
LWPOLYLINE
  5
348
330
17
100
AcDbEntity
  8
CURB
 62
18
 48
0.025
420
0
100
AcDbPolyline
 90
2
 70
128
 43
0.4
 10
759.6470570031511
 20
14553.46744801328
 10
759.790555969859
 20
14548.86078984994
  0
LWPOLYLINE
  5
349
330
17
100
AcDbEntity
  8
CURB
 62
18
 48
0.025
420
0
100
AcDbPolyline
 90
2
 70
128
 43
0.4
 10
795.4669739692863
 20
14434.40410572973
 10
797.7281081302216
 20
14431.10451904255
  0
LWPOLYLINE
  5
34A
330
17
100
AcDbEntity
  8
CURB
 62
18
420
0
100
AcDbPolyline
 90
2
 70
0
 10
785.6197520981475
 20
14468.03623520615
 10
788.8615625756169
 20
14470.37680237067
  0
LWPOLYLINE
  5
34B
330
17
100
AcDbEntity
  8
CURB
 62
18
420
0
100
AcDbPolyline
 90
3
 70
0
 10
728.1408507554166
 20
14623.52546203973
 10
729.134
 20
14623.277
 10
730.981993224891
 20
14630.27659746086
  0
LWPOLYLINE
  5
34C
330
17
100
AcDbEntity
  8
CURB
 62
18
420
0
100
AcDbPolyline
 90
2
 70
0
 10
754.4855702328819
 20
14506.75055062254
 10
750.1414284026307
 20
14507.75475749449
  0
LWPOLYLINE
  5
34D
330
17
100
AcDbEntity
  8
CURB
 62
18
420
0
100
AcDbPolyline
 90
5
 70
0
 10
720.3599357752508
 20
14540.27975526587
 10
726.3942008576306
 20
14538.86217233476
 10
726.6048915677359
 20
14539.75906851406
 10
731.3745010382775
 20
14538.66364094571
 10
732.6499318523196
 20
14544.25669822033
  0
LWPOLYLINE
  5
34E
330
17
100
AcDbEntity
  8
CURB
 62
18
 48
0.025
420
0
100
AcDbPolyline
 90
3
 70
128
 43
0.4
 10
759.0073055011974
 20
14506.37649048913
 42
-0.1301802926153489
 10
757.6254837039484
 20
14506.33262852009
 10
756.7519114903137
 20
14506.53456649872
  0
LWPOLYLINE
  5
34F
330
17
100
AcDbEntity
  8
CURB
 62
18
 48
0.025
420
0
100
AcDbPolyline
 90
2
 70
128
 43
0.4
 10
730.6096622868805
 20
14512.69631136318
 10
732.4129133616232
 20
14512.26855308229
  0
LWPOLYLINE
  5
350
330
17
100
AcDbEntity
  8
CURB
 62
18
 48
0.025
420
0
100
AcDbPolyline
 90
2
 70
128
 43
0.4
 10
731.097064930334
 20
14505.85113728145
 42
-0.2679491924312741
 10
733.6829126066598
 20
14506.62792025941
 42
-0.2679491924312741
  0
LWPOLYLINE
  5
351
330
17
100
AcDbEntity
  8
CURB
 62
18
 48
0.025
420
0
100
AcDbPolyline
 90
2
 70
128
 43
0.4
 10
755.6156131528256
 20
14501.05234368891
 42
-0.1174263885050394
 10
758.1404530883428
 20
14498.53192195138
  0
LWPOLYLINE
  5
352
330
17
100
AcDbEntity
  8
CURB
 62
18
420
0
100
AcDbPolyline
 90
2
 70
0
 10
713.269027691909
 20
14510.1037816218
 10
725.6719711135
 20
14507.12915268983
  0
LWPOLYLINE
  5
353
330
17
100
AcDbEntity
  8
CURB
 62
18
420
0
100
AcDbPolyline
 90
2
 70
0
 10
713.3789439649535
 20
14510.591598994
 10
713.383406096173
 20
14510.59052882991
  0
LWPOLYLINE
  5
354
330
17
100
AcDbEntity
  8
CURB
 62
18
 48
0.025
420
0
100
AcDbPolyline
 90
2
 70
128
 43
0.4
 10
723.4254015243802
 20
14508.90198237179
 42
-0.2504916501726354
 10
725.3286258283305
 20
14507.21149804804
  0
LWPOLYLINE
  5
355
330
17
100
AcDbEntity
  8
CURB
 62
18
420
0
100
AcDbPolyline
 90
2
 70
0
 10
836.3699728313692
 20
14418.09549819975
 10
834.3399999998012
 20
14413.81000000009
  0
LWPOLYLINE
  5
356
330
17
100
AcDbEntity
  8
CURB
 62
18
 48
0.025
420
0
100
AcDbPolyline
 90
3
 70
128
 43
0.4
 10
760.9826947729123
 20
14481.99074660763
 10
761.0769395768399
 20
14482.05030834298
 42
0.3317080765897482
 10
762.2337963244821
 20
14485.06318384168
 42
0.3317080765897482
  0
LWPOLYLINE
  5
357
330
17
100
AcDbEntity
  8
CURB
 62
18
420
0
100
AcDbPolyline
 90
5
 70
0
 10
723.2698373522175
 20
14491.01873915496
 10
737.9078668782616
 20
14487.77075801874
 10
737.550583147679
 20
14486.26159712516
 10
742.8405665150918
 20
14485.00922894986
 10
739.7257260962028
 20
14471.85219206937
  0
LWPOLYLINE
  5
358
330
17
100
AcDbEntity
  8
CURB
 62
18
420
0
100
AcDbPolyline
 90
3
 70
0
 10
738.5421469466231
 20
14466.85277242347
 10
735.7828411816768
 20
14455.19750822474
 10
735.0043597118691
 20
14455.38180849573
  0
LWPOLYLINE
  5
359
330
17
100
AcDbEntity
  8
CURB
 62
18
420
0
100
AcDbPolyline
 90
2
 70
0
 10
722.7494524063845
 20
14488.94355241554
 10
723.2698373522172
 20
14491.01873915496
  0
LWPOLYLINE
  5
35A
330
17
100
AcDbEntity
  8
CURB
 62
18
420
0
100
AcDbPolyline
 90
2
 70
0
 10
722.7494524063845
 20
14488.94355241554
 10
724.6175207576993
 20
14488.50130963938
  0
LWPOLYLINE
  5
35B
330
17
100
AcDbEntity
  8
CURB
 62
18
420
0
100
AcDbPolyline
 90
2
 70
0
 10
724.6175185399945
 20
14488.50130027162
 10
724.3865676168283
 20
14487.52574536484
  0
LWPOLYLINE
  5
35C
330
17
100
AcDbEntity
  8
CURB
 62
18
420
0
100
AcDbPolyline
 90
2
 70
0
 10
722.7494524063845
 20
14488.94355241554
 10
722.5201970915581
 20
14487.96139289207
  0
LWPOLYLINE
  5
35D
330
17
100
AcDbEntity
  8
CURB
 62
18
 48
0.025
420
0
100
AcDbPolyline
 90
2
 70
128
 43
0.4
 10
723.040442678179
 20
14488.87058213583
 10
723.5608276240117
 20
14490.94576887525
  0
LWPOLYLINE
  5
35E
330
17
100
AcDbEntity
  8
CURB
 62
18
420
0
100
AcDbPolyline
 90
2
 70
0
 10
739.0899611038271
 20
14469.16672966675
 10
738.5421469466231
 20
14466.85277242347
  0
LWPOLYLINE
  5
35F
330
17
100
AcDbEntity
  8
CURB
 62
18
 48
0.025
420
0
100
AcDbPolyline
 90
2
 70
128
 43
0.4
 10
738.7980305581889
 20
14469.23584230324
 10
738.2502164009849
 20
14466.92188505997
  0
LWPOLYLINE
  5
360
330
17
100
AcDbEntity
  8
CURB
 62
18
420
0
100
AcDbPolyline
 90
2
 70
0
 10
739.6815867488632
 20
14471.66574816126
 10
739.7259095943735
 20
14471.85296716275
  0
LWPOLYLINE
  5
361
330
17
100
AcDbEntity
  8
CURB
 62
18
 48
0.025
420
0
100
AcDbPolyline
 90
2
 70
128
 43
0.4
 10
739.3896561956564
 20
14471.73486076579
 10
739.4339790411667
 20
14471.92207976727
  0
LWPOLYLINE
  5
362
330
17
100
AcDbEntity
  8
CURB
 62
18
 48
0.025
420
0
100
AcDbPolyline
 90
2
 70
128
 43
0.4
 10
767.4061851193959
 20
14475.00737789454
 42
0.3339762451530752
 10
764.3519637505718
 20
14476.10361319328
 42
0.3339762451530752
  0
LWPOLYLINE
  5
363
330
17
100
AcDbEntity
  8
CURB
 62
18
 48
0.025
420
0
100
AcDbPolyline
 90
3
 70
128
 43
0.4
 10
822.3018418003467
 20
14404.57541773502
 42
-0.0868914103043057
 10
824.1995041955919
 20
14404.06051127895
 10
826.1324663752551
 20
14403.15450915895
  0
LWPOLYLINE
  5
364
330
17
100
AcDbEntity
  8
CURB
 62
18
 48
0.025
420
0
100
AcDbPolyline
 90
2
 70
128
 43
0.4
 10
758.9454296779185
 20
14582.59897526632
 10
758.9983365741504
 20
14580.34824794681
  0
LWPOLYLINE
  5
365
330
17
100
AcDbEntity
  8
CURB
 62
18
 48
0.025
420
0
100
AcDbPolyline
 90
2
 70
128
 43
0.4
 10
757.9575700293644
 20
14623.51821999903
 10
758.0132722915334
 20
14621.26890960293
  0
LWPOLYLINE
  5
366
330
17
100
AcDbEntity
  8
CURB
 62
18
420
0
100
AcDbPolyline
 90
4
 70
0
 10
735.5478558231962
 20
14969.25738488945
 10
736.2808368553185
 20
14965.43348627947
 10
736.9981877504599
 20
14951.74047330522
 10
738.364072418244
 20
14926.34072321557
  0
LWPOLYLINE
  5
367
330
17
100
AcDbEntity
  8
CURB
 62
18
420
0
100
AcDbPolyline
 90
4
 70
0
 10
737.6586352004314
 20
14969.72967359626
 10
738.5113140292027
 20
14965.86504017359
 10
739.2450250862148
 20
14951.85973943297
 10
740.5817059157719
 20
14927.00305876207
  0
LWPOLYLINE
  5
368
330
17
100
AcDbEntity
  8
CURB
 62
18
420
0
100
AcDbPolyline
 90
2
 70
0
 10
723.317
 20
14964.49
 10
719.9987734305856
 20
14950.04011285745
  0
LWPOLYLINE
  5
369
330
17
100
AcDbEntity
  8
CURB
 62
18
420
0
100
AcDbPolyline
 90
2
 70
0
 10
724.7789486664216
 20
14964.15428271306
 10
721.5557308383089
 20
14950.11813030521
  0
LWPOLYLINE
  5
36A
330
17
100
AcDbEntity
  8
CURB
 62
18
 48
0.025
420
0
100
AcDbPolyline
 90
2
 70
128
 43
0.4
 10
721.6255112821959
 20
14950.4220033283
 10
720.068553868918
 20
14950.34398585634
  0
LWPOLYLINE
  5
36B
330
17
100
AcDbEntity
  8
CURB
 62
18
420
0
100
AcDbPolyline
 90
2
 70
0
 10
723.317
 20
14964.49
 10
724.6190197256307
 20
14969.32856656079
  0
LWPOLYLINE
  5
36C
330
17
100
AcDbEntity
  8
CURB
 62
18
420
0
100
AcDbPolyline
 90
2
 70
0
 10
724.7789486664216
 20
14964.15428271306
 10
726.0948913841687
 20
14968.93708436727
  0
LWPOLYLINE
  5
36D
330
17
100
AcDbEntity
  8
CURB
 62
18
420
0
100
AcDbPolyline
 90
4
 70
0
 10
706.2059506820888
 20
14965.9413657033
 10
707.8061684011684
 20
14965.99482366306
 10
709.0491135406693
 20
14928.78834015868
 10
707.9497268613584
 20
14928.75161329809
  0
LWPOLYLINE
  5
36E
330
17
100
AcDbEntity
  8
CURB
 62
18
 48
0.025
420
0
100
AcDbPolyline
 90
2
 70
128
 43
0.4
 10
805.2261030756667
 20
14440.54163558507
 10
807.5012404249566
 20
14437.25168877063
  0
LWPOLYLINE
  5
36F
330
17
100
AcDbEntity
  8
CURB
 62
18
 48
0.025
420
0
100
AcDbPolyline
 90
2
 70
128
 43
0.4
 10
829.3917932979612
 20
14419.82331505346
 42
0.222177794059996
 10
833.3294437349281
 20
14414.62518186645
 42
0.222177794059996
  0
LWPOLYLINE
  5
370
330
17
100
AcDbEntity
  8
CURB
 62
18
 48
0.025
420
0
100
AcDbPolyline
 90
2
 70
128
 43
0.4
 10
814.1828429272531
 20
14427.8643448791
 42
0.1694403928162351
 10
818.9094411411127
 20
14425.82841482804
 42
0.1694403928162351
  0
LWPOLYLINE
  5
371
330
17
100
AcDbEntity
  8
CURB
 62
18
420
0
100
AcDbPolyline
 90
2
 70
0
 10
727.468655195003
 20
14890.95141938397
 10
726.668013709786
 20
14882.05203141094
  0
LWPOLYLINE
  5
372
330
17
100
AcDbEntity
  8
CURB
 62
18
420
0
100
AcDbPolyline
 90
3
 70
0
 10
746.252539020809
 20
14753.95366608981
 10
748.7671340018815
 20
14753.73298137152
 10
751.9494684056572
 20
14753.81130246839
  0
LWPOLYLINE
  5
373
330
17
100
AcDbEntity
  8
CURB
 62
18
420
0
100
AcDbPolyline
 90
10
 70
0
 10
713.9571918341626
 20
14737.08283810651
 10
715.0993245948669
 20
14742.4932985931
 10
716.1230146488846
 20
14742.30376717429
 10
716.3628239082082
 20
14743.43415433214
 10
722.0089690240671
 20
14742.16391738803
 10
721.8610661030916
 20
14741.48287603382
 10
727.9225817438277
 20
14740.09661012604
 10
727.7555113374734
 20
14739.42467012482
 10
733.4422489408081
 20
14738.23451234454
 10
730.0458699486392
 20
14723.41356746285
  0
LINE
  5
374
330
17
100
AcDbEntity
  8
CURB
 62
18
420
0
100
AcDbLine
 10
747.6632658321141
 20
14929.11809213549
 30
0.0
 11
736.3526414990752
 21
14925.73997372357
 31
0.0
  0
LINE
  5
375
330
17
100
AcDbEntity
  8
CURB
 62
18
420
0
100
AcDbLine
 10
736.3526414990752
 20
14925.73997372357
 30
0.0
 11
730.4364177929587
 21
14924.73837525356
 31
0.0
  0
LINE
  5
376
330
17
100
AcDbEntity
  8
CURB
 62
18
420
0
100
AcDbLine
 10
723.4364309454379
 20
14930.51811239863
 30
0.0
 11
723.040403108891
 21
14949.19127100302
 31
0.0
  0
LINE
  5
377
330
17
100
AcDbEntity
  8
CURB
 62
18
420
0
100
AcDbLine
 10
722.8403347657918
 20
14950.18246859084
 30
0.0
 11
713.9598957428643
 21
14949.73559162513
 31
0.0
  0
LINE
  5
378
330
17
100
AcDbEntity
  8
CURB
 62
18
420
0
100
AcDbLine
 10
713.8472774252491
 20
14948.73069505606
 30
0.0
 11
714.0877279885251
 21
14942.28487871945
 31
0.0
  0
LINE
  5
379
330
17
100
AcDbEntity
  8
CURB
 62
18
420
0
100
AcDbLine
 10
714.0877279885251
 20
14942.28487871945
 30
0.0
 11
718.0700984710006
 21
14938.6078114514
 31
0.0
  0
LINE
  5
37A
330
17
100
AcDbEntity
  8
CURB
 62
18
420
0
100
AcDbLine
 10
719.0130256182731
 20
14936.76571173506
 30
0.0
 11
720.006162108779
 21
14928.59602516532
 31
0.0
  0
LINE
  5
37B
330
17
100
AcDbEntity
  8
CURB
 62
18
420
0
100
AcDbLine
 10
715.0991652919508
 20
14921.96441321684
 30
0.0
 11
709.285604530059
 21
14920.93195172133
 31
0.0
  0
LINE
  5
37C
330
17
100
AcDbEntity
  8
CURB
 62
18
420
0
100
AcDbLine
 10
751.6668886482262
 20
14887.60495302147
 30
0.0
 11
742.4960137981053
 21
14892.16165387793
 31
0.0
  0
LINE
  5
37D
330
17
100
AcDbEntity
  8
CURB
 62
18
420
0
100
AcDbLine
 10
728.5252579714731
 20
14893.7680832756
 30
0.0
 11
733.3199358930048
 21
14894.44914463229
 31
0.0
  0
LINE
  5
37E
330
17
100
AcDbEntity
  8
CURB
 62
18
420
0
100
AcDbLine
 10
733.6088601479752
 20
14895.29194821245
 30
0.0
 11
730.5408879024432
 21
14898.46109143452
 31
0.0
  0
LINE
  5
37F
330
17
100
AcDbEntity
  8
CURB
 62
18
420
0
100
AcDbLine
 10
729.9331895212522
 20
14898.75939052488
 30
0.0
 11
729.810740007977
 21
14898.77303995596
 31
0.0
  0
LINE
  5
380
330
17
100
AcDbEntity
  8
CURB
 62
18
420
0
100
AcDbLine
 10
730.0860553910946
 20
14901.82306994843
 30
0.0
 11
731.4526200140385
 21
14901.7218600116
 31
0.0
  0
LINE
  5
381
330
17
100
AcDbEntity
  8
CURB
 62
18
420
0
100
AcDbLine
 10
731.4526200140385
 20
14901.7218600116
 30
0.0
 11
733.205091463973
 21
14899.9299574572
 31
0.0
  0
LINE
  5
382
330
17
100
AcDbEntity
  8
CURB
 62
18
420
0
100
AcDbLine
 10
733.205091463973
 20
14899.9299574572
 30
0.0
 11
738.7676190734646
 21
14894.24227133964
 31
0.0
  0
LINE
  5
383
330
17
100
AcDbEntity
  8
CURB
 62
18
420
0
100
AcDbLine
 10
739.6246660123894
 20
14894.61230104022
 30
0.0
 11
738.4926848313918
 21
14922.29140359947
 31
0.0
  0
LINE
  5
384
330
17
100
AcDbEntity
  8
CURB
 62
18
420
0
100
AcDbLine
 10
751.7992313205416
 20
14881.95601547535
 30
0.0
 11
742.9771123314674
 21
14886.3394312138
 31
0.0
  0
LINE
  5
385
330
17
100
AcDbEntity
  8
CURB
 62
18
420
0
100
AcDbLine
 10
742.2550956146899
 20
14885.87005467935
 30
0.0
 11
743.0309904403664
 21
14867.92888612112
 31
0.0
  0
LINE
  5
386
330
17
100
AcDbEntity
  8
CURB
 62
18
420
0
100
AcDbLine
 10
743.8524731185269
 20
14866.98798661519
 30
0.0
 11
752.2480000000003
 21
14865.473
 31
0.0
  0
LINE
  5
387
330
17
100
AcDbEntity
  8
CURB
 62
18
420
0
100
AcDbLine
 10
727.5488778954436
 20
14881.97279354228
 30
0.0
 11
728.3040760216073
 21
14881.93431583606
 31
0.0
  0
LINE
  5
388
330
17
100
AcDbEntity
  8
CURB
 62
18
420
0
100
AcDbLine
 10
728.3040760216073
 20
14881.93431583606
 30
0.0
 11
739.8639411815037
 21
14868.39577248089
 31
0.0
  0
LINE
  5
389
330
17
100
AcDbEntity
  8
CURB
 62
18
420
0
100
AcDbLine
 10
740.7437208455414
 20
14868.74204857184
 30
0.0
 11
739.8918844365897
 21
14888.43922928666
 31
0.0
  0
LINE
  5
38A
330
17
100
AcDbEntity
  8
CURB
 62
18
420
0
100
AcDbLine
 10
739.6113003640224
 20
14889.0915685025
 30
0.0
 11
736.5536154862751
 21
14892.25008512919
 31
0.0
  0
LINE
  5
38B
330
17
100
AcDbEntity
  8
CURB
 62
18
420
0
100
AcDbLine
 10
735.6160491115304
 20
14892.53024562231
 30
0.0
 11
728.2654383373517
 21
14890.87974504837
 31
0.0
  0
LINE
  5
38C
330
17
100
AcDbEntity
  8
CURB
 62
18
420
0
100
AcDbLine
 10
750.8012254115846
 20
14817.6553936009
 30
0.0
 11
745.8144027345297
 21
14816.77548343796
 31
0.0
  0
LINE
  5
38D
330
17
100
AcDbEntity
  8
CURB
 62
18
420
0
100
AcDbLine
 10
745.7918430507812
 20
14817.92107483065
 30
0.0
 11
743.9888001490933
 21
14860.6440235859
 31
0.0
  0
LINE
  5
38E
330
17
100
AcDbEntity
  8
CURB
 62
18
420
0
100
AcDbLine
 10
745.1654942807539
 20
14861.67029493632
 30
0.0
 11
752.368836857097
 21
14860.37043993713
 31
0.0
  0
LINE
  5
38F
330
17
100
AcDbEntity
  8
CURB
 62
18
420
0
100
AcDbLine
 10
727.2201221045572
 20
14878.88120645772
 30
0.0
 11
734.8882593441695
 21
14869.48373879528
 31
0.0
  0
LINE
  5
390
330
17
100
AcDbEntity
  8
CURB
 62
18
420
0
100
AcDbLine
 10
733.9199288093697
 20
14864.91106480306
 30
0.0
 11
727.2793568081566
 21
14861.54602732211
 31
0.0
  0
LINE
  5
391
330
17
100
AcDbEntity
  8
CURB
 62
18
420
0
100
AcDbLine
 10
726.6999350057016
 20
14861.44618634594
 30
0.0
 11
725.6208850062563
 21
14861.5847929014
 31
0.0
  0
LINE
  5
392
330
17
100
AcDbEntity
  8
CURB
 62
18
420
0
100
AcDbLine
 10
721.5759850864121
 20
14818.64514597537
 30
0.0
 11
737.192828530749
 21
14816.39408618011
 31
0.0
  0
LINE
  5
393
330
17
100
AcDbEntity
  8
CURB
 62
18
420
0
100
AcDbLine
 10
737.6855855588542
 20
14817.15804925178
 30
0.0
 11
724.8873396803463
 21
14837.20233267215
 31
0.0
  0
LINE
  5
394
330
17
100
AcDbEntity
  8
CURB
 62
18
420
0
100
AcDbLine
 10
724.1204222090729
 20
14837.66129034943
 30
0.0
 11
722.7208502757308
 21
14837.76786472512
 31
0.0
  0
LINE
  5
395
330
17
100
AcDbEntity
  8
CURB
 62
18
420
0
100
AcDbLine
 10
722.7208502757308
 20
14837.76786472512
 30
0.0
 11
721.5398286080507
 21
14825.04240055544
 31
0.0
  0
LINE
  5
396
330
17
100
AcDbEntity
  8
CURB
 62
18
420
0
100
AcDbLine
 10
720.7160333262124
 20
14815.88451121555
 30
0.0
 11
719.288618427076
 21
14800.01636112552
 31
0.0
  0
LINE
  5
397
330
17
100
AcDbEntity
  8
CURB
 62
18
420
0
100
AcDbLine
 10
719.288618427076
 20
14800.01636112552
 30
0.0
 11
721.1415292211277
 21
14799.8569840272
 31
0.0
  0
LINE
  5
398
330
17
100
AcDbEntity
  8
CURB
 62
18
420
0
100
AcDbLine
 10
721.8316308765293
 20
14800.05662693279
 30
0.0
 11
737.8711348936098
 21
14812.22507084525
 31
0.0
  0
LINE
  5
399
330
17
100
AcDbEntity
  8
CURB
 62
18
420
0
100
AcDbLine
 10
737.649583813949
 20
14813.11686256097
 30
0.0
 11
720.7160333262124
 21
14815.88451121555
 31
0.0
  0
LINE
  5
39A
330
17
100
AcDbEntity
  8
CURB
 62
18
420
0
100
AcDbLine
 10
748.3877676262031
 20
14756.96051965415
 30
0.0
 11
747.9721772209845
 21
14767.69070232246
 31
0.0
  0
LINE
  5
39B
330
17
100
AcDbEntity
  8
CURB
 62
18
420
0
100
AcDbLine
 10
747.9721772209845
 20
14767.69070232246
 30
0.0
 11
746.4023027624049
 21
14799.66249960785
 31
0.0
  0
LINE
  5
39C
330
17
100
AcDbEntity
  8
CURB
 62
18
420
0
100
AcDbLine
 10
746.4023027624049
 20
14799.66249960785
 30
0.0
 11
745.9313348667985
 21
14810.83761454983
 31
0.0
  0
LINE
  5
39D
330
17
100
AcDbEntity
  8
CURB
 62
18
420
0
100
AcDbLine
 10
751.6101410695103
 20
14810.68999210131
 30
0.0
 11
751.3494967851974
 21
14812.16717338912
 31
0.0
  0
LINE
  5
39E
330
17
100
AcDbEntity
  8
CURB
 62
18
420
0
100
AcDbLine
 10
751.7550091196963
 20
14812.74644857983
 30
0.0
 11
752.3768410631542
 21
14812.85616899344
 31
0.0
  0
LINE
  5
39F
330
17
100
AcDbEntity
  8
CURB
 62
18
420
0
100
AcDbLine
 10
751.6101410695103
 20
14810.68999210131
 30
0.0
 11
747.966427226246
 21
14810.04706953334
 31
0.0
  0
LINE
  5
3A0
330
17
100
AcDbEntity
  8
CURB
 62
18
420
0
100
AcDbLine
 10
722.9210864284189
 20
14840.39743583484
 30
0.0
 11
726.5847715981392
 21
14840.11845412319
 31
0.0
  0
LINE
  5
3A1
330
17
100
AcDbEntity
  8
CURB
 62
18
420
0
100
AcDbLine
 10
726.5847715981392
 20
14840.11845412319
 30
0.0
 11
740.6299338555364
 21
14818.12128235099
 31
0.0
  0
LINE
  5
3A2
330
17
100
AcDbEntity
  8
CURB
 62
18
420
0
100
AcDbLine
 10
741.6549804047271
 20
14817.13969105052
 30
0.0
 11
742.8323058195647
 21
14816.45785081958
 31
0.0
  0
LINE
  5
3A3
330
17
100
AcDbEntity
  8
CURB
 62
18
420
0
100
AcDbLine
 10
743.5824427918436
 20
14816.91160998834
 30
0.0
 11
741.7020115820209
 21
14861.4682681465
 31
0.0
  0
LINE
  5
3A4
330
17
100
AcDbEntity
  8
CURB
 62
18
420
0
100
AcDbLine
 10
740.8738580071569
 20
14862.41138101336
 30
0.0
 11
738.2826697378132
 21
14862.86098174836
 31
0.0
  0
LINE
  5
3A5
330
17
100
AcDbEntity
  8
CURB
 62
18
420
0
100
AcDbLine
 10
736.4645383948797
 20
14862.60631196506
 30
0.0
 11
727.329474594989
 21
14858.1920566503
 31
0.0
  0
LINE
  5
3A6
330
17
100
AcDbEntity
  8
CURB
 62
18
420
0
100
AcDbLine
 10
727.329474594989
 20
14858.1920566503
 30
0.0
 11
725.3825823545027
 21
14858.43776744831
 31
0.0
  0
LINE
  5
3A7
330
17
100
AcDbEntity
  8
CURB
 62
18
420
0
100
AcDbLine
 10
745.1186663589838
 20
14755.49400614489
 30
0.0
 11
739.1465929569472
 21
14755.70169976053
 31
0.0
  0
LINE
  5
3A8
330
17
100
AcDbEntity
  8
CURB
 62
18
420
0
100
AcDbLine
 10
738.4278808358207
 20
14756.04361165805
 30
0.0
 11
718.4716042745514
 21
14778.91326224254
 31
0.0
  0
LINE
  5
3A9
330
17
100
AcDbEntity
  8
CURB
 62
18
420
0
100
AcDbLine
 10
718.2283317688639
 20
14779.65141341217
 30
0.0
 11
719.6279999999999
 21
14796.946
 31
0.0
  0
LINE
  5
3AA
330
17
100
AcDbEntity
  8
CURB
 62
18
420
0
100
AcDbLine
 10
719.6279999999999
 20
14796.946
 30
0.0
 11
722.566665212811
 21
14796.62860413204
 31
0.0
  0
LINE
  5
3AB
330
17
100
AcDbEntity
  8
CURB
 62
18
420
0
100
AcDbLine
 10
722.566665212811
 20
14796.62860413204
 30
0.0
 11
741.3522274568843
 21
14811.46704419218
 31
0.0
  0
LINE
  5
3AC
330
17
100
AcDbEntity
  8
CURB
 62
18
420
0
100
AcDbLine
 10
742.1499723434694
 20
14811.66636683541
 30
0.0
 11
742.8683699081503
 21
14811.53649100309
 31
0.0
  0
LINE
  5
3AD
330
17
100
AcDbEntity
  8
CURB
 62
18
420
0
100
AcDbLine
 10
743.6895813984075
 20
14810.59454969185
 30
0.0
 11
744.1546271634747
 21
14799.55995492139
 31
0.0
  0
LINE
  5
3AE
330
17
100
AcDbEntity
  8
CURB
 62
18
420
0
100
AcDbLine
 10
744.1546271634747
 20
14799.55995492139
 30
0.0
 11
745.724313599735
 21
14767.5919868667
 31
0.0
  0
LINE
  5
3AF
330
17
100
AcDbEntity
  8
CURB
 62
18
420
0
100
AcDbLine
 10
745.724313599735
 20
14767.5919868667
 30
0.0
 11
746.1526736175604
 21
14756.53210391139
 31
0.0
  0
LINE
  5
3B0
330
17
100
AcDbEntity
  8
CURB
 62
18
420
0
100
AcDbLine
 10
733.9396514835412
 20
14754.38187719162
 30
0.0
 11
740.3535272064139
 21
14754.15881880813
 31
0.0
  0
LINE
  5
3B1
330
17
100
AcDbEntity
  8
CURB
 62
18
420
0
100
AcDbLine
 10
741.9892587133929
 20
14754.10193220142
 30
0.0
 11
746.2525390208087
 21
14753.95366608981
 31
0.0
  0
LINE
  5
3B2
330
17
100
AcDbEntity
  8
CURB
 62
18
420
0
100
AcDbLine
 10
707.9745104753667
 20
14756.00226490302
 30
0.0
 11
687.280448000919
 21
14756.16550667742
 31
0.0
  0
LINE
  5
3B3
330
17
100
AcDbEntity
  8
CURB
 62
18
420
0
100
AcDbLine
 10
710.439
 20
14763.278
 30
0.0
 11
709.5254264701892
 21
14757.18795529656
 31
0.0
  0
LINE
  5
3B4
330
17
100
AcDbEntity
  8
CURB
 62
18
420
0
100
AcDbLine
 10
709.3387886462385
 20
14755.98940754881
 30
0.0
 11
716.4639953192725
 21
14755.93250451186
 31
0.0
  0
LINE
  5
3B5
330
17
100
AcDbEntity
  8
CURB
 62
18
420
0
100
AcDbLine
 10
716.4639953192725
 20
14755.93250451186
 30
0.0
 11
731.5174847265084
 21
14755.8231200465
 31
0.0
  0
LINE
  5
3B6
330
17
100
AcDbEntity
  8
CURB
 62
18
420
0
100
AcDbLine
 10
731.5174847265084
 20
14755.8231200465
 30
0.0
 11
735.457890677745
 21
14755.91943563918
 31
0.0
  0
LINE
  5
3B7
330
17
100
AcDbEntity
  8
CURB
 62
18
420
0
100
AcDbLine
 10
735.8224070858479
 20
14756.74802829734
 30
0.0
 11
718.6723603050303
 21
14776.4017736331
 31
0.0
  0
LINE
  5
3B8
330
17
100
AcDbEntity
  8
CURB
 62
18
420
0
100
AcDbLine
 10
717.7974131389583
 20
14776.11526827881
 30
0.0
 11
716.8050000000002
 21
14764.409
 31
0.0
  0
LINE
  5
3B9
330
17
100
AcDbEntity
  8
CURB
 62
18
420
0
100
AcDbLine
 10
716.8050000000002
 20
14764.409
 30
0.0
 11
710.5935121486367
 21
14764.97468295703
 31
0.0
  0
LINE
  5
3BA
330
17
100
AcDbEntity
  8
CURB
 62
18
420
0
100
AcDbLine
 10
716.4520164620176
 20
14754.43255234363
 30
0.0
 11
731.530365121579
 21
14754.32298685221
 31
0.0
  0
LINE
  5
3BB
330
17
100
AcDbEntity
  8
CURB
 62
18
420
0
100
AcDbLine
 10
731.530365121579
 20
14754.32298685221
 30
0.0
 11
733.9396514835412
 21
14754.38187719162
 31
0.0
  0
LINE
  5
3BC
330
17
100
AcDbEntity
  8
CURB
 62
18
420
0
100
AcDbLine
 10
730.0877719181204
 20
14719.49781663875
 30
0.0
 11
737.5066308331568
 21
14718.09028523921
 31
0.0
  0
LINE
  5
3BD
330
17
100
AcDbEntity
  8
CURB
 62
18
420
0
100
AcDbLine
 10
737.9046685319718
 20
14717.50584771593
 30
0.0
 11
737.7182711136317
 21
14716.52339176551
 31
0.0
  0
LINE
  5
3BE
330
17
100
AcDbEntity
  8
CURB
 62
18
420
0
100
AcDbLine
 10
737.7182711136317
 20
14716.52339176551
 30
0.0
 11
741.156419289269
 21
14715.86830618151
 31
0.0
  0
LINE
  5
3BF
330
17
100
AcDbEntity
  8
CURB
 62
18
420
0
100
AcDbLine
 10
741.156419289269
 20
14715.86830618151
 30
0.0
 11
741.3433277981931
 21
14716.85345596745
 31
0.0
  0
LINE
  5
3C0
330
17
100
AcDbEntity
  8
CURB
 62
18
420
0
100
AcDbLine
 10
741.9277638857499
 20
14717.25149268845
 30
0.0
 11
744.8916988917056
 21
14716.68916475704
 31
0.0
  0
LINE
  5
3C1
330
17
100
AcDbEntity
  8
CURB
 62
18
420
0
100
AcDbLine
 10
744.8916988917056
 20
14716.68916475704
 30
0.0
 11
747.2443764784717
 21
14715.9930983996
 31
0.0
  0
LINE
  5
3C2
330
17
100
AcDbEntity
  8
CURB
 62
18
420
0
100
AcDbLine
 10
748.84325584094
 20
14696.10241359004
 30
0.0
 11
749.5225590925546
 21
14681.51318730176
 31
0.0
  0
LINE
  5
3C3
330
17
100
AcDbEntity
  8
CURB
 62
18
420
0
100
AcDbLine
 10
747.9595893400656
 20
14715.08069834576
 30
0.0
 11
748.6959346073471
 21
14699.26639493246
 31
0.0
  0
LINE
  5
3C4
330
17
100
AcDbEntity
  8
CURB
 62
18
420
0
100
AcDbLine
 10
748.2316259725532
 20
14698.37478388718
 30
0.0
 11
725.959104490772
 21
14684.28520791507
 31
0.0
  0
LINE
  5
3C5
330
17
100
AcDbEntity
  8
CURB
 62
18
420
0
100
AcDbLine
 10
724.6174543567923
 20
14684.53981199194
 30
0.0
 11
708.2524743825068
 21
14706.90613445855
 31
0.0
  0
LINE
  5
3C6
330
17
100
AcDbEntity
  8
CURB
 62
18
420
0
100
AcDbLine
 10
709.2777129167631
 20
14708.47253446794
 30
0.0
 11
725.605000000001
 21
14704.822
 31
0.0
  0
LINE
  5
3C7
330
17
100
AcDbEntity
  8
CURB
 62
18
420
0
100
AcDbLine
 10
725.605000000001
 20
14704.822
 30
0.0
 11
727.181
 21
14711.426
 31
0.0
  0
LINE
  5
3C8
330
17
100
AcDbEntity
  8
CURB
 62
18
420
0
100
AcDbLine
 10
719.6852581865902
 20
14661.1056192816
 30
0.0
 11
718.7244297114278
 21
14661.52958662725
 31
0.0
  0
LINE
  5
3C9
330
17
100
AcDbEntity
  8
CURB
 62
18
420
0
100
AcDbLine
 10
718.7244297114278
 20
14661.52958662725
 30
0.0
 11
711.1773602303276
 21
14663.99781056599
 31
0.0
  0
LINE
  5
3CA
330
17
100
AcDbEntity
  8
CURB
 62
18
420
0
100
AcDbLine
 10
710.9253761909239
 20
14664.76290474572
 30
0.0
 11
720.6814244646155
 21
14678.47510629761
 31
0.0
  0
LINE
  5
3CB
330
17
100
AcDbEntity
  8
CURB
 62
18
420
0
100
AcDbLine
 10
718.8644161198766
 20
14660.2212601703
 30
0.0
 11
710.5377273789322
 21
14662.94445392548
 31
0.0
  0
LINE
  5
3CC
330
17
100
AcDbEntity
  8
CURB
 62
18
420
0
100
AcDbLine
 10
717.0324197633962
 20
14675.41634172206
 30
0.0
 11
709.9684512087215
 21
14665.48787910476
 31
0.0
  0
LINE
  5
3CD
330
17
100
AcDbEntity
  8
CURB
 62
18
420
0
100
AcDbLine
 10
709.9684512087215
 20
14665.48787910476
 30
0.0
 11
708.4101684870095
 21
14663.27098545206
 31
0.0
  0
LINE
  5
3CE
330
17
100
AcDbEntity
  8
CURB
 62
18
420
0
100
AcDbLine
 10
706.4477295938833
 20
14706.52106118207
 30
0.0
 11
709.8500807716653
 21
14702.18241607283
 31
0.0
  0
LINE
  5
3CF
330
17
100
AcDbEntity
  8
CURB
 62
18
420
0
100
AcDbLine
 10
709.8500807716653
 20
14702.18241607283
 30
0.0
 11
723.5128554013721
 21
14683.50924790294
 31
0.0
  0
LINE
  5
3D0
330
17
100
AcDbEntity
  8
CURB
 62
18
420
0
100
AcDbLine
 10
723.225690091557
 20
14682.06451060805
 30
0.0
 11
705.7457673408843
 21
14670.98433379053
 31
0.0
  0
LINE
  5
3D1
330
17
100
AcDbEntity
  8
CURB
 62
18
420
0
100
AcDbLine
 10
739.6313011719112
 20
14637.01959165542
 30
0.0
 11
739.4245588458896
 21
14636.04119622891
 31
0.0
  0
LINE
  5
3D2
330
17
100
AcDbEntity
  8
CURB
 62
18
420
0
100
AcDbLine
 10
739.4245588458896
 20
14636.04119622891
 30
0.0
 11
736.0001748530791
 21
14636.76479437
 31
0.0
  0
LINE
  5
3D3
330
17
100
AcDbEntity
  8
CURB
 62
18
420
0
100
AcDbLine
 10
736.0001748530791
 20
14636.76479437
 30
0.0
 11
736.2069171791043
 21
14637.74318979651
 31
0.0
  0
LINE
  5
3D4
330
17
100
AcDbEntity
  8
CURB
 62
18
420
0
100
AcDbLine
 10
735.821090628858
 20
14638.33575867278
 30
0.0
 11
734.0485267493198
 21
14638.71031477715
 31
0.0
  0
LINE
  5
3D5
330
17
100
AcDbEntity
  8
CURB
 62
18
420
0
100
AcDbLine
 10
702.7081799981688
 20
14739.99991000092
 30
0.0
 11
705.0127521811127
 21
14740.91972982163
 31
0.0
  0
LINE
  5
3D6
330
17
100
AcDbEntity
  8
CURB
 62
18
420
0
100
AcDbLine
 10
706.899651981395
 20
14743.78431366678
 30
0.0
 11
706.8981604259737
 21
14743.84142952091
 31
0.0
  0
LINE
  5
3D7
330
17
100
AcDbEntity
  8
CURB
 62
18
420
0
100
AcDbLine
 10
751.9906748940967
 20
14748.76006608163
 30
0.0
 11
732.6727560055862
 21
14749.34761185474
 31
0.0
  0
LINE
  5
3D8
330
17
100
AcDbEntity
  8
CURB
 62
18
420
0
100
AcDbLine
 10
732.6727560055862
 20
14749.34761185474
 30
0.0
 11
723.8477318589323
 21
14748.88338918867
 31
0.0
  0
LINE
  5
3D9
330
17
100
AcDbEntity
  8
CURB
 62
18
420
0
100
AcDbLine
 10
723.8477318589323
 20
14748.88338918867
 30
0.0
 11
716.9741268537794
 21
14748.27735603979
 31
0.0
  0
LINE
  5
3DA
330
17
100
AcDbEntity
  8
CURB
 62
18
420
0
100
AcDbLine
 10
711.7131967983206
 20
14743.88176721371
 30
0.0
 11
710.1271022732532
 21
14738.07604949024
 31
0.0
  0
LINE
  5
3DB
330
17
100
AcDbEntity
  8
CURB
 62
18
420
0
100
AcDbLine
 10
755.5270765285411
 20
14623.45803089111
 30
0.0
 11
758.2574780821774
 21
14623.52564696732
 31
0.0
  0
LINE
  5
3DC
330
17
100
AcDbEntity
  8
CURB
 62
18
420
0
100
AcDbLine
 10
755.4047416829583
 20
14605.91753096219
 30
0.0
 11
754.7104550256151
 21
14620.16286630184
 31
0.0
  0
LINE
  5
3DD
330
17
100
AcDbEntity
  8
CURB
 62
18
420
0
100
AcDbLine
 10
755.6845128885943
 20
14621.21123985357
 30
0.0
 11
758.3131803443464
 21
14621.27633657122
 31
0.0
  0
LINE
  5
3DE
330
17
100
AcDbEntity
  8
CURB
 62
18
420
0
100
AcDbLine
 10
724.2297433809679
 20
14607.288499451
 30
0.0
 11
726.8668399252482
 21
14606.65361563131
 31
0.0
  0
LINE
  5
3DF
330
17
100
AcDbEntity
  8
CURB
 62
18
420
0
100
AcDbLine
 10
729.0175953879361
 20
14602.80921120277
 30
0.0
 11
725.9369510721233
 21
14593.33575239675
 31
0.0
  0
LINE
  5
3E0
330
17
100
AcDbEntity
  8
CURB
 62
18
420
0
100
AcDbLine
 10
726.0795983451309
 20
14593.28936537805
 30
0.0
 11
743.1490308733462
 21
14589.22180641983
 31
0.0
  0
LINE
  5
3E1
330
17
100
AcDbEntity
  8
CURB
 62
18
420
0
100
AcDbLine
 10
743.2935176098799
 20
14589.18151271106
 30
0.0
 11
746.0157298705928
 21
14598.94292653297
 31
0.0
  0
LINE
  5
3E2
330
17
100
AcDbEntity
  8
CURB
 62
18
420
0
100
AcDbLine
 10
749.2325471609457
 20
14601.11916855239
 30
0.0
 11
755.6730318833285
 21
14600.41276742944
 31
0.0
  0
LINE
  5
3E3
330
17
100
AcDbEntity
  8
CURB
 62
18
420
0
100
AcDbLine
 10
736.9299985791445
 20
14552.36999395343
 30
0.0
 11
740.3283613090631
 21
14551.67193748541
 31
0.0
  0
LINE
  5
3E4
330
17
100
AcDbEntity
  8
CURB
 62
18
420
0
100
AcDbLine
 10
740.7175311232144
 20
14551.08155873566
 30
0.0
 11
740.5163220650217
 21
14550.10201063062
 31
0.0
  0
LINE
  5
3E5
330
17
100
AcDbEntity
  8
CURB
 62
18
420
0
100
AcDbLine
 10
737.6701918430687
 20
14555.51995028011
 30
0.0
 11
754.2052759677401
 21
14552.14803793174
 31
0.0
  0
LINE
  5
3E6
330
17
100
AcDbEntity
  8
CURB
 62
18
420
0
100
AcDbLine
 10
755.4046035545804
 20
14553.15900734007
 30
0.0
 11
755.3299650580963
 21
14555.55508061513
 31
0.0
  0
LINE
  5
3E7
330
17
100
AcDbEntity
  8
CURB
 62
18
420
0
100
AcDbLine
 10
755.3299650580963
 20
14555.55508061513
 30
0.0
 11
755.1351710381269
 21
14563.84186841878
 31
0.0
  0
LINE
  5
3E8
330
17
100
AcDbEntity
  8
CURB
 62
18
420
0
100
AcDbLine
 10
755.1351710381269
 20
14563.84186841878
 30
0.0
 11
753.3999211704117
 21
14600.6620853037
 31
0.0
  0
LINE
  5
3E9
330
17
100
AcDbEntity
  8
CURB
 62
18
420
0
100
AcDbLine
 10
759.0160884825693
 20
14506.06710566492
 30
0.0
 11
758.1725787293158
 21
14535.78015020844
 31
0.0
  0
LINE
  5
3EA
330
17
100
AcDbEntity
  8
CURB
 62
18
420
0
100
AcDbLine
 10
758.1251454004456
 20
14537.45101246953
 30
0.0
 11
757.9210162834024
 21
14544.64156068067
 31
0.0
  0
LINE
  5
3EB
330
17
100
AcDbEntity
  8
CURB
 62
18
420
0
100
AcDbLine
 10
757.9210162834024
 20
14544.64156068067
 30
0.0
 11
757.8226608453491
 21
14547.7990041941
 31
0.0
  0
LINE
  5
3EC
330
17
100
AcDbEntity
  8
CURB
 62
18
420
0
100
AcDbLine
 10
758.7910407888886
 20
14548.82965461251
 30
0.0
 11
760.09041052415
 21
14548.87013042117
 31
0.0
  0
LINE
  5
3ED
330
17
100
AcDbEntity
  8
CURB
 62
18
420
0
100
AcDbLine
 10
740.5163220650217
 20
14550.10201063062
 30
0.0
 11
743.9447414600518
 21
14549.39778023382
 31
0.0
  0
LINE
  5
3EE
330
17
100
AcDbEntity
  8
CURB
 62
18
420
0
100
AcDbLine
 10
743.9447414600518
 20
14549.39778023382
 30
0.0
 11
744.1459506037218
 21
14550.37732875499
 31
0.0
  0
LINE
  5
3EF
330
17
100
AcDbEntity
  8
CURB
 62
18
420
0
100
AcDbLine
 10
758.918942364025
 20
14596.49169044053
 30
0.0
 11
756.8763444137522
 21
14596.44457496672
 31
0.0
  0
LINE
  5
3F0
330
17
100
AcDbEntity
  8
CURB
 62
18
420
0
100
AcDbLine
 10
755.9005133858149
 20
14595.3977655012
 30
0.0
 11
756.4632590956908
 21
14583.45688051732
 31
0.0
  0
LINE
  5
3F1
330
17
100
AcDbEntity
  8
CURB
 62
18
420
0
100
AcDbLine
 10
757.5202403175535
 20
14582.50564455016
 30
0.0
 11
759.2453468283733
 21
14582.60602529207
 31
0.0
  0
LINE
  5
3F2
330
17
100
AcDbEntity
  8
CURB
 62
18
420
0
100
AcDbLine
 10
732.131861097269
 20
14512.02689777381
 30
0.0
 11
755.2170824597389
 21
14531.87611088204
 31
0.0
  0
LINE
  5
3F3
330
17
100
AcDbEntity
  8
CURB
 62
18
420
0
100
AcDbLine
 10
756.0428622451346
 20
14531.51117373331
 30
0.0
 11
756.7607103785834
 21
14506.22462134623
 31
0.0
  0
LINE
  5
3F4
330
17
100
AcDbEntity
  8
CURB
 62
18
420
0
100
AcDbLine
 10
755.9447358586378
 20
14534.96772379884
 30
0.0
 11
755.6720104736875
 21
14544.57460917262
 31
0.0
  0
LINE
  5
3F5
330
17
100
AcDbEntity
  8
CURB
 62
18
420
0
100
AcDbLine
 10
755.6720104736875
 20
14544.57460917262
 30
0.0
 11
755.5729050841557
 21
14547.75612791238
 31
0.0
  0
LINE
  5
3F6
330
17
100
AcDbEntity
  8
CURB
 62
18
420
0
100
AcDbLine
 10
754.7745985879861
 20
14548.70454107353
 30
0.0
 11
750.7132160237763
 21
14549.53878820762
 31
0.0
  0
LINE
  5
3F7
330
17
100
AcDbEntity
  8
CURB
 62
18
420
0
100
AcDbLine
 10
759.9300000000001
 20
14553.48
 30
0.0
 11
758.6611333204338
 21
14553.42371022469
 31
0.0
  0
LINE
  5
3F8
330
17
100
AcDbEntity
  8
CURB
 62
18
420
0
100
AcDbLine
 10
757.6172994821551
 20
14554.39159243286
 30
0.0
 11
757.5791417546162
 21
14555.61654625026
 31
0.0
  0
LINE
  5
3F9
330
17
100
AcDbEntity
  8
CURB
 62
18
420
0
100
AcDbLine
 10
757.5791417546162
 20
14555.61654625026
 30
0.0
 11
757.3839259602992
 21
14563.92127687639
 31
0.0
  0
LINE
  5
3FA
330
17
100
AcDbEntity
  8
CURB
 62
18
420
0
100
AcDbLine
 10
757.3839259602992
 20
14563.92127687639
 30
0.0
 11
756.6633416731318
 21
14579.21133407853
 31
0.0
  0
LINE
  5
3FB
330
17
100
AcDbEntity
  8
CURB
 62
18
420
0
100
AcDbLine
 10
757.6041431298104
 20
14580.2567208254
 30
0.0
 11
759.2982537246052
 21
14580.35529797255
 31
0.0
  0
LINE
  5
3FC
330
17
100
AcDbEntity
  8
CURB
 62
18
420
0
100
AcDbLine
 10
714.6484000061046
 20
14515.97382000183
 30
0.0
 11
724.9750347172508
 21
14513.42334963742
 31
0.0
  0
LINE
  5
3FD
330
17
100
AcDbEntity
  8
CURB
 62
18
420
0
100
AcDbLine
 10
725.5742156388222
 20
14513.76636361037
 30
0.0
 11
726.2128740768601
 21
14515.9159717929
 31
0.0
  0
LINE
  5
3FE
330
17
100
AcDbEntity
  8
CURB
 62
18
420
0
100
AcDbLine
 10
726.2128740768601
 20
14515.9159717929
 30
0.0
 11
730.011289160777
 21
14514.78744527154
 31
0.0
  0
LINE
  5
3FF
330
17
100
AcDbEntity
  8
CURB
 62
18
420
0
100
AcDbLine
 10
730.011289160777
 20
14514.78744527154
 30
0.0
 11
729.5353190654486
 21
14513.1854164872
 31
0.0
  0
LINE
  5
400
330
17
100
AcDbEntity
  8
CURB
 62
18
420
0
100
AcDbLine
 10
729.8992074844839
 20
14512.55651679614
 30
0.0
 11
750.1414284026307
 21
14507.75475749449
 31
0.0
  0
LINE
  5
401
330
17
100
AcDbEntity
  8
CURB
 62
18
420
0
100
AcDbLine
 10
714.1977939234057
 20
14489.9040052039
 30
0.0
 11
717.3637731665236
 21
14492.47966633227
 31
0.0
  0
LINE
  5
402
330
17
100
AcDbEntity
  8
CURB
 62
18
420
0
100
AcDbLine
 10
718.6447139677449
 20
14493.94067586069
 30
0.0
 11
725.3419506431035
 21
14504.69003827829
 31
0.0
  0
LINE
  5
403
330
17
100
AcDbEntity
  8
CURB
 62
18
420
0
100
AcDbLine
 10
723.495367206305
 20
14509.19370964743
 30
0.0
 11
713.6121629047027
 21
14511.56402324613
 31
0.0
  0
LINE
  5
404
330
17
100
AcDbEntity
  8
CURB
 62
18
420
0
100
AcDbLine
 10
723.2725404861549
 20
14491.02951868989
 30
0.0
 11
723.7924568110169
 21
14493.80799934594
 31
0.0
  0
LINE
  5
405
330
17
100
AcDbEntity
  8
CURB
 62
18
420
0
100
AcDbLine
 10
724.5670132355635
 20
14495.82756721047
 30
0.0
 11
730.5011627908419
 21
14505.56169320063
 31
0.0
  0
LINE
  5
406
330
17
100
AcDbEntity
  8
CURB
 62
18
420
0
100
AcDbLine
 10
733.7518248339945
 20
14506.91989817796
 30
0.0
 11
753.4237224085356
 21
14502.27696392974
 31
0.0
  0
LINE
  5
407
330
17
100
AcDbEntity
  8
CURB
 62
18
420
0
100
AcDbLine
 10
730.8786607491892
 20
14506.05680598023
 30
0.0
 11
752.531544040433
 21
14500.94632220383
 31
0.0
  0
LINE
  5
408
330
17
100
AcDbEntity
  8
CURB
 62
18
420
0
100
AcDbLine
 10
756.9295389659468
 20
14496.73004987021
 30
0.0
 11
761.1429671078973
 21
14481.73714696521
 31
0.0
  0
LINE
  5
409
330
17
100
AcDbEntity
  8
CURB
 62
18
420
0
100
AcDbLine
 10
763.4352716298447
 20
14475.9858887512
 30
0.0
 11
759.5718822840538
 21
14473.29471523093
 31
0.0
  0
LINE
  5
40A
330
17
100
AcDbEntity
  8
CURB
 62
18
420
0
100
AcDbLine
 10
758.3435235944155
 20
14471.41460810406
 30
0.0
 11
756.491502273629
 21
14462.04166368603
 31
0.0
  0
LINE
  5
40B
330
17
100
AcDbEntity
  8
CURB
 62
18
420
0
100
AcDbLine
 10
756.491502273629
 20
14462.04166368603
 30
0.0
 11
738.5421469466231
 21
14466.85277242347
 31
0.0
  0
LINE
  5
40C
330
17
100
AcDbEntity
  8
CURB
 62
18
420
0
100
AcDbLine
 10
739.7259095943735
 20
14471.85296716275
 30
0.0
 11
743.3860025262499
 21
14471.1817694736
 31
0.0
  0
LINE
  5
40D
330
17
100
AcDbEntity
  8
CURB
 62
18
420
0
100
AcDbLine
 10
744.063060114319
 20
14471.29743525258
 30
0.0
 11
749.8457852036634
 21
14474.60665677297
 31
0.0
  0
LINE
  5
40E
330
17
100
AcDbEntity
  8
CURB
 62
18
420
0
100
AcDbLine
 10
749.8457852036634
 20
14474.60665677297
 30
0.0
 11
755.7174611279263
 21
14478.3082836452
 31
0.0
  0
LINE
  5
40F
330
17
100
AcDbEntity
  8
CURB
 62
18
420
0
100
AcDbLine
 10
755.7174611279263
 20
14478.3082836452
 30
0.0
 11
760.1799118138337
 21
14481.12850604118
 31
0.0
  0
LINE
  5
410
330
17
100
AcDbEntity
  8
CURB
 62
18
420
0
100
AcDbLine
 10
785.9288225094745
 20
14409.0073357876
 30
0.0
 11
785.8484743635931
 21
14409.73462930561
 31
0.0
  0
LINE
  5
411
330
17
100
AcDbEntity
  8
CURB
 62
18
420
0
100
AcDbLine
 10
771.6640000000017
 20
14428.633
 30
0.0
 11
760.6076483167157
 21
14443.15546193421
 31
0.0
  0
LINE
  5
412
330
17
100
AcDbEntity
  8
CURB
 62
18
420
0
100
AcDbLine
 10
760.6076483167149
 20
14443.15546193421
 30
0.0
 11
772.5059416336098
 21
14460.19963944445
 31
0.0
  0
LINE
  5
413
330
17
100
AcDbEntity
  8
CURB
 62
18
420
0
100
AcDbLine
 10
788.052321355207
 20
14469.79253520211
 30
0.0
 11
794.5238769772621
 21
14460.54286751078
 31
0.0
  0
LINE
  5
414
330
17
100
AcDbEntity
  8
CURB
 62
18
420
0
100
AcDbLine
 10
794.5238769772621
 20
14460.54286751078
 30
0.0
 11
798.4238636018098
 21
14454.9685850909
 31
0.0
  0
LINE
  5
415
330
17
100
AcDbEntity
  8
CURB
 62
18
420
0
100
AcDbLine
 10
798.4238636018098
 20
14454.9685850909
 30
0.0
 11
799.9415545705313
 21
14452.7947906462
 31
0.0
  0
LINE
  5
416
330
17
100
AcDbEntity
  8
CURB
 62
18
420
0
100
AcDbLine
 10
800.6548442509037
 20
14452.68353345052
 30
0.0
 11
801.5020000000002
 21
14453.33
 31
0.0
  0
LINE
  5
417
330
17
100
AcDbEntity
  8
CURB
 62
18
420
0
100
AcDbLine
 10
801.5020000000002
 20
14453.33
 30
0.0
 11
804.8461966378051
 21
14449.04898932791
 31
0.0
  0
LINE
  5
418
330
17
100
AcDbEntity
  8
CURB
 62
18
420
0
100
AcDbLine
 10
804.8461966378051
 20
14449.04898932791
 30
0.0
 11
803.7335671666314
 21
14448.1999391552
 31
0.0
  0
LINE
  5
419
330
17
100
AcDbEntity
  8
CURB
 62
18
420
0
100
AcDbLine
 10
803.6269229044935
 20
14447.51622381266
 30
0.0
 11
806.812777822023
 21
14442.95311191169
 31
0.0
  0
LINE
  5
41A
330
17
100
AcDbEntity
  8
CURB
 62
18
420
0
100
AcDbLine
 10
806.812777822023
 20
14442.95311191169
 30
0.0
 11
818.8881503206615
 21
14425.52917128013
 31
0.0
  0
LINE
  5
41B
330
17
100
AcDbEntity
  8
CURB
 62
18
420
0
100
AcDbLine
 10
850.5867964021933
 20
14392.0248481914
 30
0.0
 11
849.8236169638158
 21
14390.39528625149
 31
0.0
  0
LINE
  5
41C
330
17
100
AcDbEntity
  8
CURB
 62
18
420
0
100
AcDbLine
 10
849.1582270749383
 20
14390.15479347338
 30
0.0
 11
847.981582471929
 21
14390.70752284301
 31
0.0
  0
LINE
  5
41D
330
17
100
AcDbEntity
  8
CURB
 62
18
420
0
100
AcDbLine
 10
847.7413687346913
 20
14391.37214068801
 30
0.0
 11
848.503908062129
 21
14393.00033584526
 31
0.0
  0
LWPOLYLINE
  5
41E
330
17
100
AcDbEntity
  8
CURB
 62
18
420
0
100
AcDbPolyline
 90
2
 70
0
 10
804.8461966378051
 20
14449.04898932791
 10
805.6880350199777
 20
14449.69139818216
  0
LINE
  5
41F
330
17
100
AcDbEntity
  8
CURB
 62
18
420
0
100
AcDbLine
 10
772.6923518156276
 20
14459.92880977192
 30
0.0
 11
772.767189209512
 21
14459.82166286332
 31
0.0
  0
LINE
  5
420
330
17
100
AcDbEntity
  8
CURB
 62
18
420
0
100
AcDbLine
 10
772.5059416336102
 20
14460.19963944445
 30
0.0
 11
784.2613447899784
 21
14443.19176069366
 31
0.0
  0
LINE
  5
421
330
17
100
AcDbEntity
  8
CURB
 62
18
420
0
100
AcDbLine
 10
785.6525525646912
 20
14442.93771162836
 30
0.0
 11
786.1049981957017
 21
14443.25043027345
 31
0.0
  0
LINE
  5
422
330
17
100
AcDbEntity
  8
CURB
 62
18
420
0
100
AcDbLine
 10
814.0779525506158
 20
14400.5630729247
 30
0.0
 11
818.1361249634145
 21
14403.66579739028
 31
0.0
  0
LINE
  5
423
330
17
100
AcDbEntity
  8
CURB
 62
18
420
0
100
AcDbLine
 10
824.326825843783
 20
14404.33215295083
 30
0.0
 11
847.8000000000001
 21
14393.33
 31
0.0
  0
LINE
  5
424
330
17
100
AcDbEntity
  8
CURB
 62
18
420
0
100
AcDbLine
 10
847.8000000000001
 20
14393.33
 30
0.0
 11
861.0839994299174
 21
14387.2351394218
 31
0.0
  0
LINE
  5
425
330
17
100
AcDbEntity
  8
CURB
 62
18
420
0
100
AcDbLine
 10
748.1349830622275
 20
14969.97947352519
 30
0.0
 11
748.6719054987409
 21
14968.72190253309
 31
0.0
  0
LINE
  5
426
330
17
100
AcDbEntity
  8
CURB
 62
18
420
0
100
AcDbLine
 10
749.6106567022222
 20
14964.78490524048
 30
0.0
 11
749.9401338844726
 21
14959.69351646621
 31
0.0
  0
LINE
  5
427
330
17
100
AcDbEntity
  8
CURB
 62
18
420
0
100
AcDbLine
 10
749.9401338844726
 20
14959.69351646621
 30
0.0
 11
750.6872276371122
 21
14932.33843088983
 31
0.0
  0
LINE
  5
428
330
17
100
AcDbEntity
  8
CURB
 62
18
420
0
100
AcDbLine
 10
748.5468753964333
 20
14929.38199779183
 30
0.0
 11
747.7001542781401
 21
14929.12910952366
 31
0.0
  0
LINE
  5
429
330
17
100
AcDbEntity
  8
CURB
 62
18
420
0
100
AcDbLine
 10
747.8640355024679
 20
14922.71433017139
 30
0.0
 11
747.8640355024703
 21
14922.71433017139
 31
0.0
  0
LINE
  5
42A
330
17
100
AcDbEntity
  8
CURB
 62
18
420
0
100
AcDbLine
 10
750.9987490629859
 20
14919.77419251691
 30
0.0
 11
751.2933597700569
 21
14904.21983474202
 31
0.0
  0
LINE
  5
42B
330
17
100
AcDbEntity
  8
CURB
 62
18
420
0
100
AcDbLine
 10
751.2933597700569
 20
14904.21983474202
 30
0.0
 11
751.4509095116576
 21
14897.21188849486
 31
0.0
  0
LINE
  5
42C
330
17
100
AcDbEntity
  8
CURB
 62
18
420
0
100
AcDbLine
 10
751.4509095116576
 20
14897.21188849486
 30
0.0
 11
751.6674578484713
 21
14887.59971970736
 31
0.0
  0
LINE
  5
42D
330
17
100
AcDbEntity
  8
CURB
 62
18
420
0
100
AcDbLine
 10
751.6674578484713
 20
14887.59971970736
 30
0.0
 11
751.9072999969482
 21
14877.32756001465
 31
0.0
  0
LINE
  5
42E
330
17
100
AcDbEntity
  8
CURB
 62
18
420
0
100
AcDbLine
 10
751.9072999969482
 20
14877.32756001465
 30
0.0
 11
752.248
 21
14865.473
 31
0.0
  0
LINE
  5
42F
330
17
100
AcDbEntity
  8
CURB
 62
18
420
0
100
AcDbLine
 10
752.248
 20
14865.473
 30
0.0
 11
752.464
 21
14856.352
 31
0.0
  0
LINE
  5
430
330
17
100
AcDbEntity
  8
CURB
 62
18
420
0
100
AcDbLine
 10
752.464
 20
14856.352
 30
0.0
 11
753.2791539472283
 21
14820.67828909893
 31
0.0
  0
LINE
  5
431
330
17
100
AcDbEntity
  8
CURB
 62
18
420
0
100
AcDbLine
 10
753.5500192415584
 20
14811.90557231147
 30
0.0
 11
753.62
 21
14809.86
 31
0.0
  0
LINE
  5
432
330
17
100
AcDbEntity
  8
CURB
 62
18
420
0
100
AcDbLine
 10
753.62
 20
14809.86
 30
0.0
 11
754.2230000000002
 21
14783.366
 31
0.0
  0
LINE
  5
433
330
17
100
AcDbEntity
  8
CURB
 62
18
420
0
100
AcDbLine
 10
754.2230000000002
 20
14783.366
 30
0.0
 11
754.874748974818
 21
14756.88420558949
 31
0.0
  0
LINE
  5
434
330
17
100
AcDbEntity
  8
CURB
 62
18
420
0
100
AcDbLine
 10
751.9906748940967
 20
14748.76006608163
 30
0.0
 11
752.2973172876231
 21
14748.7507396918
 31
0.0
  0
LINE
  5
435
330
17
100
AcDbEntity
  8
CURB
 62
18
420
0
100
AcDbLine
 10
755.2053653277683
 20
14745.8192259842
 30
0.0
 11
755.7268338789886
 21
14722.51040947254
 31
0.0
  0
LINE
  5
436
330
17
100
AcDbEntity
  8
CURB
 62
18
420
0
100
AcDbLine
 10
756.0256693184773
 20
14711.2314544487
 30
0.0
 11
756.5215347148045
 21
14692.08298568682
 31
0.0
  0
LINE
  5
437
330
17
100
AcDbEntity
  8
CURB
 62
18
420
0
100
AcDbLine
 10
756.5215347148045
 20
14692.08298568682
 30
0.0
 11
757.8255787666811
 21
14641.68384026951
 31
0.0
  0
LINE
  5
438
330
17
100
AcDbEntity
  8
CURB
 62
18
420
0
100
AcDbLine
 10
755.6730318833286
 20
14600.41276742944
 30
0.0
 11
756.2245463777945
 21
14600.35227656967
 31
0.0
  0
LINE
  5
439
330
17
100
AcDbEntity
  8
CURB
 62
18
420
0
100
AcDbLine
 10
758.8966353226377
 20
14597.44066063239
 30
0.0
 11
759.8783001555032
 21
14555.6793777884
 31
0.0
  0
LINE
  5
43A
330
17
100
AcDbEntity
  8
CURB
 62
18
420
0
100
AcDbLine
 10
759.8783001555032
 20
14555.6793777884
 30
0.0
 11
760.22
 21
14544.71
 31
0.0
  0
LINE
  5
43B
330
17
100
AcDbEntity
  8
CURB
 62
18
420
0
100
AcDbLine
 10
760.22
 20
14544.71
 30
0.0
 11
761.2323808401284
 21
14509.04838864139
 31
0.0
  0
LINE
  5
43C
330
17
100
AcDbEntity
  8
CURB
 62
18
420
0
100
AcDbLine
 10
757.5579164518122
 20
14506.04033642912
 30
0.0
 11
754.4855702328819
 21
14506.75055062254
 31
0.0
  0
LINE
  5
43D
330
17
100
AcDbEntity
  8
CURB
 62
18
420
0
100
AcDbLine
 10
774.39
 20
14529.48
 30
0.0
 11
772.7023160016557
 21
14529.04053241646
 31
0.0
  0
LINE
  5
43E
330
17
100
AcDbEntity
  8
CURB
 62
18
420
0
100
AcDbLine
 10
770.459055089231
 20
14526.2047993457
 30
0.0
 11
770.2391620178296
 21
14516.42753363462
 31
0.0
  0
LINE
  5
43F
330
17
100
AcDbEntity
  8
CURB
 62
18
420
0
100
AcDbLine
 10
770.2391620178296
 20
14516.42753363462
 30
0.0
 11
769.7720328460433
 21
14499.60580276931
 31
0.0
  0
LINE
  5
440
330
17
100
AcDbEntity
  8
CURB
 62
18
420
0
100
AcDbLine
 10
773.9312169199512
 20
14485.08932331389
 30
0.0
 11
779.77
 21
14476.29
 31
0.0
  0
LINE
  5
441
330
17
100
AcDbEntity
  8
CURB
 62
18
420
0
100
AcDbLine
 10
779.77
 20
14476.29
 30
0.0
 11
785.6197520981475
 21
14468.03623520615
 31
0.0
  0
LINE
  5
442
330
17
100
AcDbEntity
  8
CURB
 62
18
370
90
420
0
100
AcDbLine
 10
785.6197520981475
 20
14468.03623520615
 30
0.0
 11
792.0657802976353
 21
14458.82305335989
 31
0.0
  0
LINE
  5
443
330
17
100
AcDbEntity
  8
CURB
 62
18
370
90
420
0
100
AcDbLine
 10
792.0657802976353
 20
14458.82305335989
 30
0.0
 11
795.9657512812935
 21
14453.24879329545
 31
0.0
  0
LINE
  5
444
330
17
100
AcDbEntity
  8
CURB
 62
18
370
90
420
0
100
AcDbLine
 10
795.9657512812935
 20
14453.24879329545
 30
0.0
 11
803.9532818585222
 21
14441.80822099599
 31
0.0
  0
LINE
  5
445
330
17
100
AcDbEntity
  8
CURB
 62
18
420
0
100
AcDbLine
 10
804.35
 20
14441.24
 30
0.0
 11
812.8651787127452
 21
14428.95317668464
 31
0.0
  0
LINE
  5
446
330
17
100
AcDbEntity
  8
CURB
 62
18
420
0
100
AcDbLine
 10
824.4651670238861
 20
14427.28492747324
 30
0.0
 11
824.5798905777006
 21
14427.37752753966
 31
0.0
  0
LINE
  5
447
330
17
100
AcDbEntity
  8
CURB
 62
18
420
0
100
AcDbLine
 10
765.6024793831257
 20
14749.68352091672
 30
0.0
 11
765.6681116529796
 21
14747.95622495194
 31
0.0
  0
LINE
  5
448
330
17
100
AcDbEntity
  8
CURB
 62
18
420
0
100
AcDbLine
 10
765.6681116529796
 20
14747.95622495194
 30
0.0
 11
765.893
 21
14736.76
 31
0.0
  0
LINE
  5
449
330
17
100
AcDbEntity
  8
CURB
 62
18
420
0
100
AcDbLine
 10
765.893
 20
14736.76
 30
0.0
 11
766.3999667958617
 21
14719.41128818629
 31
0.0
  0
LINE
  5
44A
330
17
100
AcDbEntity
  8
CURB
 62
18
420
0
100
AcDbLine
 10
766.3999667958617
 20
14719.41128818629
 30
0.0
 11
767.300605660668
 21
14684.22001468882
 31
0.0
  0
LINE
  5
44B
330
17
100
AcDbEntity
  8
CURB
 62
18
420
0
100
AcDbLine
 10
767.300605660668
 20
14684.22001468882
 30
0.0
 11
767.680367625965
 21
14669.22000927763
 31
0.0
  0
LINE
  5
44C
330
17
100
AcDbEntity
  8
CURB
 62
18
420
0
100
AcDbLine
 10
767.680367625965
 20
14669.22000927763
 30
0.0
 11
768.4
 21
14640.75
 31
0.0
  0
LINE
  5
44D
330
17
100
AcDbEntity
  8
CURB
 62
18
420
0
100
AcDbLine
 10
768.4
 20
14640.75
 30
0.0
 11
769.535107057684
 21
14594.44156714216
 31
0.0
  0
LINE
  5
44E
330
17
100
AcDbEntity
  8
CURB
 62
18
420
0
100
AcDbLine
 10
769.535107057684
 20
14594.44156714216
 30
0.0
 11
770.1499056367688
 21
14568.39399777215
 31
0.0
  0
LINE
  5
44F
330
17
100
AcDbEntity
  8
CURB
 62
18
420
0
100
AcDbLine
 10
770.1499056367688
 20
14568.39399777215
 30
0.0
 11
770.5685108798486
 21
14551.57614123966
 31
0.0
  0
LINE
  5
450
330
17
100
AcDbEntity
  8
CURB
 62
18
420
0
100
AcDbLine
 10
770.5685108798486
 20
14551.57614123966
 30
0.0
 11
770.722987365831
 21
14534.48610988902
 31
0.0
  0
LINE
  5
451
330
17
100
AcDbEntity
  8
CURB
 62
18
420
0
100
AcDbLine
 10
771.3899539524597
 20
14533.55221904944
 30
0.0
 11
773.1740016587822
 21
14532.92218822472
 31
0.0
  0
LINE
  5
452
330
17
100
AcDbEntity
  8
CURB
 62
18
420
0
100
AcDbLine
 10
773.1740016587822
 20
14532.92218822472
 30
0.0
 11
773.52
 21
14532.8
 31
0.0
  0
LINE
  5
453
330
17
100
AcDbEntity
  8
CURB
 62
18
420
0
100
AcDbLine
 10
759.2877156425537
 20
14496.65526748491
 30
0.0
 11
762.5226082980936
 21
14485.14434814355
 31
0.0
  0
LINE
  5
454
330
17
100
AcDbEntity
  8
CURB
 62
18
420
0
100
AcDbLine
 10
761.2372119118248
 20
14481.79670870055
 30
0.0
 11
760.1799118138337
 21
14481.12850604118
 31
0.0
  0
LINE
  5
455
330
17
100
AcDbEntity
  8
CURB
 62
18
420
0
100
AcDbLine
 10
802.3384450532021
 20
14416.86571899414
 30
0.0
 11
802.1828768994667
 21
14419.9191583104
 31
0.0
  0
LINE
  5
456
330
17
100
AcDbEntity
  8
CURB
 62
18
420
0
100
AcDbLine
 10
786.8671453915963
 20
14447.42405359759
 30
0.0
 11
776.5037959614161
 21
14462.41788989702
 31
0.0
  0
LINE
  5
457
330
17
100
AcDbEntity
  8
CURB
 62
18
420
0
100
AcDbLine
 10
776.5037959614161
 20
14462.41788989702
 30
0.0
 11
768.6387700125126
 21
14473.67847999512
 31
0.0
  0
LINE
  5
458
330
17
100
AcDbEntity
  8
CURB
 62
18
420
0
100
AcDbLine
 10
768.6387700125126
 20
14473.67847999512
 30
0.0
 11
767.65687126528
 21
14475.17217005534
 31
0.0
  0
LINE
  5
459
330
17
100
AcDbEntity
  8
CURB
 62
18
420
0
100
AcDbLine
 10
833.5196585005989
 20
14414.19534095995
 30
0.0
 11
866.5249310972571
 21
14398.69169591096
 31
0.0
  0
LINE
  5
45A
330
17
100
AcDbEntity
  8
CURB
 62
18
420
0
100
AcDbLine
 10
725.5294153365912
 20
14612.68408768234
 30
0.0
 11
735.4818381218258
 21
14610.20533336914
 31
0.0
  0
LINE
  5
45B
330
17
100
AcDbEntity
  8
CURB
 62
18
420
0
100
AcDbLine
 10
736.0174619024122
 20
14610.21986810736
 30
0.0
 11
737.673
 21
14610.729
 31
0.0
  0
LINE
  5
45C
330
17
100
AcDbEntity
  8
CURB
 62
18
420
0
100
AcDbLine
 10
737.673
 20
14610.729
 30
0.0
 11
748.9649999975506
 21
14608.03000000186
 31
0.0
  0
LINE
  5
45D
330
17
100
AcDbEntity
  8
CURB
 62
18
420
0
100
AcDbLine
 10
748.9649999975506
 20
14608.03000000186
 30
0.0
 11
749.3418130132114
 21
14607.25730700872
 31
0.0
  0
LINE
  5
45E
330
17
100
AcDbEntity
  8
CURB
 62
18
420
0
100
AcDbLine
 10
750.0381973282075
 20
14606.7163311477
 30
0.0
 11
753.1444339610204
 21
14606.07422670139
 31
0.0
  0
LINE
  5
45F
330
17
100
AcDbEntity
  8
CURB
 62
18
420
0
100
AcDbLine
 10
753.1444339610204
 20
14606.07422670139
 30
0.0
 11
755.4110276802894
 21
14605.91709518569
 31
0.0
  0
LINE
  5
460
330
17
100
AcDbEntity
  8
CURB
 62
18
420
0
100
AcDbLine
 10
803.9532818585222
 20
14441.80822099599
 30
0.0
 11
804.35
 21
14441.24
 31
0.0
  0
LWPOLYLINE
  5
461
330
17
100
AcDbEntity
  8
CURB
 62
18
420
0
100
AcDbPolyline
 90
2
 70
128
 10
861.0839994299174
 20
14387.2351394218
 10
870.057223799985
 20
14383.07764281669
  0
LWPOLYLINE
  5
462
330
17
100
AcDbEntity
  8
CURB
 62
18
 48
0.025
420
0
100
AcDbPolyline
 90
2
 70
128
 43
0.4
 10
763.1019501635907
 20
14758.42860139519
 10
763.2254381469176
 20
14754.43041199195
  0
LWPOLYLINE
  5
463
330
17
100
AcDbEntity
  8
CURB
 62
18
420
0
100
AcDbPolyline
 90
2
 70
0
 10
765.6024793831257
 20
14749.68352091672
 10
765.3967793946316
 20
14755.37411581864
  0
LINE
  5
464
330
17
100
AcDbEntity
  8
CURB
 62
18
420
0
100
AcDbLine
 10
754.8417939602554
 20
14758.22323020508
 30
0.0
 11
752.6424599404917
 21
14758.16910193603
 31
0.0
  0
LINE
  5
465
330
17
100
AcDbEntity
  8
CURB
 62
18
420
0
100
AcDbLine
 10
752.6424599404917
 20
14758.16910193603
 30
0.0
 11
752.6692640153898
 21
14757.08000164088
 31
0.0
  0
LINE
  5
466
330
17
100
AcDbEntity
  8
CURB
 62
18
420
0
100
AcDbLine
 10
751.6941704923348
 20
14756.05570060051
 30
0.0
 11
749.4116221835573
 21
14755.99952432721
 31
0.0
  0
LWPOLYLINE
  5
467
330
17
100
AcDbEntity
  8
CURB
 62
18
 48
0.025
420
0
100
AcDbPolyline
 90
3
 70
128
 43
0.4
 10
753.2224030566017
 20
14754.47024999995
 42
0.2749274101726417
 10
754.5748397903054
 20
14756.8768244619
 10
754.5418847757413
 20
14758.21584907748
  0
LINE
  5
468
330
17
100
AcDbEntity
  8
CURB
 62
18
420
0
100
AcDbLine
 10
762.7274127394625
 20
14768.41359220929
 30
0.0
 11
762.7951570865015
 21
14758.70913122661
 31
0.0
  0
LINE
  5
469
330
17
100
AcDbEntity
  8
CURB
 62
18
420
0
100
AcDbLine
 10
762.7951570865015
 20
14758.70913122661
 30
0.0
 11
762.9189793526797
 21
14754.59968180674
 31
0.0
  0
LINE
  5
46A
330
17
100
AcDbEntity
  8
CURB
 62
18
420
0
100
AcDbLine
 10
762.9189793526797
 20
14754.59968180674
 30
0.0
 11
763.0651588643489
 21
14750.64656785311
 31
0.0
  0
LINE
  5
46B
330
17
100
AcDbEntity
  8
CURB
 62
18
420
0
100
AcDbLine
 10
764.0644758666508
 20
14749.68352091672
 30
0.0
 11
765.6024793831257
 21
14749.68352091672
 31
0.0
  0
LWPOLYLINE
  5
46C
330
17
100
AcDbEntity
  8
CURB
 62
18
370
90
420
0
100
AcDbPolyline
 90
2
 70
0
 10
762.6751348586557
 20
14770.41291365846
 10
762.1567273723651
 20
14790.40623285913
  0
LINE
  5
46D
330
17
100
AcDbEntity
  8
CURB
 62
18
420
0
100
AcDbLine
 10
765.4354039342867
 20
14779.62042646531
 30
0.0
 11
765.1515029681008
 21
14790.47796855342
 31
0.0
  0
LINE
  5
46E
330
17
100
AcDbEntity
  8
CURB
 62
18
420
0
100
AcDbLine
 10
765.6492613544417
 20
14771.44163802588
 30
0.0
 11
765.7596827475122
 21
14767.21866922518
 31
0.0
  0
LINE
  5
46F
330
17
100
AcDbEntity
  8
CURB
 62
18
420
0
100
AcDbLine
 10
765.7596827475122
 20
14767.21866922518
 30
0.0
 11
765.7949685826998
 21
14758.76057375468
 31
0.0
  0
LINE
  5
470
330
17
100
AcDbEntity
  8
CURB
 62
18
420
0
100
AcDbLine
 10
765.7949685826998
 20
14758.76057375468
 30
0.0
 11
765.8024158052491
 21
14758.51341316451
 31
0.0
  0
LINE
  5
471
330
17
100
AcDbEntity
  8
CURB
 62
18
420
0
100
AcDbLine
 10
786.6678052254176
 20
14443.7552304214
 30
0.0
 11
774.6560233917932
 21
14461.13404136387
 31
0.0
  0
LINE
  5
472
330
17
100
AcDbEntity
  8
CURB
 62
18
420
0
100
AcDbLine
 10
782.1052235698933
 20
14414.09664510885
 30
0.0
 11
782.383189223896
 21
14413.29962068991
 31
0.0
  0
LINE
  5
473
330
17
100
AcDbEntity
  8
CURB
 62
18
420
0
100
AcDbLine
 10
783.6058969953954
 20
14409.56026665381
 30
0.0
 11
783.7091577396781
 21
14408.97733985001
 31
0.0
  0
LINE
  5
474
330
17
100
AcDbEntity
  8
CURB
 62
18
420
0
100
AcDbLine
 10
782.9361981561809
 20
14411.71395132186
 30
0.0
 11
783.3632228672133
 21
14410.48952262975
 31
0.0
  0
LWPOLYLINE
  5
475
330
17
100
AcDbEntity
  8
CURB
 62
18
 48
0.025
420
0
100
AcDbPolyline
 90
2
 70
128
 43
0.4
 10
756.7858119602522
 20
14461.98351036833
 10
757.2024834488021
 20
14464.09225428986
  0
LWPOLYLINE
  5
476
330
17
100
AcDbEntity
  8
CURB
 62
18
 48
0.025
420
0
100
AcDbPolyline
 90
2
 70
128
 43
0.4
 10
777.5874817455343
 20
14429.95591126689
 10
779.7570087553701
 20
14430.55442116794
  0
LWPOLYLINE
  5
477
330
17
100
AcDbEntity
  8
CURB
 62
18
 48
0.025
420
0
100
AcDbPolyline
 90
2
 70
128
 43
0.4
 10
786.6203568655947
 20
14447.25347979118
 42
-0.3419987131196642
 10
786.4409507160337
 20
14443.95153893261
 42
-0.3419987131196642
  0
LINE
  5
478
330
17
100
AcDbEntity
  8
CURB
 62
18
420
0
100
AcDbLine
 10
779.6772276166989
 20
14430.8436182805
 30
0.0
 11
780.0576033626535
 21
14429.57666332439
 31
0.0
  0
LINE
  5
479
330
17
100
AcDbEntity
  8
CURB
 62
18
420
0
100
AcDbLine
 10
781.2813065719002
 20
14428.90022144136
 30
0.0
 11
793.0440642095315
 21
14432.14522686322
 31
0.0
  0
LINE
  5
47A
330
17
100
AcDbEntity
  8
CURB
 62
18
420
0
100
AcDbLine
 10
793.6030237524257
 20
14433.67450077865
 30
0.0
 11
789.339413222073
 21
14439.89622472071
 31
0.0
  0
LINE
  5
47B
330
17
100
AcDbEntity
  8
CURB
 62
18
420
0
100
AcDbLine
 10
764.3157580454354
 20
14421.6407497279
 30
0.0
 11
767.0613214946625
 21
14422.32312469137
 31
0.0
  0
LINE
  5
47C
330
17
100
AcDbEntity
  8
CURB
 62
18
420
0
100
AcDbLine
 10
767.0613214946625
 20
14422.32312469137
 30
0.0
 11
768.3821635551159
 21
14422.79060617577
 31
0.0
  0
LINE
  5
47D
330
17
100
AcDbEntity
  8
CURB
 62
18
420
0
100
AcDbLine
 10
768.3821635551159
 20
14422.79060617577
 30
0.0
 11
771.3328197082707
 21
14424.20512816786
 31
0.0
  0
LINE
  5
47E
330
17
100
AcDbEntity
  8
CURB
 62
18
420
0
100
AcDbLine
 10
771.3328197082707
 20
14424.20512816786
 30
0.0
 11
777.5025816773348
 21
14427.44972823459
 31
0.0
  0
LINE
  5
47F
330
17
100
AcDbEntity
  8
CURB
 62
18
420
0
100
AcDbLine
 10
777.9948982626412
 20
14428.62235116857
 30
0.0
 11
777.5077006068634
 21
14430.24510837945
 31
0.0
  0
LINE
  5
480
330
17
100
AcDbEntity
  8
CURB
 62
18
420
0
100
AcDbLine
 10
798.0346292775841
 20
14431.18793156448
 30
0.0
 11
781.8728221018006
 21
14426.72935530812
 31
0.0
  0
LINE
  5
481
330
17
100
AcDbEntity
  8
CURB
 62
18
420
0
100
AcDbLine
 10
781.1775326728646
 20
14425.48960506546
 30
0.0
 11
784.2505486423695
 21
14414.77787754076
 31
0.0
  0
LINE
  5
482
330
17
100
AcDbEntity
  8
CURB
 62
18
420
0
100
AcDbLine
 10
784.2505486423695
 20
14414.77787754076
 30
0.0
 11
785.5501043533959
 21
14411.05159833849
 31
0.0
  0
LINE
  5
483
330
17
100
AcDbEntity
  8
CURB
 62
18
420
0
100
AcDbLine
 10
768.1940000000002
 20
14411.564
 30
0.0
 11
764.0900018011674
 21
14417.90077619882
 31
0.0
  0
LINE
  5
484
330
17
100
AcDbEntity
  8
CURB
 62
18
420
0
100
AcDbLine
 10
764.6881470770589
 20
14419.41485138015
 30
0.0
 11
767.7095328699622
 21
14420.16577848789
 31
0.0
  0
LINE
  5
485
330
17
100
AcDbEntity
  8
CURB
 62
18
420
0
100
AcDbLine
 10
767.7095328699622
 20
14420.16577848789
 30
0.0
 11
769.2463014280304
 21
14420.70968215981
 31
0.0
  0
LINE
  5
486
330
17
100
AcDbEntity
  8
CURB
 62
18
420
0
100
AcDbLine
 10
769.2463014280304
 20
14420.70968215981
 30
0.0
 11
772.3431196955695
 21
14422.19427315163
 31
0.0
  0
LINE
  5
487
330
17
100
AcDbEntity
  8
CURB
 62
18
420
0
100
AcDbLine
 10
772.3431196955695
 20
14422.19427315163
 30
0.0
 11
777.7191957045109
 21
14425.02148377415
 31
0.0
  0
LINE
  5
488
330
17
100
AcDbEntity
  8
CURB
 62
18
420
0
100
AcDbLine
 10
779.1458717573871
 20
14424.4121691998
 30
0.0
 11
782.1052235698933
 21
14414.09664510885
 31
0.0
  0
LINE
  5
489
330
17
100
AcDbEntity
  8
CURB
 62
18
420
0
100
AcDbLine
 10
764.3157580454354
 20
14421.6407497279
 30
0.0
 11
762.8062048017426
 21
14421.41791673216
 31
0.0
  0
LINE
  5
48A
330
17
100
AcDbEntity
  8
CURB
 62
18
420
0
100
AcDbLine
 10
761.7780586462521
 20
14421.93615945071
 30
0.0
 11
754.4696692870539
 21
14435.62261687982
 31
0.0
  0
LINE
  5
48B
330
17
100
AcDbEntity
  8
CURB
 62
18
420
0
100
AcDbLine
 10
754.4702053193275
 20
14436.56569342124
 30
0.0
 11
759.1742895720117
 21
14445.35100558251
 31
0.0
  0
LINE
  5
48C
330
17
100
AcDbEntity
  8
CURB
 62
18
420
0
100
AcDbLine
 10
759.1742895720117
 20
14445.35100558251
 30
0.0
 11
763.159
 21
14455.479
 31
0.0
  0
LINE
  5
48D
330
17
100
AcDbEntity
  8
CURB
 62
18
420
0
100
AcDbLine
 10
758.0672962869625
 20
14420.85843562827
 30
0.0
 11
758.1341778838938
 21
14420.85836272122
 31
0.0
  0
LINE
  5
48E
330
17
100
AcDbEntity
  8
CURB
 62
18
420
0
100
AcDbLine
 10
759.0173814057864
 20
14422.32939916848
 30
0.0
 11
753.1778084071475
 21
14433.26519682811
 31
0.0
  0
LINE
  5
48F
330
17
100
AcDbEntity
  8
CURB
 62
18
420
0
100
AcDbLine
 10
757.9802662449213
 20
14418.58994764721
 30
0.0
 11
759.4826352926756
 21
14418.5323095894
 31
0.0
  0
LINE
  5
490
330
17
100
AcDbEntity
  8
CURB
 62
18
420
0
100
AcDbLine
 10
761.8856595691158
 20
14417.16531374189
 30
0.0
 11
766.2935365728347
 21
14410.35933363877
 31
0.0
  0
LINE
  5
491
330
17
100
AcDbEntity
  8
CURB
 62
18
420
0
100
AcDbLine
 10
766.2935365728347
 20
14410.35933363877
 30
0.0
 11
767.8544782801987
 21
14407.84283152435
 31
0.0
  0
LINE
  5
492
330
17
100
AcDbEntity
  8
CURB
 62
18
420
0
100
AcDbLine
 10
768.7999447200019
 20
14404.78299357286
 30
0.0
 11
768.7999447200019
 21
14404.78299357286
 31
0.0
  0
LINE
  5
493
330
17
100
AcDbEntity
  8
CURB
 62
18
420
0
100
AcDbLine
 10
770.2330143954867
 20
14404.48274425796
 30
0.0
 11
773.2554103407864
 21
14399.47339748635
 31
0.0
  0
LINE
  5
494
330
17
100
AcDbEntity
  8
CURB
 62
18
420
0
100
AcDbLine
 10
734.014184771984
 20
14451.1993251171
 30
0.0
 11
740.1202230855145
 21
14449.65248302577
 31
0.0
  0
LINE
  5
495
330
17
100
AcDbEntity
  8
CURB
 62
18
420
0
100
AcDbLine
 10
741.3307582307492
 20
14449.02649803234
 30
0.0
 11
744.540774572198
 21
14446.28753977921
 31
0.0
  0
LINE
  5
496
330
17
100
AcDbEntity
  8
CURB
 62
18
420
0
100
AcDbLine
 10
745.9707216125086
 20
14445.09670788129
 30
0.0
 11
750.863354582001
 21
14437.67098201133
 31
0.0
  0
LINE
  5
497
330
17
100
AcDbEntity
  8
CURB
 62
18
420
0
100
AcDbLine
 10
750.8301920844066
 20
14436.52330611295
 30
0.0
 11
749.5700403130016
 21
14434.83207751086
 31
0.0
  0
LINE
  5
498
330
17
100
AcDbEntity
  8
CURB
 62
18
420
0
100
AcDbLine
 10
748.4210009694347
 20
14445.46733950546
 30
0.0
 11
752.0557294071584
 21
14439.95078080209
 31
0.0
  0
LINE
  5
499
330
17
100
AcDbEntity
  8
CURB
 62
18
420
0
100
AcDbLine
 10
753.7723474389893
 20
14440.02892958031
 30
0.0
 11
757.1286606350234
 21
14446.29715471283
 31
0.0
  0
LINE
  5
49A
330
17
100
AcDbEntity
  8
CURB
 62
18
420
0
100
AcDbLine
 10
757.1286606350234
 20
14446.29715471283
 30
0.0
 11
760.9947961824911
 21
14456.12376569238
 31
0.0
  0
LINE
  5
49B
330
17
100
AcDbEntity
  8
CURB
 62
18
420
0
100
AcDbLine
 10
756.491502273629
 20
14462.04166368603
 30
0.0
 11
760.9930165763425
 21
14459.72599616143
 31
0.0
  0
LINE
  5
49C
330
17
100
AcDbEntity
  8
CURB
 62
18
420
0
100
AcDbLine
 10
761.5147845601705
 20
14458.6339086347
 30
0.0
 11
760.9947961824917
 21
14456.12376569238
 31
0.0
  0
LINE
  5
49D
330
17
100
AcDbEntity
  8
CURB
 62
18
420
0
100
AcDbLine
 10
763.4637686900348
 20
14476.00573933496
 30
0.0
 11
764.076913744675
 21
14475.00348377815
 31
0.0
  0
LINE
  5
49E
330
17
100
AcDbEntity
  8
CURB
 62
18
420
0
100
AcDbLine
 10
764.4554438983419
 20
14472.82937068795
 30
0.0
 11
762.3707254266938
 21
14462.76579699486
 31
0.0
  0
LINE
  5
49F
330
17
100
AcDbEntity
  8
CURB
 62
18
420
0
100
AcDbLine
 10
760.9340730097902
 20
14462.07940582503
 30
0.0
 11
756.9081737621788
 21
14464.15040760756
 31
0.0
  0
LINE
  5
4A0
330
17
100
AcDbEntity
  8
CURB
 62
18
420
0
100
AcDbLine
 10
774.6560233917932
 20
14461.13404136387
 30
0.0
 11
768.0208360694706
 21
14470.633835153
 31
0.0
  0
LINE
  5
4A1
330
17
100
AcDbEntity
  8
CURB
 62
18
420
0
100
AcDbLine
 10
766.2217996862141
 20
14470.26407087102
 30
0.0
 11
763.159
 21
14455.479
 31
0.0
  0
LINE
  5
4A2
330
17
100
AcDbEntity
  8
CURB
 62
18
420
0
100
AcDbLine
 10
768.1940000000002
 20
14411.564
 30
0.0
 11
771.9586581807791
 21
14405.49473410281
 31
0.0
  0
LINE
  5
4A3
330
17
100
AcDbEntity
  8
CURB
 62
18
420
0
100
AcDbLine
 10
772.6698890329652
 20
14405.34839634339
 30
0.0
 11
773.4673414858256
 21
14405.90545990334
 31
0.0
  0
LINE
  5
4A4
330
17
100
AcDbEntity
  8
CURB
 62
18
420
0
100
AcDbLine
 10
773.4673414858256
 20
14405.90545990334
 30
0.0
 11
775.1199974582099
 21
14403.38094289537
 31
0.0
  0
LINE
  5
4A5
330
17
100
AcDbEntity
  8
CURB
 62
18
420
0
100
AcDbLine
 10
775.0788093169923
 20
14400.29147104186
 30
0.0
 11
774.0580443715891
 21
14402.2023036175
 31
0.0
  0
LINE
  5
4A6
330
17
100
AcDbEntity
  8
CURB
 62
18
420
0
100
AcDbLine
 10
774.2463956888461
 20
14402.8693571264
 30
0.0
 11
775.1199974582104
 21
14403.38094289537
 31
0.0
  0
LINE
  5
4A7
330
17
100
AcDbEntity
  8
CURB
 62
18
420
0
100
AcDbLine
 10
752.4788781517454
 20
14687.5569224468
 30
0.0
 11
756.6353353846372
 21
14687.68477805018
 31
0.0
  0
LINE
  5
4A8
330
17
100
AcDbEntity
  8
CURB
 62
18
420
0
100
AcDbLine
 10
751.7700711996827
 20
14681.61897302164
 30
0.0
 11
751.5980698342395
 21
14685.31300339229
 31
0.0
  0
LINE
  5
4A9
330
17
100
AcDbEntity
  8
CURB
 62
18
420
0
100
AcDbLine
 10
752.5662414109378
 20
14686.35904220449
 30
0.0
 11
756.6663745607661
 21
14686.4851652387
 31
0.0
  0
LWPOLYLINE
  5
4AA
330
17
100
AcDbEntity
  8
CURB
 62
18
420
0
100
AcDbPolyline
 90
2
 70
0
 10
724.6190197256307
 20
14969.32856656079
 10
724.7365118658219
 20
14969.76784461222
  0
LWPOLYLINE
  5
4AB
330
17
100
AcDbEntity
  8
CURB
 62
18
420
0
100
AcDbPolyline
 90
2
 70
0
 10
726.0948913841687
 20
14968.93708436727
 10
726.1830190486891
 20
14969.25738488945
  0
LINE
  5
4AC
330
17
100
AcDbEntity
  8
CURB
 62
18
420
0
100
AcDbLine
 10
708.5884057546483
 20
14760.0454644085
 30
0.0
 11
708.1609074065148
 21
14757.1988525629
 31
0.0
  0
LWPOLYLINE
  5
4AD
330
17
100
AcDbEntity
  8
CURB
 62
18
420
0
100
AcDbPolyline
 90
2
 70
0
 10
708.5884057546483
 20
14760.0454644085
 10
708.8927418691135
 20
14763.41657191944
  0
LWPOLYLINE
  5
4AE
330
17
100
AcDbEntity
  8
CURB
 62
18
420
0
100
AcDbPolyline
 90
2
 70
0
 10
745.7918430507812
 20
14817.92107483065
 10
745.9313348667985
 20
14810.83761454983
  0
LINE
  5
4AF
330
17
100
AcDbEntity
  8
CURB
 62
18
420
0
100
AcDbLine
 10
747.966427226246
 20
14810.04706953334
 30
0.0
 11
747.705782941934
 21
14811.52425082115
 31
0.0
  0
LINE
  5
4B0
330
17
100
AcDbEntity
  8
CURB
 62
18
420
0
100
AcDbLine
 10
747.1265077512262
 20
14811.92976315565
 30
0.0
 11
745.9140405741576
 21
14811.71582689594
 31
0.0
  0
LWPOLYLINE
  5
4B1
330
17
100
AcDbEntity
  8
CURB
 62
18
 48
0.025
420
0
100
AcDbPolyline
 90
2
 70
128
 43
0.4
 10
745.5144608874459
 20
14816.76957680034
 10
745.6140987270736
 20
14811.70992025833
  0
LWPOLYLINE
  5
4B2
330
17
100
AcDbEntity
  8
CURB
 62
18
420
0
100
AcDbPolyline
 90
2
 70
0
 10
716.5891278096269
 20
14939.9752453406
 10
714.9291014383043
 20
14921.93421066322
  0
LWPOLYLINE
  5
4B3
330
17
100
AcDbEntity
  8
CURB
 62
18
420
0
100
AcDbPolyline
 90
2
 70
0
 10
715.4784237765116
 20
14941.00079880164
 10
713.7040127310883
 20
14921.71664057655
  0
LWPOLYLINE
  5
4B4
330
17
100
AcDbEntity
  8
CURB
 62
18
 48
0.025
420
0
100
AcDbPolyline
 90
2
 70
128
 43
0.4
 10
715.2749088783389
 20
14940.7803862652
 10
716.3856129196918
 20
14939.75483289368
  0
LWPOLYLINE
  5
4B5
330
17
100
AcDbEntity
  8
CURB
 62
18
 48
0.025
420
0
100
AcDbPolyline
 90
2
 70
128
 43
0.4
 10
713.6515549590298
 20
14922.01201860917
 10
714.8766436662459
 20
14922.22958869583
  0
LINE
  5
4B6
330
17
100
AcDbEntity
  8
CURB
 62
18
420
0
100
AcDbLine
 10
771.6640000000016
 20
14428.633
 30
0.0
 11
790.6755262018472
 21
14433.87773150798
 31
0.0
  0
LINE
  5
4B7
330
17
100
AcDbEntity
  8
CURB
 62
18
420
0
100
AcDbLine
 10
790.6755262018472
 20
14433.87773150798
 30
0.0
 11
787.9548189678378
 21
14437.84795562125
 31
0.0
  0
LINE
  5
4B8
330
17
100
AcDbEntity
  8
CURB
 62
18
420
0
100
AcDbLine
 10
788.2111362849267
 20
14439.23586758149
 30
0.0
 11
788.6570029570076
 21
14439.54403902139
 31
0.0
  0
LINE
  5
4B9
330
17
100
AcDbEntity
  8
CURB
 62
18
420
0
100
AcDbLine
 10
792.8374310365209
 20
14438.77200438207
 30
0.0
 11
798.7067174068525
 21
14430.20717903672
 31
0.0
  0
LWPOLYLINE
  5
4BA
330
17
100
AcDbEntity
  8
CURB
 62
18
 48
0.025
420
0
100
AcDbPolyline
 90
2
 70
128
 43
0.4
 10
789.4417460019787
 20
14439.61421762477
 42
-0.3419987131201107
 10
792.5899620349803
 20
14438.60241932
 42
-0.3419987131201107
  0
LINE
  5
4BB
330
17
100
AcDbEntity
  8
CURB
 62
18
420
0
100
AcDbLine
 10
744.7363291026736
 20
14550.76649840381
 30
0.0
 11
746.0391233906752
 21
14550.49889189694
 31
0.0
  0
LINE
  5
4BC
330
17
100
AcDbEntity
  8
CURB
 62
18
420
0
100
AcDbLine
 10
746.4383832052622
 20
14550.02077207706
 30
0.0
 11
746.9693946535442
 21
14527.24533456803
 31
0.0
  0
LINE
  5
4BD
330
17
100
AcDbEntity
  8
CURB
 62
18
420
0
100
AcDbLine
 10
746.6216286213765
 20
14526.46377441086
 30
0.0
 11
730.3286100225266
 21
14512.4546560547
 31
0.0
  0
LINE
  5
4BE
330
17
100
AcDbEntity
  8
CURB
 62
18
420
0
100
AcDbLine
 10
748.7855903072414
 20
14549.93474111385
 30
0.0
 11
748.2503109600862
 21
14550.04469265233
 31
0.0
  0
LINE
  5
4BF
330
17
100
AcDbEntity
  8
CURB
 62
18
420
0
100
AcDbLine
 10
747.6498424606982
 20
14549.54326407363
 30
0.0
 11
748.1325308297438
 21
14528.84043587455
 31
0.0
  0
LINE
  5
4C0
330
17
100
AcDbEntity
  8
CURB
 62
18
420
0
100
AcDbLine
 10
748.9583761276342
 20
14528.47296455478
 30
0.0
 11
755.597100851459
 21
14534.1810952996
 31
0.0
  0
LINE
  5
4C1
330
17
100
AcDbEntity
  8
CURB
 62
18
420
0
100
AcDbLine
 10
746.439107800408
 20
14464.73608707903
 30
0.0
 11
742.5331362560768
 21
14451.50398925656
 31
0.0
  0
LINE
  5
4C2
330
17
100
AcDbEntity
  8
CURB
 62
18
420
0
100
AcDbLine
 10
742.8509495525432
 20
14450.45356489442
 30
0.0
 11
747.2583984885416
 21
14446.77008388974
 31
0.0
  0
LINE
  5
4C3
330
17
100
AcDbEntity
  8
CURB
 62
18
420
0
100
AcDbLine
 10
745.279655717824
 20
14465.0468642598
 30
0.0
 11
741.5314857641242
 21
14452.34934434197
 31
0.0
  0
LINE
  5
4C4
330
17
100
AcDbEntity
  8
CURB
 62
18
420
0
100
AcDbLine
 10
740.3267940273392
 20
14451.66308634002
 30
0.0
 11
734.4749838000914
 21
14453.14573296719
 31
0.0
  0
LWPOLYLINE
  5
4C5
330
17
100
AcDbEntity
  8
CURB
 62
18
 48
0.025
420
0
100
AcDbPolyline
 90
2
 70
128
 43
0.4
 10
745.2019860030372
 20
14464.7570929441
 10
746.3614380856217
 20
14464.44631576332
  0
LINE
  5
4C6
330
17
100
AcDbEntity
  8
CURB
 62
18
420
0
100
AcDbLine
 10
730.966
 20
14723.195
 30
0.0
 11
743.9457880067076
 21
14720.40215904971
 31
0.0
  0
LINE
  5
4C7
330
17
100
AcDbEntity
  8
CURB
 62
18
420
0
100
AcDbLine
 10
743.9457880067076
 20
14720.40215904971
 30
0.0
 11
746.5251426985257
 21
14719.94671938793
 31
0.0
  0
LINE
  5
4C8
330
17
100
AcDbEntity
  8
CURB
 62
18
420
0
100
AcDbLine
 10
747.6980402255257
 20
14720.97583404773
 30
0.0
 11
746.4571789861571
 21
14748.92836485905
 31
0.0
  0
LINE
  5
4C9
330
17
100
AcDbEntity
  8
CURB
 62
18
420
0
100
AcDbLine
 10
733.4673898005871
 20
14642.52247116207
 30
0.0
 11
736.9299739982298
 21
14641.76088174078
 31
0.0
  0
LINE
  5
4CA
330
17
100
AcDbEntity
  8
CURB
 62
18
420
0
100
AcDbLine
 10
736.9299739982298
 20
14641.76088174078
 30
0.0
 11
750.2924561971324
 21
14638.88275431387
 31
0.0
  0
LINE
  5
4CB
330
17
100
AcDbEntity
  8
CURB
 62
18
420
0
100
AcDbLine
 10
740.2238700481827
 20
14637.40541820567
 30
0.0
 11
750.981448797145
 21
14635.13226075554
 31
0.0
  0
LINE
  5
4CC
330
17
100
AcDbEntity
  8
CURB
 62
18
420
0
100
AcDbLine
 10
751.7735208950627
 20
14634.20254537138
 30
0.0
 11
753.1444339610202
 21
14606.07422670139
 31
0.0
  0
LWPOLYLINE
  5
4CD
330
17
100
AcDbEntity
  8
CURB
 62
18
420
0
100
AcDbPolyline
 90
2
 70
0
 10
757.8255787666811
 20
14641.68384026951
 10
758.0655200231209
 20
14631.27709620922
  0
LWPOLYLINE
  5
4CE
330
17
100
AcDbEntity
  8
CURB
 62
18
 48
0.025
420
0
100
AcDbPolyline
 90
2
 70
128
 43
0.4
 10
757.5966752452767
 20
14638.59678228895
 10
757.7004307191778
 20
14634.09669473517
  0
LINE
  5
4CF
330
17
100
AcDbEntity
  8
CURB
 62
18
420
0
100
AcDbLine
 10
758.0003510118481
 20
14634.10360979442
 30
0.0
 11
755.0816493308706
 21
14634.10602924062
 31
0.0
  0
LINE
  5
4D0
330
17
100
AcDbEntity
  8
CURB
 62
18
420
0
100
AcDbLine
 10
754.0820059611727
 20
14633.05734954185
 30
0.0
 11
754.5035055436341
 21
14624.40904435813
 31
0.0
  0
LINE
  5
4D1
330
17
100
AcDbEntity
  8
CURB
 62
18
420
0
100
AcDbLine
 10
757.8965955379471
 20
14638.60369734821
 30
0.0
 11
754.7690798087448
 21
14638.60628988998
 31
0.0
  0
LINE
  5
4D2
330
17
100
AcDbEntity
  8
CURB
 62
18
420
0
100
AcDbLine
 10
753.7710384744613
 20
14639.55876940693
 30
0.0
 11
751.7700711996827
 21
14681.61897302164
 31
0.0
  0
LWPOLYLINE
  5
4D3
330
17
100
AcDbEntity
  8
CURB
 62
18
420
0
100
AcDbPolyline
 90
2
 70
0
 10
755.7268338789886
 20
14722.51040947254
 10
756.0256693184773
 20
14711.2314544487
  0
LINE
  5
4D4
330
17
100
AcDbEntity
  8
CURB
 62
18
420
0
100
AcDbLine
 10
748.7124397994992
 20
14748.85977212057
 30
0.0
 11
749.9710409217037
 21
14720.50761997705
 31
0.0
  0
LINE
  5
4D5
330
17
100
AcDbEntity
  8
CURB
 62
18
420
0
100
AcDbLine
 10
750.9060240943077
 20
14719.55402024954
 30
0.0
 11
755.8135062014353
 21
14719.23913338708
 31
0.0
  0
LINE
  5
4D6
330
17
100
AcDbEntity
  8
CURB
 62
18
420
0
100
AcDbLine
 10
751.4492142274855
 20
14688.50993808388
 30
0.0
 11
750.2635885481319
 21
14713.97332470566
 31
0.0
  0
LINE
  5
4D7
330
17
100
AcDbEntity
  8
CURB
 62
18
420
0
100
AcDbLine
 10
751.3265392669741
 20
14715.01778407691
 30
0.0
 11
755.9331821496345
 21
14714.72220045742
 31
0.0
  0
LWPOLYLINE
  5
4D8
330
17
100
AcDbEntity
  8
CURB
 62
18
 48
0.025
420
0
100
AcDbPolyline
 90
2
 70
128
 43
0.4
 10
755.5136114434498
 20
14719.23118768806
 10
755.633287391649
 20
14714.71425475841
  0
LINE
  5
4D9
330
17
100
AcDbEntity
  8
CURB
 62
18
420
0
100
AcDbLine
 10
725.7449405648148
 20
14595.97895362392
 30
0.0
 11
725.9301027454683
 21
14596.11190003462
 31
0.0
  0
LINE
  5
4DA
330
17
100
AcDbEntity
  8
CURB
 62
18
420
0
100
AcDbLine
 10
726.8225837061311
 20
14596.25057778371
 30
0.0
 11
726.8788626808741
 21
14596.23227660067
 31
0.0
  0
LWPOLYLINE
  5
4DB
330
17
100
AcDbEntity
  8
CURB
 62
18
420
0
100
AcDbPolyline
 90
2
 70
0
 10
726.6435266230636
 20
14598.74224504409
 10
728.0718332769126
 20
14599.90084610749
  0
LWPOLYLINE
  5
4DC
330
17
100
AcDbEntity
  8
CURB
 62
18
 48
0.025
420
0
100
AcDbPolyline
 90
2
 70
128
 43
0.4
 10
726.59356813486
 20
14596.32505063806
 10
727.7865387308979
 20
14599.99362014488
  0
LINE
  5
4DD
330
17
100
AcDbEntity
  8
CURB
 62
18
420
0
100
AcDbLine
 10
721.5662296941581
 20
14679.29865106532
 30
0.0
 11
724.773538888935
 21
14681.25055966698
 31
0.0
  0
LINE
  5
4DE
330
17
100
AcDbEntity
  8
CURB
 62
18
420
0
100
AcDbLine
 10
725.9898647982051
 20
14681.11392287959
 30
0.0
 11
750.3979687261946
 21
14657.42536736369
 31
0.0
  0
LINE
  5
4DF
330
17
100
AcDbEntity
  8
CURB
 62
18
420
0
100
AcDbLine
 10
750.7003888054429
 20
14656.7552823765
 30
0.0
 11
751.5018863521618
 21
14639.90785541625
 31
0.0
  0
LINE
  5
4E0
330
17
100
AcDbEntity
  8
CURB
 62
18
420
0
100
AcDbLine
 10
748.076492407858
 20
14696.50170752512
 30
0.0
 11
727.4833630913284
 21
14683.47451344446
 31
0.0
  0
LINE
  5
4E1
330
17
100
AcDbEntity
  8
CURB
 62
18
420
0
100
AcDbLine
 10
727.3215220062232
 20
14681.91180886008
 30
0.0
 11
749.6695760838793
 21
14660.22257313522
 31
0.0
  0
LINE
  5
4E2
330
17
100
AcDbEntity
  8
CURB
 62
18
420
0
100
AcDbLine
 10
750.517236324294
 20
14660.60513576829
 30
0.0
 11
749.5225590925546
 21
14681.51318730176
 31
0.0
  0
LWPOLYLINE
  5
4E3
330
17
100
AcDbEntity
  8
CURB
 62
18
420
0
100
AcDbPolyline
 90
2
 70
0
 10
762.7301328512947
 20
14768.4136573658
 10
762.6822393642841
 20
14770.41308383704
  0
LINE
  5
4E4
330
17
100
AcDbEntity
  8
CURB
 62
18
420
0
100
AcDbLine
 10
764.2595357758839
 20
14805.46090541644
 30
0.0
 11
762.7621568572347
 21
14805.42503778198
 31
0.0
  0
LINE
  5
4E5
330
17
100
AcDbEntity
  8
CURB
 62
18
420
0
100
AcDbLine
 10
761.7864453410438
 20
14804.399183318
 30
0.0
 11
762.0413412735772
 21
14794.6517903966
 31
0.0
  0
LINE
  5
4E6
330
17
100
AcDbEntity
  8
CURB
 62
18
420
0
100
AcDbLine
 10
762.0413412735772
 20
14794.6517903966
 30
0.0
 11
762.1567273723651
 21
14790.40623285913
 31
0.0
  0
LWPOLYLINE
  5
4E7
330
17
100
AcDbEntity
  8
CURB
 62
18
420
0
100
AcDbPolyline
 90
3
 70
0
 10
764.9162279038079
 20
14799.47542885149
 10
765.040316052667
 20
14794.7302140817
 10
765.151474309098
 20
14790.47906459166
  0
LWPOLYLINE
  5
4E8
330
17
100
AcDbEntity
  8
CURB
 62
18
420
0
100
AcDbPolyline
 90
2
 70
0
 10
764.2595357758839
 20
14805.46090541644
 10
764.9162279038079
 20
14799.47542885149
  0
LWPOLYLINE
  5
4E9
330
17
100
AcDbEntity
  8
CURB
 62
18
420
0
100
AcDbPolyline
 90
3
 70
0
 10
724.0130279788067
 20
14606.38880544099
 10
726.4600625947031
 20
14605.20868918508
 10
729.0416500921175
 20
14604.58716922792
  0
LWPOLYLINE
  5
4EA
330
17
100
AcDbEntity
  8
CURB
 62
18
420
0
100
AcDbPolyline
 90
2
 70
0
 10
716.365076516659
 20
14676.13332617483
 10
706.3748165850941
 20
14669.92347167674
  0
LINE
  5
4EB
330
17
100
AcDbEntity
  8
CURB
 62
18
420
0
100
AcDbLine
 10
689.8664270389531
 20
14754.64486910111
 30
0.0
 11
716.4520164620176
 21
14754.43255234363
 31
0.0
  0
LWPOLYLINE
  5
4EC
330
17
100
AcDbEntity
  8
CURB
 62
18
 48
0.025
420
0
100
AcDbPolyline
 90
2
 70
128
 43
0.4
 10
687.5414416761735
 20
14756.31343335343
 42
0.2679427675732379
 10
689.8688228104046
 20
14754.94485953476
 42
0.2679427675732379
  0
LWPOLYLINE
  5
4ED
330
17
100
AcDbEntity
  8
CURB
 62
18
420
0
100
AcDbPolyline
 90
4
 70
0
 10
705.8836020829602
 20
14744.81521286211
 10
690.1763128832085
 20
14744.10585356346
 10
690.1968070505692
 20
14743.5861080404
 10
685.5063112820467
 20
14743.40115636498
  0
LINE
  5
4EE
330
17
100
AcDbEntity
  8
CURB
 62
18
420
0
100
AcDbLine
 10
678.9720649279814
 20
14746.77043970049
 30
0.0
 11
683.3146101452044
 21
14746.87737499798
 31
0.0
  0
LINE
  5
4EF
330
17
100
AcDbEntity
  8
CURB
 62
18
420
0
100
AcDbLine
 10
684.3370660969014
 20
14745.94339376483
 30
0.0
 11
684.5011777039472
 21
14743.51163935089
 31
0.0
  0
LWPOLYLINE
  5
4F0
330
17
100
AcDbEntity
  8
CURB
 62
18
420
0
100
AcDbPolyline
 90
2
 70
0
 10
692.7602739452914
 20
14744.22254822563
 10
693.0569934694156
 20
14743.23492917614
  0
LWPOLYLINE
  5
4F1
330
17
100
AcDbEntity
  8
CURB
 62
18
420
0
100
AcDbPolyline
 90
2
 70
0
 10
694.3027385822504
 20
14744.29220770787
 10
694.5846177768708
 20
14743.30215851738
  0
LWPOLYLINE
  5
4F2
330
17
100
AcDbEntity
  8
CURB
 62
18
 48
0.025
420
0
100
AcDbPolyline
 90
2
 70
128
 43
0.4
 10
692.7738084963122
 20
14743.92285368793
 10
694.3162731332711
 20
14743.99251317017
  0
LWPOLYLINE
  5
4F3
330
17
100
AcDbEntity
  8
CURB
 62
18
 48
0.025
420
0
100
AcDbPolyline
 90
2
 70
128
 43
0.4
 10
759.6093660150954
 20
14903.83679754478
 10
759.6460876237321
 20
14899.83679754478
  0
LINE
  5
4F4
330
17
100
AcDbEntity
  8
CURB
 62
18
420
0
100
AcDbLine
 10
751.3020329678836
 20
14903.83404354018
 30
0.0
 11
742.4593482286327
 21
14903.83404354018
 31
0.0
  0
LINE
  5
4F5
330
17
100
AcDbEntity
  8
CURB
 62
18
420
0
100
AcDbLine
 10
741.4601834470203
 20
14904.79318109795
 30
0.0
 11
740.7404171104791
 21
14922.39284316147
 31
0.0
  0
LINE
  5
4F6
330
17
100
AcDbEntity
  8
CURB
 62
18
420
0
100
AcDbLine
 10
751.3919593092364
 20
14899.83404354018
 30
0.0
 11
742.7047278276096
 21
14899.83404354018
 31
0.0
  0
LINE
  5
4F7
330
17
100
AcDbEntity
  8
CURB
 62
18
420
0
100
AcDbLine
 10
741.7055630459973
 20
14898.79318109794
 30
0.0
 11
741.9418162752669
 21
14893.01633827345
 31
0.0
  0
LWPOLYLINE
  5
4F8
330
17
100
AcDbEntity
  8
CURB
 62
18
 48
0.025
420
0
100
AcDbPolyline
 90
2
 70
128
 43
0.4
 10
751.0021087524094
 20
14903.82730076833
 10
751.0920350937622
 20
14899.82730076834
  0
LINE
  5
4F9
330
17
100
AcDbEntity
  8
CURB
 62
18
420
0
100
AcDbLine
 10
761.2212278131929
 20
14906.02292056584
 30
0.0
 11
759.7866244206948
 21
14905.1529212026
 31
0.0
  0
LINE
  5
4FA
330
17
100
AcDbEntity
  8
CURB
 62
18
420
0
100
AcDbLine
 10
759.3052048484932
 20
14904.28868677894
 30
0.0
 11
759.3640055116052
 21
14897.88366637869
 31
0.0
  0
LINE
  5
4FB
330
17
100
AcDbEntity
  8
CURB
 62
18
420
0
100
AcDbLine
 10
759.6568083014464
 20
14897.19000763702
 30
0.0
 11
761.9683997168142
 21
14894.87841622165
 31
0.0
  0
LWPOLYLINE
  5
4FC
330
17
100
AcDbEntity
  8
CURB
 62
18
420
0
100
AcDbPolyline
 90
2
 70
0
 10
765.4354039342867
 20
14779.62042646531
 10
765.6492613544417
 20
14771.44163802588
  0
LWPOLYLINE
  5
4FD
330
17
100
AcDbEntity
  8
CURB
 62
18
 48
0.025
420
0
100
AcDbPolyline
 90
2
 70
129
 43
0.4
 10
834.4684265722361
 20
14414.08112276923
 10
834.4684265722361
 20
14414.08112276923
  0
POINT
  5
4FE
330
17
100
AcDbEntity
  8
CROSSWALK
100
AcDbPoint
 10
797.4225059540871
 20
14433.24741323355
 30
0.0
  0
POINT
  5
4FF
330
17
100
AcDbEntity
  8
CROSSWALK
100
AcDbPoint
 10
760.4242776489583
 20
14551.4502558194
 30
0.0
  0
POINT
  5
500
330
17
100
AcDbEntity
  8
CROSSWALK
100
AcDbPoint
 10
759.1189118796901
 20
14598.42716097427
 30
0.0
  0
POINT
  5
501
330
17
100
AcDbEntity
  8
CROSSWALK
100
AcDbPoint
 10
762.8647675831764
 20
14756.41344019436
 30
0.0
  0
POINT
  5
502
330
17
100
AcDbEntity
  8
CROSSWALK
100
AcDbPoint
 10
751.3818051266155
 20
14901.8271860795
 30
0.0
  0
POINT
  5
503
330
17
100
AcDbEntity
  8
CROSSWALK
100
AcDbPoint
 10
824.7011597419048
 20
14404.70459490911
 30
0.0
  0
LWPOLYLINE
  5
504
330
17
100
AcDbEntity
  8
BOUNDARY
100
AcDbPolyline
 90
4
 70
1
 10
376.33219875194845
 20
14077.61458347218
 10
894.2145003890599
 20
14077.61458347218
 10
894.2145003890599
 20
15017.40319846923
 10
376.33219875194845
 20
15017.40319846923
  0
LWPOLYLINE
  5
3924
330
17
100
AcDbEntity
  8
GROUND
100
AcDbPolyline
 90
336
 70
1
 10
778.3231001103143
 20
15016.906390871196
 10
782.8075137450452
 20
15014.914808336709
 10
787.0751244776493
 20
15012.49326641595
 10
791.0848328838581
 20
15009.665085881365
 10
794.7980232797903
 20
15006.45750365754
 10
798.1789356120968
 20
15002.901410514738
 10
801.1950098468226
 20
14999.031053573879
 10
803.8171995403335
 20
14994.883706488057
 10
806.0202515724462
 20
14990.49931047688
 10
807.7829493477808
 20
14985.920089670688
 10
809.0883171231721
 20
14981.190144469101
 10
809.9237834933565
 20
14976.355026830066
 10
810.2813024604767
 20
14971.461301579586
 10
810.7424410299823
 20
14952.121632079838
 10
811.0869576202206
 20
14938.360381136845
 10
811.0961985228513
 20
14937.910286246408
 10
811.1822859213181
 20
14932.539084258635
 10
811.4220759734304
 20
14921.388557316051
 10
811.90894702148
 20
14920.132193311318
 10
813.2218088802427
 20
14915.42319787242
 10
814.0685398881706
 20
14910.608502564932
 10
814.4410458914685
 20
14905.734132494732
 10
814.5825731332503
 20
14900.564116035961
 10
814.4716677800715
 20
14895.597828042923
 10
813.8685156056047
 20
14890.667054890406
 10
812.7790700394144
 20
14885.820465905825
 10
812.2220649111621
 20
14884.142471071431
 10
812.4472837191298
 20
14872.349965852089
 10
812.6173765671624
 20
14866.834021792629
 10
813.0836308134425
 20
14851.713854368109
 10
813.0978050008962
 20
14851.151549027512
 10
813.5053613357924
 20
14830.336165861398
 10
813.8349511488163
 20
14820.025257250987
 10
814.1646246249982
 20
14809.71173131705
 10
814.1730623327953
 20
14809.421350784743
 10
814.1880874892797
 20
14808.846778634834
 10
814.6179872427624
 20
14804.928420563629
 10
814.8991426344459
 20
14800.782423507095
 10
815.1863677596534
 20
14789.798178942525
 10
815.4183199926747
 20
14780.927370343272
 10
815.5825517480303
 20
14774.646471690721
 10
815.6602796034484
 20
14774.447214587284
 10
816.9886194107044
 20
14769.713085419195
 10
817.8455492280126
 20
14764.871377361918
 10
818.2227820416653
 20
14759.968912570817
 10
818.3090507013146
 20
14756.844805866127
 10
818.2043770978239
 20
14751.949346925097
 10
817.6213606020566
 20
14747.087601706327
 10
816.5655926861418
 20
14742.306197214519
 10
815.8365776583353
 20
14740.071127603458
 10
815.8783327922928
 20
14737.992318812874
 10
816.378632095919
 20
14720.871772634973
 10
816.3836002085535
 20
14720.69050312743
 10
816.6082371423742
 20
14711.91311178377
 10
817.2842390733598
 20
14685.49922962996
 10
817.6643509867649
 20
14670.485476538082
 10
818.3840346616023
 20
14642.01343933283
 10
819.0023187373482
 20
14616.790129834724
 10
819.5376367403062
 20
14615.420529748113
 10
820.8648849140752
 20
14610.711107713698
 10
821.7254776969481
 20
14605.894508947444
 10
822.1111739685753
 20
14601.016857668492
 10
822.1742811699987
 20
14598.911223699952
 10
822.0809614258987
 20
14594.012972930375
 10
821.5087216728031
 20
14589.147368051097
 10
820.4630557715195
 20
14584.361121922951
 10
819.8328995635226
 20
14582.414790009565
 10
820.1139024041944
 20
14570.509360760743
 10
820.7665738245345
 20
14568.824170991724
 10
822.0940266199134
 20
14564.025783954045
 10
822.9377044618813
 20
14559.11917037783
 10
823.2892425717936
 20
14554.152977666647
 10
823.3172912956028
 20
14552.808657108557
 10
823.2933352804291
 20
14551.912893232615
 10
823.3230252894834
 20
14551.04672582278
 10
823.2312690215987
 20
14549.592110240454
 10
823.1900879529251
 20
14548.052266763854
 10
823.0747830856377
 20
14547.111332783923
 10
823.0169994514396
 20
14546.195286647286
 10
822.7918054333478
 20
14544.802121604334
 10
822.6113464631767
 20
14543.329504003603
 10
822.5371387959849
 20
14542.993130309314
 10
822.7569104488623
 20
14542.154461473046
 10
823.767085423684
 20
14537.34787360487
 10
824.3007964020363
 20
14532.46536472051
 10
824.3528933418801
 20
14527.554048570728
 10
823.9228735339938
 20
14522.661316881877
 10
823.014886452865
 20
14517.834382049628
 10
821.6376937163515
 20
14513.119821563141
 10
820.1141301279993
 20
14509.332588570827
 10
821.830761486231
 20
14507.967119251382
 10
825.2853501613372
 20
14504.630381715175
 10
828.4038492592656
 20
14500.977579547534
 10
835.4094420263265
 20
14491.924961178303
 10
838.7795350821721
 20
14487.57011294478
 10
842.4130220347704
 20
14483.621986319755
 10
845.5546196472214
 20
14479.852804567645
 10
848.3116451917591
 20
14475.793842041856
 10
850.6575470052454
 20
14471.484188770364
 10
851.4671090766337
 20
14469.571047644691
 10
854.8611721063068
 20
14467.575560966874
 10
858.977716220406
 20
14464.874065179849
 10
862.8085890619625
 20
14461.780777575621
 10
866.3166403356288
 20
14458.325695638536
 10
866.5515955978456
 20
14458.043606299372
 10
868.5449473628488
 20
14456.367825198491
 10
872.2428866564042
 20
14452.925572183329
 10
874.7471293134116
 20
14450.070944538213
 10
887.7830673181357
 20
14443.947542432868
 10
892.1279348977762
 20
14441.639177750885
 10
894.2145003890599
 20
14440.251751716403
 10
894.2145003890599
 20
14335.045002804796
 10
893.8384875906853
 20
14334.784642263514
 10
889.5249127532426
 20
14332.38931352618
 10
884.9962563245149
 20
14330.430794037215
 10
880.2966175051394
 20
14328.928155489348
 10
875.471760489967
 20
14327.896030292843
 10
870.56866882498
 20
14327.34446908785
 10
865.6350878903987
 20
14327.27884287317
 10
860.7190599651898
 20
14327.699790704477
 10
855.8684564004312
 20
14328.603213471331
 10
851.1305114571406
 20
14329.980313813523
 10
846.5513623479657
 20
14331.817681788116
 10
837.5163130222894
 20
14335.971637610064
 10
832.2267098960255
 20
14338.403586450613
 10
832.0781029943992
 20
14338.47220487062
 10
819.9016744268818
 20
14344.11880246196
 10
818.5251428369793
 20
14344.840530208185
 10
817.1073854650612
 20
14345.41460319829
 10
810.123793360837
 20
14348.653117192362
 10
808.7044982700356
 20
14348.781671717421
 10
803.7607526647841
 20
14349.737991333945
 10
798.9382636594122
 20
14351.186703731717
 10
794.2859412611333
 20
14353.113115972352
 10
793.2509623791843
 20
14353.669598455697
 10
789.2251118673488
 20
14352.092297529167
 10
784.5786507207546
 20
14350.772430069906
 10
782.7032922268955
 20
14350.430929775714
 10
787.8232724360923
 20
14354.422281733343
 10
777.5504415813202
 20
14367.599944647367
 10
757.5955922400722
 20
14352.043863622033
 10
756.0441630374502
 20
14352.52903716199
 10
751.5946774440044
 20
14354.408858762712
 10
747.3473441172712
 20
14356.709252404777
 10
743.3418019772988
 20
14359.408749295259
 10
739.6154333890731
 20
14362.482155946112
 10
736.2030152855956
 20
14365.900789296427
 10
733.1363946065742
 20
14369.632744401708
 10
732.7236753147574
 20
14370.247552738658
 10
731.0048827979228
 20
14372.04871040817
 10
728.0275651597552
 20
14375.841447916224
 10
726.8094388739228
 20
14377.557524447433
 10
724.2201890725585
 20
14381.603907941386
 10
724.0667320979936
 20
14381.903687413038
 10
721.2955148003256
 20
14384.616001578961
 10
718.1421328661762
 20
14388.375329845601
 10
715.3724139342023
 20
14392.425641398659
 10
713.0130319118012
 20
14396.727929523755
 10
711.0867089376181
 20
14401.240760834373
 10
710.1809060713526
 20
14404.115273233547
 10
709.2741899432589
 20
14405.23065114355
 10
706.5713591532675
 20
14409.315153352109
 10
706.4424375603746
 20
14409.558859595063
 10
704.2789773947928
 20
14411.002093343812
 10
700.5184293227564
 20
14414.07743983516
 10
697.0740741861562
 20
14417.503209170201
 10
693.9784259780849
 20
14421.247062801931
 10
691.2607069710626
 20
14425.273659534012
 10
688.9465718648859
 20
14429.5449891343
 10
687.0578656116213
 20
14434.02073114349
 10
685.61241720382
 20
14438.658635491827
 10
684.6238713725515
 20
14443.414921330948
 10
684.1015597839931
 20
14448.24469031594
 10
684.0825118562257
 20
14450.053763384243
 10
681.4565211311007
 20
14452.114998125917
 10
677.9531379411596
 20
14455.46093750184
 10
674.7900051429111
 20
14459.130214676376
 10
671.9968169669779
 20
14463.088383937125
 10
669.5997947512421
 20
14467.298287567875
 10
667.6214407853711
 20
14471.720404670423
 10
666.0803270682857
 20
14476.313222171035
 10
664.9909209616333
 20
14481.033624528642
 10
664.3634493759598
 20
14485.837298486364
 10
664.203802764548
 20
14490.67914906671
 10
664.5134798261874
 20
14495.513722905262
 10
664.8598424151575
 20
14497.647841025415
 10
663.9092738641624
 20
14502.127899096062
 10
663.3665024057939
 20
14506.983209547847
 10
663.3001731206506
 20
14511.86831352475
 10
663.7109192846758
 20
14516.736570710638
 10
664.5948193168691
 20
14521.541501633379
 10
664.9379545296631
 20
14523.00174325771
 10
665.9741916310614
 20
14527.411540013394
 10
667.3411206867979
 20
14532.160892726852
 10
669.1702389519014
 20
14536.752098735353
 10
670.4308419253663
 20
14539.185323028487
 10
670.3895873325303
 20
14542.001462707065
 10
670.7989897339396
 20
14546.89130784376
 10
670.8729900685585
 20
14547.294062816964
 10
670.8837544175542
 20
14547.29151857051
 10
673.2475272072512
 20
14546.73282055117
 10
674.5736592913602
 20
14552.34349894711
 10
672.235602191229
 20
14552.89611883908
 10
671.9896251682095
 20
14552.954257624182
 10
673.272357780895
 20
14557.417019798911
 10
673.4765994177822
 20
14557.931268489761
 10
672.5186011815892
 20
14560.892572529841
 10
671.4707277950416
 20
14565.707572628393
 10
670.9019047474754
 20
14570.602335638372
 10
670.8176569635875
 20
14575.529319187584
 10
671.2188027341692
 20
14580.440667948775
 10
672.1014457681256
 20
14585.28867845391
 10
672.6404824812752
 20
14587.597213687879
 10
673.9756292976115
 20
14592.274660136893
 10
675.2576889767764
 20
14595.52814328836
 10
674.5862841246194
 20
14598.839170219833
 10
674.0874998543537
 20
14603.660868217657
 10
674.0579667678318
 20
14608.50820616
 10
674.497962447211
 20
14613.335623806384
 10
675.4033513630106
 20
14618.097748147646
 10
675.6200667651719
 20
14618.997442157655
 10
676.9197387207946
 20
14624.393030388994
 10
676.9447615353989
 20
14624.47821775852
 10
675.7861514939914
 20
14625.380702855604
 10
672.2293479064865
 20
14628.760867774487
 10
669.0209853996192
 20
14632.47338399175
 10
666.1919622581999
 20
14636.482497946758
 10
663.7695235215814
 20
14640.749599680517
 10
661.7769985990373
 20
14645.233594670699
 10
660.2335765947964
 20
14649.891299594343
 10
660.0074517662111
 20
14650.893990449653
 10
658.6500090782174
 20
14654.188457681374
 10
657.2523664524867
 20
14658.796263258144
 10
656.3044318064033
 20
14663.517142101044
 10
655.8149963909599
 20
14668.30731225634
 10
655.7885992844568
 20
14673.122349154988
 10
656.2254852965862
 20
14677.917597611011
 10
657.1216026980393
 20
14682.64858595864
 10
658.4686407966944
 20
14687.271438487473
 10
659.4198663570578
 20
14689.653859475575
 10
658.165232708793
 20
14693.528736734874
 10
657.1049911032648
 20
14698.440581106828
 10
656.7197712682229
 20
14701.864090537554
 10
655.461254380802
 20
14702.703132732133
 10
652.7772333669532
 20
14704.181347206175
 10
648.8153096062589
 20
14706.888487535813
 10
645.1311349740079
 20
14709.962947802098
 10
641.7586413797247
 20
14713.37641167424
 10
638.7288900946405
 20
14717.097440537395
 10
636.0697856718099
 20
14721.091763047956
 10
633.8058189401698
 20
14725.322590778782
 10
631.9578414396101
 20
14729.750957047207
 10
630.5428733745489
 20
14734.336075805182
 10
629.5739468547956
 20
14739.035717286106
 10
629.0599858674805
 20
14743.80659694854
 10
629.0057240855323
 20
14748.604774134608
 10
629.2474906943131
 20
14755.190374096088
 10
629.424610855435
 20
14760.015037568617
 10
629.8450086594218
 20
14764.90376258905
 10
630.7425609794363
 20
14769.72774087174
 10
632.1086238959851
 20
14774.440514868766
 10
633.9300414764157
 20
14778.996697990273
 10
636.1892724737404
 20
14783.352411702139
 10
638.8645592584337
 20
14787.465708100244
 10
641.9301373562986
 20
14791.296973891716
 10
645.356483574437
 20
14794.8093118926
 10
649.110600325737
 20
14797.968896367911
 10
653.1563334136745
 20
14800.745298791944
 10
657.4547202169902
 20
14803.111780891622
 10
661.9643649210307
 20
14805.045552150674
 10
666.6418371820737
 20
14806.527989294767
 10
667.877132282083
 20
14806.789658951215
 10
668.0294459556724
 20
14810.565401073149
 10
668.5651651112782
 20
14816.541436965479
 10
669.2425476651749
 20
14821.401222945076
 10
669.8356240237745
 20
14823.860204996527
 10
669.6918753108613
 20
14826.34200244872
 10
669.889653756204
 20
14831.244782279866
 10
670.4253729118099
 20
14837.220818172187
 10
671.1027554657059
 20
14842.080604151775
 10
671.6636119709601
 20
14844.405997939377
 10
671.527996840078
 20
14846.798979182888
 10
671.7261220016952
 20
14851.660257727726
 10
672.2618411573011
 20
14857.636293620046
 10
672.9392237111983
 20
14862.496079599641
 10
673.4549314827506
 20
14864.63428007864
 10
673.3301846464734
 20
14866.788013313319
 10
673.5279630918162
 20
14871.690793144457
 10
674.0636822474221
 20
14877.666829036776
 10
674.637578019692
 20
14881.784163638595
 10
673.7547619360553
 20
14882.622585012701
 10
670.5280587931404
 20
14886.358309647625
 10
667.6854458224662
 20
14890.394000817601
 10
665.2546296903529
 20
14894.69032304159
 10
663.2593033202312
 20
14899.205400493547
 10
661.7189149600714
 20
14903.895225161948
 10
660.6484786222413
 20
14908.71408579151
 10
659.999634109784
 20
14912.512146513858
 10
659.5220911582668
 20
14916.461918084931
 10
659.263488354041
 20
14917.36521000255
 10
658.3818632100932
 20
14922.192124518493
 10
657.9776036896506
 20
14927.082210497163
 10
657.9743421400522
 20
14927.179842152129
 10
657.1513809011269
 20
14931.685559749969
 10
656.747119508807
 20
14936.575659933598
 10
656.553468793148
 20
14942.372426222859
 10
656.5575657877945
 20
14942.633474195909
 10
656.5360558186126
 20
14942.893667503293
 10
656.3478888059192
 20
14948.526286788452
 10
656.3518131374132
 20
14948.776334371123
 10
656.3311947104336
 20
14949.026007966437
 10
656.1375440883756
 20
14954.822774279477
 10
656.2145447349482
 20
14959.728956258106
 10
656.4123566988626
 20
14961.458638504888
 10
656.2743593626293
 20
14963.099881781513
 10
656.2360346275193
 20
14964.199027136892
 10
656.3061627469783
 20
14969.109848929254
 10
656.8577430248255
 20
14973.990099724711
 10
657.8854535743535
 20
14978.792692738476
 10
659.3793785966621
 20
14983.471290461852
 10
661.3251040526037
 20
14987.980751746703
 10
663.7038567357099
 20
14992.277567346899
 10
666.4926854042617
 20
14996.320279714473
 10
669.6646822248648
 20
15000.069883000097
 10
673.1892423909421
 20
15003.490199398497
 10
677.0323594112353
 20
15006.548228207681
 10
681.1569532192406
 20
15009.214464234074
 10
685.5232279378364
 20
15011.463182471476
 10
690.0890558472357
 20
15013.272686307122
 10
694.8103838515706
 20
15014.625516860056
 10
699.6416585223445
 20
15015.50862143201
 10
704.5362656177468
 20
15015.913479445528
 10
705.7355448244981
 20
15015.953543381083
 10
708.1067577754336
 20
15016.92133100393
 10
709.7179747320488
 20
15017.40319846923
 10
776.8227891685408
 20
15017.40319846923
  0
INSERT
  5
3EBD
330
17
100
AcDbEntity
  8
BUSH
100
AcDbBlockReference
  2
СНЕЖНОЯГОДНИК_ДОРЕНБОЗА
 10
678.6154355329019
 20
14741.783174370215
 30
0.0
  0
INSERT
  5
3EBF
330
17
100
AcDbEntity
  8
BUSH
100
AcDbBlockReference
  2
СПИРЕЯ_GREFSHEIM
 10
677.2511163064661
 20
14742.077793968643
 30
0.0
  0
INSERT
  5
3EC1
330
17
100
AcDbEntity
  8
BUSH
100
AcDbBlockReference
  2
КИЗИЛЬНИК_БЛЕСТЯЩИЙ
 10
680.5170447110396
 20
14742.838745384433
 30
0.0
  0
INSERT
  5
3EC3
330
17
100
AcDbEntity
  8
BUSH
100
AcDbBlockReference
  2
СНЕЖНОЯГОДНИК_ДОРЕНБОЗА
 10
683.3142847918294
 20
14742.963035088042
 30
0.0
  0
INSERT
  5
3EC5
330
17
100
AcDbEntity
  8
BUSH
100
AcDbBlockReference
  2
СПИРЕЯ_GREFSHEIM
 10
684.4621456437916
 20
14742.363279045547
 30
0.0
  0
INSERT
  5
3EC7
330
17
100
AcDbEntity
  8
BUSH
100
AcDbBlockReference
  2
КИЗИЛЬНИК_БЛЕСТЯЩИЙ
 10
688.658946521915
 20
14742.524691314202
 30
0.0
  0
INSERT
  5
3EC9
330
17
100
AcDbEntity
  8
BUSH
100
AcDbBlockReference
  2
СНЕЖНОЯГОДНИК_ДОРЕНБОЗА
 10
690.0578594181318
 20
14742.579852068351
 30
0.0
  0
INSERT
  5
3ECD
330
17
100
AcDbEntity
  8
BUSH
100
AcDbBlockReference
  2
КИЗИЛЬНИК_БЛЕСТЯЩИЙ
 10
696.3347532752549
 20
14741.240174025324
 30
0.0
  0
INSERT
  5
3ECF
330
17
100
AcDbEntity
  8
BUSH
100
AcDbBlockReference
  2
СНЕЖНОЯГОДНИК_ДОРЕНБОЗА
 10
695.021735483795
 20
14739.319582209997
 30
0.0
  0
INSERT
  5
3ED1
330
17
100
AcDbEntity
  8
BUSH
100
AcDbBlockReference
  2
СПИРЕЯ_GREFSHEIM
 10
693.6231609745171
 20
14739.2564209719
 30
0.0
  0
INSERT
  5
3ED3
330
17
100
AcDbEntity
  8
BUSH
100
AcDbBlockReference
  2
КИЗИЛЬНИК_БЛЕСТЯЩИЙ
 10
692.2665270732317
 20
14739.035929015698
 30
0.0
  0
INSERT
  5
3ED5
330
17
100
AcDbEntity
  8
BUSH
100
AcDbBlockReference
  2
СНЕЖНОЯГОДНИК_ДОРЕНБОЗА
 10
690.9276886609857
 20
14738.641880215904
 30
0.0
  0
INSERT
  5
3ED7
330
17
100
AcDbEntity
  8
BUSH
100
AcDbBlockReference
  2
СПИРЕЯ_GREFSHEIM
 10
689.5310770759955
 20
14738.555972006563
 30
0.0
  0
INSERT
  5
3ED9
330
17
100
AcDbEntity
  8
BUSH
100
AcDbBlockReference
  2
КИЗИЛЬНИК_БЛЕСТЯЩИЙ
 10
688.1321641797788
 20
14738.500811252414
 30
0.0
  0
INSERT
  5
3EDB
330
17
100
AcDbEntity
  8
BUSH
100
AcDbBlockReference
  2
СНЕЖНОЯГОДНИК_ДОРЕНБОЗА
 10
686.7332512835619
 20
14738.445650498265
 30
0.0
  0
INSERT
  5
3EDD
330
17
100
AcDbEntity
  8
BUSH
100
AcDbBlockReference
  2
СПИРЕЯ_GREFSHEIM
 10
685.3343383873452
 20
14738.390489744115
 30
0.0
  0
INSERT
  5
3EDF
330
17
100
AcDbEntity
  8
BUSH
100
AcDbBlockReference
  2
КИЗИЛЬНИК_БЛЕСТЯЩИЙ
 10
683.9364381266879
 20
14738.400077970215
 30
0.0
  0
INSERT
  5
3EE1
330
17
100
AcDbEntity
  8
BUSH
100
AcDbBlockReference
  2
СНЕЖНОЯГОДНИК_ДОРЕНБОЗА
 10
682.5870854287364
 20
14738.751397461998
 30
0.0
  0
INSERT
  5
3EE3
330
17
100
AcDbEntity
  8
BUSH
100
AcDbBlockReference
  2
СПИРЕЯ_GREFSHEIM
 10
681.3872131980602
 20
14739.461678159874
 30
0.0
  0
INSERT
  5
3EE5
330
17
100
AcDbEntity
  8
BUSH
100
AcDbBlockReference
  2
КИЗИЛЬНИК_БЛЕСТЯЩИЙ
 10
680.4300449529608
 20
14740.47578289384
 30
0.0
  0
INSERT
  5
3EE7
330
17
100
AcDbEntity
  8
BUSH
100
AcDbBlockReference
  2
СНЕЖНОЯГОДНИК_ДОРЕНБОЗА
 10
674.4554403292003
 20
14744.62565480832
 30
0.0
  0
INSERT
  5
3EE9
330
17
100
AcDbEntity
  8
BUSH
100
AcDbBlockReference
  2
СПИРЕЯ_GREFSHEIM
 10
674.0402382242047
 20
14745.958236840093
 30
0.0
  0
INSERT
  5
3EEB
330
17
100
AcDbEntity
  8
BUSH
100
AcDbBlockReference
  2
КИЗИЛЬНИК_БЛЕСТЯЩИЙ
 10
673.990133327812
 20
14747.354361362888
 30
0.0
  0
INSERT
  5
3EED
330
17
100
AcDbEntity
  8
BUSH
100
AcDbBlockReference
  2
СНЕЖНОЯГОДНИК_ДОРЕНБОЗА
 10
674.0414946919673
 20
14748.753418906475
 30
0.0
  0
INSERT
  5
3EEF
330
17
100
AcDbEntity
  8
BUSH
100
AcDbBlockReference
  2
СПИРЕЯ_GREFSHEIM
 10
674.0928560561226
 20
14750.152476450065
 30
0.0
  0
INSERT
  5
3EF1
330
17
100
AcDbEntity
  8
BUSH
100
AcDbBlockReference
  2
КИЗИЛЬНИК_БЛЕСТЯЩИЙ
 10
674.1442174202779
 20
14751.551533993654
 30
0.0
  0
INSERT
  5
3EF3
330
17
100
AcDbEntity
  8
BUSH
100
AcDbBlockReference
  2
СНЕЖНОЯГОДНИК_ДОРЕНБОЗА
 10
674.1955787844332
 20
14752.950591537241
 30
0.0
  0
INSERT
  5
3EF5
330
17
100
AcDbEntity
  8
BUSH
100
AcDbBlockReference
  2
СПИРЕЯ_GREFSHEIM
 10
674.2469401485885
 20
14754.34964908083
 30
0.0
  0
INSERT
  5
3EF7
330
17
100
AcDbEntity
  8
BUSH
100
AcDbBlockReference
  2
КИЗИЛЬНИК_БЛЕСТЯЩИЙ
 10
674.2983015127438
 20
14755.74870662442
 30
0.0
  0
INSERT
  5
3EF9
330
17
100
AcDbEntity
  8
BUSH
100
AcDbBlockReference
  2
СНЕЖНОЯГОДНИК_ДОРЕНБОЗА
 10
674.3496628768991
 20
14757.147764168007
 30
0.0
  0
INSERT
  5
3EFB
330
17
100
AcDbEntity
  8
BUSH
100
AcDbBlockReference
  2
СПИРЕЯ_GREFSHEIM
 10
674.409980097272
 20
14758.546272580743
 30
0.0
  0
INSERT
  5
3EFD
330
17
100
AcDbEntity
  8
BUSH
100
AcDbBlockReference
  2
КИЗИЛЬНИК_БЛЕСТЯЩИЙ
 10
674.7038402750559
 20
14759.90954728474
 30
0.0
  0
INSERT
  5
3EFF
330
17
100
AcDbEntity
  8
BUSH
100
AcDbBlockReference
  2
СНЕЖНОЯГОДНИК_ДОРЕНБОЗА
 10
675.362520696302
 20
14761.13945835233
 30
0.0
  0
INSERT
  5
3F01
330
17
100
AcDbEntity
  8
BUSH
100
AcDbBlockReference
  2
СПИРЕЯ_GREFSHEIM
 10
676.3374524717556
 20
14762.138091067893
 30
0.0
  0
INSERT
  5
3F03
330
17
100
AcDbEntity
  8
BUSH
100
AcDbBlockReference
  2
КИЗИЛЬНИК_БЛЕСТЯЩИЙ
 10
677.5515036437963
 20
14762.825683987227
 30
0.0
  0
INSERT
  5
3F05
330
17
100
AcDbEntity
  8
BUSH
100
AcDbBlockReference
  2
СНЕЖНОЯГОДНИК_ДОРЕНБОЗА
 10
678.9074860377881
 20
14763.151688289978
 30
0.0
  0
INSERT
  5
3F07
330
17
100
AcDbEntity
  8
BUSH
100
AcDbBlockReference
  2
СПИРЕЯ_GREFSHEIM
 10
680.3058726882814
 20
14763.150483260595
 30
0.0
  0
INSERT
  5
3F09
330
17
100
AcDbEntity
  8
BUSH
100
AcDbBlockReference
  2
КИЗИЛЬНИК_БЛЕСТЯЩИЙ
 10
681.7049301841936
 20
14763.099120597775
 30
0.0
  0
INSERT
  5
3F0B
330
17
100
AcDbEntity
  8
BUSH
100
AcDbBlockReference
  2
СНЕЖНОЯГОДНИК_ДОРЕНБОЗА
 10
683.1039876801058
 20
14763.047757934955
 30
0.0
  0
INSERT
  5
3F0D
330
17
100
AcDbEntity
  8
BUSH
100
AcDbBlockReference
  2
СПИРЕЯ_GREFSHEIM
 10
684.5030451760178
 20
14762.996395272134
 30
0.0
  0
INSERT
  5
3F0F
330
17
100
AcDbEntity
  8
BUSH
100
AcDbBlockReference
  2
КИЗИЛЬНИК_БЛЕСТЯЩИЙ
 10
685.90210267193
 20
14762.945032609314
 30
0.0
  0
INSERT
  5
3F11
330
17
100
AcDbEntity
  8
BUSH
100
AcDbBlockReference
  2
СНЕЖНОЯГОДНИК_ДОРЕНБОЗА
 10
687.3004983337391
 20
14762.882935017364
 30
0.0
  0
INSERT
  5
3F13
330
17
100
AcDbEntity
  8
BUSH
100
AcDbBlockReference
  2
СПИРЕЯ_GREFSHEIM
 10
688.6616595760231
 20
14762.580027365399
 30
0.0
  0
INSERT
  5
3F15
330
17
100
AcDbEntity
  8
BUSH
100
AcDbBlockReference
  2
КИЗИЛЬНИК_БЛЕСТЯЩИЙ
 10
689.887466805224
 20
14761.913739003954
 30
0.0
  0
INSERT
  5
3F17
330
17
100
AcDbEntity
  8
BUSH
100
AcDbBlockReference
  2
СНЕЖНОЯГОДНИК_ДОРЕНБОЗА
 10
690.8949947281616
 20
14760.945476084284
 30
0.0
  0
INSERT
  5
3F19
330
17
100
AcDbEntity
  8
BUSH
100
AcDbBlockReference
  2
СПИРЕЯ_GREFSHEIM
 10
691.8369126761999
 20
14759.909720041984
 30
0.0
  0
INSERT
  5
3F1B
330
17
100
AcDbEntity
  8
BUSH
100
AcDbBlockReference
  2
КИЗИЛЬНИК_БЛЕСТЯЩИЙ
 10
693.1120285815922
 20
14759.619370224491
 30
0.0
  0
INSERT
  5
3F1D
330
17
100
AcDbEntity
  8
BUSH
100
AcDbBlockReference
  2
СНЕЖНОЯГОДНИК_ДОРЕНБОЗА
 10
694.5119848460996
 20
14759.608304174313
 30
0.0
  0
INSERT
  5
3F1F
330
17
100
AcDbEntity
  8
BUSH
100
AcDbBlockReference
  2
СПИРЕЯ_GREFSHEIM
 10
695.9119411106069
 20
14759.597238124137
 30
0.0
  0
INSERT
  5
3F21
330
17
100
AcDbEntity
  8
BUSH
100
AcDbBlockReference
  2
КИЗИЛЬНИК_БЛЕСТЯЩИЙ
 10
697.3118946458968
 20
14759.585833112895
 30
0.0
  0
INSERT
  5
3F23
330
17
100
AcDbEntity
  8
BUSH
100
AcDbBlockReference
  2
СНЕЖНОЯГОДНИК_ДОРЕНБОЗА
 10
699.0146769426756
 20
14757.77051317919
 30
0.0
  0
INSERT
  5
3F25
330
17
100
AcDbEntity
  8
BUSH
100
AcDbBlockReference
  2
СПИРЕЯ_GREFSHEIM
 10
685.1467141618627
 20
14758.970069999908
 30
0.0
  0
INSERT
  5
3F27
330
17
100
AcDbEntity
  8
BUSH
100
AcDbBlockReference
  2
КИЗИЛЬНИК_БЛЕСТЯЩИЙ
 10
682.3485991700385
 20
14759.07279532555
 30
0.0
  0
INSERT
  5
3F29
330
17
100
AcDbEntity
  8
BUSH
100
AcDbBlockReference
  2
СНЕЖНОЯГОДНИК_ДОРЕНБОЗА
 10
678.2996548048617
 20
14755.71217153369
 30
0.0
  0
INSERT
  5
3F2B
330
17
100
AcDbEntity
  8
BUSH
100
AcDbBlockReference
  2
СПИРЕЯ_GREFSHEIM
 10
678.2482934407064
 20
14754.313113990103
 30
0.0
  0
INSERT
  5
3F2D
330
17
100
AcDbEntity
  8
BUSH
100
AcDbBlockReference
  2
КИЗИЛЬНИК_БЛЕСТЯЩИЙ
 10
678.1969320765511
 20
14752.914056446514
 30
0.0
  0
INSERT
  5
3F2F
330
17
100
AcDbEntity
  8
BUSH
100
AcDbBlockReference
  2
СНЕЖНОЯГОДНИК_ДОРЕНБОЗА
 10
678.0942093482405
 20
14750.115941359338
 30
0.0
  0
INSERT
  5
3F31
330
17
100
AcDbEntity
  8
BUSH
100
AcDbBlockReference
  2
СПИРЕЯ_GREFSHEIM
 10
678.0428479840853
 20
14748.716883815749
 30
0.0
  0
INSERT
  5
3F33
330
17
100
AcDbEntity
  8
BUSH
100
AcDbBlockReference
  2
КИЗИЛЬНИК_БЛЕСТЯЩИЙ
 10
677.9914866199299
 20
14747.31782627216
 30
0.0
  0
INSERT
  5
3F35
330
17
100
AcDbEntity
  8
BUSH
100
AcDbBlockReference
  2
СНЕЖНОЯГОДНИК_ДОРЕНБОЗА
 10
681.0535304921484
 20
14745.8213926982
 30
0.0
  0
INSERT
  5
3F3B
330
17
100
AcDbEntity
  8
BUSH
100
AcDbBlockReference
  2
СНЕЖНОЯГОДНИК_ДОРЕНБОЗА
 10
749.2245135914462
 20
14783.242981206715
 30
0.0
  0
INSERT
  5
3F3D
330
17
100
AcDbEntity
  8
BUSH
100
AcDbBlockReference
  2
СПИРЕЯ_GREFSHEIM
 10
749.1926494662148
 20
14784.642618540638
 30
0.0
  0
INSERT
  5
3F3F
330
17
100
AcDbEntity
  8
BUSH
100
AcDbBlockReference
  2
КИЗИЛЬНИК_БЛЕСТЯЩИЙ
 10
749.160793897702
 20
14786.042256073271
 30
0.0
  0
INSERT
  5
3F41
330
17
100
AcDbEntity
  8
BUSH
100
AcDbBlockReference
  2
СНЕЖНОЯГОДНИК_ДОРЕНБОЗА
 10
749.1289383291892
 20
14787.441893605903
 30
0.0
  0
INSERT
  5
3F43
330
17
100
AcDbEntity
  8
BUSH
100
AcDbBlockReference
  2
СПИРЕЯ_GREFSHEIM
 10
749.0970827606765
 20
14788.841531138536
 30
0.0
  0
INSERT
  5
3F45
330
17
100
AcDbEntity
  8
BUSH
100
AcDbBlockReference
  2
КИЗИЛЬНИК_БЛЕСТЯЩИЙ
 10
749.0652271921637
 20
14790.24116867117
 30
0.0
  0
INSERT
  5
3F47
330
17
100
AcDbEntity
  8
BUSH
100
AcDbBlockReference
  2
СНЕЖНОЯГОДНИК_ДОРЕНБОЗА
 10
749.0333716236509
 20
14791.640806203803
 30
0.0
  0
INSERT
  5
3F49
330
17
100
AcDbEntity
  8
BUSH
100
AcDbBlockReference
  2
СПИРЕЯ_GREFSHEIM
 10
749.001516055138
 20
14793.040443736436
 30
0.0
  0
INSERT
  5
3F4B
330
17
100
AcDbEntity
  8
BUSH
100
AcDbBlockReference
  2
КИЗИЛЬНИК_БЛЕСТЯЩИЙ
 10
748.9696604866252
 20
14794.440081269067
 30
0.0
  0
INSERT
  5
3F4D
330
17
100
AcDbEntity
  8
BUSH
100
AcDbBlockReference
  2
СНЕЖНОЯГОДНИК_ДОРЕНБОЗА
 10
748.9378049181124
 20
14795.8397188017
 30
0.0
  0
INSERT
  5
3F4F
330
17
100
AcDbEntity
  8
BUSH
100
AcDbBlockReference
  2
СПИРЕЯ_GREFSHEIM
 10
748.9059493495996
 20
14797.239356334334
 30
0.0
  0
INSERT
  5
3F51
330
17
100
AcDbEntity
  8
BUSH
100
AcDbBlockReference
  2
КИЗИЛЬНИК_БЛЕСТЯЩИЙ
 10
748.8740937810868
 20
14798.638993866967
 30
0.0
  0
INSERT
  5
3F53
330
17
100
AcDbEntity
  8
BUSH
100
AcDbBlockReference
  2
СНЕЖНОЯГОДНИК_ДОРЕНБОЗА
 10
748.8422382125741
 20
14800.0386313996
 30
0.0
  0
INSERT
  5
3F55
330
17
100
AcDbEntity
  8
BUSH
100
AcDbBlockReference
  2
СПИРЕЯ_GREFSHEIM
 10
748.8103826440613
 20
14801.438268932232
 30
0.0
  0
INSERT
  5
3F57
330
17
100
AcDbEntity
  8
BUSH
100
AcDbBlockReference
  2
КИЗИЛЬНИК_БЛЕСТЯЩИЙ
 10
748.7785270755485
 20
14802.837906464865
 30
0.0
  0
INSERT
  5
3F59
330
17
100
AcDbEntity
  8
BUSH
100
AcDbBlockReference
  2
СНЕЖНОЯГОДНИК_ДОРЕНБОЗА
 10
748.7466715070357
 20
14804.237543997499
 30
0.0
  0
INSERT
  5
3F5B
330
17
100
AcDbEntity
  8
BUSH
100
AcDbBlockReference
  2
СПИРЕЯ_GREFSHEIM
 10
746.8129991914849
 20
14805.185113183768
 30
0.0
  0
INSERT
  5
3F5D
330
17
100
AcDbEntity
  8
BUSH
100
AcDbBlockReference
  2
КИЗИЛЬНИК_БЛЕСТЯЩИЙ
 10
746.629610383414
 20
14806.48372296897
 30
0.0
  0
INSERT
  5
3F5F
330
17
100
AcDbEntity
  8
BUSH
100
AcDbBlockReference
  2
СНЕЖНОЯГОДНИК_ДОРЕНБОЗА
 10
746.5720901510335
 20
14807.882540835193
 30
0.0
  0
INSERT
  5
3F61
330
17
100
AcDbEntity
  8
BUSH
100
AcDbBlockReference
  2
СПИРЕЯ_GREFSHEIM
 10
746.514569918653
 20
14809.281358701417
 30
0.0
  0
INSERT
  5
3F63
330
17
100
AcDbEntity
  8
BUSH
100
AcDbBlockReference
  2
КИЗИЛЬНИК_БЛЕСТЯЩИЙ
 10
747.8946443460154
 20
14809.050856259628
 30
0.0
  0
INSERT
  5
3F65
330
17
100
AcDbEntity
  8
BUSH
100
AcDbBlockReference
  2
СНЕЖНОЯГОДНИК_ДОРЕНБОЗА
 10
749.2761613418634
 20
14809.262720788634
 30
0.0
  0
INSERT
  5
3F67
330
17
100
AcDbEntity
  8
BUSH
100
AcDbBlockReference
  2
СПИРЕЯ_GREFSHEIM
 10
750.6548638771525
 20
14809.505988787325
 30
0.0
  0
INSERT
  5
3F69
330
17
100
AcDbEntity
  8
BUSH
100
AcDbBlockReference
  2
КИЗИЛЬНИК_БЛЕСТЯЩИЙ
 10
752.6106692359656
 20
14810.11564244428
 30
0.0
  0
INSERT
  5
3F6B
330
17
100
AcDbEntity
  8
BUSH
100
AcDbBlockReference
  2
СНЕЖНОЯГОДНИК_ДОРЕНБОЗА
 10
752.6776316680545
 20
14807.316459990285
 30
0.0
  0
INSERT
  5
3F6D
330
17
100
AcDbEntity
  8
BUSH
100
AcDbBlockReference
  2
СПИРЕЯ_GREFSHEIM
 10
752.7094872365673
 20
14805.916822457652
 30
0.0
  0
INSERT
  5
3F6F
330
17
100
AcDbEntity
  8
BUSH
100
AcDbBlockReference
  2
КИЗИЛЬНИК_БЛЕСТЯЩИЙ
 10
752.7413428050801
 20
14804.517184925018
 30
0.0
  0
INSERT
  5
3F71
330
17
100
AcDbEntity
  8
BUSH
100
AcDbBlockReference
  2
СНЕЖНОЯГОДНИК_ДОРЕНБОЗА
 10
752.7731983735929
 20
14803.117547392385
 30
0.0
  0
INSERT
  5
3F73
330
17
100
AcDbEntity
  8
BUSH
100
AcDbBlockReference
  2
СПИРЕЯ_GREFSHEIM
 10
752.8687650791312
 20
14798.918634794487
 30
0.0
  0
INSERT
  5
3F75
330
17
100
AcDbEntity
  8
BUSH
100
AcDbBlockReference
  2
КИЗИЛЬНИК_БЛЕСТЯЩИЙ
 10
752.900620647644
 20
14797.518997261854
 30
0.0
  0
INSERT
  5
3F77
330
17
100
AcDbEntity
  8
BUSH
100
AcDbBlockReference
  2
СНЕЖНОЯГОДНИК_ДОРЕНБОЗА
 10
753.0917540587208
 20
14789.121172066058
 30
0.0
  0
INSERT
  5
3F79
330
17
100
AcDbEntity
  8
BUSH
100
AcDbBlockReference
  2
СПИРЕЯ_GREFSHEIM
 10
753.1236096272336
 20
14787.721534533424
 30
0.0
  0
INSERT
  5
3F7B
330
17
100
AcDbEntity
  8
BUSH
100
AcDbBlockReference
  2
КИЗИЛЬНИК_БЛЕСТЯЩИЙ
 10
753.1554651957464
 20
14786.321897000791
 30
0.0
  0
INSERT
  5
3F7D
330
17
100
AcDbEntity
  8
BUSH
100
AcDbBlockReference
  2
СНЕЖНОЯГОДНИК_ДОРЕНБОЗА
 10
753.2532879914747
 20
14782.123037838768
 30
0.0
  0
INSERT
  5
3F7F
330
17
100
AcDbEntity
  8
BUSH
100
AcDbBlockReference
  2
СПИРЕЯ_GREFSHEIM
 10
753.3221785157147
 20
14779.323885449978
 30
0.0
  0
INSERT
  5
3F81
330
17
100
AcDbEntity
  8
BUSH
100
AcDbBlockReference
  2
КИЗИЛЬНИК_БЛЕСТЯЩИЙ
 10
753.4255143020745
 20
14775.125156866792
 30
0.0
  0
INSERT
  5
3F83
330
17
100
AcDbEntity
  8
BUSH
100
AcDbBlockReference
  2
СНЕЖНОЯГОДНИК_ДОРЕНБОЗА
 10
753.4944048263144
 20
14772.326004478002
 30
0.0
  0
INSERT
  5
3F85
330
17
100
AcDbEntity
  8
BUSH
100
AcDbBlockReference
  2
СПИРЕЯ_GREFSHEIM
 10
753.3554117027332
 20
14771.084456616401
 30
0.0
  0
INSERT
  5
3F87
330
17
100
AcDbEntity
  8
BUSH
100
AcDbBlockReference
  2
КИЗИЛЬНИК_БЛЕСТЯЩИЙ
 10
749.5320152764295
 20
14770.74860573817
 30
0.0
  0
INSERT
  5
3F89
330
17
100
AcDbEntity
  8
BUSH
100
AcDbBlockReference
  2
СНЕЖНОЯГОДНИК_ДОРЕНБОЗА
 10
749.4975700143095
 20
14772.148181932565
 30
0.0
  0
INSERT
  5
3F8B
330
17
100
AcDbEntity
  8
BUSH
100
AcDbBlockReference
  2
СПИРЕЯ_GREFSHEIM
 10
749.4631247521896
 20
14773.54775812696
 30
0.0
  0
INSERT
  5
3F8D
330
17
100
AcDbEntity
  8
BUSH
100
AcDbBlockReference
  2
КИЗИЛЬНИК_БЛЕСТЯЩИЙ
 10
749.4286794900697
 20
14774.947334321356
 30
0.0
  0
INSERT
  5
3F8F
330
17
100
AcDbEntity
  8
BUSH
100
AcDbBlockReference
  2
СНЕЖНОЯГОДНИК_ДОРЕНБОЗА
 10
749.3942342279497
 20
14776.346910515751
 30
0.0
  0
INSERT
  5
3F91
330
17
100
AcDbEntity
  8
BUSH
100
AcDbBlockReference
  2
СПИРЕЯ_GREFSHEIM
 10
749.3597889658298
 20
14777.746486710146
 30
0.0
  0
INSERT
  5
3F93
330
17
100
AcDbEntity
  8
BUSH
100
AcDbBlockReference
  2
КИЗИЛЬНИК_БЛЕСТЯЩИЙ
 10
749.3253437037099
 20
14779.146062904541
 30
0.0
  0
INSERT
  5
3F95
330
17
100
AcDbEntity
  8
BUSH
100
AcDbBlockReference
  2
СНЕЖНОЯГОДНИК_ДОРЕНБОЗА
 10
749.2908984415899
 20
14780.545639098937
 30
0.0
  0
INSERT
  5
3F97
330
17
100
AcDbEntity
  8
BUSH
100
AcDbBlockReference
  2
СПИРЕЯ_GREFSHEIM
 10
743.1224282930697
 20
14807.5677067347
 30
0.0
  0
INSERT
  5
3F99
330
17
100
AcDbEntity
  8
BUSH
100
AcDbBlockReference
  2
КИЗИЛЬНИК_БЛЕСТЯЩИЙ
 10
742.085687207883
 20
14808.50224309037
 30
0.0
  0
INSERT
  5
3F9B
330
17
100
AcDbEntity
  8
BUSH
100
AcDbBlockReference
  2
СНЕЖНОЯГОДНИК_ДОРЕНБОЗА
 10
741.3477207161822
 20
14809.686451136
 30
0.0
  0
INSERT
  5
3F9D
330
17
100
AcDbEntity
  8
BUSH
100
AcDbBlockReference
  2
СПИРЕЯ_GREFSHEIM
 10
742.6925685304803
 20
14811.060168183647
 30
0.0
  0
INSERT
  5
3F9F
330
17
100
AcDbEntity
  8
BUSH
100
AcDbBlockReference
  2
КИЗИЛЬНИК_БЛЕСТЯЩИЙ
 10
743.2176763697091
 20
14809.925710379537
 30
0.0
  0
INSERT
  5
3FA1
330
17
100
AcDbEntity
  8
BUSH
100
AcDbBlockReference
  2
СНЕЖНОЯГОДНИК_ДОРЕНБОЗА
 10
741.1840529246467
 20
14818.662242733184
 30
0.0
  0
INSERT
  5
3FA3
330
17
100
AcDbEntity
  8
BUSH
100
AcDbBlockReference
  2
СПИРЕЯ_GREFSHEIM
 10
741.8899677662661
 20
14819.86597492234
 30
0.0
  0
INSERT
  5
3FA5
330
17
100
AcDbEntity
  8
BUSH
100
AcDbBlockReference
  2
КИЗИЛЬНИК_БЛЕСТЯЩИЙ
 10
742.8982876313191
 20
14820.829095751824
 30
0.0
  0
INSERT
  5
3FA7
330
17
100
AcDbEntity
  8
BUSH
100
AcDbBlockReference
  2
СНЕЖНОЯГОДНИК_ДОРЕНБОЗА
 10
742.9742292489669
 20
14819.465174623154
 30
0.0
  0
INSERT
  5
3FA9
330
17
100
AcDbEntity
  8
BUSH
100
AcDbBlockReference
  2
СПИРЕЯ_GREFSHEIM
 10
743.033261107661
 20
14818.066419734098
 30
0.0
  0
INSERT
  5
3FAB
330
17
100
AcDbEntity
  8
BUSH
100
AcDbBlockReference
  2
КИЗИЛЬНИК_БЛЕСТЯЩИЙ
 10
748.2417928407581
 20
14822.256210829104
 30
0.0
  0
INSERT
  5
3FAD
330
17
100
AcDbEntity
  8
BUSH
100
AcDbBlockReference
  2
СНЕЖНОЯГОДНИК_ДОРЕНБОЗА
 10
748.2098108103485
 20
14823.655845477764
 30
0.0
  0
INSERT
  5
3FAF
330
17
100
AcDbEntity
  8
BUSH
100
AcDbBlockReference
  2
СПИРЕЯ_GREFSHEIM
 10
748.1778287799389
 20
14825.055480126424
 30
0.0
  0
INSERT
  5
3FB1
330
17
100
AcDbEntity
  8
BUSH
100
AcDbBlockReference
  2
КИЗИЛЬНИК_БЛЕСТЯЩИЙ
 10
748.1458467495293
 20
14826.455114775086
 30
0.0
  0
INSERT
  5
3FB3
330
17
100
AcDbEntity
  8
BUSH
100
AcDbBlockReference
  2
СНЕЖНОЯГОДНИК_ДОРЕНБОЗА
 10
748.1138647191198
 20
14827.854749423746
 30
0.0
  0
INSERT
  5
3FB5
330
17
100
AcDbEntity
  8
BUSH
100
AcDbBlockReference
  2
СПИРЕЯ_GREFSHEIM
 10
748.0818826887102
 20
14829.254384072407
 30
0.0
  0
INSERT
  5
3FB7
330
17
100
AcDbEntity
  8
BUSH
100
AcDbBlockReference
  2
КИЗИЛЬНИК_БЛЕСТЯЩИЙ
 10
748.0499006583005
 20
14830.654018721067
 30
0.0
  0
INSERT
  5
3FB9
330
17
100
AcDbEntity
  8
BUSH
100
AcDbBlockReference
  2
СНЕЖНОЯГОДНИК_ДОРЕНБОЗА
 10
748.0179186278909
 20
14832.053653369727
 30
0.0
  0
INSERT
  5
3FBB
330
17
100
AcDbEntity
  8
BUSH
100
AcDbBlockReference
  2
СПИРЕЯ_GREFSHEIM
 10
747.9859365974813
 20
14833.453288018387
 30
0.0
  0
INSERT
  5
3FBD
330
17
100
AcDbEntity
  8
BUSH
100
AcDbBlockReference
  2
КИЗИЛЬНИК_БЛЕСТЯЩИЙ
 10
747.9539545670717
 20
14834.852922667049
 30
0.0
  0
INSERT
  5
3FBF
330
17
100
AcDbEntity
  8
BUSH
100
AcDbBlockReference
  2
СНЕЖНОЯГОДНИК_ДОРЕНБОЗА
 10
747.9219725366621
 20
14836.252557315709
 30
0.0
  0
INSERT
  5
3FC1
330
17
100
AcDbEntity
  8
BUSH
100
AcDbBlockReference
  2
СПИРЕЯ_GREFSHEIM
 10
747.8899905062526
 20
14837.65219196437
 30
0.0
  0
INSERT
  5
3FC3
330
17
100
AcDbEntity
  8
BUSH
100
AcDbBlockReference
  2
КИЗИЛЬНИК_БЛЕСТЯЩИЙ
 10
747.858008475843
 20
14839.05182661303
 30
0.0
  0
INSERT
  5
3FC5
330
17
100
AcDbEntity
  8
BUSH
100
AcDbBlockReference
  2
СНЕЖНОЯГОДНИК_ДОРЕНБОЗА
 10
747.8260264454334
 20
14840.45146126169
 30
0.0
  0
INSERT
  5
3FC7
330
17
100
AcDbEntity
  8
BUSH
100
AcDbBlockReference
  2
СПИРЕЯ_GREFSHEIM
 10
747.7940444150238
 20
14841.85109591035
 30
0.0
  0
INSERT
  5
3FC9
330
17
100
AcDbEntity
  8
BUSH
100
AcDbBlockReference
  2
КИЗИЛЬНИК_БЛЕСТЯЩИЙ
 10
747.7620623846142
 20
14843.250730559012
 30
0.0
  0
INSERT
  5
3FCB
330
17
100
AcDbEntity
  8
BUSH
100
AcDbBlockReference
  2
СНЕЖНОЯГОДНИК_ДОРЕНБОЗА
 10
747.7300803542046
 20
14844.650365207672
 30
0.0
  0
INSERT
  5
3FCD
330
17
100
AcDbEntity
  8
BUSH
100
AcDbBlockReference
  2
СПИРЕЯ_GREFSHEIM
 10
747.698098323795
 20
14846.049999856332
 30
0.0
  0
INSERT
  5
3FCF
330
17
100
AcDbEntity
  8
BUSH
100
AcDbBlockReference
  2
КИЗИЛЬНИК_БЛЕСТЯЩИЙ
 10
747.6661162933855
 20
14847.449634504992
 30
0.0
  0
INSERT
  5
3FD1
330
17
100
AcDbEntity
  8
BUSH
100
AcDbBlockReference
  2
СНЕЖНОЯГОДНИК_ДОРЕНБОЗА
 10
747.6341342629759
 20
14848.849269153652
 30
0.0
  0
INSERT
  5
3FD3
330
17
100
AcDbEntity
  8
BUSH
100
AcDbBlockReference
  2
СПИРЕЯ_GREFSHEIM
 10
747.6021522325663
 20
14850.248903802312
 30
0.0
  0
INSERT
  5
3FD5
330
17
100
AcDbEntity
  8
BUSH
100
AcDbBlockReference
  2
КИЗИЛЬНИК_БЛЕСТЯЩИЙ
 10
747.5701702021566
 20
14851.648538450974
 30
0.0
  0
INSERT
  5
3FD7
330
17
100
AcDbEntity
  8
BUSH
100
AcDbBlockReference
  2
СНЕЖНОЯГОДНИК_ДОРЕНБОЗА
 10
747.538188171747
 20
14853.048173099634
 30
0.0
  0
INSERT
  5
3FD9
330
17
100
AcDbEntity
  8
BUSH
100
AcDbBlockReference
  2
СПИРЕЯ_GREFSHEIM
 10
747.5062061413374
 20
14854.447807748295
 30
0.0
  0
INSERT
  5
3FDB
330
17
100
AcDbEntity
  8
BUSH
100
AcDbBlockReference
  2
КИЗИЛЬНИК_БЛЕСТЯЩИЙ
 10
747.4742241109278
 20
14855.847442396955
 30
0.0
  0
INSERT
  5
3FDD
330
17
100
AcDbEntity
  8
BUSH
100
AcDbBlockReference
  2
СНЕЖНОЯГОДНИК_ДОРЕНБОЗА
 10
747.4414017434684
 20
14857.247057494385
 30
0.0
  0
INSERT
  5
3FDF
330
17
100
AcDbEntity
  8
BUSH
100
AcDbBlockReference
  2
СПИРЕЯ_GREFSHEIM
 10
747.4082567769251
 20
14858.646665086246
 30
0.0
  0
INSERT
  5
3FE1
330
17
100
AcDbEntity
  8
BUSH
100
AcDbBlockReference
  2
КИЗИЛЬНИК_БЛЕСТЯЩИЙ
 10
747.3751118103818
 20
14860.046272678106
 30
0.0
  0
INSERT
  5
3FE3
330
17
100
AcDbEntity
  8
BUSH
100
AcDbBlockReference
  2
СНЕЖНОЯГОДНИК_ДОРЕНБОЗА
 10
750.7822522083084
 20
14860.148666257572
 30
0.0
  0
INSERT
  5
3FE5
330
17
100
AcDbEntity
  8
BUSH
100
AcDbBlockReference
  2
СПИРЕЯ_GREFSHEIM
 10
751.5895154756287
 20
14850.847622769475
 30
0.0
  0
INSERT
  5
3FE7
330
17
100
AcDbEntity
  8
BUSH
100
AcDbBlockReference
  2
КИЗИЛЬНИК_БЛЕСТЯЩИЙ
 10
751.6214975060383
 20
14849.447988120815
 30
0.0
  0
INSERT
  5
3FE9
330
17
100
AcDbEntity
  8
BUSH
100
AcDbBlockReference
  2
СНЕЖНОЯГОДНИК_ДОРЕНБОЗА
 10
751.6534795364479
 20
14848.048353472155
 30
0.0
  0
INSERT
  5
3FEB
330
17
100
AcDbEntity
  8
BUSH
100
AcDbBlockReference
  2
СПИРЕЯ_GREFSHEIM
 10
751.8133896884958
 20
14841.050180228853
 30
0.0
  0
INSERT
  5
3FED
330
17
100
AcDbEntity
  8
BUSH
100
AcDbBlockReference
  2
КИЗИЛЬНИК_БЛЕСТЯЩИЙ
 10
751.8453717189054
 20
14839.650545580193
 30
0.0
  0
INSERT
  5
3FEF
330
17
100
AcDbEntity
  8
BUSH
100
AcDbBlockReference
  2
СНЕЖНОЯГОДНИК_ДОРЕНБОЗА
 10
751.9093357797246
 20
14836.85127628287
 30
0.0
  0
INSERT
  5
3FF1
330
17
100
AcDbEntity
  8
BUSH
100
AcDbBlockReference
  2
СПИРЕЯ_GREFSHEIM
 10
752.0052818709534
 20
14832.65237233689
 30
0.0
  0
INSERT
  5
3FF3
330
17
100
AcDbEntity
  8
BUSH
100
AcDbBlockReference
  2
КИЗИЛЬНИК_БЛЕСТЯЩИЙ
 10
752.037263901363
 20
14831.25273768823
 30
0.0
  0
INSERT
  5
3FF5
330
17
100
AcDbEntity
  8
BUSH
100
AcDbBlockReference
  2
СНЕЖНОЯГОДНИК_ДОРЕНБОЗА
 10
752.0692459317726
 20
14829.853103039568
 30
0.0
  0
INSERT
  5
3FF7
330
17
100
AcDbEntity
  8
BUSH
100
AcDbBlockReference
  2
СПИРЕЯ_GREFSHEIM
 10
752.1012279621822
 20
14828.453468390908
 30
0.0
  0
INSERT
  5
3FF9
330
17
100
AcDbEntity
  8
BUSH
100
AcDbBlockReference
  2
КИЗИЛЬНИК_БЛЕСТЯЩИЙ
 10
752.2291560838205
 20
14822.854929796267
 30
0.0
  0
INSERT
  5
3FFB
330
17
100
AcDbEntity
  8
BUSH
100
AcDbBlockReference
  2
СНЕЖНОЯГОДНИК_ДОРЕНБОЗА
 10
752.2611381142301
 20
14821.455295147605
 30
0.0
  0
INSERT
  5
3FFD
330
17
100
AcDbEntity
  8
BUSH
100
AcDbBlockReference
  2
СПИРЕЯ_GREFSHEIM
 10
752.1670931906816
 20
14820.068227571104
 30
0.0
  0
INSERT
  5
3FFF
330
17
100
AcDbEntity
  8
BUSH
100
AcDbBlockReference
  2
КИЗИЛЬНИК_БЛЕСТЯЩИЙ
 10
748.6747059190056
 20
14818.272682014825
 30
0.0
  0
INSERT
  5
4001
330
17
100
AcDbEntity
  8
BUSH
100
AcDbBlockReference
  2
СНЕЖНОЯГОДНИК_ДОРЕНБОЗА
 10
747.294252392234
 20
14818.03955531017
 30
0.0
  0
INSERT
  5
4003
330
17
100
AcDbEntity
  8
BUSH
100
AcDbBlockReference
  2
СПИРЕЯ_GREFSHEIM
 10
746.6694923145506
 20
14821.990685598957
 30
0.0
  0
INSERT
  5
4005
330
17
100
AcDbEntity
  8
BUSH
100
AcDbBlockReference
  2
КИЗИЛЬНИК_БЛЕСТЯЩИЙ
 10
746.9093636869721
 20
14877.183919346928
 30
0.0
  0
INSERT
  5
4007
330
17
100
AcDbEntity
  8
BUSH
100
AcDbBlockReference
  2
СНЕЖНОЯГОДНИК_ДОРЕНБОЗА
 10
746.8766117927998
 20
14878.583536096266
 30
0.0
  0
INSERT
  5
4009
330
17
100
AcDbEntity
  8
BUSH
100
AcDbBlockReference
  2
СПИРЕЯ_GREFSHEIM
 10
746.8439324412384
 20
14879.98315463715
 30
0.0
  0
INSERT
  5
400B
330
17
100
AcDbEntity
  8
BUSH
100
AcDbBlockReference
  2
КИЗИЛЬНИК_БЛЕСТЯЩИЙ
 10
746.8112530896769
 20
14881.382773178031
 30
0.0
  0
INSERT
  5
400D
330
17
100
AcDbEntity
  8
BUSH
100
AcDbBlockReference
  2
СНЕЖНОЯГОДНИК_ДОРЕНБОЗА
 10
746.7785737381155
 20
14882.782391718914
 30
0.0
  0
INSERT
  5
400F
330
17
100
AcDbEntity
  8
BUSH
100
AcDbBlockReference
  2
СПИРЕЯ_GREFSHEIM
 10
748.2539755770302
 20
14883.159216340357
 30
0.0
  0
INSERT
  5
4011
330
17
100
AcDbEntity
  8
BUSH
100
AcDbBlockReference
  2
КИЗИЛЬНИК_БЛЕСТЯЩИЙ
 10
749.507741149892
 20
14882.536262178073
 30
0.0
  0
INSERT
  5
4013
330
17
100
AcDbEntity
  8
BUSH
100
AcDbBlockReference
  2
СНЕЖНОЯГОДНИК_ДОРЕНБОЗА
 10
750.8974313490833
 20
14877.73854991395
 30
0.0
  0
INSERT
  5
4015
330
17
100
AcDbEntity
  8
BUSH
100
AcDbBlockReference
  2
СПИРЕЯ_GREFSHEIM
 10
750.9755157773468
 20
14874.93964424379
 30
0.0
  0
INSERT
  5
4017
330
17
100
AcDbEntity
  8
BUSH
100
AcDbBlockReference
  2
КИЗИЛЬНИК_БЛЕСТЯЩИЙ
 10
750.2220120657328
 20
14866.346668335726
 30
0.0
  0
INSERT
  5
4019
330
17
100
AcDbEntity
  8
BUSH
100
AcDbBlockReference
  2
СНЕЖНОЯГОДНИК_ДОРЕНБОЗА
 10
748.8442640338393
 20
14866.595285230995
 30
0.0
  0
INSERT
  5
401B
330
17
100
AcDbEntity
  8
BUSH
100
AcDbBlockReference
  2
СПИРЕЯ_GREFSHEIM
 10
747.4665160019458
 20
14866.843902126264
 30
0.0
  0
INSERT
  5
401D
330
17
100
AcDbEntity
  8
BUSH
100
AcDbBlockReference
  2
КИЗИЛЬНИК_БЛЕСТЯЩИЙ
 10
747.1725899568327
 20
14868.025035914168
 30
0.0
  0
INSERT
  5
401F
330
17
100
AcDbEntity
  8
BUSH
100
AcDbBlockReference
  2
СНЕЖНОЯГОДНИК_ДОРЕНБОЗА
 10
747.1323705698703
 20
14869.42445808096
 30
0.0
  0
INSERT
  5
4021
330
17
100
AcDbEntity
  8
BUSH
100
AcDbBlockReference
  2
СПИРЕЯ_GREFSHEIM
 10
747.092151182908
 20
14870.823880247755
 30
0.0
  0
INSERT
  5
4023
330
17
100
AcDbEntity
  8
BUSH
100
AcDbBlockReference
  2
КИЗИЛЬНИК_БЛЕСТЯЩИЙ
 10
747.0519317959456
 20
14872.223302414548
 30
0.0
  0
INSERT
  5
4025
330
17
100
AcDbEntity
  8
BUSH
100
AcDbBlockReference
  2
СНЕЖНОЯГОДНИК_ДОРЕНБОЗА
 10
747.0117124089833
 20
14873.62272458134
 30
0.0
  0
INSERT
  5
4027
330
17
100
AcDbEntity
  8
BUSH
100
AcDbBlockReference
  2
СПИРЕЯ_GREFSHEIM
 10
746.9714930220209
 20
14875.022146748135
 30
0.0
  0
INSERT
  5
4029
330
17
100
AcDbEntity
  8
BUSH
100
AcDbBlockReference
  2
КИЗИЛЬНИК_БЛЕСТЯЩИЙ
 10
746.4521778690967
 20
14897.099274261038
 30
0.0
  0
INSERT
  5
402B
330
17
100
AcDbEntity
  8
BUSH
100
AcDbBlockReference
  2
СНЕЖНОЯГОДНИК_ДОРЕНБОЗА
 10
746.4207115993855
 20
14898.498920599894
 30
0.0
  0
INSERT
  5
402D
330
17
100
AcDbEntity
  8
BUSH
100
AcDbBlockReference
  2
СПИРЕЯ_GREFSHEIM
 10
747.7563777409918
 20
14898.69545637412
 30
0.0
  0
INSERT
  5
402F
330
17
100
AcDbEntity
  8
BUSH
100
AcDbBlockReference
  2
КИЗИЛЬНИК_БЛЕСТЯЩИЙ
 10
747.8199366110559
 20
14897.296899879004
 30
0.0
  0
INSERT
  5
4031
330
17
100
AcDbEntity
  8
BUSH
100
AcDbBlockReference
  2
СНЕЖНОЯГОДНИК_ДОРЕНБОЗА
 10
747.8834954811202
 20
14895.898343383886
 30
0.0
  0
INSERT
  5
4033
330
17
100
AcDbEntity
  8
BUSH
100
AcDbBlockReference
  2
СПИРЕЯ_GREFSHEIM
 10
747.9470543511845
 20
14894.499786888768
 30
0.0
  0
INSERT
  5
4035
330
17
100
AcDbEntity
  8
BUSH
100
AcDbBlockReference
  2
КИЗИЛЬНИК_БЛЕСТЯЩИЙ
 10
748.1077077774992
 20
14891.706042469455
 30
0.0
  0
INSERT
  5
4037
330
17
100
AcDbEntity
  8
BUSH
100
AcDbBlockReference
  2
СНЕЖНОЯГОДНИК_ДОРЕНБОЗА
 10
750.6375455454295
 20
14888.91621993219
 30
0.0
  0
INSERT
  5
4039
330
17
100
AcDbEntity
  8
BUSH
100
AcDbBlockReference
  2
СПИРЕЯ_GREFSHEIM
 10
746.5778787623982
 20
14891.519693975635
 30
0.0
  0
INSERT
  5
403B
330
17
100
AcDbEntity
  8
BUSH
100
AcDbBlockReference
  2
КИЗИЛЬНИК_БЛЕСТЯЩИЙ
 10
746.5463465324624
 20
14892.919338830045
 30
0.0
  0
INSERT
  5
403D
330
17
100
AcDbEntity
  8
BUSH
100
AcDbBlockReference
  2
СНЕЖНОЯГОДНИК_ДОРЕНБОЗА
 10
746.5148143025267
 20
14894.318983684454
 30
0.0
  0
INSERT
  5
403F
330
17
100
AcDbEntity
  8
BUSH
100
AcDbBlockReference
  2
СПИРЕЯ_GREFSHEIM
 10
746.0976744906164
 20
14914.50394757291
 30
0.0
  0
INSERT
  5
4041
330
17
100
AcDbEntity
  8
BUSH
100
AcDbBlockReference
  2
КИЗИЛЬНИК_БЛЕСТЯЩИЙ
 10
746.0711622403849
 20
14915.903696514895
 30
0.0
  0
INSERT
  5
4043
330
17
100
AcDbEntity
  8
BUSH
100
AcDbBlockReference
  2
СНЕЖНОЯГОДНИК_ДОРЕНБОЗА
 10
746.0446499901532
 20
14917.303445456879
 30
0.0
  0
INSERT
  5
4045
330
17
100
AcDbEntity
  8
BUSH
100
AcDbBlockReference
  2
СПИРЕЯ_GREFSHEIM
 10
743.5645112242468
 20
14917.515204637792
 30
0.0
  0
INSERT
  5
4047
330
17
100
AcDbEntity
  8
BUSH
100
AcDbBlockReference
  2
КИЗИЛЬНИК_БЛЕСТЯЩИЙ
 10
742.165934735258
 20
14917.452087251533
 30
0.0
  0
INSERT
  5
4049
330
17
100
AcDbEntity
  8
BUSH
100
AcDbBlockReference
  2
СНЕЖНОЯГОДНИК_ДОРЕНБОЗА
 10
744.9545588895373
 20
14921.5820084345
 30
0.0
  0
INSERT
  5
404B
330
17
100
AcDbEntity
  8
BUSH
100
AcDbBlockReference
  2
СПИРЕЯ_GREFSHEIM
 10
750.0152131947013
 20
14918.895477629974
 30
0.0
  0
INSERT
  5
404D
330
17
100
AcDbEntity
  8
BUSH
100
AcDbBlockReference
  2
КИЗИЛЬНИК_БЛЕСТЯЩИЙ
 10
750.0417254449329
 20
14917.49572868799
 30
0.0
  0
INSERT
  5
404F
330
17
100
AcDbEntity
  8
BUSH
100
AcDbBlockReference
  2
СНЕЖНОЯГОДНИК_ДОРЕНБОЗА
 10
750.1212621956278
 20
14913.296481862035
 30
0.0
  0
INSERT
  5
4051
330
17
100
AcDbEntity
  8
BUSH
100
AcDbBlockReference
  2
СПИРЕЯ_GREFSHEIM
 10
750.174286696091
 20
14910.496983978066
 30
0.0
  0
INSERT
  5
4053
330
17
100
AcDbEntity
  8
BUSH
100
AcDbBlockReference
  2
КИЗИЛЬНИК_БЛЕСТЯЩИЙ
 10
750.2273111965543
 20
14907.697486094095
 30
0.0
  0
INSERT
  5
4055
330
17
100
AcDbEntity
  8
BUSH
100
AcDbBlockReference
  2
СНЕЖНОЯГОДНИК_ДОРЕНБОЗА
 10
747.9315195650413
 20
14906.401996756844
 30
0.0
  0
INSERT
  5
4057
330
17
100
AcDbEntity
  8
BUSH
100
AcDbBlockReference
  2
СПИРЕЯ_GREFSHEIM
 10
746.2745604826914
 20
14905.165020167813
 30
0.0
  0
INSERT
  5
4059
330
17
100
AcDbEntity
  8
BUSH
100
AcDbBlockReference
  2
КИЗИЛЬНИК_БЛЕСТЯЩИЙ
 10
746.2480482324598
 20
14906.564769109798
 30
0.0
  0
INSERT
  5
405B
330
17
100
AcDbEntity
  8
BUSH
100
AcDbBlockReference
  2
СНЕЖНОЯГОДНИК_ДОРЕНБОЗА
 10
746.2215359822281
 20
14907.964518051784
 30
0.0
  0
INSERT
  5
405D
330
17
100
AcDbEntity
  8
BUSH
100
AcDbBlockReference
  2
СПИРЕЯ_GREFSHEIM
 10
746.1950237319966
 20
14909.364266993767
 30
0.0
  0
INSERT
  5
405F
330
17
100
AcDbEntity
  8
BUSH
100
AcDbBlockReference
  2
КИЗИЛЬНИК_БЛЕСТЯЩИЙ
 10
746.168511481765
 20
14910.764015935752
 30
0.0
  0
INSERT
  5
4061
330
17
100
AcDbEntity
  8
BUSH
100
AcDbBlockReference
  2
СНЕЖНОЯГОДНИК_ДОРЕНБОЗА
 10
746.1419992315333
 20
14912.163764877738
 30
0.0
  0
INSERT
  5
4063
330
17
100
AcDbEntity
  8
BUSH
100
AcDbBlockReference
  2
СПИРЕЯ_GREFSHEIM
 10
731.833917006328
 20
14917.442229476912
 30
0.0
  0
INSERT
  5
4065
330
17
100
AcDbEntity
  8
BUSH
100
AcDbBlockReference
  2
КИЗИЛЬНИК_БЛЕСТЯЩИЙ
 10
731.7793763840859
 20
14918.841166687986
 30
0.0
  0
INSERT
  5
4067
330
17
100
AcDbEntity
  8
BUSH
100
AcDbBlockReference
  2
СНЕЖНОЯГОДНИК_ДОРЕНБОЗА
 10
733.2658871305526
 20
14920.359285899332
 30
0.0
  0
INSERT
  5
4069
330
17
100
AcDbEntity
  8
BUSH
100
AcDbBlockReference
  2
СПИРЕЯ_GREFSHEIM
 10
736.0207289562402
 20
14920.860131699397
 30
0.0
  0
INSERT
  5
406B
330
17
100
AcDbEntity
  8
BUSH
100
AcDbBlockReference
  2
КИЗИЛЬНИК_БЛЕСТЯЩИЙ
 10
737.398149869084
 20
14921.110554599429
 30
0.0
  0
INSERT
  5
406D
330
17
100
AcDbEntity
  8
BUSH
100
AcDbBlockReference
  2
СНЕЖНОЯГОДНИК_ДОРЕНБОЗА
 10
738.123749385504
 20
14919.076404970207
 30
0.0
  0
INSERT
  5
406F
330
17
100
AcDbEntity
  8
BUSH
100
AcDbBlockReference
  2
СПИРЕЯ_GREFSHEIM
 10
738.1809568046358
 20
14917.67757427595
 30
0.0
  0
INSERT
  5
4071
330
17
100
AcDbEntity
  8
BUSH
100
AcDbBlockReference
  2
КИЗИЛЬНИК_БЛЕСТЯЩИЙ
 10
735.925220698299
 20
14916.777198586875
 30
0.0
  0
INSERT
  5
4073
330
17
100
AcDbEntity
  8
BUSH
100
AcDbBlockReference
  2
СНЕЖНОЯГОДНИК_ДОРЕНБОЗА
 10
734.5477997854551
 20
14916.526775686843
 30
0.0
  0
INSERT
  5
4075
330
17
100
AcDbEntity
  8
BUSH
100
AcDbBlockReference
  2
СПИРЕЯ_GREFSHEIM
 10
728.1704166158339
 20
14915.367331414536
 30
0.0
  0
INSERT
  5
4079
330
17
100
AcDbEntity
  8
BUSH
100
AcDbBlockReference
  2
СНЕЖНОЯГОДНИК_ДОРЕНБОЗА
 10
721.5528547889161
 20
14916.488266489805
 30
0.0
  0
INSERT
  5
407B
330
17
100
AcDbEntity
  8
BUSH
100
AcDbBlockReference
  2
СПИРЕЯ_GREFSHEIM
 10
720.2665445933874
 20
14916.278726551802
 30
0.0
  0
INSERT
  5
4083
330
17
100
AcDbEntity
  8
BUSH
100
AcDbBlockReference
  2
КИЗИЛЬНИК_БЛЕСТЯЩИЙ
 10
712.348127195801
 20
14912.49074985202
 30
0.0
  0
INSERT
  5
4085
330
17
100
AcDbEntity
  8
BUSH
100
AcDbBlockReference
  2
СНЕЖНОЯГОДНИК_ДОРЕНБОЗА
 10
710.9707062829572
 20
14912.240326951987
 30
0.0
  0
INSERT
  5
4087
330
17
100
AcDbEntity
  8
BUSH
100
AcDbBlockReference
  2
СПИРЕЯ_GREFSHEIM
 10
709.5780794205941
 20
14912.152683857237
 30
0.0
  0
INSERT
  5
4089
330
17
100
AcDbEntity
  8
BUSH
100
AcDbBlockReference
  2
КИЗИЛЬНИК_БЛЕСТЯЩИЙ
 10
708.214784277044
 20
14912.445022228436
 30
0.0
  0
INSERT
  5
408B
330
17
100
AcDbEntity
  8
BUSH
100
AcDbBlockReference
  2
СНЕЖНОЯГОДНИК_ДОРЕНБОЗА
 10
706.9845351361038
 20
14913.101831474105
 30
0.0
  0
INSERT
  5
408D
330
17
100
AcDbEntity
  8
BUSH
100
AcDbBlockReference
  2
СПИРЕЯ_GREFSHEIM
 10
705.982369442401
 20
14914.072720116143
 30
0.0
  0
INSERT
  5
408F
330
17
100
AcDbEntity
  8
BUSH
100
AcDbBlockReference
  2
КИЗИЛЬНИК_БЛЕСТЯЩИЙ
 10
705.2915323344574
 20
14915.285319250577
 30
0.0
  0
INSERT
  5
4091
330
17
100
AcDbEntity
  8
BUSH
100
AcDbBlockReference
  2
СНЕЖНОЯГОДНИК_ДОРЕНБОЗА
 10
704.9466059232417
 20
14916.63871189926
 30
0.0
  0
INSERT
  5
4093
330
17
100
AcDbEntity
  8
BUSH
100
AcDbBlockReference
  2
СПИРЕЯ_GREFSHEIM
 10
708.393356932027
 20
14920.216411263162
 30
0.0
  0
INSERT
  5
4095
330
17
100
AcDbEntity
  8
BUSH
100
AcDbBlockReference
  2
КИЗИЛЬНИК_БЛЕСТЯЩИЙ
 10
708.8648660236455
 20
14917.456396919626
 30
0.0
  0
INSERT
  5
4097
330
17
100
AcDbEntity
  8
BUSH
100
AcDbBlockReference
  2
СНЕЖНОЯГОДНИК_ДОРЕНБОЗА
 10
709.4559415987114
 20
14916.2564341543
 30
0.0
  0
INSERT
  5
4099
330
17
100
AcDbEntity
  8
BUSH
100
AcDbBlockReference
  2
СПИРЕЯ_GREFSHEIM
 10
712.200306400686
 20
14916.529444368656
 30
0.0
  0
INSERT
  5
409B
330
17
100
AcDbEntity
  8
BUSH
100
AcDbBlockReference
  2
КИЗИЛЬНИК_БЛЕСТЯЩИЙ
 10
713.5777273135299
 20
14916.779867268688
 30
0.0
  0
INSERT
  5
409D
330
17
100
AcDbEntity
  8
BUSH
100
AcDbBlockReference
  2
СНЕЖНОЯГОДНИК_ДОРЕНБОЗА
 10
717.7099900520614
 20
14917.531135968784
 30
0.0
  0
INSERT
  5
409F
330
17
100
AcDbEntity
  8
BUSH
100
AcDbBlockReference
  2
СПИРЕЯ_GREFSHEIM
 10
719.0874109649053
 20
14917.781558868815
 30
0.0
  0
INSERT
  5
40A1
330
17
100
AcDbEntity
  8
BUSH
100
AcDbBlockReference
  2
КИЗИЛЬНИК_БЛЕСТЯЩИЙ
 10
721.842252790593
 20
14918.28240466888
 30
0.0
  0
INSERT
  5
40A3
330
17
100
AcDbEntity
  8
BUSH
100
AcDbBlockReference
  2
СНЕЖНОЯГОДНИК_ДОРЕНБОЗА
 10
723.2196737034368
 20
14918.532827568912
 30
0.0
  0
INSERT
  5
40A5
330
17
100
AcDbEntity
  8
BUSH
100
AcDbBlockReference
  2
СПИРЕЯ_GREFSHEIM
 10
727.3519364419683
 20
14919.284096269008
 30
0.0
  0
INSERT
  5
40A7
330
17
100
AcDbEntity
  8
BUSH
100
AcDbBlockReference
  2
КИЗИЛЬНИК_БЛЕСТЯЩИЙ
 10
728.7293573548121
 20
14919.53451916904
 30
0.0
  0
INSERT
  5
40A9
330
17
100
AcDbEntity
  8
BUSH
100
AcDbBlockReference
  2
СНЕЖНОЯГОДНИК_ДОРЕНБОЗА
 10
729.8125554838005
 20
14917.951168498037
 30
0.0
  0
INSERT
  5
40AB
330
17
100
AcDbEntity
  8
BUSH
100
AcDbBlockReference
  2
СПИРЕЯ_GREFSHEIM
 10
729.8670961060425
 20
14916.552231286963
 30
0.0
  0
INSERT
  5
40AD
330
17
100
AcDbEntity
  8
BUSH
100
AcDbBlockReference
  2
КИЗИЛЬНИК_БЛЕСТЯЩИЙ
 10
714.1382491453031
 20
14935.432810173616
 30
0.0
  0
INSERT
  5
40AF
330
17
100
AcDbEntity
  8
BUSH
100
AcDbBlockReference
  2
СНЕЖНОЯГОДНИК_ДОРЕНБОЗА
 10
713.1096573085634
 20
14936.382546365088
 30
0.0
  0
INSERT
  5
40B1
330
17
100
AcDbEntity
  8
BUSH
100
AcDbBlockReference
  2
СПИРЕЯ_GREFSHEIM
 10
712.0810654718239
 20
14937.332282556561
 30
0.0
  0
INSERT
  5
40B3
330
17
100
AcDbEntity
  8
BUSH
100
AcDbBlockReference
  2
КИЗИЛЬНИК_БЛЕСТЯЩИЙ
 10
711.0524736350842
 20
14938.282018748032
 30
0.0
  0
INSERT
  5
40B5
330
17
100
AcDbEntity
  8
BUSH
100
AcDbBlockReference
  2
СНЕЖНОЯГОДНИК_ДОРЕНБОЗА
 10
710.086309027574
 20
14939.291704399791
 30
0.0
  0
INSERT
  5
40B7
330
17
100
AcDbEntity
  8
BUSH
100
AcDbBlockReference
  2
СПИРЕЯ_GREFSHEIM
 10
709.4167426444154
 20
14940.51536418575
 30
0.0
  0
INSERT
  5
40B9
330
17
100
AcDbEntity
  8
BUSH
100
AcDbBlockReference
  2
КИЗИЛЬНИК_БЛЕСТЯЩИЙ
 10
709.2051415868101
 20
14944.699079306822
 30
0.0
  0
INSERT
  5
40BB
330
17
100
AcDbEntity
  8
BUSH
100
AcDbBlockReference
  2
СНЕЖНОЯГОДНИК_ДОРЕНБОЗА
 10
709.0649117543893
 20
14948.89673765334
 30
0.0
  0
INSERT
  5
40BD
330
17
100
AcDbEntity
  8
BUSH
100
AcDbBlockReference
  2
СПИРЕЯ_GREFSHEIM
 10
709.2034412529041
 20
14951.658956182226
 30
0.0
  0
INSERT
  5
40BF
330
17
100
AcDbEntity
  8
BUSH
100
AcDbBlockReference
  2
КИЗИЛЬНИК_БЛЕСТЯЩИЙ
 10
709.9157552058363
 20
14952.857671500955
 30
0.0
  0
INSERT
  5
40C1
330
17
100
AcDbEntity
  8
BUSH
100
AcDbBlockReference
  2
СНЕЖНОЯГОДНИК_ДОРЕНБОЗА
 10
710.931428088839
 20
14953.813469890747
 30
0.0
  0
INSERT
  5
40C3
330
17
100
AcDbEntity
  8
BUSH
100
AcDbBlockReference
  2
СПИРЕЯ_GREFSHEIM
 10
712.1718909964895
 20
14954.452091434865
 30
0.0
  0
INSERT
  5
40C5
330
17
100
AcDbEntity
  8
BUSH
100
AcDbBlockReference
  2
КИЗИЛЬНИК_БЛЕСТЯЩИЙ
 10
713.541238717356
 20
14954.72189858477
 30
0.0
  0
INSERT
  5
40C7
330
17
100
AcDbEntity
  8
BUSH
100
AcDbBlockReference
  2
СНЕЖНОЯГОДНИК_ДОРЕНБОЗА
 10
714.9394169922064
 20
14954.792867216704
 30
0.0
  0
INSERT
  5
40C9
330
17
100
AcDbEntity
  8
BUSH
100
AcDbBlockReference
  2
СПИРЕЯ_GREFSHEIM
 10
716.3376626617414
 20
14954.862931812802
 30
0.0
  0
INSERT
  5
40CB
330
17
100
AcDbEntity
  8
BUSH
100
AcDbBlockReference
  2
КИЗИЛЬНИК_БЛЕСТЯЩИЙ
 10
717.7359083312764
 20
14954.932996408901
 30
0.0
  0
INSERT
  5
40CD
330
17
100
AcDbEntity
  8
BUSH
100
AcDbBlockReference
  2
СНЕЖНОЯГОДНИК_ДОРЕНБОЗА
 10
719.1341540008115
 20
14955.003061005002
 30
0.0
  0
INSERT
  5
40CF
330
17
100
AcDbEntity
  8
BUSH
100
AcDbBlockReference
  2
СПИРЕЯ_GREFSHEIM
 10
720.5323996703464
 20
14955.0731256011
 30
0.0
  0
INSERT
  5
40D1
330
17
100
AcDbEntity
  8
BUSH
100
AcDbBlockReference
  2
КИЗИЛЬНИК_БЛЕСТЯЩИЙ
 10
720.3541976354442
 20
14953.82190185584
 30
0.0
  0
INSERT
  5
40D3
330
17
100
AcDbEntity
  8
BUSH
100
AcDbBlockReference
  2
СНЕЖНОЯГОДНИК_ДОРЕНБОЗА
 10
719.7275253664955
 20
14951.092931011852
 30
0.0
  0
INSERT
  5
40D5
330
17
100
AcDbEntity
  8
BUSH
100
AcDbBlockReference
  2
СПИРЕЯ_GREFSHEIM
 10
715.5851968668068
 20
14950.820207894423
 30
0.0
  0
INSERT
  5
40D7
330
17
100
AcDbEntity
  8
BUSH
100
AcDbBlockReference
  2
КИЗИЛЬНИК_БЛЕСТЯЩИЙ
 10
714.1869511972718
 20
14950.750143298324
 30
0.0
  0
INSERT
  5
40D9
330
17
100
AcDbEntity
  8
BUSH
100
AcDbBlockReference
  2
СНЕЖНОЯГОДНИК_ДОРЕНБОЗА
 10
712.8410786462777
 20
14948.878222028954
 30
0.0
  0
INSERT
  5
40DB
330
17
100
AcDbEntity
  8
BUSH
100
AcDbBlockReference
  2
СПИРЕЯ_GREFSHEIM
 10
712.8932670422151
 20
14947.47919509164
 30
0.0
  0
INSERT
  5
40DD
330
17
100
AcDbEntity
  8
BUSH
100
AcDbBlockReference
  2
КИЗИЛЬНИК_БЛЕСТЯЩИЙ
 10
712.9976438340902
 20
14944.681141217014
 30
0.0
  0
INSERT
  5
40DF
330
17
100
AcDbEntity
  8
BUSH
100
AcDbBlockReference
  2
СНЕЖНОЯГОДНИК_ДОРЕНБОЗА
 10
713.1684597523165
 20
14941.89381635038
 30
0.0
  0
INSERT
  5
40E1
330
17
100
AcDbEntity
  8
BUSH
100
AcDbBlockReference
  2
СПИРЕЯ_GREFSHEIM
 10
714.1272544791234
 20
14940.88729836999
 30
0.0
  0
INSERT
  5
40E3
330
17
100
AcDbEntity
  8
BUSH
100
AcDbBlockReference
  2
КИЗИЛЬНИК_БЛЕСТЯЩИЙ
 10
714.740038906504
 20
14938.433005975025
 30
0.0
  0
INSERT
  5
40E5
330
17
100
AcDbEntity
  8
BUSH
100
AcDbBlockReference
  2
СНЕЖНОЯГОДНИК_ДОРЕНБОЗА
 10
714.3552061025938
 20
14934.250673645685
 30
0.0
  0
INSERT
  5
40E7
330
17
100
AcDbEntity
  8
BUSH
100
AcDbBlockReference
  2
СПИРЕЯ_GREFSHEIM
 10
723.2391384075053
 20
14955.183803666281
 30
0.0
  0
INSERT
  5
40E9
330
17
100
AcDbEntity
  8
BUSH
100
AcDbBlockReference
  2
КИЗИЛЬНИК_БЛЕСТЯЩИЙ
 10
724.6088601750799
 20
14954.916585484585
 30
0.0
  0
INSERT
  5
40EB
330
17
100
AcDbEntity
  8
BUSH
100
AcDbBlockReference
  2
СНЕЖНОЯГОДНИК_ДОРЕНБОЗА
 10
725.8513284525866
 20
14954.283205216596
 30
0.0
  0
INSERT
  5
40ED
330
17
100
AcDbEntity
  8
BUSH
100
AcDbBlockReference
  2
СПИРЕЯ_GREFSHEIM
 10
726.8713135793881
 20
14953.332635121387
 30
0.0
  0
INSERT
  5
40EF
330
17
100
AcDbEntity
  8
BUSH
100
AcDbBlockReference
  2
КИЗИЛЬНИК_БЛЕСТЯЩИЙ
 10
727.59051634347
 20
14952.137873135773
 30
0.0
  0
INSERT
  5
40F1
330
17
100
AcDbEntity
  8
BUSH
100
AcDbBlockReference
  2
СНЕЖНОЯГОДНИК_ДОРЕНБОЗА
 10
727.9534227898255
 20
14950.79048163525
 30
0.0
  0
INSERT
  5
40F3
330
17
100
AcDbEntity
  8
BUSH
100
AcDbBlockReference
  2
СПИРЕЯ_GREFSHEIM
 10
728.0095356144578
 20
14949.392003501167
 30
0.0
  0
INSERT
  5
40F5
330
17
100
AcDbEntity
  8
BUSH
100
AcDbBlockReference
  2
КИЗИЛЬНИК_БЛЕСТЯЩИЙ
 10
728.0412884941568
 20
14947.992363635118
 30
0.0
  0
INSERT
  5
40F7
330
17
100
AcDbEntity
  8
BUSH
100
AcDbBlockReference
  2
СНЕЖНОЯГОДНИК_ДОРЕНБОЗА
 10
728.0730413738557
 20
14946.59272376907
 30
0.0
  0
INSERT
  5
40F9
330
17
100
AcDbEntity
  8
BUSH
100
AcDbBlockReference
  2
СПИРЕЯ_GREFSHEIM
 10
728.1047942535546
 20
14945.193083903023
 30
0.0
  0
INSERT
  5
40FB
330
17
100
AcDbEntity
  8
BUSH
100
AcDbBlockReference
  2
КИЗИЛЬНИК_БЛЕСТЯЩИЙ
 10
728.1365471332535
 20
14943.793444036975
 30
0.0
  0
INSERT
  5
40FD
330
17
100
AcDbEntity
  8
BUSH
100
AcDbBlockReference
  2
СНЕЖНОЯГОДНИК_ДОРЕНБОЗА
 10
728.1683000129525
 20
14942.393804170926
 30
0.0
  0
INSERT
  5
40FF
330
17
100
AcDbEntity
  8
BUSH
100
AcDbBlockReference
  2
СПИРЕЯ_GREFSHEIM
 10
728.2000528926515
 20
14940.994164304879
 30
0.0
  0
INSERT
  5
4101
330
17
100
AcDbEntity
  8
BUSH
100
AcDbBlockReference
  2
КИЗИЛЬНИК_БЛЕСТЯЩИЙ
 10
728.2318057723504
 20
14939.594524438831
 30
0.0
  0
INSERT
  5
4103
330
17
100
AcDbEntity
  8
BUSH
100
AcDbBlockReference
  2
СНЕЖНОЯГОДНИК_ДОРЕНБОЗА
 10
728.2635586520493
 20
14938.194884572782
 30
0.0
  0
INSERT
  5
4105
330
17
100
AcDbEntity
  8
BUSH
100
AcDbBlockReference
  2
СПИРЕЯ_GREFSHEIM
 10
728.2953115317482
 20
14936.795244706735
 30
0.0
  0
INSERT
  5
4107
330
17
100
AcDbEntity
  8
BUSH
100
AcDbBlockReference
  2
КИЗИЛЬНИК_БЛЕСТЯЩИЙ
 10
728.3270644114472
 20
14935.395604840687
 30
0.0
  0
INSERT
  5
4109
330
17
100
AcDbEntity
  8
BUSH
100
AcDbBlockReference
  2
СНЕЖНОЯГОДНИК_ДОРЕНБОЗА
 10
728.3588172911461
 20
14933.995964974638
 30
0.0
  0
INSERT
  5
410B
330
17
100
AcDbEntity
  8
BUSH
100
AcDbBlockReference
  2
СПИРЕЯ_GREFSHEIM
 10
728.17248534336
 20
14932.828985048991
 30
0.0
  0
INSERT
  5
410D
330
17
100
AcDbEntity
  8
BUSH
100
AcDbBlockReference
  2
КИЗИЛЬНИК_БЛЕСТЯЩИЙ
 10
725.3831560156876
 20
14933.073201964431
 30
0.0
  0
INSERT
  5
410F
330
17
100
AcDbEntity
  8
BUSH
100
AcDbBlockReference
  2
СНЕЖНОЯГОДНИК_ДОРЕНБОЗА
 10
724.3361313264945
 20
14934.950575863646
 30
0.0
  0
INSERT
  5
4111
330
17
100
AcDbEntity
  8
BUSH
100
AcDbBlockReference
  2
СПИРЕЯ_GREFSHEIM
 10
724.3043784467956
 20
14936.350215729693
 30
0.0
  0
INSERT
  5
4113
330
17
100
AcDbEntity
  8
BUSH
100
AcDbBlockReference
  2
КИЗИЛЬНИК_БЛЕСТЯЩИЙ
 10
724.2091198076988
 20
14940.549135327838
 30
0.0
  0
INSERT
  5
4115
330
17
100
AcDbEntity
  8
BUSH
100
AcDbBlockReference
  2
СНЕЖНОЯГОДНИК_ДОРЕНБОЗА
 10
724.1773669279999
 20
14941.948775193885
 30
0.0
  0
INSERT
  5
4117
330
17
100
AcDbEntity
  8
BUSH
100
AcDbBlockReference
  2
СПИРЕЯ_GREFSHEIM
 10
724.0821082889031
 20
14946.14769479203
 30
0.0
  0
INSERT
  5
4119
330
17
100
AcDbEntity
  8
BUSH
100
AcDbBlockReference
  2
КИЗИЛЬНИК_БЛЕСТЯЩИЙ
 10
724.0503554092041
 20
14947.547334658077
 30
0.0
  0
INSERT
  5
411B
330
17
100
AcDbEntity
  8
BUSH
100
AcDbBlockReference
  2
СНЕЖНОЯГОДНИК_ДОРЕНБОЗА
 10
724.0186025295052
 20
14948.946974524126
 30
0.0
  0
INSERT
  5
411D
330
17
100
AcDbEntity
  8
BUSH
100
AcDbBlockReference
  2
СПИРЕЯ_GREFSHEIM
 10
723.0036546164005
 20
14951.188762057787
 30
0.0
  0
INSERT
  5
411F
330
17
100
AcDbEntity
  8
BUSH
100
AcDbBlockReference
  2
КИЗИЛЬНИК_БЛЕСТЯЩИЙ
 10
737.5950869613288
 20
14931.329295100257
 30
0.0
  0
INSERT
  5
4121
330
17
100
AcDbEntity
  8
BUSH
100
AcDbBlockReference
  2
СНЕЖНОЯГОДНИК_ДОРЕНБОЗА
 10
737.7454411655144
 20
14928.533334869266
 30
0.0
  0
INSERT
  5
4123
330
17
100
AcDbEntity
  8
BUSH
100
AcDbBlockReference
  2
СПИРЕЯ_GREFSHEIM
 10
735.804535736233
 20
14930.483270801435
 30
0.0
  0
INSERT
  5
4125
330
17
100
AcDbEntity
  8
BUSH
100
AcDbBlockReference
  2
КИЗИЛЬНИК_БЛЕСТЯЩИЙ
 10
745.6472430745408
 20
14933.734214229455
 30
0.0
  0
INSERT
  5
4127
330
17
100
AcDbEntity
  8
BUSH
100
AcDbBlockReference
  2
СНЕЖНОЯГОДНИК_ДОРЕНБОЗА
 10
745.6090219768704
 20
14935.133692399235
 30
0.0
  0
INSERT
  5
4129
330
17
100
AcDbEntity
  8
BUSH
100
AcDbBlockReference
  2
СПИРЕЯ_GREFSHEIM
 10
745.5708008791999
 20
14936.533170569017
 30
0.0
  0
INSERT
  5
412B
330
17
100
AcDbEntity
  8
BUSH
100
AcDbBlockReference
  2
КИЗИЛЬНИК_БЛЕСТЯЩИЙ
 10
745.5325797815294
 20
14937.932648738797
 30
0.0
  0
INSERT
  5
412D
330
17
100
AcDbEntity
  8
BUSH
100
AcDbBlockReference
  2
СНЕЖНОЯГОДНИК_ДОРЕНБОЗА
 10
745.494358683859
 20
14939.332126908577
 30
0.0
  0
INSERT
  5
412F
330
17
100
AcDbEntity
  8
BUSH
100
AcDbBlockReference
  2
СПИРЕЯ_GREFSHEIM
 10
745.4561375861886
 20
14940.73160507836
 30
0.0
  0
INSERT
  5
4131
330
17
100
AcDbEntity
  8
BUSH
100
AcDbBlockReference
  2
КИЗИЛЬНИК_БЛЕСТЯЩИЙ
 10
745.417916488518
 20
14942.13108324814
 30
0.0
  0
INSERT
  5
4133
330
17
100
AcDbEntity
  8
BUSH
100
AcDbBlockReference
  2
СНЕЖНОЯГОДНИК_ДОРЕНБОЗА
 10
745.3796953908476
 20
14943.53056141792
 30
0.0
  0
INSERT
  5
4135
330
17
100
AcDbEntity
  8
BUSH
100
AcDbBlockReference
  2
СПИРЕЯ_GREFSHEIM
 10
745.3414742931772
 20
14944.9300395877
 30
0.0
  0
INSERT
  5
4137
330
17
100
AcDbEntity
  8
BUSH
100
AcDbBlockReference
  2
КИЗИЛЬНИК_БЛЕСТЯЩИЙ
 10
745.3032531955067
 20
14946.329517757482
 30
0.0
  0
INSERT
  5
4139
330
17
100
AcDbEntity
  8
BUSH
100
AcDbBlockReference
  2
СНЕЖНОЯГОДНИК_ДОРЕНБОЗА
 10
745.2650320978362
 20
14947.728995927262
 30
0.0
  0
INSERT
  5
413B
330
17
100
AcDbEntity
  8
BUSH
100
AcDbBlockReference
  2
СПИРЕЯ_GREFSHEIM
 10
745.2268110001658
 20
14949.128474097042
 30
0.0
  0
INSERT
  5
413D
330
17
100
AcDbEntity
  8
BUSH
100
AcDbBlockReference
  2
КИЗИЛЬНИК_БЛЕСТЯЩИЙ
 10
745.1885899024953
 20
14950.527952266824
 30
0.0
  0
INSERT
  5
413F
330
17
100
AcDbEntity
  8
BUSH
100
AcDbBlockReference
  2
СНЕЖНОЯГОДНИК_ДОРЕНБОЗА
 10
745.1503688048248
 20
14951.927430436604
 30
0.0
  0
INSERT
  5
4141
330
17
100
AcDbEntity
  8
BUSH
100
AcDbBlockReference
  2
СПИРЕЯ_GREFSHEIM
 10
745.1121477071543
 20
14953.326908606385
 30
0.0
  0
INSERT
  5
4143
330
17
100
AcDbEntity
  8
BUSH
100
AcDbBlockReference
  2
КИЗИЛЬНИК_БЛЕСТЯЩИЙ
 10
745.0739266094839
 20
14954.726386776167
 30
0.0
  0
INSERT
  5
4145
330
17
100
AcDbEntity
  8
BUSH
100
AcDbBlockReference
  2
СНЕЖНОЯГОДНИК_ДОРЕНБОЗА
 10
745.0357055118135
 20
14956.125864945947
 30
0.0
  0
INSERT
  5
4147
330
17
100
AcDbEntity
  8
BUSH
100
AcDbBlockReference
  2
СПИРЕЯ_GREFSHEIM
 10
744.997484414143
 20
14957.525343115727
 30
0.0
  0
INSERT
  5
4149
330
17
100
AcDbEntity
  8
BUSH
100
AcDbBlockReference
  2
КИЗИЛЬНИК_БЛЕСТЯЩИЙ
 10
744.9592633164725
 20
14958.924821285507
 30
0.0
  0
INSERT
  5
414B
330
17
100
AcDbEntity
  8
BUSH
100
AcDbBlockReference
  2
СНЕЖНОЯГОДНИК_ДОРЕНБОЗА
 10
744.888951398808
 20
14960.322823414033
 30
0.0
  0
INSERT
  5
414D
330
17
100
AcDbEntity
  8
BUSH
100
AcDbBlockReference
  2
СПИРЕЯ_GREFSHEIM
 10
744.7985428154954
 20
14961.719901181397
 30
0.0
  0
INSERT
  5
414F
330
17
100
AcDbEntity
  8
BUSH
100
AcDbBlockReference
  2
КИЗИЛЬНИК_БЛЕСТЯЩИЙ
 10
744.7081342321826
 20
14963.116978948761
 30
0.0
  0
INSERT
  5
4151
330
17
100
AcDbEntity
  8
BUSH
100
AcDbBlockReference
  2
СНЕЖНОЯГОДНИК_ДОРЕНБОЗА
 10
744.6110446492048
 20
14964.513481923577
 30
0.0
  0
INSERT
  5
4153
330
17
100
AcDbEntity
  8
BUSH
100
AcDbBlockReference
  2
СПИРЕЯ_GREFSHEIM
 10
744.367587217942
 20
14965.889404732005
 30
0.0
  0
INSERT
  5
4155
330
17
100
AcDbEntity
  8
BUSH
100
AcDbBlockReference
  2
КИЗИЛЬНИК_БЛЕСТЯЩИЙ
 10
743.8842707765489
 20
14967.201781584989
 30
0.0
  0
INSERT
  5
4157
330
17
100
AcDbEntity
  8
BUSH
100
AcDbBlockReference
  2
СНЕЖНОЯГОДНИК_ДОРЕНБОЗА
 10
743.3603651968691
 20
14968.499417733667
 30
0.0
  0
INSERT
  5
4159
330
17
100
AcDbEntity
  8
BUSH
100
AcDbBlockReference
  2
СПИРЕЯ_GREFSHEIM
 10
743.2957535475192
 20
14969.741445030157
 30
0.0
  0
INSERT
  5
415B
330
17
100
AcDbEntity
  8
BUSH
100
AcDbBlockReference
  2
КИЗИЛЬНИК_БЛЕСТЯЩИЙ
 10
745.4396944357586
 20
14971.168968075408
 30
0.0
  0
INSERT
  5
415D
330
17
100
AcDbEntity
  8
BUSH
100
AcDbBlockReference
  2
СНЕЖНОЯГОДНИК_ДОРЕНБОЗА
 10
745.471363350287
 20
14973.960910460197
 30
0.0
  0
INSERT
  5
415F
330
17
100
AcDbEntity
  8
BUSH
100
AcDbBlockReference
  2
СПИРЕЯ_GREFSHEIM
 10
746.5079863818497
 20
14974.70404077312
 30
0.0
  0
INSERT
  5
4161
330
17
100
AcDbEntity
  8
BUSH
100
AcDbBlockReference
  2
КИЗИЛЬНИК_БЛЕСТЯЩИЙ
 10
747.8776491515484
 20
14974.968005417328
 30
0.0
  0
INSERT
  5
4163
330
17
100
AcDbEntity
  8
BUSH
100
AcDbBlockReference
  2
СНЕЖНОЯГОДНИК_ДОРЕНБОЗА
 10
749.276925810578
 20
14975.008123374537
 30
0.0
  0
INSERT
  5
4165
330
17
100
AcDbEntity
  8
BUSH
100
AcDbBlockReference
  2
СПИРЕЯ_GREFSHEIM
 10
750.6765279987411
 20
14975.041495741678
 30
0.0
  0
INSERT
  5
4167
330
17
100
AcDbEntity
  8
BUSH
100
AcDbBlockReference
  2
КИЗИЛЬНИК_БЛЕСТЯЩИЙ
 10
752.0761301869044
 20
14975.07486810882
 30
0.0
  0
INSERT
  5
4169
330
17
100
AcDbEntity
  8
BUSH
100
AcDbBlockReference
  2
СНЕЖНОЯГОДНИК_ДОРЕНБОЗА
 10
753.4757323750677
 20
14975.108240475962
 30
0.0
  0
INSERT
  5
416B
330
17
100
AcDbEntity
  8
BUSH
100
AcDbBlockReference
  2
СПИРЕЯ_GREFSHEIM
 10
754.8753345632309
 20
14975.141612843103
 30
0.0
  0
INSERT
  5
416D
330
17
100
AcDbEntity
  8
BUSH
100
AcDbBlockReference
  2
КИЗИЛЬНИК_БЛЕСТЯЩИЙ
 10
756.2749367513942
 20
14975.174985210244
 30
0.0
  0
INSERT
  5
416F
330
17
100
AcDbEntity
  8
BUSH
100
AcDbBlockReference
  2
СНЕЖНОЯГОДНИК_ДОРЕНБОЗА
 10
757.6745389395575
 20
14975.208357577387
 30
0.0
  0
INSERT
  5
4171
330
17
100
AcDbEntity
  8
BUSH
100
AcDbBlockReference
  2
СПИРЕЯ_GREFSHEIM
 10
759.0741411277207
 20
14975.241729944528
 30
0.0
  0
INSERT
  5
4173
330
17
100
AcDbEntity
  8
BUSH
100
AcDbBlockReference
  2
КИЗИЛЬНИК_БЛЕСТЯЩИЙ
 10
760.3314449910836
 20
14975.088660335838
 30
0.0
  0
INSERT
  5
4175
330
17
100
AcDbEntity
  8
BUSH
100
AcDbBlockReference
  2
СНЕЖНОЯГОДНИК_ДОРЕНБОЗА
 10
760.6271848266454
 20
14973.720253251064
 30
0.0
  0
INSERT
  5
4177
330
17
100
AcDbEntity
  8
BUSH
100
AcDbBlockReference
  2
СПИРЕЯ_GREFSHEIM
 10
761.2186644977692
 20
14970.983439081514
 30
0.0
  0
INSERT
  5
4179
330
17
100
AcDbEntity
  8
BUSH
100
AcDbBlockReference
  2
КИЗИЛЬНИК_БЛЕСТЯЩИЙ
 10
762.0716085838066
 20
14968.379231938676
 30
0.0
  0
INSERT
  5
417B
330
17
100
AcDbEntity
  8
BUSH
100
AcDbBlockReference
  2
СНЕЖНОЯГОДНИК_ДОРЕНБОЗА
 10
761.8133752967041
 20
14965.953724141082
 30
0.0
  0
INSERT
  5
417D
330
17
100
AcDbEntity
  8
BUSH
100
AcDbBlockReference
  2
СПИРЕЯ_GREFSHEIM
 10
761.7634364873136
 20
14963.154169513053
 30
0.0
  0
INSERT
  5
417F
330
17
100
AcDbEntity
  8
BUSH
100
AcDbBlockReference
  2
КИЗИЛЬНИК_БЛЕСТЯЩИЙ
 10
761.7384670826184
 20
14961.754392199038
 30
0.0
  0
INSERT
  5
4185
330
17
100
AcDbEntity
  8
BUSH
100
AcDbBlockReference
  2
КИЗИЛЬНИК_БЛЕСТЯЩИЙ
 10
761.3057666215615
 20
14969.851200828905
 30
0.0
  0
INSERT
  5
4187
330
17
100
AcDbEntity
  8
BUSH
100
AcDbBlockReference
  2
СНЕЖНОЯГОДНИК_ДОРЕНБОЗА
 10
759.484255559269
 20
14971.250371858734
 30
0.0
  0
INSERT
  5
4189
330
17
100
AcDbEntity
  8
BUSH
100
AcDbBlockReference
  2
СПИРЕЯ_GREFSHEIM
 10
755.2854489947792
 20
14971.150254757309
 30
0.0
  0
INSERT
  5
418B
330
17
100
AcDbEntity
  8
BUSH
100
AcDbBlockReference
  2
КИЗИЛЬНИК_БЛЕСТЯЩИЙ
 10
753.885846806616
 20
14971.116882390168
 30
0.0
  0
INSERT
  5
418D
330
17
100
AcDbEntity
  8
BUSH
100
AcDbBlockReference
  2
СНЕЖНОЯГОДНИК_ДОРЕНБОЗА
 10
748.2874380539629
 20
14970.983392921602
 30
0.0
  0
INSERT
  5
418F
330
17
100
AcDbEntity
  8
BUSH
100
AcDbBlockReference
  2
СПИРЕЯ_GREFSHEIM
 10
747.1877502906218
 20
14970.296333345319
 30
0.0
  0
INSERT
  5
4191
330
17
100
AcDbEntity
  8
BUSH
100
AcDbBlockReference
  2
КИЗИЛЬНИК_БЛЕСТЯЩИЙ
 10
748.0010315287863
 20
14967.667923457908
 30
0.0
  0
INSERT
  5
4193
330
17
100
AcDbEntity
  8
BUSH
100
AcDbBlockReference
  2
СНЕЖНОЯГОДНИК_ДОРЕНБОЗА
 10
748.3812266651638
 20
14966.3222831006
 30
0.0
  0
INSERT
  5
4195
330
17
100
AcDbEntity
  8
BUSH
100
AcDbBlockReference
  2
СПИРЕЯ_GREFSHEIM
 10
748.5883518207685
 20
14964.938959217567
 30
0.0
  0
INSERT
  5
4197
330
17
100
AcDbEntity
  8
BUSH
100
AcDbBlockReference
  2
КИЗИЛЬНИК_БЛЕСТЯЩИЙ
 10
748.9491150285843
 20
14959.351015958868
 30
0.0
  0
INSERT
  5
4199
330
17
100
AcDbEntity
  8
BUSH
100
AcDbBlockReference
  2
СНЕЖНОЯГОДНИК_ДОРЕНБОЗА
 10
749.0255572239253
 20
14956.552059619306
 30
0.0
  0
INSERT
  5
419B
330
17
100
AcDbEntity
  8
BUSH
100
AcDbBlockReference
  2
СПИРЕЯ_GREFSHEIM
 10
749.0637783215957
 20
14955.152581449525
 30
0.0
  0
INSERT
  5
419D
330
17
100
AcDbEntity
  8
BUSH
100
AcDbBlockReference
  2
КИЗИЛЬНИК_БЛЕСТЯЩИЙ
 10
749.1019994192661
 20
14953.753103279745
 30
0.0
  0
INSERT
  5
419F
330
17
100
AcDbEntity
  8
BUSH
100
AcDbBlockReference
  2
СНЕЖНОЯГОДНИК_ДОРЕНБОЗА
 10
749.2166627122775
 20
14949.554668770403
 30
0.0
  0
INSERT
  5
41A1
330
17
100
AcDbEntity
  8
BUSH
100
AcDbBlockReference
  2
СПИРЕЯ_GREFSHEIM
 10
749.3695471029594
 20
14943.956756091278
 30
0.0
  0
INSERT
  5
41A3
330
17
100
AcDbEntity
  8
BUSH
100
AcDbBlockReference
  2
КИЗИЛЬНИК_БЛЕСТЯЩИЙ
 10
749.5224314936412
 20
14938.358843412156
 30
0.0
  0
INSERT
  5
41A5
330
17
100
AcDbEntity
  8
BUSH
100
AcDbBlockReference
  2
СНЕЖНОЯГОДНИК_ДОРЕНБОЗА
 10
749.6370947866526
 20
14934.160408902813
 30
0.0
  0
INSERT
  5
41A7
330
17
100
AcDbEntity
  8
BUSH
100
AcDbBlockReference
  2
СПИРЕЯ_GREFSHEIM
 10
749.675315884323
 20
14932.760930733033
 30
0.0
  0
INSERT
  5
41A9
330
17
100
AcDbEntity
  8
BUSH
100
AcDbBlockReference
  2
КИЗИЛЬНИК_БЛЕСТЯЩИЙ
 10
748.5034456974529
 20
14930.431297490843
 30
0.0
  0
INSERT
  5
41AB
330
17
100
AcDbEntity
  8
BUSH
100
AcDbBlockReference
  2
СНЕЖНОЯГОДНИК_ДОРЕНБОЗА
 10
747.1678553211436
 20
14930.013777610353
 30
0.0
  0
INSERT
  5
41AD
330
17
100
AcDbEntity
  8
BUSH
100
AcDbBlockReference
  2
СПИРЕЯ_GREFSHEIM
 10
744.4849599583495
 20
14929.212483362091
 30
0.0
  0
INSERT
  5
41AF
330
17
100
AcDbEntity
  8
BUSH
100
AcDbBlockReference
  2
КИЗИЛЬНИК_БЛЕСТЯЩИЙ
 10
741.8020645955553
 20
14928.41118911383
 30
0.0
  0
INSERT
  5
41B1
330
17
100
AcDbEntity
  8
BUSH
100
AcDbBlockReference
  2
СНЕЖНОЯГОДНИК_ДОРЕНБОЗА
 10
741.4388796825818
 20
14932.477311918863
 30
0.0
  0
INSERT
  5
41B3
330
17
100
AcDbEntity
  8
BUSH
100
AcDbBlockReference
  2
СПИРЕЯ_GREFSHEIM
 10
742.7803273639789
 20
14932.877959042993
 30
0.0
  0
INSERT
  5
41B5
330
17
100
AcDbEntity
  8
BUSH
100
AcDbBlockReference
  2
КИЗИЛЬНИК_БЛЕСТЯЩИЙ
 10
744.121775045376
 20
14933.278606167125
 30
0.0
  0
INSERT
  5
41B7
330
17
100
AcDbEntity
  8
BUSH
100
AcDbBlockReference
  2
СНЕЖНОЯГОДНИК_ДОРЕНБОЗА
 10
762.5467103979713
 20
14974.733969025774
 30
0.0
  0
INSERT
  5
41B9
330
17
100
AcDbEntity
  8
BUSH
100
AcDbBlockReference
  2
СПИРЕЯ_GREFSHEIM
 10
763.6912525610335
 20
14973.93532513531
 30
0.0
  0
INSERT
  5
41BB
330
17
100
AcDbEntity
  8
BUSH
100
AcDbBlockReference
  2
КИЗИЛЬНИК_БЛЕСТЯЩИЙ
 10
764.5706926809811
 20
14972.852623064644
 30
0.0
  0
INSERT
  5
41BD
330
17
100
AcDbEntity
  8
BUSH
100
AcDbBlockReference
  2
СНЕЖНОЯГОДНИК_ДОРЕНБОЗА
 10
765.1173032297096
 20
14971.569806198082
 30
0.0
  0
INSERT
  5
41BF
330
17
100
AcDbEntity
  8
BUSH
100
AcDbBlockReference
  2
СПИРЕЯ_GREFSHEIM
 10
765.2989176747461
 20
14970.186120082582
 30
0.0
  0
INSERT
  5
41C1
330
17
100
AcDbEntity
  8
BUSH
100
AcDbBlockReference
  2
КИЗИЛЬНИК_БЛЕСТЯЩИЙ
 10
765.332290041887
 20
14968.78651789442
 30
0.0
  0
INSERT
  5
41C3
330
17
100
AcDbEntity
  8
BUSH
100
AcDbBlockReference
  2
СНЕЖНОЯГОДНИК_ДОРЕНБОЗА
 10
765.3656624090277
 20
14967.386915706256
 30
0.0
  0
INSERT
  5
41C5
330
17
100
AcDbEntity
  8
BUSH
100
AcDbBlockReference
  2
СПИРЕЯ_GREFSHEIM
 10
765.3990347761684
 20
14965.987313518093
 30
0.0
  0
INSERT
  5
41C7
330
17
100
AcDbEntity
  8
BUSH
100
AcDbBlockReference
  2
КИЗИЛЬНИК_БЛЕСТЯЩИЙ
 10
765.4324071433092
 20
14964.58771132993
 30
0.0
  0
INSERT
  5
41C9
330
17
100
AcDbEntity
  8
BUSH
100
AcDbBlockReference
  2
СНЕЖНОЯГОДНИК_ДОРЕНБОЗА
 10
765.4657795104499
 20
14963.188109141765
 30
0.0
  0
INSERT
  5
41CB
330
17
100
AcDbEntity
  8
BUSH
100
AcDbBlockReference
  2
СПИРЕЯ_GREFSHEIM
 10
765.4991518775907
 20
14961.788506953602
 30
0.0
  0
INSERT
  5
41CD
330
17
100
AcDbEntity
  8
BUSH
100
AcDbBlockReference
  2
КИЗИЛЬНИК_БЛЕСТЯЩИЙ
 10
765.5325242447315
 20
14960.38890476544
 30
0.0
  0
INSERT
  5
41CF
330
17
100
AcDbEntity
  8
BUSH
100
AcDbBlockReference
  2
СНЕЖНОЯГОДНИК_ДОРЕНБОЗА
 10
765.5658966118722
 20
14958.989302577276
 30
0.0
  0
INSERT
  5
41D1
330
17
100
AcDbEntity
  8
BUSH
100
AcDbBlockReference
  2
СПИРЕЯ_GREFSHEIM
 10
765.599268979013
 20
14957.589700389113
 30
0.0
  0
INSERT
  5
41D3
330
17
100
AcDbEntity
  8
BUSH
100
AcDbBlockReference
  2
КИЗИЛЬНИК_БЛЕСТЯЩИЙ
 10
765.6326413461537
 20
14956.19009820095
 30
0.0
  0
INSERT
  5
41D5
330
17
100
AcDbEntity
  8
BUSH
100
AcDbBlockReference
  2
СНЕЖНОЯГОДНИК_ДОРЕНБОЗА
 10
765.6660137132944
 20
14954.790496012787
 30
0.0
  0
INSERT
  5
41D7
330
17
100
AcDbEntity
  8
BUSH
100
AcDbBlockReference
  2
СПИРЕЯ_GREFSHEIM
 10
765.6993860804353
 20
14953.390893824624
 30
0.0
  0
INSERT
  5
41D9
330
17
100
AcDbEntity
  8
BUSH
100
AcDbBlockReference
  2
КИЗИЛЬНИК_БЛЕСТЯЩИЙ
 10
765.732758447576
 20
14951.99129163646
 30
0.0
  0
INSERT
  5
41DB
330
17
100
AcDbEntity
  8
BUSH
100
AcDbBlockReference
  2
СНЕЖНОЯГОДНИК_ДОРЕНБОЗА
 10
765.7666432443233
 20
14950.59170197193
 30
0.0
  0
INSERT
  5
41DD
330
17
100
AcDbEntity
  8
BUSH
100
AcDbBlockReference
  2
СПИРЕЯ_GREFSHEIM
 10
765.801681639291
 20
14949.192140501013
 30
0.0
  0
INSERT
  5
41DF
330
17
100
AcDbEntity
  8
BUSH
100
AcDbBlockReference
  2
КИЗИЛЬНИК_БЛЕСТЯЩИЙ
 10
765.8367200342586
 20
14947.792579030094
 30
0.0
  0
INSERT
  5
41E1
330
17
100
AcDbEntity
  8
BUSH
100
AcDbBlockReference
  2
СНЕЖНОЯГОДНИК_ДОРЕНБОЗА
 10
765.8717584292262
 20
14946.393017559176
 30
0.0
  0
INSERT
  5
41E3
330
17
100
AcDbEntity
  8
BUSH
100
AcDbBlockReference
  2
СПИРЕЯ_GREFSHEIM
 10
765.906796824194
 20
14944.99345608826
 30
0.0
  0
INSERT
  5
41E5
330
17
100
AcDbEntity
  8
BUSH
100
AcDbBlockReference
  2
КИЗИЛЬНИК_БЛЕСТЯЩИЙ
 10
765.9418352191616
 20
14943.593894617341
 30
0.0
  0
INSERT
  5
41E7
330
17
100
AcDbEntity
  8
BUSH
100
AcDbBlockReference
  2
СНЕЖНОЯГОДНИК_ДОРЕНБОЗА
 10
765.9768736141292
 20
14942.194333146423
 30
0.0
  0
INSERT
  5
41E9
330
17
100
AcDbEntity
  8
BUSH
100
AcDbBlockReference
  2
СПИРЕЯ_GREFSHEIM
 10
766.0119120090969
 20
14940.794771675504
 30
0.0
  0
INSERT
  5
41EB
330
17
100
AcDbEntity
  8
BUSH
100
AcDbBlockReference
  2
КИЗИЛЬНИК_БЛЕСТЯЩИЙ
 10
766.0469504040645
 20
14939.395210204586
 30
0.0
  0
INSERT
  5
41ED
330
17
100
AcDbEntity
  8
BUSH
100
AcDbBlockReference
  2
СНЕЖНОЯГОДНИК_ДОРЕНБОЗА
 10
766.0819887990322
 20
14937.99564873367
 30
0.0
  0
INSERT
  5
41EF
330
17
100
AcDbEntity
  8
BUSH
100
AcDbBlockReference
  2
СПИРЕЯ_GREFSHEIM
 10
766.1114842830935
 20
14936.595973004893
 30
0.0
  0
INSERT
  5
41F1
330
17
100
AcDbEntity
  8
BUSH
100
AcDbBlockReference
  2
КИЗИЛЬНИК_БЛЕСТЯЩИЙ
 10
766.133920021129
 20
14935.1961527887
 30
0.0
  0
INSERT
  5
41F3
330
17
100
AcDbEntity
  8
BUSH
100
AcDbBlockReference
  2
СНЕЖНОЯГОДНИК_ДОРЕНБОЗА
 10
766.1563557591645
 20
14933.796332572509
 30
0.0
  0
INSERT
  5
41F5
330
17
100
AcDbEntity
  8
BUSH
100
AcDbBlockReference
  2
СПИРЕЯ_GREFSHEIM
 10
766.1787914971999
 20
14932.396512356318
 30
0.0
  0
INSERT
  5
41F7
330
17
100
AcDbEntity
  8
BUSH
100
AcDbBlockReference
  2
КИЗИЛЬНИК_БЛЕСТЯЩИЙ
 10
766.2050491564984
 20
14930.996763862533
 30
0.0
  0
INSERT
  5
41F9
330
17
100
AcDbEntity
  8
BUSH
100
AcDbBlockReference
  2
СНЕЖНОЯГОДНИК_ДОРЕНБОЗА
 10
766.2351489425223
 20
14929.597087470333
 30
0.0
  0
INSERT
  5
41FB
330
17
100
AcDbEntity
  8
BUSH
100
AcDbBlockReference
  2
СПИРЕЯ_GREFSHEIM
 10
766.2652487285462
 20
14928.197411078134
 30
0.0
  0
INSERT
  5
41FD
330
17
100
AcDbEntity
  8
BUSH
100
AcDbBlockReference
  2
КИЗИЛЬНИК_БЛЕСТЯЩИЙ
 10
766.2953485145702
 20
14926.797734685933
 30
0.0
  0
INSERT
  5
41FF
330
17
100
AcDbEntity
  8
BUSH
100
AcDbBlockReference
  2
СНЕЖНОЯГОДНИК_ДОРЕНБОЗА
 10
766.3254483005941
 20
14925.398058293735
 30
0.0
  0
INSERT
  5
4201
330
17
100
AcDbEntity
  8
BUSH
100
AcDbBlockReference
  2
СПИРЕЯ_GREFSHEIM
 10
766.3555480866181
 20
14923.998381901534
 30
0.0
  0
INSERT
  5
4203
330
17
100
AcDbEntity
  8
BUSH
100
AcDbBlockReference
  2
КИЗИЛЬНИК_БЛЕСТЯЩИЙ
 10
766.385647872642
 20
14922.598705509334
 30
0.0
  0
INSERT
  5
4205
330
17
100
AcDbEntity
  8
BUSH
100
AcDbBlockReference
  2
СНЕЖНОЯГОДНИК_ДОРЕНБОЗА
 10
766.415747658666
 20
14921.199029117135
 30
0.0
  0
INSERT
  5
4207
330
17
100
AcDbEntity
  8
BUSH
100
AcDbBlockReference
  2
СПИРЕЯ_GREFSHEIM
 10
766.4458474446899
 20
14919.799352724935
 30
0.0
  0
INSERT
  5
4209
330
17
100
AcDbEntity
  8
BUSH
100
AcDbBlockReference
  2
КИЗИЛЬНИК_БЛЕСТЯЩИЙ
 10
766.4759472307138
 20
14918.399676332736
 30
0.0
  0
INSERT
  5
420B
330
17
100
AcDbEntity
  8
BUSH
100
AcDbBlockReference
  2
СНЕЖНОЯГОДНИК_ДОРЕНБОЗА
 10
766.5060470167379
 20
14916.999999940535
 30
0.0
  0
INSERT
  5
420D
330
17
100
AcDbEntity
  8
BUSH
100
AcDbBlockReference
  2
СПИРЕЯ_GREFSHEIM
 10
766.5361468027618
 20
14915.600323548335
 30
0.0
  0
INSERT
  5
420F
330
17
100
AcDbEntity
  8
BUSH
100
AcDbBlockReference
  2
КИЗИЛЬНИК_БЛЕСТЯЩИЙ
 10
766.5662465887857
 20
14914.200647156136
 30
0.0
  0
INSERT
  5
4211
330
17
100
AcDbEntity
  8
BUSH
100
AcDbBlockReference
  2
СНЕЖНОЯГОДНИК_ДОРЕНБОЗА
 10
766.5963463748096
 20
14912.800970763936
 30
0.0
  0
INSERT
  5
4213
330
17
100
AcDbEntity
  8
BUSH
100
AcDbBlockReference
  2
СПИРЕЯ_GREFSHEIM
 10
766.6264461608336
 20
14911.401294371737
 30
0.0
  0
INSERT
  5
4215
330
17
100
AcDbEntity
  8
BUSH
100
AcDbBlockReference
  2
КИЗИЛЬНИК_БЛЕСТЯЩИЙ
 10
766.6565459468576
 20
14910.001617979537
 30
0.0
  0
INSERT
  5
4217
330
17
100
AcDbEntity
  8
BUSH
100
AcDbBlockReference
  2
СНЕЖНОЯГОДНИК_ДОРЕНБОЗА
 10
766.6866457328815
 20
14908.601941587336
 30
0.0
  0
INSERT
  5
4219
330
17
100
AcDbEntity
  8
BUSH
100
AcDbBlockReference
  2
СПИРЕЯ_GREFSHEIM
 10
766.7167455189054
 20
14907.202265195137
 30
0.0
  0
INSERT
  5
421B
330
17
100
AcDbEntity
  8
BUSH
100
AcDbBlockReference
  2
КИЗИЛЬНИК_БЛЕСТЯЩИЙ
 10
766.7009306998932
 20
14905.803802845467
 30
0.0
  0
INSERT
  5
421D
330
17
100
AcDbEntity
  8
BUSH
100
AcDbBlockReference
  2
СНЕЖНОЯГОДНИК_ДОРЕНБОЗА
 10
766.361225048812
 20
14904.451224773364
 30
0.0
  0
INSERT
  5
421F
330
17
100
AcDbEntity
  8
BUSH
100
AcDbBlockReference
  2
СПИРЕЯ_GREFSHEIM
 10
765.660878206852
 20
14903.245059558465
 30
0.0
  0
INSERT
  5
4221
330
17
100
AcDbEntity
  8
BUSH
100
AcDbBlockReference
  2
КИЗИЛЬНИК_БЛЕСТЯЩИЙ
 10
764.9569613676579
 20
14904.413893015262
 30
0.0
  0
INSERT
  5
4223
330
17
100
AcDbEntity
  8
BUSH
100
AcDbBlockReference
  2
СНЕЖНОЯГОДНИК_ДОРЕНБОЗА
 10
763.7969273249871
 20
14904.851749006473
 30
0.0
  0
INSERT
  5
4225
330
17
100
AcDbEntity
  8
BUSH
100
AcDbBlockReference
  2
СПИРЕЯ_GREFSHEIM
 10
762.7220216706357
 20
14906.913913104776
 30
0.0
  0
INSERT
  5
4227
330
17
100
AcDbEntity
  8
BUSH
100
AcDbBlockReference
  2
КИЗИЛЬНИК_БЛЕСТЯЩИЙ
 10
762.6919218846118
 20
14908.313589496975
 30
0.0
  0
INSERT
  5
4229
330
17
100
AcDbEntity
  8
BUSH
100
AcDbBlockReference
  2
СНЕЖНОЯГОДНИК_ДОРЕНБОЗА
 10
762.6317223125639
 20
14911.112942281376
 30
0.0
  0
INSERT
  5
422B
330
17
100
AcDbEntity
  8
BUSH
100
AcDbBlockReference
  2
СПИРЕЯ_GREFSHEIM
 10
762.6016225265399
 20
14912.512618673574
 30
0.0
  0
INSERT
  5
422D
330
17
100
AcDbEntity
  8
BUSH
100
AcDbBlockReference
  2
КИЗИЛЬНИК_БЛЕСТЯЩИЙ
 10
762.571522740516
 20
14913.912295065775
 30
0.0
  0
INSERT
  5
422F
330
17
100
AcDbEntity
  8
BUSH
100
AcDbBlockReference
  2
СНЕЖНОЯГОДНИК_ДОРЕНБОЗА
 10
762.4812233824441
 20
14918.111324242374
 30
0.0
  0
INSERT
  5
4231
330
17
100
AcDbEntity
  8
BUSH
100
AcDbBlockReference
  2
СПИРЕЯ_GREFSHEIM
 10
762.4511235964202
 20
14919.511000634573
 30
0.0
  0
INSERT
  5
4233
330
17
100
AcDbEntity
  8
BUSH
100
AcDbBlockReference
  2
КИЗИЛЬНИК_БЛЕСТЯЩИЙ
 10
762.4210238103963
 20
14920.910677026774
 30
0.0
  0
INSERT
  5
4235
330
17
100
AcDbEntity
  8
BUSH
100
AcDbBlockReference
  2
СНЕЖНОЯГОДНИК_ДОРЕНБОЗА
 10
762.3307244523244
 20
14925.109706203373
 30
0.0
  0
INSERT
  5
4237
330
17
100
AcDbEntity
  8
BUSH
100
AcDbBlockReference
  2
СПИРЕЯ_GREFSHEIM
 10
762.3006246663005
 20
14926.509382595572
 30
0.0
  0
INSERT
  5
4239
330
17
100
AcDbEntity
  8
BUSH
100
AcDbBlockReference
  2
КИЗИЛЬНИК_БЛЕСТЯЩИЙ
 10
762.2705248802765
 20
14927.909058987772
 30
0.0
  0
INSERT
  5
423B
330
17
100
AcDbEntity
  8
BUSH
100
AcDbBlockReference
  2
СНЕЖНОЯГОДНИК_ДОРЕНБОЗА
 10
762.1604639642057
 20
14933.507958564389
 30
0.0
  0
INSERT
  5
423D
330
17
100
AcDbEntity
  8
BUSH
100
AcDbBlockReference
  2
СПИРЕЯ_GREFSHEIM
 10
762.1380282261703
 20
14934.90777878058
 30
0.0
  0
INSERT
  5
423F
330
17
100
AcDbEntity
  8
BUSH
100
AcDbBlockReference
  2
КИЗИЛЬНИК_БЛЕСТЯЩИЙ
 10
762.0879540410937
 20
14937.707312487353
 30
0.0
  0
INSERT
  5
4241
330
17
100
AcDbEntity
  8
BUSH
100
AcDbBlockReference
  2
СНЕЖНОЯГОДНИК_ДОРЕНБОЗА
 10
762.052915646126
 20
14939.106873958272
 30
0.0
  0
INSERT
  5
4243
330
17
100
AcDbEntity
  8
BUSH
100
AcDbBlockReference
  2
СПИРЕЯ_GREFSHEIM
 10
761.9828388561907
 20
14941.905996900108
 30
0.0
  0
INSERT
  5
4245
330
17
100
AcDbEntity
  8
BUSH
100
AcDbBlockReference
  2
КИЗИЛЬНИК_БЛЕСТЯЩИЙ
 10
761.9478004612231
 20
14943.305558371025
 30
0.0
  0
INSERT
  5
4247
330
17
100
AcDbEntity
  8
BUSH
100
AcDbBlockReference
  2
СНЕЖНОЯГОДНИК_ДОРЕНБОЗА
 10
761.8777236712878
 20
14946.104681312861
 30
0.0
  0
INSERT
  5
4249
330
17
100
AcDbEntity
  8
BUSH
100
AcDbBlockReference
  2
СПИРЕЯ_GREFSHEIM
 10
761.8426852763201
 20
14947.50424278378
 30
0.0
  0
INSERT
  5
424B
330
17
100
AcDbEntity
  8
BUSH
100
AcDbBlockReference
  2
КИЗИЛЬНИК_БЛЕСТЯЩИЙ
 10
763.6165498519778
 20
14954.901912226122
 30
0.0
  0
INSERT
  5
424D
330
17
100
AcDbEntity
  8
BUSH
100
AcDbBlockReference
  2
СНЕЖНОЯГОДНИК_ДОРЕНБОЗА
 10
763.641519256673
 20
14956.301689540136
 30
0.0
  0
INSERT
  5
424F
330
17
100
AcDbEntity
  8
BUSH
100
AcDbBlockReference
  2
СПИРЕЯ_GREFSHEIM
 10
763.7164274707586
 20
14960.501021482178
 30
0.0
  0
INSERT
  5
4251
330
17
100
AcDbEntity
  8
BUSH
100
AcDbBlockReference
  2
КИЗИЛЬНИК_БЛЕСТЯЩИЙ
 10
763.7913356848443
 20
14964.700353424221
 30
0.0
  0
INSERT
  5
4253
330
17
100
AcDbEntity
  8
BUSH
100
AcDbBlockReference
  2
СНЕЖНОЯГОДНИК_ДОРЕНБОЗА
 10
763.2930854483122
 20
14968.469245880875
 30
0.0
  0
INSERT
  5
4255
330
17
100
AcDbEntity
  8
BUSH
100
AcDbBlockReference
  2
СПИРЕЯ_GREFSHEIM
 10
762.9367303369694
 20
14972.501619859144
 30
0.0
  0
INSERT
  5
4257
330
17
100
AcDbEntity
  8
BUSH
100
AcDbBlockReference
  2
КИЗИЛЬНИК_БЛЕСТЯЩИЙ
 10
765.5039336227484
 20
14898.413950127582
 30
0.0
  0
INSERT
  5
4259
330
17
100
AcDbEntity
  8
BUSH
100
AcDbBlockReference
  2
СНЕЖНОЯГОДНИК_ДОРЕНБОЗА
 10
766.342816419652
 20
14897.298297351363
 30
0.0
  0
INSERT
  5
425B
330
17
100
AcDbEntity
  8
BUSH
100
AcDbBlockReference
  2
СПИРЕЯ_GREFSHEIM
 10
766.8405525051261
 20
14895.994456701155
 30
0.0
  0
INSERT
  5
425D
330
17
100
AcDbEntity
  8
BUSH
100
AcDbBlockReference
  2
КИЗИЛЬНИК_БЛЕСТЯЩИЙ
 10
766.9781591629396
 20
14894.6041418877
 30
0.0
  0
INSERT
  5
425F
330
17
100
AcDbEntity
  8
BUSH
100
AcDbBlockReference
  2
СНЕЖНОЯГОДНИК_ДОРЕНБОЗА
 10
767.0177487017237
 20
14893.204701760927
 30
0.0
  0
INSERT
  5
4261
330
17
100
AcDbEntity
  8
BUSH
100
AcDbBlockReference
  2
СПИРЕЯ_GREFSHEIM
 10
767.0573382405076
 20
14891.805261634156
 30
0.0
  0
INSERT
  5
4263
330
17
100
AcDbEntity
  8
BUSH
100
AcDbBlockReference
  2
КИЗИЛЬНИК_БЛЕСТЯЩИЙ
 10
767.0942395641865
 20
14890.405757329552
 30
0.0
  0
INSERT
  5
4265
330
17
100
AcDbEntity
  8
BUSH
100
AcDbBlockReference
  2
СНЕЖНОЯГОДНИК_ДОРЕНБОЗА
 10
767.1209725472787
 20
14889.006012585816
 30
0.0
  0
INSERT
  5
4267
330
17
100
AcDbEntity
  8
BUSH
100
AcDbBlockReference
  2
СПИРЕЯ_GREFSHEIM
 10
767.1477055303709
 20
14887.60626784208
 30
0.0
  0
INSERT
  5
4269
330
17
100
AcDbEntity
  8
BUSH
100
AcDbBlockReference
  2
КИЗИЛЬНИК_БЛЕСТЯЩИЙ
 10
767.1744385134631
 20
14886.206523098346
 30
0.0
  0
INSERT
  5
426B
330
17
100
AcDbEntity
  8
BUSH
100
AcDbBlockReference
  2
СНЕЖНОЯГОДНИК_ДОРЕНБОЗА
 10
767.2011714965553
 20
14884.80677835461
 30
0.0
  0
INSERT
  5
426D
330
17
100
AcDbEntity
  8
BUSH
100
AcDbBlockReference
  2
СПИРЕЯ_GREFSHEIM
 10
767.2279044796475
 20
14883.407033610874
 30
0.0
  0
INSERT
  5
426F
330
17
100
AcDbEntity
  8
BUSH
100
AcDbBlockReference
  2
КИЗИЛЬНИК_БЛЕСТЯЩИЙ
 10
767.2546374627397
 20
14882.007288867138
 30
0.0
  0
INSERT
  5
4271
330
17
100
AcDbEntity
  8
BUSH
100
AcDbBlockReference
  2
СНЕЖНОЯГОДНИК_ДОРЕНБОЗА
 10
767.2813704458318
 20
14880.607544123404
 30
0.0
  0
INSERT
  5
4273
330
17
100
AcDbEntity
  8
BUSH
100
AcDbBlockReference
  2
СПИРЕЯ_GREFSHEIM
 10
767.308103428924
 20
14879.207799379668
 30
0.0
  0
INSERT
  5
4275
330
17
100
AcDbEntity
  8
BUSH
100
AcDbBlockReference
  2
КИЗИЛЬНИК_БЛЕСТЯЩИЙ
 10
767.3348364120162
 20
14877.808054635932
 30
0.0
  0
INSERT
  5
4277
330
17
100
AcDbEntity
  8
BUSH
100
AcDbBlockReference
  2
СНЕЖНОЯГОДНИК_ДОРЕНБОЗА
 10
767.3615693951084
 20
14876.408309892198
 30
0.0
  0
INSERT
  5
4279
330
17
100
AcDbEntity
  8
BUSH
100
AcDbBlockReference
  2
СПИРЕЯ_GREFSHEIM
 10
767.3883023782006
 20
14875.008565148462
 30
0.0
  0
INSERT
  5
427B
330
17
100
AcDbEntity
  8
BUSH
100
AcDbBlockReference
  2
КИЗИЛЬНИК_БЛЕСТЯЩИЙ
 10
767.4150353612928
 20
14873.608820404726
 30
0.0
  0
INSERT
  5
427D
330
17
100
AcDbEntity
  8
BUSH
100
AcDbBlockReference
  2
СНЕЖНОЯГОДНИК_ДОРЕНБОЗА
 10
767.4417683443849
 20
14872.20907566099
 30
0.0
  0
INSERT
  5
427F
330
17
100
AcDbEntity
  8
BUSH
100
AcDbBlockReference
  2
СПИРЕЯ_GREFSHEIM
 10
767.4733978154708
 20
14870.809453166234
 30
0.0
  0
INSERT
  5
4281
330
17
100
AcDbEntity
  8
BUSH
100
AcDbBlockReference
  2
КИЗИЛЬНИК_БЛЕСТЯЩИЙ
 10
767.5165485158941
 20
14869.410118318152
 30
0.0
  0
INSERT
  5
4283
330
17
100
AcDbEntity
  8
BUSH
100
AcDbBlockReference
  2
СНЕЖНОЯГОДНИК_ДОРЕНБОЗА
 10
767.5596992163174
 20
14868.010783470072
 30
0.0
  0
INSERT
  5
4285
330
17
100
AcDbEntity
  8
BUSH
100
AcDbBlockReference
  2
СПИРЕЯ_GREFSHEIM
 10
767.6028499167406
 20
14866.61144862199
 30
0.0
  0
INSERT
  5
4287
330
17
100
AcDbEntity
  8
BUSH
100
AcDbBlockReference
  2
КИЗИЛЬНИК_БЛЕСТЯЩИЙ
 10
767.646000617164
 20
14865.21211377391
 30
0.0
  0
INSERT
  5
4289
330
17
100
AcDbEntity
  8
BUSH
100
AcDbBlockReference
  2
СНЕЖНОЯГОДНИК_ДОРЕНБОЗА
 10
767.6891513175873
 20
14863.812778925829
 30
0.0
  0
INSERT
  5
428B
330
17
100
AcDbEntity
  8
BUSH
100
AcDbBlockReference
  2
СПИРЕЯ_GREFSHEIM
 10
767.7323020180105
 20
14862.413444077749
 30
0.0
  0
INSERT
  5
428D
330
17
100
AcDbEntity
  8
BUSH
100
AcDbBlockReference
  2
КИЗИЛЬНИК_БЛЕСТЯЩИЙ
 10
767.7754527184338
 20
14861.014109229669
 30
0.0
  0
INSERT
  5
428F
330
17
100
AcDbEntity
  8
BUSH
100
AcDbBlockReference
  2
СНЕЖНОЯГОДНИК_ДОРЕНБОЗА
 10
767.8186034188572
 20
14859.614774381587
 30
0.0
  0
INSERT
  5
4291
330
17
100
AcDbEntity
  8
BUSH
100
AcDbBlockReference
  2
СПИРЕЯ_GREFSHEIM
 10
767.8617541192804
 20
14858.215439533507
 30
0.0
  0
INSERT
  5
4293
330
17
100
AcDbEntity
  8
BUSH
100
AcDbBlockReference
  2
КИЗИЛЬНИК_БЛЕСТЯЩИЙ
 10
767.9049048197037
 20
14856.816104685426
 30
0.0
  0
INSERT
  5
4295
330
17
100
AcDbEntity
  8
BUSH
100
AcDbBlockReference
  2
СНЕЖНОЯГОДНИК_ДОРЕНБОЗА
 10
767.9480555201269
 20
14855.416769837346
 30
0.0
  0
INSERT
  5
4297
330
17
100
AcDbEntity
  8
BUSH
100
AcDbBlockReference
  2
СПИРЕЯ_GREFSHEIM
 10
767.9912062205502
 20
14854.017434989264
 30
0.0
  0
INSERT
  5
4299
330
17
100
AcDbEntity
  8
BUSH
100
AcDbBlockReference
  2
КИЗИЛЬНИК_БЛЕСТЯЩИЙ
 10
768.0343569209736
 20
14852.618100141184
 30
0.0
  0
INSERT
  5
429B
330
17
100
AcDbEntity
  8
BUSH
100
AcDbBlockReference
  2
СНЕЖНОЯГОДНИК_ДОРЕНБОЗА
 10
768.0775076213968
 20
14851.218765293102
 30
0.0
  0
INSERT
  5
429D
330
17
100
AcDbEntity
  8
BUSH
100
AcDbBlockReference
  2
СПИРЕЯ_GREFSHEIM
 10
768.1152652272959
 20
14849.81929360968
 30
0.0
  0
INSERT
  5
429F
330
17
100
AcDbEntity
  8
BUSH
100
AcDbBlockReference
  2
КИЗИЛЬНИК_БЛЕСТЯЩИЙ
 10
768.1426713781825
 20
14848.41956188435
 30
0.0
  0
INSERT
  5
42A1
330
17
100
AcDbEntity
  8
BUSH
100
AcDbBlockReference
  2
СНЕЖНОЯГОДНИК_ДОРЕНБОЗА
 10
768.1700775290692
 20
14847.01983015902
 30
0.0
  0
INSERT
  5
42A3
330
17
100
AcDbEntity
  8
BUSH
100
AcDbBlockReference
  2
СПИРЕЯ_GREFSHEIM
 10
768.1974836799558
 20
14845.620098433692
 30
0.0
  0
INSERT
  5
42A5
330
17
100
AcDbEntity
  8
BUSH
100
AcDbBlockReference
  2
КИЗИЛЬНИК_БЛЕСТЯЩИЙ
 10
768.2248898308424
 20
14844.220366708361
 30
0.0
  0
INSERT
  5
42A7
330
17
100
AcDbEntity
  8
BUSH
100
AcDbBlockReference
  2
СНЕЖНОЯГОДНИК_ДОРЕНБОЗА
 10
768.2522959817289
 20
14842.820634983033
 30
0.0
  0
INSERT
  5
42A9
330
17
100
AcDbEntity
  8
BUSH
100
AcDbBlockReference
  2
СПИРЕЯ_GREFSHEIM
 10
768.2797021326156
 20
14841.420903257704
 30
0.0
  0
INSERT
  5
42AB
330
17
100
AcDbEntity
  8
BUSH
100
AcDbBlockReference
  2
КИЗИЛЬНИК_БЛЕСТЯЩИЙ
 10
768.3071082835022
 20
14840.021171532373
 30
0.0
  0
INSERT
  5
42AD
330
17
100
AcDbEntity
  8
BUSH
100
AcDbBlockReference
  2
СНЕЖНОЯГОДНИК_ДОРЕНБОЗА
 10
768.3345144343888
 20
14838.621439807044
 30
0.0
  0
INSERT
  5
42AF
330
17
100
AcDbEntity
  8
BUSH
100
AcDbBlockReference
  2
СПИРЕЯ_GREFSHEIM
 10
768.3619205852754
 20
14837.221708081715
 30
0.0
  0
INSERT
  5
42B1
330
17
100
AcDbEntity
  8
BUSH
100
AcDbBlockReference
  2
КИЗИЛЬНИК_БЛЕСТЯЩИЙ
 10
768.389326736162
 20
14835.821976356387
 30
0.0
  0
INSERT
  5
42B3
330
17
100
AcDbEntity
  8
BUSH
100
AcDbBlockReference
  2
СНЕЖНОЯГОДНИК_ДОРЕНБОЗА
 10
768.4167328870486
 20
14834.422244631056
 30
0.0
  0
INSERT
  5
42B5
330
17
100
AcDbEntity
  8
BUSH
100
AcDbBlockReference
  2
СПИРЕЯ_GREFSHEIM
 10
768.4441390379352
 20
14833.022512905727
 30
0.0
  0
INSERT
  5
42B7
330
17
100
AcDbEntity
  8
BUSH
100
AcDbBlockReference
  2
КИЗИЛЬНИК_БЛЕСТЯЩИЙ
 10
768.4715451888218
 20
14831.622781180398
 30
0.0
  0
INSERT
  5
42B9
330
17
100
AcDbEntity
  8
BUSH
100
AcDbBlockReference
  2
СНЕЖНОЯГОДНИК_ДОРЕНБОЗА
 10
768.4989513397085
 20
14830.223049455068
 30
0.0
  0
INSERT
  5
42BB
330
17
100
AcDbEntity
  8
BUSH
100
AcDbBlockReference
  2
СПИРЕЯ_GREFSHEIM
 10
768.5307321762348
 20
14828.823430471415
 30
0.0
  0
INSERT
  5
42BD
330
17
100
AcDbEntity
  8
BUSH
100
AcDbBlockReference
  2
КИЗИЛЬНИК_БЛЕСТЯЩИЙ
 10
768.5754605508502
 20
14827.424145163659
 30
0.0
  0
INSERT
  5
42BF
330
17
100
AcDbEntity
  8
BUSH
100
AcDbBlockReference
  2
СНЕЖНОЯГОДНИК_ДОРЕНБОЗА
 10
768.6201889254654
 20
14826.024859855901
 30
0.0
  0
INSERT
  5
42C1
330
17
100
AcDbEntity
  8
BUSH
100
AcDbBlockReference
  2
СПИРЕЯ_GREFSHEIM
 10
768.6649173000808
 20
14824.625574548145
 30
0.0
  0
INSERT
  5
42C3
330
17
100
AcDbEntity
  8
BUSH
100
AcDbBlockReference
  2
КИЗИЛЬНИК_БЛЕСТЯЩИЙ
 10
768.709645674696
 20
14823.226289240387
 30
0.0
  0
INSERT
  5
42C5
330
17
100
AcDbEntity
  8
BUSH
100
AcDbBlockReference
  2
СНЕЖНОЯГОДНИК_ДОРЕНБОЗА
 10
768.7543740493114
 20
14821.82700393263
 30
0.0
  0
INSERT
  5
42C7
330
17
100
AcDbEntity
  8
BUSH
100
AcDbBlockReference
  2
СПИРЕЯ_GREFSHEIM
 10
768.7991024239268
 20
14820.427718624875
 30
0.0
  0
INSERT
  5
42C9
330
17
100
AcDbEntity
  8
BUSH
100
AcDbBlockReference
  2
КИЗИЛЬНИК_БЛЕСТЯЩИЙ
 10
768.8438307985421
 20
14819.028433317117
 30
0.0
  0
INSERT
  5
42CB
330
17
100
AcDbEntity
  8
BUSH
100
AcDbBlockReference
  2
СНЕЖНОЯГОДНИК_ДОРЕНБОЗА
 10
768.8885591731574
 20
14817.62914800936
 30
0.0
  0
INSERT
  5
42CD
330
17
100
AcDbEntity
  8
BUSH
100
AcDbBlockReference
  2
СПИРЕЯ_GREFSHEIM
 10
768.9332875477728
 20
14816.229862701603
 30
0.0
  0
INSERT
  5
42CF
330
17
100
AcDbEntity
  8
BUSH
100
AcDbBlockReference
  2
КИЗИЛЬНИК_БЛЕСТЯЩИЙ
 10
768.9780159223882
 20
14814.830577393846
 30
0.0
  0
INSERT
  5
42D1
330
17
100
AcDbEntity
  8
BUSH
100
AcDbBlockReference
  2
СНЕЖНОЯГОДНИК_ДОРЕНБОЗА
 10
769.0227442970036
 20
14813.43129208609
 30
0.0
  0
INSERT
  5
42D3
330
17
100
AcDbEntity
  8
BUSH
100
AcDbBlockReference
  2
СПИРЕЯ_GREFSHEIM
 10
769.0674726716189
 20
14812.032006778332
 30
0.0
  0
INSERT
  5
42D5
330
17
100
AcDbEntity
  8
BUSH
100
AcDbBlockReference
  2
КИЗИЛЬНИК_БЛЕСТЯЩИЙ
 10
769.1122010462343
 20
14810.632721470576
 30
0.0
  0
INSERT
  5
42D7
330
17
100
AcDbEntity
  8
BUSH
100
AcDbBlockReference
  2
СНЕЖНОЯГОДНИК_ДОРЕНБОЗА
 10
769.1569294208496
 20
14809.233436162818
 30
0.0
  0
INSERT
  5
42D9
330
17
100
AcDbEntity
  8
BUSH
100
AcDbBlockReference
  2
СПИРЕЯ_GREFSHEIM
 10
769.1991861831699
 20
14807.834078913764
 30
0.0
  0
INSERT
  5
42DB
330
17
100
AcDbEntity
  8
BUSH
100
AcDbBlockReference
  2
КИЗИЛЬНИК_БЛЕСТЯЩИЙ
 10
769.2357839028807
 20
14806.434557350189
 30
0.0
  0
INSERT
  5
42DD
330
17
100
AcDbEntity
  8
BUSH
100
AcDbBlockReference
  2
СНЕЖНОЯГОДНИК_ДОРЕНБОЗА
 10
769.2386053390695
 20
14805.035456376172
 30
0.0
  0
INSERT
  5
42DF
330
17
100
AcDbEntity
  8
BUSH
100
AcDbBlockReference
  2
СПИРЕЯ_GREFSHEIM
 10
768.9291037538685
 20
14803.674583926166
 30
0.0
  0
INSERT
  5
42E1
330
17
100
AcDbEntity
  8
BUSH
100
AcDbBlockReference
  2
КИЗИЛЬНИК_БЛЕСТЯЩИЙ
 10
768.2508463588939
 20
14802.454974353781
 30
0.0
  0
INSERT
  5
42E3
330
17
100
AcDbEntity
  8
BUSH
100
AcDbBlockReference
  2
СНЕЖНОЯГОДНИК_ДОРЕНБОЗА
 10
767.2631367238359
 20
14801.470177085232
 30
0.0
  0
INSERT
  5
42E5
330
17
100
AcDbEntity
  8
BUSH
100
AcDbBlockReference
  2
СПИРЕЯ_GREFSHEIM
 10
766.8972605081908
 20
14800.27762392338
 30
0.0
  0
INSERT
  5
42E7
330
17
100
AcDbEntity
  8
BUSH
100
AcDbBlockReference
  2
КИЗИЛЬНИК_БЛЕСТЯЩИЙ
 10
766.9342944018169
 20
14798.878113833842
 30
0.0
  0
INSERT
  5
42E9
330
17
100
AcDbEntity
  8
BUSH
100
AcDbBlockReference
  2
СНЕЖНОЯГОДНИК_ДОРЕНБОЗА
 10
766.9713282954431
 20
14797.478603744303
 30
0.0
  0
INSERT
  5
42EB
330
17
100
AcDbEntity
  8
BUSH
100
AcDbBlockReference
  2
СПИРЕЯ_GREFSHEIM
 10
767.0083621890692
 20
14796.079093654762
 30
0.0
  0
INSERT
  5
42ED
330
17
100
AcDbEntity
  8
BUSH
100
AcDbBlockReference
  2
КИЗИЛЬНИК_БЛЕСТЯЩИЙ
 10
767.0453960826954
 20
14794.679583565223
 30
0.0
  0
INSERT
  5
42EF
330
17
100
AcDbEntity
  8
BUSH
100
AcDbBlockReference
  2
СНЕЖНОЯГОДНИК_ДОРЕНБОЗА
 10
767.0824299763216
 20
14793.280073475684
 30
0.0
  0
INSERT
  5
42F1
330
17
100
AcDbEntity
  8
BUSH
100
AcDbBlockReference
  2
СПИРЕЯ_GREFSHEIM
 10
767.1194638699477
 20
14791.880563386145
 30
0.0
  0
INSERT
  5
42F3
330
17
100
AcDbEntity
  8
BUSH
100
AcDbBlockReference
  2
КИЗИЛЬНИК_БЛЕСТЯЩИЙ
 10
767.1564037004493
 20
14790.48105088752
 30
0.0
  0
INSERT
  5
42F5
330
17
100
AcDbEntity
  8
BUSH
100
AcDbBlockReference
  2
СНЕЖНОЯГОДНИК_ДОРЕНБОЗА
 10
767.1909541931435
 20
14789.081477286936
 30
0.0
  0
INSERT
  5
42F7
330
17
100
AcDbEntity
  8
BUSH
100
AcDbBlockReference
  2
СПИРЕЯ_GREFSHEIM
 10
767.2255046858376
 20
14787.68190368635
 30
0.0
  0
INSERT
  5
42F9
330
17
100
AcDbEntity
  8
BUSH
100
AcDbBlockReference
  2
КИЗИЛЬНИК_БЛЕСТЯЩИЙ
 10
767.2618921031785
 20
14786.282376775087
 30
0.0
  0
INSERT
  5
42FB
330
17
100
AcDbEntity
  8
BUSH
100
AcDbBlockReference
  2
СНЕЖНОЯГОДНИК_ДОРЕНБОЗА
 10
767.2984865317615
 20
14784.882855125452
 30
0.0
  0
INSERT
  5
42FD
330
17
100
AcDbEntity
  8
BUSH
100
AcDbBlockReference
  2
СПИРЕЯ_GREFSHEIM
 10
767.3350809603444
 20
14783.483333475817
 30
0.0
  0
INSERT
  5
42FF
330
17
100
AcDbEntity
  8
BUSH
100
AcDbBlockReference
  2
КИЗИЛЬНИК_БЛЕСТЯЩИЙ
 10
767.3716753889273
 20
14782.083811826184
 30
0.0
  0
INSERT
  5
4301
330
17
100
AcDbEntity
  8
BUSH
100
AcDbBlockReference
  2
СНЕЖНОЯГОДНИК_ДОРЕНБОЗА
 10
767.4082698175101
 20
14780.684290176549
 30
0.0
  0
INSERT
  5
4303
330
17
100
AcDbEntity
  8
BUSH
100
AcDbBlockReference
  2
СПИРЕЯ_GREFSHEIM
 10
767.4448642460931
 20
14779.284768526913
 30
0.0
  0
INSERT
  5
4305
330
17
100
AcDbEntity
  8
BUSH
100
AcDbBlockReference
  2
КИЗИЛЬНИК_БЛЕСТЯЩИЙ
 10
767.481458674676
 20
14777.885246877278
 30
0.0
  0
INSERT
  5
4307
330
17
100
AcDbEntity
  8
BUSH
100
AcDbBlockReference
  2
СНЕЖНОЯГОДНИК_ДОРЕНБОЗА
 10
767.5180531032589
 20
14776.485725227643
 30
0.0
  0
INSERT
  5
4309
330
17
100
AcDbEntity
  8
BUSH
100
AcDbBlockReference
  2
СПИРЕЯ_GREFSHEIM
 10
767.5546475318419
 20
14775.086203578008
 30
0.0
  0
INSERT
  5
430B
330
17
100
AcDbEntity
  8
BUSH
100
AcDbBlockReference
  2
КИЗИЛЬНИК_БЛЕСТЯЩИЙ
 10
767.5912419604248
 20
14773.686681928373
 30
0.0
  0
INSERT
  5
430D
330
17
100
AcDbEntity
  8
BUSH
100
AcDbBlockReference
  2
СНЕЖНОЯГОДНИК_ДОРЕНБОЗА
 10
767.6278363890077
 20
14772.287160278738
 30
0.0
  0
INSERT
  5
430F
330
17
100
AcDbEntity
  8
BUSH
100
AcDbBlockReference
  2
СПИРЕЯ_GREFSHEIM
 10
767.6644308175906
 20
14770.887638629103
 30
0.0
  0
INSERT
  5
4311
330
17
100
AcDbEntity
  8
BUSH
100
AcDbBlockReference
  2
КИЗИЛЬНИК_БЛЕСТЯЩИЙ
 10
767.7010252461736
 20
14769.488116979468
 30
0.0
  0
INSERT
  5
4313
330
17
100
AcDbEntity
  8
BUSH
100
AcDbBlockReference
  2
СНЕЖНОЯГОДНИК_ДОРЕНБОЗА
 10
767.7376196747565
 20
14768.088595329835
 30
0.0
  0
INSERT
  5
4315
330
17
100
AcDbEntity
  8
BUSH
100
AcDbBlockReference
  2
СПИРЕЯ_GREFSHEIM
 10
767.7619103461681
 20
14766.688880551477
 30
0.0
  0
INSERT
  5
4317
330
17
100
AcDbEntity
  8
BUSH
100
AcDbBlockReference
  2
КИЗИЛЬНИК_БЛЕСТЯЩИЙ
 10
767.7677508736904
 20
14765.288892734303
 30
0.0
  0
INSERT
  5
4319
330
17
100
AcDbEntity
  8
BUSH
100
AcDbBlockReference
  2
СНЕЖНОЯГОДНИК_ДОРЕНБОЗА
 10
767.7735914012127
 20
14763.888904917127
 30
0.0
  0
INSERT
  5
431B
330
17
100
AcDbEntity
  8
BUSH
100
AcDbBlockReference
  2
СПИРЕЯ_GREFSHEIM
 10
767.7965437379065
 20
14762.489135937038
 30
0.0
  0
INSERT
  5
431D
330
17
100
AcDbEntity
  8
BUSH
100
AcDbBlockReference
  2
КИЗИЛЬНИК_БЛЕСТЯЩИЙ
 10
767.8265071974815
 20
14761.089456619804
 30
0.0
  0
INSERT
  5
431F
330
17
100
AcDbEntity
  8
BUSH
100
AcDbBlockReference
  2
СНЕЖНОЯГОДНИК_ДОРЕНБОЗА
 10
767.8564706570565
 20
14759.689777302572
 30
0.0
  0
INSERT
  5
4327
330
17
100
AcDbEntity
  8
BUSH
100
AcDbBlockReference
  2
СПИРЕЯ_GREFSHEIM
 10
766.2836968416749
 20
14760.096498342999
 30
0.0
  0
INSERT
  5
4329
330
17
100
AcDbEntity
  8
BUSH
100
AcDbBlockReference
  2
КИЗИЛЬНИК_БЛЕСТЯЩИЙ
 10
766.2671128798838
 20
14761.496400115342
 30
0.0
  0
INSERT
  5
433B
330
17
100
AcDbEntity
  8
BUSH
100
AcDbBlockReference
  2
КИЗИЛЬНИК_БЛЕСТЯЩИЙ
 10
765.9702746336627
 20
14778.293363155059
 30
0.0
  0
INSERT
  5
433D
330
17
100
AcDbEntity
  8
BUSH
100
AcDbBlockReference
  2
СНЕЖНОЯГОДНИК_ДОРЕНБОЗА
 10
765.8238969193309
 20
14783.891449753599
 30
0.0
  0
INSERT
  5
433F
330
17
100
AcDbEntity
  8
BUSH
100
AcDbBlockReference
  2
СПИРЕЯ_GREFSHEIM
 10
765.787302490748
 20
14785.290971403234
 30
0.0
  0
INSERT
  5
4341
330
17
100
AcDbEntity
  8
BUSH
100
AcDbBlockReference
  2
КИЗИЛЬНИК_БЛЕСТЯЩИЙ
 10
765.750708062165
 20
14786.690493052869
 30
0.0
  0
INSERT
  5
4343
330
17
100
AcDbEntity
  8
BUSH
100
AcDbBlockReference
  2
СНЕЖНОЯГОДНИК_ДОРЕНБОЗА
 10
765.7141136335821
 20
14788.090014702504
 30
0.0
  0
INSERT
  5
4345
330
17
100
AcDbEntity
  8
BUSH
100
AcDbBlockReference
  2
СПИРЕЯ_GREFSHEIM
 10
765.6775182040506
 20
14789.489536325966
 30
0.0
  0
INSERT
  5
434F
330
17
100
AcDbEntity
  8
BUSH
100
AcDbBlockReference
  2
СНЕЖНОЯГОДНИК_ДОРЕНБОЗА
 10
764.9817977620069
 20
14803.462426051488
 30
0.0
  0
INSERT
  5
4351
330
17
100
AcDbEntity
  8
BUSH
100
AcDbBlockReference
  2
СПИРЕЯ_GREFSHEIM
 10
764.9989931654437
 20
14804.788980181314
 30
0.0
  0
INSERT
  5
4353
330
17
100
AcDbEntity
  8
BUSH
100
AcDbBlockReference
  2
КИЗИЛЬНИК_БЛЕСТЯЩИЙ
 10
765.2425527373867
 20
14806.123421147156
 30
0.0
  0
INSERT
  5
4355
330
17
100
AcDbEntity
  8
BUSH
100
AcDbBlockReference
  2
СНЕЖНОЯГОДНИК_ДОРЕНБОЗА
 10
765.2059550176759
 20
14807.522942710732
 30
0.0
  0
INSERT
  5
4357
330
17
100
AcDbEntity
  8
BUSH
100
AcDbBlockReference
  2
СПИРЕЯ_GREFSHEIM
 10
765.1648308687907
 20
14808.9223327725
 30
0.0
  0
INSERT
  5
4359
330
17
100
AcDbEntity
  8
BUSH
100
AcDbBlockReference
  2
КИЗИЛЬНИК_БЛЕСТЯЩИЙ
 10
765.0753741195599
 20
14811.720903388014
 30
0.0
  0
INSERT
  5
435B
330
17
100
AcDbEntity
  8
BUSH
100
AcDbBlockReference
  2
СНЕЖНОЯГОДНИК_ДОРЕНБОЗА
 10
764.8517322464832
 20
14818.717329926798
 30
0.0
  0
INSERT
  5
435D
330
17
100
AcDbEntity
  8
BUSH
100
AcDbBlockReference
  2
СПИРЕЯ_GREFSHEIM
 10
764.7622754972525
 20
14821.515900542312
 30
0.0
  0
INSERT
  5
435F
330
17
100
AcDbEntity
  8
BUSH
100
AcDbBlockReference
  2
КИЗИЛЬНИК_БЛЕСТЯЩИЙ
 10
764.6728187480219
 20
14824.314471157824
 30
0.0
  0
INSERT
  5
4361
330
17
100
AcDbEntity
  8
BUSH
100
AcDbBlockReference
  2
СНЕЖНОЯГОДНИК_ДОРЕНБОЗА
 10
764.6280903734065
 20
14825.713756465582
 30
0.0
  0
INSERT
  5
4363
330
17
100
AcDbEntity
  8
BUSH
100
AcDbBlockReference
  2
СПИРЕЯ_GREFSHEIM
 10
764.5833619987912
 20
14827.113041773338
 30
0.0
  0
INSERT
  5
4365
330
17
100
AcDbEntity
  8
BUSH
100
AcDbBlockReference
  2
КИЗИЛЬНИК_БЛЕСТЯЩИЙ
 10
764.5386336241759
 20
14828.512327081096
 30
0.0
  0
INSERT
  5
4367
330
17
100
AcDbEntity
  8
BUSH
100
AcDbBlockReference
  2
СНЕЖНОЯГОДНИК_ДОРЕНБОЗА
 10
764.4768711142945
 20
14831.311611415314
 30
0.0
  0
INSERT
  5
4369
330
17
100
AcDbEntity
  8
BUSH
100
AcDbBlockReference
  2
СПИРЕЯ_GREFSHEIM
 10
764.3946526616346
 20
14835.510806591303
 30
0.0
  0
INSERT
  5
436B
330
17
100
AcDbEntity
  8
BUSH
100
AcDbBlockReference
  2
КИЗИЛЬНИК_БЛЕСТЯЩИЙ
 10
764.367246510748
 20
14836.910538316633
 30
0.0
  0
INSERT
  5
436D
330
17
100
AcDbEntity
  8
BUSH
100
AcDbBlockReference
  2
СНЕЖНОЯГОДНИК_ДОРЕНБОЗА
 10
764.3124342089748
 20
14839.710001767291
 30
0.0
  0
INSERT
  5
436F
330
17
100
AcDbEntity
  8
BUSH
100
AcDbBlockReference
  2
СПИРЕЯ_GREFSHEIM
 10
764.2850280580882
 20
14841.109733492622
 30
0.0
  0
INSERT
  5
4371
330
17
100
AcDbEntity
  8
BUSH
100
AcDbBlockReference
  2
КИЗИЛЬНИК_БЛЕСТЯЩИЙ
 10
764.2028096054283
 20
14845.30892866861
 30
0.0
  0
INSERT
  5
4373
330
17
100
AcDbEntity
  8
BUSH
100
AcDbBlockReference
  2
СНЕЖНОЯГОДНИК_ДОРЕНБОЗА
 10
764.1205911527685
 20
14849.508123844596
 30
0.0
  0
INSERT
  5
4375
330
17
100
AcDbEntity
  8
BUSH
100
AcDbBlockReference
  2
СПИРЕЯ_GREFSHEIM
 10
763.9988984769765
 20
14853.706324160861
 30
0.0
  0
INSERT
  5
4377
330
17
100
AcDbEntity
  8
BUSH
100
AcDbBlockReference
  2
КИЗИЛЬНИК_БЛЕСТЯЩИЙ
 10
763.9125970761299
 20
14856.504993857023
 30
0.0
  0
INSERT
  5
4379
330
17
100
AcDbEntity
  8
BUSH
100
AcDbBlockReference
  2
СНЕЖНОЯГОДНИК_ДОРЕНБОЗА
 10
763.6968435740135
 20
14863.501668097426
 30
0.0
  0
INSERT
  5
437B
330
17
100
AcDbEntity
  8
BUSH
100
AcDbBlockReference
  2
СПИРЕЯ_GREFSHEIM
 10
763.6536928735902
 20
14864.901002945508
 30
0.0
  0
INSERT
  5
437D
330
17
100
AcDbEntity
  8
BUSH
100
AcDbBlockReference
  2
КИЗИЛЬНИК_БЛЕСТЯЩИЙ
 10
763.5673914727437
 20
14867.699672641667
 30
0.0
  0
INSERT
  5
437F
330
17
100
AcDbEntity
  8
BUSH
100
AcDbBlockReference
  2
СНЕЖНОЯГОДНИК_ДОРЕНБОЗА
 10
763.5242407723204
 20
14869.099007489749
 30
0.0
  0
INSERT
  5
4381
330
17
100
AcDbEntity
  8
BUSH
100
AcDbBlockReference
  2
СПИРЕЯ_GREFSHEIM
 10
763.3133169151001
 20
14878.896626664638
 30
0.0
  0
INSERT
  5
4383
330
17
100
AcDbEntity
  8
BUSH
100
AcDbBlockReference
  2
КИЗИЛЬНИК_БЛЕСТЯЩИЙ
 10
763.2865839320079
 20
14880.296371408373
 30
0.0
  0
INSERT
  5
4385
330
17
100
AcDbEntity
  8
BUSH
100
AcDbBlockReference
  2
СНЕЖНОЯГОДНИК_ДОРЕНБОЗА
 10
763.2598509489158
 20
14881.696116152109
 30
0.0
  0
INSERT
  5
4387
330
17
100
AcDbEntity
  8
BUSH
100
AcDbBlockReference
  2
СПИРЕЯ_GREFSHEIM
 10
763.2331179658236
 20
14883.095860895844
 30
0.0
  0
INSERT
  5
4389
330
17
100
AcDbEntity
  8
BUSH
100
AcDbBlockReference
  2
КИЗИЛЬНИК_БЛЕСТЯЩИЙ
 10
763.2063849827314
 20
14884.495605639579
 30
0.0
  0
INSERT
  5
438B
330
17
100
AcDbEntity
  8
BUSH
100
AcDbBlockReference
  2
СНЕЖНОЯГОДНИК_ДОРЕНБОЗА
 10
763.1796519996392
 20
14885.895350383315
 30
0.0
  0
INSERT
  5
438D
330
17
100
AcDbEntity
  8
BUSH
100
AcDbBlockReference
  2
СПИРЕЯ_GREFSHEIM
 10
763.152919016547
 20
14887.29509512705
 30
0.0
  0
INSERT
  5
438F
330
17
100
AcDbEntity
  8
BUSH
100
AcDbBlockReference
  2
КИЗИЛЬНИК_БЛЕСТЯЩИЙ
 10
763.1261860334548
 20
14888.694839870786
 30
0.0
  0
INSERT
  5
4391
330
17
100
AcDbEntity
  8
BUSH
100
AcDbBlockReference
  2
СНЕЖНОЯГОДНИК_ДОРЕНБОЗА
 10
763.0249500402274
 20
14892.893575757442
 30
0.0
  0
INSERT
  5
4393
330
17
100
AcDbEntity
  8
BUSH
100
AcDbBlockReference
  2
СПИРЕЯ_GREFSHEIM
 10
762.9853605014434
 20
14894.293015884214
 30
0.0
  0
INSERT
  5
4395
330
17
100
AcDbEntity
  8
BUSH
100
AcDbBlockReference
  2
КИЗИЛЬНИК_БЛЕСТЯЩИЙ
 10
762.6548290875298
 20
14895.60620041331
 30
0.0
  0
INSERT
  5
4397
330
17
100
AcDbEntity
  8
BUSH
100
AcDbBlockReference
  2
СНЕЖНОЯГОДНИК_ДОРЕНБОЗА
 10
763.0188321055824
 20
14897.661106655412
 30
0.0
  0
INSERT
  5
439B
330
17
100
AcDbEntity
  8
BUSH
100
AcDbBlockReference
  2
КИЗИЛЬНИК_БЛЕСТЯЩИЙ
 10
770.5988738342943
 20
14749.873369509898
 30
0.0
  0
INSERT
  5
439D
330
17
100
AcDbEntity
  8
BUSH
100
AcDbBlockReference
  2
СНЕЖНОЯГОДНИК_ДОРЕНБОЗА
 10
770.6520314403842
 20
14748.474379063571
 30
0.0
  0
INSERT
  5
439F
330
17
100
AcDbEntity
  8
BUSH
100
AcDbBlockReference
  2
СПИРЕЯ_GREFSHEIM
 10
770.6868235179397
 20
14747.074851712296
 30
0.0
  0
INSERT
  5
43A1
330
17
100
AcDbEntity
  8
BUSH
100
AcDbBlockReference
  2
КИЗИЛЬНИК_БЛЕСТЯЩИЙ
 10
770.7149383686514
 20
14745.675134042489
 30
0.0
  0
INSERT
  5
43A3
330
17
100
AcDbEntity
  8
BUSH
100
AcDbBlockReference
  2
СНЕЖНОЯГОДНИК_ДОРЕНБОЗА
 10
770.7430532193631
 20
14744.275416372682
 30
0.0
  0
INSERT
  5
43A5
330
17
100
AcDbEntity
  8
BUSH
100
AcDbBlockReference
  2
СПИРЕЯ_GREFSHEIM
 10
770.7711680700747
 20
14742.875698702876
 30
0.0
  0
INSERT
  5
43A7
330
17
100
AcDbEntity
  8
BUSH
100
AcDbBlockReference
  2
КИЗИЛЬНИК_БЛЕСТЯЩИЙ
 10
770.7992829207864
 20
14741.475981033069
 30
0.0
  0
INSERT
  5
43A9
330
17
100
AcDbEntity
  8
BUSH
100
AcDbBlockReference
  2
СНЕЖНОЯГОДНИК_ДОРЕНБОЗА
 10
770.8273977714981
 20
14740.076263363262
 30
0.0
  0
INSERT
  5
43AB
330
17
100
AcDbEntity
  8
BUSH
100
AcDbBlockReference
  2
СПИРЕЯ_GREFSHEIM
 10
770.8555126222097
 20
14738.676545693455
 30
0.0
  0
INSERT
  5
43AD
330
17
100
AcDbEntity
  8
BUSH
100
AcDbBlockReference
  2
КИЗИЛЬНИК_БЛЕСТЯЩИЙ
 10
766.7947009450276
 20
14741.663929804834
 30
0.0
  0
INSERT
  5
43AF
330
17
100
AcDbEntity
  8
BUSH
100
AcDbBlockReference
  2
СНЕЖНОЯГОДНИК_ДОРЕНБОЗА
 10
766.7665860943159
 20
14743.06364747464
 30
0.0
  0
INSERT
  5
43B1
330
17
100
AcDbEntity
  8
BUSH
100
AcDbBlockReference
  2
СПИРЕЯ_GREFSHEIM
 10
766.7103563928925
 20
14745.863082814254
 30
0.0
  0
INSERT
  5
43B3
330
17
100
AcDbEntity
  8
BUSH
100
AcDbBlockReference
  2
КИЗИЛЬНИК_БЛЕСТЯЩИЙ
 10
766.6822415421809
 20
14747.26280048406
 30
0.0
  0
INSERT
  5
43B7
330
17
100
AcDbEntity
  8
BUSH
100
AcDbBlockReference
  2
СПИРЕЯ_GREFSHEIM
 10
771.3978333258674
 20
14719.557336631158
 30
0.0
  0
INSERT
  5
43B9
330
17
100
AcDbEntity
  8
BUSH
100
AcDbBlockReference
  2
КИЗИЛЬНИК_БЛЕСТЯЩИЙ
 10
771.4336842160093
 20
14718.157795766705
 30
0.0
  0
INSERT
  5
43BB
330
17
100
AcDbEntity
  8
BUSH
100
AcDbBlockReference
  2
СНЕЖНОЯГОДНИК_ДОРЕНБОЗА
 10
771.4695022343611
 20
14716.758254031149
 30
0.0
  0
INSERT
  5
43BD
330
17
100
AcDbEntity
  8
BUSH
100
AcDbBlockReference
  2
СПИРЕЯ_GREFSHEIM
 10
771.5053202527131
 20
14715.358712295594
 30
0.0
  0
INSERT
  5
43BF
330
17
100
AcDbEntity
  8
BUSH
100
AcDbBlockReference
  2
КИЗИЛЬНИК_БЛЕСТЯЩИЙ
 10
771.541138271065
 20
14713.959170560038
 30
0.0
  0
INSERT
  5
43C1
330
17
100
AcDbEntity
  8
BUSH
100
AcDbBlockReference
  2
СНЕЖНОЯГОДНИК_ДОРЕНБОЗА
 10
771.5769562894169
 20
14712.559628824483
 30
0.0
  0
INSERT
  5
43C3
330
17
100
AcDbEntity
  8
BUSH
100
AcDbBlockReference
  2
СПИРЕЯ_GREFSHEIM
 10
771.6127743077689
 20
14711.160087088927
 30
0.0
  0
INSERT
  5
43C5
330
17
100
AcDbEntity
  8
BUSH
100
AcDbBlockReference
  2
КИЗИЛЬНИК_БЛЕСТЯЩИЙ
 10
771.6485923261208
 20
14709.760545353372
 30
0.0
  0
INSERT
  5
43C7
330
17
100
AcDbEntity
  8
BUSH
100
AcDbBlockReference
  2
СНЕЖНОЯГОДНИК_ДОРЕНБОЗА
 10
771.6844103444727
 20
14708.361003617818
 30
0.0
  0
INSERT
  5
43C9
330
17
100
AcDbEntity
  8
BUSH
100
AcDbBlockReference
  2
СПИРЕЯ_GREFSHEIM
 10
771.7202283628246
 20
14706.961461882262
 30
0.0
  0
INSERT
  5
43CB
330
17
100
AcDbEntity
  8
BUSH
100
AcDbBlockReference
  2
КИЗИЛЬНИК_БЛЕСТЯЩИЙ
 10
771.7560463811765
 20
14705.561920146707
 30
0.0
  0
INSERT
  5
43CD
330
17
100
AcDbEntity
  8
BUSH
100
AcDbBlockReference
  2
СНЕЖНОЯГОДНИК_ДОРЕНБОЗА
 10
771.7918643995284
 20
14704.16237841115
 30
0.0
  0
INSERT
  5
43CF
330
17
100
AcDbEntity
  8
BUSH
100
AcDbBlockReference
  2
СПИРЕЯ_GREFSHEIM
 10
771.8276824178804
 20
14702.762836675596
 30
0.0
  0
INSERT
  5
43D1
330
17
100
AcDbEntity
  8
BUSH
100
AcDbBlockReference
  2
КИЗИЛЬНИК_БЛЕСТЯЩИЙ
 10
771.8635004362322
 20
14701.36329494004
 30
0.0
  0
INSERT
  5
43D3
330
17
100
AcDbEntity
  8
BUSH
100
AcDbBlockReference
  2
СНЕЖНОЯГОДНИК_ДОРЕНБОЗА
 10
771.8993184545842
 20
14699.963753204485
 30
0.0
  0
INSERT
  5
43D5
330
17
100
AcDbEntity
  8
BUSH
100
AcDbBlockReference
  2
СПИРЕЯ_GREFSHEIM
 10
771.935136472936
 20
14698.564211468929
 30
0.0
  0
INSERT
  5
43D7
330
17
100
AcDbEntity
  8
BUSH
100
AcDbBlockReference
  2
КИЗИЛЬНИК_БЛЕСТЯЩИЙ
 10
771.970954491288
 20
14697.164669733374
 30
0.0
  0
INSERT
  5
43D9
330
17
100
AcDbEntity
  8
BUSH
100
AcDbBlockReference
  2
СНЕЖНОЯГОДНИК_ДОРЕНБОЗА
 10
772.00677250964
 20
14695.765127997818
 30
0.0
  0
INSERT
  5
43DB
330
17
100
AcDbEntity
  8
BUSH
100
AcDbBlockReference
  2
СПИРЕЯ_GREFSHEIM
 10
772.0425905279918
 20
14694.365586262264
 30
0.0
  0
INSERT
  5
43DD
330
17
100
AcDbEntity
  8
BUSH
100
AcDbBlockReference
  2
КИЗИЛЬНИК_БЛЕСТЯЩИЙ
 10
772.0784085463438
 20
14692.966044526707
 30
0.0
  0
INSERT
  5
43DF
330
17
100
AcDbEntity
  8
BUSH
100
AcDbBlockReference
  2
СНЕЖНОЯГОДНИК_ДОРЕНБОЗА
 10
772.1142265646956
 20
14691.566502791153
 30
0.0
  0
INSERT
  5
43E1
330
17
100
AcDbEntity
  8
BUSH
100
AcDbBlockReference
  2
СПИРЕЯ_GREFSHEIM
 10
772.1500445830476
 20
14690.166961055596
 30
0.0
  0
INSERT
  5
43E3
330
17
100
AcDbEntity
  8
BUSH
100
AcDbBlockReference
  2
КИЗИЛЬНИК_БЛЕСТЯЩИЙ
 10
772.1858626013995
 20
14688.767419320042
 30
0.0
  0
INSERT
  5
43E5
330
17
100
AcDbEntity
  8
BUSH
100
AcDbBlockReference
  2
СНЕЖНОЯГОДНИК_ДОРЕНБОЗА
 10
772.2216806197514
 20
14687.367877584487
 30
0.0
  0
INSERT
  5
43E7
330
17
100
AcDbEntity
  8
BUSH
100
AcDbBlockReference
  2
СПИРЕЯ_GREFSHEIM
 10
772.2574986381034
 20
14685.968335848931
 30
0.0
  0
INSERT
  5
43E9
330
17
100
AcDbEntity
  8
BUSH
100
AcDbBlockReference
  2
КИЗИЛЬНИК_БЛЕСТЯЩИЙ
 10
772.2933166564552
 20
14684.568794113376
 30
0.0
  0
INSERT
  5
43EB
330
17
100
AcDbEntity
  8
BUSH
100
AcDbBlockReference
  2
СНЕЖНОЯГОДНИК_ДОРЕНБОЗА
 10
772.3288105001728
 20
14683.169244125931
 30
0.0
  0
INSERT
  5
43ED
330
17
100
AcDbEntity
  8
BUSH
100
AcDbBlockReference
  2
СПИРЕЯ_GREFSHEIM
 10
772.3642436011039
 20
14681.769692592276
 30
0.0
  0
INSERT
  5
43EF
330
17
100
AcDbEntity
  8
BUSH
100
AcDbBlockReference
  2
КИЗИЛЬНИК_БЛЕСТЯЩИЙ
 10
772.399676702035
 20
14680.37014105862
 30
0.0
  0
INSERT
  5
43F1
330
17
100
AcDbEntity
  8
BUSH
100
AcDbBlockReference
  2
СНЕЖНОЯГОДНИК_ДОРЕНБОЗА
 10
772.435109802966
 20
14678.970589524964
 30
0.0
  0
INSERT
  5
43F3
330
17
100
AcDbEntity
  8
BUSH
100
AcDbBlockReference
  2
СПИРЕЯ_GREFSHEIM
 10
772.470542903897
 20
14677.571037991309
 30
0.0
  0
INSERT
  5
43F5
330
17
100
AcDbEntity
  8
BUSH
100
AcDbBlockReference
  2
КИЗИЛЬНИК_БЛЕСТЯЩИЙ
 10
772.5059760048281
 20
14676.171486457653
 30
0.0
  0
INSERT
  5
43F7
330
17
100
AcDbEntity
  8
BUSH
100
AcDbBlockReference
  2
СНЕЖНОЯГОДНИК_ДОРЕНБОЗА
 10
772.5414091057592
 20
14674.771934923996
 30
0.0
  0
INSERT
  5
43F9
330
17
100
AcDbEntity
  8
BUSH
100
AcDbBlockReference
  2
СПИРЕЯ_GREFSHEIM
 10
772.5768422066902
 20
14673.37238339034
 30
0.0
  0
INSERT
  5
43FB
330
17
100
AcDbEntity
  8
BUSH
100
AcDbBlockReference
  2
КИЗИЛЬНИК_БЛЕСТЯЩИЙ
 10
772.6122753076213
 20
14671.972831856685
 30
0.0
  0
INSERT
  5
43FD
330
17
100
AcDbEntity
  8
BUSH
100
AcDbBlockReference
  2
СНЕЖНОЯГОДНИК_ДОРЕНБОЗА
 10
772.6477084085523
 20
14670.57328032303
 30
0.0
  0
INSERT
  5
43FF
330
17
100
AcDbEntity
  8
BUSH
100
AcDbBlockReference
  2
СПИРЕЯ_GREFSHEIM
 10
772.6831344954625
 20
14669.173728611939
 30
0.0
  0
INSERT
  5
4401
330
17
100
AcDbEntity
  8
BUSH
100
AcDbBlockReference
  2
КИЗИЛЬНИК_БЛЕСТЯЩИЙ
 10
772.7185107969839
 20
14667.77417564142
 30
0.0
  0
INSERT
  5
4403
330
17
100
AcDbEntity
  8
BUSH
100
AcDbBlockReference
  2
СНЕЖНОЯГОДНИК_ДОРЕНБОЗА
 10
772.7538870985053
 20
14666.374622670899
 30
0.0
  0
INSERT
  5
4405
330
17
100
AcDbEntity
  8
BUSH
100
AcDbBlockReference
  2
СПИРЕЯ_GREFSHEIM
 10
772.7892634000268
 20
14664.97506970038
 30
0.0
  0
INSERT
  5
4407
330
17
100
AcDbEntity
  8
BUSH
100
AcDbBlockReference
  2
КИЗИЛЬНИК_БЛЕСТЯЩИЙ
 10
772.8246397015482
 20
14663.57551672986
 30
0.0
  0
INSERT
  5
4409
330
17
100
AcDbEntity
  8
BUSH
100
AcDbBlockReference
  2
СНЕЖНОЯГОДНИК_ДОРЕНБОЗА
 10
772.8600160030696
 20
14662.17596375934
 30
0.0
  0
INSERT
  5
440B
330
17
100
AcDbEntity
  8
BUSH
100
AcDbBlockReference
  2
СПИРЕЯ_GREFSHEIM
 10
772.8953923045912
 20
14660.77641078882
 30
0.0
  0
INSERT
  5
440D
330
17
100
AcDbEntity
  8
BUSH
100
AcDbBlockReference
  2
КИЗИЛЬНИК_БЛЕСТЯЩИЙ
 10
772.9307686061126
 20
14659.3768578183
 30
0.0
  0
INSERT
  5
440F
330
17
100
AcDbEntity
  8
BUSH
100
AcDbBlockReference
  2
СНЕЖНОЯГОДНИК_ДОРЕНБОЗА
 10
772.9661449076341
 20
14657.97730484778
 30
0.0
  0
INSERT
  5
4411
330
17
100
AcDbEntity
  8
BUSH
100
AcDbBlockReference
  2
СПИРЕЯ_GREFSHEIM
 10
773.0015212091555
 20
14656.577751877261
 30
0.0
  0
INSERT
  5
4413
330
17
100
AcDbEntity
  8
BUSH
100
AcDbBlockReference
  2
КИЗИЛЬНИК_БЛЕСТЯЩИЙ
 10
773.0368975106769
 20
14655.17819890674
 30
0.0
  0
INSERT
  5
4415
330
17
100
AcDbEntity
  8
BUSH
100
AcDbBlockReference
  2
СНЕЖНОЯГОДНИК_ДОРЕНБОЗА
 10
773.0722738121984
 20
14653.778645936221
 30
0.0
  0
INSERT
  5
4417
330
17
100
AcDbEntity
  8
BUSH
100
AcDbBlockReference
  2
СПИРЕЯ_GREFSHEIM
 10
773.1076501137198
 20
14652.379092965703
 30
0.0
  0
INSERT
  5
4419
330
17
100
AcDbEntity
  8
BUSH
100
AcDbBlockReference
  2
КИЗИЛЬНИК_БЛЕСТЯЩИЙ
 10
773.1430264152413
 20
14650.979539995182
 30
0.0
  0
INSERT
  5
441B
330
17
100
AcDbEntity
  8
BUSH
100
AcDbBlockReference
  2
СНЕЖНОЯГОДНИК_ДОРЕНБОЗА
 10
773.1784027167628
 20
14649.579987024663
 30
0.0
  0
INSERT
  5
441D
330
17
100
AcDbEntity
  8
BUSH
100
AcDbBlockReference
  2
СПИРЕЯ_GREFSHEIM
 10
773.2137790182842
 20
14648.180434054142
 30
0.0
  0
INSERT
  5
441F
330
17
100
AcDbEntity
  8
BUSH
100
AcDbBlockReference
  2
КИЗИЛЬНИК_БЛЕСТЯЩИЙ
 10
773.2491553198057
 20
14646.780881083623
 30
0.0
  0
INSERT
  5
4421
330
17
100
AcDbEntity
  8
BUSH
100
AcDbBlockReference
  2
СНЕЖНОЯГОДНИК_ДОРЕНБОЗА
 10
773.2845316213271
 20
14645.381328113102
 30
0.0
  0
INSERT
  5
4423
330
17
100
AcDbEntity
  8
BUSH
100
AcDbBlockReference
  2
СПИРЕЯ_GREFSHEIM
 10
773.3199079228485
 20
14643.981775142584
 30
0.0
  0
INSERT
  5
4425
330
17
100
AcDbEntity
  8
BUSH
100
AcDbBlockReference
  2
КИЗИЛЬНИК_БЛЕСТЯЩИЙ
 10
773.35528422437
 20
14642.582222172063
 30
0.0
  0
INSERT
  5
4427
330
17
100
AcDbEntity
  8
BUSH
100
AcDbBlockReference
  2
СНЕЖНОЯГОДНИК_ДОРЕНБОЗА
 10
773.3906605258915
 20
14641.182669201544
 30
0.0
  0
INSERT
  5
4429
330
17
100
AcDbEntity
  8
BUSH
100
AcDbBlockReference
  2
СПИРЕЯ_GREFSHEIM
 10
773.4252011068189
 20
14639.783095426266
 30
0.0
  0
INSERT
  5
442B
330
17
100
AcDbEntity
  8
BUSH
100
AcDbBlockReference
  2
КИЗИЛЬНИК_БЛЕСТЯЩИЙ
 10
773.4595075166449
 20
14638.383515821439
 30
0.0
  0
INSERT
  5
442D
330
17
100
AcDbEntity
  8
BUSH
100
AcDbBlockReference
  2
СНЕЖНОЯГОДНИК_ДОРЕНБОЗА
 10
773.4938139264708
 20
14636.983936216613
 30
0.0
  0
INSERT
  5
442F
330
17
100
AcDbEntity
  8
BUSH
100
AcDbBlockReference
  2
СПИРЕЯ_GREFSHEIM
 10
773.5281203362968
 20
14635.584356611787
 30
0.0
  0
INSERT
  5
4431
330
17
100
AcDbEntity
  8
BUSH
100
AcDbBlockReference
  2
КИЗИЛЬНИК_БЛЕСТЯЩИЙ
 10
773.5624267461227
 20
14634.184777006962
 30
0.0
  0
INSERT
  5
4433
330
17
100
AcDbEntity
  8
BUSH
100
AcDbBlockReference
  2
СНЕЖНОЯГОДНИК_ДОРЕНБОЗА
 10
773.5967331559486
 20
14632.785197402136
 30
0.0
  0
INSERT
  5
4435
330
17
100
AcDbEntity
  8
BUSH
100
AcDbBlockReference
  2
СПИРЕЯ_GREFSHEIM
 10
773.6310395657746
 20
14631.38561779731
 30
0.0
  0
INSERT
  5
4437
330
17
100
AcDbEntity
  8
BUSH
100
AcDbBlockReference
  2
КИЗИЛЬНИК_БЛЕСТЯЩИЙ
 10
773.6653459756004
 20
14629.986038192483
 30
0.0
  0
INSERT
  5
4439
330
17
100
AcDbEntity
  8
BUSH
100
AcDbBlockReference
  2
СНЕЖНОЯГОДНИК_ДОРЕНБОЗА
 10
773.6996523854264
 20
14628.586458587657
 30
0.0
  0
INSERT
  5
443B
330
17
100
AcDbEntity
  8
BUSH
100
AcDbBlockReference
  2
СПИРЕЯ_GREFSHEIM
 10
773.7339587952523
 20
14627.186878982831
 30
0.0
  0
INSERT
  5
443D
330
17
100
AcDbEntity
  8
BUSH
100
AcDbBlockReference
  2
КИЗИЛЬНИК_БЛЕСТЯЩИЙ
 10
773.7682652050783
 20
14625.787299378006
 30
0.0
  0
INSERT
  5
443F
330
17
100
AcDbEntity
  8
BUSH
100
AcDbBlockReference
  2
СНЕЖНОЯГОДНИК_ДОРЕНБОЗА
 10
773.8025716149042
 20
14624.38771977318
 30
0.0
  0
INSERT
  5
4441
330
17
100
AcDbEntity
  8
BUSH
100
AcDbBlockReference
  2
СПИРЕЯ_GREFSHEIM
 10
773.8368780247301
 20
14622.988140168354
 30
0.0
  0
INSERT
  5
4443
330
17
100
AcDbEntity
  8
BUSH
100
AcDbBlockReference
  2
КИЗИЛЬНИК_БЛЕСТЯЩИЙ
 10
773.8711844345561
 20
14621.588560563529
 30
0.0
  0
INSERT
  5
4445
330
17
100
AcDbEntity
  8
BUSH
100
AcDbBlockReference
  2
СНЕЖНОЯГОДНИК_ДОРЕНБОЗА
 10
773.905490844382
 20
14620.188980958701
 30
0.0
  0
INSERT
  5
4447
330
17
100
AcDbEntity
  8
BUSH
100
AcDbBlockReference
  2
СПИРЕЯ_GREFSHEIM
 10
773.939797254208
 20
14618.789401353875
 30
0.0
  0
INSERT
  5
4449
330
17
100
AcDbEntity
  8
BUSH
100
AcDbBlockReference
  2
КИЗИЛЬНИК_БЛЕСТЯЩИЙ
 10
773.9741036640339
 20
14617.38982174905
 30
0.0
  0
INSERT
  5
444B
330
17
100
AcDbEntity
  8
BUSH
100
AcDbBlockReference
  2
СНЕЖНОЯГОДНИК_ДОРЕНБОЗА
 10
774.0084100738599
 20
14615.990242144224
 30
0.0
  0
INSERT
  5
444D
330
17
100
AcDbEntity
  8
BUSH
100
AcDbBlockReference
  2
СПИРЕЯ_GREFSHEIM
 10
774.0427164836858
 20
14614.590662539398
 30
0.0
  0
INSERT
  5
444F
330
17
100
AcDbEntity
  8
BUSH
100
AcDbBlockReference
  2
КИЗИЛЬНИК_БЛЕСТЯЩИЙ
 10
774.0770228935118
 20
14613.191082934572
 30
0.0
  0
INSERT
  5
4451
330
17
100
AcDbEntity
  8
BUSH
100
AcDbBlockReference
  2
СНЕЖНОЯГОДНИК_ДОРЕНБОЗА
 10
774.1113292442169
 20
14611.791503328297
 30
0.0
  0
INSERT
  5
4453
330
17
100
AcDbEntity
  8
BUSH
100
AcDbBlockReference
  2
СПИРЕЯ_GREFSHEIM
 10
774.1456355809081
 20
14610.391923721678
 30
0.0
  0
INSERT
  5
4455
330
17
100
AcDbEntity
  8
BUSH
100
AcDbBlockReference
  2
КИЗИЛЬНИК_БЛЕСТЯЩИЙ
 10
774.1799419175993
 20
14608.992344115059
 30
0.0
  0
INSERT
  5
4457
330
17
100
AcDbEntity
  8
BUSH
100
AcDbBlockReference
  2
СНЕЖНОЯГОДНИК_ДОРЕНБОЗА
 10
774.2142482542905
 20
14607.592764508441
 30
0.0
  0
INSERT
  5
4459
330
17
100
AcDbEntity
  8
BUSH
100
AcDbBlockReference
  2
СПИРЕЯ_GREFSHEIM
 10
774.2485545909817
 20
14606.193184901822
 30
0.0
  0
INSERT
  5
445B
330
17
100
AcDbEntity
  8
BUSH
100
AcDbBlockReference
  2
КИЗИЛЬНИК_БЛЕСТЯЩИЙ
 10
774.2828609276729
 20
14604.793605295203
 30
0.0
  0
INSERT
  5
445D
330
17
100
AcDbEntity
  8
BUSH
100
AcDbBlockReference
  2
СНЕЖНОЯГОДНИК_ДОРЕНБОЗА
 10
774.3171672643641
 20
14603.394025688585
 30
0.0
  0
INSERT
  5
445F
330
17
100
AcDbEntity
  8
BUSH
100
AcDbBlockReference
  2
СПИРЕЯ_GREFSHEIM
 10
774.3514736010553
 20
14601.994446081966
 30
0.0
  0
INSERT
  5
4461
330
17
100
AcDbEntity
  8
BUSH
100
AcDbBlockReference
  2
КИЗИЛЬНИК_БЛЕСТЯЩИЙ
 10
774.3857799377465
 20
14600.594866475347
 30
0.0
  0
INSERT
  5
4463
330
17
100
AcDbEntity
  8
BUSH
100
AcDbBlockReference
  2
СНЕЖНОЯГОДНИК_ДОРЕНБОЗА
 10
774.4200862744378
 20
14599.19528686873
 30
0.0
  0
INSERT
  5
4465
330
17
100
AcDbEntity
  8
BUSH
100
AcDbBlockReference
  2
СПИРЕЯ_GREFSHEIM
 10
774.454392611129
 20
14597.79570726211
 30
0.0
  0
INSERT
  5
4467
330
17
100
AcDbEntity
  8
BUSH
100
AcDbBlockReference
  2
КИЗИЛЬНИК_БЛЕСТЯЩИЙ
 10
774.4886989478202
 20
14596.396127655491
 30
0.0
  0
INSERT
  5
4469
330
17
100
AcDbEntity
  8
BUSH
100
AcDbBlockReference
  2
СНЕЖНОЯГОДНИК_ДОРЕНБОЗА
 10
774.5230052845114
 20
14594.996548048874
 30
0.0
  0
INSERT
  5
446B
330
17
100
AcDbEntity
  8
BUSH
100
AcDbBlockReference
  2
СПИРЕЯ_GREFSHEIM
 10
774.5564335163895
 20
14593.59694731712
 30
0.0
  0
INSERT
  5
446D
330
17
100
AcDbEntity
  8
BUSH
100
AcDbBlockReference
  2
КИЗИЛЬНИК_БЛЕСТЯЩИЙ
 10
774.5894690946456
 20
14592.197337139045
 30
0.0
  0
INSERT
  5
446F
330
17
100
AcDbEntity
  8
BUSH
100
AcDbBlockReference
  2
СНЕЖНОЯГОДНИК_ДОРЕНБОЗА
 10
774.6225046729016
 20
14590.797726960971
 30
0.0
  0
INSERT
  5
4471
330
17
100
AcDbEntity
  8
BUSH
100
AcDbBlockReference
  2
СПИРЕЯ_GREFSHEIM
 10
772.6865860901526
 20
14597.759050286062
 30
0.0
  0
INSERT
  5
4473
330
17
100
AcDbEntity
  8
BUSH
100
AcDbBlockReference
  2
КИЗИЛЬНИК_БЛЕСТЯЩИЙ
 10
772.6446459298178
 20
14599.158421938966
 30
0.0
  0
INSERT
  5
4475
330
17
100
AcDbEntity
  8
BUSH
100
AcDbBlockReference
  2
СНЕЖНОЯГОДНИК_ДОРЕНБОЗА
 10
771.8841882583262
 20
14600.069223919603
 30
0.0
  0
INSERT
  5
4477
330
17
100
AcDbEntity
  8
BUSH
100
AcDbBlockReference
  2
СПИРЕЯ_GREFSHEIM
 10
770.359680179365
 20
14601.610629725059
 30
0.0
  0
INSERT
  5
4479
330
17
100
AcDbEntity
  8
BUSH
100
AcDbBlockReference
  2
КИЗИЛЬНИК_БЛЕСТЯЩИЙ
 10
770.3253738426738
 20
14603.010209331676
 30
0.0
  0
INSERT
  5
447B
330
17
100
AcDbEntity
  8
BUSH
100
AcDbBlockReference
  2
СНЕЖНОЯГОДНИК_ДОРЕНБОЗА
 10
770.1538421592177
 20
14610.00810736477
 30
0.0
  0
INSERT
  5
447D
330
17
100
AcDbEntity
  8
BUSH
100
AcDbBlockReference
  2
СПИРЕЯ_GREFSHEIM
 10
770.1195358225265
 20
14611.40768697139
 30
0.0
  0
INSERT
  5
447F
330
17
100
AcDbEntity
  8
BUSH
100
AcDbBlockReference
  2
КИЗИЛЬНИК_БЛЕСТЯЩИЙ
 10
770.0852294858353
 20
14612.807266578007
 30
0.0
  0
INSERT
  5
4481
330
17
100
AcDbEntity
  8
BUSH
100
AcDbBlockReference
  2
СНЕЖНОЯГОДНИК_ДОРЕНБОЗА
 10
770.0166167833798
 20
14615.606425790533
 30
0.0
  0
INSERT
  5
4483
330
17
100
AcDbEntity
  8
BUSH
100
AcDbBlockReference
  2
СПИРЕЯ_GREFSHEIM
 10
769.9823104320601
 20
14617.006005396792
 30
0.0
  0
INSERT
  5
4485
330
17
100
AcDbEntity
  8
BUSH
100
AcDbBlockReference
  2
КИЗИЛЬНИК_БЛЕСТЯЩИЙ
 10
769.9480040807404
 20
14618.405585003053
 30
0.0
  0
INSERT
  5
4487
330
17
100
AcDbEntity
  8
BUSH
100
AcDbBlockReference
  2
СНЕЖНОЯГОДНИК_ДОРЕНБОЗА
 10
769.9136977294206
 20
14619.805164609312
 30
0.0
  0
INSERT
  5
4489
330
17
100
AcDbEntity
  8
BUSH
100
AcDbBlockReference
  2
СПИРЕЯ_GREFSHEIM
 10
769.707859621502
 20
14628.202642246873
 30
0.0
  0
INSERT
  5
448B
330
17
100
AcDbEntity
  8
BUSH
100
AcDbBlockReference
  2
КИЗИЛЬНИК_БЛЕСТЯЩИЙ
 10
769.6735532701823
 20
14629.602221853133
 30
0.0
  0
INSERT
  5
448D
330
17
100
AcDbEntity
  8
BUSH
100
AcDbBlockReference
  2
СНЕЖНОЯГОДНИК_ДОРЕНБОЗА
 10
769.6392469188626
 20
14631.001801459393
 30
0.0
  0
INSERT
  5
448F
330
17
100
AcDbEntity
  8
BUSH
100
AcDbBlockReference
  2
СПИРЕЯ_GREFSHEIM
 10
769.6049405675428
 20
14632.401381065654
 30
0.0
  0
INSERT
  5
4491
330
17
100
AcDbEntity
  8
BUSH
100
AcDbBlockReference
  2
КИЗИЛЬНИК_БЛЕСТЯЩИЙ
 10
769.4677151622637
 20
14637.999699490694
 30
0.0
  0
INSERT
  5
4493
330
17
100
AcDbEntity
  8
BUSH
100
AcDbBlockReference
  2
СНЕЖНОЯГОДНИК_ДОРЕНБОЗА
 10
769.3990844256145
 20
14640.79885825427
 30
0.0
  0
INSERT
  5
4495
330
17
100
AcDbEntity
  8
BUSH
100
AcDbBlockReference
  2
СПИРЕЯ_GREFSHEIM
 10
769.3637081242549
 20
14642.198411224792
 30
0.0
  0
INSERT
  5
4497
330
17
100
AcDbEntity
  8
BUSH
100
AcDbBlockReference
  2
КИЗИЛЬНИК_БЛЕСТЯЩИЙ
 10
769.3283318228953
 20
14643.597964195316
 30
0.0
  0
INSERT
  5
4499
330
17
100
AcDbEntity
  8
BUSH
100
AcDbBlockReference
  2
СНЕЖНОЯГОДНИК_ДОРЕНБОЗА
 10
769.2222029188163
 20
14647.796623106888
 30
0.0
  0
INSERT
  5
449B
330
17
100
AcDbEntity
  8
BUSH
100
AcDbBlockReference
  2
СПИРЕЯ_GREFSHEIM
 10
769.1160740147373
 20
14651.995282018459
 30
0.0
  0
INSERT
  5
449D
330
17
100
AcDbEntity
  8
BUSH
100
AcDbBlockReference
  2
КИЗИЛЬНИК_БЛЕСТЯЩИЙ
 10
769.0806977133776
 20
14653.394834988983
 30
0.0
  0
INSERT
  5
449F
330
17
100
AcDbEntity
  8
BUSH
100
AcDbBlockReference
  2
СНЕЖНОЯГОДНИК_ДОРЕНБОЗА
 10
768.9745688092986
 20
14657.593493900555
 30
0.0
  0
INSERT
  5
44A1
330
17
100
AcDbEntity
  8
BUSH
100
AcDbBlockReference
  2
СПИРЕЯ_GREFSHEIM
 10
768.8684399052196
 20
14661.792152812126
 30
0.0
  0
INSERT
  5
44A3
330
17
100
AcDbEntity
  8
BUSH
100
AcDbBlockReference
  2
КИЗИЛЬНИК_БЛЕСТЯЩИЙ
 10
768.83306360386
 20
14663.19170578265
 30
0.0
  0
INSERT
  5
44A5
330
17
100
AcDbEntity
  8
BUSH
100
AcDbBlockReference
  2
СНЕЖНОЯГОДНИК_ДОРЕНБОЗА
 10
768.7623110011406
 20
14665.990811723697
 30
0.0
  0
INSERT
  5
44A7
330
17
100
AcDbEntity
  8
BUSH
100
AcDbBlockReference
  2
СПИРЕЯ_GREFSHEIM
 10
768.7269346997809
 20
14667.390364694222
 30
0.0
  0
INSERT
  5
44A9
330
17
100
AcDbEntity
  8
BUSH
100
AcDbBlockReference
  2
КИЗИЛЬНИК_БЛЕСТЯЩИЙ
 10
768.549844528577
 20
14674.388124268224
 30
0.0
  0
INSERT
  5
44AB
330
17
100
AcDbEntity
  8
BUSH
100
AcDbBlockReference
  2
СНЕЖНОЯГОДНИК_ДОРЕНБОЗА
 10
768.5144114417564
 20
14675.787675802238
 30
0.0
  0
INSERT
  5
44AD
330
17
100
AcDbEntity
  8
BUSH
100
AcDbBlockReference
  2
СПИРЕЯ_GREFSHEIM
 10
768.4789783549357
 20
14677.18722733625
 30
0.0
  0
INSERT
  5
44AF
330
17
100
AcDbEntity
  8
BUSH
100
AcDbBlockReference
  2
КИЗИЛЬНИК_БЛЕСТЯЩИЙ
 10
768.4435452681151
 20
14678.586778870264
 30
0.0
  0
INSERT
  5
44B1
330
17
100
AcDbEntity
  8
BUSH
100
AcDbBlockReference
  2
СНЕЖНОЯГОДНИК_ДОРЕНБОЗА
 10
768.4081121812945
 20
14679.986330404277
 30
0.0
  0
INSERT
  5
44B3
330
17
100
AcDbEntity
  8
BUSH
100
AcDbBlockReference
  2
СПИРЕЯ_GREFSHEIM
 10
768.3726790944739
 20
14681.38588193829
 30
0.0
  0
INSERT
  5
44B5
330
17
100
AcDbEntity
  8
BUSH
100
AcDbBlockReference
  2
КИЗИЛЬНИК_БЛЕСТЯЩИЙ
 10
768.3372460076533
 20
14682.785433472303
 30
0.0
  0
INSERT
  5
44B7
330
17
100
AcDbEntity
  8
BUSH
100
AcDbBlockReference
  2
СНЕЖНОЯГОДНИК_ДОРЕНБОЗА
 10
768.1585575186459
 20
14689.783152372904
 30
0.0
  0
INSERT
  5
44B9
330
17
100
AcDbEntity
  8
BUSH
100
AcDbBlockReference
  2
СПИРЕЯ_GREFSHEIM
 10
768.122739500294
 20
14691.18269410846
 30
0.0
  0
INSERT
  5
44BB
330
17
100
AcDbEntity
  8
BUSH
100
AcDbBlockReference
  2
КИЗИЛЬНИК_БЛЕСТЯЩИЙ
 10
768.0511034635902
 20
14693.981777579571
 30
0.0
  0
INSERT
  5
44BD
330
17
100
AcDbEntity
  8
BUSH
100
AcDbBlockReference
  2
СНЕЖНОЯГОДНИК_ДОРЕНБОЗА
 10
767.9794674268863
 20
14696.780861050682
 30
0.0
  0
INSERT
  5
44BF
330
17
100
AcDbEntity
  8
BUSH
100
AcDbBlockReference
  2
СПИРЕЯ_GREFSHEIM
 10
767.8720133718306
 20
14700.979486257347
 30
0.0
  0
INSERT
  5
44C1
330
17
100
AcDbEntity
  8
BUSH
100
AcDbBlockReference
  2
КИЗИЛЬНИК_БЛЕСТЯЩИЙ
 10
767.8003773351268
 20
14703.778569728458
 30
0.0
  0
INSERT
  5
44C3
330
17
100
AcDbEntity
  8
BUSH
100
AcDbBlockReference
  2
СНЕЖНОЯГОДНИК_ДОРЕНБОЗА
 10
767.7645593167748
 20
14705.178111464014
 30
0.0
  0
INSERT
  5
44C5
330
17
100
AcDbEntity
  8
BUSH
100
AcDbBlockReference
  2
СПИРЕЯ_GREFSHEIM
 10
767.728741298423
 20
14706.577653199569
 30
0.0
  0
INSERT
  5
44C7
330
17
100
AcDbEntity
  8
BUSH
100
AcDbBlockReference
  2
КИЗИЛЬНИК_БЛЕСТЯЩИЙ
 10
767.6212872433672
 20
14710.776278406234
 30
0.0
  0
INSERT
  5
44C9
330
17
100
AcDbEntity
  8
BUSH
100
AcDbBlockReference
  2
СНЕЖНОЯГОДНИК_ДОРЕНБОЗА
 10
767.5138331883114
 20
14714.974903612901
 30
0.0
  0
INSERT
  5
44CB
330
17
100
AcDbEntity
  8
BUSH
100
AcDbBlockReference
  2
СПИРЕЯ_GREFSHEIM
 10
767.4063791332557
 20
14719.173528819567
 30
0.0
  0
INSERT
  5
44CD
330
17
100
AcDbEntity
  8
BUSH
100
AcDbBlockReference
  2
КИЗИЛЬНИК_БЛЕСТЯЩИЙ
 10
766.8810311397257
 20
14737.365920180098
 30
0.0
  0
INSERT
  5
44D3
330
17
100
AcDbEntity
  8
BUSH
100
AcDbBlockReference
  2
КИЗИЛЬНИК_БЛЕСТЯЩИЙ
 10
770.955209940241
 20
14734.704177848222
 30
0.0
  0
INSERT
  5
44D5
330
17
100
AcDbEntity
  8
BUSH
100
AcDbBlockReference
  2
СНЕЖНОЯГОДНИК_ДОРЕНБОЗА
 10
770.9961035048042
 20
14733.30477521982
 30
0.0
  0
INSERT
  5
44D7
330
17
100
AcDbEntity
  8
BUSH
100
AcDbBlockReference
  2
СПИРЕЯ_GREFSHEIM
 10
771.0369970693673
 20
14731.90537259142
 30
0.0
  0
INSERT
  5
44D9
330
17
100
AcDbEntity
  8
BUSH
100
AcDbBlockReference
  2
КИЗИЛЬНИК_БЛЕСТЯЩИЙ
 10
771.0778906339305
 20
14730.505969963018
 30
0.0
  0
INSERT
  5
44DB
330
17
100
AcDbEntity
  8
BUSH
100
AcDbBlockReference
  2
СНЕЖНОЯГОДНИК_ДОРЕНБОЗА
 10
771.1187841984936
 20
14729.106567334617
 30
0.0
  0
INSERT
  5
44DD
330
17
100
AcDbEntity
  8
BUSH
100
AcDbBlockReference
  2
СПИРЕЯ_GREFSHEIM
 10
771.1596777630567
 20
14727.707164706215
 30
0.0
  0
INSERT
  5
44DF
330
17
100
AcDbEntity
  8
BUSH
100
AcDbBlockReference
  2
КИЗИЛЬНИК_БЛЕСТЯЩИЙ
 10
771.2005713276199
 20
14726.307762077813
 30
0.0
  0
INSERT
  5
44E1
330
17
100
AcDbEntity
  8
BUSH
100
AcDbBlockReference
  2
СНЕЖНОЯГОДНИК_ДОРЕНБОЗА
 10
771.241464892183
 20
14724.908359449411
 30
0.0
  0
INSERT
  5
44E3
330
17
100
AcDbEntity
  8
BUSH
100
AcDbBlockReference
  2
СПИРЕЯ_GREFSHEIM
 10
771.2823584567461
 20
14723.50895682101
 30
0.0
  0
INSERT
  5
44E5
330
17
100
AcDbEntity
  8
BUSH
100
AcDbBlockReference
  2
КИЗИЛЬНИК_БЛЕСТЯЩИЙ
 10
771.3232520213093
 20
14722.109554192608
 30
0.0
  0
INSERT
  5
44E7
330
17
100
AcDbEntity
  8
BUSH
100
AcDbBlockReference
  2
СНЕЖНОЯГОДНИК_ДОРЕНБОЗА
 10
775.5669627538288
 20
14551.700555320473
 30
0.0
  0
INSERT
  5
44E9
330
17
100
AcDbEntity
  8
BUSH
100
AcDbBlockReference
  2
СПИРЕЯ_GREFSHEIM
 10
775.5802445411492
 20
14550.300620670398
 30
0.0
  0
INSERT
  5
44EB
330
17
100
AcDbEntity
  8
BUSH
100
AcDbBlockReference
  2
КИЗИЛЬНИК_БЛЕСТЯЩИЙ
 10
775.5928985990397
 20
14548.90067785913
 30
0.0
  0
INSERT
  5
44ED
330
17
100
AcDbEntity
  8
BUSH
100
AcDbBlockReference
  2
СНЕЖНОЯГОДНИК_ДОРЕНБОЗА
 10
775.6055526569302
 20
14547.500735047863
 30
0.0
  0
INSERT
  5
44EF
330
17
100
AcDbEntity
  8
BUSH
100
AcDbBlockReference
  2
СПИРЕЯ_GREFSHEIM
 10
775.6182067148206
 20
14546.100792236595
 30
0.0
  0
INSERT
  5
44F1
330
17
100
AcDbEntity
  8
BUSH
100
AcDbBlockReference
  2
КИЗИЛЬНИК_БЛЕСТЯЩИЙ
 10
775.630860772711
 20
14544.700849425328
 30
0.0
  0
INSERT
  5
44F3
330
17
100
AcDbEntity
  8
BUSH
100
AcDbBlockReference
  2
СНЕЖНОЯГОДНИК_ДОРЕНБОЗА
 10
775.6435148306015
 20
14543.300906614062
 30
0.0
  0
INSERT
  5
44F5
330
17
100
AcDbEntity
  8
BUSH
100
AcDbBlockReference
  2
СПИРЕЯ_GREFSHEIM
 10
775.656168888492
 20
14541.900963802795
 30
0.0
  0
INSERT
  5
44F7
330
17
100
AcDbEntity
  8
BUSH
100
AcDbBlockReference
  2
КИЗИЛЬНИК_БЛЕСТЯЩИЙ
 10
775.6688229463824
 20
14540.501020991527
 30
0.0
  0
INSERT
  5
44F9
330
17
100
AcDbEntity
  8
BUSH
100
AcDbBlockReference
  2
СНЕЖНОЯГОДНИК_ДОРЕНБОЗА
 10
775.6814770042729
 20
14539.10107818026
 30
0.0
  0
INSERT
  5
44FB
330
17
100
AcDbEntity
  8
BUSH
100
AcDbBlockReference
  2
СПИРЕЯ_GREFSHEIM
 10
775.6941310621634
 20
14537.701135368992
 30
0.0
  0
INSERT
  5
44FD
330
17
100
AcDbEntity
  8
BUSH
100
AcDbBlockReference
  2
КИЗИЛЬНИК_БЛЕСТЯЩИЙ
 10
776.5449272194161
 20
14536.776627480442
 30
0.0
  0
INSERT
  5
44FF
330
17
100
AcDbEntity
  8
BUSH
100
AcDbBlockReference
  2
СНЕЖНОЯГОДНИК_ДОРЕНБОЗА
 10
777.5282584690733
 20
14535.786687615035
 30
0.0
  0
INSERT
  5
4501
330
17
100
AcDbEntity
  8
BUSH
100
AcDbBlockReference
  2
СПИРЕЯ_GREFSHEIM
 10
778.1976622956596
 20
14534.562032744623
 30
0.0
  0
INSERT
  5
4503
330
17
100
AcDbEntity
  8
BUSH
100
AcDbBlockReference
  2
КИЗИЛЬНИК_БЛЕСТЯЩИЙ
 10
778.5798454943161
 20
14533.215868248331
 30
0.0
  0
INSERT
  5
4505
330
17
100
AcDbEntity
  8
BUSH
100
AcDbBlockReference
  2
СНЕЖНОЯГОДНИК_ДОРЕНБОЗА
 10
778.9347304155615
 20
14531.861594755763
 30
0.0
  0
INSERT
  5
4507
330
17
100
AcDbEntity
  8
BUSH
100
AcDbBlockReference
  2
СПИРЕЯ_GREFSHEIM
 10
779.2777454368302
 20
14530.504520488828
 30
0.0
  0
INSERT
  5
4509
330
17
100
AcDbEntity
  8
BUSH
100
AcDbBlockReference
  2
КИЗИЛЬНИК_БЛЕСТЯЩИЙ
 10
779.3709891934776
 20
14529.113321054592
 30
0.0
  0
INSERT
  5
450B
330
17
100
AcDbEntity
  8
BUSH
100
AcDbBlockReference
  2
СНЕЖНОЯГОДНИК_ДОРЕНБОЗА
 10
779.076970623832
 20
14527.75002305553
 30
0.0
  0
INSERT
  5
450D
330
17
100
AcDbEntity
  8
BUSH
100
AcDbBlockReference
  2
СПИРЕЯ_GREFSHEIM
 10
778.4181385065885
 20
14526.52006435094
 30
0.0
  0
INSERT
  5
450F
330
17
100
AcDbEntity
  8
BUSH
100
AcDbBlockReference
  2
КИЗИЛЬНИК_БЛЕСТЯЩИЙ
 10
777.4422945731866
 20
14525.522330355936
 30
0.0
  0
INSERT
  5
4511
330
17
100
AcDbEntity
  8
BUSH
100
AcDbBlockReference
  2
СНЕЖНОЯГОДНИК_ДОРЕНБОЗА
 10
776.2282742006623
 20
14524.834957317074
 30
0.0
  0
INSERT
  5
451D
330
17
100
AcDbEntity
  8
BUSH
100
AcDbBlockReference
  2
СНЕЖНОЯГОДНИК_ДОРЕНБОЗА
 10
775.4944885597097
 20
14554.612273745297
 30
0.0
  0
INSERT
  5
451F
330
17
100
AcDbEntity
  8
BUSH
100
AcDbBlockReference
  2
СПИРЕЯ_GREFSHEIM
 10
831.9981565502676
 20
14428.815735440125
 30
0.0
  0
INSERT
  5
4521
330
17
100
AcDbEntity
  8
BUSH
100
AcDbBlockReference
  2
КИЗИЛЬНИК_БЛЕСТЯЩИЙ
 10
833.1008633019014
 20
14427.960050767684
 30
0.0
  0
INSERT
  5
4529
330
17
100
AcDbEntity
  8
BUSH
100
AcDbBlockReference
  2
СНЕЖНОЯГОДНИК_ДОРЕНБОЗА
 10
829.9933772750984
 20
14429.959892449624
 30
0.0
  0
INSERT
  5
452B
330
17
100
AcDbEntity
  8
BUSH
100
AcDbBlockReference
  2
СПИРЕЯ_GREFSHEIM
 10
834.0114935437039
 20
14421.427998314482
 30
0.0
  0
INSERT
  5
452F
330
17
100
AcDbEntity
  8
BUSH
100
AcDbBlockReference
  2
СНЕЖНОЯГОДНИК_ДОРЕНБОЗА
 10
832.1400362179256
 20
14423.977421847416
 30
0.0
  0
INSERT
  5
4531
330
17
100
AcDbEntity
  8
BUSH
100
AcDbBlockReference
  2
СПИРЕЯ_GREFSHEIM
 10
868.6507447193449
 20
14403.21728056315
 30
0.0
  0
INSERT
  5
4533
330
17
100
AcDbEntity
  8
BUSH
100
AcDbBlockReference
  2
КИЗИЛЬНИК_БЛЕСТЯЩИЙ
 10
869.817022459766
 20
14402.450754066695
 30
0.0
  0
INSERT
  5
4535
330
17
100
AcDbEntity
  8
BUSH
100
AcDbBlockReference
  2
СНЕЖНОЯГОДНИК_ДОРЕНБОЗА
 10
870.726263210999
 20
14401.39301562299
 30
0.0
  0
INSERT
  5
4537
330
17
100
AcDbEntity
  8
BUSH
100
AcDbBlockReference
  2
СПИРЕЯ_GREFSHEIM
 10
871.3085006871461
 20
14400.1260145145
 30
0.0
  0
INSERT
  5
4539
330
17
100
AcDbEntity
  8
BUSH
100
AcDbBlockReference
  2
КИЗИЛЬНИК_БЛЕСТЯЩИЙ
 10
871.5188987876529
 20
14398.747686519235
 30
0.0
  0
INSERT
  5
453B
330
17
100
AcDbEntity
  8
BUSH
100
AcDbBlockReference
  2
СНЕЖНОЯГОДНИК_ДОРЕНБОЗА
 10
871.3411508913593
 20
14397.364492949486
 30
0.0
  0
INSERT
  5
453D
330
17
100
AcDbEntity
  8
BUSH
100
AcDbBlockReference
  2
СПИРЕЯ_GREFSHEIM
 10
870.8149523097911
 20
14396.069769471378
 30
0.0
  0
INSERT
  5
453F
330
17
100
AcDbEntity
  8
BUSH
100
AcDbBlockReference
  2
КИЗИЛЬНИК_БЛЕСТЯЩИЙ
 10
870.2143567699344
 20
14394.805141068446
 30
0.0
  0
INSERT
  5
4541
330
17
100
AcDbEntity
  8
BUSH
100
AcDbBlockReference
  2
СНЕЖНОЯГОДНИК_ДОРЕНБОЗА
 10
869.6137612300777
 20
14393.540512665513
 30
0.0
  0
INSERT
  5
4543
330
17
100
AcDbEntity
  8
BUSH
100
AcDbBlockReference
  2
СПИРЕЯ_GREFSHEIM
 10
869.013165690221
 20
14392.275884262579
 30
0.0
  0
INSERT
  5
4545
330
17
100
AcDbEntity
  8
BUSH
100
AcDbBlockReference
  2
КИЗИЛЬНИК_БЛЕСТЯЩИЙ
 10
868.4125701503642
 20
14391.011255859647
 30
0.0
  0
INSERT
  5
4547
330
17
100
AcDbEntity
  8
BUSH
100
AcDbBlockReference
  2
СНЕЖНОЯГОДНИК_ДОРЕНБОЗА
 10
867.8119746105075
 20
14389.746627456714
 30
0.0
  0
INSERT
  5
4549
330
17
100
AcDbEntity
  8
BUSH
100
AcDbBlockReference
  2
СПИРЕЯ_GREFSHEIM
 10
867.2113790706507
 20
14388.481999053782
 30
0.0
  0
INSERT
  5
454B
330
17
100
AcDbEntity
  8
BUSH
100
AcDbBlockReference
  2
КИЗИЛЬНИК_БЛЕСТЯЩИЙ
 10
866.6107835307939
 20
14387.21737065085
 30
0.0
  0
INSERT
  5
454D
330
17
100
AcDbEntity
  8
BUSH
100
AcDbBlockReference
  2
СНЕЖНОЯГОДНИК_ДОРЕНБОЗА
 10
866.0101879909372
 20
14385.952742247917
 30
0.0
  0
INSERT
  5
454F
330
17
100
AcDbEntity
  8
BUSH
100
AcDbBlockReference
  2
СПИРЕЯ_GREFSHEIM
 10
864.1521296767773
 20
14388.892712802543
 30
0.0
  0
INSERT
  5
4551
330
17
100
AcDbEntity
  8
BUSH
100
AcDbBlockReference
  2
КИЗИЛЬНИК_БЛЕСТЯЩИЙ
 10
863.9627132969291
 20
14390.965608890898
 30
0.0
  0
INSERT
  5
4553
330
17
100
AcDbEntity
  8
BUSH
100
AcDbBlockReference
  2
СНЕЖНОЯГОДНИК_ДОРЕНБОЗА
 10
864.5633088367858
 20
14392.23023729383
 30
0.0
  0
INSERT
  5
4555
330
17
100
AcDbEntity
  8
BUSH
100
AcDbBlockReference
  2
СПИРЕЯ_GREFSHEIM
 10
865.1639043766427
 20
14393.494865696763
 30
0.0
  0
INSERT
  5
4557
330
17
100
AcDbEntity
  8
BUSH
100
AcDbBlockReference
  2
КИЗИЛЬНИК_БЛЕСТЯЩИЙ
 10
867.5166143703381
 20
14398.570639750997
 30
0.0
  0
INSERT
  5
4559
330
17
100
AcDbEntity
  8
BUSH
100
AcDbBlockReference
  2
СНЕЖНОЯГОДНИК_ДОРЕНБОЗА
 10
866.8166838945933
 20
14399.659479803153
 30
0.0
  0
INSERT
  5
455B
330
17
100
AcDbEntity
  8
BUSH
100
AcDbBlockReference
  2
СПИРЕЯ_GREFSHEIM
 10
865.5495201919799
 20
14400.254707617338
 30
0.0
  0
INSERT
  5
455D
330
17
100
AcDbEntity
  8
BUSH
100
AcDbBlockReference
  2
КИЗИЛЬНИК_БЛЕСТЯЩИЙ
 10
860.4808653815261
 20
14402.635618874076
 30
0.0
  0
INSERT
  5
455F
330
17
100
AcDbEntity
  8
BUSH
100
AcDbBlockReference
  2
СНЕЖНОЯГОДНИК_ДОРЕНБОЗА
 10
859.2137016789127
 20
14403.23084668826
 30
0.0
  0
INSERT
  5
4561
330
17
100
AcDbEntity
  8
BUSH
100
AcDbBlockReference
  2
СПИРЕЯ_GREFSHEIM
 10
857.9465379762992
 20
14403.826074502445
 30
0.0
  0
INSERT
  5
4563
330
17
100
AcDbEntity
  8
BUSH
100
AcDbBlockReference
  2
КИЗИЛЬНИК_БЛЕСТЯЩИЙ
 10
852.8778831658454
 20
14406.206985759183
 30
0.0
  0
INSERT
  5
4565
330
17
100
AcDbEntity
  8
BUSH
100
AcDbBlockReference
  2
СНЕЖНОЯГОДНИК_ДОРЕНБОЗА
 10
851.6107194632319
 20
14406.802213573368
 30
0.0
  0
INSERT
  5
4567
330
17
100
AcDbEntity
  8
BUSH
100
AcDbBlockReference
  2
СПИРЕЯ_GREFSHEIM
 10
846.5420646527782
 20
14409.183124830106
 30
0.0
  0
INSERT
  5
4569
330
17
100
AcDbEntity
  8
BUSH
100
AcDbBlockReference
  2
КИЗИЛЬНИК_БЛЕСТЯЩИЙ
 10
845.2749009501647
 20
14409.77835264429
 30
0.0
  0
INSERT
  5
456B
330
17
100
AcDbEntity
  8
BUSH
100
AcDbBlockReference
  2
СНЕЖНОЯГОДНИК_ДОРЕНБОЗА
 10
844.0077372475513
 20
14410.373580458476
 30
0.0
  0
INSERT
  5
456D
330
17
100
AcDbEntity
  8
BUSH
100
AcDbBlockReference
  2
СПИРЕЯ_GREFSHEIM
 10
838.9390824370975
 20
14412.754491715214
 30
0.0
  0
INSERT
  5
456F
330
17
100
AcDbEntity
  8
BUSH
100
AcDbBlockReference
  2
КИЗИЛЬНИК_БЛЕСТЯЩИЙ
 10
837.671918734484
 20
14413.349719529398
 30
0.0
  0
INSERT
  5
4571
330
17
100
AcDbEntity
  8
BUSH
100
AcDbBlockReference
  2
СНЕЖНОЯГОДНИК_ДОРЕНБОЗА
 10
836.4047550318705
 20
14413.944947343583
 30
0.0
  0
INSERT
  5
4573
330
17
100
AcDbEntity
  8
BUSH
100
AcDbBlockReference
  2
СПИРЕЯ_GREFSHEIM
 10
835.8592536495959
 20
14415.849324591622
 30
0.0
  0
INSERT
  5
4575
330
17
100
AcDbEntity
  8
BUSH
100
AcDbBlockReference
  2
КИЗИЛЬНИК_БЛЕСТЯЩИЙ
 10
836.4585745322669
 20
14417.114557566056
 30
0.0
  0
INSERT
  5
4577
330
17
100
AcDbEntity
  8
BUSH
100
AcDbBlockReference
  2
СНЕЖНОЯГОДНИК_ДОРЕНБОЗА
 10
837.1186403383163
 20
14418.02893080901
 30
0.0
  0
INSERT
  5
4579
330
17
100
AcDbEntity
  8
BUSH
100
AcDbBlockReference
  2
СПИРЕЯ_GREFSHEIM
 10
838.3858040409298
 20
14417.433702994826
 30
0.0
  0
INSERT
  5
457B
330
17
100
AcDbEntity
  8
BUSH
100
AcDbBlockReference
  2
КИЗИЛЬНИК_БЛЕСТЯЩИЙ
 10
839.6529677435432
 20
14416.83847518064
 30
0.0
  0
INSERT
  5
457D
330
17
100
AcDbEntity
  8
BUSH
100
AcDbBlockReference
  2
СНЕЖНОЯГОДНИК_ДОРЕНБОЗА
 10
840.9201314461567
 20
14416.243247366458
 30
0.0
  0
INSERT
  5
457F
330
17
100
AcDbEntity
  8
BUSH
100
AcDbBlockReference
  2
СПИРЕЯ_GREFSHEIM
 10
842.1872951487701
 20
14415.648019552273
 30
0.0
  0
INSERT
  5
4581
330
17
100
AcDbEntity
  8
BUSH
100
AcDbBlockReference
  2
КИЗИЛЬНИК_БЛЕСТЯЩИЙ
 10
843.4544588513836
 20
14415.052791738088
 30
0.0
  0
INSERT
  5
4583
330
17
100
AcDbEntity
  8
BUSH
100
AcDbBlockReference
  2
СНЕЖНОЯГОДНИК_ДОРЕНБОЗА
 10
844.721622553997
 20
14414.457563923903
 30
0.0
  0
INSERT
  5
4585
330
17
100
AcDbEntity
  8
BUSH
100
AcDbBlockReference
  2
СПИРЕЯ_GREFSHEIM
 10
845.9887862566105
 20
14413.862336109718
 30
0.0
  0
INSERT
  5
4587
330
17
100
AcDbEntity
  8
BUSH
100
AcDbBlockReference
  2
КИЗИЛЬНИК_БЛЕСТЯЩИЙ
 10
847.2559499592239
 20
14413.267108295535
 30
0.0
  0
INSERT
  5
4589
330
17
100
AcDbEntity
  8
BUSH
100
AcDbBlockReference
  2
СНЕЖНОЯГОДНИК_ДОРЕНБОЗА
 10
848.5231136618374
 20
14412.67188048135
 30
0.0
  0
INSERT
  5
458B
330
17
100
AcDbEntity
  8
BUSH
100
AcDbBlockReference
  2
СПИРЕЯ_GREFSHEIM
 10
849.7902773644508
 20
14412.076652667165
 30
0.0
  0
INSERT
  5
458D
330
17
100
AcDbEntity
  8
BUSH
100
AcDbBlockReference
  2
КИЗИЛЬНИК_БЛЕСТЯЩИЙ
 10
851.0574410670644
 20
14411.48142485298
 30
0.0
  0
INSERT
  5
458F
330
17
100
AcDbEntity
  8
BUSH
100
AcDbBlockReference
  2
СНЕЖНОЯГОДНИК_ДОРЕНБОЗА
 10
852.3246047696778
 20
14410.886197038795
 30
0.0
  0
INSERT
  5
4591
330
17
100
AcDbEntity
  8
BUSH
100
AcDbBlockReference
  2
СПИРЕЯ_GREFSHEIM
 10
853.5917684722913
 20
14410.29096922461
 30
0.0
  0
INSERT
  5
4593
330
17
100
AcDbEntity
  8
BUSH
100
AcDbBlockReference
  2
КИЗИЛЬНИК_БЛЕСТЯЩИЙ
 10
854.8589321749047
 20
14409.695741410427
 30
0.0
  0
INSERT
  5
4595
330
17
100
AcDbEntity
  8
BUSH
100
AcDbBlockReference
  2
СНЕЖНОЯГОДНИК_ДОРЕНБОЗА
 10
856.1260958775182
 20
14409.100513596242
 30
0.0
  0
INSERT
  5
4597
330
17
100
AcDbEntity
  8
BUSH
100
AcDbBlockReference
  2
СПИРЕЯ_GREFSHEIM
 10
857.3932595801317
 20
14408.505285782057
 30
0.0
  0
INSERT
  5
4599
330
17
100
AcDbEntity
  8
BUSH
100
AcDbBlockReference
  2
КИЗИЛЬНИК_БЛЕСТЯЩИЙ
 10
858.6604232827451
 20
14407.910057967872
 30
0.0
  0
INSERT
  5
459B
330
17
100
AcDbEntity
  8
BUSH
100
AcDbBlockReference
  2
СНЕЖНОЯГОДНИК_ДОРЕНБОЗА
 10
859.9275869853586
 20
14407.314830153688
 30
0.0
  0
INSERT
  5
459D
330
17
100
AcDbEntity
  8
BUSH
100
AcDbBlockReference
  2
СПИРЕЯ_GREFSHEIM
 10
861.194750687972
 20
14406.719602339504
 30
0.0
  0
INSERT
  5
459F
330
17
100
AcDbEntity
  8
BUSH
100
AcDbBlockReference
  2
КИЗИЛЬНИК_БЛЕСТЯЩИЙ
 10
862.4619143905855
 20
14406.12437452532
 30
0.0
  0
INSERT
  5
45A1
330
17
100
AcDbEntity
  8
BUSH
100
AcDbBlockReference
  2
СНЕЖНОЯГОДНИК_ДОРЕНБОЗА
 10
863.729078093199
 20
14405.529146711135
 30
0.0
  0
INSERT
  5
45A3
330
17
100
AcDbEntity
  8
BUSH
100
AcDbBlockReference
  2
СПИРЕЯ_GREFSHEIM
 10
864.9962417958125
 20
14404.93391889695
 30
0.0
  0
INSERT
  5
45A5
330
17
100
AcDbEntity
  8
BUSH
100
AcDbBlockReference
  2
КИЗИЛЬНИК_БЛЕСТЯЩИЙ
 10
866.2634054984259
 20
14404.338691082765
 30
0.0
  0
INSERT
  5
45A7
330
17
100
AcDbEntity
  8
BUSH
100
AcDbBlockReference
  2
СНЕЖНОЯГОДНИК_ДОРЕНБОЗА
 10
811.0647375278586
 20
14396.573018385396
 30
0.0
  0
INSERT
  5
45A9
330
17
100
AcDbEntity
  8
BUSH
100
AcDbBlockReference
  2
СПИРЕЯ_GREFSHEIM
 10
810.082184048276
 20
14397.564038013546
 30
0.0
  0
INSERT
  5
45AB
330
17
100
AcDbEntity
  8
BUSH
100
AcDbBlockReference
  2
КИЗИЛЬНИК_БЛЕСТЯЩИЙ
 10
809.2601472873963
 20
14398.697146229219
 30
0.0
  0
INSERT
  5
45AD
330
17
100
AcDbEntity
  8
BUSH
100
AcDbBlockReference
  2
СНЕЖНОЯГОДНИК_ДОРЕНБОЗА
 10
808.4420471332586
 20
14399.83324135631
 30
0.0
  0
INSERT
  5
45AF
330
17
100
AcDbEntity
  8
BUSH
100
AcDbBlockReference
  2
СПИРЕЯ_GREFSHEIM
 10
807.623946979121
 20
14400.969336483402
 30
0.0
  0
INSERT
  5
45B1
330
17
100
AcDbEntity
  8
BUSH
100
AcDbBlockReference
  2
КИЗИЛЬНИК_БЛЕСТЯЩИЙ
 10
806.8058468249834
 20
14402.105431610493
 30
0.0
  0
INSERT
  5
45B3
330
17
100
AcDbEntity
  8
BUSH
100
AcDbBlockReference
  2
СНЕЖНОЯГОДНИК_ДОРЕНБОЗА
 10
805.9877466708457
 20
14403.241526737584
 30
0.0
  0
INSERT
  5
45B5
330
17
100
AcDbEntity
  8
BUSH
100
AcDbBlockReference
  2
СПИРЕЯ_GREFSHEIM
 10
805.1696465167081
 20
14404.377621864674
 30
0.0
  0
INSERT
  5
45B7
330
17
100
AcDbEntity
  8
BUSH
100
AcDbBlockReference
  2
КИЗИЛЬНИК_БЛЕСТЯЩИЙ
 10
804.3515463625705
 20
14405.513716991765
 30
0.0
  0
INSERT
  5
45B9
330
17
100
AcDbEntity
  8
BUSH
100
AcDbBlockReference
  2
СНЕЖНОЯГОДНИК_ДОРЕНБОЗА
 10
803.5334462084328
 20
14406.649812118856
 30
0.0
  0
INSERT
  5
45BB
330
17
100
AcDbEntity
  8
BUSH
100
AcDbBlockReference
  2
СПИРЕЯ_GREFSHEIM
 10
804.2541232249412
 20
14407.616466212112
 30
0.0
  0
INSERT
  5
45BD
330
17
100
AcDbEntity
  8
BUSH
100
AcDbBlockReference
  2
КИЗИЛЬНИК_БЛЕСТЯЩИЙ
 10
806.3455262130723
 20
14409.4781948554
 30
0.0
  0
INSERT
  5
45BF
330
17
100
AcDbEntity
  8
BUSH
100
AcDbBlockReference
  2
СНЕЖНОЯГОДНИК_ДОРЕНБОЗА
 10
811.2647870536271
 20
14402.75843201826
 30
0.0
  0
INSERT
  5
45C1
330
17
100
AcDbEntity
  8
BUSH
100
AcDbBlockReference
  2
СПИРЕЯ_GREFSHEIM
 10
812.0828872077647
 20
14401.622336891169
 30
0.0
  0
INSERT
  5
45C3
330
17
100
AcDbEntity
  8
BUSH
100
AcDbBlockReference
  2
КИЗИЛЬНИК_БЛЕСТЯЩИЙ
 10
812.9009873619024
 20
14400.486241764078
 30
0.0
  0
INSERT
  5
45C5
330
17
100
AcDbEntity
  8
BUSH
100
AcDbBlockReference
  2
СНЕЖНОЯГОДНИК_ДОРЕНБОЗА
 10
813.9071654815178
 20
14399.57871134712
 30
0.0
  0
INSERT
  5
45C7
330
17
100
AcDbEntity
  8
BUSH
100
AcDbBlockReference
  2
СПИРЕЯ_GREFSHEIM
 10
812.808555539393
 20
14397.922714665347
 30
0.0
  0
INSERT
  5
45C9
330
17
100
AcDbEntity
  8
BUSH
100
AcDbBlockReference
  2
КИЗИЛЬНИК_БЛЕСТЯЩИЙ
 10
798.2809624564484
 20
14413.943932729364
 30
0.0
  0
INSERT
  5
45CB
330
17
100
AcDbEntity
  8
BUSH
100
AcDbBlockReference
  2
СНЕЖНОЯГОДНИК_ДОРЕНБОЗА
 10
797.6326924743686
 20
14415.180053894612
 30
0.0
  0
INSERT
  5
45CD
330
17
100
AcDbEntity
  8
BUSH
100
AcDbBlockReference
  2
СПИРЕЯ_GREFSHEIM
 10
797.3513078941112
 20
14416.546794964346
 30
0.0
  0
INSERT
  5
45CF
330
17
100
AcDbEntity
  8
BUSH
100
AcDbBlockReference
  2
КИЗИЛЬНИК_БЛЕСТЯЩИЙ
 10
800.885724977966
 20
14416.75184424794
 30
0.0
  0
INSERT
  5
45D3
330
17
100
AcDbEntity
  8
BUSH
100
AcDbBlockReference
  2
СПИРЕЯ_GREFSHEIM
 10
795.6193984866577
 20
14425.594846948457
 30
0.0
  0
INSERT
  5
45D5
330
17
100
AcDbEntity
  8
BUSH
100
AcDbBlockReference
  2
КИЗИЛЬНИК_БЛЕСТЯЩИЙ
 10
794.9093755308978
 20
14426.801440252886
 30
0.0
  0
INSERT
  5
45D7
330
17
100
AcDbEntity
  8
BUSH
100
AcDbBlockReference
  2
СНЕЖНОЯГОДНИК_ДОРЕНБОЗА
 10
794.1666338421791
 20
14427.987230836381
 30
0.0
  0
INSERT
  5
45DB
330
17
100
AcDbEntity
  8
BUSH
100
AcDbBlockReference
  2
КИЗИЛЬНИК_БЛЕСТЯЩИЙ
 10
798.1493839718755
 20
14424.979863836528
 30
0.0
  0
INSERT
  5
45DF
330
17
100
AcDbEntity
  8
BUSH
100
AcDbBlockReference
  2
СПИРЕЯ_GREFSHEIM
 10
798.0201449018663
 20
14423.717194274896
 30
0.0
  0
INSERT
  5
45E1
330
17
100
AcDbEntity
  8
BUSH
100
AcDbBlockReference
  2
КИЗИЛЬНИК_БЛЕСТЯЩИЙ
 10
796.6289788229698
 20
14423.874219562438
 30
0.0
  0
INSERT
  5
45E3
330
17
100
AcDbEntity
  8
BUSH
100
AcDbBlockReference
  2
СНЕЖНОЯГОДНИК_ДОРЕНБОЗА
 10
769.6189202978779
 20
14424.07036380894
 30
0.0
  0
INSERT
  5
45E5
330
17
100
AcDbEntity
  8
BUSH
100
AcDbBlockReference
  2
СПИРЕЯ_GREFSHEIM
 10
768.4396358663637
 20
14424.816589823315
 30
0.0
  0
INSERT
  5
45E7
330
17
100
AcDbEntity
  8
BUSH
100
AcDbBlockReference
  2
КИЗИЛЬНИК_БЛЕСТЯЩИЙ
 10
767.4994742548947
 20
14425.848889168936
 30
0.0
  0
INSERT
  5
45E9
330
17
100
AcDbEntity
  8
BUSH
100
AcDbBlockReference
  2
СНЕЖНОЯГОДНИК_ДОРЕНБОЗА
 10
766.6514205572616
 20
14426.96280340528
 30
0.0
  0
INSERT
  5
45EB
330
17
100
AcDbEntity
  8
BUSH
100
AcDbBlockReference
  2
СПИРЕЯ_GREFSHEIM
 10
765.8033668596286
 20
14428.076717641625
 30
0.0
  0
INSERT
  5
45ED
330
17
100
AcDbEntity
  8
BUSH
100
AcDbBlockReference
  2
КИЗИЛЬНИК_БЛЕСТЯЩИЙ
 10
764.9553131619955
 20
14429.19063187797
 30
0.0
  0
INSERT
  5
45EF
330
17
100
AcDbEntity
  8
BUSH
100
AcDbBlockReference
  2
СНЕЖНОЯГОДНИК_ДОРЕНБОЗА
 10
764.1072594643624
 20
14430.304546114314
 30
0.0
  0
INSERT
  5
45F1
330
17
100
AcDbEntity
  8
BUSH
100
AcDbBlockReference
  2
СПИРЕЯ_GREFSHEIM
 10
763.2592057667293
 20
14431.418460350658
 30
0.0
  0
INSERT
  5
45F3
330
17
100
AcDbEntity
  8
BUSH
100
AcDbBlockReference
  2
КИЗИЛЬНИК_БЛЕСТЯЩИЙ
 10
762.4111520690963
 20
14432.532374587003
 30
0.0
  0
INSERT
  5
45F5
330
17
100
AcDbEntity
  8
BUSH
100
AcDbBlockReference
  2
СНЕЖНОЯГОДНИК_ДОРЕНБОЗА
 10
761.5630983714636
 20
14433.646288823347
 30
0.0
  0
INSERT
  5
45F7
330
17
100
AcDbEntity
  8
BUSH
100
AcDbBlockReference
  2
СПИРЕЯ_GREFSHEIM
 10
760.7150446738316
 20
14434.760203059694
 30
0.0
  0
INSERT
  5
45F9
330
17
100
AcDbEntity
  8
BUSH
100
AcDbBlockReference
  2
КИЗИЛЬНИК_БЛЕСТЯЩИЙ
 10
759.8669909761985
 20
14435.874117296038
 30
0.0
  0
INSERT
  5
45FB
330
17
100
AcDbEntity
  8
BUSH
100
AcDbBlockReference
  2
СНЕЖНОЯГОДНИК_ДОРЕНБОЗА
 10
759.018937278565
 20
14436.988031532383
 30
0.0
  0
INSERT
  5
45FD
330
17
100
AcDbEntity
  8
BUSH
100
AcDbBlockReference
  2
СПИРЕЯ_GREFSHEIM
 10
759.1997390264219
 20
14438.169312928298
 30
0.0
  0
INSERT
  5
45FF
330
17
100
AcDbEntity
  8
BUSH
100
AcDbBlockReference
  2
КИЗИЛЬНИК_БЛЕСТЯЩИЙ
 10
760.867048121529
 20
14437.45731077074
 30
0.0
  0
INSERT
  5
4601
330
17
100
AcDbEntity
  8
BUSH
100
AcDbBlockReference
  2
СНЕЖНОЯГОДНИК_ДОРЕНБОЗА
 10
764.9402242273367
 20
14431.76439970424
 30
0.0
  0
INSERT
  5
4603
330
17
100
AcDbEntity
  8
BUSH
100
AcDbBlockReference
  2
СПИРЕЯ_GREFSHEIM
 10
765.7548594484981
 20
14430.62581749094
 30
0.0
  0
INSERT
  5
4607
330
17
100
AcDbEntity
  8
BUSH
100
AcDbBlockReference
  2
СНЕЖНОЯГОДНИК_ДОРЕНБОЗА
 10
769.0223726967275
 20
14426.078261726198
 30
0.0
  0
INSERT
  5
460B
330
17
100
AcDbEntity
  8
BUSH
100
AcDbBlockReference
  2
КИЗИЛЬНИК_БЛЕСТЯЩИЙ
 10
771.5185639722728
 20
14425.01337354605
 30
0.0
  0
INSERT
  5
460D
330
17
100
AcDbEntity
  8
BUSH
100
AcDbBlockReference
  2
СНЕЖНОЯГОДНИК_ДОРЕНБОЗА
 10
768.4071515575032
 20
14463.063189673101
 30
0.0
  0
INSERT
  5
460F
330
17
100
AcDbEntity
  8
BUSH
100
AcDbBlockReference
  2
СПИРЕЯ_GREFSHEIM
 10
769.2308546995395
 20
14464.098865669683
 30
0.0
  0
INSERT
  5
4611
330
17
100
AcDbEntity
  8
BUSH
100
AcDbBlockReference
  2
КИЗИЛЬНИК_БЛЕСТЯЩИЙ
 10
768.4291972549296
 20
14465.246622325729
 30
0.0
  0
INSERT
  5
4613
330
17
100
AcDbEntity
  8
BUSH
100
AcDbBlockReference
  2
СНЕЖНОЯГОДНИК_ДОРЕНБОЗА
 10
767.6275398103196
 20
14466.394378981777
 30
0.0
  0
INSERT
  5
4615
330
17
100
AcDbEntity
  8
BUSH
100
AcDbBlockReference
  2
СПИРЕЯ_GREFSHEIM
 10
766.8258823657097
 20
14467.542135637825
 30
0.0
  0
INSERT
  5
4617
330
17
100
AcDbEntity
  8
BUSH
100
AcDbBlockReference
  2
КИЗИЛЬНИК_БЛЕСТЯЩИЙ
 10
770.9482374830787
 20
14465.569397113177
 30
0.0
  0
INSERT
  5
4619
330
17
100
AcDbEntity
  8
BUSH
100
AcDbBlockReference
  2
СНЕЖНОЯГОДНИК_ДОРЕНБОЗА
 10
771.7498949276886
 20
14464.421640457129
 30
0.0
  0
INSERT
  5
461B
330
17
100
AcDbEntity
  8
BUSH
100
AcDbBlockReference
  2
СПИРЕЯ_GREFSHEIM
 10
774.951516062373
 20
14459.827133783476
 30
0.0
  0
INSERT
  5
461D
330
17
100
AcDbEntity
  8
BUSH
100
AcDbBlockReference
  2
КИЗИЛЬНИК_БЛЕСТЯЩИЙ
 10
776.5435382555529
 20
14457.52377420746
 30
0.0
  0
INSERT
  5
461F
330
17
100
AcDbEntity
  8
BUSH
100
AcDbBlockReference
  2
СНЕЖНОЯГОДНИК_ДОРЕНБОЗА
 10
778.1355604487329
 20
14455.220414631445
 30
0.0
  0
INSERT
  5
4621
330
17
100
AcDbEntity
  8
BUSH
100
AcDbBlockReference
  2
СПИРЕЯ_GREFSHEIM
 10
780.5235937385029
 20
14451.765375267421
 30
0.0
  0
INSERT
  5
4623
330
17
100
AcDbEntity
  8
BUSH
100
AcDbBlockReference
  2
КИЗИЛЬНИК_БЛЕСТЯЩИЙ
 10
782.1156159316829
 20
14449.462015691406
 30
0.0
  0
INSERT
  5
4625
330
17
100
AcDbEntity
  8
BUSH
100
AcDbBlockReference
  2
СНЕЖНОЯГОДНИК_ДОРЕНБОЗА
 10
783.7076381248628
 20
14447.15865611539
 30
0.0
  0
INSERT
  5
4627
330
17
100
AcDbEntity
  8
BUSH
100
AcDbBlockReference
  2
СПИРЕЯ_GREFSHEIM
 10
778.8699525830687
 20
14452.750870442911
 30
0.0
  0
INSERT
  5
4629
330
17
100
AcDbEntity
  8
BUSH
100
AcDbBlockReference
  2
КИЗИЛЬНИК_БЛЕСТЯЩИЙ
 10
778.0739414864795
 20
14453.90255023092
 30
0.0
  0
INSERT
  5
462B
330
17
100
AcDbEntity
  8
BUSH
100
AcDbBlockReference
  2
СНЕЖНОЯГОДНИК_ДОРЕНБОЗА
 10
776.4819192933011
 20
14456.205909806937
 30
0.0
  0
INSERT
  5
462D
330
17
100
AcDbEntity
  8
BUSH
100
AcDbBlockReference
  2
СПИРЕЯ_GREFSHEIM
 10
771.1548666762809
 20
14460.011840179819
 30
0.0
  0
INSERT
  5
462F
330
17
100
AcDbEntity
  8
BUSH
100
AcDbBlockReference
  2
КИЗИЛЬНИК_БЛЕСТЯЩИЙ
 10
770.3530726122584
 20
14458.864178958509
 30
0.0
  0
INSERT
  5
4631
330
17
100
AcDbEntity
  8
BUSH
100
AcDbBlockReference
  2
СНЕЖНОЯГОДНИК_ДОРЕНБОЗА
 10
769.5512785482359
 20
14457.716517737199
 30
0.0
  0
INSERT
  5
4637
330
17
100
AcDbEntity
  8
BUSH
100
AcDbBlockReference
  2
СНЕЖНОЯГОДНИК_ДОРЕНБОЗА
 10
764.1506432232034
 20
14456.970565927608
 30
0.0
  0
INSERT
  5
4639
330
17
100
AcDbEntity
  8
BUSH
100
AcDbBlockReference
  2
СПИРЕЯ_GREFSHEIM
 10
764.9524372872258
 20
14458.118227148918
 30
0.0
  0
INSERT
  5
463B
330
17
100
AcDbEntity
  8
BUSH
100
AcDbBlockReference
  2
КИЗИЛЬНИК_БЛЕСТЯЩИЙ
 10
765.7542313512482
 20
14459.265888370228
 30
0.0
  0
INSERT
  5
463D
330
17
100
AcDbEntity
  8
BUSH
100
AcDbBlockReference
  2
СНЕЖНОЯГОДНИК_ДОРЕНБОЗА
 10
766.5560254152707
 20
14460.413549591538
 30
0.0
  0
INSERT
  5
463F
330
17
100
AcDbEntity
  8
BUSH
100
AcDbBlockReference
  2
СПИРЕЯ_GREFSHEIM
 10
767.3578194792931
 20
14461.561210812848
 30
0.0
  0
INSERT
  5
4641
330
17
100
AcDbEntity
  8
BUSH
100
AcDbBlockReference
  2
КИЗИЛЬНИК_БЛЕСТЯЩИЙ
 10
763.0921967897597
 20
14469.653410565383
 30
0.0
  0
INSERT
  5
4643
330
17
100
AcDbEntity
  8
BUSH
100
AcDbBlockReference
  2
СНЕЖНОЯГОДНИК_ДОРЕНБОЗА
 10
762.8208146404859
 20
14468.27996536114
 30
0.0
  0
INSERT
  5
4645
330
17
100
AcDbEntity
  8
BUSH
100
AcDbBlockReference
  2
СПИРЕЯ_GREFSHEIM
 10
762.5494324912121
 20
14466.9065201569
 30
0.0
  0
INSERT
  5
4647
330
17
100
AcDbEntity
  8
BUSH
100
AcDbBlockReference
  2
КИЗИЛЬНИК_БЛЕСТЯЩИЙ
 10
762.2780503419383
 20
14465.533074952657
 30
0.0
  0
INSERT
  5
4649
330
17
100
AcDbEntity
  8
BUSH
100
AcDbBlockReference
  2
СНЕЖНОЯГОДНИК_ДОРЕНБОЗА
 10
762.0066681926645
 20
14464.159629748414
 30
0.0
  0
INSERT
  5
464B
330
17
100
AcDbEntity
  8
BUSH
100
AcDbBlockReference
  2
СПИРЕЯ_GREFSHEIM
 10
761.7352860433907
 20
14462.786184544173
 30
0.0
  0
INSERT
  5
4651
330
17
100
AcDbEntity
  8
BUSH
100
AcDbBlockReference
  2
СПИРЕЯ_GREFSHEIM
 10
758.1658456442563
 20
14465.356615959234
 30
0.0
  0
INSERT
  5
4653
330
17
100
AcDbEntity
  8
BUSH
100
AcDbBlockReference
  2
КИЗИЛЬНИК_БЛЕСТЯЩИЙ
 10
758.43722779353
 20
14466.730061163476
 30
0.0
  0
INSERT
  5
4655
330
17
100
AcDbEntity
  8
BUSH
100
AcDbBlockReference
  2
СНЕЖНОЯГОДНИК_ДОРЕНБОЗА
 10
758.9799920920775
 20
14469.47695157196
 30
0.0
  0
INSERT
  5
4657
330
17
100
AcDbEntity
  8
BUSH
100
AcDbBlockReference
  2
СПИРЕЯ_GREFSHEIM
 10
759.2513742413512
 20
14470.850396776203
 30
0.0
  0
INSERT
  5
4659
330
17
100
AcDbEntity
  8
BUSH
100
AcDbBlockReference
  2
КИЗИЛЬНИК_БЛЕСТЯЩИЙ
 10
760.8764833806276
 20
14472.984779334414
 30
0.0
  0
INSERT
  5
465B
330
17
100
AcDbEntity
  8
BUSH
100
AcDbBlockReference
  2
СНЕЖНОЯГОДНИК_ДОРЕНБОЗА
 10
763.174014330923
 20
14474.58520163257
 30
0.0
  0
INSERT
  5
465F
330
17
100
AcDbEntity
  8
BUSH
100
AcDbBlockReference
  2
КИЗИЛЬНИК_БЛЕСТЯЩИЙ
 10
760.6727278701641
 20
14459.299884608336
 30
0.0
  0
INSERT
  5
4661
330
17
100
AcDbEntity
  8
BUSH
100
AcDbBlockReference
  2
СНЕЖНОЯГОДНИК_ДОРЕНБОЗА
 10
759.7504715918955
 20
14458.25224148473
 30
0.0
  0
INSERT
  5
4663
330
17
100
AcDbEntity
  8
BUSH
100
AcDbBlockReference
  2
СПИРЕЯ_GREFSHEIM
 10
758.5751692241969
 20
14457.500356075887
 30
0.0
  0
INSERT
  5
4673
330
17
100
AcDbEntity
  8
BUSH
100
AcDbBlockReference
  2
СНЕЖНОЯГОДНИК_ДОРЕНБОЗА
 10
749.4484487986851
 20
14462.89417027048
 30
0.0
  0
INSERT
  5
4675
330
17
100
AcDbEntity
  8
BUSH
100
AcDbBlockReference
  2
СПИРЕЯ_GREFSHEIM
 10
750.8007149386389
 20
14462.531711601478
 30
0.0
  0
INSERT
  5
4677
330
17
100
AcDbEntity
  8
BUSH
100
AcDbBlockReference
  2
КИЗИЛЬНИК_БЛЕСТЯЩИЙ
 10
752.1529810785925
 20
14462.169252932476
 30
0.0
  0
INSERT
  5
4679
330
17
100
AcDbEntity
  8
BUSH
100
AcDbBlockReference
  2
СНЕЖНОЯГОДНИК_ДОРЕНБОЗА
 10
753.5052472185461
 20
14461.806794263473
 30
0.0
  0
INSERT
  5
467B
330
17
100
AcDbEntity
  8
BUSH
100
AcDbBlockReference
  2
СПИРЕЯ_GREFSHEIM
 10
754.8575133584998
 20
14461.444335594471
 30
0.0
  0
INSERT
  5
467D
330
17
100
AcDbEntity
  8
BUSH
100
AcDbBlockReference
  2
КИЗИЛЬНИК_БЛЕСТЯЩИЙ
 10
756.2097794984534
 20
14461.08187692547
 30
0.0
  0
INSERT
  5
4687
330
17
100
AcDbEntity
  8
BUSH
100
AcDbBlockReference
  2
СПИРЕЯ_GREFSHEIM
 10
743.506703105943
 20
14461.055919808365
 30
0.0
  0
INSERT
  5
4689
330
17
100
AcDbEntity
  8
BUSH
100
AcDbBlockReference
  2
КИЗИЛЬНИК_БЛЕСТЯЩИЙ
 10
741.3873282945283
 20
14460.913659990538
 30
0.0
  0
INSERT
  5
468B
330
17
100
AcDbEntity
  8
BUSH
100
AcDbBlockReference
  2
СНЕЖНОЯГОДНИК_ДОРЕНБОЗА
 10
740.0350621545746
 20
14461.27611865954
 30
0.0
  0
INSERT
  5
468D
330
17
100
AcDbEntity
  8
BUSH
100
AcDbBlockReference
  2
СПИРЕЯ_GREFSHEIM
 10
742.84916945595
 20
14476.363593207803
 30
0.0
  0
INSERT
  5
468F
330
17
100
AcDbEntity
  8
BUSH
100
AcDbBlockReference
  2
КИЗИЛЬНИК_БЛЕСТЯЩИЙ
 10
744.0642744887841
 20
14477.058949058559
 30
0.0
  0
INSERT
  5
4691
330
17
100
AcDbEntity
  8
BUSH
100
AcDbBlockReference
  2
СНЕЖНОЯГОДНИК_ДОРЕНБОЗА
 10
743.5422633831952
 20
14472.171509487216
 30
0.0
  0
INSERT
  5
4695
330
17
100
AcDbEntity
  8
BUSH
100
AcDbBlockReference
  2
КИЗИЛЬНИК_БЛЕСТЯЩИЙ
 10
747.2696721996895
 20
14478.893269542838
 30
0.0
  0
INSERT
  5
4697
330
17
100
AcDbEntity
  8
BUSH
100
AcDbBlockReference
  2
СНЕЖНОЯГОДНИК_ДОРЕНБОЗА
 10
748.453975492146
 20
14479.639879020058
 30
0.0
  0
INSERT
  5
4699
330
17
100
AcDbEntity
  8
BUSH
100
AcDbBlockReference
  2
СПИРЕЯ_GREFSHEIM
 10
749.6382787846026
 20
14480.38648849728
 30
0.0
  0
INSERT
  5
469B
330
17
100
AcDbEntity
  8
BUSH
100
AcDbBlockReference
  2
КИЗИЛЬНИК_БЛЕСТЯЩИЙ
 10
750.8225820770591
 20
14481.133097974502
 30
0.0
  0
INSERT
  5
469D
330
17
100
AcDbEntity
  8
BUSH
100
AcDbBlockReference
  2
СНЕЖНОЯГОДНИК_ДОРЕНБОЗА
 10
752.0068853695157
 20
14481.879707451722
 30
0.0
  0
INSERT
  5
469F
330
17
100
AcDbEntity
  8
BUSH
100
AcDbBlockReference
  2
СПИРЕЯ_GREFSHEIM
 10
753.1910877509547
 20
14482.626476799393
 30
0.0
  0
INSERT
  5
46A1
330
17
100
AcDbEntity
  8
BUSH
100
AcDbBlockReference
  2
КИЗИЛЬНИК_БЛЕСТЯЩИЙ
 10
754.3745527489433
 20
14483.374414362654
 30
0.0
  0
INSERT
  5
46A3
330
17
100
AcDbEntity
  8
BUSH
100
AcDbBlockReference
  2
СНЕЖНОЯГОДНИК_ДОРЕНБОЗА
 10
755.558017746932
 20
14484.122351925915
 30
0.0
  0
INSERT
  5
46A5
330
17
100
AcDbEntity
  8
BUSH
100
AcDbBlockReference
  2
СПИРЕЯ_GREFSHEIM
 10
756.7414827449206
 20
14484.870289489174
 30
0.0
  0
INSERT
  5
46A7
330
17
100
AcDbEntity
  8
BUSH
100
AcDbBlockReference
  2
КИЗИЛЬНИК_БЛЕСТЯЩИЙ
 10
757.1075408340052
 20
14485.932087581536
 30
0.0
  0
INSERT
  5
46A9
330
17
100
AcDbEntity
  8
BUSH
100
AcDbBlockReference
  2
СНЕЖНОЯГОДНИК_ДОРЕНБОЗА
 10
756.7287740919276
 20
14487.279876791721
 30
0.0
  0
INSERT
  5
46AB
330
17
100
AcDbEntity
  8
BUSH
100
AcDbBlockReference
  2
СПИРЕЯ_GREFSHEIM
 10
756.3500073498496
 20
14488.627666001908
 30
0.0
  0
INSERT
  5
46AD
330
17
100
AcDbEntity
  8
BUSH
100
AcDbBlockReference
  2
КИЗИЛЬНИК_БЛЕСТЯЩИЙ
 10
755.9712406077715
 20
14489.975455212096
 30
0.0
  0
INSERT
  5
46AF
330
17
100
AcDbEntity
  8
BUSH
100
AcDbBlockReference
  2
СНЕЖНОЯГОДНИК_ДОРЕНБОЗА
 10
755.5924738656935
 20
14491.323244422281
 30
0.0
  0
INSERT
  5
46B1
330
17
100
AcDbEntity
  8
BUSH
100
AcDbBlockReference
  2
СПИРЕЯ_GREFSHEIM
 10
755.2137071236154
 20
14492.671033632469
 30
0.0
  0
INSERT
  5
46B3
330
17
100
AcDbEntity
  8
BUSH
100
AcDbBlockReference
  2
КИЗИЛЬНИК_БЛЕСТЯЩИЙ
 10
754.8349403815373
 20
14494.018822842656
 30
0.0
  0
INSERT
  5
46B5
330
17
100
AcDbEntity
  8
BUSH
100
AcDbBlockReference
  2
СНЕЖНОЯГОДНИК_ДОРЕНБОЗА
 10
754.4549074492887
 20
14495.366247166114
 30
0.0
  0
INSERT
  5
46B7
330
17
100
AcDbEntity
  8
BUSH
100
AcDbBlockReference
  2
СПИРЕЯ_GREFSHEIM
 10
757.2757975398438
 20
14493.649833366955
 30
0.0
  0
INSERT
  5
46B9
330
17
100
AcDbEntity
  8
BUSH
100
AcDbBlockReference
  2
КИЗИЛЬНИК_БЛЕСТЯЩИЙ
 10
758.4120977660775
 20
14489.606465736395
 30
0.0
  0
INSERT
  5
46BD
330
17
100
AcDbEntity
  8
BUSH
100
AcDbBlockReference
  2
СПИРЕЯ_GREFSHEIM
 10
757.2244558236116
 20
14480.443655578321
 30
0.0
  0
INSERT
  5
46BF
330
17
100
AcDbEntity
  8
BUSH
100
AcDbBlockReference
  2
КИЗИЛЬНИК_БЛЕСТЯЩИЙ
 10
754.857294789868
 20
14478.948146478351
 30
0.0
  0
INSERT
  5
46C1
330
17
100
AcDbEntity
  8
BUSH
100
AcDbBlockReference
  2
СНЕЖНОЯГОДНИК_ДОРЕНБОЗА
 10
752.4886882049551
 20
14477.454927523908
 30
0.0
  0
INSERT
  5
46C3
330
17
100
AcDbEntity
  8
BUSH
100
AcDbBlockReference
  2
СПИРЕЯ_GREFSHEIM
 10
748.9255106513671
 20
14475.232184348957
 30
0.0
  0
INSERT
  5
46C5
330
17
100
AcDbEntity
  8
BUSH
100
AcDbBlockReference
  2
КИЗИЛЬНИК_БЛЕСТЯЩИЙ
 10
747.7104056185326
 20
14474.536828498201
 30
0.0
  0
INSERT
  5
46C7
330
17
100
AcDbEntity
  8
BUSH
100
AcDbBlockReference
  2
СНЕЖНОЯГОДНИК_ДОРЕНБОЗА
 10
746.4953005856981
 20
14473.841472647446
 30
0.0
  0
INSERT
  5
46CD
330
17
100
AcDbEntity
  8
BUSH
100
AcDbBlockReference
  2
СНЕЖНОЯГОДНИК_ДОРЕНБОЗА
 10
733.2257648752653
 20
14500.4253228881
 30
0.0
  0
INSERT
  5
46CF
330
17
100
AcDbEntity
  8
BUSH
100
AcDbBlockReference
  2
СПИРЕЯ_GREFSHEIM
 10
728.8377799797779
 20
14500.912012650877
 30
0.0
  0
INSERT
  5
46D1
330
17
100
AcDbEntity
  8
BUSH
100
AcDbBlockReference
  2
КИЗИЛЬНИК_БЛЕСТЯЩИЙ
 10
730.2952492407793
 20
14503.302783102685
 30
0.0
  0
INSERT
  5
46D3
330
17
100
AcDbEntity
  8
BUSH
100
AcDbBlockReference
  2
СНЕЖНОЯГОДНИК_ДОРЕНБОЗА
 10
731.0239838712799
 20
14504.498168328588
 30
0.0
  0
INSERT
  5
46D5
330
17
100
AcDbEntity
  8
BUSH
100
AcDbBlockReference
  2
СПИРЕЯ_GREFSHEIM
 10
733.3607399297963
 20
14501.836279640474
 30
0.0
  0
INSERT
  5
46D7
330
17
100
AcDbEntity
  8
BUSH
100
AcDbBlockReference
  2
КИЗИЛЬНИК_БЛЕСТЯЩИЙ
 10
728.8952788092242
 20
14493.321778130288
 30
0.0
  0
INSERT
  5
46D9
330
17
100
AcDbEntity
  8
BUSH
100
AcDbBlockReference
  2
СНЕЖНОЯГОДНИК_ДОРЕНБОЗА
 10
728.5368481667988
 20
14491.978867855376
 30
0.0
  0
INSERT
  5
46DB
330
17
100
AcDbEntity
  8
BUSH
100
AcDbBlockReference
  2
СПИРЕЯ_GREFSHEIM
 10
728.1509096922201
 20
14490.800001508747
 30
0.0
  0
INSERT
  5
46DD
330
17
100
AcDbEntity
  8
BUSH
100
AcDbBlockReference
  2
КИЗИЛЬНИК_БЛЕСТЯЩИЙ
 10
724.6481880537683
 20
14492.94473623817
 30
0.0
  0
INSERT
  5
46DF
330
17
100
AcDbEntity
  8
BUSH
100
AcDbBlockReference
  2
СНЕЖНОЯГОДНИК_ДОРЕНБОЗА
 10
724.960078254789
 20
14494.306395241467
 30
0.0
  0
INSERT
  5
46E1
330
17
100
AcDbEntity
  8
BUSH
100
AcDbBlockReference
  2
СПИРЕЯ_GREFSHEIM
 10
725.5749475486182
 20
14495.559801407491
 30
0.0
  0
INSERT
  5
46E3
330
17
100
AcDbEntity
  8
BUSH
100
AcDbBlockReference
  2
КИЗИЛЬНИК_БЛЕСТЯЩИЙ
 10
727.032416809619
 20
14497.950571859299
 30
0.0
  0
INSERT
  5
46E5
330
17
100
AcDbEntity
  8
BUSH
100
AcDbBlockReference
  2
СНЕЖНОЯГОДНИК_ДОРЕНБОЗА
 10
731.3368168052492
 20
14497.326772989565
 30
0.0
  0
INSERT
  5
46E7
330
17
100
AcDbEntity
  8
BUSH
100
AcDbBlockReference
  2
СПИРЕЯ_GREFSHEIM
 10
730.6080821747488
 20
14496.131387763662
 30
0.0
  0
INSERT
  5
46E9
330
17
100
AcDbEntity
  8
BUSH
100
AcDbBlockReference
  2
КИЗИЛЬНИК_БЛЕСТЯЩИЙ
 10
729.8793475442484
 20
14494.936002537757
 30
0.0
  0
INSERT
  5
46EB
330
17
100
AcDbEntity
  8
BUSH
100
AcDbBlockReference
  2
СНЕЖНОЯГОДНИК_ДОРЕНБОЗА
 10
722.3554057583242
 20
14482.96410924828
 30
0.0
  0
INSERT
  5
46ED
330
17
100
AcDbEntity
  8
BUSH
100
AcDbBlockReference
  2
СПИРЕЯ_GREFSHEIM
 10
720.9759630623173
 20
14483.187442100043
 30
0.0
  0
INSERT
  5
46EF
330
17
100
AcDbEntity
  8
BUSH
100
AcDbBlockReference
  2
КИЗИЛЬНИК_БЛЕСТЯЩИЙ
 10
719.6126114096706
 20
14483.505675145507
 30
0.0
  0
INSERT
  5
46F1
330
17
100
AcDbEntity
  8
BUSH
100
AcDbBlockReference
  2
СНЕЖНОЯГОДНИК_ДОРЕНБОЗА
 10
718.249259757024
 20
14483.823908190972
 30
0.0
  0
INSERT
  5
46F3
330
17
100
AcDbEntity
  8
BUSH
100
AcDbBlockReference
  2
СПИРЕЯ_GREFSHEIM
 10
716.8859081043773
 20
14484.142141236436
 30
0.0
  0
INSERT
  5
46F5
330
17
100
AcDbEntity
  8
BUSH
100
AcDbBlockReference
  2
КИЗИЛЬНИК_БЛЕСТЯЩИЙ
 10
715.5225564517307
 20
14484.460374281902
 30
0.0
  0
INSERT
  5
46F7
330
17
100
AcDbEntity
  8
BUSH
100
AcDbBlockReference
  2
СНЕЖНОЯГОДНИК_ДОРЕНБОЗА
 10
714.159204799084
 20
14484.778607327366
 30
0.0
  0
INSERT
  5
46F9
330
17
100
AcDbEntity
  8
BUSH
100
AcDbBlockReference
  2
СПИРЕЯ_GREFSHEIM
 10
712.7991658262041
 20
14485.109624610071
 30
0.0
  0
INSERT
  5
46FB
330
17
100
AcDbEntity
  8
BUSH
100
AcDbBlockReference
  2
КИЗИЛЬНИК_БЛЕСТЯЩИЙ
 10
711.5282734312632
 20
14485.683161841427
 30
0.0
  0
INSERT
  5
46FD
330
17
100
AcDbEntity
  8
BUSH
100
AcDbBlockReference
  2
СНЕЖНОЯГОДНИК_ДОРЕНБОЗА
 10
710.4650460875424
 20
14486.585307305757
 30
0.0
  0
INSERT
  5
46FF
330
17
100
AcDbEntity
  8
BUSH
100
AcDbBlockReference
  2
СПИРЕЯ_GREFSHEIM
 10
709.8662622175447
 20
14487.641442433951
 30
0.0
  0
INSERT
  5
4701
330
17
100
AcDbEntity
  8
BUSH
100
AcDbBlockReference
  2
КИЗИЛЬНИК_БЛЕСТЯЩИЙ
 10
711.2637986223097
 20
14487.72446048835
 30
0.0
  0
INSERT
  5
4703
330
17
100
AcDbEntity
  8
BUSH
100
AcDbBlockReference
  2
СНЕЖНОЯГОДНИК_ДОРЕНБОЗА
 10
714.012256019828
 20
14488.086782704346
 30
0.0
  0
INSERT
  5
4705
330
17
100
AcDbEntity
  8
BUSH
100
AcDbBlockReference
  2
СПИРЕЯ_GREFSHEIM
 10
716.4163661305132
 20
14488.35926582139
 30
0.0
  0
INSERT
  5
4707
330
17
100
AcDbEntity
  8
BUSH
100
AcDbBlockReference
  2
КИЗИЛЬНИК_БЛЕСТЯЩИЙ
 10
717.4986114217992
 20
14485.900263998015
 30
0.0
  0
INSERT
  5
4709
330
17
100
AcDbEntity
  8
BUSH
100
AcDbBlockReference
  2
СНЕЖНОЯГОДНИК_ДОРЕНБОЗА
 10
719.0566271494095
 20
14487.578650560872
 30
0.0
  0
INSERT
  5
470B
330
17
100
AcDbEntity
  8
BUSH
100
AcDbBlockReference
  2
СПИРЕЯ_GREFSHEIM
 10
718.7907441098902
 20
14486.204130204786
 30
0.0
  0
INSERT
  5
470D
330
17
100
AcDbEntity
  8
BUSH
100
AcDbBlockReference
  2
КИЗИЛЬНИК_БЛЕСТЯЩИЙ
 10
722.5409627974875
 20
14484.51444770977
 30
0.0
  0
INSERT
  5
4713
330
17
100
AcDbEntity
  8
BUSH
100
AcDbBlockReference
  2
КИЗИЛЬНИК_БЛЕСТЯЩИЙ
 10
714.3010529353288
 20
14496.456945250045
 30
0.0
  0
INSERT
  5
4715
330
17
100
AcDbEntity
  8
BUSH
100
AcDbBlockReference
  2
СНЕЖНОЯГОДНИК_ДОРЕНБОЗА
 10
715.0556329305349
 20
14497.635420254555
 30
0.0
  0
INSERT
  5
4717
330
17
100
AcDbEntity
  8
BUSH
100
AcDbBlockReference
  2
СПИРЕЯ_GREFSHEIM
 10
715.7959522831445
 20
14498.823665707378
 30
0.0
  0
INSERT
  5
4719
330
17
100
AcDbEntity
  8
BUSH
100
AcDbBlockReference
  2
КИЗИЛЬНИК_БЛЕСТЯЩИЙ
 10
716.5362716357541
 20
14500.0119111602
 30
0.0
  0
INSERT
  5
471B
330
17
100
AcDbEntity
  8
BUSH
100
AcDbBlockReference
  2
СНЕЖНОЯГОДНИК_ДОРЕНБОЗА
 10
717.2765909883638
 20
14501.200156613022
 30
0.0
  0
INSERT
  5
471D
330
17
100
AcDbEntity
  8
BUSH
100
AcDbBlockReference
  2
СПИРЕЯ_GREFSHEIM
 10
718.0169103409734
 20
14502.388402065842
 30
0.0
  0
INSERT
  5
471F
330
17
100
AcDbEntity
  8
BUSH
100
AcDbBlockReference
  2
КИЗИЛЬНИК_БЛЕСТЯЩИЙ
 10
720.5526558874378
 20
14501.57703159302
 30
0.0
  0
INSERT
  5
4721
330
17
100
AcDbEntity
  8
BUSH
100
AcDbBlockReference
  2
СНЕЖНОЯГОДНИК_ДОРЕНБОЗА
 10
721.8556969441827
 20
14501.06509018579
 30
0.0
  0
INSERT
  5
4723
330
17
100
AcDbEntity
  8
BUSH
100
AcDbBlockReference
  2
СПИРЕЯ_GREFSHEIM
 10
720.4547762584332
 20
14499.739379320796
 30
0.0
  0
INSERT
  5
4725
330
17
100
AcDbEntity
  8
BUSH
100
AcDbBlockReference
  2
КИЗИЛЬНИК_БЛЕСТЯЩИЙ
 10
719.2819099646764
 20
14500.448408817148
 30
0.0
  0
INSERT
  5
4729
330
17
100
AcDbEntity
  8
BUSH
100
AcDbBlockReference
  2
СПИРЕЯ_GREFSHEIM
 10
715.538869461667
 20
14492.976474836674
 30
0.0
  0
INSERT
  5
472D
330
17
100
AcDbEntity
  8
BUSH
100
AcDbBlockReference
  2
СНЕЖНОЯГОДНИК_ДОРЕНБОЗА
 10
719.6308016926079
 20
14504.978769389307
 30
0.0
  0
INSERT
  5
472F
330
17
100
AcDbEntity
  8
BUSH
100
AcDbBlockReference
  2
СПИРЕЯ_GREFSHEIM
 10
718.2694077396175
 20
14505.305275904955
 30
0.0
  0
INSERT
  5
4731
330
17
100
AcDbEntity
  8
BUSH
100
AcDbBlockReference
  2
КИЗИЛЬНИК_БЛЕСТЯЩИЙ
 10
716.908013786627
 20
14505.631782420603
 30
0.0
  0
INSERT
  5
4733
330
17
100
AcDbEntity
  8
BUSH
100
AcDbBlockReference
  2
СНЕЖНОЯГОДНИК_ДОРЕНБОЗА
 10
715.5466198336366
 20
14505.958288936254
 30
0.0
  0
INSERT
  5
4735
330
17
100
AcDbEntity
  8
BUSH
100
AcDbBlockReference
  2
СПИРЕЯ_GREFSHEIM
 10
714.185225880646
 20
14506.284795451902
 30
0.0
  0
INSERT
  5
4737
330
17
100
AcDbEntity
  8
BUSH
100
AcDbBlockReference
  2
КИЗИЛЬНИК_БЛЕСТЯЩИЙ
 10
712.8238319276556
 20
14506.61130196755
 30
0.0
  0
INSERT
  5
4739
330
17
100
AcDbEntity
  8
BUSH
100
AcDbBlockReference
  2
СНЕЖНОЯГОДНИК_ДОРЕНБОЗА
 10
711.4932266662375
 20
14507.036878621324
 30
0.0
  0
INSERT
  5
473B
330
17
100
AcDbEntity
  8
BUSH
100
AcDbBlockReference
  2
СПИРЕЯ_GREFSHEIM
 10
710.3242055314801
 20
14507.799243822532
 30
0.0
  0
INSERT
  5
473D
330
17
100
AcDbEntity
  8
BUSH
100
AcDbBlockReference
  2
КИЗИЛЬНИК_БЛЕСТЯЩИЙ
 10
709.4135211938757
 20
14508.856296211154
 30
0.0
  0
INSERT
  5
473F
330
17
100
AcDbEntity
  8
BUSH
100
AcDbBlockReference
  2
СНЕЖНОЯГОДНИК_ДОРЕНБОЗА
 10
708.8299910429778
 20
14510.123004169205
 30
0.0
  0
INSERT
  5
4741
330
17
100
AcDbEntity
  8
BUSH
100
AcDbBlockReference
  2
СПИРЕЯ_GREFSHEIM
 10
708.6185408697686
 20
14511.501221028333
 30
0.0
  0
INSERT
  5
4743
330
17
100
AcDbEntity
  8
BUSH
100
AcDbBlockReference
  2
КИЗИЛЬНИК_БЛЕСТЯЩИЙ
 10
708.7867440016903
 20
14512.886538118206
 30
0.0
  0
INSERT
  5
4745
330
17
100
AcDbEntity
  8
BUSH
100
AcDbBlockReference
  2
СНЕЖНОЯГОДНИК_ДОРЕНБОЗА
 10
709.1070001620142
 20
14514.249415952707
 30
0.0
  0
INSERT
  5
4747
330
17
100
AcDbEntity
  8
BUSH
100
AcDbBlockReference
  2
СПИРЕЯ_GREFSHEIM
 10
709.4272563223379
 20
14515.61229378721
 30
0.0
  0
INSERT
  5
4749
330
17
100
AcDbEntity
  8
BUSH
100
AcDbBlockReference
  2
КИЗИЛЬНИК_БЛЕСТЯЩИЙ
 10
709.7475124826617
 20
14516.97517162171
 30
0.0
  0
INSERT
  5
474B
330
17
100
AcDbEntity
  8
BUSH
100
AcDbBlockReference
  2
СНЕЖНОЯГОДНИК_ДОРЕНБОЗА
 10
710.2226108535835
 20
14518.28718511606
 30
0.0
  0
INSERT
  5
474D
330
17
100
AcDbEntity
  8
BUSH
100
AcDbBlockReference
  2
СПИРЕЯ_GREFSHEIM
 10
711.0343547755248
 20
14519.420814765257
 30
0.0
  0
INSERT
  5
474F
330
17
100
AcDbEntity
  8
BUSH
100
AcDbBlockReference
  2
КИЗИЛЬНИК_БЛЕСТЯЩИЙ
 10
712.1272827836757
 20
14520.287119460507
 30
0.0
  0
INSERT
  5
4751
330
17
100
AcDbEntity
  8
BUSH
100
AcDbBlockReference
  2
СНЕЖНОЯГОДНИК_ДОРЕНБОЗА
 10
713.4173068044555
 20
14520.819038534384
 30
0.0
  0
INSERT
  5
4753
330
17
100
AcDbEntity
  8
BUSH
100
AcDbBlockReference
  2
СПИРЕЯ_GREFSHEIM
 10
714.8048563106188
 20
14520.968568222792
 30
0.0
  0
INSERT
  5
4755
330
17
100
AcDbEntity
  8
BUSH
100
AcDbBlockReference
  2
КИЗИЛЬНИК_БЛЕСТЯЩИЙ
 10
716.1834346887425
 20
14520.744937774873
 30
0.0
  0
INSERT
  5
4757
330
17
100
AcDbEntity
  8
BUSH
100
AcDbBlockReference
  2
СНЕЖНОЯГОДНИК_ДОРЕНБОЗА
 10
717.5425945552107
 20
14520.409252718038
 30
0.0
  0
INSERT
  5
4759
330
17
100
AcDbEntity
  8
BUSH
100
AcDbBlockReference
  2
СПИРЕЯ_GREFSHEIM
 10
718.9017544216789
 20
14520.073567661204
 30
0.0
  0
INSERT
  5
475B
330
17
100
AcDbEntity
  8
BUSH
100
AcDbBlockReference
  2
КИЗИЛЬНИК_БЛЕСТЯЩИЙ
 10
720.2609142881472
 20
14519.73788260437
 30
0.0
  0
INSERT
  5
475D
330
17
100
AcDbEntity
  8
BUSH
100
AcDbBlockReference
  2
СНЕЖНОЯГОДНИК_ДОРЕНБОЗА
 10
721.6200741546154
 20
14519.402197547535
 30
0.0
  0
INSERT
  5
475F
330
17
100
AcDbEntity
  8
BUSH
100
AcDbBlockReference
  2
СПИРЕЯ_GREFSHEIM
 10
722.8294489760609
 20
14519.589169034749
 30
0.0
  0
INSERT
  5
4761
330
17
100
AcDbEntity
  8
BUSH
100
AcDbBlockReference
  2
КИЗИЛЬНИК_БЛЕСТЯЩИЙ
 10
723.9764738530517
 20
14520.381989628937
 30
0.0
  0
INSERT
  5
4763
330
17
100
AcDbEntity
  8
BUSH
100
AcDbBlockReference
  2
СНЕЖНОЯГОДНИК_ДОРЕНБОЗА
 10
725.2980001163835
 20
14520.82790028382
 30
0.0
  0
INSERT
  5
4765
330
17
100
AcDbEntity
  8
BUSH
100
AcDbBlockReference
  2
СПИРЕЯ_GREFSHEIM
 10
726.6919418976521
 20
14520.892129063848
 30
0.0
  0
INSERT
  5
4767
330
17
100
AcDbEntity
  8
BUSH
100
AcDbBlockReference
  2
КИЗИЛЬНИК_БЛЕСТЯЩИЙ
 10
728.0551130506914
 20
14520.584645878198
 30
0.0
  0
INSERT
  5
4769
330
17
100
AcDbEntity
  8
BUSH
100
AcDbBlockReference
  2
СНЕЖНОЯГОДНИК_ДОРЕНБОЗА
 10
729.3971345742563
 20
14520.185925135962
 30
0.0
  0
INSERT
  5
476B
330
17
100
AcDbEntity
  8
BUSH
100
AcDbBlockReference
  2
СПИРЕЯ_GREFSHEIM
 10
730.739156097821
 20
14519.787204393728
 30
0.0
  0
INSERT
  5
476D
330
17
100
AcDbEntity
  8
BUSH
100
AcDbBlockReference
  2
КИЗИЛЬНИК_БЛЕСТЯЩИЙ
 10
732.0642021646746
 20
14519.340381609509
 30
0.0
  0
INSERT
  5
476F
330
17
100
AcDbEntity
  8
BUSH
100
AcDbBlockReference
  2
СНЕЖНОЯГОДНИК_ДОРЕНБОЗА
 10
733.2438050919559
 20
14518.596470664772
 30
0.0
  0
INSERT
  5
4771
330
17
100
AcDbEntity
  8
BUSH
100
AcDbBlockReference
  2
СПИРЕЯ_GREFSHEIM
 10
734.1729316539326
 20
14517.555674805375
 30
0.0
  0
INSERT
  5
4773
330
17
100
AcDbEntity
  8
BUSH
100
AcDbBlockReference
  2
КИЗИЛЬНИК_БЛЕСТЯЩИЙ
 10
732.0781242652254
 20
14514.618341214122
 30
0.0
  0
INSERT
  5
4775
330
17
100
AcDbEntity
  8
BUSH
100
AcDbBlockReference
  2
СНЕЖНОЯГОДНИК_ДОРЕНБОЗА
 10
730.9051110351761
 20
14514.284657770917
 30
0.0
  0
INSERT
  5
4777
330
17
100
AcDbEntity
  8
BUSH
100
AcDbBlockReference
  2
СПИРЕЯ_GREFSHEIM
 10
730.6449911280739
 20
14515.560719874162
 30
0.0
  0
INSERT
  5
4779
330
17
100
AcDbEntity
  8
BUSH
100
AcDbBlockReference
  2
КИЗИЛЬНИК_БЛЕСТЯЩИЙ
 10
729.3351736157886
 20
14516.031524641818
 30
0.0
  0
INSERT
  5
477B
330
17
100
AcDbEntity
  8
BUSH
100
AcDbBlockReference
  2
СНЕЖНОЯГОДНИК_ДОРЕНБОЗА
 10
724.9496222482029
 20
14515.17532523891
 30
0.0
  0
INSERT
  5
477D
330
17
100
AcDbEntity
  8
BUSH
100
AcDbBlockReference
  2
СПИРЕЯ_GREFSHEIM
 10
722.7084566760703
 20
14515.013196742155
 30
0.0
  0
INSERT
  5
477F
330
17
100
AcDbEntity
  8
BUSH
100
AcDbBlockReference
  2
КИЗИЛЬНИК_БЛЕСТЯЩИЙ
 10
719.7152530786608
 20
14517.323733545743
 30
0.0
  0
INSERT
  5
4781
330
17
100
AcDbEntity
  8
BUSH
100
AcDbBlockReference
  2
СНЕЖНОЯГОДНИК_ДОРЕНБОЗА
 10
718.3838510120664
 20
14517.649618108308
 30
0.0
  0
INSERT
  5
4783
330
17
100
AcDbEntity
  8
BUSH
100
AcDbBlockReference
  2
СПИРЕЯ_GREFSHEIM
 10
715.9396641498062
 20
14516.684951890269
 30
0.0
  0
INSERT
  5
4785
330
17
100
AcDbEntity
  8
BUSH
100
AcDbBlockReference
  2
КИЗИЛЬНИК_БЛЕСТЯЩИЙ
 10
714.5736346714714
 20
14516.970218858174
 30
0.0
  0
INSERT
  5
4787
330
17
100
AcDbEntity
  8
BUSH
100
AcDbBlockReference
  2
СНЕЖНОЯГОДНИК_ДОРЕНБОЗА
 10
713.6439361588336
 20
14516.070737690989
 30
0.0
  0
INSERT
  5
4789
330
17
100
AcDbEntity
  8
BUSH
100
AcDbBlockReference
  2
СПИРЕЯ_GREFSHEIM
 10
713.3236799985099
 20
14514.707859856488
 30
0.0
  0
INSERT
  5
478B
330
17
100
AcDbEntity
  8
BUSH
100
AcDbBlockReference
  2
КИЗИЛЬНИК_БЛЕСТЯЩИЙ
 10
713.0034238381861
 20
14513.344982021987
 30
0.0
  0
INSERT
  5
478D
330
17
100
AcDbEntity
  8
BUSH
100
AcDbBlockReference
  2
СНЕЖНОЯГОДНИК_ДОРЕНБОЗА
 10
712.6831676778623
 20
14511.982104187486
 30
0.0
  0
INSERT
  5
478F
330
17
100
AcDbEntity
  8
BUSH
100
AcDbBlockReference
  2
СПИРЕЯ_GREFSHEIM
 10
712.8911337948255
 20
14510.681371709952
 30
0.0
  0
INSERT
  5
4791
330
17
100
AcDbEntity
  8
BUSH
100
AcDbBlockReference
  2
КИЗИЛЬНИК_БЛЕСТЯЩИЙ
 10
713.289898452629
 20
14509.584597268284
 30
0.0
  0
INSERT
  5
4793
330
17
100
AcDbEntity
  8
BUSH
100
AcDbBlockReference
  2
СНЕЖНОЯГОДНИК_ДОРЕНБОЗА
 10
714.6512924056194
 20
14509.258090752635
 30
0.0
  0
INSERT
  5
4795
330
17
100
AcDbEntity
  8
BUSH
100
AcDbBlockReference
  2
СПИРЕЯ_GREFSHEIM
 10
719.5506928613937
 20
14507.155765876883
 30
0.0
  0
INSERT
  5
4797
330
17
100
AcDbEntity
  8
BUSH
100
AcDbBlockReference
  2
КИЗИЛЬНИК_БЛЕСТЯЩИЙ
 10
723.7700959784811
 20
14504.058217488944
 30
0.0
  0
INSERT
  5
4799
330
17
100
AcDbEntity
  8
BUSH
100
AcDbBlockReference
  2
СНЕЖНОЯГОДНИК_ДОРЕНБОЗА
 10
721.7713762385893
 20
14503.24703775065
 30
0.0
  0
INSERT
  5
479B
330
17
100
AcDbEntity
  8
BUSH
100
AcDbBlockReference
  2
СПИРЕЯ_GREFSHEIM
 10
720.4683351818445
 20
14503.758979157881
 30
0.0
  0
INSERT
  5
479D
330
17
100
AcDbEntity
  8
BUSH
100
AcDbBlockReference
  2
КИЗИЛЬНИК_БЛЕСТЯЩИЙ
 10
738.3361180889422
 20
14515.693906909322
 30
0.0
  0
INSERT
  5
479F
330
17
100
AcDbEntity
  8
BUSH
100
AcDbBlockReference
  2
СНЕЖНОЯГОДНИК_ДОРЕНБОЗА
 10
739.6983164779091
 20
14515.370772960168
 30
0.0
  0
INSERT
  5
47A1
330
17
100
AcDbEntity
  8
BUSH
100
AcDbBlockReference
  2
СПИРЕЯ_GREFSHEIM
 10
741.060514866876
 20
14515.047639011014
 30
0.0
  0
INSERT
  5
47A3
330
17
100
AcDbEntity
  8
BUSH
100
AcDbBlockReference
  2
КИЗИЛЬНИК_БЛЕСТЯЩИЙ
 10
742.422713255843
 20
14514.72450506186
 30
0.0
  0
INSERT
  5
47A5
330
17
100
AcDbEntity
  8
BUSH
100
AcDbBlockReference
  2
СНЕЖНОЯГОДНИК_ДОРЕНБОЗА
 10
742.8206930446598
 20
14513.559922398952
 30
0.0
  0
INSERT
  5
47A7
330
17
100
AcDbEntity
  8
BUSH
100
AcDbBlockReference
  2
СПИРЕЯ_GREFSHEIM
 10
742.0804896786046
 20
14510.694683863674
 30
0.0
  0
INSERT
  5
47A9
330
17
100
AcDbEntity
  8
BUSH
100
AcDbBlockReference
  2
КИЗИЛЬНИК_БЛЕСТЯЩИЙ
 10
740.7182912896377
 20
14511.017817812828
 30
0.0
  0
INSERT
  5
47AB
330
17
100
AcDbEntity
  8
BUSH
100
AcDbBlockReference
  2
СНЕЖНОЯГОДНИК_ДОРЕНБОЗА
 10
739.3560929006708
 20
14511.340951761982
 30
0.0
  0
INSERT
  5
47AD
330
17
100
AcDbEntity
  8
BUSH
100
AcDbBlockReference
  2
СПИРЕЯ_GREFSHEIM
 10
737.9938945117038
 20
14511.664085711136
 30
0.0
  0
INSERT
  5
47AF
330
17
100
AcDbEntity
  8
BUSH
100
AcDbBlockReference
  2
КИЗИЛЬНИК_БЛЕСТЯЩИЙ
 10
735.2694977337691
 20
14512.31035360944
 30
0.0
  0
INSERT
  5
47B1
330
17
100
AcDbEntity
  8
BUSH
100
AcDbBlockReference
  2
СНЕЖНОЯГОДНИК_ДОРЕНБОЗА
 10
733.9072993448016
 20
14512.633487558593
 30
0.0
  0
INSERT
  5
47B3
330
17
100
AcDbEntity
  8
BUSH
100
AcDbBlockReference
  2
СПИРЕЯ_GREFSHEIM
 10
736.6693487486397
 20
14515.268923846168
 30
0.0
  0
INSERT
  5
47B5
330
17
100
AcDbEntity
  8
BUSH
100
AcDbBlockReference
  2
КИЗИЛЬНИК_БЛЕСТЯЩИЙ
 10
751.2815231270118
 20
14512.623062099026
 30
0.0
  0
INSERT
  5
47B7
330
17
100
AcDbEntity
  8
BUSH
100
AcDbBlockReference
  2
СНЕЖНОЯГОДНИК_ДОРЕНБОЗА
 10
752.6455528848331
 20
14512.307748255724
 30
0.0
  0
INSERT
  5
47B9
330
17
100
AcDbEntity
  8
BUSH
100
AcDbBlockReference
  2
СПИРЕЯ_GREFSHEIM
 10
754.0095826426544
 20
14511.992434412423
 30
0.0
  0
INSERT
  5
47BB
330
17
100
AcDbEntity
  8
BUSH
100
AcDbBlockReference
  2
КИЗИЛЬНИК_БЛЕСТЯЩИЙ
 10
755.3736124004758
 20
14511.67712056912
 30
0.0
  0
INSERT
  5
47BD
330
17
100
AcDbEntity
  8
BUSH
100
AcDbBlockReference
  2
СНЕЖНОЯГОДНИК_ДОРЕНБОЗА
 10
755.5367453870213
 20
14507.533927903012
 30
0.0
  0
INSERT
  5
47BF
330
17
100
AcDbEntity
  8
BUSH
100
AcDbBlockReference
  2
СПИРЕЯ_GREFSHEIM
 10
754.1727156292002
 20
14507.849241746315
 30
0.0
  0
INSERT
  5
47C1
330
17
100
AcDbEntity
  8
BUSH
100
AcDbBlockReference
  2
КИЗИЛЬНИК_БЛЕСТЯЩИЙ
 10
752.8086858713789
 20
14508.164555589618
 30
0.0
  0
INSERT
  5
47C3
330
17
100
AcDbEntity
  8
BUSH
100
AcDbBlockReference
  2
СНЕЖНОЯГОДНИК_ДОРЕНБОЗА
 10
750.0810141315642
 20
14508.796839113063
 30
0.0
  0
INSERT
  5
47C5
330
17
100
AcDbEntity
  8
BUSH
100
AcDbBlockReference
  2
СПИРЕЯ_GREFSHEIM
 10
748.7188157425973
 20
14509.119973062217
 30
0.0
  0
INSERT
  5
47C7
330
17
100
AcDbEntity
  8
BUSH
100
AcDbBlockReference
  2
КИЗИЛЬНИК_БЛЕСТЯЩИЙ
 10
745.2923300738227
 20
14514.043788785535
 30
0.0
  0
INSERT
  5
47C9
330
17
100
AcDbEntity
  8
BUSH
100
AcDbBlockReference
  2
СНЕЖНОЯГОДНИК_ДОРЕНБОЗА
 10
746.6545284627896
 20
14513.72065483638
 30
0.0
  0
INSERT
  5
47CB
330
17
100
AcDbEntity
  8
BUSH
100
AcDbBlockReference
  2
СПИРЕЯ_GREFSHEIM
 10
748.0167268517565
 20
14513.397520887225
 30
0.0
  0
INSERT
  5
47CD
330
17
100
AcDbEntity
  8
BUSH
100
AcDbBlockReference
  2
КИЗИЛЬНИК_БЛЕСТЯЩИЙ
 10
749.3789252407234
 20
14513.074386938071
 30
0.0
  0
INSERT
  5
47D3
330
17
100
AcDbEntity
  8
BUSH
100
AcDbBlockReference
  2
КИЗИЛЬНИК_БЛЕСТЯЩИЙ
 10
745.4858628303607
 20
14591.983469233966
 30
0.0
  0
INSERT
  5
47D5
330
17
100
AcDbEntity
  8
BUSH
100
AcDbBlockReference
  2
СНЕЖНОЯГОДНИК_ДОРЕНБОЗА
 10
746.727196240022
 20
14592.630841897939
 30
0.0
  0
INSERT
  5
47D7
330
17
100
AcDbEntity
  8
BUSH
100
AcDbBlockReference
  2
СПИРЕЯ_GREFSHEIM
 10
747.9685296496833
 20
14593.278214561911
 30
0.0
  0
INSERT
  5
47D9
330
17
100
AcDbEntity
  8
BUSH
100
AcDbBlockReference
  2
КИЗИЛЬНИК_БЛЕСТЯЩИЙ
 10
749.2098630593446
 20
14593.925587225884
 30
0.0
  0
INSERT
  5
47DB
330
17
100
AcDbEntity
  8
BUSH
100
AcDbBlockReference
  2
СНЕЖНОЯГОДНИК_ДОРЕНБОЗА
 10
749.3686442442661
 20
14592.3526087787
 30
0.0
  0
INSERT
  5
47DD
330
17
100
AcDbEntity
  8
BUSH
100
AcDbBlockReference
  2
СПИРЕЯ_GREFSHEIM
 10
748.9925696291032
 20
14591.004065904397
 30
0.0
  0
INSERT
  5
47DF
330
17
100
AcDbEntity
  8
BUSH
100
AcDbBlockReference
  2
КИЗИЛЬНИК_БЛЕСТЯЩИЙ
 10
747.7433919738487
 20
14586.90146487277
 30
0.0
  0
INSERT
  5
47E1
330
17
100
AcDbEntity
  8
BUSH
100
AcDbBlockReference
  2
СНЕЖНОЯГОДНИК_ДОРЕНБОЗА
 10
746.9363501032458
 20
14585.763002668184
 30
0.0
  0
INSERT
  5
47E3
330
17
100
AcDbEntity
  8
BUSH
100
AcDbBlockReference
  2
СПИРЕЯ_GREFSHEIM
 10
745.8483265272071
 20
14584.890774210744
 30
0.0
  0
INSERT
  5
47E5
330
17
100
AcDbEntity
  8
BUSH
100
AcDbBlockReference
  2
КИЗИЛЬНИК_БЛЕСТЯЩИЙ
 10
744.5627158488417
 20
14584.351163467709
 30
0.0
  0
INSERT
  5
47E7
330
17
100
AcDbEntity
  8
BUSH
100
AcDbBlockReference
  2
СНЕЖНОЯГОДНИК_ДОРЕНБОЗА
 10
743.1777379603055
 20
14584.18551510679
 30
0.0
  0
INSERT
  5
47E9
330
17
100
AcDbEntity
  8
BUSH
100
AcDbBlockReference
  2
СПИРЕЯ_GREFSHEIM
 10
741.7966753450015
 20
14584.395402817476
 30
0.0
  0
INSERT
  5
47EB
330
17
100
AcDbEntity
  8
BUSH
100
AcDbBlockReference
  2
КИЗИЛЬНИК_БЛЕСТЯЩИЙ
 10
740.435188655448
 20
14584.721522418495
 30
0.0
  0
INSERT
  5
47ED
330
17
100
AcDbEntity
  8
BUSH
100
AcDbBlockReference
  2
СНЕЖНОЯГОДНИК_ДОРЕНБОЗА
 10
739.0737019658944
 20
14585.047642019514
 30
0.0
  0
INSERT
  5
47EF
330
17
100
AcDbEntity
  8
BUSH
100
AcDbBlockReference
  2
СПИРЕЯ_GREFSHEIM
 10
737.7122152763409
 20
14585.37376162053
 30
0.0
  0
INSERT
  5
47F1
330
17
100
AcDbEntity
  8
BUSH
100
AcDbBlockReference
  2
КИЗИЛЬНИК_БЛЕСТЯЩИЙ
 10
736.3507285867873
 20
14585.69988122155
 30
0.0
  0
INSERT
  5
47F3
330
17
100
AcDbEntity
  8
BUSH
100
AcDbBlockReference
  2
СНЕЖНОЯГОДНИК_ДОРЕНБОЗА
 10
734.9892418972338
 20
14586.026000822569
 30
0.0
  0
INSERT
  5
47F5
330
17
100
AcDbEntity
  8
BUSH
100
AcDbBlockReference
  2
СПИРЕЯ_GREFSHEIM
 10
733.6277552076803
 20
14586.352120423588
 30
0.0
  0
INSERT
  5
47F7
330
17
100
AcDbEntity
  8
BUSH
100
AcDbBlockReference
  2
КИЗИЛЬНИК_БЛЕСТЯЩИЙ
 10
732.2662685181267
 20
14586.678240024607
 30
0.0
  0
INSERT
  5
47F9
330
17
100
AcDbEntity
  8
BUSH
100
AcDbBlockReference
  2
СНЕЖНОЯГОДНИК_ДОРЕНБОЗА
 10
730.9047818285732
 20
14587.004359625624
 30
0.0
  0
INSERT
  5
47FB
330
17
100
AcDbEntity
  8
BUSH
100
AcDbBlockReference
  2
СПИРЕЯ_GREFSHEIM
 10
729.5432951390196
 20
14587.330479226643
 30
0.0
  0
INSERT
  5
47FD
330
17
100
AcDbEntity
  8
BUSH
100
AcDbBlockReference
  2
КИЗИЛЬНИК_БЛЕСТЯЩИЙ
 10
728.1818084494661
 20
14587.656598827662
 30
0.0
  0
INSERT
  5
47FF
330
17
100
AcDbEntity
  8
BUSH
100
AcDbBlockReference
  2
СНЕЖНОЯГОДНИК_ДОРЕНБОЗА
 10
726.8203217599125
 20
14587.98271842868
 30
0.0
  0
INSERT
  5
4801
330
17
100
AcDbEntity
  8
BUSH
100
AcDbBlockReference
  2
СПИРЕЯ_GREFSHEIM
 10
725.458835070359
 20
14588.3088380297
 30
0.0
  0
INSERT
  5
4803
330
17
100
AcDbEntity
  8
BUSH
100
AcDbBlockReference
  2
КИЗИЛЬНИК_БЛЕСТЯЩИЙ
 10
724.1125934518976
 20
14588.686664537707
 30
0.0
  0
INSERT
  5
4805
330
17
100
AcDbEntity
  8
BUSH
100
AcDbBlockReference
  2
СНЕЖНОЯГОДНИК_ДОРЕНБОЗА
 10
722.8980177877241
 20
14589.371665225872
 30
0.0
  0
INSERT
  5
4807
330
17
100
AcDbEntity
  8
BUSH
100
AcDbBlockReference
  2
СПИРЕЯ_GREFSHEIM
 10
721.919509327194
 20
14590.365532624252
 30
0.0
  0
INSERT
  5
4809
330
17
100
AcDbEntity
  8
BUSH
100
AcDbBlockReference
  2
КИЗИЛЬНИК_БЛЕСТЯЩИЙ
 10
721.2531412288508
 20
14591.591319194786
 30
0.0
  0
INSERT
  5
480B
330
17
100
AcDbEntity
  8
BUSH
100
AcDbBlockReference
  2
СНЕЖНОЯГОДНИК_ДОРЕНБОЗА
 10
720.952135875635
 20
14592.954170986492
 30
0.0
  0
INSERT
  5
480D
330
17
100
AcDbEntity
  8
BUSH
100
AcDbBlockReference
  2
СПИРЕЯ_GREFSHEIM
 10
721.0431298975311
 20
14594.346745152629
 30
0.0
  0
INSERT
  5
4811
330
17
100
AcDbEntity
  8
BUSH
100
AcDbBlockReference
  2
СНЕЖНОЯГОДНИК_ДОРЕНБОЗА
 10
725.9837920396594
 20
14592.29624479928
 30
0.0
  0
INSERT
  5
4813
330
17
100
AcDbEntity
  8
BUSH
100
AcDbBlockReference
  2
СПИРЕЯ_GREFSHEIM
 10
727.345278729213
 20
14591.97012519826
 30
0.0
  0
INSERT
  5
4815
330
17
100
AcDbEntity
  8
BUSH
100
AcDbBlockReference
  2
КИЗИЛЬНИК_БЛЕСТЯЩИЙ
 10
730.2651214431443
 20
14590.091912911688
 30
0.0
  0
INSERT
  5
4817
330
17
100
AcDbEntity
  8
BUSH
100
AcDbBlockReference
  2
СНЕЖНОЯГОДНИК_ДОРЕНБОЗА
 10
730.6834310526622
 20
14588.763722711923
 30
0.0
  0
INSERT
  5
4819
330
17
100
AcDbEntity
  8
BUSH
100
AcDbBlockReference
  2
СПИРЕЯ_GREFSHEIM
 10
736.7213889199138
 20
14587.412674007186
 30
0.0
  0
INSERT
  5
481B
330
17
100
AcDbEntity
  8
BUSH
100
AcDbBlockReference
  2
КИЗИЛЬНИК_БЛЕСТЯЩИЙ
 10
737.9627223295751
 20
14588.060046671158
 30
0.0
  0
INSERT
  5
481D
330
17
100
AcDbEntity
  8
BUSH
100
AcDbBlockReference
  2
СНЕЖНОЯГОДНИК_ДОРЕНБОЗА
 10
739.2040557392363
 20
14588.70741933513
 30
0.0
  0
INSERT
  5
4821
330
17
100
AcDbEntity
  8
BUSH
100
AcDbBlockReference
  2
КИЗИЛЬНИК_БЛЕСТЯЩИЙ
 10
723.5938680397198
 20
14602.29872537238
 30
0.0
  0
INSERT
  5
4823
330
17
100
AcDbEntity
  8
BUSH
100
AcDbBlockReference
  2
СНЕЖНОЯГОДНИК_ДОРЕНБОЗА
 10
722.2551036990128
 20
14602.700074471699
 30
0.0
  0
INSERT
  5
4825
330
17
100
AcDbEntity
  8
BUSH
100
AcDbBlockReference
  2
СПИРЕЯ_GREFSHEIM
 10
721.0642789811254
 20
14603.425675934
 30
0.0
  0
INSERT
  5
4827
330
17
100
AcDbEntity
  8
BUSH
100
AcDbBlockReference
  2
КИЗИЛЬНИК_БЛЕСТЯЩИЙ
 10
720.1198278654953
 20
14604.45137090935
 30
0.0
  0
INSERT
  5
4829
330
17
100
AcDbEntity
  8
BUSH
100
AcDbBlockReference
  2
СНЕЖНОЯГОДНИК_ДОРЕНБОЗА
 10
719.4947597820835
 20
14605.697846588002
 30
0.0
  0
INSERT
  5
482B
330
17
100
AcDbEntity
  8
BUSH
100
AcDbBlockReference
  2
СПИРЕЯ_GREFSHEIM
 10
719.237556298738
 20
14607.068805471878
 30
0.0
  0
INSERT
  5
482D
330
17
100
AcDbEntity
  8
BUSH
100
AcDbBlockReference
  2
КИЗИЛЬНИК_БЛЕСТЯЩИЙ
 10
719.368564791876
 20
14608.45828066858
 30
0.0
  0
INSERT
  5
482F
330
17
100
AcDbEntity
  8
BUSH
100
AcDbBlockReference
  2
СНЕЖНОЯГОДНИК_ДОРЕНБОЗА
 10
719.6963608227177
 20
14609.81936330525
 30
0.0
  0
INSERT
  5
4831
330
17
100
AcDbEntity
  8
BUSH
100
AcDbBlockReference
  2
СПИРЕЯ_GREFSHEIM
 10
720.024211218504
 20
14611.180434250493
 30
0.0
  0
INSERT
  5
4833
330
17
100
AcDbEntity
  8
BUSH
100
AcDbBlockReference
  2
КИЗИЛЬНИК_БЛЕСТЯЩИЙ
 10
720.3520616142903
 20
14612.541505195735
 30
0.0
  0
INSERT
  5
4835
330
17
100
AcDbEntity
  8
BUSH
100
AcDbBlockReference
  2
СНЕЖНОЯГОДНИК_ДОРЕНБОЗА
 10
720.6822448694654
 20
14613.901952956106
 30
0.0
  0
INSERT
  5
4837
330
17
100
AcDbEntity
  8
BUSH
100
AcDbBlockReference
  2
СПИРЕЯ_GREFSHEIM
 10
721.2072463494716
 20
14615.195029973655
 30
0.0
  0
INSERT
  5
4839
330
17
100
AcDbEntity
  8
BUSH
100
AcDbBlockReference
  2
КИЗИЛЬНИК_БЛЕСТЯЩИЙ
 10
722.0718591441967
 20
14616.290094504579
 30
0.0
  0
INSERT
  5
483B
330
17
100
AcDbEntity
  8
BUSH
100
AcDbBlockReference
  2
СНЕЖНОЯГОДНИК_ДОРЕНБОЗА
 10
723.2042450771165
 20
14617.104057300296
 30
0.0
  0
INSERT
  5
483D
330
17
100
AcDbEntity
  8
BUSH
100
AcDbBlockReference
  2
СПИРЕЯ_GREFSHEIM
 10
724.5168347750966
 20
14617.574318857942
 30
0.0
  0
INSERT
  5
483F
330
17
100
AcDbEntity
  8
BUSH
100
AcDbBlockReference
  2
КИЗИЛЬНИК_БЛЕСТЯЩИЙ
 10
725.9083009368708
 20
14617.6646320585
 30
0.0
  0
INSERT
  5
4841
330
17
100
AcDbEntity
  8
BUSH
100
AcDbBlockReference
  2
СНЕЖНОЯГОДНИК_ДОРЕНБОЗА
 10
727.2807876573524
 20
14617.400634811678
 30
0.0
  0
INSERT
  5
4843
330
17
100
AcDbEntity
  8
BUSH
100
AcDbBlockReference
  2
СПИРЕЯ_GREFSHEIM
 10
728.6392869692371
 20
14617.06228644149
 30
0.0
  0
INSERT
  5
4845
330
17
100
AcDbEntity
  8
BUSH
100
AcDbBlockReference
  2
КИЗИЛЬНИК_БЛЕСТЯЩИЙ
 10
729.9977862811218
 20
14616.723938071302
 30
0.0
  0
INSERT
  5
4847
330
17
100
AcDbEntity
  8
BUSH
100
AcDbBlockReference
  2
СНЕЖНОЯГОДНИК_ДОРЕНБОЗА
 10
731.3562855930063
 20
14616.385589701114
 30
0.0
  0
INSERT
  5
4849
330
17
100
AcDbEntity
  8
BUSH
100
AcDbBlockReference
  2
СПИРЕЯ_GREFSHEIM
 10
732.714784904891
 20
14616.047241330925
 30
0.0
  0
INSERT
  5
484B
330
17
100
AcDbEntity
  8
BUSH
100
AcDbBlockReference
  2
КИЗИЛЬНИК_БЛЕСТЯЩИЙ
 10
734.0732842167756
 20
14615.708892960738
 30
0.0
  0
INSERT
  5
484D
330
17
100
AcDbEntity
  8
BUSH
100
AcDbBlockReference
  2
СНЕЖНОЯГОДНИК_ДОРЕНБОЗА
 10
735.4317835286602
 20
14615.37054459055
 30
0.0
  0
INSERT
  5
484F
330
17
100
AcDbEntity
  8
BUSH
100
AcDbBlockReference
  2
СПИРЕЯ_GREFSHEIM
 10
736.7824143201184
 20
14615.646040439435
 30
0.0
  0
INSERT
  5
4851
330
17
100
AcDbEntity
  8
BUSH
100
AcDbBlockReference
  2
КИЗИЛЬНИК_БЛЕСТЯЩИЙ
 10
738.1765385348174
 20
14615.698175265476
 30
0.0
  0
INSERT
  5
4853
330
17
100
AcDbEntity
  8
BUSH
100
AcDbBlockReference
  2
СНЕЖНОЯГОДНИК_ДОРЕНБОЗА
 10
739.5473717702516
 20
14615.421831265678
 30
0.0
  0
INSERT
  5
485B
330
17
100
AcDbEntity
  8
BUSH
100
AcDbBlockReference
  2
СПИРЕЯ_GREFSHEIM
 10
736.2204391100053
 20
14611.328510208446
 30
0.0
  0
INSERT
  5
485D
330
17
100
AcDbEntity
  8
BUSH
100
AcDbBlockReference
  2
КИЗИЛЬНИК_БЛЕСТЯЩИЙ
 10
734.8684207230986
 20
14611.388660267465
 30
0.0
  0
INSERT
  5
485F
330
17
100
AcDbEntity
  8
BUSH
100
AcDbBlockReference
  2
СНЕЖНОЯГОДНИК_ДОРЕНБОЗА
 10
732.1514220993295
 20
14612.065357007841
 30
0.0
  0
INSERT
  5
4861
330
17
100
AcDbEntity
  8
BUSH
100
AcDbBlockReference
  2
СПИРЕЯ_GREFSHEIM
 10
728.0759241636757
 20
14613.080402118407
 30
0.0
  0
INSERT
  5
4863
330
17
100
AcDbEntity
  8
BUSH
100
AcDbBlockReference
  2
КИЗИЛЬНИК_БЛЕСТЯЩИЙ
 10
725.3497618228166
 20
14613.666765150669
 30
0.0
  0
INSERT
  5
4865
330
17
100
AcDbEntity
  8
BUSH
100
AcDbBlockReference
  2
СНЕЖНОЯГОДНИК_ДОРЕНБОЗА
 10
724.9770025455168
 20
14605.368807651272
 30
0.0
  0
INSERT
  5
4869
330
17
100
AcDbEntity
  8
BUSH
100
AcDbBlockReference
  2
КИЗИЛЬНИК_БЛЕСТЯЩИЙ
 10
727.7248960979286
 20
14602.067623803865
 30
0.0
  0
INSERT
  5
486B
330
17
100
AcDbEntity
  8
BUSH
100
AcDbBlockReference
  2
СНЕЖНОЯГОДНИК_ДОРЕНБОЗА
 10
724.8906558811481
 20
14596.135961219265
 30
0.0
  0
INSERT
  5
486D
330
17
100
AcDbEntity
  8
BUSH
100
AcDbBlockReference
  2
СПИРЕЯ_GREFSHEIM
 10
722.1710943820059
 20
14596.802283402883
 30
0.0
  0
INSERT
  5
486F
330
17
100
AcDbEntity
  8
BUSH
100
AcDbBlockReference
  2
КИЗИЛЬНИК_БЛЕСТЯЩИЙ
 10
722.5917748332403
 20
14599.217133426615
 30
0.0
  0
INSERT
  5
4871
330
17
100
AcDbEntity
  8
BUSH
100
AcDbBlockReference
  2
СНЕЖНОЯГОДНИК_ДОРЕНБОЗА
 10
723.0247203410753
 20
14600.548507974685
 30
0.0
  0
INSERT
  5
4873
330
17
100
AcDbEntity
  8
BUSH
100
AcDbBlockReference
  2
СПИРЕЯ_GREFSHEIM
 10
750.1273524214489
 20
14612.893017258939
 30
0.0
  0
INSERT
  5
4875
330
17
100
AcDbEntity
  8
BUSH
100
AcDbBlockReference
  2
КИЗИЛЬНИК_БЛЕСТЯЩИЙ
 10
745.2426561487608
 20
14609.947878327634
 30
0.0
  0
INSERT
  5
4877
330
17
100
AcDbEntity
  8
BUSH
100
AcDbBlockReference
  2
СНЕЖНОЯГОДНИК_ДОРЕНБОЗА
 10
743.8810113167784
 20
14610.273337006325
 30
0.0
  0
INSERT
  5
4879
330
17
100
AcDbEntity
  8
BUSH
100
AcDbBlockReference
  2
СПИРЕЯ_GREFSHEIM
 10
742.6657779050742
 20
14612.175732792708
 30
0.0
  0
INSERT
  5
487B
330
17
100
AcDbEntity
  8
BUSH
100
AcDbBlockReference
  2
КИЗИЛЬНИК_БЛЕСТЯЩИЙ
 10
742.8003115899058
 20
14614.644317577306
 30
0.0
  0
INSERT
  5
487D
330
17
100
AcDbEntity
  8
BUSH
100
AcDbBlockReference
  2
СНЕЖНОЯГОДНИК_ДОРЕНБОЗА
 10
744.1619564218882
 20
14614.318858898614
 30
0.0
  0
INSERT
  5
487F
330
17
100
AcDbEntity
  8
BUSH
100
AcDbBlockReference
  2
СПИРЕЯ_GREFSHEIM
 10
745.5236012538707
 20
14613.993400219922
 30
0.0
  0
INSERT
  5
4881
330
17
100
AcDbEntity
  8
BUSH
100
AcDbBlockReference
  2
КИЗИЛЬНИК_БЛЕСТЯЩИЙ
 10
746.885246085853
 20
14613.66794154123
 30
0.0
  0
INSERT
  5
4883
330
17
100
AcDbEntity
  8
BUSH
100
AcDbBlockReference
  2
СНЕЖНОЯГОДНИК_ДОРЕНБОЗА
 10
748.2468909178355
 20
14613.34248286254
 30
0.0
  0
INSERT
  5
4885
330
17
100
AcDbEntity
  8
BUSH
100
AcDbBlockReference
  2
СПИРЕЯ_GREFSHEIM
 10
751.0497333980134
 20
14710.237460901868
 30
0.0
  0
INSERT
  5
4887
330
17
100
AcDbEntity
  8
BUSH
100
AcDbBlockReference
  2
КИЗИЛЬНИК_БЛЕСТЯЩИЙ
 10
751.005542967056
 20
14711.539304848558
 30
0.0
  0
INSERT
  5
4889
330
17
100
AcDbEntity
  8
BUSH
100
AcDbBlockReference
  2
СНЕЖНОЯГОДНИК_ДОРЕНБОЗА
 10
750.9816233720396
 20
14712.938362004052
 30
0.0
  0
INSERT
  5
488B
330
17
100
AcDbEntity
  8
BUSH
100
AcDbBlockReference
  2
СПИРЕЯ_GREFSHEIM
 10
750.9426805878564
 20
14714.337817540378
 30
0.0
  0
INSERT
  5
488D
330
17
100
AcDbEntity
  8
BUSH
100
AcDbBlockReference
  2
КИЗИЛЬНИК_БЛЕСТЯЩИЙ
 10
754.9884333021824
 20
14712.784677130918
 30
0.0
  0
INSERT
  5
488F
330
17
100
AcDbEntity
  8
BUSH
100
AcDbBlockReference
  2
СНЕЖНОЯГОДНИК_ДОРЕНБОЗА
 10
755.0128429279799
 20
14711.386619015442
 30
0.0
  0
INSERT
  5
4891
330
17
100
AcDbEntity
  8
BUSH
100
AcDbBlockReference
  2
СПИРЕЯ_GREFSHEIM
 10
755.0575457729142
 20
14709.987559144964
 30
0.0
  0
INSERT
  5
4893
330
17
100
AcDbEntity
  8
BUSH
100
AcDbBlockReference
  2
КИЗИЛЬНИК_БЛЕСТЯЩИЙ
 10
755.093787778138
 20
14708.588028324633
 30
0.0
  0
INSERT
  5
4895
330
17
100
AcDbEntity
  8
BUSH
100
AcDbBlockReference
  2
СНЕЖНОЯГОДНИК_ДОРЕНБОЗА
 10
755.1300297833618
 20
14707.188497504301
 30
0.0
  0
INSERT
  5
4897
330
17
100
AcDbEntity
  8
BUSH
100
AcDbBlockReference
  2
СПИРЕЯ_GREFSHEIM
 10
755.2387557990331
 20
14702.989905043307
 30
0.0
  0
INSERT
  5
4899
330
17
100
AcDbEntity
  8
BUSH
100
AcDbBlockReference
  2
КИЗИЛЬНИК_БЛЕСТЯЩИЙ
 10
755.2749978042569
 20
14701.590374222977
 30
0.0
  0
INSERT
  5
489B
330
17
100
AcDbEntity
  8
BUSH
100
AcDbBlockReference
  2
СНЕЖНОЯГОДНИК_ДОРЕНБОЗА
 10
755.3112398094808
 20
14700.190843402645
 30
0.0
  0
INSERT
  5
489D
330
17
100
AcDbEntity
  8
BUSH
100
AcDbBlockReference
  2
СПИРЕЯ_GREFSHEIM
 10
755.4199658251521
 20
14695.99225094165
 30
0.0
  0
INSERT
  5
489F
330
17
100
AcDbEntity
  8
BUSH
100
AcDbBlockReference
  2
КИЗИЛЬНИК_БЛЕСТЯЩИЙ
 10
755.4562078303759
 20
14694.59272012132
 30
0.0
  0
INSERT
  5
48A1
330
17
100
AcDbEntity
  8
BUSH
100
AcDbBlockReference
  2
СНЕЖНОЯГОДНИК_ДОРЕНБОЗА
 10
755.5286861813781
 20
14691.793658334162
 30
0.0
  0
INSERT
  5
48AF
330
17
100
AcDbEntity
  8
BUSH
100
AcDbBlockReference
  2
СПИРЕЯ_GREFSHEIM
 10
751.388756426396
 20
14700.558384503714
 30
0.0
  0
INSERT
  5
48B1
330
17
100
AcDbEntity
  8
BUSH
100
AcDbBlockReference
  2
КИЗИЛЬНИК_БЛЕСТЯЩИЙ
 10
751.3236402038066
 20
14701.956869354386
 30
0.0
  0
INSERT
  5
48B3
330
17
100
AcDbEntity
  8
BUSH
100
AcDbBlockReference
  2
СНЕЖНОЯГОДНИК_ДОРЕНБОЗА
 10
751.2585239812172
 20
14703.355354205056
 30
0.0
  0
INSERT
  5
48B5
330
17
100
AcDbEntity
  8
BUSH
100
AcDbBlockReference
  2
СПИРЕЯ_GREFSHEIM
 10
751.1934077586278
 20
14704.753839055727
 30
0.0
  0
INSERT
  5
48B7
330
17
100
AcDbEntity
  8
BUSH
100
AcDbBlockReference
  2
КИЗИЛЬНИК_БЛЕСТЯЩИЙ
 10
751.1554958710342
 20
14706.153309384505
 30
0.0
  0
INSERT
  5
48B9
330
17
100
AcDbEntity
  8
BUSH
100
AcDbBlockReference
  2
СНЕЖНОЯГОДНИК_ДОРЕНБОЗА
 10
751.1192538658104
 20
14707.552840204835
 30
0.0
  0
INSERT
  5
48BB
330
17
100
AcDbEntity
  8
BUSH
100
AcDbBlockReference
  2
СПИРЕЯ_GREFSHEIM
 10
750.7158698233816
 20
14721.973677035718
 30
0.0
  0
INSERT
  5
48BD
330
17
100
AcDbEntity
  8
BUSH
100
AcDbBlockReference
  2
КИЗИЛЬНИК_БЛЕСТЯЩИЙ
 10
750.7113371916021
 20
14723.1471633998
 30
0.0
  0
INSERT
  5
48BF
330
17
100
AcDbEntity
  8
BUSH
100
AcDbBlockReference
  2
СНЕЖНОЯГОДНИК_ДОРЕНБОЗА
 10
750.680024004231
 20
14724.546813171813
 30
0.0
  0
INSERT
  5
48C1
330
17
100
AcDbEntity
  8
BUSH
100
AcDbBlockReference
  2
СПИРЕЯ_GREFSHEIM
 10
750.6487108168599
 20
14725.946462943826
 30
0.0
  0
INSERT
  5
48C3
330
17
100
AcDbEntity
  8
BUSH
100
AcDbBlockReference
  2
КИЗИЛЬНИК_БЛЕСТЯЩИЙ
 10
750.6173976294889
 20
14727.346112715839
 30
0.0
  0
INSERT
  5
48C5
330
17
100
AcDbEntity
  8
BUSH
100
AcDbBlockReference
  2
СНЕЖНОЯГОДНИК_ДОРЕНБОЗА
 10
750.5860844421178
 20
14728.745762487853
 30
0.0
  0
INSERT
  5
48C7
330
17
100
AcDbEntity
  8
BUSH
100
AcDbBlockReference
  2
СПИРЕЯ_GREFSHEIM
 10
750.5547712547467
 20
14730.145412259866
 30
0.0
  0
INSERT
  5
48C9
330
17
100
AcDbEntity
  8
BUSH
100
AcDbBlockReference
  2
КИЗИЛЬНИК_БЛЕСТЯЩИЙ
 10
750.5234580673756
 20
14731.545062031879
 30
0.0
  0
INSERT
  5
48CB
330
17
100
AcDbEntity
  8
BUSH
100
AcDbBlockReference
  2
СНЕЖНОЯГОДНИК_ДОРЕНБОЗА
 10
750.4921448800046
 20
14732.944711803893
 30
0.0
  0
INSERT
  5
48CD
330
17
100
AcDbEntity
  8
BUSH
100
AcDbBlockReference
  2
СПИРЕЯ_GREFSHEIM
 10
750.4608316926335
 20
14734.344361575906
 30
0.0
  0
INSERT
  5
48CF
330
17
100
AcDbEntity
  8
BUSH
100
AcDbBlockReference
  2
КИЗИЛЬНИК_БЛЕСТЯЩИЙ
 10
750.4295185052624
 20
14735.744011347919
 30
0.0
  0
INSERT
  5
48D1
330
17
100
AcDbEntity
  8
BUSH
100
AcDbBlockReference
  2
СНЕЖНОЯГОДНИК_ДОРЕНБОЗА
 10
750.3982053178914
 20
14737.143661119931
 30
0.0
  0
INSERT
  5
48D3
330
17
100
AcDbEntity
  8
BUSH
100
AcDbBlockReference
  2
СПИРЕЯ_GREFSHEIM
 10
750.3668921305203
 20
14738.543310891946
 30
0.0
  0
INSERT
  5
48D5
330
17
100
AcDbEntity
  8
BUSH
100
AcDbBlockReference
  2
КИЗИЛЬНИК_БЛЕСТЯЩИЙ
 10
750.3355789431492
 20
14739.942960663959
 30
0.0
  0
INSERT
  5
48D7
330
17
100
AcDbEntity
  8
BUSH
100
AcDbBlockReference
  2
СНЕЖНОЯГОДНИК_ДОРЕНБОЗА
 10
750.3042657557781
 20
14741.342610435971
 30
0.0
  0
INSERT
  5
48D9
330
17
100
AcDbEntity
  8
BUSH
100
AcDbBlockReference
  2
СПИРЕЯ_GREFSHEIM
 10
750.2729525684072
 20
14742.742260207986
 30
0.0
  0
INSERT
  5
48DB
330
17
100
AcDbEntity
  8
BUSH
100
AcDbBlockReference
  2
КИЗИЛЬНИК_БЛЕСТЯЩИЙ
 10
749.9179337485042
 20
14743.820795489615
 30
0.0
  0
INSERT
  5
48DD
330
17
100
AcDbEntity
  8
BUSH
100
AcDbBlockReference
  2
СНЕЖНОЯГОДНИК_ДОРЕНБОЗА
 10
749.3331798502916
 20
14746.15098755524
 30
0.0
  0
INSERT
  5
48E1
330
17
100
AcDbEntity
  8
BUSH
100
AcDbBlockReference
  2
КИЗИЛЬНИК_БЛЕСТЯЩИЙ
 10
754.1349458059234
 20
14746.034274977414
 30
0.0
  0
INSERT
  5
48E3
330
17
100
AcDbEntity
  8
BUSH
100
AcDbBlockReference
  2
СНЕЖНОЯГОДНИК_ДОРЕНБОЗА
 10
754.2314434609591
 20
14744.642390144236
 30
0.0
  0
INSERT
  5
48E5
330
17
100
AcDbEntity
  8
BUSH
100
AcDbBlockReference
  2
СПИРЕЯ_GREFSHEIM
 10
754.3253830230723
 20
14740.443440828196
 30
0.0
  0
INSERT
  5
48E7
330
17
100
AcDbEntity
  8
BUSH
100
AcDbBlockReference
  2
КИЗИЛЬНИК_БЛЕСТЯЩИЙ
 10
754.3566962104434
 20
14739.043791056183
 30
0.0
  0
INSERT
  5
48E9
330
17
100
AcDbEntity
  8
BUSH
100
AcDbBlockReference
  2
СНЕЖНОЯГОДНИК_ДОРЕНБОЗА
 10
754.4819489599276
 20
14733.44519196813
 30
0.0
  0
INSERT
  5
48EB
330
17
100
AcDbEntity
  8
BUSH
100
AcDbBlockReference
  2
СПИРЕЯ_GREFSHEIM
 10
754.6072017094119
 20
14727.846592880078
 30
0.0
  0
INSERT
  5
48ED
330
17
100
AcDbEntity
  8
BUSH
100
AcDbBlockReference
  2
КИЗИЛЬНИК_БЛЕСТЯЩИЙ
 10
754.638514896783
 20
14726.446943108063
 30
0.0
  0
INSERT
  5
48EF
330
17
100
AcDbEntity
  8
BUSH
100
AcDbBlockReference
  2
СНЕЖНОЯГОДНИК_ДОРЕНБОЗА
 10
754.6698280841541
 20
14725.04729333605
 30
0.0
  0
INSERT
  5
48F1
330
17
100
AcDbEntity
  8
BUSH
100
AcDbBlockReference
  2
СПИРЕЯ_GREFSHEIM
 10
754.7178932428529
 20
14722.248240687979
 30
0.0
  0
INSERT
  5
48F3
330
17
100
AcDbEntity
  8
BUSH
100
AcDbBlockReference
  2
КИЗИЛЬНИК_БЛЕСТЯЩИЙ
 10
754.7571866073979
 20
14720.8490957463
 30
0.0
  0
INSERT
  5
48F5
330
17
100
AcDbEntity
  8
BUSH
100
AcDbBlockReference
  2
СНЕЖНОЯГОДНИК_ДОРЕНБОЗА
 10
753.0410025583448
 20
14719.918058325979
 30
0.0
  0
INSERT
  5
48F9
330
17
100
AcDbEntity
  8
BUSH
100
AcDbBlockReference
  2
КИЗИЛЬНИК_БЛЕСТЯЩИЙ
 10
737.305065180538
 20
14745.530237285386
 30
0.0
  0
INSERT
  5
48FB
330
17
100
AcDbEntity
  8
BUSH
100
AcDbBlockReference
  2
СНЕЖНОЯГОДНИК_ДОРЕНБОЗА
 10
738.7013327632077
 20
14745.632398127129
 30
0.0
  0
INSERT
  5
48FD
330
17
100
AcDbEntity
  8
BUSH
100
AcDbBlockReference
  2
СПИРЕЯ_GREFSHEIM
 10
742.8901355112167
 20
14745.93888065236
 30
0.0
  0
INSERT
  5
48FF
330
17
100
AcDbEntity
  8
BUSH
100
AcDbBlockReference
  2
КИЗИЛЬНИК_БЛЕСТЯЩИЙ
 10
746.1234995525394
 20
14745.170615946088
 30
0.0
  0
INSERT
  5
4901
330
17
100
AcDbEntity
  8
BUSH
100
AcDbBlockReference
  2
СНЕЖНОЯГОДНИК_ДОРЕНБОЗА
 10
746.0157473208982
 20
14743.939478726394
 30
0.0
  0
INSERT
  5
4903
330
17
100
AcDbEntity
  8
BUSH
100
AcDbBlockReference
  2
СПИРЕЯ_GREFSHEIM
 10
744.6163944033127
 20
14743.982039413007
 30
0.0
  0
INSERT
  5
4905
330
17
100
AcDbEntity
  8
BUSH
100
AcDbBlockReference
  2
КИЗИЛЬНИК_БЛЕСТЯЩИЙ
 10
743.2170414857271
 20
14744.02460009962
 30
0.0
  0
INSERT
  5
4907
330
17
100
AcDbEntity
  8
BUSH
100
AcDbBlockReference
  2
СНЕЖНОЯГОДНИК_ДОРЕНБОЗА
 10
741.8176885681416
 20
14744.067160786231
 30
0.0
  0
INSERT
  5
4909
330
17
100
AcDbEntity
  8
BUSH
100
AcDbBlockReference
  2
СПИРЕЯ_GREFSHEIM
 10
740.4183356505562
 20
14744.109721472843
 30
0.0
  0
INSERT
  5
490B
330
17
100
AcDbEntity
  8
BUSH
100
AcDbBlockReference
  2
КИЗИЛЬНИК_БЛЕСТЯЩИЙ
 10
739.0189827329706
 20
14744.152282159455
 30
0.0
  0
INSERT
  5
490D
330
17
100
AcDbEntity
  8
BUSH
100
AcDbBlockReference
  2
СНЕЖНОЯГОДНИК_ДОРЕНБОЗА
 10
733.3744374848176
 20
14744.323958452374
 30
0.0
  0
INSERT
  5
490F
330
17
100
AcDbEntity
  8
BUSH
100
AcDbBlockReference
  2
СПИРЕЯ_GREFSHEIM
 10
731.9757765796741
 20
14744.304035744412
 30
0.0
  0
INSERT
  5
4911
330
17
100
AcDbEntity
  8
BUSH
100
AcDbBlockReference
  2
КИЗИЛЬНИК_БЛЕСТЯЩИЙ
 10
730.5777095214182
 20
14744.23049323548
 30
0.0
  0
INSERT
  5
4913
330
17
100
AcDbEntity
  8
BUSH
100
AcDbBlockReference
  2
СНЕЖНОЯГОДНИК_ДОРЕНБОЗА
 10
729.1796424631625
 20
14744.156950726549
 30
0.0
  0
INSERT
  5
4915
330
17
100
AcDbEntity
  8
BUSH
100
AcDbBlockReference
  2
СПИРЕЯ_GREFSHEIM
 10
727.7815754049067
 20
14744.083408217615
 30
0.0
  0
INSERT
  5
4917
330
17
100
AcDbEntity
  8
BUSH
100
AcDbBlockReference
  2
КИЗИЛЬНИК_БЛЕСТЯЩИЙ
 10
726.3835083466508
 20
14744.009865708684
 30
0.0
  0
INSERT
  5
4919
330
17
100
AcDbEntity
  8
BUSH
100
AcDbBlockReference
  2
СНЕЖНОЯГОДНИК_ДОРЕНБОЗА
 10
724.9854412883951
 20
14743.936323199752
 30
0.0
  0
INSERT
  5
491B
330
17
100
AcDbEntity
  8
BUSH
100
AcDbBlockReference
  2
СПИРЕЯ_GREFSHEIM
 10
723.5888947234787
 20
14743.841171551418
 30
0.0
  0
INSERT
  5
491D
330
17
100
AcDbEntity
  8
BUSH
100
AcDbBlockReference
  2
КИЗИЛЬНИК_БЛЕСТЯЩИЙ
 10
722.1943047401285
 20
14743.718213109905
 30
0.0
  0
INSERT
  5
491F
330
17
100
AcDbEntity
  8
BUSH
100
AcDbBlockReference
  2
СНЕЖНОЯГОДНИК_ДОРЕНБОЗА
 10
720.7997147567783
 20
14743.595254668391
 30
0.0
  0
INSERT
  5
4921
330
17
100
AcDbEntity
  8
BUSH
100
AcDbBlockReference
  2
СПИРЕЯ_GREFSHEIM
 10
719.4051247734282
 20
14743.472296226879
 30
0.0
  0
INSERT
  5
4923
330
17
100
AcDbEntity
  8
BUSH
100
AcDbBlockReference
  2
КИЗИЛЬНИК_БЛЕСТЯЩИЙ
 10
715.7871458026025
 20
14743.12988427935
 30
0.0
  0
INSERT
  5
4925
330
17
100
AcDbEntity
  8
BUSH
100
AcDbBlockReference
  2
СНЕЖНОЯГОДНИК_ДОРЕНБОЗА
 10
714.3576609819446
 20
14741.400699580612
 30
0.0
  0
INSERT
  5
492B
330
17
100
AcDbEntity
  8
BUSH
100
AcDbBlockReference
  2
СНЕЖНОЯГОДНИК_ДОРЕНБОЗА
 10
712.1038382551038
 20
14733.487761293369
 30
0.0
  0
INSERT
  5
492D
330
17
100
AcDbEntity
  8
BUSH
100
AcDbBlockReference
  2
СПИРЕЯ_GREFSHEIM
 10
710.7585410331568
 20
14733.118097110239
 30
0.0
  0
INSERT
  5
492F
330
17
100
AcDbEntity
  8
BUSH
100
AcDbBlockReference
  2
КИЗИЛЬНИК_БЛЕСТЯЩИЙ
 10
709.3629720161653
 20
14733.135481092839
 30
0.0
  0
INSERT
  5
4931
330
17
100
AcDbEntity
  8
BUSH
100
AcDbBlockReference
  2
СНЕЖНОЯГОДНИК_ДОРЕНБОЗА
 10
708.0020267598311
 20
14733.461740347859
 30
0.0
  0
INSERT
  5
4933
330
17
100
AcDbEntity
  8
BUSH
100
AcDbBlockReference
  2
СПИРЕЯ_GREFSHEIM
 10
706.6468504615385
 20
14733.813162032657
 30
0.0
  0
INSERT
  5
4935
330
17
100
AcDbEntity
  8
BUSH
100
AcDbBlockReference
  2
КИЗИЛЬНИК_БЛЕСТЯЩИЙ
 10
705.2916741632461
 20
14734.164583717455
 30
0.0
  0
INSERT
  5
4937
330
17
100
AcDbEntity
  8
BUSH
100
AcDbBlockReference
  2
СНЕЖНОЯГОДНИК_ДОРЕНБОЗА
 10
703.9364978649536
 20
14734.516005402253
 30
0.0
  0
INSERT
  5
493B
330
17
100
AcDbEntity
  8
BUSH
100
AcDbBlockReference
  2
КИЗИЛЬНИК_БЛЕСТЯЩИЙ
 10
709.9889318686666
 20
14737.086351534936
 30
0.0
  0
INSERT
  5
493D
330
17
100
AcDbEntity
  8
BUSH
100
AcDbBlockReference
  2
СНЕЖНОЯГОДНИК_ДОРЕНБОЗА
 10
712.187478287465
 20
14741.823294931968
 30
0.0
  0
INSERT
  5
494B
330
17
100
AcDbEntity
  8
BUSH
100
AcDbBlockReference
  2
СПИРЕЯ_GREFSHEIM
 10
731.5049069175597
 20
14925.933496659727
 30
0.0
  0
INSERT
  5
494D
330
17
100
AcDbEntity
  8
BUSH
100
AcDbBlockReference
  2
КИЗИЛЬНИК_БЛЕСТЯЩИЙ
 10
718.2734903309195
 20
14934.562531882037
 30
0.0
  0
INSERT
  5
4953
330
17
100
AcDbEntity
  8
BUSH
100
AcDbBlockReference
  2
КИЗИЛЬНИК_БЛЕСТЯЩИЙ
 10
717.7432166409092
 20
14924.549801217998
 30
0.0
  0
INSERT
  5
495B
330
17
100
AcDbEntity
  8
BUSH
100
AcDbBlockReference
  2
СНЕЖНОЯГОДНИК_ДОРЕНБОЗА
 10
725.0186047445039
 20
14747.943598023005
 30
0.0
  0
INSERT
  5
495D
330
17
100
AcDbEntity
  8
BUSH
100
AcDbBlockReference
  2
СПИРЕЯ_GREFSHEIM
 10
727.8147388610155
 20
14748.09068304087
 30
0.0
  0
INSERT
  5
495F
330
17
100
AcDbEntity
  8
BUSH
100
AcDbBlockReference
  2
КИЗИЛЬНИК_БЛЕСТЯЩИЙ
 10
729.2128059192713
 20
14748.1642255498
 30
0.0
  0
INSERT
  5
4961
330
17
100
AcDbEntity
  8
BUSH
100
AcDbBlockReference
  2
СНЕЖНОЯГОДНИК_ДОРЕНБОЗА
 10
731.9295932015646
 20
14747.79234227371
 30
0.0
  0
INSERT
  5
4965
330
17
100
AcDbEntity
  8
BUSH
100
AcDbBlockReference
  2
КИЗИЛЬНИК_БЛЕСТЯЩИЙ
 10
730.9528743317277
 20
14747.092552865579
 30
0.0
  0
INSERT
  5
4967
330
17
100
AcDbEntity
  8
BUSH
100
AcDbBlockReference
  2
СНЕЖНОЯГОДНИК_ДОРЕНБОЗА
 10
729.5543428893485
 20
14747.028445107258
 30
0.0
  0
INSERT
  5
4969
330
17
100
AcDbEntity
  8
BUSH
100
AcDbBlockReference
  2
СПИРЕЯ_GREFSHEIM
 10
725.3587485622111
 20
14746.836121832295
 30
0.0
  0
INSERT
  5
496B
330
17
100
AcDbEntity
  8
BUSH
100
AcDbBlockReference
  2
КИЗИЛЬНИК_БЛЕСТЯЩИЙ
 10
723.960217119832
 20
14746.772014073975
 30
0.0
  0
INSERT
  5
496D
330
17
100
AcDbEntity
  8
BUSH
100
AcDbBlockReference
  2
СНЕЖНОЯГОДНИК_ДОРЕНБОЗА
 10
721.163021449779
 20
14746.646740441733
 30
0.0
  0
INSERT
  5
496F
330
17
100
AcDbEntity
  8
BUSH
100
AcDbBlockReference
  2
СПИРЕЯ_GREFSHEIM
 10
718.3657813689891
 20
14746.522450738124
 30
0.0
  0
INSERT
  5
4971
330
17
100
AcDbEntity
  8
BUSH
100
AcDbBlockReference
  2
КИЗИЛЬНИК_БЛЕСТЯЩИЙ
 10
715.5685412881993
 20
14746.398161034516
 30
0.0
  0
INSERT
  5
4979
330
17
100
AcDbEntity
  8
BUSH
100
AcDbBlockReference
  2
СНЕЖНОЯГОДНИК_ДОРЕНБОЗА
 10
754.741621805002
 20
14647.947968323484
 30
0.0
  0
INSERT
  5
499D
330
17
100
AcDbEntity
  8
BUSH
100
AcDbBlockReference
  2
СНЕЖНОЯГОДНИК_ДОРЕНБОЗА
 10
755.6835626664658
 20
14685.807938386724
 30
0.0
  0
INSERT
  5
499F
330
17
100
AcDbEntity
  8
BUSH
100
AcDbBlockReference
  2
СПИРЕЯ_GREFSHEIM
 10
755.7197746069938
 20
14684.408406788167
 30
0.0
  0
INSERT
  5
49A1
330
17
100
AcDbEntity
  8
BUSH
100
AcDbBlockReference
  2
КИЗИЛЬНИК_БЛЕСТЯЩИЙ
 10
755.7559865475218
 20
14683.008875189607
 30
0.0
  0
INSERT
  5
49A3
330
17
100
AcDbEntity
  8
BUSH
100
AcDbBlockReference
  2
СНЕЖНОЯГОДНИК_ДОРЕНБОЗА
 10
755.8284104285779
 20
14680.20981199249
 30
0.0
  0
INSERT
  5
49A5
330
17
100
AcDbEntity
  8
BUSH
100
AcDbBlockReference
  2
СПИРЕЯ_GREFSHEIM
 10
756.0094701312178
 20
14673.212153999699
 30
0.0
  0
INSERT
  5
49A7
330
17
100
AcDbEntity
  8
BUSH
100
AcDbBlockReference
  2
КИЗИЛЬНИК_БЛЕСТЯЩИЙ
 10
756.0456820717458
 20
14671.812622401141
 30
0.0
  0
INSERT
  5
49A9
330
17
100
AcDbEntity
  8
BUSH
100
AcDbBlockReference
  2
СНЕЖНОЯГОДНИК_ДОРЕНБОЗА
 10
756.0818940122738
 20
14670.413090802584
 30
0.0
  0
INSERT
  5
49AB
330
17
100
AcDbEntity
  8
BUSH
100
AcDbBlockReference
  2
СПИРЕЯ_GREFSHEIM
 10
756.1181059528018
 20
14669.013559204024
 30
0.0
  0
INSERT
  5
49AD
330
17
100
AcDbEntity
  8
BUSH
100
AcDbBlockReference
  2
КИЗИЛЬНИК_БЛЕСТЯЩИЙ
 10
756.1905298338578
 20
14666.214496006907
 30
0.0
  0
INSERT
  5
49AF
330
17
100
AcDbEntity
  8
BUSH
100
AcDbBlockReference
  2
СНЕЖНОЯГОДНИК_ДОРЕНБОЗА
 10
756.3353775959697
 20
14660.616369612675
 30
0.0
  0
INSERT
  5
49B1
330
17
100
AcDbEntity
  8
BUSH
100
AcDbBlockReference
  2
СПИРЕЯ_GREFSHEIM
 10
756.3715895364977
 20
14659.216838014116
 30
0.0
  0
INSERT
  5
49B3
330
17
100
AcDbEntity
  8
BUSH
100
AcDbBlockReference
  2
КИЗИЛЬНИК_БЛЕСТЯЩИЙ
 10
756.4078014770257
 20
14657.817306415558
 30
0.0
  0
INSERT
  5
49B5
330
17
100
AcDbEntity
  8
BUSH
100
AcDbBlockReference
  2
СНЕЖНОЯГОДНИК_ДОРЕНБОЗА
 10
756.4440134175537
 20
14656.417774817
 30
0.0
  0
INSERT
  5
49B7
330
17
100
AcDbEntity
  8
BUSH
100
AcDbBlockReference
  2
СПИРЕЯ_GREFSHEIM
 10
756.4802253580817
 20
14655.018243218441
 30
0.0
  0
INSERT
  5
49B9
330
17
100
AcDbEntity
  8
BUSH
100
AcDbBlockReference
  2
КИЗИЛЬНИК_БЛЕСТЯЩИЙ
 10
756.5526492391377
 20
14652.219180021324
 30
0.0
  0
INSERT
  5
49BB
330
17
100
AcDbEntity
  8
BUSH
100
AcDbBlockReference
  2
СНЕЖНОЯГОДНИК_ДОРЕНБОЗА
 10
758.0555127036957
 20
14584.286847671423
 30
0.0
  0
INSERT
  5
49BD
330
17
100
AcDbEntity
  8
BUSH
100
AcDbBlockReference
  2
СПИРЕЯ_GREFSHEIM
 10
757.9359942415749
 20
14588.4813125178
 30
0.0
  0
INSERT
  5
49BF
330
17
100
AcDbEntity
  8
BUSH
100
AcDbBlockReference
  2
КИЗИЛЬНИК_БЛЕСТЯЩИЙ
 10
757.8135896785478
 20
14591.278635724537
 30
0.0
  0
INSERT
  5
49C1
330
17
100
AcDbEntity
  8
BUSH
100
AcDbBlockReference
  2
СНЕЖНОЯГОДНИК_ДОРЕНБОЗА
 10
758.0787512734785
 20
14589.681462507611
 30
0.0
  0
INSERT
  5
49C3
330
17
100
AcDbEntity
  8
BUSH
100
AcDbBlockReference
  2
СПИРЕЯ_GREFSHEIM
 10
758.1445515138055
 20
14586.882235770034
 30
0.0
  0
INSERT
  5
49C5
330
17
100
AcDbEntity
  8
BUSH
100
AcDbBlockReference
  2
КИЗИЛЬНИК_БЛЕСТЯЩИЙ
 10
758.177451633969
 20
14585.482622401243
 30
0.0
  0
INSERT
  5
49C7
330
17
100
AcDbEntity
  8
BUSH
100
AcDbBlockReference
  2
СНЕЖНОЯГОДНИК_ДОРЕНБОЗА
 10
758.4612290319017
 20
14554.904297486386
 30
0.0
  0
INSERT
  5
49C9
330
17
100
AcDbEntity
  8
BUSH
100
AcDbBlockReference
  2
СПИРЕЯ_GREFSHEIM
 10
758.4123559406833
 20
14556.303444162384
 30
0.0
  0
INSERT
  5
49CB
330
17
100
AcDbEntity
  8
BUSH
100
AcDbBlockReference
  2
КИЗИЛЬНИК_БЛЕСТЯЩИЙ
 10
758.3634828494648
 20
14557.702590838382
 30
0.0
  0
INSERT
  5
49D5
330
17
100
AcDbEntity
  8
BUSH
100
AcDbBlockReference
  2
СПИРЕЯ_GREFSHEIM
 10
758.4011206046438
 20
14575.967457107497
 30
0.0
  0
INSERT
  5
49D7
330
17
100
AcDbEntity
  8
BUSH
100
AcDbBlockReference
  2
КИЗИЛЬНИК_БЛЕСТЯЩИЙ
 10
758.4340207248073
 20
14574.567843738707
 30
0.0
  0
INSERT
  5
49D9
330
17
100
AcDbEntity
  8
BUSH
100
AcDbBlockReference
  2
СНЕЖНОЯГОДНИК_ДОРЕНБОЗА
 10
758.4669208449708
 20
14573.168230369918
 30
0.0
  0
INSERT
  5
49DB
330
17
100
AcDbEntity
  8
BUSH
100
AcDbBlockReference
  2
СПИРЕЯ_GREFSHEIM
 10
758.4998209651343
 20
14571.76861700113
 30
0.0
  0
INSERT
  5
49DD
330
17
100
AcDbEntity
  8
BUSH
100
AcDbBlockReference
  2
КИЗИЛЬНИК_БЛЕСТЯЩИЙ
 10
758.6314214457882
 20
14566.170163525972
 30
0.0
  0
INSERT
  5
49DF
330
17
100
AcDbEntity
  8
BUSH
100
AcDbBlockReference
  2
СНЕЖНОЯГОДНИК_ДОРЕНБОЗА
 10
758.6643215659517
 20
14564.770550157184
 30
0.0
  0
INSERT
  5
49E1
330
17
100
AcDbEntity
  8
BUSH
100
AcDbBlockReference
  2
СПИРЕЯ_GREFSHEIM
 10
758.6972216861152
 20
14563.370936788395
 30
0.0
  0
INSERT
  5
49E3
330
17
100
AcDbEntity
  8
BUSH
100
AcDbBlockReference
  2
КИЗИЛЬНИК_БЛЕСТЯЩИЙ
 10
759.0475400489872
 20
14538.119291868676
 30
0.0
  0
INSERT
  5
49E5
330
17
100
AcDbEntity
  8
BUSH
100
AcDbBlockReference
  2
СНЕЖНОЯГОДНИК_ДОРЕНБОЗА
 10
758.9986669577688
 20
14539.518438544674
 30
0.0
  0
INSERT
  5
49E7
330
17
100
AcDbEntity
  8
BUSH
100
AcDbBlockReference
  2
СПИРЕЯ_GREFSHEIM
 10
758.7543015016767
 20
14546.514171924662
 30
0.0
  0
INSERT
  5
49E9
330
17
100
AcDbEntity
  8
BUSH
100
AcDbBlockReference
  2
КИЗИЛЬНИК_БЛЕСТЯЩИЙ
 10
759.2123635590972
 20
14544.939576523933
 30
0.0
  0
INSERT
  5
49EB
330
17
100
AcDbEntity
  8
BUSH
100
AcDbBlockReference
  2
СНЕЖНОЯГОДНИК_ДОРЕНБОЗА
 10
759.3322630048923
 20
14540.741289213824
 30
0.0
  0
INSERT
  5
49F7
330
17
100
AcDbEntity
  8
BUSH
100
AcDbBlockReference
  2
СНЕЖНОЯГОДНИК_ДОРЕНБОЗА
 10
759.1335635390014
 20
14519.548830018304
 30
0.0
  0
INSERT
  5
49F9
330
17
100
AcDbEntity
  8
BUSH
100
AcDbBlockReference
  2
СПИРЕЯ_GREFSHEIM
 10
759.0541076565261
 20
14522.34770242746
 30
0.0
  0
INSERT
  5
49FB
330
17
100
AcDbEntity
  8
BUSH
100
AcDbBlockReference
  2
КИЗИЛЬНИК_БЛЕСТЯЩИЙ
 10
759.0143797152883
 20
14523.74713863204
 30
0.0
  0
INSERT
  5
49FD
330
17
100
AcDbEntity
  8
BUSH
100
AcDbBlockReference
  2
СНЕЖНОЯГОДНИК_ДОРЕНБОЗА
 10
758.8554679503376
 20
14529.344883450352
 30
0.0
  0
INSERT
  5
49FF
330
17
100
AcDbEntity
  8
BUSH
100
AcDbBlockReference
  2
СПИРЕЯ_GREFSHEIM
 10
758.8157400090998
 20
14530.744319654932
 30
0.0
  0
INSERT
  5
4A01
330
17
100
AcDbEntity
  8
BUSH
100
AcDbBlockReference
  2
КИЗИЛЬНИК_БЛЕСТЯЩИЙ
 10
758.7362841266245
 20
14533.543192064088
 30
0.0
  0
INSERT
  5
4A03
330
17
100
AcDbEntity
  8
BUSH
100
AcDbBlockReference
  2
СНЕЖНОЯГОДНИК_ДОРЕНБОЗА
 10
759.7036351798037
 20
14527.6595223074
 30
0.0
  0
INSERT
  5
4A05
330
17
100
AcDbEntity
  8
BUSH
100
AcDbBlockReference
  2
СПИРЕЯ_GREFSHEIM
 10
759.9022748859923
 20
14520.662341284507
 30
0.0
  0
INSERT
  5
4A07
330
17
100
AcDbEntity
  8
BUSH
100
AcDbBlockReference
  2
КИЗИЛЬНИК_БЛЕСТЯЩИЙ
 10
759.9817307684676
 20
14517.863468875352
 30
0.0
  0
INSERT
  5
4A09
330
17
100
AcDbEntity
  8
BUSH
100
AcDbBlockReference
  2
СНЕЖНОЯГОДНИК_ДОРЕНБОЗА
 10
760.1803704746562
 20
14510.86628785246
 30
0.0
  0
INSERT
  5
4A0B
330
17
100
AcDbEntity
  8
BUSH
100
AcDbBlockReference
  2
СПИРЕЯ_GREFSHEIM
 10
742.8413754290767
 20
14463.907300289562
 30
0.0
  0
INSERT
  5
4A0F
330
17
100
AcDbEntity
  8
BUSH
100
AcDbBlockReference
  2
СНЕЖНОЯГОДНИК_ДОРЕНБОЗА
 10
760.2848051807148
 20
14446.807940266373
 30
0.0
  0
INSERT
  5
4A11
330
17
100
AcDbEntity
  8
BUSH
100
AcDbBlockReference
  2
СПИРЕЯ_GREFSHEIM
 10
760.7973709411792
 20
14448.110735853255
 30
0.0
  0
INSERT
  5
4A13
330
17
100
AcDbEntity
  8
BUSH
100
AcDbBlockReference
  2
КИЗИЛЬНИК_БЛЕСТЯЩИЙ
 10
761.3099367016438
 20
14449.413531440137
 30
0.0
  0
INSERT
  5
4A15
330
17
100
AcDbEntity
  8
BUSH
100
AcDbBlockReference
  2
СНЕЖНОЯГОДНИК_ДОРЕНБОЗА
 10
761.8225024621083
 20
14450.71632702702
 30
0.0
  0
INSERT
  5
4A17
330
17
100
AcDbEntity
  8
BUSH
100
AcDbBlockReference
  2
СПИРЕЯ_GREFSHEIM
 10
762.3350682225736
 20
14452.019122613901
 30
0.0
  0
INSERT
  5
4A19
330
17
100
AcDbEntity
  8
BUSH
100
AcDbBlockReference
  2
КИЗИЛЬНИК_БЛЕСТЯЩИЙ
 10
763.4546516087
 20
14448.98947173123
 30
0.0
  0
INSERT
  5
4A1B
330
17
100
AcDbEntity
  8
BUSH
100
AcDbBlockReference
  2
СНЕЖНОЯГОДНИК_ДОРЕНБОЗА
 10
761.853692218694
 20
14446.692315003545
 30
0.0
  0
INSERT
  5
4A21
330
17
100
AcDbEntity
  8
BUSH
100
AcDbBlockReference
  2
СНЕЖНОЯГОДНИК_ДОРЕНБОЗА
 10
749.4454594146713
 20
14757.256075269133
 30
0.0
  0
INSERT
  5
4A23
330
17
100
AcDbEntity
  8
TREE
100
AcDbBlockReference
  2
ЛИПА_МЕЛКОЛИСТНАЯ
 10
672.322357197974
 20
14742.474631024299
 30
0.0
  0
INSERT
  5
4A25
330
17
100
AcDbEntity
  8
TREE
100
AcDbBlockReference
  2
ЛИПА_МЕЛКОЛИСТНАЯ
 10
690.7118383002561
 20
14735.610050684056
 30
0.0
  0
INSERT
  5
4A27
330
17
100
AcDbEntity
  8
TREE
100
AcDbBlockReference
  2
ЛИПА_МЕЛКОЛИСТНАЯ
 10
672.6713454759047
 20
14762.504398122437
 30
0.0
  0
INSERT
  5
4A29
330
17
100
AcDbEntity
  8
TREE
100
AcDbBlockReference
  2
ЛИПА_МЕЛКОЛИСТНАЯ
 10
683.3993958270421
 20
14766.03893382528
 30
0.0
  0
INSERT
  5
4A2B
330
17
100
AcDbEntity
  8
TREE
100
AcDbBlockReference
  2
ЛИПА_МЕЛКОЛИСТНАЯ
 10
694.359119969415
 20
14762.60960622704
 30
0.0
  0
INSERT
  5
4A2D
330
17
100
AcDbEntity
  8
TREE
100
AcDbBlockReference
  2
ЛИПА_МЕЛКОЛИСТНАЯ
 10
727.7368197232024
 20
14762.350763515633
 30
0.0
  0
INSERT
  5
4A2F
330
17
100
AcDbEntity
  8
TREE
100
AcDbBlockReference
  2
ЛИПА_МЕЛКОЛИСТНАЯ
 10
738.6980418212202
 20
14808.282812051224
 30
0.0
  0
INSERT
  5
4A31
330
17
100
AcDbEntity
  8
TREE
100
AcDbBlockReference
  2
ЛИПА_МЕЛКОЛИСТНАЯ
 10
743.7704314689744
 20
14883.096097255035
 30
0.0
  0
INSERT
  5
4A33
330
17
100
AcDbEntity
  8
TREE
100
AcDbBlockReference
  2
ЛИПА_МЕЛКОЛИСТНАЯ
 10
746.4744968781922
 20
14898.26723615345
 30
0.0
  0
INSERT
  5
4A35
330
17
100
AcDbEntity
  8
TREE
100
AcDbBlockReference
  2
ЛИПА_МЕЛКОЛИСТНАЯ
 10
741.577668682457
 20
14919.051087833246
 30
0.0
  0
INSERT
  5
4A37
330
17
100
AcDbEntity
  8
TREE
100
AcDbBlockReference
  2
ЛИПА_МЕЛКОЛИСТНАЯ
 10
731.7819927392147
 20
14918.774058606037
 30
0.0
  0
INSERT
  5
4A39
330
17
100
AcDbEntity
  8
TREE
100
AcDbBlockReference
  2
ЛИПА_МЕЛКОЛИСТНАЯ
 10
703.842570312145
 20
14911.963009005192
 30
0.0
  0
INSERT
  5
4A3B
330
17
100
AcDbEntity
  8
TREE
100
AcDbBlockReference
  2
ЛИПА_МЕЛКОЛИСТНАЯ
 10
718.6243881741094
 20
14957.981281180455
 30
0.0
  0
INSERT
  5
4A3D
330
17
100
AcDbEntity
  8
TREE
100
AcDbBlockReference
  2
ЛИПА_МЕЛКОЛИСТНАЯ
 10
729.2490422574227
 20
14955.156574577546
 30
0.0
  0
INSERT
  5
4A3F
330
17
100
AcDbEntity
  8
TREE
100
AcDbBlockReference
  2
ЛИПА_МЕЛКОЛИСТНАЯ
 10
731.1427098633458
 20
14943.555821467418
 30
0.0
  0
INSERT
  5
4A41
330
17
100
AcDbEntity
  8
TREE
100
AcDbBlockReference
  2
ЛИПА_МЕЛКОЛИСТНАЯ
 10
742.4217842149626
 20
14941.9485063519
 30
0.0
  0
INSERT
  5
4A43
330
17
100
AcDbEntity
  8
TREE
100
AcDbBlockReference
  2
ЛИПА_МЕЛКОЛИСТНАЯ
 10
742.0941748063586
 20
14953.94403352145
 30
0.0
  0
INSERT
  5
4A45
330
17
100
AcDbEntity
  8
TREE
100
AcDbBlockReference
  2
ЛИПА_МЕЛКОЛИСТНАЯ
 10
741.1925810196026
 20
14965.866028881153
 30
0.0
  0
INSERT
  5
4A47
330
17
100
AcDbEntity
  8
TREE
100
AcDbBlockReference
  2
ЛИПА_МЕЛКОЛИСТНАЯ
 10
753.1629178621863
 20
14978.101634366498
 30
0.0
  0
INSERT
  5
4A49
330
17
100
AcDbEntity
  8
TREE
100
AcDbBlockReference
  2
ЛИПА_МЕЛКОЛИСТНАЯ
 10
767.1089936540635
 20
14974.444939561088
 30
0.0
  0
INSERT
  5
4A4B
330
17
100
AcDbEntity
  8
TREE
100
AcDbBlockReference
  2
ЛИПА_МЕЛКОЛИСТНАЯ
 10
768.4790237330891
 20
14962.668421479126
 30
0.0
  0
INSERT
  5
4A4D
330
17
100
AcDbEntity
  8
TREE
100
AcDbBlockReference
  2
ЛИПА_МЕЛКОЛИСТНАЯ
 10
768.7655768764063
 20
14950.67184361938
 30
0.0
  0
INSERT
  5
4A4F
330
17
100
AcDbEntity
  8
TREE
100
AcDbBlockReference
  2
ЛИПА_МЕЛКОЛИСТНАЯ
 10
769.065905976129
 20
14938.675602440084
 30
0.0
  0
INSERT
  5
4A51
330
17
100
AcDbEntity
  8
TREE
100
AcDbBlockReference
  2
ЛИПА_МЕЛКОЛИСТНАЯ
 10
769.2986186428775
 20
14926.677923269748
 30
0.0
  0
INSERT
  5
4A53
330
17
100
AcDbEntity
  8
TREE
100
AcDbBlockReference
  2
ЛИПА_МЕЛКОЛИСТНАЯ
 10
769.556616808797
 20
14914.680697050893
 30
0.0
  0
INSERT
  5
4A55
330
17
100
AcDbEntity
  8
TREE
100
AcDbBlockReference
  2
ЛИПА_МЕЛКОЛИСТНАЯ
 10
768.9139746708239
 20
14902.807144636088
 30
0.0
  0
INSERT
  5
4A57
330
17
100
AcDbEntity
  8
TREE
100
AcDbBlockReference
  2
ЛИПА_МЕЛКОЛИСТНАЯ
 10
770.0530444483445
 20
14891.99946760296
 30
0.0
  0
INSERT
  5
4A59
330
17
100
AcDbEntity
  8
TREE
100
AcDbBlockReference
  2
ЛИПА_МЕЛКОЛИСТНАЯ
 10
770.2934839703605
 20
14880.001922467281
 30
0.0
  0
INSERT
  5
4A5B
330
17
100
AcDbEntity
  8
TREE
100
AcDbBlockReference
  2
ЛИПА_МЕЛКОЛИСТНАЯ
 10
770.5613012174916
 20
14868.005076023624
 30
0.0
  0
INSERT
  5
4A5D
330
17
100
AcDbEntity
  8
TREE
100
AcDbBlockReference
  2
ЛИПА_МЕЛКОЛИСТНАЯ
 10
770.9311643639769
 20
14856.010777325791
 30
0.0
  0
INSERT
  5
4A5F
330
17
100
AcDbEntity
  8
TREE
100
AcDbBlockReference
  2
ЛИПА_МЕЛКОЛИСТНАЯ
 10
771.229492191057
 20
14844.014673993051
 30
0.0
  0
INSERT
  5
4A61
330
17
100
AcDbEntity
  8
TREE
100
AcDbBlockReference
  2
ЛИПА_МЕЛКОЛИСТНАЯ
 10
771.4644020557994
 20
14832.016973490228
 30
0.0
  0
INSERT
  5
4A63
330
17
100
AcDbEntity
  8
TREE
100
AcDbBlockReference
  2
ЛИПА_МЕЛКОЛИСТНАЯ
 10
771.8135965723525
 20
14820.022218260347
 30
0.0
  0
INSERT
  5
4A65
330
17
100
AcDbEntity
  8
TREE
100
AcDbBlockReference
  2
ЛИПА_МЕЛКОЛИСТНАЯ
 10
772.1951330959636
 20
14808.028290254662
 30
0.0
  0
INSERT
  5
4A67
330
17
100
AcDbEntity
  8
TREE
100
AcDbBlockReference
  2
ЛИПА_МЕЛКОЛИСТНАЯ
 10
769.9940548288109
 20
14796.659454624489
 30
0.0
  0
INSERT
  5
4A69
330
17
100
AcDbEntity
  8
TREE
100
AcDbBlockReference
  2
ЛИПА_МЕЛКОЛИСТНАЯ
 10
770.3052477430253
 20
14784.663493578983
 30
0.0
  0
INSERT
  5
4A6B
330
17
100
AcDbEntity
  8
TREE
100
AcDbBlockReference
  2
ЛИПА_МЕЛКОЛИСТНАЯ
 10
770.6189142737362
 20
14772.66759372497
 30
0.0
  0
INSERT
  5
4A6D
330
17
100
AcDbEntity
  8
TREE
100
AcDbBlockReference
  2
ЛИПА_МЕЛКОЛИСТНАЯ
 10
770.8361717386632
 20
14760.67010550748
 30
0.0
  0
INSERT
  5
4A6F
330
17
100
AcDbEntity
  8
TREE
100
AcDbBlockReference
  2
ЛИПА_МЕЛКОЛИСТНАЯ
 10
773.843739042696
 20
14739.292827744513
 30
0.0
  0
INSERT
  5
4A71
330
17
100
AcDbEntity
  8
TREE
100
AcDbBlockReference
  2
ЛИПА_МЕЛКОЛИСТНАЯ
 10
774.5501116316716
 20
14713.646931082318
 30
0.0
  0
INSERT
  5
4A73
330
17
100
AcDbEntity
  8
TREE
100
AcDbBlockReference
  2
ЛИПА_МЕЛКОЛИСТНАЯ
 10
774.8571232175452
 20
14701.650859063273
 30
0.0
  0
INSERT
  5
4A75
330
17
100
AcDbEntity
  8
TREE
100
AcDbBlockReference
  2
ЛИПА_МЕЛКОЛИСТНАЯ
 10
775.1641348034187
 20
14689.654787044226
 30
0.0
  0
INSERT
  5
4A77
330
17
100
AcDbEntity
  8
TREE
100
AcDbBlockReference
  2
ЛИПА_МЕЛКОЛИСТНАЯ
 10
775.4692855875581
 20
14677.658667658332
 30
0.0
  0
INSERT
  5
4A79
330
17
100
AcDbEntity
  8
TREE
100
AcDbBlockReference
  2
ЛИПА_МЕЛКОЛИСТНАЯ
 10
775.772845349103
 20
14665.662507796938
 30
0.0
  0
INSERT
  5
4A7B
330
17
100
AcDbEntity
  8
TREE
100
AcDbBlockReference
  2
ЛИПА_МЕЛКОЛИСТНАЯ
 10
776.0760707917555
 20
14653.666339478224
 30
0.0
  0
INSERT
  5
4A7D
330
17
100
AcDbEntity
  8
TREE
100
AcDbBlockReference
  2
ЛИПА_МЕЛКОЛИСТНАЯ
 10
776.3792962344079
 20
14641.670171159509
 30
0.0
  0
INSERT
  5
4A7F
330
17
100
AcDbEntity
  8
TREE
100
AcDbBlockReference
  2
ЛИПА_МЕЛКОЛИСТНАЯ
 10
776.6739004221765
 20
14629.673788219738
 30
0.0
  0
INSERT
  5
4A81
330
17
100
AcDbEntity
  8
TREE
100
AcDbBlockReference
  2
ЛИПА_МЕЛКОЛИСТНАЯ
 10
776.967955739581
 20
14617.67739161616
 30
0.0
  0
INSERT
  5
4A83
330
17
100
AcDbEntity
  8
TREE
100
AcDbBlockReference
  2
ЛИПА_МЕЛКОЛИСТНАЯ
 10
777.2620104454106
 20
14605.680994997592
 30
0.0
  0
INSERT
  5
4A85
330
17
100
AcDbEntity
  8
TREE
100
AcDbBlockReference
  2
ЛИПА_МЕЛКОЛИСТНАЯ
 10
777.5551997564326
 20
14593.684577559357
 30
0.0
  0
INSERT
  5
4A87
330
17
100
AcDbEntity
  8
TREE
100
AcDbBlockReference
  2
ЛИПА_МЕЛКОЛИСТНАЯ
 10
777.8383584219463
 20
14581.687918809099
 30
0.0
  0
INSERT
  5
4A89
330
17
100
AcDbEntity
  8
TREE
100
AcDbBlockReference
  2
ЛИПА_МЕЛКОЛИСТНАЯ
 10
768.0727547076018
 20
14730.637900599684
 30
0.0
  0
INSERT
  5
4A8B
330
17
100
AcDbEntity
  8
TREE
100
AcDbBlockReference
  2
ЛИПА_МЕЛКОЛИСТНАЯ
 10
778.6212699219782
 20
14545.775461921437
 30
0.0
  0
INSERT
  5
4A8D
330
17
100
AcDbEntity
  8
TREE
100
AcDbBlockReference
  2
ЛИПА_МЕЛКОЛИСТНАЯ
 10
781.3169306815131
 20
14534.605721844666
 30
0.0
  0
INSERT
  5
4A8F
330
17
100
AcDbEntity
  8
TREE
100
AcDbBlockReference
  2
ЛИПА_МЕЛКОЛИСТНАЯ
 10
778.6232412902998
 20
14493.629253500781
 30
0.0
  0
INSERT
  5
4A91
330
17
100
AcDbEntity
  8
TREE
100
AcDbBlockReference
  2
ЛИПА_МЕЛКОЛИСТНАЯ
 10
784.7001620792253
 20
14483.329161420985
 30
0.0
  0
INSERT
  5
4A93
330
17
100
AcDbEntity
  8
TREE
100
AcDbBlockReference
  2
ЛИПА_МЕЛКОЛИСТНАЯ
 10
791.5625756342068
 20
14473.486311208751
 30
0.0
  0
INSERT
  5
4A95
330
17
100
AcDbEntity
  8
TREE
100
AcDbBlockReference
  2
ЛИПА_МЕЛКОЛИСТНАЯ
 10
798.4469690573229
 20
14463.657541489569
 30
0.0
  0
INSERT
  5
4A97
330
17
100
AcDbEntity
  8
TREE
100
AcDbBlockReference
  2
ЛИПА_МЕЛКОЛИСТНАЯ
 10
805.3221958344296
 20
14453.82233823095
 30
0.0
  0
INSERT
  5
4A99
330
17
100
AcDbEntity
  8
TREE
100
AcDbBlockReference
  2
ЛИПА_МЕЛКОЛИСТНАЯ
 10
812.1853619158383
 20
14443.978726546313
 30
0.0
  0
INSERT
  5
4A9B
330
17
100
AcDbEntity
  8
TREE
100
AcDbBlockReference
  2
ЛИПА_МЕЛКОЛИСТНАЯ
 10
819.0207192714224
 20
14434.115771115941
 30
0.0
  0
INSERT
  5
4A9D
330
17
100
AcDbEntity
  8
TREE
100
AcDbBlockReference
  2
ЛИПА_МЕЛКОЛИСТНАЯ
 10
834.5798658807124
 20
14430.660385939926
 30
0.0
  0
INSERT
  5
4A9F
330
17
100
AcDbEntity
  8
TREE
100
AcDbBlockReference
  2
ЛИПА_МЕЛКОЛИСТНАЯ
 10
874.5152033385917
 20
14398.592479482311
 30
0.0
  0
INSERT
  5
4AA1
330
17
100
AcDbEntity
  8
TREE
100
AcDbBlockReference
  2
ЛИПА_МЕЛКОЛИСТНАЯ
 10
870.0819137881549
 20
14387.533207018503
 30
0.0
  0
INSERT
  5
4AA3
330
17
100
AcDbEntity
  8
TREE
100
AcDbBlockReference
  2
ЛИПА_МЕЛКОЛИСТНАЯ
 10
851.7348660184836
 20
14407.84872754354
 30
0.0
  0
INSERT
  5
4AA5
330
17
100
AcDbEntity
  8
TREE
100
AcDbBlockReference
  2
ЛИПА_МЕЛКОЛИСТНАЯ
 10
837.0228561526911
 20
14420.915989177125
 30
0.0
  0
INSERT
  5
4AA7
330
17
100
AcDbEntity
  8
TREE
100
AcDbBlockReference
  2
ЛИПА_МЕЛКОЛИСТНАЯ
 10
805.6048123260665
 20
14408.818824916778
 30
0.0
  0
INSERT
  5
4AA9
330
17
100
AcDbEntity
  8
TREE
100
AcDbBlockReference
  2
ЛИПА_МЕЛКОЛИСТНАЯ
 10
796.2670071565616
 20
14415.763648426553
 30
0.0
  0
INSERT
  5
4AAB
330
17
100
AcDbEntity
  8
TREE
100
AcDbBlockReference
  2
ЛИПА_МЕЛКОЛИСТНАЯ
 10
771.8949277672795
 20
14420.64627588613
 30
0.0
  0
INSERT
  5
4AAD
330
17
100
AcDbEntity
  8
TREE
100
AcDbBlockReference
  2
ЛИПА_МЕЛКОЛИСТНАЯ
 10
762.147410914906
 20
14427.926280675096
 30
0.0
  0
INSERT
  5
4AAF
330
17
100
AcDbEntity
  8
TREE
100
AcDbBlockReference
  2
ЛИПА_МЕЛКОЛИСТНАЯ
 10
756.5890720383767
 20
14451.38096755834
 30
0.0
  0
INSERT
  5
4AB3
330
17
100
AcDbEntity
  8
TREE
100
AcDbBlockReference
  2
ЛИПА_МЕЛКОЛИСТНАЯ
 10
752.9462843632057
 20
14489.650726035472
 30
0.0
  0
INSERT
  5
4AB5
330
17
100
AcDbEntity
  8
TREE
100
AcDbBlockReference
  2
ЛИПА_МЕЛКОЛИСТНАЯ
 10
746.3911357356787
 20
14497.540579889628
 30
0.0
  0
INSERT
  5
4AB7
330
17
100
AcDbEntity
  8
TREE
100
AcDbBlockReference
  2
ЛИПА_МЕЛКОЛИСТНАЯ
 10
730.9695282982584
 20
14499.919758254635
 30
0.0
  0
INSERT
  5
4AB9
330
17
100
AcDbEntity
  8
TREE
100
AcDbBlockReference
  2
ЛИПА_МЕЛКОЛИСТНАЯ
 10
710.5551441991538
 20
14484.176194343338
 30
0.0
  0
INSERT
  5
4ABB
330
17
100
AcDbEntity
  8
TREE
100
AcDbBlockReference
  2
ЛИПА_МЕЛКОЛИСТНАЯ
 10
705.657184284434
 20
14510.801210118812
 30
0.0
  0
INSERT
  5
4ABD
330
17
100
AcDbEntity
  8
TREE
100
AcDbBlockReference
  2
ЛИПА_МЕЛКОЛИСТНАЯ
 10
709.3031099232068
 20
14521.91940151263
 30
0.0
  0
INSERT
  5
4ABF
330
17
100
AcDbEntity
  8
TREE
100
AcDbBlockReference
  2
ЛИПА_МЕЛКОЛИСТНАЯ
 10
720.6518073190057
 20
14522.731484130652
 30
0.0
  0
INSERT
  5
4AC1
330
17
100
AcDbEntity
  8
TREE
100
AcDbBlockReference
  2
ЛИПА_МЕЛКОЛИСТНАЯ
 10
732.1399881870836
 20
14522.500617797074
 30
0.0
  0
INSERT
  5
4AC3
330
17
100
AcDbEntity
  8
TREE
100
AcDbBlockReference
  2
ЛИПА_МЕЛКОЛИСТНАЯ
 10
742.9882957778548
 20
14511.839911408853
 30
0.0
  0
INSERT
  5
4AC5
330
17
100
AcDbEntity
  8
TREE
100
AcDbBlockReference
  2
ЛИПА_МЕЛКОЛИСТНАЯ
 10
752.9132609276795
 20
14520.176012725042
 30
0.0
  0
INSERT
  5
4ACB
330
17
100
AcDbEntity
  8
TREE
100
AcDbBlockReference
  2
ЛИПА_МЕЛКОЛИСТНАЯ
 10
751.7409449113651
 20
14561.428632968684
 30
0.0
  0
INSERT
  5
4ACD
330
17
100
AcDbEntity
  8
TREE
100
AcDbBlockReference
  2
ЛИПА_МЕЛКОЛИСТНАЯ
 10
751.4589438813923
 20
14573.425318986876
 30
0.0
  0
INSERT
  5
4ACF
330
17
100
AcDbEntity
  8
TREE
100
AcDbBlockReference
  2
ЛИПА_МЕЛКОЛИСТНАЯ
 10
743.6502732727606
 20
14581.199514511129
 30
0.0
  0
INSERT
  5
4AD1
330
17
100
AcDbEntity
  8
TREE
100
AcDbBlockReference
  2
ЛИПА_МЕЛКОЛИСТНАЯ
 10
731.9350823755086
 20
14583.672706633275
 30
0.0
  0
INSERT
  5
4AD3
330
17
100
AcDbEntity
  8
TREE
100
AcDbBlockReference
  2
ЛИПА_МЕЛКОЛИСТНАЯ
 10
720.6342501363479
 20
14587.347806182297
 30
0.0
  0
INSERT
  5
4AD5
330
17
100
AcDbEntity
  8
TREE
100
AcDbBlockReference
  2
ЛИПА_МЕЛКОЛИСТНАЯ
 10
716.4721507660593
 20
14605.347795452348
 30
0.0
  0
INSERT
  5
4AD7
330
17
100
AcDbEntity
  8
TREE
100
AcDbBlockReference
  2
ЛИПА_МЕЛКОЛИСТНАЯ
 10
718.7643820769634
 20
14616.939067009027
 30
0.0
  0
INSERT
  5
4AD9
330
17
100
AcDbEntity
  8
TREE
100
AcDbBlockReference
  2
ЛИПА_МЕЛКОЛИСТНАЯ
 10
729.3808649619839
 20
14619.96923549935
 30
0.0
  0
INSERT
  5
4ADD
330
17
100
AcDbEntity
  8
TREE
100
AcDbBlockReference
  2
ЛИПА_МЕЛКОЛИСТНАЯ
 10
750.2952821559248
 20
14621.900041043977
 30
0.0
  0
INSERT
  5
4ADF
330
17
100
AcDbEntity
  8
TREE
100
AcDbBlockReference
  2
ЛИПА_МЕЛКОЛИСТНАЯ
 10
750.0030006189561
 20
14633.896477863444
 30
0.0
  0
INSERT
  5
4AE1
330
17
100
AcDbEntity
  8
TREE
100
AcDbBlockReference
  2
ЛИПА_МЕЛКОЛИСТНАЯ
 10
749.6727699315248
 20
14647.486168969464
 30
0.0
  0
INSERT
  5
4AE5
330
17
100
AcDbEntity
  8
TREE
100
AcDbBlockReference
  2
ЛИПА_МЕЛКОЛИСТНАЯ
 10
738.8931180553897
 20
14745.646430499668
 30
0.0
  0
INSERT
  5
4AE7
330
17
100
AcDbEntity
  8
TREE
100
AcDbBlockReference
  2
ЛИПА_МЕЛКОЛИСТНАЯ
 10
746.4105975594119
 20
14819.860944393635
 30
0.0
  0
INSERT
  5
4AE9
330
17
100
AcDbEntity
  8
TREE
100
AcDbBlockReference
  2
ЛИПА_МЕЛКОЛИСТНАЯ
 10
745.904610199177
 20
14831.850272014119
 30
0.0
  0
INSERT
  5
4AEB
330
17
100
AcDbEntity
  8
TREE
100
AcDbBlockReference
  2
ЛИПА_МЕЛКОЛИСТНАЯ
 10
745.3986228389421
 20
14843.8395996346
 30
0.0
  0
INSERT
  5
4AED
330
17
100
AcDbEntity
  8
TREE
100
AcDbBlockReference
  2
ЛИПА_МЕЛКОЛИСТНАЯ
 10
750.4050298871935
 20
14858.818443922657
 30
0.0
  0
INSERT
  5
4AEF
330
17
100
AcDbEntity
  8
TREE
100
AcDbBlockReference
  2
ЛИПА_МЕЛКОЛИСТНАЯ
 10
751.9524397824465
 20
14795.230842419609
 30
0.0
  0
INSERT
  5
4AF1
330
17
100
AcDbEntity
  8
TREE
100
AcDbBlockReference
  2
ЛИПА_МЕЛКОЛИСТНАЯ
 10
754.4773906300782
 20
14693.76177380566
 30
0.0
  0
INSERT
  5
4AF3
330
17
100
AcDbEntity
  8
TREE
100
AcDbBlockReference
  2
ЛИПА_МЕЛКОЛИСТНАЯ
 10
751.4065072546459
 20
14704.47715812814
 30
0.0
  0
INSERT
  5
4AF9
330
17
100
AcDbEntity
  8
TREE
100
AcDbBlockReference
  2
ЛИПА_МЕЛКОЛИСТНАЯ
 10
768.6436735926635
 20
14458.163486609012
 30
0.0
  0
INSERT
  5
4AFB
330
17
100
AcDbEntity
  8
TREE
100
AcDbBlockReference
  2
ЛИПА_МЕЛКОЛИСТНАЯ
 10
767.3160467779417
 20
14470.330838928789
 30
0.0
  0
INSERT
  5
511D
330
17
100
AcDbEntity
  8
BUSH
100
AcDbBlockReference
  2
СНЕЖНОЯГОДНИК_ДОРЕНБОЗА
 10
699.6426173766671
 20
14774.62564174719
 30
0.0
  0
INSERT
  5
511F
330
17
100
AcDbEntity
  8
BUSH
100
AcDbBlockReference
  2
СНЕЖНОЯГОДНИК_ДОРЕНБОЗА
 10
699.3494838544447
 20
14776.074496726505
 30
0.0
  0
INSERT
  5
5121
330
17
100
AcDbEntity
  8
BUSH
100
AcDbBlockReference
  2
СНЕЖНОЯГОДНИК_ДОРЕНБОЗА
 10
699.4834136432296
 20
14777.568505699597
 30
0.0
  0
INSERT
  5
5123
330
17
100
AcDbEntity
  8
BUSH
100
AcDbBlockReference
  2
СНЕЖНОЯГОДНИК_ДОРЕНБОЗА
 10
699.6173434320143
 20
14779.062514672687
 30
0.0
  0
INSERT
  5
5125
330
17
100
AcDbEntity
  8
BUSH
100
AcDbBlockReference
  2
СНЕЖНОЯГОДНИК_ДОРЕНБОЗА
 10
699.751273220799
 20
14780.556523645779
 30
0.0
  0
INSERT
  5
5127
330
17
100
AcDbEntity
  8
BUSH
100
AcDbBlockReference
  2
СНЕЖНОЯГОДНИК_ДОРЕНБОЗА
 10
699.885203009584
 20
14782.050532618869
 30
0.0
  0
INSERT
  5
5129
330
17
100
AcDbEntity
  8
BUSH
100
AcDbBlockReference
  2
СНЕЖНОЯГОДНИК_ДОРЕНБОЗА
 10
700.0393390792877
 20
14783.54181652887
 30
0.0
  0
INSERT
  5
512B
330
17
100
AcDbEntity
  8
BUSH
100
AcDbBlockReference
  2
СНЕЖНОЯГОДНИК_ДОРЕНБОЗА
 10
700.6716179875731
 20
14784.872136593529
 30
0.0
  0
INSERT
  5
512D
330
17
100
AcDbEntity
  8
BUSH
100
AcDbBlockReference
  2
СНЕЖНОЯГОДНИК_ДОРЕНБОЗА
 10
700.805547776358
 20
14786.36614556662
 30
0.0
  0
INSERT
  5
512F
330
17
100
AcDbEntity
  8
BUSH
100
AcDbBlockReference
  2
СНЕЖНОЯГОДНИК_ДОРЕНБОЗА
 10
701.2076413367598
 20
14787.792559788295
 30
0.0
  0
INSERT
  5
5131
330
17
100
AcDbEntity
  8
BUSH
100
AcDbBlockReference
  2
СНЕЖНОЯГОДНИК_ДОРЕНБОЗА
 10
701.4078328286295
 20
14789.269362844432
 30
0.0
  0
INSERT
  5
5133
330
17
100
AcDbEntity
  8
BUSH
100
AcDbBlockReference
  2
СНЕЖНОЯГОДНИК_ДОРЕНБОЗА
 10
701.5654022251061
 20
14790.761063848418
 30
0.0
  0
INSERT
  5
5135
330
17
100
AcDbEntity
  8
BUSH
100
AcDbBlockReference
  2
СНЕЖНОЯГОДНИК_ДОРЕНБОЗА
 10
701.4614289106224
 20
14792.218934081793
 30
0.0
  0
INSERT
  5
5137
330
17
100
AcDbEntity
  8
BUSH
100
AcDbBlockReference
  2
СНЕЖНОЯГОДНИК_ДОРЕНБОЗА
 10
701.462123693254
 20
14793.71054549567
 30
0.0
  0
INSERT
  5
5139
330
17
100
AcDbEntity
  8
BUSH
100
AcDbBlockReference
  2
СНЕЖНОЯГОДНИК_ДОРЕНБОЗА
 10
701.3700067794065
 20
14795.158485154734
 30
0.0
  0
INSERT
  5
513B
330
17
100
AcDbEntity
  8
BUSH
100
AcDbBlockReference
  2
СНЕЖНОЯГОДНИК_ДОРЕНБОЗА
 10
701.1921034549177
 20
14796.628372719897
 30
0.0
  0
INSERT
  5
513D
330
17
100
AcDbEntity
  8
BUSH
100
AcDbBlockReference
  2
СНЕЖНОЯГОДНИК_ДОРЕНБОЗА
 10
701.3264928399387
 20
14798.12234042142
 30
0.0
  0
INSERT
  5
513F
330
17
100
AcDbEntity
  8
BUSH
100
AcDbBlockReference
  2
СНЕЖНОЯГОДНИК_ДОРЕНБОЗА
 10
701.4608822578891
 20
14799.616308119981
 30
0.0
  0
INSERT
  5
5141
330
17
100
AcDbEntity
  8
BUSH
100
AcDbBlockReference
  2
СНЕЖНОЯГОДНИК_ДОРЕНБОЗА
 10
701.5952717036492
 20
14801.11027581604
 30
0.0
  0
INSERT
  5
5143
330
17
100
AcDbEntity
  8
BUSH
100
AcDbBlockReference
  2
СНЕЖНОЯГОДНИК_ДОРЕНБОЗА
 10
701.7296611324326
 20
14802.604243513626
 30
0.0
  0
INSERT
  5
5145
330
17
100
AcDbEntity
  8
BUSH
100
AcDbBlockReference
  2
СНЕЖНОЯГОДНИК_ДОРЕНБОЗА
 10
701.8640505664962
 20
14804.098211210738
 30
0.0
  0
INSERT
  5
5147
330
17
100
AcDbEntity
  8
BUSH
100
AcDbBlockReference
  2
СНЕЖНОЯГОДНИК_ДОРЕНБОЗА
 10
702.4188434188826
 20
14805.468100985281
 30
0.0
  0
INSERT
  5
5149
330
17
100
AcDbEntity
  8
BUSH
100
AcDbBlockReference
  2
СНЕЖНОЯГОДНИК_ДОРЕНБОЗА
 10
702.6210825590056
 20
14806.932677345729
 30
0.0
  0
INSERT
  5
514B
330
17
100
AcDbEntity
  8
BUSH
100
AcDbBlockReference
  2
СНЕЖНОЯГОДНИК_ДОРЕНБОЗА
 10
703.0630988424919
 20
14808.345446585974
 30
0.0
  0
INSERT
  5
514D
330
17
100
AcDbEntity
  8
BUSH
100
AcDbBlockReference
  2
СНЕЖНОЯГОДНИК_ДОРЕНБОЗА
 10
703.3045336420028
 20
14809.799017475229
 30
0.0
  0
INSERT
  5
514F
330
17
100
AcDbEntity
  8
BUSH
100
AcDbBlockReference
  2
СНЕЖНОЯГОДНИК_ДОРЕНБОЗА
 10
703.4389230798064
 20
14811.292985172004
 30
0.0
  0
INSERT
  5
5151
330
17
100
AcDbEntity
  8
BUSH
100
AcDbBlockReference
  2
СНЕЖНОЯГОДНИК_ДОРЕНБОЗА
 10
703.2869524087982
 20
14812.744829153637
 30
0.0
  0
INSERT
  5
5153
330
17
100
AcDbEntity
  8
BUSH
100
AcDbBlockReference
  2
СНЕЖНОЯГОДНИК_ДОРЕНБОЗА
 10
703.2779862505688
 20
14814.235281965019
 30
0.0
  0
INSERT
  5
5155
330
17
100
AcDbEntity
  8
BUSH
100
AcDbBlockReference
  2
СНЕЖНОЯГОДНИК_ДОРЕНБОЗА
 10
703.0632094858962
 20
14815.67015265713
 30
0.0
  0
INSERT
  5
5157
330
17
100
AcDbEntity
  8
BUSH
100
AcDbBlockReference
  2
СНЕЖНОЯГОДНИК_ДОРЕНБОЗА
 10
703.0389614069702
 20
14817.159348110512
 30
0.0
  0
INSERT
  5
5159
330
17
100
AcDbEntity
  8
BUSH
100
AcDbBlockReference
  2
СНЕЖНОЯГОДНИК_ДОРЕНБОЗА
 10
703.1733508275901
 20
14818.653315808833
 30
0.0
  0
INSERT
  5
515B
330
17
100
AcDbEntity
  8
BUSH
100
AcDbBlockReference
  2
СНЕЖНОЯГОДНИК_ДОРЕНБОЗА
 10
703.3077402651178
 20
14820.147283505632
 30
0.0
  0
INSERT
  5
515D
330
17
100
AcDbEntity
  8
BUSH
100
AcDbBlockReference
  2
СНЕЖНОЯГОДНИК_ДОРЕНБОЗА
 10
703.4421297089701
 20
14821.641251201863
 30
0.0
  0
INSERT
  5
515F
330
17
100
AcDbEntity
  8
BUSH
100
AcDbBlockReference
  2
СНЕЖНОЯГОДНИК_ДОРЕНБОЗА
 10
703.5765191550391
 20
14823.135218897894
 30
0.0
  0
INSERT
  5
5161
330
17
100
AcDbEntity
  8
BUSH
100
AcDbBlockReference
  2
СНЕЖНОЯГОДНИК_ДОРЕНБОЗА
 10
703.7110897826755
 20
14824.629165801834
 30
0.0
  0
INSERT
  5
5163
330
17
100
AcDbEntity
  8
BUSH
100
AcDbBlockReference
  2
СНЕЖНОЯГОДНИК_ДОРЕНБОЗА
 10
704.2757245726466
 20
14825.994734519256
 30
0.0
  0
INSERT
  5
5165
330
17
100
AcDbEntity
  8
BUSH
100
AcDbBlockReference
  2
СНЕЖНОЯГОДНИК_ДОРЕНБОЗА
 10
704.4679405366371
 20
14827.463652742597
 30
0.0
  0
INSERT
  5
5167
330
17
100
AcDbEntity
  8
BUSH
100
AcDbBlockReference
  2
СНЕЖНОЯГОДНИК_ДОРЕНБОЗА
 10
704.9554724324826
 20
14828.859306539824
 30
0.0
  0
INSERT
  5
5169
330
17
100
AcDbEntity
  8
BUSH
100
AcDbBlockReference
  2
СНЕЖНОЯГОДНИК_ДОРЕНБОЗА
 10
705.1513909534912
 20
14830.329984825827
 30
0.0
  0
INSERT
  5
516B
330
17
100
AcDbEntity
  8
BUSH
100
AcDbBlockReference
  2
СНЕЖНОЯГОДНИК_ДОРЕНБОЗА
 10
705.2857803855586
 20
14831.823952523117
 30
0.0
  0
INSERT
  5
516D
330
17
100
AcDbEntity
  8
BUSH
100
AcDbBlockReference
  2
СНЕЖНОЯГОДНИК_ДОРЕНБОЗА
 10
705.169241505652
 20
14833.278711746822
 30
0.0
  0
INSERT
  5
516F
330
17
100
AcDbEntity
  8
BUSH
100
AcDbBlockReference
  2
СНЕЖНОЯГОДНИК_ДОРЕНБОЗА
 10
705.1248435484403
 20
14834.766249320126
 30
0.0
  0
INSERT
  5
5171
330
17
100
AcDbEntity
  8
BUSH
100
AcDbBlockReference
  2
СНЕЖНОЯГОДНИК_ДОРЕНБОЗА
 10
704.949325401124
 20
14836.204655634205
 30
0.0
  0
INSERT
  5
5173
330
17
100
AcDbEntity
  8
BUSH
100
AcDbBlockReference
  2
СНЕЖНОЯГОДНИК_ДОРЕНБОЗА
 10
704.8858186663382
 20
14837.690315457474
 30
0.0
  0
INSERT
  5
5175
330
17
100
AcDbEntity
  8
BUSH
100
AcDbBlockReference
  2
СНЕЖНОЯГОДНИК_ДОРЕНБОЗА
 10
705.0202081067506
 20
14839.184283154014
 30
0.0
  0
INSERT
  5
5177
330
17
100
AcDbEntity
  8
BUSH
100
AcDbBlockReference
  2
СНЕЖНОЯГОДНИК_ДОРЕНБОЗА
 10
705.1545975306076
 20
14840.678250852045
 30
0.0
  0
INSERT
  5
5179
330
17
100
AcDbEntity
  8
BUSH
100
AcDbBlockReference
  2
СНЕЖНОЯГОДНИК_ДОРЕНБОЗА
 10
705.2889869702949
 20
14842.172218548649
 30
0.0
  0
INSERT
  5
517B
330
17
100
AcDbEntity
  8
BUSH
100
AcDbBlockReference
  2
СНЕЖНОЯГОДНИК_ДОРЕНБОЗА
 10
705.4233763985081
 20
14843.666186246288
 30
0.0
  0
INSERT
  5
517D
330
17
100
AcDbEntity
  8
BUSH
100
AcDbBlockReference
  2
СНЕЖНОЯГОДНИК_ДОРЕНБОЗА
 10
705.5577658547755
 20
14845.1601539414
 30
0.0
  0
INSERT
  5
517F
330
17
100
AcDbEntity
  8
BUSH
100
AcDbBlockReference
  2
СНЕЖНОЯГОДНИК_ДОРЕНБОЗА
 10
706.0566712714941
 20
14846.551529832193
 30
0.0
  0
INSERT
  5
5181
330
17
100
AcDbEntity
  8
BUSH
100
AcDbBlockReference
  2
СНЕЖНОЯГОДНИК_ДОРЕНБОЗА
 10
706.3147978618765
 20
14847.994620066585
 30
0.0
  0
INSERT
  5
5183
330
17
100
AcDbEntity
  8
BUSH
100
AcDbBlockReference
  2
СНЕЖНОЯГОДНИК_ДОРЕНБОЗА
 10
706.7410254794396
 20
14849.41332669004
 30
0.0
  0
INSERT
  5
5185
330
17
100
AcDbEntity
  8
BUSH
100
AcDbBlockReference
  2
СНЕЖНОЯГОДНИК_ДОРЕНБОЗА
 10
706.998248966364
 20
14850.860960187738
 30
0.0
  0
INSERT
  5
5187
330
17
100
AcDbEntity
  8
BUSH
100
AcDbBlockReference
  2
СНЕЖНОЯГОДНИК_ДОРЕНБОЗА
 10
707.132638396471
 20
14852.354927885204
 30
0.0
  0
INSERT
  5
5189
330
17
100
AcDbEntity
  8
BUSH
100
AcDbBlockReference
  2
СНЕЖНОЯГОДНИК_ДОРЕНБОЗА
 10
706.9520675301474
 20
14853.804418715667
 30
0.0
  0
INSERT
  5
518B
330
17
100
AcDbEntity
  8
BUSH
100
AcDbBlockReference
  2
СНЕЖНОЯГОДНИК_ДОРЕНБОЗА
 10
706.971701551292
 20
14855.29722467989
 30
0.0
  0
INSERT
  5
518D
330
17
100
AcDbEntity
  8
BUSH
100
AcDbBlockReference
  2
СНЕЖНОЯГОДНИК_ДОРЕНБОЗА
 10
706.7389880243607
 20
14856.73061957535
 30
0.0
  0
INSERT
  5
518F
330
17
100
AcDbEntity
  8
BUSH
100
AcDbBlockReference
  2
СНЕЖНОЯГОДНИК_ДОРЕНБОЗА
 10
706.7326766941928
 20
14858.22129082009
 30
0.0
  0
INSERT
  5
5191
330
17
100
AcDbEntity
  8
BUSH
100
AcDbBlockReference
  2
СНЕЖНОЯГОДНИК_ДОРЕНБОЗА
 10
706.8670661237426
 20
14859.715258517608
 30
0.0
  0
INSERT
  5
5193
330
17
100
AcDbEntity
  8
BUSH
100
AcDbBlockReference
  2
СНЕЖНОЯГОДНИК_ДОРЕНБОЗА
 10
707.0014555521219
 20
14861.209226215231
 30
0.0
  0
INSERT
  5
5195
330
17
100
AcDbEntity
  8
BUSH
100
AcDbBlockReference
  2
СНЕЖНОЯГОДНИК_ДОРЕНБОЗА
 10
707.1358450093629
 20
14862.703193910258
 30
0.0
  0
INSERT
  5
5197
330
17
100
AcDbEntity
  8
BUSH
100
AcDbBlockReference
  2
СНЕЖНОЯГОДНИК_ДОРЕНБОЗА
 10
707.2702344487476
 20
14864.19716160689
 30
0.0
  0
INSERT
  5
5199
330
17
100
AcDbEntity
  8
BUSH
100
AcDbBlockReference
  2
СНЕЖНОЯГОДНИК_ДОРЕНБОЗА
 10
707.4065295866212
 20
14865.69091061119
 30
0.0
  0
INSERT
  5
519B
330
17
100
AcDbEntity
  8
BUSH
100
AcDbBlockReference
  2
СНЕЖНОЯГОДНИК_ДОРЕНБОЗА
 10
707.9897990351984
 20
14867.047857976388
 30
0.0
  0
INSERT
  5
519D
330
17
100
AcDbEntity
  8
BUSH
100
AcDbBlockReference
  2
СНЕЖНОЯГОДНИК_ДОРЕНБОЗА
 10
708.1616558804582
 20
14868.525595430554
 30
0.0
  0
INSERT
  5
519F
330
17
100
AcDbEntity
  8
BUSH
100
AcDbBlockReference
  2
СНЕЖНОЯГОДНИК_ДОРЕНБОЗА
 10
708.6593963516863
 20
14869.917409402779
 30
0.0
  0
INSERT
  5
51A1
330
17
100
AcDbEntity
  8
BUSH
100
AcDbBlockReference
  2
СНЕЖНОЯГОДНИК_ДОРЕНБОЗА
 10
708.8451069815534
 20
14871.391935556918
 30
0.0
  0
INSERT
  5
51A3
330
17
100
AcDbEntity
  8
BUSH
100
AcDbBlockReference
  2
СНЕЖНОЯГОДНИК_ДОРЕНБОЗА
 10
708.979496414173
 20
14872.885903254159
 30
0.0
  0
INSERT
  5
51A5
330
17
100
AcDbEntity
  8
BUSH
100
AcDbBlockReference
  2
СНЕЖНОЯГОДНИК_ДОРЕНБОЗА
 10
708.7527110055496
 20
14874.333542300388
 30
0.0
  0
INSERT
  5
51A7
330
17
100
AcDbEntity
  8
BUSH
100
AcDbBlockReference
  2
СНЕЖНОЯГОДНИК_ДОРЕНБОЗА
 10
708.8185595805298
 20
14875.82820004794
 30
0.0
  0
INSERT
  5
51A9
330
17
100
AcDbEntity
  8
BUSH
100
AcDbBlockReference
  2
СНЕЖНОЯГОДНИК_ДОРЕНБОЗА
 10
708.5571082903776
 20
14877.259230472286
 30
0.0
  0
INSERT
  5
51AB
330
17
100
AcDbEntity
  8
BUSH
100
AcDbBlockReference
  2
СНЕЖНОЯГОДНИК_ДОРЕНБОЗА
 10
708.5795346984172
 20
14878.752266188527
 30
0.0
  0
INSERT
  5
51AD
330
17
100
AcDbEntity
  8
BUSH
100
AcDbBlockReference
  2
СНЕЖНОЯГОДНИК_ДОРЕНБОЗА
 10
708.7139241397348
 20
14880.246233884987
 30
0.0
  0
INSERT
  5
51AF
330
17
100
AcDbEntity
  8
BUSH
100
AcDbBlockReference
  2
СНЕЖНОЯГОДНИК_ДОРЕНБОЗА
 10
708.848313571244
 20
14881.740201582328
 30
0.0
  0
INSERT
  5
51B1
330
17
100
AcDbEntity
  8
BUSH
100
AcDbBlockReference
  2
СНЕЖНОЯГОДНИК_ДОРЕНБОЗА
 10
708.9827030007862
 20
14883.234169279845
 30
0.0
  0
INSERT
  5
51B3
330
17
100
AcDbEntity
  8
BUSH
100
AcDbBlockReference
  2
СНЕЖНОЯГОДНИК_ДОРЕНБОЗА
 10
709.1170924561275
 20
14884.728136975044
 30
0.0
  0
INSERT
  5
51B5
330
17
100
AcDbEntity
  8
BUSH
100
AcDbBlockReference
  2
СНЕЖНОЯГОДНИК_ДОРЕНБОЗА
 10
709.2587152840346
 20
14886.221274591368
 30
0.0
  0
INSERT
  5
51B7
330
17
100
AcDbEntity
  8
BUSH
100
AcDbBlockReference
  2
СНЕЖНОЯГОДНИК_ДОРЕНБОЗА
 10
709.8741244545646
 20
14887.562603104372
 30
0.0
  0
INSERT
  5
51B9
330
17
100
AcDbEntity
  8
BUSH
100
AcDbBlockReference
  2
СНЕЖНОЯГОДНИК_ДОРЕНБОЗА
 10
710.0112080484121
 20
14889.056261628635
 30
0.0
  0
INSERT
  5
51BB
330
17
100
AcDbEntity
  8
BUSH
100
AcDbBlockReference
  2
СНЕЖНОЯГОДНИК_ДОРЕНБОЗА
 10
710.5575755451557
 20
14890.428943237015
 30
0.0
  0
INSERT
  5
51BD
330
17
100
AcDbEntity
  8
BUSH
100
AcDbBlockReference
  2
СНЕЖНОЯГОДНИК_ДОРЕНБОЗА
 10
710.691964980567
 20
14891.922910934005
 30
0.0
  0
INSERT
  5
51BF
330
17
100
AcDbEntity
  8
BUSH
100
AcDbBlockReference
  2
СНЕЖНОЯГОДНИК_ДОРЕНБОЗА
 10
710.8263544267712
 20
14893.416878630023
 30
0.0
  0
INSERT
  5
51C1
330
17
100
AcDbEntity
  8
BUSH
100
AcDbBlockReference
  2
СНЕЖНОЯГОДНИК_ДОРЕНБОЗА
 10
710.9607438729755
 20
14894.910846326044
 30
0.0
  0
INSERT
  5
51C3
330
17
100
AcDbEntity
  8
BUSH
100
AcDbBlockReference
  2
СНЕЖНОЯГОДНИК_ДОРЕНБОЗА
 10
711.0445022705205
 20
14896.387036707572
 30
0.0
  0
INSERT
  5
51C5
330
17
100
AcDbEntity
  8
BUSH
100
AcDbBlockReference
  2
СНЕЖНОЯГОДНИК_ДОРЕНБОЗА
 10
710.3726140393941
 20
14897.702142967402
 30
0.0
  0
INSERT
  5
51C7
330
17
100
AcDbEntity
  8
BUSH
100
AcDbBlockReference
  2
СНЕЖНОЯГОДНИК_ДОРЕНБОЗА
 10
710.4185537290957
 20
14899.196143688001
 30
0.0
  0
INSERT
  5
51C9
330
17
100
AcDbEntity
  8
BUSH
100
AcDbBlockReference
  2
СНЕЖНОЯГОДНИК_ДОРЕНБОЗА
 10
710.5529472677086
 20
14900.690111015869
 30
0.0
  0
INSERT
  5
51CB
330
17
100
AcDbEntity
  8
BUSH
100
AcDbBlockReference
  2
СНЕЖНОЯГОДНИК_ДОРЕНБОЗА
 10
710.6873215986907
 20
14902.18408007021
 30
0.0
  0
INSERT
  5
51CD
330
17
100
AcDbEntity
  8
BUSH
100
AcDbBlockReference
  2
СНЕЖНОЯГОДНИК_ДОРЕНБОЗА
 10
710.8215727742493
 20
14903.678060194312
 30
0.0
  0
INSERT
  5
51CF
330
17
100
AcDbEntity
  8
BUSH
100
AcDbBlockReference
  2
СНЕЖНОЯГОДНИК_ДОРЕНБОЗА
 10
710.9559191663365
 20
14905.172031762628
 30
0.0
  0
INSERT
  5
51D1
330
17
100
AcDbEntity
  8
BUSH
100
AcDbBlockReference
  2
СНЕЖНОЯГОДНИК_ДОРЕНБОЗА
 10
711.0997588054763
 20
14906.66491421467
 30
0.0
  0
INSERT
  5
51D3
330
17
100
AcDbEntity
  8
BUSH
100
AcDbBlockReference
  2
СНЕЖНОЯГОДНИК_ДОРЕНБОЗА
 10
711.764983376262
 20
14907.983948744606
 30
0.0
  0
INSERT
  5
51D5
330
17
100
AcDbEntity
  8
BUSH
100
AcDbBlockReference
  2
СНЕЖНОЯГОДНИК_ДОРЕНБОЗА
 10
712.2543631660662
 20
14909.291630303122
 30
0.0
  0
INSERT
  5
51D7
330
17
100
AcDbEntity
  8
BUSH
100
AcDbBlockReference
  2
СНЕЖНОЯГОДНИК_ДОРЕНБОЗА
 10
712.3887526018977
 20
14910.785598000075
 30
0.0
  0
INSERT
  5
51D9
330
17
100
AcDbEntity
  8
BUSH
100
AcDbBlockReference
  2
СНЕЖНОЯГОДНИК_ДОРЕНБОЗА
 10
712.5231420379135
 20
14912.27956569701
 30
0.0
  0
INSERT
  5
51DB
330
17
100
AcDbEntity
  8
BUSH
100
AcDbBlockReference
  2
СНЕЖНОЯГОДНИК_ДОРЕНБОЗА
 10
712.6575314739293
 20
14913.773533393945
 30
0.0
  0
INSERT
  5
51DD
330
17
100
AcDbEntity
  8
BUSH
100
AcDbBlockReference
  2
СНЕЖНОЯГОДНИК_ДОРЕНБОЗА
 10
712.7919209099452
 20
14915.26750109088
 30
0.0
  0
INSERT
  5
51DF
330
17
100
AcDbEntity
  8
BUSH
100
AcDbBlockReference
  2
СНЕЖНОЯГОДНИК_ДОРЕНБОЗА
 10
713.2641708887277
 20
14916.668900849712
 30
0.0
  0
INSERT
  5
51E1
330
17
100
AcDbEntity
  8
BUSH
100
AcDbBlockReference
  2
СНЕЖНОЯГОДНИК_ДОРЕНБОЗА
 10
714.4383043104996
 20
14917.564075386359
 30
0.0
  0
INSERT
  5
51E3
330
17
100
AcDbEntity
  8
BUSH
100
AcDbBlockReference
  2
СНЕЖНОЯГОДНИК_ДОРЕНБОЗА
 10
715.9178464353519
 20
14917.673950234826
 30
0.0
  0
INSERT
  5
51E5
330
17
100
AcDbEntity
  8
BUSH
100
AcDbBlockReference
  2
СНЕЖНОЯГОДНИК_ДОРЕНБОЗА
 10
717.411814131894
 20
14917.539560794436
 30
0.0
  0
INSERT
  5
51E7
330
17
100
AcDbEntity
  8
BUSH
100
AcDbBlockReference
  2
СНЕЖНОЯГОДНИК_ДОРЕНБОЗА
 10
718.905781828436
 20
14917.405171354043
 30
0.0
  0
INSERT
  5
51E9
330
17
100
AcDbEntity
  8
BUSH
100
AcDbBlockReference
  2
СНЕЖНОЯГОДНИК_ДОРЕНБОЗА
 10
720.3997495249781
 20
14917.270781913652
 30
0.0
  0
INSERT
  5
51EB
330
17
100
AcDbEntity
  8
BUSH
100
AcDbBlockReference
  2
СНЕЖНОЯГОДНИК_ДОРЕНБОЗА
 10
721.8937172234497
 20
14917.13639249471
 30
0.0
  0
INSERT
  5
51ED
330
17
100
AcDbEntity
  8
BUSH
100
AcDbBlockReference
  2
СНЕЖНОЯГОДНИК_ДОРЕНБОЗА
 10
723.3596087347307
 20
14916.865186367877
 30
0.0
  0
INSERT
  5
51F5
330
17
100
AcDbEntity
  8
BUSH
100
AcDbBlockReference
  2
СНЕЖНОЯГОДНИК_ДОРЕНБОЗА
 10
728.962848397374
 20
14915.503811161338
 30
0.0
  0
INSERT
  5
5207
330
17
100
AcDbEntity
  8
BUSH
100
AcDbBlockReference
  2
СНЕЖНОЯГОДНИК_ДОРЕНБОЗА
 10
730.2753441577306
 20
14903.177842113508
 30
0.0
  0
INSERT
  5
5209
330
17
100
AcDbEntity
  8
BUSH
100
AcDbBlockReference
  2
СНЕЖНОЯГОДНИК_ДОРЕНБОЗА
 10
730.1409546959916
 20
14901.683874418886
 30
0.0
  0
INSERT
  5
520B
330
17
100
AcDbEntity
  8
BUSH
100
AcDbBlockReference
  2
СНЕЖНОЯГОДНИК_ДОРЕНБОЗА
 10
730.0065652565646
 20
14900.189906722257
 30
0.0
  0
INSERT
  5
520D
330
17
100
AcDbEntity
  8
BUSH
100
AcDbBlockReference
  2
СНЕЖНОЯГОДНИК_ДОРЕНБОЗА
 10
729.8721758177137
 20
14898.695939025576
 30
0.0
  0
INSERT
  5
520F
330
17
100
AcDbEntity
  8
BUSH
100
AcDbBlockReference
  2
СНЕЖНОЯГОДНИК_ДОРЕНБОЗА
 10
729.7377863777348
 20
14897.201971328997
 30
0.0
  0
INSERT
  5
5211
330
17
100
AcDbEntity
  8
BUSH
100
AcDbBlockReference
  2
СНЕЖНОЯГОДНИК_ДОРЕНБОЗА
 10
729.6033969377557
 20
14895.708003632419
 30
0.0
  0
INSERT
  5
5213
330
17
100
AcDbEntity
  8
BUSH
100
AcDbBlockReference
  2
СНЕЖНОЯГОДНИК_ДОРЕНБОЗА
 10
729.4690074977768
 20
14894.21403593584
 30
0.0
  0
INSERT
  5
5215
330
17
100
AcDbEntity
  8
BUSH
100
AcDbBlockReference
  2
СНЕЖНОЯГОДНИК_ДОРЕНБОЗА
 10
729.334618062519
 20
14892.720068238836
 30
0.0
  0
INSERT
  5
5217
330
17
100
AcDbEntity
  8
BUSH
100
AcDbBlockReference
  2
СНЕЖНОЯГОДНИК_ДОРЕНБОЗА
 10
729.200228627395
 20
14891.226100541819
 30
0.0
  0
INSERT
  5
5219
330
17
100
AcDbEntity
  8
BUSH
100
AcDbBlockReference
  2
СНЕЖНОЯГОДНИК_ДОРЕНБОЗА
 10
729.0658391910252
 20
14889.732132844916
 30
0.0
  0
INSERT
  5
521B
330
17
100
AcDbEntity
  8
BUSH
100
AcDbBlockReference
  2
СНЕЖНОЯГОДНИК_ДОРЕНБОЗА
 10
728.9314497541571
 20
14888.238165148057
 30
0.0
  0
INSERT
  5
521D
330
17
100
AcDbEntity
  8
BUSH
100
AcDbBlockReference
  2
СНЕЖНОЯГОДНИК_ДОРЕНБОЗА
 10
728.7970603195232
 20
14886.744197450997
 30
0.0
  0
INSERT
  5
521F
330
17
100
AcDbEntity
  8
BUSH
100
AcDbBlockReference
  2
СНЕЖНОЯГОДНИК_ДОРЕНБОЗА
 10
728.6626708861761
 20
14885.250229753821
 30
0.0
  0
INSERT
  5
5221
330
17
100
AcDbEntity
  8
BUSH
100
AcDbBlockReference
  2
СНЕЖНОЯГОДНИК_ДОРЕНБОЗА
 10
728.528281452829
 20
14883.756262056644
 30
0.0
  0
INSERT
  5
5223
330
17
100
AcDbEntity
  8
BUSH
100
AcDbBlockReference
  2
СНЕЖНОЯГОДНИК_ДОРЕНБОЗА
 10
728.3938920194819
 20
14882.262294359469
 30
0.0
  0
INSERT
  5
5225
330
17
100
AcDbEntity
  8
BUSH
100
AcDbBlockReference
  2
СНЕЖНОЯГОДНИК_ДОРЕНБОЗА
 10
728.2595025814635
 20
14880.768326662714
 30
0.0
  0
INSERT
  5
5227
330
17
100
AcDbEntity
  8
BUSH
100
AcDbBlockReference
  2
СНЕЖНОЯГОДНИК_ДОРЕНБОЗА
 10
728.125113154893
 20
14879.274358964929
 30
0.0
  0
INSERT
  5
5229
330
17
100
AcDbEntity
  8
BUSH
100
AcDbBlockReference
  2
СНЕЖНОЯГОДНИК_ДОРЕНБОЗА
 10
727.990723713604
 20
14877.780391268467
 30
0.0
  0
INSERT
  5
522B
330
17
100
AcDbEntity
  8
BUSH
100
AcDbBlockReference
  2
СНЕЖНОЯГОДНИК_ДОРЕНБОЗА
 10
727.8563342798593
 20
14876.286423571328
 30
0.0
  0
INSERT
  5
522D
330
17
100
AcDbEntity
  8
BUSH
100
AcDbBlockReference
  2
СНЕЖНОЯГОДНИК_ДОРЕНБОЗА
 10
727.7219448461146
 20
14874.792455874187
 30
0.0
  0
INSERT
  5
522F
330
17
100
AcDbEntity
  8
BUSH
100
AcDbBlockReference
  2
СНЕЖНОЯГОДНИК_ДОРЕНБОЗА
 10
727.58755541237
 20
14873.298488177046
 30
0.0
  0
INSERT
  5
5231
330
17
100
AcDbEntity
  8
BUSH
100
AcDbBlockReference
  2
СНЕЖНОЯГОДНИК_ДОРЕНБОЗА
 10
727.4531659751265
 20
14871.804520480222
 30
0.0
  0
INSERT
  5
5233
330
17
100
AcDbEntity
  8
BUSH
100
AcDbBlockReference
  2
СНЕЖНОЯГОДНИК_ДОРЕНБОЗА
 10
727.3187765364823
 20
14870.310552783523
 30
0.0
  0
INSERT
  5
5235
330
17
100
AcDbEntity
  8
BUSH
100
AcDbBlockReference
  2
СНЕЖНОЯГОДНИК_ДОРЕНБОЗА
 10
727.1843870978381
 20
14868.816585086823
 30
0.0
  0
INSERT
  5
5237
330
17
100
AcDbEntity
  8
BUSH
100
AcDbBlockReference
  2
СНЕЖНОЯГОДНИК_ДОРЕНБОЗА
 10
727.0499976591939
 20
14867.322617390124
 30
0.0
  0
INSERT
  5
5239
330
17
100
AcDbEntity
  8
BUSH
100
AcDbBlockReference
  2
СНЕЖНОЯГОДНИК_ДОРЕНБОЗА
 10
726.915608224151
 20
14865.828649693101
 30
0.0
  0
INSERT
  5
523B
330
17
100
AcDbEntity
  8
BUSH
100
AcDbBlockReference
  2
СНЕЖНОЯГОДНИК_ДОРЕНБОЗА
 10
726.7812187899164
 20
14864.334681996004
 30
0.0
  0
INSERT
  5
523D
330
17
100
AcDbEntity
  8
BUSH
100
AcDbBlockReference
  2
СНЕЖНОЯГОДНИК_ДОРЕНБОЗА
 10
726.6468293556817
 20
14862.840714298909
 30
0.0
  0
INSERT
  5
523F
330
17
100
AcDbEntity
  8
BUSH
100
AcDbBlockReference
  2
СНЕЖНОЯГОДНИК_ДОРЕНБОЗА
 10
726.5124399171114
 20
14861.346746602203
 30
0.0
  0
INSERT
  5
5241
330
17
100
AcDbEntity
  8
BUSH
100
AcDbBlockReference
  2
СНЕЖНОЯГОДНИК_ДОРЕНБОЗА
 10
726.3780504864181
 20
14859.852778904788
 30
0.0
  0
INSERT
  5
5243
330
17
100
AcDbEntity
  8
BUSH
100
AcDbBlockReference
  2
СНЕЖНОЯГОДНИК_ДОРЕНБОЗА
 10
726.2436610477858
 20
14858.358811208089
 30
0.0
  0
INSERT
  5
5245
330
17
100
AcDbEntity
  8
BUSH
100
AcDbBlockReference
  2
СНЕЖНОЯГОДНИК_ДОРЕНБОЗА
 10
726.1092716084875
 20
14856.864843511448
 30
0.0
  0
INSERT
  5
5247
330
17
100
AcDbEntity
  8
BUSH
100
AcDbBlockReference
  2
СНЕЖНОЯГОДНИК_ДОРЕНБОЗА
 10
725.9748821691891
 20
14855.370875814808
 30
0.0
  0
INSERT
  5
5249
330
17
100
AcDbEntity
  8
BUSH
100
AcDbBlockReference
  2
СНЕЖНОЯГОДНИК_ДОРЕНБОЗА
 10
725.8404927298908
 20
14853.876908118167
 30
0.0
  0
INSERT
  5
524B
330
17
100
AcDbEntity
  8
BUSH
100
AcDbBlockReference
  2
СНЕЖНОЯГОДНИК_ДОРЕНБОЗА
 10
725.706103292295
 20
14852.382940421374
 30
0.0
  0
INSERT
  5
524D
330
17
100
AcDbEntity
  8
BUSH
100
AcDbBlockReference
  2
СНЕЖНОЯГОДНИК_ДОРЕНБОЗА
 10
725.5717138585514
 20
14850.888972724233
 30
0.0
  0
INSERT
  5
524F
330
17
100
AcDbEntity
  8
BUSH
100
AcDbBlockReference
  2
СНЕЖНОЯГОДНИК_ДОРЕНБОЗА
 10
725.4373244248079
 20
14849.395005027092
 30
0.0
  0
INSERT
  5
5251
330
17
100
AcDbEntity
  8
BUSH
100
AcDbBlockReference
  2
СНЕЖНОЯГОДНИК_ДОРЕНБОЗА
 10
725.3029349910644
 20
14847.901037329953
 30
0.0
  0
INSERT
  5
5253
330
17
100
AcDbEntity
  8
BUSH
100
AcDbBlockReference
  2
СНЕЖНОЯГОДНИК_ДОРЕНБОЗА
 10
725.1685455562923
 20
14846.407069632905
 30
0.0
  0
INSERT
  5
5255
330
17
100
AcDbEntity
  8
BUSH
100
AcDbBlockReference
  2
СНЕЖНОЯГОДНИК_ДОРЕНБОЗА
 10
725.0341561190726
 20
14844.913101936078
 30
0.0
  0
INSERT
  5
5257
330
17
100
AcDbEntity
  8
BUSH
100
AcDbBlockReference
  2
СНЕЖНОЯГОДНИК_ДОРЕНБОЗА
 10
724.8997666818528
 20
14843.419134239251
 30
0.0
  0
INSERT
  5
5259
330
17
100
AcDbEntity
  8
BUSH
100
AcDbBlockReference
  2
СНЕЖНОЯГОДНИК_ДОРЕНБОЗА
 10
724.7653772446331
 20
14841.925166542424
 30
0.0
  0
INSERT
  5
525B
330
17
100
AcDbEntity
  8
BUSH
100
AcDbBlockReference
  2
СНЕЖНОЯГОДНИК_ДОРЕНБОЗА
 10
724.6309878074134
 20
14840.431198845596
 30
0.0
  0
INSERT
  5
525D
330
17
100
AcDbEntity
  8
BUSH
100
AcDbBlockReference
  2
СНЕЖНОЯГОДНИК_ДОРЕНБОЗА
 10
724.4965983701936
 20
14838.937231148768
 30
0.0
  0
INSERT
  5
525F
330
17
100
AcDbEntity
  8
BUSH
100
AcDbBlockReference
  2
СНЕЖНОЯГОДНИК_ДОРЕНБОЗА
 10
724.3622089329739
 20
14837.443263451942
 30
0.0
  0
INSERT
  5
5261
330
17
100
AcDbEntity
  8
BUSH
100
AcDbBlockReference
  2
СНЕЖНОЯГОДНИК_ДОРЕНБОЗА
 10
724.2278194957541
 20
14835.949295755114
 30
0.0
  0
INSERT
  5
5263
330
17
100
AcDbEntity
  8
BUSH
100
AcDbBlockReference
  2
СНЕЖНОЯГОДНИК_ДОРЕНБОЗА
 10
724.0934300585344
 20
14834.455328058286
 30
0.0
  0
INSERT
  5
5265
330
17
100
AcDbEntity
  8
BUSH
100
AcDbBlockReference
  2
СНЕЖНОЯГОДНИК_ДОРЕНБОЗА
 10
723.9590406213147
 20
14832.961360361458
 30
0.0
  0
INSERT
  5
5267
330
17
100
AcDbEntity
  8
BUSH
100
AcDbBlockReference
  2
СНЕЖНОЯГОДНИК_ДОРЕНБОЗА
 10
723.824651185886
 20
14831.46739266447
 30
0.0
  0
INSERT
  5
5269
330
17
100
AcDbEntity
  8
BUSH
100
AcDbBlockReference
  2
СНЕЖНОЯГОДНИК_ДОРЕНБОЗА
 10
723.6902617514594
 20
14829.973424967391
 30
0.0
  0
INSERT
  5
526B
330
17
100
AcDbEntity
  8
BUSH
100
AcDbBlockReference
  2
СНЕЖНОЯГОДНИК_ДОРЕНБОЗА
 10
723.5558723170329
 20
14828.479457270312
 30
0.0
  0
INSERT
  5
526D
330
17
100
AcDbEntity
  8
BUSH
100
AcDbBlockReference
  2
СНЕЖНОЯГОДНИК_ДОРЕНБОЗА
 10
723.4214828826064
 20
14826.985489573235
 30
0.0
  0
INSERT
  5
526F
330
17
100
AcDbEntity
  8
BUSH
100
AcDbBlockReference
  2
СНЕЖНОЯГОДНИК_ДОРЕНБОЗА
 10
723.2870934402268
 20
14825.491521876871
 30
0.0
  0
INSERT
  5
5271
330
17
100
AcDbEntity
  8
BUSH
100
AcDbBlockReference
  2
СНЕЖНОЯГОДНИК_ДОРЕНБОЗА
 10
723.1527040002337
 20
14823.997554180292
 30
0.0
  0
INSERT
  5
5273
330
17
100
AcDbEntity
  8
BUSH
100
AcDbBlockReference
  2
СНЕЖНОЯГОДНИК_ДОРЕНБОЗА
 10
723.0183145651804
 20
14822.503586483272
 30
0.0
  0
INSERT
  5
5275
330
17
100
AcDbEntity
  8
BUSH
100
AcDbBlockReference
  2
СНЕЖНОЯГОДНИК_ДОРЕНБОЗА
 10
722.883925130127
 20
14821.00961878625
 30
0.0
  0
INSERT
  5
5277
330
17
100
AcDbEntity
  8
BUSH
100
AcDbBlockReference
  2
СНЕЖНОЯГОДНИК_ДОРЕНБОЗА
 10
722.7495356950736
 20
14819.515651089227
 30
0.0
  0
INSERT
  5
5279
330
17
100
AcDbEntity
  8
BUSH
100
AcDbBlockReference
  2
СНЕЖНОЯГОДНИК_ДОРЕНБОЗА
 10
722.6151462600202
 20
14818.021683392204
 30
0.0
  0
INSERT
  5
527B
330
17
100
AcDbEntity
  8
BUSH
100
AcDbBlockReference
  2
СНЕЖНОЯГОДНИК_ДОРЕНБОЗА
 10
722.4807568256361
 20
14816.527715695122
 30
0.0
  0
INSERT
  5
527D
330
17
100
AcDbEntity
  8
BUSH
100
AcDbBlockReference
  2
СНЕЖНОЯГОДНИК_ДОРЕНБОЗА
 10
722.3463673922234
 20
14815.033747997952
 30
0.0
  0
INSERT
  5
527F
330
17
100
AcDbEntity
  8
BUSH
100
AcDbBlockReference
  2
СНЕЖНОЯГОДНИК_ДОРЕНБОЗА
 10
722.2119779588107
 20
14813.539780300782
 30
0.0
  0
INSERT
  5
5281
330
17
100
AcDbEntity
  8
BUSH
100
AcDbBlockReference
  2
СНЕЖНОЯГОДНИК_ДОРЕНБОЗА
 10
722.077588525398
 20
14812.045812603612
 30
0.0
  0
INSERT
  5
5283
330
17
100
AcDbEntity
  8
BUSH
100
AcDbBlockReference
  2
СНЕЖНОЯГОДНИК_ДОРЕНБОЗА
 10
721.9431990842478
 20
14810.551844907139
 30
0.0
  0
INSERT
  5
5285
330
17
100
AcDbEntity
  8
BUSH
100
AcDbBlockReference
  2
СНЕЖНОЯГОДНИК_ДОРЕНБОЗА
 10
721.8088096411548
 20
14809.057877210838
 30
0.0
  0
INSERT
  5
5287
330
17
100
AcDbEntity
  8
BUSH
100
AcDbBlockReference
  2
СНЕЖНОЯГОДНИК_ДОРЕНБОЗА
 10
721.6744201980619
 20
14807.56390951454
 30
0.0
  0
INSERT
  5
5289
330
17
100
AcDbEntity
  8
BUSH
100
AcDbBlockReference
  2
СНЕЖНОЯГОДНИК_ДОРЕНБОЗА
 10
721.5400307549688
 20
14806.069941818241
 30
0.0
  0
INSERT
  5
528B
330
17
100
AcDbEntity
  8
BUSH
100
AcDbBlockReference
  2
СНЕЖНОЯГОДНИК_ДОРЕНБОЗА
 10
721.4090887762859
 20
14804.57566846703
 30
0.0
  0
INSERT
  5
528D
330
17
100
AcDbEntity
  8
BUSH
100
AcDbBlockReference
  2
СНЕЖНОЯГОДНИК_ДОРЕНБОЗА
 10
721.2785353592587
 20
14803.08136066564
 30
0.0
  0
INSERT
  5
528F
330
17
100
AcDbEntity
  8
BUSH
100
AcDbBlockReference
  2
СНЕЖНОЯГОДНИК_ДОРЕНБОЗА
 10
721.1479819422316
 20
14801.587052864246
 30
0.0
  0
INSERT
  5
5291
330
17
100
AcDbEntity
  8
BUSH
100
AcDbBlockReference
  2
СНЕЖНОЯГОДНИК_ДОРЕНБОЗА
 10
721.0174285252043
 20
14800.092745062853
 30
0.0
  0
INSERT
  5
5293
330
17
100
AcDbEntity
  8
BUSH
100
AcDbBlockReference
  2
СНЕЖНОЯГОДНИК_ДОРЕНБОЗА
 10
720.8868751081772
 20
14798.59843726146
 30
0.0
  0
INSERT
  5
5295
330
17
100
AcDbEntity
  8
BUSH
100
AcDbBlockReference
  2
СНЕЖНОЯГОДНИК_ДОРЕНБОЗА
 10
720.75632169115
 20
14797.104129460069
 30
0.0
  0
INSERT
  5
5297
330
17
100
AcDbEntity
  8
BUSH
100
AcDbBlockReference
  2
СНЕЖНОЯГОДНИК_ДОРЕНБОЗА
 10
720.6257682741228
 20
14795.609821658676
 30
0.0
  0
INSERT
  5
5299
330
17
100
AcDbEntity
  8
BUSH
100
AcDbBlockReference
  2
СНЕЖНОЯГОДНИК_ДОРЕНБОЗА
 10
720.4952148570957
 20
14794.115513857283
 30
0.0
  0
INSERT
  5
529B
330
17
100
AcDbEntity
  8
BUSH
100
AcDbBlockReference
  2
СНЕЖНОЯГОДНИК_ДОРЕНБОЗА
 10
720.3646614400685
 20
14792.62120605589
 30
0.0
  0
INSERT
  5
529D
330
17
100
AcDbEntity
  8
BUSH
100
AcDbBlockReference
  2
СНЕЖНОЯГОДНИК_ДОРЕНБОЗА
 10
720.2335749274715
 20
14791.1269454329
 30
0.0
  0
INSERT
  5
529F
330
17
100
AcDbEntity
  8
BUSH
100
AcDbBlockReference
  2
СНЕЖНОЯГОДНИК_ДОРЕНБОЗА
 10
720.0996451423274
 20
14789.632936459482
 30
0.0
  0
INSERT
  5
52A1
330
17
100
AcDbEntity
  8
BUSH
100
AcDbBlockReference
  2
СНЕЖНОЯГОДНИК_ДОРЕНБОЗА
 10
719.9657153571833
 20
14788.138927486065
 30
0.0
  0
INSERT
  5
52A3
330
17
100
AcDbEntity
  8
BUSH
100
AcDbBlockReference
  2
СНЕЖНОЯГОДНИК_ДОРЕНБОЗА
 10
719.8317855720392
 20
14786.644918512648
 30
0.0
  0
INSERT
  5
52A5
330
17
100
AcDbEntity
  8
BUSH
100
AcDbBlockReference
  2
СНЕЖНОЯГОДНИК_ДОРЕНБОЗА
 10
719.697855786408
 20
14785.150909539274
 30
0.0
  0
INSERT
  5
52A7
330
17
100
AcDbEntity
  8
BUSH
100
AcDbBlockReference
  2
СНЕЖНОЯГОДНИК_ДОРЕНБОЗА
 10
719.5639259976232
 20
14783.656900566182
 30
0.0
  0
INSERT
  5
52A9
330
17
100
AcDbEntity
  8
BUSH
100
AcDbBlockReference
  2
СНЕЖНОЯГОДНИК_ДОРЕНБОЗА
 10
719.4299962088384
 20
14782.162891593092
 30
0.0
  0
INSERT
  5
52AB
330
17
100
AcDbEntity
  8
BUSH
100
AcDbBlockReference
  2
СНЕЖНОЯГОДНИК_ДОРЕНБОЗА
 10
719.2960664200534
 20
14780.66888262
 30
0.0
  0
INSERT
  5
52AD
330
17
100
AcDbEntity
  8
BUSH
100
AcDbBlockReference
  2
СНЕЖНОЯГОДНИК_ДОРЕНБОЗА
 10
719.1621366312686
 20
14779.17487364691
 30
0.0
  0
INSERT
  5
52AF
330
17
100
AcDbEntity
  8
BUSH
100
AcDbBlockReference
  2
СНЕЖНОЯГОДНИК_ДОРЕНБОЗА
 10
719.0282068424838
 20
14777.680864673819
 30
0.0
  0
INSERT
  5
52B1
330
17
100
AcDbEntity
  8
BUSH
100
AcDbBlockReference
  2
СНЕЖНОЯГОДНИК_ДОРЕНБОЗА
 10
718.8942770536989
 20
14776.186855700727
 30
0.0
  0
INSERT
  5
52B3
330
17
100
AcDbEntity
  8
BUSH
100
AcDbBlockReference
  2
СНЕЖНОЯГОДНИК_ДОРЕНБОЗА
 10
718.7603472649141
 20
14774.692846727638
 30
0.0
  0
INSERT
  5
52B5
330
17
100
AcDbEntity
  8
BUSH
100
AcDbBlockReference
  2
СНЕЖНОЯГОДНИК_ДОРЕНБОЗА
 10
718.6264174761293
 20
14773.198837754546
 30
0.0
  0
INSERT
  5
52B7
330
17
100
AcDbEntity
  8
BUSH
100
AcDbBlockReference
  2
СНЕЖНОЯГОДНИК_ДОРЕНБОЗА
 10
718.4924876871737
 20
14771.70482878147
 30
0.0
  0
INSERT
  5
52B9
330
17
100
AcDbEntity
  8
BUSH
100
AcDbBlockReference
  2
СНЕЖНОЯГОДНИК_ДОРЕНБОЗА
 10
718.3585578950406
 20
14770.21081980868
 30
0.0
  0
INSERT
  5
52BB
330
17
100
AcDbEntity
  8
BUSH
100
AcDbBlockReference
  2
СНЕЖНОЯГОДНИК_ДОРЕНБОЗА
 10
718.2246281029079
 20
14768.71681083589
 30
0.0
  0
INSERT
  5
52BF
330
17
100
AcDbEntity
  8
BUSH
100
AcDbBlockReference
  2
СНЕЖНОЯГОДНИК_ДОРЕНБОЗА
 10
717.9567685176359
 20
14765.728792890399
 30
0.0
  0
INSERT
  5
52C1
330
17
100
AcDbEntity
  8
BUSH
100
AcDbBlockReference
  2
СНЕЖНОЯГОДНИК_ДОРЕНБОЗА
 10
717.6482447605741
 20
14764.272914290364
 30
0.0
  0
INSERT
  5
52C3
330
17
100
AcDbEntity
  8
BUSH
100
AcDbBlockReference
  2
СНЕЖНОЯГОДНИК_ДОРЕНБОЗА
 10
716.6238401998844
 20
14763.208154562757
 30
0.0
  0
INSERT
  5
52C5
330
17
100
AcDbEntity
  8
BUSH
100
AcDbBlockReference
  2
СНЕЖНОЯГОДНИК_ДОРЕНБОЗА
 10
715.1765017437824
 20
14762.908534277227
 30
0.0
  0
INSERT
  5
52C7
330
17
100
AcDbEntity
  8
BUSH
100
AcDbBlockReference
  2
СНЕЖНОЯГОДНИК_ДОРЕНБОЗА
 10
713.6824927718361
 20
14763.04246407878
 30
0.0
  0
INSERT
  5
52C9
330
17
100
AcDbEntity
  8
BUSH
100
AcDbBlockReference
  2
СНЕЖНОЯГОДНИК_ДОРЕНБОЗА
 10
712.1884837998608
 20
14763.176393880009
 30
0.0
  0
INSERT
  5
52CF
330
17
100
AcDbEntity
  8
BUSH
100
AcDbBlockReference
  2
СНЕЖНОЯГОДНИК_ДОРЕНБОЗА
 10
707.8869741534054
 20
14762.682506185904
 30
0.0
  0
INSERT
  5
52D1
330
17
100
AcDbEntity
  8
BUSH
100
AcDbBlockReference
  2
СНЕЖНОЯГОДНИК_ДОРЕНБОЗА
 10
706.3934826511071
 20
14762.82208817816
 30
0.0
  0
INSERT
  5
52E7
330
17
100
AcDbEntity
  8
BUSH
100
AcDbBlockReference
  2
СНЕЖНОЯГОДНИК_ДОРЕНБОЗА
 10
687.9354146243572
 20
14835.172611266184
 30
0.0
  0
INSERT
  5
52E9
330
17
100
AcDbEntity
  8
BUSH
100
AcDbBlockReference
  2
СНЕЖНОЯГОДНИК_ДОРЕНБОЗА
 10
689.2638085517747
 20
14834.525212602179
 30
0.0
  0
INSERT
  5
52EB
330
17
100
AcDbEntity
  8
BUSH
100
AcDbBlockReference
  2
СНЕЖНОЯГОДНИК_ДОРЕНБОЗА
 10
689.9943297397332
 20
14833.24139153594
 30
0.0
  0
INSERT
  5
52ED
330
17
100
AcDbEntity
  8
BUSH
100
AcDbBlockReference
  2
СНЕЖНОЯГОДНИК_ДОРЕНБОЗА
 10
690.0097707130361
 20
14831.747021125593
 30
0.0
  0
INSERT
  5
52EF
330
17
100
AcDbEntity
  8
BUSH
100
AcDbBlockReference
  2
СНЕЖНОЯГОДНИК_ДОРЕНБОЗА
 10
689.9326409500461
 20
14830.249005438205
 30
0.0
  0
INSERT
  5
52F1
330
17
100
AcDbEntity
  8
BUSH
100
AcDbBlockReference
  2
СНЕЖНОЯГОДНИК_ДОРЕНБОЗА
 10
689.8555111870561
 20
14828.750989750817
 30
0.0
  0
INSERT
  5
52F3
330
17
100
AcDbEntity
  8
BUSH
100
AcDbBlockReference
  2
СНЕЖНОЯГОДНИК_ДОРЕНБОЗА
 10
689.7783814240661
 20
14827.252974063429
 30
0.0
  0
INSERT
  5
52F5
330
17
100
AcDbEntity
  8
BUSH
100
AcDbBlockReference
  2
СНЕЖНОЯГОДНИК_ДОРЕНБОЗА
 10
689.7012516610761
 20
14825.754958376041
 30
0.0
  0
INSERT
  5
52F7
330
17
100
AcDbEntity
  8
BUSH
100
AcDbBlockReference
  2
СНЕЖНОЯГОДНИК_ДОРЕНБОЗА
 10
689.6241218980861
 20
14824.256942688653
 30
0.0
  0
INSERT
  5
52F9
330
17
100
AcDbEntity
  8
BUSH
100
AcDbBlockReference
  2
СНЕЖНОЯГОДНИК_ДОРЕНБОЗА
 10
689.4439650161642
 20
14822.774064959201
 30
0.0
  0
INSERT
  5
52FB
330
17
100
AcDbEntity
  8
BUSH
100
AcDbBlockReference
  2
СНЕЖНОЯГОДНИК_ДОРЕНБОЗА
 10
688.5624701646001
 20
14821.587947836744
 30
0.0
  0
INSERT
  5
52FD
330
17
100
AcDbEntity
  8
BUSH
100
AcDbBlockReference
  2
СНЕЖНОЯГОДНИК_ДОРЕНБОЗА
 10
687.1647677727311
 20
14821.108483230368
 30
0.0
  0
INSERT
  5
52FF
330
17
100
AcDbEntity
  8
BUSH
100
AcDbBlockReference
  2
СНЕЖНОЯГОДНИК_ДОРЕНБОЗА
 10
685.6666827586844
 20
14821.179731851067
 30
0.0
  0
INSERT
  5
5301
330
17
100
AcDbEntity
  8
BUSH
100
AcDbBlockReference
  2
СНЕЖНОЯГОДНИК_ДОРЕНБОЗА
 10
684.1689123980121
 20
14821.261487258787
 30
0.0
  0
INSERT
  5
5303
330
17
100
AcDbEntity
  8
BUSH
100
AcDbBlockReference
  2
СНЕЖНОЯГОДНИК_ДОРЕНБОЗА
 10
682.6711420373398
 20
14821.34324266651
 30
0.0
  0
INSERT
  5
5305
330
17
100
AcDbEntity
  8
BUSH
100
AcDbBlockReference
  2
СНЕЖНОЯГОДНИК_ДОРЕНБОЗА
 10
681.1733716775093
 20
14821.424998089651
 30
0.0
  0
INSERT
  5
5307
330
17
100
AcDbEntity
  8
BUSH
100
AcDbBlockReference
  2
СНЕЖНОЯГОДНИК_ДОРЕНБОЗА
 10
679.7778789375294
 20
14821.912123266648
 30
0.0
  0
INSERT
  5
5309
330
17
100
AcDbEntity
  8
BUSH
100
AcDbBlockReference
  2
СНЕЖНОЯГОДНИК_ДОРЕНБОЗА
 10
678.9004696904121
 20
14823.101158351974
 30
0.0
  0
INSERT
  5
530B
330
17
100
AcDbEntity
  8
BUSH
100
AcDbBlockReference
  2
СНЕЖНОЯГОДНИК_ДОРЕНБОЗА
 10
678.7912923540591
 20
14824.584967575574
 30
0.0
  0
INSERT
  5
530D
330
17
100
AcDbEntity
  8
BUSH
100
AcDbBlockReference
  2
СНЕЖНОЯГОДНИК_ДОРЕНБОЗА
 10
678.868422117346
 20
14826.082983262948
 30
0.0
  0
INSERT
  5
530F
330
17
100
AcDbEntity
  8
BUSH
100
AcDbBlockReference
  2
СНЕЖНОЯГОДНИК_ДОРЕНБОЗА
 10
678.9455518806328
 20
14827.58099895032
 30
0.0
  0
INSERT
  5
5311
330
17
100
AcDbEntity
  8
BUSH
100
AcDbBlockReference
  2
СНЕЖНОЯГОДНИК_ДОРЕНБОЗА
 10
679.0226816439196
 20
14829.079014637693
 30
0.0
  0
INSERT
  5
5313
330
17
100
AcDbEntity
  8
BUSH
100
AcDbBlockReference
  2
СНЕЖНОЯГОДНИК_ДОРЕНБОЗА
 10
679.0998114072064
 20
14830.577030325067
 30
0.0
  0
INSERT
  5
5315
330
17
100
AcDbEntity
  8
BUSH
100
AcDbBlockReference
  2
СНЕЖНОЯГОДНИК_ДОРЕНБОЗА
 10
679.1769411704931
 20
14832.075046012438
 30
0.0
  0
INSERT
  5
5317
330
17
100
AcDbEntity
  8
BUSH
100
AcDbBlockReference
  2
СНЕЖНОЯГОДНИК_ДОРЕНБОЗА
 10
679.2923904064755
 20
14833.568837204855
 30
0.0
  0
INSERT
  5
5319
330
17
100
AcDbEntity
  8
BUSH
100
AcDbBlockReference
  2
СНЕЖНОЯГОДНИК_ДОРЕНБОЗА
 10
680.0280077627621
 20
14834.849591080776
 30
0.0
  0
INSERT
  5
531B
330
17
100
AcDbEntity
  8
BUSH
100
AcDbBlockReference
  2
СНЕЖНОЯГОДНИК_ДОРЕНБОЗА
 10
681.3587790302747
 20
14835.491384207244
 30
0.0
  0
INSERT
  5
531D
330
17
100
AcDbEntity
  8
BUSH
100
AcDbBlockReference
  2
СНЕЖНОЯГОДНИК_ДОРЕНБОЗА
 10
682.8559440392606
 20
14835.461881660103
 30
0.0
  0
INSERT
  5
531F
330
17
100
AcDbEntity
  8
BUSH
100
AcDbBlockReference
  2
СНЕЖНОЯГОДНИК_ДОРЕНБОЗА
 10
684.353714400084
 20
14835.380126255151
 30
0.0
  0
INSERT
  5
5321
330
17
100
AcDbEntity
  8
BUSH
100
AcDbBlockReference
  2
СНЕЖНОЯГОДНИК_ДОРЕНБОЗА
 10
685.851484760862
 20
14835.298370849367
 30
0.0
  0
INSERT
  5
5323
330
17
100
AcDbEntity
  8
BUSH
100
AcDbBlockReference
  2
СНЕЖНОЯГОДНИК_ДОРЕНБОЗА
 10
686.1728690449944
 20
14957.799359051785
 30
0.0
  0
INSERT
  5
5325
330
17
100
AcDbEntity
  8
BUSH
100
AcDbBlockReference
  2
СНЕЖНОЯГОДНИК_ДОРЕНБОЗА
 10
686.1227869633253
 20
14959.298522747016
 30
0.0
  0
INSERT
  5
5327
330
17
100
AcDbEntity
  8
BUSH
100
AcDbBlockReference
  2
СНЕЖНОЯГОДНИК_ДОРЕНБОЗА
 10
686.0727048818933
 20
14960.797686442253
 30
0.0
  0
INSERT
  5
5329
330
17
100
AcDbEntity
  8
BUSH
100
AcDbBlockReference
  2
СНЕЖНОЯГОДНИК_ДОРЕНБОЗА
 10
686.0226228013406
 20
14962.29685013752
 30
0.0
  0
INSERT
  5
532B
330
17
100
AcDbEntity
  8
BUSH
100
AcDbBlockReference
  2
СНЕЖНОЯГОДНИК_ДОРЕНБОЗА
 10
685.972540720788
 20
14963.796013832787
 30
0.0
  0
INSERT
  5
532D
330
17
100
AcDbEntity
  8
BUSH
100
AcDbBlockReference
  2
СНЕЖНОЯГОДНИК_ДОРЕНБОЗА
 10
686.1780742643292
 20
14965.264644183462
 30
0.0
  0
INSERT
  5
532F
330
17
100
AcDbEntity
  8
BUSH
100
AcDbBlockReference
  2
СНЕЖНОЯГОДНИК_ДОРЕНБОЗА
 10
687.1508335087574
 20
14966.375586381837
 30
0.0
  0
INSERT
  5
5331
330
17
100
AcDbEntity
  8
BUSH
100
AcDbBlockReference
  2
СНЕЖНОЯГОДНИК_ДОРЕНБОЗА
 10
688.581239524158
 20
14966.753363581507
 30
0.0
  0
INSERT
  5
5333
330
17
100
AcDbEntity
  8
BUSH
100
AcDbBlockReference
  2
СНЕЖНОЯГОДНИК_ДОРЕНБОЗА
 10
690.0804032194935
 20
14966.803445660018
 30
0.0
  0
INSERT
  5
5335
330
17
100
AcDbEntity
  8
BUSH
100
AcDbBlockReference
  2
СНЕЖНОЯГОДНИК_ДОРЕНБОЗА
 10
691.579566914481
 20
14966.853527748948
 30
0.0
  0
INSERT
  5
5337
330
17
100
AcDbEntity
  8
BUSH
100
AcDbBlockReference
  2
СНЕЖНОЯГОДНИК_ДОРЕНБОЗА
 10
693.0787306090684
 20
14966.90360984985
 30
0.0
  0
INSERT
  5
5339
330
17
100
AcDbEntity
  8
BUSH
100
AcDbBlockReference
  2
СНЕЖНОЯГОДНИК_ДОРЕНБОЗА
 10
694.5778943041274
 20
14966.953691936642
 30
0.0
  0
INSERT
  5
533B
330
17
100
AcDbEntity
  8
BUSH
100
AcDbBlockReference
  2
СНЕЖНОЯГОДНИК_ДОРЕНБОЗА
 10
696.0770579993465
 20
14967.003774018638
 30
0.0
  0
INSERT
  5
533D
330
17
100
AcDbEntity
  8
BUSH
100
AcDbBlockReference
  2
СНЕЖНОЯГОДНИК_ДОРЕНБОЗА
 10
697.5762216944863
 20
14967.053856103004
 30
0.0
  0
INSERT
  5
533F
330
17
100
AcDbEntity
  8
BUSH
100
AcDbBlockReference
  2
СНЕЖНОЯГОДНИК_ДОРЕНБОЗА
 10
699.0753853896263
 20
14967.10393818737
 30
0.0
  0
INSERT
  5
5341
330
17
100
AcDbEntity
  8
BUSH
100
AcDbBlockReference
  2
СНЕЖНОЯГОДНИК_ДОРЕНБОЗА
 10
700.5745490847662
 20
14967.154020271735
 30
0.0
  0
INSERT
  5
5343
330
17
100
AcDbEntity
  8
BUSH
100
AcDbBlockReference
  2
СНЕЖНОЯГОДНИК_ДОРЕНБОЗА
 10
702.0737127800882
 20
14967.204102350652
 30
0.0
  0
INSERT
  5
5345
330
17
100
AcDbEntity
  8
BUSH
100
AcDbBlockReference
  2
СНЕЖНОЯГОДНИК_ДОРЕНБОЗА
 10
703.572876519858
 20
14967.25418309889
 30
0.0
  0
INSERT
  5
5347
330
17
100
AcDbEntity
  8
BUSH
100
AcDbBlockReference
  2
СНЕЖНОЯГОДНИК_ДОРЕНБОЗА
 10
705.0720406371089
 20
14967.304252546137
 30
0.0
  0
INSERT
  5
5349
330
17
100
AcDbEntity
  8
BUSH
100
AcDbBlockReference
  2
СНЕЖНОЯГОДНИК_ДОРЕНБОЗА
 10
706.5712040027502
 20
14967.354344479372
 30
0.0
  0
INSERT
  5
534B
330
17
100
AcDbEntity
  8
BUSH
100
AcDbBlockReference
  2
СНЕЖНОЯГОДНИК_ДОРЕНБОЗА
 10
708.0089934018059
 20
14967.012154471002
 30
0.0
  0
INSERT
  5
534D
330
17
100
AcDbEntity
  8
BUSH
100
AcDbBlockReference
  2
СНЕЖНОЯГОДНИК_ДОРЕНБОЗА
 10
709.0049058597141
 20
14965.921296640294
 30
0.0
  0
INSERT
  5
534F
330
17
100
AcDbEntity
  8
BUSH
100
AcDbBlockReference
  2
СНЕЖНОЯГОДНИК_ДОРЕНБОЗА
 10
709.2583313975496
 20
14964.4567489899
 30
0.0
  0
INSERT
  5
5351
330
17
100
AcDbEntity
  8
BUSH
100
AcDbBlockReference
  2
СНЕЖНОЯГОДНИК_ДОРЕНБОЗА
 10
709.3084134837388
 20
14962.957585294822
 30
0.0
  0
INSERT
  5
5353
330
17
100
AcDbEntity
  8
BUSH
100
AcDbBlockReference
  2
СНЕЖНОЯГОДНИК_ДОРЕНБОЗА
 10
709.3584955699282
 20
14961.458421599742
 30
0.0
  0
INSERT
  5
5355
330
17
100
AcDbEntity
  8
BUSH
100
AcDbBlockReference
  2
СНЕЖНОЯГОДНИК_ДОРЕНБОЗА
 10
709.4085776536928
 20
14959.959257904582
 30
0.0
  0
INSERT
  5
5357
330
17
100
AcDbEntity
  8
BUSH
100
AcDbBlockReference
  2
СНЕЖНОЯГОДНИК_ДОРЕНБОЗА
 10
709.4586597360641
 20
14958.460094209377
 30
0.0
  0
INSERT
  5
5359
330
17
100
AcDbEntity
  8
BUSH
100
AcDbBlockReference
  2
СНЕЖНОЯГОДНИК_ДОРЕНБОЗА
 10
709.7942022462468
 20
14957.016890134193
 30
0.0
  0
INSERT
  5
535B
330
17
100
AcDbEntity
  8
BUSH
100
AcDbBlockReference
  2
СНЕЖНОЯГОДНИК_ДОРЕНБОЗА
 10
709.8442843248189
 20
14955.517726438859
 30
0.0
  0
INSERT
  5
535D
330
17
100
AcDbEntity
  8
BUSH
100
AcDbBlockReference
  2
СНЕЖНОЯГОДНИК_ДОРЕНБОЗА
 10
709.8943664163916
 20
14954.01856274396
 30
0.0
  0
INSERT
  5
535F
330
17
100
AcDbEntity
  8
BUSH
100
AcDbBlockReference
  2
СНЕЖНОЯГОДНИК_ДОРЕНБОЗА
 10
709.9444485074855
 20
14952.519399049044
 30
0.0
  0
INSERT
  5
5361
330
17
100
AcDbEntity
  8
BUSH
100
AcDbBlockReference
  2
СНЕЖНОЯГОДНИК_ДОРЕНБОЗА
 10
709.9945305924526
 20
14951.020235353924
 30
0.0
  0
INSERT
  5
5363
330
17
100
AcDbEntity
  8
BUSH
100
AcDbBlockReference
  2
СНЕЖНОЯГОДНИК_ДОРЕНБОЗА
 10
710.0446126751324
 20
14949.521071658728
 30
0.0
  0
INSERT
  5
5365
330
17
100
AcDbEntity
  8
BUSH
100
AcDbBlockReference
  2
СНЕЖНОЯГОДНИК_ДОРЕНБОЗА
 10
710.0946947581398
 20
14948.021907963543
 30
0.0
  0
INSERT
  5
5367
330
17
100
AcDbEntity
  8
BUSH
100
AcDbBlockReference
  2
СНЕЖНОЯГОДНИК_ДОРЕНБОЗА
 10
710.1447768411473
 20
14946.522744268357
 30
0.0
  0
INSERT
  5
5369
330
17
100
AcDbEntity
  8
BUSH
100
AcDbBlockReference
  2
СНЕЖНОЯГОДНИК_ДОРЕНБОЗА
 10
710.1948589241547
 20
14945.023580573172
 30
0.0
  0
INSERT
  5
536B
330
17
100
AcDbEntity
  8
BUSH
100
AcDbBlockReference
  2
СНЕЖНОЯГОДНИК_ДОРЕНБОЗА
 10
710.2449410095181
 20
14943.524416878066
 30
0.0
  0
INSERT
  5
536D
330
17
100
AcDbEntity
  8
BUSH
100
AcDbBlockReference
  2
СНЕЖНОЯГОДНИК_ДОРЕНБОЗА
 10
710.2950230911451
 20
14942.025253182834
 30
0.0
  0
INSERT
  5
536F
330
17
100
AcDbEntity
  8
BUSH
100
AcDbBlockReference
  2
СНЕЖНОЯГОДНИК_ДОРЕНБОЗА
 10
710.3451051727723
 20
14940.526089487603
 30
0.0
  0
INSERT
  5
5371
330
17
100
AcDbEntity
  8
BUSH
100
AcDbBlockReference
  2
СНЕЖНОЯГОДНИК_ДОРЕНБОЗА
 10
710.3951872543993
 20
14939.026925792372
 30
0.0
  0
INSERT
  5
5373
330
17
100
AcDbEntity
  8
BUSH
100
AcDbBlockReference
  2
СНЕЖНОЯГОДНИК_ДОРЕНБОЗА
 10
710.4257947145171
 20
14937.527954773892
 30
0.0
  0
INSERT
  5
5375
330
17
100
AcDbEntity
  8
BUSH
100
AcDbBlockReference
  2
СНЕЖНОЯГОДНИК_ДОРЕНБОЗА
 10
710.2067927367008
 20
14936.065381949811
 30
0.0
  0
INSERT
  5
5377
330
17
100
AcDbEntity
  8
BUSH
100
AcDbBlockReference
  2
СНЕЖНОЯГОДНИК_ДОРЕНБОЗА
 10
710.2568748216972
 20
14934.566218254693
 30
0.0
  0
INSERT
  5
5379
330
17
100
AcDbEntity
  8
BUSH
100
AcDbBlockReference
  2
СНЕЖНОЯГОДНИК_ДОРЕНБОЗА
 10
710.3069569066937
 20
14933.067054559573
 30
0.0
  0
INSERT
  5
537B
330
17
100
AcDbEntity
  8
BUSH
100
AcDbBlockReference
  2
СНЕЖНОЯГОДНИК_ДОРЕНБОЗА
 10
710.3570389916902
 20
14931.567890864455
 30
0.0
  0
INSERT
  5
5385
330
17
100
AcDbEntity
  8
BUSH
100
AcDbBlockReference
  2
СНЕЖНОЯГОДНИК_ДОРЕНБОЗА
 10
706.0572977731821
 20
14927.287612526437
 30
0.0
  0
INSERT
  5
5387
330
17
100
AcDbEntity
  8
BUSH
100
AcDbBlockReference
  2
СНЕЖНОЯГОДНИК_ДОРЕНБОЗА
 10
704.5581340778422
 20
14927.237530448057
 30
0.0
  0
INSERT
  5
5389
330
17
100
AcDbEntity
  8
BUSH
100
AcDbBlockReference
  2
СНЕЖНОЯГОДНИК_ДОРЕНБОЗА
 10
703.0589703825024
 20
14927.187448369676
 30
0.0
  0
INSERT
  5
538B
330
17
100
AcDbEntity
  8
BUSH
100
AcDbBlockReference
  2
СНЕЖНОЯГОДНИК_ДОРЕНБОЗА
 10
701.5598066873017
 20
14927.137366287126
 30
0.0
  0
INSERT
  5
538D
330
17
100
AcDbEntity
  8
BUSH
100
AcDbBlockReference
  2
СНЕЖНОЯГОДНИК_ДОРЕНБОЗА
 10
700.0606429921659
 20
14927.087284202642
 30
0.0
  0
INSERT
  5
538F
330
17
100
AcDbEntity
  8
BUSH
100
AcDbBlockReference
  2
СНЕЖНОЯГОДНИК_ДОРЕНБОЗА
 10
698.5614792970299
 20
14927.037202118156
 30
0.0
  0
INSERT
  5
5391
330
17
100
AcDbEntity
  8
BUSH
100
AcDbBlockReference
  2
СНЕЖНОЯГОДНИК_ДОРЕНБОЗА
 10
697.0623156018939
 20
14926.987120033671
 30
0.0
  0
INSERT
  5
5393
330
17
100
AcDbEntity
  8
BUSH
100
AcDbBlockReference
  2
СНЕЖНОЯГОДНИК_ДОРЕНБОЗА
 10
695.563151906758
 20
14926.937037949187
 30
0.0
  0
INSERT
  5
5395
330
17
100
AcDbEntity
  8
BUSH
100
AcDbBlockReference
  2
СНЕЖНОЯГОДНИК_ДОРЕНБОЗА
 10
694.0639882117154
 20
14926.886955861908
 30
0.0
  0
INSERT
  5
5397
330
17
100
AcDbEntity
  8
BUSH
100
AcDbBlockReference
  2
СНЕЖНОЯГОДНИК_ДОРЕНБОЗА
 10
692.5648245167076
 20
14926.836873773585
 30
0.0
  0
INSERT
  5
5399
330
17
100
AcDbEntity
  8
BUSH
100
AcDbBlockReference
  2
СНЕЖНОЯГОДНИК_ДОРЕНБОЗА
 10
691.0656608216999
 20
14926.786791685265
 30
0.0
  0
INSERT
  5
539B
330
17
100
AcDbEntity
  8
BUSH
100
AcDbBlockReference
  2
СНЕЖНОЯГОДНИК_ДОРЕНБОЗА
 10
689.5664339708543
 20
14926.743845196379
 30
0.0
  0
INSERT
  5
539D
330
17
100
AcDbEntity
  8
BUSH
100
AcDbBlockReference
  2
СНЕЖНОЯГОДНИК_ДОРЕНБОЗА
 10
688.1669725710913
 20
14927.214842338177
 30
0.0
  0
INSERT
  5
539F
330
17
100
AcDbEntity
  8
BUSH
100
AcDbBlockReference
  2
СНЕЖНОЯГОДНИК_ДОРЕНБОЗА
 10
687.2777474926116
 20
14928.394064524022
 30
0.0
  0
INSERT
  5
53A1
330
17
100
AcDbEntity
  8
BUSH
100
AcDbBlockReference
  2
СНЕЖНОЯГОДНИК_ДОРЕНБОЗА
 10
687.105686793248
 20
14929.87626987155
 30
0.0
  0
INSERT
  5
53A3
330
17
100
AcDbEntity
  8
BUSH
100
AcDbBlockReference
  2
СНЕЖНОЯГОДНИК_ДОРЕНБОЗА
 10
687.0556047112266
 20
14931.375433566769
 30
0.0
  0
INSERT
  5
53A5
330
17
100
AcDbEntity
  8
BUSH
100
AcDbBlockReference
  2
СНЕЖНОЯГОДНИК_ДОРЕНБОЗА
 10
687.0055226292052
 20
14932.874597261987
 30
0.0
  0
INSERT
  5
53A7
330
17
100
AcDbEntity
  8
BUSH
100
AcDbBlockReference
  2
СНЕЖНОЯГОДНИК_ДОРЕНБОЗА
 10
686.9554405470619
 20
14934.373760957202
 30
0.0
  0
INSERT
  5
53A9
330
17
100
AcDbEntity
  8
BUSH
100
AcDbBlockReference
  2
СНЕЖНОЯГОДНИК_ДОРЕНБОЗА
 10
686.9053584645571
 20
14935.872924652404
 30
0.0
  0
INSERT
  5
53AB
330
17
100
AcDbEntity
  8
BUSH
100
AcDbBlockReference
  2
СНЕЖНОЯГОДНИК_ДОРЕНБОЗА
 10
686.6005313988562
 20
14937.326327744884
 30
0.0
  0
INSERT
  5
53AD
330
17
100
AcDbEntity
  8
BUSH
100
AcDbBlockReference
  2
СНЕЖНОЯГОДНИК_ДОРЕНБОЗА
 10
686.5484137377441
 20
14938.825401416318
 30
0.0
  0
INSERT
  5
53AF
330
17
100
AcDbEntity
  8
BUSH
100
AcDbBlockReference
  2
СНЕЖНОЯГОДНИК_ДОРЕНБОЗА
 10
686.4983316569931
 20
14940.32456511158
 30
0.0
  0
INSERT
  5
53B1
330
17
100
AcDbEntity
  8
BUSH
100
AcDbBlockReference
  2
СНЕЖНОЯГОДНИК_ДОРЕНБОЗА
 10
686.448249576242
 20
14941.82372880684
 30
0.0
  0
INSERT
  5
53B3
330
17
100
AcDbEntity
  8
BUSH
100
AcDbBlockReference
  2
СНЕЖНОЯГОДНИК_ДОРЕНБОЗА
 10
686.3981674954186
 20
14943.322892502098
 30
0.0
  0
INSERT
  5
53B5
330
17
100
AcDbEntity
  8
BUSH
100
AcDbBlockReference
  2
СНЕЖНОЯГОДНИК_ДОРЕНБОЗА
 10
686.3480854062121
 20
14944.822056197076
 30
0.0
  0
INSERT
  5
53B7
330
17
100
AcDbEntity
  8
BUSH
100
AcDbBlockReference
  2
СНЕЖНОЯГОДНИК_ДОРЕНБОЗА
 10
686.2980033170057
 20
14946.321219892054
 30
0.0
  0
INSERT
  5
53B9
330
17
100
AcDbEntity
  8
BUSH
100
AcDbBlockReference
  2
СНЕЖНОЯГОДНИК_ДОРЕНБОЗА
 10
686.2479212338782
 20
14947.820383587235
 30
0.0
  0
INSERT
  5
53BB
330
17
100
AcDbEntity
  8
BUSH
100
AcDbBlockReference
  2
СНЕЖНОЯГОДНИК_ДОРЕНБОЗА
 10
686.1978391534782
 20
14949.319547282508
 30
0.0
  0
INSERT
  5
53BD
330
17
100
AcDbEntity
  8
BUSH
100
AcDbBlockReference
  2
СНЕЖНОЯГОДНИК_ДОРЕНБОЗА
 10
686.1477570702039
 20
14950.818710977685
 30
0.0
  0
INSERT
  5
53BF
330
17
100
AcDbEntity
  8
BUSH
100
AcDbBlockReference
  2
СНЕЖНОЯГОДНИК_ДОРЕНБОЗА
 10
686.0976749848746
 20
14952.317874672792
 30
0.0
  0
INSERT
  5
53C1
330
17
100
AcDbEntity
  8
BUSH
100
AcDbBlockReference
  2
СНЕЖНОЯГОДНИК_ДОРЕНБОЗА
 10
686.0475928995454
 20
14953.817038367899
 30
0.0
  0
INSERT
  5
53C3
330
17
100
AcDbEntity
  8
BUSH
100
AcDbBlockReference
  2
СНЕЖНОЯГОДНИК_ДОРЕНБОЗА
 10
685.9975108142162
 20
14955.316202063008
 30
0.0
  0
INSERT
  5
53C5
330
17
100
AcDbEntity
  8
BUSH
100
AcDbBlockReference
  2
СНЕЖНОЯГОДНИК_ДОРЕНБОЗА
 10
710.301857968854
 20
14607.954105027688
 30
0.0
  0
INSERT
  5
53C7
330
17
100
AcDbEntity
  8
BUSH
100
AcDbBlockReference
  2
СНЕЖНОЯГОДНИК_ДОРЕНБОЗА
 10
711.4981950401334
 20
14607.086559310455
 30
0.0
  0
INSERT
  5
53C9
330
17
100
AcDbEntity
  8
BUSH
100
AcDbBlockReference
  2
СНЕЖНОЯГОДНИК_ДОРЕНБОЗА
 10
711.9954740552096
 20
14605.695593465822
 30
0.0
  0
INSERT
  5
53CB
330
17
100
AcDbEntity
  8
BUSH
100
AcDbBlockReference
  2
СНЕЖНОЯГОДНИК_ДОРЕНБОЗА
 10
711.7494964349866
 20
14604.221641229298
 30
0.0
  0
INSERT
  5
53CD
330
17
100
AcDbEntity
  8
BUSH
100
AcDbBlockReference
  2
СНЕЖНОЯГОДНИК_ДОРЕНБОЗА
 10
711.4099504718075
 20
14602.76057704902
 30
0.0
  0
INSERT
  5
53CF
330
17
100
AcDbEntity
  8
BUSH
100
AcDbBlockReference
  2
СНЕЖНОЯГОДНИК_ДОРЕНБОЗА
 10
711.0704045086285
 20
14601.299512868743
 30
0.0
  0
INSERT
  5
53D1
330
17
100
AcDbEntity
  8
BUSH
100
AcDbBlockReference
  2
СНЕЖНОЯГОДНИК_ДОРЕНБОЗА
 10
710.7308585454495
 20
14599.838448688466
 30
0.0
  0
INSERT
  5
53D5
330
17
100
AcDbEntity
  8
BUSH
100
AcDbBlockReference
  2
СНЕЖНОЯГОДНИК_ДОРЕНБОЗА
 10
710.0517666190913
 20
14596.916320327913
 30
0.0
  0
INSERT
  5
53D7
330
17
100
AcDbEntity
  8
BUSH
100
AcDbBlockReference
  2
СНЕЖНОЯГОДНИК_ДОРЕНБОЗА
 10
709.7122206559122
 20
14595.455256147636
 30
0.0
  0
INSERT
  5
53D9
330
17
100
AcDbEntity
  8
BUSH
100
AcDbBlockReference
  2
СНЕЖНОЯГОДНИК_ДОРЕНБОЗА
 10
709.3726746927332
 20
14593.994191967358
 30
0.0
  0
INSERT
  5
53DB
330
17
100
AcDbEntity
  8
BUSH
100
AcDbBlockReference
  2
СНЕЖНОЯГОДНИК_ДОРЕНБОЗА
 10
709.0266925400491
 20
14592.534791022303
 30
0.0
  0
INSERT
  5
53DD
330
17
100
AcDbEntity
  8
BUSH
100
AcDbBlockReference
  2
СНЕЖНОЯГОДНИК_ДОРЕНБОЗА
 10
708.2144693321601
 20
14591.301741462481
 30
0.0
  0
INSERT
  5
53DF
330
17
100
AcDbEntity
  8
BUSH
100
AcDbBlockReference
  2
СНЕЖНОЯГОДНИК_ДОРЕНБОЗА
 10
706.8476150955894
 20
14590.742639167143
 30
0.0
  0
INSERT
  5
53E1
330
17
100
AcDbEntity
  8
BUSH
100
AcDbBlockReference
  2
СНЕЖНОЯГОДНИК_ДОРЕНБОЗА
 10
705.3711764091084
 20
14590.956576857325
 30
0.0
  0
INSERT
  5
53E3
330
17
100
AcDbEntity
  8
BUSH
100
AcDbBlockReference
  2
СНЕЖНОЯГОДНИК_ДОРЕНБОЗА
 10
703.9101122287535
 20
14591.29612282017
 30
0.0
  0
INSERT
  5
53E5
330
17
100
AcDbEntity
  8
BUSH
100
AcDbBlockReference
  2
СНЕЖНОЯГОДНИК_ДОРЕНБОЗА
 10
702.4490480483986
 20
14591.635668783012
 30
0.0
  0
INSERT
  5
53E7
330
17
100
AcDbEntity
  8
BUSH
100
AcDbBlockReference
  2
СНЕЖНОЯГОДНИК_ДОРЕНБОЗА
 10
700.9879838680437
 20
14591.975214745857
 30
0.0
  0
INSERT
  5
53E9
330
17
100
AcDbEntity
  8
BUSH
100
AcDbBlockReference
  2
СНЕЖНОЯГОДНИК_ДОРЕНБОЗА
 10
699.5269196876887
 20
14592.314760708701
 30
0.0
  0
INSERT
  5
53EB
330
17
100
AcDbEntity
  8
BUSH
100
AcDbBlockReference
  2
СНЕЖНОЯГОДНИК_ДОРЕНБОЗА
 10
698.0658555073338
 20
14592.654306671546
 30
0.0
  0
INSERT
  5
53ED
330
17
100
AcDbEntity
  8
BUSH
100
AcDbBlockReference
  2
СНЕЖНОЯГОДНИК_ДОРЕНБОЗА
 10
696.6047913269789
 20
14592.99385263439
 30
0.0
  0
INSERT
  5
53EF
330
17
100
AcDbEntity
  8
BUSH
100
AcDbBlockReference
  2
СНЕЖНОЯГОДНИК_ДОРЕНБОЗА
 10
695.143727146624
 20
14593.333398597233
 30
0.0
  0
INSERT
  5
53F1
330
17
100
AcDbEntity
  8
BUSH
100
AcDbBlockReference
  2
СНЕЖНОЯГОДНИК_ДОРЕНБОЗА
 10
693.7352956551952
 20
14593.818564444586
 30
0.0
  0
INSERT
  5
53F3
330
17
100
AcDbEntity
  8
BUSH
100
AcDbBlockReference
  2
СНЕЖНОЯГОДНИК_ДОРЕНБОЗА
 10
692.7917436246513
 20
14594.954281642214
 30
0.0
  0
INSERT
  5
53F5
330
17
100
AcDbEntity
  8
BUSH
100
AcDbBlockReference
  2
СНЕЖНОЯГОДНИК_ДОРЕНБОЗА
 10
692.6543100840984
 20
14596.424673035503
 30
0.0
  0
INSERT
  5
53F7
330
17
100
AcDbEntity
  8
BUSH
100
AcDbBlockReference
  2
СНЕЖНОЯГОДНИК_ДОРЕНБОЗА
 10
692.9913304279972
 20
14597.886259182165
 30
0.0
  0
INSERT
  5
53F9
330
17
100
AcDbEntity
  8
BUSH
100
AcDbBlockReference
  2
СНЕЖНОЯГОДНИК_ДОРЕНБОЗА
 10
693.3308763906113
 20
14599.347323362574
 30
0.0
  0
INSERT
  5
53FB
330
17
100
AcDbEntity
  8
BUSH
100
AcDbBlockReference
  2
СНЕЖНОЯГОДНИК_ДОРЕНБОЗА
 10
693.6704223532251
 20
14600.808387542982
 30
0.0
  0
INSERT
  5
53FD
330
17
100
AcDbEntity
  8
BUSH
100
AcDbBlockReference
  2
СНЕЖНОЯГОДНИК_ДОРЕНБОЗА
 10
694.0099683158392
 20
14602.26945172339
 30
0.0
  0
INSERT
  5
53FF
330
17
100
AcDbEntity
  8
BUSH
100
AcDbBlockReference
  2
СНЕЖНОЯГОДНИК_ДОРЕНБОЗА
 10
694.3495142784532
 20
14603.730515903799
 30
0.0
  0
INSERT
  5
5401
330
17
100
AcDbEntity
  8
BUSH
100
AcDbBlockReference
  2
СНЕЖНОЯГОДНИК_ДОРЕНБОЗА
 10
694.6890602410672
 20
14605.191580084207
 30
0.0
  0
INSERT
  5
5403
330
17
100
AcDbEntity
  8
BUSH
100
AcDbBlockReference
  2
СНЕЖНОЯГОДНИК_ДОРЕНБОЗА
 10
695.0286062036812
 20
14606.652644264615
 30
0.0
  0
INSERT
  5
5405
330
17
100
AcDbEntity
  8
BUSH
100
AcDbBlockReference
  2
СНЕЖНОЯГОДНИК_ДОРЕНБОЗА
 10
695.3681521662952
 20
14608.113708445026
 30
0.0
  0
INSERT
  5
5407
330
17
100
AcDbEntity
  8
BUSH
100
AcDbBlockReference
  2
СНЕЖНОЯГОДНИК_ДОРЕНБОЗА
 10
695.8187089320559
 20
14609.53677849958
 30
0.0
  0
INSERT
  5
5409
330
17
100
AcDbEntity
  8
BUSH
100
AcDbBlockReference
  2
СНЕЖНОЯГОДНИК_ДОРЕНБОЗА
 10
696.9131116041143
 20
14610.528953279918
 30
0.0
  0
INSERT
  5
540B
330
17
100
AcDbEntity
  8
BUSH
100
AcDbBlockReference
  2
СНЕЖНОЯГОДНИК_ДОРЕНБОЗА
 10
698.3761645772801
 20
14610.729768279984
 30
0.0
  0
INSERT
  5
540D
330
17
100
AcDbEntity
  8
BUSH
100
AcDbBlockReference
  2
СНЕЖНОЯГОДНИК_ДОРЕНБОЗА
 10
699.8388424620617
 20
14610.39803048878
 30
0.0
  0
INSERT
  5
540F
330
17
100
AcDbEntity
  8
BUSH
100
AcDbBlockReference
  2
СНЕЖНОЯГОДНИК_ДОРЕНБОЗА
 10
701.2999066423921
 20
14610.058484525829
 30
0.0
  0
INSERT
  5
5411
330
17
100
AcDbEntity
  8
BUSH
100
AcDbBlockReference
  2
СНЕЖНОЯГОДНИК_ДОРЕНБОЗА
 10
702.7609708227224
 20
14609.718938562879
 30
0.0
  0
INSERT
  5
5413
330
17
100
AcDbEntity
  8
BUSH
100
AcDbBlockReference
  2
СНЕЖНОЯГОДНИК_ДОРЕНБОЗА
 10
704.2220350030527
 20
14609.379392599929
 30
0.0
  0
INSERT
  5
5415
330
17
100
AcDbEntity
  8
BUSH
100
AcDbBlockReference
  2
СНЕЖНОЯГОДНИК_ДОРЕНБОЗА
 10
705.683099183383
 20
14609.039846636979
 30
0.0
  0
INSERT
  5
5417
330
17
100
AcDbEntity
  8
BUSH
100
AcDbBlockReference
  2
СНЕЖНОЯГОДНИК_ДОРЕНБОЗА
 10
707.1441633637133
 20
14608.700300674029
 30
0.0
  0
INSERT
  5
5419
330
17
100
AcDbEntity
  8
BUSH
100
AcDbBlockReference
  2
СНЕЖНОЯГОДНИК_ДОРЕНБОЗА
 10
708.6052275440436
 20
14608.360754711079
 30
0.0
  0
INSERT
  5
541B
330
17
100
AcDbEntity
  8
BUSH
100
AcDbBlockReference
  2
СНЕЖНОЯГОДНИК_ДОРЕНБОЗА
 10
672.8106542103164
 20
14555.329083116529
 30
0.0
  0
INSERT
  5
541D
330
17
100
AcDbEntity
  8
BUSH
100
AcDbBlockReference
  2
СНЕЖНОЯГОДНИК_ДОРЕНБОЗА
 10
674.2704327767859
 20
14554.984051905076
 30
0.0
  0
INSERT
  5
541F
330
17
100
AcDbEntity
  8
BUSH
100
AcDbBlockReference
  2
СНЕЖНОЯГОДНИК_ДОРЕНБОЗА
 10
675.7072022618878
 20
14554.56842209102
 30
0.0
  0
INSERT
  5
5421
330
17
100
AcDbEntity
  8
BUSH
100
AcDbBlockReference
  2
СНЕЖНОЯГОДНИК_ДОРЕНБОЗА
 10
676.7657795778018
 20
14553.539203110317
 30
0.0
  0
INSERT
  5
5423
330
17
100
AcDbEntity
  8
BUSH
100
AcDbBlockReference
  2
СНЕЖНОЯГОДНИК_ДОРЕНБОЗА
 10
677.0582683130534
 20
14552.091944668678
 30
0.0
  0
INSERT
  5
5425
330
17
100
AcDbEntity
  8
BUSH
100
AcDbBlockReference
  2
СНЕЖНОЯГОДНИК_ДОРЕНБОЗА
 10
676.7370142859386
 20
14550.627767958806
 30
0.0
  0
INSERT
  5
5427
330
17
100
AcDbEntity
  8
BUSH
100
AcDbBlockReference
  2
СНЕЖНОЯГОДНИК_ДОРЕНБОЗА
 10
676.3919830696469
 20
14549.16798939348
 30
0.0
  0
INSERT
  5
5429
330
17
100
AcDbEntity
  8
BUSH
100
AcDbBlockReference
  2
СНЕЖНОЯГОДНИК_ДОРЕНБОЗА
 10
676.0469518533552
 20
14547.708210828154
 30
0.0
  0
INSERT
  5
542B
330
17
100
AcDbEntity
  8
BUSH
100
AcDbBlockReference
  2
СНЕЖНОЯГОДНИК_ДОРЕНБОЗА
 10
675.7019206370635
 20
14546.248432262828
 30
0.0
  0
INSERT
  5
542D
330
17
100
AcDbEntity
  8
BUSH
100
AcDbBlockReference
  2
СНЕЖНОЯГОДНИК_ДОРЕНБОЗА
 10
674.9964600853455
 20
14544.949708193035
 30
0.0
  0
INSERT
  5
542F
330
17
100
AcDbEntity
  8
BUSH
100
AcDbBlockReference
  2
СНЕЖНОЯГОДНИК_ДОРЕНБОЗА
 10
673.6837104798394
 20
14544.272739739423
 30
0.0
  0
INSERT
  5
5431
330
17
100
AcDbEntity
  8
BUSH
100
AcDbBlockReference
  2
СНЕЖНОЯГОДНИК_ДОРЕНБОЗА
 10
672.2039599818326
 20
14544.410593870392
 30
0.0
  0
INSERT
  5
5433
330
17
100
AcDbEntity
  8
BUSH
100
AcDbBlockReference
  2
СНЕЖНОЯГОДНИК_ДОРЕНБОЗА
 10
670.7441814157925
 20
14544.75562508366
 30
0.0
  0
INSERT
  5
5435
330
17
100
AcDbEntity
  8
BUSH
100
AcDbBlockReference
  2
СНЕЖНОЯГОДНИК_ДОРЕНБОЗА
 10
715.6595122848429
 20
14626.184545290072
 30
0.0
  0
INSERT
  5
5437
330
17
100
AcDbEntity
  8
BUSH
100
AcDbBlockReference
  2
СНЕЖНОЯГОДНИК_ДОРЕНБОЗА
 10
714.201204141372
 20
14626.5357394795
 30
0.0
  0
INSERT
  5
5439
330
17
100
AcDbEntity
  8
BUSH
100
AcDbBlockReference
  2
СНЕЖНОЯГОДНИК_ДОРЕНБОЗА
 10
712.7428959979011
 20
14626.886933668924
 30
0.0
  0
INSERT
  5
543B
330
17
100
AcDbEntity
  8
BUSH
100
AcDbBlockReference
  2
СНЕЖНОЯГОДНИК_ДОРЕНБОЗА
 10
711.3048247101254
 20
14627.300434355968
 30
0.0
  0
INSERT
  5
543D
330
17
100
AcDbEntity
  8
BUSH
100
AcDbBlockReference
  2
СНЕЖНОЯГОДНИК_ДОРЕНБОЗА
 10
710.2360277544662
 20
14628.319232690967
 30
0.0
  0
INSERT
  5
543F
330
17
100
AcDbEntity
  8
BUSH
100
AcDbBlockReference
  2
СНЕЖНОЯГОДНИК_ДОРЕНБОЗА
 10
709.9290228238455
 20
14629.763450572425
 30
0.0
  0
INSERT
  5
5441
330
17
100
AcDbEntity
  8
BUSH
100
AcDbBlockReference
  2
СНЕЖНОЯГОДНИК_ДОРЕНБОЗА
 10
710.2401891858652
 20
14631.22971306377
 30
0.0
  0
INSERT
  5
5443
330
17
100
AcDbEntity
  8
BUSH
100
AcDbBlockReference
  2
СНЕЖНОЯГОДНИК_ДОРЕНБОЗА
 10
710.5767204823899
 20
14632.691474564994
 30
0.0
  0
INSERT
  5
5445
330
17
100
AcDbEntity
  8
BUSH
100
AcDbBlockReference
  2
СНЕЖНОЯГОДНИК_ДОРЕНБОЗА
 10
710.9132517789144
 20
14634.153236066217
 30
0.0
  0
INSERT
  5
5447
330
17
100
AcDbEntity
  8
BUSH
100
AcDbBlockReference
  2
СНЕЖНОЯГОДНИК_ДОРЕНБОЗА
 10
711.249783075439
 20
14635.614997567442
 30
0.0
  0
INSERT
  5
5449
330
17
100
AcDbEntity
  8
BUSH
100
AcDbBlockReference
  2
СНЕЖНОЯГОДНИК_ДОРЕНБОЗА
 10
711.5863143719636
 20
14637.076759068665
 30
0.0
  0
INSERT
  5
544B
330
17
100
AcDbEntity
  8
BUSH
100
AcDbBlockReference
  2
СНЕЖНОЯГОДНИК_ДОРЕНБОЗА
 10
711.9228456684882
 20
14638.538520569888
 30
0.0
  0
INSERT
  5
544D
330
17
100
AcDbEntity
  8
BUSH
100
AcDbBlockReference
  2
СНЕЖНОЯГОДНИК_ДОРЕНБОЗА
 10
712.2593769650128
 20
14640.000282071112
 30
0.0
  0
INSERT
  5
544F
330
17
100
AcDbEntity
  8
BUSH
100
AcDbBlockReference
  2
СНЕЖНОЯГОДНИК_ДОРЕНБОЗА
 10
712.5959082615374
 20
14641.462043572335
 30
0.0
  0
INSERT
  5
5451
330
17
100
AcDbEntity
  8
BUSH
100
AcDbBlockReference
  2
СНЕЖНОЯГОДНИК_ДОРЕНБОЗА
 10
712.932439558062
 20
14642.923805073558
 30
0.0
  0
INSERT
  5
5453
330
17
100
AcDbEntity
  8
BUSH
100
AcDbBlockReference
  2
СНЕЖНОЯГОДНИК_ДОРЕНБОЗА
 10
713.2689708516968
 20
14644.385566575449
 30
0.0
  0
INSERT
  5
5455
330
17
100
AcDbEntity
  8
BUSH
100
AcDbBlockReference
  2
СНЕЖНОЯГОДНИК_ДОРЕНБОЗА
 10
713.6055021424088
 20
14645.84732807801
 30
0.0
  0
INSERT
  5
5457
330
17
100
AcDbEntity
  8
BUSH
100
AcDbBlockReference
  2
СНЕЖНОЯГОДНИК_ДОРЕНБОЗА
 10
713.9420334339588
 20
14647.309089580378
 30
0.0
  0
INSERT
  5
5459
330
17
100
AcDbEntity
  8
BUSH
100
AcDbBlockReference
  2
СНЕЖНОЯГОДНИК_ДОРЕНБОЗА
 10
714.2785647287018
 20
14648.770851082012
 30
0.0
  0
INSERT
  5
545B
330
17
100
AcDbEntity
  8
BUSH
100
AcDbBlockReference
  2
СНЕЖНОЯГОДНИК_ДОРЕНБОЗА
 10
714.6150960234448
 20
14650.232612583646
 30
0.0
  0
INSERT
  5
545D
330
17
100
AcDbEntity
  8
BUSH
100
AcDbBlockReference
  2
СНЕЖНОЯГОДНИК_ДОРЕНБОЗА
 10
714.9516273181878
 20
14651.69437408528
 30
0.0
  0
INSERT
  5
545F
330
17
100
AcDbEntity
  8
BUSH
100
AcDbBlockReference
  2
СНЕЖНОЯГОДНИК_ДОРЕНБОЗА
 10
715.2881586129308
 20
14653.156135586914
 30
0.0
  0
INSERT
  5
5461
330
17
100
AcDbEntity
  8
BUSH
100
AcDbBlockReference
  2
СНЕЖНОЯГОДНИК_ДОРЕНБОЗА
 10
715.6246899076738
 20
14654.617897088548
 30
0.0
  0
INSERT
  5
5463
330
17
100
AcDbEntity
  8
BUSH
100
AcDbBlockReference
  2
СНЕЖНОЯГОДНИК_ДОРЕНБОЗА
 10
715.9612212024168
 20
14656.07965859018
 30
0.0
  0
INSERT
  5
5465
330
17
100
AcDbEntity
  8
BUSH
100
AcDbBlockReference
  2
СНЕЖНОЯГОДНИК_ДОРЕНБОЗА
 10
716.2977524971598
 20
14657.541420091815
 30
0.0
  0
INSERT
  5
5467
330
17
100
AcDbEntity
  8
BUSH
100
AcDbBlockReference
  2
СНЕЖНОЯГОДНИК_ДОРЕНБОЗА
 10
716.6342837919028
 20
14659.003181593449
 30
0.0
  0
INSERT
  5
546D
330
17
100
AcDbEntity
  8
BUSH
100
AcDbBlockReference
  2
СНЕЖНОЯГОДНИК_ДОРЕНБОЗА
 10
718.9472695511778
 20
14662.48286149923
 30
0.0
  0
INSERT
  5
546F
330
17
100
AcDbEntity
  8
BUSH
100
AcDbBlockReference
  2
СНЕЖНОЯГОДНИК_ДОРЕНБОЗА
 10
720.4277501149003
 20
14662.370686385146
 30
0.0
  0
INSERT
  5
5471
330
17
100
AcDbEntity
  8
BUSH
100
AcDbBlockReference
  2
СНЕЖНОЯГОДНИК_ДОРЕНБОЗА
 10
721.8890491271841
 20
14662.032152492162
 30
0.0
  0
INSERT
  5
5473
330
17
100
AcDbEntity
  8
BUSH
100
AcDbBlockReference
  2
СНЕЖНОЯГОДНИК_ДОРЕНБОЗА
 10
723.350348139468
 20
14661.69361859918
 30
0.0
  0
INSERT
  5
5475
330
17
100
AcDbEntity
  8
BUSH
100
AcDbBlockReference
  2
СНЕЖНОЯГОДНИК_ДОРЕНБОЗА
 10
724.8064648627101
 20
14661.740903398033
 30
0.0
  0
INSERT
  5
5477
330
17
100
AcDbEntity
  8
BUSH
100
AcDbBlockReference
  2
СНЕЖНОЯГОДНИК_ДОРЕНБОЗА
 10
726.2830968714173
 20
14661.513281655349
 30
0.0
  0
INSERT
  5
5479
330
17
100
AcDbEntity
  8
BUSH
100
AcDbBlockReference
  2
СНЕЖНОЯГОДНИК_ДОРЕНБОЗА
 10
727.7472856701552
 20
14661.18747318147
 30
0.0
  0
INSERT
  5
547B
330
17
100
AcDbEntity
  8
BUSH
100
AcDbBlockReference
  2
СНЕЖНОЯГОДНИК_ДОРЕНБОЗА
 10
729.2114744688929
 20
14660.861664707592
 30
0.0
  0
INSERT
  5
547D
330
17
100
AcDbEntity
  8
BUSH
100
AcDbBlockReference
  2
СНЕЖНОЯГОДНИК_ДОРЕНБОЗА
 10
730.6756632676307
 20
14660.535856233713
 30
0.0
  0
INSERT
  5
547F
330
17
100
AcDbEntity
  8
BUSH
100
AcDbBlockReference
  2
СНЕЖНОЯГОДНИК_ДОРЕНБОЗА
 10
732.1017356456995
 20
14660.095853042045
 30
0.0
  0
INSERT
  5
5481
330
17
100
AcDbEntity
  8
BUSH
100
AcDbBlockReference
  2
СНЕЖНОЯГОДНИК_ДОРЕНБОЗА
 10
733.3915952265605
 20
14659.419968015514
 30
0.0
  0
INSERT
  5
5483
330
17
100
AcDbEntity
  8
BUSH
100
AcDbBlockReference
  2
СНЕЖНОЯГОДНИК_ДОРЕНБОЗА
 10
734.8522540348017
 20
14659.078682437286
 30
0.0
  0
INSERT
  5
5485
330
17
100
AcDbEntity
  8
BUSH
100
AcDbBlockReference
  2
СНЕЖНОЯГОДНИК_ДОРЕНБОЗА
 10
736.3129128409687
 20
14658.737396850178
 30
0.0
  0
INSERT
  5
5487
330
17
100
AcDbEntity
  8
BUSH
100
AcDbBlockReference
  2
СНЕЖНОЯГОДНИК_ДОРЕНБОЗА
 10
737.61356039532
 20
14658.035462991316
 30
0.0
  0
INSERT
  5
548B
330
17
100
AcDbEntity
  8
BUSH
100
AcDbBlockReference
  2
СНЕЖНОЯГОДНИК_ДОРЕНБОЗА
 10
738.1609763762227
 20
14655.244230735845
 30
0.0
  0
INSERT
  5
548D
330
17
100
AcDbEntity
  8
BUSH
100
AcDbBlockReference
  2
СНЕЖНОЯГОДНИК_ДОРЕНБОЗА
 10
737.8222986228263
 20
14653.782965058648
 30
0.0
  0
INSERT
  5
548F
330
17
100
AcDbEntity
  8
BUSH
100
AcDbBlockReference
  2
СНЕЖНОЯГОДНИК_ДОРЕНБОЗА
 10
737.48362086943
 20
14652.321699381451
 30
0.0
  0
INSERT
  5
5491
330
17
100
AcDbEntity
  8
BUSH
100
AcDbBlockReference
  2
СНЕЖНОЯГОДНИК_ДОРЕНБОЗА
 10
737.1449431160337
 20
14650.860433704254
 30
0.0
  0
INSERT
  5
5493
330
17
100
AcDbEntity
  8
BUSH
100
AcDbBlockReference
  2
СНЕЖНОЯГОДНИК_ДОРЕНБОЗА
 10
736.8062653626373
 20
14649.399168027057
 30
0.0
  0
INSERT
  5
5495
330
17
100
AcDbEntity
  8
BUSH
100
AcDbBlockReference
  2
СНЕЖНОЯГОДНИК_ДОРЕНБОЗА
 10
736.4675876092409
 20
14647.93790234986
 30
0.0
  0
INSERT
  5
5497
330
17
100
AcDbEntity
  8
BUSH
100
AcDbBlockReference
  2
СНЕЖНОЯГОДНИК_ДОРЕНБОЗА
 10
736.137181372643
 20
14646.474774857727
 30
0.0
  0
INSERT
  5
5499
330
17
100
AcDbEntity
  8
BUSH
100
AcDbBlockReference
  2
СНЕЖНОЯГОДНИК_ДОРЕНБОЗА
 10
735.8170920804413
 20
14645.009325150293
 30
0.0
  0
INSERT
  5
549B
330
17
100
AcDbEntity
  8
BUSH
100
AcDbBlockReference
  2
СНЕЖНОЯГОДНИК_ДОРЕНБОЗА
 10
735.4970027882396
 20
14643.54387544286
 30
0.0
  0
INSERT
  5
54A3
330
17
100
AcDbEntity
  8
BUSH
100
AcDbBlockReference
  2
СНЕЖНОЯГОДНИК_ДОРЕНБОЗА
 10
734.128758407608
 20
14637.702252088746
 30
0.0
  0
INSERT
  5
54A5
330
17
100
AcDbEntity
  8
BUSH
100
AcDbBlockReference
  2
СНЕЖНОЯГОДНИК_ДОРЕНБОЗА
 10
733.7775641986265
 20
14636.243943949985
 30
0.0
  0
INSERT
  5
54A7
330
17
100
AcDbEntity
  8
BUSH
100
AcDbBlockReference
  2
СНЕЖНОЯГОДНИК_ДОРЕНБОЗА
 10
733.4263699896451
 20
14634.785635811224
 30
0.0
  0
INSERT
  5
54A9
330
17
100
AcDbEntity
  8
BUSH
100
AcDbBlockReference
  2
СНЕЖНОЯГОДНИК_ДОРЕНБОЗА
 10
733.0746435046166
 20
14633.327456220053
 30
0.0
  0
INSERT
  5
54AB
330
17
100
AcDbEntity
  8
BUSH
100
AcDbBlockReference
  2
СНЕЖНОЯГОДНИК_ДОРЕНБОЗА
 10
732.7215649825299
 20
14631.869603155701
 30
0.0
  0
INSERT
  5
54AD
330
17
100
AcDbEntity
  8
BUSH
100
AcDbBlockReference
  2
СНЕЖНОЯГОДНИК_ДОРЕНБОЗА
 10
732.3664805735343
 20
14630.412331148395
 30
0.0
  0
INSERT
  5
54AF
330
17
100
AcDbEntity
  8
BUSH
100
AcDbBlockReference
  2
СНЕЖНОЯГОДНИК_ДОРЕНБОЗА
 10
732.0201450833403
 20
14628.952880202678
 30
0.0
  0
INSERT
  5
54B1
330
17
100
AcDbEntity
  8
BUSH
100
AcDbBlockReference
  2
СНЕЖНОЯГОДНИК_ДОРЕНБОЗА
 10
731.6694929462881
 20
14627.494441627083
 30
0.0
  0
INSERT
  5
54B3
330
17
100
AcDbEntity
  8
BUSH
100
AcDbBlockReference
  2
СНЕЖНОЯГОДНИК_ДОРЕНБОЗА
 10
731.318840809236
 20
14626.03600305149
 30
0.0
  0
INSERT
  5
54B5
330
17
100
AcDbEntity
  8
BUSH
100
AcDbBlockReference
  2
СНЕЖНОЯГОДНИК_ДОРЕНБОЗА
 10
730.9331330521358
 20
14624.58815752369
 30
0.0
  0
INSERT
  5
54B7
330
17
100
AcDbEntity
  8
BUSH
100
AcDbBlockReference
  2
СНЕЖНОЯГОДНИК_ДОРЕНБОЗА
 10
729.9809307618324
 20
14623.459298860296
 30
0.0
  0
INSERT
  5
54BB
330
17
100
AcDbEntity
  8
BUSH
100
AcDbBlockReference
  2
СНЕЖНОЯГОДНИК_ДОРЕНБОЗА
 10
727.0948004122839
 20
14623.380736298996
 30
0.0
  0
INSERT
  5
54BD
330
17
100
AcDbEntity
  8
BUSH
100
AcDbBlockReference
  2
СНЕЖНОЯГОДНИК_ДОРЕНБОЗА
 10
725.9202697204564
 20
14624.276232729473
 30
0.0
  0
INSERT
  5
54BF
330
17
100
AcDbEntity
  8
BUSH
100
AcDbBlockReference
  2
СНЕЖНОЯГОДНИК_ДОРЕНБОЗА
 10
724.9861835687338
 20
14624.419419149825
 30
0.0
  0
INSERT
  5
54C1
330
17
100
AcDbEntity
  8
BUSH
100
AcDbBlockReference
  2
СНЕЖНОЯГОДНИК_ДОРЕНБОЗА
 10
723.6301988992366
 20
14623.835265278116
 30
0.0
  0
INSERT
  5
54C3
330
17
100
AcDbEntity
  8
BUSH
100
AcDbBlockReference
  2
СНЕЖНОЯГОДНИК_ДОРЕНБОЗА
 10
722.1540376335805
 20
14624.038035094818
 30
0.0
  0
INSERT
  5
54C5
330
17
100
AcDbEntity
  8
BUSH
100
AcDbBlockReference
  2
СНЕЖНОЯГОДНИК_ДОРЕНБОЗА
 10
720.6957473423477
 20
14624.38930340608
 30
0.0
  0
INSERT
  5
54C7
330
17
100
AcDbEntity
  8
BUSH
100
AcDbBlockReference
  2
СНЕЖНОЯГОДНИК_ДОРЕНБОЗА
 10
719.2374570511148
 20
14624.74057171734
 30
0.0
  0
INSERT
  5
54C9
330
17
100
AcDbEntity
  8
BUSH
100
AcDbBlockReference
  2
СНЕЖНОЯГОДНИК_ДОРЕНБОЗА
 10
717.779166759882
 20
14625.091840028601
 30
0.0
  0
INSERT
  5
54CB
330
17
100
AcDbEntity
  8
BUSH
100
AcDbBlockReference
  2
СНЕЖНОЯГОДНИК_ДОРЕНБОЗА
 10
715.5974934174275
 20
14557.897119458115
 30
0.0
  0
INSERT
  5
54CD
330
17
100
AcDbEntity
  8
BUSH
100
AcDbBlockReference
  2
СНЕЖНОЯГОДНИК_ДОРЕНБОЗА
 10
715.938564958015
 20
14559.357828260103
 30
0.0
  0
INSERT
  5
54CF
330
17
100
AcDbEntity
  8
BUSH
100
AcDbBlockReference
  2
СНЕЖНОЯГОДНИК_ДОРЕНБОЗА
 10
716.2796364991985
 20
14560.81853706195
 30
0.0
  0
INSERT
  5
54D1
330
17
100
AcDbEntity
  8
BUSH
100
AcDbBlockReference
  2
СНЕЖНОЯГОДНИК_ДОРЕНБОЗА
 10
716.6207080410145
 20
14562.279245863649
 30
0.0
  0
INSERT
  5
54D3
330
17
100
AcDbEntity
  8
BUSH
100
AcDbBlockReference
  2
СНЕЖНОЯГОДНИК_ДОРЕНБОЗА
 10
716.9617795828303
 20
14563.739954665349
 30
0.0
  0
INSERT
  5
54D5
330
17
100
AcDbEntity
  8
BUSH
100
AcDbBlockReference
  2
СНЕЖНОЯГОДНИК_ДОРЕНБОЗА
 10
717.3028511246462
 20
14565.200663467049
 30
0.0
  0
INSERT
  5
54D7
330
17
100
AcDbEntity
  8
BUSH
100
AcDbBlockReference
  2
СНЕЖНОЯГОДНИК_ДОРЕНБОЗА
 10
717.643922666462
 20
14566.661372268749
 30
0.0
  0
INSERT
  5
54D9
330
17
100
AcDbEntity
  8
BUSH
100
AcDbBlockReference
  2
СНЕЖНОЯГОДНИК_ДОРЕНБОЗА
 10
717.9849942082778
 20
14568.122081070449
 30
0.0
  0
INSERT
  5
54DB
330
17
100
AcDbEntity
  8
BUSH
100
AcDbBlockReference
  2
СНЕЖНОЯГОДНИК_ДОРЕНБОЗА
 10
718.3260657500937
 20
14569.582789872149
 30
0.0
  0
INSERT
  5
54DD
330
17
100
AcDbEntity
  8
BUSH
100
AcDbBlockReference
  2
СНЕЖНОЯГОДНИК_ДОРЕНБОЗА
 10
718.6671372919095
 20
14571.04349867385
 30
0.0
  0
INSERT
  5
54DF
330
17
100
AcDbEntity
  8
BUSH
100
AcDbBlockReference
  2
СНЕЖНОЯГОДНИК_ДОРЕНБОЗА
 10
719.0082088337255
 20
14572.504207475547
 30
0.0
  0
INSERT
  5
54E1
330
17
100
AcDbEntity
  8
BUSH
100
AcDbBlockReference
  2
СНЕЖНОЯГОДНИК_ДОРЕНБОЗА
 10
719.3492803755413
 20
14573.964916277248
 30
0.0
  0
INSERT
  5
54E3
330
17
100
AcDbEntity
  8
BUSH
100
AcDbBlockReference
  2
СНЕЖНОЯГОДНИК_ДОРЕНБОЗА
 10
719.9596338044399
 20
14575.315112162089
 30
0.0
  0
INSERT
  5
54EF
330
17
100
AcDbEntity
  8
BUSH
100
AcDbBlockReference
  2
СНЕЖНОЯГОДНИК_ДОРЕНБОЗА
 10
728.5447364364834
 20
14575.188550024768
 30
0.0
  0
INSERT
  5
54F1
330
17
100
AcDbEntity
  8
BUSH
100
AcDbBlockReference
  2
СНЕЖНОЯГОДНИК_ДОРЕНБОЗА
 10
730.0049626872185
 20
14574.845418422225
 30
0.0
  0
INSERT
  5
54F3
330
17
100
AcDbEntity
  8
BUSH
100
AcDbBlockReference
  2
СНЕЖНОЯГОДНИК_ДОРЕНБОЗА
 10
731.4651889379536
 20
14574.502286819681
 30
0.0
  0
INSERT
  5
54F5
330
17
100
AcDbEntity
  8
BUSH
100
AcDbBlockReference
  2
СНЕЖНОЯГОДНИК_ДОРЕНБОЗА
 10
732.9254151886886
 20
14574.159155217138
 30
0.0
  0
INSERT
  5
54F7
330
17
100
AcDbEntity
  8
BUSH
100
AcDbBlockReference
  2
СНЕЖНОЯГОДНИК_ДОРЕНБОЗА
 10
734.3612555845507
 20
14573.741415257315
 30
0.0
  0
INSERT
  5
54F9
330
17
100
AcDbEntity
  8
BUSH
100
AcDbBlockReference
  2
СНЕЖНОЯГОДНИК_ДОРЕНБОЗА
 10
735.6252881952423
 20
14573.011105891152
 30
0.0
  0
INSERT
  5
54FB
330
17
100
AcDbEntity
  8
BUSH
100
AcDbBlockReference
  2
СНЕЖНОЯГОДНИК_ДОРЕНБОЗА
 10
737.0855144445273
 20
14572.667974282438
 30
0.0
  0
INSERT
  5
54FD
330
17
100
AcDbEntity
  8
BUSH
100
AcDbBlockReference
  2
СНЕЖНОЯГОДНИК_ДОРЕНБОЗА
 10
738.5457406955749
 20
14572.324842681224
 30
0.0
  0
INSERT
  5
54FF
330
17
100
AcDbEntity
  8
BUSH
100
AcDbBlockReference
  2
СНЕЖНОЯГОДНИК_ДОРЕНБОЗА
 10
739.8955220271375
 20
14571.713622098343
 30
0.0
  0
INSERT
  5
5501
330
17
100
AcDbEntity
  8
BUSH
100
AcDbBlockReference
  2
СНЕЖНОЯГОДНИК_ДОРЕНБОЗА
 10
740.6776966454676
 20
14570.459830257023
 30
0.0
  0
INSERT
  5
5503
330
17
100
AcDbEntity
  8
BUSH
100
AcDbBlockReference
  2
СНЕЖНОЯГОДНИК_ДОРЕНБОЗА
 10
740.6298787947225
 20
14568.97902890782
 30
0.0
  0
INSERT
  5
5505
330
17
100
AcDbEntity
  8
BUSH
100
AcDbBlockReference
  2
СНЕЖНОЯГОДНИК_ДОРЕНБОЗА
 10
740.2867471534993
 20
14567.518802666173
 30
0.0
  0
INSERT
  5
5507
330
17
100
AcDbEntity
  8
BUSH
100
AcDbBlockReference
  2
СНЕЖНОЯГОДНИК_ДОРЕНБОЗА
 10
739.9436155122761
 20
14566.058576424526
 30
0.0
  0
INSERT
  5
5509
330
17
100
AcDbEntity
  8
BUSH
100
AcDbBlockReference
  2
СНЕЖНОЯГОДНИК_ДОРЕНБОЗА
 10
739.6004838710528
 20
14564.598350182881
 30
0.0
  0
INSERT
  5
550B
330
17
100
AcDbEntity
  8
BUSH
100
AcDbBlockReference
  2
СНЕЖНОЯГОДНИК_ДОРЕНБОЗА
 10
739.2573522298296
 20
14563.138123941235
 30
0.0
  0
INSERT
  5
550D
330
17
100
AcDbEntity
  8
BUSH
100
AcDbBlockReference
  2
СНЕЖНОЯГОДНИК_ДОРЕНБОЗА
 10
738.9142205886064
 20
14561.677897699588
 30
0.0
  0
INSERT
  5
550F
330
17
100
AcDbEntity
  8
BUSH
100
AcDbBlockReference
  2
СНЕЖНОЯГОДНИК_ДОРЕНБОЗА
 10
738.5710889757601
 20
14560.217671451275
 30
0.0
  0
INSERT
  5
5511
330
17
100
AcDbEntity
  8
BUSH
100
AcDbBlockReference
  2
СНЕЖНОЯГОДНИК_ДОРЕНБОЗА
 10
738.2279574176825
 20
14558.757445190091
 30
0.0
  0
INSERT
  5
5513
330
17
100
AcDbEntity
  8
BUSH
100
AcDbBlockReference
  2
СНЕЖНОЯГОДНИК_ДОРЕНБОЗА
 10
737.8848259158516
 20
14557.29721891569
 30
0.0
  0
INSERT
  5
551B
330
17
100
AcDbEntity
  8
BUSH
100
AcDbBlockReference
  2
СНЕЖНОЯГОДНИК_ДОРЕНБОЗА
 10
736.512299560232
 20
14551.45631389993
 30
0.0
  0
INSERT
  5
5521
330
17
100
AcDbEntity
  8
BUSH
100
AcDbBlockReference
  2
СНЕЖНОЯГОДНИК_ДОРЕНБОЗА
 10
735.4829046703746
 20
14547.075635167046
 30
0.0
  0
INSERT
  5
5523
330
17
100
AcDbEntity
  8
BUSH
100
AcDbBlockReference
  2
СНЕЖНОЯГОДНИК_ДОРЕНБОЗА
 10
735.1397730790311
 20
14545.61540891368
 30
0.0
  0
INSERT
  5
5525
330
17
100
AcDbEntity
  8
BUSH
100
AcDbBlockReference
  2
СНЕЖНОЯГОДНИК_ДОРЕНБОЗА
 10
734.7966414877601
 20
14544.155182660295
 30
0.0
  0
INSERT
  5
5527
330
17
100
AcDbEntity
  8
BUSH
100
AcDbBlockReference
  2
СНЕЖНОЯГОДНИК_ДОРЕНБОЗА
 10
734.4535099005145
 20
14542.694956405965
 30
0.0
  0
INSERT
  5
5529
330
17
100
AcDbEntity
  8
BUSH
100
AcDbBlockReference
  2
СНЕЖНОЯГОДНИК_ДОРЕНБОЗА
 10
734.1103783134861
 20
14541.234730151586
 30
0.0
  0
INSERT
  5
552B
330
17
100
AcDbEntity
  8
BUSH
100
AcDbBlockReference
  2
СНЕЖНОЯГОДНИК_ДОРЕНБОЗА
 10
733.7672467264576
 20
14539.774503897204
 30
0.0
  0
INSERT
  5
552D
330
17
100
AcDbEntity
  8
BUSH
100
AcDbBlockReference
  2
СНЕЖНОЯГОДНИК_ДОРЕНБОЗА
 10
733.3857886599144
 20
14538.325700318896
 30
0.0
  0
INSERT
  5
552F
330
17
100
AcDbEntity
  8
BUSH
100
AcDbBlockReference
  2
СНЕЖНОЯГОДНИК_ДОРЕНБОЗА
 10
732.4290048510189
 20
14537.200234946313
 30
0.0
  0
INSERT
  5
5531
330
17
100
AcDbEntity
  8
BUSH
100
AcDbBlockReference
  2
СНЕЖНОЯГОДНИК_ДОРЕНБОЗА
 10
731.0032545841013
 20
14536.811536925818
 30
0.0
  0
INSERT
  5
5533
330
17
100
AcDbEntity
  8
BUSH
100
AcDbBlockReference
  2
СНЕЖНОЯГОДНИК_ДОРЕНБОЗА
 10
729.5452290931522
 20
14537.142083226086
 30
0.0
  0
INSERT
  5
5535
330
17
100
AcDbEntity
  8
BUSH
100
AcDbBlockReference
  2
СНЕЖНОЯГОДНИК_ДОРЕНБОЗА
 10
728.4105714941195
 20
14538.08732581725
 30
0.0
  0
INSERT
  5
5537
330
17
100
AcDbEntity
  8
BUSH
100
AcDbBlockReference
  2
СНЕЖНОЯГОДНИК_ДОРЕНБОЗА
 10
727.43041810328
 20
14538.130631300286
 30
0.0
  0
INSERT
  5
5539
330
17
100
AcDbEntity
  8
BUSH
100
AcDbBlockReference
  2
СНЕЖНОЯГОДНИК_ДОРЕНБОЗА
 10
726.0721988817467
 20
14537.551701629656
 30
0.0
  0
INSERT
  5
553B
330
17
100
AcDbEntity
  8
BUSH
100
AcDbBlockReference
  2
СНЕЖНОЯГОДНИК_ДОРЕНБОЗА
 10
724.5954130524798
 20
14537.754417790307
 30
0.0
  0
INSERT
  5
553D
330
17
100
AcDbEntity
  8
BUSH
100
AcDbBlockReference
  2
СНЕЖНОЯГОДНИК_ДОРЕНБОЗА
 10
723.135186801682
 20
14538.097549392585
 30
0.0
  0
INSERT
  5
553F
330
17
100
AcDbEntity
  8
BUSH
100
AcDbBlockReference
  2
СНЕЖНОЯГОДНИК_ДОРЕНБОЗА
 10
721.6749605504307
 20
14538.440680992931
 30
0.0
  0
INSERT
  5
5541
330
17
100
AcDbEntity
  8
BUSH
100
AcDbBlockReference
  2
СНЕЖНОЯГОДНИК_ДОРЕНБОЗА
 10
720.2147342991793
 20
14538.783812593278
 30
0.0
  0
INSERT
  5
5543
330
17
100
AcDbEntity
  8
BUSH
100
AcDbBlockReference
  2
СНЕЖНОЯГОДНИК_ДОРЕНБОЗА
 10
718.7673045116188
 20
14539.169643065345
 30
0.0
  0
INSERT
  5
5545
330
17
100
AcDbEntity
  8
BUSH
100
AcDbBlockReference
  2
СНЕЖНОЯГОДНИК_ДОРЕНБОЗА
 10
717.513591622124
 20
14539.929481797437
 30
0.0
  0
INSERT
  5
5547
330
17
100
AcDbEntity
  8
BUSH
100
AcDbBlockReference
  2
СНЕЖНОЯГОДНИК_ДОРЕНБОЗА
 10
716.0528857550776
 20
14540.270565907265
 30
0.0
  0
INSERT
  5
5549
330
17
100
AcDbEntity
  8
BUSH
100
AcDbBlockReference
  2
СНЕЖНОЯГОДНИК_ДОРЕНБОЗА
 10
714.5921798882696
 20
14540.611650018112
 30
0.0
  0
INSERT
  5
554B
330
17
100
AcDbEntity
  8
BUSH
100
AcDbBlockReference
  2
СНЕЖНОЯГОДНИК_ДОРЕНБОЗА
 10
713.2115653714807
 20
14541.158965059789
 30
0.0
  0
INSERT
  5
5555
330
17
100
AcDbEntity
  8
BUSH
100
AcDbBlockReference
  2
СНЕЖНОЯГОДНИК_ДОРЕНБОЗА
 10
713.3377583906973
 20
14548.219340858934
 30
0.0
  0
INSERT
  5
5557
330
17
100
AcDbEntity
  8
BUSH
100
AcDbBlockReference
  2
СНЕЖНОЯГОДНИК_ДОРЕНБОЗА
 10
713.6788299300516
 20
14549.680049661209
 30
0.0
  0
INSERT
  5
5559
330
17
100
AcDbEntity
  8
BUSH
100
AcDbBlockReference
  2
СНЕЖНОЯГОДНИК_ДОРЕНБОЗА
 10
714.0199014694059
 20
14551.140758463484
 30
0.0
  0
INSERT
  5
555B
330
17
100
AcDbEntity
  8
BUSH
100
AcDbBlockReference
  2
СНЕЖНОЯГОДНИК_ДОРЕНБОЗА
 10
714.3609730087603
 20
14552.601467265758
 30
0.0
  0
INSERT
  5
555D
330
17
100
AcDbEntity
  8
BUSH
100
AcDbBlockReference
  2
СНЕЖНОЯГОДНИК_ДОРЕНБОЗА
 10
714.7020445481146
 20
14554.062176068033
 30
0.0
  0
INSERT
  5
555F
330
17
100
AcDbEntity
  8
BUSH
100
AcDbBlockReference
  2
СНЕЖНОЯГОДНИК_ДОРЕНБОЗА
 10
715.0431160874689
 20
14555.522884870308
 30
0.0
  0
INSERT
  5
5561
330
17
100
AcDbEntity
  8
BUSH
100
AcDbBlockReference
  2
СНЕЖНОЯГОДНИК_ДОРЕНБОЗА
 10
709.529356456842
 20
14725.242325714009
 30
0.0
  0
INSERT
  5
5563
330
17
100
AcDbEntity
  8
BUSH
100
AcDbBlockReference
  2
СНЕЖНОЯГОДНИК_ДОРЕНБОЗА
 10
709.8728546661059
 20
14726.702465769014
 30
0.0
  0
INSERT
  5
5565
330
17
100
AcDbEntity
  8
BUSH
100
AcDbBlockReference
  2
СНЕЖНОЯГОДНИК_ДОРЕНБОЗА
 10
710.2163528753698
 20
14728.16260582402
 30
0.0
  0
INSERT
  5
5567
330
17
100
AcDbEntity
  8
BUSH
100
AcDbBlockReference
  2
СНЕЖНОЯГОДНИК_ДОРЕНБОЗА
 10
710.559851085183
 20
14729.622745878898
 30
0.0
  0
INSERT
  5
5569
330
17
100
AcDbEntity
  8
BUSH
100
AcDbBlockReference
  2
СНЕЖНОЯГОДНИК_ДОРЕНБОЗА
 10
710.9033492951814
 20
14731.08288593373
 30
0.0
  0
INSERT
  5
556B
330
17
100
AcDbEntity
  8
BUSH
100
AcDbBlockReference
  2
СНЕЖНОЯГОДНИК_ДОРЕНБОЗА
 10
711.2468475051797
 20
14732.543025988563
 30
0.0
  0
INSERT
  5
556D
330
17
100
AcDbEntity
  8
BUSH
100
AcDbBlockReference
  2
СНЕЖНОЯГОДНИК_ДОРЕНБОЗА
 10
711.590345715178
 20
14734.003166043396
 30
0.0
  0
INSERT
  5
556F
330
17
100
AcDbEntity
  8
BUSH
100
AcDbBlockReference
  2
СНЕЖНОЯГОДНИК_ДОРЕНБОЗА
 10
711.9338439251763
 20
14735.46330609823
 30
0.0
  0
INSERT
  5
5571
330
17
100
AcDbEntity
  8
BUSH
100
AcDbBlockReference
  2
СНЕЖНОЯГОДНИК_ДОРЕНБОЗА
 10
712.2773421351748
 20
14736.923446153063
 30
0.0
  0
INSERT
  5
5573
330
17
100
AcDbEntity
  8
BUSH
100
AcDbBlockReference
  2
СНЕЖНОЯГОДНИК_ДОРЕНБОЗА
 10
712.6208403451731
 20
14738.383586207896
 30
0.0
  0
INSERT
  5
5575
330
17
100
AcDbEntity
  8
BUSH
100
AcDbBlockReference
  2
СНЕЖНОЯГОДНИК_ДОРЕНБОЗА
 10
712.9643385551714
 20
14739.843726262729
 30
0.0
  0
INSERT
  5
5577
330
17
100
AcDbEntity
  8
BUSH
100
AcDbBlockReference
  2
СНЕЖНОЯГОДНИК_ДОРЕНБОЗА
 10
713.3078367651697
 20
14741.303866317561
 30
0.0
  0
INSERT
  5
5579
330
17
100
AcDbEntity
  8
BUSH
100
AcDbBlockReference
  2
СНЕЖНОЯГОДНИК_ДОРЕНБОЗА
 10
713.8143271934449
 20
14742.703515485793
 30
0.0
  0
INSERT
  5
557B
330
17
100
AcDbEntity
  8
BUSH
100
AcDbBlockReference
  2
СНЕЖНОЯГОДНИК_ДОРЕНБОЗА
 10
714.9734595236337
 20
14743.619298636375
 30
0.0
  0
INSERT
  5
5583
330
17
100
AcDbEntity
  8
BUSH
100
AcDbBlockReference
  2
СНЕЖНОЯГОДНИК_ДОРЕНБОЗА
 10
720.8205854931756
 20
14743.002940839891
 30
0.0
  0
INSERT
  5
5585
330
17
100
AcDbEntity
  8
BUSH
100
AcDbBlockReference
  2
СНЕЖНОЯГОДНИК_ДОРЕНБОЗА
 10
722.299181199763
 20
14742.830658145707
 30
0.0
  0
INSERT
  5
5587
330
17
100
AcDbEntity
  8
BUSH
100
AcDbBlockReference
  2
СНЕЖНОЯГОДНИК_ДОРЕНБОЗА
 10
723.7594529926947
 20
14742.487720409716
 30
0.0
  0
INSERT
  5
5589
330
17
100
AcDbEntity
  8
BUSH
100
AcDbBlockReference
  2
СНЕЖНОЯГОДНИК_ДОРЕНБОЗА
 10
725.2197247856265
 20
14742.144782673722
 30
0.0
  0
INSERT
  5
558B
330
17
100
AcDbEntity
  8
BUSH
100
AcDbBlockReference
  2
СНЕЖНОЯГОДНИК_ДОРЕНБОЗА
 10
726.6799965785582
 20
14741.801844937729
 30
0.0
  0
INSERT
  5
558D
330
17
100
AcDbEntity
  8
BUSH
100
AcDbBlockReference
  2
СНЕЖНОЯГОДНИК_ДОРЕНБОЗА
 10
728.1294202166797
 20
14741.422393241488
 30
0.0
  0
INSERT
  5
558F
330
17
100
AcDbEntity
  8
BUSH
100
AcDbBlockReference
  2
СНЕЖНОЯГОДНИК_ДОРЕНБОЗА
 10
729.3929315115898
 20
14740.675138291721
 30
0.0
  0
INSERT
  5
5591
330
17
100
AcDbEntity
  8
BUSH
100
AcDbBlockReference
  2
СНЕЖНОЯГОДНИК_ДОРЕНБОЗА
 10
730.8530715534278
 20
14740.331640026483
 30
0.0
  0
INSERT
  5
5593
330
17
100
AcDbEntity
  8
BUSH
100
AcDbBlockReference
  2
СНЕЖНОЯГОДНИК_ДОРЕНБОЗА
 10
732.3132115952656
 20
14739.988141761245
 30
0.0
  0
INSERT
  5
5595
330
17
100
AcDbEntity
  8
BUSH
100
AcDbBlockReference
  2
СНЕЖНОЯГОДНИК_ДОРЕНБОЗА
 10
733.7031133716324
 20
14739.459543906141
 30
0.0
  0
INSERT
  5
5597
330
17
100
AcDbEntity
  8
BUSH
100
AcDbBlockReference
  2
СНЕЖНОЯГОДНИК_ДОРЕНБОЗА
 10
734.5862435514964
 20
14738.275068242174
 30
0.0
  0
INSERT
  5
5599
330
17
100
AcDbEntity
  8
BUSH
100
AcDbBlockReference
  2
СНЕЖНОЯГОДНИК_ДОРЕНБОЗА
 10
734.6495622219713
 20
14736.798471001157
 30
0.0
  0
INSERT
  5
559B
330
17
100
AcDbEntity
  8
BUSH
100
AcDbBlockReference
  2
СНЕЖНОЯГОДНИК_ДОРЕНБОЗА
 10
734.3060640106733
 20
14735.33833094663
 30
0.0
  0
INSERT
  5
559D
330
17
100
AcDbEntity
  8
BUSH
100
AcDbBlockReference
  2
СНЕЖНОЯГОДНИК_ДОРЕНБОЗА
 10
733.9625657993753
 20
14733.878190892101
 30
0.0
  0
INSERT
  5
559F
330
17
100
AcDbEntity
  8
BUSH
100
AcDbBlockReference
  2
СНЕЖНОЯГОДНИК_ДОРЕНБОЗА
 10
733.6190675880772
 20
14732.418050837574
 30
0.0
  0
INSERT
  5
55A1
330
17
100
AcDbEntity
  8
BUSH
100
AcDbBlockReference
  2
СНЕЖНОЯГОДНИК_ДОРЕНБОЗА
 10
733.2755693767791
 20
14730.957910783047
 30
0.0
  0
INSERT
  5
55A3
330
17
100
AcDbEntity
  8
BUSH
100
AcDbBlockReference
  2
СНЕЖНОЯГОДНИК_ДОРЕНБОЗА
 10
732.9320711654811
 20
14729.49777072852
 30
0.0
  0
INSERT
  5
55A5
330
17
100
AcDbEntity
  8
BUSH
100
AcDbBlockReference
  2
СНЕЖНОЯГОДНИК_ДОРЕНБОЗА
 10
732.5885729561058
 20
14728.03763067354
 30
0.0
  0
INSERT
  5
55A7
330
17
100
AcDbEntity
  8
BUSH
100
AcDbBlockReference
  2
СНЕЖНОЯГОДНИК_ДОРЕНБОЗА
 10
732.245074747987
 20
14726.577490618265
 30
0.0
  0
INSERT
  5
55A9
330
17
100
AcDbEntity
  8
BUSH
100
AcDbBlockReference
  2
СНЕЖНОЯГОДНИК_ДОРЕНБОЗА
 10
731.9015765398681
 20
14725.11735056299
 30
0.0
  0
INSERT
  5
55AB
330
17
100
AcDbEntity
  8
BUSH
100
AcDbBlockReference
  2
СНЕЖНОЯГОДНИК_ДОРЕНБОЗА
 10
731.5580783317492
 20
14723.657210507714
 30
0.0
  0
INSERT
  5
55B3
330
17
100
AcDbEntity
  8
BUSH
100
AcDbBlockReference
  2
СНЕЖНОЯГОДНИК_ДОРЕНБОЗА
 10
730.1840854921812
 20
14717.816650288281
 30
0.0
  0
INSERT
  5
55B5
330
17
100
AcDbEntity
  8
BUSH
100
AcDbBlockReference
  2
СНЕЖНОЯГОДНИК_ДОРЕНБОЗА
 10
729.8405872763145
 20
14716.35651023483
 30
0.0
  0
INSERT
  5
55B7
330
17
100
AcDbEntity
  8
BUSH
100
AcDbBlockReference
  2
СНЕЖНОЯГОДНИК_ДОРЕНБОЗА
 10
729.4970890604479
 20
14714.896370181377
 30
0.0
  0
INSERT
  5
55B9
330
17
100
AcDbEntity
  8
BUSH
100
AcDbBlockReference
  2
СНЕЖНОЯГОДНИК_ДОРЕНБОЗА
 10
729.1535908508158
 20
14713.436230126457
 30
0.0
  0
INSERT
  5
55BB
330
17
100
AcDbEntity
  8
BUSH
100
AcDbBlockReference
  2
СНЕЖНОЯГОДНИК_ДОРЕНБОЗА
 10
728.8100926463475
 20
14711.976090070324
 30
0.0
  0
INSERT
  5
55BD
330
17
100
AcDbEntity
  8
BUSH
100
AcDbBlockReference
  2
СНЕЖНОЯГОДНИК_ДОРЕНБОЗА
 10
728.4665944391959
 20
14710.51595001482
 30
0.0
  0
INSERT
  5
55BF
330
17
100
AcDbEntity
  8
BUSH
100
AcDbBlockReference
  2
СНЕЖНОЯГОДНИК_ДОРЕНБОЗА
 10
728.1230962251758
 20
14709.055809960933
 30
0.0
  0
INSERT
  5
55C1
330
17
100
AcDbEntity
  8
BUSH
100
AcDbBlockReference
  2
СНЕЖНОЯГОДНИК_ДОРЕНБОЗА
 10
727.7795980111558
 20
14707.595669907047
 30
0.0
  0
INSERT
  5
55C3
330
17
100
AcDbEntity
  8
BUSH
100
AcDbBlockReference
  2
СНЕЖНОЯГОДНИК_ДОРЕНБОЗА
 10
727.4255315399008
 20
14706.138291422
 30
0.0
  0
INSERT
  5
55C5
330
17
100
AcDbEntity
  8
BUSH
100
AcDbBlockReference
  2
СНЕЖНОЯГОДНИК_ДОРЕНБОЗА
 10
726.5672170003137
 20
14704.935336503027
 30
0.0
  0
INSERT
  5
55C9
330
17
100
AcDbEntity
  8
BUSH
100
AcDbBlockReference
  2
СНЕЖНОЯГОДНИК_ДОРЕНБОЗА
 10
723.706759610557
 20
14704.680180793519
 30
0.0
  0
INSERT
  5
55CF
330
17
100
AcDbEntity
  8
BUSH
100
AcDbBlockReference
  2
СНЕЖНОЯГОДНИК_ДОРЕНБОЗА
 10
720.35497945321
 20
14705.263161688621
 30
0.0
  0
INSERT
  5
55D1
330
17
100
AcDbEntity
  8
BUSH
100
AcDbBlockReference
  2
СНЕЖНОЯГОДНИК_ДОРЕНБОЗА
 10
718.8738081167
 20
14705.321017134942
 30
0.0
  0
INSERT
  5
55D3
330
17
100
AcDbEntity
  8
BUSH
100
AcDbBlockReference
  2
СНЕЖНОЯГОДНИК_ДОРЕНБОЗА
 10
717.410688309353
 20
14705.65159304052
 30
0.0
  0
INSERT
  5
55D5
330
17
100
AcDbEntity
  8
BUSH
100
AcDbBlockReference
  2
СНЕЖНОЯГОДНИК_ДОРЕНБОЗА
 10
715.9475685020059
 20
14705.982168946099
 30
0.0
  0
INSERT
  5
55D7
330
17
100
AcDbEntity
  8
BUSH
100
AcDbBlockReference
  2
СНЕЖНОЯГОДНИК_ДОРЕНБОЗА
 10
714.4844486946588
 20
14706.312744851677
 30
0.0
  0
INSERT
  5
55D9
330
17
100
AcDbEntity
  8
BUSH
100
AcDbBlockReference
  2
СНЕЖНОЯГОДНИК_ДОРЕНБОЗА
 10
713.0241501388643
 20
14706.65451479322
 30
0.0
  0
INSERT
  5
55E3
330
17
100
AcDbEntity
  8
BUSH
100
AcDbBlockReference
  2
СНЕЖНОЯГОДНИК_ДОРЕНБОЗА
 10
706.4431982555061
 20
14709.686379344283
 30
0.0
  0
INSERT
  5
55E5
330
17
100
AcDbEntity
  8
BUSH
100
AcDbBlockReference
  2
СНЕЖНОЯГОДНИК_ДОРЕНБОЗА
 10
706.2236924871257
 20
14711.147409936675
 30
0.0
  0
INSERT
  5
55E7
330
17
100
AcDbEntity
  8
BUSH
100
AcDbBlockReference
  2
СНЕЖНОЯГОДНИК_ДОРЕНБОЗА
 10
706.5575007613428
 20
14712.60957995293
 30
0.0
  0
INSERT
  5
55E9
330
17
100
AcDbEntity
  8
BUSH
100
AcDbBlockReference
  2
СНЕЖНОЯГОДНИК_ДОРЕНБОЗА
 10
706.9009989699827
 20
14714.069720008083
 30
0.0
  0
INSERT
  5
55EB
330
17
100
AcDbEntity
  8
BUSH
100
AcDbBlockReference
  2
СНЕЖНОЯГОДНИК_ДОРЕНБОЗА
 10
707.2444971786226
 20
14715.529860063236
 30
0.0
  0
INSERT
  5
55ED
330
17
100
AcDbEntity
  8
BUSH
100
AcDbBlockReference
  2
СНЕЖНОЯГОДНИК_ДОРЕНБОЗА
 10
707.5879953872625
 20
14716.990000118389
 30
0.0
  0
INSERT
  5
55EF
330
17
100
AcDbEntity
  8
BUSH
100
AcDbBlockReference
  2
СНЕЖНОЯГОДНИК_ДОРЕНБОЗА
 10
707.9314935959025
 20
14718.450140173542
 30
0.0
  0
INSERT
  5
55F1
330
17
100
AcDbEntity
  8
BUSH
100
AcDbBlockReference
  2
СНЕЖНОЯГОДНИК_ДОРЕНБОЗА
 10
708.2749918045423
 20
14719.910280228694
 30
0.0
  0
INSERT
  5
55F3
330
17
100
AcDbEntity
  8
BUSH
100
AcDbBlockReference
  2
СНЕЖНОЯГОДНИК_ДОРЕНБОЗА
 10
708.6184900131823
 20
14721.370420283845
 30
0.0
  0
INSERT
  5
55F5
330
17
100
AcDbEntity
  8
BUSH
100
AcDbBlockReference
  2
СНЕЖНОЯГОДНИК_ДОРЕНБОЗА
 10
708.961988221822
 20
14722.830560338998
 30
0.0
  0
INSERT
  5
55F7
330
17
100
AcDbEntity
  8
BUSH
100
AcDbBlockReference
  2
СНЕЖНОЯГОДНИК_ДОРЕНБОЗА
 10
688.0819853702321
 20
14708.341652745892
 30
0.0
  0
INSERT
  5
55F9
330
17
100
AcDbEntity
  8
BUSH
100
AcDbBlockReference
  2
СНЕЖНОЯГОДНИК_ДОРЕНБОЗА
 10
688.9551219489051
 20
14709.533915499895
 30
0.0
  0
INSERT
  5
55FB
330
17
100
AcDbEntity
  8
BUSH
100
AcDbBlockReference
  2
СНЕЖНОЯГОДНИК_ДОРЕНБОЗА
 10
690.3484004458518
 20
14710.024677590633
 30
0.0
  0
INSERT
  5
55FD
330
17
100
AcDbEntity
  8
BUSH
100
AcDbBlockReference
  2
СНЕЖНОЯГОДНИК_ДОРЕНБОЗА
 10
691.8211850463822
 20
14709.77180270919
 30
0.0
  0
INSERT
  5
55FF
330
17
100
AcDbEntity
  8
BUSH
100
AcDbBlockReference
  2
СНЕЖНОЯГОДНИК_ДОРЕНБОЗА
 10
693.2806437139861
 20
14709.425420842523
 30
0.0
  0
INSERT
  5
5601
330
17
100
AcDbEntity
  8
BUSH
100
AcDbBlockReference
  2
СНЕЖНОЯГОДНИК_ДОРЕНБОЗА
 10
694.7401023815901
 20
14709.079038975857
 30
0.0
  0
INSERT
  5
5603
330
17
100
AcDbEntity
  8
BUSH
100
AcDbBlockReference
  2
СНЕЖНОЯГОДНИК_ДОРЕНБОЗА
 10
696.199561049194
 20
14708.732657109189
 30
0.0
  0
INSERT
  5
5605
330
17
100
AcDbEntity
  8
BUSH
100
AcDbBlockReference
  2
СНЕЖНОЯГОДНИК_ДОРЕНБОЗА
 10
697.6590197167981
 20
14708.386275242521
 30
0.0
  0
INSERT
  5
5607
330
17
100
AcDbEntity
  8
BUSH
100
AcDbBlockReference
  2
СНЕЖНОЯГОДНИК_ДОРЕНБОЗА
 10
699.118478384402
 20
14708.039893375855
 30
0.0
  0
INSERT
  5
5609
330
17
100
AcDbEntity
  8
BUSH
100
AcDbBlockReference
  2
СНЕЖНОЯГОДНИК_ДОРЕНБОЗА
 10
700.577937052006
 20
14707.693511509187
 30
0.0
  0
INSERT
  5
560B
330
17
100
AcDbEntity
  8
BUSH
100
AcDbBlockReference
  2
СНЕЖНОЯГОДНИК_ДОРЕНБОЗА
 10
702.0373957196099
 20
14707.347129642521
 30
0.0
  0
INSERT
  5
560D
330
17
100
AcDbEntity
  8
BUSH
100
AcDbBlockReference
  2
СНЕЖНОЯГОДНИК_ДОРЕНБОЗА
 10
703.4968543872138
 20
14707.000747775854
 30
0.0
  0
INSERT
  5
560F
330
17
100
AcDbEntity
  8
BUSH
100
AcDbBlockReference
  2
СНЕЖНОЯГОДНИК_ДОРЕНБОЗА
 10
704.9563130548179
 20
14706.654365909188
 30
0.0
  0
INSERT
  5
5615
330
17
100
AcDbEntity
  8
BUSH
100
AcDbBlockReference
  2
СНЕЖНОЯГОДНИК_ДОРЕНБОЗА
 10
707.2466817919251
 20
14703.435630553806
 30
0.0
  0
INSERT
  5
5617
330
17
100
AcDbEntity
  8
BUSH
100
AcDbBlockReference
  2
СНЕЖНОЯГОДНИК_ДОРЕНБОЗА
 10
706.9002999252255
 20
14701.976171886208
 30
0.0
  0
INSERT
  5
5619
330
17
100
AcDbEntity
  8
BUSH
100
AcDbBlockReference
  2
СНЕЖНОЯГОДНИК_ДОРЕНБОЗА
 10
706.5539180585258
 20
14700.516713218612
 30
0.0
  0
INSERT
  5
561B
330
17
100
AcDbEntity
  8
BUSH
100
AcDbBlockReference
  2
СНЕЖНОЯГОДНИК_ДОРЕНБОЗА
 10
706.2075361918263
 20
14699.057254551017
 30
0.0
  0
INSERT
  5
561D
330
17
100
AcDbEntity
  8
BUSH
100
AcDbBlockReference
  2
СНЕЖНОЯГОДНИК_ДОРЕНБОЗА
 10
705.8611543251267
 20
14697.597795883421
 30
0.0
  0
INSERT
  5
561F
330
17
100
AcDbEntity
  8
BUSH
100
AcDbBlockReference
  2
СНЕЖНОЯГОДНИК_ДОРЕНБОЗА
 10
705.514772458427
 20
14696.138337215823
 30
0.0
  0
INSERT
  5
5621
330
17
100
AcDbEntity
  8
BUSH
100
AcDbBlockReference
  2
СНЕЖНОЯГОДНИК_ДОРЕНБОЗА
 10
705.1683905917275
 20
14694.678878548228
 30
0.0
  0
INSERT
  5
5623
330
17
100
AcDbEntity
  8
BUSH
100
AcDbBlockReference
  2
СНЕЖНОЯГОДНИК_ДОРЕНБОЗА
 10
704.8220087250279
 20
14693.219419880632
 30
0.0
  0
INSERT
  5
5625
330
17
100
AcDbEntity
  8
BUSH
100
AcDbBlockReference
  2
СНЕЖНОЯГОДНИК_ДОРЕНБОЗА
 10
704.4756268583283
 20
14691.759961213036
 30
0.0
  0
INSERT
  5
5627
330
17
100
AcDbEntity
  8
BUSH
100
AcDbBlockReference
  2
СНЕЖНОЯГОДНИК_ДОРЕНБОЗА
 10
703.9576150288466
 20
14690.365067885083
 30
0.0
  0
INSERT
  5
5629
330
17
100
AcDbEntity
  8
BUSH
100
AcDbBlockReference
  2
СНЕЖНОЯГОДНИК_ДОРЕНБОЗА
 10
702.786154803151
 20
14689.464232412713
 30
0.0
  0
INSERT
  5
562B
330
17
100
AcDbEntity
  8
BUSH
100
AcDbBlockReference
  2
СНЕЖНОЯГОДНИК_ДОРЕНБОЗА
 10
701.3102017433894
 20
14689.383102673046
 30
0.0
  0
INSERT
  5
562D
330
17
100
AcDbEntity
  8
BUSH
100
AcDbBlockReference
  2
СНЕЖНОЯГОДНИК_ДОРЕНБОЗА
 10
699.850743075793
 20
14689.729484539745
 30
0.0
  0
INSERT
  5
562F
330
17
100
AcDbEntity
  8
BUSH
100
AcDbBlockReference
  2
СНЕЖНОЯГОДНИК_ДОРЕНБОЗА
 10
698.3912844081966
 20
14690.075866406443
 30
0.0
  0
INSERT
  5
5631
330
17
100
AcDbEntity
  8
BUSH
100
AcDbBlockReference
  2
СНЕЖНОЯГОДНИК_ДОРЕНБОЗА
 10
696.9318257406003
 20
14690.422248273144
 30
0.0
  0
INSERT
  5
5633
330
17
100
AcDbEntity
  8
BUSH
100
AcDbBlockReference
  2
СНЕЖНОЯГОДНИК_ДОРЕНБОЗА
 10
695.472367073004
 20
14690.768630139843
 30
0.0
  0
INSERT
  5
5635
330
17
100
AcDbEntity
  8
BUSH
100
AcDbBlockReference
  2
СНЕЖНОЯГОДНИК_ДОРЕНБОЗА
 10
694.0129084054075
 20
14691.115012006541
 30
0.0
  0
INSERT
  5
5637
330
17
100
AcDbEntity
  8
BUSH
100
AcDbBlockReference
  2
СНЕЖНОЯГОДНИК_ДОРЕНБОЗА
 10
692.5534497378112
 20
14691.46139387324
 30
0.0
  0
INSERT
  5
5639
330
17
100
AcDbEntity
  8
BUSH
100
AcDbBlockReference
  2
СНЕЖНОЯГОДНИК_ДОРЕНБОЗА
 10
691.0939910702148
 20
14691.807775739939
 30
0.0
  0
INSERT
  5
563B
330
17
100
AcDbEntity
  8
BUSH
100
AcDbBlockReference
  2
СНЕЖНОЯГОДНИК_ДОРЕНБОЗА
 10
689.6345324026184
 20
14692.154157606637
 30
0.0
  0
INSERT
  5
563D
330
17
100
AcDbEntity
  8
BUSH
100
AcDbBlockReference
  2
СНЕЖНОЯГОДНИК_ДОРЕНБОЗА
 10
688.1750737350221
 20
14692.500539473336
 30
0.0
  0
INSERT
  5
563F
330
17
100
AcDbEntity
  8
BUSH
100
AcDbBlockReference
  2
СНЕЖНОЯГОДНИК_ДОРЕНБОЗА
 10
686.7186074747743
 20
14692.85828120697
 30
0.0
  0
INSERT
  5
5641
330
17
100
AcDbEntity
  8
BUSH
100
AcDbBlockReference
  2
СНЕЖНОЯГОДНИК_ДОРЕНБОЗА
 10
685.523977557699
 20
14693.728141821306
 30
0.0
  0
INSERT
  5
5643
330
17
100
AcDbEntity
  8
BUSH
100
AcDbBlockReference
  2
СНЕЖНОЯГОДНИК_ДОРЕНБОЗА
 10
685.0298956503037
 20
14695.120368091344
 30
0.0
  0
INSERT
  5
5645
330
17
100
AcDbEntity
  8
BUSH
100
AcDbBlockReference
  2
СНЕЖНОЯГОДНИК_ДОРЕНБОЗА
 10
685.2813108815604
 20
14696.59331435618
 30
0.0
  0
INSERT
  5
5647
330
17
100
AcDbEntity
  8
BUSH
100
AcDbBlockReference
  2
СНЕЖНОЯГОДНИК_ДОРЕНБОЗА
 10
685.6276927483069
 20
14698.052773023765
 30
0.0
  0
INSERT
  5
5649
330
17
100
AcDbEntity
  8
BUSH
100
AcDbBlockReference
  2
СНЕЖНОЯГОДНИК_ДОРЕНБОЗА
 10
685.9740746150534
 20
14699.51223169135
 30
0.0
  0
INSERT
  5
564B
330
17
100
AcDbEntity
  8
BUSH
100
AcDbBlockReference
  2
СНЕЖНОЯГОДНИК_ДОРЕНБОЗА
 10
686.3204564818
 20
14700.971690358934
 30
0.0
  0
INSERT
  5
564D
330
17
100
AcDbEntity
  8
BUSH
100
AcDbBlockReference
  2
СНЕЖНОЯГОДНИК_ДОРЕНБОЗА
 10
686.6668383485464
 20
14702.431149026519
 30
0.0
  0
INSERT
  5
564F
330
17
100
AcDbEntity
  8
BUSH
100
AcDbBlockReference
  2
СНЕЖНОЯГОДНИК_ДОРЕНБОЗА
 10
687.0132202152929
 20
14703.890607694104
 30
0.0
  0
INSERT
  5
5651
330
17
100
AcDbEntity
  8
BUSH
100
AcDbBlockReference
  2
СНЕЖНОЯГОДНИК_ДОРЕНБОЗА
 10
687.3596020820395
 20
14705.350066361689
 30
0.0
  0
INSERT
  5
5653
330
17
100
AcDbEntity
  8
BUSH
100
AcDbBlockReference
  2
СНЕЖНОЯГОДНИК_ДОРЕНБОЗА
 10
687.705983948786
 20
14706.809525029275
 30
0.0
  0
INSERT
  5
5661
330
17
100
AcDbEntity
  8
BUSH
100
AcDbBlockReference
  2
СНЕЖНОЯГОДНИК_ДОРЕНБОЗА
 10
775.657881920359
 20
14520.721443754283
 30
0.0
  0
INSERT
  5
5665
330
17
100
AcDbEntity
  8
BUSH
100
AcDbBlockReference
  2
СНЕЖНОЯГОДНИК_ДОРЕНБОЗА
 10
776.955510955859
 20
14523.426283654579
 30
0.0
  0
INSERT
  5
5667
330
17
100
AcDbEntity
  8
BUSH
100
AcDbBlockReference
  2
СНЕЖНОЯГОДНИК_ДОРЕНБОЗА
 10
777.604325473609
 20
14524.778703604725
 30
0.0
  0
INSERT
  5
5669
330
17
100
AcDbEntity
  8
BUSH
100
AcDbBlockReference
  2
СНЕЖНОЯГОДНИК_ДОРЕНБОЗА
 10
778.253139991359
 20
14526.131123554873
 30
0.0
  0
INSERT
  5
566B
330
17
100
AcDbEntity
  8
BUSH
100
AcDbBlockReference
  2
СНЕЖНОЯГОДНИК_ДОРЕНБОЗА
 10
778.9125340840708
 20
14527.47814472838
 30
0.0
  0
INSERT
  5
566D
330
17
100
AcDbEntity
  8
BUSH
100
AcDbBlockReference
  2
СНЕЖНОЯГОДНИК_ДОРЕНБОЗА
 10
780.0177303024883
 20
14528.459145162655
 30
0.0
  0
INSERT
  5
566F
330
17
100
AcDbEntity
  8
BUSH
100
AcDbBlockReference
  2
СНЕЖНОЯГОДНИК_ДОРЕНБОЗА
 10
781.483323193448
 20
14528.644336533698
 30
0.0
  0
INSERT
  5
5671
330
17
100
AcDbEntity
  8
BUSH
100
AcDbBlockReference
  2
СНЕЖНОЯГОДНИК_ДОРЕНБОЗА
 10
782.8689100561561
 20
14528.084833500607
 30
0.0
  0
INSERT
  5
5673
330
17
100
AcDbEntity
  8
BUSH
100
AcDbBlockReference
  2
СНЕЖНОЯГОДНИК_ДОРЕНБОЗА
 10
784.2213300063036
 20
14527.436018982857
 30
0.0
  0
INSERT
  5
5675
330
17
100
AcDbEntity
  8
BUSH
100
AcDbBlockReference
  2
СНЕЖНОЯГОДНИК_ДОРЕНБОЗА
 10
785.5737499564509
 20
14526.787204465107
 30
0.0
  0
INSERT
  5
5677
330
17
100
AcDbEntity
  8
BUSH
100
AcDbBlockReference
  2
СНЕЖНОЯГОДНИК_ДОРЕНБОЗА
 10
786.9261699065984
 20
14526.138389947357
 30
0.0
  0
INSERT
  5
5679
330
17
100
AcDbEntity
  8
BUSH
100
AcDbBlockReference
  2
СНЕЖНОЯГОДНИК_ДОРЕНБОЗА
 10
788.2785898567457
 20
14525.489575429607
 30
0.0
  0
INSERT
  5
567B
330
17
100
AcDbEntity
  8
BUSH
100
AcDbBlockReference
  2
СНЕЖНОЯГОДНИК_ДОРЕНБОЗА
 10
789.6310098068932
 20
14524.840760911857
 30
0.0
  0
INSERT
  5
567D
330
17
100
AcDbEntity
  8
BUSH
100
AcDbBlockReference
  2
СНЕЖНОЯГОДНИК_ДОРЕНБОЗА
 10
790.9834297570405
 20
14524.191946394107
 30
0.0
  0
INSERT
  5
567F
330
17
100
AcDbEntity
  8
BUSH
100
AcDbBlockReference
  2
СНЕЖНОЯГОДНИК_ДОРЕНБОЗА
 10
792.335849707188
 20
14523.543131876357
 30
0.0
  0
INSERT
  5
5681
330
17
100
AcDbEntity
  8
BUSH
100
AcDbBlockReference
  2
СНЕЖНОЯГОДНИК_ДОРЕНБОЗА
 10
793.6882696573354
 20
14522.894317358607
 30
0.0
  0
INSERT
  5
5683
330
17
100
AcDbEntity
  8
BUSH
100
AcDbBlockReference
  2
СНЕЖНОЯГОДНИК_ДОРЕНБОЗА
 10
795.0406896074828
 20
14522.245502840857
 30
0.0
  0
INSERT
  5
5685
330
17
100
AcDbEntity
  8
BUSH
100
AcDbBlockReference
  2
СНЕЖНОЯГОДНИК_ДОРЕНБОЗА
 10
796.3931095576302
 20
14521.596688323107
 30
0.0
  0
INSERT
  5
5687
330
17
100
AcDbEntity
  8
BUSH
100
AcDbBlockReference
  2
СНЕЖНОЯГОДНИК_ДОРЕНБОЗА
 10
797.7455295077776
 20
14520.947873805355
 30
0.0
  0
INSERT
  5
5689
330
17
100
AcDbEntity
  8
BUSH
100
AcDbBlockReference
  2
СНЕЖНОЯГОДНИК_ДОРЕНБОЗА
 10
799.097949457925
 20
14520.299059287605
 30
0.0
  0
INSERT
  5
568B
330
17
100
AcDbEntity
  8
BUSH
100
AcDbBlockReference
  2
СНЕЖНОЯГОДНИК_ДОРЕНБОЗА
 10
800.4503694080724
 20
14519.650244769855
 30
0.0
  0
INSERT
  5
568D
330
17
100
AcDbEntity
  8
BUSH
100
AcDbBlockReference
  2
СНЕЖНОЯГОДНИК_ДОРЕНБОЗА
 10
801.8027893582198
 20
14519.001430252105
 30
0.0
  0
INSERT
  5
568F
330
17
100
AcDbEntity
  8
BUSH
100
AcDbBlockReference
  2
СНЕЖНОЯГОДНИК_ДОРЕНБОЗА
 10
803.1552093083673
 20
14518.352615734355
 30
0.0
  0
INSERT
  5
5691
330
17
100
AcDbEntity
  8
BUSH
100
AcDbBlockReference
  2
СНЕЖНОЯГОДНИК_ДОРЕНБОЗА
 10
804.5076292585146
 20
14517.703801216605
 30
0.0
  0
INSERT
  5
5693
330
17
100
AcDbEntity
  8
BUSH
100
AcDbBlockReference
  2
СНЕЖНОЯГОДНИК_ДОРЕНБОЗА
 10
805.8600492086621
 20
14517.054986698855
 30
0.0
  0
INSERT
  5
5695
330
17
100
AcDbEntity
  8
BUSH
100
AcDbBlockReference
  2
СНЕЖНОЯГОДНИК_ДОРЕНБОЗА
 10
807.2124691588094
 20
14516.406172181105
 30
0.0
  0
INSERT
  5
5697
330
17
100
AcDbEntity
  8
BUSH
100
AcDbBlockReference
  2
СНЕЖНОЯГОДНИК_ДОРЕНБОЗА
 10
808.5648891089569
 20
14515.757357663355
 30
0.0
  0
INSERT
  5
5699
330
17
100
AcDbEntity
  8
BUSH
100
AcDbBlockReference
  2
СНЕЖНОЯГОДНИК_ДОРЕНБОЗА
 10
809.9173090591042
 20
14515.108543145605
 30
0.0
  0
INSERT
  5
569B
330
17
100
AcDbEntity
  8
BUSH
100
AcDbBlockReference
  2
СНЕЖНОЯГОДНИК_ДОРЕНБОЗА
 10
811.2697290092517
 20
14514.459728627855
 30
0.0
  0
INSERT
  5
569D
330
17
100
AcDbEntity
  8
BUSH
100
AcDbBlockReference
  2
СНЕЖНОЯГОДНИК_ДОРЕНБОЗА
 10
812.622148959399
 20
14513.810914110105
 30
0.0
  0
INSERT
  5
569F
330
17
100
AcDbEntity
  8
BUSH
100
AcDbBlockReference
  2
СНЕЖНОЯГОДНИК_ДОРЕНБОЗА
 10
813.8650834974962
 20
14512.994908139806
 30
0.0
  0
INSERT
  5
56A1
330
17
100
AcDbEntity
  8
BUSH
100
AcDbBlockReference
  2
СНЕЖНОЯГОДНИК_ДОРЕНБОЗА
 10
814.4711711207343
 20
14511.647580564255
 30
0.0
  0
INSERT
  5
56A3
330
17
100
AcDbEntity
  8
BUSH
100
AcDbBlockReference
  2
СНЕЖНОЯГОДНИК_ДОРЕНБОЗА
 10
814.2139138362386
 20
14510.192195373038
 30
0.0
  0
INSERT
  5
56A5
330
17
100
AcDbEntity
  8
BUSH
100
AcDbBlockReference
  2
СНЕЖНОЯГОДНИК_ДОРЕНБОЗА
 10
813.5650993182197
 20
14508.839775423021
 30
0.0
  0
INSERT
  5
56A7
330
17
100
AcDbEntity
  8
BUSH
100
AcDbBlockReference
  2
СНЕЖНОЯГОДНИК_ДОРЕНБОЗА
 10
812.9162848002007
 20
14507.487355473002
 30
0.0
  0
INSERT
  5
56A9
330
17
100
AcDbEntity
  8
BUSH
100
AcDbBlockReference
  2
СНЕЖНОЯГОДНИК_ДОРЕНБОЗА
 10
812.2674702821819
 20
14506.134935522983
 30
0.0
  0
INSERT
  5
56AB
330
17
100
AcDbEntity
  8
BUSH
100
AcDbBlockReference
  2
СНЕЖНОЯГОДНИК_ДОРЕНБОЗА
 10
811.618655764163
 20
14504.782515572964
 30
0.0
  0
INSERT
  5
56AD
330
17
100
AcDbEntity
  8
BUSH
100
AcDbBlockReference
  2
СНЕЖНОЯГОДНИК_ДОРЕНБОЗА
 10
810.969841246144
 20
14503.430095622945
 30
0.0
  0
INSERT
  5
56AF
330
17
100
AcDbEntity
  8
BUSH
100
AcDbBlockReference
  2
СНЕЖНОЯГОДНИК_ДОРЕНБОЗА
 10
810.3210267281252
 20
14502.077675672928
 30
0.0
  0
INSERT
  5
56B1
330
17
100
AcDbEntity
  8
BUSH
100
AcDbBlockReference
  2
СНЕЖНОЯГОДНИК_ДОРЕНБОЗА
 10
809.6722122101062
 20
14500.72525572291
 30
0.0
  0
INSERT
  5
56B3
330
17
100
AcDbEntity
  8
BUSH
100
AcDbBlockReference
  2
СНЕЖНОЯГОДНИК_ДОРЕНБОЗА
 10
809.0233976920873
 20
14499.37283577289
 30
0.0
  0
INSERT
  5
56B5
330
17
100
AcDbEntity
  8
BUSH
100
AcDbBlockReference
  2
СНЕЖНОЯГОДНИК_ДОРЕНБОЗА
 10
808.2085434149013
 20
14498.128992161877
 30
0.0
  0
INSERT
  5
56B7
330
17
100
AcDbEntity
  8
BUSH
100
AcDbBlockReference
  2
СНЕЖНОЯГОДНИК_ДОРЕНБОЗА
 10
806.8619498180119
 20
14497.521104492305
 30
0.0
  0
INSERT
  5
56B9
330
17
100
AcDbEntity
  8
BUSH
100
AcDbBlockReference
  2
СНЕЖНОЯГОДНИК_ДОРЕНБОЗА
 10
805.406249556505
 20
14497.776603702006
 30
0.0
  0
INSERT
  5
56BB
330
17
100
AcDbEntity
  8
BUSH
100
AcDbBlockReference
  2
СНЕЖНОЯГОДНИК_ДОРЕНБОЗА
 10
804.053829606355
 20
14498.425418219751
 30
0.0
  0
INSERT
  5
56BD
330
17
100
AcDbEntity
  8
BUSH
100
AcDbBlockReference
  2
СНЕЖНОЯГОДНИК_ДОРЕНБОЗА
 10
802.7014096562049
 20
14499.074232737496
 30
0.0
  0
INSERT
  5
56BF
330
17
100
AcDbEntity
  8
BUSH
100
AcDbBlockReference
  2
СНЕЖНОЯГОДНИК_ДОРЕНБОЗА
 10
801.3489897060548
 20
14499.72304725524
 30
0.0
  0
INSERT
  5
56C1
330
17
100
AcDbEntity
  8
BUSH
100
AcDbBlockReference
  2
СНЕЖНОЯГОДНИК_ДОРЕНБОЗА
 10
799.9965697559048
 20
14500.371861772985
 30
0.0
  0
INSERT
  5
56C3
330
17
100
AcDbEntity
  8
BUSH
100
AcDbBlockReference
  2
СНЕЖНОЯГОДНИК_ДОРЕНБОЗА
 10
798.6441498057548
 20
14501.02067629073
 30
0.0
  0
INSERT
  5
56C5
330
17
100
AcDbEntity
  8
BUSH
100
AcDbBlockReference
  2
СНЕЖНОЯГОДНИК_ДОРЕНБОЗА
 10
797.2917298556047
 20
14501.669490808474
 30
0.0
  0
INSERT
  5
56C7
330
17
100
AcDbEntity
  8
BUSH
100
AcDbBlockReference
  2
СНЕЖНОЯГОДНИК_ДОРЕНБОЗА
 10
795.9393099054546
 20
14502.318305326218
 30
0.0
  0
INSERT
  5
56C9
330
17
100
AcDbEntity
  8
BUSH
100
AcDbBlockReference
  2
СНЕЖНОЯГОДНИК_ДОРЕНБОЗА
 10
794.5868899553045
 20
14502.967119843963
 30
0.0
  0
INSERT
  5
56CB
330
17
100
AcDbEntity
  8
BUSH
100
AcDbBlockReference
  2
СНЕЖНОЯГОДНИК_ДОРЕНБОЗА
 10
793.2344700051545
 20
14503.615934361707
 30
0.0
  0
INSERT
  5
56CD
330
17
100
AcDbEntity
  8
BUSH
100
AcDbBlockReference
  2
СНЕЖНОЯГОДНИК_ДОРЕНБОЗА
 10
791.8820500550045
 20
14504.264748879452
 30
0.0
  0
INSERT
  5
56CF
330
17
100
AcDbEntity
  8
BUSH
100
AcDbBlockReference
  2
СНЕЖНОЯГОДНИК_ДОРЕНБОЗА
 10
790.5296301048544
 20
14504.913563397196
 30
0.0
  0
INSERT
  5
56D1
330
17
100
AcDbEntity
  8
BUSH
100
AcDbBlockReference
  2
СНЕЖНОЯГОДНИК_ДОРЕНБОЗА
 10
789.1772101547044
 20
14505.562377914941
 30
0.0
  0
INSERT
  5
56D3
330
17
100
AcDbEntity
  8
BUSH
100
AcDbBlockReference
  2
СНЕЖНОЯГОДНИК_ДОРЕНБОЗА
 10
787.8247902045543
 20
14506.211192432685
 30
0.0
  0
INSERT
  5
56D5
330
17
100
AcDbEntity
  8
BUSH
100
AcDbBlockReference
  2
СНЕЖНОЯГОДНИК_ДОРЕНБОЗА
 10
786.4723702544043
 20
14506.86000695043
 30
0.0
  0
INSERT
  5
56D7
330
17
100
AcDbEntity
  8
BUSH
100
AcDbBlockReference
  2
СНЕЖНОЯГОДНИК_ДОРЕНБОЗА
 10
785.1199503042542
 20
14507.508821468175
 30
0.0
  0
INSERT
  5
56D9
330
17
100
AcDbEntity
  8
BUSH
100
AcDbBlockReference
  2
СНЕЖНОЯГОДНИК_ДОРЕНБОЗА
 10
783.7675303541041
 20
14508.15763598592
 30
0.0
  0
INSERT
  5
56DB
330
17
100
AcDbEntity
  8
BUSH
100
AcDbBlockReference
  2
СНЕЖНОЯГОДНИК_ДОРЕНБОЗА
 10
782.4151104039541
 20
14508.806450503664
 30
0.0
  0
INSERT
  5
56DD
330
17
100
AcDbEntity
  8
BUSH
100
AcDbBlockReference
  2
СНЕЖНОЯГОДНИК_ДОРЕНБОЗА
 10
781.0626904538041
 20
14509.455265021408
 30
0.0
  0
INSERT
  5
56DF
330
17
100
AcDbEntity
  8
BUSH
100
AcDbBlockReference
  2
СНЕЖНОЯГОДНИК_ДОРЕНБОЗА
 10
779.710270503654
 20
14510.104079539153
 30
0.0
  0
INSERT
  5
56E1
330
17
100
AcDbEntity
  8
BUSH
100
AcDbBlockReference
  2
СНЕЖНОЯГОДНИК_ДОРЕНБОЗА
 10
778.3578505535039
 20
14510.752894056897
 30
0.0
  0
INSERT
  5
56E3
330
17
100
AcDbEntity
  8
BUSH
100
AcDbBlockReference
  2
СНЕЖНОЯГОДНИК_ДОРЕНБОЗА
 10
777.005430603354
 20
14511.401708574644
 30
0.0
  0
INSERT
  5
56E5
330
17
100
AcDbEntity
  8
BUSH
100
AcDbBlockReference
  2
СНЕЖНОЯГОДНИК_ДОРЕНБОЗА
 10
862.0960855751472
 20
14361.574061361944
 30
0.0
  0
INSERT
  5
56E7
330
17
100
AcDbEntity
  8
BUSH
100
AcDbBlockReference
  2
СНЕЖНОЯГОДНИК_ДОРЕНБОЗА
 10
860.6183179161361
 20
14361.581852740588
 30
0.0
  0
INSERT
  5
56E9
330
17
100
AcDbEntity
  8
BUSH
100
AcDbBlockReference
  2
СНЕЖНОЯГОДНИК_ДОРЕНБОЗА
 10
859.4035864658656
 20
14362.422388226747
 30
0.0
  0
INSERT
  5
56EB
330
17
100
AcDbEntity
  8
BUSH
100
AcDbBlockReference
  2
СНЕЖНОЯГОДНИК_ДОРЕНБОЗА
 10
858.7444845013771
 20
14363.76351640318
 30
0.0
  0
INSERT
  5
56ED
330
17
100
AcDbEntity
  8
BUSH
100
AcDbBlockReference
  2
СНЕЖНОЯГОДНИК_ДОРЕНБОЗА
 10
858.1689298497041
 20
14365.148701171698
 30
0.0
  0
INSERT
  5
56EF
330
17
100
AcDbEntity
  8
BUSH
100
AcDbBlockReference
  2
СНЕЖНОЯГОДНИК_ДОРЕНБОЗА
 10
857.5933751980311
 20
14366.533885940218
 30
0.0
  0
INSERT
  5
56F1
330
17
100
AcDbEntity
  8
BUSH
100
AcDbBlockReference
  2
СНЕЖНОЯГОДНИК_ДОРЕНБОЗА
 10
857.0178205463582
 20
14367.919070708736
 30
0.0
  0
INSERT
  5
56F3
330
17
100
AcDbEntity
  8
BUSH
100
AcDbBlockReference
  2
СНЕЖНОЯГОДНИК_ДОРЕНБОЗА
 10
856.4422658946852
 20
14369.304255477256
 30
0.0
  0
INSERT
  5
56F5
330
17
100
AcDbEntity
  8
BUSH
100
AcDbBlockReference
  2
СНЕЖНОЯГОДНИК_ДОРЕНБОЗА
 10
855.8667112430122
 20
14370.689440245775
 30
0.0
  0
INSERT
  5
56F7
330
17
100
AcDbEntity
  8
BUSH
100
AcDbBlockReference
  2
СНЕЖНОЯГОДНИК_ДОРЕНБОЗА
 10
855.2911565913392
 20
14372.074625014295
 30
0.0
  0
INSERT
  5
56F9
330
17
100
AcDbEntity
  8
BUSH
100
AcDbBlockReference
  2
СНЕЖНОЯГОДНИК_ДОРЕНБОЗА
 10
854.7156019396663
 20
14373.459809782813
 30
0.0
  0
INSERT
  5
5717
330
17
100
AcDbEntity
  8
BUSH
100
AcDbBlockReference
  2
СНЕЖНОЯГОДНИК_ДОРЕНБОЗА
 10
859.8933851648218
 20
14389.356766575089
 30
0.0
  0
INSERT
  5
5719
330
17
100
AcDbEntity
  8
BUSH
100
AcDbBlockReference
  2
СНЕЖНОЯГОДНИК_ДОРЕНБОЗА
 10
861.2785699333142
 20
14389.932321226826
 30
0.0
  0
INSERT
  5
571B
330
17
100
AcDbEntity
  8
BUSH
100
AcDbBlockReference
  2
СНЕЖНОЯГОДНИК_ДОРЕНБОЗА
 10
862.6918735567259
 20
14390.417724170244
 30
0.0
  0
INSERT
  5
571D
330
17
100
AcDbEntity
  8
BUSH
100
AcDbBlockReference
  2
СНЕЖНОЯГОДНИК_ДОРЕНБОЗА
 10
864.1457531334675
 20
14390.156375962615
 30
0.0
  0
INSERT
  5
571F
330
17
100
AcDbEntity
  8
BUSH
100
AcDbBlockReference
  2
СНЕЖНОЯГОДНИК_ДОРЕНБОЗА
 10
865.198520788711
 20
14389.119296769006
 30
0.0
  0
INSERT
  5
5721
330
17
100
AcDbEntity
  8
BUSH
100
AcDbBlockReference
  2
СНЕЖНОЯГОДНИК_ДОРЕНБОЗА
 10
865.7850876992593
 20
14387.739008487813
 30
0.0
  0
INSERT
  5
5723
330
17
100
AcDbEntity
  8
BUSH
100
AcDbBlockReference
  2
СНЕЖНОЯГОДНИК_ДОРЕНБОЗА
 10
866.3606423509319
 20
14386.353823719293
 30
0.0
  0
INSERT
  5
5731
330
17
100
AcDbEntity
  8
BUSH
100
AcDbBlockReference
  2
СНЕЖНОЯГОДНИК_ДОРЕНБОЗА
 10
870.3895249126404
 20
14376.657530339658
 30
0.0
  0
INSERT
  5
5733
330
17
100
AcDbEntity
  8
BUSH
100
AcDbBlockReference
  2
СНЕЖНОЯГОДНИК_ДОРЕНБОЗА
 10
870.965079564313
 20
14375.27234557114
 30
0.0
  0
INSERT
  5
5735
330
17
100
AcDbEntity
  8
BUSH
100
AcDbBlockReference
  2
СНЕЖНОЯГОДНИК_ДОРЕНБОЗА
 10
871.5406342159856
 20
14373.88716080262
 30
0.0
  0
INSERT
  5
5737
330
17
100
AcDbEntity
  8
BUSH
100
AcDbBlockReference
  2
СНЕЖНОЯГОДНИК_ДОРЕНБОЗА
 10
872.1161888676583
 20
14372.5019760341
 30
0.0
  0
INSERT
  5
5739
330
17
100
AcDbEntity
  8
BUSH
100
AcDbBlockReference
  2
СНЕЖНОЯГОДНИК_ДОРЕНБОЗА
 10
872.6917435193309
 20
14371.116791265582
 30
0.0
  0
INSERT
  5
573B
330
17
100
AcDbEntity
  8
BUSH
100
AcDbBlockReference
  2
СНЕЖНОЯГОДНИК_ДОРЕНБОЗА
 10
873.2672981710035
 20
14369.731606497062
 30
0.0
  0
INSERT
  5
573D
330
17
100
AcDbEntity
  8
BUSH
100
AcDbBlockReference
  2
СНЕЖНОЯГОДНИК_ДОРЕНБОЗА
 10
873.7377431914349
 20
14368.314236877482
 30
0.0
  0
INSERT
  5
573F
330
17
100
AcDbEntity
  8
BUSH
100
AcDbBlockReference
  2
СНЕЖНОЯГОДНИК_ДОРЕНБОЗА
 10
873.4388529690275
 20
14366.867119704637
 30
0.0
  0
INSERT
  5
5741
330
17
100
AcDbEntity
  8
BUSH
100
AcDbBlockReference
  2
СНЕЖНОЯГОДНИК_ДОРЕНБОЗА
 10
872.375441293862
 20
14365.841960069107
 30
0.0
  0
INSERT
  5
5743
330
17
100
AcDbEntity
  8
BUSH
100
AcDbBlockReference
  2
СНЕЖНОЯГОДНИК_ДОРЕНБОЗА
 10
870.9939286598177
 20
14365.258145838548
 30
0.0
  0
INSERT
  5
5745
330
17
100
AcDbEntity
  8
BUSH
100
AcDbBlockReference
  2
СНЕЖНОЯГОДНИК_ДОРЕНБОЗА
 10
869.6087438913254
 20
14364.68259118681
 30
0.0
  0
INSERT
  5
5747
330
17
100
AcDbEntity
  8
BUSH
100
AcDbBlockReference
  2
СНЕЖНОЯГОДНИК_ДОРЕНБОЗА
 10
868.223559122833
 20
14364.107036535073
 30
0.0
  0
INSERT
  5
5749
330
17
100
AcDbEntity
  8
BUSH
100
AcDbBlockReference
  2
СНЕЖНОЯГОДНИК_ДОРЕНБОЗА
 10
866.8383743543407
 20
14363.531481883336
 30
0.0
  0
INSERT
  5
574B
330
17
100
AcDbEntity
  8
BUSH
100
AcDbBlockReference
  2
СНЕЖНОЯГОДНИК_ДОРЕНБОЗА
 10
865.4531895858483
 20
14362.955927231598
 30
0.0
  0
INSERT
  5
574D
330
17
100
AcDbEntity
  8
BUSH
100
AcDbBlockReference
  2
СНЕЖНОЯГОДНИК_ДОРЕНБОЗА
 10
864.068004817356
 20
14362.38037257986
 30
0.0
  0
INSERT
  5
574F
330
17
100
AcDbEntity
  8
BUSH
100
AcDbBlockReference
  2
СНЕЖНОЯГОДНИК_ДОРЕНБОЗА
 10
848.07614098846
 20
14368.525408442198
 30
0.0
  0
INSERT
  5
5751
330
17
100
AcDbEntity
  8
BUSH
100
AcDbBlockReference
  2
СНЕЖНОЯГОДНИК_ДОРЕНБОЗА
 10
846.609645296704
 20
14368.343067153237
 30
0.0
  0
INSERT
  5
5753
330
17
100
AcDbEntity
  8
BUSH
100
AcDbBlockReference
  2
СНЕЖНОЯГОДНИК_ДОРЕНБОЗА
 10
845.2968949550774
 20
14369.020384612279
 30
0.0
  0
INSERT
  5
5755
330
17
100
AcDbEntity
  8
BUSH
100
AcDbBlockReference
  2
СНЕЖНОЯГОДНИК_ДОРЕНБОЗА
 10
844.4707737600215
 20
14370.26560104178
 30
0.0
  0
INSERT
  5
5757
330
17
100
AcDbEntity
  8
BUSH
100
AcDbBlockReference
  2
СНЕЖНОЯГОДНИК_ДОРЕНБОЗА
 10
843.7218394646304
 20
14371.56525384972
 30
0.0
  0
INSERT
  5
5759
330
17
100
AcDbEntity
  8
BUSH
100
AcDbBlockReference
  2
СНЕЖНОЯГОДНИК_ДОРЕНБОЗА
 10
842.9729051692393
 20
14372.86490665766
 30
0.0
  0
INSERT
  5
575B
330
17
100
AcDbEntity
  8
BUSH
100
AcDbBlockReference
  2
СНЕЖНОЯГОДНИК_ДОРЕНБОЗА
 10
842.2239708738483
 20
14374.1645594656
 30
0.0
  0
INSERT
  5
575D
330
17
100
AcDbEntity
  8
BUSH
100
AcDbBlockReference
  2
СНЕЖНОЯГОДНИК_ДОРЕНБОЗА
 10
841.4750365784572
 20
14375.46421227354
 30
0.0
  0
INSERT
  5
575F
330
17
100
AcDbEntity
  8
BUSH
100
AcDbBlockReference
  2
СНЕЖНОЯГОДНИК_ДОРЕНБОЗА
 10
840.7261022830661
 20
14376.76386508148
 30
0.0
  0
INSERT
  5
5761
330
17
100
AcDbEntity
  8
BUSH
100
AcDbBlockReference
  2
СНЕЖНОЯГОДНИК_ДОРЕНБОЗА
 10
839.977167987675
 20
14378.06351788942
 30
0.0
  0
INSERT
  5
5763
330
17
100
AcDbEntity
  8
BUSH
100
AcDbBlockReference
  2
СНЕЖНОЯГОДНИК_ДОРЕНБОЗА
 10
839.2282336922839
 20
14379.363170697361
 30
0.0
  0
INSERT
  5
5765
330
17
100
AcDbEntity
  8
BUSH
100
AcDbBlockReference
  2
СНЕЖНОЯГОДНИК_ДОРЕНБОЗА
 10
838.4792993968928
 20
14380.662823505301
 30
0.0
  0
INSERT
  5
5767
330
17
100
AcDbEntity
  8
BUSH
100
AcDbBlockReference
  2
СНЕЖНОЯГОДНИК_ДОРЕНБОЗА
 10
837.7303651015017
 20
14381.962476313241
 30
0.0
  0
INSERT
  5
5769
330
17
100
AcDbEntity
  8
BUSH
100
AcDbBlockReference
  2
СНЕЖНОЯГОДНИК_ДОРЕНБОЗА
 10
836.9814308061107
 20
14383.262129121182
 30
0.0
  0
INSERT
  5
576B
330
17
100
AcDbEntity
  8
BUSH
100
AcDbBlockReference
  2
СНЕЖНОЯГОДНИК_ДОРЕНБОЗА
 10
836.2324965107196
 20
14384.561781929122
 30
0.0
  0
INSERT
  5
576D
330
17
100
AcDbEntity
  8
BUSH
100
AcDbBlockReference
  2
СНЕЖНОЯГОДНИК_ДОРЕНБОЗА
 10
835.4835622153284
 20
14385.861434737062
 30
0.0
  0
INSERT
  5
576F
330
17
100
AcDbEntity
  8
BUSH
100
AcDbBlockReference
  2
СНЕЖНОЯГОДНИК_ДОРЕНБОЗА
 10
834.7346279199373
 20
14387.161087545002
 30
0.0
  0
INSERT
  5
5789
330
17
100
AcDbEntity
  8
BUSH
100
AcDbBlockReference
  2
СНЕЖНОЯГОДНИК_ДОРЕНБОЗА
 10
842.820322720464
 20
14400.052380877813
 30
0.0
  0
INSERT
  5
578B
330
17
100
AcDbEntity
  8
BUSH
100
AcDbBlockReference
  2
СНЕЖНОЯГОДНИК_ДОРЕНБОЗА
 10
844.1595132591242
 20
14400.715393421266
 30
0.0
  0
INSERT
  5
578D
330
17
100
AcDbEntity
  8
BUSH
100
AcDbBlockReference
  2
СНЕЖНОЯГОДНИК_ДОРЕНБОЗА
 10
845.6349253343589
 20
14400.642862802393
 30
0.0
  0
INSERT
  5
578F
330
17
100
AcDbEntity
  8
BUSH
100
AcDbBlockReference
  2
СНЕЖНОЯГОДНИК_ДОРЕНБОЗА
 10
846.8120950476211
 20
14399.749485619965
 30
0.0
  0
INSERT
  5
5791
330
17
100
AcDbEntity
  8
BUSH
100
AcDbBlockReference
  2
СНЕЖНОЯГОДНИК_ДОРЕНБОЗА
 10
847.5712897700129
 20
14398.456085793036
 30
0.0
  0
INSERT
  5
5793
330
17
100
AcDbEntity
  8
BUSH
100
AcDbBlockReference
  2
СНЕЖНОЯГОДНИК_ДОРЕНБОЗА
 10
848.3202240654036
 20
14397.156432985095
 30
0.0
  0
INSERT
  5
57BB
330
17
100
AcDbEntity
  8
BUSH
100
AcDbBlockReference
  2
СНЕЖНОЯГОДНИК_ДОРЕНБОЗА
 10
855.1255459250684
 20
14372.573784909911
 30
0.0
  0
INSERT
  5
57BD
330
17
100
AcDbEntity
  8
BUSH
100
AcDbBlockReference
  2
СНЕЖНОЯГОДНИК_ДОРЕНБОЗА
 10
853.8258931171107
 20
14371.82485061455
 30
0.0
  0
INSERT
  5
57BF
330
17
100
AcDbEntity
  8
BUSH
100
AcDbBlockReference
  2
СНЕЖНОЯГОДНИК_ДОРЕНБОЗА
 10
852.5262403091529
 20
14371.075916319189
 30
0.0
  0
INSERT
  5
57C1
330
17
100
AcDbEntity
  8
BUSH
100
AcDbBlockReference
  2
СНЕЖНОЯГОДНИК_ДОРЕНБОЗА
 10
851.2265875011951
 20
14370.32698202383
 30
0.0
  0
INSERT
  5
57C3
330
17
100
AcDbEntity
  8
BUSH
100
AcDbBlockReference
  2
СНЕЖНОЯГОДНИК_ДОРЕНБОЗА
 10
849.9269346932373
 20
14369.578047728468
 30
0.0
  0
INSERT
  5
57C5
330
17
100
AcDbEntity
  8
BUSH
100
AcDbBlockReference
  2
СНЕЖНОЯГОДНИК_ДОРЕНБОЗА
 10
876.5014513087667
 20
14407.71779084732
 30
0.0
  0
INSERT
  5
57C7
330
17
100
AcDbEntity
  8
BUSH
100
AcDbBlockReference
  2
СНЕЖНОЯГОДНИК_ДОРЕНБОЗА
 10
875.4053434735754
 20
14406.726627100383
 30
0.0
  0
INSERT
  5
57C9
330
17
100
AcDbEntity
  8
BUSH
100
AcDbBlockReference
  2
СНЕЖНОЯГОДНИК_ДОРЕНБОЗА
 10
873.9416259412847
 20
14406.527621106878
 30
0.0
  0
INSERT
  5
57FF
330
17
100
AcDbEntity
  8
BUSH
100
AcDbBlockReference
  2
СНЕЖНОЯГОДНИК_ДОРЕНБОЗА
 10
837.4423353587987
 20
14423.887255163909
 30
0.0
  0
INSERT
  5
5801
330
17
100
AcDbEntity
  8
BUSH
100
AcDbBlockReference
  2
СНЕЖНОЯГОДНИК_ДОРЕНБОЗА
 10
837.0514055585147
 20
14425.311780570444
 30
0.0
  0
INSERT
  5
5803
330
17
100
AcDbEntity
  8
BUSH
100
AcDbBlockReference
  2
СНЕЖНОЯГОДНИК_ДОРЕНБОЗА
 10
837.4910010442658
 20
14426.731806600426
 30
0.0
  0
INSERT
  5
5805
330
17
100
AcDbEntity
  8
BUSH
100
AcDbBlockReference
  2
СНЕЖНОЯГОДНИК_ДОРЕНБОЗА
 10
838.1252360713361
 20
14428.091124786297
 30
0.0
  0
INSERT
  5
5807
330
17
100
AcDbEntity
  8
BUSH
100
AcDbBlockReference
  2
СНЕЖНОЯГОДНИК_ДОРЕНБОЗА
 10
838.7594710984064
 20
14429.450442972167
 30
0.0
  0
INSERT
  5
5809
330
17
100
AcDbEntity
  8
BUSH
100
AcDbBlockReference
  2
СНЕЖНОЯГОДНИК_ДОРЕНБОЗА
 10
839.3937061254767
 20
14430.809761158038
 30
0.0
  0
INSERT
  5
580B
330
17
100
AcDbEntity
  8
BUSH
100
AcDbBlockReference
  2
СНЕЖНОЯГОДНИК_ДОРЕНБОЗА
 10
840.027941152547
 20
14432.169079343908
 30
0.0
  0
INSERT
  5
580D
330
17
100
AcDbEntity
  8
BUSH
100
AcDbBlockReference
  2
СНЕЖНОЯГОДНИК_ДОРЕНБОЗА
 10
840.6621761796173
 20
14433.528397529777
 30
0.0
  0
INSERT
  5
580F
330
17
100
AcDbEntity
  8
BUSH
100
AcDbBlockReference
  2
СНЕЖНОЯГОДНИК_ДОРЕНБОЗА
 10
841.2964112066875
 20
14434.887715715648
 30
0.0
  0
INSERT
  5
5811
330
17
100
AcDbEntity
  8
BUSH
100
AcDbBlockReference
  2
СНЕЖНОЯГОДНИК_ДОРЕНБОЗА
 10
841.9306462337578
 20
14436.247033901518
 30
0.0
  0
INSERT
  5
5813
330
17
100
AcDbEntity
  8
BUSH
100
AcDbBlockReference
  2
СНЕЖНОЯГОДНИК_ДОРЕНБОЗА
 10
842.7290094616352
 20
14437.501937073153
 30
0.0
  0
INSERT
  5
5815
330
17
100
AcDbEntity
  8
BUSH
100
AcDbBlockReference
  2
СНЕЖНОЯГОДНИК_ДОРЕНБОЗА
 10
844.0669980085273
 20
14438.129005091112
 30
0.0
  0
INSERT
  5
5817
330
17
100
AcDbEntity
  8
BUSH
100
AcDbBlockReference
  2
СНЕЖНОЯГОДНИК_ДОРЕНБОЗА
 10
845.526144068471
 20
14437.893828211567
 30
0.0
  0
INSERT
  5
5819
330
17
100
AcDbEntity
  8
BUSH
100
AcDbBlockReference
  2
СНЕЖНОЯГОДНИК_ДОРЕНБОЗА
 10
846.8854622545306
 20
14437.259593184903
 30
0.0
  0
INSERT
  5
581B
330
17
100
AcDbEntity
  8
BUSH
100
AcDbBlockReference
  2
СНЕЖНОЯГОДНИК_ДОРЕНБОЗА
 10
848.24478044059
 20
14436.625358158239
 30
0.0
  0
INSERT
  5
581D
330
17
100
AcDbEntity
  8
BUSH
100
AcDbBlockReference
  2
СНЕЖНОЯГОДНИК_ДОРЕНБОЗА
 10
849.6040986266496
 20
14435.991123131575
 30
0.0
  0
INSERT
  5
581F
330
17
100
AcDbEntity
  8
BUSH
100
AcDbBlockReference
  2
СНЕЖНОЯГОДНИК_ДОРЕНБОЗА
 10
850.9634168127092
 20
14435.35688810491
 30
0.0
  0
INSERT
  5
5821
330
17
100
AcDbEntity
  8
BUSH
100
AcDbBlockReference
  2
СНЕЖНОЯГОДНИК_ДОРЕНБОЗА
 10
852.3227349987687
 20
14434.722653078246
 30
0.0
  0
INSERT
  5
5823
330
17
100
AcDbEntity
  8
BUSH
100
AcDbBlockReference
  2
СНЕЖНОЯГОДНИК_ДОРЕНБОЗА
 10
853.6820531848283
 20
14434.088418051582
 30
0.0
  0
INSERT
  5
5825
330
17
100
AcDbEntity
  8
BUSH
100
AcDbBlockReference
  2
СНЕЖНОЯГОДНИК_ДОРЕНБОЗА
 10
855.0413713708879
 20
14433.454183024918
 30
0.0
  0
INSERT
  5
5827
330
17
100
AcDbEntity
  8
BUSH
100
AcDbBlockReference
  2
СНЕЖНОЯГОДНИК_ДОРЕНБОЗА
 10
856.4006895569473
 20
14432.819947998252
 30
0.0
  0
INSERT
  5
5829
330
17
100
AcDbEntity
  8
BUSH
100
AcDbBlockReference
  2
СНЕЖНОЯГОДНИК_ДОРЕНБОЗА
 10
857.7600077430069
 20
14432.185712971588
 30
0.0
  0
INSERT
  5
582B
330
17
100
AcDbEntity
  8
BUSH
100
AcDbBlockReference
  2
СНЕЖНОЯГОДНИК_ДОРЕНБОЗА
 10
859.1193259290665
 20
14431.551477944924
 30
0.0
  0
INSERT
  5
582D
330
17
100
AcDbEntity
  8
BUSH
100
AcDbBlockReference
  2
СНЕЖНОЯГОДНИК_ДОРЕНБОЗА
 10
860.478644115126
 20
14430.91724291826
 30
0.0
  0
INSERT
  5
582F
330
17
100
AcDbEntity
  8
BUSH
100
AcDbBlockReference
  2
СНЕЖНОЯГОДНИК_ДОРЕНБОЗА
 10
861.8379623011856
 20
14430.283007891596
 30
0.0
  0
INSERT
  5
5831
330
17
100
AcDbEntity
  8
BUSH
100
AcDbBlockReference
  2
СНЕЖНОЯГОДНИК_ДОРЕНБОЗА
 10
863.197280487245
 20
14429.648772864932
 30
0.0
  0
INSERT
  5
5833
330
17
100
AcDbEntity
  8
BUSH
100
AcDbBlockReference
  2
СНЕЖНОЯГОДНИК_ДОРЕНБОЗА
 10
864.5565986733046
 20
14429.014537838268
 30
0.0
  0
INSERT
  5
5835
330
17
100
AcDbEntity
  8
BUSH
100
AcDbBlockReference
  2
СНЕЖНОЯГОДНИК_ДОРЕНБОЗА
 10
865.9159168593642
 20
14428.380302811604
 30
0.0
  0
INSERT
  5
5837
330
17
100
AcDbEntity
  8
BUSH
100
AcDbBlockReference
  2
СНЕЖНОЯГОДНИК_ДОРЕНБОЗА
 10
867.2752350454238
 20
14427.74606778494
 30
0.0
  0
INSERT
  5
5839
330
17
100
AcDbEntity
  8
BUSH
100
AcDbBlockReference
  2
СНЕЖНОЯГОДНИК_ДОРЕНБОЗА
 10
868.6345532314833
 20
14427.111832758275
 30
0.0
  0
INSERT
  5
583B
330
17
100
AcDbEntity
  8
BUSH
100
AcDbBlockReference
  2
СНЕЖНОЯГОДНИК_ДОРЕНБОЗА
 10
869.9938714175429
 20
14426.477597731611
 30
0.0
  0
INSERT
  5
583D
330
17
100
AcDbEntity
  8
BUSH
100
AcDbBlockReference
  2
СНЕЖНОЯГОДНИК_ДОРЕНБОЗА
 10
871.3531896036023
 20
14425.843362704947
 30
0.0
  0
INSERT
  5
583F
330
17
100
AcDbEntity
  8
BUSH
100
AcDbBlockReference
  2
СНЕЖНОЯГОДНИК_ДОРЕНБОЗА
 10
872.7125077896619
 20
14425.209127678283
 30
0.0
  0
INSERT
  5
5841
330
17
100
AcDbEntity
  8
BUSH
100
AcDbBlockReference
  2
СНЕЖНОЯГОДНИК_ДОРЕНБОЗА
 10
874.0718259757215
 20
14424.574892651619
 30
0.0
  0
INSERT
  5
5843
330
17
100
AcDbEntity
  8
BUSH
100
AcDbBlockReference
  2
СНЕЖНОЯГОДНИК_ДОРЕНБОЗА
 10
875.431144161781
 20
14423.940657624953
 30
0.0
  0
INSERT
  5
5845
330
17
100
AcDbEntity
  8
BUSH
100
AcDbBlockReference
  2
СНЕЖНОЯГОДНИК_ДОРЕНБОЗА
 10
876.7904623478406
 20
14423.306422598289
 30
0.0
  0
INSERT
  5
5847
330
17
100
AcDbEntity
  8
BUSH
100
AcDbBlockReference
  2
СНЕЖНОЯГОДНИК_ДОРЕНБОЗА
 10
878.1497805339002
 20
14422.672187571625
 30
0.0
  0
INSERT
  5
5849
330
17
100
AcDbEntity
  8
BUSH
100
AcDbBlockReference
  2
СНЕЖНОЯГОДНИК_ДОРЕНБОЗА
 10
879.5090987199596
 20
14422.03795254496
 30
0.0
  0
INSERT
  5
584B
330
17
100
AcDbEntity
  8
BUSH
100
AcDbBlockReference
  2
СНЕЖНОЯГОДНИК_ДОРЕНБОЗА
 10
880.8236152883235
 20
14421.32658011841
 30
0.0
  0
INSERT
  5
584D
330
17
100
AcDbEntity
  8
BUSH
100
AcDbBlockReference
  2
СНЕЖНОЯГОДНИК_ДОРЕНБОЗА
 10
881.621778089856
 20
14420.08400349655
 30
0.0
  0
INSERT
  5
584F
330
17
100
AcDbEntity
  8
BUSH
100
AcDbBlockReference
  2
СНЕЖНОЯГОДНИК_ДОРЕНБОЗА
 10
881.5788494521375
 20
14418.607318409371
 30
0.0
  0
INSERT
  5
5851
330
17
100
AcDbEntity
  8
BUSH
100
AcDbBlockReference
  2
СНЕЖНОЯГОДНИК_ДОРЕНБОЗА
 10
880.9585983192395
 20
14417.242057822295
 30
0.0
  0
INSERT
  5
5853
330
17
100
AcDbEntity
  8
BUSH
100
AcDbBlockReference
  2
СНЕЖНОЯГОДНИК_ДОРЕНБОЗА
 10
880.3243632929666
 20
14415.882739636054
 30
0.0
  0
INSERT
  5
5855
330
17
100
AcDbEntity
  8
BUSH
100
AcDbBlockReference
  2
СНЕЖНОЯГОДНИК_ДОРЕНБОЗА
 10
879.6901282666936
 20
14414.523421449812
 30
0.0
  0
INSERT
  5
5857
330
17
100
AcDbEntity
  8
BUSH
100
AcDbBlockReference
  2
СНЕЖНОЯГОДНИК_ДОРЕНБОЗА
 10
879.0558932404207
 20
14413.164103263569
 30
0.0
  0
INSERT
  5
5859
330
17
100
AcDbEntity
  8
BUSH
100
AcDbBlockReference
  2
СНЕЖНОЯГОДНИК_ДОРЕНБОЗА
 10
878.4216582141478
 20
14411.804785077327
 30
0.0
  0
INSERT
  5
585B
330
17
100
AcDbEntity
  8
BUSH
100
AcDbBlockReference
  2
СНЕЖНОЯГОДНИК_ДОРЕНБОЗА
 10
877.7874231878749
 20
14410.445466891086
 30
0.0
  0
INSERT
  5
585D
330
17
100
AcDbEntity
  8
BUSH
100
AcDbBlockReference
  2
СНЕЖНОЯГОДНИК_ДОРЕНБОЗА
 10
877.153188161602
 20
14409.086148704842
 30
0.0
  0
INSERT
  5
585F
330
17
100
AcDbEntity
  8
BUSH
100
AcDbBlockReference
  2
СНЕЖНОЯГОДНИК_ДОРЕНБОЗА
 10
743.0466852471517
 20
14488.288797072652
 30
0.0
  0
INSERT
  5
5861
330
17
100
AcDbEntity
  8
BUSH
100
AcDbBlockReference
  2
СНЕЖНОЯГОДНИК_ДОРЕНБОЗА
 10
744.239437663019
 20
14487.41632951793
 30
0.0
  0
INSERT
  5
5867
330
17
100
AcDbEntity
  8
BUSH
100
AcDbBlockReference
  2
СНЕЖНОЯГОДНИК_ДОРЕНБОЗА
 10
744.1333697387685
 20
14483.090747565624
 30
0.0
  0
INSERT
  5
5869
330
17
100
AcDbEntity
  8
BUSH
100
AcDbBlockReference
  2
СНЕЖНОЯГОДНИК_ДОРЕНБОЗА
 10
743.7878067160691
 20
14481.631094799606
 30
0.0
  0
INSERT
  5
586B
330
17
100
AcDbEntity
  8
BUSH
100
AcDbBlockReference
  2
СНЕЖНОЯГОДНИК_ДОРЕНБОЗА
 10
743.4422436933697
 20
14480.171442033588
 30
0.0
  0
INSERT
  5
586D
330
17
100
AcDbEntity
  8
BUSH
100
AcDbBlockReference
  2
СНЕЖНОЯГОДНИК_ДОРЕНБОЗА
 10
743.0966806706704
 20
14478.711789267572
 30
0.0
  0
INSERT
  5
586F
330
17
100
AcDbEntity
  8
BUSH
100
AcDbBlockReference
  2
СНЕЖНОЯГОДНИК_ДОРЕНБОЗА
 10
742.751117647971
 20
14477.252136501555
 30
0.0
  0
INSERT
  5
5871
330
17
100
AcDbEntity
  8
BUSH
100
AcDbBlockReference
  2
СНЕЖНОЯГОДНИК_ДОРЕНБОЗА
 10
742.4055546252716
 20
14475.792483735537
 30
0.0
  0
INSERT
  5
5873
330
17
100
AcDbEntity
  8
BUSH
100
AcDbBlockReference
  2
СНЕЖНОЯГОДНИК_ДОРЕНБОЗА
 10
742.0599916025723
 20
14474.332830969519
 30
0.0
  0
INSERT
  5
5875
330
17
100
AcDbEntity
  8
BUSH
100
AcDbBlockReference
  2
СНЕЖНОЯГОДНИК_ДОРЕНБОЗА
 10
741.7144285798729
 20
14472.873178203501
 30
0.0
  0
INSERT
  5
5877
330
17
100
AcDbEntity
  8
BUSH
100
AcDbBlockReference
  2
СНЕЖНОЯГОДНИК_ДОРЕНБОЗА
 10
741.3688655571735
 20
14471.413525437483
 30
0.0
  0
INSERT
  5
5879
330
17
100
AcDbEntity
  8
BUSH
100
AcDbBlockReference
  2
СНЕЖНОЯГОДНИК_ДОРЕНБОЗА
 10
741.0233025344742
 20
14469.953872671465
 30
0.0
  0
INSERT
  5
587B
330
17
100
AcDbEntity
  8
BUSH
100
AcDbBlockReference
  2
СНЕЖНОЯГОДНИК_ДОРЕНБОЗА
 10
740.6777395117748
 20
14468.494219905448
 30
0.0
  0
INSERT
  5
587D
330
17
100
AcDbEntity
  8
BUSH
100
AcDbBlockReference
  2
СНЕЖНОЯГОДНИК_ДОРЕНБОЗА
 10
740.3321764890754
 20
14467.034567139432
 30
0.0
  0
INSERT
  5
5883
330
17
100
AcDbEntity
  8
BUSH
100
AcDbBlockReference
  2
СНЕЖНОЯГОДНИК_ДОРЕНБОЗА
 10
739.2954874209773
 20
14462.655608841378
 30
0.0
  0
INSERT
  5
5885
330
17
100
AcDbEntity
  8
BUSH
100
AcDbBlockReference
  2
СНЕЖНОЯГОДНИК_ДОРЕНБОЗА
 10
738.949924398278
 20
14461.19595607536
 30
0.0
  0
INSERT
  5
5887
330
17
100
AcDbEntity
  8
BUSH
100
AcDbBlockReference
  2
СНЕЖНОЯГОДНИК_ДОРЕНБОЗА
 10
738.6043613755786
 20
14459.736303309342
 30
0.0
  0
INSERT
  5
5889
330
17
100
AcDbEntity
  8
BUSH
100
AcDbBlockReference
  2
СНЕЖНОЯГОДНИК_ДОРЕНБОЗА
 10
738.2587983528792
 20
14458.276650543325
 30
0.0
  0
INSERT
  5
588B
330
17
100
AcDbEntity
  8
BUSH
100
AcDbBlockReference
  2
СНЕЖНОЯГОДНИК_ДОРЕНБОЗА
 10
737.9132353301799
 20
14456.816997777307
 30
0.0
  0
INSERT
  5
588D
330
17
100
AcDbEntity
  8
BUSH
100
AcDbBlockReference
  2
СНЕЖНОЯГОДНИК_ДОРЕНБОЗА
 10
737.5676723074805
 20
14455.357345011289
 30
0.0
  0
INSERT
  5
588F
330
17
100
AcDbEntity
  8
BUSH
100
AcDbBlockReference
  2
СНЕЖНОЯГОДНИК_ДОРЕНБОЗА
 10
737.2137008371881
 20
14453.899902148105
 30
0.0
  0
INSERT
  5
5895
330
17
100
AcDbEntity
  8
BUSH
100
AcDbBlockReference
  2
СНЕЖНОЯГОДНИК_ДОРЕНБОЗА
 10
733.5227260198009
 20
14452.386419017643
 30
0.0
  0
INSERT
  5
5897
330
17
100
AcDbEntity
  8
BUSH
100
AcDbBlockReference
  2
СНЕЖНОЯГОДНИК_ДОРЕНБОЗА
 10
732.0630732537832
 20
14452.73198204034
 30
0.0
  0
INSERT
  5
5899
330
17
100
AcDbEntity
  8
BUSH
100
AcDbBlockReference
  2
СНЕЖНОЯГОДНИК_ДОРЕНБОЗА
 10
730.6034204877653
 20
14453.07754506304
 30
0.0
  0
INSERT
  5
589B
330
17
100
AcDbEntity
  8
BUSH
100
AcDbBlockReference
  2
СНЕЖНОЯГОДНИК_ДОРЕНБОЗА
 10
729.1437677217476
 20
14453.423108085739
 30
0.0
  0
INSERT
  5
589D
330
17
100
AcDbEntity
  8
BUSH
100
AcDbBlockReference
  2
СНЕЖНОЯГОДНИК_ДОРЕНБОЗА
 10
727.6841149557299
 20
14453.768671108437
 30
0.0
  0
INSERT
  5
589F
330
17
100
AcDbEntity
  8
BUSH
100
AcDbBlockReference
  2
СНЕЖНОЯГОДНИК_ДОРЕНБОЗА
 10
726.2244621897121
 20
14454.114234131137
 30
0.0
  0
INSERT
  5
58A1
330
17
100
AcDbEntity
  8
BUSH
100
AcDbBlockReference
  2
СНЕЖНОЯГОДНИК_ДОРЕНБОЗА
 10
724.7648094236944
 20
14454.459797153835
 30
0.0
  0
INSERT
  5
58A3
330
17
100
AcDbEntity
  8
BUSH
100
AcDbBlockReference
  2
СНЕЖНОЯГОДНИК_ДОРЕНБОЗА
 10
723.3051566576767
 20
14454.805360176533
 30
0.0
  0
INSERT
  5
58A5
330
17
100
AcDbEntity
  8
BUSH
100
AcDbBlockReference
  2
СНЕЖНОЯГОДНИК_ДОРЕНБОЗА
 10
721.8455038916588
 20
14455.150923199233
 30
0.0
  0
INSERT
  5
58A7
330
17
100
AcDbEntity
  8
BUSH
100
AcDbBlockReference
  2
СНЕЖНОЯГОДНИК_ДОРЕНБОЗА
 10
720.3858511256411
 20
14455.496486221931
 30
0.0
  0
INSERT
  5
58A9
330
17
100
AcDbEntity
  8
BUSH
100
AcDbBlockReference
  2
СНЕЖНОЯГОДНИК_ДОРЕНБОЗА
 10
718.9261983596234
 20
14455.842049244631
 30
0.0
  0
INSERT
  5
58AB
330
17
100
AcDbEntity
  8
BUSH
100
AcDbBlockReference
  2
СНЕЖНОЯГОДНИК_ДОРЕНБОЗА
 10
717.4726660300311
 20
14456.208939914755
 30
0.0
  0
INSERT
  5
58AD
330
17
100
AcDbEntity
  8
BUSH
100
AcDbBlockReference
  2
СНЕЖНОЯГОДНИК_ДОРЕНБОЗА
 10
716.3049265070888
 20
14457.112705081412
 30
0.0
  0
INSERT
  5
58AF
330
17
100
AcDbEntity
  8
BUSH
100
AcDbBlockReference
  2
СНЕЖНОЯГОДНИК_ДОРЕНБОЗА
 10
715.8515683145703
 20
14458.517834624903
 30
0.0
  0
INSERT
  5
58B1
330
17
100
AcDbEntity
  8
BUSH
100
AcDbBlockReference
  2
СНЕЖНОЯГОДНИК_ДОРЕНБОЗА
 10
716.1204102349834
 20
14459.988910443117
 30
0.0
  0
INSERT
  5
58B3
330
17
100
AcDbEntity
  8
BUSH
100
AcDbBlockReference
  2
СНЕЖНОЯГОДНИК_ДОРЕНБОЗА
 10
716.4659732576828
 20
14461.448563209135
 30
0.0
  0
INSERT
  5
58B5
330
17
100
AcDbEntity
  8
BUSH
100
AcDbBlockReference
  2
СНЕЖНОЯГОДНИК_ДОРЕНБОЗА
 10
716.8115362803823
 20
14462.908215975152
 30
0.0
  0
INSERT
  5
58B7
330
17
100
AcDbEntity
  8
BUSH
100
AcDbBlockReference
  2
СНЕЖНОЯГОДНИК_ДОРЕНБОЗА
 10
717.1570993030816
 20
14464.36786874117
 30
0.0
  0
INSERT
  5
58B9
330
17
100
AcDbEntity
  8
BUSH
100
AcDbBlockReference
  2
СНЕЖНОЯГОДНИК_ДОРЕНБОЗА
 10
717.502662325781
 20
14465.827521507186
 30
0.0
  0
INSERT
  5
58BB
330
17
100
AcDbEntity
  8
BUSH
100
AcDbBlockReference
  2
СНЕЖНОЯГОДНИК_ДОРЕНБОЗА
 10
717.8482253484804
 20
14467.287174273204
 30
0.0
  0
INSERT
  5
58BD
330
17
100
AcDbEntity
  8
BUSH
100
AcDbBlockReference
  2
СНЕЖНОЯГОДНИК_ДОРЕНБОЗА
 10
718.1937883711798
 20
14468.746827039222
 30
0.0
  0
INSERT
  5
58BF
330
17
100
AcDbEntity
  8
BUSH
100
AcDbBlockReference
  2
СНЕЖНОЯГОДНИК_ДОРЕНБОЗА
 10
718.5393513938792
 20
14470.20647980524
 30
0.0
  0
INSERT
  5
58C1
330
17
100
AcDbEntity
  8
BUSH
100
AcDbBlockReference
  2
СНЕЖНОЯГОДНИК_ДОРЕНБОЗА
 10
718.8849144165786
 20
14471.666132571258
 30
0.0
  0
INSERT
  5
58C3
330
17
100
AcDbEntity
  8
BUSH
100
AcDbBlockReference
  2
СНЕЖНОЯГОДНИК_ДОРЕНБОЗА
 10
719.2304774392779
 20
14473.125785337275
 30
0.0
  0
INSERT
  5
58C5
330
17
100
AcDbEntity
  8
BUSH
100
AcDbBlockReference
  2
СНЕЖНОЯГОДНИК_ДОРЕНБОЗА
 10
719.5760404619774
 20
14474.585438103293
 30
0.0
  0
INSERT
  5
58C7
330
17
100
AcDbEntity
  8
BUSH
100
AcDbBlockReference
  2
СНЕЖНОЯГОДНИК_ДОРЕНБОЗА
 10
719.9216034846768
 20
14476.045090869311
 30
0.0
  0
INSERT
  5
58C9
330
17
100
AcDbEntity
  8
BUSH
100
AcDbBlockReference
  2
СНЕЖНОЯГОДНИК_ДОРЕНБОЗА
 10
720.2671665073761
 20
14477.504743635327
 30
0.0
  0
INSERT
  5
58CB
330
17
100
AcDbEntity
  8
BUSH
100
AcDbBlockReference
  2
СНЕЖНОЯГОДНИК_ДОРЕНБОЗА
 10
720.6127295300755
 20
14478.964396401345
 30
0.0
  0
INSERT
  5
58CD
330
17
100
AcDbEntity
  8
BUSH
100
AcDbBlockReference
  2
СНЕЖНОЯГОДНИК_ДОРЕНБОЗА
 10
720.9582925527749
 20
14480.424049167363
 30
0.0
  0
INSERT
  5
58CF
330
17
100
AcDbEntity
  8
BUSH
100
AcDbBlockReference
  2
СНЕЖНОЯГОДНИК_ДОРЕНБОЗА
 10
721.3038555754744
 20
14481.88370193338
 30
0.0
  0
INSERT
  5
58D1
330
17
100
AcDbEntity
  8
BUSH
100
AcDbBlockReference
  2
СНЕЖНОЯГОДНИК_ДОРЕНБОЗА
 10
721.6494185981737
 20
14483.343354699398
 30
0.0
  0
INSERT
  5
58D3
330
17
100
AcDbEntity
  8
BUSH
100
AcDbBlockReference
  2
СНЕЖНОЯГОДНИК_ДОРЕНБОЗА
 10
721.9949816208731
 20
14484.803007465416
 30
0.0
  0
INSERT
  5
58DD
330
17
100
AcDbEntity
  8
BUSH
100
AcDbBlockReference
  2
СНЕЖНОЯГОДНИК_ДОРЕНБОЗА
 10
724.2618235626749
 20
14491.830983992084
 30
0.0
  0
INSERT
  5
58DF
330
17
100
AcDbEntity
  8
BUSH
100
AcDbBlockReference
  2
СНЕЖНОЯГОДНИК_ДОРЕНБОЗА
 10
725.6549673703258
 20
14492.322084116107
 30
0.0
  0
INSERT
  5
58E1
330
17
100
AcDbEntity
  8
BUSH
100
AcDbBlockReference
  2
СНЕЖНОЯГОДНИК_ДОРЕНБОЗА
 10
727.1278721137537
 20
14492.069840473945
 30
0.0
  0
INSERT
  5
58E3
330
17
100
AcDbEntity
  8
BUSH
100
AcDbBlockReference
  2
СНЕЖНОЯГОДНИК_ДОРЕНБОЗА
 10
728.5875248797714
 20
14491.724277451247
 30
0.0
  0
INSERT
  5
58E5
330
17
100
AcDbEntity
  8
BUSH
100
AcDbBlockReference
  2
СНЕЖНОЯГОДНИК_ДОРЕНБОЗА
 10
730.0471776457892
 20
14491.378714428547
 30
0.0
  0
INSERT
  5
58E7
330
17
100
AcDbEntity
  8
BUSH
100
AcDbBlockReference
  2
СНЕЖНОЯГОДНИК_ДОРЕНБОЗА
 10
731.506830411807
 20
14491.033151405849
 30
0.0
  0
INSERT
  5
58E9
330
17
100
AcDbEntity
  8
BUSH
100
AcDbBlockReference
  2
СНЕЖНОЯГОДНИК_ДОРЕНБОЗА
 10
732.9664831778248
 20
14490.68758838315
 30
0.0
  0
INSERT
  5
58EB
330
17
100
AcDbEntity
  8
BUSH
100
AcDbBlockReference
  2
СНЕЖНОЯГОДНИК_ДОРЕНБОЗА
 10
734.4261359438426
 20
14490.342025360453
 30
0.0
  0
INSERT
  5
58ED
330
17
100
AcDbEntity
  8
BUSH
100
AcDbBlockReference
  2
СНЕЖНОЯГОДНИК_ДОРЕНБОЗА
 10
735.8857887098603
 20
14489.996462337753
 30
0.0
  0
INSERT
  5
58EF
330
17
100
AcDbEntity
  8
BUSH
100
AcDbBlockReference
  2
СНЕЖНОЯГОДНИК_ДОРЕНБОЗА
 10
737.3454414758781
 20
14489.650899315055
 30
0.0
  0
INSERT
  5
58F1
330
17
100
AcDbEntity
  8
BUSH
100
AcDbBlockReference
  2
СНЕЖНОЯГОДНИК_ДОРЕНБОЗА
 10
738.8050942418959
 20
14489.305336292357
 30
0.0
  0
INSERT
  5
58F3
330
17
100
AcDbEntity
  8
BUSH
100
AcDbBlockReference
  2
СНЕЖНОЯГОДНИК_ДОРЕНБОЗА
 10
740.2647470079137
 20
14488.959773269657
 30
0.0
  0
INSERT
  5
58F5
330
17
100
AcDbEntity
  8
BUSH
100
AcDbBlockReference
  2
СНЕЖНОЯГОДНИК_ДОРЕНБОЗА
 10
671.0996281420203
 20
14497.782589345541
 30
0.0
  0
INSERT
  5
58F7
330
17
100
AcDbEntity
  8
BUSH
100
AcDbBlockReference
  2
СНЕЖНОЯГОДНИК_ДОРЕНБОЗА
 10
671.5920918973013
 20
14499.175908192517
 30
0.0
  0
INSERT
  5
58F9
330
17
100
AcDbEntity
  8
BUSH
100
AcDbBlockReference
  2
СНЕЖНОЯГОДНИК_ДОРЕНБОЗА
 10
672.7848064515598
 20
14500.04740368409
 30
0.0
  0
INSERT
  5
58FB
330
17
100
AcDbEntity
  8
BUSH
100
AcDbBlockReference
  2
СНЕЖНОЯГОДНИК_ДОРЕНБОЗА
 10
674.2679776352883
 20
14500.229731479458
 30
0.0
  0
INSERT
  5
58FD
330
17
100
AcDbEntity
  8
BUSH
100
AcDbBlockReference
  2
СНЕЖНОЯГОДНИК_ДОРЕНБОЗА
 10
675.7653380689651
 20
14500.318679394888
 30
0.0
  0
INSERT
  5
58FF
330
17
100
AcDbEntity
  8
BUSH
100
AcDbBlockReference
  2
СНЕЖНОЯГОДНИК_ДОРЕНБОЗА
 10
677.2626985026419
 20
14500.407627310318
 30
0.0
  0
INSERT
  5
5901
330
17
100
AcDbEntity
  8
BUSH
100
AcDbBlockReference
  2
СНЕЖНОЯГОДНИК_ДОРЕНБОЗА
 10
678.7600589363186
 20
14500.496575225747
 30
0.0
  0
INSERT
  5
5903
330
17
100
AcDbEntity
  8
BUSH
100
AcDbBlockReference
  2
СНЕЖНОЯГОДНИК_ДОРЕНБОЗА
 10
680.2574193699954
 20
14500.585523141177
 30
0.0
  0
INSERT
  5
5905
330
17
100
AcDbEntity
  8
BUSH
100
AcDbBlockReference
  2
СНЕЖНОЯГОДНИК_ДОРЕНБОЗА
 10
681.7547798036722
 20
14500.674471056607
 30
0.0
  0
INSERT
  5
5907
330
17
100
AcDbEntity
  8
BUSH
100
AcDbBlockReference
  2
СНЕЖНОЯГОДНИК_ДОРЕНБОЗА
 10
683.2521402373491
 20
14500.763418972036
 30
0.0
  0
INSERT
  5
5909
330
17
100
AcDbEntity
  8
BUSH
100
AcDbBlockReference
  2
СНЕЖНОЯГОДНИК_ДОРЕНБОЗА
 10
684.7495006710258
 20
14500.852366887466
 30
0.0
  0
INSERT
  5
590B
330
17
100
AcDbEntity
  8
BUSH
100
AcDbBlockReference
  2
СНЕЖНОЯГОДНИК_ДОРЕНБОЗА
 10
686.2468611047026
 20
14500.941314802894
 30
0.0
  0
INSERT
  5
590D
330
17
100
AcDbEntity
  8
BUSH
100
AcDbBlockReference
  2
СНЕЖНОЯГОДНИК_ДОРЕНБОЗА
 10
687.7442215383794
 20
14501.030262718325
 30
0.0
  0
INSERT
  5
590F
330
17
100
AcDbEntity
  8
BUSH
100
AcDbBlockReference
  2
СНЕЖНОЯГОДНИК_ДОРЕНБОЗА
 10
689.2415819720561
 20
14501.119210633755
 30
0.0
  0
INSERT
  5
5911
330
17
100
AcDbEntity
  8
BUSH
100
AcDbBlockReference
  2
СНЕЖНОЯГОДНИК_ДОРЕНБОЗА
 10
690.7389424057329
 20
14501.208158549183
 30
0.0
  0
INSERT
  5
5913
330
17
100
AcDbEntity
  8
BUSH
100
AcDbBlockReference
  2
СНЕЖНОЯГОДНИК_ДОРЕНБОЗА
 10
692.2363028394097
 20
14501.297106464614
 30
0.0
  0
INSERT
  5
5915
330
17
100
AcDbEntity
  8
BUSH
100
AcDbBlockReference
  2
СНЕЖНОЯГОДНИК_ДОРЕНБОЗА
 10
693.7336632730866
 20
14501.386054380044
 30
0.0
  0
INSERT
  5
5917
330
17
100
AcDbEntity
  8
BUSH
100
AcDbBlockReference
  2
СНЕЖНОЯГОДНИК_ДОРЕНБОЗА
 10
695.2310237067633
 20
14501.475002295472
 30
0.0
  0
INSERT
  5
5919
330
17
100
AcDbEntity
  8
BUSH
100
AcDbBlockReference
  2
СНЕЖНОЯГОДНИК_ДОРЕНБОЗА
 10
696.7283841404401
 20
14501.563950210902
 30
0.0
  0
INSERT
  5
591B
330
17
100
AcDbEntity
  8
BUSH
100
AcDbBlockReference
  2
СНЕЖНОЯГОДНИК_ДОРЕНБОЗА
 10
698.2257445741169
 20
14501.652898126331
 30
0.0
  0
INSERT
  5
591D
330
17
100
AcDbEntity
  8
BUSH
100
AcDbBlockReference
  2
СНЕЖНОЯГОДНИК_ДОРЕНБОЗА
 10
699.7231050077937
 20
14501.741846041761
 30
0.0
  0
INSERT
  5
591F
330
17
100
AcDbEntity
  8
BUSH
100
AcDbBlockReference
  2
СНЕЖНОЯГОДНИК_ДОРЕНБОЗА
 10
701.2204654414704
 20
14501.830793957191
 30
0.0
  0
INSERT
  5
5921
330
17
100
AcDbEntity
  8
BUSH
100
AcDbBlockReference
  2
СНЕЖНОЯГОДНИК_ДОРЕНБОЗА
 10
702.7178258751472
 20
14501.91974187262
 30
0.0
  0
INSERT
  5
5923
330
17
100
AcDbEntity
  8
BUSH
100
AcDbBlockReference
  2
СНЕЖНОЯГОДНИК_ДОРЕНБОЗА
 10
704.2151863088241
 20
14502.00868978805
 30
0.0
  0
INSERT
  5
5925
330
17
100
AcDbEntity
  8
BUSH
100
AcDbBlockReference
  2
СНЕЖНОЯГОДНИК_ДОРЕНБОЗА
 10
705.7125467425008
 20
14502.09763770348
 30
0.0
  0
INSERT
  5
5927
330
17
100
AcDbEntity
  8
BUSH
100
AcDbBlockReference
  2
СНЕЖНОЯГОДНИК_ДОРЕНБОЗА
 10
707.2099071761776
 20
14502.186585618909
 30
0.0
  0
INSERT
  5
592B
330
17
100
AcDbEntity
  8
BUSH
100
AcDbBlockReference
  2
СНЕЖНОЯГОДНИК_ДОРЕНБОЗА
 10
710.2046280435312
 20
14502.364481449767
 30
0.0
  0
INSERT
  5
592D
330
17
100
AcDbEntity
  8
BUSH
100
AcDbBlockReference
  2
СНЕЖНОЯГОДНИК_ДОРЕНБОЗА
 10
711.7019884772079
 20
14502.453429365198
 30
0.0
  0
INSERT
  5
592F
330
17
100
AcDbEntity
  8
BUSH
100
AcDbBlockReference
  2
СНЕЖНОЯГОДНИК_ДОРЕНБОЗА
 10
713.1934202206749
 20
14502.416361807867
 30
0.0
  0
INSERT
  5
5931
330
17
100
AcDbEntity
  8
BUSH
100
AcDbBlockReference
  2
СНЕЖНОЯГОДНИК_ДОРЕНБОЗА
 10
714.4471185639686
 20
14501.63586898619
 30
0.0
  0
INSERT
  5
5933
330
17
100
AcDbEntity
  8
BUSH
100
AcDbBlockReference
  2
СНЕЖНОЯГОДНИК_ДОРЕНБОЗА
 10
715.0409742000104
 20
14500.284027892902
 30
0.0
  0
INSERT
  5
5935
330
17
100
AcDbEntity
  8
BUSH
100
AcDbBlockReference
  2
СНЕЖНОЯГОДНИК_ДОРЕНБОЗА
 10
715.1366023940222
 20
14498.787229099418
 30
0.0
  0
INSERT
  5
5937
330
17
100
AcDbEntity
  8
BUSH
100
AcDbBlockReference
  2
СНЕЖНОЯГОДНИК_ДОРЕНБОЗА
 10
715.2255503096098
 20
14497.289868665752
 30
0.0
  0
INSERT
  5
5939
330
17
100
AcDbEntity
  8
BUSH
100
AcDbBlockReference
  2
СНЕЖНОЯГОДНИК_ДОРЕНБОЗА
 10
715.3144982251976
 20
14495.792508232083
 30
0.0
  0
INSERT
  5
593B
330
17
100
AcDbEntity
  8
BUSH
100
AcDbBlockReference
  2
СНЕЖНОЯГОДНИК_ДОРЕНБОЗА
 10
715.4034461407851
 20
14494.295147798417
 30
0.0
  0
INSERT
  5
593D
330
17
100
AcDbEntity
  8
BUSH
100
AcDbBlockReference
  2
СНЕЖНОЯГОДНИК_ДОРЕНБОЗА
 10
715.4923940563729
 20
14492.797787364749
 30
0.0
  0
INSERT
  5
593F
330
17
100
AcDbEntity
  8
BUSH
100
AcDbBlockReference
  2
СНЕЖНОЯГОДНИК_ДОРЕНБОЗА
 10
715.5813419719606
 20
14491.300426931082
 30
0.0
  0
INSERT
  5
5941
330
17
100
AcDbEntity
  8
BUSH
100
AcDbBlockReference
  2
СНЕЖНОЯГОДНИК_ДОРЕНБОЗА
 10
715.6702898875482
 20
14489.803066497414
 30
0.0
  0
INSERT
  5
5943
330
17
100
AcDbEntity
  8
BUSH
100
AcDbBlockReference
  2
СНЕЖНОЯГОДНИК_ДОРЕНБОЗА
 10
715.4791496885414
 20
14488.333472907516
 30
0.0
  0
INSERT
  5
5945
330
17
100
AcDbEntity
  8
BUSH
100
AcDbBlockReference
  2
СНЕЖНОЯГОДНИК_ДОРЕНБОЗА
 10
714.5106635419905
 20
14487.217660327547
 30
0.0
  0
INSERT
  5
5947
330
17
100
AcDbEntity
  8
BUSH
100
AcDbBlockReference
  2
СНЕЖНОЯГОДНИК_ДОРЕНБОЗА
 10
713.081057241658
 20
14486.830648548414
 30
0.0
  0
INSERT
  5
5949
330
17
100
AcDbEntity
  8
BUSH
100
AcDbBlockReference
  2
СНЕЖНОЯГОДНИК_ДОРЕНБОЗА
 10
711.5836968079811
 20
14486.741700632985
 30
0.0
  0
INSERT
  5
594B
330
17
100
AcDbEntity
  8
BUSH
100
AcDbBlockReference
  2
СНЕЖНОЯГОДНИК_ДОРЕНБОЗА
 10
710.0863363743043
 20
14486.652752717555
 30
0.0
  0
INSERT
  5
594D
330
17
100
AcDbEntity
  8
BUSH
100
AcDbBlockReference
  2
СНЕЖНОЯГОДНИК_ДОРЕНБОЗА
 10
708.5889759406275
 20
14486.563804802126
 30
0.0
  0
INSERT
  5
594F
330
17
100
AcDbEntity
  8
BUSH
100
AcDbBlockReference
  2
СНЕЖНОЯГОДНИК_ДОРЕНБОЗА
 10
707.0916155069507
 20
14486.474856886696
 30
0.0
  0
INSERT
  5
5951
330
17
100
AcDbEntity
  8
BUSH
100
AcDbBlockReference
  2
СНЕЖНОЯГОДНИК_ДОРЕНБОЗА
 10
705.5942550732739
 20
14486.385908971268
 30
0.0
  0
INSERT
  5
5953
330
17
100
AcDbEntity
  8
BUSH
100
AcDbBlockReference
  2
СНЕЖНОЯГОДНИК_ДОРЕНБОЗА
 10
704.096894639597
 20
14486.29696105584
 30
0.0
  0
INSERT
  5
5955
330
17
100
AcDbEntity
  8
BUSH
100
AcDbBlockReference
  2
СНЕЖНОЯГОДНИК_ДОРЕНБОЗА
 10
702.5995342059202
 20
14486.20801314041
 30
0.0
  0
INSERT
  5
5957
330
17
100
AcDbEntity
  8
BUSH
100
AcDbBlockReference
  2
СНЕЖНОЯГОДНИК_ДОРЕНБОЗА
 10
701.1021737722434
 20
14486.11906522498
 30
0.0
  0
INSERT
  5
5959
330
17
100
AcDbEntity
  8
BUSH
100
AcDbBlockReference
  2
СНЕЖНОЯГОДНИК_ДОРЕНБОЗА
 10
699.6048133385666
 20
14486.030117309552
 30
0.0
  0
INSERT
  5
595B
330
17
100
AcDbEntity
  8
BUSH
100
AcDbBlockReference
  2
СНЕЖНОЯГОДНИК_ДОРЕНБОЗА
 10
698.1074529048898
 20
14485.941169394122
 30
0.0
  0
INSERT
  5
595D
330
17
100
AcDbEntity
  8
BUSH
100
AcDbBlockReference
  2
СНЕЖНОЯГОДНИК_ДОРЕНБОЗА
 10
696.610092471213
 20
14485.852221478694
 30
0.0
  0
INSERT
  5
595F
330
17
100
AcDbEntity
  8
BUSH
100
AcDbBlockReference
  2
СНЕЖНОЯГОДНИК_ДОРЕНБОЗА
 10
695.1127320375361
 20
14485.763273563265
 30
0.0
  0
INSERT
  5
5961
330
17
100
AcDbEntity
  8
BUSH
100
AcDbBlockReference
  2
СНЕЖНОЯГОДНИК_ДОРЕНБОЗА
 10
693.6153716038593
 20
14485.674325647835
 30
0.0
  0
INSERT
  5
5963
330
17
100
AcDbEntity
  8
BUSH
100
AcDbBlockReference
  2
СНЕЖНОЯГОДНИК_ДОРЕНБОЗА
 10
692.1180111701825
 20
14485.585377732406
 30
0.0
  0
INSERT
  5
5965
330
17
100
AcDbEntity
  8
BUSH
100
AcDbBlockReference
  2
СНЕЖНОЯГОДНИК_ДОРЕНБОЗА
 10
690.6206507365057
 20
14485.496429816978
 30
0.0
  0
INSERT
  5
5967
330
17
100
AcDbEntity
  8
BUSH
100
AcDbBlockReference
  2
СНЕЖНОЯГОДНИК_ДОРЕНБОЗА
 10
689.1232903028289
 20
14485.407481901548
 30
0.0
  0
INSERT
  5
5969
330
17
100
AcDbEntity
  8
BUSH
100
AcDbBlockReference
  2
СНЕЖНОЯГОДНИК_ДОРЕНБОЗА
 10
687.6259298691521
 20
14485.31853398612
 30
0.0
  0
INSERT
  5
596B
330
17
100
AcDbEntity
  8
BUSH
100
AcDbBlockReference
  2
СНЕЖНОЯГОДНИК_ДОРЕНБОЗА
 10
686.1285694354752
 20
14485.229586070689
 30
0.0
  0
INSERT
  5
596D
330
17
100
AcDbEntity
  8
BUSH
100
AcDbBlockReference
  2
СНЕЖНОЯГОДНИК_ДОРЕНБОЗА
 10
684.6312090017984
 20
14485.14063815526
 30
0.0
  0
INSERT
  5
596F
330
17
100
AcDbEntity
  8
BUSH
100
AcDbBlockReference
  2
СНЕЖНОЯГОДНИК_ДОРЕНБОЗА
 10
683.1338485681216
 20
14485.051690239832
 30
0.0
  0
INSERT
  5
5971
330
17
100
AcDbEntity
  8
BUSH
100
AcDbBlockReference
  2
СНЕЖНОЯГОДНИК_ДОРЕНБОЗА
 10
681.6364881344448
 20
14484.962742324402
 30
0.0
  0
INSERT
  5
5973
330
17
100
AcDbEntity
  8
BUSH
100
AcDbBlockReference
  2
СНЕЖНОЯГОДНИК_ДОРЕНБОЗА
 10
680.139127700768
 20
14484.873794408973
 30
0.0
  0
INSERT
  5
5975
330
17
100
AcDbEntity
  8
BUSH
100
AcDbBlockReference
  2
СНЕЖНОЯГОДНИК_ДОРЕНБОЗА
 10
678.6417672670912
 20
14484.784846493545
 30
0.0
  0
INSERT
  5
5977
330
17
100
AcDbEntity
  8
BUSH
100
AcDbBlockReference
  2
СНЕЖНОЯГОДНИК_ДОРЕНБОЗА
 10
677.1444068334143
 20
14484.695898578115
 30
0.0
  0
INSERT
  5
5979
330
17
100
AcDbEntity
  8
BUSH
100
AcDbBlockReference
  2
СНЕЖНОЯГОДНИК_ДОРЕНБОЗА
 10
675.6470463997375
 20
14484.606950662686
 30
0.0
  0
INSERT
  5
597B
330
17
100
AcDbEntity
  8
BUSH
100
AcDbBlockReference
  2
СНЕЖНОЯГОДНИК_ДОРЕНБОЗА
 10
674.1492935737227
 20
14484.5292771686
 30
0.0
  0
INSERT
  5
597D
330
17
100
AcDbEntity
  8
BUSH
100
AcDbBlockReference
  2
СНЕЖНОЯГОДНИК_ДОРЕНБОЗА
 10
672.7525582906097
 20
14485.011875093103
 30
0.0
  0
INSERT
  5
597F
330
17
100
AcDbEntity
  8
BUSH
100
AcDbBlockReference
  2
СНЕЖНОЯГОДНИК_ДОРЕНБОЗА
 10
671.8736342724826
 20
14486.199515207272
 30
0.0
  0
INSERT
  5
5981
330
17
100
AcDbEntity
  8
BUSH
100
AcDbBlockReference
  2
СНЕЖНОЯГОДНИК_ДОРЕНБОЗА
 10
671.6875755146558
 20
14487.681999557579
 30
0.0
  0
INSERT
  5
5983
330
17
100
AcDbEntity
  8
BUSH
100
AcDbBlockReference
  2
СНЕЖНОЯГОДНИК_ДОРЕНБОЗА
 10
671.5986275990682
 20
14489.179359991245
 30
0.0
  0
INSERT
  5
5985
330
17
100
AcDbEntity
  8
BUSH
100
AcDbBlockReference
  2
СНЕЖНОЯГОДНИК_ДОРЕНБОЗА
 10
671.5096796834806
 20
14490.676720424914
 30
0.0
  0
INSERT
  5
5987
330
17
100
AcDbEntity
  8
BUSH
100
AcDbBlockReference
  2
СНЕЖНОЯГОДНИК_ДОРЕНБОЗА
 10
671.420731767893
 20
14492.17408085858
 30
0.0
  0
INSERT
  5
5989
330
17
100
AcDbEntity
  8
BUSH
100
AcDbBlockReference
  2
СНЕЖНОЯГОДНИК_ДОРЕНБОЗА
 10
671.3317838523053
 20
14493.671441292248
 30
0.0
  0
INSERT
  5
598B
330
17
100
AcDbEntity
  8
BUSH
100
AcDbBlockReference
  2
СНЕЖНОЯГОДНИК_ДОРЕНБОЗА
 10
671.2428359367177
 20
14495.168801725915
 30
0.0
  0
INSERT
  5
598D
330
17
100
AcDbEntity
  8
BUSH
100
AcDbBlockReference
  2
СНЕЖНОЯГОДНИК_ДОРЕНБОЗА
 10
788.1832276917405
 20
14377.06662902671
 30
0.0
  0
INSERT
  5
598F
330
17
100
AcDbEntity
  8
BUSH
100
AcDbBlockReference
  2
СНЕЖНОЯГОДНИК_ДОРЕНБОЗА
 10
787.7965536859691
 20
14378.492932350993
 30
0.0
  0
INSERT
  5
5991
330
17
100
AcDbEntity
  8
BUSH
100
AcDbBlockReference
  2
СНЕЖНОЯГОДНИК_ДОРЕНБОЗА
 10
788.2826145934594
 20
14379.887857866559
 30
0.0
  0
INSERT
  5
5993
330
17
100
AcDbEntity
  8
BUSH
100
AcDbBlockReference
  2
СНЕЖНОЯГОДНИК_ДОРЕНБОЗА
 10
789.3993405323407
 20
14380.880814745102
 30
0.0
  0
INSERT
  5
5995
330
17
100
AcDbEntity
  8
BUSH
100
AcDbBlockReference
  2
СНЕЖНОЯГОДНИК_ДОРЕНБОЗА
 10
790.5808123995809
 20
14381.805003160373
 30
0.0
  0
INSERT
  5
5997
330
17
100
AcDbEntity
  8
BUSH
100
AcDbBlockReference
  2
СНЕЖНОЯГОДНИК_ДОРЕНБОЗА
 10
791.7622842668211
 20
14382.729191575643
 30
0.0
  0
INSERT
  5
5999
330
17
100
AcDbEntity
  8
BUSH
100
AcDbBlockReference
  2
СНЕЖНОЯГОДНИК_ДОРЕНБОЗА
 10
792.9437561340612
 20
14383.653379990914
 30
0.0
  0
INSERT
  5
599B
330
17
100
AcDbEntity
  8
BUSH
100
AcDbBlockReference
  2
СНЕЖНОЯГОДНИК_ДОРЕНБОЗА
 10
794.1252280013015
 20
14384.577568406185
 30
0.0
  0
INSERT
  5
599D
330
17
100
AcDbEntity
  8
BUSH
100
AcDbBlockReference
  2
СНЕЖНОЯГОДНИК_ДОРЕНБОЗА
 10
795.3066998685417
 20
14385.501756821453
 30
0.0
  0
INSERT
  5
599F
330
17
100
AcDbEntity
  8
BUSH
100
AcDbBlockReference
  2
СНЕЖНОЯГОДНИК_ДОРЕНБОЗА
 10
796.4881717357819
 20
14386.425945236724
 30
0.0
  0
INSERT
  5
59A1
330
17
100
AcDbEntity
  8
BUSH
100
AcDbBlockReference
  2
СНЕЖНОЯГОДНИК_ДОРЕНБОЗА
 10
797.6696436030221
 20
14387.350133651995
 30
0.0
  0
INSERT
  5
59A3
330
17
100
AcDbEntity
  8
BUSH
100
AcDbBlockReference
  2
СНЕЖНОЯГОДНИК_ДОРЕНБОЗА
 10
798.8511154702622
 20
14388.274322067266
 30
0.0
  0
INSERT
  5
59A5
330
17
100
AcDbEntity
  8
BUSH
100
AcDbBlockReference
  2
СНЕЖНОЯГОДНИК_ДОРЕНБОЗА
 10
800.0325873375025
 20
14389.198510482536
 30
0.0
  0
INSERT
  5
59A7
330
17
100
AcDbEntity
  8
BUSH
100
AcDbBlockReference
  2
СНЕЖНОЯГОДНИК_ДОРЕНБОЗА
 10
801.2140592047426
 20
14390.122698897807
 30
0.0
  0
INSERT
  5
59A9
330
17
100
AcDbEntity
  8
BUSH
100
AcDbBlockReference
  2
СНЕЖНОЯГОДНИК_ДОРЕНБОЗА
 10
802.3955310719829
 20
14391.046887313076
 30
0.0
  0
INSERT
  5
59AB
330
17
100
AcDbEntity
  8
BUSH
100
AcDbBlockReference
  2
СНЕЖНОЯГОДНИК_ДОРЕНБОЗА
 10
803.5770029392231
 20
14391.971075728346
 30
0.0
  0
INSERT
  5
59AD
330
17
100
AcDbEntity
  8
BUSH
100
AcDbBlockReference
  2
СНЕЖНОЯГОДНИК_ДОРЕНБОЗА
 10
804.7584748064633
 20
14392.895264143617
 30
0.0
  0
INSERT
  5
59AF
330
17
100
AcDbEntity
  8
BUSH
100
AcDbBlockReference
  2
СНЕЖНОЯГОДНИК_ДОРЕНБОЗА
 10
805.9399466737035
 20
14393.819452558888
 30
0.0
  0
INSERT
  5
59B1
330
17
100
AcDbEntity
  8
BUSH
100
AcDbBlockReference
  2
СНЕЖНОЯГОДНИК_ДОРЕНБОЗА
 10
807.1214185409436
 20
14394.743640974159
 30
0.0
  0
INSERT
  5
59B3
330
17
100
AcDbEntity
  8
BUSH
100
AcDbBlockReference
  2
СНЕЖНОЯГОДНИК_ДОРЕНБОЗА
 10
808.3028904081839
 20
14395.66782938943
 30
0.0
  0
INSERT
  5
59B5
330
17
100
AcDbEntity
  8
BUSH
100
AcDbBlockReference
  2
СНЕЖНОЯГОДНИК_ДОРЕНБОЗА
 10
809.484362275424
 20
14396.592017804698
 30
0.0
  0
INSERT
  5
59B7
330
17
100
AcDbEntity
  8
BUSH
100
AcDbBlockReference
  2
СНЕЖНОЯГОДНИК_ДОРЕНБОЗА
 10
810.6658341426643
 20
14397.516206219969
 30
0.0
  0
INSERT
  5
59B9
330
17
100
AcDbEntity
  8
BUSH
100
AcDbBlockReference
  2
СНЕЖНОЯГОДНИК_ДОРЕНБОЗА
 10
811.8473060099045
 20
14398.44039463524
 30
0.0
  0
INSERT
  5
59BB
330
17
100
AcDbEntity
  8
BUSH
100
AcDbBlockReference
  2
СНЕЖНОЯГОДНИК_ДОРЕНБОЗА
 10
813.0287778771446
 20
14399.36458305051
 30
0.0
  0
INSERT
  5
59F9
330
17
100
AcDbEntity
  8
BUSH
100
AcDbBlockReference
  2
СНЕЖНОЯГОДНИК_ДОРЕНБОЗА
 10
822.9790922933588
 20
14379.48532176601
 30
0.0
  0
INSERT
  5
59FB
330
17
100
AcDbEntity
  8
BUSH
100
AcDbBlockReference
  2
СНЕЖНОЯГОДНИК_ДОРЕНБОЗА
 10
821.7976204261186
 20
14378.561133350739
 30
0.0
  0
INSERT
  5
59FD
330
17
100
AcDbEntity
  8
BUSH
100
AcDbBlockReference
  2
СНЕЖНОЯГОДНИК_ДОРЕНБОЗА
 10
820.6161485588784
 20
14377.636944935468
 30
0.0
  0
INSERT
  5
59FF
330
17
100
AcDbEntity
  8
BUSH
100
AcDbBlockReference
  2
СНЕЖНОЯГОДНИК_ДОРЕНБОЗА
 10
819.4346766916382
 20
14376.712756520197
 30
0.0
  0
INSERT
  5
5A01
330
17
100
AcDbEntity
  8
BUSH
100
AcDbBlockReference
  2
СНЕЖНОЯГОДНИК_ДОРЕНБОЗА
 10
818.253204824398
 20
14375.788568104927
 30
0.0
  0
INSERT
  5
5A03
330
17
100
AcDbEntity
  8
BUSH
100
AcDbBlockReference
  2
СНЕЖНОЯГОДНИК_ДОРЕНБОЗА
 10
817.0717329571578
 20
14374.864379689658
 30
0.0
  0
INSERT
  5
5A05
330
17
100
AcDbEntity
  8
BUSH
100
AcDbBlockReference
  2
СНЕЖНОЯГОДНИК_ДОРЕНБОЗА
 10
815.8902610899177
 20
14373.940191274387
 30
0.0
  0
INSERT
  5
5A07
330
17
100
AcDbEntity
  8
BUSH
100
AcDbBlockReference
  2
СНЕЖНОЯГОДНИК_ДОРЕНБОЗА
 10
814.7087892226774
 20
14373.016002859116
 30
0.0
  0
INSERT
  5
5A09
330
17
100
AcDbEntity
  8
BUSH
100
AcDbBlockReference
  2
СНЕЖНОЯГОДНИК_ДОРЕНБОЗА
 10
813.5273173554373
 20
14372.091814443846
 30
0.0
  0
INSERT
  5
5A0B
330
17
100
AcDbEntity
  8
BUSH
100
AcDbBlockReference
  2
СНЕЖНОЯГОДНИК_ДОРЕНБОЗА
 10
812.345845488197
 20
14371.167626028575
 30
0.0
  0
INSERT
  5
5A0D
330
17
100
AcDbEntity
  8
BUSH
100
AcDbBlockReference
  2
СНЕЖНОЯГОДНИК_ДОРЕНБОЗА
 10
811.1643736209569
 20
14370.243437613304
 30
0.0
  0
INSERT
  5
5A0F
330
17
100
AcDbEntity
  8
BUSH
100
AcDbBlockReference
  2
СНЕЖНОЯГОДНИК_ДОРЕНБОЗА
 10
809.9829017537166
 20
14369.319249198035
 30
0.0
  0
INSERT
  5
5A11
330
17
100
AcDbEntity
  8
BUSH
100
AcDbBlockReference
  2
СНЕЖНОЯГОДНИК_ДОРЕНБОЗА
 10
808.8014298864764
 20
14368.395060782765
 30
0.0
  0
INSERT
  5
5A13
330
17
100
AcDbEntity
  8
BUSH
100
AcDbBlockReference
  2
СНЕЖНОЯГОДНИК_ДОРЕНБОЗА
 10
807.6199580192363
 20
14367.470872367494
 30
0.0
  0
INSERT
  5
5A15
330
17
100
AcDbEntity
  8
BUSH
100
AcDbBlockReference
  2
СНЕЖНОЯГОДНИК_ДОРЕНБОЗА
 10
806.438486151996
 20
14366.546683952223
 30
0.0
  0
INSERT
  5
5A17
330
17
100
AcDbEntity
  8
BUSH
100
AcDbBlockReference
  2
СНЕЖНОЯГОДНИК_ДОРЕНБОЗА
 10
805.2570142847559
 20
14365.622495536953
 30
0.0
  0
INSERT
  5
5A19
330
17
100
AcDbEntity
  8
BUSH
100
AcDbBlockReference
  2
СНЕЖНОЯГОДНИК_ДОРЕНБОЗА
 10
804.0755424175156
 20
14364.698307121682
 30
0.0
  0
INSERT
  5
5A1B
330
17
100
AcDbEntity
  8
BUSH
100
AcDbBlockReference
  2
СНЕЖНОЯГОДНИК_ДОРЕНБОЗА
 10
802.8940705502755
 20
14363.774118706413
 30
0.0
  0
INSERT
  5
5A1D
330
17
100
AcDbEntity
  8
BUSH
100
AcDbBlockReference
  2
СНЕЖНОЯГОДНИК_ДОРЕНБОЗА
 10
801.672693881408
 20
14362.910606286405
 30
0.0
  0
INSERT
  5
5A1F
330
17
100
AcDbEntity
  8
BUSH
100
AcDbBlockReference
  2
СНЕЖНОЯГОДНИК_ДОРЕНБОЗА
 10
800.2081731047979
 20
14362.723310272582
 30
0.0
  0
INSERT
  5
5A21
330
17
100
AcDbEntity
  8
BUSH
100
AcDbBlockReference
  2
СНЕЖНОЯГОДНИК_ДОРЕНБОЗА
 10
798.893696996419
 20
14363.395736277482
 30
0.0
  0
INSERT
  5
5A23
330
17
100
AcDbEntity
  8
BUSH
100
AcDbBlockReference
  2
СНЕЖНОЯГОДНИК_ДОРЕНБОЗА
 10
797.9504921955524
 20
14364.56073161969
 30
0.0
  0
INSERT
  5
5A25
330
17
100
AcDbEntity
  8
BUSH
100
AcDbBlockReference
  2
СНЕЖНОЯГОДНИК_ДОРЕНБОЗА
 10
797.0263037802822
 20
14365.74220348693
 30
0.0
  0
INSERT
  5
5A27
330
17
100
AcDbEntity
  8
BUSH
100
AcDbBlockReference
  2
СНЕЖНОЯГОДНИК_ДОРЕНБОЗА
 10
796.1021153650119
 20
14366.92367535417
 30
0.0
  0
INSERT
  5
5A29
330
17
100
AcDbEntity
  8
BUSH
100
AcDbBlockReference
  2
СНЕЖНОЯГОДНИК_ДОРЕНБОЗА
 10
795.1779269497415
 20
14368.10514722141
 30
0.0
  0
INSERT
  5
5A2B
330
17
100
AcDbEntity
  8
BUSH
100
AcDbBlockReference
  2
СНЕЖНОЯГОДНИК_ДОРЕНБОЗА
 10
794.2537385344712
 20
14369.28661908865
 30
0.0
  0
INSERT
  5
5A2D
330
17
100
AcDbEntity
  8
BUSH
100
AcDbBlockReference
  2
СНЕЖНОЯГОДНИК_ДОРЕНБОЗА
 10
793.3295501192009
 20
14370.46809095589
 30
0.0
  0
INSERT
  5
5A2F
330
17
100
AcDbEntity
  8
BUSH
100
AcDbBlockReference
  2
СНЕЖНОЯГОДНИК_ДОРЕНБОЗА
 10
792.4053617039306
 20
14371.649562823131
 30
0.0
  0
INSERT
  5
5A31
330
17
100
AcDbEntity
  8
BUSH
100
AcDbBlockReference
  2
СНЕЖНОЯГОДНИК_ДОРЕНБОЗА
 10
791.4811732886602
 20
14372.83103469037
 30
0.0
  0
INSERT
  5
5A33
330
17
100
AcDbEntity
  8
BUSH
100
AcDbBlockReference
  2
СНЕЖНОЯГОДНИК_ДОРЕНБОЗА
 10
790.55698487339
 20
14374.012506557612
 30
0.0
  0
INSERT
  5
5A35
330
17
100
AcDbEntity
  8
BUSH
100
AcDbBlockReference
  2
СНЕЖНОЯГОДНИК_ДОРЕНБОЗА
 10
789.6327964581196
 20
14375.193978424852
 30
0.0
  0
INSERT
  5
5A6B
330
17
100
AcDbEntity
  8
BUSH
100
AcDbBlockReference
  2
СНЕЖНОЯГОДНИК_ДОРЕНБОЗА
 10
835.2402606960244
 20
14387.902141155979
 30
0.0
  0
INSERT
  5
5A6D
330
17
100
AcDbEntity
  8
BUSH
100
AcDbBlockReference
  2
СНЕЖНОЯГОДНИК_ДОРЕНБОЗА
 10
834.6071311952095
 20
14386.542307697353
 30
0.0
  0
INSERT
  5
5A6F
330
17
100
AcDbEntity
  8
BUSH
100
AcDbBlockReference
  2
СНЕЖНОЯГОДНИК_ДОРЕНБОЗА
 10
833.9740016943945
 20
14385.182474238727
 30
0.0
  0
INSERT
  5
5A71
330
17
100
AcDbEntity
  8
BUSH
100
AcDbBlockReference
  2
СНЕЖНОЯГОДНИК_ДОРЕНБОЗА
 10
833.3408721935796
 20
14383.822640780101
 30
0.0
  0
INSERT
  5
5A73
330
17
100
AcDbEntity
  8
BUSH
100
AcDbBlockReference
  2
СНЕЖНОЯГОДНИК_ДОРЕНБОЗА
 10
832.7077426927646
 20
14382.462807321475
 30
0.0
  0
INSERT
  5
5A75
330
17
100
AcDbEntity
  8
BUSH
100
AcDbBlockReference
  2
СНЕЖНОЯГОДНИК_ДОРЕНБОЗА
 10
832.0746131919495
 20
14381.10297386285
 30
0.0
  0
INSERT
  5
5A77
330
17
100
AcDbEntity
  8
BUSH
100
AcDbBlockReference
  2
СНЕЖНОЯГОДНИК_ДОРЕНБОЗА
 10
831.4414836911346
 20
14379.743140404224
 30
0.0
  0
INSERT
  5
5A79
330
17
100
AcDbEntity
  8
BUSH
100
AcDbBlockReference
  2
СНЕЖНОЯГОДНИК_ДОРЕНБОЗА
 10
830.8083541903196
 20
14378.3833069456
 30
0.0
  0
INSERT
  5
5A7B
330
17
100
AcDbEntity
  8
BUSH
100
AcDbBlockReference
  2
СНЕЖНОЯГОДНИК_ДОРЕНБОЗА
 10
830.0317429301177
 20
14377.113182745838
 30
0.0
  0
INSERT
  5
5A7D
330
17
100
AcDbEntity
  8
BUSH
100
AcDbBlockReference
  2
СНЕЖНОЯГОДНИК_ДОРЕНБОЗА
 10
828.7144166739001
 20
14376.445206165574
 30
0.0
  0
INSERT
  5
5A7F
330
17
100
AcDbEntity
  8
BUSH
100
AcDbBlockReference
  2
СНЕЖНОЯГОДНИК_ДОРЕНБОЗА
 10
827.2494860066472
 20
14376.637840711772
 30
0.0
  0
INSERT
  5
5A81
330
17
100
AcDbEntity
  8
BUSH
100
AcDbBlockReference
  2
СНЕЖНОЯГОДНИК_ДОРЕНБОЗА
 10
825.889447767089
 20
14377.270500596973
 30
0.0
  0
INSERT
  5
5A83
330
17
100
AcDbEntity
  8
BUSH
100
AcDbBlockReference
  2
СНЕЖНОЯГОДНИК_ДОРЕНБОЗА
 10
824.5296143085864
 20
14377.903630098053
 30
0.0
  0
INSERT
  5
5A85
330
17
100
AcDbEntity
  8
BUSH
100
AcDbBlockReference
  2
СНЕЖНОЯГОДНИК_ДОРЕНБОЗА
 10
823.1697808500836
 20
14378.536759599132
 30
0.0
  0
INSERT
  5
5A87
330
17
100
AcDbEntity
  8
BUSH
100
AcDbBlockReference
  2
СНЕЖНОЯГОДНИК_ДОРЕНБОЗА
 10
821.8099473915809
 20
14379.16988910021
 30
0.0
  0
INSERT
  5
5A89
330
17
100
AcDbEntity
  8
BUSH
100
AcDbBlockReference
  2
СНЕЖНОЯГОДНИК_ДОРЕНБОЗА
 10
755.2240265875422
 20
14353.364973967984
 30
0.0
  0
INSERT
  5
5A8B
330
17
100
AcDbEntity
  8
BUSH
100
AcDbBlockReference
  2
СНЕЖНОЯГОДНИК_ДОРЕНБОЗА
 10
756.4070301702527
 20
14354.287200904966
 30
0.0
  0
INSERT
  5
5A8D
330
17
100
AcDbEntity
  8
BUSH
100
AcDbBlockReference
  2
СНЕЖНОЯГОДНИК_ДОРЕНБОЗА
 10
757.5900337529632
 20
14355.209427841946
 30
0.0
  0
INSERT
  5
5A8F
330
17
100
AcDbEntity
  8
BUSH
100
AcDbBlockReference
  2
СНЕЖНОЯГОДНИК_ДОРЕНБОЗА
 10
758.7730373356737
 20
14356.131654778928
 30
0.0
  0
INSERT
  5
5A91
330
17
100
AcDbEntity
  8
BUSH
100
AcDbBlockReference
  2
СНЕЖНОЯГОДНИК_ДОРЕНБОЗА
 10
759.9560409183841
 20
14357.05388171591
 30
0.0
  0
INSERT
  5
5A93
330
17
100
AcDbEntity
  8
BUSH
100
AcDbBlockReference
  2
СНЕЖНОЯГОДНИК_ДОРЕНБОЗА
 10
761.1390445010946
 20
14357.97610865289
 30
0.0
  0
INSERT
  5
5A95
330
17
100
AcDbEntity
  8
BUSH
100
AcDbBlockReference
  2
СНЕЖНОЯГОДНИК_ДОРЕНБОЗА
 10
762.3220480838052
 20
14358.898335589873
 30
0.0
  0
INSERT
  5
5A97
330
17
100
AcDbEntity
  8
BUSH
100
AcDbBlockReference
  2
СНЕЖНОЯГОДНИК_ДОРЕНБОЗА
 10
763.5050516665157
 20
14359.820562526855
 30
0.0
  0
INSERT
  5
5A99
330
17
100
AcDbEntity
  8
BUSH
100
AcDbBlockReference
  2
СНЕЖНОЯГОДНИК_ДОРЕНБОЗА
 10
764.6880552492261
 20
14360.742789463835
 30
0.0
  0
INSERT
  5
5A9B
330
17
100
AcDbEntity
  8
BUSH
100
AcDbBlockReference
  2
СНЕЖНОЯГОДНИК_ДОРЕНБОЗА
 10
765.8710588319366
 20
14361.665016400817
 30
0.0
  0
INSERT
  5
5A9D
330
17
100
AcDbEntity
  8
BUSH
100
AcDbBlockReference
  2
СНЕЖНОЯГОДНИК_ДОРЕНБОЗА
 10
767.0540624146471
 20
14362.587243337799
 30
0.0
  0
INSERT
  5
5A9F
330
17
100
AcDbEntity
  8
BUSH
100
AcDbBlockReference
  2
СНЕЖНОЯГОДНИК_ДОРЕНБОЗА
 10
768.2370659973576
 20
14363.50947027478
 30
0.0
  0
INSERT
  5
5AA1
330
17
100
AcDbEntity
  8
BUSH
100
AcDbBlockReference
  2
СНЕЖНОЯГОДНИК_ДОРЕНБОЗА
 10
769.420069580068
 20
14364.431697211761
 30
0.0
  0
INSERT
  5
5AA3
330
17
100
AcDbEntity
  8
BUSH
100
AcDbBlockReference
  2
СНЕЖНОЯГОДНИК_ДОРЕНБОЗА
 10
770.6030731627785
 20
14365.353924148743
 30
0.0
  0
INSERT
  5
5AA5
330
17
100
AcDbEntity
  8
BUSH
100
AcDbBlockReference
  2
СНЕЖНОЯГОДНИК_ДОРЕНБОЗА
 10
771.786076745489
 20
14366.276151085724
 30
0.0
  0
INSERT
  5
5AA7
330
17
100
AcDbEntity
  8
BUSH
100
AcDbBlockReference
  2
СНЕЖНОЯГОДНИК_ДОРЕНБОЗА
 10
772.9690803281995
 20
14367.198378022706
 30
0.0
  0
INSERT
  5
5AA9
330
17
100
AcDbEntity
  8
BUSH
100
AcDbBlockReference
  2
СНЕЖНОЯГОДНИК_ДОРЕНБОЗА
 10
774.15208391091
 20
14368.120604959688
 30
0.0
  0
INSERT
  5
5AAB
330
17
100
AcDbEntity
  8
BUSH
100
AcDbBlockReference
  2
СНЕЖНОЯГОДНИК_ДОРЕНБОЗА
 10
775.3350874936204
 20
14369.042831896668
 30
0.0
  0
INSERT
  5
5AAD
330
17
100
AcDbEntity
  8
BUSH
100
AcDbBlockReference
  2
СНЕЖНОЯГОДНИК_ДОРЕНБОЗА
 10
776.5640669406986
 20
14369.894007450888
 30
0.0
  0
INSERT
  5
5AAF
330
17
100
AcDbEntity
  8
BUSH
100
AcDbBlockReference
  2
СНЕЖНОЯГОДНИК_ДОРЕНБОЗА
 10
778.0323695246374
 20
14370.050592325792
 30
0.0
  0
INSERT
  5
5AB1
330
17
100
AcDbEntity
  8
BUSH
100
AcDbBlockReference
  2
СНЕЖНОЯГОДНИК_ДОРЕНБОЗА
 10
779.3329038278015
 20
14369.350541988402
 30
0.0
  0
INSERT
  5
5AB3
330
17
100
AcDbEntity
  8
BUSH
100
AcDbBlockReference
  2
СНЕЖНОЯГОДНИК_ДОРЕНБОЗА
 10
780.2688215918927
 20
14368.179136912204
 30
0.0
  0
INSERT
  5
5AB5
330
17
100
AcDbEntity
  8
BUSH
100
AcDbBlockReference
  2
СНЕЖНОЯГОДНИК_ДОРЕНБОЗА
 10
781.191048528874
 20
14366.996133329494
 30
0.0
  0
INSERT
  5
5AB7
330
17
100
AcDbEntity
  8
BUSH
100
AcDbBlockReference
  2
СНЕЖНОЯГОДНИК_ДОРЕНБОЗА
 10
782.1132754658555
 20
14365.813129746783
 30
0.0
  0
INSERT
  5
5AB9
330
17
100
AcDbEntity
  8
BUSH
100
AcDbBlockReference
  2
СНЕЖНОЯГОДНИК_ДОРЕНБОЗА
 10
783.035502402837
 20
14364.630126164073
 30
0.0
  0
INSERT
  5
5ABB
330
17
100
AcDbEntity
  8
BUSH
100
AcDbBlockReference
  2
СНЕЖНОЯГОДНИК_ДОРЕНБОЗА
 10
783.9577293398183
 20
14363.447122581361
 30
0.0
  0
INSERT
  5
5ABD
330
17
100
AcDbEntity
  8
BUSH
100
AcDbBlockReference
  2
СНЕЖНОЯГОДНИК_ДОРЕНБОЗА
 10
784.8799562767998
 20
14362.264118998652
 30
0.0
  0
INSERT
  5
5ABF
330
17
100
AcDbEntity
  8
BUSH
100
AcDbBlockReference
  2
СНЕЖНОЯГОДНИК_ДОРЕНБОЗА
 10
785.8021832137813
 20
14361.081115415942
 30
0.0
  0
INSERT
  5
5AC1
330
17
100
AcDbEntity
  8
BUSH
100
AcDbBlockReference
  2
СНЕЖНОЯГОДНИК_ДОРЕНБОЗА
 10
786.7244101507627
 20
14359.89811183323
 30
0.0
  0
INSERT
  5
5AC3
330
17
100
AcDbEntity
  8
BUSH
100
AcDbBlockReference
  2
СНЕЖНОЯГОДНИК_ДОРЕНБОЗА
 10
787.6466370877441
 20
14358.71510825052
 30
0.0
  0
INSERT
  5
5AC5
330
17
100
AcDbEntity
  8
BUSH
100
AcDbBlockReference
  2
СНЕЖНОЯГОДНИК_ДОРЕНБОЗА
 10
788.5688640247255
 20
14357.53210466781
 30
0.0
  0
INSERT
  5
5AC7
330
17
100
AcDbEntity
  8
BUSH
100
AcDbBlockReference
  2
СНЕЖНОЯГОДНИК_ДОРЕНБОЗА
 10
789.491090961707
 20
14356.3491010851
 30
0.0
  0
INSERT
  5
5AC9
330
17
100
AcDbEntity
  8
BUSH
100
AcDbBlockReference
  2
СНЕЖНОЯГОДНИК_ДОРЕНБОЗА
 10
790.2384018569279
 20
14355.063961859718
 30
0.0
  0
INSERT
  5
5ACB
330
17
100
AcDbEntity
  8
BUSH
100
AcDbBlockReference
  2
СНЕЖНОЯГОДНИК_ДОРЕНБОЗА
 10
790.1777976674208
 20
14353.587954934048
 30
0.0
  0
INSERT
  5
5ACD
330
17
100
AcDbEntity
  8
BUSH
100
AcDbBlockReference
  2
СНЕЖНОЯГОДНИК_ДОРЕНБОЗА
 10
789.2969335476961
 20
14352.401197383439
 30
0.0
  0
ENDSEC
  0
SECTION
  2
OBJECTS
  0
DICTIONARY
  5
A
330
0
100
AcDbDictionary
281
1
  3
ACAD_COLOR
350
B
  3
ACAD_GROUP
350
C
  3
ACAD_LAYOUT
350
D
  3
ACAD_MATERIAL
350
E
  3
ACAD_MLEADERSTYLE
350
F
  3
ACAD_MLINESTYLE
350
10
  3
ACAD_PLOTSETTINGS
350
11
  3
ACAD_PLOTSTYLENAME
350
12
  3
ACAD_SCALELIST
350
14
  3
ACAD_TABLESTYLE
350
15
  3
ACAD_VISUALSTYLE
350
16
  3
EZDXF_META
350
2D
  0
DICTIONARY
  5
B
330
A
100
AcDbDictionary
281
1
  0
DICTIONARY
  5
C
330
A
100
AcDbDictionary
281
1
  0
DICTIONARY
  5
D
330
A
100
AcDbDictionary
281
1
  3
Model
350
1A
  3
Layout1
350
1E
  0
DICTIONARY
  5
E
330
A
100
AcDbDictionary
281
1
  3
ByBlock
350
1F
  3
ByLayer
350
20
  3
Global
350
21
  0
DICTIONARY
  5
F
330
A
100
AcDbDictionary
281
1
  3
Standard
350
2C
  0
DICTIONARY
  5
10
330
A
100
AcDbDictionary
281
1
  3
Standard
350
22
  0
DICTIONARY
  5
11
330
A
100
AcDbDictionary
281
1
  0
ACDBDICTIONARYWDFLT
  5
12
330
A
100
AcDbDictionary
281
1
  3
Normal
350
13
100
AcDbDictionaryWithDefault
340
13
  0
ACDBPLACEHOLDER
  5
13
330
12
  0
DICTIONARY
  5
14
330
A
100
AcDbDictionary
281
1
  0
DICTIONARY
  5
15
330
A
100
AcDbDictionary
281
1
  0
DICTIONARY
  5
16
330
A
100
AcDbDictionary
281
1
  3
2dWireframe
350
5A
  3
Basic
350
5B
  3
Brighten
350
5C
  3
ColorChange
350
5D
  3
Conceptual
350
5E
  3
Dim
350
5F
  3
EdgeColorOff
350
60
  3
Facepattern
350
61
  3
Flat
350
62
  3
FlatWithEdges
350
63
  3
Gouraud
350
64
  3
GouraudWithEdges
350
65
  3
Hidden
350
66
  3
JitterOff
350
67
  3
Linepattern
350
68
  3
Modeling
350
69
  3
OverhangOff
350
6A
  3
Realistic
350
6B
  3
Shaded
350
6C
  3
Shaded with edges
350
6D
  3
Shades of Gray
350
6E
  3
Sketchy
350
6F
  3
Thicken
350
70
  3
Wireframe
350
71
  3
X-Ray
350
72
  0
LAYOUT
  5
1A
330
D
100
AcDbPlotSettings
  1

  4
A3
  6

 40
7.5
 41
20.0
 42
7.5
 43
20.0
 44
420.0
 45
297.0
 46
0.0
 47
0.0
 48
0.0
 49
0.0
140
0.0
141
0.0
142
1.0
143
1.0
 70
1024
 72
1
 73
0
 74
5
  7

 75
16
 76
0
 77
2
 78
300
147
1.0
148
0.0
149
0.0
100
AcDbLayout
  1
Model
 70
1
 71
0
 10
0.0
 20
0.0
 11
420.0
 21
297.0
 12
0.0
 22
0.0
 32
0.0
 14
1e+20
 24
1e+20
 34
1e+20
 15
-1e+20
 25
-1e+20
 35
-1e+20
146
0.0
 13
0.0
 23
0.0
 33
0.0
 16
1.0
 26
0.0
 36
0.0
 17
0.0
 27
1.0
 37
0.0
 76
1
330
17
  0
LAYOUT
  5
1E
330
D
100
AcDbPlotSettings
  1

  4
A3
  6

 40
7.5
 41
20.0
 42
7.5
 43
20.0
 44
420.0
 45
297.0
 46
0.0
 47
0.0
 48
0.0
 49
0.0
140
0.0
141
0.0
142
1.0
143
1.0
 70
0
 72
1
 73
0
 74
5
  7

 75
16
 76
0
 77
2
 78
300
147
1.0
148
0.0
149
0.0
100
AcDbLayout
  1
Layout1
 70
1
 71
1
 10
0.0
 20
0.0
 11
420.0
 21
297.0
 12
0.0
 22
0.0
 32
0.0
 14
1e+20
 24
1e+20
 34
1e+20
 15
-1e+20
 25
-1e+20
 35
-1e+20
146
0.0
 13
0.0
 23
0.0
 33
0.0
 16
1.0
 26
0.0
 36
0.0
 17
0.0
 27
1.0
 37
0.0
 76
1
330
1B
  0
MATERIAL
  5
1F
102
{ACAD_REACTORS
330
E
102
}
330
E
100
AcDbMaterial
  1
ByBlock
  2

 70
0
 40
1.0
 71
1
 41
1.0
 91
-1023410177
 42
1.0
 72
1
  3

 73
1
 74
1
 75
1
 44
0.5
 73
0
 45
1.0
 46
1.0
 77
1
  4

 78
1
 79
1
170
1
 48
1.0
171
1
  6

172
1
173
1
174
1
140
1.0
141
1.0
175
1
  7

176
1
177
1
178
1
143
1.0
179
1
  8

270
1
271
1
272
1
145
1.0
146
1.0
273
1
  9

274
1
275
1
276
1
 42
1.0
 72
1
  3

 73
1
 74
1
 75
1
 94
63
  0
MATERIAL
  5
20
102
{ACAD_REACTORS
330
E
102
}
330
E
100
AcDbMaterial
  1
ByLayer
  2

 70
0
 40
1.0
 71
1
 41
1.0
 91
-1023410177
 42
1.0
 72
1
  3

 73
1
 74
1
 75
1
 44
0.5
 73
0
 45
1.0
 46
1.0
 77
1
  4

 78
1
 79
1
170
1
 48
1.0
171
1
  6

172
1
173
1
174
1
140
1.0
141
1.0
175
1
  7

176
1
177
1
178
1
143
1.0
179
1
  8

270
1
271
1
272
1
145
1.0
146
1.0
273
1
  9

274
1
275
1
276
1
 42
1.0
 72
1
  3

 73
1
 74
1
 75
1
 94
63
  0
MATERIAL
  5
21
102
{ACAD_REACTORS
330
E
102
}
330
E
100
AcDbMaterial
  1
Global
  2

 70
0
 40
1.0
 71
1
 41
1.0
 91
-1023410177
 42
1.0
 72
1
  3

 73
1
 74
1
 75
1
 44
0.5
 73
0
 45
1.0
 46
1.0
 77
1
  4

 78
1
 79
1
170
1
 48
1.0
171
1
  6

172
1
173
1
174
1
140
1.0
141
1.0
175
1
  7

176
1
177
1
178
1
143
1.0
179
1
  8

270
1
271
1
272
1
145
1.0
146
1.0
273
1
  9

274
1
275
1
276
1
 42
1.0
 72
1
  3

 73
1
 74
1
 75
1
 94
63
  0
MLINESTYLE
  5
22
102
{ACAD_REACTORS
330
10
102
}
330
10
100
AcDbMlineStyle
  2
Standard
 70
0
  3

 62
256
 51
90.0
 52
90.0
 71
2
 49
0.5
 62
256
  6
BYLAYER
 49
-0.5
 62
256
  6
BYLAYER
  0
MLEADERSTYLE
  5
2C
102
{ACAD_REACTORS
330
F
102
}
330
F
100
AcDbMLeaderStyle
179
2
170
2
171
1
172
0
 90
2
 40
0.0
 41
0.0
173
1
 91
-1056964608
 92
-2
290
1
 42
2.0
291
1
 43
8.0
  3
Standard
 44
4.0
300

342
29
174
1
175
1
176
0
178
1
 93
-1056964608
 45
4.0
292
0
297
0
 46
4.0
 94
-1056964608
 47
1.0
 49
1.0
140
1.0
294
1
141
0.0
177
0
142
1.0
295
0
296
0
143
3.75
271
0
272
9
273
9
  0
DICTIONARY
  5
2D
330
A
100
AcDbDictionary
280
1
281
1
  3
CREATED_BY_EZDXF
350
2E
  3
WRITTEN_BY_EZDXF
350
523
  0
DICTIONARYVAR
  5
2E
330
2D
100
DictionaryVariables
280
0
  1
1.4.4 @ 2026-09-16T19:46:11.024612+00:00
  0
VISUALSTYLE
  5
5A
102
{ACAD_REACTORS
330
16
102
}
330
16
100
AcDbVisualStyle
  2
2dWireframe
 70
4
 90
0
 40
0.6
 62
7
290
0
291
0
  0
VISUALSTYLE
  5
5B
102
{ACAD_REACTORS
330
16
102
}
330
16
100
AcDbVisualStyle
  2
Basic
 70
7
 90
1
 40
0.6
 62
7
290
0
291
1
  0
VISUALSTYLE
  5
5C
102
{ACAD_REACTORS
330
16
102
}
330
16
100
AcDbVisualStyle
  2
Brighten
 70
12
 90
2
 40
0.6
 62
7
290
0
291
1
  0
VISUALSTYLE
  5
5D
102
{ACAD_REACTORS
330
16
102
}
330
16
100
AcDbVisualStyle
  2
ColorChange
 70
16
 90
2
 40
0.6
 62
8
290
0
291
1
  0
VISUALSTYLE
  5
5E
102
{ACAD_REACTORS
330
16
102
}
330
16
100
AcDbVisualStyle
  2
Conceptual
 70
9
 90
3
 40
0.6
 62
7
290
0
291
0
  0
VISUALSTYLE
  5
5F
102
{ACAD_REACTORS
330
16
102
}
330
16
100
AcDbVisualStyle
  2
Dim
 70
11
 90
2
 40
0.6
 62
7
290
0
291
1
  0
VISUALSTYLE
  5
60
102
{ACAD_REACTORS
330
16
102
}
330
16
100
AcDbVisualStyle
  2
EdgeColorOff
 70
22
 90
2
 40
0.6
 62
7
290
0
291
1
  0
VISUALSTYLE
  5
61
102
{ACAD_REACTORS
330
16
102
}
330
16
100
AcDbVisualStyle
  2
Facepattern
 70
15
 90
2
 40
0.6
 62
7
290
0
291
1
  0
VISUALSTYLE
  5
62
102
{ACAD_REACTORS
330
16
102
}
330
16
100
AcDbVisualStyle
  2
Flat
 70
0
 90
2
 40
0.6
 62
7
290
0
291
1
  0
VISUALSTYLE
  5
63
102
{ACAD_REACTORS
330
16
102
}
330
16
100
AcDbVisualStyle
  2
FlatWithEdges
 70
1
 90
2
 40
0.6
 62
7
290
0
291
1
  0
VISUALSTYLE
  5
64
102
{ACAD_REACTORS
330
16
102
}
330
16
100
AcDbVisualStyle
  2
Gouraud
 70
2
 90
2
 40
0.6
 62
7
290
0
291
1
  0
VISUALSTYLE
  5
65
102
{ACAD_REACTORS
330
16
102
}
330
16
100
AcDbVisualStyle
  2
GouraudWithEdges
 70
3
 90
2
 40
0.6
 62
7
290
0
291
1
  0
VISUALSTYLE
  5
66
102
{ACAD_REACTORS
330
16
102
}
330
16
100
AcDbVisualStyle
  2
Hidden
 70
6
 90
1
 40
0.6
 62
7
290
0
291
0
  0
VISUALSTYLE
  5
67
102
{ACAD_REACTORS
330
16
102
}
330
16
100
AcDbVisualStyle
  2
JitterOff
 70
20
 90
2
 40
0.6
 62
7
290
0
291
1
  0
VISUALSTYLE
  5
68
102
{ACAD_REACTORS
330
16
102
}
330
16
100
AcDbVisualStyle
  2
Linepattern
 70
14
 90
2
 40
0.6
 62
7
290
0
291
1
  0
VISUALSTYLE
  5
69
102
{ACAD_REACTORS
330
16
102
}
330
16
100
AcDbVisualStyle
  2
Modeling
 70
10
 90
2
 40
0.6
 62
7
290
0
291
0
  0
VISUALSTYLE
  5
6A
102
{ACAD_REACTORS
330
16
102
}
330
16
100
AcDbVisualStyle
  2
OverhangOff
 70
21
 90
2
 40
0.6
 62
7
290
0
291
1
  0
VISUALSTYLE
  5
6B
102
{ACAD_REACTORS
330
16
102
}
330
16
100
AcDbVisualStyle
  2
Realistic
 70
8
 90
2
 40
0.6
 62
7
290
0
291
0
  0
VISUALSTYLE
  5
6C
102
{ACAD_REACTORS
330
16
102
}
330
16
100
AcDbVisualStyle
  2
Shaded
 70
27
 90
2
 40
0.6
 62
7
290
0
291
0
  0
VISUALSTYLE
  5
6D
102
{ACAD_REACTORS
330
16
102
}
330
16
100
AcDbVisualStyle
  2
Shaded with edges
 70
26
 90
2
 40
0.6
 62
7
290
0
291
0
  0
VISUALSTYLE
  5
6E
102
{ACAD_REACTORS
330
16
102
}
330
16
100
AcDbVisualStyle
  2
Shades of Gray
 70
23
 90
2
 40
0.6
 62
7
290
0
291
0
  0
VISUALSTYLE
  5
6F
102
{ACAD_REACTORS
330
16
102
}
330
16
100
AcDbVisualStyle
  2
Sketchy
 70
24
 90
1
 40
0.6
 62
7
290
0
291
0
  0
VISUALSTYLE
  5
70
102
{ACAD_REACTORS
330
16
102
}
330
16
100
AcDbVisualStyle
  2
Thicken
 70
13
 90
2
 40
0.6
 62
7
290
0
291
1
  0
VISUALSTYLE
  5
71
102
{ACAD_REACTORS
330
16
102
}
330
16
100
AcDbVisualStyle
  2
Wireframe
 70
5
 90
0
 40
0.6
 62
7
290
0
291
0
  0
VISUALSTYLE
  5
72
102
{ACAD_REACTORS
330
16
102
}
330
16
100
AcDbVisualStyle
  2
X-Ray
 70
25
 90
2
 40
0.5
 62
7
290
0
291
0
  0
DICTIONARYVAR
  5
523
330
2D
100
DictionaryVariables
280
0
  1
1.4.4 @ 2026-09-19T07:34:08.385796+00:00
  0
ENDSEC
  0
EOF
