id;статус;тип;вид;слой DXF;x;z;dxf_x;dxf_y;приём;проект-аналог;обоснование;основание вида;ограничение;расстояние, м;норма, м;НПА и пункт
bush_building_border_001_001;посажено;bush;Смородина золотистая;NEW_BUSH;526.281;377.436;15224.398;-610.851;Кольцо кустарника вокруг здания;20_makeeva_s;"Кольцо кустарника вокруг здания — по аналогии с проектом «20_makeeva_s»; ближайшее ограничение — пешеходная дорожка / тротуар: 1.2 м при норме 0.5 м (СП 42.13330.2016, п. 9.6, табл. 9.1; ППМ 743-ПП, табл. 3.6.1)";"ассортимент для озеленения Москвы, категория «магистрали и улицы»; без инвазивных видов ППМ 369-ПП";пешеходная дорожка / тротуар;1.23;0.5;"СП 42.13330.2016, п. 9.6, табл. 9.1; ППМ 743-ПП, табл. 3.6.1"
bush_building_border_001_002;посажено;bush;Жимолость золотистая;NEW_BUSH;527.511;376.773;15225.628;-611.514;Кольцо кустарника вокруг здания;20_makeeva_s;"Кольцо кустарника вокруг здания — по аналогии с проектом «20_makeeva_s»; ближайшее ограничение — пешеходная дорожка / тротуар: 1.4 м при норме 0.5 м (СП 42.13330.2016, п. 9.6, табл. 9.1; ППМ 743-ПП, табл. 3.6.1)";"ассортимент для озеленения Москвы, категория «магистрали и улицы»; без инвазивных видов ППМ 369-ПП";пешеходная дорожка / тротуар;1.38;0.5;"СП 42.13330.2016, п. 9.6, табл. 9.1; ППМ 743-ПП, табл. 3.6.1"
bush_building_border_001_003;посажено;bush;Смородина золотистая;NEW_BUSH;528.629;375.931;15226.745;-612.357;Кольцо кустарника вокруг здания;20_makeeva_s;"Кольцо кустарника вокруг здания — по аналогии с проектом «20_makeeva_s»; ближайшее ограничение — пешеходная дорожка / тротуар: 1.3 м при норме 0.5 м (СП 42.13330.2016, п. 9.6, табл. 9.1; ППМ 743-ПП, табл. 3.6.1)";"ассортимент для озеленения Москвы, категория «магистрали и улицы»; без инвазивных видов ППМ 369-ПП";пешеходная дорожка / тротуар;1.31;0.5;"СП 42.13330.2016, п. 9.6, табл. 9.1; ППМ 743-ПП, табл. 3.6.1"
bush_building_border_002_001;посажено;bush;Смородина золотистая;NEW_BUSH;477.528;448.641;15175.645;-539.647;Кольцо кустарника вокруг здания;20_makeeva_s;"Кольцо кустарника вокруг здания — по аналогии с проектом «20_makeeva_s»; ближайшее ограничение — проезжая часть: 2.2 м при норме 1.0 м (СП 42.13330.2016, п. 9.6, табл. 9.1; ППМ 743-ПП, табл. 3.6.1)";"ассортимент для озеленения Москвы, категория «магистрали и улицы»; без инвазивных видов ППМ 369-ПП";проезжая часть;2.16;1.0;"СП 42.13330.2016, п. 9.6, табл. 9.1; ППМ 743-ПП, табл. 3.6.1"
bush_building_border_002_002;посажено;bush;Жимолость золотистая;NEW_BUSH;476.613;449.7;15174.73;-538.588;Кольцо кустарника вокруг здания;20_makeeva_s;"Кольцо кустарника вокруг здания — по аналогии с проектом «20_makeeva_s»; ближайшее ограничение — проезжая часть: 2.2 м при норме 1.0 м (СП 42.13330.2016, п. 9.6, табл. 9.1; ППМ 743-ПП, табл. 3.6.1)";"ассортимент для озеленения Москвы, категория «магистрали и улицы»; без инвазивных видов ППМ 369-ПП";проезжая часть;2.16;1.0;"СП 42.13330.2016, п. 9.6, табл. 9.1; ППМ 743-ПП, табл. 3.6.1"
bush_building_border_002_003;посажено;bush;Смородина золотистая;NEW_BUSH;478.53;447.717;15176.646;-540.571;Кольцо кустарника вокруг здания;20_makeeva_s;"Кольцо кустарника вокруг здания — по аналогии с проектом «20_makeeva_s»; ближайшее ограничение — проезжая часть: 2.0 м при норме 1.0 м (СП 42.13330.2016, п. 9.6, табл. 9.1; ППМ 743-ПП, табл. 3.6.1)";"ассортимент для озеленения Москвы, категория «магистрали и улицы»; без инвазивных видов ППМ 369-ПП";проезжая часть;2.0;1.0;"СП 42.13330.2016, п. 9.6, табл. 9.1; ППМ 743-ПП, табл. 3.6.1"
bush_building_border_002_004;посажено;bush;Жимолость золотистая;NEW_BUSH;479.443;446.656;15177.56;-541.632;Кольцо кустарника вокруг здания;20_makeeva_s;"Кольцо кустарника вокруг здания — по аналогии с проектом «20_makeeva_s»; ближайшее ограничение — проезжая часть: 2.0 м при норме 1.0 м (СП 42.13330.2016, п. 9.6, табл. 9.1; ППМ 743-ПП, табл. 3.6.1)";"ассортимент для озеленения Москвы, категория «магистрали и улицы»; без инвазивных видов ППМ 369-ПП";проезжая часть;2.01;1.0;"СП 42.13330.2016, п. 9.6, табл. 9.1; ППМ 743-ПП, табл. 3.6.1"
bush_building_border_002_005;посажено;bush;Смородина золотистая;NEW_BUSH;480.281;445.603;15178.398;-542.684;Кольцо кустарника вокруг здания;20_makeeva_s;"Кольцо кустарника вокруг здания — по аналогии с проектом «20_makeeva_s»; ближайшее ограничение — проезжая часть: 2.0 м при норме 1.0 м (СП 42.13330.2016, п. 9.6, табл. 9.1; ППМ 743-ПП, табл. 3.6.1)";"ассортимент для озеленения Москвы, категория «магистрали и улицы»; без инвазивных видов ППМ 369-ПП";проезжая часть;2.0;1.0;"СП 42.13330.2016, п. 9.6, табл. 9.1; ППМ 743-ПП, табл. 3.6.1"
bush_building_border_003_001;посажено;bush;Смородина золотистая;NEW_BUSH;484.733;473.689;15182.85;-514.598;Кольцо кустарника вокруг здания;20_makeeva_s;"Кольцо кустарника вокруг здания — по аналогии с проектом «20_makeeva_s»; ближайшее ограничение — проезжая часть: 3.8 м при норме 1.0 м (СП 42.13330.2016, п. 9.6, табл. 9.1; ППМ 743-ПП, табл. 3.6.1)";"ассортимент для озеленения Москвы, категория «магистрали и улицы»; без инвазивных видов ППМ 369-ПП";проезжая часть;3.83;1.0;"СП 42.13330.2016, п. 9.6, табл. 9.1; ППМ 743-ПП, табл. 3.6.1"
bush_building_border_003_002;посажено;bush;Жимолость золотистая;NEW_BUSH;490.533;474.823;15188.65;-513.465;Кольцо кустарника вокруг здания;20_makeeva_s;"Кольцо кустарника вокруг здания — по аналогии с проектом «20_makeeva_s»; ближайшее ограничение — проезжая часть: 2.0 м при норме 1.0 м (СП 42.13330.2016, п. 9.6, табл. 9.1; ППМ 743-ПП, табл. 3.6.1)";"ассортимент для озеленения Москвы, категория «магистрали и улицы»; без инвазивных видов ППМ 369-ПП";проезжая часть;2.0;1.0;"СП 42.13330.2016, п. 9.6, табл. 9.1; ППМ 743-ПП, табл. 3.6.1"
bush_building_border_003_003;посажено;bush;Смородина золотистая;NEW_BUSH;489.198;474.399;15187.315;-513.888;Кольцо кустарника вокруг здания;20_makeeva_s;"Кольцо кустарника вокруг здания — по аналогии с проектом «20_makeeva_s»; ближайшее ограничение — проезжая часть: 2.0 м при норме 1.0 м (СП 42.13330.2016, п. 9.6, табл. 9.1; ППМ 743-ПП, табл. 3.6.1)";"ассортимент для озеленения Москвы, категория «магистрали и улицы»; без инвазивных видов ППМ 369-ПП";проезжая часть;2.0;1.0;"СП 42.13330.2016, п. 9.6, табл. 9.1; ППМ 743-ПП, табл. 3.6.1"
bush_building_border_003_004;посажено;bush;Жимолость золотистая;NEW_BUSH;487.864;473.976;15185.981;-514.312;Кольцо кустарника вокруг здания;20_makeeva_s;"Кольцо кустарника вокруг здания — по аналогии с проектом «20_makeeva_s»; ближайшее ограничение — проезжая часть: 2.0 м при норме 1.0 м (СП 42.13330.2016, п. 9.6, табл. 9.1; ППМ 743-ПП, табл. 3.6.1)";"ассортимент для озеленения Москвы, категория «магистрали и улицы»; без инвазивных видов ППМ 369-ПП";проезжая часть;2.0;1.0;"СП 42.13330.2016, п. 9.6, табл. 9.1; ППМ 743-ПП, табл. 3.6.1"
bush_building_border_003_005;посажено;bush;Смородина золотистая;NEW_BUSH;486.685;473.267;15184.801;-515.021;Кольцо кустарника вокруг здания;20_makeeva_s;"Кольцо кустарника вокруг здания — по аналогии с проектом «20_makeeva_s»; ближайшее ограничение — проезжая часть: 2.0 м при норме 1.0 м (СП 42.13330.2016, п. 9.6, табл. 9.1; ППМ 743-ПП, табл. 3.6.1)";"ассортимент для озеленения Москвы, категория «магистрали и улицы»; без инвазивных видов ППМ 369-ПП";проезжая часть;2.0;1.0;"СП 42.13330.2016, п. 9.6, табл. 9.1; ППМ 743-ПП, табл. 3.6.1"
bush_building_border_003_006;посажено;bush;Жимолость золотистая;NEW_BUSH;485.866;472.131;15183.982;-516.156;Кольцо кустарника вокруг здания;20_makeeva_s;"Кольцо кустарника вокруг здания — по аналогии с проектом «20_makeeva_s»; ближайшее ограничение — проезжая часть: 2.0 м при норме 1.0 м (СП 42.13330.2016, п. 9.6, табл. 9.1; ППМ 743-ПП, табл. 3.6.1)";"ассортимент для озеленения Москвы, категория «магистрали и улицы»; без инвазивных видов ППМ 369-ПП";проезжая часть;2.0;1.0;"СП 42.13330.2016, п. 9.6, табл. 9.1; ППМ 743-ПП, табл. 3.6.1"
bush_building_border_003_007;посажено;bush;Смородина золотистая;NEW_BUSH;485.051;470.993;15183.168;-517.295;Кольцо кустарника вокруг здания;20_makeeva_s;"Кольцо кустарника вокруг здания — по аналогии с проектом «20_makeeva_s»; ближайшее ограничение — проезжая часть: 2.0 м при норме 1.0 м (СП 42.13330.2016, п. 9.6, табл. 9.1; ППМ 743-ПП, табл. 3.6.1)";"ассортимент для озеленения Москвы, категория «магистрали и улицы»; без инвазивных видов ППМ 369-ПП";проезжая часть;2.0;1.0;"СП 42.13330.2016, п. 9.6, табл. 9.1; ППМ 743-ПП, табл. 3.6.1"
bush_building_border_003_008;посажено;bush;Жимолость золотистая;NEW_BUSH;484.237;469.854;15182.353;-518.433;Кольцо кустарника вокруг здания;20_makeeva_s;"Кольцо кустарника вокруг здания — по аналогии с проектом «20_makeeva_s»; ближайшее ограничение — проезжая часть: 2.0 м при норме 1.0 м (СП 42.13330.2016, п. 9.6, табл. 9.1; ППМ 743-ПП, табл. 3.6.1)";"ассортимент для озеленения Москвы, категория «магистрали и улицы»; без инвазивных видов ППМ 369-ПП";проезжая часть;2.0;1.0;"СП 42.13330.2016, п. 9.6, табл. 9.1; ППМ 743-ПП, табл. 3.6.1"
bush_building_border_003_009;посажено;bush;Смородина золотистая;NEW_BUSH;483.422;468.715;15181.539;-519.572;Кольцо кустарника вокруг здания;20_makeeva_s;"Кольцо кустарника вокруг здания — по аналогии с проектом «20_makeeva_s»; ближайшее ограничение — проезжая часть: 2.0 м при норме 1.0 м (СП 42.13330.2016, п. 9.6, табл. 9.1; ППМ 743-ПП, табл. 3.6.1)";"ассортимент для озеленения Москвы, категория «магистрали и улицы»; без инвазивных видов ППМ 369-ПП";проезжая часть;2.0;1.0;"СП 42.13330.2016, п. 9.6, табл. 9.1; ППМ 743-ПП, табл. 3.6.1"
bush_building_border_003_010;посажено;bush;Жимолость золотистая;NEW_BUSH;482.444;467.725;15180.561;-520.562;Кольцо кустарника вокруг здания;20_makeeva_s;"Кольцо кустарника вокруг здания — по аналогии с проектом «20_makeeva_s»; ближайшее ограничение — проезжая часть: 2.2 м при норме 1.0 м (СП 42.13330.2016, п. 9.6, табл. 9.1; ППМ 743-ПП, табл. 3.6.1)";"ассортимент для озеленения Москвы, категория «магистрали и улицы»; без инвазивных видов ППМ 369-ПП";проезжая часть;2.22;1.0;"СП 42.13330.2016, п. 9.6, табл. 9.1; ППМ 743-ПП, табл. 3.6.1"
bush_building_border_003_011;посажено;bush;Смородина золотистая;NEW_BUSH;481.388;466.807;15179.505;-521.481;Кольцо кустарника вокруг здания;20_makeeva_s;"Кольцо кустарника вокруг здания — по аналогии с проектом «20_makeeva_s»; ближайшее ограничение — проезжая часть: 2.5 м при норме 1.0 м (СП 42.13330.2016, п. 9.6, табл. 9.1; ППМ 743-ПП, табл. 3.6.1)";"ассортимент для озеленения Москвы, категория «магистрали и улицы»; без инвазивных видов ППМ 369-ПП";проезжая часть;2.54;1.0;"СП 42.13330.2016, п. 9.6, табл. 9.1; ППМ 743-ПП, табл. 3.6.1"
bush_building_border_003_012;посажено;bush;Жимолость золотистая;NEW_BUSH;480.331;465.888;15178.448;-522.399;Кольцо кустарника вокруг здания;20_makeeva_s;"Кольцо кустарника вокруг здания — по аналогии с проектом «20_makeeva_s»; ближайшее ограничение — проезжая часть: 2.9 м при норме 1.0 м (СП 42.13330.2016, п. 9.6, табл. 9.1; ППМ 743-ПП, табл. 3.6.1)";"ассортимент для озеленения Москвы, категория «магистрали и улицы»; без инвазивных видов ППМ 369-ПП";проезжая часть;2.87;1.0;"СП 42.13330.2016, п. 9.6, табл. 9.1; ППМ 743-ПП, табл. 3.6.1"
bush_building_border_004_001;посажено;bush;Смородина золотистая;NEW_BUSH;498.253;472.35;15196.369;-515.937;Кольцо кустарника вокруг здания;20_makeeva_s;"Кольцо кустарника вокруг здания — по аналогии с проектом «20_makeeva_s»; ближайшее ограничение — проезжая часть: 2.0 м при норме 1.0 м (СП 42.13330.2016, п. 9.6, табл. 9.1; ППМ 743-ПП, табл. 3.6.1)";"ассортимент для озеленения Москвы, категория «магистрали и улицы»; без инвазивных видов ППМ 369-ПП";проезжая часть;2.0;1.0;"СП 42.13330.2016, п. 9.6, табл. 9.1; ППМ 743-ПП, табл. 3.6.1"
bush_building_border_004_002;посажено;bush;Жимолость золотистая;NEW_BUSH;496.98;472.933;15195.097;-515.354;Кольцо кустарника вокруг здания;20_makeeva_s;"Кольцо кустарника вокруг здания — по аналогии с проектом «20_makeeva_s»; ближайшее ограничение — проезжая часть: 2.0 м при норме 1.0 м (СП 42.13330.2016, п. 9.6, табл. 9.1; ППМ 743-ПП, табл. 3.6.1)";"ассортимент для озеленения Москвы, категория «магистрали и улицы»; без инвазивных видов ППМ 369-ПП";проезжая часть;2.0;1.0;"СП 42.13330.2016, п. 9.6, табл. 9.1; ППМ 743-ПП, табл. 3.6.1"
tree_path_corridor_002_001;посажено;tree;Вяз гибридный Резиста;NEW_TREE;-644.863;-469.892;14053.254;-1458.18;Линейная посадка (живая изгородь/ряд вдоль полосы);07_nizhnie_polya;"Линейная посадка (живая изгородь/ряд вдоль полосы) — по аналогии с проектом «07_nizhnie_polya»; ближайшее ограничение — проезжая часть: 3.5 м при норме 2.0 м (СП 42.13330.2016, п. 9.6, табл. 9.1; ППМ 743-ПП, табл. 3.6.1)";"ассортимент для озеленения Москвы, категория «магистрали и улицы»; без инвазивных видов ППМ 369-ПП";проезжая часть;3.5;2.0;"СП 42.13330.2016, п. 9.6, табл. 9.1; ППМ 743-ПП, табл. 3.6.1"
tree_path_corridor_002_002;посажено;tree;Вяз гибридный Резиста;NEW_TREE;-654.662;-482.049;14043.455;-1470.336;Линейная посадка (живая изгородь/ряд вдоль полосы);07_nizhnie_polya;"Линейная посадка (живая изгородь/ряд вдоль полосы) — по аналогии с проектом «07_nizhnie_polya»; ближайшее ограничение — пешеходная дорожка / тротуар: 2.8 м при норме 0.7 м (СП 42.13330.2016, п. 9.6, табл. 9.1; ППМ 743-ПП, табл. 3.6.1)";"ассортимент для озеленения Москвы, категория «магистрали и улицы»; без инвазивных видов ППМ 369-ПП";пешеходная дорожка / тротуар;2.78;0.7;"СП 42.13330.2016, п. 9.6, табл. 9.1; ППМ 743-ПП, табл. 3.6.1"
tree_path_corridor_002_003;посажено;tree;Вяз гибридный Резиста;NEW_TREE;-662.13;-491.314;14035.986;-1479.601;Линейная посадка (живая изгородь/ряд вдоль полосы);07_nizhnie_polya;"Линейная посадка (живая изгородь/ряд вдоль полосы) — по аналогии с проектом «07_nizhnie_polya»; ближайшее ограничение — пешеходная дорожка / тротуар: 2.7 м при норме 0.7 м (СП 42.13330.2016, п. 9.6, табл. 9.1; ППМ 743-ПП, табл. 3.6.1)";"ассортимент для озеленения Москвы, категория «магистрали и улицы»; без инвазивных видов ППМ 369-ПП";пешеходная дорожка / тротуар;2.71;0.7;"СП 42.13330.2016, п. 9.6, табл. 9.1; ППМ 743-ПП, табл. 3.6.1"
tree_path_corridor_002_004;посажено;tree;Вяз гибридный Резиста;NEW_TREE;-669.599;-500.578;14028.518;-1488.866;Линейная посадка (живая изгородь/ряд вдоль полосы);07_nizhnie_polya;"Линейная посадка (живая изгородь/ряд вдоль полосы) — по аналогии с проектом «07_nizhnie_polya»; ближайшее ограничение — пешеходная дорожка / тротуар: 2.6 м при норме 0.7 м (СП 42.13330.2016, п. 9.6, табл. 9.1; ППМ 743-ПП, табл. 3.6.1)";"ассортимент для озеленения Москвы, категория «магистрали и улицы»; без инвазивных видов ППМ 369-ПП";пешеходная дорожка / тротуар;2.64;0.7;"СП 42.13330.2016, п. 9.6, табл. 9.1; ППМ 743-ПП, табл. 3.6.1"
tree_path_corridor_002_005;посажено;tree;Вяз гибридный Резиста;NEW_TREE;-677.067;-509.843;14021.05;-1498.13;Линейная посадка (живая изгородь/ряд вдоль полосы);07_nizhnie_polya;"Линейная посадка (живая изгородь/ряд вдоль полосы) — по аналогии с проектом «07_nizhnie_polya»; ближайшее ограничение — пешеходная дорожка / тротуар: 2.6 м при норме 0.7 м (СП 42.13330.2016, п. 9.6, табл. 9.1; ППМ 743-ПП, табл. 3.6.1)";"ассортимент для озеленения Москвы, категория «магистрали и улицы»; без инвазивных видов ППМ 369-ПП";пешеходная дорожка / тротуар;2.57;0.7;"СП 42.13330.2016, п. 9.6, табл. 9.1; ППМ 743-ПП, табл. 3.6.1"
bush_path_corridor_002_001;посажено;bush;Спирея березолистная;NEW_BUSH;-649.61;-475.782;14048.507;-1464.069;Линейная посадка (живая изгородь/ряд вдоль полосы);07_nizhnie_polya;"Линейная посадка (живая изгородь/ряд вдоль полосы) — по аналогии с проектом «07_nizhnie_polya»; ближайшее ограничение — пешеходная дорожка / тротуар: 3.2 м при норме 0.5 м (СП 42.13330.2016, п. 9.6, табл. 9.1; ППМ 743-ПП, табл. 3.6.1)";"ассортимент для озеленения Москвы, категория «магистрали и улицы»; без инвазивных видов ППМ 369-ПП";пешеходная дорожка / тротуар;3.22;0.5;"СП 42.13330.2016, п. 9.6, табл. 9.1; ППМ 743-ПП, табл. 3.6.1"
bush_path_corridor_002_002;посажено;bush;Спирея березолистная;NEW_BUSH;-650.489;-476.872;14047.628;-1465.159;Линейная посадка (живая изгородь/ряд вдоль полосы);07_nizhnie_polya;"Линейная посадка (живая изгородь/ряд вдоль полосы) — по аналогии с проектом «07_nizhnie_polya»; ближайшее ограничение — пешеходная дорожка / тротуар: 2.9 м при норме 0.5 м (СП 42.13330.2016, п. 9.6, табл. 9.1; ППМ 743-ПП, табл. 3.6.1)";"ассортимент для озеленения Москвы, категория «магистрали и улицы»; без инвазивных видов ППМ 369-ПП";пешеходная дорожка / тротуар;2.88;0.5;"СП 42.13330.2016, п. 9.6, табл. 9.1; ППМ 743-ПП, табл. 3.6.1"
bush_path_corridor_002_003;посажено;bush;Спирея березолистная;NEW_BUSH;-651.367;-477.962;14046.75;-1466.249;Линейная посадка (живая изгородь/ряд вдоль полосы);07_nizhnie_polya;"Линейная посадка (живая изгородь/ряд вдоль полосы) — по аналогии с проектом «07_nizhnie_polya»; ближайшее ограничение — пешеходная дорожка / тротуар: 2.8 м при норме 0.5 м (СП 42.13330.2016, п. 9.6, табл. 9.1; ППМ 743-ПП, табл. 3.6.1)";"ассортимент для озеленения Москвы, категория «магистрали и улицы»; без инвазивных видов ППМ 369-ПП";пешеходная дорожка / тротуар;2.81;0.5;"СП 42.13330.2016, п. 9.6, табл. 9.1; ППМ 743-ПП, табл. 3.6.1"
bush_path_corridor_002_004;посажено;bush;Спирея березолистная;NEW_BUSH;-652.246;-479.051;14045.871;-1467.339;Линейная посадка (живая изгородь/ряд вдоль полосы);07_nizhnie_polya;"Линейная посадка (живая изгородь/ряд вдоль полосы) — по аналогии с проектом «07_nizhnie_polya»; ближайшее ограничение — пешеходная дорожка / тротуар: 2.8 м при норме 0.5 м (СП 42.13330.2016, п. 9.6, табл. 9.1; ППМ 743-ПП, табл. 3.6.1)";"ассортимент для озеленения Москвы, категория «магистрали и улицы»; без инвазивных видов ППМ 369-ПП";пешеходная дорожка / тротуар;2.8;0.5;"СП 42.13330.2016, п. 9.6, табл. 9.1; ППМ 743-ПП, табл. 3.6.1"
bush_path_corridor_002_005;посажено;bush;Спирея березолистная;NEW_BUSH;-653.124;-480.141;14044.992;-1468.429;Линейная посадка (живая изгородь/ряд вдоль полосы);07_nizhnie_polya;"Линейная посадка (живая изгородь/ряд вдоль полосы) — по аналогии с проектом «07_nizhnie_polya»; ближайшее ограничение — пешеходная дорожка / тротуар: 2.8 м при норме 0.5 м (СП 42.13330.2016, п. 9.6, табл. 9.1; ППМ 743-ПП, табл. 3.6.1)";"ассортимент для озеленения Москвы, категория «магистрали и улицы»; без инвазивных видов ППМ 369-ПП";пешеходная дорожка / тротуар;2.79;0.5;"СП 42.13330.2016, п. 9.6, табл. 9.1; ППМ 743-ПП, табл. 3.6.1"
bush_path_corridor_002_006;посажено;bush;Спирея березолистная;NEW_BUSH;-654.003;-481.231;14044.114;-1469.519;Линейная посадка (живая изгородь/ряд вдоль полосы);07_nizhnie_polya;"Линейная посадка (живая изгородь/ряд вдоль полосы) — по аналогии с проектом «07_nizhnie_polya»; ближайшее ограничение — пешеходная дорожка / тротуар: 2.8 м при норме 0.5 м (СП 42.13330.2016, п. 9.6, табл. 9.1; ППМ 743-ПП, табл. 3.6.1)";"ассортимент для озеленения Москвы, категория «магистрали и улицы»; без инвазивных видов ППМ 369-ПП";пешеходная дорожка / тротуар;2.78;0.5;"СП 42.13330.2016, п. 9.6, табл. 9.1; ППМ 743-ПП, табл. 3.6.1"
bush_path_corridor_002_007;посажено;bush;Спирея березолистная;NEW_BUSH;-655.76;-483.411;14042.356;-1471.699;Линейная посадка (живая изгородь/ряд вдоль полосы);07_nizhnie_polya;"Линейная посадка (живая изгородь/ряд вдоль полосы) — по аналогии с проектом «07_nizhnie_polya»; ближайшее ограничение — пешеходная дорожка / тротуар: 2.8 м при норме 0.5 м (СП 42.13330.2016, п. 9.6, табл. 9.1; ППМ 743-ПП, табл. 3.6.1)";"ассортимент для озеленения Москвы, категория «магистрали и улицы»; без инвазивных видов ППМ 369-ПП";пешеходная дорожка / тротуар;2.77;0.5;"СП 42.13330.2016, п. 9.6, табл. 9.1; ППМ 743-ПП, табл. 3.6.1"
bush_path_corridor_002_008;посажено;bush;Спирея березолистная;NEW_BUSH;-656.639;-484.501;14041.478;-1472.789;Линейная посадка (живая изгородь/ряд вдоль полосы);07_nizhnie_polya;"Линейная посадка (живая изгородь/ряд вдоль полосы) — по аналогии с проектом «07_nizhnie_polya»; ближайшее ограничение — пешеходная дорожка / тротуар: 2.8 м при норме 0.5 м (СП 42.13330.2016, п. 9.6, табл. 9.1; ППМ 743-ПП, табл. 3.6.1)";"ассортимент для озеленения Москвы, категория «магистрали и улицы»; без инвазивных видов ППМ 369-ПП";пешеходная дорожка / тротуар;2.76;0.5;"СП 42.13330.2016, п. 9.6, табл. 9.1; ППМ 743-ПП, табл. 3.6.1"
bush_path_corridor_002_009;посажено;bush;Спирея березолистная;NEW_BUSH;-657.518;-485.591;14040.599;-1473.879;Линейная посадка (живая изгородь/ряд вдоль полосы);07_nizhnie_polya;"Линейная посадка (живая изгородь/ряд вдоль полосы) — по аналогии с проектом «07_nizhnie_polya»; ближайшее ограничение — пешеходная дорожка / тротуар: 2.8 м при норме 0.5 м (СП 42.13330.2016, п. 9.6, табл. 9.1; ППМ 743-ПП, табл. 3.6.1)";"ассортимент для озеленения Москвы, категория «магистрали и улицы»; без инвазивных видов ППМ 369-ПП";пешеходная дорожка / тротуар;2.75;0.5;"СП 42.13330.2016, п. 9.6, табл. 9.1; ППМ 743-ПП, табл. 3.6.1"
bush_path_corridor_002_010;посажено;bush;Спирея березолистная;NEW_BUSH;-658.396;-486.681;14039.721;-1474.969;Линейная посадка (живая изгородь/ряд вдоль полосы);07_nizhnie_polya;"Линейная посадка (живая изгородь/ряд вдоль полосы) — по аналогии с проектом «07_nizhnie_polya»; ближайшее ограничение — пешеходная дорожка / тротуар: 2.7 м при норме 0.5 м (СП 42.13330.2016, п. 9.6, табл. 9.1; ППМ 743-ПП, табл. 3.6.1)";"ассортимент для озеленения Москвы, категория «магистрали и улицы»; без инвазивных видов ППМ 369-ПП";пешеходная дорожка / тротуар;2.74;0.5;"СП 42.13330.2016, п. 9.6, табл. 9.1; ППМ 743-ПП, табл. 3.6.1"
bush_path_corridor_002_011;посажено;bush;Спирея березолистная;NEW_BUSH;-659.275;-487.771;14038.842;-1476.059;Линейная посадка (живая изгородь/ряд вдоль полосы);07_nizhnie_polya;"Линейная посадка (живая изгородь/ряд вдоль полосы) — по аналогии с проектом «07_nizhnie_polya»; ближайшее ограничение — пешеходная дорожка / тротуар: 2.7 м при норме 0.5 м (СП 42.13330.2016, п. 9.6, табл. 9.1; ППМ 743-ПП, табл. 3.6.1)";"ассортимент для озеленения Москвы, категория «магистрали и улицы»; без инвазивных видов ППМ 369-ПП";пешеходная дорожка / тротуар;2.73;0.5;"СП 42.13330.2016, п. 9.6, табл. 9.1; ППМ 743-ПП, табл. 3.6.1"
bush_path_corridor_002_012;посажено;bush;Спирея березолистная;NEW_BUSH;-660.153;-488.861;14037.963;-1477.149;Линейная посадка (живая изгородь/ряд вдоль полосы);07_nizhnie_polya;"Линейная посадка (живая изгородь/ряд вдоль полосы) — по аналогии с проектом «07_nizhnie_polya»; ближайшее ограничение — пешеходная дорожка / тротуар: 2.7 м при норме 0.5 м (СП 42.13330.2016, п. 9.6, табл. 9.1; ППМ 743-ПП, табл. 3.6.1)";"ассортимент для озеленения Москвы, категория «магистрали и улицы»; без инвазивных видов ППМ 369-ПП";пешеходная дорожка / тротуар;2.72;0.5;"СП 42.13330.2016, п. 9.6, табл. 9.1; ППМ 743-ПП, табл. 3.6.1"
bush_path_corridor_002_013;посажено;bush;Спирея березолистная;NEW_BUSH;-661.032;-489.951;14037.085;-1478.239;Линейная посадка (живая изгородь/ряд вдоль полосы);07_nizhnie_polya;"Линейная посадка (живая изгородь/ряд вдоль полосы) — по аналогии с проектом «07_nizhnie_polya»; ближайшее ограничение — пешеходная дорожка / тротуар: 2.7 м при норме 0.5 м (СП 42.13330.2016, п. 9.6, табл. 9.1; ППМ 743-ПП, табл. 3.6.1)";"ассортимент для озеленения Москвы, категория «магистрали и улицы»; без инвазивных видов ППМ 369-ПП";пешеходная дорожка / тротуар;2.72;0.5;"СП 42.13330.2016, п. 9.6, табл. 9.1; ППМ 743-ПП, табл. 3.6.1"
bush_path_corridor_002_014;посажено;bush;Спирея березолистная;NEW_BUSH;-662.789;-492.131;14035.328;-1480.418;Линейная посадка (живая изгородь/ряд вдоль полосы);07_nizhnie_polya;"Линейная посадка (живая изгородь/ряд вдоль полосы) — по аналогии с проектом «07_nizhnie_polya»; ближайшее ограничение — пешеходная дорожка / тротуар: 2.7 м при норме 0.5 м (СП 42.13330.2016, п. 9.6, табл. 9.1; ППМ 743-ПП, табл. 3.6.1)";"ассортимент для озеленения Москвы, категория «магистрали и улицы»; без инвазивных видов ППМ 369-ПП";пешеходная дорожка / тротуар;2.7;0.5;"СП 42.13330.2016, п. 9.6, табл. 9.1; ППМ 743-ПП, табл. 3.6.1"
bush_path_corridor_002_015;посажено;bush;Спирея березолистная;NEW_BUSH;-663.668;-493.221;14034.449;-1481.508;Линейная посадка (живая изгородь/ряд вдоль полосы);07_nizhnie_polya;"Линейная посадка (живая изгородь/ряд вдоль полосы) — по аналогии с проектом «07_nizhnie_polya»; ближайшее ограничение — пешеходная дорожка / тротуар: 2.7 м при норме 0.5 м (СП 42.13330.2016, п. 9.6, табл. 9.1; ППМ 743-ПП, табл. 3.6.1)";"ассортимент для озеленения Москвы, категория «магистрали и улицы»; без инвазивных видов ППМ 369-ПП";пешеходная дорожка / тротуар;2.69;0.5;"СП 42.13330.2016, п. 9.6, табл. 9.1; ППМ 743-ПП, табл. 3.6.1"
bush_path_corridor_002_016;посажено;bush;Спирея березолистная;NEW_BUSH;-664.547;-494.311;14033.57;-1482.598;Линейная посадка (живая изгородь/ряд вдоль полосы);07_nizhnie_polya;"Линейная посадка (живая изгородь/ряд вдоль полосы) — по аналогии с проектом «07_nizhnie_polya»; ближайшее ограничение — пешеходная дорожка / тротуар: 2.7 м при норме 0.5 м (СП 42.13330.2016, п. 9.6, табл. 9.1; ППМ 743-ПП, табл. 3.6.1)";"ассортимент для озеленения Москвы, категория «магистрали и улицы»; без инвазивных видов ППМ 369-ПП";пешеходная дорожка / тротуар;2.68;0.5;"СП 42.13330.2016, п. 9.6, табл. 9.1; ППМ 743-ПП, табл. 3.6.1"
bush_path_corridor_002_017;посажено;bush;Спирея березолистная;NEW_BUSH;-665.425;-495.401;14032.692;-1483.688;Линейная посадка (живая изгородь/ряд вдоль полосы);07_nizhnie_polya;"Линейная посадка (живая изгородь/ряд вдоль полосы) — по аналогии с проектом «07_nizhnie_polya»; ближайшее ограничение — пешеходная дорожка / тротуар: 2.7 м при норме 0.5 м (СП 42.13330.2016, п. 9.6, табл. 9.1; ППМ 743-ПП, табл. 3.6.1)";"ассортимент для озеленения Москвы, категория «магистрали и улицы»; без инвазивных видов ППМ 369-ПП";пешеходная дорожка / тротуар;2.68;0.5;"СП 42.13330.2016, п. 9.6, табл. 9.1; ППМ 743-ПП, табл. 3.6.1"
bush_path_corridor_002_018;посажено;bush;Спирея березолистная;NEW_BUSH;-666.304;-496.491;14031.813;-1484.778;Линейная посадка (живая изгородь/ряд вдоль полосы);07_nizhnie_polya;"Линейная посадка (живая изгородь/ряд вдоль полосы) — по аналогии с проектом «07_nizhnie_polya»; ближайшее ограничение — пешеходная дорожка / тротуар: 2.7 м при норме 0.5 м (СП 42.13330.2016, п. 9.6, табл. 9.1; ППМ 743-ПП, табл. 3.6.1)";"ассортимент для озеленения Москвы, категория «магистрали и улицы»; без инвазивных видов ППМ 369-ПП";пешеходная дорожка / тротуар;2.67;0.5;"СП 42.13330.2016, п. 9.6, табл. 9.1; ППМ 743-ПП, табл. 3.6.1"
bush_path_corridor_002_019;посажено;bush;Спирея березолистная;NEW_BUSH;-667.182;-497.581;14030.934;-1485.868;Линейная посадка (живая изгородь/ряд вдоль полосы);07_nizhnie_polya;"Линейная посадка (живая изгородь/ряд вдоль полосы) — по аналогии с проектом «07_nizhnie_polya»; ближайшее ограничение — пешеходная дорожка / тротуар: 2.7 м при норме 0.5 м (СП 42.13330.2016, п. 9.6, табл. 9.1; ППМ 743-ПП, табл. 3.6.1)";"ассортимент для озеленения Москвы, категория «магистрали и улицы»; без инвазивных видов ППМ 369-ПП";пешеходная дорожка / тротуар;2.66;0.5;"СП 42.13330.2016, п. 9.6, табл. 9.1; ППМ 743-ПП, табл. 3.6.1"
bush_path_corridor_002_020;посажено;bush;Спирея березолистная;NEW_BUSH;-668.061;-498.671;14030.056;-1486.958;Линейная посадка (живая изгородь/ряд вдоль полосы);07_nizhnie_polya;"Линейная посадка (живая изгородь/ряд вдоль полосы) — по аналогии с проектом «07_nizhnie_polya»; ближайшее ограничение — пешеходная дорожка / тротуар: 2.6 м при норме 0.5 м (СП 42.13330.2016, п. 9.6, табл. 9.1; ППМ 743-ПП, табл. 3.6.1)";"ассортимент для озеленения Москвы, категория «магистрали и улицы»; без инвазивных видов ППМ 369-ПП";пешеходная дорожка / тротуар;2.65;0.5;"СП 42.13330.2016, п. 9.6, табл. 9.1; ППМ 743-ПП, табл. 3.6.1"
bush_path_corridor_002_021;посажено;bush;Спирея березолистная;NEW_BUSH;-668.94;-499.761;14029.177;-1488.048;Линейная посадка (живая изгородь/ряд вдоль полосы);07_nizhnie_polya;"Линейная посадка (живая изгородь/ряд вдоль полосы) — по аналогии с проектом «07_nizhnie_polya»; ближайшее ограничение — пешеходная дорожка / тротуар: 2.6 м при норме 0.5 м (СП 42.13330.2016, п. 9.6, табл. 9.1; ППМ 743-ПП, табл. 3.6.1)";"ассортимент для озеленения Москвы, категория «магистрали и улицы»; без инвазивных видов ППМ 369-ПП";пешеходная дорожка / тротуар;2.64;0.5;"СП 42.13330.2016, п. 9.6, табл. 9.1; ППМ 743-ПП, табл. 3.6.1"
bush_path_corridor_002_022;посажено;bush;Спирея березолистная;NEW_BUSH;-670.697;-501.941;14027.42;-1490.228;Линейная посадка (живая изгородь/ряд вдоль полосы);07_nizhnie_polya;"Линейная посадка (живая изгородь/ряд вдоль полосы) — по аналогии с проектом «07_nizhnie_polya»; ближайшее ограничение — пешеходная дорожка / тротуар: 2.6 м при норме 0.5 м (СП 42.13330.2016, п. 9.6, табл. 9.1; ППМ 743-ПП, табл. 3.6.1)";"ассортимент для озеленения Москвы, категория «магистрали и улицы»; без инвазивных видов ППМ 369-ПП";пешеходная дорожка / тротуар;2.63;0.5;"СП 42.13330.2016, п. 9.6, табл. 9.1; ППМ 743-ПП, табл. 3.6.1"
bush_path_corridor_002_023;посажено;bush;Спирея березолистная;NEW_BUSH;-671.576;-503.031;14026.541;-1491.318;Линейная посадка (живая изгородь/ряд вдоль полосы);07_nizhnie_polya;"Линейная посадка (живая изгородь/ряд вдоль полосы) — по аналогии с проектом «07_nizhnie_polya»; ближайшее ограничение — пешеходная дорожка / тротуар: 2.6 м при норме 0.5 м (СП 42.13330.2016, п. 9.6, табл. 9.1; ППМ 743-ПП, табл. 3.6.1)";"ассортимент для озеленения Москвы, категория «магистрали и улицы»; без инвазивных видов ППМ 369-ПП";пешеходная дорожка / тротуар;2.62;0.5;"СП 42.13330.2016, п. 9.6, табл. 9.1; ППМ 743-ПП, табл. 3.6.1"
bush_path_corridor_002_024;посажено;bush;Спирея березолистная;NEW_BUSH;-672.454;-504.121;14025.663;-1492.408;Линейная посадка (живая изгородь/ряд вдоль полосы);07_nizhnie_polya;"Линейная посадка (живая изгородь/ряд вдоль полосы) — по аналогии с проектом «07_nizhnie_polya»; ближайшее ограничение — пешеходная дорожка / тротуар: 2.6 м при норме 0.5 м (СП 42.13330.2016, п. 9.6, табл. 9.1; ППМ 743-ПП, табл. 3.6.1)";"ассортимент для озеленения Москвы, категория «магистрали и улицы»; без инвазивных видов ППМ 369-ПП";пешеходная дорожка / тротуар;2.61;0.5;"СП 42.13330.2016, п. 9.6, табл. 9.1; ППМ 743-ПП, табл. 3.6.1"
bush_path_corridor_002_025;посажено;bush;Спирея березолистная;NEW_BUSH;-673.333;-505.211;14024.784;-1493.498;Линейная посадка (живая изгородь/ряд вдоль полосы);07_nizhnie_polya;"Линейная посадка (живая изгородь/ряд вдоль полосы) — по аналогии с проектом «07_nizhnie_polya»; ближайшее ограничение — пешеходная дорожка / тротуар: 2.6 м при норме 0.5 м (СП 42.13330.2016, п. 9.6, табл. 9.1; ППМ 743-ПП, табл. 3.6.1)";"ассортимент для озеленения Москвы, категория «магистрали и улицы»; без инвазивных видов ППМ 369-ПП";пешеходная дорожка / тротуар;2.6;0.5;"СП 42.13330.2016, п. 9.6, табл. 9.1; ППМ 743-ПП, табл. 3.6.1"
bush_path_corridor_002_026;посажено;bush;Спирея березолистная;NEW_BUSH;-674.211;-506.301;14023.905;-1494.588;Линейная посадка (живая изгородь/ряд вдоль полосы);07_nizhnie_polya;"Линейная посадка (живая изгородь/ряд вдоль полосы) — по аналогии с проектом «07_nizhnie_polya»; ближайшее ограничение — пешеходная дорожка / тротуар: 2.6 м при норме 0.5 м (СП 42.13330.2016, п. 9.6, табл. 9.1; ППМ 743-ПП, табл. 3.6.1)";"ассортимент для озеленения Москвы, категория «магистрали и улицы»; без инвазивных видов ППМ 369-ПП";пешеходная дорожка / тротуар;2.59;0.5;"СП 42.13330.2016, п. 9.6, табл. 9.1; ППМ 743-ПП, табл. 3.6.1"
bush_path_corridor_002_027;посажено;bush;Спирея березолистная;NEW_BUSH;-675.09;-507.391;14023.027;-1495.678;Линейная посадка (живая изгородь/ряд вдоль полосы);07_nizhnie_polya;"Линейная посадка (живая изгородь/ряд вдоль полосы) — по аналогии с проектом «07_nizhnie_polya»; ближайшее ограничение — пешеходная дорожка / тротуар: 2.6 м при норме 0.5 м (СП 42.13330.2016, п. 9.6, табл. 9.1; ППМ 743-ПП, табл. 3.6.1)";"ассортимент для озеленения Москвы, категория «магистрали и улицы»; без инвазивных видов ППМ 369-ПП";пешеходная дорожка / тротуар;2.59;0.5;"СП 42.13330.2016, п. 9.6, табл. 9.1; ППМ 743-ПП, табл. 3.6.1"
bush_path_corridor_002_028;посажено;bush;Спирея березолистная;NEW_BUSH;-675.969;-508.481;14022.148;-1496.768;Линейная посадка (живая изгородь/ряд вдоль полосы);07_nizhnie_polya;"Линейная посадка (живая изгородь/ряд вдоль полосы) — по аналогии с проектом «07_nizhnie_polya»; ближайшее ограничение — пешеходная дорожка / тротуар: 2.6 м при норме 0.5 м (СП 42.13330.2016, п. 9.6, табл. 9.1; ППМ 743-ПП, табл. 3.6.1)";"ассортимент для озеленения Москвы, категория «магистрали и улицы»; без инвазивных видов ППМ 369-ПП";пешеходная дорожка / тротуар;2.58;0.5;"СП 42.13330.2016, п. 9.6, табл. 9.1; ППМ 743-ПП, табл. 3.6.1"
bush_path_corridor_002_029;посажено;bush;Спирея березолистная;NEW_BUSH;-677.726;-510.66;14020.391;-1498.948;Линейная посадка (живая изгородь/ряд вдоль полосы);07_nizhnie_polya;"Линейная посадка (живая изгородь/ряд вдоль полосы) — по аналогии с проектом «07_nizhnie_polya»; ближайшее ограничение — пешеходная дорожка / тротуар: 2.6 м при норме 0.5 м (СП 42.13330.2016, п. 9.6, табл. 9.1; ППМ 743-ПП, табл. 3.6.1)";"ассортимент для озеленения Москвы, категория «магистрали и улицы»; без инвазивных видов ППМ 369-ПП";пешеходная дорожка / тротуар;2.56;0.5;"СП 42.13330.2016, п. 9.6, табл. 9.1; ППМ 743-ПП, табл. 3.6.1"
bush_path_corridor_002_030;посажено;bush;Спирея березолистная;NEW_BUSH;-678.604;-511.75;14019.512;-1500.038;Линейная посадка (живая изгородь/ряд вдоль полосы);07_nizhnie_polya;"Линейная посадка (живая изгородь/ряд вдоль полосы) — по аналогии с проектом «07_nizhnie_polya»; ближайшее ограничение — пешеходная дорожка / тротуар: 2.5 м при норме 0.5 м (СП 42.13330.2016, п. 9.6, табл. 9.1; ППМ 743-ПП, табл. 3.6.1)";"ассортимент для озеленения Москвы, категория «магистрали и улицы»; без инвазивных видов ППМ 369-ПП";пешеходная дорожка / тротуар;2.55;0.5;"СП 42.13330.2016, п. 9.6, табл. 9.1; ППМ 743-ПП, табл. 3.6.1"
bush_path_corridor_002_031;посажено;bush;Спирея березолистная;NEW_BUSH;-679.483;-512.84;14018.634;-1501.128;Линейная посадка (живая изгородь/ряд вдоль полосы);07_nizhnie_polya;"Линейная посадка (живая изгородь/ряд вдоль полосы) — по аналогии с проектом «07_nizhnie_polya»; ближайшее ограничение — пешеходная дорожка / тротуар: 2.5 м при норме 0.5 м (СП 42.13330.2016, п. 9.6, табл. 9.1; ППМ 743-ПП, табл. 3.6.1)";"ассортимент для озеленения Москвы, категория «магистрали и улицы»; без инвазивных видов ППМ 369-ПП";пешеходная дорожка / тротуар;2.54;0.5;"СП 42.13330.2016, п. 9.6, табл. 9.1; ППМ 743-ПП, табл. 3.6.1"
bush_path_corridor_002_032;посажено;bush;Спирея березолистная;NEW_BUSH;-680.362;-513.93;14017.755;-1502.218;Линейная посадка (живая изгородь/ряд вдоль полосы);07_nizhnie_polya;"Линейная посадка (живая изгородь/ряд вдоль полосы) — по аналогии с проектом «07_nizhnie_polya»; ближайшее ограничение — пешеходная дорожка / тротуар: 2.5 м при норме 0.5 м (СП 42.13330.2016, п. 9.6, табл. 9.1; ППМ 743-ПП, табл. 3.6.1)";"ассортимент для озеленения Москвы, категория «магистрали и улицы»; без инвазивных видов ППМ 369-ПП";пешеходная дорожка / тротуар;2.54;0.5;"СП 42.13330.2016, п. 9.6, табл. 9.1; ППМ 743-ПП, табл. 3.6.1"
bush_path_corridor_002_033;посажено;bush;Спирея березолистная;NEW_BUSH;-681.24;-515.02;14016.876;-1503.308;Линейная посадка (живая изгородь/ряд вдоль полосы);07_nizhnie_polya;"Линейная посадка (живая изгородь/ряд вдоль полосы) — по аналогии с проектом «07_nizhnie_polya»; ближайшее ограничение — пешеходная дорожка / тротуар: 2.5 м при норме 0.5 м (СП 42.13330.2016, п. 9.6, табл. 9.1; ППМ 743-ПП, табл. 3.6.1)";"ассортимент для озеленения Москвы, категория «магистрали и улицы»; без инвазивных видов ППМ 369-ПП";пешеходная дорожка / тротуар;2.53;0.5;"СП 42.13330.2016, п. 9.6, табл. 9.1; ППМ 743-ПП, табл. 3.6.1"
bush_path_corridor_003_001;посажено;bush;Спирея березолистная;NEW_BUSH;-623.497;-433.98;14074.62;-1422.268;Линейная посадка (живая изгородь/ряд вдоль полосы);07_nizhnie_polya;"Линейная посадка (живая изгородь/ряд вдоль полосы) — по аналогии с проектом «07_nizhnie_polya»; ближайшее ограничение — проезжая часть: 4.2 м при норме 1.0 м (СП 42.13330.2016, п. 9.6, табл. 9.1; ППМ 743-ПП, табл. 3.6.1)";"ассортимент для озеленения Москвы, категория «магистрали и улицы»; без инвазивных видов ППМ 369-ПП";проезжая часть;4.21;1.0;"СП 42.13330.2016, п. 9.6, табл. 9.1; ППМ 743-ПП, табл. 3.6.1"
bush_path_corridor_003_002;посажено;bush;Спирея березолистная;NEW_BUSH;-624.64;-433.171;14073.477;-1421.458;Линейная посадка (живая изгородь/ряд вдоль полосы);07_nizhnie_polya;"Линейная посадка (живая изгородь/ряд вдоль полосы) — по аналогии с проектом «07_nizhnie_polya»; ближайшее ограничение — проезжая часть: 4.1 м при норме 1.0 м (СП 42.13330.2016, п. 9.6, табл. 9.1; ППМ 743-ПП, табл. 3.6.1)";"ассортимент для озеленения Москвы, категория «магистрали и улицы»; без инвазивных видов ППМ 369-ПП";проезжая часть;4.09;1.0;"СП 42.13330.2016, п. 9.6, табл. 9.1; ППМ 743-ПП, табл. 3.6.1"
bush_path_corridor_003_003;посажено;bush;Спирея березолистная;NEW_BUSH;-625.782;-432.362;14072.335;-1420.649;Линейная посадка (живая изгородь/ряд вдоль полосы);07_nizhnie_polya;"Линейная посадка (живая изгородь/ряд вдоль полосы) — по аналогии с проектом «07_nizhnie_polya»; ближайшее ограничение — проезжая часть: 4.0 м при норме 1.0 м (СП 42.13330.2016, п. 9.6, табл. 9.1; ППМ 743-ПП, табл. 3.6.1)";"ассортимент для озеленения Москвы, категория «магистрали и улицы»; без инвазивных видов ППМ 369-ПП";проезжая часть;4.05;1.0;"СП 42.13330.2016, п. 9.6, табл. 9.1; ППМ 743-ПП, табл. 3.6.1"
tree_path_corridor_006_001;посажено;tree;Вяз гибридный Резиста;NEW_TREE;-544.562;-367.585;14153.555;-1355.872;Линейная посадка (живая изгородь/ряд вдоль полосы);07_nizhnie_polya;"Линейная посадка (живая изгородь/ряд вдоль полосы) — по аналогии с проектом «07_nizhnie_polya»; ближайшее ограничение — пешеходная дорожка / тротуар: 2.6 м при норме 0.7 м (СП 42.13330.2016, п. 9.6, табл. 9.1; ППМ 743-ПП, табл. 3.6.1)";"ассортимент для озеленения Москвы, категория «магистрали и улицы»; без инвазивных видов ППМ 369-ПП";пешеходная дорожка / тротуар;2.61;0.7;"СП 42.13330.2016, п. 9.6, табл. 9.1; ППМ 743-ПП, табл. 3.6.1"
bush_path_corridor_006_001;посажено;bush;Спирея березолистная;NEW_BUSH;-544.13;-366.253;14153.987;-1354.54;Линейная посадка (живая изгородь/ряд вдоль полосы);07_nizhnie_polya;"Линейная посадка (живая изгородь/ряд вдоль полосы) — по аналогии с проектом «07_nizhnie_polya»; ближайшее ограничение — пешеходная дорожка / тротуар: 3.5 м при норме 0.5 м (СП 42.13330.2016, п. 9.6, табл. 9.1; ППМ 743-ПП, табл. 3.6.1)";"ассортимент для озеленения Москвы, категория «магистрали и улицы»; без инвазивных видов ППМ 369-ПП";пешеходная дорожка / тротуар;3.46;0.5;"СП 42.13330.2016, п. 9.6, табл. 9.1; ППМ 743-ПП, табл. 3.6.1"
bush_path_corridor_007_001;посажено;bush;Спирея березолистная;NEW_BUSH;-491.125;-301.726;14206.992;-1290.013;Линейная посадка (живая изгородь/ряд вдоль полосы);07_nizhnie_polya;"Линейная посадка (живая изгородь/ряд вдоль полосы) — по аналогии с проектом «07_nizhnie_polya»; ближайшее ограничение — пешеходная дорожка / тротуар: 2.1 м при норме 0.5 м (СП 42.13330.2016, п. 9.6, табл. 9.1; ППМ 743-ПП, табл. 3.6.1)";"ассортимент для озеленения Москвы, категория «магистрали и улицы»; без инвазивных видов ППМ 369-ПП";пешеходная дорожка / тротуар;2.07;0.5;"СП 42.13330.2016, п. 9.6, табл. 9.1; ППМ 743-ПП, табл. 3.6.1"
bush_path_corridor_007_002;посажено;bush;Спирея березолистная;NEW_BUSH;-492.002;-302.817;14206.115;-1291.104;Линейная посадка (живая изгородь/ряд вдоль полосы);07_nizhnie_polya;"Линейная посадка (живая изгородь/ряд вдоль полосы) — по аналогии с проектом «07_nizhnie_polya»; ближайшее ограничение — пешеходная дорожка / тротуар: 2.1 м при норме 0.5 м (СП 42.13330.2016, п. 9.6, табл. 9.1; ППМ 743-ПП, табл. 3.6.1)";"ассортимент для озеленения Москвы, категория «магистрали и улицы»; без инвазивных видов ППМ 369-ПП";пешеходная дорожка / тротуар;2.07;0.5;"СП 42.13330.2016, п. 9.6, табл. 9.1; ППМ 743-ПП, табл. 3.6.1"
tree_path_corridor_009_001;посажено;tree;Вяз гибридный Резиста;NEW_TREE;-322.809;-165.667;14375.308;-1153.955;Линейная посадка (живая изгородь/ряд вдоль полосы);07_nizhnie_polya;"Линейная посадка (живая изгородь/ряд вдоль полосы) — по аналогии с проектом «07_nizhnie_polya»; ближайшее ограничение — пешеходная дорожка / тротуар: 2.7 м при норме 0.7 м (СП 42.13330.2016, п. 9.6, табл. 9.1; ППМ 743-ПП, табл. 3.6.1)";"ассортимент для озеленения Москвы, категория «магистрали и улицы»; без инвазивных видов ППМ 369-ПП";пешеходная дорожка / тротуар;2.67;0.7;"СП 42.13330.2016, п. 9.6, табл. 9.1; ППМ 743-ПП, табл. 3.6.1"
bush_path_corridor_009_001;посажено;bush;Спирея березолистная;NEW_BUSH;-318.848;-169.626;14379.269;-1157.913;Линейная посадка (живая изгородь/ряд вдоль полосы);07_nizhnie_polya;"Линейная посадка (живая изгородь/ряд вдоль полосы) — по аналогии с проектом «07_nizhnie_polya»; ближайшее ограничение — проезжая часть: 3.0 м при норме 1.0 м (СП 42.13330.2016, п. 9.6, табл. 9.1; ППМ 743-ПП, табл. 3.6.1)";"ассортимент для озеленения Москвы, категория «магистрали и улицы»; без инвазивных видов ППМ 369-ПП";проезжая часть;2.96;1.0;"СП 42.13330.2016, п. 9.6, табл. 9.1; ППМ 743-ПП, табл. 3.6.1"
bush_path_corridor_009_002;посажено;bush;Спирея березолистная;NEW_BUSH;-321.819;-166.657;14376.298;-1154.944;Линейная посадка (живая изгородь/ряд вдоль полосы);07_nizhnie_polya;"Линейная посадка (живая изгородь/ряд вдоль полосы) — по аналогии с проектом «07_nizhnie_polya»; ближайшее ограничение — пешеходная дорожка / тротуар: 2.7 м при норме 0.5 м (СП 42.13330.2016, п. 9.6, табл. 9.1; ППМ 743-ПП, табл. 3.6.1)";"ассортимент для озеленения Москвы, категория «магистрали и улицы»; без инвазивных видов ППМ 369-ПП";пешеходная дорожка / тротуар;2.67;0.5;"СП 42.13330.2016, п. 9.6, табл. 9.1; ППМ 743-ПП, табл. 3.6.1"
bush_path_corridor_009_003;посажено;bush;Спирея березолистная;NEW_BUSH;-323.799;-164.678;14374.318;-1152.965;Линейная посадка (живая изгородь/ряд вдоль полосы);07_nizhnie_polya;"Линейная посадка (живая изгородь/ряд вдоль полосы) — по аналогии с проектом «07_nizhnie_polya»; ближайшее ограничение — пешеходная дорожка / тротуар: 2.7 м при норме 0.5 м (СП 42.13330.2016, п. 9.6, табл. 9.1; ППМ 743-ПП, табл. 3.6.1)";"ассортимент для озеленения Москвы, категория «магистрали и улицы»; без инвазивных видов ППМ 369-ПП";пешеходная дорожка / тротуар;2.67;0.5;"СП 42.13330.2016, п. 9.6, табл. 9.1; ППМ 743-ПП, табл. 3.6.1"
bush_path_corridor_009_004;посажено;bush;Спирея березолистная;NEW_BUSH;-324.79;-163.688;14373.327;-1151.975;Линейная посадка (живая изгородь/ряд вдоль полосы);07_nizhnie_polya;"Линейная посадка (живая изгородь/ряд вдоль полосы) — по аналогии с проектом «07_nizhnie_polya»; ближайшее ограничение — пешеходная дорожка / тротуар: 2.7 м при норме 0.5 м (СП 42.13330.2016, п. 9.6, табл. 9.1; ППМ 743-ПП, табл. 3.6.1)";"ассортимент для озеленения Москвы, категория «магистрали и улицы»; без инвазивных видов ППМ 369-ПП";пешеходная дорожка / тротуар;2.67;0.5;"СП 42.13330.2016, п. 9.6, табл. 9.1; ППМ 743-ПП, табл. 3.6.1"
bush_path_corridor_009_005;посажено;bush;Спирея березолистная;NEW_BUSH;-326.77;-161.709;14371.347;-1149.996;Линейная посадка (живая изгородь/ряд вдоль полосы);07_nizhnie_polya;"Линейная посадка (живая изгородь/ряд вдоль полосы) — по аналогии с проектом «07_nizhnie_polya»; ближайшее ограничение — пешеходная дорожка / тротуар: 2.7 м при норме 0.5 м (СП 42.13330.2016, п. 9.6, табл. 9.1; ППМ 743-ПП, табл. 3.6.1)";"ассортимент для озеленения Москвы, категория «магистрали и улицы»; без инвазивных видов ППМ 369-ПП";пешеходная дорожка / тротуар;2.67;0.5;"СП 42.13330.2016, п. 9.6, табл. 9.1; ППМ 743-ПП, табл. 3.6.1"
bush_path_corridor_010_001;посажено;bush;Спирея березолистная;NEW_BUSH;-108.508;-17.521;14589.609;-1005.809;Линейная посадка (живая изгородь/ряд вдоль полосы);07_nizhnie_polya;"Линейная посадка (живая изгородь/ряд вдоль полосы) — по аналогии с проектом «07_nizhnie_polya»; ближайшее ограничение — пешеходная дорожка / тротуар: 1.8 м при норме 0.5 м (СП 42.13330.2016, п. 9.6, табл. 9.1; ППМ 743-ПП, табл. 3.6.1)";"ассортимент для озеленения Москвы, категория «магистрали и улицы»; без инвазивных видов ППМ 369-ПП";пешеходная дорожка / тротуар;1.75;0.5;"СП 42.13330.2016, п. 9.6, табл. 9.1; ППМ 743-ПП, табл. 3.6.1"
tree_path_corridor_011_001;посажено;tree;Вяз гибридный Резиста;NEW_TREE;-123.144;15.518;14574.973;-972.769;Линейная посадка (живая изгородь/ряд вдоль полосы);07_nizhnie_polya;"Линейная посадка (живая изгородь/ряд вдоль полосы) — по аналогии с проектом «07_nizhnie_polya»; ближайшее ограничение — проезжая часть: 3.5 м при норме 2.0 м (СП 42.13330.2016, п. 9.6, табл. 9.1; ППМ 743-ПП, табл. 3.6.1)";"ассортимент для озеленения Москвы, категория «магистрали и улицы»; без инвазивных видов ППМ 369-ПП";проезжая часть;3.46;2.0;"СП 42.13330.2016, п. 9.6, табл. 9.1; ППМ 743-ПП, табл. 3.6.1"
bush_path_corridor_011_001;посажено;bush;Спирея березолистная;NEW_BUSH;-119.891;10.959;14578.225;-977.328;Линейная посадка (живая изгородь/ряд вдоль полосы);07_nizhnie_polya;"Линейная посадка (живая изгородь/ряд вдоль полосы) — по аналогии с проектом «07_nizhnie_polya»; ближайшее ограничение — силовой кабель: 2.8 м при норме 0.7 м (СП 42.13330.2016, п. 9.6, табл. 9.1; ППМ 743-ПП, табл. 3.6.1)";"ассортимент для озеленения Москвы, категория «магистрали и улицы»; без инвазивных видов ППМ 369-ПП";силовой кабель;2.76;0.7;"СП 42.13330.2016, п. 9.6, табл. 9.1; ППМ 743-ПП, табл. 3.6.1"
bush_path_corridor_011_002;посажено;bush;Спирея березолистная;NEW_BUSH;-120.705;12.099;14577.412;-976.188;Линейная посадка (живая изгородь/ряд вдоль полосы);07_nizhnie_polya;"Линейная посадка (живая изгородь/ряд вдоль полосы) — по аналогии с проектом «07_nizhnie_polya»; ближайшее ограничение — проезжая часть: 3.5 м при норме 1.0 м (СП 42.13330.2016, п. 9.6, табл. 9.1; ППМ 743-ПП, табл. 3.6.1)";"ассортимент для озеленения Москвы, категория «магистрали и улицы»; без инвазивных видов ППМ 369-ПП";проезжая часть;3.46;1.0;"СП 42.13330.2016, п. 9.6, табл. 9.1; ППМ 743-ПП, табл. 3.6.1"
bush_path_corridor_011_003;посажено;bush;Спирея березолистная;NEW_BUSH;-121.518;13.239;14576.599;-975.049;Линейная посадка (живая изгородь/ряд вдоль полосы);07_nizhnie_polya;"Линейная посадка (живая изгородь/ряд вдоль полосы) — по аналогии с проектом «07_nizhnie_polya»; ближайшее ограничение — проезжая часть: 3.5 м при норме 1.0 м (СП 42.13330.2016, п. 9.6, табл. 9.1; ППМ 743-ПП, табл. 3.6.1)";"ассортимент для озеленения Москвы, категория «магистрали и улицы»; без инвазивных видов ППМ 369-ПП";проезжая часть;3.46;1.0;"СП 42.13330.2016, п. 9.6, табл. 9.1; ППМ 743-ПП, табл. 3.6.1"
bush_path_corridor_011_004;посажено;bush;Спирея березолистная;NEW_BUSH;-122.331;14.378;14575.786;-973.909;Линейная посадка (живая изгородь/ряд вдоль полосы);07_nizhnie_polya;"Линейная посадка (живая изгородь/ряд вдоль полосы) — по аналогии с проектом «07_nizhnie_polya»; ближайшее ограничение — проезжая часть: 3.5 м при норме 1.0 м (СП 42.13330.2016, п. 9.6, табл. 9.1; ППМ 743-ПП, табл. 3.6.1)";"ассортимент для озеленения Москвы, категория «магистрали и улицы»; без инвазивных видов ППМ 369-ПП";проезжая часть;3.46;1.0;"СП 42.13330.2016, п. 9.6, табл. 9.1; ППМ 743-ПП, табл. 3.6.1"
bush_path_corridor_011_005;посажено;bush;Спирея березолистная;NEW_BUSH;-123.957;16.658;14574.16;-971.63;Линейная посадка (живая изгородь/ряд вдоль полосы);07_nizhnie_polya;"Линейная посадка (живая изгородь/ряд вдоль полосы) — по аналогии с проектом «07_nizhnie_polya»; ближайшее ограничение — проезжая часть: 3.5 м при норме 1.0 м (СП 42.13330.2016, п. 9.6, табл. 9.1; ППМ 743-ПП, табл. 3.6.1)";"ассортимент для озеленения Москвы, категория «магистрали и улицы»; без инвазивных видов ППМ 369-ПП";проезжая часть;3.46;1.0;"СП 42.13330.2016, п. 9.6, табл. 9.1; ППМ 743-ПП, табл. 3.6.1"
bush_path_corridor_011_006;посажено;bush;Спирея березолистная;NEW_BUSH;-124.77;17.797;14573.347;-970.49;Линейная посадка (живая изгородь/ряд вдоль полосы);07_nizhnie_polya;"Линейная посадка (живая изгородь/ряд вдоль полосы) — по аналогии с проектом «07_nizhnie_polya»; ближайшее ограничение — проезжая часть: 3.5 м при норме 1.0 м (СП 42.13330.2016, п. 9.6, табл. 9.1; ППМ 743-ПП, табл. 3.6.1)";"ассортимент для озеленения Москвы, категория «магистрали и улицы»; без инвазивных видов ППМ 369-ПП";проезжая часть;3.46;1.0;"СП 42.13330.2016, п. 9.6, табл. 9.1; ППМ 743-ПП, табл. 3.6.1"
bush_path_corridor_011_007;посажено;bush;Спирея березолистная;NEW_BUSH;-125.583;18.937;14572.533;-969.35;Линейная посадка (живая изгородь/ряд вдоль полосы);07_nizhnie_polya;"Линейная посадка (живая изгородь/ряд вдоль полосы) — по аналогии с проектом «07_nizhnie_polya»; ближайшее ограничение — проезжая часть: 3.5 м при норме 1.0 м (СП 42.13330.2016, п. 9.6, табл. 9.1; ППМ 743-ПП, табл. 3.6.1)";"ассортимент для озеленения Москвы, категория «магистрали и улицы»; без инвазивных видов ППМ 369-ПП";проезжая часть;3.46;1.0;"СП 42.13330.2016, п. 9.6, табл. 9.1; ППМ 743-ПП, табл. 3.6.1"
bush_path_corridor_011_008;посажено;bush;Спирея березолистная;NEW_BUSH;-126.396;20.077;14571.72;-968.211;Линейная посадка (живая изгородь/ряд вдоль полосы);07_nizhnie_polya;"Линейная посадка (живая изгородь/ряд вдоль полосы) — по аналогии с проектом «07_nizhnie_polya»; ближайшее ограничение — проезжая часть: 3.5 м при норме 1.0 м (СП 42.13330.2016, п. 9.6, табл. 9.1; ППМ 743-ПП, табл. 3.6.1)";"ассортимент для озеленения Москвы, категория «магистрали и улицы»; без инвазивных видов ППМ 369-ПП";проезжая часть;3.46;1.0;"СП 42.13330.2016, п. 9.6, табл. 9.1; ППМ 743-ПП, табл. 3.6.1"
tree_path_corridor_012_001;посажено;tree;Вяз гибридный Резиста;NEW_TREE;50.553;150.393;14748.67;-837.895;Линейная посадка (живая изгородь/ряд вдоль полосы);07_nizhnie_polya;"Линейная посадка (живая изгородь/ряд вдоль полосы) — по аналогии с проектом «07_nizhnie_polya»; ближайшее ограничение — пешеходная дорожка / тротуар: 2.3 м при норме 0.7 м (СП 42.13330.2016, п. 9.6, табл. 9.1; ППМ 743-ПП, табл. 3.6.1)";"ассортимент для озеленения Москвы, категория «магистрали и улицы»; без инвазивных видов ППМ 369-ПП";пешеходная дорожка / тротуар;2.26;0.7;"СП 42.13330.2016, п. 9.6, табл. 9.1; ППМ 743-ПП, табл. 3.6.1"
tree_path_corridor_012_002;посажено;tree;Вяз гибридный Резиста;NEW_TREE;41.234;142.992;14739.351;-845.295;Линейная посадка (живая изгородь/ряд вдоль полосы);07_nizhnie_polya;"Линейная посадка (живая изгородь/ряд вдоль полосы) — по аналогии с проектом «07_nizhnie_polya»; ближайшее ограничение — пешеходная дорожка / тротуар: 2.3 м при норме 0.7 м (СП 42.13330.2016, п. 9.6, табл. 9.1; ППМ 743-ПП, табл. 3.6.1)";"ассортимент для озеленения Москвы, категория «магистрали и улицы»; без инвазивных видов ППМ 369-ПП";пешеходная дорожка / тротуар;2.26;0.7;"СП 42.13330.2016, п. 9.6, табл. 9.1; ППМ 743-ПП, табл. 3.6.1"
bush_path_corridor_012_001;посажено;bush;Спирея березолистная;NEW_BUSH;54.665;153.657;14752.781;-834.63;Линейная посадка (живая изгородь/ряд вдоль полосы);07_nizhnie_polya;"Линейная посадка (живая изгородь/ряд вдоль полосы) — по аналогии с проектом «07_nizhnie_polya»; ближайшее ограничение — пешеходная дорожка / тротуар: 2.3 м при норме 0.5 м (СП 42.13330.2016, п. 9.6, табл. 9.1; ППМ 743-ПП, табл. 3.6.1)";"ассортимент для озеленения Москвы, категория «магистрали и улицы»; без инвазивных видов ППМ 369-ПП";пешеходная дорожка / тротуар;2.27;0.5;"СП 42.13330.2016, п. 9.6, табл. 9.1; ППМ 743-ПП, табл. 3.6.1"
bush_path_corridor_012_002;посажено;bush;Спирея березолистная;NEW_BUSH;53.568;152.787;14751.685;-835.501;Линейная посадка (живая изгородь/ряд вдоль полосы);07_nizhnie_polya;"Линейная посадка (живая изгородь/ряд вдоль полосы) — по аналогии с проектом «07_nizhnie_polya»; ближайшее ограничение — пешеходная дорожка / тротуар: 2.3 м при норме 0.5 м (СП 42.13330.2016, п. 9.6, табл. 9.1; ППМ 743-ПП, табл. 3.6.1)";"ассортимент для озеленения Москвы, категория «магистрали и улицы»; без инвазивных видов ППМ 369-ПП";пешеходная дорожка / тротуар;2.26;0.5;"СП 42.13330.2016, п. 9.6, табл. 9.1; ППМ 743-ПП, табл. 3.6.1"
bush_path_corridor_012_003;посажено;bush;Спирея березолистная;NEW_BUSH;52.472;151.916;14750.589;-836.371;Линейная посадка (живая изгородь/ряд вдоль полосы);07_nizhnie_polya;"Линейная посадка (живая изгородь/ряд вдоль полосы) — по аналогии с проектом «07_nizhnie_polya»; ближайшее ограничение — пешеходная дорожка / тротуар: 2.3 м при норме 0.5 м (СП 42.13330.2016, п. 9.6, табл. 9.1; ППМ 743-ПП, табл. 3.6.1)";"ассортимент для озеленения Москвы, категория «магистрали и улицы»; без инвазивных видов ППМ 369-ПП";пешеходная дорожка / тротуар;2.26;0.5;"СП 42.13330.2016, п. 9.6, табл. 9.1; ППМ 743-ПП, табл. 3.6.1"
bush_path_corridor_012_004;посажено;bush;Спирея березолистная;NEW_BUSH;51.376;151.046;14749.492;-837.242;Линейная посадка (живая изгородь/ряд вдоль полосы);07_nizhnie_polya;"Линейная посадка (живая изгородь/ряд вдоль полосы) — по аналогии с проектом «07_nizhnie_polya»; ближайшее ограничение — пешеходная дорожка / тротуар: 2.3 м при норме 0.5 м (СП 42.13330.2016, п. 9.6, табл. 9.1; ППМ 743-ПП, табл. 3.6.1)";"ассортимент для озеленения Москвы, категория «магистрали и улицы»; без инвазивных видов ППМ 369-ПП";пешеходная дорожка / тротуар;2.26;0.5;"СП 42.13330.2016, п. 9.6, табл. 9.1; ППМ 743-ПП, табл. 3.6.1"
bush_path_corridor_012_005;посажено;bush;Спирея березолистная;NEW_BUSH;49.183;149.304;14747.3;-838.983;Линейная посадка (живая изгородь/ряд вдоль полосы);07_nizhnie_polya;"Линейная посадка (живая изгородь/ряд вдоль полосы) — по аналогии с проектом «07_nizhnie_polya»; ближайшее ограничение — пешеходная дорожка / тротуар: 2.3 м при норме 0.5 м (СП 42.13330.2016, п. 9.6, табл. 9.1; ППМ 743-ПП, табл. 3.6.1)";"ассортимент для озеленения Москвы, категория «магистрали и улицы»; без инвазивных видов ППМ 369-ПП";пешеходная дорожка / тротуар;2.26;0.5;"СП 42.13330.2016, п. 9.6, табл. 9.1; ППМ 743-ПП, табл. 3.6.1"
bush_path_corridor_012_006;посажено;bush;Спирея березолистная;NEW_BUSH;48.087;148.434;14746.203;-839.854;Линейная посадка (живая изгородь/ряд вдоль полосы);07_nizhnie_polya;"Линейная посадка (живая изгородь/ряд вдоль полосы) — по аналогии с проектом «07_nizhnie_polya»; ближайшее ограничение — пешеходная дорожка / тротуар: 2.3 м при норме 0.5 м (СП 42.13330.2016, п. 9.6, табл. 9.1; ППМ 743-ПП, табл. 3.6.1)";"ассортимент для озеленения Москвы, категория «магистрали и улицы»; без инвазивных видов ППМ 369-ПП";пешеходная дорожка / тротуар;2.26;0.5;"СП 42.13330.2016, п. 9.6, табл. 9.1; ППМ 743-ПП, табл. 3.6.1"
bush_path_corridor_012_007;посажено;bush;Спирея березолистная;NEW_BUSH;46.99;147.563;14745.107;-840.725;Линейная посадка (живая изгородь/ряд вдоль полосы);07_nizhnie_polya;"Линейная посадка (живая изгородь/ряд вдоль полосы) — по аналогии с проектом «07_nizhnie_polya»; ближайшее ограничение — пешеходная дорожка / тротуар: 2.3 м при норме 0.5 м (СП 42.13330.2016, п. 9.6, табл. 9.1; ППМ 743-ПП, табл. 3.6.1)";"ассортимент для озеленения Москвы, категория «магистрали и улицы»; без инвазивных видов ППМ 369-ПП";пешеходная дорожка / тротуар;2.26;0.5;"СП 42.13330.2016, п. 9.6, табл. 9.1; ППМ 743-ПП, табл. 3.6.1"
bush_path_corridor_012_008;посажено;bush;Спирея березолистная;NEW_BUSH;45.894;146.692;14744.011;-841.595;Линейная посадка (живая изгородь/ряд вдоль полосы);07_nizhnie_polya;"Линейная посадка (живая изгородь/ряд вдоль полосы) — по аналогии с проектом «07_nizhnie_polya»; ближайшее ограничение — пешеходная дорожка / тротуар: 2.3 м при норме 0.5 м (СП 42.13330.2016, п. 9.6, табл. 9.1; ППМ 743-ПП, табл. 3.6.1)";"ассортимент для озеленения Москвы, категория «магистрали и улицы»; без инвазивных видов ППМ 369-ПП";пешеходная дорожка / тротуар;2.26;0.5;"СП 42.13330.2016, п. 9.6, табл. 9.1; ППМ 743-ПП, табл. 3.6.1"
bush_path_corridor_012_009;посажено;bush;Спирея березолистная;NEW_BUSH;44.798;145.822;14742.914;-842.466;Линейная посадка (живая изгородь/ряд вдоль полосы);07_nizhnie_polya;"Линейная посадка (живая изгородь/ряд вдоль полосы) — по аналогии с проектом «07_nizhnie_polya»; ближайшее ограничение — пешеходная дорожка / тротуар: 2.3 м при норме 0.5 м (СП 42.13330.2016, п. 9.6, табл. 9.1; ППМ 743-ПП, табл. 3.6.1)";"ассортимент для озеленения Москвы, категория «магистрали и улицы»; без инвазивных видов ППМ 369-ПП";пешеходная дорожка / тротуар;2.26;0.5;"СП 42.13330.2016, п. 9.6, табл. 9.1; ППМ 743-ПП, табл. 3.6.1"
bush_path_corridor_012_010;посажено;bush;Спирея березолистная;NEW_BUSH;43.701;144.951;14741.818;-843.336;Линейная посадка (живая изгородь/ряд вдоль полосы);07_nizhnie_polya;"Линейная посадка (живая изгородь/ряд вдоль полосы) — по аналогии с проектом «07_nizhnie_polya»; ближайшее ограничение — пешеходная дорожка / тротуар: 2.3 м при норме 0.5 м (СП 42.13330.2016, п. 9.6, табл. 9.1; ППМ 743-ПП, табл. 3.6.1)";"ассортимент для озеленения Москвы, категория «магистрали и улицы»; без инвазивных видов ППМ 369-ПП";пешеходная дорожка / тротуар;2.26;0.5;"СП 42.13330.2016, п. 9.6, табл. 9.1; ППМ 743-ПП, табл. 3.6.1"
bush_path_corridor_012_011;посажено;bush;Спирея березолистная;NEW_BUSH;42.605;144.08;14740.722;-844.207;Линейная посадка (живая изгородь/ряд вдоль полосы);07_nizhnie_polya;"Линейная посадка (живая изгородь/ряд вдоль полосы) — по аналогии с проектом «07_nizhnie_polya»; ближайшее ограничение — пешеходная дорожка / тротуар: 2.3 м при норме 0.5 м (СП 42.13330.2016, п. 9.6, табл. 9.1; ППМ 743-ПП, табл. 3.6.1)";"ассортимент для озеленения Москвы, категория «магистрали и улицы»; без инвазивных видов ППМ 369-ПП";пешеходная дорожка / тротуар;2.26;0.5;"СП 42.13330.2016, п. 9.6, табл. 9.1; ППМ 743-ПП, табл. 3.6.1"
bush_path_corridor_012_012;посажено;bush;Спирея березолистная;NEW_BUSH;40.412;142.339;14738.529;-845.948;Линейная посадка (живая изгородь/ряд вдоль полосы);07_nizhnie_polya;"Линейная посадка (живая изгородь/ряд вдоль полосы) — по аналогии с проектом «07_nizhnie_polya»; ближайшее ограничение — пешеходная дорожка / тротуар: 2.3 м при норме 0.5 м (СП 42.13330.2016, п. 9.6, табл. 9.1; ППМ 743-ПП, табл. 3.6.1)";"ассортимент для озеленения Москвы, категория «магистрали и улицы»; без инвазивных видов ППМ 369-ПП";пешеходная дорожка / тротуар;2.26;0.5;"СП 42.13330.2016, п. 9.6, табл. 9.1; ППМ 743-ПП, табл. 3.6.1"
bush_path_corridor_012_013;посажено;bush;Спирея березолистная;NEW_BUSH;39.316;141.468;14737.433;-846.819;Линейная посадка (живая изгородь/ряд вдоль полосы);07_nizhnie_polya;"Линейная посадка (живая изгородь/ряд вдоль полосы) — по аналогии с проектом «07_nizhnie_polya»; ближайшее ограничение — пешеходная дорожка / тротуар: 2.3 м при норме 0.5 м (СП 42.13330.2016, п. 9.6, табл. 9.1; ППМ 743-ПП, табл. 3.6.1)";"ассортимент для озеленения Москвы, категория «магистрали и улицы»; без инвазивных видов ППМ 369-ПП";пешеходная дорожка / тротуар;2.26;0.5;"СП 42.13330.2016, п. 9.6, табл. 9.1; ППМ 743-ПП, табл. 3.6.1"
bush_path_corridor_012_014;посажено;bush;Спирея березолистная;NEW_BUSH;38.22;140.598;14736.336;-847.69;Линейная посадка (живая изгородь/ряд вдоль полосы);07_nizhnie_polya;"Линейная посадка (живая изгородь/ряд вдоль полосы) — по аналогии с проектом «07_nizhnie_polya»; ближайшее ограничение — пешеходная дорожка / тротуар: 2.3 м при норме 0.5 м (СП 42.13330.2016, п. 9.6, табл. 9.1; ППМ 743-ПП, табл. 3.6.1)";"ассортимент для озеленения Москвы, категория «магистрали и улицы»; без инвазивных видов ППМ 369-ПП";пешеходная дорожка / тротуар;2.26;0.5;"СП 42.13330.2016, п. 9.6, табл. 9.1; ППМ 743-ПП, табл. 3.6.1"
bush_path_corridor_012_015;посажено;bush;Спирея березолистная;NEW_BUSH;37.123;139.727;14735.24;-848.56;Линейная посадка (живая изгородь/ряд вдоль полосы);07_nizhnie_polya;"Линейная посадка (живая изгородь/ряд вдоль полосы) — по аналогии с проектом «07_nizhnie_polya»; ближайшее ограничение — пешеходная дорожка / тротуар: 1.7 м при норме 0.5 м (СП 42.13330.2016, п. 9.6, табл. 9.1; ППМ 743-ПП, табл. 3.6.1)";"ассортимент для озеленения Москвы, категория «магистрали и улицы»; без инвазивных видов ППМ 369-ПП";пешеходная дорожка / тротуар;1.7;0.5;"СП 42.13330.2016, п. 9.6, табл. 9.1; ППМ 743-ПП, табл. 3.6.1"
tree_path_corridor_013_001;посажено;tree;Вяз гибридный Резиста;NEW_TREE;69.433;158.358;14767.55;-829.93;Линейная посадка (живая изгородь/ряд вдоль полосы);07_nizhnie_polya;"Линейная посадка (живая изгородь/ряд вдоль полосы) — по аналогии с проектом «07_nizhnie_polya»; ближайшее ограничение — пешеходная дорожка / тротуар: 2.2 м при норме 0.7 м (СП 42.13330.2016, п. 9.6, табл. 9.1; ППМ 743-ПП, табл. 3.6.1)";"ассортимент для озеленения Москвы, категория «магистрали и улицы»; без инвазивных видов ППМ 369-ПП";пешеходная дорожка / тротуар;2.2;0.7;"СП 42.13330.2016, п. 9.6, табл. 9.1; ППМ 743-ПП, табл. 3.6.1"
bush_path_corridor_013_001;посажено;bush;Спирея березолистная;NEW_BUSH;63.405;156.525;14761.522;-831.762;Линейная посадка (живая изгородь/ряд вдоль полосы);07_nizhnie_polya;"Линейная посадка (живая изгородь/ряд вдоль полосы) — по аналогии с проектом «07_nizhnie_polya»; ближайшее ограничение — пешеходная дорожка / тротуар: 2.2 м при норме 0.5 м (СП 42.13330.2016, п. 9.6, табл. 9.1; ППМ 743-ПП, табл. 3.6.1)";"ассортимент для озеленения Москвы, категория «магистрали и улицы»; без инвазивных видов ППМ 369-ПП";пешеходная дорожка / тротуар;2.2;0.5;"СП 42.13330.2016, п. 9.6, табл. 9.1; ППМ 743-ПП, табл. 3.6.1"
bush_path_corridor_013_002;посажено;bush;Спирея березолистная;NEW_BUSH;64.745;156.933;14762.862;-831.355;Линейная посадка (живая изгородь/ряд вдоль полосы);07_nizhnie_polya;"Линейная посадка (живая изгородь/ряд вдоль полосы) — по аналогии с проектом «07_nizhnie_polya»; ближайшее ограничение — пешеходная дорожка / тротуар: 2.2 м при норме 0.5 м (СП 42.13330.2016, п. 9.6, табл. 9.1; ППМ 743-ПП, табл. 3.6.1)";"ассортимент для озеленения Москвы, категория «магистрали и улицы»; без инвазивных видов ППМ 369-ПП";пешеходная дорожка / тротуар;2.2;0.5;"СП 42.13330.2016, п. 9.6, табл. 9.1; ППМ 743-ПП, табл. 3.6.1"
bush_path_corridor_013_003;посажено;bush;Спирея березолистная;NEW_BUSH;66.084;157.34;14764.201;-830.948;Линейная посадка (живая изгородь/ряд вдоль полосы);07_nizhnie_polya;"Линейная посадка (живая изгородь/ряд вдоль полосы) — по аналогии с проектом «07_nizhnie_polya»; ближайшее ограничение — пешеходная дорожка / тротуар: 2.2 м при норме 0.5 м (СП 42.13330.2016, п. 9.6, табл. 9.1; ППМ 743-ПП, табл. 3.6.1)";"ассортимент для озеленения Москвы, категория «магистрали и улицы»; без инвазивных видов ППМ 369-ПП";пешеходная дорожка / тротуар;2.2;0.5;"СП 42.13330.2016, п. 9.6, табл. 9.1; ППМ 743-ПП, табл. 3.6.1"
bush_path_corridor_013_004;посажено;bush;Спирея березолистная;NEW_BUSH;67.424;157.747;14765.541;-830.54;Линейная посадка (живая изгородь/ряд вдоль полосы);07_nizhnie_polya;"Линейная посадка (живая изгородь/ряд вдоль полосы) — по аналогии с проектом «07_nizhnie_polya»; ближайшее ограничение — пешеходная дорожка / тротуар: 2.2 м при норме 0.5 м (СП 42.13330.2016, п. 9.6, табл. 9.1; ППМ 743-ПП, табл. 3.6.1)";"ассортимент для озеленения Москвы, категория «магистрали и улицы»; без инвазивных видов ППМ 369-ПП";пешеходная дорожка / тротуар;2.2;0.5;"СП 42.13330.2016, п. 9.6, табл. 9.1; ППМ 743-ПП, табл. 3.6.1"
bush_path_corridor_013_005;посажено;bush;Спирея березолистная;NEW_BUSH;71.442;158.968;14769.559;-829.319;Линейная посадка (живая изгородь/ряд вдоль полосы);07_nizhnie_polya;"Линейная посадка (живая изгородь/ряд вдоль полосы) — по аналогии с проектом «07_nizhnie_polya»; ближайшее ограничение — пешеходная дорожка / тротуар: 2.2 м при норме 0.5 м (СП 42.13330.2016, п. 9.6, табл. 9.1; ППМ 743-ПП, табл. 3.6.1)";"ассортимент для озеленения Москвы, категория «магистрали и улицы»; без инвазивных видов ППМ 369-ПП";пешеходная дорожка / тротуар;2.2;0.5;"СП 42.13330.2016, п. 9.6, табл. 9.1; ППМ 743-ПП, табл. 3.6.1"
bush_path_corridor_013_006;посажено;bush;Спирея березолистная;NEW_BUSH;72.782;159.376;14770.899;-828.912;Линейная посадка (живая изгородь/ряд вдоль полосы);07_nizhnie_polya;"Линейная посадка (живая изгородь/ряд вдоль полосы) — по аналогии с проектом «07_nizhnie_polya»; ближайшее ограничение — пешеходная дорожка / тротуар: 2.2 м при норме 0.5 м (СП 42.13330.2016, п. 9.6, табл. 9.1; ППМ 743-ПП, табл. 3.6.1)";"ассортимент для озеленения Москвы, категория «магистрали и улицы»; без инвазивных видов ППМ 369-ПП";пешеходная дорожка / тротуар;2.2;0.5;"СП 42.13330.2016, п. 9.6, табл. 9.1; ППМ 743-ПП, табл. 3.6.1"
bush_path_corridor_013_007;посажено;bush;Спирея березолистная;NEW_BUSH;74.121;159.783;14772.238;-828.505;Линейная посадка (живая изгородь/ряд вдоль полосы);07_nizhnie_polya;"Линейная посадка (живая изгородь/ряд вдоль полосы) — по аналогии с проектом «07_nizhnie_polya»; ближайшее ограничение — пешеходная дорожка / тротуар: 2.2 м при норме 0.5 м (СП 42.13330.2016, п. 9.6, табл. 9.1; ППМ 743-ПП, табл. 3.6.1)";"ассортимент для озеленения Москвы, категория «магистрали и улицы»; без инвазивных видов ППМ 369-ПП";пешеходная дорожка / тротуар;2.2;0.5;"СП 42.13330.2016, п. 9.6, табл. 9.1; ППМ 743-ПП, табл. 3.6.1"
bush_path_corridor_013_008;посажено;bush;Спирея березолистная;NEW_BUSH;75.461;160.19;14773.578;-828.097;Линейная посадка (живая изгородь/ряд вдоль полосы);07_nizhnie_polya;"Линейная посадка (живая изгородь/ряд вдоль полосы) — по аналогии с проектом «07_nizhnie_polya»; ближайшее ограничение — пешеходная дорожка / тротуар: 2.2 м при норме 0.5 м (СП 42.13330.2016, п. 9.6, табл. 9.1; ППМ 743-ПП, табл. 3.6.1)";"ассортимент для озеленения Москвы, категория «магистрали и улицы»; без инвазивных видов ППМ 369-ПП";пешеходная дорожка / тротуар;2.2;0.5;"СП 42.13330.2016, п. 9.6, табл. 9.1; ППМ 743-ПП, табл. 3.6.1"
tree_path_corridor_016_001;посажено;tree;Вяз гибридный Резиста;NEW_TREE;166.637;194.18;14864.753;-794.107;Линейная посадка (живая изгородь/ряд вдоль полосы);07_nizhnie_polya;"Линейная посадка (живая изгородь/ряд вдоль полосы) — по аналогии с проектом «07_nizhnie_polya»; ближайшее ограничение — проезжая часть: 3.8 м при норме 2.0 м (СП 42.13330.2016, п. 9.6, табл. 9.1; ППМ 743-ПП, табл. 3.6.1)";"ассортимент для озеленения Москвы, категория «магистрали и улицы»; без инвазивных видов ППМ 369-ПП";проезжая часть;3.8;2.0;"СП 42.13330.2016, п. 9.6, табл. 9.1; ППМ 743-ПП, табл. 3.6.1"
tree_path_corridor_017_001;посажено;tree;Вяз гибридный Резиста;NEW_TREE;173.829;181.968;14871.946;-806.319;Линейная посадка (живая изгородь/ряд вдоль полосы);07_nizhnie_polya;"Линейная посадка (живая изгородь/ряд вдоль полосы) — по аналогии с проектом «07_nizhnie_polya»; ближайшее ограничение — пешеходная дорожка / тротуар: 2.1 м при норме 0.7 м (СП 42.13330.2016, п. 9.6, табл. 9.1; ППМ 743-ПП, табл. 3.6.1)";"ассортимент для озеленения Москвы, категория «магистрали и улицы»; без инвазивных видов ППМ 369-ПП";пешеходная дорожка / тротуар;2.11;0.7;"СП 42.13330.2016, п. 9.6, табл. 9.1; ППМ 743-ПП, табл. 3.6.1"
bush_path_corridor_017_001;посажено;bush;Спирея березолистная;NEW_BUSH;171.852;182.675;14869.968;-805.612;Линейная посадка (живая изгородь/ряд вдоль полосы);07_nizhnie_polya;"Линейная посадка (живая изгородь/ряд вдоль полосы) — по аналогии с проектом «07_nizhnie_polya»; ближайшее ограничение — пешеходная дорожка / тротуар: 2.0 м при норме 0.5 м (СП 42.13330.2016, п. 9.6, табл. 9.1; ППМ 743-ПП, табл. 3.6.1)";"ассортимент для озеленения Москвы, категория «магистрали и улицы»; без инвазивных видов ППМ 369-ПП";пешеходная дорожка / тротуар;2.01;0.5;"СП 42.13330.2016, п. 9.6, табл. 9.1; ППМ 743-ПП, табл. 3.6.1"
bush_path_corridor_017_002;посажено;bush;Спирея березолистная;NEW_BUSH;175.807;181.261;14873.923;-807.026;Линейная посадка (живая изгородь/ряд вдоль полосы);07_nizhnie_polya;"Линейная посадка (живая изгородь/ряд вдоль полосы) — по аналогии с проектом «07_nizhnie_polya»; ближайшее ограничение — пешеходная дорожка / тротуар: 1.9 м при норме 0.5 м (СП 42.13330.2016, п. 9.6, табл. 9.1; ППМ 743-ПП, табл. 3.6.1)";"ассортимент для озеленения Москвы, категория «магистрали и улицы»; без инвазивных видов ППМ 369-ПП";пешеходная дорожка / тротуар;1.89;0.5;"СП 42.13330.2016, п. 9.6, табл. 9.1; ППМ 743-ПП, табл. 3.6.1"
bush_path_corridor_018_001;посажено;bush;Спирея березолистная;NEW_BUSH;402.107;307.549;15100.224;-680.738;Линейная посадка (живая изгородь/ряд вдоль полосы);07_nizhnie_polya;"Линейная посадка (живая изгородь/ряд вдоль полосы) — по аналогии с проектом «07_nizhnie_polya»; ближайшее ограничение — пешеходная дорожка / тротуар: 1.5 м при норме 0.5 м (СП 42.13330.2016, п. 9.6, табл. 9.1; ППМ 743-ПП, табл. 3.6.1)";"ассортимент для озеленения Москвы, категория «магистрали и улицы»; без инвазивных видов ППМ 369-ПП";пешеходная дорожка / тротуар;1.5;0.5;"СП 42.13330.2016, п. 9.6, табл. 9.1; ППМ 743-ПП, табл. 3.6.1"
bush_path_corridor_019_001;посажено;bush;Спирея березолистная;NEW_BUSH;411.656;318.469;15109.773;-669.818;Линейная посадка (живая изгородь/ряд вдоль полосы);07_nizhnie_polya;"Линейная посадка (живая изгородь/ряд вдоль полосы) — по аналогии с проектом «07_nizhnie_polya»; ближайшее ограничение — пешеходная дорожка / тротуар: 2.5 м при норме 0.5 м (СП 42.13330.2016, п. 9.6, табл. 9.1; ППМ 743-ПП, табл. 3.6.1)";"ассортимент для озеленения Москвы, категория «магистрали и улицы»; без инвазивных видов ППМ 369-ПП";пешеходная дорожка / тротуар;2.45;0.5;"СП 42.13330.2016, п. 9.6, табл. 9.1; ППМ 743-ПП, табл. 3.6.1"
bush_path_corridor_019_002;посажено;bush;Спирея березолистная;NEW_BUSH;409.755;316.413;15107.872;-671.874;Линейная посадка (живая изгородь/ряд вдоль полосы);07_nizhnie_polya;"Линейная посадка (живая изгородь/ряд вдоль полосы) — по аналогии с проектом «07_nizhnie_polya»; ближайшее ограничение — пешеходная дорожка / тротуар: 2.4 м при норме 0.5 м (СП 42.13330.2016, п. 9.6, табл. 9.1; ППМ 743-ПП, табл. 3.6.1)";"ассортимент для озеленения Москвы, категория «магистрали и улицы»; без инвазивных видов ППМ 369-ПП";пешеходная дорожка / тротуар;2.43;0.5;"СП 42.13330.2016, п. 9.6, табл. 9.1; ППМ 743-ПП, табл. 3.6.1"
bush_path_corridor_021_001;посажено;bush;Спирея березолистная;NEW_BUSH;445.435;360.556;15143.552;-627.732;Линейная посадка (живая изгородь/ряд вдоль полосы);07_nizhnie_polya;"Линейная посадка (живая изгородь/ряд вдоль полосы) — по аналогии с проектом «07_nizhnie_polya»; ближайшее ограничение — кабель связи: 2.6 м при норме 0.7 м (СП 42.13330.2016, п. 9.6, табл. 9.1; ППМ 743-ПП, табл. 3.6.1)";"ассортимент для озеленения Москвы, категория «магистрали и улицы»; без инвазивных видов ППМ 369-ПП";кабель связи;2.58;0.7;"СП 42.13330.2016, п. 9.6, табл. 9.1; ППМ 743-ПП, табл. 3.6.1"
bush_path_corridor_021_002;посажено;bush;Спирея березолистная;NEW_BUSH;444.346;359.676;15142.462;-628.611;Линейная посадка (живая изгородь/ряд вдоль полосы);07_nizhnie_polya;"Линейная посадка (живая изгородь/ряд вдоль полосы) — по аналогии с проектом «07_nizhnie_polya»; ближайшее ограничение — кабель связи: 2.6 м при норме 0.7 м (СП 42.13330.2016, п. 9.6, табл. 9.1; ППМ 743-ПП, табл. 3.6.1)";"ассортимент для озеленения Москвы, категория «магистрали и улицы»; без инвазивных видов ППМ 369-ПП";кабель связи;2.58;0.7;"СП 42.13330.2016, п. 9.6, табл. 9.1; ППМ 743-ПП, табл. 3.6.1"
tree_path_corridor_023_001;посажено;tree;Вяз гибридный Резиста;NEW_TREE;472.819;411.786;15170.935;-576.501;Линейная посадка (живая изгородь/ряд вдоль полосы);07_nizhnie_polya;"Линейная посадка (живая изгородь/ряд вдоль полосы) — по аналогии с проектом «07_nizhnie_polya»; ближайшее ограничение — проезжая часть: 3.5 м при норме 2.0 м (СП 42.13330.2016, п. 9.6, табл. 9.1; ППМ 743-ПП, табл. 3.6.1)";"ассортимент для озеленения Москвы, категория «магистрали и улицы»; без инвазивных видов ППМ 369-ПП";проезжая часть;3.5;2.0;"СП 42.13330.2016, п. 9.6, табл. 9.1; ППМ 743-ПП, табл. 3.6.1"
bush_path_corridor_023_001;посажено;bush;Спирея березолистная;NEW_BUSH;472.647;413.879;15170.764;-574.408;Линейная посадка (живая изгородь/ряд вдоль полосы);07_nizhnie_polya;"Линейная посадка (живая изгородь/ряд вдоль полосы) — по аналогии с проектом «07_nizhnie_polya»; ближайшее ограничение — проезжая часть: 2.4 м при норме 1.0 м (СП 42.13330.2016, п. 9.6, табл. 9.1; ППМ 743-ПП, табл. 3.6.1)";"ассортимент для озеленения Москвы, категория «магистрали и улицы»; без инвазивных видов ППМ 369-ПП";проезжая часть;2.38;1.0;"СП 42.13330.2016, п. 9.6, табл. 9.1; ППМ 743-ПП, табл. 3.6.1"
tree_path_corridor_023_002;посажено;tree;Вяз гибридный Резиста;NEW_TREE;474.404;392.402;15172.52;-595.886;Линейная посадка (живая изгородь/ряд вдоль полосы);07_nizhnie_polya;"Линейная посадка (живая изгородь/ряд вдоль полосы) — по аналогии с проектом «07_nizhnie_polya»; ближайшее ограничение — пешеходная дорожка / тротуар: 2.2 м при норме 0.7 м (СП 42.13330.2016, п. 9.6, табл. 9.1; ППМ 743-ПП, табл. 3.6.1)";"ассортимент для озеленения Москвы, категория «магистрали и улицы»; без инвазивных видов ППМ 369-ПП";пешеходная дорожка / тротуар;2.2;0.7;"СП 42.13330.2016, п. 9.6, табл. 9.1; ППМ 743-ПП, табл. 3.6.1"
bush_path_corridor_025_001;посажено;bush;Спирея березолистная;NEW_BUSH;500.389;472.61;15198.506;-515.678;Линейная посадка (живая изгородь/ряд вдоль полосы);07_nizhnie_polya;"Линейная посадка (живая изгородь/ряд вдоль полосы) — по аналогии с проектом «07_nizhnie_polya»; ближайшее ограничение — проезжая часть: 3.1 м при норме 1.0 м (СП 42.13330.2016, п. 9.6, табл. 9.1; ППМ 743-ПП, табл. 3.6.1)";"ассортимент для озеленения Москвы, категория «магистрали и улицы»; без инвазивных видов ППМ 369-ПП";проезжая часть;3.13;1.0;"СП 42.13330.2016, п. 9.6, табл. 9.1; ППМ 743-ПП, табл. 3.6.1"
tree_path_corridor_026_001;посажено;tree;Вяз гибридный Резиста;NEW_TREE;572.658;501.674;15270.775;-486.613;Линейная посадка (живая изгородь/ряд вдоль полосы);07_nizhnie_polya;"Линейная посадка (живая изгородь/ряд вдоль полосы) — по аналогии с проектом «07_nizhnie_polya»; ближайшее ограничение — пешеходная дорожка / тротуар: 1.6 м при норме 0.7 м (СП 42.13330.2016, п. 9.6, табл. 9.1; ППМ 743-ПП, табл. 3.6.1)";"ассортимент для озеленения Москвы, категория «магистрали и улицы»; без инвазивных видов ППМ 369-ПП";пешеходная дорожка / тротуар;1.62;0.7;"СП 42.13330.2016, п. 9.6, табл. 9.1; ППМ 743-ПП, табл. 3.6.1"
bush_path_corridor_026_001;посажено;bush;Спирея березолистная;NEW_BUSH;570.065;500.618;15268.182;-487.67;Линейная посадка (живая изгородь/ряд вдоль полосы);07_nizhnie_polya;"Линейная посадка (живая изгородь/ряд вдоль полосы) — по аналогии с проектом «07_nizhnie_polya»; ближайшее ограничение — пешеходная дорожка / тротуар: 2.6 м при норме 0.5 м (СП 42.13330.2016, п. 9.6, табл. 9.1; ППМ 743-ПП, табл. 3.6.1)";"ассортимент для озеленения Москвы, категория «магистрали и улицы»; без инвазивных видов ППМ 369-ПП";пешеходная дорожка / тротуар;2.59;0.5;"СП 42.13330.2016, п. 9.6, табл. 9.1; ППМ 743-ПП, табл. 3.6.1"
bush_path_corridor_026_002;посажено;bush;Спирея березолистная;NEW_BUSH;571.362;501.146;15269.478;-487.142;Линейная посадка (живая изгородь/ряд вдоль полосы);07_nizhnie_polya;"Линейная посадка (живая изгородь/ряд вдоль полосы) — по аналогии с проектом «07_nizhnie_polya»; ближайшее ограничение — пешеходная дорожка / тротуар: 1.8 м при норме 0.5 м (СП 42.13330.2016, п. 9.6, табл. 9.1; ППМ 743-ПП, табл. 3.6.1)";"ассортимент для озеленения Москвы, категория «магистрали и улицы»; без инвазивных видов ППМ 369-ПП";пешеходная дорожка / тротуар;1.82;0.5;"СП 42.13330.2016, п. 9.6, табл. 9.1; ППМ 743-ПП, табл. 3.6.1"
bush_path_corridor_026_003;посажено;bush;Спирея березолистная;NEW_BUSH;573.955;502.202;15272.071;-486.085;Линейная посадка (живая изгородь/ряд вдоль полосы);07_nizhnie_polya;"Линейная посадка (живая изгородь/ряд вдоль полосы) — по аналогии с проектом «07_nizhnie_polya»; ближайшее ограничение — пешеходная дорожка / тротуар: 1.7 м при норме 0.5 м (СП 42.13330.2016, п. 9.6, табл. 9.1; ППМ 743-ПП, табл. 3.6.1)";"ассортимент для озеленения Москвы, категория «магистрали и улицы»; без инвазивных видов ППМ 369-ПП";пешеходная дорожка / тротуар;1.67;0.5;"СП 42.13330.2016, п. 9.6, табл. 9.1; ППМ 743-ПП, табл. 3.6.1"
bush_path_corridor_026_004;посажено;bush;Спирея березолистная;NEW_BUSH;575.251;502.73;15273.368;-485.557;Линейная посадка (живая изгородь/ряд вдоль полосы);07_nizhnie_polya;"Линейная посадка (живая изгородь/ряд вдоль полосы) — по аналогии с проектом «07_nizhnie_polya»; ближайшее ограничение — пешеходная дорожка / тротуар: 1.7 м при норме 0.5 м (СП 42.13330.2016, п. 9.6, табл. 9.1; ППМ 743-ПП, табл. 3.6.1)";"ассортимент для озеленения Москвы, категория «магистрали и улицы»; без инвазивных видов ППМ 369-ПП";пешеходная дорожка / тротуар;1.72;0.5;"СП 42.13330.2016, п. 9.6, табл. 9.1; ППМ 743-ПП, табл. 3.6.1"
tree_path_corridor_027_001;посажено;tree;Вяз гибридный Резиста;NEW_TREE;531.504;421.484;15229.621;-566.803;Линейная посадка (живая изгородь/ряд вдоль полосы);07_nizhnie_polya;"Линейная посадка (живая изгородь/ряд вдоль полосы) — по аналогии с проектом «07_nizhnie_polya»; ближайшее ограничение — кабель связи: 3.1 м при норме 2.0 м (СП 42.13330.2016, п. 9.6, табл. 9.1; ППМ 743-ПП, табл. 3.6.1)";"ассортимент для озеленения Москвы, категория «магистрали и улицы»; без инвазивных видов ППМ 369-ПП";кабель связи;3.07;2.0;"СП 42.13330.2016, п. 9.6, табл. 9.1; ППМ 743-ПП, табл. 3.6.1"
bush_path_corridor_027_001;посажено;bush;Спирея березолистная;NEW_BUSH;525.306;417.532;15223.423;-570.755;Линейная посадка (живая изгородь/ряд вдоль полосы);07_nizhnie_polya;"Линейная посадка (живая изгородь/ряд вдоль полосы) — по аналогии с проектом «07_nizhnie_polya»; ближайшее ограничение — проезжая часть: 2.5 м при норме 1.0 м (СП 42.13330.2016, п. 9.6, табл. 9.1; ППМ 743-ПП, табл. 3.6.1)";"ассортимент для озеленения Москвы, категория «магистрали и улицы»; без инвазивных видов ППМ 369-ПП";проезжая часть;2.49;1.0;"СП 42.13330.2016, п. 9.6, табл. 9.1; ППМ 743-ПП, табл. 3.6.1"
bush_path_corridor_027_002;посажено;bush;Спирея березолистная;NEW_BUSH;526.487;418.285;15224.604;-570.002;Линейная посадка (живая изгородь/ряд вдоль полосы);07_nizhnie_polya;"Линейная посадка (живая изгородь/ряд вдоль полосы) — по аналогии с проектом «07_nizhnie_polya»; ближайшее ограничение — кабель связи: 2.4 м при норме 0.7 м (СП 42.13330.2016, п. 9.6, табл. 9.1; ППМ 743-ПП, табл. 3.6.1)";"ассортимент для озеленения Москвы, категория «магистрали и улицы»; без инвазивных видов ППМ 369-ПП";кабель связи;2.41;0.7;"СП 42.13330.2016, п. 9.6, табл. 9.1; ППМ 743-ПП, табл. 3.6.1"
bush_path_corridor_027_003;посажено;bush;Спирея березолистная;NEW_BUSH;527.667;419.038;15225.784;-569.25;Линейная посадка (живая изгородь/ряд вдоль полосы);07_nizhnie_polya;"Линейная посадка (живая изгородь/ряд вдоль полосы) — по аналогии с проектом «07_nizhnie_polya»; ближайшее ограничение — кабель связи: 2.6 м при норме 0.7 м (СП 42.13330.2016, п. 9.6, табл. 9.1; ППМ 743-ПП, табл. 3.6.1)";"ассортимент для озеленения Москвы, категория «магистрали и улицы»; без инвазивных видов ППМ 369-ПП";кабель связи;2.57;0.7;"СП 42.13330.2016, п. 9.6, табл. 9.1; ППМ 743-ПП, табл. 3.6.1"
bush_path_corridor_027_004;посажено;bush;Спирея березолистная;NEW_BUSH;528.848;419.791;15226.965;-568.497;Линейная посадка (живая изгородь/ряд вдоль полосы);07_nizhnie_polya;"Линейная посадка (живая изгородь/ряд вдоль полосы) — по аналогии с проектом «07_nizhnie_polya»; ближайшее ограничение — кабель связи: 2.7 м при норме 0.7 м (СП 42.13330.2016, п. 9.6, табл. 9.1; ППМ 743-ПП, табл. 3.6.1)";"ассортимент для озеленения Москвы, категория «магистрали и улицы»; без инвазивных видов ППМ 369-ПП";кабель связи;2.72;0.7;"СП 42.13330.2016, п. 9.6, табл. 9.1; ППМ 743-ПП, табл. 3.6.1"
bush_path_corridor_027_005;посажено;bush;Спирея березолистная;NEW_BUSH;530.028;420.543;15228.145;-567.744;Линейная посадка (живая изгородь/ряд вдоль полосы);07_nizhnie_polya;"Линейная посадка (живая изгородь/ряд вдоль полосы) — по аналогии с проектом «07_nizhnie_polya»; ближайшее ограничение — кабель связи: 2.9 м при норме 0.7 м (СП 42.13330.2016, п. 9.6, табл. 9.1; ППМ 743-ПП, табл. 3.6.1)";"ассортимент для озеленения Москвы, категория «магистрали и улицы»; без инвазивных видов ППМ 369-ПП";кабель связи;2.88;0.7;"СП 42.13330.2016, п. 9.6, табл. 9.1; ППМ 743-ПП, табл. 3.6.1"
bush_path_corridor_027_006;посажено;bush;Спирея березолистная;NEW_BUSH;532.389;422.049;15230.506;-566.239;Линейная посадка (живая изгородь/ряд вдоль полосы);07_nizhnie_polya;"Линейная посадка (живая изгородь/ряд вдоль полосы) — по аналогии с проектом «07_nizhnie_polya»; ближайшее ограничение — кабель связи: 3.2 м при норме 0.7 м (СП 42.13330.2016, п. 9.6, табл. 9.1; ППМ 743-ПП, табл. 3.6.1)";"ассортимент для озеленения Москвы, категория «магистрали и улицы»; без инвазивных видов ППМ 369-ПП";кабель связи;3.19;0.7;"СП 42.13330.2016, п. 9.6, табл. 9.1; ППМ 743-ПП, табл. 3.6.1"
bush_path_corridor_027_007;посажено;bush;Спирея березолистная;NEW_BUSH;533.569;422.801;15231.686;-565.486;Линейная посадка (живая изгородь/ряд вдоль полосы);07_nizhnie_polya;"Линейная посадка (живая изгородь/ряд вдоль полосы) — по аналогии с проектом «07_nizhnie_polya»; ближайшее ограничение — кабель связи: 3.4 м при норме 0.7 м (СП 42.13330.2016, п. 9.6, табл. 9.1; ППМ 743-ПП, табл. 3.6.1)";"ассортимент для озеленения Москвы, категория «магистрали и улицы»; без инвазивных видов ППМ 369-ПП";кабель связи;3.35;0.7;"СП 42.13330.2016, п. 9.6, табл. 9.1; ППМ 743-ПП, табл. 3.6.1"
bush_path_corridor_027_008;посажено;bush;Спирея березолистная;NEW_BUSH;534.75;423.554;15232.867;-564.733;Линейная посадка (живая изгородь/ряд вдоль полосы);07_nizhnie_polya;"Линейная посадка (живая изгородь/ряд вдоль полосы) — по аналогии с проектом «07_nizhnie_polya»; ближайшее ограничение — кабель связи: 3.5 м при норме 0.7 м (СП 42.13330.2016, п. 9.6, табл. 9.1; ППМ 743-ПП, табл. 3.6.1)";"ассортимент для озеленения Москвы, категория «магистрали и улицы»; без инвазивных видов ППМ 369-ПП";кабель связи;3.5;0.7;"СП 42.13330.2016, п. 9.6, табл. 9.1; ППМ 743-ПП, табл. 3.6.1"
bush_path_corridor_027_009;посажено;bush;Спирея березолистная;NEW_BUSH;565.441;443.125;15263.558;-545.162;Линейная посадка (живая изгородь/ряд вдоль полосы);07_nizhnie_polya;"Линейная посадка (живая изгородь/ряд вдоль полосы) — по аналогии с проектом «07_nizhnie_polya»; ближайшее ограничение — проезжая часть: 4.4 м при норме 1.0 м (СП 42.13330.2016, п. 9.6, табл. 9.1; ППМ 743-ПП, табл. 3.6.1)";"ассортимент для озеленения Москвы, категория «магистрали и улицы»; без инвазивных видов ППМ 369-ПП";проезжая часть;4.43;1.0;"СП 42.13330.2016, п. 9.6, табл. 9.1; ППМ 743-ПП, табл. 3.6.1"
bush_path_corridor_027_010;посажено;bush;Спирея березолистная;NEW_BUSH;566.621;443.878;15264.738;-544.41;Линейная посадка (живая изгородь/ряд вдоль полосы);07_nizhnie_polya;"Линейная посадка (живая изгородь/ряд вдоль полосы) — по аналогии с проектом «07_nizhnie_polya»; ближайшее ограничение — проезжая часть: 3.5 м при норме 1.0 м (СП 42.13330.2016, п. 9.6, табл. 9.1; ППМ 743-ПП, табл. 3.6.1)";"ассортимент для озеленения Москвы, категория «магистрали и улицы»; без инвазивных видов ППМ 369-ПП";проезжая часть;3.51;1.0;"СП 42.13330.2016, п. 9.6, табл. 9.1; ППМ 743-ПП, табл. 3.6.1"
bush_path_corridor_027_011;посажено;bush;Спирея березолистная;NEW_BUSH;567.802;444.63;15265.919;-543.657;Линейная посадка (живая изгородь/ряд вдоль полосы);07_nizhnie_polya;"Линейная посадка (живая изгородь/ряд вдоль полосы) — по аналогии с проектом «07_nizhnie_polya»; ближайшее ограничение — проезжая часть: 2.6 м при норме 1.0 м (СП 42.13330.2016, п. 9.6, табл. 9.1; ППМ 743-ПП, табл. 3.6.1)";"ассортимент для озеленения Москвы, категория «магистрали и улицы»; без инвазивных видов ППМ 369-ПП";проезжая часть;2.59;1.0;"СП 42.13330.2016, п. 9.6, табл. 9.1; ППМ 743-ПП, табл. 3.6.1"
tree_path_corridor_028_001;посажено;tree;Вяз гибридный Резиста;NEW_TREE;545.607;386.333;15243.724;-601.955;Линейная посадка (живая изгородь/ряд вдоль полосы);07_nizhnie_polya;"Линейная посадка (живая изгородь/ряд вдоль полосы) — по аналогии с проектом «07_nizhnie_polya»; ближайшее ограничение — проезжая часть: 3.5 м при норме 2.0 м (СП 42.13330.2016, п. 9.6, табл. 9.1; ППМ 743-ПП, табл. 3.6.1)";"ассортимент для озеленения Москвы, категория «магистрали и улицы»; без инвазивных видов ППМ 369-ПП";проезжая часть;3.52;2.0;"СП 42.13330.2016, п. 9.6, табл. 9.1; ППМ 743-ПП, табл. 3.6.1"
tree_path_corridor_028_002;посажено;tree;Вяз гибридный Резиста;NEW_TREE;535.213;392.128;15233.33;-596.16;Линейная посадка (живая изгородь/ряд вдоль полосы);07_nizhnie_polya;"Линейная посадка (живая изгородь/ряд вдоль полосы) — по аналогии с проектом «07_nizhnie_polya»; ближайшее ограничение — проезжая часть: 2.6 м при норме 2.0 м (СП 42.13330.2016, п. 9.6, табл. 9.1; ППМ 743-ПП, табл. 3.6.1)";"ассортимент для озеленения Москвы, категория «магистрали и улицы»; без инвазивных видов ППМ 369-ПП";проезжая часть;2.57;2.0;"СП 42.13330.2016, п. 9.6, табл. 9.1; ППМ 743-ПП, табл. 3.6.1"
tree_path_corridor_028_003;посажено;tree;Вяз гибридный Резиста;NEW_TREE;524.819;397.922;15222.936;-590.365;Линейная посадка (живая изгородь/ряд вдоль полосы);07_nizhnie_polya;"Линейная посадка (живая изгородь/ряд вдоль полосы) — по аналогии с проектом «07_nizhnie_polya»; ближайшее ограничение — проезжая часть: 3.6 м при норме 2.0 м (СП 42.13330.2016, п. 9.6, табл. 9.1; ППМ 743-ПП, табл. 3.6.1)";"ассортимент для озеленения Москвы, категория «магистрали и улицы»; без инвазивных видов ППМ 369-ПП";проезжая часть;3.57;2.0;"СП 42.13330.2016, п. 9.6, табл. 9.1; ППМ 743-ПП, табл. 3.6.1"
bush_path_corridor_028_001;посажено;bush;Спирея березолистная;NEW_BUSH;547.441;385.31;15245.558;-602.977;Линейная посадка (живая изгородь/ряд вдоль полосы);07_nizhnie_polya;"Линейная посадка (живая изгородь/ряд вдоль полосы) — по аналогии с проектом «07_nizhnie_polya»; ближайшее ограничение — проезжая часть: 3.9 м при норме 1.0 м (СП 42.13330.2016, п. 9.6, табл. 9.1; ППМ 743-ПП, табл. 3.6.1)";"ассортимент для озеленения Москвы, категория «магистрали и улицы»; без инвазивных видов ППМ 369-ПП";проезжая часть;3.85;1.0;"СП 42.13330.2016, п. 9.6, табл. 9.1; ППМ 743-ПП, табл. 3.6.1"
bush_path_corridor_028_002;посажено;bush;Спирея березолистная;NEW_BUSH;543.773;387.355;15241.889;-600.932;Линейная посадка (живая изгородь/ряд вдоль полосы);07_nizhnie_polya;"Линейная посадка (живая изгородь/ряд вдоль полосы) — по аналогии с проектом «07_nizhnie_polya»; ближайшее ограничение — проезжая часть: 3.3 м при норме 1.0 м (СП 42.13330.2016, п. 9.6, табл. 9.1; ППМ 743-ПП, табл. 3.6.1)";"ассортимент для озеленения Москвы, категория «магистрали и улицы»; без инвазивных видов ППМ 369-ПП";проезжая часть;3.28;1.0;"СП 42.13330.2016, п. 9.6, табл. 9.1; ППМ 743-ПП, табл. 3.6.1"
bush_path_corridor_028_003;посажено;bush;Спирея березолистная;NEW_BUSH;542.55;388.037;15240.667;-600.25;Линейная посадка (живая изгородь/ряд вдоль полосы);07_nizhnie_polya;"Линейная посадка (живая изгородь/ряд вдоль полосы) — по аналогии с проектом «07_nizhnie_polya»; ближайшее ограничение — проезжая часть: 3.1 м при норме 1.0 м (СП 42.13330.2016, п. 9.6, табл. 9.1; ППМ 743-ПП, табл. 3.6.1)";"ассортимент для озеленения Москвы, категория «магистрали и улицы»; без инвазивных видов ППМ 369-ПП";проезжая часть;3.12;1.0;"СП 42.13330.2016, п. 9.6, табл. 9.1; ППМ 743-ПП, табл. 3.6.1"
bush_path_corridor_028_004;посажено;bush;Спирея березолистная;NEW_BUSH;541.327;388.719;15239.444;-599.569;Линейная посадка (живая изгородь/ряд вдоль полосы);07_nizhnie_polya;"Линейная посадка (живая изгородь/ряд вдоль полосы) — по аналогии с проектом «07_nizhnie_polya»; ближайшее ограничение — проезжая часть: 3.0 м при норме 1.0 м (СП 42.13330.2016, п. 9.6, табл. 9.1; ППМ 743-ПП, табл. 3.6.1)";"ассортимент для озеленения Москвы, категория «магистрали и улицы»; без инвазивных видов ППМ 369-ПП";проезжая часть;2.96;1.0;"СП 42.13330.2016, п. 9.6, табл. 9.1; ППМ 743-ПП, табл. 3.6.1"
bush_path_corridor_028_005;посажено;bush;Спирея березолистная;NEW_BUSH;540.104;389.401;15238.221;-598.887;Линейная посадка (живая изгородь/ряд вдоль полосы);07_nizhnie_polya;"Линейная посадка (живая изгородь/ряд вдоль полосы) — по аналогии с проектом «07_nizhnie_polya»; ближайшее ограничение — проезжая часть: 2.8 м при норме 1.0 м (СП 42.13330.2016, п. 9.6, табл. 9.1; ППМ 743-ПП, табл. 3.6.1)";"ассортимент для озеленения Москвы, категория «магистрали и улицы»; без инвазивных видов ППМ 369-ПП";проезжая часть;2.8;1.0;"СП 42.13330.2016, п. 9.6, табл. 9.1; ППМ 743-ПП, табл. 3.6.1"
bush_path_corridor_028_006;посажено;bush;Спирея березолистная;NEW_BUSH;538.881;390.082;15236.998;-598.205;Линейная посадка (живая изгородь/ряд вдоль полосы);07_nizhnie_polya;"Линейная посадка (живая изгородь/ряд вдоль полосы) — по аналогии с проектом «07_nizhnie_polya»; ближайшее ограничение — проезжая часть: 2.6 м при норме 1.0 м (СП 42.13330.2016, п. 9.6, табл. 9.1; ППМ 743-ПП, табл. 3.6.1)";"ассортимент для озеленения Москвы, категория «магистрали и улицы»; без инвазивных видов ППМ 369-ПП";проезжая часть;2.64;1.0;"СП 42.13330.2016, п. 9.6, табл. 9.1; ППМ 743-ПП, табл. 3.6.1"
bush_path_corridor_028_007;посажено;bush;Спирея березолистная;NEW_BUSH;537.659;390.764;15235.775;-597.523;Линейная посадка (живая изгородь/ряд вдоль полосы);07_nizhnie_polya;"Линейная посадка (живая изгородь/ряд вдоль полосы) — по аналогии с проектом «07_nizhnie_polya»; ближайшее ограничение — проезжая часть: 2.5 м при норме 1.0 м (СП 42.13330.2016, п. 9.6, табл. 9.1; ППМ 743-ПП, табл. 3.6.1)";"ассортимент для озеленения Москвы, категория «магистрали и улицы»; без инвазивных видов ППМ 369-ПП";проезжая часть;2.5;1.0;"СП 42.13330.2016, п. 9.6, табл. 9.1; ППМ 743-ПП, табл. 3.6.1"
bush_path_corridor_028_008;посажено;bush;Спирея березолистная;NEW_BUSH;536.436;391.446;15234.553;-596.842;Линейная посадка (живая изгородь/ряд вдоль полосы);07_nizhnie_polya;"Линейная посадка (живая изгородь/ряд вдоль полосы) — по аналогии с проектом «07_nizhnie_polya»; ближайшее ограничение — проезжая часть: 2.5 м при норме 1.0 м (СП 42.13330.2016, п. 9.6, табл. 9.1; ППМ 743-ПП, табл. 3.6.1)";"ассортимент для озеленения Москвы, категория «магистрали и улицы»; без инвазивных видов ППМ 369-ПП";проезжая часть;2.54;1.0;"СП 42.13330.2016, п. 9.6, табл. 9.1; ППМ 743-ПП, табл. 3.6.1"
bush_path_corridor_028_009;посажено;bush;Спирея березолистная;NEW_BUSH;533.99;392.809;15232.107;-595.478;Линейная посадка (живая изгородь/ряд вдоль полосы);07_nizhnie_polya;"Линейная посадка (живая изгородь/ряд вдоль полосы) — по аналогии с проектом «07_nizhnie_polya»; ближайшее ограничение — проезжая часть: 2.6 м при норме 1.0 м (СП 42.13330.2016, п. 9.6, табл. 9.1; ППМ 743-ПП, табл. 3.6.1)";"ассортимент для озеленения Москвы, категория «магистрали и улицы»; без инвазивных видов ППМ 369-ПП";проезжая часть;2.61;1.0;"СП 42.13330.2016, п. 9.6, табл. 9.1; ППМ 743-ПП, табл. 3.6.1"
bush_path_corridor_028_010;посажено;bush;Спирея березолистная;NEW_BUSH;532.767;393.491;15230.884;-594.796;Линейная посадка (живая изгородь/ряд вдоль полосы);07_nizhnie_polya;"Линейная посадка (живая изгородь/ряд вдоль полосы) — по аналогии с проектом «07_nizhnie_polya»; ближайшее ограничение — проезжая часть: 2.6 м при норме 1.0 м (СП 42.13330.2016, п. 9.6, табл. 9.1; ППМ 743-ПП, табл. 3.6.1)";"ассортимент для озеленения Москвы, категория «магистрали и улицы»; без инвазивных видов ППМ 369-ПП";проезжая часть;2.64;1.0;"СП 42.13330.2016, п. 9.6, табл. 9.1; ППМ 743-ПП, табл. 3.6.1"
bush_path_corridor_028_011;посажено;bush;Спирея березолистная;NEW_BUSH;531.545;394.173;15229.661;-594.115;Линейная посадка (живая изгородь/ряд вдоль полосы);07_nizhnie_polya;"Линейная посадка (живая изгородь/ряд вдоль полосы) — по аналогии с проектом «07_nizhnie_polya»; ближайшее ограничение — проезжая часть: 2.7 м при норме 1.0 м (СП 42.13330.2016, п. 9.6, табл. 9.1; ППМ 743-ПП, табл. 3.6.1)";"ассортимент для озеленения Москвы, категория «магистрали и улицы»; без инвазивных видов ППМ 369-ПП";проезжая часть;2.68;1.0;"СП 42.13330.2016, п. 9.6, табл. 9.1; ППМ 743-ПП, табл. 3.6.1"
bush_path_corridor_028_012;посажено;bush;Спирея березолистная;NEW_BUSH;530.322;394.855;15228.439;-593.433;Линейная посадка (живая изгородь/ряд вдоль полосы);07_nizhnie_polya;"Линейная посадка (живая изгородь/ряд вдоль полосы) — по аналогии с проектом «07_nizhnie_polya»; ближайшее ограничение — проезжая часть: 2.7 м при норме 1.0 м (СП 42.13330.2016, п. 9.6, табл. 9.1; ППМ 743-ПП, табл. 3.6.1)";"ассортимент для озеленения Москвы, категория «магистрали и улицы»; без инвазивных видов ППМ 369-ПП";проезжая часть;2.71;1.0;"СП 42.13330.2016, п. 9.6, табл. 9.1; ППМ 743-ПП, табл. 3.6.1"
bush_path_corridor_028_013;посажено;bush;Спирея березолистная;NEW_BUSH;529.099;395.536;15227.216;-592.751;Линейная посадка (живая изгородь/ряд вдоль полосы);07_nizhnie_polya;"Линейная посадка (живая изгородь/ряд вдоль полосы) — по аналогии с проектом «07_nizhnie_polya»; ближайшее ограничение — проезжая часть: 2.8 м при норме 1.0 м (СП 42.13330.2016, п. 9.6, табл. 9.1; ППМ 743-ПП, табл. 3.6.1)";"ассортимент для озеленения Москвы, категория «магистрали и улицы»; без инвазивных видов ППМ 369-ПП";проезжая часть;2.77;1.0;"СП 42.13330.2016, п. 9.6, табл. 9.1; ППМ 743-ПП, табл. 3.6.1"
bush_path_corridor_028_014;посажено;bush;Спирея березолистная;NEW_BUSH;527.876;396.218;15225.993;-592.069;Линейная посадка (живая изгородь/ряд вдоль полосы);07_nizhnie_polya;"Линейная посадка (живая изгородь/ряд вдоль полосы) — по аналогии с проектом «07_nizhnie_polya»; ближайшее ограничение — проезжая часть: 3.0 м при норме 1.0 м (СП 42.13330.2016, п. 9.6, табл. 9.1; ППМ 743-ПП, табл. 3.6.1)";"ассортимент для озеленения Москвы, категория «магистрали и улицы»; без инвазивных видов ППМ 369-ПП";проезжая часть;2.99;1.0;"СП 42.13330.2016, п. 9.6, табл. 9.1; ППМ 743-ПП, табл. 3.6.1"
bush_path_corridor_028_015;посажено;bush;Спирея березолистная;NEW_BUSH;526.653;396.9;15224.77;-591.388;Линейная посадка (живая изгородь/ряд вдоль полосы);07_nizhnie_polya;"Линейная посадка (живая изгородь/ряд вдоль полосы) — по аналогии с проектом «07_nizhnie_polya»; ближайшее ограничение — проезжая часть: 3.2 м при норме 1.0 м (СП 42.13330.2016, п. 9.6, табл. 9.1; ППМ 743-ПП, табл. 3.6.1)";"ассортимент для озеленения Москвы, категория «магистрали и улицы»; без инвазивных видов ППМ 369-ПП";проезжая часть;3.22;1.0;"СП 42.13330.2016, п. 9.6, табл. 9.1; ППМ 743-ПП, табл. 3.6.1"
bush_path_corridor_028_016;посажено;bush;Спирея березолистная;NEW_BUSH;522.985;398.945;15221.102;-589.342;Линейная посадка (живая изгородь/ряд вдоль полосы);07_nizhnie_polya;"Линейная посадка (живая изгородь/ряд вдоль полосы) — по аналогии с проектом «07_nizhnie_polya»; ближайшее ограничение — проезжая часть: 3.9 м при норме 1.0 м (СП 42.13330.2016, п. 9.6, табл. 9.1; ППМ 743-ПП, табл. 3.6.1)";"ассортимент для озеленения Москвы, категория «магистрали и улицы»; без инвазивных видов ППМ 369-ПП";проезжая часть;3.91;1.0;"СП 42.13330.2016, п. 9.6, табл. 9.1; ППМ 743-ПП, табл. 3.6.1"
tree_path_corridor_029_001;посажено;tree;Вяз гибридный Резиста;NEW_TREE;393.405;260.515;15091.522;-727.772;Линейная посадка (живая изгородь/ряд вдоль полосы);07_nizhnie_polya;"Линейная посадка (живая изгородь/ряд вдоль полосы) — по аналогии с проектом «07_nizhnie_polya»; ближайшее ограничение — пешеходная дорожка / тротуар: 2.2 м при норме 0.7 м (СП 42.13330.2016, п. 9.6, табл. 9.1; ППМ 743-ПП, табл. 3.6.1)";"ассортимент для озеленения Москвы, категория «магистрали и улицы»; без инвазивных видов ППМ 369-ПП";пешеходная дорожка / тротуар;2.2;0.7;"СП 42.13330.2016, п. 9.6, табл. 9.1; ППМ 743-ПП, табл. 3.6.1"
bush_path_corridor_029_001;посажено;bush;Спирея березолистная;NEW_BUSH;394.041;262.517;15092.158;-725.77;Линейная посадка (живая изгородь/ряд вдоль полосы);07_nizhnie_polya;"Линейная посадка (живая изгородь/ряд вдоль полосы) — по аналогии с проектом «07_nizhnie_polya»; ближайшее ограничение — пешеходная дорожка / тротуар: 1.3 м при норме 0.5 м (СП 42.13330.2016, п. 9.6, табл. 9.1; ППМ 743-ПП, табл. 3.6.1)";"ассортимент для озеленения Москвы, категория «магистрали и улицы»; без инвазивных видов ППМ 369-ПП";пешеходная дорожка / тротуар;1.28;0.5;"СП 42.13330.2016, п. 9.6, табл. 9.1; ППМ 743-ПП, табл. 3.6.1"
tree_path_corridor_029_002;посажено;tree;Вяз гибридный Резиста;NEW_TREE;389.749;249.004;15087.865;-739.284;Линейная посадка (живая изгородь/ряд вдоль полосы);07_nizhnie_polya;"Линейная посадка (живая изгородь/ряд вдоль полосы) — по аналогии с проектом «07_nizhnie_polya»; ближайшее ограничение — пешеходная дорожка / тротуар: 2.4 м при норме 0.7 м (СП 42.13330.2016, п. 9.6, табл. 9.1; ППМ 743-ПП, табл. 3.6.1)";"ассортимент для озеленения Москвы, категория «магистрали и улицы»; без инвазивных видов ППМ 369-ПП";пешеходная дорожка / тротуар;2.37;0.7;"СП 42.13330.2016, п. 9.6, табл. 9.1; ППМ 743-ПП, табл. 3.6.1"
bush_path_corridor_029_002;посажено;bush;Спирея березолистная;NEW_BUSH;389.325;247.669;15087.442;-740.618;Линейная посадка (живая изгородь/ряд вдоль полосы);07_nizhnie_polya;"Линейная посадка (живая изгородь/ряд вдоль полосы) — по аналогии с проектом «07_nizhnie_polya»; ближайшее ограничение — пешеходная дорожка / тротуар: 1.4 м при норме 0.5 м (СП 42.13330.2016, п. 9.6, табл. 9.1; ППМ 743-ПП, табл. 3.6.1)";"ассортимент для озеленения Москвы, категория «магистрали и улицы»; без инвазивных видов ППМ 369-ПП";пешеходная дорожка / тротуар;1.35;0.5;"СП 42.13330.2016, п. 9.6, табл. 9.1; ППМ 743-ПП, табл. 3.6.1"
tree_path_corridor_030_001;посажено;tree;Вяз гибридный Резиста;NEW_TREE;403.132;240.19;15101.249;-748.097;Линейная посадка (живая изгородь/ряд вдоль полосы);07_nizhnie_polya;"Линейная посадка (живая изгородь/ряд вдоль полосы) — по аналогии с проектом «07_nizhnie_polya»; ближайшее ограничение — пешеходная дорожка / тротуар: 2.1 м при норме 0.7 м (СП 42.13330.2016, п. 9.6, табл. 9.1; ППМ 743-ПП, табл. 3.6.1)";"ассортимент для озеленения Москвы, категория «магистрали и улицы»; без инвазивных видов ППМ 369-ПП";пешеходная дорожка / тротуар;2.06;0.7;"СП 42.13330.2016, п. 9.6, табл. 9.1; ППМ 743-ПП, табл. 3.6.1"
bush_path_corridor_030_001;посажено;bush;Спирея березолистная;NEW_BUSH;401.265;241.152;15099.382;-747.135;Линейная посадка (живая изгородь/ряд вдоль полосы);07_nizhnie_polya;"Линейная посадка (живая изгородь/ряд вдоль полосы) — по аналогии с проектом «07_nizhnie_polya»; ближайшее ограничение — пешеходная дорожка / тротуар: 1.8 м при норме 0.5 м (СП 42.13330.2016, п. 9.6, табл. 9.1; ППМ 743-ПП, табл. 3.6.1)";"ассортимент для озеленения Москвы, категория «магистрали и улицы»; без инвазивных видов ППМ 369-ПП";пешеходная дорожка / тротуар;1.83;0.5;"СП 42.13330.2016, п. 9.6, табл. 9.1; ППМ 743-ПП, табл. 3.6.1"
tree_path_corridor_031_001;посажено;tree;Вяз гибридный Резиста;NEW_TREE;507.97;169.452;15206.087;-818.835;Линейная посадка (живая изгородь/ряд вдоль полосы);07_nizhnie_polya;"Линейная посадка (живая изгородь/ряд вдоль полосы) — по аналогии с проектом «07_nizhnie_polya»; ближайшее ограничение — пешеходная дорожка / тротуар: 2.5 м при норме 0.7 м (СП 42.13330.2016, п. 9.6, табл. 9.1; ППМ 743-ПП, табл. 3.6.1)";"ассортимент для озеленения Москвы, категория «магистрали и улицы»; без инвазивных видов ППМ 369-ПП";пешеходная дорожка / тротуар;2.52;0.7;"СП 42.13330.2016, п. 9.6, табл. 9.1; ППМ 743-ПП, табл. 3.6.1"
bush_path_corridor_031_001;посажено;bush;Спирея березолистная;NEW_BUSH;513.218;169.313;15211.335;-818.974;Линейная посадка (живая изгородь/ряд вдоль полосы);07_nizhnie_polya;"Линейная посадка (живая изгородь/ряд вдоль полосы) — по аналогии с проектом «07_nizhnie_polya»; ближайшее ограничение — пешеходная дорожка / тротуар: 1.6 м при норме 0.5 м (СП 42.13330.2016, п. 9.6, табл. 9.1; ППМ 743-ПП, табл. 3.6.1)";"ассортимент для озеленения Москвы, категория «магистрали и улицы»; без инвазивных видов ППМ 369-ПП";пешеходная дорожка / тротуар;1.63;0.5;"СП 42.13330.2016, п. 9.6, табл. 9.1; ППМ 743-ПП, табл. 3.6.1"
bush_path_corridor_031_002;посажено;bush;Спирея березолистная;NEW_BUSH;511.819;169.35;15209.935;-818.937;Линейная посадка (живая изгородь/ряд вдоль полосы);07_nizhnie_polya;"Линейная посадка (живая изгородь/ряд вдоль полосы) — по аналогии с проектом «07_nizhnie_polya»; ближайшее ограничение — пешеходная дорожка / тротуар: 2.3 м при норме 0.5 м (СП 42.13330.2016, п. 9.6, табл. 9.1; ППМ 743-ПП, табл. 3.6.1)";"ассортимент для озеленения Москвы, категория «магистрали и улицы»; без инвазивных видов ППМ 369-ПП";пешеходная дорожка / тротуар;2.31;0.5;"СП 42.13330.2016, п. 9.6, табл. 9.1; ППМ 743-ПП, табл. 3.6.1"
bush_path_corridor_031_003;посажено;bush;Спирея березолистная;NEW_BUSH;510.419;169.387;15208.536;-818.9;Линейная посадка (живая изгородь/ряд вдоль полосы);07_nizhnie_polya;"Линейная посадка (живая изгородь/ряд вдоль полосы) — по аналогии с проектом «07_nizhnie_polya»; ближайшее ограничение — пешеходная дорожка / тротуар: 2.4 м при норме 0.5 м (СП 42.13330.2016, п. 9.6, табл. 9.1; ППМ 743-ПП, табл. 3.6.1)";"ассортимент для озеленения Москвы, категория «магистрали и улицы»; без инвазивных видов ППМ 369-ПП";пешеходная дорожка / тротуар;2.42;0.5;"СП 42.13330.2016, п. 9.6, табл. 9.1; ППМ 743-ПП, табл. 3.6.1"
bush_path_corridor_031_004;посажено;bush;Спирея березолистная;NEW_BUSH;509.02;169.425;15207.136;-818.863;Линейная посадка (живая изгородь/ряд вдоль полосы);07_nizhnie_polya;"Линейная посадка (живая изгородь/ряд вдоль полосы) — по аналогии с проектом «07_nizhnie_polya»; ближайшее ограничение — пешеходная дорожка / тротуар: 2.5 м при норме 0.5 м (СП 42.13330.2016, п. 9.6, табл. 9.1; ППМ 743-ПП, табл. 3.6.1)";"ассортимент для озеленения Москвы, категория «магистрали и улицы»; без инвазивных видов ППМ 369-ПП";пешеходная дорожка / тротуар;2.48;0.5;"СП 42.13330.2016, п. 9.6, табл. 9.1; ППМ 743-ПП, табл. 3.6.1"
bush_path_corridor_031_005;посажено;bush;Спирея березолистная;NEW_BUSH;506.221;169.499;15204.337;-818.789;Линейная посадка (живая изгородь/ряд вдоль полосы);07_nizhnie_polya;"Линейная посадка (живая изгородь/ряд вдоль полосы) — по аналогии с проектом «07_nizhnie_polya»; ближайшее ограничение — пешеходная дорожка / тротуар: 2.6 м при норме 0.5 м (СП 42.13330.2016, п. 9.6, табл. 9.1; ППМ 743-ПП, табл. 3.6.1)";"ассортимент для озеленения Москвы, категория «магистрали и улицы»; без инвазивных видов ППМ 369-ПП";пешеходная дорожка / тротуар;2.58;0.5;"СП 42.13330.2016, п. 9.6, табл. 9.1; ППМ 743-ПП, табл. 3.6.1"
bush_path_corridor_031_006;посажено;bush;Спирея березолистная;NEW_BUSH;504.821;169.536;15202.938;-818.752;Линейная посадка (живая изгородь/ряд вдоль полосы);07_nizhnie_polya;"Линейная посадка (живая изгородь/ряд вдоль полосы) — по аналогии с проектом «07_nizhnie_polya»; ближайшее ограничение — пешеходная дорожка / тротуар: 2.6 м при норме 0.5 м (СП 42.13330.2016, п. 9.6, табл. 9.1; ППМ 743-ПП, табл. 3.6.1)";"ассортимент для озеленения Москвы, категория «магистрали и улицы»; без инвазивных видов ППМ 369-ПП";пешеходная дорожка / тротуар;2.64;0.5;"СП 42.13330.2016, п. 9.6, табл. 9.1; ППМ 743-ПП, табл. 3.6.1"
bush_path_corridor_031_007;посажено;bush;Спирея березолистная;NEW_BUSH;490.826;169.907;15188.943;-818.381;Линейная посадка (живая изгородь/ряд вдоль полосы);07_nizhnie_polya;"Линейная посадка (живая изгородь/ряд вдоль полосы) — по аналогии с проектом «07_nizhnie_polya»; ближайшее ограничение — пешеходная дорожка / тротуар: 1.6 м при норме 0.5 м (СП 42.13330.2016, п. 9.6, табл. 9.1; ППМ 743-ПП, табл. 3.6.1)";"ассортимент для озеленения Москвы, категория «магистрали и улицы»; без инвазивных видов ППМ 369-ПП";пешеходная дорожка / тротуар;1.56;0.5;"СП 42.13330.2016, п. 9.6, табл. 9.1; ППМ 743-ПП, табл. 3.6.1"
tree_path_corridor_032_001;посажено;tree;Вяз гибридный Резиста;NEW_TREE;471.191;178.718;15169.307;-809.57;Линейная посадка (живая изгородь/ряд вдоль полосы);07_nizhnie_polya;"Линейная посадка (живая изгородь/ряд вдоль полосы) — по аналогии с проектом «07_nizhnie_polya»; ближайшее ограничение — пешеходная дорожка / тротуар: 2.3 м при норме 0.7 м (СП 42.13330.2016, п. 9.6, табл. 9.1; ППМ 743-ПП, табл. 3.6.1)";"ассортимент для озеленения Москвы, категория «магистрали и улицы»; без инвазивных видов ППМ 369-ПП";пешеходная дорожка / тротуар;2.31;0.7;"СП 42.13330.2016, п. 9.6, табл. 9.1; ППМ 743-ПП, табл. 3.6.1"
bush_path_corridor_032_001;посажено;bush;Спирея березолистная;NEW_BUSH;472.831;176.448;15170.947;-811.839;Линейная посадка (живая изгородь/ряд вдоль полосы);07_nizhnie_polya;"Линейная посадка (живая изгородь/ряд вдоль полосы) — по аналогии с проектом «07_nizhnie_polya»; ближайшее ограничение — пешеходная дорожка / тротуар: 2.6 м при норме 0.5 м (СП 42.13330.2016, п. 9.6, табл. 9.1; ППМ 743-ПП, табл. 3.6.1)";"ассортимент для озеленения Москвы, категория «магистрали и улицы»; без инвазивных видов ППМ 369-ПП";пешеходная дорожка / тротуар;2.58;0.5;"СП 42.13330.2016, п. 9.6, табл. 9.1; ППМ 743-ПП, табл. 3.6.1"
bush_path_corridor_032_002;посажено;bush;Спирея березолистная;NEW_BUSH;472.011;177.583;15170.127;-810.705;Линейная посадка (живая изгородь/ряд вдоль полосы);07_nizhnie_polya;"Линейная посадка (живая изгородь/ряд вдоль полосы) — по аналогии с проектом «07_nizhnie_polya»; ближайшее ограничение — пешеходная дорожка / тротуар: 2.5 м при норме 0.5 м (СП 42.13330.2016, п. 9.6, табл. 9.1; ППМ 743-ПП, табл. 3.6.1)";"ассортимент для озеленения Москвы, категория «магистрали и улицы»; без инвазивных видов ППМ 369-ПП";пешеходная дорожка / тротуар;2.46;0.5;"СП 42.13330.2016, п. 9.6, табл. 9.1; ППМ 743-ПП, табл. 3.6.1"
bush_path_corridor_032_003;посажено;bush;Спирея березолистная;NEW_BUSH;470.371;179.852;15168.488;-808.435;Линейная посадка (живая изгородь/ряд вдоль полосы);07_nizhnie_polya;"Линейная посадка (живая изгородь/ряд вдоль полосы) — по аналогии с проектом «07_nizhnie_polya»; ближайшее ограничение — пешеходная дорожка / тротуар: 2.1 м при норме 0.5 м (СП 42.13330.2016, п. 9.6, табл. 9.1; ППМ 743-ПП, табл. 3.6.1)";"ассортимент для озеленения Москвы, категория «магистрали и улицы»; без инвазивных видов ППМ 369-ПП";пешеходная дорожка / тротуар;2.15;0.5;"СП 42.13330.2016, п. 9.6, табл. 9.1; ППМ 743-ПП, табл. 3.6.1"
bush_path_corridor_032_004;посажено;bush;Спирея березолистная;NEW_BUSH;469.551;180.987;15167.668;-807.3;Линейная посадка (живая изгородь/ряд вдоль полосы);07_nizhnie_polya;"Линейная посадка (живая изгородь/ряд вдоль полосы) — по аналогии с проектом «07_nizhnie_polya»; ближайшее ограничение — пешеходная дорожка / тротуар: 2.0 м при норме 0.5 м (СП 42.13330.2016, п. 9.6, табл. 9.1; ППМ 743-ПП, табл. 3.6.1)";"ассортимент для озеленения Москвы, категория «магистрали и улицы»; без инвазивных видов ППМ 369-ПП";пешеходная дорожка / тротуар;2.0;0.5;"СП 42.13330.2016, п. 9.6, табл. 9.1; ППМ 743-ПП, табл. 3.6.1"
bush_path_corridor_032_005;посажено;bush;Спирея березолистная;NEW_BUSH;468.731;182.122;15166.848;-806.166;Линейная посадка (живая изгородь/ряд вдоль полосы);07_nizhnie_polya;"Линейная посадка (живая изгородь/ряд вдоль полосы) — по аналогии с проектом «07_nizhnie_polya»; ближайшее ограничение — пешеходная дорожка / тротуар: 1.8 м при норме 0.5 м (СП 42.13330.2016, п. 9.6, табл. 9.1; ППМ 743-ПП, табл. 3.6.1)";"ассортимент для озеленения Москвы, категория «магистрали и улицы»; без инвазивных видов ППМ 369-ПП";пешеходная дорожка / тротуар;1.84;0.5;"СП 42.13330.2016, п. 9.6, табл. 9.1; ППМ 743-ПП, табл. 3.6.1"
tree_path_corridor_033_001;посажено;tree;Вяз гибридный Резиста;NEW_TREE;311.576;214.331;15009.693;-773.957;Линейная посадка (живая изгородь/ряд вдоль полосы);07_nizhnie_polya;"Линейная посадка (живая изгородь/ряд вдоль полосы) — по аналогии с проектом «07_nizhnie_polya»; ближайшее ограничение — проезжая часть: 3.5 м при норме 2.0 м (СП 42.13330.2016, п. 9.6, табл. 9.1; ППМ 743-ПП, табл. 3.6.1)";"ассортимент для озеленения Москвы, категория «магистрали и улицы»; без инвазивных видов ППМ 369-ПП";проезжая часть;3.5;2.0;"СП 42.13330.2016, п. 9.6, табл. 9.1; ППМ 743-ПП, табл. 3.6.1"
tree_path_corridor_034_001;посажено;tree;Вяз гибридный Резиста;NEW_TREE;262.432;193.043;14960.549;-795.245;Линейная посадка (живая изгородь/ряд вдоль полосы);07_nizhnie_polya;"Линейная посадка (живая изгородь/ряд вдоль полосы) — по аналогии с проектом «07_nizhnie_polya»; ближайшее ограничение — пешеходная дорожка / тротуар: 2.4 м при норме 0.7 м (СП 42.13330.2016, п. 9.6, табл. 9.1; ППМ 743-ПП, табл. 3.6.1)";"ассортимент для озеленения Москвы, категория «магистрали и улицы»; без инвазивных видов ППМ 369-ПП";пешеходная дорожка / тротуар;2.36;0.7;"СП 42.13330.2016, п. 9.6, табл. 9.1; ППМ 743-ПП, табл. 3.6.1"
bush_path_corridor_034_001;посажено;bush;Спирея березолистная;NEW_BUSH;257.353;190.685;14955.47;-797.603;Линейная посадка (живая изгородь/ряд вдоль полосы);07_nizhnie_polya;"Линейная посадка (живая изгородь/ряд вдоль полосы) — по аналогии с проектом «07_nizhnie_polya»; ближайшее ограничение — пешеходная дорожка / тротуар: 2.4 м при норме 0.5 м (СП 42.13330.2016, п. 9.6, табл. 9.1; ППМ 743-ПП, табл. 3.6.1)";"ассортимент для озеленения Москвы, категория «магистрали и улицы»; без инвазивных видов ППМ 369-ПП";пешеходная дорожка / тротуар;2.36;0.5;"СП 42.13330.2016, п. 9.6, табл. 9.1; ППМ 743-ПП, табл. 3.6.1"
bush_path_corridor_034_002;посажено;bush;Спирея березолистная;NEW_BUSH;258.623;191.274;14956.74;-797.013;Линейная посадка (живая изгородь/ряд вдоль полосы);07_nizhnie_polya;"Линейная посадка (живая изгородь/ряд вдоль полосы) — по аналогии с проектом «07_nizhnie_polya»; ближайшее ограничение — пешеходная дорожка / тротуар: 2.4 м при норме 0.5 м (СП 42.13330.2016, п. 9.6, табл. 9.1; ППМ 743-ПП, табл. 3.6.1)";"ассортимент для озеленения Москвы, категория «магистрали и улицы»; без инвазивных видов ППМ 369-ПП";пешеходная дорожка / тротуар;2.36;0.5;"СП 42.13330.2016, п. 9.6, табл. 9.1; ППМ 743-ПП, табл. 3.6.1"
bush_path_corridor_034_003;посажено;bush;Спирея березолистная;NEW_BUSH;259.893;191.864;14958.01;-796.424;Линейная посадка (живая изгородь/ряд вдоль полосы);07_nizhnie_polya;"Линейная посадка (живая изгородь/ряд вдоль полосы) — по аналогии с проектом «07_nizhnie_polya»; ближайшее ограничение — пешеходная дорожка / тротуар: 2.4 м при норме 0.5 м (СП 42.13330.2016, п. 9.6, табл. 9.1; ППМ 743-ПП, табл. 3.6.1)";"ассортимент для озеленения Москвы, категория «магистрали и улицы»; без инвазивных видов ППМ 369-ПП";пешеходная дорожка / тротуар;2.36;0.5;"СП 42.13330.2016, п. 9.6, табл. 9.1; ППМ 743-ПП, табл. 3.6.1"
bush_path_corridor_034_004;посажено;bush;Спирея березолистная;NEW_BUSH;261.163;192.453;14959.279;-795.834;Линейная посадка (живая изгородь/ряд вдоль полосы);07_nizhnie_polya;"Линейная посадка (живая изгородь/ряд вдоль полосы) — по аналогии с проектом «07_nizhnie_polya»; ближайшее ограничение — пешеходная дорожка / тротуар: 2.4 м при норме 0.5 м (СП 42.13330.2016, п. 9.6, табл. 9.1; ППМ 743-ПП, табл. 3.6.1)";"ассортимент для озеленения Москвы, категория «магистрали и улицы»; без инвазивных видов ППМ 369-ПП";пешеходная дорожка / тротуар;2.36;0.5;"СП 42.13330.2016, п. 9.6, табл. 9.1; ППМ 743-ПП, табл. 3.6.1"
bush_path_corridor_034_005;посажено;bush;Спирея березолистная;NEW_BUSH;263.702;193.632;14961.819;-794.655;Линейная посадка (живая изгородь/ряд вдоль полосы);07_nizhnie_polya;"Линейная посадка (живая изгородь/ряд вдоль полосы) — по аналогии с проектом «07_nizhnie_polya»; ближайшее ограничение — пешеходная дорожка / тротуар: 2.4 м при норме 0.5 м (СП 42.13330.2016, п. 9.6, табл. 9.1; ППМ 743-ПП, табл. 3.6.1)";"ассортимент для озеленения Москвы, категория «магистрали и улицы»; без инвазивных видов ППМ 369-ПП";пешеходная дорожка / тротуар;2.36;0.5;"СП 42.13330.2016, п. 9.6, табл. 9.1; ППМ 743-ПП, табл. 3.6.1"
bush_path_corridor_034_006;посажено;bush;Спирея березолистная;NEW_BUSH;264.972;194.222;14963.089;-794.066;Линейная посадка (живая изгородь/ряд вдоль полосы);07_nizhnie_polya;"Линейная посадка (живая изгородь/ряд вдоль полосы) — по аналогии с проектом «07_nizhnie_polya»; ближайшее ограничение — пешеходная дорожка / тротуар: 2.4 м при норме 0.5 м (СП 42.13330.2016, п. 9.6, табл. 9.1; ППМ 743-ПП, табл. 3.6.1)";"ассортимент для озеленения Москвы, категория «магистрали и улицы»; без инвазивных видов ППМ 369-ПП";пешеходная дорожка / тротуар;2.36;0.5;"СП 42.13330.2016, п. 9.6, табл. 9.1; ППМ 743-ПП, табл. 3.6.1"
bush_path_corridor_034_007;посажено;bush;Спирея березолистная;NEW_BUSH;266.242;194.811;14964.359;-793.476;Линейная посадка (живая изгородь/ряд вдоль полосы);07_nizhnie_polya;"Линейная посадка (живая изгородь/ряд вдоль полосы) — по аналогии с проектом «07_nizhnie_polya»; ближайшее ограничение — пешеходная дорожка / тротуар: 2.4 м при норме 0.5 м (СП 42.13330.2016, п. 9.6, табл. 9.1; ППМ 743-ПП, табл. 3.6.1)";"ассортимент для озеленения Москвы, категория «магистрали и улицы»; без инвазивных видов ППМ 369-ПП";пешеходная дорожка / тротуар;2.36;0.5;"СП 42.13330.2016, п. 9.6, табл. 9.1; ППМ 743-ПП, табл. 3.6.1"
bush_path_corridor_034_008;посажено;bush;Спирея березолистная;NEW_BUSH;267.512;195.401;14965.629;-792.887;Линейная посадка (живая изгородь/ряд вдоль полосы);07_nizhnie_polya;"Линейная посадка (живая изгородь/ряд вдоль полосы) — по аналогии с проектом «07_nizhnie_polya»; ближайшее ограничение — пешеходная дорожка / тротуар: 1.9 м при норме 0.5 м (СП 42.13330.2016, п. 9.6, табл. 9.1; ППМ 743-ПП, табл. 3.6.1)";"ассортимент для озеленения Москвы, категория «магистрали и улицы»; без инвазивных видов ППМ 369-ПП";пешеходная дорожка / тротуар;1.89;0.5;"СП 42.13330.2016, п. 9.6, табл. 9.1; ППМ 743-ПП, табл. 3.6.1"
tree_path_corridor_035_001;посажено;tree;Вяз гибридный Резиста;NEW_TREE;246.719;185.85;14944.836;-802.437;Линейная посадка (живая изгородь/ряд вдоль полосы);07_nizhnie_polya;"Линейная посадка (живая изгородь/ряд вдоль полосы) — по аналогии с проектом «07_nizhnie_polya»; ближайшее ограничение — пешеходная дорожка / тротуар: 2.3 м при норме 0.7 м (СП 42.13330.2016, п. 9.6, табл. 9.1; ППМ 743-ПП, табл. 3.6.1)";"ассортимент для озеленения Москвы, категория «магистрали и улицы»; без инвазивных видов ППМ 369-ПП";пешеходная дорожка / тротуар;2.27;0.7;"СП 42.13330.2016, п. 9.6, табл. 9.1; ППМ 743-ПП, табл. 3.6.1"
bush_path_corridor_035_001;посажено;bush;Спирея березолистная;NEW_BUSH;241.64;183.492;14939.757;-804.795;Линейная посадка (живая изгородь/ряд вдоль полосы);07_nizhnie_polya;"Линейная посадка (живая изгородь/ряд вдоль полосы) — по аналогии с проектом «07_nizhnie_polya»; ближайшее ограничение — пешеходная дорожка / тротуар: 1.9 м при норме 0.5 м (СП 42.13330.2016, п. 9.6, табл. 9.1; ППМ 743-ПП, табл. 3.6.1)";"ассортимент для озеленения Москвы, категория «магистрали и улицы»; без инвазивных видов ППМ 369-ПП";пешеходная дорожка / тротуар;1.89;0.5;"СП 42.13330.2016, п. 9.6, табл. 9.1; ППМ 743-ПП, табл. 3.6.1"
bush_path_corridor_035_002;посажено;bush;Спирея березолистная;NEW_BUSH;242.91;184.082;14941.026;-804.206;Линейная посадка (живая изгородь/ряд вдоль полосы);07_nizhnie_polya;"Линейная посадка (живая изгородь/ряд вдоль полосы) — по аналогии с проектом «07_nizhnie_polya»; ближайшее ограничение — пешеходная дорожка / тротуар: 2.3 м при норме 0.5 м (СП 42.13330.2016, п. 9.6, табл. 9.1; ППМ 743-ПП, табл. 3.6.1)";"ассортимент для озеленения Москвы, категория «магистрали и улицы»; без инвазивных видов ППМ 369-ПП";пешеходная дорожка / тротуар;2.27;0.5;"СП 42.13330.2016, п. 9.6, табл. 9.1; ППМ 743-ПП, табл. 3.6.1"
bush_path_corridor_035_003;посажено;bush;Спирея березолистная;NEW_BUSH;244.179;184.671;14942.296;-803.616;Линейная посадка (живая изгородь/ряд вдоль полосы);07_nizhnie_polya;"Линейная посадка (живая изгородь/ряд вдоль полосы) — по аналогии с проектом «07_nizhnie_polya»; ближайшее ограничение — пешеходная дорожка / тротуар: 2.3 м при норме 0.5 м (СП 42.13330.2016, п. 9.6, табл. 9.1; ППМ 743-ПП, табл. 3.6.1)";"ассортимент для озеленения Москвы, категория «магистрали и улицы»; без инвазивных видов ППМ 369-ПП";пешеходная дорожка / тротуар;2.27;0.5;"СП 42.13330.2016, п. 9.6, табл. 9.1; ППМ 743-ПП, табл. 3.6.1"
bush_path_corridor_035_004;посажено;bush;Спирея березолистная;NEW_BUSH;245.449;185.261;14943.566;-803.027;Линейная посадка (живая изгородь/ряд вдоль полосы);07_nizhnie_polya;"Линейная посадка (живая изгородь/ряд вдоль полосы) — по аналогии с проектом «07_nizhnie_polya»; ближайшее ограничение — пешеходная дорожка / тротуар: 2.3 м при норме 0.5 м (СП 42.13330.2016, п. 9.6, табл. 9.1; ППМ 743-ПП, табл. 3.6.1)";"ассортимент для озеленения Москвы, категория «магистрали и улицы»; без инвазивных видов ППМ 369-ПП";пешеходная дорожка / тротуар;2.27;0.5;"СП 42.13330.2016, п. 9.6, табл. 9.1; ППМ 743-ПП, табл. 3.6.1"
bush_path_corridor_035_005;посажено;bush;Спирея березолистная;NEW_BUSH;247.989;186.44;14946.106;-801.848;Линейная посадка (живая изгородь/ряд вдоль полосы);07_nizhnie_polya;"Линейная посадка (живая изгородь/ряд вдоль полосы) — по аналогии с проектом «07_nizhnie_polya»; ближайшее ограничение — пешеходная дорожка / тротуар: 2.3 м при норме 0.5 м (СП 42.13330.2016, п. 9.6, табл. 9.1; ППМ 743-ПП, табл. 3.6.1)";"ассортимент для озеленения Москвы, категория «магистрали и улицы»; без инвазивных видов ППМ 369-ПП";пешеходная дорожка / тротуар;2.27;0.5;"СП 42.13330.2016, п. 9.6, табл. 9.1; ППМ 743-ПП, табл. 3.6.1"
bush_path_corridor_035_006;посажено;bush;Спирея березолистная;NEW_BUSH;249.259;187.029;14947.376;-801.258;Линейная посадка (живая изгородь/ряд вдоль полосы);07_nizhnie_polya;"Линейная посадка (живая изгородь/ряд вдоль полосы) — по аналогии с проектом «07_nizhnie_polya»; ближайшее ограничение — пешеходная дорожка / тротуар: 2.3 м при норме 0.5 м (СП 42.13330.2016, п. 9.6, табл. 9.1; ППМ 743-ПП, табл. 3.6.1)";"ассортимент для озеленения Москвы, категория «магистрали и улицы»; без инвазивных видов ППМ 369-ПП";пешеходная дорожка / тротуар;2.27;0.5;"СП 42.13330.2016, п. 9.6, табл. 9.1; ППМ 743-ПП, табл. 3.6.1"
bush_path_corridor_035_007;посажено;bush;Спирея березолистная;NEW_BUSH;250.529;187.619;14948.645;-800.669;Линейная посадка (живая изгородь/ряд вдоль полосы);07_nizhnie_polya;"Линейная посадка (живая изгородь/ряд вдоль полосы) — по аналогии с проектом «07_nizhnie_polya»; ближайшее ограничение — пешеходная дорожка / тротуар: 2.3 м при норме 0.5 м (СП 42.13330.2016, п. 9.6, табл. 9.1; ППМ 743-ПП, табл. 3.6.1)";"ассортимент для озеленения Москвы, категория «магистрали и улицы»; без инвазивных видов ППМ 369-ПП";пешеходная дорожка / тротуар;2.27;0.5;"СП 42.13330.2016, п. 9.6, табл. 9.1; ППМ 743-ПП, табл. 3.6.1"
bush_path_corridor_035_008;посажено;bush;Спирея березолистная;NEW_BUSH;251.798;188.208;14949.915;-800.079;Линейная посадка (живая изгородь/ряд вдоль полосы);07_nizhnie_polya;"Линейная посадка (живая изгородь/ряд вдоль полосы) — по аналогии с проектом «07_nizhnie_polya»; ближайшее ограничение — пешеходная дорожка / тротуар: 2.3 м при норме 0.5 м (СП 42.13330.2016, п. 9.6, табл. 9.1; ППМ 743-ПП, табл. 3.6.1)";"ассортимент для озеленения Москвы, категория «магистрали и улицы»; без инвазивных видов ППМ 369-ПП";пешеходная дорожка / тротуар;2.27;0.5;"СП 42.13330.2016, п. 9.6, табл. 9.1; ППМ 743-ПП, табл. 3.6.1"
tree_path_corridor_036_001;посажено;tree;Вяз гибридный Резиста;NEW_TREE;235.94;165.149;14934.057;-823.138;Линейная посадка (живая изгородь/ряд вдоль полосы);07_nizhnie_polya;"Линейная посадка (живая изгородь/ряд вдоль полосы) — по аналогии с проектом «07_nizhnie_polya»; ближайшее ограничение — проезжая часть: 3.5 м при норме 2.0 м (СП 42.13330.2016, п. 9.6, табл. 9.1; ППМ 743-ПП, табл. 3.6.1)";"ассортимент для озеленения Москвы, категория «магистрали и улицы»; без инвазивных видов ППМ 369-ПП";проезжая часть;3.45;2.0;"СП 42.13330.2016, п. 9.6, табл. 9.1; ППМ 743-ПП, табл. 3.6.1"
bush_path_corridor_036_001;посажено;bush;Спирея березолистная;NEW_BUSH;237.585;162.884;14935.702;-825.404;Линейная посадка (живая изгородь/ряд вдоль полосы);07_nizhnie_polya;"Линейная посадка (живая изгородь/ряд вдоль полосы) — по аналогии с проектом «07_nizhnie_polya»; ближайшее ограничение — проезжая часть: 4.0 м при норме 1.0 м (СП 42.13330.2016, п. 9.6, табл. 9.1; ППМ 743-ПП, табл. 3.6.1)";"ассортимент для озеленения Москвы, категория «магистрали и улицы»; без инвазивных видов ППМ 369-ПП";проезжая часть;4.0;1.0;"СП 42.13330.2016, п. 9.6, табл. 9.1; ППМ 743-ПП, табл. 3.6.1"
bush_path_corridor_036_002;посажено;bush;Спирея березолистная;NEW_BUSH;236.763;164.016;14934.879;-824.271;Линейная посадка (живая изгородь/ряд вдоль полосы);07_nizhnie_polya;"Линейная посадка (живая изгородь/ряд вдоль полосы) — по аналогии с проектом «07_nizhnie_polya»; ближайшее ограничение — проезжая часть: 3.7 м при норме 1.0 м (СП 42.13330.2016, п. 9.6, табл. 9.1; ППМ 743-ПП, табл. 3.6.1)";"ассортимент для озеленения Москвы, категория «магистрали и улицы»; без инвазивных видов ППМ 369-ПП";проезжая часть;3.72;1.0;"СП 42.13330.2016, п. 9.6, табл. 9.1; ППМ 743-ПП, табл. 3.6.1"
bush_path_corridor_036_003;посажено;bush;Спирея березолистная;NEW_BUSH;235.117;166.282;14933.234;-822.005;Линейная посадка (живая изгородь/ряд вдоль полосы);07_nizhnie_polya;"Линейная посадка (живая изгородь/ряд вдоль полосы) — по аналогии с проектом «07_nizhnie_polya»; ближайшее ограничение — проезжая часть: 3.2 м при норме 1.0 м (СП 42.13330.2016, п. 9.6, табл. 9.1; ППМ 743-ПП, табл. 3.6.1)";"ассортимент для озеленения Москвы, категория «магистрали и улицы»; без инвазивных видов ППМ 369-ПП";проезжая часть;3.17;1.0;"СП 42.13330.2016, п. 9.6, табл. 9.1; ППМ 743-ПП, табл. 3.6.1"
bush_path_corridor_036_004;посажено;bush;Спирея березолистная;NEW_BUSH;234.295;167.415;14932.412;-820.873;Линейная посадка (живая изгородь/ряд вдоль полосы);07_nizhnie_polya;"Линейная посадка (живая изгородь/ряд вдоль полосы) — по аналогии с проектом «07_nizhnie_polya»; ближайшее ограничение — проезжая часть: 2.9 м при норме 1.0 м (СП 42.13330.2016, п. 9.6, табл. 9.1; ППМ 743-ПП, табл. 3.6.1)";"ассортимент для озеленения Москвы, категория «магистрали и улицы»; без инвазивных видов ППМ 369-ПП";проезжая часть;2.9;1.0;"СП 42.13330.2016, п. 9.6, табл. 9.1; ППМ 743-ПП, табл. 3.6.1"
bush_path_corridor_036_005;посажено;bush;Спирея березолистная;NEW_BUSH;233.472;168.548;14931.589;-819.74;Линейная посадка (живая изгородь/ряд вдоль полосы);07_nizhnie_polya;"Линейная посадка (живая изгородь/ряд вдоль полосы) — по аналогии с проектом «07_nizhnie_polya»; ближайшее ограничение — проезжая часть: 2.6 м при норме 1.0 м (СП 42.13330.2016, п. 9.6, табл. 9.1; ППМ 743-ПП, табл. 3.6.1)";"ассортимент для озеленения Москвы, категория «магистрали и улицы»; без инвазивных видов ППМ 369-ПП";проезжая часть;2.62;1.0;"СП 42.13330.2016, п. 9.6, табл. 9.1; ППМ 743-ПП, табл. 3.6.1"
tree_path_corridor_037_001;посажено;tree;Вяз гибридный Резиста;NEW_TREE;-17.173;3.754;14680.943;-984.534;Линейная посадка (живая изгородь/ряд вдоль полосы);07_nizhnie_polya;"Линейная посадка (живая изгородь/ряд вдоль полосы) — по аналогии с проектом «07_nizhnie_polya»; ближайшее ограничение — пешеходная дорожка / тротуар: 2.5 м при норме 0.7 м (СП 42.13330.2016, п. 9.6, табл. 9.1; ППМ 743-ПП, табл. 3.6.1)";"ассортимент для озеленения Москвы, категория «магистрали и улицы»; без инвазивных видов ППМ 369-ПП";пешеходная дорожка / тротуар;2.55;0.7;"СП 42.13330.2016, п. 9.6, табл. 9.1; ППМ 743-ПП, табл. 3.6.1"
bush_path_corridor_037_001;посажено;bush;Спирея березолистная;NEW_BUSH;-11.001;8.357;14687.116;-979.93;Линейная посадка (живая изгородь/ряд вдоль полосы);07_nizhnie_polya;"Линейная посадка (живая изгородь/ряд вдоль полосы) — по аналогии с проектом «07_nizhnie_polya»; ближайшее ограничение — пешеходная дорожка / тротуар: 2.4 м при норме 0.5 м (СП 42.13330.2016, п. 9.6, табл. 9.1; ППМ 743-ПП, табл. 3.6.1)";"ассортимент для озеленения Москвы, категория «магистрали и улицы»; без инвазивных видов ППМ 369-ПП";пешеходная дорожка / тротуар;2.39;0.5;"СП 42.13330.2016, п. 9.6, табл. 9.1; ППМ 743-ПП, табл. 3.6.1"
bush_path_corridor_037_002;посажено;bush;Спирея березолистная;NEW_BUSH;-14.368;5.846;14683.749;-982.441;Линейная посадка (живая изгородь/ряд вдоль полосы);07_nizhnie_polya;"Линейная посадка (живая изгородь/ряд вдоль полосы) — по аналогии с проектом «07_nizhnie_polya»; ближайшее ограничение — пешеходная дорожка / тротуар: 2.5 м при норме 0.5 м (СП 42.13330.2016, п. 9.6, табл. 9.1; ППМ 743-ПП, табл. 3.6.1)";"ассортимент для озеленения Москвы, категория «магистрали и улицы»; без инвазивных видов ППМ 369-ПП";пешеходная дорожка / тротуар;2.47;0.5;"СП 42.13330.2016, п. 9.6, табл. 9.1; ППМ 743-ПП, табл. 3.6.1"
bush_path_corridor_037_003;посажено;bush;Спирея березолистная;NEW_BUSH;-15.49;5.009;14682.627;-983.278;Линейная посадка (живая изгородь/ряд вдоль полосы);07_nizhnie_polya;"Линейная посадка (живая изгородь/ряд вдоль полосы) — по аналогии с проектом «07_nizhnie_polya»; ближайшее ограничение — пешеходная дорожка / тротуар: 2.5 м при норме 0.5 м (СП 42.13330.2016, п. 9.6, табл. 9.1; ППМ 743-ПП, табл. 3.6.1)";"ассортимент для озеленения Москвы, категория «магистрали и улицы»; без инвазивных видов ППМ 369-ПП";пешеходная дорожка / тротуар;2.5;0.5;"СП 42.13330.2016, п. 9.6, табл. 9.1; ППМ 743-ПП, табл. 3.6.1"
bush_path_corridor_037_004;посажено;bush;Спирея березолистная;NEW_BUSH;-18.857;2.498;14679.26;-985.789;Линейная посадка (живая изгородь/ряд вдоль полосы);07_nizhnie_polya;"Линейная посадка (живая изгородь/ряд вдоль полосы) — по аналогии с проектом «07_nizhnie_polya»; ближайшее ограничение — пешеходная дорожка / тротуар: 2.6 м при норме 0.5 м (СП 42.13330.2016, п. 9.6, табл. 9.1; ППМ 743-ПП, табл. 3.6.1)";"ассортимент для озеленения Москвы, категория «магистрали и улицы»; без инвазивных видов ППМ 369-ПП";пешеходная дорожка / тротуар;2.59;0.5;"СП 42.13330.2016, п. 9.6, табл. 9.1; ППМ 743-ПП, табл. 3.6.1"
bush_path_corridor_037_005;посажено;bush;Спирея березолистная;NEW_BUSH;-19.979;1.661;14678.138;-986.626;Линейная посадка (живая изгородь/ряд вдоль полосы);07_nizhnie_polya;"Линейная посадка (живая изгородь/ряд вдоль полосы) — по аналогии с проектом «07_nizhnie_polya»; ближайшее ограничение — пешеходная дорожка / тротуар: 2.6 м при норме 0.5 м (СП 42.13330.2016, п. 9.6, табл. 9.1; ППМ 743-ПП, табл. 3.6.1)";"ассортимент для озеленения Москвы, категория «магистрали и улицы»; без инвазивных видов ППМ 369-ПП";пешеходная дорожка / тротуар;2.62;0.5;"СП 42.13330.2016, п. 9.6, табл. 9.1; ППМ 743-ПП, табл. 3.6.1"
bush_path_corridor_037_006;посажено;bush;Спирея березолистная;NEW_BUSH;-21.101;0.824;14677.016;-987.463;Линейная посадка (живая изгородь/ряд вдоль полосы);07_nizhnie_polya;"Линейная посадка (живая изгородь/ряд вдоль полосы) — по аналогии с проектом «07_nizhnie_polya»; ближайшее ограничение — пешеходная дорожка / тротуар: 2.6 м при норме 0.5 м (СП 42.13330.2016, п. 9.6, табл. 9.1; ППМ 743-ПП, табл. 3.6.1)";"ассортимент для озеленения Москвы, категория «магистрали и улицы»; без инвазивных видов ППМ 369-ПП";пешеходная дорожка / тротуар;2.65;0.5;"СП 42.13330.2016, п. 9.6, табл. 9.1; ППМ 743-ПП, табл. 3.6.1"
bush_path_corridor_037_007;посажено;bush;Спирея березолистная;NEW_BUSH;-22.223;-0.013;14675.893;-988.3;Линейная посадка (живая изгородь/ряд вдоль полосы);07_nizhnie_polya;"Линейная посадка (живая изгородь/ряд вдоль полосы) — по аналогии с проектом «07_nizhnie_polya»; ближайшее ограничение — пешеходная дорожка / тротуар: 2.7 м при норме 0.5 м (СП 42.13330.2016, п. 9.6, табл. 9.1; ППМ 743-ПП, табл. 3.6.1)";"ассортимент для озеленения Москвы, категория «магистрали и улицы»; без инвазивных видов ППМ 369-ПП";пешеходная дорожка / тротуар;2.68;0.5;"СП 42.13330.2016, п. 9.6, табл. 9.1; ППМ 743-ПП, табл. 3.6.1"
bush_path_corridor_037_008;посажено;bush;Спирея березолистная;NEW_BUSH;-23.346;-0.85;14674.771;-989.137;Линейная посадка (живая изгородь/ряд вдоль полосы);07_nizhnie_polya;"Линейная посадка (живая изгородь/ряд вдоль полосы) — по аналогии с проектом «07_nizhnie_polya»; ближайшее ограничение — пешеходная дорожка / тротуар: 1.9 м при норме 0.5 м (СП 42.13330.2016, п. 9.6, табл. 9.1; ППМ 743-ПП, табл. 3.6.1)";"ассортимент для озеленения Москвы, категория «магистрали и улицы»; без инвазивных видов ППМ 369-ПП";пешеходная дорожка / тротуар;1.87;0.5;"СП 42.13330.2016, п. 9.6, табл. 9.1; ППМ 743-ПП, табл. 3.6.1"
tree_path_corridor_038_001;посажено;tree;Вяз гибридный Резиста;NEW_TREE;-27.356;-6.561;14670.761;-994.848;Линейная посадка (живая изгородь/ряд вдоль полосы);07_nizhnie_polya;"Линейная посадка (живая изгородь/ряд вдоль полосы) — по аналогии с проектом «07_nizhnie_polya»; ближайшее ограничение — пешеходная дорожка / тротуар: 2.0 м при норме 0.7 м (СП 42.13330.2016, п. 9.6, табл. 9.1; ППМ 743-ПП, табл. 3.6.1)";"ассортимент для озеленения Москвы, категория «магистрали и улицы»; без инвазивных видов ППМ 369-ПП";пешеходная дорожка / тротуар;1.96;0.7;"СП 42.13330.2016, п. 9.6, табл. 9.1; ППМ 743-ПП, табл. 3.6.1"
tree_path_corridor_039_001;посажено;tree;Вяз гибридный Резиста;NEW_TREE;-61.925;-27.005;14636.192;-1015.293;Линейная посадка (живая изгородь/ряд вдоль полосы);07_nizhnie_polya;"Линейная посадка (живая изгородь/ряд вдоль полосы) — по аналогии с проектом «07_nizhnie_polya»; ближайшее ограничение — пешеходная дорожка / тротуар: 3.6 м при норме 0.7 м (СП 42.13330.2016, п. 9.6, табл. 9.1; ППМ 743-ПП, табл. 3.6.1)";"ассортимент для озеленения Москвы, категория «магистрали и улицы»; без инвазивных видов ППМ 369-ПП";пешеходная дорожка / тротуар;3.59;0.7;"СП 42.13330.2016, п. 9.6, табл. 9.1; ППМ 743-ПП, табл. 3.6.1"
bush_path_corridor_039_001;посажено;bush;Спирея березолистная;NEW_BUSH;-69.333;-32.29;14628.784;-1020.578;Линейная посадка (живая изгородь/ряд вдоль полосы);07_nizhnie_polya;"Линейная посадка (живая изгородь/ряд вдоль полосы) — по аналогии с проектом «07_nizhnie_polya»; ближайшее ограничение — проезжая часть: 3.2 м при норме 1.0 м (СП 42.13330.2016, п. 9.6, табл. 9.1; ППМ 743-ПП, табл. 3.6.1)";"ассортимент для озеленения Москвы, категория «магистрали и улицы»; без инвазивных видов ППМ 369-ПП";проезжая часть;3.16;1.0;"СП 42.13330.2016, п. 9.6, табл. 9.1; ППМ 743-ПП, табл. 3.6.1"
bush_path_corridor_039_002;посажено;bush;Спирея березолистная;NEW_BUSH;-65.914;-29.851;14632.203;-1018.139;Линейная посадка (живая изгородь/ряд вдоль полосы);07_nizhnie_polya;"Линейная посадка (живая изгородь/ряд вдоль полосы) — по аналогии с проектом «07_nizhnie_polya»; ближайшее ограничение — пешеходная дорожка / тротуар: 3.6 м при норме 0.5 м (СП 42.13330.2016, п. 9.6, табл. 9.1; ППМ 743-ПП, табл. 3.6.1)";"ассортимент для озеленения Москвы, категория «магистрали и улицы»; без инвазивных видов ППМ 369-ПП";пешеходная дорожка / тротуар;3.59;0.5;"СП 42.13330.2016, п. 9.6, табл. 9.1; ППМ 743-ПП, табл. 3.6.1"
bush_path_corridor_039_003;посажено;bush;Спирея березолистная;NEW_BUSH;-64.774;-29.038;14633.342;-1017.325;Линейная посадка (живая изгородь/ряд вдоль полосы);07_nizhnie_polya;"Линейная посадка (живая изгородь/ряд вдоль полосы) — по аналогии с проектом «07_nizhnie_polya»; ближайшее ограничение — пешеходная дорожка / тротуар: 3.6 м при норме 0.5 м (СП 42.13330.2016, п. 9.6, табл. 9.1; ППМ 743-ПП, табл. 3.6.1)";"ассортимент для озеленения Москвы, категория «магистрали и улицы»; без инвазивных видов ППМ 369-ПП";пешеходная дорожка / тротуар;3.59;0.5;"СП 42.13330.2016, п. 9.6, табл. 9.1; ППМ 743-ПП, табл. 3.6.1"
bush_path_corridor_039_004;посажено;bush;Спирея березолистная;NEW_BUSH;-63.635;-28.225;14634.482;-1016.512;Линейная посадка (живая изгородь/ряд вдоль полосы);07_nizhnie_polya;"Линейная посадка (живая изгородь/ряд вдоль полосы) — по аналогии с проектом «07_nizhnie_polya»; ближайшее ограничение — пешеходная дорожка / тротуар: 3.6 м при норме 0.5 м (СП 42.13330.2016, п. 9.6, табл. 9.1; ППМ 743-ПП, табл. 3.6.1)";"ассортимент для озеленения Москвы, категория «магистрали и улицы»; без инвазивных видов ППМ 369-ПП";пешеходная дорожка / тротуар;3.59;0.5;"СП 42.13330.2016, п. 9.6, табл. 9.1; ППМ 743-ПП, табл. 3.6.1"
bush_path_corridor_039_005;посажено;bush;Спирея березолистная;NEW_BUSH;-60.216;-25.786;14637.901;-1014.073;Линейная посадка (живая изгородь/ряд вдоль полосы);07_nizhnie_polya;"Линейная посадка (живая изгородь/ряд вдоль полосы) — по аналогии с проектом «07_nizhnie_polya»; ближайшее ограничение — пешеходная дорожка / тротуар: 3.6 м при норме 0.5 м (СП 42.13330.2016, п. 9.6, табл. 9.1; ППМ 743-ПП, табл. 3.6.1)";"ассортимент для озеленения Москвы, категория «магистрали и улицы»; без инвазивных видов ППМ 369-ПП";пешеходная дорожка / тротуар;3.59;0.5;"СП 42.13330.2016, п. 9.6, табл. 9.1; ППМ 743-ПП, табл. 3.6.1"
bush_path_corridor_039_006;посажено;bush;Спирея березолистная;NEW_BUSH;-59.076;-24.973;14639.041;-1013.26;Линейная посадка (живая изгородь/ряд вдоль полосы);07_nizhnie_polya;"Линейная посадка (живая изгородь/ряд вдоль полосы) — по аналогии с проектом «07_nizhnie_polya»; ближайшее ограничение — пешеходная дорожка / тротуар: 3.6 м при норме 0.5 м (СП 42.13330.2016, п. 9.6, табл. 9.1; ППМ 743-ПП, табл. 3.6.1)";"ассортимент для озеленения Москвы, категория «магистрали и улицы»; без инвазивных видов ППМ 369-ПП";пешеходная дорожка / тротуар;3.59;0.5;"СП 42.13330.2016, п. 9.6, табл. 9.1; ППМ 743-ПП, табл. 3.6.1"
bush_path_corridor_039_007;посажено;bush;Спирея березолистная;NEW_BUSH;-57.936;-24.159;14640.18;-1012.447;Линейная посадка (живая изгородь/ряд вдоль полосы);07_nizhnie_polya;"Линейная посадка (живая изгородь/ряд вдоль полосы) — по аналогии с проектом «07_nizhnie_polya»; ближайшее ограничение — пешеходная дорожка / тротуар: 3.6 м при норме 0.5 м (СП 42.13330.2016, п. 9.6, табл. 9.1; ППМ 743-ПП, табл. 3.6.1)";"ассортимент для озеленения Москвы, категория «магистрали и улицы»; без инвазивных видов ППМ 369-ПП";пешеходная дорожка / тротуар;3.59;0.5;"СП 42.13330.2016, п. 9.6, табл. 9.1; ППМ 743-ПП, табл. 3.6.1"
bush_path_corridor_039_008;посажено;bush;Спирея березолистная;NEW_BUSH;-54.517;-21.72;14643.599;-1010.007;Линейная посадка (живая изгородь/ряд вдоль полосы);07_nizhnie_polya;"Линейная посадка (живая изгородь/ряд вдоль полосы) — по аналогии с проектом «07_nizhnie_polya»; ближайшее ограничение — проезжая часть: 3.2 м при норме 1.0 м (СП 42.13330.2016, п. 9.6, табл. 9.1; ППМ 743-ПП, табл. 3.6.1)";"ассортимент для озеленения Москвы, категория «магистрали и улицы»; без инвазивных видов ППМ 369-ПП";проезжая часть;3.16;1.0;"СП 42.13330.2016, п. 9.6, табл. 9.1; ППМ 743-ПП, табл. 3.6.1"
tree_path_corridor_040_001;посажено;tree;Вяз гибридный Резиста;NEW_TREE;-124.824;-73.453;14573.293;-1061.74;Линейная посадка (живая изгородь/ряд вдоль полосы);07_nizhnie_polya;"Линейная посадка (живая изгородь/ряд вдоль полосы) — по аналогии с проектом «07_nizhnie_polya»; ближайшее ограничение — пешеходная дорожка / тротуар: 2.3 м при норме 0.7 м (СП 42.13330.2016, п. 9.6, табл. 9.1; ППМ 743-ПП, табл. 3.6.1)";"ассортимент для озеленения Москвы, категория «магистрали и улицы»; без инвазивных видов ППМ 369-ПП";пешеходная дорожка / тротуар;2.34;0.7;"СП 42.13330.2016, п. 9.6, табл. 9.1; ППМ 743-ПП, табл. 3.6.1"
tree_path_corridor_040_002;посажено;tree;Вяз гибридный Резиста;NEW_TREE;-115.173;-66.49;14582.944;-1054.777;Линейная посадка (живая изгородь/ряд вдоль полосы);07_nizhnie_polya;"Линейная посадка (живая изгородь/ряд вдоль полосы) — по аналогии с проектом «07_nizhnie_polya»; ближайшее ограничение — пешеходная дорожка / тротуар: 2.3 м при норме 0.7 м (СП 42.13330.2016, п. 9.6, табл. 9.1; ППМ 743-ПП, табл. 3.6.1)";"ассортимент для озеленения Москвы, категория «магистрали и улицы»; без инвазивных видов ППМ 369-ПП";пешеходная дорожка / тротуар;2.34;0.7;"СП 42.13330.2016, п. 9.6, табл. 9.1; ППМ 743-ПП, табл. 3.6.1"
tree_path_corridor_040_003;посажено;tree;Вяз гибридный Резиста;NEW_TREE;-105.523;-59.528;14592.594;-1047.815;Линейная посадка (живая изгородь/ряд вдоль полосы);07_nizhnie_polya;"Линейная посадка (живая изгородь/ряд вдоль полосы) — по аналогии с проектом «07_nizhnie_polya»; ближайшее ограничение — пешеходная дорожка / тротуар: 2.3 м при норме 0.7 м (СП 42.13330.2016, п. 9.6, табл. 9.1; ППМ 743-ПП, табл. 3.6.1)";"ассортимент для озеленения Москвы, категория «магистрали и улицы»; без инвазивных видов ППМ 369-ПП";пешеходная дорожка / тротуар;2.34;0.7;"СП 42.13330.2016, п. 9.6, табл. 9.1; ППМ 743-ПП, табл. 3.6.1"
bush_path_corridor_040_001;посажено;bush;Спирея березолистная;NEW_BUSH;-130.501;-77.548;14567.616;-1065.836;Линейная посадка (живая изгородь/ряд вдоль полосы);07_nizhnie_polya;"Линейная посадка (живая изгородь/ряд вдоль полосы) — по аналогии с проектом «07_nizhnie_polya»; ближайшее ограничение — пешеходная дорожка / тротуар: 2.3 м при норме 0.5 м (СП 42.13330.2016, п. 9.6, табл. 9.1; ППМ 743-ПП, табл. 3.6.1)";"ассортимент для озеленения Москвы, категория «магистрали и улицы»; без инвазивных видов ППМ 369-ПП";пешеходная дорожка / тротуар;2.34;0.5;"СП 42.13330.2016, п. 9.6, табл. 9.1; ППМ 743-ПП, табл. 3.6.1"
bush_path_corridor_040_002;посажено;bush;Спирея березолистная;NEW_BUSH;-129.365;-76.729;14568.752;-1065.017;Линейная посадка (живая изгородь/ряд вдоль полосы);07_nizhnie_polya;"Линейная посадка (живая изгородь/ряд вдоль полосы) — по аналогии с проектом «07_nizhnie_polya»; ближайшее ограничение — пешеходная дорожка / тротуар: 2.3 м при норме 0.5 м (СП 42.13330.2016, п. 9.6, табл. 9.1; ППМ 743-ПП, табл. 3.6.1)";"ассортимент для озеленения Москвы, категория «магистрали и улицы»; без инвазивных видов ППМ 369-ПП";пешеходная дорожка / тротуар;2.34;0.5;"СП 42.13330.2016, п. 9.6, табл. 9.1; ППМ 743-ПП, табл. 3.6.1"
bush_path_corridor_040_003;посажено;bush;Спирея березолистная;NEW_BUSH;-127.095;-75.091;14571.022;-1063.378;Линейная посадка (живая изгородь/ряд вдоль полосы);07_nizhnie_polya;"Линейная посадка (живая изгородь/ряд вдоль полосы) — по аналогии с проектом «07_nizhnie_polya»; ближайшее ограничение — пешеходная дорожка / тротуар: 2.3 м при норме 0.5 м (СП 42.13330.2016, п. 9.6, табл. 9.1; ППМ 743-ПП, табл. 3.6.1)";"ассортимент для озеленения Москвы, категория «магистрали и улицы»; без инвазивных видов ППМ 369-ПП";пешеходная дорожка / тротуар;2.34;0.5;"СП 42.13330.2016, п. 9.6, табл. 9.1; ППМ 743-ПП, табл. 3.6.1"
bush_path_corridor_040_004;посажено;bush;Спирея березолистная;NEW_BUSH;-125.959;-74.272;14572.158;-1062.559;Линейная посадка (живая изгородь/ряд вдоль полосы);07_nizhnie_polya;"Линейная посадка (живая изгородь/ряд вдоль полосы) — по аналогии с проектом «07_nizhnie_polya»; ближайшее ограничение — пешеходная дорожка / тротуар: 2.3 м при норме 0.5 м (СП 42.13330.2016, п. 9.6, табл. 9.1; ППМ 743-ПП, табл. 3.6.1)";"ассортимент для озеленения Москвы, категория «магистрали и улицы»; без инвазивных видов ППМ 369-ПП";пешеходная дорожка / тротуар;2.34;0.5;"СП 42.13330.2016, п. 9.6, табл. 9.1; ППМ 743-ПП, табл. 3.6.1"
bush_path_corridor_040_005;посажено;bush;Спирея березолистная;NEW_BUSH;-123.688;-72.634;14574.428;-1060.921;Линейная посадка (живая изгородь/ряд вдоль полосы);07_nizhnie_polya;"Линейная посадка (живая изгородь/ряд вдоль полосы) — по аналогии с проектом «07_nizhnie_polya»; ближайшее ограничение — пешеходная дорожка / тротуар: 2.3 м при норме 0.5 м (СП 42.13330.2016, п. 9.6, табл. 9.1; ППМ 743-ПП, табл. 3.6.1)";"ассортимент для озеленения Москвы, категория «магистрали и улицы»; без инвазивных видов ППМ 369-ПП";пешеходная дорожка / тротуар;2.34;0.5;"СП 42.13330.2016, п. 9.6, табл. 9.1; ППМ 743-ПП, табл. 3.6.1"
bush_path_corridor_040_006;посажено;bush;Спирея березолистная;NEW_BUSH;-122.553;-71.814;14575.564;-1060.102;Линейная посадка (живая изгородь/ряд вдоль полосы);07_nizhnie_polya;"Линейная посадка (живая изгородь/ряд вдоль полосы) — по аналогии с проектом «07_nizhnie_polya»; ближайшее ограничение — пешеходная дорожка / тротуар: 2.3 м при норме 0.5 м (СП 42.13330.2016, п. 9.6, табл. 9.1; ППМ 743-ПП, табл. 3.6.1)";"ассортимент для озеленения Москвы, категория «магистрали и улицы»; без инвазивных видов ППМ 369-ПП";пешеходная дорожка / тротуар;2.34;0.5;"СП 42.13330.2016, п. 9.6, табл. 9.1; ППМ 743-ПП, табл. 3.6.1"
bush_path_corridor_040_007;посажено;bush;Спирея березолистная;NEW_BUSH;-121.418;-70.995;14576.699;-1059.283;Линейная посадка (живая изгородь/ряд вдоль полосы);07_nizhnie_polya;"Линейная посадка (живая изгородь/ряд вдоль полосы) — по аналогии с проектом «07_nizhnie_polya»; ближайшее ограничение — пешеходная дорожка / тротуар: 2.3 м при норме 0.5 м (СП 42.13330.2016, п. 9.6, табл. 9.1; ППМ 743-ПП, табл. 3.6.1)";"ассортимент для озеленения Москвы, категория «магистрали и улицы»; без инвазивных видов ППМ 369-ПП";пешеходная дорожка / тротуар;2.34;0.5;"СП 42.13330.2016, п. 9.6, табл. 9.1; ППМ 743-ПП, табл. 3.6.1"
bush_path_corridor_040_008;посажено;bush;Спирея березолистная;NEW_BUSH;-120.282;-70.176;14577.834;-1058.464;Линейная посадка (живая изгородь/ряд вдоль полосы);07_nizhnie_polya;"Линейная посадка (живая изгородь/ряд вдоль полосы) — по аналогии с проектом «07_nizhnie_polya»; ближайшее ограничение — пешеходная дорожка / тротуар: 2.3 м при норме 0.5 м (СП 42.13330.2016, п. 9.6, табл. 9.1; ППМ 743-ПП, табл. 3.6.1)";"ассортимент для озеленения Москвы, категория «магистрали и улицы»; без инвазивных видов ППМ 369-ПП";пешеходная дорожка / тротуар;2.34;0.5;"СП 42.13330.2016, п. 9.6, табл. 9.1; ППМ 743-ПП, табл. 3.6.1"
bush_path_corridor_040_009;посажено;bush;Спирея березолистная;NEW_BUSH;-119.147;-69.357;14578.97;-1057.644;Линейная посадка (живая изгородь/ряд вдоль полосы);07_nizhnie_polya;"Линейная посадка (живая изгородь/ряд вдоль полосы) — по аналогии с проектом «07_nizhnie_polya»; ближайшее ограничение — пешеходная дорожка / тротуар: 2.3 м при норме 0.5 м (СП 42.13330.2016, п. 9.6, табл. 9.1; ППМ 743-ПП, табл. 3.6.1)";"ассортимент для озеленения Москвы, категория «магистрали и улицы»; без инвазивных видов ППМ 369-ПП";пешеходная дорожка / тротуар;2.34;0.5;"СП 42.13330.2016, п. 9.6, табл. 9.1; ППМ 743-ПП, табл. 3.6.1"
bush_path_corridor_040_010;посажено;bush;Спирея березолистная;NEW_BUSH;-118.012;-68.538;14580.105;-1056.825;Линейная посадка (живая изгородь/ряд вдоль полосы);07_nizhnie_polya;"Линейная посадка (живая изгородь/ряд вдоль полосы) — по аналогии с проектом «07_nizhnie_polya»; ближайшее ограничение — пешеходная дорожка / тротуар: 2.3 м при норме 0.5 м (СП 42.13330.2016, п. 9.6, табл. 9.1; ППМ 743-ПП, табл. 3.6.1)";"ассортимент для озеленения Москвы, категория «магистрали и улицы»; без инвазивных видов ППМ 369-ПП";пешеходная дорожка / тротуар;2.34;0.5;"СП 42.13330.2016, п. 9.6, табл. 9.1; ППМ 743-ПП, табл. 3.6.1"
bush_path_corridor_040_011;посажено;bush;Спирея березолистная;NEW_BUSH;-116.876;-67.719;14581.241;-1056.006;Линейная посадка (живая изгородь/ряд вдоль полосы);07_nizhnie_polya;"Линейная посадка (живая изгородь/ряд вдоль полосы) — по аналогии с проектом «07_nizhnie_polya»; ближайшее ограничение — пешеходная дорожка / тротуар: 2.3 м при норме 0.5 м (СП 42.13330.2016, п. 9.6, табл. 9.1; ППМ 743-ПП, табл. 3.6.1)";"ассортимент для озеленения Москвы, категория «магистрали и улицы»; без инвазивных видов ППМ 369-ПП";пешеходная дорожка / тротуар;2.34;0.5;"СП 42.13330.2016, п. 9.6, табл. 9.1; ППМ 743-ПП, табл. 3.6.1"
bush_path_corridor_040_012;посажено;bush;Спирея березолистная;NEW_BUSH;-113.47;-65.261;14584.647;-1053.549;Линейная посадка (живая изгородь/ряд вдоль полосы);07_nizhnie_polya;"Линейная посадка (живая изгородь/ряд вдоль полосы) — по аналогии с проектом «07_nizhnie_polya»; ближайшее ограничение — пешеходная дорожка / тротуар: 2.3 м при норме 0.5 м (СП 42.13330.2016, п. 9.6, табл. 9.1; ППМ 743-ПП, табл. 3.6.1)";"ассортимент для озеленения Москвы, категория «магистрали и улицы»; без инвазивных видов ППМ 369-ПП";пешеходная дорожка / тротуар;2.34;0.5;"СП 42.13330.2016, п. 9.6, табл. 9.1; ППМ 743-ПП, табл. 3.6.1"
bush_path_corridor_040_013;посажено;bush;Спирея березолистная;NEW_BUSH;-112.335;-64.442;14585.782;-1052.73;Линейная посадка (живая изгородь/ряд вдоль полосы);07_nizhnie_polya;"Линейная посадка (живая изгородь/ряд вдоль полосы) — по аналогии с проектом «07_nizhnie_polya»; ближайшее ограничение — пешеходная дорожка / тротуар: 2.3 м при норме 0.5 м (СП 42.13330.2016, п. 9.6, табл. 9.1; ППМ 743-ПП, табл. 3.6.1)";"ассортимент для озеленения Москвы, категория «магистрали и улицы»; без инвазивных видов ППМ 369-ПП";пешеходная дорожка / тротуар;2.34;0.5;"СП 42.13330.2016, п. 9.6, табл. 9.1; ППМ 743-ПП, табл. 3.6.1"
bush_path_corridor_040_014;посажено;bush;Спирея березолистная;NEW_BUSH;-111.199;-63.623;14586.917;-1051.911;Линейная посадка (живая изгородь/ряд вдоль полосы);07_nizhnie_polya;"Линейная посадка (живая изгородь/ряд вдоль полосы) — по аналогии с проектом «07_nizhnie_polya»; ближайшее ограничение — пешеходная дорожка / тротуар: 2.3 м при норме 0.5 м (СП 42.13330.2016, п. 9.6, табл. 9.1; ППМ 743-ПП, табл. 3.6.1)";"ассортимент для озеленения Москвы, категория «магистрали и улицы»; без инвазивных видов ППМ 369-ПП";пешеходная дорожка / тротуар;2.34;0.5;"СП 42.13330.2016, п. 9.6, табл. 9.1; ППМ 743-ПП, табл. 3.6.1"
bush_path_corridor_040_015;посажено;bush;Спирея березолистная;NEW_BUSH;-110.064;-62.804;14588.053;-1051.091;Линейная посадка (живая изгородь/ряд вдоль полосы);07_nizhnie_polya;"Линейная посадка (живая изгородь/ряд вдоль полосы) — по аналогии с проектом «07_nizhnie_polya»; ближайшее ограничение — пешеходная дорожка / тротуар: 2.3 м при норме 0.5 м (СП 42.13330.2016, п. 9.6, табл. 9.1; ППМ 743-ПП, табл. 3.6.1)";"ассортимент для озеленения Москвы, категория «магистрали и улицы»; без инвазивных видов ППМ 369-ПП";пешеходная дорожка / тротуар;2.34;0.5;"СП 42.13330.2016, п. 9.6, табл. 9.1; ППМ 743-ПП, табл. 3.6.1"
bush_path_corridor_040_016;посажено;bush;Спирея березолистная;NEW_BUSH;-108.929;-61.985;14589.188;-1050.272;Линейная посадка (живая изгородь/ряд вдоль полосы);07_nizhnie_polya;"Линейная посадка (живая изгородь/ряд вдоль полосы) — по аналогии с проектом «07_nizhnie_polya»; ближайшее ограничение — пешеходная дорожка / тротуар: 2.3 м при норме 0.5 м (СП 42.13330.2016, п. 9.6, табл. 9.1; ППМ 743-ПП, табл. 3.6.1)";"ассортимент для озеленения Москвы, категория «магистрали и улицы»; без инвазивных видов ППМ 369-ПП";пешеходная дорожка / тротуар;2.34;0.5;"СП 42.13330.2016, п. 9.6, табл. 9.1; ППМ 743-ПП, табл. 3.6.1"
bush_path_corridor_040_017;посажено;bush;Спирея березолистная;NEW_BUSH;-107.793;-61.166;14590.323;-1049.453;Линейная посадка (живая изгородь/ряд вдоль полосы);07_nizhnie_polya;"Линейная посадка (живая изгородь/ряд вдоль полосы) — по аналогии с проектом «07_nizhnie_polya»; ближайшее ограничение — пешеходная дорожка / тротуар: 2.3 м при норме 0.5 м (СП 42.13330.2016, п. 9.6, табл. 9.1; ППМ 743-ПП, табл. 3.6.1)";"ассортимент для озеленения Москвы, категория «магистрали и улицы»; без инвазивных видов ППМ 369-ПП";пешеходная дорожка / тротуар;2.34;0.5;"СП 42.13330.2016, п. 9.6, табл. 9.1; ППМ 743-ПП, табл. 3.6.1"
bush_path_corridor_040_018;посажено;bush;Спирея березолистная;NEW_BUSH;-106.658;-60.347;14591.459;-1048.634;Линейная посадка (живая изгородь/ряд вдоль полосы);07_nizhnie_polya;"Линейная посадка (живая изгородь/ряд вдоль полосы) — по аналогии с проектом «07_nizhnie_polya»; ближайшее ограничение — пешеходная дорожка / тротуар: 2.3 м при норме 0.5 м (СП 42.13330.2016, п. 9.6, табл. 9.1; ППМ 743-ПП, табл. 3.6.1)";"ассортимент для озеленения Москвы, категория «магистрали и улицы»; без инвазивных видов ППМ 369-ПП";пешеходная дорожка / тротуар;2.34;0.5;"СП 42.13330.2016, п. 9.6, табл. 9.1; ППМ 743-ПП, табл. 3.6.1"
bush_path_corridor_040_019;посажено;bush;Спирея березолистная;NEW_BUSH;-104.387;-58.708;14593.729;-1046.996;Линейная посадка (живая изгородь/ряд вдоль полосы);07_nizhnie_polya;"Линейная посадка (живая изгородь/ряд вдоль полосы) — по аналогии с проектом «07_nizhnie_polya»; ближайшее ограничение — пешеходная дорожка / тротуар: 2.3 м при норме 0.5 м (СП 42.13330.2016, п. 9.6, табл. 9.1; ППМ 743-ПП, табл. 3.6.1)";"ассортимент для озеленения Москвы, категория «магистрали и улицы»; без инвазивных видов ППМ 369-ПП";пешеходная дорожка / тротуар;2.34;0.5;"СП 42.13330.2016, п. 9.6, табл. 9.1; ППМ 743-ПП, табл. 3.6.1"
bush_path_corridor_040_020;посажено;bush;Спирея березолистная;NEW_BUSH;-103.252;-57.889;14594.865;-1046.177;Линейная посадка (живая изгородь/ряд вдоль полосы);07_nizhnie_polya;"Линейная посадка (живая изгородь/ряд вдоль полосы) — по аналогии с проектом «07_nizhnie_polya»; ближайшее ограничение — пешеходная дорожка / тротуар: 2.3 м при норме 0.5 м (СП 42.13330.2016, п. 9.6, табл. 9.1; ППМ 743-ПП, табл. 3.6.1)";"ассортимент для озеленения Москвы, категория «магистрали и улицы»; без инвазивных видов ППМ 369-ПП";пешеходная дорожка / тротуар;2.34;0.5;"СП 42.13330.2016, п. 9.6, табл. 9.1; ППМ 743-ПП, табл. 3.6.1"
bush_path_corridor_040_021;посажено;bush;Спирея березолистная;NEW_BUSH;-102.117;-57.07;14596.0;-1045.358;Линейная посадка (живая изгородь/ряд вдоль полосы);07_nizhnie_polya;"Линейная посадка (живая изгородь/ряд вдоль полосы) — по аналогии с проектом «07_nizhnie_polya»; ближайшее ограничение — пешеходная дорожка / тротуар: 2.3 м при норме 0.5 м (СП 42.13330.2016, п. 9.6, табл. 9.1; ППМ 743-ПП, табл. 3.6.1)";"ассортимент для озеленения Москвы, категория «магистрали и улицы»; без инвазивных видов ППМ 369-ПП";пешеходная дорожка / тротуар;2.34;0.5;"СП 42.13330.2016, п. 9.6, табл. 9.1; ППМ 743-ПП, табл. 3.6.1"
bush_path_corridor_040_022;посажено;bush;Спирея березолистная;NEW_BUSH;-100.981;-56.251;14597.136;-1044.538;Линейная посадка (живая изгородь/ряд вдоль полосы);07_nizhnie_polya;"Линейная посадка (живая изгородь/ряд вдоль полосы) — по аналогии с проектом «07_nizhnie_polya»; ближайшее ограничение — пешеходная дорожка / тротуар: 2.3 м при норме 0.5 м (СП 42.13330.2016, п. 9.6, табл. 9.1; ППМ 743-ПП, табл. 3.6.1)";"ассортимент для озеленения Москвы, категория «магистрали и улицы»; без инвазивных видов ППМ 369-ПП";пешеходная дорожка / тротуар;2.34;0.5;"СП 42.13330.2016, п. 9.6, табл. 9.1; ППМ 743-ПП, табл. 3.6.1"
bush_path_corridor_040_023;посажено;bush;Спирея березолистная;NEW_BUSH;-99.846;-55.432;14598.271;-1043.719;Линейная посадка (живая изгородь/ряд вдоль полосы);07_nizhnie_polya;"Линейная посадка (живая изгородь/ряд вдоль полосы) — по аналогии с проектом «07_nizhnie_polya»; ближайшее ограничение — теплосеть: 2.7 м при норме 1.0 м (СП 42.13330.2016, п. 9.6, табл. 9.1; ППМ 743-ПП, табл. 3.6.1)";"ассортимент для озеленения Москвы, категория «магистрали и улицы»; без инвазивных видов ППМ 369-ПП";теплосеть;2.69;1.0;"СП 42.13330.2016, п. 9.6, табл. 9.1; ППМ 743-ПП, табл. 3.6.1"
tree_path_corridor_041_001;посажено;tree;Вяз гибридный Резиста;NEW_TREE;-159.842;-100.558;14538.275;-1088.846;Линейная посадка (живая изгородь/ряд вдоль полосы);07_nizhnie_polya;"Линейная посадка (живая изгородь/ряд вдоль полосы) — по аналогии с проектом «07_nizhnie_polya»; ближайшее ограничение — пешеходная дорожка / тротуар: 2.2 м при норме 0.7 м (СП 42.13330.2016, п. 9.6, табл. 9.1; ППМ 743-ПП, табл. 3.6.1)";"ассортимент для озеленения Москвы, категория «магистрали и улицы»; без инвазивных видов ППМ 369-ПП";пешеходная дорожка / тротуар;2.2;0.7;"СП 42.13330.2016, п. 9.6, табл. 9.1; ППМ 743-ПП, табл. 3.6.1"
tree_path_corridor_041_002;посажено;tree;Вяз гибридный Резиста;NEW_TREE;-138.886;-86.169;14559.231;-1074.457;Линейная посадка (живая изгородь/ряд вдоль полосы);07_nizhnie_polya;"Линейная посадка (живая изгородь/ряд вдоль полосы) — по аналогии с проектом «07_nizhnie_polya»; ближайшее ограничение — проезжая часть: 3.4 м при норме 2.0 м (СП 42.13330.2016, п. 9.6, табл. 9.1; ППМ 743-ПП, табл. 3.6.1)";"ассортимент для озеленения Москвы, категория «магистрали и улицы»; без инвазивных видов ППМ 369-ПП";проезжая часть;3.36;2.0;"СП 42.13330.2016, п. 9.6, табл. 9.1; ППМ 743-ПП, табл. 3.6.1"
tree_path_corridor_043_001;посажено;tree;Вяз гибридный Резиста;NEW_TREE;-166.637;-125.934;14531.48;-1114.221;Линейная посадка (живая изгородь/ряд вдоль полосы);07_nizhnie_polya;"Линейная посадка (живая изгородь/ряд вдоль полосы) — по аналогии с проектом «07_nizhnie_polya»; ближайшее ограничение — проезжая часть: 3.5 м при норме 2.0 м (СП 42.13330.2016, п. 9.6, табл. 9.1; ППМ 743-ПП, табл. 3.6.1)";"ассортимент для озеленения Москвы, категория «магистрали и улицы»; без инвазивных видов ППМ 369-ПП";проезжая часть;3.5;2.0;"СП 42.13330.2016, п. 9.6, табл. 9.1; ППМ 743-ПП, табл. 3.6.1"
tree_path_corridor_044_001;посажено;tree;Вяз гибридный Резиста;NEW_TREE;-131.685;-177.709;14566.432;-1165.997;Линейная посадка (живая изгородь/ряд вдоль полосы);07_nizhnie_polya;"Линейная посадка (живая изгородь/ряд вдоль полосы) — по аналогии с проектом «07_nizhnie_polya»; ближайшее ограничение — проезжая часть: 3.6 м при норме 2.0 м (СП 42.13330.2016, п. 9.6, табл. 9.1; ППМ 743-ПП, табл. 3.6.1)";"ассортимент для озеленения Москвы, категория «магистрали и улицы»; без инвазивных видов ППМ 369-ПП";проезжая часть;3.6;2.0;"СП 42.13330.2016, п. 9.6, табл. 9.1; ППМ 743-ПП, табл. 3.6.1"
tree_path_corridor_044_002;посажено;tree;Вяз гибридный Резиста;NEW_TREE;-138.317;-167.829;14559.799;-1156.116;Линейная посадка (живая изгородь/ряд вдоль полосы);07_nizhnie_polya;"Линейная посадка (живая изгородь/ряд вдоль полосы) — по аналогии с проектом «07_nizhnie_polya»; ближайшее ограничение — проезжая часть: 3.2 м при норме 2.0 м (СП 42.13330.2016, п. 9.6, табл. 9.1; ППМ 743-ПП, табл. 3.6.1)";"ассортимент для озеленения Москвы, категория «магистрали и улицы»; без инвазивных видов ППМ 369-ПП";проезжая часть;3.25;2.0;"СП 42.13330.2016, п. 9.6, табл. 9.1; ППМ 743-ПП, табл. 3.6.1"
bush_path_corridor_044_001;посажено;bush;Спирея березолистная;NEW_BUSH;-126.418;-185.555;14571.699;-1173.843;Линейная посадка (живая изгородь/ряд вдоль полосы);07_nizhnie_polya;"Линейная посадка (живая изгородь/ряд вдоль полосы) — по аналогии с проектом «07_nizhnie_polya»; ближайшее ограничение — кабель связи: 2.1 м при норме 0.7 м (СП 42.13330.2016, п. 9.6, табл. 9.1; ППМ 743-ПП, табл. 3.6.1)";"ассортимент для озеленения Москвы, категория «магистрали и улицы»; без инвазивных видов ППМ 369-ПП";кабель связи;2.14;0.7;"СП 42.13330.2016, п. 9.6, табл. 9.1; ППМ 743-ПП, табл. 3.6.1"
bush_path_corridor_044_002;посажено;bush;Спирея березолистная;NEW_BUSH;-127.198;-184.393;14570.919;-1172.68;Линейная посадка (живая изгородь/ряд вдоль полосы);07_nizhnie_polya;"Линейная посадка (живая изгородь/ряд вдоль полосы) — по аналогии с проектом «07_nizhnie_polya»; ближайшее ограничение — кабель связи: 2.4 м при норме 0.7 м (СП 42.13330.2016, п. 9.6, табл. 9.1; ППМ 743-ПП, табл. 3.6.1)";"ассортимент для озеленения Москвы, категория «магистрали и улицы»; без инвазивных видов ППМ 369-ПП";кабель связи;2.38;0.7;"СП 42.13330.2016, п. 9.6, табл. 9.1; ППМ 743-ПП, табл. 3.6.1"
bush_path_corridor_044_003;посажено;bush;Спирея березолистная;NEW_BUSH;-127.978;-183.23;14570.138;-1171.518;Линейная посадка (живая изгородь/ряд вдоль полосы);07_nizhnie_polya;"Линейная посадка (живая изгородь/ряд вдоль полосы) — по аналогии с проектом «07_nizhnie_polya»; ближайшее ограничение — кабель связи: 2.6 м при норме 0.7 м (СП 42.13330.2016, п. 9.6, табл. 9.1; ППМ 743-ПП, табл. 3.6.1)";"ассортимент для озеленения Москвы, категория «магистрали и улицы»; без инвазивных видов ППМ 369-ПП";кабель связи;2.62;0.7;"СП 42.13330.2016, п. 9.6, табл. 9.1; ППМ 743-ПП, табл. 3.6.1"
bush_path_corridor_044_004;посажено;bush;Спирея березолистная;NEW_BUSH;-128.759;-182.068;14569.358;-1170.355;Линейная посадка (живая изгородь/ряд вдоль полосы);07_nizhnie_polya;"Линейная посадка (живая изгородь/ряд вдоль полосы) — по аналогии с проектом «07_nizhnie_polya»; ближайшее ограничение — кабель связи: 2.9 м при норме 0.7 м (СП 42.13330.2016, п. 9.6, табл. 9.1; ППМ 743-ПП, табл. 3.6.1)";"ассортимент для озеленения Москвы, категория «магистрали и улицы»; без инвазивных видов ППМ 369-ПП";кабель связи;2.86;0.7;"СП 42.13330.2016, п. 9.6, табл. 9.1; ППМ 743-ПП, табл. 3.6.1"
bush_path_corridor_044_005;посажено;bush;Спирея березолистная;NEW_BUSH;-129.539;-180.906;14568.578;-1169.193;Линейная посадка (живая изгородь/ряд вдоль полосы);07_nizhnie_polya;"Линейная посадка (живая изгородь/ряд вдоль полосы) — по аналогии с проектом «07_nizhnie_polya»; ближайшее ограничение — кабель связи: 3.1 м при норме 0.7 м (СП 42.13330.2016, п. 9.6, табл. 9.1; ППМ 743-ПП, табл. 3.6.1)";"ассортимент для озеленения Москвы, категория «магистрали и улицы»; без инвазивных видов ППМ 369-ПП";кабель связи;3.1;0.7;"СП 42.13330.2016, п. 9.6, табл. 9.1; ППМ 743-ПП, табл. 3.6.1"
bush_path_corridor_044_006;посажено;bush;Спирея березолистная;NEW_BUSH;-130.319;-179.743;14567.797;-1168.031;Линейная посадка (живая изгородь/ряд вдоль полосы);07_nizhnie_polya;"Линейная посадка (живая изгородь/ряд вдоль полосы) — по аналогии с проектом «07_nizhnie_polya»; ближайшее ограничение — проезжая часть: 3.6 м при норме 1.0 м (СП 42.13330.2016, п. 9.6, табл. 9.1; ППМ 743-ПП, табл. 3.6.1)";"ассортимент для озеленения Москвы, категория «магистрали и улицы»; без инвазивных видов ППМ 369-ПП";проезжая часть;3.63;1.0;"СП 42.13330.2016, п. 9.6, табл. 9.1; ППМ 743-ПП, табл. 3.6.1"
bush_path_corridor_044_007;посажено;bush;Спирея березолистная;NEW_BUSH;-131.1;-178.581;14567.017;-1166.868;Линейная посадка (живая изгородь/ряд вдоль полосы);07_nizhnie_polya;"Линейная посадка (живая изгородь/ряд вдоль полосы) — по аналогии с проектом «07_nizhnie_polya»; ближайшее ограничение — проезжая часть: 3.7 м при норме 1.0 м (СП 42.13330.2016, п. 9.6, табл. 9.1; ППМ 743-ПП, табл. 3.6.1)";"ассортимент для озеленения Москвы, категория «магистрали и улицы»; без инвазивных видов ППМ 369-ПП";проезжая часть;3.68;1.0;"СП 42.13330.2016, п. 9.6, табл. 9.1; ППМ 743-ПП, табл. 3.6.1"
bush_path_corridor_044_008;посажено;bush;Спирея березолистная;NEW_BUSH;-132.66;-176.256;14565.457;-1164.544;Линейная посадка (живая изгородь/ряд вдоль полосы);07_nizhnie_polya;"Линейная посадка (живая изгородь/ряд вдоль полосы) — по аналогии с проектом «07_nizhnie_polya»; ближайшее ограничение — проезжая часть: 3.5 м при норме 1.0 м (СП 42.13330.2016, п. 9.6, табл. 9.1; ППМ 743-ПП, табл. 3.6.1)";"ассортимент для озеленения Москвы, категория «магистрали и улицы»; без инвазивных видов ППМ 369-ПП";проезжая часть;3.46;1.0;"СП 42.13330.2016, п. 9.6, табл. 9.1; ППМ 743-ПП, табл. 3.6.1"
bush_path_corridor_044_009;посажено;bush;Спирея березолистная;NEW_BUSH;-133.441;-175.094;14564.676;-1163.381;Линейная посадка (живая изгородь/ряд вдоль полосы);07_nizhnie_polya;"Линейная посадка (живая изгородь/ряд вдоль полосы) — по аналогии с проектом «07_nizhnie_polya»; ближайшее ограничение — проезжая часть: 3.4 м при норме 1.0 м (СП 42.13330.2016, п. 9.6, табл. 9.1; ППМ 743-ПП, табл. 3.6.1)";"ассортимент для озеленения Москвы, категория «магистрали и улицы»; без инвазивных видов ППМ 369-ПП";проезжая часть;3.35;1.0;"СП 42.13330.2016, п. 9.6, табл. 9.1; ППМ 743-ПП, табл. 3.6.1"
bush_path_corridor_044_010;посажено;bush;Спирея березолистная;NEW_BUSH;-134.221;-173.931;14563.896;-1162.219;Линейная посадка (живая изгородь/ряд вдоль полосы);07_nizhnie_polya;"Линейная посадка (живая изгородь/ряд вдоль полосы) — по аналогии с проектом «07_nizhnie_polya»; ближайшее ограничение — проезжая часть: 3.2 м при норме 1.0 м (СП 42.13330.2016, п. 9.6, табл. 9.1; ППМ 743-ПП, табл. 3.6.1)";"ассортимент для озеленения Москвы, категория «магистрали и улицы»; без инвазивных видов ППМ 369-ПП";проезжая часть;3.24;1.0;"СП 42.13330.2016, п. 9.6, табл. 9.1; ППМ 743-ПП, табл. 3.6.1"
bush_path_corridor_044_011;посажено;bush;Спирея березолистная;NEW_BUSH;-135.001;-172.769;14563.116;-1161.056;Линейная посадка (живая изгородь/ряд вдоль полосы);07_nizhnie_polya;"Линейная посадка (живая изгородь/ряд вдоль полосы) — по аналогии с проектом «07_nizhnie_polya»; ближайшее ограничение — проезжая часть: 3.1 м при норме 1.0 м (СП 42.13330.2016, п. 9.6, табл. 9.1; ППМ 743-ПП, табл. 3.6.1)";"ассортимент для озеленения Москвы, категория «магистрали и улицы»; без инвазивных видов ППМ 369-ПП";проезжая часть;3.13;1.0;"СП 42.13330.2016, п. 9.6, табл. 9.1; ППМ 743-ПП, табл. 3.6.1"
bush_path_corridor_044_012;посажено;bush;Спирея березолистная;NEW_BUSH;-135.781;-171.607;14562.335;-1159.894;Линейная посадка (живая изгородь/ряд вдоль полосы);07_nizhnie_polya;"Линейная посадка (живая изгородь/ряд вдоль полосы) — по аналогии с проектом «07_nizhnie_polya»; ближайшее ограничение — проезжая часть: 3.0 м при норме 1.0 м (СП 42.13330.2016, п. 9.6, табл. 9.1; ППМ 743-ПП, табл. 3.6.1)";"ассортимент для озеленения Москвы, категория «магистрали и улицы»; без инвазивных видов ППМ 369-ПП";проезжая часть;3.05;1.0;"СП 42.13330.2016, п. 9.6, табл. 9.1; ППМ 743-ПП, табл. 3.6.1"
bush_path_corridor_044_013;посажено;bush;Спирея березолистная;NEW_BUSH;-136.562;-170.444;14561.555;-1158.732;Линейная посадка (живая изгородь/ряд вдоль полосы);07_nizhnie_polya;"Линейная посадка (живая изгородь/ряд вдоль полосы) — по аналогии с проектом «07_nizhnie_polya»; ближайшее ограничение — проезжая часть: 3.1 м при норме 1.0 м (СП 42.13330.2016, п. 9.6, табл. 9.1; ППМ 743-ПП, табл. 3.6.1)";"ассортимент для озеленения Москвы, категория «магистрали и улицы»; без инвазивных видов ППМ 369-ПП";проезжая часть;3.11;1.0;"СП 42.13330.2016, п. 9.6, табл. 9.1; ППМ 743-ПП, табл. 3.6.1"
bush_path_corridor_044_014;посажено;bush;Спирея березолистная;NEW_BUSH;-137.342;-169.282;14560.775;-1157.569;Линейная посадка (живая изгородь/ряд вдоль полосы);07_nizhnie_polya;"Линейная посадка (живая изгородь/ряд вдоль полосы) — по аналогии с проектом «07_nizhnie_polya»; ближайшее ограничение — проезжая часть: 3.2 м при норме 1.0 м (СП 42.13330.2016, п. 9.6, табл. 9.1; ППМ 743-ПП, табл. 3.6.1)";"ассортимент для озеленения Москвы, категория «магистрали и улицы»; без инвазивных видов ППМ 369-ПП";проезжая часть;3.17;1.0;"СП 42.13330.2016, п. 9.6, табл. 9.1; ППМ 743-ПП, табл. 3.6.1"
bush_path_corridor_044_015;посажено;bush;Спирея березолистная;NEW_BUSH;-138.903;-166.957;14559.214;-1155.245;Линейная посадка (живая изгородь/ряд вдоль полосы);07_nizhnie_polya;"Линейная посадка (живая изгородь/ряд вдоль полосы) — по аналогии с проектом «07_nizhnie_polya»; ближайшее ограничение — проезжая часть: 3.3 м при норме 1.0 м (СП 42.13330.2016, п. 9.6, табл. 9.1; ППМ 743-ПП, табл. 3.6.1)";"ассортимент для озеленения Москвы, категория «магистрали и улицы»; без инвазивных видов ППМ 369-ПП";проезжая часть;3.29;1.0;"СП 42.13330.2016, п. 9.6, табл. 9.1; ППМ 743-ПП, табл. 3.6.1"
bush_path_corridor_044_016;посажено;bush;Спирея березолистная;NEW_BUSH;-139.683;-165.795;14558.434;-1154.082;Линейная посадка (живая изгородь/ряд вдоль полосы);07_nizhnie_polya;"Линейная посадка (живая изгородь/ряд вдоль полосы) — по аналогии с проектом «07_nizhnie_polya»; ближайшее ограничение — проезжая часть: 3.4 м при норме 1.0 м (СП 42.13330.2016, п. 9.6, табл. 9.1; ППМ 743-ПП, табл. 3.6.1)";"ассортимент для озеленения Москвы, категория «магистрали и улицы»; без инвазивных видов ППМ 369-ПП";проезжая часть;3.35;1.0;"СП 42.13330.2016, п. 9.6, табл. 9.1; ППМ 743-ПП, табл. 3.6.1"
bush_path_corridor_044_017;посажено;bush;Спирея березолистная;NEW_BUSH;-140.463;-164.632;14557.653;-1152.92;Линейная посадка (живая изгородь/ряд вдоль полосы);07_nizhnie_polya;"Линейная посадка (живая изгородь/ряд вдоль полосы) — по аналогии с проектом «07_nizhnie_polya»; ближайшее ограничение — проезжая часть: 3.4 м при норме 1.0 м (СП 42.13330.2016, п. 9.6, табл. 9.1; ППМ 743-ПП, табл. 3.6.1)";"ассортимент для озеленения Москвы, категория «магистрали и улицы»; без инвазивных видов ППМ 369-ПП";проезжая часть;3.41;1.0;"СП 42.13330.2016, п. 9.6, табл. 9.1; ППМ 743-ПП, табл. 3.6.1"
bush_path_corridor_044_018;посажено;bush;Спирея березолистная;NEW_BUSH;-141.244;-163.47;14556.873;-1151.757;Линейная посадка (живая изгородь/ряд вдоль полосы);07_nizhnie_polya;"Линейная посадка (живая изгородь/ряд вдоль полосы) — по аналогии с проектом «07_nizhnie_polya»; ближайшее ограничение — проезжая часть: 3.5 м при норме 1.0 м (СП 42.13330.2016, п. 9.6, табл. 9.1; ППМ 743-ПП, табл. 3.6.1)";"ассортимент для озеленения Москвы, категория «магистрали и улицы»; без инвазивных видов ППМ 369-ПП";проезжая часть;3.47;1.0;"СП 42.13330.2016, п. 9.6, табл. 9.1; ППМ 743-ПП, табл. 3.6.1"
bush_path_corridor_044_019;посажено;bush;Спирея березолистная;NEW_BUSH;-142.024;-162.308;14556.093;-1150.595;Линейная посадка (живая изгородь/ряд вдоль полосы);07_nizhnie_polya;"Линейная посадка (живая изгородь/ряд вдоль полосы) — по аналогии с проектом «07_nizhnie_polya»; ближайшее ограничение — проезжая часть: 3.5 м при норме 1.0 м (СП 42.13330.2016, п. 9.6, табл. 9.1; ППМ 743-ПП, табл. 3.6.1)";"ассортимент для озеленения Москвы, категория «магистрали и улицы»; без инвазивных видов ППМ 369-ПП";проезжая часть;3.53;1.0;"СП 42.13330.2016, п. 9.6, табл. 9.1; ППМ 743-ПП, табл. 3.6.1"
bush_path_corridor_044_020;посажено;bush;Спирея березолистная;NEW_BUSH;-142.804;-161.145;14555.313;-1149.433;Линейная посадка (живая изгородь/ряд вдоль полосы);07_nizhnie_polya;"Линейная посадка (живая изгородь/ряд вдоль полосы) — по аналогии с проектом «07_nizhnie_polya»; ближайшее ограничение — воздушная ЛЭП: 4.2 м при норме 2.0 м (охранная зона по чертежу (отступ зоны))";"ассортимент для озеленения Москвы, категория «магистрали и улицы»; без инвазивных видов ППМ 369-ПП";воздушная ЛЭП;4.21;2.0;охранная зона по чертежу (отступ зоны)
bush_path_corridor_044_021;посажено;bush;Спирея березолистная;NEW_BUSH;-143.585;-159.983;14554.532;-1148.27;Линейная посадка (живая изгородь/ряд вдоль полосы);07_nizhnie_polya;"Линейная посадка (живая изгородь/ряд вдоль полосы) — по аналогии с проектом «07_nizhnie_polya»; ближайшее ограничение — воздушная ЛЭП: 2.8 м при норме 2.0 м (охранная зона по чертежу (отступ зоны))";"ассортимент для озеленения Москвы, категория «магистрали и улицы»; без инвазивных видов ППМ 369-ПП";воздушная ЛЭП;2.81;2.0;охранная зона по чертежу (отступ зоны)
tree_path_corridor_045_001;посажено;tree;Вяз гибридный Резиста;NEW_TREE;-165.327;-224.553;14532.79;-1212.841;Линейная посадка (живая изгородь/ряд вдоль полосы);07_nizhnie_polya;"Линейная посадка (живая изгородь/ряд вдоль полосы) — по аналогии с проектом «07_nizhnie_polya»; ближайшее ограничение — проезжая часть: 3.5 м при норме 2.0 м (СП 42.13330.2016, п. 9.6, табл. 9.1; ППМ 743-ПП, табл. 3.6.1)";"ассортимент для озеленения Москвы, категория «магистрали и улицы»; без инвазивных видов ППМ 369-ПП";проезжая часть;3.5;2.0;"СП 42.13330.2016, п. 9.6, табл. 9.1; ППМ 743-ПП, табл. 3.6.1"
bush_path_corridor_045_001;посажено;bush;Спирея березолистная;NEW_BUSH;-164.513;-223.414;14533.603;-1211.701;Линейная посадка (живая изгородь/ряд вдоль полосы);07_nizhnie_polya;"Линейная посадка (живая изгородь/ряд вдоль полосы) — по аналогии с проектом «07_nizhnie_polya»; ближайшее ограничение — проезжая часть: 2.6 м при норме 1.0 м (СП 42.13330.2016, п. 9.6, табл. 9.1; ППМ 743-ПП, табл. 3.6.1)";"ассортимент для озеленения Москвы, категория «магистрали и улицы»; без инвазивных видов ППМ 369-ПП";проезжая часть;2.58;1.0;"СП 42.13330.2016, п. 9.6, табл. 9.1; ППМ 743-ПП, табл. 3.6.1"
tree_path_corridor_045_002;посажено;tree;Вяз гибридный Резиста;NEW_TREE;-147.041;-198.943;14551.076;-1187.23;Линейная посадка (живая изгородь/ряд вдоль полосы);07_nizhnie_polya;"Линейная посадка (живая изгородь/ряд вдоль полосы) — по аналогии с проектом «07_nizhnie_polya»; ближайшее ограничение — проезжая часть: 3.5 м при норме 2.0 м (СП 42.13330.2016, п. 9.6, табл. 9.1; ППМ 743-ПП, табл. 3.6.1)";"ассортимент для озеленения Москвы, категория «магистрали и улицы»; без инвазивных видов ППМ 369-ПП";проезжая часть;3.5;2.0;"СП 42.13330.2016, п. 9.6, табл. 9.1; ППМ 743-ПП, табл. 3.6.1"
tree_path_corridor_045_003;посажено;tree;Вяз гибридный Резиста;NEW_TREE;-138.47;-186.938;14559.647;-1175.226;Линейная посадка (живая изгородь/ряд вдоль полосы);07_nizhnie_polya;"Линейная посадка (живая изгородь/ряд вдоль полосы) — по аналогии с проектом «07_nizhnie_polya»; ближайшее ограничение — проезжая часть: 3.5 м при норме 2.0 м (СП 42.13330.2016, п. 9.6, табл. 9.1; ППМ 743-ПП, табл. 3.6.1)";"ассортимент для озеленения Москвы, категория «магистрали и улицы»; без инвазивных видов ППМ 369-ПП";проезжая часть;3.5;2.0;"СП 42.13330.2016, п. 9.6, табл. 9.1; ППМ 743-ПП, табл. 3.6.1"
tree_path_corridor_046_001;посажено;tree;Вяз гибридный Резиста;NEW_TREE;-287.62;-181.5;14410.497;-1169.788;Линейная посадка (живая изгородь/ряд вдоль полосы);07_nizhnie_polya;"Линейная посадка (живая изгородь/ряд вдоль полосы) — по аналогии с проектом «07_nizhnie_polya»; ближайшее ограничение — пешеходная дорожка / тротуар: 1.9 м при норме 0.7 м (СП 42.13330.2016, п. 9.6, табл. 9.1; ППМ 743-ПП, табл. 3.6.1)";"ассортимент для озеленения Москвы, категория «магистрали и улицы»; без инвазивных видов ППМ 369-ПП";пешеходная дорожка / тротуар;1.89;0.7;"СП 42.13330.2016, п. 9.6, табл. 9.1; ППМ 743-ПП, табл. 3.6.1"
bush_path_corridor_046_001;посажено;bush;Спирея березолистная;NEW_BUSH;-281.893;-179.883;14416.223;-1168.171;Линейная посадка (живая изгородь/ряд вдоль полосы);07_nizhnie_polya;"Линейная посадка (живая изгородь/ряд вдоль полосы) — по аналогии с проектом «07_nizhnie_polya»; ближайшее ограничение — пешеходная дорожка / тротуар: 1.4 м при норме 0.5 м (СП 42.13330.2016, п. 9.6, табл. 9.1; ППМ 743-ПП, табл. 3.6.1)";"ассортимент для озеленения Москвы, категория «магистрали и улицы»; без инвазивных видов ППМ 369-ПП";пешеходная дорожка / тротуар;1.38;0.5;"СП 42.13330.2016, п. 9.6, табл. 9.1; ППМ 743-ПП, табл. 3.6.1"
bush_path_corridor_046_002;посажено;bush;Спирея березолистная;NEW_BUSH;-284.588;-180.644;14413.529;-1168.932;Линейная посадка (живая изгородь/ряд вдоль полосы);07_nizhnie_polya;"Линейная посадка (живая изгородь/ряд вдоль полосы) — по аналогии с проектом «07_nizhnie_polya»; ближайшее ограничение — пешеходная дорожка / тротуар: 1.6 м при норме 0.5 м (СП 42.13330.2016, п. 9.6, табл. 9.1; ППМ 743-ПП, табл. 3.6.1)";"ассортимент для озеленения Москвы, категория «магистрали и улицы»; без инвазивных видов ППМ 369-ПП";пешеходная дорожка / тротуар;1.62;0.5;"СП 42.13330.2016, п. 9.6, табл. 9.1; ППМ 743-ПП, табл. 3.6.1"
bush_path_corridor_046_003;посажено;bush;Спирея березолистная;NEW_BUSH;-285.935;-181.025;14412.181;-1169.312;Линейная посадка (живая изгородь/ряд вдоль полосы);07_nizhnie_polya;"Линейная посадка (живая изгородь/ряд вдоль полосы) — по аналогии с проектом «07_nizhnie_polya»; ближайшее ограничение — пешеходная дорожка / тротуар: 1.7 м при норме 0.5 м (СП 42.13330.2016, п. 9.6, табл. 9.1; ППМ 743-ПП, табл. 3.6.1)";"ассортимент для озеленения Москвы, категория «магистрали и улицы»; без инвазивных видов ППМ 369-ПП";пешеходная дорожка / тротуар;1.74;0.5;"СП 42.13330.2016, п. 9.6, табл. 9.1; ППМ 743-ПП, табл. 3.6.1"
bush_path_corridor_046_004;посажено;bush;Спирея березолистная;NEW_BUSH;-288.63;-181.786;14409.487;-1170.073;Линейная посадка (живая изгородь/ряд вдоль полосы);07_nizhnie_polya;"Линейная посадка (живая изгородь/ряд вдоль полосы) — по аналогии с проектом «07_nizhnie_polya»; ближайшее ограничение — пешеходная дорожка / тротуар: 2.0 м при норме 0.5 м (СП 42.13330.2016, п. 9.6, табл. 9.1; ППМ 743-ПП, табл. 3.6.1)";"ассортимент для озеленения Москвы, категория «магистрали и улицы»; без инвазивных видов ППМ 369-ПП";пешеходная дорожка / тротуар;1.97;0.5;"СП 42.13330.2016, п. 9.6, табл. 9.1; ППМ 743-ПП, табл. 3.6.1"
bush_path_corridor_046_005;посажено;bush;Спирея березолистная;NEW_BUSH;-289.977;-182.166;14408.139;-1170.454;Линейная посадка (живая изгородь/ряд вдоль полосы);07_nizhnie_polya;"Линейная посадка (живая изгородь/ряд вдоль полосы) — по аналогии с проектом «07_nizhnie_polya»; ближайшее ограничение — пешеходная дорожка / тротуар: 2.1 м при норме 0.5 м (СП 42.13330.2016, п. 9.6, табл. 9.1; ППМ 743-ПП, табл. 3.6.1)";"ассортимент для озеленения Москвы, категория «магистрали и улицы»; без инвазивных видов ППМ 369-ПП";пешеходная дорожка / тротуар;2.09;0.5;"СП 42.13330.2016, п. 9.6, табл. 9.1; ППМ 743-ПП, табл. 3.6.1"
bush_path_corridor_046_006;посажено;bush;Спирея березолистная;NEW_BUSH;-291.325;-182.547;14406.792;-1170.834;Линейная посадка (живая изгородь/ряд вдоль полосы);07_nizhnie_polya;"Линейная посадка (живая изгородь/ряд вдоль полосы) — по аналогии с проектом «07_nizhnie_polya»; ближайшее ограничение — пешеходная дорожка / тротуар: 2.2 м при норме 0.5 м (СП 42.13330.2016, п. 9.6, табл. 9.1; ППМ 743-ПП, табл. 3.6.1)";"ассортимент для озеленения Москвы, категория «магистрали и улицы»; без инвазивных видов ППМ 369-ПП";пешеходная дорожка / тротуар;2.21;0.5;"СП 42.13330.2016, п. 9.6, табл. 9.1; ППМ 743-ПП, табл. 3.6.1"
bush_path_corridor_046_007;посажено;bush;Спирея березолистная;NEW_BUSH;-292.672;-182.927;14405.445;-1171.215;Линейная посадка (живая изгородь/ряд вдоль полосы);07_nizhnie_polya;"Линейная посадка (живая изгородь/ряд вдоль полосы) — по аналогии с проектом «07_nizhnie_polya»; ближайшее ограничение — пешеходная дорожка / тротуар: 2.3 м при норме 0.5 м (СП 42.13330.2016, п. 9.6, табл. 9.1; ППМ 743-ПП, табл. 3.6.1)";"ассортимент для озеленения Москвы, категория «магистрали и улицы»; без инвазивных видов ППМ 369-ПП";пешеходная дорожка / тротуар;2.33;0.5;"СП 42.13330.2016, п. 9.6, табл. 9.1; ППМ 743-ПП, табл. 3.6.1"
bush_path_corridor_046_008;посажено;bush;Спирея березолистная;NEW_BUSH;-294.019;-183.308;14404.098;-1171.595;Линейная посадка (живая изгородь/ряд вдоль полосы);07_nizhnie_polya;"Линейная посадка (живая изгородь/ряд вдоль полосы) — по аналогии с проектом «07_nizhnie_polya»; ближайшее ограничение — пешеходная дорожка / тротуар: 2.5 м при норме 0.5 м (СП 42.13330.2016, п. 9.6, табл. 9.1; ППМ 743-ПП, табл. 3.6.1)";"ассортимент для озеленения Москвы, категория «магистрали и улицы»; без инвазивных видов ППМ 369-ПП";пешеходная дорожка / тротуар;2.45;0.5;"СП 42.13330.2016, п. 9.6, табл. 9.1; ППМ 743-ПП, табл. 3.6.1"
bush_path_corridor_046_009;посажено;bush;Спирея березолистная;NEW_BUSH;-295.367;-183.688;14402.75;-1171.975;Линейная посадка (живая изгородь/ряд вдоль полосы);07_nizhnie_polya;"Линейная посадка (живая изгородь/ряд вдоль полосы) — по аналогии с проектом «07_nizhnie_polya»; ближайшее ограничение — пешеходная дорожка / тротуар: 2.6 м при норме 0.5 м (СП 42.13330.2016, п. 9.6, табл. 9.1; ППМ 743-ПП, табл. 3.6.1)";"ассортимент для озеленения Москвы, категория «магистрали и улицы»; без инвазивных видов ППМ 369-ПП";пешеходная дорожка / тротуар;2.57;0.5;"СП 42.13330.2016, п. 9.6, табл. 9.1; ППМ 743-ПП, табл. 3.6.1"
bush_path_corridor_046_010;посажено;bush;Спирея березолистная;NEW_BUSH;-296.714;-184.069;14401.403;-1172.356;Линейная посадка (живая изгородь/ряд вдоль полосы);07_nizhnie_polya;"Линейная посадка (живая изгородь/ряд вдоль полосы) — по аналогии с проектом «07_nizhnie_polya»; ближайшее ограничение — пешеходная дорожка / тротуар: 2.7 м при норме 0.5 м (СП 42.13330.2016, п. 9.6, табл. 9.1; ППМ 743-ПП, табл. 3.6.1)";"ассортимент для озеленения Москвы, категория «магистрали и улицы»; без инвазивных видов ППМ 369-ПП";пешеходная дорожка / тротуар;2.69;0.5;"СП 42.13330.2016, п. 9.6, табл. 9.1; ППМ 743-ПП, табл. 3.6.1"
bush_path_corridor_046_011;посажено;bush;Спирея березолистная;NEW_BUSH;-298.061;-184.449;14400.056;-1172.736;Линейная посадка (живая изгородь/ряд вдоль полосы);07_nizhnie_polya;"Линейная посадка (живая изгородь/ряд вдоль полосы) — по аналогии с проектом «07_nizhnie_polya»; ближайшее ограничение — пешеходная дорожка / тротуар: 2.8 м при норме 0.5 м (СП 42.13330.2016, п. 9.6, табл. 9.1; ППМ 743-ПП, табл. 3.6.1)";"ассортимент для озеленения Москвы, категория «магистрали и улицы»; без инвазивных видов ППМ 369-ПП";пешеходная дорожка / тротуар;2.81;0.5;"СП 42.13330.2016, п. 9.6, табл. 9.1; ППМ 743-ПП, табл. 3.6.1"
bush_path_corridor_046_012;посажено;bush;Спирея березолистная;NEW_BUSH;-299.409;-184.829;14398.708;-1173.117;Линейная посадка (живая изгородь/ряд вдоль полосы);07_nizhnie_polya;"Линейная посадка (живая изгородь/ряд вдоль полосы) — по аналогии с проектом «07_nizhnie_polya»; ближайшее ограничение — пешеходная дорожка / тротуар: 2.9 м при норме 0.5 м (СП 42.13330.2016, п. 9.6, табл. 9.1; ППМ 743-ПП, табл. 3.6.1)";"ассортимент для озеленения Москвы, категория «магистрали и улицы»; без инвазивных видов ППМ 369-ПП";пешеходная дорожка / тротуар;2.92;0.5;"СП 42.13330.2016, п. 9.6, табл. 9.1; ППМ 743-ПП, табл. 3.6.1"
bush_path_corridor_046_013;посажено;bush;Спирея березолистная;NEW_BUSH;-300.756;-185.21;14397.361;-1173.497;Линейная посадка (живая изгородь/ряд вдоль полосы);07_nizhnie_polya;"Линейная посадка (живая изгородь/ряд вдоль полосы) — по аналогии с проектом «07_nizhnie_polya»; ближайшее ограничение — пешеходная дорожка / тротуар: 3.0 м при норме 0.5 м (СП 42.13330.2016, п. 9.6, табл. 9.1; ППМ 743-ПП, табл. 3.6.1)";"ассортимент для озеленения Москвы, категория «магистрали и улицы»; без инвазивных видов ППМ 369-ПП";пешеходная дорожка / тротуар;3.02;0.5;"СП 42.13330.2016, п. 9.6, табл. 9.1; ППМ 743-ПП, табл. 3.6.1"
bush_path_corridor_052_001;посажено;bush;Спирея березолистная;NEW_BUSH;-448.034;-307.53;14250.082;-1295.818;Линейная посадка (живая изгородь/ряд вдоль полосы);07_nizhnie_polya;"Линейная посадка (живая изгородь/ряд вдоль полосы) — по аналогии с проектом «07_nizhnie_polya»; ближайшее ограничение — пешеходная дорожка / тротуар: 2.4 м при норме 0.5 м (СП 42.13330.2016, п. 9.6, табл. 9.1; ППМ 743-ПП, табл. 3.6.1)";"ассортимент для озеленения Москвы, категория «магистрали и улицы»; без инвазивных видов ППМ 369-ПП";пешеходная дорожка / тротуар;2.38;0.5;"СП 42.13330.2016, п. 9.6, табл. 9.1; ППМ 743-ПП, табл. 3.6.1"
bush_path_corridor_052_002;посажено;bush;Спирея березолистная;NEW_BUSH;-447.863;-308.92;14250.253;-1297.207;Линейная посадка (живая изгородь/ряд вдоль полосы);07_nizhnie_polya;"Линейная посадка (живая изгородь/ряд вдоль полосы) — по аналогии с проектом «07_nizhnie_polya»; ближайшее ограничение — пешеходная дорожка / тротуар: 2.0 м при норме 0.5 м (СП 42.13330.2016, п. 9.6, табл. 9.1; ППМ 743-ПП, табл. 3.6.1)";"ассортимент для озеленения Москвы, категория «магистрали и улицы»; без инвазивных видов ППМ 369-ПП";пешеходная дорожка / тротуар;2.02;0.5;"СП 42.13330.2016, п. 9.6, табл. 9.1; ППМ 743-ПП, табл. 3.6.1"
bush_path_corridor_052_003;посажено;bush;Спирея березолистная;NEW_BUSH;-447.692;-310.31;14250.424;-1298.597;Линейная посадка (живая изгородь/ряд вдоль полосы);07_nizhnie_polya;"Линейная посадка (живая изгородь/ряд вдоль полосы) — по аналогии с проектом «07_nizhnie_polya»; ближайшее ограничение — пешеходная дорожка / тротуар: 1.6 м при норме 0.5 м (СП 42.13330.2016, п. 9.6, табл. 9.1; ППМ 743-ПП, табл. 3.6.1)";"ассортимент для озеленения Москвы, категория «магистрали и улицы»; без инвазивных видов ППМ 369-ПП";пешеходная дорожка / тротуар;1.65;0.5;"СП 42.13330.2016, п. 9.6, табл. 9.1; ППМ 743-ПП, табл. 3.6.1"
bush_path_corridor_052_004;посажено;bush;Спирея березолистная;NEW_BUSH;-447.521;-311.699;14250.595;-1299.986;Линейная посадка (живая изгородь/ряд вдоль полосы);07_nizhnie_polya;"Линейная посадка (живая изгородь/ряд вдоль полосы) — по аналогии с проектом «07_nizhnie_polya»; ближайшее ограничение — пешеходная дорожка / тротуар: 1.3 м при норме 0.5 м (СП 42.13330.2016, п. 9.6, табл. 9.1; ППМ 743-ПП, табл. 3.6.1)";"ассортимент для озеленения Москвы, категория «магистрали и улицы»; без инвазивных видов ППМ 369-ПП";пешеходная дорожка / тротуар;1.29;0.5;"СП 42.13330.2016, п. 9.6, табл. 9.1; ППМ 743-ПП, табл. 3.6.1"
bush_path_corridor_053_001;посажено;bush;Спирея березолистная;NEW_BUSH;-437.017;-335.168;14261.1;-1323.456;Линейная посадка (живая изгородь/ряд вдоль полосы);07_nizhnie_polya;"Линейная посадка (живая изгородь/ряд вдоль полосы) — по аналогии с проектом «07_nizhnie_polya»; ближайшее ограничение — пешеходная дорожка / тротуар: 2.2 м при норме 0.5 м (СП 42.13330.2016, п. 9.6, табл. 9.1; ППМ 743-ПП, табл. 3.6.1)";"ассортимент для озеленения Москвы, категория «магистрали и улицы»; без инвазивных видов ППМ 369-ПП";пешеходная дорожка / тротуар;2.2;0.5;"СП 42.13330.2016, п. 9.6, табл. 9.1; ППМ 743-ПП, табл. 3.6.1"
bush_path_corridor_053_002;посажено;bush;Спирея березолистная;NEW_BUSH;-436.464;-336.455;14261.653;-1324.742;Линейная посадка (живая изгородь/ряд вдоль полосы);07_nizhnie_polya;"Линейная посадка (живая изгородь/ряд вдоль полосы) — по аналогии с проектом «07_nizhnie_polya»; ближайшее ограничение — пешеходная дорожка / тротуар: 2.2 м при норме 0.5 м (СП 42.13330.2016, п. 9.6, табл. 9.1; ППМ 743-ПП, табл. 3.6.1)";"ассортимент для озеленения Москвы, категория «магистрали и улицы»; без инвазивных видов ППМ 369-ПП";пешеходная дорожка / тротуар;2.23;0.5;"СП 42.13330.2016, п. 9.6, табл. 9.1; ППМ 743-ПП, табл. 3.6.1"
bush_path_corridor_053_003;посажено;bush;Спирея березолистная;NEW_BUSH;-435.911;-337.741;14262.206;-1326.028;Линейная посадка (живая изгородь/ряд вдоль полосы);07_nizhnie_polya;"Линейная посадка (живая изгородь/ряд вдоль полосы) — по аналогии с проектом «07_nizhnie_polya»; ближайшее ограничение — пешеходная дорожка / тротуар: 2.3 м при норме 0.5 м (СП 42.13330.2016, п. 9.6, табл. 9.1; ППМ 743-ПП, табл. 3.6.1)";"ассортимент для озеленения Москвы, категория «магистрали и улицы»; без инвазивных видов ППМ 369-ПП";пешеходная дорожка / тротуар;2.26;0.5;"СП 42.13330.2016, п. 9.6, табл. 9.1; ППМ 743-ПП, табл. 3.6.1"
bush_path_corridor_053_004;посажено;bush;Спирея березолистная;NEW_BUSH;-435.358;-339.027;14262.759;-1327.314;Линейная посадка (живая изгородь/ряд вдоль полосы);07_nizhnie_polya;"Линейная посадка (живая изгородь/ряд вдоль полосы) — по аналогии с проектом «07_nizhnie_polya»; ближайшее ограничение — пешеходная дорожка / тротуар: 2.3 м при норме 0.5 м (СП 42.13330.2016, п. 9.6, табл. 9.1; ППМ 743-ПП, табл. 3.6.1)";"ассортимент для озеленения Москвы, категория «магистрали и улицы»; без инвазивных видов ППМ 369-ПП";пешеходная дорожка / тротуар;2.29;0.5;"СП 42.13330.2016, п. 9.6, табл. 9.1; ППМ 743-ПП, табл. 3.6.1"
bush_path_corridor_053_005;посажено;bush;Спирея березолистная;NEW_BUSH;-434.805;-340.313;14263.312;-1328.601;Линейная посадка (живая изгородь/ряд вдоль полосы);07_nizhnie_polya;"Линейная посадка (живая изгородь/ряд вдоль полосы) — по аналогии с проектом «07_nizhnie_polya»; ближайшее ограничение — пешеходная дорожка / тротуар: 2.3 м при норме 0.5 м (СП 42.13330.2016, п. 9.6, табл. 9.1; ППМ 743-ПП, табл. 3.6.1)";"ассортимент для озеленения Москвы, категория «магистрали и улицы»; без инвазивных видов ППМ 369-ПП";пешеходная дорожка / тротуар;2.32;0.5;"СП 42.13330.2016, п. 9.6, табл. 9.1; ППМ 743-ПП, табл. 3.6.1"
bush_path_corridor_053_006;посажено;bush;Спирея березолистная;NEW_BUSH;-434.252;-341.599;14263.864;-1329.887;Линейная посадка (живая изгородь/ряд вдоль полосы);07_nizhnie_polya;"Линейная посадка (живая изгородь/ряд вдоль полосы) — по аналогии с проектом «07_nizhnie_polya»; ближайшее ограничение — пешеходная дорожка / тротуар: 2.4 м при норме 0.5 м (СП 42.13330.2016, п. 9.6, табл. 9.1; ППМ 743-ПП, табл. 3.6.1)";"ассортимент для озеленения Москвы, категория «магистрали и улицы»; без инвазивных видов ППМ 369-ПП";пешеходная дорожка / тротуар;2.35;0.5;"СП 42.13330.2016, п. 9.6, табл. 9.1; ППМ 743-ПП, табл. 3.6.1"
bush_path_corridor_053_007;посажено;bush;Спирея березолистная;NEW_BUSH;-433.7;-342.886;14264.417;-1331.173;Линейная посадка (живая изгородь/ряд вдоль полосы);07_nizhnie_polya;"Линейная посадка (живая изгородь/ряд вдоль полосы) — по аналогии с проектом «07_nizhnie_polya»; ближайшее ограничение — воздушная ЛЭП: 2.9 м при норме 2.0 м (охранная зона по чертежу (отступ зоны))";"ассортимент для озеленения Москвы, категория «магистрали и улицы»; без инвазивных видов ППМ 369-ПП";воздушная ЛЭП;2.91;2.0;охранная зона по чертежу (отступ зоны)
tree_path_corridor_054_001;посажено;tree;Вяз гибридный Резиста;NEW_TREE;-479.192;-349.153;14218.925;-1337.44;Линейная посадка (живая изгородь/ряд вдоль полосы);07_nizhnie_polya;"Линейная посадка (живая изгородь/ряд вдоль полосы) — по аналогии с проектом «07_nizhnie_polya»; ближайшее ограничение — пешеходная дорожка / тротуар: 1.2 м при норме 0.7 м (СП 42.13330.2016, п. 9.6, табл. 9.1; ППМ 743-ПП, табл. 3.6.1)";"ассортимент для озеленения Москвы, категория «магистрали и улицы»; без инвазивных видов ППМ 369-ПП";пешеходная дорожка / тротуар;1.25;0.7;"СП 42.13330.2016, п. 9.6, табл. 9.1; ППМ 743-ПП, табл. 3.6.1"
tree_path_corridor_054_002;посажено;tree;Вяз гибридный Резиста;NEW_TREE;-490.326;-353.353;14207.79;-1341.64;Линейная посадка (живая изгородь/ряд вдоль полосы);07_nizhnie_polya;"Линейная посадка (живая изгородь/ряд вдоль полосы) — по аналогии с проектом «07_nizhnie_polya»; ближайшее ограничение — пешеходная дорожка / тротуар: 2.0 м при норме 0.7 м (СП 42.13330.2016, п. 9.6, табл. 9.1; ППМ 743-ПП, табл. 3.6.1)";"ассортимент для озеленения Москвы, категория «магистрали и улицы»; без инвазивных видов ППМ 369-ПП";пешеходная дорожка / тротуар;1.97;0.7;"СП 42.13330.2016, п. 9.6, табл. 9.1; ППМ 743-ПП, табл. 3.6.1"
tree_path_corridor_054_003;посажено;tree;Вяз гибридный Резиста;NEW_TREE;-501.461;-357.552;14196.656;-1345.84;Линейная посадка (живая изгородь/ряд вдоль полосы);07_nizhnie_polya;"Линейная посадка (живая изгородь/ряд вдоль полосы) — по аналогии с проектом «07_nizhnie_polya»; ближайшее ограничение — пешеходная дорожка / тротуар: 2.7 м при норме 0.7 м (СП 42.13330.2016, п. 9.6, табл. 9.1; ППМ 743-ПП, табл. 3.6.1)";"ассортимент для озеленения Москвы, категория «магистрали и улицы»; без инвазивных видов ППМ 369-ПП";пешеходная дорожка / тротуар;2.69;0.7;"СП 42.13330.2016, п. 9.6, табл. 9.1; ППМ 743-ПП, табл. 3.6.1"
bush_path_corridor_054_001;посажено;bush;Спирея березолистная;NEW_BUSH;-471.988;-346.435;14226.129;-1334.723;Линейная посадка (живая изгородь/ряд вдоль полосы);07_nizhnie_polya;"Линейная посадка (живая изгородь/ряд вдоль полосы) — по аналогии с проектом «07_nizhnie_polya»; ближайшее ограничение — пешеходная дорожка / тротуар: 0.8 м при норме 0.5 м (СП 42.13330.2016, п. 9.6, табл. 9.1; ППМ 743-ПП, табл. 3.6.1)";"ассортимент для озеленения Москвы, категория «магистрали и улицы»; без инвазивных видов ППМ 369-ПП";пешеходная дорожка / тротуар;0.78;0.5;"СП 42.13330.2016, п. 9.6, табл. 9.1; ППМ 743-ПП, табл. 3.6.1"
bush_path_corridor_054_002;посажено;bush;Спирея березолистная;NEW_BUSH;-473.297;-346.93;14224.819;-1335.217;Линейная посадка (живая изгородь/ряд вдоль полосы);07_nizhnie_polya;"Линейная посадка (живая изгородь/ряд вдоль полосы) — по аналогии с проектом «07_nizhnie_polya»; ближайшее ограничение — пешеходная дорожка / тротуар: 0.9 м при норме 0.5 м (СП 42.13330.2016, п. 9.6, табл. 9.1; ППМ 743-ПП, табл. 3.6.1)";"ассортимент для озеленения Москвы, категория «магистрали и улицы»; без инвазивных видов ППМ 369-ПП";пешеходная дорожка / тротуар;0.87;0.5;"СП 42.13330.2016, п. 9.6, табл. 9.1; ППМ 743-ПП, табл. 3.6.1"
bush_path_corridor_054_003;посажено;bush;Спирея березолистная;NEW_BUSH;-474.607;-347.424;14223.509;-1335.711;Линейная посадка (живая изгородь/ряд вдоль полосы);07_nizhnie_polya;"Линейная посадка (живая изгородь/ряд вдоль полосы) — по аналогии с проектом «07_nizhnie_polya»; ближайшее ограничение — пешеходная дорожка / тротуар: 0.9 м при норме 0.5 м (СП 42.13330.2016, п. 9.6, табл. 9.1; ППМ 743-ПП, табл. 3.6.1)";"ассортимент для озеленения Москвы, категория «магистрали и улицы»; без инвазивных видов ППМ 369-ПП";пешеходная дорожка / тротуар;0.95;0.5;"СП 42.13330.2016, п. 9.6, табл. 9.1; ППМ 743-ПП, табл. 3.6.1"
bush_path_corridor_054_004;посажено;bush;Спирея березолистная;NEW_BUSH;-475.917;-347.918;14222.199;-1336.205;Линейная посадка (живая изгородь/ряд вдоль полосы);07_nizhnie_polya;"Линейная посадка (живая изгородь/ряд вдоль полосы) — по аналогии с проектом «07_nizhnie_polya»; ближайшее ограничение — пешеходная дорожка / тротуар: 1.0 м при норме 0.5 м (СП 42.13330.2016, п. 9.6, табл. 9.1; ППМ 743-ПП, табл. 3.6.1)";"ассортимент для озеленения Москвы, категория «магистрали и улицы»; без инвазивных видов ППМ 369-ПП";пешеходная дорожка / тротуар;1.04;0.5;"СП 42.13330.2016, п. 9.6, табл. 9.1; ППМ 743-ПП, табл. 3.6.1"
bush_path_corridor_054_005;посажено;bush;Спирея березолистная;NEW_BUSH;-477.227;-348.412;14220.89;-1336.699;Линейная посадка (живая изгородь/ряд вдоль полосы);07_nizhnie_polya;"Линейная посадка (живая изгородь/ряд вдоль полосы) — по аналогии с проектом «07_nizhnie_polya»; ближайшее ограничение — пешеходная дорожка / тротуар: 1.1 м при норме 0.5 м (СП 42.13330.2016, п. 9.6, табл. 9.1; ППМ 743-ПП, табл. 3.6.1)";"ассортимент для озеленения Москвы, категория «магистрали и улицы»; без инвазивных видов ППМ 369-ПП";пешеходная дорожка / тротуар;1.12;0.5;"СП 42.13330.2016, п. 9.6, табл. 9.1; ППМ 743-ПП, табл. 3.6.1"
bush_path_corridor_054_006;посажено;bush;Спирея березолистная;NEW_BUSH;-481.157;-349.894;14216.96;-1338.181;Линейная посадка (живая изгородь/ряд вдоль полосы);07_nizhnie_polya;"Линейная посадка (живая изгородь/ряд вдоль полосы) — по аналогии с проектом «07_nizhnie_polya»; ближайшее ограничение — пешеходная дорожка / тротуар: 1.4 м при норме 0.5 м (СП 42.13330.2016, п. 9.6, табл. 9.1; ППМ 743-ПП, табл. 3.6.1)";"ассортимент для озеленения Москвы, категория «магистрали и улицы»; без инвазивных видов ППМ 369-ПП";пешеходная дорожка / тротуар;1.38;0.5;"СП 42.13330.2016, п. 9.6, табл. 9.1; ППМ 743-ПП, табл. 3.6.1"
bush_path_corridor_054_007;посажено;bush;Спирея березолистная;NEW_BUSH;-482.467;-350.388;14215.65;-1338.676;Линейная посадка (живая изгородь/ряд вдоль полосы);07_nizhnie_polya;"Линейная посадка (живая изгородь/ряд вдоль полосы) — по аналогии с проектом «07_nizhnie_polya»; ближайшее ограничение — пешеходная дорожка / тротуар: 1.5 м при норме 0.5 м (СП 42.13330.2016, п. 9.6, табл. 9.1; ППМ 743-ПП, табл. 3.6.1)";"ассортимент для озеленения Москвы, категория «магистрали и улицы»; без инвазивных видов ППМ 369-ПП";пешеходная дорожка / тротуар;1.46;0.5;"СП 42.13330.2016, п. 9.6, табл. 9.1; ППМ 743-ПП, табл. 3.6.1"
bush_path_corridor_054_008;посажено;bush;Спирея березолистная;NEW_BUSH;-483.777;-350.882;14214.34;-1339.17;Линейная посадка (живая изгородь/ряд вдоль полосы);07_nizhnie_polya;"Линейная посадка (живая изгородь/ряд вдоль полосы) — по аналогии с проектом «07_nizhnie_polya»; ближайшее ограничение — пешеходная дорожка / тротуар: 1.6 м при норме 0.5 м (СП 42.13330.2016, п. 9.6, табл. 9.1; ППМ 743-ПП, табл. 3.6.1)";"ассортимент для озеленения Москвы, категория «магистрали и улицы»; без инвазивных видов ППМ 369-ПП";пешеходная дорожка / тротуар;1.55;0.5;"СП 42.13330.2016, п. 9.6, табл. 9.1; ППМ 743-ПП, табл. 3.6.1"
bush_path_corridor_054_009;посажено;bush;Спирея березолистная;NEW_BUSH;-485.087;-351.376;14213.03;-1339.664;Линейная посадка (живая изгородь/ряд вдоль полосы);07_nizhnie_polya;"Линейная посадка (живая изгородь/ряд вдоль полосы) — по аналогии с проектом «07_nizhnie_polya»; ближайшее ограничение — пешеходная дорожка / тротуар: 1.6 м при норме 0.5 м (СП 42.13330.2016, п. 9.6, табл. 9.1; ППМ 743-ПП, табл. 3.6.1)";"ассортимент для озеленения Москвы, категория «магистрали и улицы»; без инвазивных видов ППМ 369-ПП";пешеходная дорожка / тротуар;1.63;0.5;"СП 42.13330.2016, п. 9.6, табл. 9.1; ППМ 743-ПП, табл. 3.6.1"
bush_path_corridor_054_010;посажено;bush;Спирея березолистная;NEW_BUSH;-486.397;-351.87;14211.72;-1340.158;Линейная посадка (живая изгородь/ряд вдоль полосы);07_nizhnie_polya;"Линейная посадка (живая изгородь/ряд вдоль полосы) — по аналогии с проектом «07_nizhnie_polya»; ближайшее ограничение — пешеходная дорожка / тротуар: 1.7 м при норме 0.5 м (СП 42.13330.2016, п. 9.6, табл. 9.1; ППМ 743-ПП, табл. 3.6.1)";"ассортимент для озеленения Москвы, категория «магистрали и улицы»; без инвазивных видов ППМ 369-ПП";пешеходная дорожка / тротуар;1.72;0.5;"СП 42.13330.2016, п. 9.6, табл. 9.1; ППМ 743-ПП, табл. 3.6.1"
bush_path_corridor_054_011;посажено;bush;Спирея березолистная;NEW_BUSH;-487.707;-352.365;14210.41;-1340.652;Линейная посадка (живая изгородь/ряд вдоль полосы);07_nizhnie_polya;"Линейная посадка (живая изгородь/ряд вдоль полосы) — по аналогии с проектом «07_nizhnie_polya»; ближайшее ограничение — пешеходная дорожка / тротуар: 1.8 м при норме 0.5 м (СП 42.13330.2016, п. 9.6, табл. 9.1; ППМ 743-ПП, табл. 3.6.1)";"ассортимент для озеленения Москвы, категория «магистрали и улицы»; без инвазивных видов ППМ 369-ПП";пешеходная дорожка / тротуар;1.8;0.5;"СП 42.13330.2016, п. 9.6, табл. 9.1; ППМ 743-ПП, табл. 3.6.1"
bush_path_corridor_054_012;посажено;bush;Спирея березолистная;NEW_BUSH;-489.016;-352.859;14209.1;-1341.146;Линейная посадка (живая изгородь/ряд вдоль полосы);07_nizhnie_polya;"Линейная посадка (живая изгородь/ряд вдоль полосы) — по аналогии с проектом «07_nizhnie_polya»; ближайшее ограничение — пешеходная дорожка / тротуар: 1.9 м при норме 0.5 м (СП 42.13330.2016, п. 9.6, табл. 9.1; ППМ 743-ПП, табл. 3.6.1)";"ассортимент для озеленения Москвы, категория «магистрали и улицы»; без инвазивных видов ППМ 369-ПП";пешеходная дорожка / тротуар;1.89;0.5;"СП 42.13330.2016, п. 9.6, табл. 9.1; ППМ 743-ПП, табл. 3.6.1"
bush_path_corridor_054_013;посажено;bush;Спирея березолистная;NEW_BUSH;-491.636;-353.847;14206.481;-1342.134;Линейная посадка (живая изгородь/ряд вдоль полосы);07_nizhnie_polya;"Линейная посадка (живая изгородь/ряд вдоль полосы) — по аналогии с проектом «07_nizhnie_polya»; ближайшее ограничение — пешеходная дорожка / тротуар: 2.1 м при норме 0.5 м (СП 42.13330.2016, п. 9.6, табл. 9.1; ППМ 743-ПП, табл. 3.6.1)";"ассортимент для озеленения Москвы, категория «магистрали и улицы»; без инвазивных видов ППМ 369-ПП";пешеходная дорожка / тротуар;2.06;0.5;"СП 42.13330.2016, п. 9.6, табл. 9.1; ППМ 743-ПП, табл. 3.6.1"
bush_path_corridor_054_014;посажено;bush;Спирея березолистная;NEW_BUSH;-492.946;-354.341;14205.171;-1342.628;Линейная посадка (живая изгородь/ряд вдоль полосы);07_nizhnie_polya;"Линейная посадка (живая изгородь/ряд вдоль полосы) — по аналогии с проектом «07_nizhnie_polya»; ближайшее ограничение — пешеходная дорожка / тротуар: 2.1 м при норме 0.5 м (СП 42.13330.2016, п. 9.6, табл. 9.1; ППМ 743-ПП, табл. 3.6.1)";"ассортимент для озеленения Москвы, категория «магистрали и улицы»; без инвазивных видов ППМ 369-ПП";пешеходная дорожка / тротуар;2.14;0.5;"СП 42.13330.2016, п. 9.6, табл. 9.1; ППМ 743-ПП, табл. 3.6.1"
bush_path_corridor_054_015;посажено;bush;Спирея березолистная;NEW_BUSH;-494.256;-354.835;14203.861;-1343.122;Линейная посадка (живая изгородь/ряд вдоль полосы);07_nizhnie_polya;"Линейная посадка (живая изгородь/ряд вдоль полосы) — по аналогии с проектом «07_nizhnie_polya»; ближайшее ограничение — пешеходная дорожка / тротуар: 2.2 м при норме 0.5 м (СП 42.13330.2016, п. 9.6, табл. 9.1; ППМ 743-ПП, табл. 3.6.1)";"ассортимент для озеленения Москвы, категория «магистрали и улицы»; без инвазивных видов ППМ 369-ПП";пешеходная дорожка / тротуар;2.23;0.5;"СП 42.13330.2016, п. 9.6, табл. 9.1; ППМ 743-ПП, табл. 3.6.1"
bush_path_corridor_054_016;посажено;bush;Спирея березолистная;NEW_BUSH;-495.566;-355.329;14202.551;-1343.616;Линейная посадка (живая изгородь/ряд вдоль полосы);07_nizhnie_polya;"Линейная посадка (живая изгородь/ряд вдоль полосы) — по аналогии с проектом «07_nizhnie_polya»; ближайшее ограничение — пешеходная дорожка / тротуар: 2.3 м при норме 0.5 м (СП 42.13330.2016, п. 9.6, табл. 9.1; ППМ 743-ПП, табл. 3.6.1)";"ассортимент для озеленения Москвы, категория «магистрали и улицы»; без инвазивных видов ППМ 369-ПП";пешеходная дорожка / тротуар;2.31;0.5;"СП 42.13330.2016, п. 9.6, табл. 9.1; ППМ 743-ПП, табл. 3.6.1"
bush_path_corridor_054_017;посажено;bush;Спирея березолистная;NEW_BUSH;-496.876;-355.823;14201.241;-1344.111;Линейная посадка (живая изгородь/ряд вдоль полосы);07_nizhnie_polya;"Линейная посадка (живая изгородь/ряд вдоль полосы) — по аналогии с проектом «07_nizhnie_polya»; ближайшее ограничение — пешеходная дорожка / тротуар: 2.4 м при норме 0.5 м (СП 42.13330.2016, п. 9.6, табл. 9.1; ППМ 743-ПП, табл. 3.6.1)";"ассортимент для озеленения Москвы, категория «магистрали и улицы»; без инвазивных видов ППМ 369-ПП";пешеходная дорожка / тротуар;2.4;0.5;"СП 42.13330.2016, п. 9.6, табл. 9.1; ППМ 743-ПП, табл. 3.6.1"
bush_path_corridor_054_018;посажено;bush;Спирея березолистная;NEW_BUSH;-498.186;-356.317;14199.931;-1344.605;Линейная посадка (живая изгородь/ряд вдоль полосы);07_nizhnie_polya;"Линейная посадка (живая изгородь/ряд вдоль полосы) — по аналогии с проектом «07_nizhnie_polya»; ближайшее ограничение — пешеходная дорожка / тротуар: 2.5 м при норме 0.5 м (СП 42.13330.2016, п. 9.6, табл. 9.1; ППМ 743-ПП, табл. 3.6.1)";"ассортимент для озеленения Москвы, категория «магистрали и улицы»; без инвазивных видов ППМ 369-ПП";пешеходная дорожка / тротуар;2.48;0.5;"СП 42.13330.2016, п. 9.6, табл. 9.1; ППМ 743-ПП, табл. 3.6.1"
bush_path_corridor_054_019;посажено;bush;Спирея березолистная;NEW_BUSH;-499.496;-356.811;14198.621;-1345.099;Линейная посадка (живая изгородь/ряд вдоль полосы);07_nizhnie_polya;"Линейная посадка (живая изгородь/ряд вдоль полосы) — по аналогии с проектом «07_nizhnie_polya»; ближайшее ограничение — пешеходная дорожка / тротуар: 2.6 м при норме 0.5 м (СП 42.13330.2016, п. 9.6, табл. 9.1; ППМ 743-ПП, табл. 3.6.1)";"ассортимент для озеленения Москвы, категория «магистрали и улицы»; без инвазивных видов ППМ 369-ПП";пешеходная дорожка / тротуар;2.56;0.5;"СП 42.13330.2016, п. 9.6, табл. 9.1; ППМ 743-ПП, табл. 3.6.1"
bush_path_corridor_054_020;посажено;bush;Спирея березолистная;NEW_BUSH;-503.426;-358.294;14194.691;-1346.581;Линейная посадка (живая изгородь/ряд вдоль полосы);07_nizhnie_polya;"Линейная посадка (живая изгородь/ряд вдоль полосы) — по аналогии с проектом «07_nizhnie_polya»; ближайшее ограничение — пешеходная дорожка / тротуар: 2.8 м при норме 0.5 м (СП 42.13330.2016, п. 9.6, табл. 9.1; ППМ 743-ПП, табл. 3.6.1)";"ассортимент для озеленения Москвы, категория «магистрали и улицы»; без инвазивных видов ППМ 369-ПП";пешеходная дорожка / тротуар;2.82;0.5;"СП 42.13330.2016, п. 9.6, табл. 9.1; ППМ 743-ПП, табл. 3.6.1"
bush_path_corridor_054_021;посажено;bush;Спирея березолистная;NEW_BUSH;-504.735;-358.788;14193.381;-1347.075;Линейная посадка (живая изгородь/ряд вдоль полосы);07_nizhnie_polya;"Линейная посадка (живая изгородь/ряд вдоль полосы) — по аналогии с проектом «07_nizhnie_polya»; ближайшее ограничение — пешеходная дорожка / тротуар: 2.9 м при норме 0.5 м (СП 42.13330.2016, п. 9.6, табл. 9.1; ППМ 743-ПП, табл. 3.6.1)";"ассортимент для озеленения Москвы, категория «магистрали и улицы»; без инвазивных видов ППМ 369-ПП";пешеходная дорожка / тротуар;2.9;0.5;"СП 42.13330.2016, п. 9.6, табл. 9.1; ППМ 743-ПП, табл. 3.6.1"
bush_path_corridor_054_022;посажено;bush;Спирея березолистная;NEW_BUSH;-506.045;-359.282;14192.071;-1347.569;Линейная посадка (живая изгородь/ряд вдоль полосы);07_nizhnie_polya;"Линейная посадка (живая изгородь/ряд вдоль полосы) — по аналогии с проектом «07_nizhnie_polya»; ближайшее ограничение — пешеходная дорожка / тротуар: 3.0 м при норме 0.5 м (СП 42.13330.2016, п. 9.6, табл. 9.1; ППМ 743-ПП, табл. 3.6.1)";"ассортимент для озеленения Москвы, категория «магистрали и улицы»; без инвазивных видов ППМ 369-ПП";пешеходная дорожка / тротуар;2.99;0.5;"СП 42.13330.2016, п. 9.6, табл. 9.1; ППМ 743-ПП, табл. 3.6.1"
bush_path_corridor_054_023;посажено;bush;Спирея березолистная;NEW_BUSH;-507.355;-359.776;14190.762;-1348.063;Линейная посадка (живая изгородь/ряд вдоль полосы);07_nizhnie_polya;"Линейная посадка (живая изгородь/ряд вдоль полосы) — по аналогии с проектом «07_nizhnie_polya»; ближайшее ограничение — пешеходная дорожка / тротуар: 3.1 м при норме 0.5 м (СП 42.13330.2016, п. 9.6, табл. 9.1; ППМ 743-ПП, табл. 3.6.1)";"ассортимент для озеленения Москвы, категория «магистрали и улицы»; без инвазивных видов ППМ 369-ПП";пешеходная дорожка / тротуар;3.07;0.5;"СП 42.13330.2016, п. 9.6, табл. 9.1; ППМ 743-ПП, табл. 3.6.1"
bush_path_corridor_054_024;посажено;bush;Спирея березолистная;NEW_BUSH;-508.665;-360.27;14189.452;-1348.557;Линейная посадка (живая изгородь/ряд вдоль полосы);07_nizhnie_polya;"Линейная посадка (живая изгородь/ряд вдоль полосы) — по аналогии с проектом «07_nizhnie_polya»; ближайшее ограничение — пешеходная дорожка / тротуар: 3.2 м при норме 0.5 м (СП 42.13330.2016, п. 9.6, табл. 9.1; ППМ 743-ПП, табл. 3.6.1)";"ассортимент для озеленения Москвы, категория «магистрали и улицы»; без инвазивных видов ППМ 369-ПП";пешеходная дорожка / тротуар;3.16;0.5;"СП 42.13330.2016, п. 9.6, табл. 9.1; ППМ 743-ПП, табл. 3.6.1"
tree_path_corridor_055_001;посажено;tree;Вяз гибридный Резиста;NEW_TREE;-85.588;31.498;14612.529;-956.789;Линейная посадка (живая изгородь/ряд вдоль полосы);07_nizhnie_polya;"Линейная посадка (живая изгородь/ряд вдоль полосы) — по аналогии с проектом «07_nizhnie_polya»; ближайшее ограничение — силовой кабель: 2.8 м при норме 2.0 м (СП 42.13330.2016, п. 9.6, табл. 9.1; ППМ 743-ПП, табл. 3.6.1)";"ассортимент для озеленения Москвы, категория «магистрали и улицы»; без инвазивных видов ППМ 369-ПП";силовой кабель;2.76;2.0;"СП 42.13330.2016, п. 9.6, табл. 9.1; ППМ 743-ПП, табл. 3.6.1"
bush_path_corridor_055_001;посажено;bush;Спирея березолистная;NEW_BUSH;-83.803;33.656;14614.314;-954.632;Линейная посадка (живая изгородь/ряд вдоль полосы);07_nizhnie_polya;"Линейная посадка (живая изгородь/ряд вдоль полосы) — по аналогии с проектом «07_nizhnie_polya»; ближайшее ограничение — проезжая часть: 2.2 м при норме 1.0 м (СП 42.13330.2016, п. 9.6, табл. 9.1; ППМ 743-ПП, табл. 3.6.1)";"ассортимент для озеленения Москвы, категория «магистрали и улицы»; без инвазивных видов ППМ 369-ПП";проезжая часть;2.23;1.0;"СП 42.13330.2016, п. 9.6, табл. 9.1; ППМ 743-ПП, табл. 3.6.1"
bush_path_corridor_055_002;посажено;bush;Спирея березолистная;NEW_BUSH;-84.695;32.577;14613.421;-955.711;Линейная посадка (живая изгородь/ряд вдоль полосы);07_nizhnie_polya;"Линейная посадка (живая изгородь/ряд вдоль полосы) — по аналогии с проектом «07_nizhnie_polya»; ближайшее ограничение — проезжая часть: 2.6 м при норме 1.0 м (СП 42.13330.2016, п. 9.6, табл. 9.1; ППМ 743-ПП, табл. 3.6.1)";"ассортимент для озеленения Москвы, категория «магистрали и улицы»; без инвазивных видов ППМ 369-ПП";проезжая часть;2.62;1.0;"СП 42.13330.2016, п. 9.6, табл. 9.1; ППМ 743-ПП, табл. 3.6.1"
bush_path_corridor_055_003;посажено;bush;Спирея березолистная;NEW_BUSH;-86.48;30.419;14611.637;-957.868;Линейная посадка (живая изгородь/ряд вдоль полосы);07_nizhnie_polya;"Линейная посадка (живая изгородь/ряд вдоль полосы) — по аналогии с проектом «07_nizhnie_polya»; ближайшее ограничение — силовой кабель: 2.8 м при норме 0.7 м (СП 42.13330.2016, п. 9.6, табл. 9.1; ППМ 743-ПП, табл. 3.6.1)";"ассортимент для озеленения Москвы, категория «магистрали и улицы»; без инвазивных видов ППМ 369-ПП";силовой кабель;2.76;0.7;"СП 42.13330.2016, п. 9.6, табл. 9.1; ППМ 743-ПП, табл. 3.6.1"
bush_path_corridor_055_004;посажено;bush;Спирея березолистная;NEW_BUSH;-87.373;29.341;14610.744;-958.947;Линейная посадка (живая изгородь/ряд вдоль полосы);07_nizhnie_polya;"Линейная посадка (живая изгородь/ряд вдоль полосы) — по аналогии с проектом «07_nizhnie_polya»; ближайшее ограничение — теплосеть: 2.5 м при норме 1.0 м (СП 42.13330.2016, п. 9.6, табл. 9.1; ППМ 743-ПП, табл. 3.6.1)";"ассортимент для озеленения Москвы, категория «магистрали и улицы»; без инвазивных видов ППМ 369-ПП";теплосеть;2.51;1.0;"СП 42.13330.2016, п. 9.6, табл. 9.1; ППМ 743-ПП, табл. 3.6.1"
tree_path_corridor_056_001;посажено;tree;Вяз гибридный Резиста;NEW_TREE;-100.401;20.859;14597.716;-967.428;Линейная посадка (живая изгородь/ряд вдоль полосы);07_nizhnie_polya;"Линейная посадка (живая изгородь/ряд вдоль полосы) — по аналогии с проектом «07_nizhnie_polya»; ближайшее ограничение — проезжая часть: 3.5 м при норме 2.0 м (СП 42.13330.2016, п. 9.6, табл. 9.1; ППМ 743-ПП, табл. 3.6.1)";"ассортимент для озеленения Москвы, категория «магистрали и улицы»; без инвазивных видов ППМ 369-ПП";проезжая часть;3.46;2.0;"СП 42.13330.2016, п. 9.6, табл. 9.1; ППМ 743-ПП, табл. 3.6.1"
bush_path_corridor_056_001;посажено;bush;Спирея березолистная;NEW_BUSH;-96.93;23.224;14601.187;-965.064;Линейная посадка (живая изгородь/ряд вдоль полосы);07_nizhnie_polya;"Линейная посадка (живая изгородь/ряд вдоль полосы) — по аналогии с проектом «07_nizhnie_polya»; ближайшее ограничение — теплосеть: 2.8 м при норме 1.0 м (СП 42.13330.2016, п. 9.6, табл. 9.1; ППМ 743-ПП, табл. 3.6.1)";"ассортимент для озеленения Москвы, категория «магистрали и улицы»; без инвазивных видов ППМ 369-ПП";теплосеть;2.81;1.0;"СП 42.13330.2016, п. 9.6, табл. 9.1; ППМ 743-ПП, табл. 3.6.1"
bush_path_corridor_056_002;посажено;bush;Спирея березолистная;NEW_BUSH;-98.087;22.435;14600.03;-965.852;Линейная посадка (живая изгородь/ряд вдоль полосы);07_nizhnie_polya;"Линейная посадка (живая изгородь/ряд вдоль полосы) — по аналогии с проектом «07_nizhnie_polya»; ближайшее ограничение — проезжая часть: 3.5 м при норме 1.0 м (СП 42.13330.2016, п. 9.6, табл. 9.1; ППМ 743-ПП, табл. 3.6.1)";"ассортимент для озеленения Москвы, категория «магистрали и улицы»; без инвазивных видов ППМ 369-ПП";проезжая часть;3.46;1.0;"СП 42.13330.2016, п. 9.6, табл. 9.1; ППМ 743-ПП, табл. 3.6.1"
bush_path_corridor_056_003;посажено;bush;Спирея березолистная;NEW_BUSH;-99.244;21.647;14598.873;-966.64;Линейная посадка (живая изгородь/ряд вдоль полосы);07_nizhnie_polya;"Линейная посадка (живая изгородь/ряд вдоль полосы) — по аналогии с проектом «07_nizhnie_polya»; ближайшее ограничение — проезжая часть: 3.5 м при норме 1.0 м (СП 42.13330.2016, п. 9.6, табл. 9.1; ППМ 743-ПП, табл. 3.6.1)";"ассортимент для озеленения Москвы, категория «магистрали и улицы»; без инвазивных видов ППМ 369-ПП";проезжая часть;3.46;1.0;"СП 42.13330.2016, п. 9.6, табл. 9.1; ППМ 743-ПП, табл. 3.6.1"
bush_path_corridor_056_004;посажено;bush;Спирея березолистная;NEW_BUSH;-101.558;20.071;14596.558;-968.217;Линейная посадка (живая изгородь/ряд вдоль полосы);07_nizhnie_polya;"Линейная посадка (живая изгородь/ряд вдоль полосы) — по аналогии с проектом «07_nizhnie_polya»; ближайшее ограничение — проезжая часть: 3.5 м при норме 1.0 м (СП 42.13330.2016, п. 9.6, табл. 9.1; ППМ 743-ПП, табл. 3.6.1)";"ассортимент для озеленения Москвы, категория «магистрали и улицы»; без инвазивных видов ППМ 369-ПП";проезжая часть;3.46;1.0;"СП 42.13330.2016, п. 9.6, табл. 9.1; ППМ 743-ПП, табл. 3.6.1"
bush_path_corridor_056_005;посажено;bush;Спирея березолистная;NEW_BUSH;-102.715;19.283;14595.401;-969.005;Линейная посадка (живая изгородь/ряд вдоль полосы);07_nizhnie_polya;"Линейная посадка (живая изгородь/ряд вдоль полосы) — по аналогии с проектом «07_nizhnie_polya»; ближайшее ограничение — проезжая часть: 3.5 м при норме 1.0 м (СП 42.13330.2016, п. 9.6, табл. 9.1; ППМ 743-ПП, табл. 3.6.1)";"ассортимент для озеленения Москвы, категория «магистрали и улицы»; без инвазивных видов ППМ 369-ПП";проезжая часть;3.46;1.0;"СП 42.13330.2016, п. 9.6, табл. 9.1; ППМ 743-ПП, табл. 3.6.1"
bush_path_corridor_056_006;посажено;bush;Спирея березолистная;NEW_BUSH;-103.872;18.495;14594.244;-969.793;Линейная посадка (живая изгородь/ряд вдоль полосы);07_nizhnie_polya;"Линейная посадка (живая изгородь/ряд вдоль полосы) — по аналогии с проектом «07_nizhnie_polya»; ближайшее ограничение — проезжая часть: 3.5 м при норме 1.0 м (СП 42.13330.2016, п. 9.6, табл. 9.1; ППМ 743-ПП, табл. 3.6.1)";"ассортимент для озеленения Москвы, категория «магистрали и улицы»; без инвазивных видов ППМ 369-ПП";проезжая часть;3.46;1.0;"СП 42.13330.2016, п. 9.6, табл. 9.1; ППМ 743-ПП, табл. 3.6.1"
tree_path_corridor_057_001;посажено;tree;Вяз гибридный Резиста;NEW_TREE;-35.8;37.695;14662.317;-950.593;Линейная посадка (живая изгородь/ряд вдоль полосы);07_nizhnie_polya;"Линейная посадка (живая изгородь/ряд вдоль полосы) — по аналогии с проектом «07_nizhnie_polya»; ближайшее ограничение — проезжая часть: 3.5 м при норме 2.0 м (СП 42.13330.2016, п. 9.6, табл. 9.1; ППМ 743-ПП, табл. 3.6.1)";"ассортимент для озеленения Москвы, категория «магистрали и улицы»; без инвазивных видов ППМ 369-ПП";проезжая часть;3.5;2.0;"СП 42.13330.2016, п. 9.6, табл. 9.1; ППМ 743-ПП, табл. 3.6.1"
tree_path_corridor_058_001;посажено;tree;Вяз гибридный Резиста;NEW_TREE;-475.8;-318.943;14222.317;-1307.231;Линейная посадка (живая изгородь/ряд вдоль полосы);07_nizhnie_polya;"Линейная посадка (живая изгородь/ряд вдоль полосы) — по аналогии с проектом «07_nizhnie_polya»; ближайшее ограничение — пешеходная дорожка / тротуар: 2.7 м при норме 0.7 м (СП 42.13330.2016, п. 9.6, табл. 9.1; ППМ 743-ПП, табл. 3.6.1)";"ассортимент для озеленения Москвы, категория «магистрали и улицы»; без инвазивных видов ППМ 369-ПП";пешеходная дорожка / тротуар;2.7;0.7;"СП 42.13330.2016, п. 9.6, табл. 9.1; ППМ 743-ПП, табл. 3.6.1"
tree_path_corridor_058_002;посажено;tree;Вяз гибридный Резиста;NEW_TREE;-467.742;-310.186;14230.374;-1298.474;Линейная посадка (живая изгородь/ряд вдоль полосы);07_nizhnie_polya;"Линейная посадка (живая изгородь/ряд вдоль полосы) — по аналогии с проектом «07_nizhnie_polya»; ближайшее ограничение — пешеходная дорожка / тротуар: 2.6 м при норме 0.7 м (СП 42.13330.2016, п. 9.6, табл. 9.1; ППМ 743-ПП, табл. 3.6.1)";"ассортимент для озеленения Москвы, категория «магистрали и улицы»; без инвазивных видов ППМ 369-ПП";пешеходная дорожка / тротуар;2.59;0.7;"СП 42.13330.2016, п. 9.6, табл. 9.1; ППМ 743-ПП, табл. 3.6.1"
bush_path_corridor_058_001;посажено;bush;Спирея березолистная;NEW_BUSH;-480.302;-323.837;14217.814;-1312.124;Линейная посадка (живая изгородь/ряд вдоль полосы);07_nizhnie_polya;"Линейная посадка (живая изгородь/ряд вдоль полосы) — по аналогии с проектом «07_nizhnie_polya»; ближайшее ограничение — пешеходная дорожка / тротуар: 2.5 м при норме 0.5 м (СП 42.13330.2016, п. 9.6, табл. 9.1; ППМ 743-ПП, табл. 3.6.1)";"ассортимент для озеленения Москвы, категория «магистрали и улицы»; без инвазивных видов ППМ 369-ПП";пешеходная дорожка / тротуар;2.45;0.5;"СП 42.13330.2016, п. 9.6, табл. 9.1; ППМ 743-ПП, табл. 3.6.1"
bush_path_corridor_058_002;посажено;bush;Спирея березолистная;NEW_BUSH;-479.355;-322.807;14218.762;-1311.094;Линейная посадка (живая изгородь/ряд вдоль полосы);07_nizhnie_polya;"Линейная посадка (живая изгородь/ряд вдоль полосы) — по аналогии с проектом «07_nizhnie_polya»; ближайшее ограничение — пешеходная дорожка / тротуар: 2.5 м при норме 0.5 м (СП 42.13330.2016, п. 9.6, табл. 9.1; ППМ 743-ПП, табл. 3.6.1)";"ассортимент для озеленения Москвы, категория «магистрали и улицы»; без инвазивных видов ППМ 369-ПП";пешеходная дорожка / тротуар;2.52;0.5;"СП 42.13330.2016, п. 9.6, табл. 9.1; ППМ 743-ПП, табл. 3.6.1"
bush_path_corridor_058_003;посажено;bush;Спирея березолистная;NEW_BUSH;-478.407;-321.777;14219.71;-1310.064;Линейная посадка (живая изгородь/ряд вдоль полосы);07_nizhnie_polya;"Линейная посадка (живая изгородь/ряд вдоль полосы) — по аналогии с проектом «07_nizhnie_polya»; ближайшее ограничение — пешеходная дорожка / тротуар: 2.6 м при норме 0.5 м (СП 42.13330.2016, п. 9.6, табл. 9.1; ППМ 743-ПП, табл. 3.6.1)";"ассортимент для озеленения Москвы, категория «магистрали и улицы»; без инвазивных видов ППМ 369-ПП";пешеходная дорожка / тротуар;2.59;0.5;"СП 42.13330.2016, п. 9.6, табл. 9.1; ППМ 743-ПП, табл. 3.6.1"
bush_path_corridor_058_004;посажено;bush;Спирея березолистная;NEW_BUSH;-477.459;-320.746;14220.658;-1309.034;Линейная посадка (живая изгородь/ряд вдоль полосы);07_nizhnie_polya;"Линейная посадка (живая изгородь/ряд вдоль полосы) — по аналогии с проектом «07_nizhnie_polya»; ближайшее ограничение — пешеходная дорожка / тротуар: 2.6 м при норме 0.5 м (СП 42.13330.2016, п. 9.6, табл. 9.1; ППМ 743-ПП, табл. 3.6.1)";"ассортимент для озеленения Москвы, категория «магистрали и улицы»; без инвазивных видов ППМ 369-ПП";пешеходная дорожка / тротуар;2.64;0.5;"СП 42.13330.2016, п. 9.6, табл. 9.1; ППМ 743-ПП, табл. 3.6.1"
bush_path_corridor_058_005;посажено;bush;Спирея березолистная;NEW_BUSH;-476.511;-319.716;14221.606;-1308.003;Линейная посадка (живая изгородь/ряд вдоль полосы);07_nizhnie_polya;"Линейная посадка (живая изгородь/ряд вдоль полосы) — по аналогии с проектом «07_nizhnie_polya»; ближайшее ограничение — пешеходная дорожка / тротуар: 2.7 м при норме 0.5 м (СП 42.13330.2016, п. 9.6, табл. 9.1; ППМ 743-ПП, табл. 3.6.1)";"ассортимент для озеленения Москвы, категория «магистрали и улицы»; без инвазивных видов ППМ 369-ПП";пешеходная дорожка / тротуар;2.68;0.5;"СП 42.13330.2016, п. 9.6, табл. 9.1; ППМ 743-ПП, табл. 3.6.1"
bush_path_corridor_058_006;посажено;bush;Спирея березолистная;NEW_BUSH;-474.615;-317.656;14223.502;-1305.943;Линейная посадка (живая изгородь/ряд вдоль полосы);07_nizhnie_polya;"Линейная посадка (живая изгородь/ряд вдоль полосы) — по аналогии с проектом «07_nizhnie_polya»; ближайшее ограничение — пешеходная дорожка / тротуар: 2.7 м при норме 0.5 м (СП 42.13330.2016, п. 9.6, табл. 9.1; ППМ 743-ПП, табл. 3.6.1)";"ассортимент для озеленения Москвы, категория «магистрали и улицы»; без инвазивных видов ППМ 369-ПП";пешеходная дорожка / тротуар;2.73;0.5;"СП 42.13330.2016, п. 9.6, табл. 9.1; ППМ 743-ПП, табл. 3.6.1"
bush_path_corridor_058_007;посажено;bush;Спирея березолистная;NEW_BUSH;-473.667;-316.625;14224.45;-1304.913;Линейная посадка (живая изгородь/ряд вдоль полосы);07_nizhnie_polya;"Линейная посадка (живая изгородь/ряд вдоль полосы) — по аналогии с проектом «07_nizhnie_polya»; ближайшее ограничение — пешеходная дорожка / тротуар: 2.7 м при норме 0.5 м (СП 42.13330.2016, п. 9.6, табл. 9.1; ППМ 743-ПП, табл. 3.6.1)";"ассортимент для озеленения Москвы, категория «магистрали и улицы»; без инвазивных видов ППМ 369-ПП";пешеходная дорожка / тротуар;2.74;0.5;"СП 42.13330.2016, п. 9.6, табл. 9.1; ППМ 743-ПП, табл. 3.6.1"
bush_path_corridor_058_008;посажено;bush;Спирея березолистная;NEW_BUSH;-472.719;-315.595;14225.398;-1303.882;Линейная посадка (живая изгородь/ряд вдоль полосы);07_nizhnie_polya;"Линейная посадка (живая изгородь/ряд вдоль полосы) — по аналогии с проектом «07_nizhnie_polya»; ближайшее ограничение — пешеходная дорожка / тротуар: 2.7 м при норме 0.5 м (СП 42.13330.2016, п. 9.6, табл. 9.1; ППМ 743-ПП, табл. 3.6.1)";"ассортимент для озеленения Москвы, категория «магистрали и улицы»; без инвазивных видов ППМ 369-ПП";пешеходная дорожка / тротуар;2.74;0.5;"СП 42.13330.2016, п. 9.6, табл. 9.1; ППМ 743-ПП, табл. 3.6.1"
bush_path_corridor_058_009;посажено;bush;Спирея березолистная;NEW_BUSH;-471.771;-314.565;14226.346;-1302.852;Линейная посадка (живая изгородь/ряд вдоль полосы);07_nizhnie_polya;"Линейная посадка (живая изгородь/ряд вдоль полосы) — по аналогии с проектом «07_nizhnie_polya»; ближайшее ограничение — пешеходная дорожка / тротуар: 2.7 м при норме 0.5 м (СП 42.13330.2016, п. 9.6, табл. 9.1; ППМ 743-ПП, табл. 3.6.1)";"ассортимент для озеленения Москвы, категория «магистрали и улицы»; без инвазивных видов ППМ 369-ПП";пешеходная дорожка / тротуар;2.74;0.5;"СП 42.13330.2016, п. 9.6, табл. 9.1; ППМ 743-ПП, табл. 3.6.1"
bush_path_corridor_058_010;посажено;bush;Спирея березолистная;NEW_BUSH;-470.823;-313.535;14227.294;-1301.822;Линейная посадка (живая изгородь/ряд вдоль полосы);07_nizhnie_polya;"Линейная посадка (живая изгородь/ряд вдоль полосы) — по аналогии с проектом «07_nizhnie_polya»; ближайшее ограничение — пешеходная дорожка / тротуар: 2.7 м при норме 0.5 м (СП 42.13330.2016, п. 9.6, табл. 9.1; ППМ 743-ПП, табл. 3.6.1)";"ассортимент для озеленения Москвы, категория «магистрали и улицы»; без инвазивных видов ППМ 369-ПП";пешеходная дорожка / тротуар;2.71;0.5;"СП 42.13330.2016, п. 9.6, табл. 9.1; ППМ 743-ПП, табл. 3.6.1"
bush_path_corridor_058_011;посажено;bush;Спирея березолистная;NEW_BUSH;-469.875;-312.504;14228.242;-1300.792;Линейная посадка (живая изгородь/ряд вдоль полосы);07_nizhnie_polya;"Линейная посадка (живая изгородь/ряд вдоль полосы) — по аналогии с проектом «07_nizhnie_polya»; ближайшее ограничение — пешеходная дорожка / тротуар: 2.7 м при норме 0.5 м (СП 42.13330.2016, п. 9.6, табл. 9.1; ППМ 743-ПП, табл. 3.6.1)";"ассортимент для озеленения Москвы, категория «магистрали и улицы»; без инвазивных видов ППМ 369-ПП";пешеходная дорожка / тротуар;2.69;0.5;"СП 42.13330.2016, п. 9.6, табл. 9.1; ППМ 743-ПП, табл. 3.6.1"
bush_path_corridor_058_012;посажено;bush;Спирея березолистная;NEW_BUSH;-468.927;-311.474;14229.19;-1299.761;Линейная посадка (живая изгородь/ряд вдоль полосы);07_nizhnie_polya;"Линейная посадка (живая изгородь/ряд вдоль полосы) — по аналогии с проектом «07_nizhnie_polya»; ближайшее ограничение — пешеходная дорожка / тротуар: 2.6 м при норме 0.5 м (СП 42.13330.2016, п. 9.6, табл. 9.1; ППМ 743-ПП, табл. 3.6.1)";"ассортимент для озеленения Москвы, категория «магистрали и улицы»; без инвазивных видов ППМ 369-ПП";пешеходная дорожка / тротуар;2.65;0.5;"СП 42.13330.2016, п. 9.6, табл. 9.1; ППМ 743-ПП, табл. 3.6.1"
bush_path_corridor_058_013;посажено;bush;Спирея березолистная;NEW_BUSH;-467.031;-309.414;14231.085;-1297.701;Линейная посадка (живая изгородь/ряд вдоль полосы);07_nizhnie_polya;"Линейная посадка (живая изгородь/ряд вдоль полосы) — по аналогии с проектом «07_nizhnie_polya»; ближайшее ограничение — пешеходная дорожка / тротуар: 2.5 м при норме 0.5 м (СП 42.13330.2016, п. 9.6, табл. 9.1; ППМ 743-ПП, табл. 3.6.1)";"ассортимент для озеленения Москвы, категория «магистрали и улицы»; без инвазивных видов ППМ 369-ПП";пешеходная дорожка / тротуар;2.54;0.5;"СП 42.13330.2016, п. 9.6, табл. 9.1; ППМ 743-ПП, табл. 3.6.1"
bush_path_corridor_058_014;посажено;bush;Спирея березолистная;NEW_BUSH;-466.083;-308.383;14232.033;-1296.671;Линейная посадка (живая изгородь/ряд вдоль полосы);07_nizhnie_polya;"Линейная посадка (живая изгородь/ряд вдоль полосы) — по аналогии с проектом «07_nizhnie_polya»; ближайшее ограничение — пешеходная дорожка / тротуар: 2.5 м при норме 0.5 м (СП 42.13330.2016, п. 9.6, табл. 9.1; ППМ 743-ПП, табл. 3.6.1)";"ассортимент для озеленения Москвы, категория «магистрали и улицы»; без инвазивных видов ППМ 369-ПП";пешеходная дорожка / тротуар;2.47;0.5;"СП 42.13330.2016, п. 9.6, табл. 9.1; ППМ 743-ПП, табл. 3.6.1"
bush_path_corridor_058_015;посажено;bush;Спирея березолистная;NEW_BUSH;-463.24;-305.293;14234.877;-1293.58;Линейная посадка (живая изгородь/ряд вдоль полосы);07_nizhnie_polya;"Линейная посадка (живая изгородь/ряд вдоль полосы) — по аналогии с проектом «07_nizhnie_polya»; ближайшее ограничение — пешеходная дорожка / тротуар: 2.2 м при норме 0.5 м (СП 42.13330.2016, п. 9.6, табл. 9.1; ППМ 743-ПП, табл. 3.6.1)";"ассортимент для озеленения Москвы, категория «магистрали и улицы»; без инвазивных видов ППМ 369-ПП";пешеходная дорожка / тротуар;2.2;0.5;"СП 42.13330.2016, п. 9.6, табл. 9.1; ППМ 743-ПП, табл. 3.6.1"
bush_path_corridor_059_001;посажено;bush;Спирея березолистная;NEW_BUSH;-499.381;-348.24;14198.736;-1336.527;Линейная посадка (живая изгородь/ряд вдоль полосы);07_nizhnie_polya;"Линейная посадка (живая изгородь/ряд вдоль полосы) — по аналогии с проектом «07_nizhnie_polya»; ближайшее ограничение — пешеходная дорожка / тротуар: 3.0 м при норме 0.5 м (СП 42.13330.2016, п. 9.6, табл. 9.1; ППМ 743-ПП, табл. 3.6.1)";"ассортимент для озеленения Москвы, категория «магистрали и улицы»; без инвазивных видов ППМ 369-ПП";пешеходная дорожка / тротуар;2.98;0.5;"СП 42.13330.2016, п. 9.6, табл. 9.1; ППМ 743-ПП, табл. 3.6.1"
bush_path_corridor_060_001;посажено;bush;Спирея березолистная;NEW_BUSH;-449.697;-348.472;14248.419;-1336.759;Линейная посадка (живая изгородь/ряд вдоль полосы);07_nizhnie_polya;"Линейная посадка (живая изгородь/ряд вдоль полосы) — по аналогии с проектом «07_nizhnie_polya»; ближайшее ограничение — воздушная ЛЭП: 3.5 м при норме 2.0 м (охранная зона по чертежу (отступ зоны))";"ассортимент для озеленения Москвы, категория «магистрали и улицы»; без инвазивных видов ППМ 369-ПП";воздушная ЛЭП;3.55;2.0;охранная зона по чертежу (отступ зоны)
bush_path_corridor_060_002;посажено;bush;Спирея березолистная;NEW_BUSH;-448.373;-348.925;14249.744;-1337.212;Линейная посадка (живая изгородь/ряд вдоль полосы);07_nizhnie_polya;"Линейная посадка (живая изгородь/ряд вдоль полосы) — по аналогии с проектом «07_nizhnie_polya»; ближайшее ограничение — воздушная ЛЭП: 3.5 м при норме 2.0 м (охранная зона по чертежу (отступ зоны))";"ассортимент для озеленения Москвы, категория «магистрали и улицы»; без инвазивных видов ППМ 369-ПП";воздушная ЛЭП;3.55;2.0;охранная зона по чертежу (отступ зоны)
bush_path_corridor_060_003;посажено;bush;Спирея березолистная;NEW_BUSH;-445.723;-349.83;14252.394;-1338.118;Линейная посадка (живая изгородь/ряд вдоль полосы);07_nizhnie_polya;"Линейная посадка (живая изгородь/ряд вдоль полосы) — по аналогии с проектом «07_nizhnie_polya»; ближайшее ограничение — воздушная ЛЭП: 3.5 м при норме 2.0 м (охранная зона по чертежу (отступ зоны))";"ассортимент для озеленения Москвы, категория «магистрали и улицы»; без инвазивных видов ППМ 369-ПП";воздушная ЛЭП;3.55;2.0;охранная зона по чертежу (отступ зоны)
bush_path_corridor_060_004;посажено;bush;Спирея березолистная;NEW_BUSH;-444.398;-350.283;14253.719;-1338.57;Линейная посадка (живая изгородь/ряд вдоль полосы);07_nizhnie_polya;"Линейная посадка (живая изгородь/ряд вдоль полосы) — по аналогии с проектом «07_nizhnie_polya»; ближайшее ограничение — воздушная ЛЭП: 3.5 м при норме 2.0 м (охранная зона по чертежу (отступ зоны))";"ассортимент для озеленения Москвы, категория «магистрали и улицы»; без инвазивных видов ППМ 369-ПП";воздушная ЛЭП;3.55;2.0;охранная зона по чертежу (отступ зоны)
tree_path_corridor_061_001;посажено;tree;Вяз гибридный Резиста;NEW_TREE;-267.827;-163.614;14430.29;-1151.901;Линейная посадка (живая изгородь/ряд вдоль полосы);07_nizhnie_polya;"Линейная посадка (живая изгородь/ряд вдоль полосы) — по аналогии с проектом «07_nizhnie_polya»; ближайшее ограничение — пешеходная дорожка / тротуар: 3.4 м при норме 0.7 м (СП 42.13330.2016, п. 9.6, табл. 9.1; ППМ 743-ПП, табл. 3.6.1)";"ассортимент для озеленения Москвы, категория «магистрали и улицы»; без инвазивных видов ППМ 369-ПП";пешеходная дорожка / тротуар;3.39;0.7;"СП 42.13330.2016, п. 9.6, табл. 9.1; ППМ 743-ПП, табл. 3.6.1"
bush_path_corridor_061_001;посажено;bush;Спирея березолистная;NEW_BUSH;-269.159;-161.99;14428.958;-1150.277;Линейная посадка (живая изгородь/ряд вдоль полосы);07_nizhnie_polya;"Линейная посадка (живая изгородь/ряд вдоль полосы) — по аналогии с проектом «07_nizhnie_polya»; ближайшее ограничение — пешеходная дорожка / тротуар: 1.9 м при норме 0.5 м (СП 42.13330.2016, п. 9.6, табл. 9.1; ППМ 743-ПП, табл. 3.6.1)";"ассортимент для озеленения Москвы, категория «магистрали и улицы»; без инвазивных видов ППМ 369-ПП";пешеходная дорожка / тротуар;1.89;0.5;"СП 42.13330.2016, п. 9.6, табл. 9.1; ППМ 743-ПП, табл. 3.6.1"
bush_path_corridor_061_002;посажено;bush;Спирея березолистная;NEW_BUSH;-266.495;-165.237;14431.622;-1153.525;Линейная посадка (живая изгородь/ряд вдоль полосы);07_nizhnie_polya;"Линейная посадка (живая изгородь/ряд вдоль полосы) — по аналогии с проектом «07_nizhnie_polya»; ближайшее ограничение — пешеходная дорожка / тротуар: 2.1 м при норме 0.5 м (СП 42.13330.2016, п. 9.6, табл. 9.1; ППМ 743-ПП, табл. 3.6.1)";"ассортимент для озеленения Москвы, категория «магистрали и улицы»; без инвазивных видов ППМ 369-ПП";пешеходная дорожка / тротуар;2.06;0.5;"СП 42.13330.2016, п. 9.6, табл. 9.1; ППМ 743-ПП, табл. 3.6.1"
tree_path_corridor_062_001;посажено;tree;Вяз гибридный Резиста;NEW_TREE;-248.589;-186.285;14449.528;-1174.572;Линейная посадка (живая изгородь/ряд вдоль полосы);07_nizhnie_polya;"Линейная посадка (живая изгородь/ряд вдоль полосы) — по аналогии с проектом «07_nizhnie_polya»; ближайшее ограничение — пешеходная дорожка / тротуар: 1.7 м при норме 0.7 м (СП 42.13330.2016, п. 9.6, табл. 9.1; ППМ 743-ПП, табл. 3.6.1)";"ассортимент для озеленения Москвы, категория «магистрали и улицы»; без инвазивных видов ППМ 369-ПП";пешеходная дорожка / тротуар;1.67;0.7;"СП 42.13330.2016, п. 9.6, табл. 9.1; ППМ 743-ПП, табл. 3.6.1"
bush_path_corridor_062_001;посажено;bush;Спирея березолистная;NEW_BUSH;-253.694;-180.061;14444.422;-1168.349;Линейная посадка (живая изгородь/ряд вдоль полосы);07_nizhnie_polya;"Линейная посадка (живая изгородь/ряд вдоль полосы) — по аналогии с проектом «07_nizhnie_polya»; ближайшее ограничение — пешеходная дорожка / тротуар: 2.5 м при норме 0.5 м (СП 42.13330.2016, п. 9.6, табл. 9.1; ППМ 743-ПП, табл. 3.6.1)";"ассортимент для озеленения Москвы, категория «магистрали и улицы»; без инвазивных видов ППМ 369-ПП";пешеходная дорожка / тротуар;2.46;0.5;"СП 42.13330.2016, п. 9.6, табл. 9.1; ППМ 743-ПП, табл. 3.6.1"
bush_path_corridor_062_002;посажено;bush;Спирея березолистная;NEW_BUSH;-252.807;-181.144;14445.31;-1169.431;Линейная посадка (живая изгородь/ряд вдоль полосы);07_nizhnie_polya;"Линейная посадка (живая изгородь/ряд вдоль полосы) — по аналогии с проектом «07_nizhnie_polya»; ближайшее ограничение — пешеходная дорожка / тротуар: 2.3 м при норме 0.5 м (СП 42.13330.2016, п. 9.6, табл. 9.1; ППМ 743-ПП, табл. 3.6.1)";"ассортимент для озеленения Москвы, категория «магистрали и улицы»; без инвазивных видов ППМ 369-ПП";пешеходная дорожка / тротуар;2.32;0.5;"СП 42.13330.2016, п. 9.6, табл. 9.1; ППМ 743-ПП, табл. 3.6.1"
bush_path_corridor_062_003;посажено;bush;Спирея березолистная;NEW_BUSH;-251.919;-182.226;14446.198;-1170.513;Линейная посадка (живая изгородь/ряд вдоль полосы);07_nizhnie_polya;"Линейная посадка (живая изгородь/ряд вдоль полосы) — по аналогии с проектом «07_nizhnie_polya»; ближайшее ограничение — пешеходная дорожка / тротуар: 2.2 м при норме 0.5 м (СП 42.13330.2016, п. 9.6, табл. 9.1; ППМ 743-ПП, табл. 3.6.1)";"ассортимент для озеленения Москвы, категория «магистрали и улицы»; без инвазивных видов ППМ 369-ПП";пешеходная дорожка / тротуар;2.19;0.5;"СП 42.13330.2016, п. 9.6, табл. 9.1; ППМ 743-ПП, табл. 3.6.1"
bush_path_corridor_062_004;посажено;bush;Спирея березолистная;NEW_BUSH;-251.031;-183.308;14447.086;-1171.596;Линейная посадка (живая изгородь/ряд вдоль полосы);07_nizhnie_polya;"Линейная посадка (живая изгородь/ряд вдоль полосы) — по аналогии с проектом «07_nizhnie_polya»; ближайшее ограничение — пешеходная дорожка / тротуар: 2.0 м при норме 0.5 м (СП 42.13330.2016, п. 9.6, табл. 9.1; ППМ 743-ПП, табл. 3.6.1)";"ассортимент для озеленения Москвы, категория «магистрали и улицы»; без инвазивных видов ППМ 369-ПП";пешеходная дорожка / тротуар;2.05;0.5;"СП 42.13330.2016, п. 9.6, табл. 9.1; ППМ 743-ПП, табл. 3.6.1"
bush_path_corridor_062_005;посажено;bush;Спирея березолистная;NEW_BUSH;-250.143;-184.391;14447.974;-1172.678;Линейная посадка (живая изгородь/ряд вдоль полосы);07_nizhnie_polya;"Линейная посадка (живая изгородь/ряд вдоль полосы) — по аналогии с проектом «07_nizhnie_polya»; ближайшее ограничение — пешеходная дорожка / тротуар: 1.9 м при норме 0.5 м (СП 42.13330.2016, п. 9.6, табл. 9.1; ППМ 743-ПП, табл. 3.6.1)";"ассортимент для озеленения Москвы, категория «магистрали и улицы»; без инвазивных видов ППМ 369-ПП";пешеходная дорожка / тротуар;1.91;0.5;"СП 42.13330.2016, п. 9.6, табл. 9.1; ППМ 743-ПП, табл. 3.6.1"
bush_path_corridor_062_006;посажено;bush;Спирея березолистная;NEW_BUSH;-249.255;-185.473;14448.862;-1173.761;Линейная посадка (живая изгородь/ряд вдоль полосы);07_nizhnie_polya;"Линейная посадка (живая изгородь/ряд вдоль полосы) — по аналогии с проектом «07_nizhnie_polya»; ближайшее ограничение — пешеходная дорожка / тротуар: 1.8 м при норме 0.5 м (СП 42.13330.2016, п. 9.6, табл. 9.1; ППМ 743-ПП, табл. 3.6.1)";"ассортимент для озеленения Москвы, категория «магистрали и улицы»; без инвазивных видов ППМ 369-ПП";пешеходная дорожка / тротуар;1.77;0.5;"СП 42.13330.2016, п. 9.6, табл. 9.1; ППМ 743-ПП, табл. 3.6.1"
bush_path_corridor_062_007;посажено;bush;Спирея березолистная;NEW_BUSH;-247.479;-187.638;14450.638;-1175.925;Линейная посадка (живая изгородь/ряд вдоль полосы);07_nizhnie_polya;"Линейная посадка (живая изгородь/ряд вдоль полосы) — по аналогии с проектом «07_nizhnie_polya»; ближайшее ограничение — пешеходная дорожка / тротуар: 1.5 м при норме 0.5 м (СП 42.13330.2016, п. 9.6, табл. 9.1; ППМ 743-ПП, табл. 3.6.1)";"ассортимент для озеленения Москвы, категория «магистрали и улицы»; без инвазивных видов ППМ 369-ПП";пешеходная дорожка / тротуар;1.5;0.5;"СП 42.13330.2016, п. 9.6, табл. 9.1; ППМ 743-ПП, табл. 3.6.1"
bush_path_corridor_062_008;посажено;bush;Спирея березолистная;NEW_BUSH;-246.591;-188.72;14451.526;-1177.008;Линейная посадка (живая изгородь/ряд вдоль полосы);07_nizhnie_polya;"Линейная посадка (живая изгородь/ряд вдоль полосы) — по аналогии с проектом «07_nizhnie_polya»; ближайшее ограничение — пешеходная дорожка / тротуар: 1.4 м при норме 0.5 м (СП 42.13330.2016, п. 9.6, табл. 9.1; ППМ 743-ПП, табл. 3.6.1)";"ассортимент для озеленения Москвы, категория «магистрали и улицы»; без инвазивных видов ППМ 369-ПП";пешеходная дорожка / тротуар;1.36;0.5;"СП 42.13330.2016, п. 9.6, табл. 9.1; ППМ 743-ПП, табл. 3.6.1"
bush_path_corridor_062_009;посажено;bush;Спирея березолистная;NEW_BUSH;-245.703;-189.803;14452.414;-1178.09;Линейная посадка (живая изгородь/ряд вдоль полосы);07_nizhnie_polya;"Линейная посадка (живая изгородь/ряд вдоль полосы) — по аналогии с проектом «07_nizhnie_polya»; ближайшее ограничение — пешеходная дорожка / тротуар: 1.2 м при норме 0.5 м (СП 42.13330.2016, п. 9.6, табл. 9.1; ППМ 743-ПП, табл. 3.6.1)";"ассортимент для озеленения Москвы, категория «магистрали и улицы»; без инвазивных видов ППМ 369-ПП";пешеходная дорожка / тротуар;1.23;0.5;"СП 42.13330.2016, п. 9.6, табл. 9.1; ППМ 743-ПП, табл. 3.6.1"
bush_path_corridor_062_010;посажено;bush;Спирея березолистная;NEW_BUSH;-244.815;-190.885;14453.302;-1179.173;Линейная посадка (живая изгородь/ряд вдоль полосы);07_nizhnie_polya;"Линейная посадка (живая изгородь/ряд вдоль полосы) — по аналогии с проектом «07_nizhnie_polya»; ближайшее ограничение — пешеходная дорожка / тротуар: 1.1 м при норме 0.5 м (СП 42.13330.2016, п. 9.6, табл. 9.1; ППМ 743-ПП, табл. 3.6.1)";"ассортимент для озеленения Москвы, категория «магистрали и улицы»; без инвазивных видов ППМ 369-ПП";пешеходная дорожка / тротуар;1.09;0.5;"СП 42.13330.2016, п. 9.6, табл. 9.1; ППМ 743-ПП, табл. 3.6.1"
bush_path_corridor_062_011;посажено;bush;Спирея березолистная;NEW_BUSH;-243.927;-191.968;14454.19;-1180.255;Линейная посадка (живая изгородь/ряд вдоль полосы);07_nizhnie_polya;"Линейная посадка (живая изгородь/ряд вдоль полосы) — по аналогии с проектом «07_nizhnie_polya»; ближайшее ограничение — пешеходная дорожка / тротуар: 0.9 м при норме 0.5 м (СП 42.13330.2016, п. 9.6, табл. 9.1; ППМ 743-ПП, табл. 3.6.1)";"ассортимент для озеленения Москвы, категория «магистрали и улицы»; без инвазивных видов ППМ 369-ПП";пешеходная дорожка / тротуар;0.95;0.5;"СП 42.13330.2016, п. 9.6, табл. 9.1; ППМ 743-ПП, табл. 3.6.1"
bush_path_corridor_062_012;посажено;bush;Спирея березолистная;NEW_BUSH;-243.039;-193.05;14455.077;-1181.337;Линейная посадка (живая изгородь/ряд вдоль полосы);07_nizhnie_polya;"Линейная посадка (живая изгородь/ряд вдоль полосы) — по аналогии с проектом «07_nizhnie_polya»; ближайшее ограничение — пешеходная дорожка / тротуар: 0.8 м при норме 0.5 м (СП 42.13330.2016, п. 9.6, табл. 9.1; ППМ 743-ПП, табл. 3.6.1)";"ассортимент для озеленения Москвы, категория «магистрали и улицы»; без инвазивных видов ППМ 369-ПП";пешеходная дорожка / тротуар;0.81;0.5;"СП 42.13330.2016, п. 9.6, табл. 9.1; ППМ 743-ПП, табл. 3.6.1"
tree_path_corridor_063_001;посажено;tree;Вяз гибридный Резиста;NEW_TREE;-236.848;-180.553;14461.269;-1168.84;Линейная посадка (живая изгородь/ряд вдоль полосы);07_nizhnie_polya;"Линейная посадка (живая изгородь/ряд вдоль полосы) — по аналогии с проектом «07_nizhnie_polya»; ближайшее ограничение — проезжая часть: 3.5 м при норме 2.0 м (СП 42.13330.2016, п. 9.6, табл. 9.1; ППМ 743-ПП, табл. 3.6.1)";"ассортимент для озеленения Москвы, категория «магистрали и улицы»; без инвазивных видов ППМ 369-ПП";проезжая часть;3.5;2.0;"СП 42.13330.2016, п. 9.6, табл. 9.1; ППМ 743-ПП, табл. 3.6.1"
bush_path_corridor_065_001;посажено;bush;Спирея березолистная;NEW_BUSH;25.544;124.035;14723.661;-864.252;Линейная посадка (живая изгородь/ряд вдоль полосы);07_nizhnie_polya;"Линейная посадка (живая изгородь/ряд вдоль полосы) — по аналогии с проектом «07_nizhnie_polya»; ближайшее ограничение — пешеходная дорожка / тротуар: 1.5 м при норме 0.5 м (СП 42.13330.2016, п. 9.6, табл. 9.1; ППМ 743-ПП, табл. 3.6.1)";"ассортимент для озеленения Москвы, категория «магистрали и улицы»; без инвазивных видов ППМ 369-ПП";пешеходная дорожка / тротуар;1.52;0.5;"СП 42.13330.2016, п. 9.6, табл. 9.1; ППМ 743-ПП, табл. 3.6.1"
bush_path_corridor_065_002;посажено;bush;Спирея березолистная;NEW_BUSH;26.089;122.746;14724.206;-865.542;Линейная посадка (живая изгородь/ряд вдоль полосы);07_nizhnie_polya;"Линейная посадка (живая изгородь/ряд вдоль полосы) — по аналогии с проектом «07_nizhnie_polya»; ближайшее ограничение — пешеходная дорожка / тротуар: 2.9 м при норме 0.5 м (СП 42.13330.2016, п. 9.6, табл. 9.1; ППМ 743-ПП, табл. 3.6.1)";"ассортимент для озеленения Москвы, категория «магистрали и улицы»; без инвазивных видов ППМ 369-ПП";пешеходная дорожка / тротуар;2.88;0.5;"СП 42.13330.2016, п. 9.6, табл. 9.1; ППМ 743-ПП, табл. 3.6.1"
tree_path_corridor_065_001;посажено;tree;Вяз гибридный Резиста;NEW_TREE;32.24;108.202;14730.357;-880.086;Линейная посадка (живая изгородь/ряд вдоль полосы);07_nizhnie_polya;"Линейная посадка (живая изгородь/ряд вдоль полосы) — по аналогии с проектом «07_nizhnie_polya»; ближайшее ограничение — проезжая часть: 3.5 м при норме 2.0 м (СП 42.13330.2016, п. 9.6, табл. 9.1; ППМ 743-ПП, табл. 3.6.1)";"ассортимент для озеленения Москвы, категория «магистрали и улицы»; без инвазивных видов ППМ 369-ПП";проезжая часть;3.5;2.0;"СП 42.13330.2016, п. 9.6, табл. 9.1; ППМ 743-ПП, табл. 3.6.1"
bush_path_corridor_065_003;посажено;bush;Спирея березолистная;NEW_BUSH;30.876;111.425;14728.993;-876.862;Линейная посадка (живая изгородь/ряд вдоль полосы);07_nizhnie_polya;"Линейная посадка (живая изгородь/ряд вдоль полосы) — по аналогии с проектом «07_nizhnie_polya»; ближайшее ограничение — проезжая часть: 4.1 м при норме 1.0 м (СП 42.13330.2016, п. 9.6, табл. 9.1; ППМ 743-ПП, табл. 3.6.1)";"ассортимент для озеленения Москвы, категория «магистрали и улицы»; без инвазивных видов ППМ 369-ПП";проезжая часть;4.11;1.0;"СП 42.13330.2016, п. 9.6, табл. 9.1; ППМ 743-ПП, табл. 3.6.1"
bush_path_corridor_065_004;посажено;bush;Спирея березолистная;NEW_BUSH;31.422;110.136;14729.539;-878.152;Линейная посадка (живая изгородь/ряд вдоль полосы);07_nizhnie_polya;"Линейная посадка (живая изгородь/ряд вдоль полосы) — по аналогии с проектом «07_nizhnie_polya»; ближайшее ограничение — проезжая часть: 3.9 м при норме 1.0 м (СП 42.13330.2016, п. 9.6, табл. 9.1; ППМ 743-ПП, табл. 3.6.1)";"ассортимент для озеленения Москвы, категория «магистрали и улицы»; без инвазивных видов ППМ 369-ПП";проезжая часть;3.86;1.0;"СП 42.13330.2016, п. 9.6, табл. 9.1; ППМ 743-ПП, табл. 3.6.1"
bush_path_corridor_065_005;посажено;bush;Спирея березолистная;NEW_BUSH;33.058;106.267;14731.175;-882.02;Линейная посадка (живая изгородь/ряд вдоль полосы);07_nizhnie_polya;"Линейная посадка (живая изгородь/ряд вдоль полосы) — по аналогии с проектом «07_nizhnie_polya»; ближайшее ограничение — проезжая часть: 3.1 м при норме 1.0 м (СП 42.13330.2016, п. 9.6, табл. 9.1; ППМ 743-ПП, табл. 3.6.1)";"ассортимент для озеленения Москвы, категория «магистрали и улицы»; без инвазивных видов ППМ 369-ПП";проезжая часть;3.14;1.0;"СП 42.13330.2016, п. 9.6, табл. 9.1; ППМ 743-ПП, табл. 3.6.1"
bush_path_corridor_065_006;посажено;bush;Спирея березолистная;NEW_BUSH;33.603;104.978;14731.72;-883.309;Линейная посадка (живая изгородь/ряд вдоль полосы);07_nizhnie_polya;"Линейная посадка (живая изгородь/ряд вдоль полосы) — по аналогии с проектом «07_nizhnie_polya»; ближайшее ограничение — проезжая часть: 2.9 м при норме 1.0 м (СП 42.13330.2016, п. 9.6, табл. 9.1; ППМ 743-ПП, табл. 3.6.1)";"ассортимент для озеленения Москвы, категория «магистрали и улицы»; без инвазивных видов ППМ 369-ПП";проезжая часть;2.89;1.0;"СП 42.13330.2016, п. 9.6, табл. 9.1; ППМ 743-ПП, табл. 3.6.1"
bush_path_corridor_065_007;посажено;bush;Спирея березолистная;NEW_BUSH;34.148;103.689;14732.265;-884.599;Линейная посадка (живая изгородь/ряд вдоль полосы);07_nizhnie_polya;"Линейная посадка (живая изгородь/ряд вдоль полосы) — по аналогии с проектом «07_nizhnie_polya»; ближайшее ограничение — проезжая часть: 2.6 м при норме 1.0 м (СП 42.13330.2016, п. 9.6, табл. 9.1; ППМ 743-ПП, табл. 3.6.1)";"ассортимент для озеленения Москвы, категория «магистрали и улицы»; без инвазивных видов ППМ 369-ПП";проезжая часть;2.65;1.0;"СП 42.13330.2016, п. 9.6, табл. 9.1; ППМ 743-ПП, табл. 3.6.1"
bush_path_corridor_065_008;посажено;bush;Спирея березолистная;NEW_BUSH;34.694;102.399;14732.81;-885.888;Линейная посадка (живая изгородь/ряд вдоль полосы);07_nizhnie_polya;"Линейная посадка (живая изгородь/ряд вдоль полосы) — по аналогии с проектом «07_nizhnie_polya»; ближайшее ограничение — проезжая часть: 2.4 м при норме 1.0 м (СП 42.13330.2016, п. 9.6, табл. 9.1; ППМ 743-ПП, табл. 3.6.1)";"ассортимент для озеленения Москвы, категория «магистрали и улицы»; без инвазивных видов ППМ 369-ПП";проезжая часть;2.41;1.0;"СП 42.13330.2016, п. 9.6, табл. 9.1; ППМ 743-ПП, табл. 3.6.1"
bush_path_corridor_065_009;посажено;bush;Спирея березолистная;NEW_BUSH;35.239;101.11;14733.356;-887.178;Линейная посадка (живая изгородь/ряд вдоль полосы);07_nizhnie_polya;"Линейная посадка (живая изгородь/ряд вдоль полосы) — по аналогии с проектом «07_nizhnie_polya»; ближайшее ограничение — проезжая часть: 2.2 м при норме 1.0 м (СП 42.13330.2016, п. 9.6, табл. 9.1; ППМ 743-ПП, табл. 3.6.1)";"ассортимент для озеленения Москвы, категория «магистрали и улицы»; без инвазивных видов ППМ 369-ПП";проезжая часть;2.17;1.0;"СП 42.13330.2016, п. 9.6, табл. 9.1; ППМ 743-ПП, табл. 3.6.1"
tree_path_corridor_066_001;посажено;tree;Вяз гибридный Резиста;NEW_TREE;44.64;107.08;14742.757;-881.208;Линейная посадка (живая изгородь/ряд вдоль полосы);07_nizhnie_polya;"Линейная посадка (живая изгородь/ряд вдоль полосы) — по аналогии с проектом «07_nizhnie_polya»; ближайшее ограничение — пешеходная дорожка / тротуар: 2.2 м при норме 0.7 м (СП 42.13330.2016, п. 9.6, табл. 9.1; ППМ 743-ПП, табл. 3.6.1)";"ассортимент для озеленения Москвы, категория «магистрали и улицы»; без инвазивных видов ППМ 369-ПП";пешеходная дорожка / тротуар;2.2;0.7;"СП 42.13330.2016, п. 9.6, табл. 9.1; ППМ 743-ПП, табл. 3.6.1"
bush_path_corridor_066_001;посажено;bush;Спирея березолистная;NEW_BUSH;46.821;101.922;14744.938;-886.365;Линейная посадка (живая изгородь/ряд вдоль полосы);07_nizhnie_polya;"Линейная посадка (живая изгородь/ряд вдоль полосы) — по аналогии с проектом «07_nizhnie_polya»; ближайшее ограничение — пешеходная дорожка / тротуар: 3.5 м при норме 0.5 м (СП 42.13330.2016, п. 9.6, табл. 9.1; ППМ 743-ПП, табл. 3.6.1)";"ассортимент для озеленения Москвы, категория «магистрали и улицы»; без инвазивных видов ППМ 369-ПП";пешеходная дорожка / тротуар;3.48;0.5;"СП 42.13330.2016, п. 9.6, табл. 9.1; ППМ 743-ПП, табл. 3.6.1"
bush_path_corridor_066_002;посажено;bush;Спирея березолистная;NEW_BUSH;46.276;103.211;14744.393;-885.076;Линейная посадка (живая изгородь/ряд вдоль полосы);07_nizhnie_polya;"Линейная посадка (живая изгородь/ряд вдоль полосы) — по аналогии с проектом «07_nizhnie_polya»; ближайшее ограничение — пешеходная дорожка / тротуар: 3.2 м при норме 0.5 м (СП 42.13330.2016, п. 9.6, табл. 9.1; ППМ 743-ПП, табл. 3.6.1)";"ассортимент для озеленения Москвы, категория «магистрали и улицы»; без инвазивных видов ППМ 369-ПП";пешеходная дорожка / тротуар;3.16;0.5;"СП 42.13330.2016, п. 9.6, табл. 9.1; ППМ 743-ПП, табл. 3.6.1"
bush_path_corridor_066_003;посажено;bush;Спирея березолистная;NEW_BUSH;45.731;104.501;14743.848;-883.786;Линейная посадка (живая изгородь/ряд вдоль полосы);07_nizhnie_polya;"Линейная посадка (живая изгородь/ряд вдоль полосы) — по аналогии с проектом «07_nizhnie_polya»; ближайшее ограничение — пешеходная дорожка / тротуар: 2.8 м при норме 0.5 м (СП 42.13330.2016, п. 9.6, табл. 9.1; ППМ 743-ПП, табл. 3.6.1)";"ассортимент для озеленения Москвы, категория «магистрали и улицы»; без инвазивных видов ППМ 369-ПП";пешеходная дорожка / тротуар;2.84;0.5;"СП 42.13330.2016, п. 9.6, табл. 9.1; ППМ 743-ПП, табл. 3.6.1"
bush_path_corridor_066_004;посажено;bush;Спирея березолистная;NEW_BUSH;45.186;105.79;14743.302;-882.497;Линейная посадка (живая изгородь/ряд вдоль полосы);07_nizhnie_polya;"Линейная посадка (живая изгородь/ряд вдоль полосы) — по аналогии с проектом «07_nizhnie_polya»; ближайшее ограничение — пешеходная дорожка / тротуар: 2.5 м при норме 0.5 м (СП 42.13330.2016, п. 9.6, табл. 9.1; ППМ 743-ПП, табл. 3.6.1)";"ассортимент для озеленения Москвы, категория «магистрали и улицы»; без инвазивных видов ППМ 369-ПП";пешеходная дорожка / тротуар;2.52;0.5;"СП 42.13330.2016, п. 9.6, табл. 9.1; ППМ 743-ПП, табл. 3.6.1"
bush_path_corridor_066_005;посажено;bush;Спирея березолистная;NEW_BUSH;44.095;108.369;14742.212;-879.918;Линейная посадка (живая изгородь/ряд вдоль полосы);07_nizhnie_polya;"Линейная посадка (живая изгородь/ряд вдоль полосы) — по аналогии с проектом «07_nizhnie_polya»; ближайшее ограничение — пешеходная дорожка / тротуар: 1.9 м при норме 0.5 м (СП 42.13330.2016, п. 9.6, табл. 9.1; ППМ 743-ПП, табл. 3.6.1)";"ассортимент для озеленения Москвы, категория «магистрали и улицы»; без инвазивных видов ППМ 369-ПП";пешеходная дорожка / тротуар;1.88;0.5;"СП 42.13330.2016, п. 9.6, табл. 9.1; ППМ 743-ПП, табл. 3.6.1"
bush_path_corridor_066_006;посажено;bush;Спирея березолистная;NEW_BUSH;43.55;109.659;14741.666;-878.629;Линейная посадка (живая изгородь/ряд вдоль полосы);07_nizhnie_polya;"Линейная посадка (живая изгородь/ряд вдоль полосы) — по аналогии с проектом «07_nizhnie_polya»; ближайшее ограничение — пешеходная дорожка / тротуар: 1.6 м при норме 0.5 м (СП 42.13330.2016, п. 9.6, табл. 9.1; ППМ 743-ПП, табл. 3.6.1)";"ассортимент для озеленения Москвы, категория «магистрали и улицы»; без инвазивных видов ППМ 369-ПП";пешеходная дорожка / тротуар;1.56;0.5;"СП 42.13330.2016, п. 9.6, табл. 9.1; ППМ 743-ПП, табл. 3.6.1"
bush_path_corridor_066_007;посажено;bush;Спирея березолистная;NEW_BUSH;43.004;110.948;14741.121;-877.339;Линейная посадка (живая изгородь/ряд вдоль полосы);07_nizhnie_polya;"Линейная посадка (живая изгородь/ряд вдоль полосы) — по аналогии с проектом «07_nizhnie_polya»; ближайшее ограничение — пешеходная дорожка / тротуар: 1.2 м при норме 0.5 м (СП 42.13330.2016, п. 9.6, табл. 9.1; ППМ 743-ПП, табл. 3.6.1)";"ассортимент для озеленения Москвы, категория «магистрали и улицы»; без инвазивных видов ППМ 369-ПП";пешеходная дорожка / тротуар;1.24;0.5;"СП 42.13330.2016, п. 9.6, табл. 9.1; ППМ 743-ПП, табл. 3.6.1"
bush_path_corridor_066_008;посажено;bush;Спирея березолистная;NEW_BUSH;42.459;112.238;14740.576;-876.05;Линейная посадка (живая изгородь/ряд вдоль полосы);07_nizhnie_polya;"Линейная посадка (живая изгородь/ряд вдоль полосы) — по аналогии с проектом «07_nizhnie_polya»; ближайшее ограничение — пешеходная дорожка / тротуар: 0.9 м при норме 0.5 м (СП 42.13330.2016, п. 9.6, табл. 9.1; ППМ 743-ПП, табл. 3.6.1)";"ассортимент для озеленения Москвы, категория «магистрали и улицы»; без инвазивных видов ППМ 369-ПП";пешеходная дорожка / тротуар;0.92;0.5;"СП 42.13330.2016, п. 9.6, табл. 9.1; ППМ 743-ПП, табл. 3.6.1"
bush_path_corridor_067_001;посажено;bush;Спирея березолистная;NEW_BUSH;61.101;108.22;14759.218;-880.068;Линейная посадка (живая изгородь/ряд вдоль полосы);07_nizhnie_polya;"Линейная посадка (живая изгородь/ряд вдоль полосы) — по аналогии с проектом «07_nizhnie_polya»; ближайшее ограничение — воздушная ЛЭП: 3.1 м при норме 2.0 м (охранная зона по чертежу (отступ зоны))";"ассортимент для озеленения Москвы, категория «магистрали и улицы»; без инвазивных видов ППМ 369-ПП";воздушная ЛЭП;3.11;2.0;охранная зона по чертежу (отступ зоны)
bush_path_corridor_067_002;посажено;bush;Спирея березолистная;NEW_BUSH;60.517;106.947;14758.634;-881.34;Линейная посадка (живая изгородь/ряд вдоль полосы);07_nizhnie_polya;"Линейная посадка (живая изгородь/ряд вдоль полосы) — по аналогии с проектом «07_nizhnie_polya»; ближайшее ограничение — воздушная ЛЭП: 3.1 м при норме 2.0 м (охранная зона по чертежу (отступ зоны))";"ассортимент для озеленения Москвы, категория «магистрали и улицы»; без инвазивных видов ППМ 369-ПП";воздушная ЛЭП;3.11;2.0;охранная зона по чертежу (отступ зоны)
tree_path_corridor_068_001;посажено;tree;Вяз гибридный Резиста;NEW_TREE;87.737;132.095;14785.853;-856.192;Линейная посадка (живая изгородь/ряд вдоль полосы);07_nizhnie_polya;"Линейная посадка (живая изгородь/ряд вдоль полосы) — по аналогии с проектом «07_nizhnie_polya»; ближайшее ограничение — пешеходная дорожка / тротуар: 1.5 м при норме 0.7 м (СП 42.13330.2016, п. 9.6, табл. 9.1; ППМ 743-ПП, табл. 3.6.1)";"ассортимент для озеленения Москвы, категория «магистрали и улицы»; без инвазивных видов ППМ 369-ПП";пешеходная дорожка / тротуар;1.52;0.7;"СП 42.13330.2016, п. 9.6, табл. 9.1; ППМ 743-ПП, табл. 3.6.1"
bush_path_corridor_068_001;посажено;bush;Спирея березолистная;NEW_BUSH;89.611;135.853;14787.728;-852.434;Линейная посадка (живая изгородь/ряд вдоль полосы);07_nizhnie_polya;"Линейная посадка (живая изгородь/ряд вдоль полосы) — по аналогии с проектом «07_nizhnie_polya»; ближайшее ограничение — теплосеть: 3.1 м при норме 1.0 м (СП 42.13330.2016, п. 9.6, табл. 9.1; ППМ 743-ПП, табл. 3.6.1)";"ассортимент для озеленения Москвы, категория «магистрали и улицы»; без инвазивных видов ППМ 369-ПП";теплосеть;3.09;1.0;"СП 42.13330.2016, п. 9.6, табл. 9.1; ППМ 743-ПП, табл. 3.6.1"
bush_path_corridor_068_002;посажено;bush;Спирея березолистная;NEW_BUSH;88.986;134.601;14787.103;-853.687;Линейная посадка (живая изгородь/ряд вдоль полосы);07_nizhnie_polya;"Линейная посадка (живая изгородь/ряд вдоль полосы) — по аналогии с проектом «07_nizhnie_polya»; ближайшее ограничение — пешеходная дорожка / тротуар: 1.9 м при норме 0.5 м (СП 42.13330.2016, п. 9.6, табл. 9.1; ППМ 743-ПП, табл. 3.6.1)";"ассортимент для озеленения Москвы, категория «магистрали и улицы»; без инвазивных видов ППМ 369-ПП";пешеходная дорожка / тротуар;1.91;0.5;"СП 42.13330.2016, п. 9.6, табл. 9.1; ППМ 743-ПП, табл. 3.6.1"
bush_path_corridor_068_003;посажено;bush;Спирея березолистная;NEW_BUSH;88.361;133.348;14786.478;-854.94;Линейная посадка (живая изгородь/ряд вдоль полосы);07_nizhnie_polya;"Линейная посадка (живая изгородь/ряд вдоль полосы) — по аналогии с проектом «07_nizhnie_polya»; ближайшее ограничение — пешеходная дорожка / тротуар: 1.3 м при норме 0.5 м (СП 42.13330.2016, п. 9.6, табл. 9.1; ППМ 743-ПП, табл. 3.6.1)";"ассортимент для озеленения Москвы, категория «магистрали и улицы»; без инвазивных видов ППМ 369-ПП";пешеходная дорожка / тротуар;1.33;0.5;"СП 42.13330.2016, п. 9.6, табл. 9.1; ППМ 743-ПП, табл. 3.6.1"
bush_path_corridor_068_004;посажено;bush;Спирея березолистная;NEW_BUSH;87.112;130.842;14785.229;-857.445;Линейная посадка (живая изгородь/ряд вдоль полосы);07_nizhnie_polya;"Линейная посадка (живая изгородь/ряд вдоль полосы) — по аналогии с проектом «07_nizhnie_polya»; ближайшее ограничение — пешеходная дорожка / тротуар: 1.2 м при норме 0.5 м (СП 42.13330.2016, п. 9.6, табл. 9.1; ППМ 743-ПП, табл. 3.6.1)";"ассортимент для озеленения Москвы, категория «магистрали и улицы»; без инвазивных видов ППМ 369-ПП";пешеходная дорожка / тротуар;1.22;0.5;"СП 42.13330.2016, п. 9.6, табл. 9.1; ППМ 743-ПП, табл. 3.6.1"
bush_path_corridor_068_005;посажено;bush;Спирея березолистная;NEW_BUSH;86.487;129.589;14784.604;-858.698;Линейная посадка (живая изгородь/ряд вдоль полосы);07_nizhnie_polya;"Линейная посадка (живая изгородь/ряд вдоль полосы) — по аналогии с проектом «07_nizhnie_polya»; ближайшее ограничение — пешеходная дорожка / тротуар: 1.4 м при норме 0.5 м (СП 42.13330.2016, п. 9.6, табл. 9.1; ППМ 743-ПП, табл. 3.6.1)";"ассортимент для озеленения Москвы, категория «магистрали и улицы»; без инвазивных видов ППМ 369-ПП";пешеходная дорожка / тротуар;1.35;0.5;"СП 42.13330.2016, п. 9.6, табл. 9.1; ППМ 743-ПП, табл. 3.6.1"
bush_path_corridor_068_006;посажено;bush;Спирея березолистная;NEW_BUSH;85.862;128.337;14783.979;-859.951;Линейная посадка (живая изгородь/ряд вдоль полосы);07_nizhnie_polya;"Линейная посадка (живая изгородь/ряд вдоль полосы) — по аналогии с проектом «07_nizhnie_polya»; ближайшее ограничение — пешеходная дорожка / тротуар: 2.2 м при норме 0.5 м (СП 42.13330.2016, п. 9.6, табл. 9.1; ППМ 743-ПП, табл. 3.6.1)";"ассортимент для озеленения Москвы, категория «магистрали и улицы»; без инвазивных видов ППМ 369-ПП";пешеходная дорожка / тротуар;2.18;0.5;"СП 42.13330.2016, п. 9.6, табл. 9.1; ППМ 743-ПП, табл. 3.6.1"
tree_path_corridor_069_001;посажено;tree;Вяз гибридный Резиста;NEW_TREE;102.632;147.451;14800.749;-840.836;Линейная посадка (живая изгородь/ряд вдоль полосы);07_nizhnie_polya;"Линейная посадка (живая изгородь/ряд вдоль полосы) — по аналогии с проектом «07_nizhnie_polya»; ближайшее ограничение — пешеходная дорожка / тротуар: 2.3 м при норме 0.7 м (СП 42.13330.2016, п. 9.6, табл. 9.1; ППМ 743-ПП, табл. 3.6.1)";"ассортимент для озеленения Москвы, категория «магистрали и улицы»; без инвазивных видов ППМ 369-ПП";пешеходная дорожка / тротуар;2.28;0.7;"СП 42.13330.2016, п. 9.6, табл. 9.1; ППМ 743-ПП, табл. 3.6.1"
bush_path_corridor_069_001;посажено;bush;Спирея березолистная;NEW_BUSH;103.521;143.347;14801.638;-844.941;Линейная посадка (живая изгородь/ряд вдоль полосы);07_nizhnie_polya;"Линейная посадка (живая изгородь/ряд вдоль полосы) — по аналогии с проектом «07_nizhnie_polya»; ближайшее ограничение — пешеходная дорожка / тротуар: 1.1 м при норме 0.5 м (СП 42.13330.2016, п. 9.6, табл. 9.1; ППМ 743-ПП, табл. 3.6.1)";"ассортимент для озеленения Москвы, категория «магистрали и улицы»; без инвазивных видов ППМ 369-ПП";пешеходная дорожка / тротуар;1.1;0.5;"СП 42.13330.2016, п. 9.6, табл. 9.1; ППМ 743-ПП, табл. 3.6.1"
bush_path_corridor_069_002;посажено;bush;Спирея березолистная;NEW_BUSH;103.225;144.715;14801.341;-843.573;Линейная посадка (живая изгородь/ряд вдоль полосы);07_nizhnie_polya;"Линейная посадка (живая изгородь/ряд вдоль полосы) — по аналогии с проектом «07_nizhnie_polya»; ближайшее ограничение — пешеходная дорожка / тротуар: 1.5 м при норме 0.5 м (СП 42.13330.2016, п. 9.6, табл. 9.1; ППМ 743-ПП, табл. 3.6.1)";"ассортимент для озеленения Москвы, категория «магистрали и улицы»; без инвазивных видов ППМ 369-ПП";пешеходная дорожка / тротуар;1.49;0.5;"СП 42.13330.2016, п. 9.6, табл. 9.1; ППМ 743-ПП, табл. 3.6.1"
bush_path_corridor_069_003;посажено;bush;Спирея березолистная;NEW_BUSH;102.928;146.083;14801.045;-842.204;Линейная посадка (живая изгородь/ряд вдоль полосы);07_nizhnie_polya;"Линейная посадка (живая изгородь/ряд вдоль полосы) — по аналогии с проектом «07_nizhnie_polya»; ближайшее ограничение — пешеходная дорожка / тротуар: 1.9 м при норме 0.5 м (СП 42.13330.2016, п. 9.6, табл. 9.1; ППМ 743-ПП, табл. 3.6.1)";"ассортимент для озеленения Москвы, категория «магистрали и улицы»; без инвазивных видов ППМ 369-ПП";пешеходная дорожка / тротуар;1.88;0.5;"СП 42.13330.2016, п. 9.6, табл. 9.1; ППМ 743-ПП, табл. 3.6.1"
bush_path_corridor_069_004;посажено;bush;Спирея березолистная;NEW_BUSH;102.335;148.82;14800.452;-839.468;Линейная посадка (живая изгородь/ряд вдоль полосы);07_nizhnie_polya;"Линейная посадка (живая изгородь/ряд вдоль полосы) — по аналогии с проектом «07_nizhnie_polya»; ближайшее ограничение — пешеходная дорожка / тротуар: 2.7 м при норме 0.5 м (СП 42.13330.2016, п. 9.6, табл. 9.1; ППМ 743-ПП, табл. 3.6.1)";"ассортимент для озеленения Москвы, категория «магистрали и улицы»; без инвазивных видов ППМ 369-ПП";пешеходная дорожка / тротуар;2.67;0.5;"СП 42.13330.2016, п. 9.6, табл. 9.1; ППМ 743-ПП, табл. 3.6.1"
bush_path_corridor_069_005;посажено;bush;Спирея березолистная;NEW_BUSH;102.039;150.188;14800.156;-838.1;Линейная посадка (живая изгородь/ряд вдоль полосы);07_nizhnie_polya;"Линейная посадка (живая изгородь/ряд вдоль полосы) — по аналогии с проектом «07_nizhnie_polya»; ближайшее ограничение — пешеходная дорожка / тротуар: 3.1 м при норме 0.5 м (СП 42.13330.2016, п. 9.6, табл. 9.1; ППМ 743-ПП, табл. 3.6.1)";"ассортимент для озеленения Москвы, категория «магистрали и улицы»; без инвазивных видов ППМ 369-ПП";пешеходная дорожка / тротуар;3.06;0.5;"СП 42.13330.2016, п. 9.6, табл. 9.1; ППМ 743-ПП, табл. 3.6.1"
bush_path_corridor_069_006;посажено;bush;Спирея березолистная;NEW_BUSH;101.742;151.556;14799.859;-836.731;Линейная посадка (живая изгородь/ряд вдоль полосы);07_nizhnie_polya;"Линейная посадка (живая изгородь/ряд вдоль полосы) — по аналогии с проектом «07_nizhnie_polya»; ближайшее ограничение — пешеходная дорожка / тротуар: 3.5 м при норме 0.5 м (СП 42.13330.2016, п. 9.6, табл. 9.1; ППМ 743-ПП, табл. 3.6.1)";"ассортимент для озеленения Москвы, категория «магистрали и улицы»; без инвазивных видов ППМ 369-ПП";пешеходная дорожка / тротуар;3.46;0.5;"СП 42.13330.2016, п. 9.6, табл. 9.1; ППМ 743-ПП, табл. 3.6.1"
bush_path_corridor_069_007;посажено;bush;Спирея березолистная;NEW_BUSH;99.87;160.196;14797.987;-828.092;Линейная посадка (живая изгородь/ряд вдоль полосы);07_nizhnie_polya;"Линейная посадка (живая изгородь/ряд вдоль полосы) — по аналогии с проектом «07_nizhnie_polya»; ближайшее ограничение — пешеходная дорожка / тротуар: 2.9 м при норме 0.5 м (СП 42.13330.2016, п. 9.6, табл. 9.1; ППМ 743-ПП, табл. 3.6.1)";"ассортимент для озеленения Москвы, категория «магистрали и улицы»; без инвазивных видов ППМ 369-ПП";пешеходная дорожка / тротуар;2.9;0.5;"СП 42.13330.2016, п. 9.6, табл. 9.1; ППМ 743-ПП, табл. 3.6.1"
tree_path_corridor_070_001;посажено;tree;Вяз гибридный Резиста;NEW_TREE;69.077;151.561;14767.194;-836.727;Линейная посадка (живая изгородь/ряд вдоль полосы);07_nizhnie_polya;"Линейная посадка (живая изгородь/ряд вдоль полосы) — по аналогии с проектом «07_nizhnie_polya»; ближайшее ограничение — пешеходная дорожка / тротуар: 2.2 м при норме 0.7 м (СП 42.13330.2016, п. 9.6, табл. 9.1; ППМ 743-ПП, табл. 3.6.1)";"ассортимент для озеленения Москвы, категория «магистрали и улицы»; без инвазивных видов ППМ 369-ПП";пешеходная дорожка / тротуар;2.2;0.7;"СП 42.13330.2016, п. 9.6, табл. 9.1; ППМ 743-ПП, табл. 3.6.1"
bush_path_corridor_070_001;посажено;bush;Спирея березолистная;NEW_BUSH;75.104;153.393;14773.221;-834.894;Линейная посадка (живая изгородь/ряд вдоль полосы);07_nizhnie_polya;"Линейная посадка (живая изгородь/ряд вдоль полосы) — по аналогии с проектом «07_nizhnie_polya»; ближайшее ограничение — пешеходная дорожка / тротуар: 2.2 м при норме 0.5 м (СП 42.13330.2016, п. 9.6, табл. 9.1; ППМ 743-ПП, табл. 3.6.1)";"ассортимент для озеленения Москвы, категория «магистрали и улицы»; без инвазивных видов ППМ 369-ПП";пешеходная дорожка / тротуар;2.2;0.5;"СП 42.13330.2016, п. 9.6, табл. 9.1; ППМ 743-ПП, табл. 3.6.1"
bush_path_corridor_070_002;посажено;bush;Спирея березолистная;NEW_BUSH;73.765;152.986;14771.882;-835.302;Линейная посадка (живая изгородь/ряд вдоль полосы);07_nizhnie_polya;"Линейная посадка (живая изгородь/ряд вдоль полосы) — по аналогии с проектом «07_nizhnie_polya»; ближайшее ограничение — пешеходная дорожка / тротуар: 2.2 м при норме 0.5 м (СП 42.13330.2016, п. 9.6, табл. 9.1; ППМ 743-ПП, табл. 3.6.1)";"ассортимент для озеленения Москвы, категория «магистрали и улицы»; без инвазивных видов ППМ 369-ПП";пешеходная дорожка / тротуар;2.2;0.5;"СП 42.13330.2016, п. 9.6, табл. 9.1; ППМ 743-ПП, табл. 3.6.1"
bush_path_corridor_070_003;посажено;bush;Спирея березолистная;NEW_BUSH;72.425;152.579;14770.542;-835.709;Линейная посадка (живая изгородь/ряд вдоль полосы);07_nizhnie_polya;"Линейная посадка (живая изгородь/ряд вдоль полосы) — по аналогии с проектом «07_nizhnie_polya»; ближайшее ограничение — пешеходная дорожка / тротуар: 2.2 м при норме 0.5 м (СП 42.13330.2016, п. 9.6, табл. 9.1; ППМ 743-ПП, табл. 3.6.1)";"ассортимент для озеленения Москвы, категория «магистрали и улицы»; без инвазивных видов ППМ 369-ПП";пешеходная дорожка / тротуар;2.2;0.5;"СП 42.13330.2016, п. 9.6, табл. 9.1; ППМ 743-ПП, табл. 3.6.1"
bush_path_corridor_070_004;посажено;bush;Спирея березолистная;NEW_BUSH;71.086;152.171;14769.203;-836.116;Линейная посадка (живая изгородь/ряд вдоль полосы);07_nizhnie_polya;"Линейная посадка (живая изгородь/ряд вдоль полосы) — по аналогии с проектом «07_nizhnie_polya»; ближайшее ограничение — пешеходная дорожка / тротуар: 2.2 м при норме 0.5 м (СП 42.13330.2016, п. 9.6, табл. 9.1; ППМ 743-ПП, табл. 3.6.1)";"ассортимент для озеленения Москвы, категория «магистрали и улицы»; без инвазивных видов ППМ 369-ПП";пешеходная дорожка / тротуар;2.2;0.5;"СП 42.13330.2016, п. 9.6, табл. 9.1; ППМ 743-ПП, табл. 3.6.1"
bush_path_corridor_070_005;посажено;bush;Спирея березолистная;NEW_BUSH;67.068;150.95;14765.184;-837.338;Линейная посадка (живая изгородь/ряд вдоль полосы);07_nizhnie_polya;"Линейная посадка (живая изгородь/ряд вдоль полосы) — по аналогии с проектом «07_nizhnie_polya»; ближайшее ограничение — пешеходная дорожка / тротуар: 2.2 м при норме 0.5 м (СП 42.13330.2016, п. 9.6, табл. 9.1; ППМ 743-ПП, табл. 3.6.1)";"ассортимент для озеленения Москвы, категория «магистрали и улицы»; без инвазивных видов ППМ 369-ПП";пешеходная дорожка / тротуар;2.2;0.5;"СП 42.13330.2016, п. 9.6, табл. 9.1; ППМ 743-ПП, табл. 3.6.1"
bush_path_corridor_070_006;посажено;bush;Спирея березолистная;NEW_BUSH;65.728;150.543;14763.845;-837.745;Линейная посадка (живая изгородь/ряд вдоль полосы);07_nizhnie_polya;"Линейная посадка (живая изгородь/ряд вдоль полосы) — по аналогии с проектом «07_nizhnie_polya»; ближайшее ограничение — пешеходная дорожка / тротуар: 2.2 м при норме 0.5 м (СП 42.13330.2016, п. 9.6, табл. 9.1; ППМ 743-ПП, табл. 3.6.1)";"ассортимент для озеленения Москвы, категория «магистрали и улицы»; без инвазивных видов ППМ 369-ПП";пешеходная дорожка / тротуар;2.2;0.5;"СП 42.13330.2016, п. 9.6, табл. 9.1; ППМ 743-ПП, табл. 3.6.1"
bush_path_corridor_070_007;посажено;bush;Спирея березолистная;NEW_BUSH;64.389;150.135;14762.505;-838.152;Линейная посадка (живая изгородь/ряд вдоль полосы);07_nizhnie_polya;"Линейная посадка (живая изгородь/ряд вдоль полосы) — по аналогии с проектом «07_nizhnie_polya»; ближайшее ограничение — пешеходная дорожка / тротуар: 2.2 м при норме 0.5 м (СП 42.13330.2016, п. 9.6, табл. 9.1; ППМ 743-ПП, табл. 3.6.1)";"ассортимент для озеленения Москвы, категория «магистрали и улицы»; без инвазивных видов ППМ 369-ПП";пешеходная дорожка / тротуар;2.2;0.5;"СП 42.13330.2016, п. 9.6, табл. 9.1; ППМ 743-ПП, табл. 3.6.1"
bush_path_corridor_070_008;посажено;bush;Спирея березолистная;NEW_BUSH;63.049;149.728;14761.166;-838.559;Линейная посадка (живая изгородь/ряд вдоль полосы);07_nizhnie_polya;"Линейная посадка (живая изгородь/ряд вдоль полосы) — по аналогии с проектом «07_nizhnie_polya»; ближайшее ограничение — пешеходная дорожка / тротуар: 2.2 м при норме 0.5 м (СП 42.13330.2016, п. 9.6, табл. 9.1; ППМ 743-ПП, табл. 3.6.1)";"ассортимент для озеленения Москвы, категория «магистрали и улицы»; без инвазивных видов ППМ 369-ПП";пешеходная дорожка / тротуар;2.2;0.5;"СП 42.13330.2016, п. 9.6, табл. 9.1; ППМ 743-ПП, табл. 3.6.1"
tree_path_corridor_071_001;посажено;tree;Вяз гибридный Резиста;NEW_TREE;45.489;138.118;14743.606;-850.169;Линейная посадка (живая изгородь/ряд вдоль полосы);07_nizhnie_polya;"Линейная посадка (живая изгородь/ряд вдоль полосы) — по аналогии с проектом «07_nizhnie_polya»; ближайшее ограничение — пешеходная дорожка / тротуар: 2.2 м при норме 0.7 м (СП 42.13330.2016, п. 9.6, табл. 9.1; ППМ 743-ПП, табл. 3.6.1)";"ассортимент для озеленения Москвы, категория «магистрали и улицы»; без инвазивных видов ППМ 369-ПП";пешеходная дорожка / тротуар;2.2;0.7;"СП 42.13330.2016, п. 9.6, табл. 9.1; ППМ 743-ПП, табл. 3.6.1"
tree_path_corridor_071_002;посажено;tree;Вяз гибридный Резиста;NEW_TREE;44.063;120.421;14742.18;-867.867;Линейная посадка (живая изгородь/ряд вдоль полосы);07_nizhnie_polya;"Линейная посадка (живая изгородь/ряд вдоль полосы) — по аналогии с проектом «07_nizhnie_polya»; ближайшее ограничение — пешеходная дорожка / тротуар: 2.2 м при норме 0.7 м (СП 42.13330.2016, п. 9.6, табл. 9.1; ППМ 743-ПП, табл. 3.6.1)";"ассортимент для озеленения Москвы, категория «магистрали и улицы»; без инвазивных видов ППМ 369-ПП";пешеходная дорожка / тротуар;2.2;0.7;"СП 42.13330.2016, п. 9.6, табл. 9.1; ППМ 743-ПП, табл. 3.6.1"
bush_path_corridor_071_001;посажено;bush;Спирея березолистная;NEW_BUSH;44.175;121.816;14742.292;-866.471;Линейная посадка (живая изгородь/ряд вдоль полосы);07_nizhnie_polya;"Линейная посадка (живая изгородь/ряд вдоль полосы) — по аналогии с проектом «07_nizhnie_polya»; ближайшее ограничение — пешеходная дорожка / тротуар: 3.1 м при норме 0.5 м (СП 42.13330.2016, п. 9.6, табл. 9.1; ППМ 743-ПП, табл. 3.6.1)";"ассортимент для озеленения Москвы, категория «магистрали и улицы»; без инвазивных видов ППМ 369-ПП";пешеходная дорожка / тротуар;3.11;0.5;"СП 42.13330.2016, п. 9.6, табл. 9.1; ППМ 743-ПП, табл. 3.6.1"
bush_path_corridor_071_002;посажено;bush;Спирея березолистная;NEW_BUSH;43.951;119.025;14742.067;-869.262;Линейная посадка (живая изгородь/ряд вдоль полосы);07_nizhnie_polya;"Линейная посадка (живая изгородь/ряд вдоль полосы) — по аналогии с проектом «07_nizhnie_polya»; ближайшее ограничение — пешеходная дорожка / тротуар: 1.3 м при норме 0.5 м (СП 42.13330.2016, п. 9.6, табл. 9.1; ППМ 743-ПП, табл. 3.6.1)";"ассортимент для озеленения Москвы, категория «магистрали и улицы»; без инвазивных видов ППМ 369-ПП";пешеходная дорожка / тротуар;1.29;0.5;"СП 42.13330.2016, п. 9.6, табл. 9.1; ППМ 743-ПП, табл. 3.6.1"
bush_path_corridor_072_001;посажено;bush;Спирея березолистная;NEW_BUSH;-599.895;-572.652;14098.222;-1560.94;Линейная посадка (живая изгородь/ряд вдоль полосы);07_nizhnie_polya;"Линейная посадка (живая изгородь/ряд вдоль полосы) — по аналогии с проектом «07_nizhnie_polya»; ближайшее ограничение — пешеходная дорожка / тротуар: 2.2 м при норме 0.5 м (СП 42.13330.2016, п. 9.6, табл. 9.1; ППМ 743-ПП, табл. 3.6.1)";"ассортимент для озеленения Москвы, категория «магистрали и улицы»; без инвазивных видов ППМ 369-ПП";пешеходная дорожка / тротуар;2.23;0.5;"СП 42.13330.2016, п. 9.6, табл. 9.1; ППМ 743-ПП, табл. 3.6.1"
bush_path_corridor_073_001;посажено;bush;Спирея березолистная;NEW_BUSH;-211.953;-243.436;14486.164;-1231.723;Линейная посадка (живая изгородь/ряд вдоль полосы);07_nizhnie_polya;"Линейная посадка (живая изгородь/ряд вдоль полосы) — по аналогии с проектом «07_nizhnie_polya»; ближайшее ограничение — проезжая часть: 2.5 м при норме 1.0 м (СП 42.13330.2016, п. 9.6, табл. 9.1; ППМ 743-ПП, табл. 3.6.1)";"ассортимент для озеленения Москвы, категория «магистрали и улицы»; без инвазивных видов ППМ 369-ПП";проезжая часть;2.47;1.0;"СП 42.13330.2016, п. 9.6, табл. 9.1; ППМ 743-ПП, табл. 3.6.1"
bush_path_corridor_073_002;посажено;bush;Спирея березолистная;NEW_BUSH;-217.915;-237.518;14480.202;-1225.806;Линейная посадка (живая изгородь/ряд вдоль полосы);07_nizhnie_polya;"Линейная посадка (живая изгородь/ряд вдоль полосы) — по аналогии с проектом «07_nizhnie_polya»; ближайшее ограничение — проезжая часть: 2.5 м при норме 1.0 м (СП 42.13330.2016, п. 9.6, табл. 9.1; ППМ 743-ПП, табл. 3.6.1)";"ассортимент для озеленения Москвы, категория «магистрали и улицы»; без инвазивных видов ППМ 369-ПП";проезжая часть;2.53;1.0;"СП 42.13330.2016, п. 9.6, табл. 9.1; ППМ 743-ПП, табл. 3.6.1"
bush_path_corridor_073_003;посажено;bush;Спирея березолистная;NEW_BUSH;-220.896;-234.56;14477.221;-1222.847;Линейная посадка (живая изгородь/ряд вдоль полосы);07_nizhnie_polya;"Линейная посадка (живая изгородь/ряд вдоль полосы) — по аналогии с проектом «07_nizhnie_polya»; ближайшее ограничение — проезжая часть: 2.6 м при норме 1.0 м (СП 42.13330.2016, п. 9.6, табл. 9.1; ППМ 743-ПП, табл. 3.6.1)";"ассортимент для озеленения Москвы, категория «магистрали и улицы»; без инвазивных видов ППМ 369-ПП";проезжая часть;2.56;1.0;"СП 42.13330.2016, п. 9.6, табл. 9.1; ППМ 743-ПП, табл. 3.6.1"
bush_path_corridor_073_004;посажено;bush;Спирея березолистная;NEW_BUSH;-223.877;-231.601;14474.24;-1219.888;Линейная посадка (живая изгородь/ряд вдоль полосы);07_nizhnie_polya;"Линейная посадка (живая изгородь/ряд вдоль полосы) — по аналогии с проектом «07_nizhnie_polya»; ближайшее ограничение — проезжая часть: 2.6 м при норме 1.0 м (СП 42.13330.2016, п. 9.6, табл. 9.1; ППМ 743-ПП, табл. 3.6.1)";"ассортимент для озеленения Москвы, категория «магистрали и улицы»; без инвазивных видов ППМ 369-ПП";проезжая часть;2.58;1.0;"СП 42.13330.2016, п. 9.6, табл. 9.1; ППМ 743-ПП, табл. 3.6.1"
bush_path_corridor_073_005;посажено;bush;Спирея березолистная;NEW_BUSH;-226.858;-228.642;14471.259;-1216.93;Линейная посадка (живая изгородь/ряд вдоль полосы);07_nizhnie_polya;"Линейная посадка (живая изгородь/ряд вдоль полосы) — по аналогии с проектом «07_nizhnie_polya»; ближайшее ограничение — проезжая часть: 2.6 м при норме 1.0 м (СП 42.13330.2016, п. 9.6, табл. 9.1; ППМ 743-ПП, табл. 3.6.1)";"ассортимент для озеленения Москвы, категория «магистрали и улицы»; без инвазивных видов ППМ 369-ПП";проезжая часть;2.61;1.0;"СП 42.13330.2016, п. 9.6, табл. 9.1; ППМ 743-ПП, табл. 3.6.1"
bush_path_corridor_073_006;посажено;bush;Спирея березолистная;NEW_BUSH;-229.839;-225.683;14468.278;-1213.971;Линейная посадка (живая изгородь/ряд вдоль полосы);07_nizhnie_polya;"Линейная посадка (живая изгородь/ряд вдоль полосы) — по аналогии с проектом «07_nizhnie_polya»; ближайшее ограничение — проезжая часть: 2.6 м при норме 1.0 м (СП 42.13330.2016, п. 9.6, табл. 9.1; ППМ 743-ПП, табл. 3.6.1)";"ассортимент для озеленения Москвы, категория «магистрали и улицы»; без инвазивных видов ППМ 369-ПП";проезжая часть;2.64;1.0;"СП 42.13330.2016, п. 9.6, табл. 9.1; ППМ 743-ПП, табл. 3.6.1"
bush_path_corridor_073_007;посажено;bush;Спирея березолистная;NEW_BUSH;-231.826;-223.711;14466.291;-1211.998;Линейная посадка (живая изгородь/ряд вдоль полосы);07_nizhnie_polya;"Линейная посадка (живая изгородь/ряд вдоль полосы) — по аналогии с проектом «07_nizhnie_polya»; ближайшее ограничение — проезжая часть: 2.7 м при норме 1.0 м (СП 42.13330.2016, п. 9.6, табл. 9.1; ППМ 743-ПП, табл. 3.6.1)";"ассортимент для озеленения Москвы, категория «магистрали и улицы»; без инвазивных видов ППМ 369-ПП";проезжая часть;2.66;1.0;"СП 42.13330.2016, п. 9.6, табл. 9.1; ППМ 743-ПП, табл. 3.6.1"
bush_path_corridor_073_008;посажено;bush;Спирея березолистная;NEW_BUSH;-234.807;-220.752;14463.31;-1209.04;Линейная посадка (живая изгородь/ряд вдоль полосы);07_nizhnie_polya;"Линейная посадка (живая изгородь/ряд вдоль полосы) — по аналогии с проектом «07_nizhnie_polya»; ближайшее ограничение — проезжая часть: 2.7 м при норме 1.0 м (СП 42.13330.2016, п. 9.6, табл. 9.1; ППМ 743-ПП, табл. 3.6.1)";"ассортимент для озеленения Москвы, категория «магистрали и улицы»; без инвазивных видов ППМ 369-ПП";проезжая часть;2.68;1.0;"СП 42.13330.2016, п. 9.6, табл. 9.1; ППМ 743-ПП, табл. 3.6.1"
tree_path_corridor_074_001;посажено;tree;Вяз гибридный Резиста;NEW_TREE;-250.699;-205.007;14447.417;-1193.294;Линейная посадка (живая изгородь/ряд вдоль полосы);07_nizhnie_polya;"Линейная посадка (живая изгородь/ряд вдоль полосы) — по аналогии с проектом «07_nizhnie_polya»; ближайшее ограничение — проезжая часть: 2.9 м при норме 2.0 м (СП 42.13330.2016, п. 9.6, табл. 9.1; ППМ 743-ПП, табл. 3.6.1)";"ассортимент для озеленения Москвы, категория «магистрали и улицы»; без инвазивных видов ППМ 369-ПП";проезжая часть;2.85;2.0;"СП 42.13330.2016, п. 9.6, табл. 9.1; ППМ 743-ПП, табл. 3.6.1"
bush_path_corridor_074_001;посажено;bush;Спирея березолистная;NEW_BUSH;-274.885;-180.685;14423.232;-1168.973;Линейная посадка (живая изгородь/ряд вдоль полосы);07_nizhnie_polya;"Линейная посадка (живая изгородь/ряд вдоль полосы) — по аналогии с проектом «07_nizhnie_polya»; ближайшее ограничение — кабель связи: 2.5 м при норме 0.7 м (СП 42.13330.2016, п. 9.6, табл. 9.1; ППМ 743-ПП, табл. 3.6.1)";"ассортимент для озеленения Москвы, категория «магистрали и улицы»; без инвазивных видов ППМ 369-ПП";кабель связи;2.55;0.7;"СП 42.13330.2016, п. 9.6, табл. 9.1; ППМ 743-ПП, табл. 3.6.1"
bush_path_corridor_074_002;посажено;bush;Спирея березолистная;NEW_BUSH;-273.898;-181.678;14424.219;-1169.965;Линейная посадка (живая изгородь/ряд вдоль полосы);07_nizhnie_polya;"Линейная посадка (живая изгородь/ряд вдоль полосы) — по аналогии с проектом «07_nizhnie_polya»; ближайшее ограничение — проезжая часть: 2.9 м при норме 1.0 м (СП 42.13330.2016, п. 9.6, табл. 9.1; ППМ 743-ПП, табл. 3.6.1)";"ассортимент для озеленения Москвы, категория «магистрали и улицы»; без инвазивных видов ППМ 369-ПП";проезжая часть;2.85;1.0;"СП 42.13330.2016, п. 9.6, табл. 9.1; ППМ 743-ПП, табл. 3.6.1"
bush_path_corridor_074_003;посажено;bush;Спирея березолистная;NEW_BUSH;-272.911;-182.671;14425.206;-1170.958;Линейная посадка (живая изгородь/ряд вдоль полосы);07_nizhnie_polya;"Линейная посадка (живая изгородь/ряд вдоль полосы) — по аналогии с проектом «07_nizhnie_polya»; ближайшее ограничение — проезжая часть: 2.9 м при норме 1.0 м (СП 42.13330.2016, п. 9.6, табл. 9.1; ППМ 743-ПП, табл. 3.6.1)";"ассортимент для озеленения Москвы, категория «магистрали и улицы»; без инвазивных видов ППМ 369-ПП";проезжая часть;2.85;1.0;"СП 42.13330.2016, п. 9.6, табл. 9.1; ППМ 743-ПП, табл. 3.6.1"
bush_path_corridor_074_004;посажено;bush;Спирея березолистная;NEW_BUSH;-271.923;-183.663;14426.193;-1171.951;Линейная посадка (живая изгородь/ряд вдоль полосы);07_nizhnie_polya;"Линейная посадка (живая изгородь/ряд вдоль полосы) — по аналогии с проектом «07_nizhnie_polya»; ближайшее ограничение — проезжая часть: 2.9 м при норме 1.0 м (СП 42.13330.2016, п. 9.6, табл. 9.1; ППМ 743-ПП, табл. 3.6.1)";"ассортимент для озеленения Москвы, категория «магистрали и улицы»; без инвазивных видов ППМ 369-ПП";проезжая часть;2.85;1.0;"СП 42.13330.2016, п. 9.6, табл. 9.1; ППМ 743-ПП, табл. 3.6.1"
bush_path_corridor_074_005;посажено;bush;Спирея березолистная;NEW_BUSH;-270.936;-184.656;14427.18;-1172.943;Линейная посадка (живая изгородь/ряд вдоль полосы);07_nizhnie_polya;"Линейная посадка (живая изгородь/ряд вдоль полосы) — по аналогии с проектом «07_nizhnie_polya»; ближайшее ограничение — проезжая часть: 2.9 м при норме 1.0 м (СП 42.13330.2016, п. 9.6, табл. 9.1; ППМ 743-ПП, табл. 3.6.1)";"ассортимент для озеленения Москвы, категория «магистрали и улицы»; без инвазивных видов ППМ 369-ПП";проезжая часть;2.85;1.0;"СП 42.13330.2016, п. 9.6, табл. 9.1; ППМ 743-ПП, табл. 3.6.1"
bush_path_corridor_074_006;посажено;bush;Спирея березолистная;NEW_BUSH;-268.962;-186.642;14429.155;-1174.929;Линейная посадка (живая изгородь/ряд вдоль полосы);07_nizhnie_polya;"Линейная посадка (живая изгородь/ряд вдоль полосы) — по аналогии с проектом «07_nizhnie_polya»; ближайшее ограничение — проезжая часть: 2.9 м при норме 1.0 м (СП 42.13330.2016, п. 9.6, табл. 9.1; ППМ 743-ПП, табл. 3.6.1)";"ассортимент для озеленения Москвы, категория «магистрали и улицы»; без инвазивных видов ППМ 369-ПП";проезжая часть;2.85;1.0;"СП 42.13330.2016, п. 9.6, табл. 9.1; ППМ 743-ПП, табл. 3.6.1"
bush_path_corridor_074_007;посажено;bush;Спирея березолистная;NEW_BUSH;-264.026;-191.605;14434.091;-1179.893;Линейная посадка (живая изгородь/ряд вдоль полосы);07_nizhnie_polya;"Линейная посадка (живая изгородь/ряд вдоль полосы) — по аналогии с проектом «07_nizhnie_polya»; ближайшее ограничение — проезжая часть: 2.9 м при норме 1.0 м (СП 42.13330.2016, п. 9.6, табл. 9.1; ППМ 743-ПП, табл. 3.6.1)";"ассортимент для озеленения Москвы, категория «магистрали и улицы»; без инвазивных видов ППМ 369-ПП";проезжая часть;2.85;1.0;"СП 42.13330.2016, п. 9.6, табл. 9.1; ППМ 743-ПП, табл. 3.6.1"
bush_path_corridor_074_008;посажено;bush;Спирея березолистная;NEW_BUSH;-263.039;-192.598;14435.078;-1180.885;Линейная посадка (живая изгородь/ряд вдоль полосы);07_nizhnie_polya;"Линейная посадка (живая изгородь/ряд вдоль полосы) — по аналогии с проектом «07_nizhnie_polya»; ближайшее ограничение — проезжая часть: 2.9 м при норме 1.0 м (СП 42.13330.2016, п. 9.6, табл. 9.1; ППМ 743-ПП, табл. 3.6.1)";"ассортимент для озеленения Москвы, категория «магистрали и улицы»; без инвазивных видов ППМ 369-ПП";проезжая часть;2.85;1.0;"СП 42.13330.2016, п. 9.6, табл. 9.1; ППМ 743-ПП, табл. 3.6.1"
bush_path_corridor_074_009;посажено;bush;Спирея березолистная;NEW_BUSH;-262.052;-193.591;14436.065;-1181.878;Линейная посадка (живая изгородь/ряд вдоль полосы);07_nizhnie_polya;"Линейная посадка (живая изгородь/ряд вдоль полосы) — по аналогии с проектом «07_nizhnie_polya»; ближайшее ограничение — проезжая часть: 2.9 м при норме 1.0 м (СП 42.13330.2016, п. 9.6, табл. 9.1; ППМ 743-ПП, табл. 3.6.1)";"ассортимент для озеленения Москвы, категория «магистрали и улицы»; без инвазивных видов ППМ 369-ПП";проезжая часть;2.85;1.0;"СП 42.13330.2016, п. 9.6, табл. 9.1; ППМ 743-ПП, табл. 3.6.1"
bush_path_corridor_074_010;посажено;bush;Спирея березолистная;NEW_BUSH;-261.065;-194.583;14437.052;-1182.871;Линейная посадка (живая изгородь/ряд вдоль полосы);07_nizhnie_polya;"Линейная посадка (живая изгородь/ряд вдоль полосы) — по аналогии с проектом «07_nizhnie_polya»; ближайшее ограничение — проезжая часть: 2.9 м при норме 1.0 м (СП 42.13330.2016, п. 9.6, табл. 9.1; ППМ 743-ПП, табл. 3.6.1)";"ассортимент для озеленения Москвы, категория «магистрали и улицы»; без инвазивных видов ППМ 369-ПП";проезжая часть;2.85;1.0;"СП 42.13330.2016, п. 9.6, табл. 9.1; ППМ 743-ПП, табл. 3.6.1"
bush_path_corridor_074_011;посажено;bush;Спирея березолистная;NEW_BUSH;-257.116;-198.554;14441.001;-1186.842;Линейная посадка (живая изгородь/ряд вдоль полосы);07_nizhnie_polya;"Линейная посадка (живая изгородь/ряд вдоль полосы) — по аналогии с проектом «07_nizhnie_polya»; ближайшее ограничение — проезжая часть: 2.9 м при норме 1.0 м (СП 42.13330.2016, п. 9.6, табл. 9.1; ППМ 743-ПП, табл. 3.6.1)";"ассортимент для озеленения Москвы, категория «магистрали и улицы»; без инвазивных видов ППМ 369-ПП";проезжая часть;2.85;1.0;"СП 42.13330.2016, п. 9.6, табл. 9.1; ППМ 743-ПП, табл. 3.6.1"
bush_path_corridor_074_012;посажено;bush;Спирея березолистная;NEW_BUSH;-256.129;-199.547;14441.988;-1187.834;Линейная посадка (живая изгородь/ряд вдоль полосы);07_nizhnie_polya;"Линейная посадка (живая изгородь/ряд вдоль полосы) — по аналогии с проектом «07_nizhnie_polya»; ближайшее ограничение — проезжая часть: 2.9 м при норме 1.0 м (СП 42.13330.2016, п. 9.6, табл. 9.1; ППМ 743-ПП, табл. 3.6.1)";"ассортимент для озеленения Москвы, категория «магистрали и улицы»; без инвазивных видов ППМ 369-ПП";проезжая часть;2.85;1.0;"СП 42.13330.2016, п. 9.6, табл. 9.1; ППМ 743-ПП, табл. 3.6.1"
bush_path_corridor_074_013;посажено;bush;Спирея березолистная;NEW_BUSH;-255.142;-200.54;14442.975;-1188.827;Линейная посадка (живая изгородь/ряд вдоль полосы);07_nizhnie_polya;"Линейная посадка (живая изгородь/ряд вдоль полосы) — по аналогии с проектом «07_nizhnie_polya»; ближайшее ограничение — проезжая часть: 2.9 м при норме 1.0 м (СП 42.13330.2016, п. 9.6, табл. 9.1; ППМ 743-ПП, табл. 3.6.1)";"ассортимент для озеленения Москвы, категория «магистрали и улицы»; без инвазивных видов ППМ 369-ПП";проезжая часть;2.85;1.0;"СП 42.13330.2016, п. 9.6, табл. 9.1; ППМ 743-ПП, табл. 3.6.1"
bush_path_corridor_074_014;посажено;bush;Спирея березолистная;NEW_BUSH;-254.154;-201.532;14443.962;-1189.82;Линейная посадка (живая изгородь/ряд вдоль полосы);07_nizhnie_polya;"Линейная посадка (живая изгородь/ряд вдоль полосы) — по аналогии с проектом «07_nizhnie_polya»; ближайшее ограничение — проезжая часть: 2.9 м при норме 1.0 м (СП 42.13330.2016, п. 9.6, табл. 9.1; ППМ 743-ПП, табл. 3.6.1)";"ассортимент для озеленения Москвы, категория «магистрали и улицы»; без инвазивных видов ППМ 369-ПП";проезжая часть;2.85;1.0;"СП 42.13330.2016, п. 9.6, табл. 9.1; ППМ 743-ПП, табл. 3.6.1"
bush_path_corridor_074_015;посажено;bush;Спирея березолистная;NEW_BUSH;-253.167;-202.525;14444.95;-1190.812;Линейная посадка (живая изгородь/ряд вдоль полосы);07_nizhnie_polya;"Линейная посадка (живая изгородь/ряд вдоль полосы) — по аналогии с проектом «07_nizhnie_polya»; ближайшее ограничение — проезжая часть: 2.9 м при норме 1.0 м (СП 42.13330.2016, п. 9.6, табл. 9.1; ППМ 743-ПП, табл. 3.6.1)";"ассортимент для озеленения Москвы, категория «магистрали и улицы»; без инвазивных видов ППМ 369-ПП";проезжая часть;2.85;1.0;"СП 42.13330.2016, п. 9.6, табл. 9.1; ППМ 743-ПП, табл. 3.6.1"
bush_path_corridor_074_016;посажено;bush;Спирея березолистная;NEW_BUSH;-248.231;-207.489;14449.885;-1195.776;Линейная посадка (живая изгородь/ряд вдоль полосы);07_nizhnie_polya;"Линейная посадка (живая изгородь/ряд вдоль полосы) — по аналогии с проектом «07_nizhnie_polya»; ближайшее ограничение — проезжая часть: 2.9 м при норме 1.0 м (СП 42.13330.2016, п. 9.6, табл. 9.1; ППМ 743-ПП, табл. 3.6.1)";"ассортимент для озеленения Москвы, категория «магистрали и улицы»; без инвазивных видов ППМ 369-ПП";проезжая часть;2.85;1.0;"СП 42.13330.2016, п. 9.6, табл. 9.1; ППМ 743-ПП, табл. 3.6.1"
bush_path_corridor_074_017;посажено;bush;Спирея березолистная;NEW_BUSH;-246.257;-209.474;14451.86;-1197.762;Линейная посадка (живая изгородь/ряд вдоль полосы);07_nizhnie_polya;"Линейная посадка (живая изгородь/ряд вдоль полосы) — по аналогии с проектом «07_nizhnie_polya»; ближайшее ограничение — проезжая часть: 2.9 м при норме 1.0 м (СП 42.13330.2016, п. 9.6, табл. 9.1; ППМ 743-ПП, табл. 3.6.1)";"ассортимент для озеленения Москвы, категория «магистрали и улицы»; без инвазивных видов ППМ 369-ПП";проезжая часть;2.85;1.0;"СП 42.13330.2016, п. 9.6, табл. 9.1; ППМ 743-ПП, табл. 3.6.1"
tree_path_corridor_075_001;посажено;tree;Вяз гибридный Резиста;NEW_TREE;-330.703;-167.599;14367.414;-1155.887;Линейная посадка (живая изгородь/ряд вдоль полосы);07_nizhnie_polya;"Линейная посадка (живая изгородь/ряд вдоль полосы) — по аналогии с проектом «07_nizhnie_polya»; ближайшее ограничение — пешеходная дорожка / тротуар: 1.6 м при норме 0.7 м (СП 42.13330.2016, п. 9.6, табл. 9.1; ППМ 743-ПП, табл. 3.6.1)";"ассортимент для озеленения Москвы, категория «магистрали и улицы»; без инвазивных видов ППМ 369-ПП";пешеходная дорожка / тротуар;1.6;0.7;"СП 42.13330.2016, п. 9.6, табл. 9.1; ППМ 743-ПП, табл. 3.6.1"
bush_path_corridor_075_001;посажено;bush;Спирея березолистная;NEW_BUSH;-333.22;-165.167;14364.897;-1153.455;Линейная посадка (живая изгородь/ряд вдоль полосы);07_nizhnie_polya;"Линейная посадка (живая изгородь/ряд вдоль полосы) — по аналогии с проектом «07_nizhnie_polya»; ближайшее ограничение — пешеходная дорожка / тротуар: 1.6 м при норме 0.5 м (СП 42.13330.2016, п. 9.6, табл. 9.1; ППМ 743-ПП, табл. 3.6.1)";"ассортимент для озеленения Москвы, категория «магистрали и улицы»; без инвазивных видов ППМ 369-ПП";пешеходная дорожка / тротуар;1.6;0.5;"СП 42.13330.2016, п. 9.6, табл. 9.1; ППМ 743-ПП, табл. 3.6.1"
bush_path_corridor_075_002;посажено;bush;Спирея березолистная;NEW_BUSH;-332.213;-166.14;14365.904;-1154.427;Линейная посадка (живая изгородь/ряд вдоль полосы);07_nizhnie_polya;"Линейная посадка (живая изгородь/ряд вдоль полосы) — по аналогии с проектом «07_nizhnie_polya»; ближайшее ограничение — пешеходная дорожка / тротуар: 1.6 м при норме 0.5 м (СП 42.13330.2016, п. 9.6, табл. 9.1; ППМ 743-ПП, табл. 3.6.1)";"ассортимент для озеленения Москвы, категория «магистрали и улицы»; без инвазивных видов ППМ 369-ПП";пешеходная дорожка / тротуар;1.6;0.5;"СП 42.13330.2016, п. 9.6, табл. 9.1; ППМ 743-ПП, табл. 3.6.1"
bush_path_corridor_075_003;посажено;bush;Спирея березолистная;NEW_BUSH;-327.179;-171.004;14370.937;-1159.292;Линейная посадка (живая изгородь/ряд вдоль полосы);07_nizhnie_polya;"Линейная посадка (живая изгородь/ряд вдоль полосы) — по аналогии с проектом «07_nizhnie_polya»; ближайшее ограничение — пешеходная дорожка / тротуар: 1.6 м при норме 0.5 м (СП 42.13330.2016, п. 9.6, табл. 9.1; ППМ 743-ПП, табл. 3.6.1)";"ассортимент для озеленения Москвы, категория «магистрали и улицы»; без инвазивных видов ППМ 369-ПП";пешеходная дорожка / тротуар;1.6;0.5;"СП 42.13330.2016, п. 9.6, табл. 9.1; ППМ 743-ПП, табл. 3.6.1"
bush_path_corridor_075_004;посажено;bush;Спирея березолистная;NEW_BUSH;-326.173;-171.977;14371.944;-1160.265;Линейная посадка (живая изгородь/ряд вдоль полосы);07_nizhnie_polya;"Линейная посадка (живая изгородь/ряд вдоль полосы) — по аналогии с проектом «07_nizhnie_polya»; ближайшее ограничение — пешеходная дорожка / тротуар: 1.6 м при норме 0.5 м (СП 42.13330.2016, п. 9.6, табл. 9.1; ППМ 743-ПП, табл. 3.6.1)";"ассортимент для озеленения Москвы, категория «магистрали и улицы»; без инвазивных видов ППМ 369-ПП";пешеходная дорожка / тротуар;1.6;0.5;"СП 42.13330.2016, п. 9.6, табл. 9.1; ППМ 743-ПП, табл. 3.6.1"
bush_path_corridor_076_001;посажено;bush;Спирея березолистная;NEW_BUSH;-304.633;-135.567;14393.483;-1123.854;Линейная посадка (живая изгородь/ряд вдоль полосы);07_nizhnie_polya;"Линейная посадка (живая изгородь/ряд вдоль полосы) — по аналогии с проектом «07_nizhnie_polya»; ближайшее ограничение — пешеходная дорожка / тротуар: 1.4 м при норме 0.5 м (СП 42.13330.2016, п. 9.6, табл. 9.1; ППМ 743-ПП, табл. 3.6.1)";"ассортимент для озеленения Москвы, категория «магистрали и улицы»; без инвазивных видов ППМ 369-ПП";пешеходная дорожка / тротуар;1.38;0.5;"СП 42.13330.2016, п. 9.6, табл. 9.1; ППМ 743-ПП, табл. 3.6.1"
bush_path_corridor_076_002;посажено;bush;Спирея березолистная;NEW_BUSH;-305.991;-135.226;14392.125;-1123.514;Линейная посадка (живая изгородь/ряд вдоль полосы);07_nizhnie_polya;"Линейная посадка (живая изгородь/ряд вдоль полосы) — по аналогии с проектом «07_nizhnie_polya»; ближайшее ограничение — пешеходная дорожка / тротуар: 1.4 м при норме 0.5 м (СП 42.13330.2016, п. 9.6, табл. 9.1; ППМ 743-ПП, табл. 3.6.1)";"ассортимент для озеленения Москвы, категория «магистрали и улицы»; без инвазивных видов ППМ 369-ПП";пешеходная дорожка / тротуар;1.38;0.5;"СП 42.13330.2016, п. 9.6, табл. 9.1; ППМ 743-ПП, табл. 3.6.1"
bush_path_corridor_077_001;посажено;bush;Спирея березолистная;NEW_BUSH;-38.167;-9.326;14659.95;-997.614;Линейная посадка (живая изгородь/ряд вдоль полосы);07_nizhnie_polya;"Линейная посадка (живая изгородь/ряд вдоль полосы) — по аналогии с проектом «07_nizhnie_polya»; ближайшее ограничение — пешеходная дорожка / тротуар: 2.0 м при норме 0.5 м (СП 42.13330.2016, п. 9.6, табл. 9.1; ППМ 743-ПП, табл. 3.6.1)";"ассортимент для озеленения Москвы, категория «магистрали и улицы»; без инвазивных видов ППМ 369-ПП";пешеходная дорожка / тротуар;2.0;0.5;"СП 42.13330.2016, п. 9.6, табл. 9.1; ППМ 743-ПП, табл. 3.6.1"
bush_path_corridor_077_002;посажено;bush;Спирея березолистная;NEW_BUSH;-37.032;-8.507;14661.085;-996.794;Линейная посадка (живая изгородь/ряд вдоль полосы);07_nizhnie_polya;"Линейная посадка (живая изгородь/ряд вдоль полосы) — по аналогии с проектом «07_nizhnie_polya»; ближайшее ограничение — пешеходная дорожка / тротуар: 2.0 м при норме 0.5 м (СП 42.13330.2016, п. 9.6, табл. 9.1; ППМ 743-ПП, табл. 3.6.1)";"ассортимент для озеленения Москвы, категория «магистрали и улицы»; без инвазивных видов ППМ 369-ПП";пешеходная дорожка / тротуар;1.99;0.5;"СП 42.13330.2016, п. 9.6, табл. 9.1; ППМ 743-ПП, табл. 3.6.1"
bush_path_corridor_077_003;посажено;bush;Спирея березолистная;NEW_BUSH;-35.896;-7.687;14662.22;-995.975;Линейная посадка (живая изгородь/ряд вдоль полосы);07_nizhnie_polya;"Линейная посадка (живая изгородь/ряд вдоль полосы) — по аналогии с проектом «07_nizhnie_polya»; ближайшее ограничение — пешеходная дорожка / тротуар: 2.0 м при норме 0.5 м (СП 42.13330.2016, п. 9.6, табл. 9.1; ППМ 743-ПП, табл. 3.6.1)";"ассортимент для озеленения Москвы, категория «магистрали и улицы»; без инвазивных видов ППМ 369-ПП";пешеходная дорожка / тротуар;1.99;0.5;"СП 42.13330.2016, п. 9.6, табл. 9.1; ППМ 743-ПП, табл. 3.6.1"
bush_path_corridor_077_004;посажено;bush;Спирея березолистная;NEW_BUSH;-34.761;-6.868;14663.355;-995.155;Линейная посадка (живая изгородь/ряд вдоль полосы);07_nizhnie_polya;"Линейная посадка (живая изгородь/ряд вдоль полосы) — по аналогии с проектом «07_nizhnie_polya»; ближайшее ограничение — пешеходная дорожка / тротуар: 2.0 м при норме 0.5 м (СП 42.13330.2016, п. 9.6, табл. 9.1; ППМ 743-ПП, табл. 3.6.1)";"ассортимент для озеленения Москвы, категория «магистрали и улицы»; без инвазивных видов ППМ 369-ПП";пешеходная дорожка / тротуар;1.98;0.5;"СП 42.13330.2016, п. 9.6, табл. 9.1; ППМ 743-ПП, табл. 3.6.1"
bush_path_corridor_077_005;посажено;bush;Спирея березолистная;NEW_BUSH;-31.356;-4.409;14666.761;-992.697;Линейная посадка (живая изгородь/ряд вдоль полосы);07_nizhnie_polya;"Линейная посадка (живая изгородь/ряд вдоль полосы) — по аналогии с проектом «07_nizhnie_polya»; ближайшее ограничение — пешеходная дорожка / тротуар: 2.0 м при норме 0.5 м (СП 42.13330.2016, п. 9.6, табл. 9.1; ППМ 743-ПП, табл. 3.6.1)";"ассортимент для озеленения Москвы, категория «магистрали и улицы»; без инвазивных видов ППМ 369-ПП";пешеходная дорожка / тротуар;1.96;0.5;"СП 42.13330.2016, п. 9.6, табл. 9.1; ППМ 743-ПП, табл. 3.6.1"
bush_path_corridor_077_006;посажено;bush;Спирея березолистная;NEW_BUSH;-30.221;-3.59;14667.896;-991.877;Линейная посадка (живая изгородь/ряд вдоль полосы);07_nizhnie_polya;"Линейная посадка (живая изгородь/ряд вдоль полосы) — по аналогии с проектом «07_nizhnie_polya»; ближайшее ограничение — пешеходная дорожка / тротуар: 1.9 м при норме 0.5 м (СП 42.13330.2016, п. 9.6, табл. 9.1; ППМ 743-ПП, табл. 3.6.1)";"ассортимент для озеленения Москвы, категория «магистрали и улицы»; без инвазивных видов ППМ 369-ПП";пешеходная дорожка / тротуар;1.95;0.5;"СП 42.13330.2016, п. 9.6, табл. 9.1; ППМ 743-ПП, табл. 3.6.1"
bush_path_corridor_077_007;посажено;bush;Спирея березолистная;NEW_BUSH;-29.086;-2.77;14669.031;-991.058;Линейная посадка (живая изгородь/ряд вдоль полосы);07_nizhnie_polya;"Линейная посадка (живая изгородь/ряд вдоль полосы) — по аналогии с проектом «07_nizhnie_polya»; ближайшее ограничение — пешеходная дорожка / тротуар: 1.6 м при норме 0.5 м (СП 42.13330.2016, п. 9.6, табл. 9.1; ППМ 743-ПП, табл. 3.6.1)";"ассортимент для озеленения Москвы, категория «магистрали и улицы»; без инвазивных видов ППМ 369-ПП";пешеходная дорожка / тротуар;1.55;0.5;"СП 42.13330.2016, п. 9.6, табл. 9.1; ППМ 743-ПП, табл. 3.6.1"
tree_path_corridor_078_001;посажено;tree;Вяз гибридный Резиста;NEW_TREE;63.57;65.688;14761.686;-922.599;Линейная посадка (живая изгородь/ряд вдоль полосы);07_nizhnie_polya;"Линейная посадка (живая изгородь/ряд вдоль полосы) — по аналогии с проектом «07_nizhnie_polya»; ближайшее ограничение — пешеходная дорожка / тротуар: 1.6 м при норме 0.7 м (СП 42.13330.2016, п. 9.6, табл. 9.1; ППМ 743-ПП, табл. 3.6.1)";"ассортимент для озеленения Москвы, категория «магистрали и улицы»; без инвазивных видов ППМ 369-ПП";пешеходная дорожка / тротуар;1.61;0.7;"СП 42.13330.2016, п. 9.6, табл. 9.1; ППМ 743-ПП, табл. 3.6.1"
bush_path_corridor_078_001;посажено;bush;Спирея березолистная;NEW_BUSH;64.669;66.554;14762.786;-921.733;Линейная посадка (живая изгородь/ряд вдоль полосы);07_nizhnie_polya;"Линейная посадка (живая изгородь/ряд вдоль полосы) — по аналогии с проектом «07_nizhnie_polya»; ближайшее ограничение — пешеходная дорожка / тротуар: 1.6 м при норме 0.5 м (СП 42.13330.2016, п. 9.6, табл. 9.1; ППМ 743-ПП, табл. 3.6.1)";"ассортимент для озеленения Москвы, категория «магистрали и улицы»; без инвазивных видов ППМ 369-ПП";пешеходная дорожка / тротуар;1.59;0.5;"СП 42.13330.2016, п. 9.6, табл. 9.1; ППМ 743-ПП, табл. 3.6.1"
bush_path_corridor_078_002;посажено;bush;Спирея березолистная;NEW_BUSH;62.47;64.822;14760.587;-923.466;Линейная посадка (живая изгородь/ряд вдоль полосы);07_nizhnie_polya;"Линейная посадка (живая изгородь/ряд вдоль полосы) — по аналогии с проектом «07_nizhnie_polya»; ближайшее ограничение — пешеходная дорожка / тротуар: 1.6 м при норме 0.5 м (СП 42.13330.2016, п. 9.6, табл. 9.1; ППМ 743-ПП, табл. 3.6.1)";"ассортимент для озеленения Москвы, категория «магистрали и улицы»; без инвазивных видов ППМ 369-ПП";пешеходная дорожка / тротуар;1.63;0.5;"СП 42.13330.2016, п. 9.6, табл. 9.1; ППМ 743-ПП, табл. 3.6.1"
bush_path_corridor_078_003;посажено;bush;Спирея березолистная;NEW_BUSH;61.37;63.955;14759.487;-924.332;Линейная посадка (живая изгородь/ряд вдоль полосы);07_nizhnie_polya;"Линейная посадка (живая изгородь/ряд вдоль полосы) — по аналогии с проектом «07_nizhnie_polya»; ближайшее ограничение — пешеходная дорожка / тротуар: 1.6 м при норме 0.5 м (СП 42.13330.2016, п. 9.6, табл. 9.1; ППМ 743-ПП, табл. 3.6.1)";"ассортимент для озеленения Москвы, категория «магистрали и улицы»; без инвазивных видов ППМ 369-ПП";пешеходная дорожка / тротуар;1.65;0.5;"СП 42.13330.2016, п. 9.6, табл. 9.1; ППМ 743-ПП, табл. 3.6.1"
tree_path_corridor_079_001;посажено;tree;Вяз гибридный Резиста;NEW_TREE;55.676;59.451;14753.793;-928.836;Линейная посадка (живая изгородь/ряд вдоль полосы);07_nizhnie_polya;"Линейная посадка (живая изгородь/ряд вдоль полосы) — по аналогии с проектом «07_nizhnie_polya»; ближайшее ограничение — газопровод: 2.3 м при норме 1.5 м (СП 42.13330.2016, п. 9.6, табл. 9.1; ППМ 743-ПП, табл. 3.6.1)";"ассортимент для озеленения Москвы, категория «магистрали и улицы»; без инвазивных видов ППМ 369-ПП";газопровод;2.34;1.5;"СП 42.13330.2016, п. 9.6, табл. 9.1; ППМ 743-ПП, табл. 3.6.1"
tree_path_corridor_080_001;посажено;tree;Вяз гибридный Резиста;NEW_TREE;46.162;52.163;14744.279;-936.124;Линейная посадка (живая изгородь/ряд вдоль полосы);07_nizhnie_polya;"Линейная посадка (живая изгородь/ряд вдоль полосы) — по аналогии с проектом «07_nizhnie_polya»; ближайшее ограничение — воздушная ЛЭП: 2.7 м при норме 2.0 м (охранная зона по чертежу (отступ зоны))";"ассортимент для озеленения Москвы, категория «магистрали и улицы»; без инвазивных видов ППМ 369-ПП";воздушная ЛЭП;2.71;2.0;охранная зона по чертежу (отступ зоны)
bush_path_corridor_080_001;посажено;bush;Спирея березолистная;NEW_BUSH;46.747;53.436;14744.864;-934.852;Линейная посадка (живая изгородь/ряд вдоль полосы);07_nizhnie_polya;"Линейная посадка (живая изгородь/ряд вдоль полосы) — по аналогии с проектом «07_nizhnie_polya»; ближайшее ограничение — пешеходная дорожка / тротуар: 1.1 м при норме 0.5 м (СП 42.13330.2016, п. 9.6, табл. 9.1; ППМ 743-ПП, табл. 3.6.1)";"ассортимент для озеленения Москвы, категория «магистрали и улицы»; без инвазивных видов ППМ 369-ПП";пешеходная дорожка / тротуар;1.11;0.5;"СП 42.13330.2016, п. 9.6, табл. 9.1; ППМ 743-ПП, табл. 3.6.1"
tree_path_corridor_081_001;посажено;tree;Вяз гибридный Резиста;NEW_TREE;22.661;34.001;14720.778;-954.286;Линейная посадка (живая изгородь/ряд вдоль полосы);07_nizhnie_polya;"Линейная посадка (живая изгородь/ряд вдоль полосы) — по аналогии с проектом «07_nizhnie_polya»; ближайшее ограничение — пешеходная дорожка / тротуар: 1.9 м при норме 0.7 м (СП 42.13330.2016, п. 9.6, табл. 9.1; ППМ 743-ПП, табл. 3.6.1)";"ассортимент для озеленения Москвы, категория «магистрали и улицы»; без инвазивных видов ППМ 369-ПП";пешеходная дорожка / тротуар;1.89;0.7;"СП 42.13330.2016, п. 9.6, табл. 9.1; ППМ 743-ПП, табл. 3.6.1"
bush_path_corridor_081_001;посажено;bush;Спирея березолистная;NEW_BUSH;30.879;40.537;14728.995;-947.75;Линейная посадка (живая изгородь/ряд вдоль полосы);07_nizhnie_polya;"Линейная посадка (живая изгородь/ряд вдоль полосы) — по аналогии с проектом «07_nizhnie_polya»; ближайшее ограничение — воздушная ЛЭП: 2.3 м при норме 2.0 м (охранная зона по чертежу (отступ зоны))";"ассортимент для озеленения Москвы, категория «магистрали и улицы»; без инвазивных видов ППМ 369-ПП";воздушная ЛЭП;2.33;2.0;охранная зона по чертежу (отступ зоны)
bush_path_corridor_081_002;посажено;bush;Спирея березолистная;NEW_BUSH;29.783;39.666;14727.9;-948.621;Линейная посадка (живая изгородь/ряд вдоль полосы);07_nizhnie_polya;"Линейная посадка (живая изгородь/ряд вдоль полосы) — по аналогии с проектом «07_nizhnie_polya»; ближайшее ограничение — воздушная ЛЭП: 3.0 м при норме 2.0 м (охранная зона по чертежу (отступ зоны))";"ассортимент для озеленения Москвы, категория «магистрали и улицы»; без инвазивных видов ППМ 369-ПП";воздушная ЛЭП;2.96;2.0;охранная зона по чертежу (отступ зоны)
bush_path_corridor_081_003;посажено;bush;Спирея березолистная;NEW_BUSH;28.687;38.794;14726.804;-949.493;Линейная посадка (живая изгородь/ряд вдоль полосы);07_nizhnie_polya;"Линейная посадка (живая изгородь/ряд вдоль полосы) — по аналогии с проектом «07_nizhnie_polya»; ближайшее ограничение — пешеходная дорожка / тротуар: 1.8 м при норме 0.5 м (СП 42.13330.2016, п. 9.6, табл. 9.1; ППМ 743-ПП, табл. 3.6.1)";"ассортимент для озеленения Москвы, категория «магистрали и улицы»; без инвазивных видов ППМ 369-ПП";пешеходная дорожка / тротуар;1.75;0.5;"СП 42.13330.2016, п. 9.6, табл. 9.1; ППМ 743-ПП, табл. 3.6.1"
bush_path_corridor_081_004;посажено;bush;Спирея березолистная;NEW_BUSH;27.592;37.923;14725.708;-950.364;Линейная посадка (живая изгородь/ряд вдоль полосы);07_nizhnie_polya;"Линейная посадка (живая изгородь/ряд вдоль полосы) — по аналогии с проектом «07_nizhnie_polya»; ближайшее ограничение — пешеходная дорожка / тротуар: 1.8 м при норме 0.5 м (СП 42.13330.2016, п. 9.6, табл. 9.1; ППМ 743-ПП, табл. 3.6.1)";"ассортимент для озеленения Москвы, категория «магистрали и улицы»; без инвазивных видов ППМ 369-ПП";пешеходная дорожка / тротуар;1.78;0.5;"СП 42.13330.2016, п. 9.6, табл. 9.1; ППМ 743-ПП, табл. 3.6.1"
bush_path_corridor_081_005;посажено;bush;Спирея березолистная;NEW_BUSH;26.496;37.051;14724.613;-951.236;Линейная посадка (живая изгородь/ряд вдоль полосы);07_nizhnie_polya;"Линейная посадка (живая изгородь/ряд вдоль полосы) — по аналогии с проектом «07_nizhnie_polya»; ближайшее ограничение — пешеходная дорожка / тротуар: 1.8 м при норме 0.5 м (СП 42.13330.2016, п. 9.6, табл. 9.1; ППМ 743-ПП, табл. 3.6.1)";"ассортимент для озеленения Москвы, категория «магистрали и улицы»; без инвазивных видов ППМ 369-ПП";пешеходная дорожка / тротуар;1.8;0.5;"СП 42.13330.2016, п. 9.6, табл. 9.1; ППМ 743-ПП, табл. 3.6.1"
bush_path_corridor_081_006;посажено;bush;Спирея березолистная;NEW_BUSH;25.4;36.18;14723.517;-952.107;Линейная посадка (живая изгородь/ряд вдоль полосы);07_nizhnie_polya;"Линейная посадка (живая изгородь/ряд вдоль полосы) — по аналогии с проектом «07_nizhnie_polya»; ближайшее ограничение — пешеходная дорожка / тротуар: 1.8 м при норме 0.5 м (СП 42.13330.2016, п. 9.6, табл. 9.1; ППМ 743-ПП, табл. 3.6.1)";"ассортимент для озеленения Москвы, категория «магистрали и улицы»; без инвазивных видов ППМ 369-ПП";пешеходная дорожка / тротуар;1.83;0.5;"СП 42.13330.2016, п. 9.6, табл. 9.1; ППМ 743-ПП, табл. 3.6.1"
bush_path_corridor_081_007;посажено;bush;Спирея березолистная;NEW_BUSH;24.305;35.308;14722.421;-952.979;Линейная посадка (живая изгородь/ряд вдоль полосы);07_nizhnie_polya;"Линейная посадка (живая изгородь/ряд вдоль полосы) — по аналогии с проектом «07_nizhnie_polya»; ближайшее ограничение — пешеходная дорожка / тротуар: 1.9 м при норме 0.5 м (СП 42.13330.2016, п. 9.6, табл. 9.1; ППМ 743-ПП, табл. 3.6.1)";"ассортимент для озеленения Москвы, категория «магистрали и улицы»; без инвазивных видов ППМ 369-ПП";пешеходная дорожка / тротуар;1.85;0.5;"СП 42.13330.2016, п. 9.6, табл. 9.1; ППМ 743-ПП, табл. 3.6.1"
bush_path_corridor_081_008;посажено;bush;Спирея березолистная;NEW_BUSH;21.018;32.694;14719.134;-955.593;Линейная посадка (живая изгородь/ряд вдоль полосы);07_nizhnie_polya;"Линейная посадка (живая изгородь/ряд вдоль полосы) — по аналогии с проектом «07_nizhnie_polya»; ближайшее ограничение — пешеходная дорожка / тротуар: 1.9 м при норме 0.5 м (СП 42.13330.2016, п. 9.6, табл. 9.1; ППМ 743-ПП, табл. 3.6.1)";"ассортимент для озеленения Москвы, категория «магистрали и улицы»; без инвазивных видов ППМ 369-ПП";пешеходная дорожка / тротуар;1.93;0.5;"СП 42.13330.2016, п. 9.6, табл. 9.1; ППМ 743-ПП, табл. 3.6.1"
bush_path_corridor_081_009;посажено;bush;Спирея березолистная;NEW_BUSH;19.922;31.823;14718.039;-956.465;Линейная посадка (живая изгородь/ряд вдоль полосы);07_nizhnie_polya;"Линейная посадка (живая изгородь/ряд вдоль полосы) — по аналогии с проектом «07_nizhnie_polya»; ближайшее ограничение — пешеходная дорожка / тротуар: 2.0 м при норме 0.5 м (СП 42.13330.2016, п. 9.6, табл. 9.1; ППМ 743-ПП, табл. 3.6.1)";"ассортимент для озеленения Москвы, категория «магистрали и улицы»; без инвазивных видов ППМ 369-ПП";пешеходная дорожка / тротуар;1.96;0.5;"СП 42.13330.2016, п. 9.6, табл. 9.1; ППМ 743-ПП, табл. 3.6.1"
bush_path_corridor_081_010;посажено;bush;Спирея березолистная;NEW_BUSH;18.826;30.951;14716.943;-957.336;Линейная посадка (живая изгородь/ряд вдоль полосы);07_nizhnie_polya;"Линейная посадка (живая изгородь/ряд вдоль полосы) — по аналогии с проектом «07_nizhnie_polya»; ближайшее ограничение — пешеходная дорожка / тротуар: 2.0 м при норме 0.5 м (СП 42.13330.2016, п. 9.6, табл. 9.1; ППМ 743-ПП, табл. 3.6.1)";"ассортимент для озеленения Москвы, категория «магистрали и улицы»; без инвазивных видов ППМ 369-ПП";пешеходная дорожка / тротуар;1.98;0.5;"СП 42.13330.2016, п. 9.6, табл. 9.1; ППМ 743-ПП, табл. 3.6.1"
bush_path_corridor_081_011;посажено;bush;Спирея березолистная;NEW_BUSH;17.731;30.08;14715.847;-958.208;Линейная посадка (живая изгородь/ряд вдоль полосы);07_nizhnie_polya;"Линейная посадка (живая изгородь/ряд вдоль полосы) — по аналогии с проектом «07_nizhnie_polya»; ближайшее ограничение — пешеходная дорожка / тротуар: 2.0 м при норме 0.5 м (СП 42.13330.2016, п. 9.6, табл. 9.1; ППМ 743-ПП, табл. 3.6.1)";"ассортимент для озеленения Москвы, категория «магистрали и улицы»; без инвазивных видов ППМ 369-ПП";пешеходная дорожка / тротуар;2.03;0.5;"СП 42.13330.2016, п. 9.6, табл. 9.1; ППМ 743-ПП, табл. 3.6.1"
bush_path_corridor_081_012;посажено;bush;Спирея березолистная;NEW_BUSH;16.635;29.208;14714.752;-959.079;Линейная посадка (живая изгородь/ряд вдоль полосы);07_nizhnie_polya;"Линейная посадка (живая изгородь/ряд вдоль полосы) — по аналогии с проектом «07_nizhnie_polya»; ближайшее ограничение — пешеходная дорожка / тротуар: 2.0 м при норме 0.5 м (СП 42.13330.2016, п. 9.6, табл. 9.1; ППМ 743-ПП, табл. 3.6.1)";"ассортимент для озеленения Москвы, категория «магистрали и улицы»; без инвазивных видов ППМ 369-ПП";пешеходная дорожка / тротуар;2.04;0.5;"СП 42.13330.2016, п. 9.6, табл. 9.1; ППМ 743-ПП, табл. 3.6.1"
bush_path_corridor_081_013;посажено;bush;Спирея березолистная;NEW_BUSH;15.539;28.337;14713.656;-959.951;Линейная посадка (живая изгородь/ряд вдоль полосы);07_nizhnie_polya;"Линейная посадка (живая изгородь/ряд вдоль полосы) — по аналогии с проектом «07_nizhnie_polya»; ближайшее ограничение — пешеходная дорожка / тротуар: 2.1 м при норме 0.5 м (СП 42.13330.2016, п. 9.6, табл. 9.1; ППМ 743-ПП, табл. 3.6.1)";"ассортимент для озеленения Москвы, категория «магистрали и улицы»; без инвазивных видов ППМ 369-ПП";пешеходная дорожка / тротуар;2.06;0.5;"СП 42.13330.2016, п. 9.6, табл. 9.1; ППМ 743-ПП, табл. 3.6.1"
bush_path_corridor_081_014;посажено;bush;Спирея березолистная;NEW_BUSH;14.443;27.465;14712.56;-960.822;Линейная посадка (живая изгородь/ряд вдоль полосы);07_nizhnie_polya;"Линейная посадка (живая изгородь/ряд вдоль полосы) — по аналогии с проектом «07_nizhnie_polya»; ближайшее ограничение — пешеходная дорожка / тротуар: 2.1 м при норме 0.5 м (СП 42.13330.2016, п. 9.6, табл. 9.1; ППМ 743-ПП, табл. 3.6.1)";"ассортимент для озеленения Москвы, категория «магистрали и улицы»; без инвазивных видов ППМ 369-ПП";пешеходная дорожка / тротуар;2.09;0.5;"СП 42.13330.2016, п. 9.6, табл. 9.1; ППМ 743-ПП, табл. 3.6.1"
tree_path_corridor_082_001;посажено;tree;Вяз гибридный Резиста;NEW_TREE;128.075;113.419;14826.192;-874.868;Линейная посадка (живая изгородь/ряд вдоль полосы);07_nizhnie_polya;"Линейная посадка (живая изгородь/ряд вдоль полосы) — по аналогии с проектом «07_nizhnie_polya»; ближайшее ограничение — пешеходная дорожка / тротуар: 1.6 м при норме 0.7 м (СП 42.13330.2016, п. 9.6, табл. 9.1; ППМ 743-ПП, табл. 3.6.1)";"ассортимент для озеленения Москвы, категория «магистрали и улицы»; без инвазивных видов ППМ 369-ПП";пешеходная дорожка / тротуар;1.56;0.7;"СП 42.13330.2016, п. 9.6, табл. 9.1; ППМ 743-ПП, табл. 3.6.1"
tree_path_corridor_082_002;посажено;tree;Вяз гибридный Резиста;NEW_TREE;118.333;106.586;14816.449;-881.702;Линейная посадка (живая изгородь/ряд вдоль полосы);07_nizhnie_polya;"Линейная посадка (живая изгородь/ряд вдоль полосы) — по аналогии с проектом «07_nizhnie_polya»; ближайшее ограничение — пешеходная дорожка / тротуар: 1.6 м при норме 0.7 м (СП 42.13330.2016, п. 9.6, табл. 9.1; ППМ 743-ПП, табл. 3.6.1)";"ассортимент для озеленения Москвы, категория «магистрали и улицы»; без инвазивных видов ППМ 369-ПП";пешеходная дорожка / тротуар;1.57;0.7;"СП 42.13330.2016, п. 9.6, табл. 9.1; ППМ 743-ПП, табл. 3.6.1"
bush_path_corridor_082_001;посажено;bush;Спирея березолистная;NEW_BUSH;133.519;117.238;14831.636;-871.05;Линейная посадка (живая изгородь/ряд вдоль полосы);07_nizhnie_polya;"Линейная посадка (живая изгородь/ряд вдоль полосы) — по аналогии с проектом «07_nizhnie_polya»; ближайшее ограничение — воздушная ЛЭП: 2.7 м при норме 2.0 м (охранная зона по чертежу (отступ зоны))";"ассортимент для озеленения Москвы, категория «магистрали и улицы»; без инвазивных видов ППМ 369-ПП";воздушная ЛЭП;2.71;2.0;охранная зона по чертежу (отступ зоны)
bush_path_corridor_082_002;посажено;bush;Спирея березолистная;NEW_BUSH;132.373;116.434;14830.49;-871.854;Линейная посадка (живая изгородь/ряд вдоль полосы);07_nizhnie_polya;"Линейная посадка (живая изгородь/ряд вдоль полосы) — по аналогии с проектом «07_nizhnie_polya»; ближайшее ограничение — пешеходная дорожка / тротуар: 1.4 м при норме 0.5 м (СП 42.13330.2016, п. 9.6, табл. 9.1; ППМ 743-ПП, табл. 3.6.1)";"ассортимент для озеленения Москвы, категория «магистрали и улицы»; без инвазивных видов ППМ 369-ПП";пешеходная дорожка / тротуар;1.44;0.5;"СП 42.13330.2016, п. 9.6, табл. 9.1; ППМ 743-ПП, табл. 3.6.1"
bush_path_corridor_082_003;посажено;bush;Спирея березолистная;NEW_BUSH;131.227;115.63;14829.344;-872.657;Линейная посадка (живая изгородь/ряд вдоль полосы);07_nizhnie_polya;"Линейная посадка (живая изгородь/ряд вдоль полосы) — по аналогии с проектом «07_nizhnie_polya»; ближайшее ограничение — пешеходная дорожка / тротуар: 1.5 м при норме 0.5 м (СП 42.13330.2016, п. 9.6, табл. 9.1; ППМ 743-ПП, табл. 3.6.1)";"ассортимент для озеленения Москвы, категория «магистрали и улицы»; без инвазивных видов ППМ 369-ПП";пешеходная дорожка / тротуар;1.47;0.5;"СП 42.13330.2016, п. 9.6, табл. 9.1; ППМ 743-ПП, табл. 3.6.1"
bush_path_corridor_082_004;посажено;bush;Спирея березолистная;NEW_BUSH;130.081;114.826;14828.197;-873.461;Линейная посадка (живая изгородь/ряд вдоль полосы);07_nizhnie_polya;"Линейная посадка (живая изгородь/ряд вдоль полосы) — по аналогии с проектом «07_nizhnie_polya»; ближайшее ограничение — пешеходная дорожка / тротуар: 1.5 м при норме 0.5 м (СП 42.13330.2016, п. 9.6, табл. 9.1; ППМ 743-ПП, табл. 3.6.1)";"ассортимент для озеленения Москвы, категория «магистрали и улицы»; без инвазивных видов ППМ 369-ПП";пешеходная дорожка / тротуар;1.51;0.5;"СП 42.13330.2016, п. 9.6, табл. 9.1; ППМ 743-ПП, табл. 3.6.1"
bush_path_corridor_082_005;посажено;bush;Спирея березолистная;NEW_BUSH;128.935;114.022;14827.051;-874.265;Линейная посадка (живая изгородь/ряд вдоль полосы);07_nizhnie_polya;"Линейная посадка (живая изгородь/ряд вдоль полосы) — по аналогии с проектом «07_nizhnie_polya»; ближайшее ограничение — пешеходная дорожка / тротуар: 1.5 м при норме 0.5 м (СП 42.13330.2016, п. 9.6, табл. 9.1; ППМ 743-ПП, табл. 3.6.1)";"ассортимент для озеленения Москвы, категория «магистрали и улицы»; без инвазивных видов ППМ 369-ПП";пешеходная дорожка / тротуар;1.54;0.5;"СП 42.13330.2016, п. 9.6, табл. 9.1; ППМ 743-ПП, табл. 3.6.1"
bush_path_corridor_082_006;посажено;bush;Спирея березолистная;NEW_BUSH;126.642;112.414;14824.759;-875.873;Линейная посадка (живая изгородь/ряд вдоль полосы);07_nizhnie_polya;"Линейная посадка (живая изгородь/ряд вдоль полосы) — по аналогии с проектом «07_nizhnie_polya»; ближайшее ограничение — пешеходная дорожка / тротуар: 1.6 м при норме 0.5 м (СП 42.13330.2016, п. 9.6, табл. 9.1; ППМ 743-ПП, табл. 3.6.1)";"ассортимент для озеленения Москвы, категория «магистрали и улицы»; без инвазивных видов ППМ 369-ПП";пешеходная дорожка / тротуар;1.57;0.5;"СП 42.13330.2016, п. 9.6, табл. 9.1; ППМ 743-ПП, табл. 3.6.1"
bush_path_corridor_082_007;посажено;bush;Спирея березолистная;NEW_BUSH;125.496;111.61;14823.613;-876.677;Линейная посадка (живая изгородь/ряд вдоль полосы);07_nizhnie_polya;"Линейная посадка (живая изгородь/ряд вдоль полосы) — по аналогии с проектом «07_nizhnie_polya»; ближайшее ограничение — пешеходная дорожка / тротуар: 1.6 м при норме 0.5 м (СП 42.13330.2016, п. 9.6, табл. 9.1; ППМ 743-ПП, табл. 3.6.1)";"ассортимент для озеленения Москвы, категория «магистрали и улицы»; без инвазивных видов ППМ 369-ПП";пешеходная дорожка / тротуар;1.57;0.5;"СП 42.13330.2016, п. 9.6, табл. 9.1; ППМ 743-ПП, табл. 3.6.1"
bush_path_corridor_082_008;посажено;bush;Спирея березолистная;NEW_BUSH;124.35;110.806;14822.467;-877.481;Линейная посадка (живая изгородь/ряд вдоль полосы);07_nizhnie_polya;"Линейная посадка (живая изгородь/ряд вдоль полосы) — по аналогии с проектом «07_nizhnie_polya»; ближайшее ограничение — пешеходная дорожка / тротуар: 1.6 м при норме 0.5 м (СП 42.13330.2016, п. 9.6, табл. 9.1; ППМ 743-ПП, табл. 3.6.1)";"ассортимент для озеленения Москвы, категория «магистрали и улицы»; без инвазивных видов ППМ 369-ПП";пешеходная дорожка / тротуар;1.58;0.5;"СП 42.13330.2016, п. 9.6, табл. 9.1; ППМ 743-ПП, табл. 3.6.1"
bush_path_corridor_082_009;посажено;bush;Спирея березолистная;NEW_BUSH;123.204;110.002;14821.321;-878.285;Линейная посадка (живая изгородь/ряд вдоль полосы);07_nizhnie_polya;"Линейная посадка (живая изгородь/ряд вдоль полосы) — по аналогии с проектом «07_nizhnie_polya»; ближайшее ограничение — пешеходная дорожка / тротуар: 1.6 м при норме 0.5 м (СП 42.13330.2016, п. 9.6, табл. 9.1; ППМ 743-ПП, табл. 3.6.1)";"ассортимент для озеленения Москвы, категория «магистрали и улицы»; без инвазивных видов ППМ 369-ПП";пешеходная дорожка / тротуар;1.59;0.5;"СП 42.13330.2016, п. 9.6, табл. 9.1; ППМ 743-ПП, табл. 3.6.1"
bush_path_corridor_082_010;посажено;bush;Спирея березолистная;NEW_BUSH;122.058;109.198;14820.174;-879.089;Линейная посадка (живая изгородь/ряд вдоль полосы);07_nizhnie_polya;"Линейная посадка (живая изгородь/ряд вдоль полосы) — по аналогии с проектом «07_nizhnie_polya»; ближайшее ограничение — пешеходная дорожка / тротуар: 1.6 м при норме 0.5 м (СП 42.13330.2016, п. 9.6, табл. 9.1; ППМ 743-ПП, табл. 3.6.1)";"ассортимент для озеленения Москвы, категория «магистрали и улицы»; без инвазивных видов ППМ 369-ПП";пешеходная дорожка / тротуар;1.6;0.5;"СП 42.13330.2016, п. 9.6, табл. 9.1; ППМ 743-ПП, табл. 3.6.1"
bush_path_corridor_082_011;посажено;bush;Спирея березолистная;NEW_BUSH;120.911;108.394;14819.028;-879.893;Линейная посадка (живая изгородь/ряд вдоль полосы);07_nizhnie_polya;"Линейная посадка (живая изгородь/ряд вдоль полосы) — по аналогии с проектом «07_nizhnie_polya»; ближайшее ограничение — пешеходная дорожка / тротуар: 1.6 м при норме 0.5 м (СП 42.13330.2016, п. 9.6, табл. 9.1; ППМ 743-ПП, табл. 3.6.1)";"ассортимент для озеленения Москвы, категория «магистрали и улицы»; без инвазивных видов ППМ 369-ПП";пешеходная дорожка / тротуар;1.6;0.5;"СП 42.13330.2016, п. 9.6, табл. 9.1; ППМ 743-ПП, табл. 3.6.1"
bush_path_corridor_082_012;посажено;bush;Спирея березолистная;NEW_BUSH;119.765;107.591;14817.882;-880.697;Линейная посадка (живая изгородь/ряд вдоль полосы);07_nizhnie_polya;"Линейная посадка (живая изгородь/ряд вдоль полосы) — по аналогии с проектом «07_nizhnie_polya»; ближайшее ограничение — пешеходная дорожка / тротуар: 1.6 м при норме 0.5 м (СП 42.13330.2016, п. 9.6, табл. 9.1; ППМ 743-ПП, табл. 3.6.1)";"ассортимент для озеленения Москвы, категория «магистрали и улицы»; без инвазивных видов ППМ 369-ПП";пешеходная дорожка / тротуар;1.59;0.5;"СП 42.13330.2016, п. 9.6, табл. 9.1; ППМ 743-ПП, табл. 3.6.1"
bush_path_corridor_082_013;посажено;bush;Спирея березолистная;NEW_BUSH;117.473;105.983;14815.59;-882.305;Линейная посадка (живая изгородь/ряд вдоль полосы);07_nizhnie_polya;"Линейная посадка (живая изгородь/ряд вдоль полосы) — по аналогии с проектом «07_nizhnie_polya»; ближайшее ограничение — пешеходная дорожка / тротуар: 1.6 м при норме 0.5 м (СП 42.13330.2016, п. 9.6, табл. 9.1; ППМ 743-ПП, табл. 3.6.1)";"ассортимент для озеленения Москвы, категория «магистрали и улицы»; без инвазивных видов ППМ 369-ПП";пешеходная дорожка / тротуар;1.55;0.5;"СП 42.13330.2016, п. 9.6, табл. 9.1; ППМ 743-ПП, табл. 3.6.1"
bush_path_corridor_082_014;посажено;bush;Спирея березолистная;NEW_BUSH;116.327;105.179;14814.444;-883.109;Линейная посадка (живая изгородь/ряд вдоль полосы);07_nizhnie_polya;"Линейная посадка (живая изгородь/ряд вдоль полосы) — по аналогии с проектом «07_nizhnie_polya»; ближайшее ограничение — пешеходная дорожка / тротуар: 1.5 м при норме 0.5 м (СП 42.13330.2016, п. 9.6, табл. 9.1; ППМ 743-ПП, табл. 3.6.1)";"ассортимент для озеленения Москвы, категория «магистрали и улицы»; без инвазивных видов ППМ 369-ПП";пешеходная дорожка / тротуар;1.53;0.5;"СП 42.13330.2016, п. 9.6, табл. 9.1; ППМ 743-ПП, табл. 3.6.1"
bush_path_corridor_082_015;посажено;bush;Спирея березолистная;NEW_BUSH;114.034;103.571;14812.151;-884.717;Линейная посадка (живая изгородь/ряд вдоль полосы);07_nizhnie_polya;"Линейная посадка (живая изгородь/ряд вдоль полосы) — по аналогии с проектом «07_nizhnie_polya»; ближайшее ограничение — пешеходная дорожка / тротуар: 1.5 м при норме 0.5 м (СП 42.13330.2016, п. 9.6, табл. 9.1; ППМ 743-ПП, табл. 3.6.1)";"ассортимент для озеленения Москвы, категория «магистрали и улицы»; без инвазивных видов ППМ 369-ПП";пешеходная дорожка / тротуар;1.49;0.5;"СП 42.13330.2016, п. 9.6, табл. 9.1; ППМ 743-ПП, табл. 3.6.1"
bush_path_corridor_082_016;посажено;bush;Спирея березолистная;NEW_BUSH;112.888;102.767;14811.005;-885.521;Линейная посадка (живая изгородь/ряд вдоль полосы);07_nizhnie_polya;"Линейная посадка (живая изгородь/ряд вдоль полосы) — по аналогии с проектом «07_nizhnie_polya»; ближайшее ограничение — пешеходная дорожка / тротуар: 1.5 м при норме 0.5 м (СП 42.13330.2016, п. 9.6, табл. 9.1; ППМ 743-ПП, табл. 3.6.1)";"ассортимент для озеленения Москвы, категория «магистрали и улицы»; без инвазивных видов ППМ 369-ПП";пешеходная дорожка / тротуар;1.47;0.5;"СП 42.13330.2016, п. 9.6, табл. 9.1; ППМ 743-ПП, табл. 3.6.1"
bush_path_corridor_083_001;посажено;bush;Спирея березолистная;NEW_BUSH;103.898;96.231;14802.015;-892.057;Линейная посадка (живая изгородь/ряд вдоль полосы);07_nizhnie_polya;"Линейная посадка (живая изгородь/ряд вдоль полосы) — по аналогии с проектом «07_nizhnie_polya»; ближайшее ограничение — пешеходная дорожка / тротуар: 1.4 м при норме 0.5 м (СП 42.13330.2016, п. 9.6, табл. 9.1; ППМ 743-ПП, табл. 3.6.1)";"ассортимент для озеленения Москвы, категория «магистрали и улицы»; без инвазивных видов ППМ 369-ПП";пешеходная дорожка / тротуар;1.38;0.5;"СП 42.13330.2016, п. 9.6, табл. 9.1; ППМ 743-ПП, табл. 3.6.1"
bush_path_corridor_083_002;посажено;bush;Спирея березолистная;NEW_BUSH;102.749;95.431;14800.866;-892.856;Линейная посадка (живая изгородь/ряд вдоль полосы);07_nizhnie_polya;"Линейная посадка (живая изгородь/ряд вдоль полосы) — по аналогии с проектом «07_nizhnie_polya»; ближайшее ограничение — пешеходная дорожка / тротуар: 1.3 м при норме 0.5 м (СП 42.13330.2016, п. 9.6, табл. 9.1; ППМ 743-ПП, табл. 3.6.1)";"ассортимент для озеленения Москвы, категория «магистрали и улицы»; без инвазивных видов ППМ 369-ПП";пешеходная дорожка / тротуар;1.34;0.5;"СП 42.13330.2016, п. 9.6, табл. 9.1; ППМ 743-ПП, табл. 3.6.1"
bush_path_corridor_083_003;посажено;bush;Спирея березолистная;NEW_BUSH;99.302;93.032;14797.418;-895.255;Линейная посадка (живая изгородь/ряд вдоль полосы);07_nizhnie_polya;"Линейная посадка (живая изгородь/ряд вдоль полосы) — по аналогии с проектом «07_nizhnie_polya»; ближайшее ограничение — пешеходная дорожка / тротуар: 1.2 м при норме 0.5 м (СП 42.13330.2016, п. 9.6, табл. 9.1; ППМ 743-ПП, табл. 3.6.1)";"ассортимент для озеленения Москвы, категория «магистрали и улицы»; без инвазивных видов ППМ 369-ПП";пешеходная дорожка / тротуар;1.22;0.5;"СП 42.13330.2016, п. 9.6, табл. 9.1; ППМ 743-ПП, табл. 3.6.1"
bush_path_corridor_083_004;посажено;bush;Спирея березолистная;NEW_BUSH;98.152;92.232;14796.269;-896.055;Линейная посадка (живая изгородь/ряд вдоль полосы);07_nizhnie_polya;"Линейная посадка (живая изгородь/ряд вдоль полосы) — по аналогии с проектом «07_nizhnie_polya»; ближайшее ограничение — пешеходная дорожка / тротуар: 1.2 м при норме 0.5 м (СП 42.13330.2016, п. 9.6, табл. 9.1; ППМ 743-ПП, табл. 3.6.1)";"ассортимент для озеленения Москвы, категория «магистрали и улицы»; без инвазивных видов ППМ 369-ПП";пешеходная дорожка / тротуар;1.18;0.5;"СП 42.13330.2016, п. 9.6, табл. 9.1; ППМ 743-ПП, табл. 3.6.1"
bush_path_corridor_083_005;посажено;bush;Спирея березолистная;NEW_BUSH;97.003;91.433;14795.12;-896.855;Линейная посадка (живая изгородь/ряд вдоль полосы);07_nizhnie_polya;"Линейная посадка (живая изгородь/ряд вдоль полосы) — по аналогии с проектом «07_nizhnie_polya»; ближайшее ограничение — пешеходная дорожка / тротуар: 1.1 м при норме 0.5 м (СП 42.13330.2016, п. 9.6, табл. 9.1; ППМ 743-ПП, табл. 3.6.1)";"ассортимент для озеленения Москвы, категория «магистрали и улицы»; без инвазивных видов ППМ 369-ПП";пешеходная дорожка / тротуар;1.14;0.5;"СП 42.13330.2016, п. 9.6, табл. 9.1; ППМ 743-ПП, табл. 3.6.1"
bush_path_corridor_083_006;посажено;bush;Спирея березолистная;NEW_BUSH;95.854;90.633;14793.971;-897.654;Линейная посадка (живая изгородь/ряд вдоль полосы);07_nizhnie_polya;"Линейная посадка (живая изгородь/ряд вдоль полосы) — по аналогии с проектом «07_nizhnie_polya»; ближайшее ограничение — пешеходная дорожка / тротуар: 1.1 м при норме 0.5 м (СП 42.13330.2016, п. 9.6, табл. 9.1; ППМ 743-ПП, табл. 3.6.1)";"ассортимент для озеленения Москвы, категория «магистрали и улицы»; без инвазивных видов ППМ 369-ПП";пешеходная дорожка / тротуар;1.09;0.5;"СП 42.13330.2016, п. 9.6, табл. 9.1; ППМ 743-ПП, табл. 3.6.1"
bush_path_corridor_083_007;посажено;bush;Спирея березолистная;NEW_BUSH;94.705;89.833;14792.822;-898.454;Линейная посадка (живая изгородь/ряд вдоль полосы);07_nizhnie_polya;"Линейная посадка (живая изгородь/ряд вдоль полосы) — по аналогии с проектом «07_nizhnie_polya»; ближайшее ограничение — пешеходная дорожка / тротуар: 1.1 м при норме 0.5 м (СП 42.13330.2016, п. 9.6, табл. 9.1; ППМ 743-ПП, табл. 3.6.1)";"ассортимент для озеленения Москвы, категория «магистрали и улицы»; без инвазивных видов ППМ 369-ПП";пешеходная дорожка / тротуар;1.05;0.5;"СП 42.13330.2016, п. 9.6, табл. 9.1; ППМ 743-ПП, табл. 3.6.1"
bush_path_corridor_083_008;посажено;bush;Спирея березолистная;NEW_BUSH;93.556;89.034;14791.673;-899.254;Линейная посадка (живая изгородь/ряд вдоль полосы);07_nizhnie_polya;"Линейная посадка (живая изгородь/ряд вдоль полосы) — по аналогии с проектом «07_nizhnie_polya»; ближайшее ограничение — пешеходная дорожка / тротуар: 1.0 м при норме 0.5 м (СП 42.13330.2016, п. 9.6, табл. 9.1; ППМ 743-ПП, табл. 3.6.1)";"ассортимент для озеленения Москвы, категория «магистрали и улицы»; без инвазивных видов ППМ 369-ПП";пешеходная дорожка / тротуар;1.01;0.5;"СП 42.13330.2016, п. 9.6, табл. 9.1; ППМ 743-ПП, табл. 3.6.1"
bush_path_corridor_083_009;посажено;bush;Спирея березолистная;NEW_BUSH;92.407;88.234;14790.524;-900.053;Линейная посадка (живая изгородь/ряд вдоль полосы);07_nizhnie_polya;"Линейная посадка (живая изгородь/ряд вдоль полосы) — по аналогии с проектом «07_nizhnie_polya»; ближайшее ограничение — пешеходная дорожка / тротуар: 1.0 м при норме 0.5 м (СП 42.13330.2016, п. 9.6, табл. 9.1; ППМ 743-ПП, табл. 3.6.1)";"ассортимент для озеленения Москвы, категория «магистрали и улицы»; без инвазивных видов ППМ 369-ПП";пешеходная дорожка / тротуар;0.97;0.5;"СП 42.13330.2016, п. 9.6, табл. 9.1; ППМ 743-ПП, табл. 3.6.1"
bush_path_corridor_083_010;посажено;bush;Спирея березолистная;NEW_BUSH;90.109;86.635;14788.225;-901.653;Линейная посадка (живая изгородь/ряд вдоль полосы);07_nizhnie_polya;"Линейная посадка (живая изгородь/ряд вдоль полосы) — по аналогии с проектом «07_nizhnie_polya»; ближайшее ограничение — пешеходная дорожка / тротуар: 0.9 м при норме 0.5 м (СП 42.13330.2016, п. 9.6, табл. 9.1; ППМ 743-ПП, табл. 3.6.1)";"ассортимент для озеленения Москвы, категория «магистрали и улицы»; без инвазивных видов ППМ 369-ПП";пешеходная дорожка / тротуар;0.89;0.5;"СП 42.13330.2016, п. 9.6, табл. 9.1; ППМ 743-ПП, табл. 3.6.1"
bush_path_corridor_083_011;посажено;bush;Спирея березолистная;NEW_BUSH;88.959;85.835;14787.076;-902.453;Линейная посадка (живая изгородь/ряд вдоль полосы);07_nizhnie_polya;"Линейная посадка (живая изгородь/ряд вдоль полосы) — по аналогии с проектом «07_nizhnie_polya»; ближайшее ограничение — пешеходная дорожка / тротуар: 0.8 м при норме 0.5 м (СП 42.13330.2016, п. 9.6, табл. 9.1; ППМ 743-ПП, табл. 3.6.1)";"ассортимент для озеленения Москвы, категория «магистрали и улицы»; без инвазивных видов ППМ 369-ПП";пешеходная дорожка / тротуар;0.85;0.5;"СП 42.13330.2016, п. 9.6, табл. 9.1; ППМ 743-ПП, табл. 3.6.1"
bush_path_corridor_084_001;посажено;bush;Спирея березолистная;NEW_BUSH;21.734;129.125;14719.85;-859.162;Линейная посадка (живая изгородь/ряд вдоль полосы);07_nizhnie_polya;"Линейная посадка (живая изгородь/ряд вдоль полосы) — по аналогии с проектом «07_nizhnie_polya»; ближайшее ограничение — пешеходная дорожка / тротуар: 1.9 м при норме 0.5 м (СП 42.13330.2016, п. 9.6, табл. 9.1; ППМ 743-ПП, табл. 3.6.1)";"ассортимент для озеленения Москвы, категория «магистрали и улицы»; без инвазивных видов ППМ 369-ПП";пешеходная дорожка / тротуар;1.85;0.5;"СП 42.13330.2016, п. 9.6, табл. 9.1; ППМ 743-ПП, табл. 3.6.1"
bush_path_corridor_084_002;посажено;bush;Спирея березолистная;NEW_BUSH;19.461;127.49;14717.578;-860.797;Линейная посадка (живая изгородь/ряд вдоль полосы);07_nizhnie_polya;"Линейная посадка (живая изгородь/ряд вдоль полосы) — по аналогии с проектом «07_nizhnie_polya»; ближайшее ограничение — пешеходная дорожка / тротуар: 1.9 м при норме 0.5 м (СП 42.13330.2016, п. 9.6, табл. 9.1; ППМ 743-ПП, табл. 3.6.1)";"ассортимент для озеленения Москвы, категория «магистрали и улицы»; без инвазивных видов ППМ 369-ПП";пешеходная дорожка / тротуар;1.85;0.5;"СП 42.13330.2016, п. 9.6, табл. 9.1; ППМ 743-ПП, табл. 3.6.1"
tree_path_corridor_085_001;посажено;tree;Вяз гибридный Резиста;NEW_TREE;186.873;150.394;14884.989;-837.894;Линейная посадка (живая изгородь/ряд вдоль полосы);07_nizhnie_polya;"Линейная посадка (живая изгородь/ряд вдоль полосы) — по аналогии с проектом «07_nizhnie_polya»; ближайшее ограничение — проезжая часть: 3.0 м при норме 2.0 м (СП 42.13330.2016, п. 9.6, табл. 9.1; ППМ 743-ПП, табл. 3.6.1)";"ассортимент для озеленения Москвы, категория «магистрали и улицы»; без инвазивных видов ППМ 369-ПП";проезжая часть;3.02;2.0;"СП 42.13330.2016, п. 9.6, табл. 9.1; ППМ 743-ПП, табл. 3.6.1"
tree_path_corridor_087_001;посажено;tree;Вяз гибридный Резиста;NEW_TREE;113.299;169.091;14811.415;-819.197;Линейная посадка (живая изгородь/ряд вдоль полосы);07_nizhnie_polya;"Линейная посадка (живая изгородь/ряд вдоль полосы) — по аналогии с проектом «07_nizhnie_polya»; ближайшее ограничение — проезжая часть: 4.0 м при норме 2.0 м (СП 42.13330.2016, п. 9.6, табл. 9.1; ППМ 743-ПП, табл. 3.6.1)";"ассортимент для озеленения Москвы, категория «магистрали и улицы»; без инвазивных видов ППМ 369-ПП";проезжая часть;3.97;2.0;"СП 42.13330.2016, п. 9.6, табл. 9.1; ППМ 743-ПП, табл. 3.6.1"
bush_path_corridor_089_001;посажено;bush;Спирея березолистная;NEW_BUSH;181.45;181.035;14879.567;-807.253;Линейная посадка (живая изгородь/ряд вдоль полосы);07_nizhnie_polya;"Линейная посадка (живая изгородь/ряд вдоль полосы) — по аналогии с проектом «07_nizhnie_polya»; ближайшее ограничение — пешеходная дорожка / тротуар: 1.4 м при норме 0.5 м (СП 42.13330.2016, п. 9.6, табл. 9.1; ППМ 743-ПП, табл. 3.6.1)";"ассортимент для озеленения Москвы, категория «магистрали и улицы»; без инвазивных видов ППМ 369-ПП";пешеходная дорожка / тротуар;1.4;0.5;"СП 42.13330.2016, п. 9.6, табл. 9.1; ППМ 743-ПП, табл. 3.6.1"
bush_path_corridor_089_002;посажено;bush;Спирея березолистная;NEW_BUSH;185.254;182.815;14883.371;-805.473;Линейная посадка (живая изгородь/ряд вдоль полосы);07_nizhnie_polya;"Линейная посадка (живая изгородь/ряд вдоль полосы) — по аналогии с проектом «07_nizhnie_polya»; ближайшее ограничение — пешеходная дорожка / тротуар: 1.6 м при норме 0.5 м (СП 42.13330.2016, п. 9.6, табл. 9.1; ППМ 743-ПП, табл. 3.6.1)";"ассортимент для озеленения Москвы, категория «магистрали и улицы»; без инвазивных видов ППМ 369-ПП";пешеходная дорожка / тротуар;1.57;0.5;"СП 42.13330.2016, п. 9.6, табл. 9.1; ППМ 743-ПП, табл. 3.6.1"
bush_path_corridor_089_003;посажено;bush;Спирея березолистная;NEW_BUSH;186.522;183.408;14884.639;-804.879;Линейная посадка (живая изгородь/ряд вдоль полосы);07_nizhnie_polya;"Линейная посадка (живая изгородь/ряд вдоль полосы) — по аналогии с проектом «07_nizhnie_polya»; ближайшее ограничение — пешеходная дорожка / тротуар: 1.6 м при норме 0.5 м (СП 42.13330.2016, п. 9.6, табл. 9.1; ППМ 743-ПП, табл. 3.6.1)";"ассортимент для озеленения Москвы, категория «магистрали и улицы»; без инвазивных видов ППМ 369-ПП";пешеходная дорожка / тротуар;1.58;0.5;"СП 42.13330.2016, п. 9.6, табл. 9.1; ППМ 743-ПП, табл. 3.6.1"
bush_path_corridor_090_001;посажено;bush;Спирея березолистная;NEW_BUSH;136.64;180.894;14834.757;-807.394;Линейная посадка (живая изгородь/ряд вдоль полосы);07_nizhnie_polya;"Линейная посадка (живая изгородь/ряд вдоль полосы) — по аналогии с проектом «07_nizhnie_polya»; ближайшее ограничение — пешеходная дорожка / тротуар: 1.1 м при норме 0.5 м (СП 42.13330.2016, п. 9.6, табл. 9.1; ППМ 743-ПП, табл. 3.6.1)";"ассортимент для озеленения Москвы, категория «магистрали и улицы»; без инвазивных видов ППМ 369-ПП";пешеходная дорожка / тротуар;1.05;0.5;"СП 42.13330.2016, п. 9.6, табл. 9.1; ППМ 743-ПП, табл. 3.6.1"
tree_path_corridor_092_001;посажено;tree;Вяз гибридный Резиста;NEW_TREE;194.872;187.225;14892.989;-801.063;Линейная посадка (живая изгородь/ряд вдоль полосы);07_nizhnie_polya;"Линейная посадка (живая изгородь/ряд вдоль полосы) — по аналогии с проектом «07_nizhnie_polya»; ближайшее ограничение — пешеходная дорожка / тротуар: 1.5 м при норме 0.7 м (СП 42.13330.2016, п. 9.6, табл. 9.1; ППМ 743-ПП, табл. 3.6.1)";"ассортимент для озеленения Москвы, категория «магистрали и улицы»; без инвазивных видов ППМ 369-ПП";пешеходная дорожка / тротуар;1.54;0.7;"СП 42.13330.2016, п. 9.6, табл. 9.1; ППМ 743-ПП, табл. 3.6.1"
bush_path_corridor_092_001;посажено;bush;Спирея березолистная;NEW_BUSH;196.14;187.818;14894.257;-800.469;Линейная посадка (живая изгородь/ряд вдоль полосы);07_nizhnie_polya;"Линейная посадка (живая изгородь/ряд вдоль полосы) — по аналогии с проектом «07_nizhnie_polya»; ближайшее ограничение — пешеходная дорожка / тротуар: 1.6 м при норме 0.5 м (СП 42.13330.2016, п. 9.6, табл. 9.1; ППМ 743-ПП, табл. 3.6.1)";"ассортимент для озеленения Москвы, категория «магистрали и улицы»; без инвазивных видов ППМ 369-ПП";пешеходная дорожка / тротуар;1.55;0.5;"СП 42.13330.2016, п. 9.6, табл. 9.1; ППМ 743-ПП, табл. 3.6.1"
bush_path_corridor_092_002;посажено;bush;Спирея березолистная;NEW_BUSH;197.408;188.411;14895.525;-799.876;Линейная посадка (живая изгородь/ряд вдоль полосы);07_nizhnie_polya;"Линейная посадка (живая изгородь/ряд вдоль полосы) — по аналогии с проектом «07_nizhnie_polya»; ближайшее ограничение — пешеходная дорожка / тротуар: 1.6 м при норме 0.5 м (СП 42.13330.2016, п. 9.6, табл. 9.1; ППМ 743-ПП, табл. 3.6.1)";"ассортимент для озеленения Москвы, категория «магистрали и улицы»; без инвазивных видов ППМ 369-ПП";пешеходная дорожка / тротуар;1.55;0.5;"СП 42.13330.2016, п. 9.6, табл. 9.1; ППМ 743-ПП, табл. 3.6.1"
tree_path_corridor_094_001;посажено;tree;Вяз гибридный Резиста;NEW_TREE;237.759;207.089;14935.876;-781.198;Линейная посадка (живая изгородь/ряд вдоль полосы);07_nizhnie_polya;"Линейная посадка (живая изгородь/ряд вдоль полосы) — по аналогии с проектом «07_nizhnie_polya»; ближайшее ограничение — пешеходная дорожка / тротуар: 1.6 м при норме 0.7 м (СП 42.13330.2016, п. 9.6, табл. 9.1; ППМ 743-ПП, табл. 3.6.1)";"ассортимент для озеленения Москвы, категория «магистрали и улицы»; без инвазивных видов ППМ 369-ПП";пешеходная дорожка / тротуар;1.58;0.7;"СП 42.13330.2016, п. 9.6, табл. 9.1; ППМ 743-ПП, табл. 3.6.1"
bush_path_corridor_094_001;посажено;bush;Спирея березолистная;NEW_BUSH;232.687;204.715;14930.804;-783.572;Линейная посадка (живая изгородь/ряд вдоль полосы);07_nizhnie_polya;"Линейная посадка (живая изгородь/ряд вдоль полосы) — по аналогии с проектом «07_nizhnie_polya»; ближайшее ограничение — воздушная ЛЭП: 2.4 м при норме 2.0 м (охранная зона по чертежу (отступ зоны))";"ассортимент для озеленения Москвы, категория «магистрали и улицы»; без инвазивных видов ППМ 369-ПП";воздушная ЛЭП;2.35;2.0;охранная зона по чертежу (отступ зоны)
bush_path_corridor_094_002;посажено;bush;Спирея березолистная;NEW_BUSH;233.955;205.309;14932.072;-782.979;Линейная посадка (живая изгородь/ряд вдоль полосы);07_nizhnie_polya;"Линейная посадка (живая изгородь/ряд вдоль полосы) — по аналогии с проектом «07_nizhnie_polya»; ближайшее ограничение — воздушная ЛЭП: 2.8 м при норме 2.0 м (охранная зона по чертежу (отступ зоны))";"ассортимент для озеленения Москвы, категория «магистрали и улицы»; без инвазивных видов ППМ 369-ПП";воздушная ЛЭП;2.82;2.0;охранная зона по чертежу (отступ зоны)
bush_path_corridor_094_003;посажено;bush;Спирея березолистная;NEW_BUSH;235.223;205.902;14933.34;-782.385;Линейная посадка (живая изгородь/ряд вдоль полосы);07_nizhnie_polya;"Линейная посадка (живая изгородь/ряд вдоль полосы) — по аналогии с проектом «07_nizhnie_polya»; ближайшее ограничение — пешеходная дорожка / тротуар: 1.6 м при норме 0.5 м (СП 42.13330.2016, п. 9.6, табл. 9.1; ППМ 743-ПП, табл. 3.6.1)";"ассортимент для озеленения Москвы, категория «магистрали и улицы»; без инвазивных видов ППМ 369-ПП";пешеходная дорожка / тротуар;1.56;0.5;"СП 42.13330.2016, п. 9.6, табл. 9.1; ППМ 743-ПП, табл. 3.6.1"
bush_path_corridor_094_004;посажено;bush;Спирея березолистная;NEW_BUSH;236.491;206.496;14934.608;-781.792;Линейная посадка (живая изгородь/ряд вдоль полосы);07_nizhnie_polya;"Линейная посадка (живая изгородь/ряд вдоль полосы) — по аналогии с проектом «07_nizhnie_polya»; ближайшее ограничение — пешеходная дорожка / тротуар: 1.6 м при норме 0.5 м (СП 42.13330.2016, п. 9.6, табл. 9.1; ППМ 743-ПП, табл. 3.6.1)";"ассортимент для озеленения Москвы, категория «магистрали и улицы»; без инвазивных видов ППМ 369-ПП";пешеходная дорожка / тротуар;1.57;0.5;"СП 42.13330.2016, п. 9.6, табл. 9.1; ППМ 743-ПП, табл. 3.6.1"
bush_path_corridor_094_005;посажено;bush;Спирея березолистная;NEW_BUSH;239.027;207.682;14937.144;-780.605;Линейная посадка (живая изгородь/ряд вдоль полосы);07_nizhnie_polya;"Линейная посадка (живая изгородь/ряд вдоль полосы) — по аналогии с проектом «07_nizhnie_polya»; ближайшее ограничение — пешеходная дорожка / тротуар: 1.6 м при норме 0.5 м (СП 42.13330.2016, п. 9.6, табл. 9.1; ППМ 743-ПП, табл. 3.6.1)";"ассортимент для озеленения Москвы, категория «магистрали и улицы»; без инвазивных видов ППМ 369-ПП";пешеходная дорожка / тротуар;1.58;0.5;"СП 42.13330.2016, п. 9.6, табл. 9.1; ППМ 743-ПП, табл. 3.6.1"
bush_path_corridor_094_006;посажено;bush;Спирея березолистная;NEW_BUSH;240.295;208.276;14938.412;-780.012;Линейная посадка (живая изгородь/ряд вдоль полосы);07_nizhnie_polya;"Линейная посадка (живая изгородь/ряд вдоль полосы) — по аналогии с проектом «07_nizhnie_polya»; ближайшее ограничение — пешеходная дорожка / тротуар: 1.6 м при норме 0.5 м (СП 42.13330.2016, п. 9.6, табл. 9.1; ППМ 743-ПП, табл. 3.6.1)";"ассортимент для озеленения Москвы, категория «магистрали и улицы»; без инвазивных видов ППМ 369-ПП";пешеходная дорожка / тротуар;1.59;0.5;"СП 42.13330.2016, п. 9.6, табл. 9.1; ППМ 743-ПП, табл. 3.6.1"
bush_path_corridor_094_007;посажено;bush;Спирея березолистная;NEW_BUSH;241.563;208.869;14939.68;-779.418;Линейная посадка (живая изгородь/ряд вдоль полосы);07_nizhnie_polya;"Линейная посадка (живая изгородь/ряд вдоль полосы) — по аналогии с проектом «07_nizhnie_polya»; ближайшее ограничение — пешеходная дорожка / тротуар: 1.6 м при норме 0.5 м (СП 42.13330.2016, п. 9.6, табл. 9.1; ППМ 743-ПП, табл. 3.6.1)";"ассортимент для озеленения Москвы, категория «магистрали и улицы»; без инвазивных видов ППМ 369-ПП";пешеходная дорожка / тротуар;1.6;0.5;"СП 42.13330.2016, п. 9.6, табл. 9.1; ППМ 743-ПП, табл. 3.6.1"
bush_path_corridor_094_008;посажено;bush;Спирея березолистная;NEW_BUSH;242.831;209.463;14940.948;-778.825;Линейная посадка (живая изгородь/ряд вдоль полосы);07_nizhnie_polya;"Линейная посадка (живая изгородь/ряд вдоль полосы) — по аналогии с проектом «07_nizhnie_polya»; ближайшее ограничение — пешеходная дорожка / тротуар: 1.6 м при норме 0.5 м (СП 42.13330.2016, п. 9.6, табл. 9.1; ППМ 743-ПП, табл. 3.6.1)";"ассортимент для озеленения Москвы, категория «магистрали и улицы»; без инвазивных видов ППМ 369-ПП";пешеходная дорожка / тротуар;1.6;0.5;"СП 42.13330.2016, п. 9.6, табл. 9.1; ППМ 743-ПП, табл. 3.6.1"
bush_path_corridor_096_001;посажено;bush;Спирея березолистная;NEW_BUSH;502.032;192.035;15200.149;-796.252;Линейная посадка (живая изгородь/ряд вдоль полосы);07_nizhnie_polya;"Линейная посадка (живая изгородь/ряд вдоль полосы) — по аналогии с проектом «07_nizhnie_polya»; ближайшее ограничение — пешеходная дорожка / тротуар: 1.4 м при норме 0.5 м (СП 42.13330.2016, п. 9.6, табл. 9.1; ППМ 743-ПП, табл. 3.6.1)";"ассортимент для озеленения Москвы, категория «магистрали и улицы»; без инвазивных видов ППМ 369-ПП";пешеходная дорожка / тротуар;1.35;0.5;"СП 42.13330.2016, п. 9.6, табл. 9.1; ППМ 743-ПП, табл. 3.6.1"
bush_path_corridor_096_002;посажено;bush;Спирея березолистная;NEW_BUSH;503.431;192.093;15201.548;-796.195;Линейная посадка (живая изгородь/ряд вдоль полосы);07_nizhnie_polya;"Линейная посадка (живая изгородь/ряд вдоль полосы) — по аналогии с проектом «07_nizhnie_polya»; ближайшее ограничение — пешеходная дорожка / тротуар: 1.3 м при норме 0.5 м (СП 42.13330.2016, п. 9.6, табл. 9.1; ППМ 743-ПП, табл. 3.6.1)";"ассортимент для озеленения Москвы, категория «магистрали и улицы»; без инвазивных видов ППМ 369-ПП";пешеходная дорожка / тротуар;1.26;0.5;"СП 42.13330.2016, п. 9.6, табл. 9.1; ППМ 743-ПП, табл. 3.6.1"
bush_path_corridor_096_003;посажено;bush;Спирея березолистная;NEW_BUSH;504.83;192.15;15202.947;-796.137;Линейная посадка (живая изгородь/ряд вдоль полосы);07_nizhnie_polya;"Линейная посадка (живая изгородь/ряд вдоль полосы) — по аналогии с проектом «07_nizhnie_polya»; ближайшее ограничение — пешеходная дорожка / тротуар: 1.2 м при норме 0.5 м (СП 42.13330.2016, п. 9.6, табл. 9.1; ППМ 743-ПП, табл. 3.6.1)";"ассортимент для озеленения Москвы, категория «магистрали и улицы»; без инвазивных видов ППМ 369-ПП";пешеходная дорожка / тротуар;1.17;0.5;"СП 42.13330.2016, п. 9.6, табл. 9.1; ППМ 743-ПП, табл. 3.6.1"
bush_path_corridor_096_004;посажено;bush;Спирея березолистная;NEW_BUSH;506.229;192.207;15204.346;-796.08;Линейная посадка (живая изгородь/ряд вдоль полосы);07_nizhnie_polya;"Линейная посадка (живая изгородь/ряд вдоль полосы) — по аналогии с проектом «07_nizhnie_polya»; ближайшее ограничение — пешеходная дорожка / тротуар: 1.1 м при норме 0.5 м (СП 42.13330.2016, п. 9.6, табл. 9.1; ППМ 743-ПП, табл. 3.6.1)";"ассортимент для озеленения Москвы, категория «магистрали и улицы»; без инвазивных видов ППМ 369-ПП";пешеходная дорожка / тротуар;1.09;0.5;"СП 42.13330.2016, п. 9.6, табл. 9.1; ППМ 743-ПП, табл. 3.6.1"
bush_path_corridor_097_001;посажено;bush;Спирея березолистная;NEW_BUSH;300.74;212.148;14998.857;-776.14;Линейная посадка (живая изгородь/ряд вдоль полосы);07_nizhnie_polya;"Линейная посадка (живая изгородь/ряд вдоль полосы) — по аналогии с проектом «07_nizhnie_polya»; ближайшее ограничение — пешеходная дорожка / тротуар: 1.4 м при норме 0.5 м (СП 42.13330.2016, п. 9.6, табл. 9.1; ППМ 743-ПП, табл. 3.6.1)";"ассортимент для озеленения Москвы, категория «магистрали и улицы»; без инвазивных видов ППМ 369-ПП";пешеходная дорожка / тротуар;1.37;0.5;"СП 42.13330.2016, п. 9.6, табл. 9.1; ППМ 743-ПП, табл. 3.6.1"
bush_path_corridor_097_002;посажено;bush;Спирея березолистная;NEW_BUSH;301.988;212.783;15000.105;-775.505;Линейная посадка (живая изгородь/ряд вдоль полосы);07_nizhnie_polya;"Линейная посадка (живая изгородь/ряд вдоль полосы) — по аналогии с проектом «07_nizhnie_polya»; ближайшее ограничение — пешеходная дорожка / тротуар: 1.4 м при норме 0.5 м (СП 42.13330.2016, п. 9.6, табл. 9.1; ППМ 743-ПП, табл. 3.6.1)";"ассортимент для озеленения Москвы, категория «магистрали и улицы»; без инвазивных видов ППМ 369-ПП";пешеходная дорожка / тротуар;1.39;0.5;"СП 42.13330.2016, п. 9.6, табл. 9.1; ППМ 743-ПП, табл. 3.6.1"
tree_path_corridor_098_001;посажено;tree;Вяз гибридный Резиста;NEW_TREE;281.884;203.101;14980.001;-785.187;Линейная посадка (живая изгородь/ряд вдоль полосы);07_nizhnie_polya;"Линейная посадка (живая изгородь/ряд вдоль полосы) — по аналогии с проектом «07_nizhnie_polya»; ближайшее ограничение — пешеходная дорожка / тротуар: 1.4 м при норме 0.7 м (СП 42.13330.2016, п. 9.6, табл. 9.1; ППМ 743-ПП, табл. 3.6.1)";"ассортимент для озеленения Москвы, категория «магистрали и улицы»; без инвазивных видов ППМ 369-ПП";пешеходная дорожка / тротуар;1.43;0.7;"СП 42.13330.2016, п. 9.6, табл. 9.1; ППМ 743-ПП, табл. 3.6.1"
bush_path_corridor_098_001;посажено;bush;Спирея березолистная;NEW_BUSH;286.305;205.216;14984.421;-783.072;Линейная посадка (живая изгородь/ряд вдоль полосы);07_nizhnie_polya;"Линейная посадка (живая изгородь/ряд вдоль полосы) — по аналогии с проектом «07_nizhnie_polya»; ближайшее ограничение — воздушная ЛЭП: 2.7 м при норме 2.0 м (охранная зона по чертежу (отступ зоны))";"ассортимент для озеленения Москвы, категория «магистрали и улицы»; без инвазивных видов ППМ 369-ПП";воздушная ЛЭП;2.7;2.0;охранная зона по чертежу (отступ зоны)
bush_path_corridor_098_002;посажено;bush;Спирея березолистная;NEW_BUSH;285.042;204.612;14983.158;-783.676;Линейная посадка (живая изгородь/ряд вдоль полосы);07_nizhnie_polya;"Линейная посадка (живая изгородь/ряд вдоль полосы) — по аналогии с проектом «07_nizhnie_polya»; ближайшее ограничение — пешеходная дорожка / тротуар: 1.4 м при норме 0.5 м (СП 42.13330.2016, п. 9.6, табл. 9.1; ППМ 743-ПП, табл. 3.6.1)";"ассортимент для озеленения Москвы, категория «магистрали и улицы»; без инвазивных видов ППМ 369-ПП";пешеходная дорожка / тротуар;1.39;0.5;"СП 42.13330.2016, п. 9.6, табл. 9.1; ППМ 743-ПП, табл. 3.6.1"
bush_path_corridor_098_003;посажено;bush;Спирея березолистная;NEW_BUSH;283.779;204.007;14981.896;-784.28;Линейная посадка (живая изгородь/ряд вдоль полосы);07_nizhnie_polya;"Линейная посадка (живая изгородь/ряд вдоль полосы) — по аналогии с проектом «07_nizhnie_polya»; ближайшее ограничение — пешеходная дорожка / тротуар: 1.4 м при норме 0.5 м (СП 42.13330.2016, п. 9.6, табл. 9.1; ППМ 743-ПП, табл. 3.6.1)";"ассортимент для озеленения Москвы, категория «магистрали и улицы»; без инвазивных видов ППМ 369-ПП";пешеходная дорожка / тротуар;1.41;0.5;"СП 42.13330.2016, п. 9.6, табл. 9.1; ППМ 743-ПП, табл. 3.6.1"
bush_path_corridor_098_004;посажено;bush;Спирея березолистная;NEW_BUSH;279.99;202.194;14978.107;-786.093;Линейная посадка (живая изгородь/ряд вдоль полосы);07_nizhnie_polya;"Линейная посадка (живая изгородь/ряд вдоль полосы) — по аналогии с проектом «07_nizhnie_polya»; ближайшее ограничение — пешеходная дорожка / тротуар: 1.5 м при норме 0.5 м (СП 42.13330.2016, п. 9.6, табл. 9.1; ППМ 743-ПП, табл. 3.6.1)";"ассортимент для озеленения Москвы, категория «магистрали и улицы»; без инвазивных видов ППМ 369-ПП";пешеходная дорожка / тротуар;1.46;0.5;"СП 42.13330.2016, п. 9.6, табл. 9.1; ППМ 743-ПП, табл. 3.6.1"
bush_path_corridor_098_005;посажено;bush;Спирея березолистная;NEW_BUSH;278.727;201.59;14976.844;-786.697;Линейная посадка (живая изгородь/ряд вдоль полосы);07_nizhnie_polya;"Линейная посадка (живая изгородь/ряд вдоль полосы) — по аналогии с проектом «07_nizhnie_polya»; ближайшее ограничение — пешеходная дорожка / тротуар: 1.5 м при норме 0.5 м (СП 42.13330.2016, п. 9.6, табл. 9.1; ППМ 743-ПП, табл. 3.6.1)";"ассортимент для озеленения Москвы, категория «магистрали и улицы»; без инвазивных видов ППМ 369-ПП";пешеходная дорожка / тротуар;1.47;0.5;"СП 42.13330.2016, п. 9.6, табл. 9.1; ППМ 743-ПП, табл. 3.6.1"
bush_path_corridor_098_006;посажено;bush;Спирея березолистная;NEW_BUSH;277.464;200.986;14975.581;-787.301;Линейная посадка (живая изгородь/ряд вдоль полосы);07_nizhnie_polya;"Линейная посадка (живая изгородь/ряд вдоль полосы) — по аналогии с проектом «07_nizhnie_polya»; ближайшее ограничение — пешеходная дорожка / тротуар: 1.5 м при норме 0.5 м (СП 42.13330.2016, п. 9.6, табл. 9.1; ППМ 743-ПП, табл. 3.6.1)";"ассортимент для озеленения Москвы, категория «магистрали и улицы»; без инвазивных видов ППМ 369-ПП";пешеходная дорожка / тротуар;1.47;0.5;"СП 42.13330.2016, п. 9.6, табл. 9.1; ППМ 743-ПП, табл. 3.6.1"
bush_path_corridor_099_001;посажено;bush;Спирея березолистная;NEW_BUSH;337.472;229.26;15035.589;-759.027;Линейная посадка (живая изгородь/ряд вдоль полосы);07_nizhnie_polya;"Линейная посадка (живая изгородь/ряд вдоль полосы) — по аналогии с проектом «07_nizhnie_polya»; ближайшее ограничение — пешеходная дорожка / тротуар: 1.6 м при норме 0.5 м (СП 42.13330.2016, п. 9.6, табл. 9.1; ППМ 743-ПП, табл. 3.6.1)";"ассортимент для озеленения Москвы, категория «магистрали и улицы»; без инвазивных видов ППМ 369-ПП";пешеходная дорожка / тротуар;1.61;0.5;"СП 42.13330.2016, п. 9.6, табл. 9.1; ППМ 743-ПП, табл. 3.6.1"
bush_path_corridor_099_002;посажено;bush;Спирея березолистная;NEW_BUSH;334.889;228.179;15033.006;-760.108;Линейная посадка (живая изгородь/ряд вдоль полосы);07_nizhnie_polya;"Линейная посадка (живая изгородь/ряд вдоль полосы) — по аналогии с проектом «07_nizhnie_polya»; ближайшее ограничение — пешеходная дорожка / тротуар: 1.5 м при норме 0.5 м (СП 42.13330.2016, п. 9.6, табл. 9.1; ППМ 743-ПП, табл. 3.6.1)";"ассортимент для озеленения Москвы, категория «магистрали и улицы»; без инвазивных видов ППМ 369-ПП";пешеходная дорожка / тротуар;1.51;0.5;"СП 42.13330.2016, п. 9.6, табл. 9.1; ППМ 743-ПП, табл. 3.6.1"
bush_path_corridor_099_003;посажено;bush;Спирея березолистная;NEW_BUSH;328.432;225.477;15026.548;-762.81;Линейная посадка (живая изгородь/ряд вдоль полосы);07_nizhnie_polya;"Линейная посадка (живая изгородь/ряд вдоль полосы) — по аналогии с проектом «07_nizhnie_polya»; ближайшее ограничение — пешеходная дорожка / тротуар: 1.3 м при норме 0.5 м (СП 42.13330.2016, п. 9.6, табл. 9.1; ППМ 743-ПП, табл. 3.6.1)";"ассортимент для озеленения Москвы, категория «магистрали и улицы»; без инвазивных видов ППМ 369-ПП";пешеходная дорожка / тротуар;1.33;0.5;"СП 42.13330.2016, п. 9.6, табл. 9.1; ППМ 743-ПП, табл. 3.6.1"
tree_path_corridor_100_001;посажено;tree;Вяз гибридный Резиста;NEW_TREE;260.129;217.555;14958.246;-770.733;Линейная посадка (живая изгородь/ряд вдоль полосы);07_nizhnie_polya;"Линейная посадка (живая изгородь/ряд вдоль полосы) — по аналогии с проектом «07_nizhnie_polya»; ближайшее ограничение — пешеходная дорожка / тротуар: 1.7 м при норме 0.7 м (СП 42.13330.2016, п. 9.6, табл. 9.1; ППМ 743-ПП, табл. 3.6.1)";"ассортимент для озеленения Москвы, категория «магистрали и улицы»; без инвазивных видов ППМ 369-ПП";пешеходная дорожка / тротуар;1.69;0.7;"СП 42.13330.2016, п. 9.6, табл. 9.1; ППМ 743-ПП, табл. 3.6.1"
bush_path_corridor_100_001;посажено;bush;Спирея березолистная;NEW_BUSH;267.754;221.079;14965.871;-767.208;Линейная посадка (живая изгородь/ряд вдоль полосы);07_nizhnie_polya;"Линейная посадка (живая изгородь/ряд вдоль полосы) — по аналогии с проектом «07_nizhnie_polya»; ближайшее ограничение — воздушная ЛЭП: 2.9 м при норме 2.0 м (охранная зона по чертежу (отступ зоны))";"ассортимент для озеленения Москвы, категория «магистрали и улицы»; без инвазивных видов ППМ 369-ПП";воздушная ЛЭП;2.91;2.0;охранная зона по чертежу (отступ зоны)
bush_path_corridor_100_002;посажено;bush;Спирея березолистная;NEW_BUSH;266.483;220.492;14964.6;-767.796;Линейная посадка (живая изгородь/ряд вдоль полосы);07_nizhnie_polya;"Линейная посадка (живая изгородь/ряд вдоль полосы) — по аналогии с проектом «07_nizhnie_polya»; ближайшее ограничение — пешеходная дорожка / тротуар: 1.7 м при норме 0.5 м (СП 42.13330.2016, п. 9.6, табл. 9.1; ППМ 743-ПП, табл. 3.6.1)";"ассортимент для озеленения Москвы, категория «магистрали и улицы»; без инвазивных видов ППМ 369-ПП";пешеходная дорожка / тротуар;1.69;0.5;"СП 42.13330.2016, п. 9.6, табл. 9.1; ППМ 743-ПП, табл. 3.6.1"
bush_path_corridor_100_003;посажено;bush;Спирея березолистная;NEW_BUSH;265.213;219.904;14963.329;-768.383;Линейная посадка (живая изгородь/ряд вдоль полосы);07_nizhnie_polya;"Линейная посадка (живая изгородь/ряд вдоль полосы) — по аналогии с проектом «07_nizhnie_polya»; ближайшее ограничение — пешеходная дорожка / тротуар: 1.7 м при норме 0.5 м (СП 42.13330.2016, п. 9.6, табл. 9.1; ППМ 743-ПП, табл. 3.6.1)";"ассортимент для озеленения Москвы, категория «магистрали и улицы»; без инвазивных видов ППМ 369-ПП";пешеходная дорожка / тротуар;1.73;0.5;"СП 42.13330.2016, п. 9.6, табл. 9.1; ППМ 743-ПП, табл. 3.6.1"
bush_path_corridor_100_004;посажено;bush;Спирея березолистная;NEW_BUSH;263.942;219.317;14962.059;-768.97;Линейная посадка (живая изгородь/ряд вдоль полосы);07_nizhnie_polya;"Линейная посадка (живая изгородь/ряд вдоль полосы) — по аналогии с проектом «07_nizhnie_polya»; ближайшее ограничение — пешеходная дорожка / тротуар: 1.7 м при норме 0.5 м (СП 42.13330.2016, п. 9.6, табл. 9.1; ППМ 743-ПП, табл. 3.6.1)";"ассортимент для озеленения Москвы, категория «магистрали и улицы»; без инвазивных видов ППМ 369-ПП";пешеходная дорожка / тротуар;1.69;0.5;"СП 42.13330.2016, п. 9.6, табл. 9.1; ППМ 743-ПП, табл. 3.6.1"
bush_path_corridor_100_005;посажено;bush;Спирея березолистная;NEW_BUSH;262.671;218.73;14960.788;-769.558;Линейная посадка (живая изгородь/ряд вдоль полосы);07_nizhnie_polya;"Линейная посадка (живая изгородь/ряд вдоль полосы) — по аналогии с проектом «07_nizhnie_polya»; ближайшее ограничение — пешеходная дорожка / тротуар: 1.7 м при норме 0.5 м (СП 42.13330.2016, п. 9.6, табл. 9.1; ППМ 743-ПП, табл. 3.6.1)";"ассортимент для озеленения Москвы, категория «магистрали и улицы»; без инвазивных видов ППМ 369-ПП";пешеходная дорожка / тротуар;1.69;0.5;"СП 42.13330.2016, п. 9.6, табл. 9.1; ППМ 743-ПП, табл. 3.6.1"
bush_path_corridor_100_006;посажено;bush;Спирея березолистная;NEW_BUSH;261.4;218.142;14959.517;-770.145;Линейная посадка (живая изгородь/ряд вдоль полосы);07_nizhnie_polya;"Линейная посадка (живая изгородь/ряд вдоль полосы) — по аналогии с проектом «07_nizhnie_polya»; ближайшее ограничение — пешеходная дорожка / тротуар: 1.7 м при норме 0.5 м (СП 42.13330.2016, п. 9.6, табл. 9.1; ППМ 743-ПП, табл. 3.6.1)";"ассортимент для озеленения Москвы, категория «магистрали и улицы»; без инвазивных видов ППМ 369-ПП";пешеходная дорожка / тротуар;1.69;0.5;"СП 42.13330.2016, п. 9.6, табл. 9.1; ППМ 743-ПП, табл. 3.6.1"
bush_path_corridor_100_007;посажено;bush;Спирея березолистная;NEW_BUSH;258.858;216.967;14956.975;-771.32;Линейная посадка (живая изгородь/ряд вдоль полосы);07_nizhnie_polya;"Линейная посадка (живая изгородь/ряд вдоль полосы) — по аналогии с проектом «07_nizhnie_polya»; ближайшее ограничение — пешеходная дорожка / тротуар: 1.7 м при норме 0.5 м (СП 42.13330.2016, п. 9.6, табл. 9.1; ППМ 743-ПП, табл. 3.6.1)";"ассортимент для озеленения Москвы, категория «магистрали и улицы»; без инвазивных видов ППМ 369-ПП";пешеходная дорожка / тротуар;1.69;0.5;"СП 42.13330.2016, п. 9.6, табл. 9.1; ППМ 743-ПП, табл. 3.6.1"
bush_path_corridor_100_008;посажено;bush;Спирея березолистная;NEW_BUSH;257.588;216.38;14955.704;-771.907;Линейная посадка (живая изгородь/ряд вдоль полосы);07_nizhnie_polya;"Линейная посадка (живая изгородь/ряд вдоль полосы) — по аналогии с проектом «07_nizhnie_polya»; ближайшее ограничение — пешеходная дорожка / тротуар: 1.7 м при норме 0.5 м (СП 42.13330.2016, п. 9.6, табл. 9.1; ППМ 743-ПП, табл. 3.6.1)";"ассортимент для озеленения Москвы, категория «магистрали и улицы»; без инвазивных видов ППМ 369-ПП";пешеходная дорожка / тротуар;1.69;0.5;"СП 42.13330.2016, п. 9.6, табл. 9.1; ППМ 743-ПП, табл. 3.6.1"
bush_path_corridor_100_009;посажено;bush;Спирея березолистная;NEW_BUSH;256.317;215.793;14954.434;-772.495;Линейная посадка (живая изгородь/ряд вдоль полосы);07_nizhnie_polya;"Линейная посадка (живая изгородь/ряд вдоль полосы) — по аналогии с проектом «07_nizhnie_polya»; ближайшее ограничение — пешеходная дорожка / тротуар: 1.7 м при норме 0.5 м (СП 42.13330.2016, п. 9.6, табл. 9.1; ППМ 743-ПП, табл. 3.6.1)";"ассортимент для озеленения Москвы, категория «магистрали и улицы»; без инвазивных видов ППМ 369-ПП";пешеходная дорожка / тротуар;1.69;0.5;"СП 42.13330.2016, п. 9.6, табл. 9.1; ППМ 743-ПП, табл. 3.6.1"
bush_path_corridor_100_010;посажено;bush;Спирея березолистная;NEW_BUSH;255.046;215.205;14953.163;-773.082;Линейная посадка (живая изгородь/ряд вдоль полосы);07_nizhnie_polya;"Линейная посадка (живая изгородь/ряд вдоль полосы) — по аналогии с проектом «07_nizhnie_polya»; ближайшее ограничение — пешеходная дорожка / тротуар: 1.7 м при норме 0.5 м (СП 42.13330.2016, п. 9.6, табл. 9.1; ППМ 743-ПП, табл. 3.6.1)";"ассортимент для озеленения Москвы, категория «магистрали и улицы»; без инвазивных видов ППМ 369-ПП";пешеходная дорожка / тротуар;1.69;0.5;"СП 42.13330.2016, п. 9.6, табл. 9.1; ППМ 743-ПП, табл. 3.6.1"
bush_path_corridor_100_011;посажено;bush;Спирея березолистная;NEW_BUSH;253.775;214.618;14951.892;-773.669;Линейная посадка (живая изгородь/ряд вдоль полосы);07_nizhnie_polya;"Линейная посадка (живая изгородь/ряд вдоль полосы) — по аналогии с проектом «07_nizhnie_polya»; ближайшее ограничение — пешеходная дорожка / тротуар: 1.7 м при норме 0.5 м (СП 42.13330.2016, п. 9.6, табл. 9.1; ППМ 743-ПП, табл. 3.6.1)";"ассортимент для озеленения Москвы, категория «магистрали и улицы»; без инвазивных видов ППМ 369-ПП";пешеходная дорожка / тротуар;1.69;0.5;"СП 42.13330.2016, п. 9.6, табл. 9.1; ППМ 743-ПП, табл. 3.6.1"
bush_path_corridor_100_012;посажено;bush;Спирея березолистная;NEW_BUSH;252.504;214.031;14950.621;-774.257;Линейная посадка (живая изгородь/ряд вдоль полосы);07_nizhnie_polya;"Линейная посадка (живая изгородь/ряд вдоль полосы) — по аналогии с проектом «07_nizhnie_polya»; ближайшее ограничение — пешеходная дорожка / тротуар: 1.7 м при норме 0.5 м (СП 42.13330.2016, п. 9.6, табл. 9.1; ППМ 743-ПП, табл. 3.6.1)";"ассортимент для озеленения Москвы, категория «магистрали и улицы»; без инвазивных видов ППМ 369-ПП";пешеходная дорожка / тротуар;1.69;0.5;"СП 42.13330.2016, п. 9.6, табл. 9.1; ППМ 743-ПП, табл. 3.6.1"
tree_path_corridor_101_001;посажено;tree;Вяз гибридный Резиста;NEW_TREE;287.123;230.183;14985.24;-758.104;Линейная посадка (живая изгородь/ряд вдоль полосы);07_nizhnie_polya;"Линейная посадка (живая изгородь/ряд вдоль полосы) — по аналогии с проектом «07_nizhnie_polya»; ближайшее ограничение — пешеходная дорожка / тротуар: 1.8 м при норме 0.7 м (СП 42.13330.2016, п. 9.6, табл. 9.1; ППМ 743-ПП, табл. 3.6.1)";"ассортимент для озеленения Москвы, категория «магистрали и улицы»; без инвазивных видов ППМ 369-ПП";пешеходная дорожка / тротуар;1.83;0.7;"СП 42.13330.2016, п. 9.6, табл. 9.1; ППМ 743-ПП, табл. 3.6.1"
bush_path_corridor_101_001;посажено;bush;Спирея березолистная;NEW_BUSH;296.654;234.589;14994.771;-753.699;Линейная посадка (живая изгородь/ряд вдоль полосы);07_nizhnie_polya;"Линейная посадка (живая изгородь/ряд вдоль полосы) — по аналогии с проектом «07_nizhnie_polya»; ближайшее ограничение — пешеходная дорожка / тротуар: 1.8 м при норме 0.5 м (СП 42.13330.2016, п. 9.6, табл. 9.1; ППМ 743-ПП, табл. 3.6.1)";"ассортимент для озеленения Москвы, категория «магистрали и улицы»; без инвазивных видов ППМ 369-ПП";пешеходная дорожка / тротуар;1.83;0.5;"СП 42.13330.2016, п. 9.6, табл. 9.1; ППМ 743-ПП, табл. 3.6.1"
bush_path_corridor_101_002;посажено;bush;Спирея березолистная;NEW_BUSH;295.383;234.001;14993.5;-754.286;Линейная посадка (живая изгородь/ряд вдоль полосы);07_nizhnie_polya;"Линейная посадка (живая изгородь/ряд вдоль полосы) — по аналогии с проектом «07_nizhnie_polya»; ближайшее ограничение — пешеходная дорожка / тротуар: 1.8 м при норме 0.5 м (СП 42.13330.2016, п. 9.6, табл. 9.1; ППМ 743-ПП, табл. 3.6.1)";"ассортимент для озеленения Москвы, категория «магистрали и улицы»; без инвазивных видов ППМ 369-ПП";пешеходная дорожка / тротуар;1.83;0.5;"СП 42.13330.2016, п. 9.6, табл. 9.1; ППМ 743-ПП, табл. 3.6.1"
bush_path_corridor_101_003;посажено;bush;Спирея березолистная;NEW_BUSH;294.113;233.414;14992.229;-754.874;Линейная посадка (живая изгородь/ряд вдоль полосы);07_nizhnie_polya;"Линейная посадка (живая изгородь/ряд вдоль полосы) — по аналогии с проектом «07_nizhnie_polya»; ближайшее ограничение — пешеходная дорожка / тротуар: 1.8 м при норме 0.5 м (СП 42.13330.2016, п. 9.6, табл. 9.1; ППМ 743-ПП, табл. 3.6.1)";"ассортимент для озеленения Москвы, категория «магистрали и улицы»; без инвазивных видов ППМ 369-ПП";пешеходная дорожка / тротуар;1.83;0.5;"СП 42.13330.2016, п. 9.6, табл. 9.1; ППМ 743-ПП, табл. 3.6.1"
bush_path_corridor_101_004;посажено;bush;Спирея березолистная;NEW_BUSH;292.842;232.826;14990.958;-755.461;Линейная посадка (живая изгородь/ряд вдоль полосы);07_nizhnie_polya;"Линейная посадка (живая изгородь/ряд вдоль полосы) — по аналогии с проектом «07_nizhnie_polya»; ближайшее ограничение — пешеходная дорожка / тротуар: 1.8 м при норме 0.5 м (СП 42.13330.2016, п. 9.6, табл. 9.1; ППМ 743-ПП, табл. 3.6.1)";"ассортимент для озеленения Москвы, категория «магистрали и улицы»; без инвазивных видов ППМ 369-ПП";пешеходная дорожка / тротуар;1.83;0.5;"СП 42.13330.2016, п. 9.6, табл. 9.1; ППМ 743-ПП, табл. 3.6.1"
bush_path_corridor_101_005;посажено;bush;Спирея березолистная;NEW_BUSH;291.571;232.239;14989.688;-756.048;Линейная посадка (живая изгородь/ряд вдоль полосы);07_nizhnie_polya;"Линейная посадка (живая изгородь/ряд вдоль полосы) — по аналогии с проектом «07_nizhnie_polya»; ближайшее ограничение — пешеходная дорожка / тротуар: 1.8 м при норме 0.5 м (СП 42.13330.2016, п. 9.6, табл. 9.1; ППМ 743-ПП, табл. 3.6.1)";"ассортимент для озеленения Москвы, категория «магистрали и улицы»; без инвазивных видов ППМ 369-ПП";пешеходная дорожка / тротуар;1.83;0.5;"СП 42.13330.2016, п. 9.6, табл. 9.1; ППМ 743-ПП, табл. 3.6.1"
bush_path_corridor_101_006;посажено;bush;Спирея березолистная;NEW_BUSH;290.3;231.652;14988.417;-756.636;Линейная посадка (живая изгородь/ряд вдоль полосы);07_nizhnie_polya;"Линейная посадка (живая изгородь/ряд вдоль полосы) — по аналогии с проектом «07_nizhnie_polya»; ближайшее ограничение — пешеходная дорожка / тротуар: 1.8 м при норме 0.5 м (СП 42.13330.2016, п. 9.6, табл. 9.1; ППМ 743-ПП, табл. 3.6.1)";"ассортимент для озеленения Москвы, категория «магистрали и улицы»; без инвазивных видов ППМ 369-ПП";пешеходная дорожка / тротуар;1.83;0.5;"СП 42.13330.2016, п. 9.6, табл. 9.1; ППМ 743-ПП, табл. 3.6.1"
bush_path_corridor_101_007;посажено;bush;Спирея березолистная;NEW_BUSH;289.029;231.064;14987.146;-757.223;Линейная посадка (живая изгородь/ряд вдоль полосы);07_nizhnie_polya;"Линейная посадка (живая изгородь/ряд вдоль полосы) — по аналогии с проектом «07_nizhnie_polya»; ближайшее ограничение — пешеходная дорожка / тротуар: 1.8 м при норме 0.5 м (СП 42.13330.2016, п. 9.6, табл. 9.1; ППМ 743-ПП, табл. 3.6.1)";"ассортимент для озеленения Москвы, категория «магистрали и улицы»; без инвазивных видов ППМ 369-ПП";пешеходная дорожка / тротуар;1.83;0.5;"СП 42.13330.2016, п. 9.6, табл. 9.1; ППМ 743-ПП, табл. 3.6.1"
bush_path_corridor_101_008;посажено;bush;Спирея березолистная;NEW_BUSH;285.217;229.302;14983.334;-758.985;Линейная посадка (живая изгородь/ряд вдоль полосы);07_nizhnie_polya;"Линейная посадка (живая изгородь/ряд вдоль полосы) — по аналогии с проектом «07_nizhnie_polya»; ближайшее ограничение — пешеходная дорожка / тротуар: 1.8 м при норме 0.5 м (СП 42.13330.2016, п. 9.6, табл. 9.1; ППМ 743-ПП, табл. 3.6.1)";"ассортимент для озеленения Москвы, категория «магистрали и улицы»; без инвазивных видов ППМ 369-ПП";пешеходная дорожка / тротуар;1.83;0.5;"СП 42.13330.2016, п. 9.6, табл. 9.1; ППМ 743-ПП, табл. 3.6.1"
bush_path_corridor_101_009;посажено;bush;Спирея березолистная;NEW_BUSH;283.946;228.715;14982.063;-759.573;Линейная посадка (живая изгородь/ряд вдоль полосы);07_nizhnie_polya;"Линейная посадка (живая изгородь/ряд вдоль полосы) — по аналогии с проектом «07_nizhnie_polya»; ближайшее ограничение — пешеходная дорожка / тротуар: 1.8 м при норме 0.5 м (СП 42.13330.2016, п. 9.6, табл. 9.1; ППМ 743-ПП, табл. 3.6.1)";"ассортимент для озеленения Москвы, категория «магистрали и улицы»; без инвазивных видов ППМ 369-ПП";пешеходная дорожка / тротуар;1.83;0.5;"СП 42.13330.2016, п. 9.6, табл. 9.1; ППМ 743-ПП, табл. 3.6.1"
bush_path_corridor_101_010;посажено;bush;Спирея березолистная;NEW_BUSH;282.675;228.127;14980.792;-760.16;Линейная посадка (живая изгородь/ряд вдоль полосы);07_nizhnie_polya;"Линейная посадка (живая изгородь/ряд вдоль полосы) — по аналогии с проектом «07_nizhnie_polya»; ближайшее ограничение — пешеходная дорожка / тротуар: 1.8 м при норме 0.5 м (СП 42.13330.2016, п. 9.6, табл. 9.1; ППМ 743-ПП, табл. 3.6.1)";"ассортимент для озеленения Москвы, категория «магистрали и улицы»; без инвазивных видов ППМ 369-ПП";пешеходная дорожка / тротуар;1.83;0.5;"СП 42.13330.2016, п. 9.6, табл. 9.1; ППМ 743-ПП, табл. 3.6.1"
bush_path_corridor_101_011;посажено;bush;Спирея березолистная;NEW_BUSH;281.404;227.54;14979.521;-760.747;Линейная посадка (живая изгородь/ряд вдоль полосы);07_nizhnie_polya;"Линейная посадка (живая изгородь/ряд вдоль полосы) — по аналогии с проектом «07_nizhnie_polya»; ближайшее ограничение — пешеходная дорожка / тротуар: 1.8 м при норме 0.5 м (СП 42.13330.2016, п. 9.6, табл. 9.1; ППМ 743-ПП, табл. 3.6.1)";"ассортимент для озеленения Москвы, категория «магистрали и улицы»; без инвазивных видов ППМ 369-ПП";пешеходная дорожка / тротуар;1.83;0.5;"СП 42.13330.2016, п. 9.6, табл. 9.1; ППМ 743-ПП, табл. 3.6.1"
bush_path_corridor_101_012;посажено;bush;Спирея березолистная;NEW_BUSH;280.134;226.953;14978.25;-761.335;Линейная посадка (живая изгородь/ряд вдоль полосы);07_nizhnie_polya;"Линейная посадка (живая изгородь/ряд вдоль полосы) — по аналогии с проектом «07_nizhnie_polya»; ближайшее ограничение — пешеходная дорожка / тротуар: 1.8 м при норме 0.5 м (СП 42.13330.2016, п. 9.6, табл. 9.1; ППМ 743-ПП, табл. 3.6.1)";"ассортимент для озеленения Москвы, категория «магистрали и улицы»; без инвазивных видов ППМ 369-ПП";пешеходная дорожка / тротуар;1.83;0.5;"СП 42.13330.2016, п. 9.6, табл. 9.1; ППМ 743-ПП, табл. 3.6.1"
bush_path_corridor_101_013;посажено;bush;Спирея березолистная;NEW_BUSH;278.863;226.365;14976.979;-761.922;Линейная посадка (живая изгородь/ряд вдоль полосы);07_nizhnie_polya;"Линейная посадка (живая изгородь/ряд вдоль полосы) — по аналогии с проектом «07_nizhnie_polya»; ближайшее ограничение — пешеходная дорожка / тротуар: 1.1 м при норме 0.5 м (СП 42.13330.2016, п. 9.6, табл. 9.1; ППМ 743-ПП, табл. 3.6.1)";"ассортимент для озеленения Москвы, категория «магистрали и улицы»; без инвазивных видов ППМ 369-ПП";пешеходная дорожка / тротуар;1.15;0.5;"СП 42.13330.2016, п. 9.6, табл. 9.1; ППМ 743-ПП, табл. 3.6.1"
bush_path_corridor_101_014;посажено;bush;Спирея березолистная;NEW_BUSH;277.592;225.778;14975.709;-762.51;Линейная посадка (живая изгородь/ряд вдоль полосы);07_nizhnie_polya;"Линейная посадка (живая изгородь/ряд вдоль полосы) — по аналогии с проектом «07_nizhnie_polya»; ближайшее ограничение — пешеходная дорожка / тротуар: 1.3 м при норме 0.5 м (СП 42.13330.2016, п. 9.6, табл. 9.1; ППМ 743-ПП, табл. 3.6.1)";"ассортимент для озеленения Москвы, категория «магистрали и улицы»; без инвазивных видов ППМ 369-ПП";пешеходная дорожка / тротуар;1.26;0.5;"СП 42.13330.2016, п. 9.6, табл. 9.1; ППМ 743-ПП, табл. 3.6.1"
tree_path_corridor_102_001;посажено;tree;Вяз гибридный Резиста;NEW_TREE;318.358;244.689;15016.475;-743.599;Линейная посадка (живая изгородь/ряд вдоль полосы);07_nizhnie_polya;"Линейная посадка (живая изгородь/ряд вдоль полосы) — по аналогии с проектом «07_nizhnie_polya»; ближайшее ограничение — пешеходная дорожка / тротуар: 1.9 м при норме 0.7 м (СП 42.13330.2016, п. 9.6, табл. 9.1; ППМ 743-ПП, табл. 3.6.1)";"ассортимент для озеленения Москвы, категория «магистрали и улицы»; без инвазивных видов ППМ 369-ПП";пешеходная дорожка / тротуар;1.89;0.7;"СП 42.13330.2016, п. 9.6, табл. 9.1; ППМ 743-ПП, табл. 3.6.1"
tree_path_corridor_102_002;посажено;tree;Вяз гибридный Резиста;NEW_TREE;329.026;249.961;15027.143;-738.327;Линейная посадка (живая изгородь/ряд вдоль полосы);07_nizhnie_polya;"Линейная посадка (живая изгородь/ряд вдоль полосы) — по аналогии с проектом «07_nizhnie_polya»; ближайшее ограничение — пешеходная дорожка / тротуар: 2.2 м при норме 0.7 м (СП 42.13330.2016, п. 9.6, табл. 9.1; ППМ 743-ПП, табл. 3.6.1)";"ассортимент для озеленения Москвы, категория «магистрали и улицы»; без инвазивных видов ППМ 369-ПП";пешеходная дорожка / тротуар;2.2;0.7;"СП 42.13330.2016, п. 9.6, табл. 9.1; ППМ 743-ПП, табл. 3.6.1"
tree_path_corridor_102_003;посажено;tree;Вяз гибридный Резиста;NEW_TREE;339.695;255.233;15037.812;-733.054;Линейная посадка (живая изгородь/ряд вдоль полосы);07_nizhnie_polya;"Линейная посадка (живая изгородь/ряд вдоль полосы) — по аналогии с проектом «07_nizhnie_polya»; ближайшее ограничение — пешеходная дорожка / тротуар: 2.0 м при норме 0.7 м (СП 42.13330.2016, п. 9.6, табл. 9.1; ППМ 743-ПП, табл. 3.6.1)";"ассортимент для озеленения Москвы, категория «магистрали и улицы»; без инвазивных видов ППМ 369-ПП";пешеходная дорожка / тротуар;1.98;0.7;"СП 42.13330.2016, п. 9.6, табл. 9.1; ППМ 743-ПП, табл. 3.6.1"
bush_path_corridor_102_001;посажено;bush;Спирея березолистная;NEW_BUSH;311.455;241.277;15009.572;-747.01;Линейная посадка (живая изгородь/ряд вдоль полосы);07_nizhnie_polya;"Линейная посадка (живая изгородь/ряд вдоль полосы) — по аналогии с проектом «07_nizhnie_polya»; ближайшее ограничение — пешеходная дорожка / тротуар: 1.7 м при норме 0.5 м (СП 42.13330.2016, п. 9.6, табл. 9.1; ППМ 743-ПП, табл. 3.6.1)";"ассортимент для озеленения Москвы, категория «магистрали и улицы»; без инвазивных видов ППМ 369-ПП";пешеходная дорожка / тротуар;1.69;0.5;"СП 42.13330.2016, п. 9.6, табл. 9.1; ППМ 743-ПП, табл. 3.6.1"
bush_path_corridor_102_002;посажено;bush;Спирея березолистная;NEW_BUSH;312.71;241.897;15010.827;-746.39;Линейная посадка (живая изгородь/ряд вдоль полосы);07_nizhnie_polya;"Линейная посадка (живая изгородь/ряд вдоль полосы) — по аналогии с проектом «07_nizhnie_polya»; ближайшее ограничение — пешеходная дорожка / тротуар: 1.7 м при норме 0.5 м (СП 42.13330.2016, п. 9.6, табл. 9.1; ППМ 743-ПП, табл. 3.6.1)";"ассортимент для озеленения Москвы, категория «магистрали и улицы»; без инвазивных видов ППМ 369-ПП";пешеходная дорожка / тротуар;1.73;0.5;"СП 42.13330.2016, п. 9.6, табл. 9.1; ППМ 743-ПП, табл. 3.6.1"
bush_path_corridor_102_003;посажено;bush;Спирея березолистная;NEW_BUSH;313.965;242.518;15012.082;-745.77;Линейная посадка (живая изгородь/ряд вдоль полосы);07_nizhnie_polya;"Линейная посадка (живая изгородь/ряд вдоль полосы) — по аналогии с проектом «07_nizhnie_polya»; ближайшее ограничение — пешеходная дорожка / тротуар: 1.8 м при норме 0.5 м (СП 42.13330.2016, п. 9.6, табл. 9.1; ППМ 743-ПП, табл. 3.6.1)";"ассортимент для озеленения Москвы, категория «магистрали и улицы»; без инвазивных видов ППМ 369-ПП";пешеходная дорожка / тротуар;1.76;0.5;"СП 42.13330.2016, п. 9.6, табл. 9.1; ППМ 743-ПП, табл. 3.6.1"
bush_path_corridor_102_004;посажено;bush;Спирея березолистная;NEW_BUSH;315.22;243.138;15013.337;-745.149;Линейная посадка (живая изгородь/ряд вдоль полосы);07_nizhnie_polya;"Линейная посадка (живая изгородь/ряд вдоль полосы) — по аналогии с проектом «07_nizhnie_polya»; ближайшее ограничение — пешеходная дорожка / тротуар: 1.8 м при норме 0.5 м (СП 42.13330.2016, п. 9.6, табл. 9.1; ППМ 743-ПП, табл. 3.6.1)";"ассортимент для озеленения Москвы, категория «магистрали и улицы»; без инвазивных видов ППМ 369-ПП";пешеходная дорожка / тротуар;1.8;0.5;"СП 42.13330.2016, п. 9.6, табл. 9.1; ППМ 743-ПП, табл. 3.6.1"
bush_path_corridor_102_005;посажено;bush;Спирея березолистная;NEW_BUSH;316.475;243.758;15014.592;-744.529;Линейная посадка (живая изгородь/ряд вдоль полосы);07_nizhnie_polya;"Линейная посадка (живая изгородь/ряд вдоль полосы) — по аналогии с проектом «07_nizhnie_polya»; ближайшее ограничение — пешеходная дорожка / тротуар: 1.8 м при норме 0.5 м (СП 42.13330.2016, п. 9.6, табл. 9.1; ППМ 743-ПП, табл. 3.6.1)";"ассортимент для озеленения Москвы, категория «магистрали и улицы»; без инвазивных видов ППМ 369-ПП";пешеходная дорожка / тротуар;1.84;0.5;"СП 42.13330.2016, п. 9.6, табл. 9.1; ППМ 743-ПП, табл. 3.6.1"
bush_path_corridor_102_006;посажено;bush;Спирея березолистная;NEW_BUSH;320.241;245.619;15018.357;-742.668;Линейная посадка (живая изгородь/ряд вдоль полосы);07_nizhnie_polya;"Линейная посадка (живая изгородь/ряд вдоль полосы) — по аналогии с проектом «07_nizhnie_polya»; ближайшее ограничение — пешеходная дорожка / тротуар: 1.9 м при норме 0.5 м (СП 42.13330.2016, п. 9.6, табл. 9.1; ППМ 743-ПП, табл. 3.6.1)";"ассортимент для озеленения Москвы, категория «магистрали и улицы»; без инвазивных видов ППМ 369-ПП";пешеходная дорожка / тротуар;1.95;0.5;"СП 42.13330.2016, п. 9.6, табл. 9.1; ППМ 743-ПП, табл. 3.6.1"
bush_path_corridor_102_007;посажено;bush;Спирея березолистная;NEW_BUSH;321.496;246.239;15019.613;-742.048;Линейная посадка (живая изгородь/ряд вдоль полосы);07_nizhnie_polya;"Линейная посадка (живая изгородь/ряд вдоль полосы) — по аналогии с проектом «07_nizhnie_polya»; ближайшее ограничение — пешеходная дорожка / тротуар: 2.0 м при норме 0.5 м (СП 42.13330.2016, п. 9.6, табл. 9.1; ППМ 743-ПП, табл. 3.6.1)";"ассортимент для озеленения Москвы, категория «магистрали и улицы»; без инвазивных видов ППМ 369-ПП";пешеходная дорожка / тротуар;1.98;0.5;"СП 42.13330.2016, п. 9.6, табл. 9.1; ППМ 743-ПП, табл. 3.6.1"
bush_path_corridor_102_008;посажено;bush;Спирея березолистная;NEW_BUSH;322.751;246.859;15020.868;-741.428;Линейная посадка (живая изгородь/ряд вдоль полосы);07_nizhnie_polya;"Линейная посадка (живая изгородь/ряд вдоль полосы) — по аналогии с проектом «07_nizhnie_polya»; ближайшее ограничение — пешеходная дорожка / тротуар: 2.0 м при норме 0.5 м (СП 42.13330.2016, п. 9.6, табл. 9.1; ППМ 743-ПП, табл. 3.6.1)";"ассортимент для озеленения Москвы, категория «магистрали и улицы»; без инвазивных видов ППМ 369-ПП";пешеходная дорожка / тротуар;2.02;0.5;"СП 42.13330.2016, п. 9.6, табл. 9.1; ППМ 743-ПП, табл. 3.6.1"
bush_path_corridor_102_009;посажено;bush;Спирея березолистная;NEW_BUSH;324.006;247.48;15022.123;-740.808;Линейная посадка (живая изгородь/ряд вдоль полосы);07_nizhnie_polya;"Линейная посадка (живая изгородь/ряд вдоль полосы) — по аналогии с проектом «07_nizhnie_polya»; ближайшее ограничение — пешеходная дорожка / тротуар: 2.1 м при норме 0.5 м (СП 42.13330.2016, п. 9.6, табл. 9.1; ППМ 743-ПП, табл. 3.6.1)";"ассортимент для озеленения Москвы, категория «магистрали и улицы»; без инвазивных видов ППМ 369-ПП";пешеходная дорожка / тротуар;2.06;0.5;"СП 42.13330.2016, п. 9.6, табл. 9.1; ППМ 743-ПП, табл. 3.6.1"
bush_path_corridor_102_010;посажено;bush;Спирея березолистная;NEW_BUSH;325.261;248.1;15023.378;-740.187;Линейная посадка (живая изгородь/ряд вдоль полосы);07_nizhnie_polya;"Линейная посадка (живая изгородь/ряд вдоль полосы) — по аналогии с проектом «07_nizhnie_polya»; ближайшее ограничение — пешеходная дорожка / тротуар: 2.1 м при норме 0.5 м (СП 42.13330.2016, п. 9.6, табл. 9.1; ППМ 743-ПП, табл. 3.6.1)";"ассортимент для озеленения Москвы, категория «магистрали и улицы»; без инвазивных видов ППМ 369-ПП";пешеходная дорожка / тротуар;2.09;0.5;"СП 42.13330.2016, п. 9.6, табл. 9.1; ППМ 743-ПП, табл. 3.6.1"
bush_path_corridor_102_011;посажено;bush;Спирея березолистная;NEW_BUSH;326.516;248.72;15024.633;-739.567;Линейная посадка (живая изгородь/ряд вдоль полосы);07_nizhnie_polya;"Линейная посадка (живая изгородь/ряд вдоль полосы) — по аналогии с проектом «07_nizhnie_polya»; ближайшее ограничение — пешеходная дорожка / тротуар: 2.1 м при норме 0.5 м (СП 42.13330.2016, п. 9.6, табл. 9.1; ППМ 743-ПП, табл. 3.6.1)";"ассортимент для озеленения Москвы, категория «магистрали и улицы»; без инвазивных видов ППМ 369-ПП";пешеходная дорожка / тротуар;2.13;0.5;"СП 42.13330.2016, п. 9.6, табл. 9.1; ППМ 743-ПП, табл. 3.6.1"
bush_path_corridor_102_012;посажено;bush;Спирея березолистная;NEW_BUSH;327.771;249.34;15025.888;-738.947;Линейная посадка (живая изгородь/ряд вдоль полосы);07_nizhnie_polya;"Линейная посадка (живая изгородь/ряд вдоль полосы) — по аналогии с проектом «07_nizhnie_polya»; ближайшее ограничение — пешеходная дорожка / тротуар: 2.2 м при норме 0.5 м (СП 42.13330.2016, п. 9.6, табл. 9.1; ППМ 743-ПП, табл. 3.6.1)";"ассортимент для озеленения Москвы, категория «магистрали и улицы»; без инвазивных видов ППМ 369-ПП";пешеходная дорожка / тротуар;2.16;0.5;"СП 42.13330.2016, п. 9.6, табл. 9.1; ППМ 743-ПП, табл. 3.6.1"
bush_path_corridor_102_013;посажено;bush;Спирея березолистная;NEW_BUSH;330.281;250.581;15028.398;-737.706;Линейная посадка (живая изгородь/ряд вдоль полосы);07_nizhnie_polya;"Линейная посадка (живая изгородь/ряд вдоль полосы) — по аналогии с проектом «07_nizhnie_polya»; ближайшее ограничение — пешеходная дорожка / тротуар: 2.2 м при норме 0.5 м (СП 42.13330.2016, п. 9.6, табл. 9.1; ППМ 743-ПП, табл. 3.6.1)";"ассортимент для озеленения Москвы, категория «магистрали и улицы»; без инвазивных видов ППМ 369-ПП";пешеходная дорожка / тротуар;2.23;0.5;"СП 42.13330.2016, п. 9.6, табл. 9.1; ППМ 743-ПП, табл. 3.6.1"
bush_path_corridor_102_014;посажено;bush;Спирея березолистная;NEW_BUSH;331.537;251.201;15029.653;-737.086;Линейная посадка (живая изгородь/ряд вдоль полосы);07_nizhnie_polya;"Линейная посадка (живая изгородь/ряд вдоль полосы) — по аналогии с проектом «07_nizhnie_polya»; ближайшее ограничение — пешеходная дорожка / тротуар: 2.2 м при норме 0.5 м (СП 42.13330.2016, п. 9.6, табл. 9.1; ППМ 743-ПП, табл. 3.6.1)";"ассортимент для озеленения Москвы, категория «магистрали и улицы»; без инвазивных видов ППМ 369-ПП";пешеходная дорожка / тротуар;2.25;0.5;"СП 42.13330.2016, п. 9.6, табл. 9.1; ППМ 743-ПП, табл. 3.6.1"
bush_path_corridor_102_015;посажено;bush;Спирея березолистная;NEW_BUSH;332.792;251.821;15030.909;-736.466;Линейная посадка (живая изгородь/ряд вдоль полосы);07_nizhnie_polya;"Линейная посадка (живая изгородь/ряд вдоль полосы) — по аналогии с проектом «07_nizhnie_polya»; ближайшее ограничение — пешеходная дорожка / тротуар: 2.2 м при норме 0.5 м (СП 42.13330.2016, п. 9.6, табл. 9.1; ППМ 743-ПП, табл. 3.6.1)";"ассортимент для озеленения Москвы, категория «магистрали и улицы»; без инвазивных видов ППМ 369-ПП";пешеходная дорожка / тротуар;2.24;0.5;"СП 42.13330.2016, п. 9.6, табл. 9.1; ППМ 743-ПП, табл. 3.6.1"
bush_path_corridor_102_016;посажено;bush;Спирея березолистная;NEW_BUSH;334.047;252.442;15032.164;-735.846;Линейная посадка (живая изгородь/ряд вдоль полосы);07_nizhnie_polya;"Линейная посадка (живая изгородь/ряд вдоль полосы) — по аналогии с проектом «07_nizhnie_polya»; ближайшее ограничение — пешеходная дорожка / тротуар: 2.2 м при норме 0.5 м (СП 42.13330.2016, п. 9.6, табл. 9.1; ППМ 743-ПП, табл. 3.6.1)";"ассортимент для озеленения Москвы, категория «магистрали и улицы»; без инвазивных видов ППМ 369-ПП";пешеходная дорожка / тротуар;2.22;0.5;"СП 42.13330.2016, п. 9.6, табл. 9.1; ППМ 743-ПП, табл. 3.6.1"
bush_path_corridor_102_017;посажено;bush;Спирея березолистная;NEW_BUSH;337.812;254.303;15035.929;-733.985;Линейная посадка (живая изгородь/ряд вдоль полосы);07_nizhnie_polya;"Линейная посадка (живая изгородь/ряд вдоль полосы) — по аналогии с проектом «07_nizhnie_polya»; ближайшее ограничение — пешеходная дорожка / тротуар: 2.1 м при норме 0.5 м (СП 42.13330.2016, п. 9.6, табл. 9.1; ППМ 743-ПП, табл. 3.6.1)";"ассортимент для озеленения Москвы, категория «магистрали и улицы»; без инвазивных видов ППМ 369-ПП";пешеходная дорожка / тротуар;2.06;0.5;"СП 42.13330.2016, п. 9.6, табл. 9.1; ППМ 743-ПП, табл. 3.6.1"
bush_path_corridor_102_018;посажено;bush;Спирея березолистная;NEW_BUSH;341.577;256.163;15039.694;-732.124;Линейная посадка (живая изгородь/ряд вдоль полосы);07_nizhnie_polya;"Линейная посадка (живая изгородь/ряд вдоль полосы) — по аналогии с проектом «07_nizhnie_polya»; ближайшее ограничение — пешеходная дорожка / тротуар: 1.9 м при норме 0.5 м (СП 42.13330.2016, п. 9.6, табл. 9.1; ППМ 743-ПП, табл. 3.6.1)";"ассортимент для озеленения Москвы, категория «магистрали и улицы»; без инвазивных видов ППМ 369-ПП";пешеходная дорожка / тротуар;1.89;0.5;"СП 42.13330.2016, п. 9.6, табл. 9.1; ППМ 743-ПП, табл. 3.6.1"
bush_path_corridor_102_019;посажено;bush;Спирея березолистная;NEW_BUSH;342.833;256.784;15040.949;-731.504;Линейная посадка (живая изгородь/ряд вдоль полосы);07_nizhnie_polya;"Линейная посадка (живая изгородь/ряд вдоль полосы) — по аналогии с проектом «07_nizhnie_polya»; ближайшее ограничение — пешеходная дорожка / тротуар: 1.8 м при норме 0.5 м (СП 42.13330.2016, п. 9.6, табл. 9.1; ППМ 743-ПП, табл. 3.6.1)";"ассортимент для озеленения Москвы, категория «магистрали и улицы»; без инвазивных видов ППМ 369-ПП";пешеходная дорожка / тротуар;1.84;0.5;"СП 42.13330.2016, п. 9.6, табл. 9.1; ППМ 743-ПП, табл. 3.6.1"
bush_path_corridor_102_020;посажено;bush;Спирея березолистная;NEW_BUSH;344.088;257.404;15042.204;-730.884;Линейная посадка (живая изгородь/ряд вдоль полосы);07_nizhnie_polya;"Линейная посадка (живая изгородь/ряд вдоль полосы) — по аналогии с проектом «07_nizhnie_polya»; ближайшее ограничение — пешеходная дорожка / тротуар: 1.8 м при норме 0.5 м (СП 42.13330.2016, п. 9.6, табл. 9.1; ППМ 743-ПП, табл. 3.6.1)";"ассортимент для озеленения Москвы, категория «магистрали и улицы»; без инвазивных видов ППМ 369-ПП";пешеходная дорожка / тротуар;1.78;0.5;"СП 42.13330.2016, п. 9.6, табл. 9.1; ППМ 743-ПП, табл. 3.6.1"
bush_path_corridor_102_021;посажено;bush;Спирея березолистная;NEW_BUSH;345.343;258.024;15043.46;-730.263;Линейная посадка (живая изгородь/ряд вдоль полосы);07_nizhnie_polya;"Линейная посадка (живая изгородь/ряд вдоль полосы) — по аналогии с проектом «07_nizhnie_polya»; ближайшее ограничение — пешеходная дорожка / тротуар: 1.7 м при норме 0.5 м (СП 42.13330.2016, п. 9.6, табл. 9.1; ППМ 743-ПП, табл. 3.6.1)";"ассортимент для озеленения Москвы, категория «магистрали и улицы»; без инвазивных видов ППМ 369-ПП";пешеходная дорожка / тротуар;1.72;0.5;"СП 42.13330.2016, п. 9.6, табл. 9.1; ППМ 743-ПП, табл. 3.6.1"
bush_path_corridor_102_022;посажено;bush;Спирея березолистная;NEW_BUSH;346.598;258.644;15044.715;-729.643;Линейная посадка (живая изгородь/ряд вдоль полосы);07_nizhnie_polya;"Линейная посадка (живая изгородь/ряд вдоль полосы) — по аналогии с проектом «07_nizhnie_polya»; ближайшее ограничение — пешеходная дорожка / тротуар: 1.7 м при норме 0.5 м (СП 42.13330.2016, п. 9.6, табл. 9.1; ППМ 743-ПП, табл. 3.6.1)";"ассортимент для озеленения Москвы, категория «магистрали и улицы»; без инвазивных видов ППМ 369-ПП";пешеходная дорожка / тротуар;1.67;0.5;"СП 42.13330.2016, п. 9.6, табл. 9.1; ППМ 743-ПП, табл. 3.6.1"
tree_path_corridor_104_001;посажено;tree;Вяз гибридный Резиста;NEW_TREE;582.903;505.954;15281.02;-482.333;Линейная посадка (живая изгородь/ряд вдоль полосы);07_nizhnie_polya;"Линейная посадка (живая изгородь/ряд вдоль полосы) — по аналогии с проектом «07_nizhnie_polya»; ближайшее ограничение — пешеходная дорожка / тротуар: 2.0 м при норме 0.7 м (СП 42.13330.2016, п. 9.6, табл. 9.1; ППМ 743-ПП, табл. 3.6.1)";"ассортимент для озеленения Москвы, категория «магистрали и улицы»; без инвазивных видов ППМ 369-ПП";пешеходная дорожка / тротуар;1.99;0.7;"СП 42.13330.2016, п. 9.6, табл. 9.1; ППМ 743-ПП, табл. 3.6.1"
bush_path_corridor_104_001;посажено;bush;Спирея березолистная;NEW_BUSH;581.607;505.426;15279.724;-482.861;Линейная посадка (живая изгородь/ряд вдоль полосы);07_nizhnie_polya;"Линейная посадка (живая изгородь/ряд вдоль полосы) — по аналогии с проектом «07_nizhnie_polya»; ближайшее ограничение — пешеходная дорожка / тротуар: 1.4 м при норме 0.5 м (СП 42.13330.2016, п. 9.6, табл. 9.1; ППМ 743-ПП, табл. 3.6.1)";"ассортимент для озеленения Москвы, категория «магистрали и улицы»; без инвазивных видов ППМ 369-ПП";пешеходная дорожка / тротуар;1.41;0.5;"СП 42.13330.2016, п. 9.6, табл. 9.1; ППМ 743-ПП, табл. 3.6.1"
bush_path_corridor_105_001;посажено;bush;Спирея березолистная;NEW_BUSH;-289.85;-174.196;14408.267;-1162.483;Линейная посадка (живая изгородь/ряд вдоль полосы);07_nizhnie_polya;"Линейная посадка (живая изгородь/ряд вдоль полосы) — по аналогии с проектом «07_nizhnie_polya»; ближайшее ограничение — пешеходная дорожка / тротуар: 2.7 м при норме 0.5 м (СП 42.13330.2016, п. 9.6, табл. 9.1; ППМ 743-ПП, табл. 3.6.1)";"ассортимент для озеленения Москвы, категория «магистрали и улицы»; без инвазивных видов ППМ 369-ПП";пешеходная дорожка / тротуар;2.71;0.5;"СП 42.13330.2016, п. 9.6, табл. 9.1; ППМ 743-ПП, табл. 3.6.1"
bush_path_corridor_105_002;посажено;bush;Спирея березолистная;NEW_BUSH;-291.225;-174.461;14406.892;-1162.748;Линейная посадка (живая изгородь/ряд вдоль полосы);07_nizhnie_polya;"Линейная посадка (живая изгородь/ряд вдоль полосы) — по аналогии с проектом «07_nizhnie_polya»; ближайшее ограничение — проезжая часть: 3.1 м при норме 1.0 м (СП 42.13330.2016, п. 9.6, табл. 9.1; ППМ 743-ПП, табл. 3.6.1)";"ассортимент для озеленения Москвы, категория «магистрали и улицы»; без инвазивных видов ППМ 369-ПП";проезжая часть;3.06;1.0;"СП 42.13330.2016, п. 9.6, табл. 9.1; ППМ 743-ПП, табл. 3.6.1"
bush_path_corridor_105_003;посажено;bush;Спирея березолистная;NEW_BUSH;-292.599;-174.726;14405.518;-1163.013;Линейная посадка (живая изгородь/ряд вдоль полосы);07_nizhnie_polya;"Линейная посадка (живая изгородь/ряд вдоль полосы) — по аналогии с проектом «07_nizhnie_polya»; ближайшее ограничение — проезжая часть: 2.5 м при норме 1.0 м (СП 42.13330.2016, п. 9.6, табл. 9.1; ППМ 743-ПП, табл. 3.6.1)";"ассортимент для озеленения Москвы, категория «магистрали и улицы»; без инвазивных видов ППМ 369-ПП";проезжая часть;2.47;1.0;"СП 42.13330.2016, п. 9.6, табл. 9.1; ППМ 743-ПП, табл. 3.6.1"
tree_path_corridor_106_001;посажено;tree;Вяз гибридный Резиста;NEW_TREE;-528.057;-382.077;14170.06;-1370.364;Линейная посадка (живая изгородь/ряд вдоль полосы);07_nizhnie_polya;"Линейная посадка (живая изгородь/ряд вдоль полосы) — по аналогии с проектом «07_nizhnie_polya»; ближайшее ограничение — пешеходная дорожка / тротуар: 2.0 м при норме 0.7 м (СП 42.13330.2016, п. 9.6, табл. 9.1; ППМ 743-ПП, табл. 3.6.1)";"ассортимент для озеленения Москвы, категория «магистрали и улицы»; без инвазивных видов ППМ 369-ПП";пешеходная дорожка / тротуар;1.98;0.7;"СП 42.13330.2016, п. 9.6, табл. 9.1; ППМ 743-ПП, табл. 3.6.1"
bush_path_corridor_106_001;посажено;bush;Спирея березолистная;NEW_BUSH;-532.46;-387.518;14165.657;-1375.806;Линейная посадка (живая изгородь/ряд вдоль полосы);07_nizhnie_polya;"Линейная посадка (живая изгородь/ряд вдоль полосы) — по аналогии с проектом «07_nizhnie_polya»; ближайшее ограничение — пешеходная дорожка / тротуар: 2.0 м при норме 0.5 м (СП 42.13330.2016, п. 9.6, табл. 9.1; ППМ 743-ПП, табл. 3.6.1)";"ассортимент для озеленения Москвы, категория «магистрали и улицы»; без инвазивных видов ППМ 369-ПП";пешеходная дорожка / тротуар;1.98;0.5;"СП 42.13330.2016, п. 9.6, табл. 9.1; ППМ 743-ПП, табл. 3.6.1"
bush_path_corridor_106_002;посажено;bush;Спирея березолистная;NEW_BUSH;-531.579;-386.43;14166.537;-1374.717;Линейная посадка (живая изгородь/ряд вдоль полосы);07_nizhnie_polya;"Линейная посадка (живая изгородь/ряд вдоль полосы) — по аналогии с проектом «07_nizhnie_polya»; ближайшее ограничение — пешеходная дорожка / тротуар: 2.0 м при норме 0.5 м (СП 42.13330.2016, п. 9.6, табл. 9.1; ППМ 743-ПП, табл. 3.6.1)";"ассортимент для озеленения Москвы, категория «магистрали и улицы»; без инвазивных видов ППМ 369-ПП";пешеходная дорожка / тротуар;1.98;0.5;"СП 42.13330.2016, п. 9.6, табл. 9.1; ППМ 743-ПП, табл. 3.6.1"
bush_path_corridor_106_003;посажено;bush;Спирея березолистная;NEW_BUSH;-530.699;-385.342;14167.418;-1373.629;Линейная посадка (живая изгородь/ряд вдоль полосы);07_nizhnie_polya;"Линейная посадка (живая изгородь/ряд вдоль полосы) — по аналогии с проектом «07_nizhnie_polya»; ближайшее ограничение — пешеходная дорожка / тротуар: 2.0 м при норме 0.5 м (СП 42.13330.2016, п. 9.6, табл. 9.1; ППМ 743-ПП, табл. 3.6.1)";"ассортимент для озеленения Москвы, категория «магистрали и улицы»; без инвазивных видов ППМ 369-ПП";пешеходная дорожка / тротуар;1.98;0.5;"СП 42.13330.2016, п. 9.6, табл. 9.1; ППМ 743-ПП, табл. 3.6.1"
bush_path_corridor_106_004;посажено;bush;Спирея березолистная;NEW_BUSH;-529.818;-384.253;14168.299;-1372.541;Линейная посадка (живая изгородь/ряд вдоль полосы);07_nizhnie_polya;"Линейная посадка (живая изгородь/ряд вдоль полосы) — по аналогии с проектом «07_nizhnie_polya»; ближайшее ограничение — пешеходная дорожка / тротуар: 2.0 м при норме 0.5 м (СП 42.13330.2016, п. 9.6, табл. 9.1; ППМ 743-ПП, табл. 3.6.1)";"ассортимент для озеленения Москвы, категория «магистрали и улицы»; без инвазивных видов ППМ 369-ПП";пешеходная дорожка / тротуар;1.98;0.5;"СП 42.13330.2016, п. 9.6, табл. 9.1; ППМ 743-ПП, табл. 3.6.1"
bush_path_corridor_106_005;посажено;bush;Спирея березолистная;NEW_BUSH;-528.937;-383.165;14169.179;-1371.453;Линейная посадка (живая изгородь/ряд вдоль полосы);07_nizhnie_polya;"Линейная посадка (живая изгородь/ряд вдоль полосы) — по аналогии с проектом «07_nizhnie_polya»; ближайшее ограничение — пешеходная дорожка / тротуар: 2.0 м при норме 0.5 м (СП 42.13330.2016, п. 9.6, табл. 9.1; ППМ 743-ПП, табл. 3.6.1)";"ассортимент для озеленения Москвы, категория «магистрали и улицы»; без инвазивных видов ППМ 369-ПП";пешеходная дорожка / тротуар;1.98;0.5;"СП 42.13330.2016, п. 9.6, табл. 9.1; ППМ 743-ПП, табл. 3.6.1"
bush_path_corridor_106_006;посажено;bush;Спирея березолистная;NEW_BUSH;-527.176;-380.989;14170.941;-1369.276;Линейная посадка (живая изгородь/ряд вдоль полосы);07_nizhnie_polya;"Линейная посадка (живая изгородь/ряд вдоль полосы) — по аналогии с проектом «07_nizhnie_polya»; ближайшее ограничение — пешеходная дорожка / тротуар: 2.0 м при норме 0.5 м (СП 42.13330.2016, п. 9.6, табл. 9.1; ППМ 743-ПП, табл. 3.6.1)";"ассортимент для озеленения Москвы, категория «магистрали и улицы»; без инвазивных видов ППМ 369-ПП";пешеходная дорожка / тротуар;1.98;0.5;"СП 42.13330.2016, п. 9.6, табл. 9.1; ППМ 743-ПП, табл. 3.6.1"
bush_path_corridor_106_007;посажено;bush;Спирея березолистная;NEW_BUSH;-526.295;-379.9;14171.822;-1368.188;Линейная посадка (живая изгородь/ряд вдоль полосы);07_nizhnie_polya;"Линейная посадка (живая изгородь/ряд вдоль полосы) — по аналогии с проектом «07_nizhnie_polya»; ближайшее ограничение — пешеходная дорожка / тротуар: 2.0 м при норме 0.5 м (СП 42.13330.2016, п. 9.6, табл. 9.1; ППМ 743-ПП, табл. 3.6.1)";"ассортимент для озеленения Москвы, категория «магистрали и улицы»; без инвазивных видов ППМ 369-ПП";пешеходная дорожка / тротуар;1.98;0.5;"СП 42.13330.2016, п. 9.6, табл. 9.1; ППМ 743-ПП, табл. 3.6.1"
bush_path_corridor_106_008;посажено;bush;Спирея березолистная;NEW_BUSH;-525.414;-378.812;14172.702;-1367.1;Линейная посадка (живая изгородь/ряд вдоль полосы);07_nizhnie_polya;"Линейная посадка (живая изгородь/ряд вдоль полосы) — по аналогии с проектом «07_nizhnie_polya»; ближайшее ограничение — пешеходная дорожка / тротуар: 2.0 м при норме 0.5 м (СП 42.13330.2016, п. 9.6, табл. 9.1; ППМ 743-ПП, табл. 3.6.1)";"ассортимент для озеленения Москвы, категория «магистрали и улицы»; без инвазивных видов ППМ 369-ПП";пешеходная дорожка / тротуар;1.98;0.5;"СП 42.13330.2016, п. 9.6, табл. 9.1; ППМ 743-ПП, табл. 3.6.1"
tree_path_corridor_107_001;посажено;tree;Вяз гибридный Резиста;NEW_TREE;-639.662;-528.383;14058.455;-1516.67;Линейная посадка (живая изгородь/ряд вдоль полосы);07_nizhnie_polya;"Линейная посадка (живая изгородь/ряд вдоль полосы) — по аналогии с проектом «07_nizhnie_polya»; ближайшее ограничение — теплосеть: 3.2 м при норме 2.0 м (СП 42.13330.2016, п. 9.6, табл. 9.1; ППМ 743-ПП, табл. 3.6.1)";"ассортимент для озеленения Москвы, категория «магистрали и улицы»; без инвазивных видов ППМ 369-ПП";теплосеть;3.21;2.0;"СП 42.13330.2016, п. 9.6, табл. 9.1; ППМ 743-ПП, табл. 3.6.1"
tree_path_corridor_107_002;посажено;tree;Вяз гибридный Резиста;NEW_TREE;-635.816;-528.383;14062.301;-1516.67;Линейная посадка (живая изгородь/ряд вдоль полосы);07_nizhnie_polya;"Линейная посадка (живая изгородь/ряд вдоль полосы) — по аналогии с проектом «07_nizhnie_polya»; ближайшее ограничение — проезжая часть: 3.5 м при норме 2.0 м (СП 42.13330.2016, п. 9.6, табл. 9.1; ППМ 743-ПП, табл. 3.6.1)";"ассортимент для озеленения Москвы, категория «магистрали и улицы»; без инвазивных видов ППМ 369-ПП";проезжая часть;3.5;2.0;"СП 42.13330.2016, п. 9.6, табл. 9.1; ППМ 743-ПП, табл. 3.6.1"
tree_path_corridor_108_001;посажено;tree;Вяз гибридный Резиста;NEW_TREE;-623.585;-507.005;14074.531;-1495.292;Линейная посадка (живая изгородь/ряд вдоль полосы);07_nizhnie_polya;"Линейная посадка (живая изгородь/ряд вдоль полосы) — по аналогии с проектом «07_nizhnie_polya»; ближайшее ограничение — проезжая часть: 3.9 м при норме 2.0 м (СП 42.13330.2016, п. 9.6, табл. 9.1; ППМ 743-ПП, табл. 3.6.1)";"ассортимент для озеленения Москвы, категория «магистрали и улицы»; без инвазивных видов ППМ 369-ПП";проезжая часть;3.86;2.0;"СП 42.13330.2016, п. 9.6, табл. 9.1; ППМ 743-ПП, табл. 3.6.1"
tree_path_corridor_108_002;посажено;tree;Вяз гибридный Резиста;NEW_TREE;-630.77;-516.491;14067.347;-1504.779;Линейная посадка (живая изгородь/ряд вдоль полосы);07_nizhnie_polya;"Линейная посадка (живая изгородь/ряд вдоль полосы) — по аналогии с проектом «07_nizhnie_polya»; ближайшее ограничение — проезжая часть: 3.5 м при норме 2.0 м (СП 42.13330.2016, п. 9.6, табл. 9.1; ППМ 743-ПП, табл. 3.6.1)";"ассортимент для озеленения Москвы, категория «магистрали и улицы»; без инвазивных видов ППМ 369-ПП";проезжая часть;3.54;2.0;"СП 42.13330.2016, п. 9.6, табл. 9.1; ППМ 743-ПП, табл. 3.6.1"
bush_path_corridor_108_001;посажено;bush;Спирея березолистная;NEW_BUSH;-617.035;-498.356;14081.082;-1486.643;Линейная посадка (живая изгородь/ряд вдоль полосы);07_nizhnie_polya;"Линейная посадка (живая изгородь/ряд вдоль полосы) — по аналогии с проектом «07_nizhnie_polya»; ближайшее ограничение — пешеходная дорожка / тротуар: 3.2 м при норме 0.5 м (СП 42.13330.2016, п. 9.6, табл. 9.1; ППМ 743-ПП, табл. 3.6.1)";"ассортимент для озеленения Москвы, категория «магистрали и улицы»; без инвазивных видов ППМ 369-ПП";пешеходная дорожка / тротуар;3.17;0.5;"СП 42.13330.2016, п. 9.6, табл. 9.1; ППМ 743-ПП, табл. 3.6.1"
bush_path_corridor_108_002;посажено;bush;Спирея березолистная;NEW_BUSH;-617.88;-499.472;14080.237;-1487.759;Линейная посадка (живая изгородь/ряд вдоль полосы);07_nizhnie_polya;"Линейная посадка (живая изгородь/ряд вдоль полосы) — по аналогии с проектом «07_nizhnie_polya»; ближайшее ограничение — проезжая часть: 4.1 м при норме 1.0 м (СП 42.13330.2016, п. 9.6, табл. 9.1; ППМ 743-ПП, табл. 3.6.1)";"ассортимент для озеленения Москвы, категория «магистрали и улицы»; без инвазивных видов ППМ 369-ПП";проезжая часть;4.12;1.0;"СП 42.13330.2016, п. 9.6, табл. 9.1; ППМ 743-ПП, табл. 3.6.1"
bush_path_corridor_108_003;посажено;bush;Спирея березолистная;NEW_BUSH;-618.725;-500.588;14079.392;-1488.875;Линейная посадка (живая изгородь/ряд вдоль полосы);07_nizhnie_polya;"Линейная посадка (живая изгородь/ряд вдоль полосы) — по аналогии с проектом «07_nizhnie_polya»; ближайшее ограничение — пешеходная дорожка / тротуар: 3.2 м при норме 0.5 м (СП 42.13330.2016, п. 9.6, табл. 9.1; ППМ 743-ПП, табл. 3.6.1)";"ассортимент для озеленения Москвы, категория «магистрали и улицы»; без инвазивных видов ППМ 369-ПП";пешеходная дорожка / тротуар;3.22;0.5;"СП 42.13330.2016, п. 9.6, табл. 9.1; ППМ 743-ПП, табл. 3.6.1"
bush_path_corridor_108_004;посажено;bush;Спирея березолистная;NEW_BUSH;-619.57;-501.704;14078.546;-1489.991;Линейная посадка (живая изгородь/ряд вдоль полосы);07_nizhnie_polya;"Линейная посадка (живая изгородь/ряд вдоль полосы) — по аналогии с проектом «07_nizhnie_polya»; ближайшее ограничение — пешеходная дорожка / тротуар: 3.2 м при норме 0.5 м (СП 42.13330.2016, п. 9.6, табл. 9.1; ППМ 743-ПП, табл. 3.6.1)";"ассортимент для озеленения Москвы, категория «магистрали и улицы»; без инвазивных видов ППМ 369-ПП";пешеходная дорожка / тротуар;3.21;0.5;"СП 42.13330.2016, п. 9.6, табл. 9.1; ППМ 743-ПП, табл. 3.6.1"
bush_path_corridor_108_005;посажено;bush;Спирея березолистная;NEW_BUSH;-620.416;-502.82;14077.701;-1491.107;Линейная посадка (живая изгородь/ряд вдоль полосы);07_nizhnie_polya;"Линейная посадка (живая изгородь/ряд вдоль полосы) — по аналогии с проектом «07_nizhnie_polya»; ближайшее ограничение — пешеходная дорожка / тротуар: 3.3 м при норме 0.5 м (СП 42.13330.2016, п. 9.6, табл. 9.1; ППМ 743-ПП, табл. 3.6.1)";"ассортимент для озеленения Москвы, категория «магистрали и улицы»; без инвазивных видов ППМ 369-ПП";пешеходная дорожка / тротуар;3.26;0.5;"СП 42.13330.2016, п. 9.6, табл. 9.1; ППМ 743-ПП, табл. 3.6.1"
bush_path_corridor_108_006;посажено;bush;Спирея березолистная;NEW_BUSH;-621.261;-503.936;14076.856;-1492.223;Линейная посадка (живая изгородь/ряд вдоль полосы);07_nizhnie_polya;"Линейная посадка (живая изгородь/ряд вдоль полосы) — по аналогии с проектом «07_nizhnie_polya»; ближайшее ограничение — пешеходная дорожка / тротуар: 3.3 м при норме 0.5 м (СП 42.13330.2016, п. 9.6, табл. 9.1; ППМ 743-ПП, табл. 3.6.1)";"ассортимент для озеленения Москвы, категория «магистрали и улицы»; без инвазивных видов ППМ 369-ПП";пешеходная дорожка / тротуар;3.3;0.5;"СП 42.13330.2016, п. 9.6, табл. 9.1; ППМ 743-ПП, табл. 3.6.1"
bush_path_corridor_108_007;посажено;bush;Спирея березолистная;NEW_BUSH;-622.106;-505.052;14076.011;-1493.339;Линейная посадка (живая изгородь/ряд вдоль полосы);07_nizhnie_polya;"Линейная посадка (живая изгородь/ряд вдоль полосы) — по аналогии с проектом «07_nizhnie_polya»; ближайшее ограничение — пешеходная дорожка / тротуар: 3.4 м при норме 0.5 м (СП 42.13330.2016, п. 9.6, табл. 9.1; ППМ 743-ПП, табл. 3.6.1)";"ассортимент для озеленения Москвы, категория «магистрали и улицы»; без инвазивных видов ППМ 369-ПП";пешеходная дорожка / тротуар;3.35;0.5;"СП 42.13330.2016, п. 9.6, табл. 9.1; ППМ 743-ПП, табл. 3.6.1"
bush_path_corridor_108_008;посажено;bush;Спирея березолистная;NEW_BUSH;-622.951;-506.168;14075.165;-1494.455;Линейная посадка (живая изгородь/ряд вдоль полосы);07_nizhnie_polya;"Линейная посадка (живая изгородь/ряд вдоль полосы) — по аналогии с проектом «07_nizhnie_polya»; ближайшее ограничение — пешеходная дорожка / тротуар: 3.4 м при норме 0.5 м (СП 42.13330.2016, п. 9.6, табл. 9.1; ППМ 743-ПП, табл. 3.6.1)";"ассортимент для озеленения Москвы, категория «магистрали и улицы»; без инвазивных видов ППМ 369-ПП";пешеходная дорожка / тротуар;3.39;0.5;"СП 42.13330.2016, п. 9.6, табл. 9.1; ППМ 743-ПП, табл. 3.6.1"
bush_path_corridor_108_009;посажено;bush;Спирея березолистная;NEW_BUSH;-624.642;-508.4;14073.475;-1496.687;Линейная посадка (живая изгородь/ряд вдоль полосы);07_nizhnie_polya;"Линейная посадка (живая изгородь/ряд вдоль полосы) — по аналогии с проектом «07_nizhnie_polya»; ближайшее ограничение — проезжая часть: 3.8 м при норме 1.0 м (СП 42.13330.2016, п. 9.6, табл. 9.1; ППМ 743-ПП, табл. 3.6.1)";"ассортимент для озеленения Москвы, категория «магистрали и улицы»; без инвазивных видов ППМ 369-ПП";проезжая часть;3.81;1.0;"СП 42.13330.2016, п. 9.6, табл. 9.1; ППМ 743-ПП, табл. 3.6.1"
bush_path_corridor_108_010;посажено;bush;Спирея березолистная;NEW_BUSH;-625.487;-509.516;14072.63;-1497.804;Линейная посадка (живая изгородь/ряд вдоль полосы);07_nizhnie_polya;"Линейная посадка (живая изгородь/ряд вдоль полосы) — по аналогии с проектом «07_nizhnie_polya»; ближайшее ограничение — проезжая часть: 3.8 м при норме 1.0 м (СП 42.13330.2016, п. 9.6, табл. 9.1; ППМ 743-ПП, табл. 3.6.1)";"ассортимент для озеленения Москвы, категория «магистрали и улицы»; без инвазивных видов ППМ 369-ПП";проезжая часть;3.78;1.0;"СП 42.13330.2016, п. 9.6, табл. 9.1; ППМ 743-ПП, табл. 3.6.1"
bush_path_corridor_108_011;посажено;bush;Спирея березолистная;NEW_BUSH;-626.333;-510.632;14071.784;-1498.92;Линейная посадка (живая изгородь/ряд вдоль полосы);07_nizhnie_polya;"Линейная посадка (живая изгородь/ряд вдоль полосы) — по аналогии с проектом «07_nizhnie_polya»; ближайшее ограничение — проезжая часть: 3.7 м при норме 1.0 м (СП 42.13330.2016, п. 9.6, табл. 9.1; ППМ 743-ПП, табл. 3.6.1)";"ассортимент для озеленения Москвы, категория «магистрали и улицы»; без инвазивных видов ППМ 369-ПП";проезжая часть;3.74;1.0;"СП 42.13330.2016, п. 9.6, табл. 9.1; ППМ 743-ПП, табл. 3.6.1"
bush_path_corridor_108_012;посажено;bush;Спирея березолистная;NEW_BUSH;-627.178;-511.748;14070.939;-1500.036;Линейная посадка (живая изгородь/ряд вдоль полосы);07_nizhnie_polya;"Линейная посадка (живая изгородь/ряд вдоль полосы) — по аналогии с проектом «07_nizhnie_polya»; ближайшее ограничение — проезжая часть: 3.7 м при норме 1.0 м (СП 42.13330.2016, п. 9.6, табл. 9.1; ППМ 743-ПП, табл. 3.6.1)";"ассортимент для озеленения Москвы, категория «магистрали и улицы»; без инвазивных видов ППМ 369-ПП";проезжая часть;3.7;1.0;"СП 42.13330.2016, п. 9.6, табл. 9.1; ППМ 743-ПП, табл. 3.6.1"
bush_path_corridor_108_013;посажено;bush;Спирея березолистная;NEW_BUSH;-628.023;-512.864;14070.094;-1501.152;Линейная посадка (живая изгородь/ряд вдоль полосы);07_nizhnie_polya;"Линейная посадка (живая изгородь/ряд вдоль полосы) — по аналогии с проектом «07_nizhnie_polya»; ближайшее ограничение — проезжая часть: 3.7 м при норме 1.0 м (СП 42.13330.2016, п. 9.6, табл. 9.1; ППМ 743-ПП, табл. 3.6.1)";"ассортимент для озеленения Москвы, категория «магистрали и улицы»; без инвазивных видов ППМ 369-ПП";проезжая часть;3.66;1.0;"СП 42.13330.2016, п. 9.6, табл. 9.1; ППМ 743-ПП, табл. 3.6.1"
bush_path_corridor_108_014;посажено;bush;Спирея березолистная;NEW_BUSH;-628.868;-513.98;14069.248;-1502.268;Линейная посадка (живая изгородь/ряд вдоль полосы);07_nizhnie_polya;"Линейная посадка (живая изгородь/ряд вдоль полосы) — по аналогии с проектом «07_nizhnie_polya»; ближайшее ограничение — проезжая часть: 3.6 м при норме 1.0 м (СП 42.13330.2016, п. 9.6, табл. 9.1; ППМ 743-ПП, табл. 3.6.1)";"ассортимент для озеленения Москвы, категория «магистрали и улицы»; без инвазивных видов ППМ 369-ПП";проезжая часть;3.62;1.0;"СП 42.13330.2016, п. 9.6, табл. 9.1; ППМ 743-ПП, табл. 3.6.1"
bush_path_corridor_108_015;посажено;bush;Спирея березолистная;NEW_BUSH;-629.714;-515.096;14068.403;-1503.384;Линейная посадка (живая изгородь/ряд вдоль полосы);07_nizhnie_polya;"Линейная посадка (живая изгородь/ряд вдоль полосы) — по аналогии с проектом «07_nizhnie_polya»; ближайшее ограничение — проезжая часть: 3.6 м при норме 1.0 м (СП 42.13330.2016, п. 9.6, табл. 9.1; ППМ 743-ПП, табл. 3.6.1)";"ассортимент для озеленения Москвы, категория «магистрали и улицы»; без инвазивных видов ППМ 369-ПП";проезжая часть;3.58;1.0;"СП 42.13330.2016, п. 9.6, табл. 9.1; ППМ 743-ПП, табл. 3.6.1"
bush_path_corridor_108_016;посажено;bush;Спирея березолистная;NEW_BUSH;-631.404;-517.328;14066.713;-1505.616;Линейная посадка (живая изгородь/ряд вдоль полосы);07_nizhnie_polya;"Линейная посадка (живая изгородь/ряд вдоль полосы) — по аналогии с проектом «07_nizhnie_polya»; ближайшее ограничение — проезжая часть: 3.5 м при норме 1.0 м (СП 42.13330.2016, п. 9.6, табл. 9.1; ППМ 743-ПП, табл. 3.6.1)";"ассортимент для озеленения Москвы, категория «магистрали и улицы»; без инвазивных видов ППМ 369-ПП";проезжая часть;3.51;1.0;"СП 42.13330.2016, п. 9.6, табл. 9.1; ППМ 743-ПП, табл. 3.6.1"
bush_path_corridor_108_017;посажено;bush;Спирея березолистная;NEW_BUSH;-632.249;-518.444;14065.867;-1506.732;Линейная посадка (живая изгородь/ряд вдоль полосы);07_nizhnie_polya;"Линейная посадка (живая изгородь/ряд вдоль полосы) — по аналогии с проектом «07_nizhnie_polya»; ближайшее ограничение — проезжая часть: 3.5 м при норме 1.0 м (СП 42.13330.2016, п. 9.6, табл. 9.1; ППМ 743-ПП, табл. 3.6.1)";"ассортимент для озеленения Москвы, категория «магистрали и улицы»; без инвазивных видов ППМ 369-ПП";проезжая часть;3.47;1.0;"СП 42.13330.2016, п. 9.6, табл. 9.1; ППМ 743-ПП, табл. 3.6.1"
bush_path_corridor_108_018;посажено;bush;Спирея березолистная;NEW_BUSH;-633.095;-519.56;14065.022;-1507.848;Линейная посадка (живая изгородь/ряд вдоль полосы);07_nizhnie_polya;"Линейная посадка (живая изгородь/ряд вдоль полосы) — по аналогии с проектом «07_nizhnie_polya»; ближайшее ограничение — проезжая часть: 3.4 м при норме 1.0 м (СП 42.13330.2016, п. 9.6, табл. 9.1; ППМ 743-ПП, табл. 3.6.1)";"ассортимент для озеленения Москвы, категория «магистрали и улицы»; без инвазивных видов ППМ 369-ПП";проезжая часть;3.43;1.0;"СП 42.13330.2016, п. 9.6, табл. 9.1; ППМ 743-ПП, табл. 3.6.1"
bush_path_corridor_108_019;посажено;bush;Спирея березолистная;NEW_BUSH;-633.94;-520.677;14064.177;-1508.964;Линейная посадка (живая изгородь/ряд вдоль полосы);07_nizhnie_polya;"Линейная посадка (живая изгородь/ряд вдоль полосы) — по аналогии с проектом «07_nizhnie_polya»; ближайшее ограничение — проезжая часть: 3.4 м при норме 1.0 м (СП 42.13330.2016, п. 9.6, табл. 9.1; ППМ 743-ПП, табл. 3.6.1)";"ассортимент для озеленения Москвы, категория «магистрали и улицы»; без инвазивных видов ППМ 369-ПП";проезжая часть;3.39;1.0;"СП 42.13330.2016, п. 9.6, табл. 9.1; ППМ 743-ПП, табл. 3.6.1"
bush_path_corridor_108_020;посажено;bush;Спирея березолистная;NEW_BUSH;-634.785;-521.793;14063.332;-1510.08;Линейная посадка (живая изгородь/ряд вдоль полосы);07_nizhnie_polya;"Линейная посадка (живая изгородь/ряд вдоль полосы) — по аналогии с проектом «07_nizhnie_polya»; ближайшее ограничение — проезжая часть: 3.4 м при норме 1.0 м (СП 42.13330.2016, п. 9.6, табл. 9.1; ППМ 743-ПП, табл. 3.6.1)";"ассортимент для озеленения Москвы, категория «магистрали и улицы»; без инвазивных видов ППМ 369-ПП";проезжая часть;3.42;1.0;"СП 42.13330.2016, п. 9.6, табл. 9.1; ППМ 743-ПП, табл. 3.6.1"
bush_path_corridor_108_021;посажено;bush;Спирея березолистная;NEW_BUSH;-635.63;-522.909;14062.486;-1511.196;Линейная посадка (живая изгородь/ряд вдоль полосы);07_nizhnie_polya;"Линейная посадка (живая изгородь/ряд вдоль полосы) — по аналогии с проектом «07_nizhnie_polya»; ближайшее ограничение — проезжая часть: 3.9 м при норме 1.0 м (СП 42.13330.2016, п. 9.6, табл. 9.1; ППМ 743-ПП, табл. 3.6.1)";"ассортимент для озеленения Москвы, категория «магистрали и улицы»; без инвазивных видов ППМ 369-ПП";проезжая часть;3.92;1.0;"СП 42.13330.2016, п. 9.6, табл. 9.1; ППМ 743-ПП, табл. 3.6.1"
bush_path_corridor_109_001;посажено;bush;Спирея березолистная;NEW_BUSH;-580.167;-452.199;14117.95;-1440.486;Линейная посадка (живая изгородь/ряд вдоль полосы);07_nizhnie_polya;"Линейная посадка (живая изгородь/ряд вдоль полосы) — по аналогии с проектом «07_nizhnie_polya»; ближайшее ограничение — пешеходная дорожка / тротуар: 2.7 м при норме 0.5 м (СП 42.13330.2016, п. 9.6, табл. 9.1; ППМ 743-ПП, табл. 3.6.1)";"ассортимент для озеленения Москвы, категория «магистрали и улицы»; без инвазивных видов ППМ 369-ПП";пешеходная дорожка / тротуар;2.73;0.5;"СП 42.13330.2016, п. 9.6, табл. 9.1; ППМ 743-ПП, табл. 3.6.1"
bush_path_corridor_109_002;посажено;bush;Спирея березолистная;NEW_BUSH;-581.918;-454.384;14116.199;-1442.671;Линейная посадка (живая изгородь/ряд вдоль полосы);07_nizhnie_polya;"Линейная посадка (живая изгородь/ряд вдоль полосы) — по аналогии с проектом «07_nizhnie_polya»; ближайшее ограничение — пешеходная дорожка / тротуар: 2.7 м при норме 0.5 м (СП 42.13330.2016, п. 9.6, табл. 9.1; ППМ 743-ПП, табл. 3.6.1)";"ассортимент для озеленения Москвы, категория «магистрали и улицы»; без инвазивных видов ППМ 369-ПП";пешеходная дорожка / тротуар;2.74;0.5;"СП 42.13330.2016, п. 9.6, табл. 9.1; ППМ 743-ПП, табл. 3.6.1"
tree_path_corridor_110_001;посажено;tree;Вяз гибридный Резиста;NEW_TREE;-573.886;-440.993;14124.231;-1429.281;Линейная посадка (живая изгородь/ряд вдоль полосы);07_nizhnie_polya;"Линейная посадка (живая изгородь/ряд вдоль полосы) — по аналогии с проектом «07_nizhnie_polya»; ближайшее ограничение — проезжая часть: 2.4 м при норме 2.0 м (СП 42.13330.2016, п. 9.6, табл. 9.1; ППМ 743-ПП, табл. 3.6.1)";"ассортимент для озеленения Москвы, категория «магистрали и улицы»; без инвазивных видов ППМ 369-ПП";проезжая часть;2.35;2.0;"СП 42.13330.2016, п. 9.6, табл. 9.1; ППМ 743-ПП, табл. 3.6.1"
tree_path_corridor_111_001;посажено;tree;Вяз гибридный Резиста;NEW_TREE;-617.925;-556.796;14080.192;-1545.084;Линейная посадка (живая изгородь/ряд вдоль полосы);07_nizhnie_polya;"Линейная посадка (живая изгородь/ряд вдоль полосы) — по аналогии с проектом «07_nizhnie_polya»; ближайшее ограничение — проезжая часть: 2.9 м при норме 2.0 м (СП 42.13330.2016, п. 9.6, табл. 9.1; ППМ 743-ПП, табл. 3.6.1)";"ассортимент для озеленения Москвы, категория «магистрали и улицы»; без инвазивных видов ППМ 369-ПП";проезжая часть;2.9;2.0;"СП 42.13330.2016, п. 9.6, табл. 9.1; ППМ 743-ПП, табл. 3.6.1"
tree_path_corridor_111_002;посажено;tree;Вяз гибридный Резиста;NEW_TREE;-627.152;-549.282;14070.965;-1537.569;Линейная посадка (живая изгородь/ряд вдоль полосы);07_nizhnie_polya;"Линейная посадка (живая изгородь/ряд вдоль полосы) — по аналогии с проектом «07_nizhnie_polya»; ближайшее ограничение — проезжая часть: 2.9 м при норме 2.0 м (СП 42.13330.2016, п. 9.6, табл. 9.1; ППМ 743-ПП, табл. 3.6.1)";"ассортимент для озеленения Москвы, категория «магистрали и улицы»; без инвазивных видов ППМ 369-ПП";проезжая часть;2.9;2.0;"СП 42.13330.2016, п. 9.6, табл. 9.1; ППМ 743-ПП, табл. 3.6.1"
bush_path_corridor_111_001;посажено;bush;Спирея березолистная;NEW_BUSH;-610.597;-562.764;14087.52;-1551.051;Линейная посадка (живая изгородь/ряд вдоль полосы);07_nizhnie_polya;"Линейная посадка (живая изгородь/ряд вдоль полосы) — по аналогии с проектом «07_nizhnie_polya»; ближайшее ограничение — пешеходная дорожка / тротуар: 1.6 м при норме 0.5 м (СП 42.13330.2016, п. 9.6, табл. 9.1; ППМ 743-ПП, табл. 3.6.1)";"ассортимент для озеленения Москвы, категория «магистрали и улицы»; без инвазивных видов ППМ 369-ПП";пешеходная дорожка / тротуар;1.6;0.5;"СП 42.13330.2016, п. 9.6, табл. 9.1; ППМ 743-ПП, табл. 3.6.1"
bush_path_corridor_111_002;посажено;bush;Спирея березолистная;NEW_BUSH;-611.683;-561.88;14086.434;-1550.167;Линейная посадка (живая изгородь/ряд вдоль полосы);07_nizhnie_polya;"Линейная посадка (живая изгородь/ряд вдоль полосы) — по аналогии с проектом «07_nizhnie_polya»; ближайшее ограничение — пешеходная дорожка / тротуар: 1.6 м при норме 0.5 м (СП 42.13330.2016, п. 9.6, табл. 9.1; ППМ 743-ПП, табл. 3.6.1)";"ассортимент для озеленения Москвы, категория «магистрали и улицы»; без инвазивных видов ППМ 369-ПП";пешеходная дорожка / тротуар;1.6;0.5;"СП 42.13330.2016, п. 9.6, табл. 9.1; ППМ 743-ПП, табл. 3.6.1"
bush_path_corridor_111_003;посажено;bush;Спирея березолистная;NEW_BUSH;-612.768;-560.996;14085.349;-1549.283;Линейная посадка (живая изгородь/ряд вдоль полосы);07_nizhnie_polya;"Линейная посадка (живая изгородь/ряд вдоль полосы) — по аналогии с проектом «07_nizhnie_polya»; ближайшее ограничение — пешеходная дорожка / тротуар: 1.6 м при норме 0.5 м (СП 42.13330.2016, п. 9.6, табл. 9.1; ППМ 743-ПП, табл. 3.6.1)";"ассортимент для озеленения Москвы, категория «магистрали и улицы»; без инвазивных видов ППМ 369-ПП";пешеходная дорожка / тротуар;1.6;0.5;"СП 42.13330.2016, п. 9.6, табл. 9.1; ППМ 743-ПП, табл. 3.6.1"
bush_path_corridor_111_004;посажено;bush;Спирея березолистная;NEW_BUSH;-613.854;-560.112;14084.263;-1548.399;Линейная посадка (живая изгородь/ряд вдоль полосы);07_nizhnie_polya;"Линейная посадка (живая изгородь/ряд вдоль полосы) — по аналогии с проектом «07_nizhnie_polya»; ближайшее ограничение — пешеходная дорожка / тротуар: 1.6 м при норме 0.5 м (СП 42.13330.2016, п. 9.6, табл. 9.1; ППМ 743-ПП, табл. 3.6.1)";"ассортимент для озеленения Москвы, категория «магистрали и улицы»; без инвазивных видов ППМ 369-ПП";пешеходная дорожка / тротуар;1.6;0.5;"СП 42.13330.2016, п. 9.6, табл. 9.1; ППМ 743-ПП, табл. 3.6.1"
bush_path_corridor_111_005;посажено;bush;Спирея березолистная;NEW_BUSH;-614.939;-559.227;14083.178;-1547.515;Линейная посадка (живая изгородь/ряд вдоль полосы);07_nizhnie_polya;"Линейная посадка (живая изгородь/ряд вдоль полосы) — по аналогии с проектом «07_nizhnie_polya»; ближайшее ограничение — пешеходная дорожка / тротуар: 1.6 м при норме 0.5 м (СП 42.13330.2016, п. 9.6, табл. 9.1; ППМ 743-ПП, табл. 3.6.1)";"ассортимент для озеленения Москвы, категория «магистрали и улицы»; без инвазивных видов ППМ 369-ПП";пешеходная дорожка / тротуар;1.6;0.5;"СП 42.13330.2016, п. 9.6, табл. 9.1; ППМ 743-ПП, табл. 3.6.1"
bush_path_corridor_111_006;посажено;bush;Спирея березолистная;NEW_BUSH;-616.025;-558.343;14082.092;-1546.631;Линейная посадка (живая изгородь/ряд вдоль полосы);07_nizhnie_polya;"Линейная посадка (живая изгородь/ряд вдоль полосы) — по аналогии с проектом «07_nizhnie_polya»; ближайшее ограничение — пешеходная дорожка / тротуар: 1.6 м при норме 0.5 м (СП 42.13330.2016, п. 9.6, табл. 9.1; ППМ 743-ПП, табл. 3.6.1)";"ассортимент для озеленения Москвы, категория «магистрали и улицы»; без инвазивных видов ППМ 369-ПП";пешеходная дорожка / тротуар;1.6;0.5;"СП 42.13330.2016, п. 9.6, табл. 9.1; ППМ 743-ПП, табл. 3.6.1"
bush_path_corridor_111_007;посажено;bush;Спирея березолистная;NEW_BUSH;-617.11;-557.459;14081.006;-1545.747;Линейная посадка (живая изгородь/ряд вдоль полосы);07_nizhnie_polya;"Линейная посадка (живая изгородь/ряд вдоль полосы) — по аналогии с проектом «07_nizhnie_polya»; ближайшее ограничение — пешеходная дорожка / тротуар: 1.6 м при норме 0.5 м (СП 42.13330.2016, п. 9.6, табл. 9.1; ППМ 743-ПП, табл. 3.6.1)";"ассортимент для озеленения Москвы, категория «магистрали и улицы»; без инвазивных видов ППМ 369-ПП";пешеходная дорожка / тротуар;1.6;0.5;"СП 42.13330.2016, п. 9.6, табл. 9.1; ППМ 743-ПП, табл. 3.6.1"
bush_path_corridor_111_008;посажено;bush;Спирея березолистная;NEW_BUSH;-619.282;-555.691;14078.835;-1543.979;Линейная посадка (живая изгородь/ряд вдоль полосы);07_nizhnie_polya;"Линейная посадка (живая изгородь/ряд вдоль полосы) — по аналогии с проектом «07_nizhnie_polya»; ближайшее ограничение — пешеходная дорожка / тротуар: 1.6 м при норме 0.5 м (СП 42.13330.2016, п. 9.6, табл. 9.1; ППМ 743-ПП, табл. 3.6.1)";"ассортимент для озеленения Москвы, категория «магистрали и улицы»; без инвазивных видов ППМ 369-ПП";пешеходная дорожка / тротуар;1.6;0.5;"СП 42.13330.2016, п. 9.6, табл. 9.1; ППМ 743-ПП, табл. 3.6.1"
bush_path_corridor_111_009;посажено;bush;Спирея березолистная;NEW_BUSH;-620.367;-554.807;14077.75;-1543.095;Линейная посадка (живая изгородь/ряд вдоль полосы);07_nizhnie_polya;"Линейная посадка (живая изгородь/ряд вдоль полосы) — по аналогии с проектом «07_nizhnie_polya»; ближайшее ограничение — пешеходная дорожка / тротуар: 1.6 м при норме 0.5 м (СП 42.13330.2016, п. 9.6, табл. 9.1; ППМ 743-ПП, табл. 3.6.1)";"ассортимент для озеленения Москвы, категория «магистрали и улицы»; без инвазивных видов ППМ 369-ПП";пешеходная дорожка / тротуар;1.6;0.5;"СП 42.13330.2016, п. 9.6, табл. 9.1; ППМ 743-ПП, табл. 3.6.1"
bush_path_corridor_111_010;посажено;bush;Спирея березолистная;NEW_BUSH;-621.453;-553.923;14076.664;-1542.211;Линейная посадка (живая изгородь/ряд вдоль полосы);07_nizhnie_polya;"Линейная посадка (живая изгородь/ряд вдоль полосы) — по аналогии с проектом «07_nizhnie_polya»; ближайшее ограничение — пешеходная дорожка / тротуар: 1.6 м при норме 0.5 м (СП 42.13330.2016, п. 9.6, табл. 9.1; ППМ 743-ПП, табл. 3.6.1)";"ассортимент для озеленения Москвы, категория «магистрали и улицы»; без инвазивных видов ППМ 369-ПП";пешеходная дорожка / тротуар;1.6;0.5;"СП 42.13330.2016, п. 9.6, табл. 9.1; ППМ 743-ПП, табл. 3.6.1"
bush_path_corridor_111_011;посажено;bush;Спирея березолистная;NEW_BUSH;-622.538;-553.039;14075.578;-1541.327;Линейная посадка (живая изгородь/ряд вдоль полосы);07_nizhnie_polya;"Линейная посадка (живая изгородь/ряд вдоль полосы) — по аналогии с проектом «07_nizhnie_polya»; ближайшее ограничение — пешеходная дорожка / тротуар: 1.6 м при норме 0.5 м (СП 42.13330.2016, п. 9.6, табл. 9.1; ППМ 743-ПП, табл. 3.6.1)";"ассортимент для озеленения Москвы, категория «магистрали и улицы»; без инвазивных видов ППМ 369-ПП";пешеходная дорожка / тротуар;1.6;0.5;"СП 42.13330.2016, п. 9.6, табл. 9.1; ППМ 743-ПП, табл. 3.6.1"
bush_path_corridor_111_012;посажено;bush;Спирея березолистная;NEW_BUSH;-623.624;-552.155;14074.493;-1540.443;Линейная посадка (живая изгородь/ряд вдоль полосы);07_nizhnie_polya;"Линейная посадка (живая изгородь/ряд вдоль полосы) — по аналогии с проектом «07_nizhnie_polya»; ближайшее ограничение — пешеходная дорожка / тротуар: 1.6 м при норме 0.5 м (СП 42.13330.2016, п. 9.6, табл. 9.1; ППМ 743-ПП, табл. 3.6.1)";"ассортимент для озеленения Москвы, категория «магистрали и улицы»; без инвазивных видов ППМ 369-ПП";пешеходная дорожка / тротуар;1.6;0.5;"СП 42.13330.2016, п. 9.6, табл. 9.1; ППМ 743-ПП, табл. 3.6.1"
bush_path_corridor_111_013;посажено;bush;Спирея березолистная;NEW_BUSH;-624.709;-551.271;14073.407;-1539.559;Линейная посадка (живая изгородь/ряд вдоль полосы);07_nizhnie_polya;"Линейная посадка (живая изгородь/ряд вдоль полосы) — по аналогии с проектом «07_nizhnie_polya»; ближайшее ограничение — пешеходная дорожка / тротуар: 1.6 м при норме 0.5 м (СП 42.13330.2016, п. 9.6, табл. 9.1; ППМ 743-ПП, табл. 3.6.1)";"ассортимент для озеленения Москвы, категория «магистрали и улицы»; без инвазивных видов ППМ 369-ПП";пешеходная дорожка / тротуар;1.6;0.5;"СП 42.13330.2016, п. 9.6, табл. 9.1; ППМ 743-ПП, табл. 3.6.1"
bush_path_corridor_111_014;посажено;bush;Спирея березолистная;NEW_BUSH;-625.795;-550.387;14072.322;-1538.674;Линейная посадка (живая изгородь/ряд вдоль полосы);07_nizhnie_polya;"Линейная посадка (живая изгородь/ряд вдоль полосы) — по аналогии с проектом «07_nizhnie_polya»; ближайшее ограничение — пешеходная дорожка / тротуар: 1.6 м при норме 0.5 м (СП 42.13330.2016, п. 9.6, табл. 9.1; ППМ 743-ПП, табл. 3.6.1)";"ассортимент для озеленения Москвы, категория «магистрали и улицы»; без инвазивных видов ППМ 369-ПП";пешеходная дорожка / тротуар;1.6;0.5;"СП 42.13330.2016, п. 9.6, табл. 9.1; ППМ 743-ПП, табл. 3.6.1"
bush_path_corridor_111_015;посажено;bush;Спирея березолистная;NEW_BUSH;-627.966;-548.619;14070.151;-1536.906;Линейная посадка (живая изгородь/ряд вдоль полосы);07_nizhnie_polya;"Линейная посадка (живая изгородь/ряд вдоль полосы) — по аналогии с проектом «07_nizhnie_polya»; ближайшее ограничение — пешеходная дорожка / тротуар: 1.6 м при норме 0.5 м (СП 42.13330.2016, п. 9.6, табл. 9.1; ППМ 743-ПП, табл. 3.6.1)";"ассортимент для озеленения Москвы, категория «магистрали и улицы»; без инвазивных видов ППМ 369-ПП";пешеходная дорожка / тротуар;1.6;0.5;"СП 42.13330.2016, п. 9.6, табл. 9.1; ППМ 743-ПП, табл. 3.6.1"
bush_path_corridor_111_016;посажено;bush;Спирея березолистная;NEW_BUSH;-629.052;-547.735;14069.065;-1536.022;Линейная посадка (живая изгородь/ряд вдоль полосы);07_nizhnie_polya;"Линейная посадка (живая изгородь/ряд вдоль полосы) — по аналогии с проектом «07_nizhnie_polya»; ближайшее ограничение — пешеходная дорожка / тротуар: 1.6 м при норме 0.5 м (СП 42.13330.2016, п. 9.6, табл. 9.1; ППМ 743-ПП, табл. 3.6.1)";"ассортимент для озеленения Москвы, категория «магистрали и улицы»; без инвазивных видов ППМ 369-ПП";пешеходная дорожка / тротуар;1.6;0.5;"СП 42.13330.2016, п. 9.6, табл. 9.1; ППМ 743-ПП, табл. 3.6.1"
bush_path_corridor_111_017;посажено;bush;Спирея березолистная;NEW_BUSH;-630.137;-546.851;14067.979;-1535.138;Линейная посадка (живая изгородь/ряд вдоль полосы);07_nizhnie_polya;"Линейная посадка (живая изгородь/ряд вдоль полосы) — по аналогии с проектом «07_nizhnie_polya»; ближайшее ограничение — пешеходная дорожка / тротуар: 1.6 м при норме 0.5 м (СП 42.13330.2016, п. 9.6, табл. 9.1; ППМ 743-ПП, табл. 3.6.1)";"ассортимент для озеленения Москвы, категория «магистрали и улицы»; без инвазивных видов ППМ 369-ПП";пешеходная дорожка / тротуар;1.6;0.5;"СП 42.13330.2016, п. 9.6, табл. 9.1; ППМ 743-ПП, табл. 3.6.1"
bush_path_corridor_111_018;посажено;bush;Спирея березолистная;NEW_BUSH;-631.223;-545.967;14066.894;-1534.254;Линейная посадка (живая изгородь/ряд вдоль полосы);07_nizhnie_polya;"Линейная посадка (живая изгородь/ряд вдоль полосы) — по аналогии с проектом «07_nizhnie_polya»; ближайшее ограничение — пешеходная дорожка / тротуар: 1.6 м при норме 0.5 м (СП 42.13330.2016, п. 9.6, табл. 9.1; ППМ 743-ПП, табл. 3.6.1)";"ассортимент для озеленения Москвы, категория «магистрали и улицы»; без инвазивных видов ППМ 369-ПП";пешеходная дорожка / тротуар;1.6;0.5;"СП 42.13330.2016, п. 9.6, табл. 9.1; ППМ 743-ПП, табл. 3.6.1"
bush_path_corridor_111_019;посажено;bush;Спирея березолистная;NEW_BUSH;-632.308;-545.083;14065.808;-1533.37;Линейная посадка (живая изгородь/ряд вдоль полосы);07_nizhnie_polya;"Линейная посадка (живая изгородь/ряд вдоль полосы) — по аналогии с проектом «07_nizhnie_polya»; ближайшее ограничение — пешеходная дорожка / тротуар: 1.6 м при норме 0.5 м (СП 42.13330.2016, п. 9.6, табл. 9.1; ППМ 743-ПП, табл. 3.6.1)";"ассортимент для озеленения Москвы, категория «магистрали и улицы»; без инвазивных видов ППМ 369-ПП";пешеходная дорожка / тротуар;1.6;0.5;"СП 42.13330.2016, п. 9.6, табл. 9.1; ППМ 743-ПП, табл. 3.6.1"
bush_path_corridor_111_020;посажено;bush;Спирея березолистная;NEW_BUSH;-633.394;-544.199;14064.723;-1532.486;Линейная посадка (живая изгородь/ряд вдоль полосы);07_nizhnie_polya;"Линейная посадка (живая изгородь/ряд вдоль полосы) — по аналогии с проектом «07_nizhnie_polya»; ближайшее ограничение — пешеходная дорожка / тротуар: 1.6 м при норме 0.5 м (СП 42.13330.2016, п. 9.6, табл. 9.1; ППМ 743-ПП, табл. 3.6.1)";"ассортимент для озеленения Москвы, категория «магистрали и улицы»; без инвазивных видов ППМ 369-ПП";пешеходная дорожка / тротуар;1.6;0.5;"СП 42.13330.2016, п. 9.6, табл. 9.1; ППМ 743-ПП, табл. 3.6.1"
bush_path_corridor_111_021;посажено;bush;Спирея березолистная;NEW_BUSH;-634.48;-543.315;14063.637;-1531.602;Линейная посадка (живая изгородь/ряд вдоль полосы);07_nizhnie_polya;"Линейная посадка (живая изгородь/ряд вдоль полосы) — по аналогии с проектом «07_nizhnie_polya»; ближайшее ограничение — пешеходная дорожка / тротуар: 1.6 м при норме 0.5 м (СП 42.13330.2016, п. 9.6, табл. 9.1; ППМ 743-ПП, табл. 3.6.1)";"ассортимент для озеленения Москвы, категория «магистрали и улицы»; без инвазивных видов ППМ 369-ПП";пешеходная дорожка / тротуар;1.6;0.5;"СП 42.13330.2016, п. 9.6, табл. 9.1; ППМ 743-ПП, табл. 3.6.1"
tree_path_corridor_112_001;посажено;tree;Вяз гибридный Резиста;NEW_TREE;-451.074;-332.735;14247.043;-1321.022;Линейная посадка (живая изгородь/ряд вдоль полосы);07_nizhnie_polya;"Линейная посадка (живая изгородь/ряд вдоль полосы) — по аналогии с проектом «07_nizhnie_polya»; ближайшее ограничение — теплосеть: 2.5 м при норме 2.0 м (СП 42.13330.2016, п. 9.6, табл. 9.1; ППМ 743-ПП, табл. 3.6.1)";"ассортимент для озеленения Москвы, категория «магистрали и улицы»; без инвазивных видов ППМ 369-ПП";теплосеть;2.54;2.0;"СП 42.13330.2016, п. 9.6, табл. 9.1; ППМ 743-ПП, табл. 3.6.1"
bush_path_corridor_113_001;посажено;bush;Спирея березолистная;NEW_BUSH;-539.414;-397.765;14158.702;-1386.053;Линейная посадка (живая изгородь/ряд вдоль полосы);07_nizhnie_polya;"Линейная посадка (живая изгородь/ряд вдоль полосы) — по аналогии с проектом «07_nizhnie_polya»; ближайшее ограничение — проезжая часть: 2.5 м при норме 1.0 м (СП 42.13330.2016, п. 9.6, табл. 9.1; ППМ 743-ПП, табл. 3.6.1)";"ассортимент для озеленения Москвы, категория «магистрали и улицы»; без инвазивных видов ППМ 369-ПП";проезжая часть;2.48;1.0;"СП 42.13330.2016, п. 9.6, табл. 9.1; ППМ 743-ПП, табл. 3.6.1"
bush_path_corridor_113_002;посажено;bush;Спирея березолистная;NEW_BUSH;-540.29;-398.858;14157.827;-1387.145;Линейная посадка (живая изгородь/ряд вдоль полосы);07_nizhnie_polya;"Линейная посадка (живая изгородь/ряд вдоль полосы) — по аналогии с проектом «07_nizhnie_polya»; ближайшее ограничение — проезжая часть: 2.5 м при норме 1.0 м (СП 42.13330.2016, п. 9.6, табл. 9.1; ППМ 743-ПП, табл. 3.6.1)";"ассортимент для озеленения Москвы, категория «магистрали и улицы»; без инвазивных видов ППМ 369-ПП";проезжая часть;2.48;1.0;"СП 42.13330.2016, п. 9.6, табл. 9.1; ППМ 743-ПП, табл. 3.6.1"
bush_path_corridor_113_003;посажено;bush;Спирея березолистная;NEW_BUSH;-541.165;-399.95;14156.952;-1388.238;Линейная посадка (живая изгородь/ряд вдоль полосы);07_nizhnie_polya;"Линейная посадка (живая изгородь/ряд вдоль полосы) — по аналогии с проектом «07_nizhnie_polya»; ближайшее ограничение — пешеходная дорожка / тротуар: 1.8 м при норме 0.5 м (СП 42.13330.2016, п. 9.6, табл. 9.1; ППМ 743-ПП, табл. 3.6.1)";"ассортимент для озеленения Москвы, категория «магистрали и улицы»; без инвазивных видов ППМ 369-ПП";пешеходная дорожка / тротуар;1.78;0.5;"СП 42.13330.2016, п. 9.6, табл. 9.1; ППМ 743-ПП, табл. 3.6.1"
bush_path_corridor_113_004;посажено;bush;Спирея березолистная;NEW_BUSH;-542.916;-402.136;14155.201;-1390.423;Линейная посадка (живая изгородь/ряд вдоль полосы);07_nizhnie_polya;"Линейная посадка (живая изгородь/ряд вдоль полосы) — по аналогии с проектом «07_nizhnie_polya»; ближайшее ограничение — пешеходная дорожка / тротуар: 1.1 м при норме 0.5 м (СП 42.13330.2016, п. 9.6, табл. 9.1; ППМ 743-ПП, табл. 3.6.1)";"ассортимент для озеленения Москвы, категория «магистрали и улицы»; без инвазивных видов ППМ 369-ПП";пешеходная дорожка / тротуар;1.06;0.5;"СП 42.13330.2016, п. 9.6, табл. 9.1; ППМ 743-ПП, табл. 3.6.1"
bush_path_corridor_113_005;посажено;bush;Спирея березолистная;NEW_BUSH;-544.667;-404.321;14153.45;-1392.608;Линейная посадка (живая изгородь/ряд вдоль полосы);07_nizhnie_polya;"Линейная посадка (живая изгородь/ряд вдоль полосы) — по аналогии с проектом «07_nizhnie_polya»; ближайшее ограничение — пешеходная дорожка / тротуар: 0.7 м при норме 0.5 м (СП 42.13330.2016, п. 9.6, табл. 9.1; ППМ 743-ПП, табл. 3.6.1)";"ассортимент для озеленения Москвы, категория «магистрали и улицы»; без инвазивных видов ППМ 369-ПП";пешеходная дорожка / тротуар;0.73;0.5;"СП 42.13330.2016, п. 9.6, табл. 9.1; ППМ 743-ПП, табл. 3.6.1"
bush_path_corridor_113_006;посажено;bush;Спирея березолистная;NEW_BUSH;-545.542;-405.413;14152.575;-1393.701;Линейная посадка (живая изгородь/ряд вдоль полосы);07_nizhnie_polya;"Линейная посадка (живая изгородь/ряд вдоль полосы) — по аналогии с проектом «07_nizhnie_polya»; ближайшее ограничение — пешеходная дорожка / тротуар: 0.7 м при норме 0.5 м (СП 42.13330.2016, п. 9.6, табл. 9.1; ППМ 743-ПП, табл. 3.6.1)";"ассортимент для озеленения Москвы, категория «магистрали и улицы»; без инвазивных видов ППМ 369-ПП";пешеходная дорожка / тротуар;0.73;0.5;"СП 42.13330.2016, п. 9.6, табл. 9.1; ППМ 743-ПП, табл. 3.6.1"
bush_path_corridor_113_007;посажено;bush;Спирея березолистная;NEW_BUSH;-546.418;-406.506;14151.699;-1394.793;Линейная посадка (живая изгородь/ряд вдоль полосы);07_nizhnie_polya;"Линейная посадка (живая изгородь/ряд вдоль полосы) — по аналогии с проектом «07_nizhnie_polya»; ближайшее ограничение — пешеходная дорожка / тротуар: 0.7 м при норме 0.5 м (СП 42.13330.2016, п. 9.6, табл. 9.1; ППМ 743-ПП, табл. 3.6.1)";"ассортимент для озеленения Москвы, категория «магистрали и улицы»; без инвазивных видов ППМ 369-ПП";пешеходная дорожка / тротуар;0.74;0.5;"СП 42.13330.2016, п. 9.6, табл. 9.1; ППМ 743-ПП, табл. 3.6.1"
bush_path_corridor_113_008;посажено;bush;Спирея березолистная;NEW_BUSH;-547.293;-407.598;14150.824;-1395.886;Линейная посадка (живая изгородь/ряд вдоль полосы);07_nizhnie_polya;"Линейная посадка (живая изгородь/ряд вдоль полосы) — по аналогии с проектом «07_nizhnie_polya»; ближайшее ограничение — пешеходная дорожка / тротуар: 0.8 м при норме 0.5 м (СП 42.13330.2016, п. 9.6, табл. 9.1; ППМ 743-ПП, табл. 3.6.1)";"ассортимент для озеленения Москвы, категория «магистрали и улицы»; без инвазивных видов ППМ 369-ПП";пешеходная дорожка / тротуар;0.75;0.5;"СП 42.13330.2016, п. 9.6, табл. 9.1; ППМ 743-ПП, табл. 3.6.1"
bush_path_corridor_113_009;посажено;bush;Спирея березолистная;NEW_BUSH;-548.168;-408.691;14149.948;-1396.978;Линейная посадка (живая изгородь/ряд вдоль полосы);07_nizhnie_polya;"Линейная посадка (живая изгородь/ряд вдоль полосы) — по аналогии с проектом «07_nizhnie_polya»; ближайшее ограничение — пешеходная дорожка / тротуар: 0.8 м при норме 0.5 м (СП 42.13330.2016, п. 9.6, табл. 9.1; ППМ 743-ПП, табл. 3.6.1)";"ассортимент для озеленения Москвы, категория «магистрали и улицы»; без инвазивных видов ППМ 369-ПП";пешеходная дорожка / тротуар;0.75;0.5;"СП 42.13330.2016, п. 9.6, табл. 9.1; ППМ 743-ПП, табл. 3.6.1"
bush_path_corridor_113_010;посажено;bush;Спирея березолистная;NEW_BUSH;-549.044;-409.783;14149.073;-1398.071;Линейная посадка (живая изгородь/ряд вдоль полосы);07_nizhnie_polya;"Линейная посадка (живая изгородь/ряд вдоль полосы) — по аналогии с проектом «07_nizhnie_polya»; ближайшее ограничение — пешеходная дорожка / тротуар: 0.8 м при норме 0.5 м (СП 42.13330.2016, п. 9.6, табл. 9.1; ППМ 743-ПП, табл. 3.6.1)";"ассортимент для озеленения Москвы, категория «магистрали и улицы»; без инвазивных видов ППМ 369-ПП";пешеходная дорожка / тротуар;0.76;0.5;"СП 42.13330.2016, п. 9.6, табл. 9.1; ППМ 743-ПП, табл. 3.6.1"
bush_path_corridor_113_011;посажено;bush;Спирея березолистная;NEW_BUSH;-549.919;-410.876;14148.198;-1399.163;Линейная посадка (живая изгородь/ряд вдоль полосы);07_nizhnie_polya;"Линейная посадка (живая изгородь/ряд вдоль полосы) — по аналогии с проектом «07_nizhnie_polya»; ближайшее ограничение — пешеходная дорожка / тротуар: 0.8 м при норме 0.5 м (СП 42.13330.2016, п. 9.6, табл. 9.1; ППМ 743-ПП, табл. 3.6.1)";"ассортимент для озеленения Москвы, категория «магистрали и улицы»; без инвазивных видов ППМ 369-ПП";пешеходная дорожка / тротуар;0.76;0.5;"СП 42.13330.2016, п. 9.6, табл. 9.1; ППМ 743-ПП, табл. 3.6.1"
bush_path_corridor_113_012;посажено;bush;Спирея березолистная;NEW_BUSH;-550.795;-411.969;14147.322;-1400.256;Линейная посадка (живая изгородь/ряд вдоль полосы);07_nizhnie_polya;"Линейная посадка (живая изгородь/ряд вдоль полосы) — по аналогии с проектом «07_nizhnie_polya»; ближайшее ограничение — пешеходная дорожка / тротуар: 0.8 м при норме 0.5 м (СП 42.13330.2016, п. 9.6, табл. 9.1; ППМ 743-ПП, табл. 3.6.1)";"ассортимент для озеленения Москвы, категория «магистрали и улицы»; без инвазивных видов ППМ 369-ПП";пешеходная дорожка / тротуар;0.77;0.5;"СП 42.13330.2016, п. 9.6, табл. 9.1; ППМ 743-ПП, табл. 3.6.1"
bush_path_corridor_113_013;посажено;bush;Спирея березолистная;NEW_BUSH;-551.67;-413.061;14146.447;-1401.348;Линейная посадка (живая изгородь/ряд вдоль полосы);07_nizhnie_polya;"Линейная посадка (живая изгородь/ряд вдоль полосы) — по аналогии с проектом «07_nizhnie_polya»; ближайшее ограничение — пешеходная дорожка / тротуар: 0.8 м при норме 0.5 м (СП 42.13330.2016, п. 9.6, табл. 9.1; ППМ 743-ПП, табл. 3.6.1)";"ассортимент для озеленения Москвы, категория «магистрали и улицы»; без инвазивных видов ППМ 369-ПП";пешеходная дорожка / тротуар;0.78;0.5;"СП 42.13330.2016, п. 9.6, табл. 9.1; ППМ 743-ПП, табл. 3.6.1"
bush_path_corridor_113_014;посажено;bush;Спирея березолистная;NEW_BUSH;-553.421;-415.246;14144.696;-1403.534;Линейная посадка (живая изгородь/ряд вдоль полосы);07_nizhnie_polya;"Линейная посадка (живая изгородь/ряд вдоль полосы) — по аналогии с проектом «07_nizhnie_polya»; ближайшее ограничение — пешеходная дорожка / тротуар: 0.8 м при норме 0.5 м (СП 42.13330.2016, п. 9.6, табл. 9.1; ППМ 743-ПП, табл. 3.6.1)";"ассортимент для озеленения Москвы, категория «магистрали и улицы»; без инвазивных видов ППМ 369-ПП";пешеходная дорожка / тротуар;0.79;0.5;"СП 42.13330.2016, п. 9.6, табл. 9.1; ППМ 743-ПП, табл. 3.6.1"
bush_path_corridor_113_015;посажено;bush;Спирея березолистная;NEW_BUSH;-554.296;-416.339;14143.821;-1404.626;Линейная посадка (живая изгородь/ряд вдоль полосы);07_nizhnie_polya;"Линейная посадка (живая изгородь/ряд вдоль полосы) — по аналогии с проектом «07_nizhnie_polya»; ближайшее ограничение — пешеходная дорожка / тротуар: 0.8 м при норме 0.5 м (СП 42.13330.2016, п. 9.6, табл. 9.1; ППМ 743-ПП, табл. 3.6.1)";"ассортимент для озеленения Москвы, категория «магистрали и улицы»; без инвазивных видов ППМ 369-ПП";пешеходная дорожка / тротуар;0.8;0.5;"СП 42.13330.2016, п. 9.6, табл. 9.1; ППМ 743-ПП, табл. 3.6.1"
bush_path_corridor_113_016;посажено;bush;Спирея березолистная;NEW_BUSH;-556.922;-419.616;14141.194;-1407.904;Линейная посадка (живая изгородь/ряд вдоль полосы);07_nizhnie_polya;"Линейная посадка (живая изгородь/ряд вдоль полосы) — по аналогии с проектом «07_nizhnie_polya»; ближайшее ограничение — пешеходная дорожка / тротуар: 0.8 м при норме 0.5 м (СП 42.13330.2016, п. 9.6, табл. 9.1; ППМ 743-ПП, табл. 3.6.1)";"ассортимент для озеленения Москвы, категория «магистрали и улицы»; без инвазивных видов ППМ 369-ПП";пешеходная дорожка / тротуар;0.81;0.5;"СП 42.13330.2016, п. 9.6, табл. 9.1; ППМ 743-ПП, табл. 3.6.1"
bush_path_corridor_113_017;посажено;bush;Спирея березолистная;NEW_BUSH;-557.798;-420.709;14140.319;-1408.996;Линейная посадка (живая изгородь/ряд вдоль полосы);07_nizhnie_polya;"Линейная посадка (живая изгородь/ряд вдоль полосы) — по аналогии с проектом «07_nizhnie_polya»; ближайшее ограничение — пешеходная дорожка / тротуар: 0.8 м при норме 0.5 м (СП 42.13330.2016, п. 9.6, табл. 9.1; ППМ 743-ПП, табл. 3.6.1)";"ассортимент для озеленения Москвы, категория «магистрали и улицы»; без инвазивных видов ППМ 369-ПП";пешеходная дорожка / тротуар;0.82;0.5;"СП 42.13330.2016, п. 9.6, табл. 9.1; ППМ 743-ПП, табл. 3.6.1"
bush_path_corridor_113_018;посажено;bush;Спирея березолистная;NEW_BUSH;-559.549;-422.894;14138.568;-1411.181;Линейная посадка (живая изгородь/ряд вдоль полосы);07_nizhnie_polya;"Линейная посадка (живая изгородь/ряд вдоль полосы) — по аналогии с проектом «07_nizhnie_polya»; ближайшее ограничение — пешеходная дорожка / тротуар: 0.8 м при норме 0.5 м (СП 42.13330.2016, п. 9.6, табл. 9.1; ППМ 743-ПП, табл. 3.6.1)";"ассортимент для озеленения Москвы, категория «магистрали и улицы»; без инвазивных видов ППМ 369-ПП";пешеходная дорожка / тротуар;0.83;0.5;"СП 42.13330.2016, п. 9.6, табл. 9.1; ППМ 743-ПП, табл. 3.6.1"
bush_path_corridor_113_019;посажено;bush;Спирея березолистная;NEW_BUSH;-562.175;-426.172;14135.942;-1414.459;Линейная посадка (живая изгородь/ряд вдоль полосы);07_nizhnie_polya;"Линейная посадка (живая изгородь/ряд вдоль полосы) — по аналогии с проектом «07_nizhnie_polya»; ближайшее ограничение — пешеходная дорожка / тротуар: 0.8 м при норме 0.5 м (СП 42.13330.2016, п. 9.6, табл. 9.1; ППМ 743-ПП, табл. 3.6.1)";"ассортимент для озеленения Москвы, категория «магистрали и улицы»; без инвазивных видов ППМ 369-ПП";пешеходная дорожка / тротуар;0.85;0.5;"СП 42.13330.2016, п. 9.6, табл. 9.1; ППМ 743-ПП, табл. 3.6.1"
bush_path_corridor_113_020;посажено;bush;Спирея березолистная;NEW_BUSH;-563.926;-428.357;14134.191;-1416.644;Линейная посадка (живая изгородь/ряд вдоль полосы);07_nizhnie_polya;"Линейная посадка (живая изгородь/ряд вдоль полосы) — по аналогии с проектом «07_nizhnie_polya»; ближайшее ограничение — пешеходная дорожка / тротуар: 0.9 м при норме 0.5 м (СП 42.13330.2016, п. 9.6, табл. 9.1; ППМ 743-ПП, табл. 3.6.1)";"ассортимент для озеленения Москвы, категория «магистрали и улицы»; без инвазивных видов ППМ 369-ПП";пешеходная дорожка / тротуар;0.86;0.5;"СП 42.13330.2016, п. 9.6, табл. 9.1; ППМ 743-ПП, табл. 3.6.1"
tree_path_corridor_114_001;посажено;tree;Вяз гибридный Резиста;NEW_TREE;-257.431;-157.974;14440.686;-1146.262;Линейная посадка (живая изгородь/ряд вдоль полосы);07_nizhnie_polya;"Линейная посадка (живая изгородь/ряд вдоль полосы) — по аналогии с проектом «07_nizhnie_polya»; ближайшее ограничение — пешеходная дорожка / тротуар: 2.1 м при норме 0.7 м (СП 42.13330.2016, п. 9.6, табл. 9.1; ППМ 743-ПП, табл. 3.6.1)";"ассортимент для озеленения Москвы, категория «магистрали и улицы»; без инвазивных видов ППМ 369-ПП";пешеходная дорожка / тротуар;2.1;0.7;"СП 42.13330.2016, п. 9.6, табл. 9.1; ППМ 743-ПП, табл. 3.6.1"
bush_path_corridor_114_001;посажено;bush;Спирея березолистная;NEW_BUSH;-259.466;-157.456;14438.651;-1145.744;Линейная посадка (живая изгородь/ряд вдоль полосы);07_nizhnie_polya;"Линейная посадка (живая изгородь/ряд вдоль полосы) — по аналогии с проектом «07_nizhnie_polya»; ближайшее ограничение — пешеходная дорожка / тротуар: 2.1 м при норме 0.5 м (СП 42.13330.2016, п. 9.6, табл. 9.1; ППМ 743-ПП, табл. 3.6.1)";"ассортимент для озеленения Москвы, категория «магистрали и улицы»; без инвазивных видов ППМ 369-ПП";пешеходная дорожка / тротуар;2.1;0.5;"СП 42.13330.2016, п. 9.6, табл. 9.1; ППМ 743-ПП, табл. 3.6.1"
bush_path_corridor_114_002;посажено;bush;Спирея березолистная;NEW_BUSH;-255.396;-158.493;14442.721;-1146.78;Линейная посадка (живая изгородь/ряд вдоль полосы);07_nizhnie_polya;"Линейная посадка (живая изгородь/ряд вдоль полосы) — по аналогии с проектом «07_nizhnie_polya»; ближайшее ограничение — пешеходная дорожка / тротуар: 1.5 м при норме 0.5 м (СП 42.13330.2016, п. 9.6, табл. 9.1; ППМ 743-ПП, табл. 3.6.1)";"ассортимент для озеленения Москвы, категория «магистрали и улицы»; без инвазивных видов ППМ 369-ПП";пешеходная дорожка / тротуар;1.47;0.5;"СП 42.13330.2016, п. 9.6, табл. 9.1; ППМ 743-ПП, табл. 3.6.1"
tree_path_corridor_115_001;посажено;tree;Вяз гибридный Резиста;NEW_TREE;-170.372;-140.025;14527.744;-1128.312;Линейная посадка (живая изгородь/ряд вдоль полосы);07_nizhnie_polya;"Линейная посадка (живая изгородь/ряд вдоль полосы) — по аналогии с проектом «07_nizhnie_polya»; ближайшее ограничение — проезжая часть: 2.6 м при норме 2.0 м (СП 42.13330.2016, п. 9.6, табл. 9.1; ППМ 743-ПП, табл. 3.6.1)";"ассортимент для озеленения Москвы, категория «магистрали и улицы»; без инвазивных видов ППМ 369-ПП";проезжая часть;2.6;2.0;"СП 42.13330.2016, п. 9.6, табл. 9.1; ППМ 743-ПП, табл. 3.6.1"
tree_path_corridor_115_002;посажено;tree;Вяз гибридный Резиста;NEW_TREE;-163.321;-149.61;14534.796;-1137.898;Линейная посадка (живая изгородь/ряд вдоль полосы);07_nizhnie_polya;"Линейная посадка (живая изгородь/ряд вдоль полосы) — по аналогии с проектом «07_nizhnie_polya»; ближайшее ограничение — проезжая часть: 2.6 м при норме 2.0 м (СП 42.13330.2016, п. 9.6, табл. 9.1; ППМ 743-ПП, табл. 3.6.1)";"ассортимент для озеленения Москвы, категория «магистрали и улицы»; без инвазивных видов ППМ 369-ПП";проезжая часть;2.6;2.0;"СП 42.13330.2016, п. 9.6, табл. 9.1; ППМ 743-ПП, табл. 3.6.1"
bush_path_corridor_115_001;посажено;bush;Спирея березолистная;NEW_BUSH;-175.972;-132.412;14522.145;-1120.7;Линейная посадка (живая изгородь/ряд вдоль полосы);07_nizhnie_polya;"Линейная посадка (живая изгородь/ряд вдоль полосы) — по аналогии с проектом «07_nizhnie_polya»; ближайшее ограничение — проезжая часть: 2.6 м при норме 1.0 м (СП 42.13330.2016, п. 9.6, табл. 9.1; ППМ 743-ПП, табл. 3.6.1)";"ассортимент для озеленения Москвы, категория «магистрали и улицы»; без инвазивных видов ППМ 369-ПП";проезжая часть;2.6;1.0;"СП 42.13330.2016, п. 9.6, табл. 9.1; ППМ 743-ПП, табл. 3.6.1"
bush_path_corridor_115_002;посажено;bush;Спирея березолистная;NEW_BUSH;-175.142;-133.54;14522.974;-1121.827;Линейная посадка (живая изгородь/ряд вдоль полосы);07_nizhnie_polya;"Линейная посадка (живая изгородь/ряд вдоль полосы) — по аналогии с проектом «07_nizhnie_polya»; ближайшее ограничение — проезжая часть: 2.6 м при норме 1.0 м (СП 42.13330.2016, п. 9.6, табл. 9.1; ППМ 743-ПП, табл. 3.6.1)";"ассортимент для озеленения Москвы, категория «магистрали и улицы»; без инвазивных видов ППМ 369-ПП";проезжая часть;2.6;1.0;"СП 42.13330.2016, п. 9.6, табл. 9.1; ППМ 743-ПП, табл. 3.6.1"
bush_path_corridor_115_003;посажено;bush;Спирея березолистная;NEW_BUSH;-174.313;-134.668;14523.804;-1122.955;Линейная посадка (живая изгородь/ряд вдоль полосы);07_nizhnie_polya;"Линейная посадка (живая изгородь/ряд вдоль полосы) — по аналогии с проектом «07_nizhnie_polya»; ближайшее ограничение — проезжая часть: 2.6 м при норме 1.0 м (СП 42.13330.2016, п. 9.6, табл. 9.1; ППМ 743-ПП, табл. 3.6.1)";"ассортимент для озеленения Москвы, категория «магистрали и улицы»; без инвазивных видов ППМ 369-ПП";проезжая часть;2.6;1.0;"СП 42.13330.2016, п. 9.6, табл. 9.1; ППМ 743-ПП, табл. 3.6.1"
bush_path_corridor_115_004;посажено;bush;Спирея березолистная;NEW_BUSH;-173.483;-135.796;14524.634;-1124.083;Линейная посадка (живая изгородь/ряд вдоль полосы);07_nizhnie_polya;"Линейная посадка (живая изгородь/ряд вдоль полосы) — по аналогии с проектом «07_nizhnie_polya»; ближайшее ограничение — проезжая часть: 2.6 м при норме 1.0 м (СП 42.13330.2016, п. 9.6, табл. 9.1; ППМ 743-ПП, табл. 3.6.1)";"ассортимент для озеленения Москвы, категория «магистрали и улицы»; без инвазивных видов ППМ 369-ПП";проезжая часть;2.6;1.0;"СП 42.13330.2016, п. 9.6, табл. 9.1; ППМ 743-ПП, табл. 3.6.1"
bush_path_corridor_115_005;посажено;bush;Спирея березолистная;NEW_BUSH;-172.654;-136.923;14525.463;-1125.211;Линейная посадка (живая изгородь/ряд вдоль полосы);07_nizhnie_polya;"Линейная посадка (живая изгородь/ряд вдоль полосы) — по аналогии с проектом «07_nizhnie_polya»; ближайшее ограничение — проезжая часть: 2.6 м при норме 1.0 м (СП 42.13330.2016, п. 9.6, табл. 9.1; ППМ 743-ПП, табл. 3.6.1)";"ассортимент для озеленения Москвы, категория «магистрали и улицы»; без инвазивных видов ППМ 369-ПП";проезжая часть;2.6;1.0;"СП 42.13330.2016, п. 9.6, табл. 9.1; ППМ 743-ПП, табл. 3.6.1"
bush_path_corridor_115_006;посажено;bush;Спирея березолистная;NEW_BUSH;-171.824;-138.051;14526.293;-1126.338;Линейная посадка (живая изгородь/ряд вдоль полосы);07_nizhnie_polya;"Линейная посадка (живая изгородь/ряд вдоль полосы) — по аналогии с проектом «07_nizhnie_polya»; ближайшее ограничение — проезжая часть: 2.6 м при норме 1.0 м (СП 42.13330.2016, п. 9.6, табл. 9.1; ППМ 743-ПП, табл. 3.6.1)";"ассортимент для озеленения Москвы, категория «магистрали и улицы»; без инвазивных видов ППМ 369-ПП";проезжая часть;2.6;1.0;"СП 42.13330.2016, п. 9.6, табл. 9.1; ППМ 743-ПП, табл. 3.6.1"
bush_path_corridor_115_007;посажено;bush;Спирея березолистная;NEW_BUSH;-170.995;-139.179;14527.122;-1127.466;Линейная посадка (живая изгородь/ряд вдоль полосы);07_nizhnie_polya;"Линейная посадка (живая изгородь/ряд вдоль полосы) — по аналогии с проектом «07_nizhnie_polya»; ближайшее ограничение — проезжая часть: 2.6 м при норме 1.0 м (СП 42.13330.2016, п. 9.6, табл. 9.1; ППМ 743-ПП, табл. 3.6.1)";"ассортимент для озеленения Москвы, категория «магистрали и улицы»; без инвазивных видов ППМ 369-ПП";проезжая часть;2.6;1.0;"СП 42.13330.2016, п. 9.6, табл. 9.1; ППМ 743-ПП, табл. 3.6.1"
bush_path_corridor_115_008;посажено;bush;Спирея березолистная;NEW_BUSH;-169.335;-141.434;14528.781;-1129.722;Линейная посадка (живая изгородь/ряд вдоль полосы);07_nizhnie_polya;"Линейная посадка (живая изгородь/ряд вдоль полосы) — по аналогии с проектом «07_nizhnie_polya»; ближайшее ограничение — проезжая часть: 2.6 м при норме 1.0 м (СП 42.13330.2016, п. 9.6, табл. 9.1; ППМ 743-ПП, табл. 3.6.1)";"ассортимент для озеленения Москвы, категория «магистрали и улицы»; без инвазивных видов ППМ 369-ПП";проезжая часть;2.6;1.0;"СП 42.13330.2016, п. 9.6, табл. 9.1; ППМ 743-ПП, табл. 3.6.1"
bush_path_corridor_115_009;посажено;bush;Спирея березолистная;NEW_BUSH;-168.506;-142.562;14529.611;-1130.849;Линейная посадка (живая изгородь/ряд вдоль полосы);07_nizhnie_polya;"Линейная посадка (живая изгородь/ряд вдоль полосы) — по аналогии с проектом «07_nizhnie_polya»; ближайшее ограничение — проезжая часть: 2.6 м при норме 1.0 м (СП 42.13330.2016, п. 9.6, табл. 9.1; ППМ 743-ПП, табл. 3.6.1)";"ассортимент для озеленения Москвы, категория «магистрали и улицы»; без инвазивных видов ППМ 369-ПП";проезжая часть;2.6;1.0;"СП 42.13330.2016, п. 9.6, табл. 9.1; ППМ 743-ПП, табл. 3.6.1"
bush_path_corridor_115_010;посажено;bush;Спирея березолистная;NEW_BUSH;-167.676;-143.69;14530.441;-1131.977;Линейная посадка (живая изгородь/ряд вдоль полосы);07_nizhnie_polya;"Линейная посадка (живая изгородь/ряд вдоль полосы) — по аналогии с проектом «07_nizhnie_polya»; ближайшее ограничение — проезжая часть: 2.6 м при норме 1.0 м (СП 42.13330.2016, п. 9.6, табл. 9.1; ППМ 743-ПП, табл. 3.6.1)";"ассортимент для озеленения Москвы, категория «магистрали и улицы»; без инвазивных видов ППМ 369-ПП";проезжая часть;2.6;1.0;"СП 42.13330.2016, п. 9.6, табл. 9.1; ППМ 743-ПП, табл. 3.6.1"
bush_path_corridor_115_011;посажено;bush;Спирея березолистная;NEW_BUSH;-166.847;-144.817;14531.27;-1133.105;Линейная посадка (живая изгородь/ряд вдоль полосы);07_nizhnie_polya;"Линейная посадка (живая изгородь/ряд вдоль полосы) — по аналогии с проектом «07_nizhnie_polya»; ближайшее ограничение — проезжая часть: 2.6 м при норме 1.0 м (СП 42.13330.2016, п. 9.6, табл. 9.1; ППМ 743-ПП, табл. 3.6.1)";"ассортимент для озеленения Москвы, категория «магистрали и улицы»; без инвазивных видов ППМ 369-ПП";проезжая часть;2.6;1.0;"СП 42.13330.2016, п. 9.6, табл. 9.1; ППМ 743-ПП, табл. 3.6.1"
bush_path_corridor_115_012;посажено;bush;Спирея березолистная;NEW_BUSH;-166.017;-145.945;14532.1;-1134.233;Линейная посадка (живая изгородь/ряд вдоль полосы);07_nizhnie_polya;"Линейная посадка (живая изгородь/ряд вдоль полосы) — по аналогии с проектом «07_nizhnie_polya»; ближайшее ограничение — проезжая часть: 2.6 м при норме 1.0 м (СП 42.13330.2016, п. 9.6, табл. 9.1; ППМ 743-ПП, табл. 3.6.1)";"ассортимент для озеленения Москвы, категория «магистрали и улицы»; без инвазивных видов ППМ 369-ПП";проезжая часть;2.6;1.0;"СП 42.13330.2016, п. 9.6, табл. 9.1; ППМ 743-ПП, табл. 3.6.1"
bush_path_corridor_115_013;посажено;bush;Спирея березолистная;NEW_BUSH;-165.187;-147.073;14532.929;-1135.36;Линейная посадка (живая изгородь/ряд вдоль полосы);07_nizhnie_polya;"Линейная посадка (живая изгородь/ряд вдоль полосы) — по аналогии с проектом «07_nizhnie_polya»; ближайшее ограничение — проезжая часть: 2.6 м при норме 1.0 м (СП 42.13330.2016, п. 9.6, табл. 9.1; ППМ 743-ПП, табл. 3.6.1)";"ассортимент для озеленения Москвы, категория «магистрали и улицы»; без инвазивных видов ППМ 369-ПП";проезжая часть;2.6;1.0;"СП 42.13330.2016, п. 9.6, табл. 9.1; ППМ 743-ПП, табл. 3.6.1"
bush_path_corridor_115_014;посажено;bush;Спирея березолистная;NEW_BUSH;-164.358;-148.201;14533.759;-1136.488;Линейная посадка (живая изгородь/ряд вдоль полосы);07_nizhnie_polya;"Линейная посадка (живая изгородь/ряд вдоль полосы) — по аналогии с проектом «07_nizhnie_polya»; ближайшее ограничение — проезжая часть: 2.6 м при норме 1.0 м (СП 42.13330.2016, п. 9.6, табл. 9.1; ППМ 743-ПП, табл. 3.6.1)";"ассортимент для озеленения Москвы, категория «магистрали и улицы»; без инвазивных видов ППМ 369-ПП";проезжая часть;2.6;1.0;"СП 42.13330.2016, п. 9.6, табл. 9.1; ППМ 743-ПП, табл. 3.6.1"
bush_path_corridor_115_015;посажено;bush;Спирея березолистная;NEW_BUSH;-162.699;-150.456;14535.418;-1138.743;Линейная посадка (живая изгородь/ряд вдоль полосы);07_nizhnie_polya;"Линейная посадка (живая изгородь/ряд вдоль полосы) — по аналогии с проектом «07_nizhnie_polya»; ближайшее ограничение — проезжая часть: 2.6 м при норме 1.0 м (СП 42.13330.2016, п. 9.6, табл. 9.1; ППМ 743-ПП, табл. 3.6.1)";"ассортимент для озеленения Москвы, категория «магистрали и улицы»; без инвазивных видов ППМ 369-ПП";проезжая часть;2.6;1.0;"СП 42.13330.2016, п. 9.6, табл. 9.1; ППМ 743-ПП, табл. 3.6.1"
bush_path_corridor_115_016;посажено;bush;Спирея березолистная;NEW_BUSH;-161.869;-151.584;14536.248;-1139.871;Линейная посадка (живая изгородь/ряд вдоль полосы);07_nizhnie_polya;"Линейная посадка (живая изгородь/ряд вдоль полосы) — по аналогии с проектом «07_nizhnie_polya»; ближайшее ограничение — проезжая часть: 2.6 м при норме 1.0 м (СП 42.13330.2016, п. 9.6, табл. 9.1; ППМ 743-ПП, табл. 3.6.1)";"ассортимент для озеленения Москвы, категория «магистрали и улицы»; без инвазивных видов ППМ 369-ПП";проезжая часть;2.6;1.0;"СП 42.13330.2016, п. 9.6, табл. 9.1; ППМ 743-ПП, табл. 3.6.1"
bush_path_corridor_115_017;посажено;bush;Спирея березолистная;NEW_BUSH;-161.04;-152.712;14537.077;-1140.999;Линейная посадка (живая изгородь/ряд вдоль полосы);07_nizhnie_polya;"Линейная посадка (живая изгородь/ряд вдоль полосы) — по аналогии с проектом «07_nizhnie_polya»; ближайшее ограничение — проезжая часть: 2.6 м при норме 1.0 м (СП 42.13330.2016, п. 9.6, табл. 9.1; ППМ 743-ПП, табл. 3.6.1)";"ассортимент для озеленения Москвы, категория «магистрали и улицы»; без инвазивных видов ППМ 369-ПП";проезжая часть;2.6;1.0;"СП 42.13330.2016, п. 9.6, табл. 9.1; ППМ 743-ПП, табл. 3.6.1"
bush_path_corridor_115_018;посажено;bush;Спирея березолистная;NEW_BUSH;-160.21;-153.839;14537.907;-1142.127;Линейная посадка (живая изгородь/ряд вдоль полосы);07_nizhnie_polya;"Линейная посадка (живая изгородь/ряд вдоль полосы) — по аналогии с проектом «07_nizhnie_polya»; ближайшее ограничение — проезжая часть: 2.6 м при норме 1.0 м (СП 42.13330.2016, п. 9.6, табл. 9.1; ППМ 743-ПП, табл. 3.6.1)";"ассортимент для озеленения Москвы, категория «магистрали и улицы»; без инвазивных видов ППМ 369-ПП";проезжая часть;2.6;1.0;"СП 42.13330.2016, п. 9.6, табл. 9.1; ППМ 743-ПП, табл. 3.6.1"
bush_path_corridor_115_019;посажено;bush;Спирея березолистная;NEW_BUSH;-159.38;-154.967;14538.736;-1143.254;Линейная посадка (живая изгородь/ряд вдоль полосы);07_nizhnie_polya;"Линейная посадка (живая изгородь/ряд вдоль полосы) — по аналогии с проектом «07_nizhnie_polya»; ближайшее ограничение — проезжая часть: 2.6 м при норме 1.0 м (СП 42.13330.2016, п. 9.6, табл. 9.1; ППМ 743-ПП, табл. 3.6.1)";"ассортимент для озеленения Москвы, категория «магистрали и улицы»; без инвазивных видов ППМ 369-ПП";проезжая часть;2.6;1.0;"СП 42.13330.2016, п. 9.6, табл. 9.1; ППМ 743-ПП, табл. 3.6.1"
bush_path_corridor_115_020;посажено;bush;Спирея березолистная;NEW_BUSH;-158.551;-156.095;14539.566;-1144.382;Линейная посадка (живая изгородь/ряд вдоль полосы);07_nizhnie_polya;"Линейная посадка (живая изгородь/ряд вдоль полосы) — по аналогии с проектом «07_nizhnie_polya»; ближайшее ограничение — проезжая часть: 2.6 м при норме 1.0 м (СП 42.13330.2016, п. 9.6, табл. 9.1; ППМ 743-ПП, табл. 3.6.1)";"ассортимент для озеленения Москвы, категория «магистрали и улицы»; без инвазивных видов ППМ 369-ПП";проезжая часть;2.6;1.0;"СП 42.13330.2016, п. 9.6, табл. 9.1; ППМ 743-ПП, табл. 3.6.1"
bush_path_corridor_115_021;посажено;bush;Спирея березолистная;NEW_BUSH;-157.721;-157.223;14540.396;-1145.51;Линейная посадка (живая изгородь/ряд вдоль полосы);07_nizhnie_polya;"Линейная посадка (живая изгородь/ряд вдоль полосы) — по аналогии с проектом «07_nizhnie_polya»; ближайшее ограничение — воздушная ЛЭП: 3.2 м при норме 2.0 м (охранная зона по чертежу (отступ зоны))";"ассортимент для озеленения Москвы, категория «магистрали и улицы»; без инвазивных видов ППМ 369-ПП";воздушная ЛЭП;3.17;2.0;охранная зона по чертежу (отступ зоны)
bush_path_corridor_118_001;посажено;bush;Спирея березолистная;NEW_BUSH;-193.64;-111.439;14504.477;-1099.726;Линейная посадка (живая изгородь/ряд вдоль полосы);07_nizhnie_polya;"Линейная посадка (живая изгородь/ряд вдоль полосы) — по аналогии с проектом «07_nizhnie_polya»; ближайшее ограничение — проезжая часть: 2.9 м при норме 1.0 м (СП 42.13330.2016, п. 9.6, табл. 9.1; ППМ 743-ПП, табл. 3.6.1)";"ассортимент для озеленения Москвы, категория «магистрали и улицы»; без инвазивных видов ППМ 369-ПП";проезжая часть;2.88;1.0;"СП 42.13330.2016, п. 9.6, табл. 9.1; ППМ 743-ПП, табл. 3.6.1"
bush_path_corridor_118_002;посажено;bush;Спирея березолистная;NEW_BUSH;-195.04;-111.439;14503.077;-1099.726;Линейная посадка (живая изгородь/ряд вдоль полосы);07_nizhnie_polya;"Линейная посадка (живая изгородь/ряд вдоль полосы) — по аналогии с проектом «07_nizhnie_polya»; ближайшее ограничение — проезжая часть: 4.0 м при норме 1.0 м (СП 42.13330.2016, п. 9.6, табл. 9.1; ППМ 743-ПП, табл. 3.6.1)";"ассортимент для озеленения Москвы, категория «магистрали и улицы»; без инвазивных видов ППМ 369-ПП";проезжая часть;4.02;1.0;"СП 42.13330.2016, п. 9.6, табл. 9.1; ППМ 743-ПП, табл. 3.6.1"
bush_path_corridor_118_003;посажено;bush;Спирея березолистная;NEW_BUSH;-196.44;-111.439;14501.677;-1099.726;Линейная посадка (живая изгородь/ряд вдоль полосы);07_nizhnie_polya;"Линейная посадка (живая изгородь/ряд вдоль полосы) — по аналогии с проектом «07_nizhnie_polya»; ближайшее ограничение — проезжая часть: 3.9 м при норме 1.0 м (СП 42.13330.2016, п. 9.6, табл. 9.1; ППМ 743-ПП, табл. 3.6.1)";"ассортимент для озеленения Москвы, категория «магистрали и улицы»; без инвазивных видов ППМ 369-ПП";проезжая часть;3.93;1.0;"СП 42.13330.2016, п. 9.6, табл. 9.1; ППМ 743-ПП, табл. 3.6.1"
bush_path_corridor_118_004;посажено;bush;Спирея березолистная;NEW_BUSH;-197.84;-111.439;14500.277;-1099.726;Линейная посадка (живая изгородь/ряд вдоль полосы);07_nizhnie_polya;"Линейная посадка (живая изгородь/ряд вдоль полосы) — по аналогии с проектом «07_nizhnie_polya»; ближайшее ограничение — проезжая часть: 3.0 м при норме 1.0 м (СП 42.13330.2016, п. 9.6, табл. 9.1; ППМ 743-ПП, табл. 3.6.1)";"ассортимент для озеленения Москвы, категория «магистрали и улицы»; без инвазивных видов ППМ 369-ПП";проезжая часть;3.04;1.0;"СП 42.13330.2016, п. 9.6, табл. 9.1; ППМ 743-ПП, табл. 3.6.1"
tree_path_corridor_119_001;посажено;tree;Вяз гибридный Резиста;NEW_TREE;-196.304;-124.098;14501.813;-1112.386;Линейная посадка (живая изгородь/ряд вдоль полосы);07_nizhnie_polya;"Линейная посадка (живая изгородь/ряд вдоль полосы) — по аналогии с проектом «07_nizhnie_polya»; ближайшее ограничение — пешеходная дорожка / тротуар: 1.6 м при норме 0.7 м (СП 42.13330.2016, п. 9.6, табл. 9.1; ППМ 743-ПП, табл. 3.6.1)";"ассортимент для озеленения Москвы, категория «магистрали и улицы»; без инвазивных видов ППМ 369-ПП";пешеходная дорожка / тротуар;1.58;0.7;"СП 42.13330.2016, п. 9.6, табл. 9.1; ППМ 743-ПП, табл. 3.6.1"
tree_path_corridor_119_002;посажено;tree;Вяз гибридный Резиста;NEW_TREE;-205.959;-131.055;14492.158;-1119.343;Линейная посадка (живая изгородь/ряд вдоль полосы);07_nizhnie_polya;"Линейная посадка (живая изгородь/ряд вдоль полосы) — по аналогии с проектом «07_nizhnie_polya»; ближайшее ограничение — пешеходная дорожка / тротуар: 1.6 м при норме 0.7 м (СП 42.13330.2016, п. 9.6, табл. 9.1; ППМ 743-ПП, табл. 3.6.1)";"ассортимент для озеленения Москвы, категория «магистрали и улицы»; без инвазивных видов ППМ 369-ПП";пешеходная дорожка / тротуар;1.58;0.7;"СП 42.13330.2016, п. 9.6, табл. 9.1; ППМ 743-ПП, табл. 3.6.1"
tree_path_corridor_119_003;посажено;tree;Вяз гибридный Резиста;NEW_TREE;-215.613;-138.012;14482.504;-1126.3;Линейная посадка (живая изгородь/ряд вдоль полосы);07_nizhnie_polya;"Линейная посадка (живая изгородь/ряд вдоль полосы) — по аналогии с проектом «07_nizhnie_polya»; ближайшее ограничение — пешеходная дорожка / тротуар: 1.6 м при норме 0.7 м (СП 42.13330.2016, п. 9.6, табл. 9.1; ППМ 743-ПП, табл. 3.6.1)";"ассортимент для озеленения Москвы, категория «магистрали и улицы»; без инвазивных видов ППМ 369-ПП";пешеходная дорожка / тротуар;1.57;0.7;"СП 42.13330.2016, п. 9.6, табл. 9.1; ППМ 743-ПП, табл. 3.6.1"
tree_path_corridor_119_004;посажено;tree;Вяз гибридный Резиста;NEW_TREE;-225.268;-144.97;14472.849;-1133.257;Линейная посадка (живая изгородь/ряд вдоль полосы);07_nizhnie_polya;"Линейная посадка (живая изгородь/ряд вдоль полосы) — по аналогии с проектом «07_nizhnie_polya»; ближайшее ограничение — пешеходная дорожка / тротуар: 1.6 м при норме 0.7 м (СП 42.13330.2016, п. 9.6, табл. 9.1; ППМ 743-ПП, табл. 3.6.1)";"ассортимент для озеленения Москвы, категория «магистрали и улицы»; без инвазивных видов ППМ 369-ПП";пешеходная дорожка / тротуар;1.56;0.7;"СП 42.13330.2016, п. 9.6, табл. 9.1; ППМ 743-ПП, табл. 3.6.1"
tree_path_corridor_119_005;посажено;tree;Вяз гибридный Резиста;NEW_TREE;-234.922;-151.927;14463.195;-1140.214;Линейная посадка (живая изгородь/ряд вдоль полосы);07_nizhnie_polya;"Линейная посадка (живая изгородь/ряд вдоль полосы) — по аналогии с проектом «07_nizhnie_polya»; ближайшее ограничение — пешеходная дорожка / тротуар: 1.6 м при норме 0.7 м (СП 42.13330.2016, п. 9.6, табл. 9.1; ППМ 743-ПП, табл. 3.6.1)";"ассортимент для озеленения Москвы, категория «магистрали и улицы»; без инвазивных видов ППМ 369-ПП";пешеходная дорожка / тротуар;1.56;0.7;"СП 42.13330.2016, п. 9.6, табл. 9.1; ППМ 743-ПП, табл. 3.6.1"
bush_path_corridor_119_001;посажено;bush;Спирея березолистная;NEW_BUSH;-188.921;-118.778;14509.195;-1107.066;Линейная посадка (живая изгородь/ряд вдоль полосы);07_nizhnie_polya;"Линейная посадка (живая изгородь/ряд вдоль полосы) — по аналогии с проектом «07_nizhnie_polya»; ближайшее ограничение — пешеходная дорожка / тротуар: 1.6 м при норме 0.5 м (СП 42.13330.2016, п. 9.6, табл. 9.1; ППМ 743-ПП, табл. 3.6.1)";"ассортимент для озеленения Москвы, категория «магистрали и улицы»; без инвазивных видов ППМ 369-ПП";пешеходная дорожка / тротуар;1.59;0.5;"СП 42.13330.2016, п. 9.6, табл. 9.1; ППМ 743-ПП, табл. 3.6.1"
bush_path_corridor_119_002;посажено;bush;Спирея березолистная;NEW_BUSH;-190.057;-119.597;14508.06;-1107.884;Линейная посадка (живая изгородь/ряд вдоль полосы);07_nizhnie_polya;"Линейная посадка (живая изгородь/ряд вдоль полосы) — по аналогии с проектом «07_nizhnie_polya»; ближайшее ограничение — пешеходная дорожка / тротуар: 1.6 м при норме 0.5 м (СП 42.13330.2016, п. 9.6, табл. 9.1; ППМ 743-ПП, табл. 3.6.1)";"ассортимент для озеленения Москвы, категория «магистрали и улицы»; без инвазивных видов ППМ 369-ПП";пешеходная дорожка / тротуар;1.59;0.5;"СП 42.13330.2016, п. 9.6, табл. 9.1; ППМ 743-ПП, табл. 3.6.1"
bush_path_corridor_119_003;посажено;bush;Спирея березолистная;NEW_BUSH;-191.193;-120.415;14506.924;-1108.702;Линейная посадка (живая изгородь/ряд вдоль полосы);07_nizhnie_polya;"Линейная посадка (живая изгородь/ряд вдоль полосы) — по аналогии с проектом «07_nizhnie_polya»; ближайшее ограничение — пешеходная дорожка / тротуар: 1.6 м при норме 0.5 м (СП 42.13330.2016, п. 9.6, табл. 9.1; ППМ 743-ПП, табл. 3.6.1)";"ассортимент для озеленения Москвы, категория «магистрали и улицы»; без инвазивных видов ППМ 369-ПП";пешеходная дорожка / тротуар;1.59;0.5;"СП 42.13330.2016, п. 9.6, табл. 9.1; ППМ 743-ПП, табл. 3.6.1"
bush_path_corridor_119_004;посажено;bush;Спирея березолистная;NEW_BUSH;-192.329;-121.234;14505.788;-1109.521;Линейная посадка (живая изгородь/ряд вдоль полосы);07_nizhnie_polya;"Линейная посадка (живая изгородь/ряд вдоль полосы) — по аналогии с проектом «07_nizhnie_polya»; ближайшее ограничение — пешеходная дорожка / тротуар: 1.6 м при норме 0.5 м (СП 42.13330.2016, п. 9.6, табл. 9.1; ППМ 743-ПП, табл. 3.6.1)";"ассортимент для озеленения Москвы, категория «магистрали и улицы»; без инвазивных видов ППМ 369-ПП";пешеходная дорожка / тротуар;1.59;0.5;"СП 42.13330.2016, п. 9.6, табл. 9.1; ППМ 743-ПП, табл. 3.6.1"
bush_path_corridor_119_005;посажено;bush;Спирея березолистная;NEW_BUSH;-193.465;-122.052;14504.652;-1110.339;Линейная посадка (живая изгородь/ряд вдоль полосы);07_nizhnie_polya;"Линейная посадка (живая изгородь/ряд вдоль полосы) — по аналогии с проектом «07_nizhnie_polya»; ближайшее ограничение — пешеходная дорожка / тротуар: 1.6 м при норме 0.5 м (СП 42.13330.2016, п. 9.6, табл. 9.1; ППМ 743-ПП, табл. 3.6.1)";"ассортимент для озеленения Москвы, категория «магистрали и улицы»; без инвазивных видов ППМ 369-ПП";пешеходная дорожка / тротуар;1.59;0.5;"СП 42.13330.2016, п. 9.6, табл. 9.1; ППМ 743-ПП, табл. 3.6.1"
bush_path_corridor_119_006;посажено;bush;Спирея березолистная;NEW_BUSH;-194.6;-122.871;14503.516;-1111.158;Линейная посадка (живая изгородь/ряд вдоль полосы);07_nizhnie_polya;"Линейная посадка (живая изгородь/ряд вдоль полосы) — по аналогии с проектом «07_nizhnie_polya»; ближайшее ограничение — пешеходная дорожка / тротуар: 1.6 м при норме 0.5 м (СП 42.13330.2016, п. 9.6, табл. 9.1; ППМ 743-ПП, табл. 3.6.1)";"ассортимент для озеленения Москвы, категория «магистрали и улицы»; без инвазивных видов ППМ 369-ПП";пешеходная дорожка / тротуар;1.59;0.5;"СП 42.13330.2016, п. 9.6, табл. 9.1; ППМ 743-ПП, табл. 3.6.1"
bush_path_corridor_119_007;посажено;bush;Спирея березолистная;NEW_BUSH;-198.008;-125.326;14500.109;-1113.613;Линейная посадка (живая изгородь/ряд вдоль полосы);07_nizhnie_polya;"Линейная посадка (живая изгородь/ряд вдоль полосы) — по аналогии с проектом «07_nizhnie_polya»; ближайшее ограничение — пешеходная дорожка / тротуар: 1.6 м при норме 0.5 м (СП 42.13330.2016, п. 9.6, табл. 9.1; ППМ 743-ПП, табл. 3.6.1)";"ассортимент для озеленения Москвы, категория «магистрали и улицы»; без инвазивных видов ППМ 369-ПП";пешеходная дорожка / тротуар;1.58;0.5;"СП 42.13330.2016, п. 9.6, табл. 9.1; ППМ 743-ПП, табл. 3.6.1"
bush_path_corridor_119_008;посажено;bush;Спирея березолистная;NEW_BUSH;-199.144;-126.144;14498.973;-1114.432;Линейная посадка (живая изгородь/ряд вдоль полосы);07_nizhnie_polya;"Линейная посадка (живая изгородь/ряд вдоль полосы) — по аналогии с проектом «07_nizhnie_polya»; ближайшее ограничение — пешеходная дорожка / тротуар: 1.6 м при норме 0.5 м (СП 42.13330.2016, п. 9.6, табл. 9.1; ППМ 743-ПП, табл. 3.6.1)";"ассортимент для озеленения Москвы, категория «магистрали и улицы»; без инвазивных видов ППМ 369-ПП";пешеходная дорожка / тротуар;1.58;0.5;"СП 42.13330.2016, п. 9.6, табл. 9.1; ППМ 743-ПП, табл. 3.6.1"
bush_path_corridor_119_009;посажено;bush;Спирея березолистная;NEW_BUSH;-200.28;-126.963;14497.837;-1115.25;Линейная посадка (живая изгородь/ряд вдоль полосы);07_nizhnie_polya;"Линейная посадка (живая изгородь/ряд вдоль полосы) — по аналогии с проектом «07_nizhnie_polya»; ближайшее ограничение — пешеходная дорожка / тротуар: 1.6 м при норме 0.5 м (СП 42.13330.2016, п. 9.6, табл. 9.1; ППМ 743-ПП, табл. 3.6.1)";"ассортимент для озеленения Москвы, категория «магистрали и улицы»; без инвазивных видов ППМ 369-ПП";пешеходная дорожка / тротуар;1.58;0.5;"СП 42.13330.2016, п. 9.6, табл. 9.1; ППМ 743-ПП, табл. 3.6.1"
bush_path_corridor_119_010;посажено;bush;Спирея березолистная;NEW_BUSH;-201.415;-127.781;14496.701;-1116.069;Линейная посадка (живая изгородь/ряд вдоль полосы);07_nizhnie_polya;"Линейная посадка (живая изгородь/ряд вдоль полосы) — по аналогии с проектом «07_nizhnie_polya»; ближайшее ограничение — пешеходная дорожка / тротуар: 1.6 м при норме 0.5 м (СП 42.13330.2016, п. 9.6, табл. 9.1; ППМ 743-ПП, табл. 3.6.1)";"ассортимент для озеленения Москвы, категория «магистрали и улицы»; без инвазивных видов ППМ 369-ПП";пешеходная дорожка / тротуар;1.58;0.5;"СП 42.13330.2016, п. 9.6, табл. 9.1; ППМ 743-ПП, табл. 3.6.1"
bush_path_corridor_119_011;посажено;bush;Спирея березолистная;NEW_BUSH;-202.551;-128.6;14495.566;-1116.887;Линейная посадка (живая изгородь/ряд вдоль полосы);07_nizhnie_polya;"Линейная посадка (живая изгородь/ряд вдоль полосы) — по аналогии с проектом «07_nizhnie_polya»; ближайшее ограничение — пешеходная дорожка / тротуар: 1.6 м при норме 0.5 м (СП 42.13330.2016, п. 9.6, табл. 9.1; ППМ 743-ПП, табл. 3.6.1)";"ассортимент для озеленения Москвы, категория «магистрали и улицы»; без инвазивных видов ППМ 369-ПП";пешеходная дорожка / тротуар;1.58;0.5;"СП 42.13330.2016, п. 9.6, табл. 9.1; ППМ 743-ПП, табл. 3.6.1"
bush_path_corridor_119_012;посажено;bush;Спирея березолистная;NEW_BUSH;-203.687;-129.418;14494.43;-1117.706;Линейная посадка (живая изгородь/ряд вдоль полосы);07_nizhnie_polya;"Линейная посадка (живая изгородь/ряд вдоль полосы) — по аналогии с проектом «07_nizhnie_polya»; ближайшее ограничение — пешеходная дорожка / тротуар: 1.6 м при норме 0.5 м (СП 42.13330.2016, п. 9.6, табл. 9.1; ППМ 743-ПП, табл. 3.6.1)";"ассортимент для озеленения Москвы, категория «магистрали и улицы»; без инвазивных видов ППМ 369-ПП";пешеходная дорожка / тротуар;1.58;0.5;"СП 42.13330.2016, п. 9.6, табл. 9.1; ППМ 743-ПП, табл. 3.6.1"
bush_path_corridor_119_013;посажено;bush;Спирея березолистная;NEW_BUSH;-204.823;-130.237;14493.294;-1118.524;Линейная посадка (живая изгородь/ряд вдоль полосы);07_nizhnie_polya;"Линейная посадка (живая изгородь/ряд вдоль полосы) — по аналогии с проектом «07_nizhnie_polya»; ближайшее ограничение — пешеходная дорожка / тротуар: 1.6 м при норме 0.5 м (СП 42.13330.2016, п. 9.6, табл. 9.1; ППМ 743-ПП, табл. 3.6.1)";"ассортимент для озеленения Москвы, категория «магистрали и улицы»; без инвазивных видов ППМ 369-ПП";пешеходная дорожка / тротуар;1.58;0.5;"СП 42.13330.2016, п. 9.6, табл. 9.1; ППМ 743-ПП, табл. 3.6.1"
bush_path_corridor_119_014;посажено;bush;Спирея березолистная;NEW_BUSH;-207.094;-131.874;14491.022;-1120.161;Линейная посадка (живая изгородь/ряд вдоль полосы);07_nizhnie_polya;"Линейная посадка (живая изгородь/ряд вдоль полосы) — по аналогии с проектом «07_nizhnie_polya»; ближайшее ограничение — пешеходная дорожка / тротуар: 1.6 м при норме 0.5 м (СП 42.13330.2016, п. 9.6, табл. 9.1; ППМ 743-ПП, табл. 3.6.1)";"ассортимент для озеленения Москвы, категория «магистрали и улицы»; без инвазивных видов ППМ 369-ПП";пешеходная дорожка / тротуар;1.58;0.5;"СП 42.13330.2016, п. 9.6, табл. 9.1; ППМ 743-ПП, табл. 3.6.1"
bush_path_corridor_119_015;посажено;bush;Спирея березолистная;NEW_BUSH;-208.23;-132.692;14489.887;-1120.98;Линейная посадка (живая изгородь/ряд вдоль полосы);07_nizhnie_polya;"Линейная посадка (живая изгородь/ряд вдоль полосы) — по аналогии с проектом «07_nizhnie_polya»; ближайшее ограничение — пешеходная дорожка / тротуар: 1.6 м при норме 0.5 м (СП 42.13330.2016, п. 9.6, табл. 9.1; ППМ 743-ПП, табл. 3.6.1)";"ассортимент для озеленения Москвы, категория «магистрали и улицы»; без инвазивных видов ППМ 369-ПП";пешеходная дорожка / тротуар;1.58;0.5;"СП 42.13330.2016, п. 9.6, табл. 9.1; ППМ 743-ПП, табл. 3.6.1"
bush_path_corridor_119_016;посажено;bush;Спирея березолистная;NEW_BUSH;-209.366;-133.511;14488.751;-1121.798;Линейная посадка (живая изгородь/ряд вдоль полосы);07_nizhnie_polya;"Линейная посадка (живая изгородь/ряд вдоль полосы) — по аналогии с проектом «07_nizhnie_polya»; ближайшее ограничение — пешеходная дорожка / тротуар: 1.6 м при норме 0.5 м (СП 42.13330.2016, п. 9.6, табл. 9.1; ППМ 743-ПП, табл. 3.6.1)";"ассортимент для озеленения Москвы, категория «магистрали и улицы»; без инвазивных видов ППМ 369-ПП";пешеходная дорожка / тротуар;1.58;0.5;"СП 42.13330.2016, п. 9.6, табл. 9.1; ППМ 743-ПП, табл. 3.6.1"
bush_path_corridor_119_017;посажено;bush;Спирея березолистная;NEW_BUSH;-210.502;-134.329;14487.615;-1122.617;Линейная посадка (живая изгородь/ряд вдоль полосы);07_nizhnie_polya;"Линейная посадка (живая изгородь/ряд вдоль полосы) — по аналогии с проектом «07_nizhnie_polya»; ближайшее ограничение — пешеходная дорожка / тротуар: 1.6 м при норме 0.5 м (СП 42.13330.2016, п. 9.6, табл. 9.1; ППМ 743-ПП, табл. 3.6.1)";"ассортимент для озеленения Москвы, категория «магистрали и улицы»; без инвазивных видов ППМ 369-ПП";пешеходная дорожка / тротуар;1.57;0.5;"СП 42.13330.2016, п. 9.6, табл. 9.1; ППМ 743-ПП, табл. 3.6.1"
bush_path_corridor_119_018;посажено;bush;Спирея березолистная;NEW_BUSH;-211.638;-135.148;14486.479;-1123.435;Линейная посадка (живая изгородь/ряд вдоль полосы);07_nizhnie_polya;"Линейная посадка (живая изгородь/ряд вдоль полосы) — по аналогии с проектом «07_nizhnie_polya»; ближайшее ограничение — пешеходная дорожка / тротуар: 1.6 м при норме 0.5 м (СП 42.13330.2016, п. 9.6, табл. 9.1; ППМ 743-ПП, табл. 3.6.1)";"ассортимент для озеленения Москвы, категория «магистрали и улицы»; без инвазивных видов ППМ 369-ПП";пешеходная дорожка / тротуар;1.57;0.5;"СП 42.13330.2016, п. 9.6, табл. 9.1; ППМ 743-ПП, табл. 3.6.1"
bush_path_corridor_119_019;посажено;bush;Спирея березолистная;NEW_BUSH;-212.774;-135.966;14485.343;-1124.254;Линейная посадка (живая изгородь/ряд вдоль полосы);07_nizhnie_polya;"Линейная посадка (живая изгородь/ряд вдоль полосы) — по аналогии с проектом «07_nizhnie_polya»; ближайшее ограничение — пешеходная дорожка / тротуар: 1.6 м при норме 0.5 м (СП 42.13330.2016, п. 9.6, табл. 9.1; ППМ 743-ПП, табл. 3.6.1)";"ассортимент для озеленения Москвы, категория «магистрали и улицы»; без инвазивных видов ППМ 369-ПП";пешеходная дорожка / тротуар;1.57;0.5;"СП 42.13330.2016, п. 9.6, табл. 9.1; ППМ 743-ПП, табл. 3.6.1"
bush_path_corridor_119_020;посажено;bush;Спирея березолистная;NEW_BUSH;-213.909;-136.785;14484.207;-1125.072;Линейная посадка (живая изгородь/ряд вдоль полосы);07_nizhnie_polya;"Линейная посадка (живая изгородь/ряд вдоль полосы) — по аналогии с проектом «07_nizhnie_polya»; ближайшее ограничение — пешеходная дорожка / тротуар: 1.6 м при норме 0.5 м (СП 42.13330.2016, п. 9.6, табл. 9.1; ППМ 743-ПП, табл. 3.6.1)";"ассортимент для озеленения Москвы, категория «магистрали и улицы»; без инвазивных видов ППМ 369-ПП";пешеходная дорожка / тротуар;1.57;0.5;"СП 42.13330.2016, п. 9.6, табл. 9.1; ППМ 743-ПП, табл. 3.6.1"
bush_path_corridor_119_021;посажено;bush;Спирея березолистная;NEW_BUSH;-217.317;-139.24;14480.8;-1127.528;Линейная посадка (живая изгородь/ряд вдоль полосы);07_nizhnie_polya;"Линейная посадка (живая изгородь/ряд вдоль полосы) — по аналогии с проектом «07_nizhnie_polya»; ближайшее ограничение — пешеходная дорожка / тротуар: 1.6 м при норме 0.5 м (СП 42.13330.2016, п. 9.6, табл. 9.1; ППМ 743-ПП, табл. 3.6.1)";"ассортимент для озеленения Москвы, категория «магистрали и улицы»; без инвазивных видов ППМ 369-ПП";пешеходная дорожка / тротуар;1.57;0.5;"СП 42.13330.2016, п. 9.6, табл. 9.1; ППМ 743-ПП, табл. 3.6.1"
bush_path_corridor_119_022;посажено;bush;Спирея березолистная;NEW_BUSH;-218.453;-140.059;14479.664;-1128.346;Линейная посадка (живая изгородь/ряд вдоль полосы);07_nizhnie_polya;"Линейная посадка (живая изгородь/ряд вдоль полосы) — по аналогии с проектом «07_nizhnie_polya»; ближайшее ограничение — пешеходная дорожка / тротуар: 1.6 м при норме 0.5 м (СП 42.13330.2016, п. 9.6, табл. 9.1; ППМ 743-ПП, табл. 3.6.1)";"ассортимент для озеленения Москвы, категория «магистрали и улицы»; без инвазивных видов ППМ 369-ПП";пешеходная дорожка / тротуар;1.57;0.5;"СП 42.13330.2016, п. 9.6, табл. 9.1; ППМ 743-ПП, табл. 3.6.1"
bush_path_corridor_119_023;посажено;bush;Спирея березолистная;NEW_BUSH;-219.588;-140.877;14478.528;-1129.165;Линейная посадка (живая изгородь/ряд вдоль полосы);07_nizhnie_polya;"Линейная посадка (живая изгородь/ряд вдоль полосы) — по аналогии с проектом «07_nizhnie_polya»; ближайшее ограничение — пешеходная дорожка / тротуар: 1.6 м при норме 0.5 м (СП 42.13330.2016, п. 9.6, табл. 9.1; ППМ 743-ПП, табл. 3.6.1)";"ассортимент для озеленения Москвы, категория «магистрали и улицы»; без инвазивных видов ППМ 369-ПП";пешеходная дорожка / тротуар;1.57;0.5;"СП 42.13330.2016, п. 9.6, табл. 9.1; ППМ 743-ПП, табл. 3.6.1"
bush_path_corridor_119_024;посажено;bush;Спирея березолистная;NEW_BUSH;-220.724;-141.696;14477.393;-1129.983;Линейная посадка (живая изгородь/ряд вдоль полосы);07_nizhnie_polya;"Линейная посадка (живая изгородь/ряд вдоль полосы) — по аналогии с проектом «07_nizhnie_polya»; ближайшее ограничение — пешеходная дорожка / тротуар: 1.6 м при норме 0.5 м (СП 42.13330.2016, п. 9.6, табл. 9.1; ППМ 743-ПП, табл. 3.6.1)";"ассортимент для озеленения Москвы, категория «магистрали и улицы»; без инвазивных видов ППМ 369-ПП";пешеходная дорожка / тротуар;1.57;0.5;"СП 42.13330.2016, п. 9.6, табл. 9.1; ППМ 743-ПП, табл. 3.6.1"
bush_path_corridor_119_025;посажено;bush;Спирея березолистная;NEW_BUSH;-221.86;-142.514;14476.257;-1130.801;Линейная посадка (живая изгородь/ряд вдоль полосы);07_nizhnie_polya;"Линейная посадка (живая изгородь/ряд вдоль полосы) — по аналогии с проектом «07_nizhnie_polya»; ближайшее ограничение — пешеходная дорожка / тротуар: 1.6 м при норме 0.5 м (СП 42.13330.2016, п. 9.6, табл. 9.1; ППМ 743-ПП, табл. 3.6.1)";"ассортимент для озеленения Москвы, категория «магистрали и улицы»; без инвазивных видов ППМ 369-ПП";пешеходная дорожка / тротуар;1.57;0.5;"СП 42.13330.2016, п. 9.6, табл. 9.1; ППМ 743-ПП, табл. 3.6.1"
bush_path_corridor_119_026;посажено;bush;Спирея березолистная;NEW_BUSH;-222.996;-143.333;14475.121;-1131.62;Линейная посадка (живая изгородь/ряд вдоль полосы);07_nizhnie_polya;"Линейная посадка (живая изгородь/ряд вдоль полосы) — по аналогии с проектом «07_nizhnie_polya»; ближайшее ограничение — пешеходная дорожка / тротуар: 1.6 м при норме 0.5 м (СП 42.13330.2016, п. 9.6, табл. 9.1; ППМ 743-ПП, табл. 3.6.1)";"ассортимент для озеленения Москвы, категория «магистрали и улицы»; без инвазивных видов ППМ 369-ПП";пешеходная дорожка / тротуар;1.57;0.5;"СП 42.13330.2016, п. 9.6, табл. 9.1; ППМ 743-ПП, табл. 3.6.1"
bush_path_corridor_119_027;посажено;bush;Спирея березолистная;NEW_BUSH;-224.132;-144.151;14473.985;-1132.438;Линейная посадка (живая изгородь/ряд вдоль полосы);07_nizhnie_polya;"Линейная посадка (живая изгородь/ряд вдоль полосы) — по аналогии с проектом «07_nizhnie_polya»; ближайшее ограничение — пешеходная дорожка / тротуар: 1.6 м при норме 0.5 м (СП 42.13330.2016, п. 9.6, табл. 9.1; ППМ 743-ПП, табл. 3.6.1)";"ассортимент для озеленения Москвы, категория «магистрали и улицы»; без инвазивных видов ППМ 369-ПП";пешеходная дорожка / тротуар;1.56;0.5;"СП 42.13330.2016, п. 9.6, табл. 9.1; ППМ 743-ПП, табл. 3.6.1"
bush_path_corridor_119_028;посажено;bush;Спирея березолистная;NEW_BUSH;-226.403;-145.788;14471.713;-1134.075;Линейная посадка (живая изгородь/ряд вдоль полосы);07_nizhnie_polya;"Линейная посадка (живая изгородь/ряд вдоль полосы) — по аналогии с проектом «07_nizhnie_polya»; ближайшее ограничение — пешеходная дорожка / тротуар: 1.6 м при норме 0.5 м (СП 42.13330.2016, п. 9.6, табл. 9.1; ППМ 743-ПП, табл. 3.6.1)";"ассортимент для озеленения Москвы, категория «магистрали и улицы»; без инвазивных видов ППМ 369-ПП";пешеходная дорожка / тротуар;1.56;0.5;"СП 42.13330.2016, п. 9.6, табл. 9.1; ППМ 743-ПП, табл. 3.6.1"
bush_path_corridor_119_029;посажено;bush;Спирея березолистная;NEW_BUSH;-227.539;-146.607;14470.578;-1134.894;Линейная посадка (живая изгородь/ряд вдоль полосы);07_nizhnie_polya;"Линейная посадка (живая изгородь/ряд вдоль полосы) — по аналогии с проектом «07_nizhnie_polya»; ближайшее ограничение — пешеходная дорожка / тротуар: 1.6 м при норме 0.5 м (СП 42.13330.2016, п. 9.6, табл. 9.1; ППМ 743-ПП, табл. 3.6.1)";"ассортимент для озеленения Москвы, категория «магистрали и улицы»; без инвазивных видов ППМ 369-ПП";пешеходная дорожка / тротуар;1.56;0.5;"СП 42.13330.2016, п. 9.6, табл. 9.1; ППМ 743-ПП, табл. 3.6.1"
bush_path_corridor_119_030;посажено;bush;Спирея березолистная;NEW_BUSH;-228.675;-147.425;14469.442;-1135.712;Линейная посадка (живая изгородь/ряд вдоль полосы);07_nizhnie_polya;"Линейная посадка (живая изгородь/ряд вдоль полосы) — по аналогии с проектом «07_nizhnie_polya»; ближайшее ограничение — пешеходная дорожка / тротуар: 1.6 м при норме 0.5 м (СП 42.13330.2016, п. 9.6, табл. 9.1; ППМ 743-ПП, табл. 3.6.1)";"ассортимент для озеленения Москвы, категория «магистрали и улицы»; без инвазивных видов ППМ 369-ПП";пешеходная дорожка / тротуар;1.56;0.5;"СП 42.13330.2016, п. 9.6, табл. 9.1; ППМ 743-ПП, табл. 3.6.1"
bush_path_corridor_119_031;посажено;bush;Спирея березолистная;NEW_BUSH;-229.811;-148.243;14468.306;-1136.531;Линейная посадка (живая изгородь/ряд вдоль полосы);07_nizhnie_polya;"Линейная посадка (живая изгородь/ряд вдоль полосы) — по аналогии с проектом «07_nizhnie_polya»; ближайшее ограничение — пешеходная дорожка / тротуар: 1.6 м при норме 0.5 м (СП 42.13330.2016, п. 9.6, табл. 9.1; ППМ 743-ПП, табл. 3.6.1)";"ассортимент для озеленения Москвы, категория «магистрали и улицы»; без инвазивных видов ППМ 369-ПП";пешеходная дорожка / тротуар;1.56;0.5;"СП 42.13330.2016, п. 9.6, табл. 9.1; ППМ 743-ПП, табл. 3.6.1"
bush_path_corridor_119_032;посажено;bush;Спирея березолистная;NEW_BUSH;-230.947;-149.062;14467.17;-1137.349;Линейная посадка (живая изгородь/ряд вдоль полосы);07_nizhnie_polya;"Линейная посадка (живая изгородь/ряд вдоль полосы) — по аналогии с проектом «07_nizhnie_polya»; ближайшее ограничение — пешеходная дорожка / тротуар: 1.8 м при норме 0.5 м (СП 42.13330.2016, п. 9.6, табл. 9.1; ППМ 743-ПП, табл. 3.6.1)";"ассортимент для озеленения Москвы, категория «магистрали и улицы»; без инвазивных видов ППМ 369-ПП";пешеходная дорожка / тротуар;1.76;0.5;"СП 42.13330.2016, п. 9.6, табл. 9.1; ППМ 743-ПП, табл. 3.6.1"
bush_path_corridor_119_033;посажено;bush;Спирея березолистная;NEW_BUSH;-232.082;-149.88;14466.034;-1138.168;Линейная посадка (живая изгородь/ряд вдоль полосы);07_nizhnie_polya;"Линейная посадка (живая изгородь/ряд вдоль полосы) — по аналогии с проектом «07_nizhnie_polya»; ближайшее ограничение — пешеходная дорожка / тротуар: 1.6 м при норме 0.5 м (СП 42.13330.2016, п. 9.6, табл. 9.1; ППМ 743-ПП, табл. 3.6.1)";"ассортимент для озеленения Москвы, категория «магистрали и улицы»; без инвазивных видов ППМ 369-ПП";пешеходная дорожка / тротуар;1.56;0.5;"СП 42.13330.2016, п. 9.6, табл. 9.1; ППМ 743-ПП, табл. 3.6.1"
bush_path_corridor_119_034;посажено;bush;Спирея березолистная;NEW_BUSH;-233.218;-150.699;14464.898;-1138.986;Линейная посадка (живая изгородь/ряд вдоль полосы);07_nizhnie_polya;"Линейная посадка (живая изгородь/ряд вдоль полосы) — по аналогии с проектом «07_nizhnie_polya»; ближайшее ограничение — пешеходная дорожка / тротуар: 1.6 м при норме 0.5 м (СП 42.13330.2016, п. 9.6, табл. 9.1; ППМ 743-ПП, табл. 3.6.1)";"ассортимент для озеленения Москвы, категория «магистрали и улицы»; без инвазивных видов ППМ 369-ПП";пешеходная дорожка / тротуар;1.56;0.5;"СП 42.13330.2016, п. 9.6, табл. 9.1; ППМ 743-ПП, табл. 3.6.1"
bush_path_corridor_119_035;посажено;bush;Спирея березолистная;NEW_BUSH;-236.626;-153.154;14461.491;-1141.442;Линейная посадка (живая изгородь/ряд вдоль полосы);07_nizhnie_polya;"Линейная посадка (живая изгородь/ряд вдоль полосы) — по аналогии с проектом «07_nizhnie_polya»; ближайшее ограничение — пешеходная дорожка / тротуар: 1.6 м при норме 0.5 м (СП 42.13330.2016, п. 9.6, табл. 9.1; ППМ 743-ПП, табл. 3.6.1)";"ассортимент для озеленения Москвы, категория «магистрали и улицы»; без инвазивных видов ППМ 369-ПП";пешеходная дорожка / тротуар;1.56;0.5;"СП 42.13330.2016, п. 9.6, табл. 9.1; ППМ 743-ПП, табл. 3.6.1"
bush_path_corridor_119_036;посажено;bush;Спирея березолистная;NEW_BUSH;-237.762;-153.973;14460.355;-1142.26;Линейная посадка (живая изгородь/ряд вдоль полосы);07_nizhnie_polya;"Линейная посадка (живая изгородь/ряд вдоль полосы) — по аналогии с проектом «07_nizhnie_polya»; ближайшее ограничение — пешеходная дорожка / тротуар: 1.6 м при норме 0.5 м (СП 42.13330.2016, п. 9.6, табл. 9.1; ППМ 743-ПП, табл. 3.6.1)";"ассортимент для озеленения Москвы, категория «магистрали и улицы»; без инвазивных видов ППМ 369-ПП";пешеходная дорожка / тротуар;1.59;0.5;"СП 42.13330.2016, п. 9.6, табл. 9.1; ППМ 743-ПП, табл. 3.6.1"
bush_path_corridor_119_037;посажено;bush;Спирея березолистная;NEW_BUSH;-238.897;-154.791;14459.219;-1143.079;Линейная посадка (живая изгородь/ряд вдоль полосы);07_nizhnie_polya;"Линейная посадка (живая изгородь/ряд вдоль полосы) — по аналогии с проектом «07_nizhnie_polya»; ближайшее ограничение — пешеходная дорожка / тротуар: 1.6 м при норме 0.5 м (СП 42.13330.2016, п. 9.6, табл. 9.1; ППМ 743-ПП, табл. 3.6.1)";"ассортимент для озеленения Москвы, категория «магистрали и улицы»; без инвазивных видов ППМ 369-ПП";пешеходная дорожка / тротуар;1.64;0.5;"СП 42.13330.2016, п. 9.6, табл. 9.1; ППМ 743-ПП, табл. 3.6.1"
bush_path_corridor_119_038;посажено;bush;Спирея березолистная;NEW_BUSH;-240.033;-155.61;14458.084;-1143.897;Линейная посадка (живая изгородь/ряд вдоль полосы);07_nizhnie_polya;"Линейная посадка (живая изгородь/ряд вдоль полосы) — по аналогии с проектом «07_nizhnie_polya»; ближайшее ограничение — пешеходная дорожка / тротуар: 1.7 м при норме 0.5 м (СП 42.13330.2016, п. 9.6, табл. 9.1; ППМ 743-ПП, табл. 3.6.1)";"ассортимент для озеленения Москвы, категория «магистрали и улицы»; без инвазивных видов ППМ 369-ПП";пешеходная дорожка / тротуар;1.69;0.5;"СП 42.13330.2016, п. 9.6, табл. 9.1; ППМ 743-ПП, табл. 3.6.1"
bush_path_corridor_119_039;посажено;bush;Спирея березолистная;NEW_BUSH;-241.169;-156.428;14456.948;-1144.716;Линейная посадка (живая изгородь/ряд вдоль полосы);07_nizhnie_polya;"Линейная посадка (живая изгородь/ряд вдоль полосы) — по аналогии с проектом «07_nizhnie_polya»; ближайшее ограничение — пешеходная дорожка / тротуар: 1.7 м при норме 0.5 м (СП 42.13330.2016, п. 9.6, табл. 9.1; ППМ 743-ПП, табл. 3.6.1)";"ассортимент для озеленения Москвы, категория «магистрали и улицы»; без инвазивных видов ППМ 369-ПП";пешеходная дорожка / тротуар;1.73;0.5;"СП 42.13330.2016, п. 9.6, табл. 9.1; ППМ 743-ПП, табл. 3.6.1"
bush_path_corridor_119_040;посажено;bush;Спирея березолистная;NEW_BUSH;-242.305;-157.247;14455.812;-1145.534;Линейная посадка (живая изгородь/ряд вдоль полосы);07_nizhnie_polya;"Линейная посадка (живая изгородь/ряд вдоль полосы) — по аналогии с проектом «07_nizhnie_polya»; ближайшее ограничение — пешеходная дорожка / тротуар: 1.8 м при норме 0.5 м (СП 42.13330.2016, п. 9.6, табл. 9.1; ППМ 743-ПП, табл. 3.6.1)";"ассортимент для озеленения Москвы, категория «магистрали и улицы»; без инвазивных видов ППМ 369-ПП";пешеходная дорожка / тротуар;1.78;0.5;"СП 42.13330.2016, п. 9.6, табл. 9.1; ППМ 743-ПП, табл. 3.6.1"
tree_path_corridor_120_001;посажено;tree;Вяз гибридный Резиста;NEW_TREE;-183.134;-105.036;14514.983;-1093.323;Линейная посадка (живая изгородь/ряд вдоль полосы);07_nizhnie_polya;"Линейная посадка (живая изгородь/ряд вдоль полосы) — по аналогии с проектом «07_nizhnie_polya»; ближайшее ограничение — пешеходная дорожка / тротуар: 3.2 м при норме 0.7 м (СП 42.13330.2016, п. 9.6, табл. 9.1; ППМ 743-ПП, табл. 3.6.1)";"ассортимент для озеленения Москвы, категория «магистрали и улицы»; без инвазивных видов ППМ 369-ПП";пешеходная дорожка / тротуар;3.17;0.7;"СП 42.13330.2016, п. 9.6, табл. 9.1; ППМ 743-ПП, табл. 3.6.1"
bush_path_corridor_120_001;посажено;bush;Спирея березолистная;NEW_BUSH;-181.431;-103.807;14516.686;-1092.095;Линейная посадка (живая изгородь/ряд вдоль полосы);07_nizhnie_polya;"Линейная посадка (живая изгородь/ряд вдоль полосы) — по аналогии с проектом «07_nizhnie_polya»; ближайшее ограничение — проезжая часть: 2.6 м при норме 1.0 м (СП 42.13330.2016, п. 9.6, табл. 9.1; ППМ 743-ПП, табл. 3.6.1)";"ассортимент для озеленения Москвы, категория «магистрали и улицы»; без инвазивных видов ППМ 369-ПП";проезжая часть;2.59;1.0;"СП 42.13330.2016, п. 9.6, табл. 9.1; ППМ 743-ПП, табл. 3.6.1"
bush_path_corridor_120_002;посажено;bush;Спирея березолистная;NEW_BUSH;-184.837;-106.265;14513.28;-1094.552;Линейная посадка (живая изгородь/ряд вдоль полосы);07_nizhnie_polya;"Линейная посадка (живая изгородь/ряд вдоль полосы) — по аналогии с проектом «07_nizhnie_polya»; ближайшее ограничение — проезжая часть: 2.8 м при норме 1.0 м (СП 42.13330.2016, п. 9.6, табл. 9.1; ППМ 743-ПП, табл. 3.6.1)";"ассортимент для озеленения Москвы, категория «магистрали и улицы»; без инвазивных видов ППМ 369-ПП";проезжая часть;2.79;1.0;"СП 42.13330.2016, п. 9.6, табл. 9.1; ППМ 743-ПП, табл. 3.6.1"
tree_path_corridor_121_001;посажено;tree;Вяз гибридный Резиста;NEW_TREE;-156.456;-87.614;14541.66;-1075.902;Линейная посадка (живая изгородь/ряд вдоль полосы);07_nizhnie_polya;"Линейная посадка (живая изгородь/ряд вдоль полосы) — по аналогии с проектом «07_nizhnie_polya»; ближайшее ограничение — проезжая часть: 3.0 м при норме 2.0 м (СП 42.13330.2016, п. 9.6, табл. 9.1; ППМ 743-ПП, табл. 3.6.1)";"ассортимент для озеленения Москвы, категория «магистрали и улицы»; без инвазивных видов ППМ 369-ПП";проезжая часть;2.98;2.0;"СП 42.13330.2016, п. 9.6, табл. 9.1; ППМ 743-ПП, табл. 3.6.1"
tree_path_corridor_121_002;посажено;tree;Вяз гибридный Резиста;NEW_TREE;-166.107;-94.577;14532.01;-1082.864;Линейная посадка (живая изгородь/ряд вдоль полосы);07_nizhnie_polya;"Линейная посадка (живая изгородь/ряд вдоль полосы) — по аналогии с проектом «07_nizhnie_polya»; ближайшее ограничение — проезжая часть: 3.0 м при норме 2.0 м (СП 42.13330.2016, п. 9.6, табл. 9.1; ППМ 743-ПП, табл. 3.6.1)";"ассортимент для озеленения Москвы, категория «магистрали и улицы»; без инвазивных видов ППМ 369-ПП";проезжая часть;2.98;2.0;"СП 42.13330.2016, п. 9.6, табл. 9.1; ППМ 743-ПП, табл. 3.6.1"
bush_path_corridor_121_001;посажено;bush;Спирея березолистная;NEW_BUSH;-151.631;-84.133;14546.486;-1072.42;Линейная посадка (живая изгородь/ряд вдоль полосы);07_nizhnie_polya;"Линейная посадка (живая изгородь/ряд вдоль полосы) — по аналогии с проектом «07_nizhnie_polya»; ближайшее ограничение — пешеходная дорожка / тротуар: 1.6 м при норме 0.5 м (СП 42.13330.2016, п. 9.6, табл. 9.1; ППМ 743-ПП, табл. 3.6.1)";"ассортимент для озеленения Москвы, категория «магистрали и улицы»; без инвазивных видов ППМ 369-ПП";пешеходная дорожка / тротуар;1.65;0.5;"СП 42.13330.2016, п. 9.6, табл. 9.1; ППМ 743-ПП, табл. 3.6.1"
bush_path_corridor_121_002;посажено;bush;Спирея березолистная;NEW_BUSH;-152.767;-84.952;14545.35;-1073.24;Линейная посадка (живая изгородь/ряд вдоль полосы);07_nizhnie_polya;"Линейная посадка (живая изгородь/ряд вдоль полосы) — по аналогии с проектом «07_nizhnie_polya»; ближайшее ограничение — пешеходная дорожка / тротуар: 1.7 м при норме 0.5 м (СП 42.13330.2016, п. 9.6, табл. 9.1; ППМ 743-ПП, табл. 3.6.1)";"ассортимент для озеленения Москвы, категория «магистрали и улицы»; без инвазивных видов ППМ 369-ПП";пешеходная дорожка / тротуар;1.69;0.5;"СП 42.13330.2016, п. 9.6, табл. 9.1; ППМ 743-ПП, табл. 3.6.1"
bush_path_corridor_121_003;посажено;bush;Спирея березолистная;NEW_BUSH;-153.902;-85.771;14544.215;-1074.059;Линейная посадка (живая изгородь/ряд вдоль полосы);07_nizhnie_polya;"Линейная посадка (живая изгородь/ряд вдоль полосы) — по аналогии с проектом «07_nizhnie_polya»; ближайшее ограничение — пешеходная дорожка / тротуар: 1.7 м при норме 0.5 м (СП 42.13330.2016, п. 9.6, табл. 9.1; ППМ 743-ПП, табл. 3.6.1)";"ассортимент для озеленения Москвы, категория «магистрали и улицы»; без инвазивных видов ППМ 369-ПП";пешеходная дорожка / тротуар;1.69;0.5;"СП 42.13330.2016, п. 9.6, табл. 9.1; ППМ 743-ПП, табл. 3.6.1"
bush_path_corridor_121_004;посажено;bush;Спирея березолистная;NEW_BUSH;-155.037;-86.59;14543.08;-1074.878;Линейная посадка (живая изгородь/ряд вдоль полосы);07_nizhnie_polya;"Линейная посадка (живая изгородь/ряд вдоль полосы) — по аналогии с проектом «07_nizhnie_polya»; ближайшее ограничение — пешеходная дорожка / тротуар: 1.7 м при норме 0.5 м (СП 42.13330.2016, п. 9.6, табл. 9.1; ППМ 743-ПП, табл. 3.6.1)";"ассортимент для озеленения Москвы, категория «магистрали и улицы»; без инвазивных видов ППМ 369-ПП";пешеходная дорожка / тротуар;1.69;0.5;"СП 42.13330.2016, п. 9.6, табл. 9.1; ППМ 743-ПП, табл. 3.6.1"
bush_path_corridor_121_005;посажено;bush;Спирея березолистная;NEW_BUSH;-157.308;-88.229;14540.809;-1076.516;Линейная посадка (живая изгородь/ряд вдоль полосы);07_nizhnie_polya;"Линейная посадка (живая изгородь/ряд вдоль полосы) — по аналогии с проектом «07_nizhnie_polya»; ближайшее ограничение — пешеходная дорожка / тротуар: 1.7 м при норме 0.5 м (СП 42.13330.2016, п. 9.6, табл. 9.1; ППМ 743-ПП, табл. 3.6.1)";"ассортимент для озеленения Москвы, категория «магистрали и улицы»; без инвазивных видов ППМ 369-ПП";пешеходная дорожка / тротуар;1.69;0.5;"СП 42.13330.2016, п. 9.6, табл. 9.1; ППМ 743-ПП, табл. 3.6.1"
bush_path_corridor_121_006;посажено;bush;Спирея березолистная;NEW_BUSH;-158.443;-89.048;14539.673;-1077.335;Линейная посадка (живая изгородь/ряд вдоль полосы);07_nizhnie_polya;"Линейная посадка (живая изгородь/ряд вдоль полосы) — по аналогии с проектом «07_nizhnie_polya»; ближайшее ограничение — пешеходная дорожка / тротуар: 1.7 м при норме 0.5 м (СП 42.13330.2016, п. 9.6, табл. 9.1; ППМ 743-ПП, табл. 3.6.1)";"ассортимент для озеленения Москвы, категория «магистрали и улицы»; без инвазивных видов ППМ 369-ПП";пешеходная дорожка / тротуар;1.69;0.5;"СП 42.13330.2016, п. 9.6, табл. 9.1; ППМ 743-ПП, табл. 3.6.1"
bush_path_corridor_121_007;посажено;bush;Спирея березолистная;NEW_BUSH;-159.579;-89.867;14538.538;-1078.154;Линейная посадка (живая изгородь/ряд вдоль полосы);07_nizhnie_polya;"Линейная посадка (живая изгородь/ряд вдоль полосы) — по аналогии с проектом «07_nizhnie_polya»; ближайшее ограничение — пешеходная дорожка / тротуар: 1.7 м при норме 0.5 м (СП 42.13330.2016, п. 9.6, табл. 9.1; ППМ 743-ПП, табл. 3.6.1)";"ассортимент для озеленения Москвы, категория «магистрали и улицы»; без инвазивных видов ППМ 369-ПП";пешеходная дорожка / тротуар;1.69;0.5;"СП 42.13330.2016, п. 9.6, табл. 9.1; ППМ 743-ПП, табл. 3.6.1"
bush_path_corridor_121_008;посажено;bush;Спирея березолистная;NEW_BUSH;-160.714;-90.686;14537.403;-1078.973;Линейная посадка (живая изгородь/ряд вдоль полосы);07_nizhnie_polya;"Линейная посадка (живая изгородь/ряд вдоль полосы) — по аналогии с проектом «07_nizhnie_polya»; ближайшее ограничение — пешеходная дорожка / тротуар: 1.7 м при норме 0.5 м (СП 42.13330.2016, п. 9.6, табл. 9.1; ППМ 743-ПП, табл. 3.6.1)";"ассортимент для озеленения Москвы, категория «магистрали и улицы»; без инвазивных видов ППМ 369-ПП";пешеходная дорожка / тротуар;1.69;0.5;"СП 42.13330.2016, п. 9.6, табл. 9.1; ППМ 743-ПП, табл. 3.6.1"
bush_path_corridor_121_009;посажено;bush;Спирея березолистная;NEW_BUSH;-161.849;-91.505;14536.267;-1079.793;Линейная посадка (живая изгородь/ряд вдоль полосы);07_nizhnie_polya;"Линейная посадка (живая изгородь/ряд вдоль полосы) — по аналогии с проектом «07_nizhnie_polya»; ближайшее ограничение — пешеходная дорожка / тротуар: 1.7 м при норме 0.5 м (СП 42.13330.2016, п. 9.6, табл. 9.1; ППМ 743-ПП, табл. 3.6.1)";"ассортимент для озеленения Москвы, категория «магистрали и улицы»; без инвазивных видов ППМ 369-ПП";пешеходная дорожка / тротуар;1.69;0.5;"СП 42.13330.2016, п. 9.6, табл. 9.1; ППМ 743-ПП, табл. 3.6.1"
bush_path_corridor_121_010;посажено;bush;Спирея березолистная;NEW_BUSH;-162.985;-92.324;14535.132;-1080.612;Линейная посадка (живая изгородь/ряд вдоль полосы);07_nizhnie_polya;"Линейная посадка (живая изгородь/ряд вдоль полосы) — по аналогии с проектом «07_nizhnie_polya»; ближайшее ограничение — пешеходная дорожка / тротуар: 1.7 м при норме 0.5 м (СП 42.13330.2016, п. 9.6, табл. 9.1; ППМ 743-ПП, табл. 3.6.1)";"ассортимент для озеленения Москвы, категория «магистрали и улицы»; без инвазивных видов ППМ 369-ПП";пешеходная дорожка / тротуар;1.69;0.5;"СП 42.13330.2016, п. 9.6, табл. 9.1; ППМ 743-ПП, табл. 3.6.1"
bush_path_corridor_121_011;посажено;bush;Спирея березолистная;NEW_BUSH;-164.12;-93.143;14533.997;-1081.431;Линейная посадка (живая изгородь/ряд вдоль полосы);07_nizhnie_polya;"Линейная посадка (живая изгородь/ряд вдоль полосы) — по аналогии с проектом «07_nizhnie_polya»; ближайшее ограничение — пешеходная дорожка / тротуар: 1.7 м при норме 0.5 м (СП 42.13330.2016, п. 9.6, табл. 9.1; ППМ 743-ПП, табл. 3.6.1)";"ассортимент для озеленения Москвы, категория «магистрали и улицы»; без инвазивных видов ППМ 369-ПП";пешеходная дорожка / тротуар;1.69;0.5;"СП 42.13330.2016, п. 9.6, табл. 9.1; ППМ 743-ПП, табл. 3.6.1"
bush_path_corridor_121_012;посажено;bush;Спирея березолистная;NEW_BUSH;-165.255;-93.963;14532.861;-1082.25;Линейная посадка (живая изгородь/ряд вдоль полосы);07_nizhnie_polya;"Линейная посадка (живая изгородь/ряд вдоль полосы) — по аналогии с проектом «07_nizhnie_polya»; ближайшее ограничение — пешеходная дорожка / тротуар: 1.7 м при норме 0.5 м (СП 42.13330.2016, п. 9.6, табл. 9.1; ППМ 743-ПП, табл. 3.6.1)";"ассортимент для озеленения Москвы, категория «магистрали и улицы»; без инвазивных видов ППМ 369-ПП";пешеходная дорожка / тротуар;1.69;0.5;"СП 42.13330.2016, п. 9.6, табл. 9.1; ППМ 743-ПП, табл. 3.6.1"
bush_path_corridor_121_013;посажено;bush;Спирея березолистная;NEW_BUSH;-167.526;-95.601;14530.591;-1083.888;Линейная посадка (живая изгородь/ряд вдоль полосы);07_nizhnie_polya;"Линейная посадка (живая изгородь/ряд вдоль полосы) — по аналогии с проектом «07_nizhnie_polya»; ближайшее ограничение — пешеходная дорожка / тротуар: 1.7 м при норме 0.5 м (СП 42.13330.2016, п. 9.6, табл. 9.1; ППМ 743-ПП, табл. 3.6.1)";"ассортимент для озеленения Москвы, категория «магистрали и улицы»; без инвазивных видов ППМ 369-ПП";пешеходная дорожка / тротуар;1.69;0.5;"СП 42.13330.2016, п. 9.6, табл. 9.1; ППМ 743-ПП, табл. 3.6.1"
bush_path_corridor_121_014;посажено;bush;Спирея березолистная;NEW_BUSH;-168.662;-96.42;14529.455;-1084.707;Линейная посадка (живая изгородь/ряд вдоль полосы);07_nizhnie_polya;"Линейная посадка (живая изгородь/ряд вдоль полосы) — по аналогии с проектом «07_nizhnie_polya»; ближайшее ограничение — пешеходная дорожка / тротуар: 1.7 м при норме 0.5 м (СП 42.13330.2016, п. 9.6, табл. 9.1; ППМ 743-ПП, табл. 3.6.1)";"ассортимент для озеленения Москвы, категория «магистрали и улицы»; без инвазивных видов ППМ 369-ПП";пешеходная дорожка / тротуар;1.69;0.5;"СП 42.13330.2016, п. 9.6, табл. 9.1; ППМ 743-ПП, табл. 3.6.1"
bush_path_corridor_121_015;посажено;bush;Спирея березолистная;NEW_BUSH;-169.797;-97.239;14528.32;-1085.526;Линейная посадка (живая изгородь/ряд вдоль полосы);07_nizhnie_polya;"Линейная посадка (живая изгородь/ряд вдоль полосы) — по аналогии с проектом «07_nizhnie_polya»; ближайшее ограничение — пешеходная дорожка / тротуар: 1.7 м при норме 0.5 м (СП 42.13330.2016, п. 9.6, табл. 9.1; ППМ 743-ПП, табл. 3.6.1)";"ассортимент для озеленения Москвы, категория «магистрали и улицы»; без инвазивных видов ППМ 369-ПП";пешеходная дорожка / тротуар;1.69;0.5;"СП 42.13330.2016, п. 9.6, табл. 9.1; ППМ 743-ПП, табл. 3.6.1"
bush_path_corridor_121_016;посажено;bush;Спирея березолистная;NEW_BUSH;-170.932;-98.058;14527.185;-1086.346;Линейная посадка (живая изгородь/ряд вдоль полосы);07_nizhnie_polya;"Линейная посадка (живая изгородь/ряд вдоль полосы) — по аналогии с проектом «07_nizhnie_polya»; ближайшее ограничение — пешеходная дорожка / тротуар: 1.6 м при норме 0.5 м (СП 42.13330.2016, п. 9.6, табл. 9.1; ППМ 743-ПП, табл. 3.6.1)";"ассортимент для озеленения Москвы, категория «магистрали и улицы»; без инвазивных видов ППМ 369-ПП";пешеходная дорожка / тротуар;1.65;0.5;"СП 42.13330.2016, п. 9.6, табл. 9.1; ППМ 743-ПП, табл. 3.6.1"
tree_path_corridor_122_001;посажено;tree;Вяз гибридный Резиста;NEW_TREE;-145.73;-79.326;14552.387;-1067.613;Линейная посадка (живая изгородь/ряд вдоль полосы);07_nizhnie_polya;"Линейная посадка (живая изгородь/ряд вдоль полосы) — по аналогии с проектом «07_nizhnie_polya»; ближайшее ограничение — проезжая часть: 3.0 м при норме 2.0 м (СП 42.13330.2016, п. 9.6, табл. 9.1; ППМ 743-ПП, табл. 3.6.1)";"ассортимент для озеленения Москвы, категория «магистрали и улицы»; без инвазивных видов ППМ 369-ПП";проезжая часть;3.03;2.0;"СП 42.13330.2016, п. 9.6, табл. 9.1; ППМ 743-ПП, табл. 3.6.1"
bush_path_corridor_123_001;посажено;bush;Спирея березолистная;NEW_BUSH;-172.742;-109.466;14525.375;-1097.753;Линейная посадка (живая изгородь/ряд вдоль полосы);07_nizhnie_polya;"Линейная посадка (живая изгородь/ряд вдоль полосы) — по аналогии с проектом «07_nizhnie_polya»; ближайшее ограничение — пешеходная дорожка / тротуар: 3.5 м при норме 0.5 м (СП 42.13330.2016, п. 9.6, табл. 9.1; ППМ 743-ПП, табл. 3.6.1)";"ассортимент для озеленения Москвы, категория «магистрали и улицы»; без инвазивных видов ППМ 369-ПП";пешеходная дорожка / тротуар;3.5;0.5;"СП 42.13330.2016, п. 9.6, табл. 9.1; ППМ 743-ПП, табл. 3.6.1"
bush_path_corridor_123_002;посажено;bush;Спирея березолистная;NEW_BUSH;-171.607;-108.647;14526.51;-1096.934;Линейная посадка (живая изгородь/ряд вдоль полосы);07_nizhnie_polya;"Линейная посадка (живая изгородь/ряд вдоль полосы) — по аналогии с проектом «07_nizhnie_polya»; ближайшее ограничение — пешеходная дорожка / тротуар: 3.5 м при норме 0.5 м (СП 42.13330.2016, п. 9.6, табл. 9.1; ППМ 743-ПП, табл. 3.6.1)";"ассортимент для озеленения Москвы, категория «магистрали и улицы»; без инвазивных видов ППМ 369-ПП";пешеходная дорожка / тротуар;3.5;0.5;"СП 42.13330.2016, п. 9.6, табл. 9.1; ППМ 743-ПП, табл. 3.6.1"
bush_path_corridor_123_003;посажено;bush;Спирея березолистная;NEW_BUSH;-170.471;-107.827;14527.645;-1096.115;Линейная посадка (живая изгородь/ряд вдоль полосы);07_nizhnie_polya;"Линейная посадка (живая изгородь/ряд вдоль полосы) — по аналогии с проектом «07_nizhnie_polya»; ближайшее ограничение — пешеходная дорожка / тротуар: 3.5 м при норме 0.5 м (СП 42.13330.2016, п. 9.6, табл. 9.1; ППМ 743-ПП, табл. 3.6.1)";"ассортимент для озеленения Москвы, категория «магистрали и улицы»; без инвазивных видов ППМ 369-ПП";пешеходная дорожка / тротуар;3.5;0.5;"СП 42.13330.2016, п. 9.6, табл. 9.1; ППМ 743-ПП, табл. 3.6.1"
bush_path_corridor_123_004;посажено;bush;Спирея березолистная;NEW_BUSH;-169.336;-107.008;14528.781;-1095.296;Линейная посадка (живая изгородь/ряд вдоль полосы);07_nizhnie_polya;"Линейная посадка (живая изгородь/ряд вдоль полосы) — по аналогии с проектом «07_nizhnie_polya»; ближайшее ограничение — пешеходная дорожка / тротуар: 3.5 м при норме 0.5 м (СП 42.13330.2016, п. 9.6, табл. 9.1; ППМ 743-ПП, табл. 3.6.1)";"ассортимент для озеленения Москвы, категория «магистрали и улицы»; без инвазивных видов ППМ 369-ПП";пешеходная дорожка / тротуар;3.5;0.5;"СП 42.13330.2016, п. 9.6, табл. 9.1; ППМ 743-ПП, табл. 3.6.1"
bush_path_corridor_123_005;посажено;bush;Спирея березолистная;NEW_BUSH;-168.201;-106.189;14529.916;-1094.477;Линейная посадка (живая изгородь/ряд вдоль полосы);07_nizhnie_polya;"Линейная посадка (живая изгородь/ряд вдоль полосы) — по аналогии с проектом «07_nizhnie_polya»; ближайшее ограничение — пешеходная дорожка / тротуар: 3.4 м при норме 0.5 м (СП 42.13330.2016, п. 9.6, табл. 9.1; ППМ 743-ПП, табл. 3.6.1)";"ассортимент для озеленения Москвы, категория «магистрали и улицы»; без инвазивных видов ППМ 369-ПП";пешеходная дорожка / тротуар;3.37;0.5;"СП 42.13330.2016, п. 9.6, табл. 9.1; ППМ 743-ПП, табл. 3.6.1"
bush_path_corridor_123_006;посажено;bush;Спирея березолистная;NEW_BUSH;-167.065;-105.37;14531.052;-1093.658;Линейная посадка (живая изгородь/ряд вдоль полосы);07_nizhnie_polya;"Линейная посадка (живая изгородь/ряд вдоль полосы) — по аналогии с проектом «07_nizhnie_polya»; ближайшее ограничение — пешеходная дорожка / тротуар: 2.0 м при норме 0.5 м (СП 42.13330.2016, п. 9.6, табл. 9.1; ППМ 743-ПП, табл. 3.6.1)";"ассортимент для озеленения Москвы, категория «магистрали и улицы»; без инвазивных видов ППМ 369-ПП";пешеходная дорожка / тротуар;1.97;0.5;"СП 42.13330.2016, п. 9.6, табл. 9.1; ППМ 743-ПП, табл. 3.6.1"
tree_path_corridor_124_001;посажено;tree;Вяз гибридный Резиста;NEW_TREE;-179.095;-112.895;14519.022;-1101.183;Линейная посадка (живая изгородь/ряд вдоль полосы);07_nizhnie_polya;"Линейная посадка (живая изгородь/ряд вдоль полосы) — по аналогии с проектом «07_nizhnie_polya»; ближайшее ограничение — проезжая часть: 3.6 м при норме 2.0 м (СП 42.13330.2016, п. 9.6, табл. 9.1; ППМ 743-ПП, табл. 3.6.1)";"ассортимент для озеленения Москвы, категория «магистрали и улицы»; без инвазивных видов ППМ 369-ПП";проезжая часть;3.57;2.0;"СП 42.13330.2016, п. 9.6, табл. 9.1; ППМ 743-ПП, табл. 3.6.1"
tree_path_corridor_124_002;посажено;tree;Вяз гибридный Резиста;NEW_TREE;-172.527;-112.895;14525.59;-1101.183;Линейная посадка (живая изгородь/ряд вдоль полосы);07_nizhnie_polya;"Линейная посадка (живая изгородь/ряд вдоль полосы) — по аналогии с проектом «07_nizhnie_polya»; ближайшее ограничение — проезжая часть: 3.5 м при норме 2.0 м (СП 42.13330.2016, п. 9.6, табл. 9.1; ППМ 743-ПП, табл. 3.6.1)";"ассортимент для озеленения Москвы, категория «магистрали и улицы»; без инвазивных видов ППМ 369-ПП";проезжая часть;3.5;2.0;"СП 42.13330.2016, п. 9.6, табл. 9.1; ППМ 743-ПП, табл. 3.6.1"
bush_path_corridor_124_001;посажено;bush;Спирея березолистная;NEW_BUSH;-171.127;-112.895;14526.99;-1101.183;Линейная посадка (живая изгородь/ряд вдоль полосы);07_nizhnie_polya;"Линейная посадка (живая изгородь/ряд вдоль полосы) — по аналогии с проектом «07_nizhnie_polya»; ближайшее ограничение — проезжая часть: 2.7 м при норме 1.0 м (СП 42.13330.2016, п. 9.6, табл. 9.1; ППМ 743-ПП, табл. 3.6.1)";"ассортимент для озеленения Москвы, категория «магистрали и улицы»; без инвазивных видов ППМ 369-ПП";проезжая часть;2.67;1.0;"СП 42.13330.2016, п. 9.6, табл. 9.1; ППМ 743-ПП, табл. 3.6.1"
tree_path_corridor_125_001;посажено;tree;Вяз гибридный Резиста;NEW_TREE;-99.811;-42.329;14598.305;-1030.616;Линейная посадка (живая изгородь/ряд вдоль полосы);07_nizhnie_polya;"Линейная посадка (живая изгородь/ряд вдоль полосы) — по аналогии с проектом «07_nizhnie_polya»; ближайшее ограничение — проезжая часть: 3.0 м при норме 2.0 м (СП 42.13330.2016, п. 9.6, табл. 9.1; ППМ 743-ПП, табл. 3.6.1)";"ассортимент для озеленения Москвы, категория «магистрали и улицы»; без инвазивных видов ППМ 369-ПП";проезжая часть;3.05;2.0;"СП 42.13330.2016, п. 9.6, табл. 9.1; ППМ 743-ПП, табл. 3.6.1"
bush_path_corridor_125_001;посажено;bush;Спирея березолистная;NEW_BUSH;-99.73;-40.23;14598.386;-1028.518;Линейная посадка (живая изгородь/ряд вдоль полосы);07_nizhnie_polya;"Линейная посадка (живая изгородь/ряд вдоль полосы) — по аналогии с проектом «07_nizhnie_polya»; ближайшее ограничение — проезжая часть: 2.7 м при норме 1.0 м (СП 42.13330.2016, п. 9.6, табл. 9.1; ППМ 743-ПП, табл. 3.6.1)";"ассортимент для озеленения Москвы, категория «магистрали и улицы»; без инвазивных видов ППМ 369-ПП";проезжая часть;2.68;1.0;"СП 42.13330.2016, п. 9.6, табл. 9.1; ППМ 743-ПП, табл. 3.6.1"
bush_path_corridor_125_002;посажено;bush;Спирея березолистная;NEW_BUSH;-99.892;-44.427;14598.224;-1032.715;Линейная посадка (живая изгородь/ряд вдоль полосы);07_nizhnie_polya;"Линейная посадка (живая изгородь/ряд вдоль полосы) — по аналогии с проектом «07_nizhnie_polya»; ближайшее ограничение — пешеходная дорожка / тротуар: 1.4 м при норме 0.5 м (СП 42.13330.2016, п. 9.6, табл. 9.1; ППМ 743-ПП, табл. 3.6.1)";"ассортимент для озеленения Москвы, категория «магистрали и улицы»; без инвазивных видов ППМ 369-ПП";пешеходная дорожка / тротуар;1.38;0.5;"СП 42.13330.2016, п. 9.6, табл. 9.1; ППМ 743-ПП, табл. 3.6.1"
tree_path_corridor_128_001;посажено;tree;Вяз гибридный Резиста;NEW_TREE;-111.292;-55.067;14586.825;-1043.354;Линейная посадка (живая изгородь/ряд вдоль полосы);07_nizhnie_polya;"Линейная посадка (живая изгородь/ряд вдоль полосы) — по аналогии с проектом «07_nizhnie_polya»; ближайшее ограничение — проезжая часть: 3.0 м при норме 2.0 м (СП 42.13330.2016, п. 9.6, табл. 9.1; ППМ 743-ПП, табл. 3.6.1)";"ассортимент для озеленения Москвы, категория «магистрали и улицы»; без инвазивных видов ППМ 369-ПП";проезжая часть;2.96;2.0;"СП 42.13330.2016, п. 9.6, табл. 9.1; ППМ 743-ПП, табл. 3.6.1"
bush_path_corridor_128_001;посажено;bush;Спирея березолистная;NEW_BUSH;-119.811;-61.205;14578.306;-1049.493;Линейная посадка (живая изгородь/ряд вдоль полосы);07_nizhnie_polya;"Линейная посадка (живая изгородь/ряд вдоль полосы) — по аналогии с проектом «07_nizhnie_polya»; ближайшее ограничение — пешеходная дорожка / тротуар: 1.7 м при норме 0.5 м (СП 42.13330.2016, п. 9.6, табл. 9.1; ППМ 743-ПП, табл. 3.6.1)";"ассортимент для озеленения Москвы, категория «магистрали и улицы»; без инвазивных видов ППМ 369-ПП";пешеходная дорожка / тротуар;1.66;0.5;"СП 42.13330.2016, п. 9.6, табл. 9.1; ППМ 743-ПП, табл. 3.6.1"
bush_path_corridor_128_002;посажено;bush;Спирея березолистная;NEW_BUSH;-118.675;-60.387;14579.442;-1048.674;Линейная посадка (живая изгородь/ряд вдоль полосы);07_nizhnie_polya;"Линейная посадка (живая изгородь/ряд вдоль полосы) — по аналогии с проектом «07_nizhnie_polya»; ближайшее ограничение — пешеходная дорожка / тротуар: 1.7 м при норме 0.5 м (СП 42.13330.2016, п. 9.6, табл. 9.1; ППМ 743-ПП, табл. 3.6.1)";"ассортимент для озеленения Москвы, категория «магистрали и улицы»; без инвазивных видов ППМ 369-ПП";пешеходная дорожка / тротуар;1.66;0.5;"СП 42.13330.2016, п. 9.6, табл. 9.1; ППМ 743-ПП, табл. 3.6.1"
bush_path_corridor_128_003;посажено;bush;Спирея березолистная;NEW_BUSH;-117.539;-59.568;14580.578;-1047.856;Линейная посадка (живая изгородь/ряд вдоль полосы);07_nizhnie_polya;"Линейная посадка (живая изгородь/ряд вдоль полосы) — по аналогии с проектом «07_nizhnie_polya»; ближайшее ограничение — пешеходная дорожка / тротуар: 1.7 м при норме 0.5 м (СП 42.13330.2016, п. 9.6, табл. 9.1; ППМ 743-ПП, табл. 3.6.1)";"ассортимент для озеленения Москвы, категория «магистрали и улицы»; без инвазивных видов ППМ 369-ПП";пешеходная дорожка / тротуар;1.66;0.5;"СП 42.13330.2016, п. 9.6, табл. 9.1; ППМ 743-ПП, табл. 3.6.1"
bush_path_corridor_128_004;посажено;bush;Спирея березолистная;NEW_BUSH;-116.403;-58.75;14581.714;-1047.037;Линейная посадка (живая изгородь/ряд вдоль полосы);07_nizhnie_polya;"Линейная посадка (живая изгородь/ряд вдоль полосы) — по аналогии с проектом «07_nizhnie_polya»; ближайшее ограничение — пешеходная дорожка / тротуар: 1.7 м при норме 0.5 м (СП 42.13330.2016, п. 9.6, табл. 9.1; ППМ 743-ПП, табл. 3.6.1)";"ассортимент для озеленения Москвы, категория «магистрали и улицы»; без инвазивных видов ППМ 369-ПП";пешеходная дорожка / тротуар;1.66;0.5;"СП 42.13330.2016, п. 9.6, табл. 9.1; ППМ 743-ПП, табл. 3.6.1"
bush_path_corridor_128_005;посажено;bush;Спирея березолистная;NEW_BUSH;-115.267;-57.932;14582.85;-1046.219;Линейная посадка (живая изгородь/ряд вдоль полосы);07_nizhnie_polya;"Линейная посадка (живая изгородь/ряд вдоль полосы) — по аналогии с проектом «07_nizhnie_polya»; ближайшее ограничение — пешеходная дорожка / тротуар: 1.7 м при норме 0.5 м (СП 42.13330.2016, п. 9.6, табл. 9.1; ППМ 743-ПП, табл. 3.6.1)";"ассортимент для озеленения Москвы, категория «магистрали и улицы»; без инвазивных видов ППМ 369-ПП";пешеходная дорожка / тротуар;1.66;0.5;"СП 42.13330.2016, п. 9.6, табл. 9.1; ППМ 743-ПП, табл. 3.6.1"
bush_path_corridor_128_006;посажено;bush;Спирея березолистная;NEW_BUSH;-114.131;-57.113;14583.985;-1045.4;Линейная посадка (живая изгородь/ряд вдоль полосы);07_nizhnie_polya;"Линейная посадка (живая изгородь/ряд вдоль полосы) — по аналогии с проектом «07_nizhnie_polya»; ближайшее ограничение — пешеходная дорожка / тротуар: 1.7 м при норме 0.5 м (СП 42.13330.2016, п. 9.6, табл. 9.1; ППМ 743-ПП, табл. 3.6.1)";"ассортимент для озеленения Москвы, категория «магистрали и улицы»; без инвазивных видов ППМ 369-ПП";пешеходная дорожка / тротуар;1.66;0.5;"СП 42.13330.2016, п. 9.6, табл. 9.1; ППМ 743-ПП, табл. 3.6.1"
bush_path_corridor_128_007;посажено;bush;Спирея березолистная;NEW_BUSH;-112.996;-56.295;14585.121;-1044.582;Линейная посадка (живая изгородь/ряд вдоль полосы);07_nizhnie_polya;"Линейная посадка (живая изгородь/ряд вдоль полосы) — по аналогии с проектом «07_nizhnie_polya»; ближайшее ограничение — пешеходная дорожка / тротуар: 1.7 м при норме 0.5 м (СП 42.13330.2016, п. 9.6, табл. 9.1; ППМ 743-ПП, табл. 3.6.1)";"ассортимент для озеленения Москвы, категория «магистрали и улицы»; без инвазивных видов ППМ 369-ПП";пешеходная дорожка / тротуар;1.66;0.5;"СП 42.13330.2016, п. 9.6, табл. 9.1; ППМ 743-ПП, табл. 3.6.1"
bush_path_corridor_128_008;посажено;bush;Спирея березолистная;NEW_BUSH;-109.588;-53.839;14588.529;-1042.127;Линейная посадка (живая изгородь/ряд вдоль полосы);07_nizhnie_polya;"Линейная посадка (живая изгородь/ряд вдоль полосы) — по аналогии с проектом «07_nizhnie_polya»; ближайшее ограничение — пешеходная дорожка / тротуар: 1.7 м при норме 0.5 м (СП 42.13330.2016, п. 9.6, табл. 9.1; ППМ 743-ПП, табл. 3.6.1)";"ассортимент для озеленения Москвы, категория «магистрали и улицы»; без инвазивных видов ППМ 369-ПП";пешеходная дорожка / тротуар;1.66;0.5;"СП 42.13330.2016, п. 9.6, табл. 9.1; ППМ 743-ПП, табл. 3.6.1"
bush_path_corridor_128_009;посажено;bush;Спирея березолистная;NEW_BUSH;-108.452;-53.021;14589.665;-1041.308;Линейная посадка (живая изгородь/ряд вдоль полосы);07_nizhnie_polya;"Линейная посадка (живая изгородь/ряд вдоль полосы) — по аналогии с проектом «07_nizhnie_polya»; ближайшее ограничение — пешеходная дорожка / тротуар: 1.6 м при норме 0.5 м (СП 42.13330.2016, п. 9.6, табл. 9.1; ППМ 743-ПП, табл. 3.6.1)";"ассортимент для озеленения Москвы, категория «магистрали и улицы»; без инвазивных видов ППМ 369-ПП";пешеходная дорожка / тротуар;1.65;0.5;"СП 42.13330.2016, п. 9.6, табл. 9.1; ППМ 743-ПП, табл. 3.6.1"
bush_path_corridor_128_010;посажено;bush;Спирея березолистная;NEW_BUSH;-107.316;-52.203;14590.801;-1040.49;Линейная посадка (живая изгородь/ряд вдоль полосы);07_nizhnie_polya;"Линейная посадка (живая изгородь/ряд вдоль полосы) — по аналогии с проектом «07_nizhnie_polya»; ближайшее ограничение — пешеходная дорожка / тротуар: 1.6 м при норме 0.5 м (СП 42.13330.2016, п. 9.6, табл. 9.1; ППМ 743-ПП, табл. 3.6.1)";"ассортимент для озеленения Москвы, категория «магистрали и улицы»; без инвазивных видов ППМ 369-ПП";пешеходная дорожка / тротуар;1.65;0.5;"СП 42.13330.2016, п. 9.6, табл. 9.1; ППМ 743-ПП, табл. 3.6.1"
bush_path_corridor_128_011;посажено;bush;Спирея березолистная;NEW_BUSH;-106.18;-51.384;14591.936;-1039.671;Линейная посадка (живая изгородь/ряд вдоль полосы);07_nizhnie_polya;"Линейная посадка (живая изгородь/ряд вдоль полосы) — по аналогии с проектом «07_nizhnie_polya»; ближайшее ограничение — пешеходная дорожка / тротуар: 1.6 м при норме 0.5 м (СП 42.13330.2016, п. 9.6, табл. 9.1; ППМ 743-ПП, табл. 3.6.1)";"ассортимент для озеленения Москвы, категория «магистрали и улицы»; без инвазивных видов ППМ 369-ПП";пешеходная дорожка / тротуар;1.65;0.5;"СП 42.13330.2016, п. 9.6, табл. 9.1; ППМ 743-ПП, табл. 3.6.1"
bush_path_corridor_128_012;посажено;bush;Спирея березолистная;NEW_BUSH;-105.045;-50.566;14593.072;-1038.853;Линейная посадка (живая изгородь/ряд вдоль полосы);07_nizhnie_polya;"Линейная посадка (живая изгородь/ряд вдоль полосы) — по аналогии с проектом «07_nizhnie_polya»; ближайшее ограничение — пешеходная дорожка / тротуар: 1.6 м при норме 0.5 м (СП 42.13330.2016, п. 9.6, табл. 9.1; ППМ 743-ПП, табл. 3.6.1)";"ассортимент для озеленения Москвы, категория «магистрали и улицы»; без инвазивных видов ППМ 369-ПП";пешеходная дорожка / тротуар;1.65;0.5;"СП 42.13330.2016, п. 9.6, табл. 9.1; ППМ 743-ПП, табл. 3.6.1"
bush_path_corridor_128_013;посажено;bush;Спирея березолистная;NEW_BUSH;-103.909;-49.747;14594.208;-1038.035;Линейная посадка (живая изгородь/ряд вдоль полосы);07_nizhnie_polya;"Линейная посадка (живая изгородь/ряд вдоль полосы) — по аналогии с проектом «07_nizhnie_polya»; ближайшее ограничение — пешеходная дорожка / тротуар: 1.6 м при норме 0.5 м (СП 42.13330.2016, п. 9.6, табл. 9.1; ППМ 743-ПП, табл. 3.6.1)";"ассортимент для озеленения Москвы, категория «магистрали и улицы»; без инвазивных видов ППМ 369-ПП";пешеходная дорожка / тротуар;1.65;0.5;"СП 42.13330.2016, п. 9.6, табл. 9.1; ППМ 743-ПП, табл. 3.6.1"
bush_path_corridor_128_014;посажено;bush;Спирея березолистная;NEW_BUSH;-102.773;-48.929;14595.344;-1037.216;Линейная посадка (живая изгородь/ряд вдоль полосы);07_nizhnie_polya;"Линейная посадка (живая изгородь/ряд вдоль полосы) — по аналогии с проектом «07_nizhnie_polya»; ближайшее ограничение — пешеходная дорожка / тротуар: 1.6 м при норме 0.5 м (СП 42.13330.2016, п. 9.6, табл. 9.1; ППМ 743-ПП, табл. 3.6.1)";"ассортимент для озеленения Москвы, категория «магистрали и улицы»; без инвазивных видов ППМ 369-ПП";пешеходная дорожка / тротуар;1.65;0.5;"СП 42.13330.2016, п. 9.6, табл. 9.1; ППМ 743-ПП, табл. 3.6.1"
tree_path_corridor_129_001;посажено;tree;Вяз гибридный Резиста;NEW_TREE;-129.55;-67.568;14568.567;-1055.856;Линейная посадка (живая изгородь/ряд вдоль полосы);07_nizhnie_polya;"Линейная посадка (живая изгородь/ряд вдоль полосы) — по аналогии с проектом «07_nizhnie_polya»; ближайшее ограничение — проезжая часть: 2.4 м при норме 2.0 м (СП 42.13330.2016, п. 9.6, табл. 9.1; ППМ 743-ПП, табл. 3.6.1)";"ассортимент для озеленения Москвы, категория «магистрали и улицы»; без инвазивных видов ППМ 369-ПП";проезжая часть;2.42;2.0;"СП 42.13330.2016, п. 9.6, табл. 9.1; ППМ 743-ПП, табл. 3.6.1"
bush_path_corridor_129_001;посажено;bush;Спирея березолистная;NEW_BUSH;-124.44;-63.882;14573.676;-1052.17;Линейная посадка (живая изгородь/ряд вдоль полосы);07_nizhnie_polya;"Линейная посадка (живая изгородь/ряд вдоль полосы) — по аналогии с проектом «07_nizhnie_polya»; ближайшее ограничение — проезжая часть: 2.4 м при норме 1.0 м (СП 42.13330.2016, п. 9.6, табл. 9.1; ППМ 743-ПП, табл. 3.6.1)";"ассортимент для озеленения Москвы, категория «магистрали и улицы»; без инвазивных видов ППМ 369-ПП";проезжая часть;2.42;1.0;"СП 42.13330.2016, п. 9.6, табл. 9.1; ППМ 743-ПП, табл. 3.6.1"
bush_path_corridor_129_002;посажено;bush;Спирея березолистная;NEW_BUSH;-125.576;-64.702;14572.541;-1052.989;Линейная посадка (живая изгородь/ряд вдоль полосы);07_nizhnie_polya;"Линейная посадка (живая изгородь/ряд вдоль полосы) — по аналогии с проектом «07_nizhnie_polya»; ближайшее ограничение — проезжая часть: 2.4 м при норме 1.0 м (СП 42.13330.2016, п. 9.6, табл. 9.1; ППМ 743-ПП, табл. 3.6.1)";"ассортимент для озеленения Москвы, категория «магистрали и улицы»; без инвазивных видов ППМ 369-ПП";проезжая часть;2.42;1.0;"СП 42.13330.2016, п. 9.6, табл. 9.1; ППМ 743-ПП, табл. 3.6.1"
bush_path_corridor_129_003;посажено;bush;Спирея березолистная;NEW_BUSH;-126.711;-65.521;14571.406;-1053.808;Линейная посадка (живая изгородь/ряд вдоль полосы);07_nizhnie_polya;"Линейная посадка (живая изгородь/ряд вдоль полосы) — по аналогии с проектом «07_nizhnie_polya»; ближайшее ограничение — проезжая часть: 2.4 м при норме 1.0 м (СП 42.13330.2016, п. 9.6, табл. 9.1; ППМ 743-ПП, табл. 3.6.1)";"ассортимент для озеленения Москвы, категория «магистрали и улицы»; без инвазивных видов ППМ 369-ПП";проезжая часть;2.42;1.0;"СП 42.13330.2016, п. 9.6, табл. 9.1; ППМ 743-ПП, табл. 3.6.1"
bush_path_corridor_129_004;посажено;bush;Спирея березолистная;NEW_BUSH;-127.846;-66.34;14570.27;-1054.627;Линейная посадка (живая изгородь/ряд вдоль полосы);07_nizhnie_polya;"Линейная посадка (живая изгородь/ряд вдоль полосы) — по аналогии с проектом «07_nizhnie_polya»; ближайшее ограничение — проезжая часть: 2.4 м при норме 1.0 м (СП 42.13330.2016, п. 9.6, табл. 9.1; ППМ 743-ПП, табл. 3.6.1)";"ассортимент для озеленения Москвы, категория «магистрали и улицы»; без инвазивных видов ППМ 369-ПП";проезжая часть;2.42;1.0;"СП 42.13330.2016, п. 9.6, табл. 9.1; ППМ 743-ПП, табл. 3.6.1"
bush_path_corridor_129_005;посажено;bush;Спирея березолистная;NEW_BUSH;-131.253;-68.797;14566.864;-1057.084;Линейная посадка (живая изгородь/ряд вдоль полосы);07_nizhnie_polya;"Линейная посадка (живая изгородь/ряд вдоль полосы) — по аналогии с проектом «07_nizhnie_polya»; ближайшее ограничение — проезжая часть: 2.4 м при норме 1.0 м (СП 42.13330.2016, п. 9.6, табл. 9.1; ППМ 743-ПП, табл. 3.6.1)";"ассортимент для озеленения Москвы, категория «магистрали и улицы»; без инвазивных видов ППМ 369-ПП";проезжая часть;2.43;1.0;"СП 42.13330.2016, п. 9.6, табл. 9.1; ППМ 743-ПП, табл. 3.6.1"
bush_path_corridor_129_006;посажено;bush;Спирея березолистная;NEW_BUSH;-132.388;-69.616;14565.729;-1057.904;Линейная посадка (живая изгородь/ряд вдоль полосы);07_nizhnie_polya;"Линейная посадка (живая изгородь/ряд вдоль полосы) — по аналогии с проектом «07_nizhnie_polya»; ближайшее ограничение — проезжая часть: 2.4 м при норме 1.0 м (СП 42.13330.2016, п. 9.6, табл. 9.1; ППМ 743-ПП, табл. 3.6.1)";"ассортимент для озеленения Москвы, категория «магистрали и улицы»; без инвазивных видов ППМ 369-ПП";проезжая часть;2.43;1.0;"СП 42.13330.2016, п. 9.6, табл. 9.1; ППМ 743-ПП, табл. 3.6.1"
bush_path_corridor_129_007;посажено;bush;Спирея березолистная;NEW_BUSH;-133.523;-70.435;14564.594;-1058.723;Линейная посадка (живая изгородь/ряд вдоль полосы);07_nizhnie_polya;"Линейная посадка (живая изгородь/ряд вдоль полосы) — по аналогии с проектом «07_nizhnie_polya»; ближайшее ограничение — пешеходная дорожка / тротуар: 2.2 м при норме 0.5 м (СП 42.13330.2016, п. 9.6, табл. 9.1; ППМ 743-ПП, табл. 3.6.1)";"ассортимент для озеленения Москвы, категория «магистрали и улицы»; без инвазивных видов ППМ 369-ПП";пешеходная дорожка / тротуар;2.2;0.5;"СП 42.13330.2016, п. 9.6, табл. 9.1; ППМ 743-ПП, табл. 3.6.1"
bush_path_corridor_129_008;посажено;bush;Спирея березолистная;NEW_BUSH;-134.659;-71.254;14563.458;-1059.542;Линейная посадка (живая изгородь/ряд вдоль полосы);07_nizhnie_polya;"Линейная посадка (живая изгородь/ряд вдоль полосы) — по аналогии с проектом «07_nizhnie_polya»; ближайшее ограничение — пешеходная дорожка / тротуар: 2.2 м при норме 0.5 м (СП 42.13330.2016, п. 9.6, табл. 9.1; ППМ 743-ПП, табл. 3.6.1)";"ассортимент для озеленения Москвы, категория «магистрали и улицы»; без инвазивных видов ППМ 369-ПП";пешеходная дорожка / тротуар;2.2;0.5;"СП 42.13330.2016, п. 9.6, табл. 9.1; ППМ 743-ПП, табл. 3.6.1"
tree_path_corridor_130_001;посажено;tree;Вяз гибридный Резиста;NEW_TREE;-223.894;-167.608;14474.223;-1155.895;Линейная посадка (живая изгородь/ряд вдоль полосы);07_nizhnie_polya;"Линейная посадка (живая изгородь/ряд вдоль полосы) — по аналогии с проектом «07_nizhnie_polya»; ближайшее ограничение — проезжая часть: 3.5 м при норме 2.0 м (СП 42.13330.2016, п. 9.6, табл. 9.1; ППМ 743-ПП, табл. 3.6.1)";"ассортимент для озеленения Москвы, категория «магистрали и улицы»; без инвазивных видов ППМ 369-ПП";проезжая часть;3.5;2.0;"СП 42.13330.2016, п. 9.6, табл. 9.1; ППМ 743-ПП, табл. 3.6.1"
tree_path_corridor_131_001;посажено;tree;Вяз гибридный Резиста;NEW_TREE;-205.009;-149.342;14493.108;-1137.63;Линейная посадка (живая изгородь/ряд вдоль полосы);07_nizhnie_polya;"Линейная посадка (живая изгородь/ряд вдоль полосы) — по аналогии с проектом «07_nizhnie_polya»; ближайшее ограничение — проезжая часть: 3.5 м при норме 2.0 м (СП 42.13330.2016, п. 9.6, табл. 9.1; ППМ 743-ПП, табл. 3.6.1)";"ассортимент для озеленения Москвы, категория «магистрали и улицы»; без инвазивных видов ППМ 369-ПП";проезжая часть;3.5;2.0;"СП 42.13330.2016, п. 9.6, табл. 9.1; ППМ 743-ПП, табл. 3.6.1"
tree_path_corridor_132_001;посажено;tree;Вяз гибридный Резиста;NEW_TREE;-88.169;-4.167;14609.947;-992.454;Линейная посадка (живая изгородь/ряд вдоль полосы);07_nizhnie_polya;"Линейная посадка (живая изгородь/ряд вдоль полосы) — по аналогии с проектом «07_nizhnie_polya»; ближайшее ограничение — пешеходная дорожка / тротуар: 1.3 м при норме 0.7 м (СП 42.13330.2016, п. 9.6, табл. 9.1; ППМ 743-ПП, табл. 3.6.1)";"ассортимент для озеленения Москвы, категория «магистрали и улицы»; без инвазивных видов ППМ 369-ПП";пешеходная дорожка / тротуар;1.31;0.7;"СП 42.13330.2016, п. 9.6, табл. 9.1; ППМ 743-ПП, табл. 3.6.1"
bush_path_corridor_133_001;посажено;bush;Спирея березолистная;NEW_BUSH;-5.59;24.973;14692.527;-963.314;Линейная посадка (живая изгородь/ряд вдоль полосы);07_nizhnie_polya;"Линейная посадка (живая изгородь/ряд вдоль полосы) — по аналогии с проектом «07_nizhnie_polya»; ближайшее ограничение — проезжая часть: 3.2 м при норме 1.0 м (СП 42.13330.2016, п. 9.6, табл. 9.1; ППМ 743-ПП, табл. 3.6.1)";"ассортимент для озеленения Москвы, категория «магистрали и улицы»; без инвазивных видов ППМ 369-ПП";проезжая часть;3.2;1.0;"СП 42.13330.2016, п. 9.6, табл. 9.1; ППМ 743-ПП, табл. 3.6.1"
bush_path_corridor_133_002;посажено;bush;Спирея березолистная;NEW_BUSH;-6.729;24.16;14691.387;-964.128;Линейная посадка (живая изгородь/ряд вдоль полосы);07_nizhnie_polya;"Линейная посадка (живая изгородь/ряд вдоль полосы) — по аналогии с проектом «07_nizhnie_polya»; ближайшее ограничение — пешеходная дорожка / тротуар: 3.5 м при норме 0.5 м (СП 42.13330.2016, п. 9.6, табл. 9.1; ППМ 743-ПП, табл. 3.6.1)";"ассортимент для озеленения Москвы, категория «магистрали и улицы»; без инвазивных видов ППМ 369-ПП";пешеходная дорожка / тротуар;3.5;0.5;"СП 42.13330.2016, п. 9.6, табл. 9.1; ППМ 743-ПП, табл. 3.6.1"
bush_path_corridor_133_003;посажено;bush;Спирея березолистная;NEW_BUSH;-44.338;-2.674;14653.779;-990.961;Линейная посадка (живая изгородь/ряд вдоль полосы);07_nizhnie_polya;"Линейная посадка (живая изгородь/ряд вдоль полосы) — по аналогии с проектом «07_nizhnie_polya»; ближайшее ограничение — проезжая часть: 3.4 м при норме 1.0 м (СП 42.13330.2016, п. 9.6, табл. 9.1; ППМ 743-ПП, табл. 3.6.1)";"ассортимент для озеленения Москвы, категория «магистрали и улицы»; без инвазивных видов ППМ 369-ПП";проезжая часть;3.4;1.0;"СП 42.13330.2016, п. 9.6, табл. 9.1; ППМ 743-ПП, табл. 3.6.1"
tree_path_corridor_134_001;посажено;tree;Вяз гибридный Резиста;NEW_TREE;13.25;38.004;14711.367;-950.283;Линейная посадка (живая изгородь/ряд вдоль полосы);07_nizhnie_polya;"Линейная посадка (живая изгородь/ряд вдоль полосы) — по аналогии с проектом «07_nizhnie_polya»; ближайшее ограничение — проезжая часть: 3.0 м при норме 2.0 м (СП 42.13330.2016, п. 9.6, табл. 9.1; ППМ 743-ПП, табл. 3.6.1)";"ассортимент для озеленения Москвы, категория «магистрали и улицы»; без инвазивных видов ППМ 369-ПП";проезжая часть;3.0;2.0;"СП 42.13330.2016, п. 9.6, табл. 9.1; ППМ 743-ПП, табл. 3.6.1"
bush_path_corridor_134_001;посажено;bush;Спирея березолистная;NEW_BUSH;8.632;36.367;14706.749;-951.921;Линейная посадка (живая изгородь/ряд вдоль полосы);07_nizhnie_polya;"Линейная посадка (живая изгородь/ряд вдоль полосы) — по аналогии с проектом «07_nizhnie_polya»; ближайшее ограничение — проезжая часть: 3.4 м при норме 1.0 м (СП 42.13330.2016, п. 9.6, табл. 9.1; ППМ 743-ПП, табл. 3.6.1)";"ассортимент для озеленения Москвы, категория «магистрали и улицы»; без инвазивных видов ППМ 369-ПП";проезжая часть;3.42;1.0;"СП 42.13330.2016, п. 9.6, табл. 9.1; ППМ 743-ПП, табл. 3.6.1"
bush_path_corridor_134_002;посажено;bush;Спирея березолистная;NEW_BUSH;9.951;36.835;14708.068;-951.453;Линейная посадка (живая изгородь/ряд вдоль полосы);07_nizhnie_polya;"Линейная посадка (живая изгородь/ряд вдоль полосы) — по аналогии с проектом «07_nizhnie_polya»; ближайшее ограничение — проезжая часть: 4.4 м при норме 1.0 м (СП 42.13330.2016, п. 9.6, табл. 9.1; ППМ 743-ПП, табл. 3.6.1)";"ассортимент для озеленения Москвы, категория «магистрали и улицы»; без инвазивных видов ППМ 369-ПП";проезжая часть;4.4;1.0;"СП 42.13330.2016, п. 9.6, табл. 9.1; ППМ 743-ПП, табл. 3.6.1"
bush_path_corridor_134_003;посажено;bush;Спирея березолистная;NEW_BUSH;11.271;37.302;14709.388;-950.985;Линейная посадка (живая изгородь/ряд вдоль полосы);07_nizhnie_polya;"Линейная посадка (живая изгородь/ряд вдоль полосы) — по аналогии с проектом «07_nizhnie_polya»; ближайшее ограничение — проезжая часть: 3.6 м при норме 1.0 м (СП 42.13330.2016, п. 9.6, табл. 9.1; ППМ 743-ПП, табл. 3.6.1)";"ассортимент для озеленения Москвы, категория «магистрали и улицы»; без инвазивных видов ППМ 369-ПП";проезжая часть;3.64;1.0;"СП 42.13330.2016, п. 9.6, табл. 9.1; ППМ 743-ПП, табл. 3.6.1"
bush_path_corridor_134_004;посажено;bush;Спирея березолистная;NEW_BUSH;15.229;38.706;14713.346;-949.581;Линейная посадка (живая изгородь/ряд вдоль полосы);07_nizhnie_polya;"Линейная посадка (живая изгородь/ряд вдоль полосы) — по аналогии с проектом «07_nizhnie_polya»; ближайшее ограничение — проезжая часть: 3.5 м при норме 1.0 м (СП 42.13330.2016, п. 9.6, табл. 9.1; ППМ 743-ПП, табл. 3.6.1)";"ассортимент для озеленения Москвы, категория «магистрали и улицы»; без инвазивных видов ППМ 369-ПП";проезжая часть;3.48;1.0;"СП 42.13330.2016, п. 9.6, табл. 9.1; ППМ 743-ПП, табл. 3.6.1"
bush_path_corridor_134_005;посажено;bush;Спирея березолистная;NEW_BUSH;16.549;39.174;14714.666;-949.114;Линейная посадка (живая изгородь/ряд вдоль полосы);07_nizhnie_polya;"Линейная посадка (живая изгородь/ряд вдоль полосы) — по аналогии с проектом «07_nizhnie_polya»; ближайшее ограничение — пешеходная дорожка / тротуар: 2.9 м при норме 0.5 м (СП 42.13330.2016, п. 9.6, табл. 9.1; ППМ 743-ПП, табл. 3.6.1)";"ассортимент для озеленения Москвы, категория «магистрали и улицы»; без инвазивных видов ППМ 369-ПП";пешеходная дорожка / тротуар;2.93;0.5;"СП 42.13330.2016, п. 9.6, табл. 9.1; ППМ 743-ПП, табл. 3.6.1"
tree_path_corridor_135_001;посажено;tree;Вяз гибридный Резиста;NEW_TREE;11.198;34.519;14709.315;-953.769;Линейная посадка (живая изгородь/ряд вдоль полосы);07_nizhnie_polya;"Линейная посадка (живая изгородь/ряд вдоль полосы) — по аналогии с проектом «07_nizhnie_polya»; ближайшее ограничение — пешеходная дорожка / тротуар: 2.5 м при норме 0.7 м (СП 42.13330.2016, п. 9.6, табл. 9.1; ППМ 743-ПП, табл. 3.6.1)";"ассортимент для озеленения Москвы, категория «магистрали и улицы»; без инвазивных видов ППМ 369-ПП";пешеходная дорожка / тротуар;2.49;0.7;"СП 42.13330.2016, п. 9.6, табл. 9.1; ППМ 743-ПП, табл. 3.6.1"
bush_path_corridor_135_001;посажено;bush;Спирея березолистная;NEW_BUSH;10.079;33.678;14708.195;-954.609;Линейная посадка (живая изгородь/ряд вдоль полосы);07_nizhnie_polya;"Линейная посадка (живая изгородь/ряд вдоль полосы) — по аналогии с проектом «07_nizhnie_polya»; ближайшее ограничение — проезжая часть: 3.0 м при норме 1.0 м (СП 42.13330.2016, п. 9.6, табл. 9.1; ППМ 743-ПП, табл. 3.6.1)";"ассортимент для озеленения Москвы, категория «магистрали и улицы»; без инвазивных видов ППМ 369-ПП";проезжая часть;2.97;1.0;"СП 42.13330.2016, п. 9.6, табл. 9.1; ППМ 743-ПП, табл. 3.6.1"
tree_path_corridor_136_001;посажено;tree;Вяз гибридный Резиста;NEW_TREE;28.434;47.802;14726.551;-940.486;Линейная посадка (живая изгородь/ряд вдоль полосы);07_nizhnie_polya;"Линейная посадка (живая изгородь/ряд вдоль полосы) — по аналогии с проектом «07_nizhnie_polya»; ближайшее ограничение — пешеходная дорожка / тротуар: 2.5 м при норме 0.7 м (СП 42.13330.2016, п. 9.6, табл. 9.1; ППМ 743-ПП, табл. 3.6.1)";"ассортимент для озеленения Москвы, категория «магистрали и улицы»; без инвазивных видов ППМ 369-ПП";пешеходная дорожка / тротуар;2.55;0.7;"СП 42.13330.2016, п. 9.6, табл. 9.1; ППМ 743-ПП, табл. 3.6.1"
bush_path_corridor_136_001;посажено;bush;Спирея березолистная;NEW_BUSH;21.639;42.864;14719.756;-945.424;Линейная посадка (живая изгородь/ряд вдоль полосы);07_nizhnie_polya;"Линейная посадка (живая изгородь/ряд вдоль полосы) — по аналогии с проектом «07_nizhnie_polya»; ближайшее ограничение — пешеходная дорожка / тротуар: 1.5 м при норме 0.5 м (СП 42.13330.2016, п. 9.6, табл. 9.1; ППМ 743-ПП, табл. 3.6.1)";"ассортимент для озеленения Москвы, категория «магистрали и улицы»; без инвазивных видов ППМ 369-ПП";пешеходная дорожка / тротуар;1.52;0.5;"СП 42.13330.2016, п. 9.6, табл. 9.1; ППМ 743-ПП, табл. 3.6.1"
bush_path_corridor_136_002;посажено;bush;Спирея березолистная;NEW_BUSH;22.772;43.687;14720.889;-944.601;Линейная посадка (живая изгородь/ряд вдоль полосы);07_nizhnie_polya;"Линейная посадка (живая изгородь/ряд вдоль полосы) — по аналогии с проектом «07_nizhnie_polya»; ближайшее ограничение — пешеходная дорожка / тротуар: 2.7 м при норме 0.5 м (СП 42.13330.2016, п. 9.6, табл. 9.1; ППМ 743-ПП, табл. 3.6.1)";"ассортимент для озеленения Москвы, категория «магистрали и улицы»; без инвазивных видов ППМ 369-ПП";пешеходная дорожка / тротуар;2.73;0.5;"СП 42.13330.2016, п. 9.6, табл. 9.1; ППМ 743-ПП, табл. 3.6.1"
bush_path_corridor_136_003;посажено;bush;Спирея березолистная;NEW_BUSH;23.904;44.51;14722.021;-943.778;Линейная посадка (живая изгородь/ряд вдоль полосы);07_nizhnie_polya;"Линейная посадка (живая изгородь/ряд вдоль полосы) — по аналогии с проектом «07_nizhnie_polya»; ближайшее ограничение — пешеходная дорожка / тротуар: 2.7 м при норме 0.5 м (СП 42.13330.2016, п. 9.6, табл. 9.1; ППМ 743-ПП, табл. 3.6.1)";"ассортимент для озеленения Москвы, категория «магистрали и улицы»; без инвазивных видов ППМ 369-ПП";пешеходная дорожка / тротуар;2.69;0.5;"СП 42.13330.2016, п. 9.6, табл. 9.1; ППМ 743-ПП, табл. 3.6.1"
bush_path_corridor_136_004;посажено;bush;Спирея березолистная;NEW_BUSH;25.037;45.333;14723.154;-942.955;Линейная посадка (живая изгородь/ряд вдоль полосы);07_nizhnie_polya;"Линейная посадка (живая изгородь/ряд вдоль полосы) — по аналогии с проектом «07_nizhnie_polya»; ближайшее ограничение — пешеходная дорожка / тротуар: 2.7 м при норме 0.5 м (СП 42.13330.2016, п. 9.6, табл. 9.1; ППМ 743-ПП, табл. 3.6.1)";"ассортимент для озеленения Москвы, категория «магистрали и улицы»; без инвазивных видов ППМ 369-ПП";пешеходная дорожка / тротуар;2.66;0.5;"СП 42.13330.2016, п. 9.6, табл. 9.1; ППМ 743-ПП, табл. 3.6.1"
bush_path_corridor_136_005;посажено;bush;Спирея березолистная;NEW_BUSH;26.169;46.156;14724.286;-942.132;Линейная посадка (живая изгородь/ряд вдоль полосы);07_nizhnie_polya;"Линейная посадка (живая изгородь/ряд вдоль полосы) — по аналогии с проектом «07_nizhnie_polya»; ближайшее ограничение — пешеходная дорожка / тротуар: 2.6 м при норме 0.5 м (СП 42.13330.2016, п. 9.6, табл. 9.1; ППМ 743-ПП, табл. 3.6.1)";"ассортимент для озеленения Москвы, категория «магистрали и улицы»; без инвазивных видов ППМ 369-ПП";пешеходная дорожка / тротуар;2.62;0.5;"СП 42.13330.2016, п. 9.6, табл. 9.1; ППМ 743-ПП, табл. 3.6.1"
bush_path_corridor_136_006;посажено;bush;Спирея березолистная;NEW_BUSH;27.302;46.979;14725.419;-941.309;Линейная посадка (живая изгородь/ряд вдоль полосы);07_nizhnie_polya;"Линейная посадка (живая изгородь/ряд вдоль полосы) — по аналогии с проектом «07_nizhnie_polya»; ближайшее ограничение — пешеходная дорожка / тротуар: 2.6 м при норме 0.5 м (СП 42.13330.2016, п. 9.6, табл. 9.1; ППМ 743-ПП, табл. 3.6.1)";"ассортимент для озеленения Москвы, категория «магистрали и улицы»; без инвазивных видов ППМ 369-ПП";пешеходная дорожка / тротуар;2.59;0.5;"СП 42.13330.2016, п. 9.6, табл. 9.1; ППМ 743-ПП, табл. 3.6.1"
bush_path_corridor_136_007;посажено;bush;Спирея березолистная;NEW_BUSH;29.567;48.625;14727.684;-939.663;Линейная посадка (живая изгородь/ряд вдоль полосы);07_nizhnie_polya;"Линейная посадка (живая изгородь/ряд вдоль полосы) — по аналогии с проектом «07_nizhnie_polya»; ближайшее ограничение — пешеходная дорожка / тротуар: 2.5 м при норме 0.5 м (СП 42.13330.2016, п. 9.6, табл. 9.1; ППМ 743-ПП, табл. 3.6.1)";"ассортимент для озеленения Москвы, категория «магистрали и улицы»; без инвазивных видов ППМ 369-ПП";пешеходная дорожка / тротуар;2.52;0.5;"СП 42.13330.2016, п. 9.6, табл. 9.1; ППМ 743-ПП, табл. 3.6.1"
bush_path_corridor_136_008;посажено;bush;Спирея березолистная;NEW_BUSH;30.699;49.448;14728.816;-938.84;Линейная посадка (живая изгородь/ряд вдоль полосы);07_nizhnie_polya;"Линейная посадка (живая изгородь/ряд вдоль полосы) — по аналогии с проектом «07_nizhnie_polya»; ближайшее ограничение — пешеходная дорожка / тротуар: 2.5 м при норме 0.5 м (СП 42.13330.2016, п. 9.6, табл. 9.1; ППМ 743-ПП, табл. 3.6.1)";"ассортимент для озеленения Москвы, категория «магистрали и улицы»; без инвазивных видов ППМ 369-ПП";пешеходная дорожка / тротуар;2.48;0.5;"СП 42.13330.2016, п. 9.6, табл. 9.1; ППМ 743-ПП, табл. 3.6.1"
bush_path_corridor_136_009;посажено;bush;Спирея березолистная;NEW_BUSH;31.832;50.271;14729.949;-938.017;Линейная посадка (живая изгородь/ряд вдоль полосы);07_nizhnie_polya;"Линейная посадка (живая изгородь/ряд вдоль полосы) — по аналогии с проектом «07_nizhnie_polya»; ближайшее ограничение — пешеходная дорожка / тротуар: 2.5 м при норме 0.5 м (СП 42.13330.2016, п. 9.6, табл. 9.1; ППМ 743-ПП, табл. 3.6.1)";"ассортимент для озеленения Москвы, категория «магистрали и улицы»; без инвазивных видов ППМ 369-ПП";пешеходная дорожка / тротуар;2.45;0.5;"СП 42.13330.2016, п. 9.6, табл. 9.1; ППМ 743-ПП, табл. 3.6.1"
bush_path_corridor_136_010;посажено;bush;Спирея березолистная;NEW_BUSH;32.965;51.094;14731.081;-937.194;Линейная посадка (живая изгородь/ряд вдоль полосы);07_nizhnie_polya;"Линейная посадка (живая изгородь/ряд вдоль полосы) — по аналогии с проектом «07_nizhnie_polya»; ближайшее ограничение — пешеходная дорожка / тротуар: 2.4 м при норме 0.5 м (СП 42.13330.2016, п. 9.6, табл. 9.1; ППМ 743-ПП, табл. 3.6.1)";"ассортимент для озеленения Москвы, категория «магистрали и улицы»; без инвазивных видов ППМ 369-ПП";пешеходная дорожка / тротуар;2.41;0.5;"СП 42.13330.2016, п. 9.6, табл. 9.1; ППМ 743-ПП, табл. 3.6.1"
bush_path_corridor_136_011;посажено;bush;Спирея березолистная;NEW_BUSH;34.097;51.917;14732.214;-936.37;Линейная посадка (живая изгородь/ряд вдоль полосы);07_nizhnie_polya;"Линейная посадка (живая изгородь/ряд вдоль полосы) — по аналогии с проектом «07_nizhnie_polya»; ближайшее ограничение — пешеходная дорожка / тротуар: 2.4 м при норме 0.5 м (СП 42.13330.2016, п. 9.6, табл. 9.1; ППМ 743-ПП, табл. 3.6.1)";"ассортимент для озеленения Москвы, категория «магистрали и улицы»; без инвазивных видов ППМ 369-ПП";пешеходная дорожка / тротуар;2.38;0.5;"СП 42.13330.2016, п. 9.6, табл. 9.1; ППМ 743-ПП, табл. 3.6.1"
bush_path_corridor_136_012;посажено;bush;Спирея березолистная;NEW_BUSH;35.23;52.74;14733.346;-935.547;Линейная посадка (живая изгородь/ряд вдоль полосы);07_nizhnie_polya;"Линейная посадка (живая изгородь/ряд вдоль полосы) — по аналогии с проектом «07_nizhnie_polya»; ближайшее ограничение — пешеходная дорожка / тротуар: 1.5 м при норме 0.5 м (СП 42.13330.2016, п. 9.6, табл. 9.1; ППМ 743-ПП, табл. 3.6.1)";"ассортимент для озеленения Москвы, категория «магистрали и улицы»; без инвазивных видов ППМ 369-ПП";пешеходная дорожка / тротуар;1.52;0.5;"СП 42.13330.2016, п. 9.6, табл. 9.1; ППМ 743-ПП, табл. 3.6.1"
tree_path_corridor_137_001;посажено;tree;Вяз гибридный Резиста;NEW_TREE;38.121;56.511;14736.237;-931.776;Линейная посадка (живая изгородь/ряд вдоль полосы);07_nizhnie_polya;"Линейная посадка (живая изгородь/ряд вдоль полосы) — по аналогии с проектом «07_nizhnie_polya»; ближайшее ограничение — воздушная ЛЭП: 2.4 м при норме 2.0 м (охранная зона по чертежу (отступ зоны))";"ассортимент для озеленения Москвы, категория «магистрали и улицы»; без инвазивных видов ППМ 369-ПП";воздушная ЛЭП;2.41;2.0;охранная зона по чертежу (отступ зоны)
bush_path_corridor_138_001;посажено;bush;Спирея березолистная;NEW_BUSH;61.67;73.358;14759.787;-914.929;Линейная посадка (живая изгородь/ряд вдоль полосы);07_nizhnie_polya;"Линейная посадка (живая изгородь/ряд вдоль полосы) — по аналогии с проектом «07_nizhnie_polya»; ближайшее ограничение — проезжая часть: 2.6 м при норме 1.0 м (СП 42.13330.2016, п. 9.6, табл. 9.1; ППМ 743-ПП, табл. 3.6.1)";"ассортимент для озеленения Москвы, категория «магистрали и улицы»; без инвазивных видов ППМ 369-ПП";проезжая часть;2.6;1.0;"СП 42.13330.2016, п. 9.6, табл. 9.1; ППМ 743-ПП, табл. 3.6.1"
bush_path_corridor_138_002;посажено;bush;Спирея березолистная;NEW_BUSH;60.559;72.507;14758.676;-915.78;Линейная посадка (живая изгородь/ряд вдоль полосы);07_nizhnie_polya;"Линейная посадка (живая изгородь/ряд вдоль полосы) — по аналогии с проектом «07_nizhnie_polya»; ближайшее ограничение — пешеходная дорожка / тротуар: 2.6 м при норме 0.5 м (СП 42.13330.2016, п. 9.6, табл. 9.1; ППМ 743-ПП, табл. 3.6.1)";"ассортимент для озеленения Москвы, категория «магистрали и улицы»; без инвазивных видов ППМ 369-ПП";пешеходная дорожка / тротуар;2.63;0.5;"СП 42.13330.2016, п. 9.6, табл. 9.1; ППМ 743-ПП, табл. 3.6.1"
tree_path_corridor_139_001;посажено;tree;Вяз гибридный Резиста;NEW_TREE;489.822;409.757;15187.939;-578.531;Линейная посадка (живая изгородь/ряд вдоль полосы);07_nizhnie_polya;"Линейная посадка (живая изгородь/ряд вдоль полосы) — по аналогии с проектом «07_nizhnie_polya»; ближайшее ограничение — проезжая часть: 2.6 м при норме 2.0 м (СП 42.13330.2016, п. 9.6, табл. 9.1; ППМ 743-ПП, табл. 3.6.1)";"ассортимент для озеленения Москвы, категория «магистрали и улицы»; без инвазивных видов ППМ 369-ПП";проезжая часть;2.62;2.0;"СП 42.13330.2016, п. 9.6, табл. 9.1; ППМ 743-ПП, табл. 3.6.1"
bush_path_corridor_139_001;посажено;bush;Спирея березолистная;NEW_BUSH;492.023;412.478;15190.14;-575.809;Линейная посадка (живая изгородь/ряд вдоль полосы);07_nizhnie_polya;"Линейная посадка (живая изгородь/ряд вдоль полосы) — по аналогии с проектом «07_nizhnie_polya»; ближайшее ограничение — пешеходная дорожка / тротуар: 1.4 м при норме 0.5 м (СП 42.13330.2016, п. 9.6, табл. 9.1; ППМ 743-ПП, табл. 3.6.1)";"ассортимент для озеленения Москвы, категория «магистрали и улицы»; без инвазивных видов ППМ 369-ПП";пешеходная дорожка / тротуар;1.35;0.5;"СП 42.13330.2016, п. 9.6, табл. 9.1; ППМ 743-ПП, табл. 3.6.1"
bush_path_corridor_139_002;посажено;bush;Спирея березолистная;NEW_BUSH;491.143;411.39;15189.259;-576.898;Линейная посадка (живая изгородь/ряд вдоль полосы);07_nizhnie_polya;"Линейная посадка (живая изгородь/ряд вдоль полосы) — по аналогии с проектом «07_nizhnie_polya»; ближайшее ограничение — пешеходная дорожка / тротуар: 1.4 м при норме 0.5 м (СП 42.13330.2016, п. 9.6, табл. 9.1; ППМ 743-ПП, табл. 3.6.1)";"ассортимент для озеленения Москвы, категория «магистрали и улицы»; без инвазивных видов ППМ 369-ПП";пешеходная дорожка / тротуар;1.35;0.5;"СП 42.13330.2016, п. 9.6, табл. 9.1; ППМ 743-ПП, табл. 3.6.1"
bush_path_corridor_139_003;посажено;bush;Спирея березолистная;NEW_BUSH;488.502;408.124;15186.619;-580.164;Линейная посадка (живая изгородь/ряд вдоль полосы);07_nizhnie_polya;"Линейная посадка (живая изгородь/ряд вдоль полосы) — по аналогии с проектом «07_nizhnie_polya»; ближайшее ограничение — пешеходная дорожка / тротуар: 1.4 м при норме 0.5 м (СП 42.13330.2016, п. 9.6, табл. 9.1; ППМ 743-ПП, табл. 3.6.1)";"ассортимент для озеленения Москвы, категория «магистрали и улицы»; без инвазивных видов ППМ 369-ПП";пешеходная дорожка / тротуар;1.35;0.5;"СП 42.13330.2016, п. 9.6, табл. 9.1; ППМ 743-ПП, табл. 3.6.1"
bush_path_corridor_139_004;посажено;bush;Спирея березолистная;NEW_BUSH;487.622;407.035;15185.738;-581.252;Линейная посадка (живая изгородь/ряд вдоль полосы);07_nizhnie_polya;"Линейная посадка (живая изгородь/ряд вдоль полосы) — по аналогии с проектом «07_nizhnie_polya»; ближайшее ограничение — пешеходная дорожка / тротуар: 1.4 м при норме 0.5 м (СП 42.13330.2016, п. 9.6, табл. 9.1; ППМ 743-ПП, табл. 3.6.1)";"ассортимент для озеленения Москвы, категория «магистрали и улицы»; без инвазивных видов ППМ 369-ПП";пешеходная дорожка / тротуар;1.35;0.5;"СП 42.13330.2016, п. 9.6, табл. 9.1; ППМ 743-ПП, табл. 3.6.1"
bush_path_corridor_140_001;посажено;bush;Спирея березолистная;NEW_BUSH;505.877;429.65;15203.993;-558.637;Линейная посадка (живая изгородь/ряд вдоль полосы);07_nizhnie_polya;"Линейная посадка (живая изгородь/ряд вдоль полосы) — по аналогии с проектом «07_nizhnie_polya»; ближайшее ограничение — пешеходная дорожка / тротуар: 1.4 м при норме 0.5 м (СП 42.13330.2016, п. 9.6, табл. 9.1; ППМ 743-ПП, табл. 3.6.1)";"ассортимент для озеленения Москвы, категория «магистрали и улицы»; без инвазивных видов ППМ 369-ПП";пешеходная дорожка / тротуар;1.35;0.5;"СП 42.13330.2016, п. 9.6, табл. 9.1; ППМ 743-ПП, табл. 3.6.1"
bush_path_corridor_140_002;посажено;bush;Спирея березолистная;NEW_BUSH;504.997;428.561;15203.114;-559.727;Линейная посадка (живая изгородь/ряд вдоль полосы);07_nizhnie_polya;"Линейная посадка (живая изгородь/ряд вдоль полосы) — по аналогии с проектом «07_nizhnie_polya»; ближайшее ограничение — пешеходная дорожка / тротуар: 1.4 м при норме 0.5 м (СП 42.13330.2016, п. 9.6, табл. 9.1; ППМ 743-ПП, табл. 3.6.1)";"ассортимент для озеленения Москвы, категория «магистрали и улицы»; без инвазивных видов ППМ 369-ПП";пешеходная дорожка / тротуар;1.35;0.5;"СП 42.13330.2016, п. 9.6, табл. 9.1; ППМ 743-ПП, табл. 3.6.1"
bush_path_corridor_140_003;посажено;bush;Спирея березолистная;NEW_BUSH;504.117;427.472;15202.234;-560.816;Линейная посадка (живая изгородь/ряд вдоль полосы);07_nizhnie_polya;"Линейная посадка (живая изгородь/ряд вдоль полосы) — по аналогии с проектом «07_nizhnie_polya»; ближайшее ограничение — пешеходная дорожка / тротуар: 1.4 м при норме 0.5 м (СП 42.13330.2016, п. 9.6, табл. 9.1; ППМ 743-ПП, табл. 3.6.1)";"ассортимент для озеленения Москвы, категория «магистрали и улицы»; без инвазивных видов ППМ 369-ПП";пешеходная дорожка / тротуар;1.35;0.5;"СП 42.13330.2016, п. 9.6, табл. 9.1; ППМ 743-ПП, табл. 3.6.1"
bush_path_corridor_140_004;посажено;bush;Спирея березолистная;NEW_BUSH;503.238;426.383;15201.355;-561.905;Линейная посадка (живая изгородь/ряд вдоль полосы);07_nizhnie_polya;"Линейная посадка (живая изгородь/ряд вдоль полосы) — по аналогии с проектом «07_nizhnie_polya»; ближайшее ограничение — пешеходная дорожка / тротуар: 1.4 м при норме 0.5 м (СП 42.13330.2016, п. 9.6, табл. 9.1; ППМ 743-ПП, табл. 3.6.1)";"ассортимент для озеленения Москвы, категория «магистрали и улицы»; без инвазивных видов ППМ 369-ПП";пешеходная дорожка / тротуар;1.35;0.5;"СП 42.13330.2016, п. 9.6, табл. 9.1; ППМ 743-ПП, табл. 3.6.1"
bush_path_corridor_140_005;посажено;bush;Спирея березолистная;NEW_BUSH;502.358;425.293;15200.475;-562.994;Линейная посадка (живая изгородь/ряд вдоль полосы);07_nizhnie_polya;"Линейная посадка (живая изгородь/ряд вдоль полосы) — по аналогии с проектом «07_nizhnie_polya»; ближайшее ограничение — пешеходная дорожка / тротуар: 1.4 м при норме 0.5 м (СП 42.13330.2016, п. 9.6, табл. 9.1; ППМ 743-ПП, табл. 3.6.1)";"ассортимент для озеленения Москвы, категория «магистрали и улицы»; без инвазивных видов ППМ 369-ПП";пешеходная дорожка / тротуар;1.35;0.5;"СП 42.13330.2016, п. 9.6, табл. 9.1; ППМ 743-ПП, табл. 3.6.1"
bush_path_corridor_140_006;посажено;bush;Спирея березолистная;NEW_BUSH;501.479;424.204;15199.595;-564.083;Линейная посадка (живая изгородь/ряд вдоль полосы);07_nizhnie_polya;"Линейная посадка (живая изгородь/ряд вдоль полосы) — по аналогии с проектом «07_nizhnie_polya»; ближайшее ограничение — пешеходная дорожка / тротуар: 1.4 м при норме 0.5 м (СП 42.13330.2016, п. 9.6, табл. 9.1; ППМ 743-ПП, табл. 3.6.1)";"ассортимент для озеленения Москвы, категория «магистрали и улицы»; без инвазивных видов ППМ 369-ПП";пешеходная дорожка / тротуар;1.35;0.5;"СП 42.13330.2016, п. 9.6, табл. 9.1; ППМ 743-ПП, табл. 3.6.1"
bush_path_corridor_140_007;посажено;bush;Спирея березолистная;NEW_BUSH;500.599;423.115;15198.716;-565.172;Линейная посадка (живая изгородь/ряд вдоль полосы);07_nizhnie_polya;"Линейная посадка (живая изгородь/ряд вдоль полосы) — по аналогии с проектом «07_nizhnie_polya»; ближайшее ограничение — пешеходная дорожка / тротуар: 1.4 м при норме 0.5 м (СП 42.13330.2016, п. 9.6, табл. 9.1; ППМ 743-ПП, табл. 3.6.1)";"ассортимент для озеленения Москвы, категория «магистрали и улицы»; без инвазивных видов ППМ 369-ПП";пешеходная дорожка / тротуар;1.35;0.5;"СП 42.13330.2016, п. 9.6, табл. 9.1; ППМ 743-ПП, табл. 3.6.1"
bush_path_corridor_140_008;посажено;bush;Спирея березолистная;NEW_BUSH;498.84;420.937;15196.957;-567.351;Линейная посадка (живая изгородь/ряд вдоль полосы);07_nizhnie_polya;"Линейная посадка (живая изгородь/ряд вдоль полосы) — по аналогии с проектом «07_nizhnie_polya»; ближайшее ограничение — пешеходная дорожка / тротуар: 1.3 м при норме 0.5 м (СП 42.13330.2016, п. 9.6, табл. 9.1; ППМ 743-ПП, табл. 3.6.1)";"ассортимент для озеленения Москвы, категория «магистрали и улицы»; без инвазивных видов ППМ 369-ПП";пешеходная дорожка / тротуар;1.34;0.5;"СП 42.13330.2016, п. 9.6, табл. 9.1; ППМ 743-ПП, табл. 3.6.1"
bush_path_corridor_140_009;посажено;bush;Спирея березолистная;NEW_BUSH;497.96;419.848;15196.077;-568.44;Линейная посадка (живая изгородь/ряд вдоль полосы);07_nizhnie_polya;"Линейная посадка (живая изгородь/ряд вдоль полосы) — по аналогии с проектом «07_nizhnie_polya»; ближайшее ограничение — пешеходная дорожка / тротуар: 1.3 м при норме 0.5 м (СП 42.13330.2016, п. 9.6, табл. 9.1; ППМ 743-ПП, табл. 3.6.1)";"ассортимент для озеленения Москвы, категория «магистрали и улицы»; без инвазивных видов ППМ 369-ПП";пешеходная дорожка / тротуар;1.34;0.5;"СП 42.13330.2016, п. 9.6, табл. 9.1; ППМ 743-ПП, табл. 3.6.1"
bush_path_corridor_140_010;посажено;bush;Спирея березолистная;NEW_BUSH;497.08;418.758;15195.197;-569.529;Линейная посадка (живая изгородь/ряд вдоль полосы);07_nizhnie_polya;"Линейная посадка (живая изгородь/ряд вдоль полосы) — по аналогии с проектом «07_nizhnie_polya»; ближайшее ограничение — пешеходная дорожка / тротуар: 1.3 м при норме 0.5 м (СП 42.13330.2016, п. 9.6, табл. 9.1; ППМ 743-ПП, табл. 3.6.1)";"ассортимент для озеленения Москвы, категория «магистрали и улицы»; без инвазивных видов ППМ 369-ПП";пешеходная дорожка / тротуар;1.34;0.5;"СП 42.13330.2016, п. 9.6, табл. 9.1; ППМ 743-ПП, табл. 3.6.1"
tree_path_corridor_142_001;посажено;tree;Вяз гибридный Резиста;NEW_TREE;518.657;381.394;15216.774;-606.893;Линейная посадка (живая изгородь/ряд вдоль полосы);07_nizhnie_polya;"Линейная посадка (живая изгородь/ряд вдоль полосы) — по аналогии с проектом «07_nizhnie_polya»; ближайшее ограничение — пешеходная дорожка / тротуар: 1.2 м при норме 0.7 м (СП 42.13330.2016, п. 9.6, табл. 9.1; ППМ 743-ПП, табл. 3.6.1)";"ассортимент для озеленения Москвы, категория «магистрали и улицы»; без инвазивных видов ППМ 369-ПП";пешеходная дорожка / тротуар;1.21;0.7;"СП 42.13330.2016, п. 9.6, табл. 9.1; ППМ 743-ПП, табл. 3.6.1"
bush_path_corridor_142_001;посажено;bush;Спирея березолистная;NEW_BUSH;527.249;378.395;15225.366;-609.892;Линейная посадка (живая изгородь/ряд вдоль полосы);07_nizhnie_polya;"Линейная посадка (живая изгородь/ряд вдоль полосы) — по аналогии с проектом «07_nizhnie_polya»; ближайшее ограничение — проезжая часть: 2.3 м при норме 1.0 м (СП 42.13330.2016, п. 9.6, табл. 9.1; ППМ 743-ПП, табл. 3.6.1)";"ассортимент для озеленения Москвы, категория «магистрали и улицы»; без инвазивных видов ППМ 369-ПП";проезжая часть;2.32;1.0;"СП 42.13330.2016, п. 9.6, табл. 9.1; ППМ 743-ПП, табл. 3.6.1"
bush_path_corridor_142_002;посажено;bush;Спирея березолистная;NEW_BUSH;525.927;378.857;15224.044;-609.431;Линейная посадка (живая изгородь/ряд вдоль полосы);07_nizhnie_polya;"Линейная посадка (живая изгородь/ряд вдоль полосы) — по аналогии с проектом «07_nizhnie_polya»; ближайшее ограничение — пешеходная дорожка / тротуар: 2.2 м при норме 0.5 м (СП 42.13330.2016, п. 9.6, табл. 9.1; ППМ 743-ПП, табл. 3.6.1)";"ассортимент для озеленения Москвы, категория «магистрали и улицы»; без инвазивных видов ППМ 369-ПП";пешеходная дорожка / тротуар;2.21;0.5;"СП 42.13330.2016, п. 9.6, табл. 9.1; ППМ 743-ПП, табл. 3.6.1"
bush_path_corridor_142_003;посажено;bush;Спирея березолистная;NEW_BUSH;524.605;379.318;15222.722;-608.969;Линейная посадка (живая изгородь/ряд вдоль полосы);07_nizhnie_polya;"Линейная посадка (живая изгородь/ряд вдоль полосы) — по аналогии с проектом «07_nizhnie_polya»; ближайшее ограничение — пешеходная дорожка / тротуар: 1.8 м при норме 0.5 м (СП 42.13330.2016, п. 9.6, табл. 9.1; ППМ 743-ПП, табл. 3.6.1)";"ассортимент для озеленения Москвы, категория «магистрали и улицы»; без инвазивных видов ППМ 369-ПП";пешеходная дорожка / тротуар;1.84;0.5;"СП 42.13330.2016, п. 9.6, табл. 9.1; ППМ 743-ПП, табл. 3.6.1"
bush_path_corridor_142_004;посажено;bush;Спирея березолистная;NEW_BUSH;523.283;379.78;15221.4;-608.508;Линейная посадка (живая изгородь/ряд вдоль полосы);07_nizhnie_polya;"Линейная посадка (живая изгородь/ряд вдоль полосы) — по аналогии с проектом «07_nizhnie_polya»; ближайшее ограничение — пешеходная дорожка / тротуар: 1.6 м при норме 0.5 м (СП 42.13330.2016, п. 9.6, табл. 9.1; ППМ 743-ПП, табл. 3.6.1)";"ассортимент для озеленения Москвы, категория «магистрали и улицы»; без инвазивных видов ППМ 369-ПП";пешеходная дорожка / тротуар;1.55;0.5;"СП 42.13330.2016, п. 9.6, табл. 9.1; ППМ 743-ПП, табл. 3.6.1"
bush_path_corridor_142_005;посажено;bush;Спирея березолистная;NEW_BUSH;521.962;380.241;15220.079;-608.046;Линейная посадка (живая изгородь/ряд вдоль полосы);07_nizhnie_polya;"Линейная посадка (живая изгородь/ряд вдоль полосы) — по аналогии с проектом «07_nizhnie_polya»; ближайшее ограничение — пешеходная дорожка / тротуар: 1.4 м при норме 0.5 м (СП 42.13330.2016, п. 9.6, табл. 9.1; ППМ 743-ПП, табл. 3.6.1)";"ассортимент для озеленения Москвы, категория «магистрали и улицы»; без инвазивных видов ППМ 369-ПП";пешеходная дорожка / тротуар;1.45;0.5;"СП 42.13330.2016, п. 9.6, табл. 9.1; ППМ 743-ПП, табл. 3.6.1"
bush_path_corridor_142_006;посажено;bush;Спирея березолистная;NEW_BUSH;520.64;380.702;15218.757;-607.585;Линейная посадка (живая изгородь/ряд вдоль полосы);07_nizhnie_polya;"Линейная посадка (живая изгородь/ряд вдоль полосы) — по аналогии с проектом «07_nizhnie_polya»; ближайшее ограничение — пешеходная дорожка / тротуар: 1.4 м при норме 0.5 м (СП 42.13330.2016, п. 9.6, табл. 9.1; ППМ 743-ПП, табл. 3.6.1)";"ассортимент для озеленения Москвы, категория «магистрали и улицы»; без инвазивных видов ППМ 369-ПП";пешеходная дорожка / тротуар;1.36;0.5;"СП 42.13330.2016, п. 9.6, табл. 9.1; ППМ 743-ПП, табл. 3.6.1"
bush_path_corridor_142_007;посажено;bush;Спирея березолистная;NEW_BUSH;516.675;382.087;15214.791;-606.201;Линейная посадка (живая изгородь/ряд вдоль полосы);07_nizhnie_polya;"Линейная посадка (живая изгородь/ряд вдоль полосы) — по аналогии с проектом «07_nizhnie_polya»; ближайшее ограничение — пешеходная дорожка / тротуар: 1.3 м при норме 0.5 м (СП 42.13330.2016, п. 9.6, табл. 9.1; ППМ 743-ПП, табл. 3.6.1)";"ассортимент для озеленения Москвы, категория «магистрали и улицы»; без инвазивных видов ППМ 369-ПП";пешеходная дорожка / тротуар;1.26;0.5;"СП 42.13330.2016, п. 9.6, табл. 9.1; ППМ 743-ПП, табл. 3.6.1"
bush_path_corridor_142_008;посажено;bush;Спирея березолистная;NEW_BUSH;515.353;382.548;15213.47;-605.739;Линейная посадка (живая изгородь/ряд вдоль полосы);07_nizhnie_polya;"Линейная посадка (живая изгородь/ряд вдоль полосы) — по аналогии с проектом «07_nizhnie_polya»; ближайшее ограничение — пешеходная дорожка / тротуар: 1.4 м при норме 0.5 м (СП 42.13330.2016, п. 9.6, табл. 9.1; ППМ 743-ПП, табл. 3.6.1)";"ассортимент для озеленения Москвы, категория «магистрали и улицы»; без инвазивных видов ППМ 369-ПП";пешеходная дорожка / тротуар;1.43;0.5;"СП 42.13330.2016, п. 9.6, табл. 9.1; ППМ 743-ПП, табл. 3.6.1"
bush_path_corridor_142_009;посажено;bush;Спирея березолистная;NEW_BUSH;514.031;383.009;15212.148;-605.278;Линейная посадка (живая изгородь/ряд вдоль полосы);07_nizhnie_polya;"Линейная посадка (живая изгородь/ряд вдоль полосы) — по аналогии с проектом «07_nizhnie_polya»; ближайшее ограничение — пешеходная дорожка / тротуар: 1.6 м при норме 0.5 м (СП 42.13330.2016, п. 9.6, табл. 9.1; ППМ 743-ПП, табл. 3.6.1)";"ассортимент для озеленения Москвы, категория «магистрали и улицы»; без инвазивных видов ППМ 369-ПП";пешеходная дорожка / тротуар;1.6;0.5;"СП 42.13330.2016, п. 9.6, табл. 9.1; ППМ 743-ПП, табл. 3.6.1"
bush_path_corridor_142_010;посажено;bush;Спирея березолистная;NEW_BUSH;512.709;383.471;15210.826;-604.817;Линейная посадка (живая изгородь/ряд вдоль полосы);07_nizhnie_polya;"Линейная посадка (живая изгородь/ряд вдоль полосы) — по аналогии с проектом «07_nizhnie_polya»; ближайшее ограничение — пешеходная дорожка / тротуар: 1.8 м при норме 0.5 м (СП 42.13330.2016, п. 9.6, табл. 9.1; ППМ 743-ПП, табл. 3.6.1)";"ассортимент для озеленения Москвы, категория «магистрали и улицы»; без инвазивных видов ППМ 369-ПП";пешеходная дорожка / тротуар;1.77;0.5;"СП 42.13330.2016, п. 9.6, табл. 9.1; ППМ 743-ПП, табл. 3.6.1"
bush_path_corridor_142_011;посажено;bush;Спирея березолистная;NEW_BUSH;510.066;384.394;15208.183;-603.894;Линейная посадка (живая изгородь/ряд вдоль полосы);07_nizhnie_polya;"Линейная посадка (живая изгородь/ряд вдоль полосы) — по аналогии с проектом «07_nizhnie_polya»; ближайшее ограничение — проезжая часть: 2.6 м при норме 1.0 м (СП 42.13330.2016, п. 9.6, табл. 9.1; ППМ 743-ПП, табл. 3.6.1)";"ассортимент для озеленения Москвы, категория «магистрали и улицы»; без инвазивных видов ППМ 369-ПП";проезжая часть;2.56;1.0;"СП 42.13330.2016, п. 9.6, табл. 9.1; ППМ 743-ПП, табл. 3.6.1"
tree_path_corridor_143_001;посажено;tree;Вяз гибридный Резиста;NEW_TREE;357.271;238.509;15055.388;-749.778;Линейная посадка (живая изгородь/ряд вдоль полосы);07_nizhnie_polya;"Линейная посадка (живая изгородь/ряд вдоль полосы) — по аналогии с проектом «07_nizhnie_polya»; ближайшее ограничение — проезжая часть: 2.7 м при норме 2.0 м (СП 42.13330.2016, п. 9.6, табл. 9.1; ППМ 743-ПП, табл. 3.6.1)";"ассортимент для озеленения Москвы, категория «магистрали и улицы»; без инвазивных видов ППМ 369-ПП";проезжая часть;2.69;2.0;"СП 42.13330.2016, п. 9.6, табл. 9.1; ППМ 743-ПП, табл. 3.6.1"
bush_path_corridor_143_001;посажено;bush;Спирея березолистная;NEW_BUSH;362.486;240.55;15060.602;-747.738;Линейная посадка (живая изгородь/ряд вдоль полосы);07_nizhnie_polya;"Линейная посадка (живая изгородь/ряд вдоль полосы) — по аналогии с проектом «07_nizhnie_polya»; ближайшее ограничение — пешеходная дорожка / тротуар: 1.0 м при норме 0.5 м (СП 42.13330.2016, п. 9.6, табл. 9.1; ППМ 743-ПП, табл. 3.6.1)";"ассортимент для озеленения Москвы, категория «магистрали и улицы»; без инвазивных видов ППМ 369-ПП";пешеходная дорожка / тротуар;1.03;0.5;"СП 42.13330.2016, п. 9.6, табл. 9.1; ППМ 743-ПП, табл. 3.6.1"
bush_path_corridor_143_002;посажено;bush;Спирея березолистная;NEW_BUSH;361.182;240.04;15059.299;-748.248;Линейная посадка (живая изгородь/ряд вдоль полосы);07_nizhnie_polya;"Линейная посадка (живая изгородь/ряд вдоль полосы) — по аналогии с проектом «07_nizhnie_polya»; ближайшее ограничение — пешеходная дорожка / тротуар: 1.4 м при норме 0.5 м (СП 42.13330.2016, п. 9.6, табл. 9.1; ППМ 743-ПП, табл. 3.6.1)";"ассортимент для озеленения Москвы, категория «магистрали и улицы»; без инвазивных видов ППМ 369-ПП";пешеходная дорожка / тротуар;1.43;0.5;"СП 42.13330.2016, п. 9.6, табл. 9.1; ППМ 743-ПП, табл. 3.6.1"
bush_path_corridor_143_003;посажено;bush;Спирея березолистная;NEW_BUSH;359.878;239.529;15057.995;-748.758;Линейная посадка (живая изгородь/ряд вдоль полосы);07_nizhnie_polya;"Линейная посадка (живая изгородь/ряд вдоль полосы) — по аналогии с проектом «07_nizhnie_polya»; ближайшее ограничение — пешеходная дорожка / тротуар: 1.5 м при норме 0.5 м (СП 42.13330.2016, п. 9.6, табл. 9.1; ППМ 743-ПП, табл. 3.6.1)";"ассортимент для озеленения Москвы, категория «магистрали и улицы»; без инвазивных видов ППМ 369-ПП";пешеходная дорожка / тротуар;1.52;0.5;"СП 42.13330.2016, п. 9.6, табл. 9.1; ППМ 743-ПП, табл. 3.6.1"
bush_path_corridor_143_004;посажено;bush;Спирея березолистная;NEW_BUSH;358.575;239.019;15056.691;-749.268;Линейная посадка (живая изгородь/ряд вдоль полосы);07_nizhnie_polya;"Линейная посадка (живая изгородь/ряд вдоль полосы) — по аналогии с проектом «07_nizhnie_polya»; ближайшее ограничение — пешеходная дорожка / тротуар: 1.6 м при норме 0.5 м (СП 42.13330.2016, п. 9.6, табл. 9.1; ППМ 743-ПП, табл. 3.6.1)";"ассортимент для озеленения Москвы, категория «магистрали и улицы»; без инвазивных видов ППМ 369-ПП";пешеходная дорожка / тротуар;1.6;0.5;"СП 42.13330.2016, п. 9.6, табл. 9.1; ППМ 743-ПП, табл. 3.6.1"
bush_path_corridor_143_005;посажено;bush;Спирея березолистная;NEW_BUSH;355.967;237.999;15054.084;-750.289;Линейная посадка (живая изгородь/ряд вдоль полосы);07_nizhnie_polya;"Линейная посадка (живая изгородь/ряд вдоль полосы) — по аналогии с проектом «07_nizhnie_polya»; ближайшее ограничение — пешеходная дорожка / тротуар: 1.5 м при норме 0.5 м (СП 42.13330.2016, п. 9.6, табл. 9.1; ППМ 743-ПП, табл. 3.6.1)";"ассортимент для озеленения Москвы, категория «магистрали и улицы»; без инвазивных видов ППМ 369-ПП";пешеходная дорожка / тротуар;1.48;0.5;"СП 42.13330.2016, п. 9.6, табл. 9.1; ППМ 743-ПП, табл. 3.6.1"
tree_path_corridor_145_001;посажено;tree;Вяз гибридный Резиста;NEW_TREE;111.664;109.074;14809.78;-879.213;Линейная посадка (живая изгородь/ряд вдоль полосы);07_nizhnie_polya;"Линейная посадка (живая изгородь/ряд вдоль полосы) — по аналогии с проектом «07_nizhnie_polya»; ближайшее ограничение — пешеходная дорожка / тротуар: 1.4 м при норме 0.7 м (СП 42.13330.2016, п. 9.6, табл. 9.1; ППМ 743-ПП, табл. 3.6.1)";"ассортимент для озеленения Москвы, категория «магистрали и улицы»; без инвазивных видов ППМ 369-ПП";пешеходная дорожка / тротуар;1.35;0.7;"СП 42.13330.2016, п. 9.6, табл. 9.1; ППМ 743-ПП, табл. 3.6.1"
bush_path_corridor_145_001;посажено;bush;Спирея березолистная;NEW_BUSH;112.792;109.902;14810.909;-878.385;Линейная посадка (живая изгородь/ряд вдоль полосы);07_nizhnie_polya;"Линейная посадка (живая изгородь/ряд вдоль полосы) — по аналогии с проектом «07_nizhnie_polya»; ближайшее ограничение — пешеходная дорожка / тротуар: 1.4 м при норме 0.5 м (СП 42.13330.2016, п. 9.6, табл. 9.1; ППМ 743-ПП, табл. 3.6.1)";"ассортимент для озеленения Москвы, категория «магистрали и улицы»; без инвазивных видов ППМ 369-ПП";пешеходная дорожка / тротуар;1.35;0.5;"СП 42.13330.2016, п. 9.6, табл. 9.1; ППМ 743-ПП, табл. 3.6.1"
bush_path_corridor_145_002;посажено;bush;Спирея березолистная;NEW_BUSH;110.535;108.246;14808.652;-880.042;Линейная посадка (живая изгородь/ряд вдоль полосы);07_nizhnie_polya;"Линейная посадка (живая изгородь/ряд вдоль полосы) — по аналогии с проектом «07_nizhnie_polya»; ближайшее ограничение — пешеходная дорожка / тротуар: 1.4 м при норме 0.5 м (СП 42.13330.2016, п. 9.6, табл. 9.1; ППМ 743-ПП, табл. 3.6.1)";"ассортимент для озеленения Москвы, категория «магистрали и улицы»; без инвазивных видов ППМ 369-ПП";пешеходная дорожка / тротуар;1.35;0.5;"СП 42.13330.2016, п. 9.6, табл. 9.1; ППМ 743-ПП, табл. 3.6.1"
bush_path_corridor_146_001;посажено;bush;Спирея березолистная;NEW_BUSH;117.97;116.051;14816.086;-872.236;Линейная посадка (живая изгородь/ряд вдоль полосы);07_nizhnie_polya;"Линейная посадка (живая изгородь/ряд вдоль полосы) — по аналогии с проектом «07_nizhnie_polya»; ближайшее ограничение — пешеходная дорожка / тротуар: 3.4 м при норме 0.5 м (СП 42.13330.2016, п. 9.6, табл. 9.1; ППМ 743-ПП, табл. 3.6.1)";"ассортимент для озеленения Москвы, категория «магистрали и улицы»; без инвазивных видов ППМ 369-ПП";пешеходная дорожка / тротуар;3.35;0.5;"СП 42.13330.2016, п. 9.6, табл. 9.1; ППМ 743-ПП, табл. 3.6.1"
bush_path_corridor_146_002;посажено;bush;Спирея березолистная;NEW_BUSH;116.815;115.26;14814.932;-873.028;Линейная посадка (живая изгородь/ряд вдоль полосы);07_nizhnie_polya;"Линейная посадка (живая изгородь/ряд вдоль полосы) — по аналогии с проектом «07_nizhnie_polya»; ближайшее ограничение — проезжая часть: 3.0 м при норме 1.0 м (СП 42.13330.2016, п. 9.6, табл. 9.1; ППМ 743-ПП, табл. 3.6.1)";"ассортимент для озеленения Москвы, категория «магистрали и улицы»; без инвазивных видов ППМ 369-ПП";проезжая часть;3.04;1.0;"СП 42.13330.2016, п. 9.6, табл. 9.1; ППМ 743-ПП, табл. 3.6.1"
tree_path_corridor_149_001;посажено;tree;Вяз гибридный Резиста;NEW_TREE;151.47;139.699;14849.587;-848.589;Линейная посадка (живая изгородь/ряд вдоль полосы);07_nizhnie_polya;"Линейная посадка (живая изгородь/ряд вдоль полосы) — по аналогии с проектом «07_nizhnie_polya»; ближайшее ограничение — проезжая часть: 3.8 м при норме 2.0 м (СП 42.13330.2016, п. 9.6, табл. 9.1; ППМ 743-ПП, табл. 3.6.1)";"ассортимент для озеленения Москвы, категория «магистрали и улицы»; без инвазивных видов ППМ 369-ПП";проезжая часть;3.83;2.0;"СП 42.13330.2016, п. 9.6, табл. 9.1; ППМ 743-ПП, табл. 3.6.1"
bush_path_corridor_149_001;посажено;bush;Спирея березолистная;NEW_BUSH;146.65;136.849;14844.766;-851.439;Линейная посадка (живая изгородь/ряд вдоль полосы);07_nizhnie_polya;"Линейная посадка (живая изгородь/ряд вдоль полосы) — по аналогии с проектом «07_nizhnie_polya»; ближайшее ограничение — проезжая часть: 3.8 м при норме 1.0 м (СП 42.13330.2016, п. 9.6, табл. 9.1; ППМ 743-ПП, табл. 3.6.1)";"ассортимент для озеленения Москвы, категория «магистрали и улицы»; без инвазивных видов ППМ 369-ПП";проезжая часть;3.82;1.0;"СП 42.13330.2016, п. 9.6, табл. 9.1; ППМ 743-ПП, табл. 3.6.1"
bush_path_corridor_149_002;посажено;bush;Спирея березолистная;NEW_BUSH;147.855;137.561;14845.972;-850.726;Линейная посадка (живая изгородь/ряд вдоль полосы);07_nizhnie_polya;"Линейная посадка (живая изгородь/ряд вдоль полосы) — по аналогии с проектом «07_nizhnie_polya»; ближайшее ограничение — проезжая часть: 3.8 м при норме 1.0 м (СП 42.13330.2016, п. 9.6, табл. 9.1; ППМ 743-ПП, табл. 3.6.1)";"ассортимент для озеленения Москвы, категория «магистрали и улицы»; без инвазивных видов ППМ 369-ПП";проезжая часть;3.83;1.0;"СП 42.13330.2016, п. 9.6, табл. 9.1; ППМ 743-ПП, табл. 3.6.1"
bush_path_corridor_149_003;посажено;bush;Спирея березолистная;NEW_BUSH;149.06;138.274;14847.177;-850.014;Линейная посадка (живая изгородь/ряд вдоль полосы);07_nizhnie_polya;"Линейная посадка (живая изгородь/ряд вдоль полосы) — по аналогии с проектом «07_nizhnie_polya»; ближайшее ограничение — проезжая часть: 3.8 м при норме 1.0 м (СП 42.13330.2016, п. 9.6, табл. 9.1; ППМ 743-ПП, табл. 3.6.1)";"ассортимент для озеленения Москвы, категория «магистрали и улицы»; без инвазивных видов ППМ 369-ПП";проезжая часть;3.83;1.0;"СП 42.13330.2016, п. 9.6, табл. 9.1; ППМ 743-ПП, табл. 3.6.1"
bush_path_corridor_149_004;посажено;bush;Спирея березолистная;NEW_BUSH;150.265;138.986;14848.382;-849.301;Линейная посадка (живая изгородь/ряд вдоль полосы);07_nizhnie_polya;"Линейная посадка (живая изгородь/ряд вдоль полосы) — по аналогии с проектом «07_nizhnie_polya»; ближайшее ограничение — проезжая часть: 3.8 м при норме 1.0 м (СП 42.13330.2016, п. 9.6, табл. 9.1; ППМ 743-ПП, табл. 3.6.1)";"ассортимент для озеленения Москвы, категория «магистрали и улицы»; без инвазивных видов ППМ 369-ПП";проезжая часть;3.83;1.0;"СП 42.13330.2016, п. 9.6, табл. 9.1; ППМ 743-ПП, табл. 3.6.1"
bush_path_corridor_149_005;посажено;bush;Спирея березолистная;NEW_BUSH;152.675;140.411;14850.792;-847.876;Линейная посадка (живая изгородь/ряд вдоль полосы);07_nizhnie_polya;"Линейная посадка (живая изгородь/ряд вдоль полосы) — по аналогии с проектом «07_nizhnie_polya»; ближайшее ограничение — воздушная ЛЭП: 4.3 м при норме 2.0 м (охранная зона по чертежу (отступ зоны))";"ассортимент для озеленения Москвы, категория «магистрали и улицы»; без инвазивных видов ППМ 369-ПП";воздушная ЛЭП;4.35;2.0;охранная зона по чертежу (отступ зоны)
bush_path_corridor_149_006;посажено;bush;Спирея березолистная;NEW_BUSH;153.881;141.123;14851.997;-847.164;Линейная посадка (живая изгородь/ряд вдоль полосы);07_nizhnie_polya;"Линейная посадка (живая изгородь/ряд вдоль полосы) — по аналогии с проектом «07_nizhnie_polya»; ближайшее ограничение — воздушная ЛЭП: 4.0 м при норме 2.0 м (охранная зона по чертежу (отступ зоны))";"ассортимент для озеленения Москвы, категория «магистрали и улицы»; без инвазивных видов ППМ 369-ПП";воздушная ЛЭП;4.0;2.0;охранная зона по чертежу (отступ зоны)
bush_path_corridor_149_007;посажено;bush;Спирея березолистная;NEW_BUSH;155.086;141.836;14853.203;-846.452;Линейная посадка (живая изгородь/ряд вдоль полосы);07_nizhnie_polya;"Линейная посадка (живая изгородь/ряд вдоль полосы) — по аналогии с проектом «07_nizhnie_polya»; ближайшее ограничение — воздушная ЛЭП: 3.7 м при норме 2.0 м (охранная зона по чертежу (отступ зоны))";"ассортимент для озеленения Москвы, категория «магистрали и улицы»; без инвазивных видов ППМ 369-ПП";воздушная ЛЭП;3.66;2.0;охранная зона по чертежу (отступ зоны)
bush_path_corridor_149_008;посажено;bush;Спирея березолистная;NEW_BUSH;156.291;142.548;14854.408;-845.739;Линейная посадка (живая изгородь/ряд вдоль полосы);07_nizhnie_polya;"Линейная посадка (живая изгородь/ряд вдоль полосы) — по аналогии с проектом «07_nizhnie_polya»; ближайшее ограничение — воздушная ЛЭП: 3.3 м при норме 2.0 м (охранная зона по чертежу (отступ зоны))";"ассортимент для озеленения Москвы, категория «магистрали и улицы»; без инвазивных видов ППМ 369-ПП";воздушная ЛЭП;3.32;2.0;охранная зона по чертежу (отступ зоны)
tree_path_corridor_150_001;посажено;tree;Вяз гибридный Резиста;NEW_TREE;109.247;149.162;14807.364;-839.126;Линейная посадка (живая изгородь/ряд вдоль полосы);07_nizhnie_polya;"Линейная посадка (живая изгородь/ряд вдоль полосы) — по аналогии с проектом «07_nizhnie_polya»; ближайшее ограничение — пешеходная дорожка / тротуар: 2.2 м при норме 0.7 м (СП 42.13330.2016, п. 9.6, табл. 9.1; ППМ 743-ПП, табл. 3.6.1)";"ассортимент для озеленения Москвы, категория «магистрали и улицы»; без инвазивных видов ППМ 369-ПП";пешеходная дорожка / тротуар;2.2;0.7;"СП 42.13330.2016, п. 9.6, табл. 9.1; ППМ 743-ПП, табл. 3.6.1"
tree_path_corridor_151_001;посажено;tree;Вяз гибридный Резиста;NEW_TREE;116.247;157.294;14814.364;-830.993;Линейная посадка (живая изгородь/ряд вдоль полосы);07_nizhnie_polya;"Линейная посадка (живая изгородь/ряд вдоль полосы) — по аналогии с проектом «07_nizhnie_polya»; ближайшее ограничение — проезжая часть: 2.4 м при норме 2.0 м (СП 42.13330.2016, п. 9.6, табл. 9.1; ППМ 743-ПП, табл. 3.6.1)";"ассортимент для озеленения Москвы, категория «магистрали и улицы»; без инвазивных видов ППМ 369-ПП";проезжая часть;2.41;2.0;"СП 42.13330.2016, п. 9.6, табл. 9.1; ППМ 743-ПП, табл. 3.6.1"
bush_path_corridor_151_001;посажено;bush;Спирея березолистная;NEW_BUSH;108.899;154.991;14807.016;-833.296;Линейная посадка (живая изгородь/ряд вдоль полосы);07_nizhnie_polya;"Линейная посадка (живая изгородь/ряд вдоль полосы) — по аналогии с проектом «07_nizhnie_polya»; ближайшее ограничение — пешеходная дорожка / тротуар: 1.4 м при норме 0.5 м (СП 42.13330.2016, п. 9.6, табл. 9.1; ППМ 743-ПП, табл. 3.6.1)";"ассортимент для озеленения Москвы, категория «магистрали и улицы»; без инвазивных видов ППМ 369-ПП";пешеходная дорожка / тротуар;1.44;0.5;"СП 42.13330.2016, п. 9.6, табл. 9.1; ППМ 743-ПП, табл. 3.6.1"
bush_path_corridor_151_002;посажено;bush;Спирея березолистная;NEW_BUSH;112.907;156.247;14811.024;-832.04;Линейная посадка (живая изгородь/ряд вдоль полосы);07_nizhnie_polya;"Линейная посадка (живая изгородь/ряд вдоль полосы) — по аналогии с проектом «07_nizhnie_polya»; ближайшее ограничение — проезжая часть: 3.7 м при норме 1.0 м (СП 42.13330.2016, п. 9.6, табл. 9.1; ППМ 743-ПП, табл. 3.6.1)";"ассортимент для озеленения Москвы, категория «магистрали и улицы»; без инвазивных видов ППМ 369-ПП";проезжая часть;3.72;1.0;"СП 42.13330.2016, п. 9.6, табл. 9.1; ППМ 743-ПП, табл. 3.6.1"
bush_path_corridor_151_003;посажено;bush;Спирея березолистная;NEW_BUSH;114.243;156.666;14812.36;-831.621;Линейная посадка (живая изгородь/ряд вдоль полосы);07_nizhnie_polya;"Линейная посадка (живая изгородь/ряд вдоль полосы) — по аналогии с проектом «07_nizhnie_polya»; ближайшее ограничение — проезжая часть: 3.0 м при норме 1.0 м (СП 42.13330.2016, п. 9.6, табл. 9.1; ППМ 743-ПП, табл. 3.6.1)";"ассортимент для озеленения Москвы, категория «магистрали и улицы»; без инвазивных видов ППМ 369-ПП";проезжая часть;2.96;1.0;"СП 42.13330.2016, п. 9.6, табл. 9.1; ППМ 743-ПП, табл. 3.6.1"
bush_path_corridor_151_004;посажено;bush;Спирея березолистная;NEW_BUSH;118.251;157.922;14816.368;-830.365;Линейная посадка (живая изгородь/ряд вдоль полосы);07_nizhnie_polya;"Линейная посадка (живая изгородь/ряд вдоль полосы) — по аналогии с проектом «07_nizhnie_polya»; ближайшее ограничение — проезжая часть: 2.6 м при норме 1.0 м (СП 42.13330.2016, п. 9.6, табл. 9.1; ППМ 743-ПП, табл. 3.6.1)";"ассортимент для озеленения Москвы, категория «магистрали и улицы»; без инвазивных видов ППМ 369-ПП";проезжая часть;2.62;1.0;"СП 42.13330.2016, п. 9.6, табл. 9.1; ППМ 743-ПП, табл. 3.6.1"
bush_path_corridor_151_005;посажено;bush;Спирея березолистная;NEW_BUSH;119.587;158.341;14817.704;-829.946;Линейная посадка (живая изгородь/ряд вдоль полосы);07_nizhnie_polya;"Линейная посадка (живая изгородь/ряд вдоль полосы) — по аналогии с проектом «07_nizhnie_polya»; ближайшее ограничение — проезжая часть: 3.1 м при норме 1.0 м (СП 42.13330.2016, п. 9.6, табл. 9.1; ППМ 743-ПП, табл. 3.6.1)";"ассортимент для озеленения Москвы, категория «магистрали и улицы»; без инвазивных видов ППМ 369-ПП";проезжая часть;3.09;1.0;"СП 42.13330.2016, п. 9.6, табл. 9.1; ППМ 743-ПП, табл. 3.6.1"
bush_path_corridor_151_006;посажено;bush;Спирея березолистная;NEW_BUSH;120.923;158.76;14819.04;-829.528;Линейная посадка (живая изгородь/ряд вдоль полосы);07_nizhnie_polya;"Линейная посадка (живая изгородь/ряд вдоль полосы) — по аналогии с проектом «07_nizhnie_polya»; ближайшее ограничение — проезжая часть: 3.6 м при норме 1.0 м (СП 42.13330.2016, п. 9.6, табл. 9.1; ППМ 743-ПП, табл. 3.6.1)";"ассортимент для озеленения Москвы, категория «магистрали и улицы»; без инвазивных видов ППМ 369-ПП";проезжая часть;3.63;1.0;"СП 42.13330.2016, п. 9.6, табл. 9.1; ППМ 743-ПП, табл. 3.6.1"
tree_path_corridor_152_001;посажено;tree;Вяз гибридный Резиста;NEW_TREE;91.553;94.209;14789.67;-894.078;Линейная посадка (живая изгородь/ряд вдоль полосы);07_nizhnie_polya;"Линейная посадка (живая изгородь/ряд вдоль полосы) — по аналогии с проектом «07_nizhnie_polya»; ближайшее ограничение — пешеходная дорожка / тротуар: 1.3 м при норме 0.7 м (СП 42.13330.2016, п. 9.6, табл. 9.1; ППМ 743-ПП, табл. 3.6.1)";"ассортимент для озеленения Москвы, категория «магистрали и улицы»; без инвазивных видов ППМ 369-ПП";пешеходная дорожка / тротуар;1.34;0.7;"СП 42.13330.2016, п. 9.6, табл. 9.1; ППМ 743-ПП, табл. 3.6.1"
bush_path_corridor_152_001;посажено;bush;Спирея березолистная;NEW_BUSH;97.745;98.787;14795.862;-889.501;Линейная посадка (живая изгородь/ряд вдоль полосы);07_nizhnie_polya;"Линейная посадка (живая изгородь/ряд вдоль полосы) — по аналогии с проектом «07_nizhnie_polya»; ближайшее ограничение — пешеходная дорожка / тротуар: 1.3 м при норме 0.5 м (СП 42.13330.2016, п. 9.6, табл. 9.1; ППМ 743-ПП, табл. 3.6.1)";"ассортимент для озеленения Москвы, категория «магистрали и улицы»; без инвазивных видов ППМ 369-ПП";пешеходная дорожка / тротуар;1.34;0.5;"СП 42.13330.2016, п. 9.6, табл. 9.1; ППМ 743-ПП, табл. 3.6.1"
bush_path_corridor_152_002;посажено;bush;Спирея березолистная;NEW_BUSH;96.619;97.954;14794.736;-890.333;Линейная посадка (живая изгородь/ряд вдоль полосы);07_nizhnie_polya;"Линейная посадка (живая изгородь/ряд вдоль полосы) — по аналогии с проектом «07_nizhnie_polya»; ближайшее ограничение — пешеходная дорожка / тротуар: 1.3 м при норме 0.5 м (СП 42.13330.2016, п. 9.6, табл. 9.1; ППМ 743-ПП, табл. 3.6.1)";"ассортимент для озеленения Москвы, категория «магистрали и улицы»; без инвазивных видов ППМ 369-ПП";пешеходная дорожка / тротуар;1.34;0.5;"СП 42.13330.2016, п. 9.6, табл. 9.1; ППМ 743-ПП, табл. 3.6.1"
bush_path_corridor_152_003;посажено;bush;Спирея березолистная;NEW_BUSH;93.242;95.457;14791.359;-892.83;Линейная посадка (живая изгородь/ряд вдоль полосы);07_nizhnie_polya;"Линейная посадка (живая изгородь/ряд вдоль полосы) — по аналогии с проектом «07_nizhnie_polya»; ближайшее ограничение — пешеходная дорожка / тротуар: 1.3 м при норме 0.5 м (СП 42.13330.2016, п. 9.6, табл. 9.1; ППМ 743-ПП, табл. 3.6.1)";"ассортимент для озеленения Москвы, категория «магистрали и улицы»; без инвазивных видов ППМ 369-ПП";пешеходная дорожка / тротуар;1.34;0.5;"СП 42.13330.2016, п. 9.6, табл. 9.1; ППМ 743-ПП, табл. 3.6.1"
bush_path_corridor_152_004;посажено;bush;Спирея березолистная;NEW_BUSH;89.865;92.961;14787.982;-895.327;Линейная посадка (живая изгородь/ряд вдоль полосы);07_nizhnie_polya;"Линейная посадка (живая изгородь/ряд вдоль полосы) — по аналогии с проектом «07_nizhnie_polya»; ближайшее ограничение — пешеходная дорожка / тротуар: 1.3 м при норме 0.5 м (СП 42.13330.2016, п. 9.6, табл. 9.1; ППМ 743-ПП, табл. 3.6.1)";"ассортимент для озеленения Москвы, категория «магистрали и улицы»; без инвазивных видов ППМ 369-ПП";пешеходная дорожка / тротуар;1.34;0.5;"СП 42.13330.2016, п. 9.6, табл. 9.1; ППМ 743-ПП, табл. 3.6.1"
bush_path_corridor_152_005;посажено;bush;Спирея березолистная;NEW_BUSH;87.613;91.296;14785.73;-896.991;Линейная посадка (живая изгородь/ряд вдоль полосы);07_nizhnie_polya;"Линейная посадка (живая изгородь/ряд вдоль полосы) — по аналогии с проектом «07_nizhnie_polya»; ближайшее ограничение — пешеходная дорожка / тротуар: 1.3 м при норме 0.5 м (СП 42.13330.2016, п. 9.6, табл. 9.1; ППМ 743-ПП, табл. 3.6.1)";"ассортимент для озеленения Москвы, категория «магистрали и улицы»; без инвазивных видов ППМ 369-ПП";пешеходная дорожка / тротуар;1.34;0.5;"СП 42.13330.2016, п. 9.6, табл. 9.1; ППМ 743-ПП, табл. 3.6.1"
bush_path_corridor_152_006;посажено;bush;Спирея березолистная;NEW_BUSH;86.488;90.464;14784.604;-897.824;Линейная посадка (живая изгородь/ряд вдоль полосы);07_nizhnie_polya;"Линейная посадка (живая изгородь/ряд вдоль полосы) — по аналогии с проектом «07_nizhnie_polya»; ближайшее ограничение — пешеходная дорожка / тротуар: 1.3 м при норме 0.5 м (СП 42.13330.2016, п. 9.6, табл. 9.1; ППМ 743-ПП, табл. 3.6.1)";"ассортимент для озеленения Москвы, категория «магистрали и улицы»; без инвазивных видов ППМ 369-ПП";пешеходная дорожка / тротуар;1.34;0.5;"СП 42.13330.2016, п. 9.6, табл. 9.1; ППМ 743-ПП, табл. 3.6.1"
bush_path_corridor_152_007;посажено;bush;Спирея березолистная;NEW_BUSH;85.362;89.631;14783.479;-898.656;Линейная посадка (живая изгородь/ряд вдоль полосы);07_nizhnie_polya;"Линейная посадка (живая изгородь/ряд вдоль полосы) — по аналогии с проектом «07_nizhnie_polya»; ближайшее ограничение — пешеходная дорожка / тротуар: 1.3 м при норме 0.5 м (СП 42.13330.2016, п. 9.6, табл. 9.1; ППМ 743-ПП, табл. 3.6.1)";"ассортимент для озеленения Москвы, категория «магистрали и улицы»; без инвазивных видов ППМ 369-ПП";пешеходная дорожка / тротуар;1.34;0.5;"СП 42.13330.2016, п. 9.6, табл. 9.1; ППМ 743-ПП, табл. 3.6.1"
tree_path_corridor_153_001;посажено;tree;Вяз гибридный Резиста;NEW_TREE;218.553;165.447;14916.67;-822.84;Линейная посадка (живая изгородь/ряд вдоль полосы);07_nizhnie_polya;"Линейная посадка (живая изгородь/ряд вдоль полосы) — по аналогии с проектом «07_nizhnie_polya»; ближайшее ограничение — воздушная ЛЭП: 3.2 м при норме 2.0 м (охранная зона по чертежу (отступ зоны))";"ассортимент для озеленения Москвы, категория «магистрали и улицы»; без инвазивных видов ППМ 369-ПП";воздушная ЛЭП;3.2;2.0;охранная зона по чертежу (отступ зоны)
bush_path_corridor_153_001;посажено;bush;Спирея березолистная;NEW_BUSH;216.531;164.878;14914.648;-823.409;Линейная посадка (живая изгородь/ряд вдоль полосы);07_nizhnie_polya;"Линейная посадка (живая изгородь/ряд вдоль полосы) — по аналогии с проектом «07_nizhnie_polya»; ближайшее ограничение — воздушная ЛЭП: 2.8 м при норме 2.0 м (охранная зона по чертежу (отступ зоны))";"ассортимент для озеленения Москвы, категория «магистрали и улицы»; без инвазивных видов ППМ 369-ПП";воздушная ЛЭП;2.8;2.0;охранная зона по чертежу (отступ зоны)
bush_path_corridor_153_002;посажено;bush;Спирея березолистная;NEW_BUSH;220.574;166.016;14918.691;-822.272;Линейная посадка (живая изгородь/ряд вдоль полосы);07_nizhnie_polya;"Линейная посадка (живая изгородь/ряд вдоль полосы) — по аналогии с проектом «07_nizhnie_polya»; ближайшее ограничение — воздушная ЛЭП: 3.2 м при норме 2.0 м (охранная зона по чертежу (отступ зоны))";"ассортимент для озеленения Москвы, категория «магистрали и улицы»; без инвазивных видов ППМ 369-ПП";воздушная ЛЭП;3.2;2.0;охранная зона по чертежу (отступ зоны)
tree_path_corridor_154_001;посажено;tree;Вяз гибридный Резиста;NEW_TREE;203.678;159.095;14901.794;-829.192;Линейная посадка (живая изгородь/ряд вдоль полосы);07_nizhnie_polya;"Линейная посадка (живая изгородь/ряд вдоль полосы) — по аналогии с проектом «07_nizhnie_polya»; ближайшее ограничение — проезжая часть: 3.9 м при норме 2.0 м (СП 42.13330.2016, п. 9.6, табл. 9.1; ППМ 743-ПП, табл. 3.6.1)";"ассортимент для озеленения Москвы, категория «магистрали и улицы»; без инвазивных видов ППМ 369-ПП";проезжая часть;3.85;2.0;"СП 42.13330.2016, п. 9.6, табл. 9.1; ППМ 743-ПП, табл. 3.6.1"
bush_path_corridor_154_001;посажено;bush;Спирея березолистная;NEW_BUSH;205.587;159.97;14903.703;-828.318;Линейная посадка (живая изгородь/ряд вдоль полосы);07_nizhnie_polya;"Линейная посадка (живая изгородь/ряд вдоль полосы) — по аналогии с проектом «07_nizhnie_polya»; ближайшее ограничение — воздушная ЛЭП: 2.6 м при норме 2.0 м (охранная зона по чертежу (отступ зоны))";"ассортимент для озеленения Москвы, категория «магистрали и улицы»; без инвазивных видов ППМ 369-ПП";воздушная ЛЭП;2.59;2.0;охранная зона по чертежу (отступ зоны)
bush_site_edge_001_001;посажено;bush;Спирея березолистная;NEW_BUSH;398.295;260.734;15096.412;-727.553;Линейная посадка (живая изгородь/ряд вдоль полосы);;"Линейная посадка (живая изгородь/ряд вдоль полосы) — типовое решение в стиле участка; нормируемых ограничений ближе 5 м сверх нормы нет";"ассортимент для озеленения Москвы, категория «магистрали и улицы»; без инвазивных видов ППМ 369-ПП";;;;
bush_site_edge_001_002;посажено;bush;Спирея березолистная;NEW_BUSH;398.664;259.384;15096.781;-728.904;Линейная посадка (живая изгородь/ряд вдоль полосы);;"Линейная посадка (живая изгородь/ряд вдоль полосы) — типовое решение в стиле участка; нормируемых ограничений ближе 5 м сверх нормы нет";"ассортимент для озеленения Москвы, категория «магистрали и улицы»; без инвазивных видов ППМ 369-ПП";;;;
bush_site_edge_001_003;посажено;bush;Спирея березолистная;NEW_BUSH;399.032;258.033;15097.149;-730.254;Линейная посадка (живая изгородь/ряд вдоль полосы);;"Линейная посадка (живая изгородь/ряд вдоль полосы) — типовое решение в стиле участка; нормируемых ограничений ближе 5 м сверх нормы нет";"ассортимент для озеленения Москвы, категория «магистрали и улицы»; без инвазивных видов ППМ 369-ПП";;;;
bush_site_edge_001_004;посажено;bush;Спирея березолистная;NEW_BUSH;399.401;256.683;15097.518;-731.605;Линейная посадка (живая изгородь/ряд вдоль полосы);;"Линейная посадка (живая изгородь/ряд вдоль полосы) — типовое решение в стиле участка; нормируемых ограничений ближе 5 м сверх нормы нет";"ассортимент для озеленения Москвы, категория «магистрали и улицы»; без инвазивных видов ППМ 369-ПП";;;;
bush_site_edge_001_005;посажено;bush;Спирея березолистная;NEW_BUSH;399.77;255.332;15097.886;-732.955;Линейная посадка (живая изгородь/ряд вдоль полосы);;"Линейная посадка (живая изгородь/ряд вдоль полосы) — типовое решение в стиле участка; ближайшее ограничение — силовой кабель: 5.3 м при норме 0.7 м (СП 42.13330.2016, п. 9.6, табл. 9.1; ППМ 743-ПП, табл. 3.6.1)";"ассортимент для озеленения Москвы, категория «магистрали и улицы»; без инвазивных видов ППМ 369-ПП";силовой кабель;5.33;0.7;"СП 42.13330.2016, п. 9.6, табл. 9.1; ППМ 743-ПП, табл. 3.6.1"
bush_site_edge_001_006;посажено;bush;Спирея березолистная;NEW_BUSH;400.138;253.981;15098.255;-734.306;Линейная посадка (живая изгородь/ряд вдоль полосы);;"Линейная посадка (живая изгородь/ряд вдоль полосы) — типовое решение в стиле участка; ближайшее ограничение — силовой кабель: 4.0 м при норме 0.7 м (СП 42.13330.2016, п. 9.6, табл. 9.1; ППМ 743-ПП, табл. 3.6.1)";"ассортимент для озеленения Москвы, категория «магистрали и улицы»; без инвазивных видов ППМ 369-ПП";силовой кабель;4.04;0.7;"СП 42.13330.2016, п. 9.6, табл. 9.1; ППМ 743-ПП, табл. 3.6.1"
bush_site_edge_001_007;посажено;bush;Спирея березолистная;NEW_BUSH;400.507;252.631;15098.624;-735.657;Линейная посадка (живая изгородь/ряд вдоль полосы);;"Линейная посадка (живая изгородь/ряд вдоль полосы) — типовое решение в стиле участка; ближайшее ограничение — силовой кабель: 2.7 м при норме 0.7 м (СП 42.13330.2016, п. 9.6, табл. 9.1; ППМ 743-ПП, табл. 3.6.1)";"ассортимент для озеленения Москвы, категория «магистрали и улицы»; без инвазивных видов ППМ 369-ПП";силовой кабель;2.74;0.7;"СП 42.13330.2016, п. 9.6, табл. 9.1; ППМ 743-ПП, табл. 3.6.1"
tree_site_edge_002_001;посажено;tree;Клен остролистный;NEW_TREE;501.886;167.565;15200.003;-820.722;Линейная посадка (живая изгородь/ряд вдоль полосы);;"Линейная посадка (живая изгородь/ряд вдоль полосы) — типовое решение в стиле участка; ближайшее ограничение — пешеходная дорожка / тротуар: 4.8 м при норме 0.7 м (СП 42.13330.2016, п. 9.6, табл. 9.1; ППМ 743-ПП, табл. 3.6.1)";"ассортимент для озеленения Москвы, категория «магистрали и улицы»; без инвазивных видов ППМ 369-ПП";пешеходная дорожка / тротуар;4.79;0.7;"СП 42.13330.2016, п. 9.6, табл. 9.1; ППМ 743-ПП, табл. 3.6.1"
bush_site_edge_002_001;посажено;bush;Спирея березолистная;NEW_BUSH;509.583;167.361;15207.7;-820.926;Линейная посадка (живая изгородь/ряд вдоль полосы);;"Линейная посадка (живая изгородь/ряд вдоль полосы) — типовое решение в стиле участка; ближайшее ограничение — пешеходная дорожка / тротуар: 4.5 м при норме 0.5 м (СП 42.13330.2016, п. 9.6, табл. 9.1; ППМ 743-ПП, табл. 3.6.1)";"ассортимент для озеленения Москвы, категория «магистрали и улицы»; без инвазивных видов ППМ 369-ПП";пешеходная дорожка / тротуар;4.5;0.5;"СП 42.13330.2016, п. 9.6, табл. 9.1; ППМ 743-ПП, табл. 3.6.1"
bush_site_edge_002_002;посажено;bush;Спирея березолистная;NEW_BUSH;508.184;167.398;15206.3;-820.889;Линейная посадка (живая изгородь/ряд вдоль полосы);;"Линейная посадка (живая изгородь/ряд вдоль полосы) — типовое решение в стиле участка; ближайшее ограничение — пешеходная дорожка / тротуар: 4.5 м при норме 0.5 м (СП 42.13330.2016, п. 9.6, табл. 9.1; ППМ 743-ПП, табл. 3.6.1)";"ассортимент для озеленения Москвы, категория «магистрали и улицы»; без инвазивных видов ППМ 369-ПП";пешеходная дорожка / тротуар;4.55;0.5;"СП 42.13330.2016, п. 9.6, табл. 9.1; ППМ 743-ПП, табл. 3.6.1"
bush_site_edge_002_003;посажено;bush;Спирея березолистная;NEW_BUSH;505.385;167.473;15203.501;-820.815;Линейная посадка (живая изгородь/ряд вдоль полосы);;"Линейная посадка (живая изгородь/ряд вдоль полосы) — типовое решение в стиле участка; ближайшее ограничение — пешеходная дорожка / тротуар: 4.7 м при норме 0.5 м (СП 42.13330.2016, п. 9.6, табл. 9.1; ППМ 743-ПП, табл. 3.6.1)";"ассортимент для озеленения Москвы, категория «магистрали и улицы»; без инвазивных видов ППМ 369-ПП";пешеходная дорожка / тротуар;4.66;0.5;"СП 42.13330.2016, п. 9.6, табл. 9.1; ППМ 743-ПП, табл. 3.6.1"
bush_site_edge_002_004;посажено;bush;Спирея березолистная;NEW_BUSH;503.985;167.51;15202.102;-820.778;Линейная посадка (живая изгородь/ряд вдоль полосы);;"Линейная посадка (живая изгородь/ряд вдоль полосы) — типовое решение в стиле участка; ближайшее ограничение — пешеходная дорожка / тротуар: 4.7 м при норме 0.5 м (СП 42.13330.2016, п. 9.6, табл. 9.1; ППМ 743-ПП, табл. 3.6.1)";"ассортимент для озеленения Москвы, категория «магистрали и улицы»; без инвазивных видов ППМ 369-ПП";пешеходная дорожка / тротуар;4.71;0.5;"СП 42.13330.2016, п. 9.6, табл. 9.1; ППМ 743-ПП, табл. 3.6.1"
bush_site_edge_002_005;посажено;bush;Спирея березолистная;NEW_BUSH;499.787;167.621;15197.903;-820.666;Линейная посадка (живая изгородь/ряд вдоль полосы);;"Линейная посадка (живая изгородь/ряд вдоль полосы) — типовое решение в стиле участка; ближайшее ограничение — пешеходная дорожка / тротуар: 4.9 м при норме 0.5 м (СП 42.13330.2016, п. 9.6, табл. 9.1; ППМ 743-ПП, табл. 3.6.1)";"ассортимент для озеленения Москвы, категория «магистрали и улицы»; без инвазивных видов ППМ 369-ПП";пешеходная дорожка / тротуар;4.87;0.5;"СП 42.13330.2016, п. 9.6, табл. 9.1; ППМ 743-ПП, табл. 3.6.1"
bush_site_edge_002_006;посажено;bush;Спирея березолистная;NEW_BUSH;498.387;167.658;15196.504;-820.629;Линейная посадка (живая изгородь/ряд вдоль полосы);;"Линейная посадка (живая изгородь/ряд вдоль полосы) — типовое решение в стиле участка; ближайшее ограничение — пешеходная дорожка / тротуар: 4.9 м при норме 0.5 м (СП 42.13330.2016, п. 9.6, табл. 9.1; ППМ 743-ПП, табл. 3.6.1)";"ассортимент для озеленения Москвы, категория «магистрали и улицы»; без инвазивных видов ППМ 369-ПП";пешеходная дорожка / тротуар;4.93;0.5;"СП 42.13330.2016, п. 9.6, табл. 9.1; ППМ 743-ПП, табл. 3.6.1"
bush_site_edge_002_007;посажено;bush;Спирея березолистная;NEW_BUSH;496.988;167.695;15195.104;-820.592;Линейная посадка (живая изгородь/ряд вдоль полосы);;"Линейная посадка (живая изгородь/ряд вдоль полосы) — типовое решение в стиле участка; ближайшее ограничение — пешеходная дорожка / тротуар: 5.0 м при норме 0.5 м (СП 42.13330.2016, п. 9.6, табл. 9.1; ППМ 743-ПП, табл. 3.6.1)";"ассортимент для озеленения Москвы, категория «магистрали и улицы»; без инвазивных видов ППМ 369-ПП";пешеходная дорожка / тротуар;4.98;0.5;"СП 42.13330.2016, п. 9.6, табл. 9.1; ППМ 743-ПП, табл. 3.6.1"
bush_site_edge_002_008;посажено;bush;Спирея березолистная;NEW_BUSH;495.588;167.732;15193.705;-820.555;Линейная посадка (живая изгородь/ряд вдоль полосы);;"Линейная посадка (живая изгородь/ряд вдоль полосы) — типовое решение в стиле участка; ближайшее ограничение — пешеходная дорожка / тротуар: 5.0 м при норме 0.5 м (СП 42.13330.2016, п. 9.6, табл. 9.1; ППМ 743-ПП, табл. 3.6.1)";"ассортимент для озеленения Москвы, категория «магистрали и улицы»; без инвазивных видов ППМ 369-ПП";пешеходная дорожка / тротуар;5.04;0.5;"СП 42.13330.2016, п. 9.6, табл. 9.1; ППМ 743-ПП, табл. 3.6.1"
bush_site_edge_002_009;посажено;bush;Спирея березолистная;NEW_BUSH;494.189;167.769;15192.305;-820.518;Линейная посадка (живая изгородь/ряд вдоль полосы);;"Линейная посадка (живая изгородь/ряд вдоль полосы) — типовое решение в стиле участка; ближайшее ограничение — пешеходная дорожка / тротуар: 5.1 м при норме 0.5 м (СП 42.13330.2016, п. 9.6, табл. 9.1; ППМ 743-ПП, табл. 3.6.1)";"ассортимент для озеленения Москвы, категория «магистрали и улицы»; без инвазивных видов ППМ 369-ПП";пешеходная дорожка / тротуар;5.09;0.5;"СП 42.13330.2016, п. 9.6, табл. 9.1; ППМ 743-ПП, табл. 3.6.1"
bush_site_edge_002_010;посажено;bush;Спирея березолистная;NEW_BUSH;492.789;167.806;15190.906;-820.481;Линейная посадка (живая изгородь/ряд вдоль полосы);;"Линейная посадка (живая изгородь/ряд вдоль полосы) — типовое решение в стиле участка; ближайшее ограничение — пешеходная дорожка / тротуар: 4.4 м при норме 0.5 м (СП 42.13330.2016, п. 9.6, табл. 9.1; ППМ 743-ПП, табл. 3.6.1)";"ассортимент для озеленения Москвы, категория «магистрали и улицы»; без инвазивных видов ППМ 369-ПП";пешеходная дорожка / тротуар;4.43;0.5;"СП 42.13330.2016, п. 9.6, табл. 9.1; ППМ 743-ПП, табл. 3.6.1"
bush_site_edge_004_001;посажено;bush;Спирея березолистная;NEW_BUSH;265.877;192.574;14963.994;-795.713;Линейная посадка (живая изгородь/ряд вдоль полосы);;"Линейная посадка (живая изгородь/ряд вдоль полосы) — типовое решение в стиле участка; ближайшее ограничение — пешеходная дорожка / тротуар: 4.2 м при норме 0.5 м (СП 42.13330.2016, п. 9.6, табл. 9.1; ППМ 743-ПП, табл. 3.6.1)";"ассортимент для озеленения Москвы, категория «магистрали и улицы»; без инвазивных видов ППМ 369-ПП";пешеходная дорожка / тротуар;4.24;0.5;"СП 42.13330.2016, п. 9.6, табл. 9.1; ППМ 743-ПП, табл. 3.6.1"
bush_site_edge_004_002;посажено;bush;Спирея березолистная;NEW_BUSH;264.608;191.983;14962.725;-796.304;Линейная посадка (живая изгородь/ряд вдоль полосы);;"Линейная посадка (живая изгородь/ряд вдоль полосы) — типовое решение в стиле участка; ближайшее ограничение — пешеходная дорожка / тротуар: 4.2 м при норме 0.5 м (СП 42.13330.2016, п. 9.6, табл. 9.1; ППМ 743-ПП, табл. 3.6.1)";"ассортимент для озеленения Москвы, категория «магистрали и улицы»; без инвазивных видов ППМ 369-ПП";пешеходная дорожка / тротуар;4.24;0.5;"СП 42.13330.2016, п. 9.6, табл. 9.1; ППМ 743-ПП, табл. 3.6.1"
bush_site_edge_004_003;посажено;bush;Спирея березолистная;NEW_BUSH;263.339;191.392;14961.456;-796.895;Линейная посадка (живая изгородь/ряд вдоль полосы);;"Линейная посадка (живая изгородь/ряд вдоль полосы) — типовое решение в стиле участка; ближайшее ограничение — воздушная ЛЭП: 5.7 м при норме 2.0 м (охранная зона по чертежу (отступ зоны))";"ассортимент для озеленения Москвы, категория «магистрали и улицы»; без инвазивных видов ППМ 369-ПП";воздушная ЛЭП;5.65;2.0;охранная зона по чертежу (отступ зоны)
bush_site_edge_004_004;посажено;bush;Спирея березолистная;NEW_BUSH;262.07;190.802;14960.187;-797.486;Линейная посадка (живая изгородь/ряд вдоль полосы);;"Линейная посадка (живая изгородь/ряд вдоль полосы) — типовое решение в стиле участка; ближайшее ограничение — воздушная ЛЭП: 5.4 м при норме 2.0 м (охранная зона по чертежу (отступ зоны))";"ассортимент для озеленения Москвы, категория «магистрали и улицы»; без инвазивных видов ППМ 369-ПП";воздушная ЛЭП;5.42;2.0;охранная зона по чертежу (отступ зоны)
bush_site_edge_004_005;посажено;bush;Спирея березолистная;NEW_BUSH;260.801;190.211;14958.917;-798.077;Линейная посадка (живая изгородь/ряд вдоль полосы);;"Линейная посадка (живая изгородь/ряд вдоль полосы) — типовое решение в стиле участка; ближайшее ограничение — воздушная ЛЭП: 5.2 м при норме 2.0 м (охранная зона по чертежу (отступ зоны))";"ассортимент для озеленения Москвы, категория «магистрали и улицы»; без инвазивных видов ППМ 369-ПП";воздушная ЛЭП;5.2;2.0;охранная зона по чертежу (отступ зоны)
bush_site_edge_004_006;посажено;bush;Спирея березолистная;NEW_BUSH;259.531;189.62;14957.648;-798.668;Линейная посадка (живая изгородь/ряд вдоль полосы);;"Линейная посадка (живая изгородь/ряд вдоль полосы) — типовое решение в стиле участка; ближайшее ограничение — воздушная ЛЭП: 5.0 м при норме 2.0 м (охранная зона по чертежу (отступ зоны))";"ассортимент для озеленения Москвы, категория «магистрали и улицы»; без инвазивных видов ППМ 369-ПП";воздушная ЛЭП;4.97;2.0;охранная зона по чертежу (отступ зоны)
bush_site_edge_004_007;посажено;bush;Спирея березолистная;NEW_BUSH;258.262;189.029;14956.379;-799.258;Линейная посадка (живая изгородь/ряд вдоль полосы);;"Линейная посадка (живая изгородь/ряд вдоль полосы) — типовое решение в стиле участка; ближайшее ограничение — воздушная ЛЭП: 4.8 м при норме 2.0 м (охранная зона по чертежу (отступ зоны))";"ассортимент для озеленения Москвы, категория «магистрали и улицы»; без инвазивных видов ППМ 369-ПП";воздушная ЛЭП;4.75;2.0;охранная зона по чертежу (отступ зоны)
bush_site_edge_005_001;посажено;bush;Спирея березолистная;NEW_BUSH;245.092;182.919;14943.209;-805.368;Линейная посадка (живая изгородь/ряд вдоль полосы);;"Линейная посадка (живая изгородь/ряд вдоль полосы) — типовое решение в стиле участка; ближайшее ограничение — воздушная ЛЭП: 2.4 м при норме 2.0 м (охранная зона по чертежу (отступ зоны))";"ассортимент для озеленения Москвы, категория «магистрали и улицы»; без инвазивных видов ППМ 369-ПП";воздушная ЛЭП;2.43;2.0;охранная зона по чертежу (отступ зоны)
bush_site_edge_005_002;посажено;bush;Спирея березолистная;NEW_BUSH;246.362;183.509;14944.479;-804.779;Линейная посадка (живая изгородь/ряд вдоль полосы);;"Линейная посадка (живая изгородь/ряд вдоль полосы) — типовое решение в стиле участка; ближайшее ограничение — воздушная ЛЭП: 2.7 м при норме 2.0 м (охранная зона по чертежу (отступ зоны))";"ассортимент для озеленения Москвы, категория «магистрали и улицы»; без инвазивных видов ППМ 369-ПП";воздушная ЛЭП;2.66;2.0;охранная зона по чертежу (отступ зоны)
bush_site_edge_005_003;посажено;bush;Спирея березолистная;NEW_BUSH;247.632;184.098;14945.749;-804.189;Линейная посадка (живая изгородь/ряд вдоль полосы);;"Линейная посадка (живая изгородь/ряд вдоль полосы) — типовое решение в стиле участка; ближайшее ограничение — воздушная ЛЭП: 2.9 м при норме 2.0 м (охранная зона по чертежу (отступ зоны))";"ассортимент для озеленения Москвы, категория «магистрали и улицы»; без инвазивных видов ППМ 369-ПП";воздушная ЛЭП;2.88;2.0;охранная зона по чертежу (отступ зоны)
bush_site_edge_005_004;посажено;bush;Спирея березолистная;NEW_BUSH;248.902;184.688;14947.019;-803.6;Линейная посадка (живая изгородь/ряд вдоль полосы);;"Линейная посадка (живая изгородь/ряд вдоль полосы) — типовое решение в стиле участка; ближайшее ограничение — воздушная ЛЭП: 3.1 м при норме 2.0 м (охранная зона по чертежу (отступ зоны))";"ассортимент для озеленения Москвы, категория «магистрали и улицы»; без инвазивных видов ППМ 369-ПП";воздушная ЛЭП;3.1;2.0;охранная зона по чертежу (отступ зоны)
bush_site_edge_005_005;посажено;bush;Спирея березолистная;NEW_BUSH;250.172;185.277;14948.289;-803.01;Линейная посадка (живая изгородь/ряд вдоль полосы);;"Линейная посадка (живая изгородь/ряд вдоль полосы) — типовое решение в стиле участка; ближайшее ограничение — воздушная ЛЭП: 3.3 м при норме 2.0 м (охранная зона по чертежу (отступ зоны))";"ассортимент для озеленения Москвы, категория «магистрали и улицы»; без инвазивных видов ППМ 369-ПП";воздушная ЛЭП;3.33;2.0;охранная зона по чертежу (отступ зоны)
bush_site_edge_005_006;посажено;bush;Спирея березолистная;NEW_BUSH;251.442;185.867;14949.558;-802.421;Линейная посадка (живая изгородь/ряд вдоль полосы);;"Линейная посадка (живая изгородь/ряд вдоль полосы) — типовое решение в стиле участка; ближайшее ограничение — воздушная ЛЭП: 3.5 м при норме 2.0 м (охранная зона по чертежу (отступ зоны))";"ассортимент для озеленения Москвы, категория «магистрали и улицы»; без инвазивных видов ППМ 369-ПП";воздушная ЛЭП;3.55;2.0;охранная зона по чертежу (отступ зоны)
bush_site_edge_005_007;посажено;bush;Спирея березолистная;NEW_BUSH;252.711;186.456;14950.828;-801.831;Линейная посадка (живая изгородь/ряд вдоль полосы);;"Линейная посадка (живая изгородь/ряд вдоль полосы) — типовое решение в стиле участка; ближайшее ограничение — воздушная ЛЭП: 3.8 м при норме 2.0 м (охранная зона по чертежу (отступ зоны))";"ассортимент для озеленения Москвы, категория «магистрали и улицы»; без инвазивных видов ППМ 369-ПП";воздушная ЛЭП;3.77;2.0;охранная зона по чертежу (отступ зоны)
tree_site_edge_006_001;посажено;tree;Клен остролистный;NEW_TREE;243.41;154.618;14941.527;-833.669;Линейная посадка (живая изгородь/ряд вдоль полосы);;"Линейная посадка (живая изгородь/ряд вдоль полосы) — типовое решение в стиле участка; ближайшее ограничение — канализация: 3.2 м при норме 1.5 м (СП 42.13330.2016, п. 9.6, табл. 9.1; ППМ 743-ПП, табл. 3.6.1)";"ассортимент для озеленения Москвы, категория «магистрали и улицы»; без инвазивных видов ППМ 369-ПП";канализация;3.18;1.5;"СП 42.13330.2016, п. 9.6, табл. 9.1; ППМ 743-ПП, табл. 3.6.1"
bush_site_edge_006_001;посажено;bush;Спирея березолистная;NEW_BUSH;240.553;160.623;14938.67;-827.664;Линейная посадка (живая изгородь/ряд вдоль полосы);;"Линейная посадка (живая изгородь/ряд вдоль полосы) — типовое решение в стиле участка; ближайшее ограничение — канализация: 4.4 м при норме 0.0 м (СП 42.13330.2016, п. 9.6, табл. 9.1; ППМ 743-ПП, табл. 3.6.1)";"ассортимент для озеленения Москвы, категория «магистрали и улицы»; без инвазивных видов ППМ 369-ПП";канализация;4.39;0.0;"СП 42.13330.2016, п. 9.6, табл. 9.1; ППМ 743-ПП, табл. 3.6.1"
bush_site_edge_006_002;посажено;bush;Спирея березолистная;NEW_BUSH;241.155;159.359;14939.271;-828.928;Линейная посадка (живая изгородь/ряд вдоль полосы);;"Линейная посадка (живая изгородь/ряд вдоль полосы) — типовое решение в стиле участка; ближайшее ограничение — канализация: 4.1 м при норме 0.0 м (СП 42.13330.2016, п. 9.6, табл. 9.1; ППМ 743-ПП, табл. 3.6.1)";"ассортимент для озеленения Москвы, категория «магистрали и улицы»; без инвазивных видов ППМ 369-ПП";канализация;4.14;0.0;"СП 42.13330.2016, п. 9.6, табл. 9.1; ППМ 743-ПП, табл. 3.6.1"
bush_site_edge_006_003;посажено;bush;Спирея березолистная;NEW_BUSH;241.756;158.095;14939.873;-830.192;Линейная посадка (живая изгородь/ряд вдоль полосы);;"Линейная посадка (живая изгородь/ряд вдоль полосы) — типовое решение в стиле участка; ближайшее ограничение — канализация: 3.9 м при норме 0.0 м (СП 42.13330.2016, п. 9.6, табл. 9.1; ППМ 743-ПП, табл. 3.6.1)";"ассортимент для озеленения Москвы, категория «магистрали и улицы»; без инвазивных видов ППМ 369-ПП";канализация;3.88;0.0;"СП 42.13330.2016, п. 9.6, табл. 9.1; ППМ 743-ПП, табл. 3.6.1"
bush_site_edge_006_004;посажено;bush;Спирея березолистная;NEW_BUSH;242.357;156.831;14940.474;-831.457;Линейная посадка (живая изгородь/ряд вдоль полосы);;"Линейная посадка (живая изгородь/ряд вдоль полосы) — типовое решение в стиле участка; ближайшее ограничение — канализация: 3.6 м при норме 0.0 м (СП 42.13330.2016, п. 9.6, табл. 9.1; ППМ 743-ПП, табл. 3.6.1)";"ассортимент для озеленения Москвы, категория «магистрали и улицы»; без инвазивных видов ППМ 369-ПП";канализация;3.62;0.0;"СП 42.13330.2016, п. 9.6, табл. 9.1; ППМ 743-ПП, табл. 3.6.1"
bush_site_edge_006_005;посажено;bush;Спирея березолистная;NEW_BUSH;242.959;155.567;14941.076;-832.721;Линейная посадка (живая изгородь/ряд вдоль полосы);;"Линейная посадка (живая изгородь/ряд вдоль полосы) — типовое решение в стиле участка; ближайшее ограничение — канализация: 3.4 м при норме 0.0 м (СП 42.13330.2016, п. 9.6, табл. 9.1; ППМ 743-ПП, табл. 3.6.1)";"ассортимент для озеленения Москвы, категория «магистрали и улицы»; без инвазивных видов ППМ 369-ПП";канализация;3.37;0.0;"СП 42.13330.2016, п. 9.6, табл. 9.1; ППМ 743-ПП, табл. 3.6.1"
bush_site_edge_006_006;посажено;bush;Спирея березолистная;NEW_BUSH;244.162;153.038;14942.279;-835.249;Линейная посадка (живая изгородь/ряд вдоль полосы);;"Линейная посадка (живая изгородь/ряд вдоль полосы) — типовое решение в стиле участка; ближайшее ограничение — канализация: 2.9 м при норме 0.0 м (СП 42.13330.2016, п. 9.6, табл. 9.1; ППМ 743-ПП, табл. 3.6.1)";"ассортимент для озеленения Москвы, категория «магистрали и улицы»; без инвазивных видов ППМ 369-ПП";канализация;2.86;0.0;"СП 42.13330.2016, п. 9.6, табл. 9.1; ППМ 743-ПП, табл. 3.6.1"
bush_site_edge_006_007;посажено;bush;Спирея березолистная;NEW_BUSH;244.763;151.774;14942.88;-836.513;Линейная посадка (живая изгородь/ряд вдоль полосы);;"Линейная посадка (живая изгородь/ряд вдоль полосы) — типовое решение в стиле участка; ближайшее ограничение — воздушная ЛЭП: 4.2 м при норме 2.0 м (охранная зона по чертежу (отступ зоны))";"ассортимент для озеленения Москвы, категория «магистрали и улицы»; без инвазивных видов ППМ 369-ПП";воздушная ЛЭП;4.16;2.0;охранная зона по чертежу (отступ зоны)
bush_site_edge_006_008;посажено;bush;Спирея березолистная;NEW_BUSH;245.365;150.51;14943.482;-837.778;Линейная посадка (живая изгородь/ряд вдоль полосы);;"Линейная посадка (живая изгородь/ряд вдоль полосы) — типовое решение в стиле участка; ближайшее ограничение — воздушная ЛЭП: 3.3 м при норме 2.0 м (охранная зона по чертежу (отступ зоны))";"ассортимент для озеленения Москвы, категория «магистрали и улицы»; без инвазивных видов ППМ 369-ПП";воздушная ЛЭП;3.31;2.0;охранная зона по чертежу (отступ зоны)
bush_site_edge_006_009;посажено;bush;Спирея березолистная;NEW_BUSH;245.966;149.246;14944.083;-839.042;Линейная посадка (живая изгородь/ряд вдоль полосы);;"Линейная посадка (живая изгородь/ряд вдоль полосы) — типовое решение в стиле участка; ближайшее ограничение — воздушная ЛЭП: 2.5 м при норме 2.0 м (охранная зона по чертежу (отступ зоны))";"ассортимент для озеленения Москвы, категория «магистрали и улицы»; без инвазивных видов ППМ 369-ПП";воздушная ЛЭП;2.47;2.0;охранная зона по чертежу (отступ зоны)
bush_site_edge_007_001;посажено;bush;Спирея березолистная;NEW_BUSH;-12.022;5.079;14686.095;-983.208;Линейная посадка (живая изгородь/ряд вдоль полосы);;"Линейная посадка (живая изгородь/ряд вдоль полосы) — типовое решение в стиле участка; ближайшее ограничение — пешеходная дорожка / тротуар: 4.5 м при норме 0.5 м (СП 42.13330.2016, п. 9.6, табл. 9.1; ППМ 743-ПП, табл. 3.6.1)";"ассортимент для озеленения Москвы, категория «магистрали и улицы»; без инвазивных видов ППМ 369-ПП";пешеходная дорожка / тротуар;4.46;0.5;"СП 42.13330.2016, п. 9.6, табл. 9.1; ППМ 743-ПП, табл. 3.6.1"
bush_site_edge_007_002;посажено;bush;Спирея березолистная;NEW_BUSH;-13.156;4.257;14684.961;-984.03;Линейная посадка (живая изгородь/ряд вдоль полосы);;"Линейная посадка (живая изгородь/ряд вдоль полосы) — типовое решение в стиле участка; ближайшее ограничение — пешеходная дорожка / тротуар: 4.5 м при норме 0.5 м (СП 42.13330.2016, п. 9.6, табл. 9.1; ППМ 743-ПП, табл. 3.6.1)";"ассортимент для озеленения Москвы, категория «магистрали и улицы»; без инвазивных видов ППМ 369-ПП";пешеходная дорожка / тротуар;4.47;0.5;"СП 42.13330.2016, п. 9.6, табл. 9.1; ППМ 743-ПП, табл. 3.6.1"
bush_site_edge_007_003;посажено;bush;Спирея березолистная;NEW_BUSH;-14.289;3.436;14683.828;-984.852;Линейная посадка (живая изгородь/ряд вдоль полосы);;"Линейная посадка (живая изгородь/ряд вдоль полосы) — типовое решение в стиле участка; ближайшее ограничение — пешеходная дорожка / тротуар: 4.5 м при норме 0.5 м (СП 42.13330.2016, п. 9.6, табл. 9.1; ППМ 743-ПП, табл. 3.6.1)";"ассортимент для озеленения Москвы, категория «магистрали и улицы»; без инвазивных видов ППМ 369-ПП";пешеходная дорожка / тротуар;4.48;0.5;"СП 42.13330.2016, п. 9.6, табл. 9.1; ППМ 743-ПП, табл. 3.6.1"
bush_site_edge_007_004;посажено;bush;Спирея березолистная;NEW_BUSH;-15.423;2.614;14682.694;-985.673;Линейная посадка (живая изгородь/ряд вдоль полосы);;"Линейная посадка (живая изгородь/ряд вдоль полосы) — типовое решение в стиле участка; ближайшее ограничение — пешеходная дорожка / тротуар: 4.5 м при норме 0.5 м (СП 42.13330.2016, п. 9.6, табл. 9.1; ППМ 743-ПП, табл. 3.6.1)";"ассортимент для озеленения Москвы, категория «магистрали и улицы»; без инвазивных видов ППМ 369-ПП";пешеходная дорожка / тротуар;4.49;0.5;"СП 42.13330.2016, п. 9.6, табл. 9.1; ППМ 743-ПП, табл. 3.6.1"
bush_site_edge_007_005;посажено;bush;Спирея березолистная;NEW_BUSH;-16.556;1.792;14681.561;-986.495;Линейная посадка (живая изгородь/ряд вдоль полосы);;"Линейная посадка (живая изгородь/ряд вдоль полосы) — типовое решение в стиле участка; ближайшее ограничение — пешеходная дорожка / тротуар: 4.5 м при норме 0.5 м (СП 42.13330.2016, п. 9.6, табл. 9.1; ППМ 743-ПП, табл. 3.6.1)";"ассортимент для озеленения Москвы, категория «магистрали и улицы»; без инвазивных видов ППМ 369-ПП";пешеходная дорожка / тротуар;4.5;0.5;"СП 42.13330.2016, п. 9.6, табл. 9.1; ППМ 743-ПП, табл. 3.6.1"
bush_site_edge_007_006;посажено;bush;Спирея березолистная;NEW_BUSH;-17.69;0.971;14680.427;-987.317;Линейная посадка (живая изгородь/ряд вдоль полосы);;"Линейная посадка (живая изгородь/ряд вдоль полосы) — типовое решение в стиле участка; ближайшее ограничение — пешеходная дорожка / тротуар: 4.5 м при норме 0.5 м (СП 42.13330.2016, п. 9.6, табл. 9.1; ППМ 743-ПП, табл. 3.6.1)";"ассортимент для озеленения Москвы, категория «магистрали и улицы»; без инвазивных видов ППМ 369-ПП";пешеходная дорожка / тротуар;4.51;0.5;"СП 42.13330.2016, п. 9.6, табл. 9.1; ППМ 743-ПП, табл. 3.6.1"
bush_site_edge_007_007;посажено;bush;Спирея березолистная;NEW_BUSH;-18.823;0.149;14679.294;-988.139;Линейная посадка (живая изгородь/ряд вдоль полосы);;"Линейная посадка (живая изгородь/ряд вдоль полосы) — типовое решение в стиле участка; ближайшее ограничение — пешеходная дорожка / тротуар: 4.5 м при норме 0.5 м (СП 42.13330.2016, п. 9.6, табл. 9.1; ППМ 743-ПП, табл. 3.6.1)";"ассортимент для озеленения Москвы, категория «магистрали и улицы»; без инвазивных видов ППМ 369-ПП";пешеходная дорожка / тротуар;4.52;0.5;"СП 42.13330.2016, п. 9.6, табл. 9.1; ППМ 743-ПП, табл. 3.6.1"
bush_site_edge_007_008;посажено;bush;Спирея березолистная;NEW_BUSH;-19.957;-0.673;14678.16;-988.96;Линейная посадка (живая изгородь/ряд вдоль полосы);;"Линейная посадка (живая изгородь/ряд вдоль полосы) — типовое решение в стиле участка; ближайшее ограничение — пешеходная дорожка / тротуар: 4.5 м при норме 0.5 м (СП 42.13330.2016, п. 9.6, табл. 9.1; ППМ 743-ПП, табл. 3.6.1)";"ассортимент для озеленения Москвы, категория «магистрали и улицы»; без инвазивных видов ППМ 369-ПП";пешеходная дорожка / тротуар;4.54;0.5;"СП 42.13330.2016, п. 9.6, табл. 9.1; ППМ 743-ПП, табл. 3.6.1"
tree_site_edge_009_001;посажено;tree;Клен остролистный;NEW_TREE;-59.67;-30.122;14638.447;-1018.409;Линейная посадка (живая изгородь/ряд вдоль полосы);;"Линейная посадка (живая изгородь/ряд вдоль полосы) — типовое решение в стиле участка; нормируемых ограничений ближе 5 м сверх нормы нет";"ассортимент для озеленения Москвы, категория «магистрали и улицы»; без инвазивных видов ППМ 369-ПП";tree tree_path_corridor_039_001;3.85;3.0;правило планировщика (не норма): зазор между объектами
bush_site_edge_009_001;посажено;bush;Спирея березолистная;NEW_BUSH;-64.746;-33.853;14633.371;-1022.14;Линейная посадка (живая изгородь/ряд вдоль полосы);;"Линейная посадка (живая изгородь/ряд вдоль полосы) — типовое решение в стиле участка; ближайшее ограничение — проезжая часть: 6.0 м при норме 1.0 м (СП 42.13330.2016, п. 9.6, табл. 9.1; ППМ 743-ПП, табл. 3.6.1)";"ассортимент для озеленения Москвы, категория «магистрали и улицы»; без инвазивных видов ППМ 369-ПП";проезжая часть;5.99;1.0;"СП 42.13330.2016, п. 9.6, табл. 9.1; ППМ 743-ПП, табл. 3.6.1"
bush_site_edge_009_002;посажено;bush;Спирея березолистная;NEW_BUSH;-63.618;-33.024;14634.499;-1021.311;Линейная посадка (живая изгородь/ряд вдоль полосы);;"Линейная посадка (живая изгородь/ряд вдоль полосы) — типовое решение в стиле участка; нормируемых ограничений ближе 5 м сверх нормы нет";"ассортимент для озеленения Москвы, категория «магистрали и улицы»; без инвазивных видов ППМ 369-ПП";;;;
bush_site_edge_009_003;посажено;bush;Спирея березолистная;NEW_BUSH;-62.49;-32.194;14635.627;-1020.482;Линейная посадка (живая изгородь/ряд вдоль полосы);;"Линейная посадка (живая изгородь/ряд вдоль полосы) — типовое решение в стиле участка; нормируемых ограничений ближе 5 м сверх нормы нет";"ассортимент для озеленения Москвы, категория «магистрали и улицы»; без инвазивных видов ППМ 369-ПП";;;;
bush_site_edge_009_004;посажено;bush;Спирея березолистная;NEW_BUSH;-61.362;-31.365;14636.755;-1019.653;Линейная посадка (живая изгородь/ряд вдоль полосы);;"Линейная посадка (живая изгородь/ряд вдоль полосы) — типовое решение в стиле участка; нормируемых ограничений ближе 5 м сверх нормы нет";"ассортимент для озеленения Москвы, категория «магистрали и улицы»; без инвазивных видов ППМ 369-ПП";;;;
bush_site_edge_009_005;посажено;bush;Спирея березолистная;NEW_BUSH;-57.978;-28.878;14640.139;-1017.165;Линейная посадка (живая изгородь/ряд вдоль полосы);;"Линейная посадка (живая изгородь/ряд вдоль полосы) — типовое решение в стиле участка; нормируемых ограничений ближе 5 м сверх нормы нет";"ассортимент для озеленения Москвы, категория «магистрали и улицы»; без инвазивных видов ППМ 369-ПП";;;;
bush_site_edge_009_006;посажено;bush;Спирея березолистная;NEW_BUSH;-56.85;-28.049;14641.267;-1016.336;Линейная посадка (живая изгородь/ряд вдоль полосы);;"Линейная посадка (живая изгородь/ряд вдоль полосы) — типовое решение в стиле участка; нормируемых ограничений ближе 5 м сверх нормы нет";"ассортимент для озеленения Москвы, категория «магистрали и улицы»; без инвазивных видов ППМ 369-ПП";;;;
bush_site_edge_009_007;посажено;bush;Спирея березолистная;NEW_BUSH;-55.722;-27.219;14642.395;-1015.507;Линейная посадка (живая изгородь/ряд вдоль полосы);;"Линейная посадка (живая изгородь/ряд вдоль полосы) — типовое решение в стиле участка; нормируемых ограничений ближе 5 м сверх нормы нет";"ассортимент для озеленения Москвы, категория «магистрали и улицы»; без инвазивных видов ППМ 369-ПП";;;;
bush_site_edge_009_008;посажено;bush;Спирея березолистная;NEW_BUSH;-54.594;-26.39;14643.523;-1014.678;Линейная посадка (живая изгородь/ряд вдоль полосы);;"Линейная посадка (живая изгородь/ряд вдоль полосы) — типовое решение в стиле участка; ближайшее ограничение — проезжая часть: 6.0 м при норме 1.0 м (СП 42.13330.2016, п. 9.6, табл. 9.1; ППМ 743-ПП, табл. 3.6.1)";"ассортимент для озеленения Москвы, категория «магистрали и улицы»; без инвазивных видов ППМ 369-ПП";проезжая часть;5.99;1.0;"СП 42.13330.2016, п. 9.6, табл. 9.1; ППМ 743-ПП, табл. 3.6.1"
tree_site_edge_010_001;посажено;tree;Клен остролистный;NEW_TREE;-118.537;-75.08;14579.579;-1063.367;Линейная посадка (живая изгородь/ряд вдоль полосы);;"Линейная посадка (живая изгородь/ряд вдоль полосы) — типовое решение в стиле участка; нормируемых ограничений ближе 5 м сверх нормы нет";"ассортимент для озеленения Москвы, категория «магистрали и улицы»; без инвазивных видов ППМ 369-ПП";tree tree_open_area_018_001;4.65;3.0;правило планировщика (не норма): зазор между объектами
tree_site_edge_010_002;посажено;tree;Клен остролистный;NEW_TREE;-108.485;-68.712;14589.632;-1057.0;Линейная посадка (живая изгородь/ряд вдоль полосы);;"Линейная посадка (живая изгородь/ряд вдоль полосы) — типовое решение в стиле участка; нормируемых ограничений ближе 5 м сверх нормы нет";"ассортимент для озеленения Москвы, категория «магистрали и улицы»; без инвазивных видов ППМ 369-ПП";tree tree_path_corridor_040_002;7.05;3.0;правило планировщика (не норма): зазор между объектами
bush_site_edge_010_001;посажено;bush;Спирея березолистная;NEW_BUSH;-126.521;-80.137;14571.596;-1068.424;Линейная посадка (живая изгородь/ряд вдоль полосы);;"Линейная посадка (живая изгородь/ряд вдоль полосы) — типовое решение в стиле участка; ближайшее ограничение — проезжая часть: 6.0 м при норме 1.0 м (СП 42.13330.2016, п. 9.6, табл. 9.1; ППМ 743-ПП, табл. 3.6.1)";"ассортимент для озеленения Москвы, категория «магистрали и улицы»; без инвазивных видов ППМ 369-ПП";проезжая часть;5.95;1.0;"СП 42.13330.2016, п. 9.6, табл. 9.1; ППМ 743-ПП, табл. 3.6.1"
bush_site_edge_010_002;посажено;bush;Спирея березолистная;NEW_BUSH;-125.338;-79.388;14572.779;-1067.675;Линейная посадка (живая изгородь/ряд вдоль полосы);;"Линейная посадка (живая изгородь/ряд вдоль полосы) — типовое решение в стиле участка; нормируемых ограничений ближе 5 м сверх нормы нет";"ассортимент для озеленения Москвы, категория «магистрали и улицы»; без инвазивных видов ППМ 369-ПП";;;;
bush_site_edge_010_003;посажено;bush;Спирея березолистная;NEW_BUSH;-124.155;-78.638;14573.962;-1066.926;Линейная посадка (живая изгородь/ряд вдоль полосы);;"Линейная посадка (живая изгородь/ряд вдоль полосы) — типовое решение в стиле участка; нормируемых ограничений ближе 5 м сверх нормы нет";"ассортимент для озеленения Москвы, категория «магистрали и улицы»; без инвазивных видов ППМ 369-ПП";;;;
bush_site_edge_010_004;посажено;bush;Спирея березолистная;NEW_BUSH;-122.973;-77.889;14575.144;-1066.177;Линейная посадка (живая изгородь/ряд вдоль полосы);;"Линейная посадка (живая изгородь/ряд вдоль полосы) — типовое решение в стиле участка; нормируемых ограничений ближе 5 м сверх нормы нет";"ассортимент для озеленения Москвы, категория «магистрали и улицы»; без инвазивных видов ППМ 369-ПП";;;;
bush_site_edge_010_005;посажено;bush;Спирея березолистная;NEW_BUSH;-121.79;-77.14;14576.327;-1065.428;Линейная посадка (живая изгородь/ряд вдоль полосы);;"Линейная посадка (живая изгородь/ряд вдоль полосы) — типовое решение в стиле участка; нормируемых ограничений ближе 5 м сверх нормы нет";"ассортимент для озеленения Москвы, категория «магистрали и улицы»; без инвазивных видов ППМ 369-ПП";;;;
bush_site_edge_010_006;посажено;bush;Спирея березолистная;NEW_BUSH;-120.607;-76.391;14577.51;-1064.678;Линейная посадка (живая изгородь/ряд вдоль полосы);;"Линейная посадка (живая изгородь/ряд вдоль полосы) — типовое решение в стиле участка; нормируемых ограничений ближе 5 м сверх нормы нет";"ассортимент для озеленения Москвы, категория «магистрали и улицы»; без инвазивных видов ППМ 369-ПП";;;;
bush_site_edge_010_007;посажено;bush;Спирея березолистная;NEW_BUSH;-119.424;-75.642;14578.692;-1063.929;Линейная посадка (живая изгородь/ряд вдоль полосы);;"Линейная посадка (живая изгородь/ряд вдоль полосы) — типовое решение в стиле участка; нормируемых ограничений ближе 5 м сверх нормы нет";"ассортимент для озеленения Москвы, категория «магистрали и улицы»; без инвазивных видов ППМ 369-ПП";;;;
bush_site_edge_010_008;посажено;bush;Спирея березолистная;NEW_BUSH;-117.059;-74.144;14581.058;-1062.431;Линейная посадка (живая изгородь/ряд вдоль полосы);;"Линейная посадка (живая изгородь/ряд вдоль полосы) — типовое решение в стиле участка; нормируемых ограничений ближе 5 м сверх нормы нет";"ассортимент для озеленения Москвы, категория «магистрали и улицы»; без инвазивных видов ППМ 369-ПП";;;;
bush_site_edge_010_009;посажено;bush;Спирея березолистная;NEW_BUSH;-115.876;-73.394;14582.24;-1061.682;Линейная посадка (живая изгородь/ряд вдоль полосы);;"Линейная посадка (живая изгородь/ряд вдоль полосы) — типовое решение в стиле участка; нормируемых ограничений ближе 5 м сверх нормы нет";"ассортимент для озеленения Москвы, категория «магистрали и улицы»; без инвазивных видов ППМ 369-ПП";;;;
bush_site_edge_010_010;посажено;bush;Спирея березолистная;NEW_BUSH;-114.694;-72.645;14583.423;-1060.933;Линейная посадка (живая изгородь/ряд вдоль полосы);;"Линейная посадка (живая изгородь/ряд вдоль полосы) — типовое решение в стиле участка; нормируемых ограничений ближе 5 м сверх нормы нет";"ассортимент для озеленения Москвы, категория «магистрали и улицы»; без инвазивных видов ППМ 369-ПП";;;;
bush_site_edge_010_011;посажено;bush;Спирея березолистная;NEW_BUSH;-113.511;-71.896;14584.606;-1060.183;Линейная посадка (живая изгородь/ряд вдоль полосы);;"Линейная посадка (живая изгородь/ряд вдоль полосы) — типовое решение в стиле участка; нормируемых ограничений ближе 5 м сверх нормы нет";"ассортимент для озеленения Москвы, категория «магистрали и улицы»; без инвазивных видов ППМ 369-ПП";;;;
bush_site_edge_010_012;посажено;bush;Спирея березолистная;NEW_BUSH;-112.328;-71.147;14585.788;-1059.434;Линейная посадка (живая изгородь/ряд вдоль полосы);;"Линейная посадка (живая изгородь/ряд вдоль полосы) — типовое решение в стиле участка; нормируемых ограничений ближе 5 м сверх нормы нет";"ассортимент для озеленения Москвы, категория «магистрали и улицы»; без инвазивных видов ППМ 369-ПП";;;;
bush_site_edge_010_013;посажено;bush;Спирея березолистная;NEW_BUSH;-111.146;-70.398;14586.971;-1058.685;Линейная посадка (живая изгородь/ряд вдоль полосы);;"Линейная посадка (живая изгородь/ряд вдоль полосы) — типовое решение в стиле участка; нормируемых ограничений ближе 5 м сверх нормы нет";"ассортимент для озеленения Москвы, категория «магистрали и улицы»; без инвазивных видов ППМ 369-ПП";;;;
bush_site_edge_010_014;посажено;bush;Спирея березолистная;NEW_BUSH;-109.963;-69.649;14588.154;-1057.936;Линейная посадка (живая изгородь/ряд вдоль полосы);;"Линейная посадка (живая изгородь/ряд вдоль полосы) — типовое решение в стиле участка; нормируемых ограничений ближе 5 м сверх нормы нет";"ассортимент для озеленения Москвы, категория «магистрали и улицы»; без инвазивных видов ППМ 369-ПП";;;;
bush_site_edge_010_015;посажено;bush;Спирея березолистная;NEW_BUSH;-107.598;-68.15;14590.519;-1056.438;Линейная посадка (живая изгородь/ряд вдоль полосы);;"Линейная посадка (живая изгородь/ряд вдоль полосы) — типовое решение в стиле участка; нормируемых ограничений ближе 5 м сверх нормы нет";"ассортимент для озеленения Москвы, категория «магистрали и улицы»; без инвазивных видов ППМ 369-ПП";;;;
bush_site_edge_010_016;посажено;bush;Спирея березолистная;NEW_BUSH;-106.415;-67.401;14591.702;-1055.689;Линейная посадка (живая изгородь/ряд вдоль полосы);;"Линейная посадка (живая изгородь/ряд вдоль полосы) — типовое решение в стиле участка; нормируемых ограничений ближе 5 м сверх нормы нет";"ассортимент для озеленения Москвы, категория «магистрали и улицы»; без инвазивных видов ППМ 369-ПП";;;;
bush_site_edge_010_017;посажено;bush;Спирея березолистная;NEW_BUSH;-105.232;-66.652;14592.885;-1054.939;Линейная посадка (живая изгородь/ряд вдоль полосы);;"Линейная посадка (живая изгородь/ряд вдоль полосы) — типовое решение в стиле участка; нормируемых ограничений ближе 5 м сверх нормы нет";"ассортимент для озеленения Москвы, категория «магистрали и улицы»; без инвазивных видов ППМ 369-ПП";;;;
bush_site_edge_010_018;посажено;bush;Спирея березолистная;NEW_BUSH;-104.049;-65.903;14594.067;-1054.19;Линейная посадка (живая изгородь/ряд вдоль полосы);;"Линейная посадка (живая изгородь/ряд вдоль полосы) — типовое решение в стиле участка; нормируемых ограничений ближе 5 м сверх нормы нет";"ассортимент для озеленения Москвы, категория «магистрали и улицы»; без инвазивных видов ППМ 369-ПП";;;;
bush_site_edge_010_019;посажено;bush;Спирея березолистная;NEW_BUSH;-102.867;-65.154;14595.25;-1053.441;Линейная посадка (живая изгородь/ряд вдоль полосы);;"Линейная посадка (живая изгородь/ряд вдоль полосы) — типовое решение в стиле участка; ближайшее ограничение — теплосеть: 5.3 м при норме 1.0 м (СП 42.13330.2016, п. 9.6, табл. 9.1; ППМ 743-ПП, табл. 3.6.1)";"ассортимент для озеленения Москвы, категория «магистрали и улицы»; без инвазивных видов ППМ 369-ПП";теплосеть;5.33;1.0;"СП 42.13330.2016, п. 9.6, табл. 9.1; ППМ 743-ПП, табл. 3.6.1"
bush_site_edge_010_020;посажено;bush;Спирея березолистная;NEW_BUSH;-101.684;-64.405;14596.433;-1052.692;Линейная посадка (живая изгородь/ряд вдоль полосы);;"Линейная посадка (живая изгородь/ряд вдоль полосы) — типовое решение в стиле участка; ближайшее ограничение — теплосеть: 4.2 м при норме 1.0 м (СП 42.13330.2016, п. 9.6, табл. 9.1; ППМ 743-ПП, табл. 3.6.1)";"ассортимент для озеленения Москвы, категория «магистрали и улицы»; без инвазивных видов ППМ 369-ПП";теплосеть;4.18;1.0;"СП 42.13330.2016, п. 9.6, табл. 9.1; ППМ 743-ПП, табл. 3.6.1"
bush_site_edge_010_021;посажено;bush;Спирея березолистная;NEW_BUSH;-100.501;-63.655;14597.615;-1051.943;Линейная посадка (живая изгородь/ряд вдоль полосы);;"Линейная посадка (живая изгородь/ряд вдоль полосы) — типовое решение в стиле участка; ближайшее ограничение — теплосеть: 3.0 м при норме 1.0 м (СП 42.13330.2016, п. 9.6, табл. 9.1; ППМ 743-ПП, табл. 3.6.1)";"ассортимент для озеленения Москвы, категория «магистрали и улицы»; без инвазивных видов ППМ 369-ПП";теплосеть;3.03;1.0;"СП 42.13330.2016, п. 9.6, табл. 9.1; ППМ 743-ПП, табл. 3.6.1"
tree_site_edge_011_001;посажено;tree;Клен остролистный;NEW_TREE;-139.992;-90.72;14558.124;-1079.007;Линейная посадка (живая изгородь/ряд вдоль полосы);;"Линейная посадка (живая изгородь/ряд вдоль полосы) — типовое решение в стиле участка; нормируемых ограничений ближе 5 м сверх нормы нет";"ассортимент для озеленения Москвы, категория «магистрали и улицы»; без инвазивных видов ППМ 369-ПП";tree tree_067;3.22;3.0;правило планировщика (не норма): зазор между объектами
bush_site_edge_011_001;посажено;bush;Спирея березолистная;NEW_BUSH;-141.032;-92.544;14557.084;-1080.831;Линейная посадка (живая изгородь/ряд вдоль полосы);;"Линейная посадка (живая изгородь/ряд вдоль полосы) — типовое решение в стиле участка; ближайшее ограничение — проезжая часть: 6.0 м при норме 1.0 м (СП 42.13330.2016, п. 9.6, табл. 9.1; ППМ 743-ПП, табл. 3.6.1)";"ассортимент для озеленения Москвы, категория «магистрали и улицы»; без инвазивных видов ППМ 369-ПП";проезжая часть;5.96;1.0;"СП 42.13330.2016, п. 9.6, табл. 9.1; ППМ 743-ПП, табл. 3.6.1"
bush_site_edge_012_001;посажено;bush;Спирея березолистная;NEW_BUSH;-137.612;-109.232;14560.505;-1097.519;Линейная посадка (живая изгородь/ряд вдоль полосы);;"Линейная посадка (живая изгородь/ряд вдоль полосы) — типовое решение в стиле участка; нормируемых ограничений ближе 5 м сверх нормы нет";"ассортимент для озеленения Москвы, категория «магистрали и улицы»; без инвазивных видов ППМ 369-ПП";;;;
bush_site_edge_012_002;посажено;bush;Спирея березолистная;NEW_BUSH;-138.739;-110.062;14559.377;-1098.349;Линейная посадка (живая изгородь/ряд вдоль полосы);;"Линейная посадка (живая изгородь/ряд вдоль полосы) — типовое решение в стиле участка; нормируемых ограничений ближе 5 м сверх нормы нет";"ассортимент для озеленения Москвы, категория «магистрали и улицы»; без инвазивных видов ППМ 369-ПП";;;;
bush_site_edge_012_003;посажено;bush;Спирея березолистная;NEW_BUSH;-139.867;-110.892;14558.25;-1099.179;Линейная посадка (живая изгородь/ряд вдоль полосы);;"Линейная посадка (живая изгородь/ряд вдоль полосы) — типовое решение в стиле участка; нормируемых ограничений ближе 5 м сверх нормы нет";"ассортимент для озеленения Москвы, категория «магистрали и улицы»; без инвазивных видов ППМ 369-ПП";;;;
bush_site_edge_012_004;посажено;bush;Спирея березолистная;NEW_BUSH;-140.994;-111.722;14557.123;-1100.009;Линейная посадка (живая изгородь/ряд вдоль полосы);;"Линейная посадка (живая изгородь/ряд вдоль полосы) — типовое решение в стиле участка; нормируемых ограничений ближе 5 м сверх нормы нет";"ассортимент для озеленения Москвы, категория «магистрали и улицы»; без инвазивных видов ППМ 369-ПП";;;;
bush_site_edge_012_005;посажено;bush;Спирея березолистная;NEW_BUSH;-142.122;-112.552;14555.995;-1100.839;Линейная посадка (живая изгородь/ряд вдоль полосы);;"Линейная посадка (живая изгородь/ряд вдоль полосы) — типовое решение в стиле участка; нормируемых ограничений ближе 5 м сверх нормы нет";"ассортимент для озеленения Москвы, категория «магистрали и улицы»; без инвазивных видов ППМ 369-ПП";;;;
bush_site_edge_012_006;посажено;bush;Спирея березолистная;NEW_BUSH;-143.249;-113.382;14554.868;-1101.669;Линейная посадка (живая изгородь/ряд вдоль полосы);;"Линейная посадка (живая изгородь/ряд вдоль полосы) — типовое решение в стиле участка; ближайшее ограничение — пешеходная дорожка / тротуар: 5.0 м при норме 0.5 м (СП 42.13330.2016, п. 9.6, табл. 9.1; ППМ 743-ПП, табл. 3.6.1)";"ассортимент для озеленения Москвы, категория «магистрали и улицы»; без инвазивных видов ППМ 369-ПП";пешеходная дорожка / тротуар;4.99;0.5;"СП 42.13330.2016, п. 9.6, табл. 9.1; ППМ 743-ПП, табл. 3.6.1"
tree_site_edge_016_001;посажено;tree;Клен остролистный;NEW_TREE;-121.751;-210.076;14576.366;-1198.364;Линейная посадка (живая изгородь/ряд вдоль полосы);;"Линейная посадка (живая изгородь/ряд вдоль полосы) — типовое решение в стиле участка; нормируемых ограничений ближе 5 м сверх нормы нет";"ассортимент для озеленения Москвы, категория «магистрали и улицы»; без инвазивных видов ППМ 369-ПП";;;;
bush_site_edge_017_001;посажено;bush;Спирея березолистная;NEW_BUSH;-281.063;-182.539;14417.053;-1170.826;Линейная посадка (живая изгородь/ряд вдоль полосы);;"Линейная посадка (живая изгородь/ряд вдоль полосы) — типовое решение в стиле участка; ближайшее ограничение — кабель связи: 2.9 м при норме 0.7 м (СП 42.13330.2016, п. 9.6, табл. 9.1; ППМ 743-ПП, табл. 3.6.1)";"ассортимент для озеленения Москвы, категория «магистрали и улицы»; без инвазивных видов ППМ 369-ПП";кабель связи;2.9;0.7;"СП 42.13330.2016, п. 9.6, табл. 9.1; ППМ 743-ПП, табл. 3.6.1"
bush_site_edge_017_002;посажено;bush;Спирея березолистная;NEW_BUSH;-282.399;-182.958;14415.718;-1171.246;Линейная посадка (живая изгородь/ряд вдоль полосы);;"Линейная посадка (живая изгородь/ряд вдоль полосы) — типовое решение в стиле участка; ближайшее ограничение — кабель связи: 4.3 м при норме 0.7 м (СП 42.13330.2016, п. 9.6, табл. 9.1; ППМ 743-ПП, табл. 3.6.1)";"ассортимент для озеленения Москвы, категория «магистрали и улицы»; без инвазивных видов ППМ 369-ПП";кабель связи;4.3;0.7;"СП 42.13330.2016, п. 9.6, табл. 9.1; ППМ 743-ПП, табл. 3.6.1"
bush_site_edge_017_003;посажено;bush;Спирея березолистная;NEW_BUSH;-283.735;-183.377;14414.382;-1171.665;Линейная посадка (живая изгородь/ряд вдоль полосы);;"Линейная посадка (живая изгородь/ряд вдоль полосы) — типовое решение в стиле участка; ближайшее ограничение — пешеходная дорожка / тротуар: 4.5 м при норме 0.5 м (СП 42.13330.2016, п. 9.6, табл. 9.1; ППМ 743-ПП, табл. 3.6.1)";"ассортимент для озеленения Москвы, категория «магистрали и улицы»; без инвазивных видов ППМ 369-ПП";пешеходная дорожка / тротуар;4.46;0.5;"СП 42.13330.2016, п. 9.6, табл. 9.1; ППМ 743-ПП, табл. 3.6.1"
bush_site_edge_017_004;посажено;bush;Спирея березолистная;NEW_BUSH;-285.071;-183.796;14413.046;-1172.084;Линейная посадка (живая изгородь/ряд вдоль полосы);;"Линейная посадка (живая изгородь/ряд вдоль полосы) — типовое решение в стиле участка; ближайшее ограничение — пешеходная дорожка / тротуар: 4.6 м при норме 0.5 м (СП 42.13330.2016, п. 9.6, табл. 9.1; ППМ 743-ПП, табл. 3.6.1)";"ассортимент для озеленения Москвы, категория «магистрали и улицы»; без инвазивных видов ППМ 369-ПП";пешеходная дорожка / тротуар;4.62;0.5;"СП 42.13330.2016, п. 9.6, табл. 9.1; ППМ 743-ПП, табл. 3.6.1"
bush_site_edge_017_005;посажено;bush;Спирея березолистная;NEW_BUSH;-286.407;-184.215;14411.71;-1172.503;Линейная посадка (живая изгородь/ряд вдоль полосы);;"Линейная посадка (живая изгородь/ряд вдоль полосы) — типовое решение в стиле участка; ближайшее ограничение — пешеходная дорожка / тротуар: 4.8 м при норме 0.5 м (СП 42.13330.2016, п. 9.6, табл. 9.1; ППМ 743-ПП, табл. 3.6.1)";"ассортимент для озеленения Москвы, категория «магистрали и улицы»; без инвазивных видов ППМ 369-ПП";пешеходная дорожка / тротуар;4.78;0.5;"СП 42.13330.2016, п. 9.6, табл. 9.1; ППМ 743-ПП, табл. 3.6.1"
bush_site_edge_017_006;посажено;bush;Спирея березолистная;NEW_BUSH;-287.742;-184.635;14410.374;-1172.922;Линейная посадка (живая изгородь/ряд вдоль полосы);;"Линейная посадка (живая изгородь/ряд вдоль полосы) — типовое решение в стиле участка; ближайшее ограничение — пешеходная дорожка / тротуар: 4.9 м при норме 0.5 м (СП 42.13330.2016, п. 9.6, табл. 9.1; ППМ 743-ПП, табл. 3.6.1)";"ассортимент для озеленения Москвы, категория «магистрали и улицы»; без инвазивных видов ППМ 369-ПП";пешеходная дорожка / тротуар;4.94;0.5;"СП 42.13330.2016, п. 9.6, табл. 9.1; ППМ 743-ПП, табл. 3.6.1"
bush_site_edge_017_007;посажено;bush;Спирея березолистная;NEW_BUSH;-289.078;-185.054;14409.039;-1173.341;Линейная посадка (живая изгородь/ряд вдоль полосы);;"Линейная посадка (живая изгородь/ряд вдоль полосы) — типовое решение в стиле участка; ближайшее ограничение — пешеходная дорожка / тротуар: 5.1 м при норме 0.5 м (СП 42.13330.2016, п. 9.6, табл. 9.1; ППМ 743-ПП, табл. 3.6.1)";"ассортимент для озеленения Москвы, категория «магистрали и улицы»; без инвазивных видов ППМ 369-ПП";пешеходная дорожка / тротуар;5.1;0.5;"СП 42.13330.2016, п. 9.6, табл. 9.1; ППМ 743-ПП, табл. 3.6.1"
bush_site_edge_017_008;посажено;bush;Спирея березолистная;NEW_BUSH;-290.414;-185.473;14407.703;-1173.76;Линейная посадка (живая изгородь/ряд вдоль полосы);;"Линейная посадка (живая изгородь/ряд вдоль полосы) — типовое решение в стиле участка; ближайшее ограничение — пешеходная дорожка / тротуар: 5.3 м при норме 0.5 м (СП 42.13330.2016, п. 9.6, табл. 9.1; ППМ 743-ПП, табл. 3.6.1)";"ассортимент для озеленения Москвы, категория «магистрали и улицы»; без инвазивных видов ППМ 369-ПП";пешеходная дорожка / тротуар;5.26;0.5;"СП 42.13330.2016, п. 9.6, табл. 9.1; ППМ 743-ПП, табл. 3.6.1"
bush_site_edge_017_009;посажено;bush;Спирея березолистная;NEW_BUSH;-291.75;-185.892;14406.367;-1174.179;Линейная посадка (живая изгородь/ряд вдоль полосы);;"Линейная посадка (живая изгородь/ряд вдоль полосы) — типовое решение в стиле участка; ближайшее ограничение — пешеходная дорожка / тротуар: 5.4 м при норме 0.5 м (СП 42.13330.2016, п. 9.6, табл. 9.1; ППМ 743-ПП, табл. 3.6.1)";"ассортимент для озеленения Москвы, категория «магистрали и улицы»; без инвазивных видов ППМ 369-ПП";пешеходная дорожка / тротуар;5.42;0.5;"СП 42.13330.2016, п. 9.6, табл. 9.1; ППМ 743-ПП, табл. 3.6.1"
bush_site_edge_017_010;посажено;bush;Спирея березолистная;NEW_BUSH;-293.086;-186.311;14405.031;-1174.598;Линейная посадка (живая изгородь/ряд вдоль полосы);;"Линейная посадка (живая изгородь/ряд вдоль полосы) — типовое решение в стиле участка; нормируемых ограничений ближе 5 м сверх нормы нет";"ассортимент для озеленения Москвы, категория «магистрали и улицы»; без инвазивных видов ППМ 369-ПП";;;;
bush_site_edge_017_011;посажено;bush;Спирея березолистная;NEW_BUSH;-294.421;-186.73;14403.695;-1175.017;Линейная посадка (живая изгородь/ряд вдоль полосы);;"Линейная посадка (живая изгородь/ряд вдоль полосы) — типовое решение в стиле участка; нормируемых ограничений ближе 5 м сверх нормы нет";"ассортимент для озеленения Москвы, категория «магистрали и улицы»; без инвазивных видов ППМ 369-ПП";;;;
bush_site_edge_017_012;посажено;bush;Спирея березолистная;NEW_BUSH;-295.757;-187.149;14402.36;-1175.437;Линейная посадка (живая изгородь/ряд вдоль полосы);;"Линейная посадка (живая изгородь/ряд вдоль полосы) — типовое решение в стиле участка; нормируемых ограничений ближе 5 м сверх нормы нет";"ассортимент для озеленения Москвы, категория «магистрали и улицы»; без инвазивных видов ППМ 369-ПП";;;;
bush_site_edge_017_013;посажено;bush;Спирея березолистная;NEW_BUSH;-297.093;-187.568;14401.024;-1175.856;Линейная посадка (живая изгородь/ряд вдоль полосы);;"Линейная посадка (живая изгородь/ряд вдоль полосы) — типовое решение в стиле участка; нормируемых ограничений ближе 5 м сверх нормы нет";"ассортимент для озеленения Москвы, категория «магистрали и улицы»; без инвазивных видов ППМ 369-ПП";;;;
bush_site_edge_017_014;посажено;bush;Спирея березолистная;NEW_BUSH;-298.429;-187.987;14399.688;-1176.275;Линейная посадка (живая изгородь/ряд вдоль полосы);;"Линейная посадка (живая изгородь/ряд вдоль полосы) — типовое решение в стиле участка; нормируемых ограничений ближе 5 м сверх нормы нет";"ассортимент для озеленения Москвы, категория «магистрали и улицы»; без инвазивных видов ППМ 369-ПП";;;;
bush_site_edge_017_015;посажено;bush;Спирея березолистная;NEW_BUSH;-299.765;-188.406;14398.352;-1176.694;Линейная посадка (живая изгородь/ряд вдоль полосы);;"Линейная посадка (живая изгородь/ряд вдоль полосы) — типовое решение в стиле участка; нормируемых ограничений ближе 5 м сверх нормы нет";"ассортимент для озеленения Москвы, категория «магистрали и улицы»; без инвазивных видов ППМ 369-ПП";;;;
bush_site_edge_017_016;посажено;bush;Спирея березолистная;NEW_BUSH;-301.1;-188.825;14397.016;-1177.113;Линейная посадка (живая изгородь/ряд вдоль полосы);;"Линейная посадка (живая изгородь/ряд вдоль полосы) — типовое решение в стиле участка; нормируемых ограничений ближе 5 м сверх нормы нет";"ассортимент для озеленения Москвы, категория «магистрали и улицы»; без инвазивных видов ППМ 369-ПП";;;;
bush_site_edge_017_017;посажено;bush;Спирея березолистная;NEW_BUSH;-302.436;-189.245;14395.681;-1177.532;Линейная посадка (живая изгородь/ряд вдоль полосы);;"Линейная посадка (живая изгородь/ряд вдоль полосы) — типовое решение в стиле участка; ближайшее ограничение — газопровод: 3.8 м при норме 0.0 м (СП 42.13330.2016, п. 9.6, табл. 9.1; ППМ 743-ПП, табл. 3.6.1)";"ассортимент для озеленения Москвы, категория «магистрали и улицы»; без инвазивных видов ППМ 369-ПП";газопровод;3.8;0.0;"СП 42.13330.2016, п. 9.6, табл. 9.1; ППМ 743-ПП, табл. 3.6.1"
bush_site_edge_017_018;посажено;bush;Спирея березолистная;NEW_BUSH;-303.772;-189.664;14394.345;-1177.951;Линейная посадка (живая изгородь/ряд вдоль полосы);;"Линейная посадка (живая изгородь/ряд вдоль полосы) — типовое решение в стиле участка; ближайшее ограничение — газопровод: 2.4 м при норме 0.0 м (СП 42.13330.2016, п. 9.6, табл. 9.1; ППМ 743-ПП, табл. 3.6.1)";"ассортимент для озеленения Москвы, категория «магистрали и улицы»; без инвазивных видов ППМ 369-ПП";газопровод;2.4;0.0;"СП 42.13330.2016, п. 9.6, табл. 9.1; ППМ 743-ПП, табл. 3.6.1"
tree_site_edge_018_001;посажено;tree;Клен остролистный;NEW_TREE;-335.102;-213.04;14363.015;-1201.328;Линейная посадка (живая изгородь/ряд вдоль полосы);;"Линейная посадка (живая изгородь/ряд вдоль полосы) — типовое решение в стиле участка; ближайшее ограничение — пешеходная дорожка / тротуар: 5.7 м при норме 0.7 м (СП 42.13330.2016, п. 9.6, табл. 9.1; ППМ 743-ПП, табл. 3.6.1)";"ассортимент для озеленения Москвы, категория «магистрали и улицы»; без инвазивных видов ППМ 369-ПП";пешеходная дорожка / тротуар;5.66;0.7;"СП 42.13330.2016, п. 9.6, табл. 9.1; ППМ 743-ПП, табл. 3.6.1"
tree_site_edge_018_002;посажено;tree;Клен остролистный;NEW_TREE;-325.576;-205.908;14372.541;-1194.195;Линейная посадка (живая изгородь/ряд вдоль полосы);;"Линейная посадка (живая изгородь/ряд вдоль полосы) — типовое решение в стиле участка; ближайшее ограничение — пешеходная дорожка / тротуар: 5.5 м при норме 0.7 м (СП 42.13330.2016, п. 9.6, табл. 9.1; ППМ 743-ПП, табл. 3.6.1)";"ассортимент для озеленения Москвы, категория «магистрали и улицы»; без инвазивных видов ППМ 369-ПП";пешеходная дорожка / тротуар;5.45;0.7;"СП 42.13330.2016, п. 9.6, табл. 9.1; ППМ 743-ПП, табл. 3.6.1"
tree_site_edge_018_003;посажено;tree;Клен остролистный;NEW_TREE;-316.051;-198.775;14382.066;-1187.062;Линейная посадка (живая изгородь/ряд вдоль полосы);;"Линейная посадка (живая изгородь/ряд вдоль полосы) — типовое решение в стиле участка; ближайшее ограничение — пешеходная дорожка / тротуар: 5.2 м при норме 0.7 м (СП 42.13330.2016, п. 9.6, табл. 9.1; ППМ 743-ПП, табл. 3.6.1)";"ассортимент для озеленения Москвы, категория «магистрали и улицы»; без инвазивных видов ППМ 369-ПП";пешеходная дорожка / тротуар;5.24;0.7;"СП 42.13330.2016, п. 9.6, табл. 9.1; ППМ 743-ПП, табл. 3.6.1"
bush_site_edge_018_001;посажено;bush;Спирея березолистная;NEW_BUSH;-339.584;-216.397;14358.532;-1204.684;Линейная посадка (живая изгородь/ряд вдоль полосы);;"Линейная посадка (живая изгородь/ряд вдоль полосы) — типовое решение в стиле участка; ближайшее ограничение — канализация: 2.7 м при норме 0.0 м (СП 42.13330.2016, п. 9.6, табл. 9.1; ППМ 743-ПП, табл. 3.6.1)";"ассортимент для озеленения Москвы, категория «магистрали и улицы»; без инвазивных видов ППМ 369-ПП";канализация;2.68;0.0;"СП 42.13330.2016, п. 9.6, табл. 9.1; ППМ 743-ПП, табл. 3.6.1"
bush_site_edge_018_002;посажено;bush;Спирея березолистная;NEW_BUSH;-338.464;-215.558;14359.653;-1203.845;Линейная посадка (живая изгородь/ряд вдоль полосы);;"Линейная посадка (живая изгородь/ряд вдоль полосы) — типовое решение в стиле участка; ближайшее ограничение — канализация: 4.0 м при норме 0.0 м (СП 42.13330.2016, п. 9.6, табл. 9.1; ППМ 743-ПП, табл. 3.6.1)";"ассортимент для озеленения Москвы, категория «магистрали и улицы»; без инвазивных видов ППМ 369-ПП";канализация;3.96;0.0;"СП 42.13330.2016, п. 9.6, табл. 9.1; ППМ 743-ПП, табл. 3.6.1"
bush_site_edge_018_003;посажено;bush;Спирея березолистная;NEW_BUSH;-337.343;-214.718;14360.774;-1203.006;Линейная посадка (живая изгородь/ряд вдоль полосы);;"Линейная посадка (живая изгородь/ряд вдоль полосы) — типовое решение в стиле участка; нормируемых ограничений ближе 5 м сверх нормы нет";"ассортимент для озеленения Москвы, категория «магистрали и улицы»; без инвазивных видов ППМ 369-ПП";;;;
bush_site_edge_018_004;посажено;bush;Спирея березолистная;NEW_BUSH;-336.222;-213.879;14361.894;-1202.167;Линейная посадка (живая изгородь/ряд вдоль полосы);;"Линейная посадка (живая изгородь/ряд вдоль полосы) — типовое решение в стиле участка; нормируемых ограничений ближе 5 м сверх нормы нет";"ассортимент для озеленения Москвы, категория «магистрали и улицы»; без инвазивных видов ППМ 369-ПП";;;;
bush_site_edge_018_005;посажено;bush;Спирея березолистная;NEW_BUSH;-333.981;-212.201;14364.136;-1200.488;Линейная посадка (живая изгородь/ряд вдоль полосы);;"Линейная посадка (живая изгородь/ряд вдоль полосы) — типовое решение в стиле участка; нормируемых ограничений ближе 5 м сверх нормы нет";"ассортимент для озеленения Москвы, категория «магистрали и улицы»; без инвазивных видов ППМ 369-ПП";;;;
bush_site_edge_018_006;посажено;bush;Спирея березолистная;NEW_BUSH;-332.86;-211.362;14365.256;-1199.649;Линейная посадка (живая изгородь/ряд вдоль полосы);;"Линейная посадка (живая изгородь/ряд вдоль полосы) — типовое решение в стиле участка; нормируемых ограничений ближе 5 м сверх нормы нет";"ассортимент для озеленения Москвы, категория «магистрали и улицы»; без инвазивных видов ППМ 369-ПП";;;;
bush_site_edge_018_007;посажено;bush;Спирея березолистная;NEW_BUSH;-331.74;-210.523;14366.377;-1198.81;Линейная посадка (живая изгородь/ряд вдоль полосы);;"Линейная посадка (живая изгородь/ряд вдоль полосы) — типовое решение в стиле участка; нормируемых ограничений ближе 5 м сверх нормы нет";"ассортимент для озеленения Москвы, категория «магистрали и улицы»; без инвазивных видов ППМ 369-ПП";;;;
bush_site_edge_018_008;посажено;bush;Спирея березолистная;NEW_BUSH;-330.619;-209.684;14367.498;-1197.971;Линейная посадка (живая изгородь/ряд вдоль полосы);;"Линейная посадка (живая изгородь/ряд вдоль полосы) — типовое решение в стиле участка; нормируемых ограничений ближе 5 м сверх нормы нет";"ассортимент для озеленения Москвы, категория «магистрали и улицы»; без инвазивных видов ППМ 369-ПП";;;;
bush_site_edge_018_009;посажено;bush;Спирея березолистная;NEW_BUSH;-329.498;-208.845;14368.618;-1197.132;Линейная посадка (живая изгородь/ряд вдоль полосы);;"Линейная посадка (живая изгородь/ряд вдоль полосы) — типовое решение в стиле участка; нормируемых ограничений ближе 5 м сверх нормы нет";"ассортимент для озеленения Москвы, категория «магистрали и улицы»; без инвазивных видов ППМ 369-ПП";;;;
bush_site_edge_018_010;посажено;bush;Спирея березолистная;NEW_BUSH;-328.378;-208.005;14369.739;-1196.293;Линейная посадка (живая изгородь/ряд вдоль полосы);;"Линейная посадка (живая изгородь/ряд вдоль полосы) — типовое решение в стиле участка; нормируемых ограничений ближе 5 м сверх нормы нет";"ассортимент для озеленения Москвы, категория «магистрали и улицы»; без инвазивных видов ППМ 369-ПП";;;;
bush_site_edge_018_011;посажено;bush;Спирея березолистная;NEW_BUSH;-327.257;-207.166;14370.86;-1195.454;Линейная посадка (живая изгородь/ряд вдоль полосы);;"Линейная посадка (живая изгородь/ряд вдоль полосы) — типовое решение в стиле участка; нормируемых ограничений ближе 5 м сверх нормы нет";"ассортимент для озеленения Москвы, категория «магистрали и улицы»; без инвазивных видов ППМ 369-ПП";;;;
bush_site_edge_018_012;посажено;bush;Спирея березолистная;NEW_BUSH;-323.895;-204.649;14374.222;-1192.936;Линейная посадка (живая изгородь/ряд вдоль полосы);;"Линейная посадка (живая изгородь/ряд вдоль полосы) — типовое решение в стиле участка; ближайшее ограничение — пешеходная дорожка / тротуар: 5.4 м при норме 0.5 м (СП 42.13330.2016, п. 9.6, табл. 9.1; ППМ 743-ПП, табл. 3.6.1)";"ассортимент для озеленения Москвы, категория «магистрали и улицы»; без инвазивных видов ППМ 369-ПП";пешеходная дорожка / тротуар;5.41;0.5;"СП 42.13330.2016, п. 9.6, табл. 9.1; ППМ 743-ПП, табл. 3.6.1"
bush_site_edge_018_013;посажено;bush;Спирея березолистная;NEW_BUSH;-322.774;-203.81;14375.342;-1192.097;Линейная посадка (живая изгородь/ряд вдоль полосы);;"Линейная посадка (живая изгородь/ряд вдоль полосы) — типовое решение в стиле участка; ближайшее ограничение — пешеходная дорожка / тротуар: 5.4 м при норме 0.5 м (СП 42.13330.2016, п. 9.6, табл. 9.1; ППМ 743-ПП, табл. 3.6.1)";"ассортимент для озеленения Москвы, категория «магистрали и улицы»; без инвазивных видов ППМ 369-ПП";пешеходная дорожка / тротуар;5.39;0.5;"СП 42.13330.2016, п. 9.6, табл. 9.1; ППМ 743-ПП, табл. 3.6.1"
bush_site_edge_018_014;посажено;bush;Спирея березолистная;NEW_BUSH;-321.654;-202.971;14376.463;-1191.258;Линейная посадка (живая изгородь/ряд вдоль полосы);;"Линейная посадка (живая изгородь/ряд вдоль полосы) — типовое решение в стиле участка; ближайшее ограничение — пешеходная дорожка / тротуар: 5.4 м при норме 0.5 м (СП 42.13330.2016, п. 9.6, табл. 9.1; ППМ 743-ПП, табл. 3.6.1)";"ассортимент для озеленения Москвы, категория «магистрали и улицы»; без инвазивных видов ППМ 369-ПП";пешеходная дорожка / тротуар;5.36;0.5;"СП 42.13330.2016, п. 9.6, табл. 9.1; ППМ 743-ПП, табл. 3.6.1"
bush_site_edge_018_015;посажено;bush;Спирея березолистная;NEW_BUSH;-320.533;-202.132;14377.584;-1190.419;Линейная посадка (живая изгородь/ряд вдоль полосы);;"Линейная посадка (живая изгородь/ряд вдоль полосы) — типовое решение в стиле участка; ближайшее ограничение — пешеходная дорожка / тротуар: 5.3 м при норме 0.5 м (СП 42.13330.2016, п. 9.6, табл. 9.1; ППМ 743-ПП, табл. 3.6.1)";"ассортимент для озеленения Москвы, категория «магистрали и улицы»; без инвазивных видов ППМ 369-ПП";пешеходная дорожка / тротуар;5.34;0.5;"СП 42.13330.2016, п. 9.6, табл. 9.1; ППМ 743-ПП, табл. 3.6.1"
bush_site_edge_018_016;посажено;bush;Спирея березолистная;NEW_BUSH;-319.412;-201.292;14378.704;-1189.58;Линейная посадка (живая изгородь/ряд вдоль полосы);;"Линейная посадка (живая изгородь/ряд вдоль полосы) — типовое решение в стиле участка; ближайшее ограничение — пешеходная дорожка / тротуар: 5.3 м при норме 0.5 м (СП 42.13330.2016, п. 9.6, табл. 9.1; ППМ 743-ПП, табл. 3.6.1)";"ассортимент для озеленения Москвы, категория «магистрали и улицы»; без инвазивных видов ППМ 369-ПП";пешеходная дорожка / тротуар;5.32;0.5;"СП 42.13330.2016, п. 9.6, табл. 9.1; ППМ 743-ПП, табл. 3.6.1"
bush_site_edge_018_017;посажено;bush;Спирея березолистная;NEW_BUSH;-318.292;-200.453;14379.825;-1188.741;Линейная посадка (живая изгородь/ряд вдоль полосы);;"Линейная посадка (живая изгородь/ряд вдоль полосы) — типовое решение в стиле участка; ближайшее ограничение — пешеходная дорожка / тротуар: 5.3 м при норме 0.5 м (СП 42.13330.2016, п. 9.6, табл. 9.1; ППМ 743-ПП, табл. 3.6.1)";"ассортимент для озеленения Москвы, категория «магистрали и улицы»; без инвазивных видов ППМ 369-ПП";пешеходная дорожка / тротуар;5.29;0.5;"СП 42.13330.2016, п. 9.6, табл. 9.1; ППМ 743-ПП, табл. 3.6.1"
bush_site_edge_018_018;посажено;bush;Спирея березолистная;NEW_BUSH;-317.171;-199.614;14380.946;-1187.902;Линейная посадка (живая изгородь/ряд вдоль полосы);;"Линейная посадка (живая изгородь/ряд вдоль полосы) — типовое решение в стиле участка; ближайшее ограничение — пешеходная дорожка / тротуар: 5.3 м при норме 0.5 м (СП 42.13330.2016, п. 9.6, табл. 9.1; ППМ 743-ПП, табл. 3.6.1)";"ассортимент для озеленения Москвы, категория «магистрали и улицы»; без инвазивных видов ППМ 369-ПП";пешеходная дорожка / тротуар;5.27;0.5;"СП 42.13330.2016, п. 9.6, табл. 9.1; ППМ 743-ПП, табл. 3.6.1"
bush_site_edge_018_019;посажено;bush;Спирея березолистная;NEW_BUSH;-314.93;-197.936;14383.187;-1186.223;Линейная посадка (живая изгородь/ряд вдоль полосы);;"Линейная посадка (живая изгородь/ряд вдоль полосы) — типовое решение в стиле участка; ближайшее ограничение — пешеходная дорожка / тротуар: 5.2 м при норме 0.5 м (СП 42.13330.2016, п. 9.6, табл. 9.1; ППМ 743-ПП, табл. 3.6.1)";"ассортимент для озеленения Москвы, категория «магистрали и улицы»; без инвазивных видов ППМ 369-ПП";пешеходная дорожка / тротуар;5.22;0.5;"СП 42.13330.2016, п. 9.6, табл. 9.1; ППМ 743-ПП, табл. 3.6.1"
bush_site_edge_018_020;посажено;bush;Спирея березолистная;NEW_BUSH;-313.809;-197.097;14384.308;-1185.384;Линейная посадка (живая изгородь/ряд вдоль полосы);;"Линейная посадка (живая изгородь/ряд вдоль полосы) — типовое решение в стиле участка; ближайшее ограничение — пешеходная дорожка / тротуар: 5.2 м при норме 0.5 м (СП 42.13330.2016, п. 9.6, табл. 9.1; ППМ 743-ПП, табл. 3.6.1)";"ассортимент для озеленения Москвы, категория «магистрали и улицы»; без инвазивных видов ППМ 369-ПП";пешеходная дорожка / тротуар;5.19;0.5;"СП 42.13330.2016, п. 9.6, табл. 9.1; ППМ 743-ПП, табл. 3.6.1"
bush_site_edge_018_021;посажено;bush;Спирея березолистная;NEW_BUSH;-312.689;-196.258;14385.428;-1184.545;Линейная посадка (живая изгородь/ряд вдоль полосы);;"Линейная посадка (живая изгородь/ряд вдоль полосы) — типовое решение в стиле участка; ближайшее ограничение — газопровод: 4.0 м при норме 0.0 м (СП 42.13330.2016, п. 9.6, табл. 9.1; ППМ 743-ПП, табл. 3.6.1)";"ассортимент для озеленения Москвы, категория «магистрали и улицы»; без инвазивных видов ППМ 369-ПП";газопровод;4.03;0.0;"СП 42.13330.2016, п. 9.6, табл. 9.1; ППМ 743-ПП, табл. 3.6.1"
bush_site_edge_018_022;посажено;bush;Спирея березолистная;NEW_BUSH;-311.568;-195.419;14386.549;-1183.706;Линейная посадка (живая изгородь/ряд вдоль полосы);;"Линейная посадка (живая изгородь/ряд вдоль полосы) — типовое решение в стиле участка; ближайшее ограничение — газопровод: 2.7 м при норме 0.0 м (СП 42.13330.2016, п. 9.6, табл. 9.1; ППМ 743-ПП, табл. 3.6.1)";"ассортимент для озеленения Москвы, категория «магистрали и улицы»; без инвазивных видов ППМ 369-ПП";газопровод;2.71;0.0;"СП 42.13330.2016, п. 9.6, табл. 9.1; ППМ 743-ПП, табл. 3.6.1"
tree_site_edge_019_001;посажено;tree;Клен остролистный;NEW_TREE;-356.499;-229.017;14341.617;-1217.304;Линейная посадка (живая изгородь/ряд вдоль полосы);;"Линейная посадка (живая изгородь/ряд вдоль полосы) — типовое решение в стиле участка; нормируемых ограничений ближе 5 м сверх нормы нет";"ассортимент для озеленения Москвы, категория «магистрали и улицы»; без инвазивных видов ППМ 369-ПП";tree tree_open_area_008_001;3.07;3.0;правило планировщика (не норма): зазор между объектами
bush_site_edge_019_001;посажено;bush;Спирея березолистная;NEW_BUSH;-363.784;-234.471;14334.333;-1222.758;Линейная посадка (живая изгородь/ряд вдоль полосы);;"Линейная посадка (живая изгородь/ряд вдоль полосы) — типовое решение в стиле участка; ближайшее ограничение — воздушная ЛЭП: 2.8 м при норме 2.0 м (охранная зона по чертежу (отступ зоны))";"ассортимент для озеленения Москвы, категория «магистрали и улицы»; без инвазивных видов ППМ 369-ПП";воздушная ЛЭП;2.81;2.0;охранная зона по чертежу (отступ зоны)
bush_site_edge_019_002;посажено;bush;Спирея березолистная;NEW_BUSH;-362.663;-233.632;14335.454;-1221.919;Линейная посадка (живая изгородь/ряд вдоль полосы);;"Линейная посадка (живая изгородь/ряд вдоль полосы) — типовое решение в стиле участка; ближайшее ограничение — воздушная ЛЭП: 4.1 м при норме 2.0 м (охранная зона по чертежу (отступ зоны))";"ассортимент для озеленения Москвы, категория «магистрали и улицы»; без инвазивных видов ППМ 369-ПП";воздушная ЛЭП;4.11;2.0;охранная зона по чертежу (отступ зоны)
bush_site_edge_019_003;посажено;bush;Спирея березолистная;NEW_BUSH;-361.542;-232.793;14336.574;-1221.08;Линейная посадка (живая изгородь/ряд вдоль полосы);;"Линейная посадка (живая изгородь/ряд вдоль полосы) — типовое решение в стиле участка; ближайшее ограничение — воздушная ЛЭП: 5.4 м при норме 2.0 м (охранная зона по чертежу (отступ зоны))";"ассортимент для озеленения Москвы, категория «магистрали и улицы»; без инвазивных видов ППМ 369-ПП";воздушная ЛЭП;5.41;2.0;охранная зона по чертежу (отступ зоны)
bush_site_edge_019_004;посажено;bush;Спирея березолистная;NEW_BUSH;-360.422;-231.954;14337.695;-1220.241;Линейная посадка (живая изгородь/ряд вдоль полосы);;"Линейная посадка (живая изгородь/ряд вдоль полосы) — типовое решение в стиле участка; ближайшее ограничение — воздушная ЛЭП: 6.7 м при норме 2.0 м (охранная зона по чертежу (отступ зоны))";"ассортимент для озеленения Москвы, категория «магистрали и улицы»; без инвазивных видов ППМ 369-ПП";воздушная ЛЭП;6.71;2.0;охранная зона по чертежу (отступ зоны)
bush_site_edge_019_005;посажено;bush;Спирея березолистная;NEW_BUSH;-359.301;-231.114;14338.816;-1219.402;Линейная посадка (живая изгородь/ряд вдоль полосы);;"Линейная посадка (живая изгородь/ряд вдоль полосы) — типовое решение в стиле участка; нормируемых ограничений ближе 5 м сверх нормы нет";"ассортимент для озеленения Москвы, категория «магистрали и улицы»; без инвазивных видов ППМ 369-ПП";;;;
bush_site_edge_019_006;посажено;bush;Спирея березолистная;NEW_BUSH;-358.18;-230.275;14339.936;-1218.563;Линейная посадка (живая изгородь/ряд вдоль полосы);;"Линейная посадка (живая изгородь/ряд вдоль полосы) — типовое решение в стиле участка; нормируемых ограничений ближе 5 м сверх нормы нет";"ассортимент для озеленения Москвы, категория «магистрали и улицы»; без инвазивных видов ППМ 369-ПП";;;;
bush_site_edge_019_007;посажено;bush;Спирея березолистная;NEW_BUSH;-354.819;-227.758;14343.298;-1216.045;Линейная посадка (живая изгородь/ряд вдоль полосы);;"Линейная посадка (живая изгородь/ряд вдоль полосы) — типовое решение в стиле участка; нормируемых ограничений ближе 5 м сверх нормы нет";"ассортимент для озеленения Москвы, категория «магистрали и улицы»; без инвазивных видов ППМ 369-ПП";;;;
bush_site_edge_019_008;посажено;bush;Спирея березолистная;NEW_BUSH;-353.698;-226.919;14344.419;-1215.206;Линейная посадка (живая изгородь/ряд вдоль полосы);;"Линейная посадка (живая изгородь/ряд вдоль полосы) — типовое решение в стиле участка; нормируемых ограничений ближе 5 м сверх нормы нет";"ассортимент для озеленения Москвы, категория «магистрали и улицы»; без инвазивных видов ППМ 369-ПП";;;;
bush_site_edge_019_009;посажено;bush;Спирея березолистная;NEW_BUSH;-352.577;-226.08;14345.54;-1214.367;Линейная посадка (живая изгородь/ряд вдоль полосы);;"Линейная посадка (живая изгородь/ряд вдоль полосы) — типовое решение в стиле участка; нормируемых ограничений ближе 5 м сверх нормы нет";"ассортимент для озеленения Москвы, категория «магистрали и улицы»; без инвазивных видов ППМ 369-ПП";;;;
bush_site_edge_019_010;посажено;bush;Спирея березолистная;NEW_BUSH;-351.457;-225.241;14346.66;-1213.528;Линейная посадка (живая изгородь/ряд вдоль полосы);;"Линейная посадка (живая изгородь/ряд вдоль полосы) — типовое решение в стиле участка; ближайшее ограничение — канализация: 4.9 м при норме 0.0 м (СП 42.13330.2016, п. 9.6, табл. 9.1; ППМ 743-ПП, табл. 3.6.1)";"ассортимент для озеленения Москвы, категория «магистрали и улицы»; без инвазивных видов ППМ 369-ПП";канализация;4.86;0.0;"СП 42.13330.2016, п. 9.6, табл. 9.1; ППМ 743-ПП, табл. 3.6.1"
bush_site_edge_019_011;посажено;bush;Спирея березолистная;NEW_BUSH;-350.336;-224.401;14347.781;-1212.689;Линейная посадка (живая изгородь/ряд вдоль полосы);;"Линейная посадка (живая изгородь/ряд вдоль полосы) — типовое решение в стиле участка; ближайшее ограничение — канализация: 3.6 м при норме 0.0 м (СП 42.13330.2016, п. 9.6, табл. 9.1; ППМ 743-ПП, табл. 3.6.1)";"ассортимент для озеленения Москвы, категория «магистрали и улицы»; без инвазивных видов ППМ 369-ПП";канализация;3.58;0.0;"СП 42.13330.2016, п. 9.6, табл. 9.1; ППМ 743-ПП, табл. 3.6.1"
bush_site_edge_019_012;посажено;bush;Спирея березолистная;NEW_BUSH;-349.215;-223.562;14348.902;-1211.85;Линейная посадка (живая изгородь/ряд вдоль полосы);;"Линейная посадка (живая изгородь/ряд вдоль полосы) — типовое решение в стиле участка; ближайшее ограничение — канализация: 2.3 м при норме 0.0 м (СП 42.13330.2016, п. 9.6, табл. 9.1; ППМ 743-ПП, табл. 3.6.1)";"ассортимент для озеленения Москвы, категория «магистрали и улицы»; без инвазивных видов ППМ 369-ПП";канализация;2.3;0.0;"СП 42.13330.2016, п. 9.6, табл. 9.1; ППМ 743-ПП, табл. 3.6.1"
tree_site_edge_020_001;посажено;tree;Клен остролистный;NEW_TREE;-378.657;-245.659;14319.46;-1233.947;Линейная посадка (живая изгородь/ряд вдоль полосы);;"Линейная посадка (живая изгородь/ряд вдоль полосы) — типовое решение в стиле участка; нормируемых ограничений ближе 5 м сверх нормы нет";"ассортимент для озеленения Москвы, категория «магистрали и улицы»; без инвазивных видов ППМ 369-ПП";tree tree_open_area_009_003;3.01;3.0;правило планировщика (не норма): зазор между объектами
bush_site_edge_020_001;посажено;bush;Спирея березолистная;NEW_BUSH;-385.381;-250.694;14312.736;-1238.981;Линейная посадка (живая изгородь/ряд вдоль полосы);;"Линейная посадка (живая изгородь/ряд вдоль полосы) — типовое решение в стиле участка; ближайшее ограничение — канализация: 2.2 м при норме 0.0 м (СП 42.13330.2016, п. 9.6, табл. 9.1; ППМ 743-ПП, табл. 3.6.1)";"ассортимент для озеленения Москвы, категория «магистрали и улицы»; без инвазивных видов ППМ 369-ПП";канализация;2.21;0.0;"СП 42.13330.2016, п. 9.6, табл. 9.1; ППМ 743-ПП, табл. 3.6.1"
bush_site_edge_020_002;посажено;bush;Спирея березолистная;NEW_BUSH;-384.26;-249.855;14313.857;-1238.142;Линейная посадка (живая изгородь/ряд вдоль полосы);;"Линейная посадка (живая изгородь/ряд вдоль полосы) — типовое решение в стиле участка; ближайшее ограничение — канализация: 3.6 м при норме 0.0 м (СП 42.13330.2016, п. 9.6, табл. 9.1; ППМ 743-ПП, табл. 3.6.1)";"ассортимент для озеленения Москвы, категория «магистрали и улицы»; без инвазивных видов ППМ 369-ПП";канализация;3.6;0.0;"СП 42.13330.2016, п. 9.6, табл. 9.1; ППМ 743-ПП, табл. 3.6.1"
bush_site_edge_020_003;посажено;bush;Спирея березолистная;NEW_BUSH;-383.139;-249.016;14314.977;-1237.303;Линейная посадка (живая изгородь/ряд вдоль полосы);;"Линейная посадка (живая изгородь/ряд вдоль полосы) — типовое решение в стиле участка; ближайшее ограничение — канализация: 5.0 м при норме 0.0 м (СП 42.13330.2016, п. 9.6, табл. 9.1; ППМ 743-ПП, табл. 3.6.1)";"ассортимент для озеленения Москвы, категория «магистрали и улицы»; без инвазивных видов ППМ 369-ПП";канализация;4.98;0.0;"СП 42.13330.2016, п. 9.6, табл. 9.1; ППМ 743-ПП, табл. 3.6.1"
bush_site_edge_020_004;посажено;bush;Спирея березолистная;NEW_BUSH;-382.019;-248.177;14316.098;-1236.464;Линейная посадка (живая изгородь/ряд вдоль полосы);;"Линейная посадка (живая изгородь/ряд вдоль полосы) — типовое решение в стиле участка; нормируемых ограничений ближе 5 м сверх нормы нет";"ассортимент для озеленения Москвы, категория «магистрали и улицы»; без инвазивных видов ППМ 369-ПП";;;;
bush_site_edge_020_005;посажено;bush;Спирея березолистная;NEW_BUSH;-380.898;-247.337;14317.219;-1235.625;Линейная посадка (живая изгородь/ряд вдоль полосы);;"Линейная посадка (живая изгородь/ряд вдоль полосы) — типовое решение в стиле участка; нормируемых ограничений ближе 5 м сверх нормы нет";"ассортимент для озеленения Москвы, категория «магистрали и улицы»; без инвазивных видов ППМ 369-ПП";;;;
bush_site_edge_020_006;посажено;bush;Спирея березолистная;NEW_BUSH;-379.777;-246.498;14318.339;-1234.786;Линейная посадка (живая изгородь/ряд вдоль полосы);;"Линейная посадка (живая изгородь/ряд вдоль полосы) — типовое решение в стиле участка; нормируемых ограничений ближе 5 м сверх нормы нет";"ассортимент для озеленения Москвы, категория «магистрали и улицы»; без инвазивных видов ППМ 369-ПП";;;;
bush_site_edge_020_007;посажено;bush;Спирея березолистная;NEW_BUSH;-377.536;-244.82;14320.581;-1233.107;Линейная посадка (живая изгородь/ряд вдоль полосы);;"Линейная посадка (живая изгородь/ряд вдоль полосы) — типовое решение в стиле участка; нормируемых ограничений ближе 5 м сверх нормы нет";"ассортимент для озеленения Москвы, категория «магистрали и улицы»; без инвазивных видов ППМ 369-ПП";;;;
bush_site_edge_020_008;посажено;bush;Спирея березолистная;NEW_BUSH;-376.415;-243.981;14321.701;-1232.268;Линейная посадка (живая изгородь/ряд вдоль полосы);;"Линейная посадка (живая изгородь/ряд вдоль полосы) — типовое решение в стиле участка; нормируемых ограничений ближе 5 м сверх нормы нет";"ассортимент для озеленения Москвы, категория «магистрали и улицы»; без инвазивных видов ППМ 369-ПП";;;;
bush_site_edge_020_009;посажено;bush;Спирея березолистная;NEW_BUSH;-375.295;-243.142;14322.822;-1231.429;Линейная посадка (живая изгородь/ряд вдоль полосы);;"Линейная посадка (живая изгородь/ряд вдоль полосы) — типовое решение в стиле участка; ближайшее ограничение — воздушная ЛЭП: 6.6 м при норме 2.0 м (охранная зона по чертежу (отступ зоны))";"ассортимент для озеленения Москвы, категория «магистрали и улицы»; без инвазивных видов ППМ 369-ПП";воздушная ЛЭП;6.57;2.0;охранная зона по чертежу (отступ зоны)
bush_site_edge_020_010;посажено;bush;Спирея березолистная;NEW_BUSH;-374.174;-242.303;14323.943;-1230.59;Линейная посадка (живая изгородь/ряд вдоль полосы);;"Линейная посадка (живая изгородь/ряд вдоль полосы) — типовое решение в стиле участка; ближайшее ограничение — воздушная ЛЭП: 5.3 м при норме 2.0 м (охранная зона по чертежу (отступ зоны))";"ассортимент для озеленения Москвы, категория «магистрали и улицы»; без инвазивных видов ППМ 369-ПП";воздушная ЛЭП;5.27;2.0;охранная зона по чертежу (отступ зоны)
bush_site_edge_020_011;посажено;bush;Спирея березолистная;NEW_BUSH;-373.053;-241.464;14325.063;-1229.751;Линейная посадка (живая изгородь/ряд вдоль полосы);;"Линейная посадка (живая изгородь/ряд вдоль полосы) — типовое решение в стиле участка; ближайшее ограничение — воздушная ЛЭП: 4.0 м при норме 2.0 м (охранная зона по чертежу (отступ зоны))";"ассортимент для озеленения Москвы, категория «магистрали и улицы»; без инвазивных видов ППМ 369-ПП";воздушная ЛЭП;3.97;2.0;охранная зона по чертежу (отступ зоны)
bush_site_edge_020_012;посажено;bush;Спирея березолистная;NEW_BUSH;-371.933;-240.624;14326.184;-1228.912;Линейная посадка (живая изгородь/ряд вдоль полосы);;"Линейная посадка (живая изгородь/ряд вдоль полосы) — типовое решение в стиле участка; ближайшее ограничение — воздушная ЛЭП: 2.7 м при норме 2.0 м (охранная зона по чертежу (отступ зоны))";"ассортимент для озеленения Москвы, категория «магистрали и улицы»; без инвазивных видов ППМ 369-ПП";воздушная ЛЭП;2.67;2.0;охранная зона по чертежу (отступ зоны)
tree_site_edge_021_001;посажено;tree;Клен остролистный;NEW_TREE;-397.268;-259.322;14300.848;-1247.609;Линейная посадка (живая изгородь/ряд вдоль полосы);;"Линейная посадка (живая изгородь/ряд вдоль полосы) — типовое решение в стиле участка; ближайшее ограничение — силовой кабель: 3.7 м при норме 2.0 м (СП 42.13330.2016, п. 9.6, табл. 9.1; ППМ 743-ПП, табл. 3.6.1)";"ассортимент для озеленения Москвы, категория «магистрали и улицы»; без инвазивных видов ППМ 369-ПП";силовой кабель;3.67;2.0;"СП 42.13330.2016, п. 9.6, табл. 9.1; ППМ 743-ПП, табл. 3.6.1"
bush_site_edge_021_001;посажено;bush;Спирея березолистная;NEW_BUSH;-400.07;-261.419;14298.047;-1249.707;Линейная посадка (живая изгородь/ряд вдоль полосы);;"Линейная посадка (живая изгородь/ряд вдоль полосы) — типовое решение в стиле участка; ближайшее ограничение — силовой кабель: 2.5 м при норме 0.7 м (СП 42.13330.2016, п. 9.6, табл. 9.1; ППМ 743-ПП, табл. 3.6.1)";"ассортимент для озеленения Москвы, категория «магистрали и улицы»; без инвазивных видов ППМ 369-ПП";силовой кабель;2.45;0.7;"СП 42.13330.2016, п. 9.6, табл. 9.1; ППМ 743-ПП, табл. 3.6.1"
bush_site_edge_021_002;посажено;bush;Спирея березолистная;NEW_BUSH;-398.949;-260.58;14299.167;-1248.868;Линейная посадка (живая изгородь/ряд вдоль полосы);;"Линейная посадка (живая изгородь/ряд вдоль полосы) — типовое решение в стиле участка; ближайшее ограничение — силовой кабель: 2.9 м при норме 0.7 м (СП 42.13330.2016, п. 9.6, табл. 9.1; ППМ 743-ПП, табл. 3.6.1)";"ассортимент для озеленения Москвы, категория «магистрали и улицы»; без инвазивных видов ППМ 369-ПП";силовой кабель;2.94;0.7;"СП 42.13330.2016, п. 9.6, табл. 9.1; ППМ 743-ПП, табл. 3.6.1"
bush_site_edge_021_003;посажено;bush;Спирея березолистная;NEW_BUSH;-395.587;-258.063;14302.529;-1246.35;Линейная посадка (живая изгородь/ряд вдоль полосы);;"Линейная посадка (живая изгородь/ряд вдоль полосы) — типовое решение в стиле участка; ближайшее ограничение — силовой кабель: 4.4 м при норме 0.7 м (СП 42.13330.2016, п. 9.6, табл. 9.1; ППМ 743-ПП, табл. 3.6.1)";"ассортимент для озеленения Москвы, категория «магистрали и улицы»; без инвазивных видов ППМ 369-ПП";силовой кабель;4.4;0.7;"СП 42.13330.2016, п. 9.6, табл. 9.1; ППМ 743-ПП, табл. 3.6.1"
bush_site_edge_021_004;посажено;bush;Спирея березолистная;NEW_BUSH;-394.467;-257.224;14303.65;-1245.511;Линейная посадка (живая изгородь/ряд вдоль полосы);;"Линейная посадка (живая изгородь/ряд вдоль полосы) — типовое решение в стиле участка; ближайшее ограничение — канализация: 2.8 м при норме 0.0 м (СП 42.13330.2016, п. 9.6, табл. 9.1; ППМ 743-ПП, табл. 3.6.1)";"ассортимент для озеленения Москвы, категория «магистрали и улицы»; без инвазивных видов ППМ 369-ПП";канализация;2.78;0.0;"СП 42.13330.2016, п. 9.6, табл. 9.1; ППМ 743-ПП, табл. 3.6.1"
bush_site_edge_022_001;посажено;bush;Спирея березолистная;NEW_BUSH;-431.975;-285.673;14266.142;-1273.96;Линейная посадка (живая изгородь/ряд вдоль полосы);;"Линейная посадка (живая изгородь/ряд вдоль полосы) — типовое решение в стиле участка; ближайшее ограничение — силовой кабель: 2.9 м при норме 0.7 м (СП 42.13330.2016, п. 9.6, табл. 9.1; ППМ 743-ПП, табл. 3.6.1)";"ассортимент для озеленения Москвы, категория «магистрали и улицы»; без инвазивных видов ППМ 369-ПП";силовой кабель;2.89;0.7;"СП 42.13330.2016, п. 9.6, табл. 9.1; ППМ 743-ПП, табл. 3.6.1"
bush_site_edge_022_002;посажено;bush;Спирея березолистная;NEW_BUSH;-430.855;-284.834;14267.262;-1273.121;Линейная посадка (живая изгородь/ряд вдоль полосы);;"Линейная посадка (живая изгородь/ряд вдоль полосы) — типовое решение в стиле участка; ближайшее ограничение — силовой кабель: 4.0 м при норме 0.7 м (СП 42.13330.2016, п. 9.6, табл. 9.1; ППМ 743-ПП, табл. 3.6.1)";"ассортимент для озеленения Москвы, категория «магистрали и улицы»; без инвазивных видов ППМ 369-ПП";силовой кабель;3.99;0.7;"СП 42.13330.2016, п. 9.6, табл. 9.1; ППМ 743-ПП, табл. 3.6.1"
bush_site_edge_022_003;посажено;bush;Спирея березолистная;NEW_BUSH;-429.734;-283.995;14268.383;-1272.282;Линейная посадка (живая изгородь/ряд вдоль полосы);;"Линейная посадка (живая изгородь/ряд вдоль полосы) — типовое решение в стиле участка; ближайшее ограничение — силовой кабель: 5.1 м при норме 0.7 м (СП 42.13330.2016, п. 9.6, табл. 9.1; ППМ 743-ПП, табл. 3.6.1)";"ассортимент для озеленения Москвы, категория «магистрали и улицы»; без инвазивных видов ППМ 369-ПП";силовой кабель;5.09;0.7;"СП 42.13330.2016, п. 9.6, табл. 9.1; ППМ 743-ПП, табл. 3.6.1"
bush_site_edge_022_004;посажено;bush;Спирея березолистная;NEW_BUSH;-428.613;-283.156;14269.504;-1271.443;Линейная посадка (живая изгородь/ряд вдоль полосы);;"Линейная посадка (живая изгородь/ряд вдоль полосы) — типовое решение в стиле участка; нормируемых ограничений ближе 5 м сверх нормы нет";"ассортимент для озеленения Москвы, категория «магистрали и улицы»; без инвазивных видов ППМ 369-ПП";;;;
bush_site_edge_022_005;посажено;bush;Спирея березолистная;NEW_BUSH;-427.493;-282.316;14270.624;-1270.604;Линейная посадка (живая изгородь/ряд вдоль полосы);;"Линейная посадка (живая изгородь/ряд вдоль полосы) — типовое решение в стиле участка; нормируемых ограничений ближе 5 м сверх нормы нет";"ассортимент для озеленения Москвы, категория «магистрали и улицы»; без инвазивных видов ППМ 369-ПП";;;;
bush_site_edge_022_006;посажено;bush;Спирея березолистная;NEW_BUSH;-426.372;-281.477;14271.745;-1269.765;Линейная посадка (живая изгородь/ряд вдоль полосы);;"Линейная посадка (живая изгородь/ряд вдоль полосы) — типовое решение в стиле участка; ближайшее ограничение — силовой кабель: 5.3 м при норме 0.7 м (СП 42.13330.2016, п. 9.6, табл. 9.1; ППМ 743-ПП, табл. 3.6.1)";"ассортимент для озеленения Москвы, категория «магистрали и улицы»; без инвазивных видов ППМ 369-ПП";силовой кабель;5.31;0.7;"СП 42.13330.2016, п. 9.6, табл. 9.1; ППМ 743-ПП, табл. 3.6.1"
bush_site_edge_022_007;посажено;bush;Спирея березолистная;NEW_BUSH;-425.251;-280.638;14272.865;-1268.926;Линейная посадка (живая изгородь/ряд вдоль полосы);;"Линейная посадка (живая изгородь/ряд вдоль полосы) — типовое решение в стиле участка; ближайшее ограничение — силовой кабель: 4.8 м при норме 0.7 м (СП 42.13330.2016, п. 9.6, табл. 9.1; ППМ 743-ПП, табл. 3.6.1)";"ассортимент для озеленения Москвы, категория «магистрали и улицы»; без инвазивных видов ППМ 369-ПП";силовой кабель;4.83;0.7;"СП 42.13330.2016, п. 9.6, табл. 9.1; ППМ 743-ПП, табл. 3.6.1"
bush_site_edge_022_008;посажено;bush;Спирея березолистная;NEW_BUSH;-424.131;-279.799;14273.986;-1268.087;Линейная посадка (живая изгородь/ряд вдоль полосы);;"Линейная посадка (живая изгородь/ряд вдоль полосы) — типовое решение в стиле участка; ближайшее ограничение — силовой кабель: 4.3 м при норме 0.7 м (СП 42.13330.2016, п. 9.6, табл. 9.1; ППМ 743-ПП, табл. 3.6.1)";"ассортимент для озеленения Москвы, категория «магистрали и улицы»; без инвазивных видов ППМ 369-ПП";силовой кабель;4.34;0.7;"СП 42.13330.2016, п. 9.6, табл. 9.1; ППМ 743-ПП, табл. 3.6.1"
bush_site_edge_022_009;посажено;bush;Спирея березолистная;NEW_BUSH;-423.01;-278.96;14275.107;-1267.247;Линейная посадка (живая изгородь/ряд вдоль полосы);;"Линейная посадка (живая изгородь/ряд вдоль полосы) — типовое решение в стиле участка; ближайшее ограничение — силовой кабель: 3.9 м при норме 0.7 м (СП 42.13330.2016, п. 9.6, табл. 9.1; ППМ 743-ПП, табл. 3.6.1)";"ассортимент для озеленения Москвы, категория «магистрали и улицы»; без инвазивных видов ППМ 369-ПП";силовой кабель;3.85;0.7;"СП 42.13330.2016, п. 9.6, табл. 9.1; ППМ 743-ПП, табл. 3.6.1"
bush_site_edge_022_010;посажено;bush;Спирея березолистная;NEW_BUSH;-421.889;-278.121;14276.227;-1266.408;Линейная посадка (живая изгородь/ряд вдоль полосы);;"Линейная посадка (живая изгородь/ряд вдоль полосы) — типовое решение в стиле участка; ближайшее ограничение — силовой кабель: 3.4 м при норме 0.7 м (СП 42.13330.2016, п. 9.6, табл. 9.1; ППМ 743-ПП, табл. 3.6.1)";"ассортимент для озеленения Москвы, категория «магистрали и улицы»; без инвазивных видов ППМ 369-ПП";силовой кабель;3.37;0.7;"СП 42.13330.2016, п. 9.6, табл. 9.1; ППМ 743-ПП, табл. 3.6.1"
bush_site_edge_022_011;посажено;bush;Спирея березолистная;NEW_BUSH;-420.769;-277.282;14277.348;-1265.569;Линейная посадка (живая изгородь/ряд вдоль полосы);;"Линейная посадка (живая изгородь/ряд вдоль полосы) — типовое решение в стиле участка; ближайшее ограничение — силовой кабель: 2.9 м при норме 0.7 м (СП 42.13330.2016, п. 9.6, табл. 9.1; ППМ 743-ПП, табл. 3.6.1)";"ассортимент для озеленения Москвы, категория «магистрали и улицы»; без инвазивных видов ППМ 369-ПП";силовой кабель;2.88;0.7;"СП 42.13330.2016, п. 9.6, табл. 9.1; ППМ 743-ПП, табл. 3.6.1"
bush_site_edge_022_012;посажено;bush;Спирея березолистная;NEW_BUSH;-419.648;-276.443;14278.469;-1264.73;Линейная посадка (живая изгородь/ряд вдоль полосы);;"Линейная посадка (живая изгородь/ряд вдоль полосы) — типовое решение в стиле участка; ближайшее ограничение — силовой кабель: 2.4 м при норме 0.7 м (СП 42.13330.2016, п. 9.6, табл. 9.1; ППМ 743-ПП, табл. 3.6.1)";"ассортимент для озеленения Москвы, категория «магистрали и улицы»; без инвазивных видов ППМ 369-ПП";силовой кабель;2.4;0.7;"СП 42.13330.2016, п. 9.6, табл. 9.1; ППМ 743-ПП, табл. 3.6.1"
bush_site_edge_023_001;посажено;bush;Спирея березолистная;NEW_BUSH;-443.104;-293.187;14255.012;-1281.474;Линейная посадка (живая изгородь/ряд вдоль полосы);;"Линейная посадка (живая изгородь/ряд вдоль полосы) — типовое решение в стиле участка; ближайшее ограничение — силовой кабель: 3.2 м при норме 0.7 м (СП 42.13330.2016, п. 9.6, табл. 9.1; ППМ 743-ПП, табл. 3.6.1)";"ассортимент для озеленения Москвы, категория «магистрали и улицы»; без инвазивных видов ППМ 369-ПП";силовой кабель;3.22;0.7;"СП 42.13330.2016, п. 9.6, табл. 9.1; ППМ 743-ПП, табл. 3.6.1"
bush_site_edge_023_002;посажено;bush;Спирея березолистная;NEW_BUSH;-444.011;-294.254;14254.106;-1282.541;Линейная посадка (живая изгородь/ряд вдоль полосы);;"Линейная посадка (живая изгородь/ряд вдоль полосы) — типовое решение в стиле участка; ближайшее ограничение — силовой кабель: 4.5 м при норме 0.7 м (СП 42.13330.2016, п. 9.6, табл. 9.1; ППМ 743-ПП, табл. 3.6.1)";"ассортимент для озеленения Москвы, категория «магистрали и улицы»; без инвазивных видов ППМ 369-ПП";силовой кабель;4.48;0.7;"СП 42.13330.2016, п. 9.6, табл. 9.1; ППМ 743-ПП, табл. 3.6.1"
bush_site_edge_023_003;посажено;bush;Спирея березолистная;NEW_BUSH;-444.917;-295.321;14253.2;-1283.608;Линейная посадка (живая изгородь/ряд вдоль полосы);;"Линейная посадка (живая изгородь/ряд вдоль полосы) — типовое решение в стиле участка; нормируемых ограничений ближе 5 м сверх нормы нет";"ассортимент для озеленения Москвы, категория «магистрали и улицы»; без инвазивных видов ППМ 369-ПП";;;;
bush_site_edge_023_004;посажено;bush;Спирея березолистная;NEW_BUSH;-445.823;-296.388;14252.293;-1284.675;Линейная посадка (живая изгородь/ряд вдоль полосы);;"Линейная посадка (живая изгородь/ряд вдоль полосы) — типовое решение в стиле участка; нормируемых ограничений ближе 5 м сверх нормы нет";"ассортимент для озеленения Москвы, категория «магистрали и улицы»; без инвазивных видов ППМ 369-ПП";;;;
bush_site_edge_023_005;посажено;bush;Спирея березолистная;NEW_BUSH;-446.73;-297.455;14251.387;-1285.742;Линейная посадка (живая изгородь/ряд вдоль полосы);;"Линейная посадка (живая изгородь/ряд вдоль полосы) — типовое решение в стиле участка; нормируемых ограничений ближе 5 м сверх нормы нет";"ассортимент для озеленения Москвы, категория «магистрали и улицы»; без инвазивных видов ППМ 369-ПП";;;;
bush_site_edge_023_006;посажено;bush;Спирея березолистная;NEW_BUSH;-447.636;-298.522;14250.481;-1286.809;Линейная посадка (живая изгородь/ряд вдоль полосы);;"Линейная посадка (живая изгородь/ряд вдоль полосы) — типовое решение в стиле участка; нормируемых ограничений ближе 5 м сверх нормы нет";"ассортимент для озеленения Москвы, категория «магистрали и улицы»; без инвазивных видов ППМ 369-ПП";;;;
bush_site_edge_023_007;посажено;bush;Спирея березолистная;NEW_BUSH;-448.542;-299.589;14249.574;-1287.876;Линейная посадка (живая изгородь/ряд вдоль полосы);;"Линейная посадка (живая изгородь/ряд вдоль полосы) — типовое решение в стиле участка; ближайшее ограничение — пешеходная дорожка / тротуар: 4.9 м при норме 0.5 м (СП 42.13330.2016, п. 9.6, табл. 9.1; ППМ 743-ПП, табл. 3.6.1)";"ассортимент для озеленения Москвы, категория «магистрали и улицы»; без инвазивных видов ППМ 369-ПП";пешеходная дорожка / тротуар;4.9;0.5;"СП 42.13330.2016, п. 9.6, табл. 9.1; ППМ 743-ПП, табл. 3.6.1"
bush_site_edge_025_001;посажено;bush;Спирея березолистная;NEW_BUSH;-498.19;-357.739;14199.927;-1346.027;Линейная посадка (живая изгородь/ряд вдоль полосы);;"Линейная посадка (живая изгородь/ряд вдоль полосы) — типовое решение в стиле участка; ближайшее ограничение — пешеходная дорожка / тротуар: 3.8 м при норме 0.5 м (СП 42.13330.2016, п. 9.6, табл. 9.1; ППМ 743-ПП, табл. 3.6.1)";"ассортимент для озеленения Москвы, категория «магистрали и улицы»; без инвазивных видов ППМ 369-ПП";пешеходная дорожка / тротуар;3.84;0.5;"СП 42.13330.2016, п. 9.6, табл. 9.1; ППМ 743-ПП, табл. 3.6.1"
bush_site_edge_025_002;посажено;bush;Спирея березолистная;NEW_BUSH;-499.422;-358.404;14198.695;-1346.692;Линейная посадка (живая изгородь/ряд вдоль полосы);;"Линейная посадка (живая изгородь/ряд вдоль полосы) — типовое решение в стиле участка; ближайшее ограничение — пешеходная дорожка / тротуар: 4.1 м при норме 0.5 м (СП 42.13330.2016, п. 9.6, табл. 9.1; ППМ 743-ПП, табл. 3.6.1)";"ассортимент для озеленения Москвы, категория «магистрали и улицы»; без инвазивных видов ППМ 369-ПП";пешеходная дорожка / тротуар;4.11;0.5;"СП 42.13330.2016, п. 9.6, табл. 9.1; ППМ 743-ПП, табл. 3.6.1"
bush_site_edge_025_003;посажено;bush;Спирея березолистная;NEW_BUSH;-500.654;-359.069;14197.463;-1347.356;Линейная посадка (живая изгородь/ряд вдоль полосы);;"Линейная посадка (живая изгородь/ряд вдоль полосы) — типовое решение в стиле участка; ближайшее ограничение — пешеходная дорожка / тротуар: 4.4 м при норме 0.5 м (СП 42.13330.2016, п. 9.6, табл. 9.1; ППМ 743-ПП, табл. 3.6.1)";"ассортимент для озеленения Москвы, категория «магистрали и улицы»; без инвазивных видов ППМ 369-ПП";пешеходная дорожка / тротуар;4.38;0.5;"СП 42.13330.2016, п. 9.6, табл. 9.1; ППМ 743-ПП, табл. 3.6.1"
bush_site_edge_025_004;посажено;bush;Спирея березолистная;NEW_BUSH;-501.886;-359.734;14196.231;-1348.021;Линейная посадка (живая изгородь/ряд вдоль полосы);;"Линейная посадка (живая изгородь/ряд вдоль полосы) — типовое решение в стиле участка; ближайшее ограничение — пешеходная дорожка / тротуар: 4.7 м при норме 0.5 м (СП 42.13330.2016, п. 9.6, табл. 9.1; ППМ 743-ПП, табл. 3.6.1)";"ассортимент для озеленения Москвы, категория «магистрали и улицы»; без инвазивных видов ППМ 369-ПП";пешеходная дорожка / тротуар;4.65;0.5;"СП 42.13330.2016, п. 9.6, табл. 9.1; ППМ 743-ПП, табл. 3.6.1"
bush_site_edge_025_005;посажено;bush;Спирея березолистная;NEW_BUSH;-503.118;-360.399;14194.999;-1348.686;Линейная посадка (живая изгородь/ряд вдоль полосы);;"Линейная посадка (живая изгородь/ряд вдоль полосы) — типовое решение в стиле участка; ближайшее ограничение — пешеходная дорожка / тротуар: 4.9 м при норме 0.5 м (СП 42.13330.2016, п. 9.6, табл. 9.1; ППМ 743-ПП, табл. 3.6.1)";"ассортимент для озеленения Москвы, категория «магистрали и улицы»; без инвазивных видов ППМ 369-ПП";пешеходная дорожка / тротуар;4.92;0.5;"СП 42.13330.2016, п. 9.6, табл. 9.1; ППМ 743-ПП, табл. 3.6.1"
bush_site_edge_025_006;посажено;bush;Спирея березолистная;NEW_BUSH;-504.35;-361.063;14193.767;-1349.351;Линейная посадка (живая изгородь/ряд вдоль полосы);;"Линейная посадка (живая изгородь/ряд вдоль полосы) — типовое решение в стиле участка; ближайшее ограничение — пешеходная дорожка / тротуар: 5.2 м при норме 0.5 м (СП 42.13330.2016, п. 9.6, табл. 9.1; ППМ 743-ПП, табл. 3.6.1)";"ассортимент для озеленения Москвы, категория «магистрали и улицы»; без инвазивных видов ППМ 369-ПП";пешеходная дорожка / тротуар;5.19;0.5;"СП 42.13330.2016, п. 9.6, табл. 9.1; ППМ 743-ПП, табл. 3.6.1"
bush_site_edge_025_007;посажено;bush;Спирея березолистная;NEW_BUSH;-509.665;-363.931;14188.451;-1352.219;Линейная посадка (живая изгородь/ряд вдоль полосы);;"Линейная посадка (живая изгородь/ряд вдоль полосы) — типовое решение в стиле участка; ближайшее ограничение — водопровод: 2.9 м при норме 0.0 м (СП 42.13330.2016, п. 9.6, табл. 9.1; ППМ 743-ПП, табл. 3.6.1)";"ассортимент для озеленения Москвы, категория «магистрали и улицы»; без инвазивных видов ППМ 369-ПП";водопровод;2.87;0.0;"СП 42.13330.2016, п. 9.6, табл. 9.1; ППМ 743-ПП, табл. 3.6.1"
bush_site_edge_026_001;посажено;bush;Спирея березолистная;NEW_BUSH;-689.915;-506.336;14008.202;-1494.624;Линейная посадка (живая изгородь/ряд вдоль полосы);;"Линейная посадка (живая изгородь/ряд вдоль полосы) — типовое решение в стиле участка; ближайшее ограничение — кабель связи: 4.7 м при норме 0.7 м (СП 42.13330.2016, п. 9.6, табл. 9.1; ППМ 743-ПП, табл. 3.6.1)";"ассортимент для озеленения Москвы, категория «магистрали и улицы»; без инвазивных видов ППМ 369-ПП";кабель связи;4.66;0.7;"СП 42.13330.2016, п. 9.6, табл. 9.1; ППМ 743-ПП, табл. 3.6.1"
bush_site_edge_026_002;посажено;bush;Спирея березолистная;NEW_BUSH;-689.083;-505.21;14009.034;-1493.497;Линейная посадка (живая изгородь/ряд вдоль полосы);;"Линейная посадка (живая изгородь/ряд вдоль полосы) — типовое решение в стиле участка; ближайшее ограничение — кабель связи: 4.0 м при норме 0.7 м (СП 42.13330.2016, п. 9.6, табл. 9.1; ППМ 743-ПП, табл. 3.6.1)";"ассортимент для озеленения Москвы, категория «магистрали и улицы»; без инвазивных видов ППМ 369-ПП";кабель связи;3.99;0.7;"СП 42.13330.2016, п. 9.6, табл. 9.1; ППМ 743-ПП, табл. 3.6.1"
bush_site_edge_026_003;посажено;bush;Спирея березолистная;NEW_BUSH;-688.252;-504.083;14009.865;-1492.371;Линейная посадка (живая изгородь/ряд вдоль полосы);;"Линейная посадка (живая изгородь/ряд вдоль полосы) — типовое решение в стиле участка; ближайшее ограничение — кабель связи: 3.3 м при норме 0.7 м (СП 42.13330.2016, п. 9.6, табл. 9.1; ППМ 743-ПП, табл. 3.6.1)";"ассортимент для озеленения Москвы, категория «магистрали и улицы»; без инвазивных видов ППМ 369-ПП";кабель связи;3.33;0.7;"СП 42.13330.2016, п. 9.6, табл. 9.1; ППМ 743-ПП, табл. 3.6.1"
bush_site_edge_026_004;посажено;bush;Спирея березолистная;NEW_BUSH;-687.421;-502.957;14010.696;-1491.244;Линейная посадка (живая изгородь/ряд вдоль полосы);;"Линейная посадка (живая изгородь/ряд вдоль полосы) — типовое решение в стиле участка; ближайшее ограничение — кабель связи: 2.7 м при норме 0.7 м (СП 42.13330.2016, п. 9.6, табл. 9.1; ППМ 743-ПП, табл. 3.6.1)";"ассортимент для озеленения Москвы, категория «магистрали и улицы»; без инвазивных видов ППМ 369-ПП";кабель связи;2.66;0.7;"СП 42.13330.2016, п. 9.6, табл. 9.1; ППМ 743-ПП, табл. 3.6.1"
tree_site_edge_027_001;посажено;tree;Клен остролистный;NEW_TREE;-675.747;-487.55;14022.37;-1475.837;Линейная посадка (живая изгородь/ряд вдоль полосы);;"Линейная посадка (живая изгородь/ряд вдоль полосы) — типовое решение в стиле участка; ближайшее ограничение — кабель связи: 5.7 м при норме 2.0 м (СП 42.13330.2016, п. 9.6, табл. 9.1; ППМ 743-ПП, табл. 3.6.1)";"ассортимент для озеленения Москвы, категория «магистрали и улицы»; без инвазивных видов ППМ 369-ПП";кабель связи;5.73;2.0;"СП 42.13330.2016, п. 9.6, табл. 9.1; ППМ 743-ПП, табл. 3.6.1"
tree_site_edge_027_002;посажено;tree;Клен остролистный;NEW_TREE;-668.682;-477.975;14029.435;-1466.262;Линейная посадка (живая изгородь/ряд вдоль полосы);;"Линейная посадка (живая изгородь/ряд вдоль полосы) — типовое решение в стиле участка; нормируемых ограничений ближе 5 м сверх нормы нет";"ассортимент для озеленения Москвы, категория «магистрали и улицы»; без инвазивных видов ППМ 369-ПП";tree tree_open_area_002_005;6.33;3.0;правило планировщика (не норма): зазор между объектами
tree_site_edge_027_003;посажено;tree;Клен остролистный;NEW_TREE;-661.616;-468.399;14036.501;-1456.687;Линейная посадка (живая изгородь/ряд вдоль полосы);;"Линейная посадка (живая изгородь/ряд вдоль полосы) — типовое решение в стиле участка; нормируемых ограничений ближе 5 м сверх нормы нет";"ассортимент для озеленения Москвы, категория «магистрали и улицы»; без инвазивных видов ППМ 369-ПП";tree tree_open_area_002_015;4.23;3.0;правило планировщика (не норма): зазор между объектами
bush_site_edge_027_001;посажено;bush;Спирея березолистная;NEW_BUSH;-679.903;-493.182;14018.213;-1481.47;Линейная посадка (живая изгородь/ряд вдоль полосы);;"Линейная посадка (живая изгородь/ряд вдоль полосы) — типовое решение в стиле участка; ближайшее ограничение — кабель связи: 2.4 м при норме 0.7 м (СП 42.13330.2016, п. 9.6, табл. 9.1; ППМ 743-ПП, табл. 3.6.1)";"ассортимент для озеленения Москвы, категория «магистрали и улицы»; без инвазивных видов ППМ 369-ПП";кабель связи;2.41;0.7;"СП 42.13330.2016, п. 9.6, табл. 9.1; ППМ 743-ПП, табл. 3.6.1"
bush_site_edge_027_002;посажено;bush;Спирея березолистная;NEW_BUSH;-679.072;-492.056;14019.045;-1480.343;Линейная посадка (живая изгородь/ряд вдоль полосы);;"Линейная посадка (живая изгородь/ряд вдоль полосы) — типовое решение в стиле участка; ближайшее ограничение — кабель связи: 3.1 м при норме 0.7 м (СП 42.13330.2016, п. 9.6, табл. 9.1; ППМ 743-ПП, табл. 3.6.1)";"ассортимент для озеленения Москвы, категория «магистрали и улицы»; без инвазивных видов ППМ 369-ПП";кабель связи;3.07;0.7;"СП 42.13330.2016, п. 9.6, табл. 9.1; ППМ 743-ПП, табл. 3.6.1"
bush_site_edge_027_003;посажено;bush;Спирея березолистная;NEW_BUSH;-678.241;-490.929;14019.876;-1479.217;Линейная посадка (живая изгородь/ряд вдоль полосы);;"Линейная посадка (живая изгородь/ряд вдоль полосы) — типовое решение в стиле участка; ближайшее ограничение — кабель связи: 3.7 м при норме 0.7 м (СП 42.13330.2016, п. 9.6, табл. 9.1; ППМ 743-ПП, табл. 3.6.1)";"ассортимент для озеленения Москвы, категория «магистрали и улицы»; без инвазивных видов ППМ 369-ПП";кабель связи;3.74;0.7;"СП 42.13330.2016, п. 9.6, табл. 9.1; ППМ 743-ПП, табл. 3.6.1"
bush_site_edge_027_004;посажено;bush;Спирея березолистная;NEW_BUSH;-677.41;-489.803;14020.707;-1478.09;Линейная посадка (живая изгородь/ряд вдоль полосы);;"Линейная посадка (живая изгородь/ряд вдоль полосы) — типовое решение в стиле участка; ближайшее ограничение — кабель связи: 4.4 м при норме 0.7 м (СП 42.13330.2016, п. 9.6, табл. 9.1; ППМ 743-ПП, табл. 3.6.1)";"ассортимент для озеленения Москвы, категория «магистрали и улицы»; без инвазивных видов ППМ 369-ПП";кабель связи;4.4;0.7;"СП 42.13330.2016, п. 9.6, табл. 9.1; ППМ 743-ПП, табл. 3.6.1"
bush_site_edge_027_005;посажено;bush;Спирея березолистная;NEW_BUSH;-676.578;-488.676;14021.538;-1476.964;Линейная посадка (живая изгородь/ряд вдоль полосы);;"Линейная посадка (живая изгородь/ряд вдоль полосы) — типовое решение в стиле участка; ближайшее ограничение — кабель связи: 5.1 м при норме 0.7 м (СП 42.13330.2016, п. 9.6, табл. 9.1; ППМ 743-ПП, табл. 3.6.1)";"ассортимент для озеленения Москвы, категория «магистрали и улицы»; без инвазивных видов ППМ 369-ПП";кабель связи;5.07;0.7;"СП 42.13330.2016, п. 9.6, табл. 9.1; ППМ 743-ПП, табл. 3.6.1"
bush_site_edge_027_006;посажено;bush;Спирея березолистная;NEW_BUSH;-674.916;-486.423;14023.201;-1474.711;Линейная посадка (живая изгородь/ряд вдоль полосы);;"Линейная посадка (живая изгородь/ряд вдоль полосы) — типовое решение в стиле участка; нормируемых ограничений ближе 5 м сверх нормы нет";"ассортимент для озеленения Москвы, категория «магистрали и улицы»; без инвазивных видов ППМ 369-ПП";;;;
bush_site_edge_027_007;посажено;bush;Спирея березолистная;NEW_BUSH;-674.085;-485.297;14024.032;-1473.584;Линейная посадка (живая изгородь/ряд вдоль полосы);;"Линейная посадка (живая изгородь/ряд вдоль полосы) — типовое решение в стиле участка; нормируемых ограничений ближе 5 м сверх нормы нет";"ассортимент для озеленения Москвы, категория «магистрали и улицы»; без инвазивных видов ППМ 369-ПП";;;;
bush_site_edge_027_008;посажено;bush;Спирея березолистная;NEW_BUSH;-673.253;-484.17;14024.863;-1472.458;Линейная посадка (живая изгородь/ряд вдоль полосы);;"Линейная посадка (живая изгородь/ряд вдоль полосы) — типовое решение в стиле участка; нормируемых ограничений ближе 5 м сверх нормы нет";"ассортимент для озеленения Москвы, категория «магистрали и улицы»; без инвазивных видов ППМ 369-ПП";;;;
bush_site_edge_027_009;посажено;bush;Спирея березолистная;NEW_BUSH;-672.422;-483.044;14025.695;-1471.331;Линейная посадка (живая изгородь/ряд вдоль полосы);;"Линейная посадка (живая изгородь/ряд вдоль полосы) — типовое решение в стиле участка; нормируемых ограничений ближе 5 м сверх нормы нет";"ассортимент для озеленения Москвы, категория «магистрали и улицы»; без инвазивных видов ППМ 369-ПП";;;;
bush_site_edge_027_010;посажено;bush;Спирея березолистная;NEW_BUSH;-671.591;-481.917;14026.526;-1470.205;Линейная посадка (живая изгородь/ряд вдоль полосы);;"Линейная посадка (живая изгородь/ряд вдоль полосы) — типовое решение в стиле участка; нормируемых ограничений ближе 5 м сверх нормы нет";"ассортимент для озеленения Москвы, категория «магистрали и улицы»; без инвазивных видов ППМ 369-ПП";;;;
bush_site_edge_027_011;посажено;bush;Спирея березолистная;NEW_BUSH;-670.76;-480.791;14027.357;-1469.078;Линейная посадка (живая изгородь/ряд вдоль полосы);;"Линейная посадка (живая изгородь/ряд вдоль полосы) — типовое решение в стиле участка; нормируемых ограничений ближе 5 м сверх нормы нет";"ассортимент для озеленения Москвы, категория «магистрали и улицы»; без инвазивных видов ППМ 369-ПП";;;;
bush_site_edge_027_012;посажено;bush;Спирея березолистная;NEW_BUSH;-669.928;-479.664;14028.188;-1467.952;Линейная посадка (живая изгородь/ряд вдоль полосы);;"Линейная посадка (живая изгородь/ряд вдоль полосы) — типовое решение в стиле участка; нормируемых ограничений ближе 5 м сверх нормы нет";"ассортимент для озеленения Москвы, категория «магистрали и улицы»; без инвазивных видов ППМ 369-ПП";;;;
bush_site_edge_027_013;посажено;bush;Спирея березолистная;NEW_BUSH;-667.435;-476.285;14030.682;-1464.572;Линейная посадка (живая изгородь/ряд вдоль полосы);;"Линейная посадка (живая изгородь/ряд вдоль полосы) — типовое решение в стиле участка; нормируемых ограничений ближе 5 м сверх нормы нет";"ассортимент для озеленения Москвы, категория «магистрали и улицы»; без инвазивных видов ППМ 369-ПП";;;;
bush_site_edge_027_014;посажено;bush;Спирея березолистная;NEW_BUSH;-666.603;-475.158;14031.513;-1463.446;Линейная посадка (живая изгородь/ряд вдоль полосы);;"Линейная посадка (живая изгородь/ряд вдоль полосы) — типовое решение в стиле участка; нормируемых ограничений ближе 5 м сверх нормы нет";"ассортимент для озеленения Москвы, категория «магистрали и улицы»; без инвазивных видов ППМ 369-ПП";;;;
bush_site_edge_027_015;посажено;bush;Спирея березолистная;NEW_BUSH;-665.772;-474.032;14032.345;-1462.319;Линейная посадка (живая изгородь/ряд вдоль полосы);;"Линейная посадка (живая изгородь/ряд вдоль полосы) — типовое решение в стиле участка; нормируемых ограничений ближе 5 м сверх нормы нет";"ассортимент для озеленения Москвы, категория «магистрали и улицы»; без инвазивных видов ППМ 369-ПП";;;;
bush_site_edge_027_016;посажено;bush;Спирея березолистная;NEW_BUSH;-664.941;-472.905;14033.176;-1461.193;Линейная посадка (живая изгородь/ряд вдоль полосы);;"Линейная посадка (живая изгородь/ряд вдоль полосы) — типовое решение в стиле участка; нормируемых ограничений ближе 5 м сверх нормы нет";"ассортимент для озеленения Москвы, категория «магистрали и улицы»; без инвазивных видов ППМ 369-ПП";;;;
bush_site_edge_027_017;посажено;bush;Спирея березолистная;NEW_BUSH;-664.11;-471.779;14034.007;-1460.066;Линейная посадка (живая изгородь/ряд вдоль полосы);;"Линейная посадка (живая изгородь/ряд вдоль полосы) — типовое решение в стиле участка; нормируемых ограничений ближе 5 м сверх нормы нет";"ассортимент для озеленения Москвы, категория «магистрали и улицы»; без инвазивных видов ППМ 369-ПП";;;;
bush_site_edge_027_018;посажено;bush;Спирея березолистная;NEW_BUSH;-663.278;-470.652;14034.838;-1458.94;Линейная посадка (живая изгородь/ряд вдоль полосы);;"Линейная посадка (живая изгородь/ряд вдоль полосы) — типовое решение в стиле участка; нормируемых ограничений ближе 5 м сверх нормы нет";"ассортимент для озеленения Москвы, категория «магистрали и улицы»; без инвазивных видов ППМ 369-ПП";;;;
bush_site_edge_027_019;посажено;bush;Спирея березолистная;NEW_BUSH;-662.447;-469.526;14035.67;-1457.813;Линейная посадка (живая изгородь/ряд вдоль полосы);;"Линейная посадка (живая изгородь/ряд вдоль полосы) — типовое решение в стиле участка; нормируемых ограничений ближе 5 м сверх нормы нет";"ассортимент для озеленения Москвы, категория «магистрали и улицы»; без инвазивных видов ППМ 369-ПП";;;;
bush_site_edge_027_020;посажено;bush;Спирея березолистная;NEW_BUSH;-660.785;-467.273;14037.332;-1455.56;Линейная посадка (живая изгородь/ряд вдоль полосы);;"Линейная посадка (живая изгородь/ряд вдоль полосы) — типовое решение в стиле участка; нормируемых ограничений ближе 5 м сверх нормы нет";"ассортимент для озеленения Москвы, категория «магистрали и улицы»; без инвазивных видов ППМ 369-ПП";;;;
bush_site_edge_027_021;посажено;bush;Спирея березолистная;NEW_BUSH;-659.953;-466.146;14038.163;-1454.434;Линейная посадка (живая изгородь/ряд вдоль полосы);;"Линейная посадка (живая изгородь/ряд вдоль полосы) — типовое решение в стиле участка; нормируемых ограничений ближе 5 м сверх нормы нет";"ассортимент для озеленения Москвы, категория «магистрали и улицы»; без инвазивных видов ППМ 369-ПП";;;;
bush_site_edge_027_022;посажено;bush;Спирея березолистная;NEW_BUSH;-659.122;-465.02;14038.995;-1453.307;Линейная посадка (живая изгородь/ряд вдоль полосы);;"Линейная посадка (живая изгородь/ряд вдоль полосы) — типовое решение в стиле участка; нормируемых ограничений ближе 5 м сверх нормы нет";"ассортимент для озеленения Москвы, категория «магистрали и улицы»; без инвазивных видов ППМ 369-ПП";;;;
bush_site_edge_027_023;посажено;bush;Спирея березолистная;NEW_BUSH;-658.291;-463.893;14039.826;-1452.181;Линейная посадка (живая изгородь/ряд вдоль полосы);;"Линейная посадка (живая изгородь/ряд вдоль полосы) — типовое решение в стиле участка; нормируемых ограничений ближе 5 м сверх нормы нет";"ассортимент для озеленения Москвы, категория «магистрали и улицы»; без инвазивных видов ППМ 369-ПП";;;;
bush_site_edge_027_024;посажено;bush;Спирея березолистная;NEW_BUSH;-657.46;-462.767;14040.657;-1451.054;Линейная посадка (живая изгородь/ряд вдоль полосы);;"Линейная посадка (живая изгородь/ряд вдоль полосы) — типовое решение в стиле участка; ближайшее ограничение — проезжая часть: 5.9 м при норме 1.0 м (СП 42.13330.2016, п. 9.6, табл. 9.1; ППМ 743-ПП, табл. 3.6.1)";"ассортимент для озеленения Москвы, категория «магистрали и улицы»; без инвазивных видов ППМ 369-ПП";проезжая часть;5.86;1.0;"СП 42.13330.2016, п. 9.6, табл. 9.1; ППМ 743-ПП, табл. 3.6.1"
tree_site_edge_028_001;посажено;tree;Клен остролистный;NEW_TREE;-593.9;-393.434;14104.216;-1381.721;Линейная посадка (живая изгородь/ряд вдоль полосы);;"Линейная посадка (живая изгородь/ряд вдоль полосы) — типовое решение в стиле участка; нормируемых ограничений ближе 5 м сверх нормы нет";"ассортимент для озеленения Москвы, категория «магистрали и улицы»; без инвазивных видов ППМ 369-ПП";tree tree_open_area_004_019;5.93;3.0;правило планировщика (не норма): зазор между объектами
tree_site_edge_028_002;посажено;tree;Клен остролистный;NEW_TREE;-602.019;-402.134;14096.098;-1390.422;Линейная посадка (живая изгородь/ряд вдоль полосы);;"Линейная посадка (живая изгородь/ряд вдоль полосы) — типовое решение в стиле участка; нормируемых ограничений ближе 5 м сверх нормы нет";"ассортимент для озеленения Москвы, категория «магистрали и улицы»; без инвазивных видов ППМ 369-ПП";tree tree_open_area_004_013;7.84;3.0;правило планировщика (не норма): зазор между объектами
bush_site_edge_028_001;посажено;bush;Спирея березолистная;NEW_BUSH;-586.976;-386.013;14111.141;-1374.3;Линейная посадка (живая изгородь/ряд вдоль полосы);;"Линейная посадка (живая изгородь/ряд вдоль полосы) — типовое решение в стиле участка; ближайшее ограничение — водопровод: 3.2 м при норме 0.0 м (СП 42.13330.2016, п. 9.6, табл. 9.1; ППМ 743-ПП, табл. 3.6.1)";"ассортимент для озеленения Москвы, категория «магистрали и улицы»; без инвазивных видов ППМ 369-ПП";водопровод;3.18;0.0;"СП 42.13330.2016, п. 9.6, табл. 9.1; ППМ 743-ПП, табл. 3.6.1"
bush_site_edge_028_002;посажено;bush;Спирея березолистная;NEW_BUSH;-587.931;-387.037;14110.186;-1375.324;Линейная посадка (живая изгородь/ряд вдоль полосы);;"Линейная посадка (живая изгородь/ряд вдоль полосы) — типовое решение в стиле участка; ближайшее ограничение — водопровод: 4.4 м при норме 0.0 м (СП 42.13330.2016, п. 9.6, табл. 9.1; ППМ 743-ПП, табл. 3.6.1)";"ассортимент для озеленения Москвы, категория «магистрали и улицы»; без инвазивных видов ППМ 369-ПП";водопровод;4.41;0.0;"СП 42.13330.2016, п. 9.6, табл. 9.1; ППМ 743-ПП, табл. 3.6.1"
bush_site_edge_028_003;посажено;bush;Спирея березолистная;NEW_BUSH;-588.886;-388.06;14109.231;-1376.348;Линейная посадка (живая изгородь/ряд вдоль полосы);;"Линейная посадка (живая изгородь/ряд вдоль полосы) — типовое решение в стиле участка; нормируемых ограничений ближе 5 м сверх нормы нет";"ассортимент для озеленения Москвы, категория «магистрали и улицы»; без инвазивных видов ППМ 369-ПП";;;;
bush_site_edge_028_004;посажено;bush;Спирея березолистная;NEW_BUSH;-589.841;-389.084;14108.276;-1377.371;Линейная посадка (живая изгородь/ряд вдоль полосы);;"Линейная посадка (живая изгородь/ряд вдоль полосы) — типовое решение в стиле участка; нормируемых ограничений ближе 5 м сверх нормы нет";"ассортимент для озеленения Москвы, категория «магистрали и улицы»; без инвазивных видов ППМ 369-ПП";;;;
bush_site_edge_028_005;посажено;bush;Спирея березолистная;NEW_BUSH;-590.796;-390.107;14107.321;-1378.395;Линейная посадка (живая изгородь/ряд вдоль полосы);;"Линейная посадка (живая изгородь/ряд вдоль полосы) — типовое решение в стиле участка; нормируемых ограничений ближе 5 м сверх нормы нет";"ассортимент для озеленения Москвы, категория «магистрали и улицы»; без инвазивных видов ППМ 369-ПП";;;;
bush_site_edge_028_006;посажено;bush;Спирея березолистная;NEW_BUSH;-591.751;-391.131;14106.365;-1379.418;Линейная посадка (живая изгородь/ряд вдоль полосы);;"Линейная посадка (живая изгородь/ряд вдоль полосы) — типовое решение в стиле участка; нормируемых ограничений ближе 5 м сверх нормы нет";"ассортимент для озеленения Москвы, категория «магистрали и улицы»; без инвазивных видов ППМ 369-ПП";;;;
bush_site_edge_028_007;посажено;bush;Спирея березолистная;NEW_BUSH;-592.706;-392.154;14105.41;-1380.442;Линейная посадка (живая изгородь/ряд вдоль полосы);;"Линейная посадка (живая изгородь/ряд вдоль полосы) — типовое решение в стиле участка; нормируемых ограничений ближе 5 м сверх нормы нет";"ассортимент для озеленения Москвы, категория «магистрали и улицы»; без инвазивных видов ППМ 369-ПП";;;;
bush_site_edge_028_008;посажено;bush;Спирея березолистная;NEW_BUSH;-594.617;-394.202;14103.5;-1382.489;Линейная посадка (живая изгородь/ряд вдоль полосы);;"Линейная посадка (живая изгородь/ряд вдоль полосы) — типовое решение в стиле участка; нормируемых ограничений ближе 5 м сверх нормы нет";"ассортимент для озеленения Москвы, категория «магистрали и улицы»; без инвазивных видов ППМ 369-ПП";;;;
bush_site_edge_028_009;посажено;bush;Спирея березолистная;NEW_BUSH;-595.572;-395.225;14102.545;-1383.513;Линейная посадка (живая изгородь/ряд вдоль полосы);;"Линейная посадка (живая изгородь/ряд вдоль полосы) — типовое решение в стиле участка; нормируемых ограничений ближе 5 м сверх нормы нет";"ассортимент для озеленения Москвы, категория «магистрали и улицы»; без инвазивных видов ППМ 369-ПП";;;;
bush_site_edge_028_010;посажено;bush;Спирея березолистная;NEW_BUSH;-596.527;-396.249;14101.59;-1384.536;Линейная посадка (живая изгородь/ряд вдоль полосы);;"Линейная посадка (живая изгородь/ряд вдоль полосы) — типовое решение в стиле участка; нормируемых ограничений ближе 5 м сверх нормы нет";"ассортимент для озеленения Москвы, категория «магистрали и улицы»; без инвазивных видов ППМ 369-ПП";;;;
bush_site_edge_028_011;посажено;bush;Спирея березолистная;NEW_BUSH;-597.482;-397.272;14100.635;-1385.56;Линейная посадка (живая изгородь/ряд вдоль полосы);;"Линейная посадка (живая изгородь/ряд вдоль полосы) — типовое решение в стиле участка; нормируемых ограничений ближе 5 м сверх нормы нет";"ассортимент для озеленения Москвы, категория «магистрали и улицы»; без инвазивных видов ППМ 369-ПП";;;;
bush_site_edge_028_012;посажено;bush;Спирея березолистная;NEW_BUSH;-598.437;-398.296;14099.679;-1386.583;Линейная посадка (живая изгородь/ряд вдоль полосы);;"Линейная посадка (живая изгородь/ряд вдоль полосы) — типовое решение в стиле участка; нормируемых ограничений ближе 5 м сверх нормы нет";"ассортимент для озеленения Москвы, категория «магистрали и улицы»; без инвазивных видов ППМ 369-ПП";;;;
bush_site_edge_028_013;посажено;bush;Спирея березолистная;NEW_BUSH;-599.392;-399.319;14098.724;-1387.607;Линейная посадка (живая изгородь/ряд вдоль полосы);;"Линейная посадка (живая изгородь/ряд вдоль полосы) — типовое решение в стиле участка; нормируемых ограничений ближе 5 м сверх нормы нет";"ассортимент для озеленения Москвы, категория «магистрали и улицы»; без инвазивных видов ППМ 369-ПП";;;;
bush_site_edge_028_014;посажено;bush;Спирея березолистная;NEW_BUSH;-600.348;-400.343;14097.769;-1388.63;Линейная посадка (живая изгородь/ряд вдоль полосы);;"Линейная посадка (живая изгородь/ряд вдоль полосы) — типовое решение в стиле участка; нормируемых ограничений ближе 5 м сверх нормы нет";"ассортимент для озеленения Москвы, категория «магистрали и улицы»; без инвазивных видов ППМ 369-ПП";;;;
bush_site_edge_028_015;посажено;bush;Спирея березолистная;NEW_BUSH;-601.303;-401.367;14096.814;-1389.654;Линейная посадка (живая изгородь/ряд вдоль полосы);;"Линейная посадка (живая изгородь/ряд вдоль полосы) — типовое решение в стиле участка; нормируемых ограничений ближе 5 м сверх нормы нет";"ассортимент для озеленения Москвы, категория «магистрали и улицы»; без инвазивных видов ППМ 369-ПП";;;;
bush_site_edge_028_016;посажено;bush;Спирея березолистная;NEW_BUSH;-603.213;-403.414;14094.904;-1391.701;Линейная посадка (живая изгородь/ряд вдоль полосы);;"Линейная посадка (живая изгородь/ряд вдоль полосы) — типовое решение в стиле участка; нормируемых ограничений ближе 5 м сверх нормы нет";"ассортимент для озеленения Москвы, категория «магистрали и улицы»; без инвазивных видов ППМ 369-ПП";;;;
bush_site_edge_028_017;посажено;bush;Спирея березолистная;NEW_BUSH;-604.168;-404.437;14093.949;-1392.725;Линейная посадка (живая изгородь/ряд вдоль полосы);;"Линейная посадка (живая изгородь/ряд вдоль полосы) — типовое решение в стиле участка; нормируемых ограничений ближе 5 м сверх нормы нет";"ассортимент для озеленения Москвы, категория «магистрали и улицы»; без инвазивных видов ППМ 369-ПП";;;;
bush_site_edge_028_018;посажено;bush;Спирея березолистная;NEW_BUSH;-605.123;-405.461;14092.993;-1393.748;Линейная посадка (живая изгородь/ряд вдоль полосы);;"Линейная посадка (живая изгородь/ряд вдоль полосы) — типовое решение в стиле участка; нормируемых ограничений ближе 5 м сверх нормы нет";"ассортимент для озеленения Москвы, категория «магистрали и улицы»; без инвазивных видов ППМ 369-ПП";;;;
bush_site_edge_028_019;посажено;bush;Спирея березолистная;NEW_BUSH;-606.079;-406.484;14092.038;-1394.772;Линейная посадка (живая изгородь/ряд вдоль полосы);;"Линейная посадка (живая изгородь/ряд вдоль полосы) — типовое решение в стиле участка; нормируемых ограничений ближе 5 м сверх нормы нет";"ассортимент для озеленения Москвы, категория «магистрали и улицы»; без инвазивных видов ППМ 369-ПП";;;;
bush_site_edge_028_020;посажено;bush;Спирея березолистная;NEW_BUSH;-607.034;-407.508;14091.083;-1395.795;Линейная посадка (живая изгородь/ряд вдоль полосы);;"Линейная посадка (живая изгородь/ряд вдоль полосы) — типовое решение в стиле участка; нормируемых ограничений ближе 5 м сверх нормы нет";"ассортимент для озеленения Москвы, категория «магистрали и улицы»; без инвазивных видов ППМ 369-ПП";;;;
bush_site_edge_028_021;посажено;bush;Спирея березолистная;NEW_BUSH;-607.989;-408.532;14090.128;-1396.819;Линейная посадка (живая изгородь/ряд вдоль полосы);;"Линейная посадка (живая изгородь/ряд вдоль полосы) — типовое решение в стиле участка; ближайшее ограничение — силовой кабель: 4.7 м при норме 0.7 м (СП 42.13330.2016, п. 9.6, табл. 9.1; ППМ 743-ПП, табл. 3.6.1)";"ассортимент для озеленения Москвы, категория «магистрали и улицы»; без инвазивных видов ППМ 369-ПП";силовой кабель;4.65;0.7;"СП 42.13330.2016, п. 9.6, табл. 9.1; ППМ 743-ПП, табл. 3.6.1"
bush_site_edge_028_022;посажено;bush;Спирея березолистная;NEW_BUSH;-608.944;-409.555;14089.173;-1397.843;Линейная посадка (живая изгородь/ряд вдоль полосы);;"Линейная посадка (живая изгородь/ряд вдоль полосы) — типовое решение в стиле участка; ближайшее ограничение — силовой кабель: 3.3 м при норме 0.7 м (СП 42.13330.2016, п. 9.6, табл. 9.1; ППМ 743-ПП, табл. 3.6.1)";"ассортимент для озеленения Москвы, категория «магистрали и улицы»; без инвазивных видов ППМ 369-ПП";силовой кабель;3.3;0.7;"СП 42.13330.2016, п. 9.6, табл. 9.1; ППМ 743-ПП, табл. 3.6.1"
tree_site_edge_029_001;посажено;tree;Клен остролистный;NEW_TREE;-549.544;-346.423;14148.573;-1334.71;Линейная посадка (живая изгородь/ряд вдоль полосы);;"Линейная посадка (живая изгородь/ряд вдоль полосы) — типовое решение в стиле участка; ближайшее ограничение — водопровод: 6.0 м при норме 2.0 м (СП 42.13330.2016, п. 9.6, табл. 9.1; ППМ 743-ПП, табл. 3.6.1)";"ассортимент для озеленения Москвы, категория «магистрали и улицы»; без инвазивных видов ППМ 369-ПП";водопровод;6.01;2.0;"СП 42.13330.2016, п. 9.6, табл. 9.1; ППМ 743-ПП, табл. 3.6.1"
tree_site_edge_029_002;посажено;tree;Клен остролистный;NEW_TREE;-557.844;-354.95;14140.273;-1343.237;Линейная посадка (живая изгородь/ряд вдоль полосы);;"Линейная посадка (живая изгородь/ряд вдоль полосы) — типовое решение в стиле участка; нормируемых ограничений ближе 5 м сверх нормы нет";"ассортимент для озеленения Москвы, категория «магистрали и улицы»; без инвазивных видов ППМ 369-ПП";tree tree_open_area_005_005;4.13;3.0;правило планировщика (не норма): зазор между объектами
tree_site_edge_029_003;посажено;tree;Клен остролистный;NEW_TREE;-566.144;-363.478;14131.972;-1351.765;Линейная посадка (живая изгородь/ряд вдоль полосы);;"Линейная посадка (живая изгородь/ряд вдоль полосы) — типовое решение в стиле участка; нормируемых ограничений ближе 5 м сверх нормы нет";"ассортимент для озеленения Москвы, категория «магистрали и улицы»; без инвазивных видов ППМ 369-ПП";;;;
tree_site_edge_029_004;посажено;tree;Клен остролистный;NEW_TREE;-574.444;-372.005;14123.672;-1360.292;Линейная посадка (живая изгородь/ряд вдоль полосы);;"Линейная посадка (живая изгородь/ряд вдоль полосы) — типовое решение в стиле участка; нормируемых ограничений ближе 5 м сверх нормы нет";"ассортимент для озеленения Москвы, категория «магистрали и улицы»; без инвазивных видов ППМ 369-ПП";tree tree_open_area_005_002;8.66;3.0;правило планировщика (не норма): зазор между объектами
bush_site_edge_029_001;посажено;bush;Спирея березолистная;NEW_BUSH;-545.882;-342.66;14152.234;-1330.948;Линейная посадка (живая изгородь/ряд вдоль полосы);;"Линейная посадка (живая изгородь/ряд вдоль полосы) — типовое решение в стиле участка; ближайшее ограничение — водопровод: 2.7 м при норме 0.0 м (СП 42.13330.2016, п. 9.6, табл. 9.1; ППМ 743-ПП, табл. 3.6.1)";"ассортимент для озеленения Москвы, категория «магистрали и улицы»; без инвазивных видов ППМ 369-ПП";водопровод;2.68;0.0;"СП 42.13330.2016, п. 9.6, табл. 9.1; ППМ 743-ПП, табл. 3.6.1"
bush_site_edge_029_002;посажено;bush;Спирея березолистная;NEW_BUSH;-546.859;-343.664;14151.258;-1331.951;Линейная посадка (живая изгородь/ряд вдоль полосы);;"Линейная посадка (живая изгородь/ряд вдоль полосы) — типовое решение в стиле участка; ближайшее ограничение — водопровод: 3.6 м при норме 0.0 м (СП 42.13330.2016, п. 9.6, табл. 9.1; ППМ 743-ПП, табл. 3.6.1)";"ассортимент для озеленения Москвы, категория «магистрали и улицы»; без инвазивных видов ППМ 369-ПП";водопровод;3.56;0.0;"СП 42.13330.2016, п. 9.6, табл. 9.1; ППМ 743-ПП, табл. 3.6.1"
bush_site_edge_029_003;посажено;bush;Спирея березолистная;NEW_BUSH;-547.835;-344.667;14150.282;-1332.954;Линейная посадка (живая изгородь/ряд вдоль полосы);;"Линейная посадка (живая изгородь/ряд вдоль полосы) — типовое решение в стиле участка; ближайшее ограничение — водопровод: 4.5 м при норме 0.0 м (СП 42.13330.2016, п. 9.6, табл. 9.1; ППМ 743-ПП, табл. 3.6.1)";"ассортимент для озеленения Москвы, категория «магистрали и улицы»; без инвазивных видов ППМ 369-ПП";водопровод;4.45;0.0;"СП 42.13330.2016, п. 9.6, табл. 9.1; ППМ 743-ПП, табл. 3.6.1"
bush_site_edge_029_004;посажено;bush;Спирея березолистная;NEW_BUSH;-548.812;-345.67;14149.305;-1333.958;Линейная посадка (живая изгородь/ряд вдоль полосы);;"Линейная посадка (живая изгородь/ряд вдоль полосы) — типовое решение в стиле участка; нормируемых ограничений ближе 5 м сверх нормы нет";"ассортимент для озеленения Москвы, категория «магистрали и улицы»; без инвазивных видов ППМ 369-ПП";;;;
bush_site_edge_029_005;посажено;bush;Спирея березолистная;NEW_BUSH;-550.765;-347.677;14147.352;-1335.964;Линейная посадка (живая изгородь/ряд вдоль полосы);;"Линейная посадка (живая изгородь/ряд вдоль полосы) — типовое решение в стиле участка; нормируемых ограничений ближе 5 м сверх нормы нет";"ассортимент для озеленения Москвы, категория «магистрали и улицы»; без инвазивных видов ППМ 369-ПП";;;;
bush_site_edge_029_006;посажено;bush;Спирея березолистная;NEW_BUSH;-551.741;-348.68;14146.376;-1336.967;Линейная посадка (живая изгородь/ряд вдоль полосы);;"Линейная посадка (живая изгородь/ряд вдоль полосы) — типовое решение в стиле участка; нормируемых ограничений ближе 5 м сверх нормы нет";"ассортимент для озеленения Москвы, категория «магистрали и улицы»; без инвазивных видов ППМ 369-ПП";;;;
bush_site_edge_029_007;посажено;bush;Спирея березолистная;NEW_BUSH;-552.718;-349.683;14145.399;-1337.97;Линейная посадка (живая изгородь/ряд вдоль полосы);;"Линейная посадка (живая изгородь/ряд вдоль полосы) — типовое решение в стиле участка; нормируемых ограничений ближе 5 м сверх нормы нет";"ассортимент для озеленения Москвы, категория «магистрали и улицы»; без инвазивных видов ППМ 369-ПП";;;;
bush_site_edge_029_008;посажено;bush;Спирея березолистная;NEW_BUSH;-553.694;-350.686;14144.423;-1338.974;Линейная посадка (живая изгородь/ряд вдоль полосы);;"Линейная посадка (живая изгородь/ряд вдоль полосы) — типовое решение в стиле участка; нормируемых ограничений ближе 5 м сверх нормы нет";"ассортимент для озеленения Москвы, категория «магистрали и улицы»; без инвазивных видов ППМ 369-ПП";;;;
bush_site_edge_029_009;посажено;bush;Спирея березолистная;NEW_BUSH;-554.671;-351.69;14143.446;-1339.977;Линейная посадка (живая изгородь/ряд вдоль полосы);;"Линейная посадка (живая изгородь/ряд вдоль полосы) — типовое решение в стиле участка; нормируемых ограничений ближе 5 м сверх нормы нет";"ассортимент для озеленения Москвы, категория «магистрали и улицы»; без инвазивных видов ППМ 369-ПП";;;;
bush_site_edge_029_010;посажено;bush;Спирея березолистная;NEW_BUSH;-555.647;-352.693;14142.47;-1340.98;Линейная посадка (живая изгородь/ряд вдоль полосы);;"Линейная посадка (живая изгородь/ряд вдоль полосы) — типовое решение в стиле участка; нормируемых ограничений ближе 5 м сверх нормы нет";"ассортимент для озеленения Москвы, категория «магистрали и улицы»; без инвазивных видов ППМ 369-ПП";;;;
bush_site_edge_029_011;посажено;bush;Спирея березолистная;NEW_BUSH;-556.624;-353.696;14141.493;-1341.983;Линейная посадка (живая изгородь/ряд вдоль полосы);;"Линейная посадка (живая изгородь/ряд вдоль полосы) — типовое решение в стиле участка; нормируемых ограничений ближе 5 м сверх нормы нет";"ассортимент для озеленения Москвы, категория «магистрали и улицы»; без инвазивных видов ППМ 369-ПП";;;;
bush_site_edge_029_012;посажено;bush;Спирея березолистная;NEW_BUSH;-558.577;-355.702;14139.54;-1343.99;Линейная посадка (живая изгородь/ряд вдоль полосы);;"Линейная посадка (живая изгородь/ряд вдоль полосы) — типовое решение в стиле участка; нормируемых ограничений ближе 5 м сверх нормы нет";"ассортимент для озеленения Москвы, категория «магистрали и улицы»; без инвазивных видов ППМ 369-ПП";;;;
bush_site_edge_029_013;посажено;bush;Спирея березолистная;NEW_BUSH;-559.553;-356.706;14138.564;-1344.993;Линейная посадка (живая изгородь/ряд вдоль полосы);;"Линейная посадка (живая изгородь/ряд вдоль полосы) — типовое решение в стиле участка; нормируемых ограничений ближе 5 м сверх нормы нет";"ассортимент для озеленения Москвы, категория «магистрали и улицы»; без инвазивных видов ППМ 369-ПП";;;;
bush_site_edge_029_014;посажено;bush;Спирея березолистная;NEW_BUSH;-560.53;-357.709;14137.587;-1345.996;Линейная посадка (живая изгородь/ряд вдоль полосы);;"Линейная посадка (живая изгородь/ряд вдоль полосы) — типовое решение в стиле участка; нормируемых ограничений ближе 5 м сверх нормы нет";"ассортимент для озеленения Москвы, категория «магистрали и улицы»; без инвазивных видов ППМ 369-ПП";;;;
bush_site_edge_029_015;посажено;bush;Спирея березолистная;NEW_BUSH;-561.506;-358.712;14136.611;-1347.0;Линейная посадка (живая изгородь/ряд вдоль полосы);;"Линейная посадка (живая изгородь/ряд вдоль полосы) — типовое решение в стиле участка; нормируемых ограничений ближе 5 м сверх нормы нет";"ассортимент для озеленения Москвы, категория «магистрали и улицы»; без инвазивных видов ППМ 369-ПП";;;;
bush_site_edge_029_016;посажено;bush;Спирея березолистная;NEW_BUSH;-562.483;-359.715;14135.634;-1348.003;Линейная посадка (живая изгородь/ряд вдоль полосы);;"Линейная посадка (живая изгородь/ряд вдоль полосы) — типовое решение в стиле участка; нормируемых ограничений ближе 5 м сверх нормы нет";"ассортимент для озеленения Москвы, категория «магистрали и улицы»; без инвазивных видов ППМ 369-ПП";;;;
bush_site_edge_029_017;посажено;bush;Спирея березолистная;NEW_BUSH;-563.459;-360.719;14134.658;-1349.006;Линейная посадка (живая изгородь/ряд вдоль полосы);;"Линейная посадка (живая изгородь/ряд вдоль полосы) — типовое решение в стиле участка; нормируемых ограничений ближе 5 м сверх нормы нет";"ассортимент для озеленения Москвы, категория «магистрали и улицы»; без инвазивных видов ППМ 369-ПП";;;;
bush_site_edge_029_018;посажено;bush;Спирея березолистная;NEW_BUSH;-564.436;-361.722;14133.681;-1350.009;Линейная посадка (живая изгородь/ряд вдоль полосы);;"Линейная посадка (живая изгородь/ряд вдоль полосы) — типовое решение в стиле участка; нормируемых ограничений ближе 5 м сверх нормы нет";"ассортимент для озеленения Москвы, категория «магистрали и улицы»; без инвазивных видов ППМ 369-ПП";;;;
bush_site_edge_029_019;посажено;bush;Спирея березолистная;NEW_BUSH;-565.412;-362.725;14132.705;-1351.013;Линейная посадка (живая изгородь/ряд вдоль полосы);;"Линейная посадка (живая изгородь/ряд вдоль полосы) — типовое решение в стиле участка; нормируемых ограничений ближе 5 м сверх нормы нет";"ассортимент для озеленения Москвы, категория «магистрали и улицы»; без инвазивных видов ППМ 369-ПП";;;;
bush_site_edge_029_020;посажено;bush;Спирея березолистная;NEW_BUSH;-567.365;-364.732;14130.752;-1353.019;Линейная посадка (живая изгородь/ряд вдоль полосы);;"Линейная посадка (живая изгородь/ряд вдоль полосы) — типовое решение в стиле участка; нормируемых ограничений ближе 5 м сверх нормы нет";"ассортимент для озеленения Москвы, категория «магистрали и улицы»; без инвазивных видов ППМ 369-ПП";;;;
bush_site_edge_029_021;посажено;bush;Спирея березолистная;NEW_BUSH;-568.341;-365.735;14129.775;-1354.022;Линейная посадка (живая изгородь/ряд вдоль полосы);;"Линейная посадка (живая изгородь/ряд вдоль полосы) — типовое решение в стиле участка; нормируемых ограничений ближе 5 м сверх нормы нет";"ассортимент для озеленения Москвы, категория «магистрали и улицы»; без инвазивных видов ППМ 369-ПП";;;;
bush_site_edge_029_022;посажено;bush;Спирея березолистная;NEW_BUSH;-569.318;-366.738;14128.799;-1355.025;Линейная посадка (живая изгородь/ряд вдоль полосы);;"Линейная посадка (живая изгородь/ряд вдоль полосы) — типовое решение в стиле участка; нормируемых ограничений ближе 5 м сверх нормы нет";"ассортимент для озеленения Москвы, категория «магистрали и улицы»; без инвазивных видов ППМ 369-ПП";;;;
bush_site_edge_029_023;посажено;bush;Спирея березолистная;NEW_BUSH;-570.294;-367.741;14127.822;-1356.029;Линейная посадка (живая изгородь/ряд вдоль полосы);;"Линейная посадка (живая изгородь/ряд вдоль полосы) — типовое решение в стиле участка; нормируемых ограничений ближе 5 м сверх нормы нет";"ассортимент для озеленения Москвы, категория «магистрали и улицы»; без инвазивных видов ППМ 369-ПП";;;;
bush_site_edge_029_024;посажено;bush;Спирея березолистная;NEW_BUSH;-571.271;-368.745;14126.846;-1357.032;Линейная посадка (живая изгородь/ряд вдоль полосы);;"Линейная посадка (живая изгородь/ряд вдоль полосы) — типовое решение в стиле участка; нормируемых ограничений ближе 5 м сверх нормы нет";"ассортимент для озеленения Москвы, категория «магистрали и улицы»; без инвазивных видов ППМ 369-ПП";;;;
bush_site_edge_029_025;посажено;bush;Спирея березолистная;NEW_BUSH;-572.247;-369.748;14125.869;-1358.035;Линейная посадка (живая изгородь/ряд вдоль полосы);;"Линейная посадка (живая изгородь/ряд вдоль полосы) — типовое решение в стиле участка; нормируемых ограничений ближе 5 м сверх нормы нет";"ассортимент для озеленения Москвы, категория «магистрали и улицы»; без инвазивных видов ППМ 369-ПП";;;;
bush_site_edge_029_026;посажено;bush;Спирея березолистная;NEW_BUSH;-573.224;-370.751;14124.893;-1359.038;Линейная посадка (живая изгородь/ряд вдоль полосы);;"Линейная посадка (живая изгородь/ряд вдоль полосы) — типовое решение в стиле участка; нормируемых ограничений ближе 5 м сверх нормы нет";"ассортимент для озеленения Москвы, категория «магистрали и улицы»; без инвазивных видов ППМ 369-ПП";;;;
bush_site_edge_029_027;посажено;bush;Спирея березолистная;NEW_BUSH;-575.177;-372.757;14122.94;-1361.045;Линейная посадка (живая изгородь/ряд вдоль полосы);;"Линейная посадка (живая изгородь/ряд вдоль полосы) — типовое решение в стиле участка; нормируемых ограничений ближе 5 м сверх нормы нет";"ассортимент для озеленения Москвы, категория «магистрали и улицы»; без инвазивных видов ППМ 369-ПП";;;;
bush_site_edge_029_028;посажено;bush;Спирея березолистная;NEW_BUSH;-576.153;-373.761;14121.963;-1362.048;Линейная посадка (живая изгородь/ряд вдоль полосы);;"Линейная посадка (живая изгородь/ряд вдоль полосы) — типовое решение в стиле участка; нормируемых ограничений ближе 5 м сверх нормы нет";"ассортимент для озеленения Москвы, категория «магистрали и улицы»; без инвазивных видов ППМ 369-ПП";;;;
bush_site_edge_029_029;посажено;bush;Спирея березолистная;NEW_BUSH;-577.13;-374.764;14120.987;-1363.051;Линейная посадка (живая изгородь/ряд вдоль полосы);;"Линейная посадка (живая изгородь/ряд вдоль полосы) — типовое решение в стиле участка; ближайшее ограничение — водопровод: 4.1 м при норме 0.0 м (СП 42.13330.2016, п. 9.6, табл. 9.1; ППМ 743-ПП, табл. 3.6.1)";"ассортимент для озеленения Москвы, категория «магистрали и улицы»; без инвазивных видов ППМ 369-ПП";водопровод;4.13;0.0;"СП 42.13330.2016, п. 9.6, табл. 9.1; ППМ 743-ПП, табл. 3.6.1"
bush_site_edge_029_030;посажено;bush;Спирея березолистная;NEW_BUSH;-578.106;-375.767;14120.01;-1364.055;Линейная посадка (живая изгородь/ряд вдоль полосы);;"Линейная посадка (живая изгородь/ряд вдоль полосы) — типовое решение в стиле участка; ближайшее ограничение — водопровод: 2.9 м при норме 0.0 м (СП 42.13330.2016, п. 9.6, табл. 9.1; ППМ 743-ПП, табл. 3.6.1)";"ассортимент для озеленения Москвы, категория «магистрали и улицы»; без инвазивных видов ППМ 369-ПП";водопровод;2.92;0.0;"СП 42.13330.2016, п. 9.6, табл. 9.1; ППМ 743-ПП, табл. 3.6.1"
tree_site_edge_031_001;посажено;tree;Клен остролистный;NEW_TREE;-132.499;16.388;14565.618;-971.899;Линейная посадка (живая изгородь/ряд вдоль полосы);;"Линейная посадка (живая изгородь/ряд вдоль полосы) — типовое решение в стиле участка; ближайшее ограничение — канализация: 3.5 м при норме 1.5 м (СП 42.13330.2016, п. 9.6, табл. 9.1; ППМ 743-ПП, табл. 3.6.1)";"ассортимент для озеленения Москвы, категория «магистрали и улицы»; без инвазивных видов ППМ 369-ПП";канализация;3.55;1.5;"СП 42.13330.2016, п. 9.6, табл. 9.1; ППМ 743-ПП, табл. 3.6.1"
bush_site_edge_031_001;посажено;bush;Спирея березолистная;NEW_BUSH;-129.107;18.865;14569.01;-969.423;Линейная посадка (живая изгородь/ряд вдоль полосы);;"Линейная посадка (живая изгородь/ряд вдоль полосы) — типовое решение в стиле участка; ближайшее ограничение — канализация: 2.6 м при норме 0.0 м (СП 42.13330.2016, п. 9.6, табл. 9.1; ППМ 743-ПП, табл. 3.6.1)";"ассортимент для озеленения Москвы, категория «магистрали и улицы»; без инвазивных видов ППМ 369-ПП";канализация;2.6;0.0;"СП 42.13330.2016, п. 9.6, табл. 9.1; ППМ 743-ПП, табл. 3.6.1"
bush_site_edge_031_002;посажено;bush;Спирея березолистная;NEW_BUSH;-130.238;18.039;14567.879;-970.248;Линейная посадка (живая изгородь/ряд вдоль полосы);;"Линейная посадка (живая изгородь/ряд вдоль полосы) — типовое решение в стиле участка; ближайшее ограничение — канализация: 2.9 м при норме 0.0 м (СП 42.13330.2016, п. 9.6, табл. 9.1; ППМ 743-ПП, табл. 3.6.1)";"ассортимент для озеленения Москвы, категория «магистрали и улицы»; без инвазивных видов ППМ 369-ПП";канализация;2.92;0.0;"СП 42.13330.2016, п. 9.6, табл. 9.1; ППМ 743-ПП, табл. 3.6.1"
bush_site_edge_031_003;посажено;bush;Спирея березолистная;NEW_BUSH;-131.369;17.214;14566.748;-971.074;Линейная посадка (живая изгородь/ряд вдоль полосы);;"Линейная посадка (живая изгородь/ряд вдоль полосы) — типовое решение в стиле участка; ближайшее ограничение — канализация: 3.2 м при норме 0.0 м (СП 42.13330.2016, п. 9.6, табл. 9.1; ППМ 743-ПП, табл. 3.6.1)";"ассортимент для озеленения Москвы, категория «магистрали и улицы»; без инвазивных видов ППМ 369-ПП";канализация;3.23;0.0;"СП 42.13330.2016, п. 9.6, табл. 9.1; ППМ 743-ПП, табл. 3.6.1"
bush_site_edge_031_004;посажено;bush;Спирея березолистная;NEW_BUSH;-133.63;15.563;14564.487;-972.725;Линейная посадка (живая изгородь/ряд вдоль полосы);;"Линейная посадка (живая изгородь/ряд вдоль полосы) — типовое решение в стиле участка; ближайшее ограничение — канализация: 3.9 м при норме 0.0 м (СП 42.13330.2016, п. 9.6, табл. 9.1; ППМ 743-ПП, табл. 3.6.1)";"ассортимент для озеленения Москвы, категория «магистрали и улицы»; без инвазивных видов ППМ 369-ПП";канализация;3.86;0.0;"СП 42.13330.2016, п. 9.6, табл. 9.1; ППМ 743-ПП, табл. 3.6.1"
bush_site_edge_031_005;посажено;bush;Спирея березолистная;NEW_BUSH;-134.761;14.737;14563.356;-973.55;Линейная посадка (живая изгородь/ряд вдоль полосы);;"Линейная посадка (живая изгородь/ряд вдоль полосы) — типовое решение в стиле участка; ближайшее ограничение — силовой кабель: 4.0 м при норме 0.7 м (СП 42.13330.2016, п. 9.6, табл. 9.1; ППМ 743-ПП, табл. 3.6.1)";"ассортимент для озеленения Москвы, категория «магистрали и улицы»; без инвазивных видов ППМ 369-ПП";силовой кабель;3.98;0.7;"СП 42.13330.2016, п. 9.6, табл. 9.1; ППМ 743-ПП, табл. 3.6.1"
bush_site_edge_031_006;посажено;bush;Спирея березолистная;NEW_BUSH;-135.891;13.911;14562.226;-974.376;Линейная посадка (живая изгородь/ряд вдоль полосы);;"Линейная посадка (живая изгородь/ряд вдоль полосы) — типовое решение в стиле участка; ближайшее ограничение — силовой кабель: 3.0 м при норме 0.7 м (СП 42.13330.2016, п. 9.6, табл. 9.1; ППМ 743-ПП, табл. 3.6.1)";"ассортимент для озеленения Москвы, категория «магистрали и улицы»; без инвазивных видов ППМ 369-ПП";силовой кабель;2.98;0.7;"СП 42.13330.2016, п. 9.6, табл. 9.1; ППМ 743-ПП, табл. 3.6.1"
bush_site_edge_032_001;посажено;bush;Спирея березолистная;NEW_BUSH;40.944;144.709;14739.061;-843.578;Линейная посадка (живая изгородь/ряд вдоль полосы);;"Линейная посадка (живая изгородь/ряд вдоль полосы) — типовое решение в стиле участка; ближайшее ограничение — пешеходная дорожка / тротуар: 3.8 м при норме 0.5 м (СП 42.13330.2016, п. 9.6, табл. 9.1; ППМ 743-ПП, табл. 3.6.1)";"ассортимент для озеленения Москвы, категория «магистрали и улицы»; без инвазивных видов ППМ 369-ПП";пешеходная дорожка / тротуар;3.79;0.5;"СП 42.13330.2016, п. 9.6, табл. 9.1; ППМ 743-ПП, табл. 3.6.1"
bush_site_edge_032_002;посажено;bush;Спирея березолистная;NEW_BUSH;41.957;145.676;14740.073;-842.611;Линейная посадка (живая изгородь/ряд вдоль полосы);;"Линейная посадка (живая изгородь/ряд вдоль полосы) — типовое решение в стиле участка; ближайшее ограничение — пешеходная дорожка / тротуар: 3.9 м при норме 0.5 м (СП 42.13330.2016, п. 9.6, табл. 9.1; ППМ 743-ПП, табл. 3.6.1)";"ассортимент для озеленения Москвы, категория «магистрали и улицы»; без инвазивных видов ППМ 369-ПП";пешеходная дорожка / тротуар;3.91;0.5;"СП 42.13330.2016, п. 9.6, табл. 9.1; ППМ 743-ПП, табл. 3.6.1"
bush_site_edge_032_003;посажено;bush;Спирея березолистная;NEW_BUSH;42.969;146.643;14741.086;-841.645;Линейная посадка (живая изгородь/ряд вдоль полосы);;"Линейная посадка (живая изгородь/ряд вдоль полосы) — типовое решение в стиле участка; ближайшее ограничение — пешеходная дорожка / тротуар: 4.0 м при норме 0.5 м (СП 42.13330.2016, п. 9.6, табл. 9.1; ППМ 743-ПП, табл. 3.6.1)";"ассортимент для озеленения Москвы, категория «магистрали и улицы»; без инвазивных видов ППМ 369-ПП";пешеходная дорожка / тротуар;4.04;0.5;"СП 42.13330.2016, п. 9.6, табл. 9.1; ППМ 743-ПП, табл. 3.6.1"
bush_site_edge_032_004;посажено;bush;Спирея березолистная;NEW_BUSH;43.982;147.609;14742.099;-840.678;Линейная посадка (живая изгородь/ряд вдоль полосы);;"Линейная посадка (живая изгородь/ряд вдоль полосы) — типовое решение в стиле участка; ближайшее ограничение — пешеходная дорожка / тротуар: 4.2 м при норме 0.5 м (СП 42.13330.2016, п. 9.6, табл. 9.1; ППМ 743-ПП, табл. 3.6.1)";"ассортимент для озеленения Москвы, категория «магистрали и улицы»; без инвазивных видов ППМ 369-ПП";пешеходная дорожка / тротуар;4.17;0.5;"СП 42.13330.2016, п. 9.6, табл. 9.1; ППМ 743-ПП, табл. 3.6.1"
bush_site_edge_032_005;посажено;bush;Спирея березолистная;NEW_BUSH;44.995;148.576;14743.112;-839.711;Линейная посадка (живая изгородь/ряд вдоль полосы);;"Линейная посадка (живая изгородь/ряд вдоль полосы) — типовое решение в стиле участка; ближайшее ограничение — пешеходная дорожка / тротуар: 4.3 м при норме 0.5 м (СП 42.13330.2016, п. 9.6, табл. 9.1; ППМ 743-ПП, табл. 3.6.1)";"ассортимент для озеленения Москвы, категория «магистрали и улицы»; без инвазивных видов ППМ 369-ПП";пешеходная дорожка / тротуар;4.3;0.5;"СП 42.13330.2016, п. 9.6, табл. 9.1; ППМ 743-ПП, табл. 3.6.1"
bush_site_edge_032_006;посажено;bush;Спирея березолистная;NEW_BUSH;46.007;149.543;14744.124;-838.745;Линейная посадка (живая изгородь/ряд вдоль полосы);;"Линейная посадка (живая изгородь/ряд вдоль полосы) — типовое решение в стиле участка; ближайшее ограничение — пешеходная дорожка / тротуар: 4.4 м при норме 0.5 м (СП 42.13330.2016, п. 9.6, табл. 9.1; ППМ 743-ПП, табл. 3.6.1)";"ассортимент для озеленения Москвы, категория «магистрали и улицы»; без инвазивных видов ППМ 369-ПП";пешеходная дорожка / тротуар;4.42;0.5;"СП 42.13330.2016, п. 9.6, табл. 9.1; ППМ 743-ПП, табл. 3.6.1"
bush_site_edge_032_007;посажено;bush;Спирея березолистная;NEW_BUSH;47.02;150.509;14745.137;-837.778;Линейная посадка (живая изгородь/ряд вдоль полосы);;"Линейная посадка (живая изгородь/ряд вдоль полосы) — типовое решение в стиле участка; ближайшее ограничение — пешеходная дорожка / тротуар: 4.5 м при норме 0.5 м (СП 42.13330.2016, п. 9.6, табл. 9.1; ППМ 743-ПП, табл. 3.6.1)";"ассортимент для озеленения Москвы, категория «магистрали и улицы»; без инвазивных видов ППМ 369-ПП";пешеходная дорожка / тротуар;4.55;0.5;"СП 42.13330.2016, п. 9.6, табл. 9.1; ППМ 743-ПП, табл. 3.6.1"
bush_site_edge_032_008;посажено;bush;Спирея березолистная;NEW_BUSH;48.033;151.476;14746.15;-836.811;Линейная посадка (живая изгородь/ряд вдоль полосы);;"Линейная посадка (живая изгородь/ряд вдоль полосы) — типовое решение в стиле участка; ближайшее ограничение — пешеходная дорожка / тротуар: 4.7 м при норме 0.5 м (СП 42.13330.2016, п. 9.6, табл. 9.1; ППМ 743-ПП, табл. 3.6.1)";"ассортимент для озеленения Москвы, категория «магистрали и улицы»; без инвазивных видов ППМ 369-ПП";пешеходная дорожка / тротуар;4.68;0.5;"СП 42.13330.2016, п. 9.6, табл. 9.1; ППМ 743-ПП, табл. 3.6.1"
bush_site_edge_032_009;посажено;bush;Спирея березолистная;NEW_BUSH;49.046;152.443;14747.162;-835.845;Линейная посадка (живая изгородь/ряд вдоль полосы);;"Линейная посадка (живая изгородь/ряд вдоль полосы) — типовое решение в стиле участка; ближайшее ограничение — пешеходная дорожка / тротуар: 4.8 м при норме 0.5 м (СП 42.13330.2016, п. 9.6, табл. 9.1; ППМ 743-ПП, табл. 3.6.1)";"ассортимент для озеленения Москвы, категория «магистрали и улицы»; без инвазивных видов ППМ 369-ПП";пешеходная дорожка / тротуар;4.8;0.5;"СП 42.13330.2016, п. 9.6, табл. 9.1; ППМ 743-ПП, табл. 3.6.1"
bush_site_edge_032_010;посажено;bush;Спирея березолистная;NEW_BUSH;50.058;153.409;14748.175;-834.878;Линейная посадка (живая изгородь/ряд вдоль полосы);;"Линейная посадка (живая изгородь/ряд вдоль полосы) — типовое решение в стиле участка; ближайшее ограничение — пешеходная дорожка / тротуар: 4.9 м при норме 0.5 м (СП 42.13330.2016, п. 9.6, табл. 9.1; ППМ 743-ПП, табл. 3.6.1)";"ассортимент для озеленения Москвы, категория «магистрали и улицы»; без инвазивных видов ППМ 369-ПП";пешеходная дорожка / тротуар;4.93;0.5;"СП 42.13330.2016, п. 9.6, табл. 9.1; ППМ 743-ПП, табл. 3.6.1"
bush_site_edge_032_011;посажено;bush;Спирея березолистная;NEW_BUSH;51.071;154.376;14749.188;-833.911;Линейная посадка (живая изгородь/ряд вдоль полосы);;"Линейная посадка (живая изгородь/ряд вдоль полосы) — типовое решение в стиле участка; ближайшее ограничение — пешеходная дорожка / тротуар: 5.1 м при норме 0.5 м (СП 42.13330.2016, п. 9.6, табл. 9.1; ППМ 743-ПП, табл. 3.6.1)";"ассортимент для озеленения Москвы, категория «магистрали и улицы»; без инвазивных видов ППМ 369-ПП";пешеходная дорожка / тротуар;5.06;0.5;"СП 42.13330.2016, п. 9.6, табл. 9.1; ППМ 743-ПП, табл. 3.6.1"
bush_site_edge_032_012;посажено;bush;Спирея березолистная;NEW_BUSH;52.084;155.343;14750.201;-832.945;Линейная посадка (живая изгородь/ряд вдоль полосы);;"Линейная посадка (живая изгородь/ряд вдоль полосы) — типовое решение в стиле участка; ближайшее ограничение — пешеходная дорожка / тротуар: 5.2 м при норме 0.5 м (СП 42.13330.2016, п. 9.6, табл. 9.1; ППМ 743-ПП, табл. 3.6.1)";"ассортимент для озеленения Москвы, категория «магистрали и улицы»; без инвазивных видов ППМ 369-ПП";пешеходная дорожка / тротуар;5.19;0.5;"СП 42.13330.2016, п. 9.6, табл. 9.1; ППМ 743-ПП, табл. 3.6.1"
bush_site_edge_032_013;посажено;bush;Спирея березолистная;NEW_BUSH;53.096;156.309;14751.213;-831.978;Линейная посадка (живая изгородь/ряд вдоль полосы);;"Линейная посадка (живая изгородь/ряд вдоль полосы) — типовое решение в стиле участка; ближайшее ограничение — газопровод: 4.0 м при норме 0.0 м (СП 42.13330.2016, п. 9.6, табл. 9.1; ППМ 743-ПП, табл. 3.6.1)";"ассортимент для озеленения Москвы, категория «магистрали и улицы»; без инвазивных видов ППМ 369-ПП";газопровод;4.01;0.0;"СП 42.13330.2016, п. 9.6, табл. 9.1; ППМ 743-ПП, табл. 3.6.1"
bush_site_edge_032_014;посажено;bush;Спирея березолистная;NEW_BUSH;54.109;157.276;14752.226;-831.011;Линейная посадка (живая изгородь/ряд вдоль полосы);;"Линейная посадка (живая изгородь/ряд вдоль полосы) — типовое решение в стиле участка; ближайшее ограничение — газопровод: 3.1 м при норме 0.0 м (СП 42.13330.2016, п. 9.6, табл. 9.1; ППМ 743-ПП, табл. 3.6.1)";"ассортимент для озеленения Москвы, категория «магистрали и улицы»; без инвазивных видов ППМ 369-ПП";газопровод;3.07;0.0;"СП 42.13330.2016, п. 9.6, табл. 9.1; ППМ 743-ПП, табл. 3.6.1"
bush_site_edge_032_015;посажено;bush;Спирея березолистная;NEW_BUSH;55.122;158.243;14753.239;-830.045;Линейная посадка (живая изгородь/ряд вдоль полосы);;"Линейная посадка (живая изгородь/ряд вдоль полосы) — типовое решение в стиле участка; ближайшее ограничение — газопровод: 2.1 м при норме 0.0 м (СП 42.13330.2016, п. 9.6, табл. 9.1; ППМ 743-ПП, табл. 3.6.1)";"ассортимент для озеленения Москвы, категория «магистрали и улицы»; без инвазивных видов ППМ 369-ПП";газопровод;2.14;0.0;"СП 42.13330.2016, п. 9.6, табл. 9.1; ППМ 743-ПП, табл. 3.6.1"
tree_site_edge_033_001;посажено;tree;Клен остролистный;NEW_TREE;69.79;170.9;14767.907;-817.387;Линейная посадка (живая изгородь/ряд вдоль полосы);;"Линейная посадка (живая изгородь/ряд вдоль полосы) — типовое решение в стиле участка; нормируемых ограничений ближе 5 м сверх нормы нет";"ассортимент для озеленения Москвы, категория «магистрали и улицы»; без инвазивных видов ППМ 369-ПП";tree tree_open_area_022_001;5.71;3.0;правило планировщика (не норма): зазор между объектами
bush_site_edge_033_001;посажено;bush;Спирея березолистная;NEW_BUSH;75.074;174.33;14773.191;-813.957;Линейная посадка (живая изгородь/ряд вдоль полосы);;"Линейная посадка (живая изгородь/ряд вдоль полосы) — типовое решение в стиле участка; ближайшее ограничение — теплосеть: 3.6 м при норме 1.0 м (СП 42.13330.2016, п. 9.6, табл. 9.1; ППМ 743-ПП, табл. 3.6.1)";"ассортимент для озеленения Москвы, категория «магистрали и улицы»; без инвазивных видов ППМ 369-ПП";теплосеть;3.63;1.0;"СП 42.13330.2016, п. 9.6, табл. 9.1; ППМ 743-ПП, табл. 3.6.1"
bush_site_edge_033_002;посажено;bush;Спирея березолистная;NEW_BUSH;73.9;173.568;14772.017;-814.72;Линейная посадка (живая изгородь/ряд вдоль полосы);;"Линейная посадка (живая изгородь/ряд вдоль полосы) — типовое решение в стиле участка; ближайшее ограничение — теплосеть: 5.0 м при норме 1.0 м (СП 42.13330.2016, п. 9.6, табл. 9.1; ППМ 743-ПП, табл. 3.6.1)";"ассортимент для озеленения Москвы, категория «магистрали и улицы»; без инвазивных видов ППМ 369-ПП";теплосеть;5.0;1.0;"СП 42.13330.2016, п. 9.6, табл. 9.1; ППМ 743-ПП, табл. 3.6.1"
bush_site_edge_033_003;посажено;bush;Спирея березолистная;NEW_BUSH;72.726;172.806;14770.843;-815.482;Линейная посадка (живая изгородь/ряд вдоль полосы);;"Линейная посадка (живая изгородь/ряд вдоль полосы) — типовое решение в стиле участка; нормируемых ограничений ближе 5 м сверх нормы нет";"ассортимент для озеленения Москвы, категория «магистрали и улицы»; без инвазивных видов ППМ 369-ПП";;;;
bush_site_edge_033_004;посажено;bush;Спирея березолистная;NEW_BUSH;71.552;172.043;14769.668;-816.244;Линейная посадка (живая изгородь/ряд вдоль полосы);;"Линейная посадка (живая изгородь/ряд вдоль полосы) — типовое решение в стиле участка; нормируемых ограничений ближе 5 м сверх нормы нет";"ассортимент для озеленения Москвы, категория «магистрали и улицы»; без инвазивных видов ППМ 369-ПП";;;;
bush_site_edge_033_005;посажено;bush;Спирея березолистная;NEW_BUSH;68.029;169.757;14766.146;-818.531;Линейная посадка (живая изгородь/ряд вдоль полосы);;"Линейная посадка (живая изгородь/ряд вдоль полосы) — типовое решение в стиле участка; нормируемых ограничений ближе 5 м сверх нормы нет";"ассортимент для озеленения Москвы, категория «магистрали и улицы»; без инвазивных видов ППМ 369-ПП";;;;
bush_site_edge_033_006;посажено;bush;Спирея березолистная;NEW_BUSH;66.854;168.994;14764.971;-819.293;Линейная посадка (живая изгородь/ряд вдоль полосы);;"Линейная посадка (живая изгородь/ряд вдоль полосы) — типовое решение в стиле участка; ближайшее ограничение — газопровод: 4.7 м при норме 0.0 м (СП 42.13330.2016, п. 9.6, табл. 9.1; ППМ 743-ПП, табл. 3.6.1)";"ассортимент для озеленения Москвы, категория «магистрали и улицы»; без инвазивных видов ППМ 369-ПП";газопровод;4.7;0.0;"СП 42.13330.2016, п. 9.6, табл. 9.1; ППМ 743-ПП, табл. 3.6.1"
bush_site_edge_033_007;посажено;bush;Спирея березолистная;NEW_BUSH;65.68;168.232;14763.797;-820.055;Линейная посадка (живая изгородь/ряд вдоль полосы);;"Линейная посадка (живая изгородь/ряд вдоль полосы) — типовое решение в стиле участка; ближайшее ограничение — газопровод: 3.6 м при норме 0.0 м (СП 42.13330.2016, п. 9.6, табл. 9.1; ППМ 743-ПП, табл. 3.6.1)";"ассортимент для озеленения Москвы, категория «магистрали и улицы»; без инвазивных видов ППМ 369-ПП";газопровод;3.58;0.0;"СП 42.13330.2016, п. 9.6, табл. 9.1; ППМ 743-ПП, табл. 3.6.1"
bush_site_edge_033_008;посажено;bush;Спирея березолистная;NEW_BUSH;64.506;167.47;14762.623;-820.818;Линейная посадка (живая изгородь/ряд вдоль полосы);;"Линейная посадка (живая изгородь/ряд вдоль полосы) — типовое решение в стиле участка; ближайшее ограничение — газопровод: 2.5 м при норме 0.0 м (СП 42.13330.2016, п. 9.6, табл. 9.1; ППМ 743-ПП, табл. 3.6.1)";"ассортимент для озеленения Москвы, категория «магистрали и улицы»; без инвазивных видов ППМ 369-ПП";газопровод;2.47;0.0;"СП 42.13330.2016, п. 9.6, табл. 9.1; ППМ 743-ПП, табл. 3.6.1"
bush_site_edge_034_001;посажено;bush;Спирея березолистная;NEW_BUSH;87.875;170.412;14785.992;-817.876;Линейная посадка (живая изгородь/ряд вдоль полосы);;"Линейная посадка (живая изгородь/ряд вдоль полосы) — типовое решение в стиле участка; ближайшее ограничение — теплосеть: 3.1 м при норме 1.0 м (СП 42.13330.2016, п. 9.6, табл. 9.1; ППМ 743-ПП, табл. 3.6.1)";"ассортимент для озеленения Москвы, категория «магистрали и улицы»; без инвазивных видов ППМ 369-ПП";теплосеть;3.06;1.0;"СП 42.13330.2016, п. 9.6, табл. 9.1; ППМ 743-ПП, табл. 3.6.1"
bush_site_edge_034_002;посажено;bush;Спирея березолистная;NEW_BUSH;89.228;170.052;14787.345;-818.236;Линейная посадка (живая изгородь/ряд вдоль полосы);;"Линейная посадка (живая изгородь/ряд вдоль полосы) — типовое решение в стиле участка; ближайшее ограничение — воздушная ЛЭП: 3.4 м при норме 2.0 м (охранная зона по чертежу (отступ зоны))";"ассортимент для озеленения Москвы, категория «магистрали и улицы»; без инвазивных видов ППМ 369-ПП";воздушная ЛЭП;3.35;2.0;охранная зона по чертежу (отступ зоны)
bush_site_edge_035_001;посажено;bush;Спирея березолистная;NEW_BUSH;169.819;192.674;14867.935;-795.614;Линейная посадка (живая изгородь/ряд вдоль полосы);;"Линейная посадка (живая изгородь/ряд вдоль полосы) — типовое решение в стиле участка; ближайшее ограничение — газопровод: 2.5 м при норме 0.0 м (СП 42.13330.2016, п. 9.6, табл. 9.1; ППМ 743-ПП, табл. 3.6.1)";"ассортимент для озеленения Москвы, категория «магистрали и улицы»; без инвазивных видов ППМ 369-ПП";газопровод;2.51;0.0;"СП 42.13330.2016, п. 9.6, табл. 9.1; ППМ 743-ПП, табл. 3.6.1"
bush_site_edge_036_001;посажено;bush;Спирея березолистная;NEW_BUSH;174.058;184.672;14872.175;-803.615;Линейная посадка (живая изгородь/ряд вдоль полосы);;"Линейная посадка (живая изгородь/ряд вдоль полосы) — типовое решение в стиле участка; ближайшее ограничение — газопровод: 2.2 м при норме 0.0 м (СП 42.13330.2016, п. 9.6, табл. 9.1; ППМ 743-ПП, табл. 3.6.1)";"ассортимент для озеленения Москвы, категория «магистрали и улицы»; без инвазивных видов ППМ 369-ПП";газопровод;2.21;0.0;"СП 42.13330.2016, п. 9.6, табл. 9.1; ППМ 743-ПП, табл. 3.6.1"
bush_site_edge_037_001;посажено;bush;Спирея березолистная;NEW_BUSH;472.044;393.034;15170.161;-595.253;Линейная посадка (живая изгородь/ряд вдоль полосы);;"Линейная посадка (живая изгородь/ряд вдоль полосы) — типовое решение в стиле участка; ближайшее ограничение — пешеходная дорожка / тротуар: 4.4 м при норме 0.5 м (СП 42.13330.2016, п. 9.6, табл. 9.1; ППМ 743-ПП, табл. 3.6.1)";"ассортимент для озеленения Москвы, категория «магистрали и улицы»; без инвазивных видов ППМ 369-ПП";пешеходная дорожка / тротуар;4.43;0.5;"СП 42.13330.2016, п. 9.6, табл. 9.1; ППМ 743-ПП, табл. 3.6.1"
bush_site_edge_037_002;посажено;bush;Спирея березолистная;NEW_BUSH;471.682;394.386;15169.798;-593.901;Линейная посадка (живая изгородь/ряд вдоль полосы);;"Линейная посадка (живая изгородь/ряд вдоль полосы) — типовое решение в стиле участка; нормируемых ограничений ближе 5 м сверх нормы нет";"ассортимент для озеленения Москвы, категория «магистрали и улицы»; без инвазивных видов ППМ 369-ПП";;;;
bush_site_edge_037_003;посажено;bush;Спирея березолистная;NEW_BUSH;466.962;412.002;15165.078;-576.285;Линейная посадка (живая изгородь/ряд вдоль полосы);;"Линейная посадка (живая изгородь/ряд вдоль полосы) — типовое решение в стиле участка; нормируемых ограничений ближе 5 м сверх нормы нет";"ассортимент для озеленения Москвы, категория «магистрали и улицы»; без инвазивных видов ППМ 369-ПП";;;;
bush_site_edge_037_004;посажено;bush;Спирея березолистная;NEW_BUSH;466.237;414.707;15164.354;-573.58;Линейная посадка (живая изгородь/ряд вдоль полосы);;"Линейная посадка (живая изгородь/ряд вдоль полосы) — типовое решение в стиле участка; нормируемых ограничений ближе 5 м сверх нормы нет";"ассортимент для озеленения Москвы, категория «магистрали и улицы»; без инвазивных видов ППМ 369-ПП";;;;
bush_site_edge_037_005;посажено;bush;Спирея березолистная;NEW_BUSH;465.875;416.059;15163.991;-572.228;Линейная посадка (живая изгородь/ряд вдоль полосы);;"Линейная посадка (живая изгородь/ряд вдоль полосы) — типовое решение в стиле участка; нормируемых ограничений ближе 5 м сверх нормы нет";"ассортимент для озеленения Москвы, категория «магистрали и улицы»; без инвазивных видов ППМ 369-ПП";;;;
bush_site_edge_041_001;посажено;bush;Спирея березолистная;NEW_BUSH;-156.866;-124.085;14541.251;-1112.373;Линейная посадка (живая изгородь/ряд вдоль полосы);;"Линейная посадка (живая изгородь/ряд вдоль полосы) — типовое решение в стиле участка; нормируемых ограничений ближе 5 м сверх нормы нет";"ассортимент для озеленения Москвы, категория «магистрали и улицы»; без инвазивных видов ППМ 369-ПП";;;;
bush_site_edge_041_002;посажено;bush;Спирея березолистная;NEW_BUSH;-157.993;-124.915;14540.124;-1113.202;Линейная посадка (живая изгородь/ряд вдоль полосы);;"Линейная посадка (живая изгородь/ряд вдоль полосы) — типовое решение в стиле участка; нормируемых ограничений ближе 5 м сверх нормы нет";"ассортимент для озеленения Москвы, категория «магистрали и улицы»; без инвазивных видов ППМ 369-ПП";;;;
bush_site_edge_041_003;посажено;bush;Спирея березолистная;NEW_BUSH;-159.121;-125.745;14538.996;-1114.032;Линейная посадка (живая изгородь/ряд вдоль полосы);;"Линейная посадка (живая изгородь/ряд вдоль полосы) — типовое решение в стиле участка; нормируемых ограничений ближе 5 м сверх нормы нет";"ассортимент для озеленения Москвы, категория «магистрали и улицы»; без инвазивных видов ППМ 369-ПП";;;;
bush_site_edge_041_004;посажено;bush;Спирея березолистная;NEW_BUSH;-161.376;-127.404;14536.741;-1115.691;Линейная посадка (живая изгородь/ряд вдоль полосы);;"Линейная посадка (живая изгородь/ряд вдоль полосы) — типовое решение в стиле участка; нормируемых ограничений ближе 5 м сверх нормы нет";"ассортимент для озеленения Москвы, категория «магистрали и улицы»; без инвазивных видов ППМ 369-ПП";;;;
bush_site_edge_041_005;посажено;bush;Спирея березолистная;NEW_BUSH;-162.504;-128.234;14535.613;-1116.521;Линейная посадка (живая изгородь/ряд вдоль полосы);;"Линейная посадка (живая изгородь/ряд вдоль полосы) — типовое решение в стиле участка; нормируемых ограничений ближе 5 м сверх нормы нет";"ассортимент для озеленения Москвы, категория «магистрали и улицы»; без инвазивных видов ППМ 369-ПП";;;;
tree_site_edge_042_001;посажено;tree;Клен остролистный;NEW_TREE;563.854;427.201;15261.971;-561.087;Линейная посадка (живая изгородь/ряд вдоль полосы);;"Линейная посадка (живая изгородь/ряд вдоль полосы) — типовое решение в стиле участка; нормируемых ограничений ближе 5 м сверх нормы нет";"ассортимент для озеленения Москвы, категория «магистрали и улицы»; без инвазивных видов ППМ 369-ПП";tree tree_open_area_028_009;7.02;3.0;правило планировщика (не норма): зазор между объектами
tree_site_edge_042_002;посажено;tree;Клен остролистный;NEW_TREE;560.512;415.78;15258.628;-572.507;Линейная посадка (живая изгородь/ряд вдоль полосы);;"Линейная посадка (живая изгородь/ряд вдоль полосы) — типовое решение в стиле участка; нормируемых ограничений ближе 5 м сверх нормы нет";"ассортимент для озеленения Москвы, категория «магистрали и улицы»; без инвазивных видов ППМ 369-ПП";tree tree_open_area_028_024;7.51;3.0;правило планировщика (не норма): зазор между объектами
tree_site_edge_042_003;посажено;tree;Клен остролистный;NEW_TREE;557.169;404.359;15255.285;-583.928;Линейная посадка (живая изгородь/ряд вдоль полосы);;"Линейная посадка (живая изгородь/ряд вдоль полосы) — типовое решение в стиле участка; нормируемых ограничений ближе 5 м сверх нормы нет";"ассортимент для озеленения Москвы, категория «магистрали и улицы»; без инвазивных видов ППМ 369-ПП";tree tree_open_area_028_015;8.23;3.0;правило планировщика (не норма): зазор между объектами
tree_site_edge_042_004;посажено;tree;Клен остролистный;NEW_TREE;553.826;392.938;15251.942;-595.349;Линейная посадка (живая изгородь/ряд вдоль полосы);;"Линейная посадка (живая изгородь/ряд вдоль полосы) — типовое решение в стиле участка; нормируемых ограничений ближе 5 м сверх нормы нет";"ассортимент для озеленения Москвы, категория «магистрали и улицы»; без инвазивных видов ППМ 369-ПП";tree tree_open_area_028_014;4.89;3.0;правило планировщика (не норма): зазор между объектами
bush_site_edge_042_001;посажено;bush;Спирея березолистная;NEW_BUSH;566.313;435.598;15264.429;-552.689;Линейная посадка (живая изгородь/ряд вдоль полосы);;"Линейная посадка (живая изгородь/ряд вдоль полосы) — типовое решение в стиле участка; ближайшее ограничение — проезжая часть: 6.0 м при норме 1.0 м (СП 42.13330.2016, п. 9.6, табл. 9.1; ППМ 743-ПП, табл. 3.6.1)";"ассортимент для озеленения Москвы, категория «магистрали и улицы»; без инвазивных видов ППМ 369-ПП";проезжая часть;5.98;1.0;"СП 42.13330.2016, п. 9.6, табл. 9.1; ППМ 743-ПП, табл. 3.6.1"
bush_site_edge_042_002;посажено;bush;Спирея березолистная;NEW_BUSH;565.919;434.255;15264.036;-554.033;Линейная посадка (живая изгородь/ряд вдоль полосы);;"Линейная посадка (живая изгородь/ряд вдоль полосы) — типовое решение в стиле участка; нормируемых ограничений ближе 5 м сверх нормы нет";"ассортимент для озеленения Москвы, категория «магистрали и улицы»; без инвазивных видов ППМ 369-ПП";;;;
bush_site_edge_042_003;посажено;bush;Спирея березолистная;NEW_BUSH;565.526;432.911;15263.643;-555.376;Линейная посадка (живая изгородь/ряд вдоль полосы);;"Линейная посадка (живая изгородь/ряд вдоль полосы) — типовое решение в стиле участка; нормируемых ограничений ближе 5 м сверх нормы нет";"ассортимент для озеленения Москвы, категория «магистрали и улицы»; без инвазивных видов ППМ 369-ПП";;;;
bush_site_edge_042_004;посажено;bush;Спирея березолистная;NEW_BUSH;565.133;431.568;15263.249;-556.72;Линейная посадка (живая изгородь/ряд вдоль полосы);;"Линейная посадка (живая изгородь/ряд вдоль полосы) — типовое решение в стиле участка; нормируемых ограничений ближе 5 м сверх нормы нет";"ассортимент для озеленения Москвы, категория «магистрали и улицы»; без инвазивных видов ППМ 369-ПП";;;;
bush_site_edge_042_005;посажено;bush;Спирея березолистная;NEW_BUSH;564.739;430.224;15262.856;-558.064;Линейная посадка (живая изгородь/ряд вдоль полосы);;"Линейная посадка (живая изгородь/ряд вдоль полосы) — типовое решение в стиле участка; нормируемых ограничений ближе 5 м сверх нормы нет";"ассортимент для озеленения Москвы, категория «магистрали и улицы»; без инвазивных видов ППМ 369-ПП";;;;
bush_site_edge_042_006;посажено;bush;Спирея березолистная;NEW_BUSH;564.346;428.88;15262.463;-559.407;Линейная посадка (живая изгородь/ряд вдоль полосы);;"Линейная посадка (живая изгородь/ряд вдоль полосы) — типовое решение в стиле участка; нормируемых ограничений ближе 5 м сверх нормы нет";"ассортимент для озеленения Москвы, категория «магистрали и улицы»; без инвазивных видов ППМ 369-ПП";;;;
bush_site_edge_042_007;посажено;bush;Спирея березолистная;NEW_BUSH;563.56;426.193;15261.676;-562.094;Линейная посадка (живая изгородь/ряд вдоль полосы);;"Линейная посадка (живая изгородь/ряд вдоль полосы) — типовое решение в стиле участка; нормируемых ограничений ближе 5 м сверх нормы нет";"ассортимент для озеленения Москвы, категория «магистрали и улицы»; без инвазивных видов ППМ 369-ПП";;;;
bush_site_edge_042_008;посажено;bush;Спирея березолистная;NEW_BUSH;563.166;424.849;15261.283;-563.438;Линейная посадка (живая изгородь/ряд вдоль полосы);;"Линейная посадка (живая изгородь/ряд вдоль полосы) — типовое решение в стиле участка; нормируемых ограничений ближе 5 м сверх нормы нет";"ассортимент для озеленения Москвы, категория «магистрали и улицы»; без инвазивных видов ППМ 369-ПП";;;;
bush_site_edge_042_009;посажено;bush;Спирея березолистная;NEW_BUSH;562.773;423.506;15260.89;-564.782;Линейная посадка (живая изгородь/ряд вдоль полосы);;"Линейная посадка (живая изгородь/ряд вдоль полосы) — типовое решение в стиле участка; нормируемых ограничений ближе 5 м сверх нормы нет";"ассортимент для озеленения Москвы, категория «магистрали и улицы»; без инвазивных видов ППМ 369-ПП";;;;
bush_site_edge_042_010;посажено;bush;Спирея березолистная;NEW_BUSH;562.38;422.162;15260.496;-566.125;Линейная посадка (живая изгородь/ряд вдоль полосы);;"Линейная посадка (живая изгородь/ряд вдоль полосы) — типовое решение в стиле участка; нормируемых ограничений ближе 5 м сверх нормы нет";"ассортимент для озеленения Москвы, категория «магистрали и улицы»; без инвазивных видов ППМ 369-ПП";;;;
bush_site_edge_042_011;посажено;bush;Спирея березолистная;NEW_BUSH;561.986;420.819;15260.103;-567.469;Линейная посадка (живая изгородь/ряд вдоль полосы);;"Линейная посадка (живая изгородь/ряд вдоль полосы) — типовое решение в стиле участка; нормируемых ограничений ближе 5 м сверх нормы нет";"ассортимент для озеленения Москвы, категория «магистрали и улицы»; без инвазивных видов ППМ 369-ПП";;;;
bush_site_edge_042_012;посажено;bush;Спирея березолистная;NEW_BUSH;561.593;419.475;15259.71;-568.812;Линейная посадка (живая изгородь/ряд вдоль полосы);;"Линейная посадка (живая изгородь/ряд вдоль полосы) — типовое решение в стиле участка; нормируемых ограничений ближе 5 м сверх нормы нет";"ассортимент для озеленения Москвы, категория «магистрали и улицы»; без инвазивных видов ППМ 369-ПП";;;;
bush_site_edge_042_013;посажено;bush;Спирея березолистная;NEW_BUSH;561.2;418.131;15259.317;-570.156;Линейная посадка (живая изгородь/ряд вдоль полосы);;"Линейная посадка (живая изгородь/ряд вдоль полосы) — типовое решение в стиле участка; нормируемых ограничений ближе 5 м сверх нормы нет";"ассортимент для озеленения Москвы, категория «магистрали и улицы»; без инвазивных видов ППМ 369-ПП";;;;
bush_site_edge_042_014;посажено;bush;Спирея березолистная;NEW_BUSH;560.806;416.788;15258.923;-571.5;Линейная посадка (живая изгородь/ряд вдоль полосы);;"Линейная посадка (живая изгородь/ряд вдоль полосы) — типовое решение в стиле участка; нормируемых ограничений ближе 5 м сверх нормы нет";"ассортимент для озеленения Москвы, категория «магистрали и улицы»; без инвазивных видов ППМ 369-ПП";;;;
bush_site_edge_042_015;посажено;bush;Спирея березолистная;NEW_BUSH;560.02;414.1;15258.137;-574.187;Линейная посадка (живая изгородь/ряд вдоль полосы);;"Линейная посадка (живая изгородь/ряд вдоль полосы) — типовое решение в стиле участка; нормируемых ограничений ближе 5 м сверх нормы нет";"ассортимент для озеленения Москвы, категория «магистрали и улицы»; без инвазивных видов ППМ 369-ПП";;;;
bush_site_edge_042_016;посажено;bush;Спирея березолистная;NEW_BUSH;559.627;412.757;15257.743;-575.531;Линейная посадка (живая изгородь/ряд вдоль полосы);;"Линейная посадка (живая изгородь/ряд вдоль полосы) — типовое решение в стиле участка; нормируемых ограничений ближе 5 м сверх нормы нет";"ассортимент для озеленения Москвы, категория «магистрали и улицы»; без инвазивных видов ППМ 369-ПП";;;;
bush_site_edge_042_017;посажено;bush;Спирея березолистная;NEW_BUSH;559.233;411.413;15257.35;-576.874;Линейная посадка (живая изгородь/ряд вдоль полосы);;"Линейная посадка (живая изгородь/ряд вдоль полосы) — типовое решение в стиле участка; нормируемых ограничений ближе 5 м сверх нормы нет";"ассортимент для озеленения Москвы, категория «магистрали и улицы»; без инвазивных видов ППМ 369-ПП";;;;
bush_site_edge_042_018;посажено;bush;Спирея березолистная;NEW_BUSH;558.84;410.07;15256.957;-578.218;Линейная посадка (живая изгородь/ряд вдоль полосы);;"Линейная посадка (живая изгородь/ряд вдоль полосы) — типовое решение в стиле участка; нормируемых ограничений ближе 5 м сверх нормы нет";"ассортимент для озеленения Москвы, категория «магистрали и улицы»; без инвазивных видов ППМ 369-ПП";;;;
bush_site_edge_042_019;посажено;bush;Спирея березолистная;NEW_BUSH;558.447;408.726;15256.564;-579.561;Линейная посадка (живая изгородь/ряд вдоль полосы);;"Линейная посадка (живая изгородь/ряд вдоль полосы) — типовое решение в стиле участка; нормируемых ограничений ближе 5 м сверх нормы нет";"ассортимент для озеленения Москвы, категория «магистрали и улицы»; без инвазивных видов ППМ 369-ПП";;;;
bush_site_edge_042_020;посажено;bush;Спирея березолистная;NEW_BUSH;558.053;407.382;15256.17;-580.905;Линейная посадка (живая изгородь/ряд вдоль полосы);;"Линейная посадка (живая изгородь/ряд вдоль полосы) — типовое решение в стиле участка; нормируемых ограничений ближе 5 м сверх нормы нет";"ассортимент для озеленения Москвы, категория «магистрали и улицы»; без инвазивных видов ППМ 369-ПП";;;;
bush_site_edge_042_021;посажено;bush;Спирея березолистная;NEW_BUSH;557.66;406.039;15255.777;-582.249;Линейная посадка (живая изгородь/ряд вдоль полосы);;"Линейная посадка (живая изгородь/ряд вдоль полосы) — типовое решение в стиле участка; нормируемых ограничений ближе 5 м сверх нормы нет";"ассортимент для озеленения Москвы, категория «магистрали и улицы»; без инвазивных видов ППМ 369-ПП";;;;
bush_site_edge_042_022;посажено;bush;Спирея березолистная;NEW_BUSH;556.874;403.351;15254.99;-584.936;Линейная посадка (живая изгородь/ряд вдоль полосы);;"Линейная посадка (живая изгородь/ряд вдоль полосы) — типовое решение в стиле участка; нормируемых ограничений ближе 5 м сверх нормы нет";"ассортимент для озеленения Москвы, категория «магистрали и улицы»; без инвазивных видов ППМ 369-ПП";;;;
bush_site_edge_042_023;посажено;bush;Спирея березолистная;NEW_BUSH;556.48;402.008;15254.597;-586.28;Линейная посадка (живая изгородь/ряд вдоль полосы);;"Линейная посадка (живая изгородь/ряд вдоль полосы) — типовое решение в стиле участка; нормируемых ограничений ближе 5 м сверх нормы нет";"ассортимент для озеленения Москвы, категория «магистрали и улицы»; без инвазивных видов ППМ 369-ПП";;;;
bush_site_edge_042_024;посажено;bush;Спирея березолистная;NEW_BUSH;556.087;400.664;15254.204;-587.623;Линейная посадка (живая изгородь/ряд вдоль полосы);;"Линейная посадка (живая изгородь/ряд вдоль полосы) — типовое решение в стиле участка; нормируемых ограничений ближе 5 м сверх нормы нет";"ассортимент для озеленения Москвы, категория «магистрали и улицы»; без инвазивных видов ППМ 369-ПП";;;;
bush_site_edge_042_025;посажено;bush;Спирея березолистная;NEW_BUSH;555.694;399.321;15253.811;-588.967;Линейная посадка (живая изгородь/ряд вдоль полосы);;"Линейная посадка (живая изгородь/ряд вдоль полосы) — типовое решение в стиле участка; нормируемых ограничений ближе 5 м сверх нормы нет";"ассортимент для озеленения Москвы, категория «магистрали и улицы»; без инвазивных видов ППМ 369-ПП";;;;
bush_site_edge_042_026;посажено;bush;Спирея березолистная;NEW_BUSH;555.3;397.977;15253.417;-590.31;Линейная посадка (живая изгородь/ряд вдоль полосы);;"Линейная посадка (живая изгородь/ряд вдоль полосы) — типовое решение в стиле участка; нормируемых ограничений ближе 5 м сверх нормы нет";"ассортимент для озеленения Москвы, категория «магистрали и улицы»; без инвазивных видов ППМ 369-ПП";;;;
bush_site_edge_042_027;посажено;bush;Спирея березолистная;NEW_BUSH;554.907;396.633;15253.024;-591.654;Линейная посадка (живая изгородь/ряд вдоль полосы);;"Линейная посадка (живая изгородь/ряд вдоль полосы) — типовое решение в стиле участка; нормируемых ограничений ближе 5 м сверх нормы нет";"ассортимент для озеленения Москвы, категория «магистрали и улицы»; без инвазивных видов ППМ 369-ПП";;;;
bush_site_edge_042_028;посажено;bush;Спирея березолистная;NEW_BUSH;554.514;395.29;15252.631;-592.998;Линейная посадка (живая изгородь/ряд вдоль полосы);;"Линейная посадка (живая изгородь/ряд вдоль полосы) — типовое решение в стиле участка; нормируемых ограничений ближе 5 м сверх нормы нет";"ассортимент для озеленения Москвы, категория «магистрали и улицы»; без инвазивных видов ППМ 369-ПП";;;;
bush_site_edge_042_029;посажено;bush;Спирея березолистная;NEW_BUSH;554.121;393.946;15252.237;-594.341;Линейная посадка (живая изгородь/ряд вдоль полосы);;"Линейная посадка (живая изгородь/ряд вдоль полосы) — типовое решение в стиле участка; нормируемых ограничений ближе 5 м сверх нормы нет";"ассортимент для озеленения Москвы, категория «магистрали и улицы»; без инвазивных видов ППМ 369-ПП";;;;
bush_site_edge_042_030;посажено;bush;Спирея березолистная;NEW_BUSH;553.334;391.259;15251.451;-597.029;Линейная посадка (живая изгородь/ряд вдоль полосы);;"Линейная посадка (живая изгородь/ряд вдоль полосы) — типовое решение в стиле участка; нормируемых ограничений ближе 5 м сверх нормы нет";"ассортимент для озеленения Москвы, категория «магистрали и улицы»; без инвазивных видов ППМ 369-ПП";;;;
bush_site_edge_042_031;посажено;bush;Спирея березолистная;NEW_BUSH;552.941;389.915;15251.057;-598.372;Линейная посадка (живая изгородь/ряд вдоль полосы);;"Линейная посадка (живая изгородь/ряд вдоль полосы) — типовое решение в стиле участка; нормируемых ограничений ближе 5 м сверх нормы нет";"ассортимент для озеленения Москвы, категория «магистрали и улицы»; без инвазивных видов ППМ 369-ПП";;;;
bush_site_edge_042_032;посажено;bush;Спирея березолистная;NEW_BUSH;552.547;388.572;15250.664;-599.716;Линейная посадка (живая изгородь/ряд вдоль полосы);;"Линейная посадка (живая изгородь/ряд вдоль полосы) — типовое решение в стиле участка; нормируемых ограничений ближе 5 м сверх нормы нет";"ассортимент для озеленения Москвы, категория «магистрали и улицы»; без инвазивных видов ППМ 369-ПП";;;;
bush_site_edge_042_033;посажено;bush;Спирея березолистная;NEW_BUSH;552.154;387.228;15250.271;-601.059;Линейная посадка (живая изгородь/ряд вдоль полосы);;"Линейная посадка (живая изгородь/ряд вдоль полосы) — типовое решение в стиле участка; нормируемых ограничений ближе 5 м сверх нормы нет";"ассортимент для озеленения Москвы, категория «магистрали и улицы»; без инвазивных видов ППМ 369-ПП";;;;
bush_site_edge_042_034;посажено;bush;Спирея березолистная;NEW_BUSH;551.761;385.884;15249.878;-602.403;Линейная посадка (живая изгородь/ряд вдоль полосы);;"Линейная посадка (живая изгородь/ряд вдоль полосы) — типовое решение в стиле участка; нормируемых ограничений ближе 5 м сверх нормы нет";"ассортимент для озеленения Москвы, категория «магистрали и улицы»; без инвазивных видов ППМ 369-ПП";;;;
tree_site_edge_044_001;посажено;tree;Клен остролистный;NEW_TREE;-624.105;-425.786;14074.012;-1414.073;Линейная посадка (живая изгородь/ряд вдоль полосы);;"Линейная посадка (живая изгородь/ряд вдоль полосы) — типовое решение в стиле участка; нормируемых ограничений ближе 5 м сверх нормы нет";"ассортимент для озеленения Москвы, категория «магистрали и улицы»; без инвазивных видов ППМ 369-ПП";tree tree_101;4.16;3.0;правило планировщика (не норма): зазор между объектами
bush_site_edge_044_001;посажено;bush;Спирея березолистная;NEW_BUSH;-627.922;-429.883;14070.195;-1418.17;Линейная посадка (живая изгородь/ряд вдоль полосы);;"Линейная посадка (живая изгородь/ряд вдоль полосы) — типовое решение в стиле участка; нормируемых ограничений ближе 5 м сверх нормы нет";"ассортимент для озеленения Москвы, категория «магистрали и улицы»; без инвазивных видов ППМ 369-ПП";;;;
bush_site_edge_044_002;посажено;bush;Спирея березолистная;NEW_BUSH;-626.968;-428.859;14071.149;-1417.146;Линейная посадка (живая изгородь/ряд вдоль полосы);;"Линейная посадка (живая изгородь/ряд вдоль полосы) — типовое решение в стиле участка; нормируемых ограничений ближе 5 м сверх нормы нет";"ассортимент для озеленения Москвы, категория «магистрали и улицы»; без инвазивных видов ППМ 369-ПП";;;;
bush_site_edge_044_003;посажено;bush;Спирея березолистная;NEW_BUSH;-626.014;-427.834;14072.103;-1416.122;Линейная посадка (живая изгородь/ряд вдоль полосы);;"Линейная посадка (живая изгородь/ряд вдоль полосы) — типовое решение в стиле участка; нормируемых ограничений ближе 5 м сверх нормы нет";"ассортимент для озеленения Москвы, категория «магистрали и улицы»; без инвазивных видов ППМ 369-ПП";;;;
bush_site_edge_044_004;посажено;bush;Спирея березолистная;NEW_BUSH;-625.059;-426.81;14073.058;-1415.097;Линейная посадка (живая изгородь/ряд вдоль полосы);;"Линейная посадка (живая изгородь/ряд вдоль полосы) — типовое решение в стиле участка; нормируемых ограничений ближе 5 м сверх нормы нет";"ассортимент для озеленения Москвы, категория «магистрали и улицы»; без инвазивных видов ППМ 369-ПП";;;;
bush_site_edge_044_005;посажено;bush;Спирея березолистная;NEW_BUSH;-623.15;-424.761;14074.966;-1413.049;Линейная посадка (живая изгородь/ряд вдоль полосы);;"Линейная посадка (живая изгородь/ряд вдоль полосы) — типовое решение в стиле участка; нормируемых ограничений ближе 5 м сверх нормы нет";"ассортимент для озеленения Москвы, категория «магистрали и улицы»; без инвазивных видов ППМ 369-ПП";;;;
bush_site_edge_044_006;посажено;bush;Спирея березолистная;NEW_BUSH;-622.196;-423.737;14075.921;-1412.024;Линейная посадка (живая изгородь/ряд вдоль полосы);;"Линейная посадка (живая изгородь/ряд вдоль полосы) — типовое решение в стиле участка; нормируемых ограничений ближе 5 м сверх нормы нет";"ассортимент для озеленения Москвы, категория «магистрали и улицы»; без инвазивных видов ППМ 369-ПП";;;;
bush_site_edge_044_007;посажено;bush;Спирея березолистная;NEW_BUSH;-621.242;-422.713;14076.875;-1411.0;Линейная посадка (живая изгородь/ряд вдоль полосы);;"Линейная посадка (живая изгородь/ряд вдоль полосы) — типовое решение в стиле участка; ближайшее ограничение — водопровод: 4.5 м при норме 0.0 м (СП 42.13330.2016, п. 9.6, табл. 9.1; ППМ 743-ПП, табл. 3.6.1)";"ассортимент для озеленения Москвы, категория «магистрали и улицы»; без инвазивных видов ППМ 369-ПП";водопровод;4.51;0.0;"СП 42.13330.2016, п. 9.6, табл. 9.1; ППМ 743-ПП, табл. 3.6.1"
bush_site_edge_044_008;посажено;bush;Спирея березолистная;NEW_BUSH;-620.287;-421.688;14077.829;-1409.976;Линейная посадка (живая изгородь/ряд вдоль полосы);;"Линейная посадка (живая изгородь/ряд вдоль полосы) — типовое решение в стиле участка; ближайшее ограничение — водопровод: 3.2 м при норме 0.0 м (СП 42.13330.2016, п. 9.6, табл. 9.1; ППМ 743-ПП, табл. 3.6.1)";"ассортимент для озеленения Москвы, категория «магистрали и улицы»; без инвазивных видов ППМ 369-ПП";водопровод;3.21;0.0;"СП 42.13330.2016, п. 9.6, табл. 9.1; ППМ 743-ПП, табл. 3.6.1"
tree_site_edge_046_001;посажено;tree;Клен остролистный;NEW_TREE;-497.392;-306.076;14200.725;-1294.363;Линейная посадка (живая изгородь/ряд вдоль полосы);;"Линейная посадка (живая изгородь/ряд вдоль полосы) — типовое решение в стиле участка; ближайшее ограничение — водопровод: 3.5 м при норме 2.0 м (СП 42.13330.2016, п. 9.6, табл. 9.1; ППМ 743-ПП, табл. 3.6.1)";"ассортимент для озеленения Москвы, категория «магистрали и улицы»; без инвазивных видов ППМ 369-ПП";водопровод;3.5;2.0;"СП 42.13330.2016, п. 9.6, табл. 9.1; ППМ 743-ПП, табл. 3.6.1"
bush_site_edge_046_001;посажено;bush;Спирея березолистная;NEW_BUSH;-498.708;-307.712;14199.409;-1296.0;Линейная посадка (живая изгородь/ряд вдоль полосы);;"Линейная посадка (живая изгородь/ряд вдоль полосы) — типовое решение в стиле участка; ближайшее ограничение — водопровод: 2.5 м при норме 0.0 м (СП 42.13330.2016, п. 9.6, табл. 9.1; ППМ 743-ПП, табл. 3.6.1)";"ассортимент для озеленения Москвы, категория «магистрали и улицы»; без инвазивных видов ППМ 369-ПП";водопровод;2.53;0.0;"СП 42.13330.2016, п. 9.6, табл. 9.1; ППМ 743-ПП, табл. 3.6.1"
bush_site_edge_048_001;посажено;bush;Спирея березолистная;NEW_BUSH;404.024;242.638;15102.141;-745.649;Линейная посадка (живая изгородь/ряд вдоль полосы);;"Линейная посадка (живая изгородь/ряд вдоль полосы) — типовое решение в стиле участка; ближайшее ограничение — силовой кабель: 3.3 м при норме 0.7 м (СП 42.13330.2016, п. 9.6, табл. 9.1; ППМ 743-ПП, табл. 3.6.1)";"ассортимент для озеленения Москвы, категория «магистрали и улицы»; без инвазивных видов ППМ 369-ПП";силовой кабель;3.34;0.7;"СП 42.13330.2016, п. 9.6, табл. 9.1; ППМ 743-ПП, табл. 3.6.1"
bush_site_edge_050_001;посажено;bush;Спирея березолистная;NEW_BUSH;411.266;320.989;15109.382;-667.298;Линейная посадка (живая изгородь/ряд вдоль полосы);;"Линейная посадка (живая изгородь/ряд вдоль полосы) — типовое решение в стиле участка; ближайшее ограничение — водопровод: 2.6 м при норме 0.0 м (СП 42.13330.2016, п. 9.6, табл. 9.1; ППМ 743-ПП, табл. 3.6.1)";"ассортимент для озеленения Москвы, категория «магистрали и улицы»; без инвазивных видов ППМ 369-ПП";водопровод;2.57;0.0;"СП 42.13330.2016, п. 9.6, табл. 9.1; ППМ 743-ПП, табл. 3.6.1"
tree_site_edge_051_001;посажено;tree;Клен остролистный;NEW_TREE;442.086;358.691;15140.203;-629.596;Линейная посадка (живая изгородь/ряд вдоль полосы);;"Линейная посадка (живая изгородь/ряд вдоль полосы) — типовое решение в стиле участка; ближайшее ограничение — кабель связи: 3.2 м при норме 2.0 м (СП 42.13330.2016, п. 9.6, табл. 9.1; ППМ 743-ПП, табл. 3.6.1)";"ассортимент для озеленения Москвы, категория «магистрали и улицы»; без инвазивных видов ППМ 369-ПП";кабель связи;3.24;2.0;"СП 42.13330.2016, п. 9.6, табл. 9.1; ППМ 743-ПП, табл. 3.6.1"
bush_site_edge_051_001;посажено;bush;Спирея березолистная;NEW_BUSH;438.961;354.917;15137.078;-633.37;Линейная посадка (живая изгородь/ряд вдоль полосы);;"Линейная посадка (живая изгородь/ряд вдоль полосы) — типовое решение в стиле участка; ближайшее ограничение — кабель связи: 2.3 м при норме 0.7 м (СП 42.13330.2016, п. 9.6, табл. 9.1; ППМ 743-ПП, табл. 3.6.1)";"ассортимент для озеленения Москвы, категория «магистрали и улицы»; без инвазивных видов ППМ 369-ПП";кабель связи;2.26;0.7;"СП 42.13330.2016, п. 9.6, табл. 9.1; ППМ 743-ПП, табл. 3.6.1"
bush_site_edge_051_002;посажено;bush;Спирея березолистная;NEW_BUSH;439.854;355.996;15137.971;-632.292;Линейная посадка (живая изгородь/ряд вдоль полосы);;"Линейная посадка (живая изгородь/ряд вдоль полосы) — типовое решение в стиле участка; ближайшее ограничение — кабель связи: 2.5 м при норме 0.7 м (СП 42.13330.2016, п. 9.6, табл. 9.1; ППМ 743-ПП, табл. 3.6.1)";"ассортимент для озеленения Москвы, категория «магистрали и улицы»; без инвазивных видов ППМ 369-ПП";кабель связи;2.54;0.7;"СП 42.13330.2016, п. 9.6, табл. 9.1; ППМ 743-ПП, табл. 3.6.1"
bush_site_edge_051_003;посажено;bush;Спирея березолистная;NEW_BUSH;440.747;357.074;15138.864;-631.214;Линейная посадка (живая изгородь/ряд вдоль полосы);;"Линейная посадка (живая изгородь/ряд вдоль полосы) — типовое решение в стиле участка; ближайшее ограничение — кабель связи: 2.8 м при норме 0.7 м (СП 42.13330.2016, п. 9.6, табл. 9.1; ППМ 743-ПП, табл. 3.6.1)";"ассортимент для озеленения Москвы, категория «магистрали и улицы»; без инвазивных видов ППМ 369-ПП";кабель связи;2.82;0.7;"СП 42.13330.2016, п. 9.6, табл. 9.1; ППМ 743-ПП, табл. 3.6.1"
bush_site_edge_051_004;посажено;bush;Спирея березолистная;NEW_BUSH;443.426;360.309;15141.542;-627.979;Линейная посадка (живая изгородь/ряд вдоль полосы);;"Линейная посадка (живая изгородь/ряд вдоль полосы) — типовое решение в стиле участка; ближайшее ограничение — кабель связи: 3.6 м при норме 0.7 м (СП 42.13330.2016, п. 9.6, табл. 9.1; ППМ 743-ПП, табл. 3.6.1)";"ассортимент для озеленения Москвы, категория «магистрали и улицы»; без инвазивных видов ППМ 369-ПП";кабель связи;3.65;0.7;"СП 42.13330.2016, п. 9.6, табл. 9.1; ППМ 743-ПП, табл. 3.6.1"
bush_site_edge_051_005;посажено;bush;Спирея березолистная;NEW_BUSH;445.212;362.465;15143.328;-625.822;Линейная посадка (живая изгородь/ряд вдоль полосы);;"Линейная посадка (живая изгородь/ряд вдоль полосы) — типовое решение в стиле участка; ближайшее ограничение — кабель связи: 3.1 м при норме 0.7 м (СП 42.13330.2016, п. 9.6, табл. 9.1; ППМ 743-ПП, табл. 3.6.1)";"ассортимент для озеленения Москвы, категория «магистрали и улицы»; без инвазивных видов ППМ 369-ПП";кабель связи;3.14;0.7;"СП 42.13330.2016, п. 9.6, табл. 9.1; ППМ 743-ПП, табл. 3.6.1"
tree_site_edge_052_001;посажено;tree;Клен остролистный;NEW_TREE;457.217;376.425;15155.334;-611.862;Линейная посадка (живая изгородь/ряд вдоль полосы);;"Линейная посадка (живая изгородь/ряд вдоль полосы) — типовое решение в стиле участка; ближайшее ограничение — канализация: 5.3 м при норме 1.5 м (СП 42.13330.2016, п. 9.6, табл. 9.1; ППМ 743-ПП, табл. 3.6.1)";"ассортимент для озеленения Москвы, категория «магистрали и улицы»; без инвазивных видов ППМ 369-ПП";канализация;5.28;1.5;"СП 42.13330.2016, п. 9.6, табл. 9.1; ППМ 743-ПП, табл. 3.6.1"
bush_site_edge_052_001;посажено;bush;Спирея березолистная;NEW_BUSH;450.967;368.877;15149.083;-619.41;Линейная посадка (живая изгородь/ряд вдоль полосы);;"Линейная посадка (живая изгородь/ряд вдоль полосы) — типовое решение в стиле участка; ближайшее ограничение — кабель связи: 3.1 м при норме 0.7 м (СП 42.13330.2016, п. 9.6, табл. 9.1; ППМ 743-ПП, табл. 3.6.1)";"ассортимент для озеленения Москвы, категория «магистрали и улицы»; без инвазивных видов ППМ 369-ПП";кабель связи;3.06;0.7;"СП 42.13330.2016, п. 9.6, табл. 9.1; ППМ 743-ПП, табл. 3.6.1"
bush_site_edge_052_002;посажено;bush;Спирея березолистная;NEW_BUSH;451.859;369.955;15149.976;-618.332;Линейная посадка (живая изгородь/ряд вдоль полосы);;"Линейная посадка (живая изгородь/ряд вдоль полосы) — типовое решение в стиле участка; ближайшее ограничение — кабель связи: 4.3 м при норме 0.7 м (СП 42.13330.2016, п. 9.6, табл. 9.1; ППМ 743-ПП, табл. 3.6.1)";"ассортимент для озеленения Москвы, категория «магистрали и улицы»; без инвазивных видов ППМ 369-ПП";кабель связи;4.26;0.7;"СП 42.13330.2016, п. 9.6, табл. 9.1; ППМ 743-ПП, табл. 3.6.1"
bush_site_edge_052_003;посажено;bush;Спирея березолистная;NEW_BUSH;452.752;371.034;15150.869;-617.254;Линейная посадка (живая изгородь/ряд вдоль полосы);;"Линейная посадка (живая изгородь/ряд вдоль полосы) — типовое решение в стиле участка; ближайшее ограничение — пешеходная дорожка / тротуар: 4.1 м при норме 0.5 м (СП 42.13330.2016, п. 9.6, табл. 9.1; ППМ 743-ПП, табл. 3.6.1)";"ассортимент для озеленения Москвы, категория «магистрали и улицы»; без инвазивных видов ППМ 369-ПП";пешеходная дорожка / тротуар;4.06;0.5;"СП 42.13330.2016, п. 9.6, табл. 9.1; ППМ 743-ПП, табл. 3.6.1"
bush_site_edge_052_004;посажено;bush;Спирея березолистная;NEW_BUSH;453.645;372.112;15151.762;-616.176;Линейная посадка (живая изгородь/ряд вдоль полосы);;"Линейная посадка (живая изгородь/ряд вдоль полосы) — типовое решение в стиле участка; ближайшее ограничение — пешеходная дорожка / тротуар: 4.0 м при норме 0.5 м (СП 42.13330.2016, п. 9.6, табл. 9.1; ППМ 743-ПП, табл. 3.6.1)";"ассортимент для озеленения Москвы, категория «магистрали и улицы»; без инвазивных видов ППМ 369-ПП";пешеходная дорожка / тротуар;4.05;0.5;"СП 42.13330.2016, п. 9.6, табл. 9.1; ППМ 743-ПП, табл. 3.6.1"
bush_site_edge_052_005;посажено;bush;Спирея березолистная;NEW_BUSH;454.538;373.19;15152.655;-615.097;Линейная посадка (живая изгородь/ряд вдоль полосы);;"Линейная посадка (живая изгородь/ряд вдоль полосы) — типовое решение в стиле участка; ближайшее ограничение — пешеходная дорожка / тротуар: 4.1 м при норме 0.5 м (СП 42.13330.2016, п. 9.6, табл. 9.1; ППМ 743-ПП, табл. 3.6.1)";"ассортимент для озеленения Москвы, категория «магистрали и улицы»; без инвазивных видов ППМ 369-ПП";пешеходная дорожка / тротуар;4.1;0.5;"СП 42.13330.2016, п. 9.6, табл. 9.1; ППМ 743-ПП, табл. 3.6.1"
bush_site_edge_052_006;посажено;bush;Спирея березолистная;NEW_BUSH;455.431;374.268;15153.548;-614.019;Линейная посадка (живая изгородь/ряд вдоль полосы);;"Линейная посадка (живая изгородь/ряд вдоль полосы) — типовое решение в стиле участка; ближайшее ограничение — пешеходная дорожка / тротуар: 4.4 м при норме 0.5 м (СП 42.13330.2016, п. 9.6, табл. 9.1; ППМ 743-ПП, табл. 3.6.1)";"ассортимент для озеленения Москвы, категория «магистрали и улицы»; без инвазивных видов ППМ 369-ПП";пешеходная дорожка / тротуар;4.38;0.5;"СП 42.13330.2016, п. 9.6, табл. 9.1; ППМ 743-ПП, табл. 3.6.1"
bush_site_edge_052_007;посажено;bush;Спирея березолистная;NEW_BUSH;456.324;375.347;15154.441;-612.941;Линейная посадка (живая изгородь/ряд вдоль полосы);;"Линейная посадка (живая изгородь/ряд вдоль полосы) — типовое решение в стиле участка; ближайшее ограничение — пешеходная дорожка / тротуар: 4.7 м при норме 0.5 м (СП 42.13330.2016, п. 9.6, табл. 9.1; ППМ 743-ПП, табл. 3.6.1)";"ассортимент для озеленения Москвы, категория «магистрали и улицы»; без инвазивных видов ППМ 369-ПП";пешеходная дорожка / тротуар;4.69;0.5;"СП 42.13330.2016, п. 9.6, табл. 9.1; ППМ 743-ПП, табл. 3.6.1"
bush_site_edge_052_008;посажено;bush;Спирея березолистная;NEW_BUSH;458.11;377.503;15156.227;-610.784;Линейная посадка (живая изгородь/ряд вдоль полосы);;"Линейная посадка (живая изгородь/ряд вдоль полосы) — типовое решение в стиле участка; ближайшее ограничение — канализация: 4.8 м при норме 0.0 м (СП 42.13330.2016, п. 9.6, табл. 9.1; ППМ 743-ПП, табл. 3.6.1)";"ассортимент для озеленения Москвы, категория «магистрали и улицы»; без инвазивных видов ППМ 369-ПП";канализация;4.8;0.0;"СП 42.13330.2016, п. 9.6, табл. 9.1; ППМ 743-ПП, табл. 3.6.1"
bush_site_edge_052_009;посажено;bush;Спирея березолистная;NEW_BUSH;459.003;378.581;15157.12;-609.706;Линейная посадка (живая изгородь/ряд вдоль полосы);;"Линейная посадка (живая изгородь/ряд вдоль полосы) — типовое решение в стиле участка; ближайшее ограничение — канализация: 4.3 м при норме 0.0 м (СП 42.13330.2016, п. 9.6, табл. 9.1; ППМ 743-ПП, табл. 3.6.1)";"ассортимент для озеленения Москвы, категория «магистрали и улицы»; без инвазивных видов ППМ 369-ПП";канализация;4.32;0.0;"СП 42.13330.2016, п. 9.6, табл. 9.1; ППМ 743-ПП, табл. 3.6.1"
bush_site_edge_052_010;посажено;bush;Спирея березолистная;NEW_BUSH;459.896;379.66;15158.013;-608.628;Линейная посадка (живая изгородь/ряд вдоль полосы);;"Линейная посадка (живая изгородь/ряд вдоль полосы) — типовое решение в стиле участка; ближайшее ограничение — канализация: 3.8 м при норме 0.0 м (СП 42.13330.2016, п. 9.6, табл. 9.1; ППМ 743-ПП, табл. 3.6.1)";"ассортимент для озеленения Москвы, категория «магистрали и улицы»; без инвазивных видов ППМ 369-ПП";канализация;3.84;0.0;"СП 42.13330.2016, п. 9.6, табл. 9.1; ППМ 743-ПП, табл. 3.6.1"
bush_site_edge_052_011;посажено;bush;Спирея березолистная;NEW_BUSH;460.789;380.738;15158.906;-607.549;Линейная посадка (живая изгородь/ряд вдоль полосы);;"Линейная посадка (живая изгородь/ряд вдоль полосы) — типовое решение в стиле участка; ближайшее ограничение — канализация: 3.4 м при норме 0.0 м (СП 42.13330.2016, п. 9.6, табл. 9.1; ППМ 743-ПП, табл. 3.6.1)";"ассортимент для озеленения Москвы, категория «магистрали и улицы»; без инвазивных видов ППМ 369-ПП";канализация;3.36;0.0;"СП 42.13330.2016, п. 9.6, табл. 9.1; ППМ 743-ПП, табл. 3.6.1"
bush_site_edge_052_012;посажено;bush;Спирея березолистная;NEW_BUSH;461.682;381.816;15159.799;-606.471;Линейная посадка (живая изгородь/ряд вдоль полосы);;"Линейная посадка (живая изгородь/ряд вдоль полосы) — типовое решение в стиле участка; ближайшее ограничение — канализация: 2.9 м при норме 0.0 м (СП 42.13330.2016, п. 9.6, табл. 9.1; ППМ 743-ПП, табл. 3.6.1)";"ассортимент для озеленения Москвы, категория «магистрали и улицы»; без инвазивных видов ППМ 369-ПП";канализация;2.88;0.0;"СП 42.13330.2016, п. 9.6, табл. 9.1; ППМ 743-ПП, табл. 3.6.1"
bush_site_edge_052_013;посажено;bush;Спирея березолистная;NEW_BUSH;462.575;382.894;15160.692;-605.393;Линейная посадка (живая изгородь/ряд вдоль полосы);;"Линейная посадка (живая изгородь/ряд вдоль полосы) — типовое решение в стиле участка; ближайшее ограничение — канализация: 2.4 м при норме 0.0 м (СП 42.13330.2016, п. 9.6, табл. 9.1; ППМ 743-ПП, табл. 3.6.1)";"ассортимент для озеленения Москвы, категория «магистрали и улицы»; без инвазивных видов ППМ 369-ПП";канализация;2.4;0.0;"СП 42.13330.2016, п. 9.6, табл. 9.1; ППМ 743-ПП, табл. 3.6.1"
bush_site_edge_052_014;посажено;bush;Спирея березолистная;NEW_BUSH;463.468;383.973;15161.585;-604.315;Линейная посадка (живая изгородь/ряд вдоль полосы);;"Линейная посадка (живая изгородь/ряд вдоль полосы) — типовое решение в стиле участка; ближайшее ограничение — канализация: 1.9 м при норме 0.0 м (СП 42.13330.2016, п. 9.6, табл. 9.1; ППМ 743-ПП, табл. 3.6.1)";"ассортимент для озеленения Москвы, категория «магистрали и улицы»; без инвазивных видов ППМ 369-ПП";канализация;1.92;0.0;"СП 42.13330.2016, п. 9.6, табл. 9.1; ППМ 743-ПП, табл. 3.6.1"
tree_site_edge_055_001;посажено;tree;Клен остролистный;NEW_TREE;423.486;335.179;15121.603;-653.108;Линейная посадка (живая изгородь/ряд вдоль полосы);;"Линейная посадка (живая изгородь/ряд вдоль полосы) — типовое решение в стиле участка; ближайшее ограничение — кабель связи: 2.4 м при норме 2.0 м (СП 42.13330.2016, п. 9.6, табл. 9.1; ППМ 743-ПП, табл. 3.6.1)";"ассортимент для озеленения Москвы, категория «магистрали и улицы»; без инвазивных видов ППМ 369-ПП";кабель связи;2.37;2.0;"СП 42.13330.2016, п. 9.6, табл. 9.1; ППМ 743-ПП, табл. 3.6.1"
bush_site_edge_055_001;посажено;bush;Спирея березолистная;NEW_BUSH;422.396;334.3;15120.513;-653.988;Линейная посадка (живая изгородь/ряд вдоль полосы);;"Линейная посадка (живая изгородь/ряд вдоль полосы) — типовое решение в стиле участка; ближайшее ограничение — кабель связи: 2.4 м при норме 0.7 м (СП 42.13330.2016, п. 9.6, табл. 9.1; ППМ 743-ПП, табл. 3.6.1)";"ассортимент для озеленения Москвы, категория «магистрали и улицы»; без инвазивных видов ППМ 369-ПП";кабель связи;2.37;0.7;"СП 42.13330.2016, п. 9.6, табл. 9.1; ППМ 743-ПП, табл. 3.6.1"
bush_site_edge_055_002;посажено;bush;Спирея березолистная;NEW_BUSH;424.575;336.059;15122.692;-652.229;Линейная посадка (живая изгородь/ряд вдоль полосы);;"Линейная посадка (живая изгородь/ряд вдоль полосы) — типовое решение в стиле участка; ближайшее ограничение — кабель связи: 2.4 м при норме 0.7 м (СП 42.13330.2016, п. 9.6, табл. 9.1; ППМ 743-ПП, табл. 3.6.1)";"ассортимент для озеленения Москвы, категория «магистрали и улицы»; без инвазивных видов ППМ 369-ПП";кабель связи;2.37;0.7;"СП 42.13330.2016, п. 9.6, табл. 9.1; ППМ 743-ПП, табл. 3.6.1"
tree_open_area_002_001;посажено;tree;Вяз гибридный Резиста;NEW_TREE;-667.631;-487.271;14030.486;-1475.558;Органичные рощи -- случайные группы по несколько деревьев;19_2ya_pryadilnaya;"Органичные рощи -- случайные группы по несколько деревьев — по аналогии с проектом «19_2ya_pryadilnaya»; нормируемых ограничений ближе 5 м сверх нормы нет";"ассортимент для озеленения Москвы, категория «магистрали и улицы»; без инвазивных видов ППМ 369-ПП";tree tree_open_area_002_002;3.05;3.0;правило планировщика (не норма): зазор между объектами
tree_open_area_002_002;посажено;tree;Вяз гибридный Резиста;NEW_TREE;-670.272;-488.796;14027.844;-1477.083;Органичные рощи -- случайные группы по несколько деревьев;19_2ya_pryadilnaya;"Органичные рощи -- случайные группы по несколько деревьев — по аналогии с проектом «19_2ya_pryadilnaya»; нормируемых ограничений ближе 5 м сверх нормы нет";"ассортимент для озеленения Москвы, категория «магистрали и улицы»; без инвазивных видов ППМ 369-ПП";tree tree_open_area_002_003;3.05;3.0;правило планировщика (не норма): зазор между объектами
tree_open_area_002_003;посажено;tree;Вяз гибридный Резиста;NEW_TREE;-670.272;-485.746;14027.844;-1474.034;Органичные рощи -- случайные группы по несколько деревьев;19_2ya_pryadilnaya;"Органичные рощи -- случайные группы по несколько деревьев — по аналогии с проектом «19_2ya_pryadilnaya»; нормируемых ограничений ближе 5 м сверх нормы нет";"ассортимент для озеленения Москвы, категория «магистрали и улицы»; без инвазивных видов ППМ 369-ПП";tree tree_open_area_002_002;3.05;3.0;правило планировщика (не норма): зазор между объектами
tree_open_area_002_004;посажено;tree;Вяз гибридный Резиста;NEW_TREE;-667.631;-490.321;14030.486;-1478.608;Органичные рощи -- случайные группы по несколько деревьев;19_2ya_pryadilnaya;"Органичные рощи -- случайные группы по несколько деревьев — по аналогии с проектом «19_2ya_pryadilnaya»; нормируемых ограничений ближе 5 м сверх нормы нет";"ассортимент для озеленения Москвы, категория «магистрали и улицы»; без инвазивных видов ППМ 369-ПП";tree tree_open_area_002_002;3.05;3.0;правило планировщика (не норма): зазор между объектами
tree_open_area_002_005;посажено;tree;Вяз гибридный Резиста;NEW_TREE;-667.631;-484.221;14030.486;-1472.509;Органичные рощи -- случайные группы по несколько деревьев;19_2ya_pryadilnaya;"Органичные рощи -- случайные группы по несколько деревьев — по аналогии с проектом «19_2ya_pryadilnaya»; нормируемых ограничений ближе 5 м сверх нормы нет";"ассортимент для озеленения Москвы, категория «магистрали и улицы»; без инвазивных видов ППМ 369-ПП";tree tree_open_area_002_003;3.05;3.0;правило планировщика (не норма): зазор между объектами
tree_open_area_002_006;посажено;tree;Клен остролистный;NEW_TREE;-677.316;-500.995;14020.801;-1489.283;Органичные рощи -- случайные группы по несколько деревьев;19_2ya_pryadilnaya;"Органичные рощи -- случайные группы по несколько деревьев — по аналогии с проектом «19_2ya_pryadilnaya»; ближайшее ограничение — кабель связи: 6.1 м при норме 2.0 м (СП 42.13330.2016, п. 9.6, табл. 9.1; ППМ 743-ПП, табл. 3.6.1)";"ассортимент для озеленения Москвы, категория «магистрали и улицы»; без инвазивных видов ППМ 369-ПП";кабель связи;6.07;2.0;"СП 42.13330.2016, п. 9.6, табл. 9.1; ППМ 743-ПП, табл. 3.6.1"
tree_open_area_002_007;посажено;tree;Клен остролистный;NEW_TREE;-674.675;-502.52;14023.442;-1490.808;Органичные рощи -- случайные группы по несколько деревьев;19_2ya_pryadilnaya;"Органичные рощи -- случайные группы по несколько деревьев — по аналогии с проектом «19_2ya_pryadilnaya»; ближайшее ограничение — пешеходная дорожка / тротуар: 5.3 м при норме 0.7 м (СП 42.13330.2016, п. 9.6, табл. 9.1; ППМ 743-ПП, табл. 3.6.1)";"ассортимент для озеленения Москвы, категория «магистрали и улицы»; без инвазивных видов ППМ 369-ПП";пешеходная дорожка / тротуар;5.34;0.7;"СП 42.13330.2016, п. 9.6, табл. 9.1; ППМ 743-ПП, табл. 3.6.1"
tree_open_area_002_008;посажено;tree;Клен остролистный;NEW_TREE;-674.675;-499.471;14023.442;-1487.758;Органичные рощи -- случайные группы по несколько деревьев;19_2ya_pryadilnaya;"Органичные рощи -- случайные группы по несколько деревьев — по аналогии с проектом «19_2ya_pryadilnaya»; нормируемых ограничений ближе 5 м сверх нормы нет";"ассортимент для озеленения Москвы, категория «магистрали и улицы»; без инвазивных видов ППМ 369-ПП";tree tree_open_area_002_006;3.05;3.0;правило планировщика (не норма): зазор между объектами
tree_open_area_002_009;посажено;tree;Клен остролистный;NEW_TREE;-677.316;-504.045;14020.801;-1492.333;Органичные рощи -- случайные группы по несколько деревьев;19_2ya_pryadilnaya;"Органичные рощи -- случайные группы по несколько деревьев — по аналогии с проектом «19_2ya_pryadilnaya»; ближайшее ограничение — кабель связи: 6.5 м при норме 2.0 м (СП 42.13330.2016, п. 9.6, табл. 9.1; ППМ 743-ПП, табл. 3.6.1)";"ассортимент для озеленения Москвы, категория «магистрали и улицы»; без инвазивных видов ППМ 369-ПП";кабель связи;6.49;2.0;"СП 42.13330.2016, п. 9.6, табл. 9.1; ППМ 743-ПП, табл. 3.6.1"
tree_open_area_002_010;посажено;tree;Клен остролистный;NEW_TREE;-677.316;-497.946;14020.801;-1486.233;Органичные рощи -- случайные группы по несколько деревьев;19_2ya_pryadilnaya;"Органичные рощи -- случайные группы по несколько деревьев — по аналогии с проектом «19_2ya_pryadilnaya»; ближайшее ограничение — кабель связи: 5.6 м при норме 2.0 м (СП 42.13330.2016, п. 9.6, табл. 9.1; ППМ 743-ПП, табл. 3.6.1)";"ассортимент для озеленения Москвы, категория «магистрали и улицы»; без инвазивных видов ППМ 369-ПП";кабель связи;5.64;2.0;"СП 42.13330.2016, п. 9.6, табл. 9.1; ППМ 743-ПП, табл. 3.6.1"
tree_open_area_002_011;посажено;tree;Липа европейская;NEW_TREE;-657.947;-473.547;14040.17;-1461.834;Органичные рощи -- случайные группы по несколько деревьев;19_2ya_pryadilnaya;"Органичные рощи -- случайные группы по несколько деревьев — по аналогии с проектом «19_2ya_pryadilnaya»; нормируемых ограничений ближе 5 м сверх нормы нет";"ассортимент для озеленения Москвы, категория «магистрали и улицы»; без инвазивных видов ППМ 369-ПП";tree tree_open_area_002_014;3.05;3.0;правило планировщика (не норма): зазор между объектами
tree_open_area_002_012;посажено;tree;Липа европейская;NEW_TREE;-655.305;-475.072;14042.812;-1463.359;Органичные рощи -- случайные группы по несколько деревьев;19_2ya_pryadilnaya;"Органичные рощи -- случайные группы по несколько деревьев — по аналогии с проектом «19_2ya_pryadilnaya»; нормируемых ограничений ближе 5 м сверх нормы нет";"ассортимент для озеленения Москвы, категория «магистрали и улицы»; без инвазивных видов ППМ 369-ПП";tree tree_open_area_002_014;3.05;3.0;правило планировщика (не норма): зазор между объектами
tree_open_area_002_013;посажено;tree;Липа европейская;NEW_TREE;-655.305;-472.022;14042.812;-1460.309;Органичные рощи -- случайные группы по несколько деревьев;19_2ya_pryadilnaya;"Органичные рощи -- случайные группы по несколько деревьев — по аналогии с проектом «19_2ya_pryadilnaya»; нормируемых ограничений ближе 5 м сверх нормы нет";"ассортимент для озеленения Москвы, категория «магистрали и улицы»; без инвазивных видов ППМ 369-ПП";tree tree_open_area_002_011;3.05;3.0;правило планировщика (не норма): зазор между объектами
tree_open_area_002_014;посажено;tree;Липа европейская;NEW_TREE;-657.947;-476.597;14040.17;-1464.884;Органичные рощи -- случайные группы по несколько деревьев;19_2ya_pryadilnaya;"Органичные рощи -- случайные группы по несколько деревьев — по аналогии с проектом «19_2ya_pryadilnaya»; нормируемых ограничений ближе 5 м сверх нормы нет";"ассортимент для озеленения Москвы, категория «магистрали и улицы»; без инвазивных видов ППМ 369-ПП";tree tree_open_area_002_011;3.05;3.0;правило планировщика (не норма): зазор между объектами
tree_open_area_002_015;посажено;tree;Липа европейская;NEW_TREE;-657.947;-470.497;14040.17;-1458.784;Органичные рощи -- случайные группы по несколько деревьев;19_2ya_pryadilnaya;"Органичные рощи -- случайные группы по несколько деревьев — по аналогии с проектом «19_2ya_pryadilnaya»; нормируемых ограничений ближе 5 м сверх нормы нет";"ассортимент для озеленения Москвы, категория «магистрали и улицы»; без инвазивных видов ППМ 369-ПП";tree tree_open_area_002_011;3.05;3.0;правило планировщика (не норма): зазор между объектами
tree_open_area_003_001;посажено;tree;Вяз гибридный Резиста;NEW_TREE;-614.758;-430.429;14083.359;-1418.717;Органичные рощи -- случайные группы по несколько деревьев;19_2ya_pryadilnaya;"Органичные рощи -- случайные группы по несколько деревьев — по аналогии с проектом «19_2ya_pryadilnaya»; нормируемых ограничений ближе 5 м сверх нормы нет";"ассортимент для озеленения Москвы, категория «магистрали и улицы»; без инвазивных видов ППМ 369-ПП";tree tree_102;4.55;3.0;правило планировщика (не норма): зазор между объектами
tree_open_area_004_001;посажено;tree;Вяз гибридный Резиста;NEW_TREE;-585.886;-407.09;14112.23;-1395.378;Органичные рощи -- случайные группы по несколько деревьев;19_2ya_pryadilnaya;"Органичные рощи -- случайные группы по несколько деревьев — по аналогии с проектом «19_2ya_pryadilnaya»; нормируемых ограничений ближе 5 м сверх нормы нет";"ассортимент для озеленения Москвы, категория «магистрали и улицы»; без инвазивных видов ППМ 369-ПП";tree tree_open_area_004_004;3.14;3.0;правило планировщика (не норма): зазор между объектами
tree_open_area_004_002;посажено;tree;Вяз гибридный Резиста;NEW_TREE;-585.886;-410.23;14112.23;-1398.517;Органичные рощи -- случайные группы по несколько деревьев;19_2ya_pryadilnaya;"Органичные рощи -- случайные группы по несколько деревьев — по аналогии с проектом «19_2ya_pryadilnaya»; нормируемых ограничений ближе 5 м сверх нормы нет";"ассортимент для озеленения Москвы, категория «магистрали и улицы»; без инвазивных видов ППМ 369-ПП";tree tree_open_area_004_004;3.14;3.0;правило планировщика (не норма): зазор между объектами
tree_open_area_004_003;посажено;tree;Вяз гибридный Резиста;NEW_TREE;-585.886;-403.951;14112.23;-1392.238;Органичные рощи -- случайные группы по несколько деревьев;19_2ya_pryadilnaya;"Органичные рощи -- случайные группы по несколько деревьев — по аналогии с проектом «19_2ya_pryadilnaya»; нормируемых ограничений ближе 5 м сверх нормы нет";"ассортимент для озеленения Москвы, категория «магистрали и улицы»; без инвазивных видов ППМ 369-ПП";tree tree_open_area_004_001;3.14;3.0;правило планировщика (не норма): зазор между объектами
tree_open_area_004_004;посажено;tree;Вяз гибридный Резиста;NEW_TREE;-588.605;-408.66;14109.512;-1396.947;Органичные рощи -- случайные группы по несколько деревьев;19_2ya_pryadilnaya;"Органичные рощи -- случайные группы по несколько деревьев — по аналогии с проектом «19_2ya_pryadilnaya»; нормируемых ограничений ближе 5 м сверх нормы нет";"ассортимент для озеленения Москвы, категория «магистрали и улицы»; без инвазивных видов ППМ 369-ПП";tree tree_open_area_004_002;3.14;3.0;правило планировщика (не норма): зазор между объектами
tree_open_area_004_005;посажено;tree;Вяз гибридный Резиста;NEW_TREE;-583.167;-408.66;14114.949;-1396.947;Органичные рощи -- случайные группы по несколько деревьев;19_2ya_pryadilnaya;"Органичные рощи -- случайные группы по несколько деревьев — по аналогии с проектом «19_2ya_pryadilnaya»; нормируемых ограничений ближе 5 м сверх нормы нет";"ассортимент для озеленения Москвы, категория «магистрали и улицы»; без инвазивных видов ППМ 369-ПП";tree tree_open_area_004_002;3.14;3.0;правило планировщика (не норма): зазор между объектами
tree_open_area_004_006;посажено;tree;Клен остролистный;NEW_TREE;-575.011;-394.532;14123.106;-1382.82;Органичные рощи -- случайные группы по несколько деревьев;19_2ya_pryadilnaya;"Органичные рощи -- случайные группы по несколько деревьев — по аналогии с проектом «19_2ya_pryadilnaya»; нормируемых ограничений ближе 5 м сверх нормы нет";"ассортимент для озеленения Москвы, категория «магистрали и улицы»; без инвазивных видов ППМ 369-ПП";tree tree_open_area_004_008;3.14;3.0;правило планировщика (не норма): зазор между объектами
tree_open_area_004_007;посажено;tree;Клен остролистный;NEW_TREE;-575.011;-391.393;14123.106;-1379.68;Органичные рощи -- случайные группы по несколько деревьев;19_2ya_pryadilnaya;"Органичные рощи -- случайные группы по несколько деревьев — по аналогии с проектом «19_2ya_pryadilnaya»; ближайшее ограничение — водопровод: 5.5 м при норме 2.0 м (СП 42.13330.2016, п. 9.6, табл. 9.1; ППМ 743-ПП, табл. 3.6.1)";"ассортимент для озеленения Москвы, категория «магистрали и улицы»; без инвазивных видов ППМ 369-ПП";водопровод;5.48;2.0;"СП 42.13330.2016, п. 9.6, табл. 9.1; ППМ 743-ПП, табл. 3.6.1"
tree_open_area_004_008;посажено;tree;Клен остролистный;NEW_TREE;-577.73;-396.102;14120.387;-1384.389;Органичные рощи -- случайные группы по несколько деревьев;19_2ya_pryadilnaya;"Органичные рощи -- случайные группы по несколько деревьев — по аналогии с проектом «19_2ya_pryadilnaya»; нормируемых ограничений ближе 5 м сверх нормы нет";"ассортимент для озеленения Москвы, категория «магистрали и улицы»; без инвазивных видов ППМ 369-ПП";tree tree_open_area_004_010;3.14;3.0;правило планировщика (не норма): зазор между объектами
tree_open_area_004_009;посажено;tree;Клен остролистный;NEW_TREE;-572.292;-396.102;14125.825;-1384.389;Органичные рощи -- случайные группы по несколько деревьев;19_2ya_pryadilnaya;"Органичные рощи -- случайные группы по несколько деревьев — по аналогии с проектом «19_2ya_pryadilnaya»; нормируемых ограничений ближе 5 м сверх нормы нет";"ассортимент для озеленения Москвы, категория «магистрали и улицы»; без инвазивных видов ППМ 369-ПП";tree tree_open_area_004_006;3.14;3.0;правило планировщика (не норма): зазор между объектами
tree_open_area_004_010;посажено;tree;Клен остролистный;NEW_TREE;-577.73;-392.962;14120.387;-1381.25;Органичные рощи -- случайные группы по несколько деревьев;19_2ya_pryadilnaya;"Органичные рощи -- случайные группы по несколько деревьев — по аналогии с проектом «19_2ya_pryadilnaya»; нормируемых ограничений ближе 5 м сверх нормы нет";"ассортимент для озеленения Москвы, категория «магистрали и улицы»; без инвазивных видов ППМ 369-ПП";tree tree_open_area_004_008;3.14;3.0;правило планировщика (не норма): зазор между объектами
tree_open_area_004_011;посажено;tree;Липа европейская;NEW_TREE;-597.668;-411.8;14100.449;-1400.087;Органичные рощи -- случайные группы по несколько деревьев;19_2ya_pryadilnaya;"Органичные рощи -- случайные группы по несколько деревьев — по аналогии с проектом «19_2ya_pryadilnaya»; нормируемых ограничений ближе 5 м сверх нормы нет";"ассортимент для озеленения Москвы, категория «магистрали и улицы»; без инвазивных видов ППМ 369-ПП";tree tree_open_area_004_014;3.14;3.0;правило планировщика (не норма): зазор между объектами
tree_open_area_004_012;посажено;tree;Липа европейская;NEW_TREE;-597.668;-414.939;14100.449;-1403.227;Органичные рощи -- случайные группы по несколько деревьев;19_2ya_pryadilnaya;"Органичные рощи -- случайные группы по несколько деревьев — по аналогии с проектом «19_2ya_pryadilnaya»; ближайшее ограничение — водопровод: 5.5 м при норме 2.0 м (СП 42.13330.2016, п. 9.6, табл. 9.1; ППМ 743-ПП, табл. 3.6.1)";"ассортимент для озеленения Москвы, категория «магистрали и улицы»; без инвазивных видов ППМ 369-ПП";водопровод;5.52;2.0;"СП 42.13330.2016, п. 9.6, табл. 9.1; ППМ 743-ПП, табл. 3.6.1"
tree_open_area_004_013;посажено;tree;Липа европейская;NEW_TREE;-597.668;-408.66;14100.449;-1396.947;Органичные рощи -- случайные группы по несколько деревьев;19_2ya_pryadilnaya;"Органичные рощи -- случайные группы по несколько деревьев — по аналогии с проектом «19_2ya_pryadilnaya»; нормируемых ограничений ближе 5 м сверх нормы нет";"ассортимент для озеленения Москвы, категория «магистрали и улицы»; без инвазивных видов ППМ 369-ПП";tree tree_open_area_004_011;3.14;3.0;правило планировщика (не норма): зазор между объектами
tree_open_area_004_014;посажено;tree;Липа европейская;NEW_TREE;-600.387;-413.369;14097.73;-1401.657;Органичные рощи -- случайные группы по несколько деревьев;19_2ya_pryadilnaya;"Органичные рощи -- случайные группы по несколько деревьев — по аналогии с проектом «19_2ya_pryadilnaya»; ближайшее ограничение — водопровод: 6.0 м при норме 2.0 м (СП 42.13330.2016, п. 9.6, табл. 9.1; ППМ 743-ПП, табл. 3.6.1)";"ассортимент для озеленения Москвы, категория «магистрали и улицы»; без инвазивных видов ППМ 369-ПП";водопровод;5.96;2.0;"СП 42.13330.2016, п. 9.6, табл. 9.1; ППМ 743-ПП, табл. 3.6.1"
tree_open_area_004_015;посажено;tree;Липа европейская;NEW_TREE;-594.949;-413.369;14103.167;-1401.657;Органичные рощи -- случайные группы по несколько деревьев;19_2ya_pryadilnaya;"Органичные рощи -- случайные группы по несколько деревьев — по аналогии с проектом «19_2ya_pryadilnaya»; нормируемых ограничений ближе 5 м сверх нормы нет";"ассортимент для озеленения Москвы, категория «магистрали и улицы»; без инвазивных видов ППМ 369-ПП";tree tree_open_area_004_012;3.14;3.0;правило планировщика (не норма): зазор между объектами
tree_open_area_004_016;посажено;tree;Вяз гибридный Резиста;NEW_TREE;-585.886;-394.532;14112.23;-1382.82;Органичные рощи -- случайные группы по несколько деревьев;19_2ya_pryadilnaya;"Органичные рощи -- случайные группы по несколько деревьев — по аналогии с проектом «19_2ya_pryadilnaya»; нормируемых ограничений ближе 5 м сверх нормы нет";"ассортимент для озеленения Москвы, категория «магистрали и улицы»; без инвазивных видов ППМ 369-ПП";tree tree_open_area_004_019;3.14;3.0;правило планировщика (не норма): зазор между объектами
tree_open_area_004_017;посажено;tree;Вяз гибридный Резиста;NEW_TREE;-585.886;-397.672;14112.23;-1385.959;Органичные рощи -- случайные группы по несколько деревьев;19_2ya_pryadilnaya;"Органичные рощи -- случайные группы по несколько деревьев — по аналогии с проектом «19_2ya_pryadilnaya»; нормируемых ограничений ближе 5 м сверх нормы нет";"ассортимент для озеленения Москвы, категория «магистрали и улицы»; без инвазивных видов ППМ 369-ПП";tree tree_open_area_004_019;3.14;3.0;правило планировщика (не норма): зазор между объектами
tree_open_area_004_018;посажено;tree;Вяз гибридный Резиста;NEW_TREE;-585.886;-391.393;14112.23;-1379.68;Органичные рощи -- случайные группы по несколько деревьев;19_2ya_pryadilnaya;"Органичные рощи -- случайные группы по несколько деревьев — по аналогии с проектом «19_2ya_pryadilnaya»; нормируемых ограничений ближе 5 м сверх нормы нет";"ассортимент для озеленения Москвы, категория «магистрали и улицы»; без инвазивных видов ППМ 369-ПП";tree tree_open_area_004_016;3.14;3.0;правило планировщика (не норма): зазор между объектами
tree_open_area_004_019;посажено;tree;Вяз гибридный Резиста;NEW_TREE;-588.605;-396.102;14109.512;-1384.389;Органичные рощи -- случайные группы по несколько деревьев;19_2ya_pryadilnaya;"Органичные рощи -- случайные группы по несколько деревьев — по аналогии с проектом «19_2ya_pryadilnaya»; нормируемых ограничений ближе 5 м сверх нормы нет";"ассортимент для озеленения Москвы, категория «магистрали и улицы»; без инвазивных видов ППМ 369-ПП";tree tree_open_area_004_017;3.14;3.0;правило планировщика (не норма): зазор между объектами
tree_open_area_004_020;посажено;tree;Вяз гибридный Резиста;NEW_TREE;-583.167;-396.102;14114.949;-1384.389;Органичные рощи -- случайные группы по несколько деревьев;19_2ya_pryadilnaya;"Органичные рощи -- случайные группы по несколько деревьев — по аналогии с проектом «19_2ya_pryadilnaya»; нормируемых ограничений ближе 5 м сверх нормы нет";"ассортимент для озеленения Москвы, категория «магистрали и улицы»; без инвазивных видов ППМ 369-ПП";tree tree_open_area_004_017;3.14;3.0;правило планировщика (не норма): зазор между объектами
bush_open_area_005_001;посажено;bush;Жимолость золотистая;NEW_BUSH;-553.373;-362.507;14144.744;-1350.795;Равномерный редкий разброс по всей площади (без кластеров);20_makeeva_s;"Равномерный редкий разброс по всей площади (без кластеров) — по аналогии с проектом «20_makeeva_s»; нормируемых ограничений ближе 5 м сверх нормы нет";"ассортимент для озеленения Москвы, категория «магистрали и улицы»; без инвазивных видов ППМ 369-ПП";;;;
bush_open_area_005_002;посажено;bush;Спирея березолистная;NEW_BUSH;-569.873;-375.497;14128.244;-1363.785;Равномерный редкий разброс по всей площади (без кластеров);20_makeeva_s;"Равномерный редкий разброс по всей площади (без кластеров) — по аналогии с проектом «20_makeeva_s»; нормируемых ограничений ближе 5 м сверх нормы нет";"ассортимент для озеленения Москвы, категория «магистрали и улицы»; без инвазивных видов ППМ 369-ПП";;;;
bush_open_area_005_003;посажено;bush;Смородина золотистая;NEW_BUSH;-544.373;-346.919;14153.744;-1335.206;Равномерный редкий разброс по всей площади (без кластеров);20_makeeva_s;"Равномерный редкий разброс по всей площади (без кластеров) — по аналогии с проектом «20_makeeva_s»; нормируемых ограничений ближе 5 м сверх нормы нет";"ассортимент для озеленения Москвы, категория «магистрали и улицы»; без инвазивных видов ППМ 369-ПП";;;;
bush_open_area_005_004;посажено;bush;Жимолость золотистая;NEW_BUSH;-556.373;-378.096;14141.744;-1366.383;Равномерный редкий разброс по всей площади (без кластеров);20_makeeva_s;"Равномерный редкий разброс по всей площади (без кластеров) — по аналогии с проектом «20_makeeva_s»; ближайшее ограничение — пешеходная дорожка / тротуар: 4.4 м при норме 0.5 м (СП 42.13330.2016, п. 9.6, табл. 9.1; ППМ 743-ПП, табл. 3.6.1)";"ассортимент для озеленения Москвы, категория «магистрали и улицы»; без инвазивных видов ППМ 369-ПП";пешеходная дорожка / тротуар;4.37;0.5;"СП 42.13330.2016, п. 9.6, табл. 9.1; ППМ 743-ПП, табл. 3.6.1"
bush_open_area_005_005;посажено;bush;Спирея березолистная;NEW_BUSH;-539.873;-359.909;14158.244;-1348.196;Равномерный редкий разброс по всей площади (без кластеров);20_makeeva_s;"Равномерный редкий разброс по всей площади (без кластеров) — по аналогии с проектом «20_makeeva_s»; ближайшее ограничение — пешеходная дорожка / тротуар: 4.1 м при норме 0.5 м (СП 42.13330.2016, п. 9.6, табл. 9.1; ППМ 743-ПП, табл. 3.6.1)";"ассортимент для озеленения Москвы, категория «магистрали и улицы»; без инвазивных видов ППМ 369-ПП";пешеходная дорожка / тротуар;4.09;0.5;"СП 42.13330.2016, п. 9.6, табл. 9.1; ППМ 743-ПП, табл. 3.6.1"
bush_open_area_005_006;посажено;bush;Смородина золотистая;NEW_BUSH;-565.373;-367.703;14132.744;-1355.991;Равномерный редкий разброс по всей площади (без кластеров);20_makeeva_s;"Равномерный редкий разброс по всей площади (без кластеров) — по аналогии с проектом «20_makeeva_s»; нормируемых ограничений ближе 5 м сверх нормы нет";"ассортимент для озеленения Москвы, категория «магистрали и улицы»; без инвазивных видов ППМ 369-ПП";;;;
bush_open_area_005_007;посажено;bush;Жимолость золотистая;NEW_BUSH;-550.373;-352.115;14147.744;-1340.402;Равномерный редкий разброс по всей площади (без кластеров);20_makeeva_s;"Равномерный редкий разброс по всей площади (без кластеров) — по аналогии с проектом «20_makeeva_s»; нормируемых ограничений ближе 5 м сверх нормы нет";"ассортимент для озеленения Москвы, категория «магистрали и улицы»; без инвазивных видов ППМ 369-ПП";;;;
bush_open_area_005_008;посажено;bush;Спирея березолистная;NEW_BUSH;-563.873;-375.497;14134.244;-1363.785;Равномерный редкий разброс по всей площади (без кластеров);20_makeeva_s;"Равномерный редкий разброс по всей площади (без кластеров) — по аналогии с проектом «20_makeeva_s»; нормируемых ограничений ближе 5 м сверх нормы нет";"ассортимент для озеленения Москвы, категория «магистрали и улицы»; без инвазивных видов ППМ 369-ПП";;;;
bush_open_area_005_009;посажено;bush;Смородина золотистая;NEW_BUSH;-557.873;-370.301;14140.244;-1358.589;Равномерный редкий разброс по всей площади (без кластеров);20_makeeva_s;"Равномерный редкий разброс по всей площади (без кластеров) — по аналогии с проектом «20_makeeva_s»; нормируемых ограничений ближе 5 м сверх нормы нет";"ассортимент для озеленения Москвы, категория «магистрали и улицы»; без инвазивных видов ППМ 369-ПП";;;;
bush_open_area_005_010;посажено;bush;Жимолость золотистая;NEW_BUSH;-547.373;-362.507;14150.744;-1350.795;Равномерный редкий разброс по всей площади (без кластеров);20_makeeva_s;"Равномерный редкий разброс по всей площади (без кластеров) — по аналогии с проектом «20_makeeva_s»; нормируемых ограничений ближе 5 м сверх нормы нет";"ассортимент для озеленения Москвы, категория «магистрали и улицы»; без инвазивных видов ППМ 369-ПП";;;;
bush_open_area_005_011;посажено;bush;Спирея березолистная;NEW_BUSH;-541.373;-352.115;14156.744;-1340.402;Равномерный редкий разброс по всей площади (без кластеров);20_makeeva_s;"Равномерный редкий разброс по всей площади (без кластеров) — по аналогии с проектом «20_makeeva_s»; нормируемых ограничений ближе 5 м сверх нормы нет";"ассортимент для озеленения Москвы, категория «магистрали и улицы»; без инвазивных видов ППМ 369-ПП";;;;
bush_open_area_005_012;посажено;bush;Смородина золотистая;NEW_BUSH;-551.873;-370.301;14146.244;-1358.589;Равномерный редкий разброс по всей площади (без кластеров);20_makeeva_s;"Равномерный редкий разброс по всей площади (без кластеров) — по аналогии с проектом «20_makeeva_s»; ближайшее ограничение — пешеходная дорожка / тротуар: 5.4 м при норме 0.5 м (СП 42.13330.2016, п. 9.6, табл. 9.1; ППМ 743-ПП, табл. 3.6.1)";"ассортимент для озеленения Москвы, категория «магистрали и улицы»; без инвазивных видов ППМ 369-ПП";пешеходная дорожка / тротуар;5.43;0.5;"СП 42.13330.2016, п. 9.6, табл. 9.1; ППМ 743-ПП, табл. 3.6.1"
bush_open_area_005_013;посажено;bush;Жимолость золотистая;NEW_BUSH;-562.373;-362.507;14135.744;-1350.795;Равномерный редкий разброс по всей площади (без кластеров);20_makeeva_s;"Равномерный редкий разброс по всей площади (без кластеров) — по аналогии с проектом «20_makeeva_s»; нормируемых ограничений ближе 5 м сверх нормы нет";"ассортимент для озеленения Москвы, категория «магистрали и улицы»; без инвазивных видов ППМ 369-ПП";;;;
bush_open_area_005_014;посажено;bush;Спирея березолистная;NEW_BUSH;-556.373;-357.311;14141.744;-1345.598;Равномерный редкий разброс по всей площади (без кластеров);20_makeeva_s;"Равномерный редкий разброс по всей площади (без кластеров) — по аналогии с проектом «20_makeeva_s»; нормируемых ограничений ближе 5 м сверх нормы нет";"ассортимент для озеленения Москвы, категория «магистрали и улицы»; без инвазивных видов ППМ 369-ПП";;;;
bush_open_area_005_015;посажено;bush;Смородина золотистая;NEW_BUSH;-547.373;-357.311;14150.744;-1345.598;Равномерный редкий разброс по всей площади (без кластеров);20_makeeva_s;"Равномерный редкий разброс по всей площади (без кластеров) — по аналогии с проектом «20_makeeva_s»; нормируемых ограничений ближе 5 м сверх нормы нет";"ассортимент для озеленения Москвы, категория «магистрали и улицы»; без инвазивных видов ППМ 369-ПП";;;;
bush_open_area_005_016;посажено;bush;Жимолость золотистая;NEW_BUSH;-560.873;-380.694;14137.244;-1368.981;Равномерный редкий разброс по всей площади (без кластеров);20_makeeva_s;"Равномерный редкий разброс по всей площади (без кластеров) — по аналогии с проектом «20_makeeva_s»; ближайшее ограничение — водопровод: 2.4 м при норме 0.0 м (СП 42.13330.2016, п. 9.6, табл. 9.1; ППМ 743-ПП, табл. 3.6.1)";"ассортимент для озеленения Москвы, категория «магистрали и улицы»; без инвазивных видов ППМ 369-ПП";водопровод;2.35;0.0;"СП 42.13330.2016, п. 9.6, табл. 9.1; ППМ 743-ПП, табл. 3.6.1"
bush_open_area_005_017;посажено;bush;Спирея березолистная;NEW_BUSH;-569.873;-370.301;14128.244;-1358.589;Равномерный редкий разброс по всей площади (без кластеров);20_makeeva_s;"Равномерный редкий разброс по всей площади (без кластеров) — по аналогии с проектом «20_makeeva_s»; нормируемых ограничений ближе 5 м сверх нормы нет";"ассортимент для озеленения Москвы, категория «магистрали и улицы»; без инвазивных видов ППМ 369-ПП";;;;
bush_open_area_005_018;посажено;bush;Смородина золотистая;NEW_BUSH;-557.873;-365.105;14140.244;-1353.393;Равномерный редкий разброс по всей площади (без кластеров);20_makeeva_s;"Равномерный редкий разброс по всей площади (без кластеров) — по аналогии с проектом «20_makeeva_s»; нормируемых ограничений ближе 5 м сверх нормы нет";"ассортимент для озеленения Москвы, категория «магистрали и улицы»; без инвазивных видов ППМ 369-ПП";;;;
tree_open_area_005_001;посажено;tree;Клен остролистный;NEW_TREE;-554.045;-363.72;14144.072;-1352.008;Равномерный редкий разброс по всей площади (без кластеров);20_makeeva_s;"Равномерный редкий разброс по всей площади (без кластеров) — по аналогии с проектом «20_makeeva_s»; нормируемых ограничений ближе 5 м сверх нормы нет";"ассортимент для озеленения Москвы, категория «магистрали и улицы»; без инвазивных видов ППМ 369-ПП";tree tree_site_edge_029_002;9.56;3.0;правило планировщика (не норма): зазор между объектами
tree_open_area_005_002;посажено;tree;Вяз гибридный Резиста;NEW_TREE;-566.045;-374.113;14132.072;-1362.4;Равномерный редкий разброс по всей площади (без кластеров);20_makeeva_s;"Равномерный редкий разброс по всей площади (без кластеров) — по аналогии с проектом «20_makeeva_s»; нормируемых ограничений ближе 5 м сверх нормы нет";"ассортимент для озеленения Москвы, категория «магистрали и улицы»; без инвазивных видов ППМ 369-ПП";tree tree_site_edge_029_004;8.66;3.0;правило планировщика (не норма): зазор между объектами
tree_open_area_005_003;посажено;tree;Липа европейская;NEW_TREE;-542.045;-353.328;14156.072;-1341.615;Равномерный редкий разброс по всей площади (без кластеров);20_makeeva_s;"Равномерный редкий разброс по всей площади (без кластеров) — по аналогии с проектом «20_makeeva_s»; нормируемых ограничений ближе 5 м сверх нормы нет";"ассортимент для озеленения Москвы, категория «магистрали и улицы»; без инвазивных видов ППМ 369-ПП";tree tree_108;4.01;3.0;правило планировщика (не норма): зазор между объектами
tree_open_area_005_004;посажено;tree;Клен остролистный;NEW_TREE;-557.045;-379.309;14141.072;-1367.596;Равномерный редкий разброс по всей площади (без кластеров);20_makeeva_s;"Равномерный редкий разброс по всей площади (без кластеров) — по аналогии с проектом «20_makeeva_s»; ближайшее ограничение — водопровод: 4.6 м при норме 2.0 м (СП 42.13330.2016, п. 9.6, табл. 9.1; ППМ 743-ПП, табл. 3.6.1)";"ассортимент для озеленения Москвы, категория «магистрали и улицы»; без инвазивных видов ППМ 369-ПП";водопровод;4.62;2.0;"СП 42.13330.2016, п. 9.6, табл. 9.1; ППМ 743-ПП, табл. 3.6.1"
tree_open_area_005_005;посажено;tree;Вяз гибридный Резиста;NEW_TREE;-554.045;-353.328;14144.072;-1341.615;Равномерный редкий разброс по всей площади (без кластеров);20_makeeva_s;"Равномерный редкий разброс по всей площади (без кластеров) — по аналогии с проектом «20_makeeva_s»; нормируемых ограничений ближе 5 м сверх нормы нет";"ассортимент для озеленения Москвы, категория «магистрали и улицы»; без инвазивных видов ППМ 369-ПП";tree tree_site_edge_029_002;4.13;3.0;правило планировщика (не норма): зазор между объектами
tree_open_area_006_001;посажено;tree;Вяз гибридный Резиста;NEW_TREE;-295.57;-185.157;14402.547;-1173.444;Органичные рощи -- случайные группы по несколько деревьев;19_2ya_pryadilnaya;"Органичные рощи -- случайные группы по несколько деревьев — по аналогии с проектом «19_2ya_pryadilnaya»; ближайшее ограничение — пешеходная дорожка / тротуар: 4.0 м при норме 0.7 м (СП 42.13330.2016, п. 9.6, табл. 9.1; ППМ 743-ПП, табл. 3.6.1)";"ассортимент для озеленения Москвы, категория «магистрали и улицы»; без инвазивных видов ППМ 369-ПП";пешеходная дорожка / тротуар;3.97;0.7;"СП 42.13330.2016, п. 9.6, табл. 9.1; ППМ 743-ПП, табл. 3.6.1"
tree_open_area_006_002;посажено;tree;Вяз гибридный Резиста;NEW_TREE;-292.07;-184.291;14406.047;-1172.578;Органичные рощи -- случайные группы по несколько деревьев;19_2ya_pryadilnaya;"Органичные рощи -- случайные группы по несколько деревьев — по аналогии с проектом «19_2ya_pryadilnaya»; ближайшее ограничение — пешеходная дорожка / тротуар: 3.8 м при норме 0.7 м (СП 42.13330.2016, п. 9.6, табл. 9.1; ППМ 743-ПП, табл. 3.6.1)";"ассортимент для озеленения Москвы, категория «магистрали и улицы»; без инвазивных видов ППМ 369-ПП";пешеходная дорожка / тротуар;3.78;0.7;"СП 42.13330.2016, п. 9.6, табл. 9.1; ППМ 743-ПП, табл. 3.6.1"
tree_open_area_006_003;посажено;tree;Вяз гибридный Резиста;NEW_TREE;-301.57;-186.889;14396.547;-1175.177;Органичные рощи -- случайные группы по несколько деревьев;19_2ya_pryadilnaya;"Органичные рощи -- случайные группы по несколько деревьев — по аналогии с проектом «19_2ya_pryadilnaya»; ближайшее ограничение — пешеходная дорожка / тротуар: 4.1 м при норме 0.7 м (СП 42.13330.2016, п. 9.6, табл. 9.1; ППМ 743-ПП, табл. 3.6.1)";"ассортимент для озеленения Москвы, категория «магистрали и улицы»; без инвазивных видов ППМ 369-ПП";пешеходная дорожка / тротуар;4.08;0.7;"СП 42.13330.2016, п. 9.6, табл. 9.1; ППМ 743-ПП, табл. 3.6.1"
tree_open_area_008_001;посажено;tree;Вяз гибридный Резиста;NEW_TREE;-359.518;-228.482;14338.599;-1216.77;Органичные рощи -- случайные группы по несколько деревьев;19_2ya_pryadilnaya;"Органичные рощи -- случайные группы по несколько деревьев — по аналогии с проектом «19_2ya_pryadilnaya»; ближайшее ограничение — пешеходная дорожка / тротуар: 3.9 м при норме 0.7 м (СП 42.13330.2016, п. 9.6, табл. 9.1; ППМ 743-ПП, табл. 3.6.1)";"ассортимент для озеленения Москвы, категория «магистрали и улицы»; без инвазивных видов ППМ 369-ПП";пешеходная дорожка / тротуар;3.89;0.7;"СП 42.13330.2016, п. 9.6, табл. 9.1; ППМ 743-ПП, табл. 3.6.1"
tree_open_area_008_002;посажено;tree;Вяз гибридный Резиста;NEW_TREE;-356.018;-225.884;14342.099;-1214.172;Органичные рощи -- случайные группы по несколько деревьев;19_2ya_pryadilnaya;"Органичные рощи -- случайные группы по несколько деревьев — по аналогии с проектом «19_2ya_pryadilnaya»; ближайшее ограничение — пешеходная дорожка / тротуар: 3.8 м при норме 0.7 м (СП 42.13330.2016, п. 9.6, табл. 9.1; ППМ 743-ПП, табл. 3.6.1)";"ассортимент для озеленения Москвы, категория «магистрали и улицы»; без инвазивных видов ППМ 369-ПП";пешеходная дорожка / тротуар;3.83;0.7;"СП 42.13330.2016, п. 9.6, табл. 9.1; ППМ 743-ПП, табл. 3.6.1"
tree_open_area_008_003;посажено;tree;Вяз гибридный Резиста;NEW_TREE;-363.518;-231.946;14334.599;-1220.234;Органичные рощи -- случайные группы по несколько деревьев;19_2ya_pryadilnaya;"Органичные рощи -- случайные группы по несколько деревьев — по аналогии с проектом «19_2ya_pryadilnaya»; ближайшее ограничение — воздушная ЛЭП: 5.1 м при норме 2.0 м (охранная зона по чертежу (отступ зоны))";"ассортимент для озеленения Москвы, категория «магистрали и улицы»; без инвазивных видов ППМ 369-ПП";воздушная ЛЭП;5.11;2.0;охранная зона по чертежу (отступ зоны)
tree_open_area_008_004;посажено;tree;Вяз гибридный Резиста;NEW_TREE;-353.018;-224.152;14345.099;-1212.44;Органичные рощи -- случайные группы по несколько деревьев;19_2ya_pryadilnaya;"Органичные рощи -- случайные группы по несколько деревьев — по аналогии с проектом «19_2ya_pryadilnaya»; ближайшее ограничение — пешеходная дорожка / тротуар: 4.2 м при норме 0.7 м (СП 42.13330.2016, п. 9.6, табл. 9.1; ППМ 743-ПП, табл. 3.6.1)";"ассортимент для озеленения Москвы, категория «магистрали и улицы»; без инвазивных видов ППМ 369-ПП";пешеходная дорожка / тротуар;4.18;0.7;"СП 42.13330.2016, п. 9.6, табл. 9.1; ППМ 743-ПП, табл. 3.6.1"
tree_open_area_009_001;посажено;tree;Вяз гибридный Резиста;NEW_TREE;-382.153;-245.25;14315.964;-1233.538;Органичные рощи -- случайные группы по несколько деревьев;19_2ya_pryadilnaya;"Органичные рощи -- случайные группы по несколько деревьев — по аналогии с проектом «19_2ya_pryadilnaya»; ближайшее ограничение — пешеходная дорожка / тротуар: 4.0 м при норме 0.7 м (СП 42.13330.2016, п. 9.6, табл. 9.1; ППМ 743-ПП, табл. 3.6.1)";"ассортимент для озеленения Москвы, категория «магистрали и улицы»; без инвазивных видов ППМ 369-ПП";пешеходная дорожка / тротуар;3.99;0.7;"СП 42.13330.2016, п. 9.6, табл. 9.1; ППМ 743-ПП, табл. 3.6.1"
tree_open_area_009_002;посажено;tree;Вяз гибридный Резиста;NEW_TREE;-385.653;-247.848;14312.464;-1236.136;Органичные рощи -- случайные группы по несколько деревьев;19_2ya_pryadilnaya;"Органичные рощи -- случайные группы по несколько деревьев — по аналогии с проектом «19_2ya_pryadilnaya»; ближайшее ограничение — канализация: 4.1 м при норме 1.5 м (СП 42.13330.2016, п. 9.6, табл. 9.1; ППМ 743-ПП, табл. 3.6.1)";"ассортимент для озеленения Москвы, категория «магистрали и улицы»; без инвазивных видов ППМ 369-ПП";канализация;4.09;1.5;"СП 42.13330.2016, п. 9.6, табл. 9.1; ППМ 743-ПП, табл. 3.6.1"
tree_open_area_009_003;посажено;tree;Вяз гибридный Резиста;NEW_TREE;-378.653;-242.652;14319.464;-1230.94;Органичные рощи -- случайные группы по несколько деревьев;19_2ya_pryadilnaya;"Органичные рощи -- случайные группы по несколько деревьев — по аналогии с проектом «19_2ya_pryadilnaya»; ближайшее ограничение — пешеходная дорожка / тротуар: 4.0 м при норме 0.7 м (СП 42.13330.2016, п. 9.6, табл. 9.1; ППМ 743-ПП, табл. 3.6.1)";"ассортимент для озеленения Москвы, категория «магистрали и улицы»; без инвазивных видов ППМ 369-ПП";пешеходная дорожка / тротуар;3.99;0.7;"СП 42.13330.2016, п. 9.6, табл. 9.1; ППМ 743-ПП, табл. 3.6.1"
bush_open_area_010_001;посажено;bush;Жимолость золотистая;NEW_BUSH;-404.717;-263.077;14293.399;-1251.364;Равномерный редкий разброс по всей площади (без кластеров);20_makeeva_s;"Равномерный редкий разброс по всей площади (без кластеров) — по аналогии с проектом «20_makeeva_s»; ближайшее ограничение — силовой кабель: 2.2 м при норме 0.7 м (СП 42.13330.2016, п. 9.6, табл. 9.1; ППМ 743-ПП, табл. 3.6.1)";"ассортимент для озеленения Москвы, категория «магистрали и улицы»; без инвазивных видов ППМ 369-ПП";силовой кабель;2.18;0.7;"СП 42.13330.2016, п. 9.6, табл. 9.1; ППМ 743-ПП, табл. 3.6.1"
bush_open_area_011_001;посажено;bush;Жимолость золотистая;NEW_BUSH;-431.514;-281.942;14266.603;-1270.23;Равномерный редкий разброс по всей площади (без кластеров);20_makeeva_s;"Равномерный редкий разброс по всей площади (без кластеров) — по аналогии с проектом «20_makeeva_s»; ближайшее ограничение — силовой кабель: 4.3 м при норме 0.7 м (СП 42.13330.2016, п. 9.6, табл. 9.1; ППМ 743-ПП, табл. 3.6.1)";"ассортимент для озеленения Москвы, категория «магистрали и улицы»; без инвазивных видов ППМ 369-ПП";силовой кабель;4.3;0.7;"СП 42.13330.2016, п. 9.6, табл. 9.1; ППМ 743-ПП, табл. 3.6.1"
tree_open_area_012_001;посажено;tree;Вяз гибридный Резиста;NEW_TREE;-445.492;-292.726;14252.624;-1281.014;Органичные рощи -- случайные группы по несколько деревьев;19_2ya_pryadilnaya;"Органичные рощи -- случайные группы по несколько деревьев — по аналогии с проектом «19_2ya_pryadilnaya»; ближайшее ограничение — силовой кабель: 3.4 м при норме 2.0 м (СП 42.13330.2016, п. 9.6, табл. 9.1; ППМ 743-ПП, табл. 3.6.1)";"ассортимент для озеленения Москвы, категория «магистрали и улицы»; без инвазивных видов ППМ 369-ПП";силовой кабель;3.38;2.0;"СП 42.13330.2016, п. 9.6, табл. 9.1; ППМ 743-ПП, табл. 3.6.1"
bush_open_area_013_001;посажено;bush;Жимолость золотистая;NEW_BUSH;-136.022;-199.068;14562.094;-1187.355;Равномерный редкий разброс по всей площади (без кластеров);20_makeeva_s;"Равномерный редкий разброс по всей площади (без кластеров) — по аналогии с проектом «20_makeeva_s»; нормируемых ограничений ближе 5 м сверх нормы нет";"ассортимент для озеленения Москвы, категория «магистрали и улицы»; без инвазивных видов ППМ 369-ПП";;;;
bush_open_area_013_002;посажено;bush;Спирея березолистная;NEW_BUSH;-143.522;-186.077;14554.594;-1174.365;Равномерный редкий разброс по всей площади (без кластеров);20_makeeva_s;"Равномерный редкий разброс по всей площади (без кластеров) — по аналогии с проектом «20_makeeva_s»; нормируемых ограничений ближе 5 м сверх нормы нет";"ассортимент для озеленения Москвы, категория «магистрали и улицы»; без инвазивных видов ППМ 369-ПП";;;;
bush_open_area_013_003;посажено;bush;Смородина золотистая;NEW_BUSH;-130.022;-214.656;14568.094;-1202.944;Равномерный редкий разброс по всей площади (без кластеров);20_makeeva_s;"Равномерный редкий разброс по всей площади (без кластеров) — по аналогии с проектом «20_makeeva_s»; нормируемых ограничений ближе 5 м сверх нормы нет";"ассортимент для озеленения Москвы, категория «магистрали и улицы»; без инвазивных видов ППМ 369-ПП";;;;
bush_open_area_013_004;посажено;bush;Жимолость золотистая;NEW_BUSH;-145.022;-193.872;14553.094;-1182.159;Равномерный редкий разброс по всей площади (без кластеров);20_makeeva_s;"Равномерный редкий разброс по всей площади (без кластеров) — по аналогии с проектом «20_makeeva_s»; нормируемых ограничений ближе 5 м сверх нормы нет";"ассортимент для озеленения Москвы, категория «магистрали и улицы»; без инвазивных видов ППМ 369-ПП";;;;
bush_open_area_013_005;посажено;bush;Спирея березолистная;NEW_BUSH;-134.522;-206.862;14563.594;-1195.149;Равномерный редкий разброс по всей площади (без кластеров);20_makeeva_s;"Равномерный редкий разброс по всей площади (без кластеров) — по аналогии с проектом «20_makeeva_s»; нормируемых ограничений ближе 5 м сверх нормы нет";"ассортимент для озеленения Москвы, категория «магистрали и улицы»; без инвазивных видов ППМ 369-ПП";;;;
bush_open_area_013_006;посажено;bush;Смородина золотистая;NEW_BUSH;-140.522;-191.274;14557.594;-1179.561;Равномерный редкий разброс по всей площади (без кластеров);20_makeeva_s;"Равномерный редкий разброс по всей площади (без кластеров) — по аналогии с проектом «20_makeeva_s»; нормируемых ограничений ближе 5 м сверх нормы нет";"ассортимент для озеленения Москвы, категория «магистрали и улицы»; без инвазивных видов ППМ 369-ПП";;;;
bush_open_area_013_007;посажено;bush;Жимолость золотистая;NEW_BUSH;-127.022;-209.46;14571.094;-1197.747;Равномерный редкий разброс по всей площади (без кластеров);20_makeeva_s;"Равномерный редкий разброс по всей площади (без кластеров) — по аналогии с проектом «20_makeeva_s»; нормируемых ограничений ближе 5 м сверх нормы нет";"ассортимент для озеленения Москвы, категория «магистрали и улицы»; без инвазивных видов ППМ 369-ПП";;;;
bush_open_area_013_008;посажено;bush;Спирея березолистная;NEW_BUSH;-131.522;-201.666;14566.594;-1189.953;Равномерный редкий разброс по всей площади (без кластеров);20_makeeva_s;"Равномерный редкий разброс по всей площади (без кластеров) — по аналогии с проектом «20_makeeva_s»; нормируемых ограничений ближе 5 м сверх нормы нет";"ассортимент для озеленения Москвы, категория «магистрали и улицы»; без инвазивных видов ППМ 369-ПП";;;;
bush_open_area_013_009;посажено;bush;Смородина золотистая;NEW_BUSH;-140.522;-196.47;14557.594;-1184.757;Равномерный редкий разброс по всей площади (без кластеров);20_makeeva_s;"Равномерный редкий разброс по всей площади (без кластеров) — по аналогии с проектом «20_makeeva_s»; нормируемых ограничений ближе 5 м сверх нормы нет";"ассортимент для озеленения Москвы, категория «магистрали и улицы»; без инвазивных видов ППМ 369-ПП";;;;
tree_open_area_013_001;посажено;tree;Клен остролистный;NEW_TREE;-141.272;-192.573;14556.844;-1180.86;Равномерный редкий разброс по всей площади (без кластеров);20_makeeva_s;"Равномерный редкий разброс по всей площади (без кластеров) — по аналогии с проектом «20_makeeva_s»; нормируемых ограничений ближе 5 м сверх нормы нет";"ассортимент для озеленения Москвы, категория «магистрали и улицы»; без инвазивных видов ППМ 369-ПП";tree tree_path_corridor_045_003;6.29;3.0;правило планировщика (не норма): зазор между объектами
tree_open_area_013_002;посажено;tree;Вяз гибридный Резиста;NEW_TREE;-132.272;-208.161;14565.844;-1196.448;Равномерный редкий разброс по всей площади (без кластеров);20_makeeva_s;"Равномерный редкий разброс по всей площади (без кластеров) — по аналогии с проектом «20_makeeva_s»; нормируемых ограничений ближе 5 м сверх нормы нет";"ассортимент для озеленения Москвы, категория «магистрали и улицы»; без инвазивных видов ППМ 369-ПП";tree tree_057;3.61;3.0;правило планировщика (не норма): зазор между объектами
bush_open_area_014_001;посажено;bush;Жимолость золотистая;NEW_BUSH;-242.444;-177.417;14455.673;-1165.705;Равномерный редкий разброс по всей площади (без кластеров);20_makeeva_s;"Равномерный редкий разброс по всей площади (без кластеров) — по аналогии с проектом «20_makeeva_s»; ближайшее ограничение — газопровод: 2.6 м при норме 0.0 м (СП 42.13330.2016, п. 9.6, табл. 9.1; ППМ 743-ПП, табл. 3.6.1)";"ассортимент для озеленения Москвы, категория «магистрали и улицы»; без инвазивных видов ППМ 369-ПП";газопровод;2.62;0.0;"СП 42.13330.2016, п. 9.6, табл. 9.1; ППМ 743-ПП, табл. 3.6.1"
bush_open_area_014_002;посажено;bush;Спирея березолистная;NEW_BUSH;-246.944;-169.623;14451.173;-1157.911;Равномерный редкий разброс по всей площади (без кластеров);20_makeeva_s;"Равномерный редкий разброс по всей площади (без кластеров) — по аналогии с проектом «20_makeeva_s»; ближайшее ограничение — пешеходная дорожка / тротуар: 4.3 м при норме 0.5 м (СП 42.13330.2016, п. 9.6, табл. 9.1; ППМ 743-ПП, табл. 3.6.1)";"ассортимент для озеленения Москвы, категория «магистрали и улицы»; без инвазивных видов ППМ 369-ПП";пешеходная дорожка / тротуар;4.34;0.5;"СП 42.13330.2016, п. 9.6, табл. 9.1; ППМ 743-ПП, табл. 3.6.1"
bush_open_area_017_001;посажено;bush;Жимолость золотистая;NEW_BUSH;-157.951;-99.149;14540.166;-1087.437;Равномерный редкий разброс по всей площади (без кластеров);20_makeeva_s;"Равномерный редкий разброс по всей площади (без кластеров) — по аналогии с проектом «20_makeeva_s»; ближайшее ограничение — пешеходная дорожка / тротуар: 3.9 м при норме 0.5 м (СП 42.13330.2016, п. 9.6, табл. 9.1; ППМ 743-ПП, табл. 3.6.1)";"ассортимент для озеленения Москвы, категория «магистрали и улицы»; без инвазивных видов ППМ 369-ПП";пешеходная дорожка / тротуар;3.88;0.5;"СП 42.13330.2016, п. 9.6, табл. 9.1; ППМ 743-ПП, табл. 3.6.1"
bush_open_area_018_001;посажено;bush;Жимолость золотистая;NEW_BUSH;-119.766;-74.443;14578.351;-1062.731;Равномерный редкий разброс по всей площади (без кластеров);20_makeeva_s;"Равномерный редкий разброс по всей площади (без кластеров) — по аналогии с проектом «20_makeeva_s»; нормируемых ограничений ближе 5 м сверх нормы нет";"ассортимент для озеленения Москвы, категория «магистрали и улицы»; без инвазивных видов ППМ 369-ПП";;;;
bush_open_area_018_002;посажено;bush;Спирея березолистная;NEW_BUSH;-107.766;-64.051;14590.351;-1052.338;Равномерный редкий разброс по всей площади (без кластеров);20_makeeva_s;"Равномерный редкий разброс по всей площади (без кластеров) — по аналогии с проектом «20_makeeva_s»; ближайшее ограничение — пешеходная дорожка / тротуар: 4.7 м при норме 0.5 м (СП 42.13330.2016, п. 9.6, табл. 9.1; ППМ 743-ПП, табл. 3.6.1)";"ассортимент для озеленения Москвы, категория «магистрали и улицы»; без инвазивных видов ППМ 369-ПП";пешеходная дорожка / тротуар;4.69;0.5;"СП 42.13330.2016, п. 9.6, табл. 9.1; ППМ 743-ПП, табл. 3.6.1"
tree_open_area_018_001;посажено;tree;Клен остролистный;NEW_TREE;-117.516;-70.546;14580.601;-1058.834;Равномерный редкий разброс по всей площади (без кластеров);20_makeeva_s;"Равномерный редкий разброс по всей площади (без кластеров) — по аналогии с проектом «20_makeeva_s»; ближайшее ограничение — пешеходная дорожка / тротуар: 4.2 м при норме 0.7 м (СП 42.13330.2016, п. 9.6, табл. 9.1; ППМ 743-ПП, табл. 3.6.1)";"ассортимент для озеленения Москвы, категория «магистрали и улицы»; без инвазивных видов ППМ 369-ПП";пешеходная дорожка / тротуар;4.25;0.7;"СП 42.13330.2016, п. 9.6, табл. 9.1; ППМ 743-ПП, табл. 3.6.1"
tree_open_area_019_001;посажено;tree;Вяз гибридный Резиста;NEW_TREE;-64.525;-31.051;14633.592;-1019.339;Органичные рощи -- случайные группы по несколько деревьев;19_2ya_pryadilnaya;"Органичные рощи -- случайные группы по несколько деревьев — по аналогии с проектом «19_2ya_pryadilnaya»; ближайшее ограничение — пешеходная дорожка / тротуар: 5.4 м при норме 0.7 м (СП 42.13330.2016, п. 9.6, табл. 9.1; ППМ 743-ПП, табл. 3.6.1)";"ассортимент для озеленения Москвы, категория «магистрали и улицы»; без инвазивных видов ППМ 369-ПП";пешеходная дорожка / тротуар;5.38;0.7;"СП 42.13330.2016, п. 9.6, табл. 9.1; ППМ 743-ПП, табл. 3.6.1"
tree_open_area_020_001;посажено;tree;Вяз гибридный Резиста;NEW_TREE;-128.027;13.597;14570.09;-974.69;Органичные рощи -- случайные группы по несколько деревьев;19_2ya_pryadilnaya;"Органичные рощи -- случайные группы по несколько деревьев — по аналогии с проектом «19_2ya_pryadilnaya»; ближайшее ограничение — силовой кабель: 4.0 м при норме 2.0 м (СП 42.13330.2016, п. 9.6, табл. 9.1; ППМ 743-ПП, табл. 3.6.1)";"ассортимент для озеленения Москвы, категория «магистрали и улицы»; без инвазивных видов ППМ 369-ПП";силовой кабель;3.99;2.0;"СП 42.13330.2016, п. 9.6, табл. 9.1; ППМ 743-ПП, табл. 3.6.1"
bush_open_area_022_001;посажено;bush;Жимолость золотистая;NEW_BUSH;72.511;164.396;14770.627;-823.891;Равномерный редкий разброс по всей площади (без кластеров);20_makeeva_s;"Равномерный редкий разброс по всей площади (без кластеров) — по аналогии с проектом «20_makeeva_s»; нормируемых ограничений ближе 5 м сверх нормы нет";"ассортимент для озеленения Москвы, категория «магистрали и улицы»; без инвазивных видов ППМ 369-ПП";;;;
bush_open_area_022_002;посажено;bush;Спирея березолистная;NEW_BUSH;72.511;169.592;14770.627;-818.695;Равномерный редкий разброс по всей площади (без кластеров);20_makeeva_s;"Равномерный редкий разброс по всей площади (без кластеров) — по аналогии с проектом «20_makeeva_s»; нормируемых ограничений ближе 5 м сверх нормы нет";"ассортимент для озеленения Москвы, категория «магистрали и улицы»; без инвазивных видов ППМ 369-ПП";;;;
bush_open_area_022_003;посажено;bush;Смородина золотистая;NEW_BUSH;65.011;161.798;14763.127;-826.49;Равномерный редкий разброс по всей площади (без кластеров);20_makeeva_s;"Равномерный редкий разброс по всей площади (без кластеров) — по аналогии с проектом «20_makeeva_s»; ближайшее ограничение — газопровод: 3.4 м при норме 0.0 м (СП 42.13330.2016, п. 9.6, табл. 9.1; ППМ 743-ПП, табл. 3.6.1)";"ассортимент для озеленения Москвы, категория «магистрали и улицы»; без инвазивных видов ППМ 369-ПП";газопровод;3.43;0.0;"СП 42.13330.2016, п. 9.6, табл. 9.1; ППМ 743-ПП, табл. 3.6.1"
tree_open_area_022_001;посажено;tree;Клен остролистный;NEW_TREE;67.364;165.726;14765.48;-822.561;Равномерный редкий разброс по всей площади (без кластеров);20_makeeva_s;"Равномерный редкий разброс по всей площади (без кластеров) — по аналогии с проектом «20_makeeva_s»; ближайшее ограничение — газопровод: 5.5 м при норме 1.5 м (СП 42.13330.2016, п. 9.6, табл. 9.1; ППМ 743-ПП, табл. 3.6.1)";"ассортимент для озеленения Москвы, категория «магистрали и улицы»; без инвазивных видов ППМ 369-ПП";газопровод;5.46;1.5;"СП 42.13330.2016, п. 9.6, табл. 9.1; ППМ 743-ПП, табл. 3.6.1"
tree_open_area_024_001;посажено;tree;Вяз гибридный Резиста;NEW_TREE;168.367;191.723;14866.484;-796.565;Органичные рощи -- случайные группы по несколько деревьев;19_2ya_pryadilnaya;"Органичные рощи -- случайные группы по несколько деревьев — по аналогии с проектом «19_2ya_pryadilnaya»; ближайшее ограничение — газопровод: 2.8 м при норме 1.5 м (СП 42.13330.2016, п. 9.6, табл. 9.1; ППМ 743-ПП, табл. 3.6.1)";"ассортимент для озеленения Москвы, категория «магистрали и улицы»; без инвазивных видов ППМ 369-ПП";газопровод;2.82;1.5;"СП 42.13330.2016, п. 9.6, табл. 9.1; ППМ 743-ПП, табл. 3.6.1"
tree_open_area_025_001;посажено;tree;Вяз гибридный Резиста;NEW_TREE;240.23;156.376;14938.346;-831.912;Органичные рощи -- случайные группы по несколько деревьев;19_2ya_pryadilnaya;"Органичные рощи -- случайные группы по несколько деревьев — по аналогии с проектом «19_2ya_pryadilnaya»; ближайшее ограничение — канализация: 1.6 м при норме 1.5 м (СП 42.13330.2016, п. 9.6, табл. 9.1; ППМ 743-ПП, табл. 3.6.1)";"ассортимент для озеленения Москвы, категория «магистрали и улицы»; без инвазивных видов ППМ 369-ПП";канализация;1.64;1.5;"СП 42.13330.2016, п. 9.6, табл. 9.1; ППМ 743-ПП, табл. 3.6.1"
tree_open_area_026_001;посажено;tree;Вяз гибридный Резиста;NEW_TREE;395.288;253.14;15093.405;-735.148;Органичные рощи -- случайные группы по несколько деревьев;19_2ya_pryadilnaya;"Органичные рощи -- случайные группы по несколько деревьев — по аналогии с проектом «19_2ya_pryadilnaya»; ближайшее ограничение — силовой кабель: 6.3 м при норме 2.0 м (СП 42.13330.2016, п. 9.6, табл. 9.1; ППМ 743-ПП, табл. 3.6.1)";"ассортимент для озеленения Москвы, категория «магистрали и улицы»; без инвазивных видов ППМ 369-ПП";силовой кабель;6.31;2.0;"СП 42.13330.2016, п. 9.6, табл. 9.1; ППМ 743-ПП, табл. 3.6.1"
tree_open_area_028_001;посажено;tree;Вяз гибридный Резиста;NEW_TREE;542.053;417.533;15240.17;-570.755;Органичные рощи -- случайные группы по несколько деревьев;19_2ya_pryadilnaya;"Органичные рощи -- случайные группы по несколько деревьев — по аналогии с проектом «19_2ya_pryadilnaya»; нормируемых ограничений ближе 5 м сверх нормы нет";"ассортимент для озеленения Москвы, категория «магистрали и улицы»; без инвазивных видов ППМ 369-ПП";tree tree_open_area_028_002;3.2;3.0;правило планировщика (не норма): зазор между объектами
tree_open_area_028_002;посажено;tree;Вяз гибридный Резиста;NEW_TREE;539.281;415.932;15237.398;-572.355;Органичные рощи -- случайные группы по несколько деревьев;19_2ya_pryadilnaya;"Органичные рощи -- случайные группы по несколько деревьев — по аналогии с проектом «19_2ya_pryadilnaya»; нормируемых ограничений ближе 5 м сверх нормы нет";"ассортимент для озеленения Москвы, категория «магистрали и улицы»; без инвазивных видов ППМ 369-ПП";tree tree_open_area_028_003;3.2;3.0;правило планировщика (не норма): зазор между объектами
tree_open_area_028_003;посажено;tree;Вяз гибридный Резиста;NEW_TREE;542.053;414.332;15240.17;-573.956;Органичные рощи -- случайные группы по несколько деревьев;19_2ya_pryadilnaya;"Органичные рощи -- случайные группы по несколько деревьев — по аналогии с проектом «19_2ya_pryadilnaya»; нормируемых ограничений ближе 5 м сверх нормы нет";"ассортимент для озеленения Москвы, категория «магистрали и улицы»; без инвазивных видов ППМ 369-ПП";tree tree_open_area_028_002;3.2;3.0;правило планировщика (не норма): зазор между объектами
tree_open_area_028_004;посажено;tree;Вяз гибридный Резиста;NEW_TREE;542.053;420.734;15240.17;-567.553;Органичные рощи -- случайные группы по несколько деревьев;19_2ya_pryadilnaya;"Органичные рощи -- случайные группы по несколько деревьев — по аналогии с проектом «19_2ya_pryadilnaya»; нормируемых ограничений ближе 5 м сверх нормы нет";"ассортимент для озеленения Москвы, категория «магистрали и улицы»; без инвазивных видов ППМ 369-ПП";tree tree_open_area_028_001;3.2;3.0;правило планировщика (не норма): зазор между объектами
tree_open_area_028_005;посажено;tree;Вяз гибридный Резиста;NEW_TREE;544.825;415.932;15242.942;-572.355;Органичные рощи -- случайные группы по несколько деревьев;19_2ya_pryadilnaya;"Органичные рощи -- случайные группы по несколько деревьев — по аналогии с проектом «19_2ya_pryadilnaya»; нормируемых ограничений ближе 5 м сверх нормы нет";"ассортимент для озеленения Москвы, категория «магистрали и улицы»; без инвазивных видов ППМ 369-ПП";tree tree_open_area_028_003;3.2;3.0;правило планировщика (не норма): зазор между объектами
tree_open_area_028_006;посажено;tree;Клен остролистный;NEW_TREE;556.839;430.338;15254.956;-557.949;Органичные рощи -- случайные группы по несколько деревьев;19_2ya_pryadilnaya;"Органичные рощи -- случайные группы по несколько деревьев — по аналогии с проектом «19_2ya_pryadilnaya»; нормируемых ограничений ближе 5 м сверх нормы нет";"ассортимент для озеленения Москвы, категория «магистрали и улицы»; без инвазивных видов ППМ 369-ПП";tree tree_open_area_028_007;3.2;3.0;правило планировщика (не норма): зазор между объектами
tree_open_area_028_007;посажено;tree;Клен остролистный;NEW_TREE;554.067;428.737;15252.184;-559.55;Органичные рощи -- случайные группы по несколько деревьев;19_2ya_pryadilnaya;"Органичные рощи -- случайные группы по несколько деревьев — по аналогии с проектом «19_2ya_pryadilnaya»; нормируемых ограничений ближе 5 м сверх нормы нет";"ассортимент для озеленения Москвы, категория «магистрали и улицы»; без инвазивных видов ППМ 369-ПП";tree tree_open_area_028_008;3.2;3.0;правило планировщика (не норма): зазор между объектами
tree_open_area_028_008;посажено;tree;Клен остролистный;NEW_TREE;554.067;431.939;15252.184;-556.349;Органичные рощи -- случайные группы по несколько деревьев;19_2ya_pryadilnaya;"Органичные рощи -- случайные группы по несколько деревьев — по аналогии с проектом «19_2ya_pryadilnaya»; нормируемых ограничений ближе 5 м сверх нормы нет";"ассортимент для озеленения Москвы, категория «магистрали и улицы»; без инвазивных видов ППМ 369-ПП";tree tree_open_area_028_007;3.2;3.0;правило планировщика (не норма): зазор между объектами
tree_open_area_028_009;посажено;tree;Клен остролистный;NEW_TREE;556.839;427.137;15254.956;-561.151;Органичные рощи -- случайные группы по несколько деревьев;19_2ya_pryadilnaya;"Органичные рощи -- случайные группы по несколько деревьев — по аналогии с проектом «19_2ya_pryadilnaya»; нормируемых ограничений ближе 5 м сверх нормы нет";"ассортимент для озеленения Москвы, категория «магистрали и улицы»; без инвазивных видов ППМ 369-ПП";tree tree_open_area_028_007;3.2;3.0;правило планировщика (не норма): зазор между объектами
tree_open_area_028_010;посажено;tree;Клен остролистный;NEW_TREE;556.839;433.539;15254.956;-554.748;Органичные рощи -- случайные группы по несколько деревьев;19_2ya_pryadilnaya;"Органичные рощи -- случайные группы по несколько деревьев — по аналогии с проектом «19_2ya_pryadilnaya»; нормируемых ограничений ближе 5 м сверх нормы нет";"ассортимент для озеленения Москвы, категория «магистрали и улицы»; без инвазивных видов ППМ 369-ПП";tree tree_open_area_028_008;3.2;3.0;правило планировщика (не норма): зазор между объектами
tree_open_area_028_011;посажено;tree;Липа европейская;NEW_TREE;549.446;398.325;15247.563;-589.962;Органичные рощи -- случайные группы по несколько деревьев;19_2ya_pryadilnaya;"Органичные рощи -- случайные группы по несколько деревьев — по аналогии с проектом «19_2ya_pryadilnaya»; нормируемых ограничений ближе 5 м сверх нормы нет";"ассортимент для озеленения Москвы, категория «магистрали и улицы»; без инвазивных видов ППМ 369-ПП";tree tree_open_area_028_012;3.2;3.0;правило планировщика (не норма): зазор между объектами
tree_open_area_028_012;посажено;tree;Липа европейская;NEW_TREE;546.674;396.725;15244.791;-591.563;Органичные рощи -- случайные группы по несколько деревьев;19_2ya_pryadilnaya;"Органичные рощи -- случайные группы по несколько деревьев — по аналогии с проектом «19_2ya_pryadilnaya»; нормируемых ограничений ближе 5 м сверх нормы нет";"ассортимент для озеленения Москвы, категория «магистрали и улицы»; без инвазивных видов ППМ 369-ПП";tree tree_open_area_028_013;3.2;3.0;правило планировщика (не норма): зазор между объектами
tree_open_area_028_013;посажено;tree;Липа европейская;NEW_TREE;546.674;399.926;15244.791;-588.362;Органичные рощи -- случайные группы по несколько деревьев;19_2ya_pryadilnaya;"Органичные рощи -- случайные группы по несколько деревьев — по аналогии с проектом «19_2ya_pryadilnaya»; нормируемых ограничений ближе 5 м сверх нормы нет";"ассортимент для озеленения Москвы, категория «магистрали и улицы»; без инвазивных видов ППМ 369-ПП";tree tree_open_area_028_012;3.2;3.0;правило планировщика (не норма): зазор между объектами
tree_open_area_028_014;посажено;tree;Липа европейская;NEW_TREE;549.446;395.124;15247.563;-593.163;Органичные рощи -- случайные группы по несколько деревьев;19_2ya_pryadilnaya;"Органичные рощи -- случайные группы по несколько деревьев — по аналогии с проектом «19_2ya_pryadilnaya»; нормируемых ограничений ближе 5 м сверх нормы нет";"ассортимент для озеленения Москвы, категория «магистрали и улицы»; без инвазивных видов ППМ 369-ПП";tree tree_open_area_028_012;3.2;3.0;правило планировщика (не норма): зазор между объектами
tree_open_area_028_015;посажено;tree;Липа европейская;NEW_TREE;549.446;401.526;15247.563;-586.761;Органичные рощи -- случайные группы по несколько деревьев;19_2ya_pryadilnaya;"Органичные рощи -- случайные группы по несколько деревьев — по аналогии с проектом «19_2ya_pryadilnaya»; нормируемых ограничений ближе 5 м сверх нормы нет";"ассортимент для озеленения Москвы, категория «магистрали и улицы»; без инвазивных видов ППМ 369-ПП";tree tree_open_area_028_013;3.2;3.0;правило планировщика (не норма): зазор между объектами
tree_open_area_028_016;посажено;tree;Вяз гибридный Резиста;NEW_TREE;529.115;407.929;15227.232;-580.358;Органичные рощи -- случайные группы по несколько деревьев;19_2ya_pryadilnaya;"Органичные рощи -- случайные группы по несколько деревьев — по аналогии с проектом «19_2ya_pryadilnaya»; нормируемых ограничений ближе 5 м сверх нормы нет";"ассортимент для озеленения Москвы, категория «магистрали и улицы»; без инвазивных видов ППМ 369-ПП";tree tree_open_area_028_017;3.2;3.0;правило планировщика (не норма): зазор между объектами
tree_open_area_028_017;посажено;tree;Вяз гибридный Резиста;NEW_TREE;526.343;406.328;15224.46;-581.959;Органичные рощи -- случайные группы по несколько деревьев;19_2ya_pryadilnaya;"Органичные рощи -- случайные группы по несколько деревьев — по аналогии с проектом «19_2ya_pryadilnaya»; нормируемых ограничений ближе 5 м сверх нормы нет";"ассортимент для озеленения Москвы, категория «магистрали и улицы»; без инвазивных видов ППМ 369-ПП";tree tree_open_area_028_018;3.2;3.0;правило планировщика (не норма): зазор между объектами
tree_open_area_028_018;посажено;tree;Вяз гибридный Резиста;NEW_TREE;526.343;409.53;15224.46;-578.758;Органичные рощи -- случайные группы по несколько деревьев;19_2ya_pryadilnaya;"Органичные рощи -- случайные группы по несколько деревьев — по аналогии с проектом «19_2ya_pryadilnaya»; ближайшее ограничение — водопровод: 6.9 м при норме 2.0 м (СП 42.13330.2016, п. 9.6, табл. 9.1; ППМ 743-ПП, табл. 3.6.1)";"ассортимент для озеленения Москвы, категория «магистрали и улицы»; без инвазивных видов ППМ 369-ПП";водопровод;6.87;2.0;"СП 42.13330.2016, п. 9.6, табл. 9.1; ППМ 743-ПП, табл. 3.6.1"
tree_open_area_028_019;посажено;tree;Вяз гибридный Резиста;NEW_TREE;529.115;404.728;15227.232;-583.56;Органичные рощи -- случайные группы по несколько деревьев;19_2ya_pryadilnaya;"Органичные рощи -- случайные группы по несколько деревьев — по аналогии с проектом «19_2ya_pryadilnaya»; нормируемых ограничений ближе 5 м сверх нормы нет";"ассортимент для озеленения Москвы, категория «магистрали и улицы»; без инвазивных видов ППМ 369-ПП";tree tree_open_area_028_017;3.2;3.0;правило планировщика (не норма): зазор между объектами
tree_open_area_028_020;посажено;tree;Вяз гибридный Резиста;NEW_TREE;531.888;406.328;15230.004;-581.959;Органичные рощи -- случайные группы по несколько деревьев;19_2ya_pryadilnaya;"Органичные рощи -- случайные группы по несколько деревьев — по аналогии с проектом «19_2ya_pryadilnaya»; нормируемых ограничений ближе 5 м сверх нормы нет";"ассортимент для озеленения Москвы, категория «магистрали и улицы»; без инвазивных видов ППМ 369-ПП";tree tree_open_area_028_019;3.2;3.0;правило планировщика (не норма): зазор между объектами
tree_open_area_028_021;посажено;tree;Клен остролистный;NEW_TREE;553.143;417.533;15251.259;-570.755;Органичные рощи -- случайные группы по несколько деревьев;19_2ya_pryadilnaya;"Органичные рощи -- случайные группы по несколько деревьев — по аналогии с проектом «19_2ya_pryadilnaya»; нормируемых ограничений ближе 5 м сверх нормы нет";"ассортимент для озеленения Москвы, категория «магистрали и улицы»; без инвазивных видов ППМ 369-ПП";tree tree_open_area_028_022;3.2;3.0;правило планировщика (не норма): зазор между объектами
tree_open_area_028_022;посажено;tree;Клен остролистный;NEW_TREE;550.37;415.932;15248.487;-572.355;Органичные рощи -- случайные группы по несколько деревьев;19_2ya_pryadilnaya;"Органичные рощи -- случайные группы по несколько деревьев — по аналогии с проектом «19_2ya_pryadilnaya»; нормируемых ограничений ближе 5 м сверх нормы нет";"ассортимент для озеленения Москвы, категория «магистрали и улицы»; без инвазивных видов ППМ 369-ПП";tree tree_open_area_028_023;3.2;3.0;правило планировщика (не норма): зазор между объектами
tree_open_area_028_023;посажено;tree;Клен остролистный;NEW_TREE;550.37;419.133;15248.487;-569.154;Органичные рощи -- случайные группы по несколько деревьев;19_2ya_pryadilnaya;"Органичные рощи -- случайные группы по несколько деревьев — по аналогии с проектом «19_2ya_pryadilnaya»; нормируемых ограничений ближе 5 м сверх нормы нет";"ассортимент для озеленения Москвы, категория «магистрали и улицы»; без инвазивных видов ППМ 369-ПП";tree tree_open_area_028_022;3.2;3.0;правило планировщика (не норма): зазор между объектами
tree_open_area_028_024;посажено;tree;Клен остролистный;NEW_TREE;553.143;414.332;15251.259;-573.956;Органичные рощи -- случайные группы по несколько деревьев;19_2ya_pryadilnaya;"Органичные рощи -- случайные группы по несколько деревьев — по аналогии с проектом «19_2ya_pryadilnaya»; нормируемых ограничений ближе 5 м сверх нормы нет";"ассортимент для озеленения Москвы, категория «магистрали и улицы»; без инвазивных видов ППМ 369-ПП";tree tree_open_area_028_022;3.2;3.0;правило планировщика (не норма): зазор между объектами
tree_open_area_028_025;посажено;tree;Клен остролистный;NEW_TREE;553.143;420.734;15251.259;-567.553;Органичные рощи -- случайные группы по несколько деревьев;19_2ya_pryadilnaya;"Органичные рощи -- случайные группы по несколько деревьев — по аналогии с проектом «19_2ya_pryadilnaya»; нормируемых ограничений ближе 5 м сверх нормы нет";"ассортимент для озеленения Москвы, категория «магистрали и улицы»; без инвазивных видов ППМ 369-ПП";tree tree_open_area_028_023;3.2;3.0;правило планировщика (не норма): зазор между объектами
tree_open_area_028_026;посажено;tree;Липа европейская;NEW_TREE;539.281;403.127;15237.398;-585.16;Органичные рощи -- случайные группы по несколько деревьев;19_2ya_pryadilnaya;"Органичные рощи -- случайные группы по несколько деревьев — по аналогии с проектом «19_2ya_pryadilnaya»; нормируемых ограничений ближе 5 м сверх нормы нет";"ассортимент для озеленения Москвы, категория «магистрали и улицы»; без инвазивных видов ППМ 369-ПП";tree tree_open_area_028_029;3.2;3.0;правило планировщика (не норма): зазор между объектами
tree_open_area_028_027;посажено;tree;Липа европейская;NEW_TREE;542.053;401.526;15240.17;-586.761;Органичные рощи -- случайные группы по несколько деревьев;19_2ya_pryadilnaya;"Органичные рощи -- случайные группы по несколько деревьев — по аналогии с проектом «19_2ya_pryadilnaya»; нормируемых ограничений ближе 5 м сверх нормы нет";"ассортимент для озеленения Москвы, категория «магистрали и улицы»; без инвазивных видов ППМ 369-ПП";tree tree_open_area_028_029;3.2;3.0;правило планировщика (не норма): зазор между объектами
tree_open_area_028_028;посажено;tree;Липа европейская;NEW_TREE;542.053;404.728;15240.17;-583.56;Органичные рощи -- случайные группы по несколько деревьев;19_2ya_pryadilnaya;"Органичные рощи -- случайные группы по несколько деревьев — по аналогии с проектом «19_2ya_pryadilnaya»; нормируемых ограничений ближе 5 м сверх нормы нет";"ассортимент для озеленения Москвы, категория «магистрали и улицы»; без инвазивных видов ППМ 369-ПП";tree tree_open_area_028_026;3.2;3.0;правило планировщика (не норма): зазор между объектами
tree_open_area_028_029;посажено;tree;Липа европейская;NEW_TREE;539.281;399.926;15237.398;-588.362;Органичные рощи -- случайные группы по несколько деревьев;19_2ya_pryadilnaya;"Органичные рощи -- случайные группы по несколько деревьев — по аналогии с проектом «19_2ya_pryadilnaya»; нормируемых ограничений ближе 5 м сверх нормы нет";"ассортимент для озеленения Москвы, категория «магистрали и улицы»; без инвазивных видов ППМ 369-ПП";tree tree_open_area_028_026;3.2;3.0;правило планировщика (не норма): зазор между объектами
tree_open_area_028_030;посажено;tree;Липа европейская;NEW_TREE;539.281;406.328;15237.398;-581.959;Органичные рощи -- случайные группы по несколько деревьев;19_2ya_pryadilnaya;"Органичные рощи -- случайные группы по несколько деревьев — по аналогии с проектом «19_2ya_pryadilnaya»; нормируемых ограничений ближе 5 м сверх нормы нет";"ассортимент для озеленения Москвы, категория «магистрали и улицы»; без инвазивных видов ППМ 369-ПП";tree tree_open_area_028_026;3.2;3.0;правило планировщика (не норма): зазор между объектами
bush_open_area_029_001;посажено;bush;Жимолость золотистая;NEW_BUSH;-62.573;28.3;14635.543;-959.987;Равномерный редкий разброс по всей площади (без кластеров);20_makeeva_s;"Равномерный редкий разброс по всей площади (без кластеров) — по аналогии с проектом «20_makeeva_s»; нормируемых ограничений ближе 5 м сверх нормы нет";"ассортимент для озеленения Москвы, категория «магистрали и улицы»; без инвазивных видов ППМ 369-ПП";;;;
bush_open_area_029_002;посажено;bush;Спирея березолистная;NEW_BUSH;-88.073;4.918;14610.043;-983.37;Равномерный редкий разброс по всей площади (без кластеров);20_makeeva_s;"Равномерный редкий разброс по всей площади (без кластеров) — по аналогии с проектом «20_makeeva_s»; ближайшее ограничение — силовой кабель: 2.1 м при норме 0.7 м (СП 42.13330.2016, п. 9.6, табл. 9.1; ППМ 743-ПП, табл. 3.6.1)";"ассортимент для озеленения Москвы, категория «магистрали и улицы»; без инвазивных видов ППМ 369-ПП";силовой кабель;2.15;0.7;"СП 42.13330.2016, п. 9.6, табл. 9.1; ППМ 743-ПП, табл. 3.6.1"
bush_open_area_029_003;посажено;bush;Смородина золотистая;NEW_BUSH;-50.573;49.085;14647.543;-939.202;Равномерный редкий разброс по всей площади (без кластеров);20_makeeva_s;"Равномерный редкий разброс по всей площади (без кластеров) — по аналогии с проектом «20_makeeva_s»; ближайшее ограничение — канализация: 3.9 м при норме 0.0 м (СП 42.13330.2016, п. 9.6, табл. 9.1; ППМ 743-ПП, табл. 3.6.1)";"ассортимент для озеленения Москвы, категория «магистрали и улицы»; без инвазивных видов ППМ 369-ПП";канализация;3.93;0.0;"СП 42.13330.2016, п. 9.6, табл. 9.1; ППМ 743-ПП, табл. 3.6.1"
bush_open_area_029_004;посажено;bush;Жимолость золотистая;NEW_BUSH;-41.573;33.497;14656.543;-954.791;Равномерный редкий разброс по всей площади (без кластеров);20_makeeva_s;"Равномерный редкий разброс по всей площади (без кластеров) — по аналогии с проектом «20_makeeva_s»; ближайшее ограничение — пешеходная дорожка / тротуар: 4.9 м при норме 0.5 м (СП 42.13330.2016, п. 9.6, табл. 9.1; ППМ 743-ПП, табл. 3.6.1)";"ассортимент для озеленения Москвы, категория «магистрали и улицы»; без инвазивных видов ППМ 369-ПП";пешеходная дорожка / тротуар;4.91;0.5;"СП 42.13330.2016, п. 9.6, табл. 9.1; ППМ 743-ПП, табл. 3.6.1"
bush_open_area_029_005;посажено;bush;Спирея березолистная;NEW_BUSH;-77.573;23.104;14620.543;-965.183;Равномерный редкий разброс по всей площади (без кластеров);20_makeeva_s;"Равномерный редкий разброс по всей площади (без кластеров) — по аналогии с проектом «20_makeeva_s»; ближайшее ограничение — силовой кабель: 4.8 м при норме 0.7 м (СП 42.13330.2016, п. 9.6, табл. 9.1; ППМ 743-ПП, табл. 3.6.1)";"ассортимент для озеленения Москвы, категория «магистрали и улицы»; без инвазивных видов ППМ 369-ПП";силовой кабель;4.76;0.7;"СП 42.13330.2016, п. 9.6, табл. 9.1; ППМ 743-ПП, табл. 3.6.1"
bush_open_area_029_006;посажено;bush;Смородина золотистая;NEW_BUSH;-59.573;43.889;14638.543;-944.398;Равномерный редкий разброс по всей площади (без кластеров);20_makeeva_s;"Равномерный редкий разброс по всей площади (без кластеров) — по аналогии с проектом «20_makeeva_s»; ближайшее ограничение — силовой кабель: 5.4 м при норме 0.7 м (СП 42.13330.2016, п. 9.6, табл. 9.1; ППМ 743-ПП, табл. 3.6.1)";"ассортимент для озеленения Москвы, категория «магистрали и улицы»; без инвазивных видов ППМ 369-ПП";силовой кабель;5.38;0.7;"СП 42.13330.2016, п. 9.6, табл. 9.1; ППМ 743-ПП, табл. 3.6.1"
bush_open_area_029_007;посажено;bush;Жимолость золотистая;NEW_BUSH;-74.573;12.712;14623.543;-975.575;Равномерный редкий разброс по всей площади (без кластеров);20_makeeva_s;"Равномерный редкий разброс по всей площади (без кластеров) — по аналогии с проектом «20_makeeva_s»; нормируемых ограничений ближе 5 м сверх нормы нет";"ассортимент для озеленения Москвы, категория «магистрали и улицы»; без инвазивных видов ППМ 369-ПП";;;;
bush_open_area_029_008;посажено;bush;Спирея березолистная;NEW_BUSH;-65.573;17.908;14632.543;-970.379;Равномерный редкий разброс по всей площади (без кластеров);20_makeeva_s;"Равномерный редкий разброс по всей площади (без кластеров) — по аналогии с проектом «20_makeeva_s»; нормируемых ограничений ближе 5 м сверх нормы нет";"ассортимент для озеленения Москвы, категория «магистрали и улицы»; без инвазивных видов ППМ 369-ПП";;;;
bush_open_area_029_009;посажено;bush;Смородина золотистая;NEW_BUSH;-52.073;25.702;14646.043;-962.585;Равномерный редкий разброс по всей площади (без кластеров);20_makeeva_s;"Равномерный редкий разброс по всей площади (без кластеров) — по аналогии с проектом «20_makeeva_s»; ближайшее ограничение — пешеходная дорожка / тротуар: 4.7 м при норме 0.5 м (СП 42.13330.2016, п. 9.6, табл. 9.1; ППМ 743-ПП, табл. 3.6.1)";"ассортимент для озеленения Москвы, категория «магистрали и улицы»; без инвазивных видов ППМ 369-ПП";пешеходная дорожка / тротуар;4.66;0.5;"СП 42.13330.2016, п. 9.6, табл. 9.1; ППМ 743-ПП, табл. 3.6.1"
bush_open_area_029_010;посажено;bush;Жимолость золотистая;NEW_BUSH;-70.073;30.899;14628.043;-957.389;Равномерный редкий разброс по всей площади (без кластеров);20_makeeva_s;"Равномерный редкий разброс по всей площади (без кластеров) — по аналогии с проектом «20_makeeva_s»; ближайшее ограничение — силовой кабель: 5.6 м при норме 0.7 м (СП 42.13330.2016, п. 9.6, табл. 9.1; ППМ 743-ПП, табл. 3.6.1)";"ассортимент для озеленения Москвы, категория «магистрали и улицы»; без инвазивных видов ППМ 369-ПП";силовой кабель;5.57;0.7;"СП 42.13330.2016, п. 9.6, табл. 9.1; ППМ 743-ПП, табл. 3.6.1"
bush_open_area_029_011;посажено;bush;Спирея березолистная;NEW_BUSH;-55.073;36.095;14643.043;-952.193;Равномерный редкий разброс по всей площади (без кластеров);20_makeeva_s;"Равномерный редкий разброс по всей площади (без кластеров) — по аналогии с проектом «20_makeeva_s»; нормируемых ограничений ближе 5 м сверх нормы нет";"ассортимент для озеленения Москвы, категория «магистрали и улицы»; без инвазивных видов ППМ 369-ПП";;;;
bush_open_area_029_012;посажено;bush;Смородина золотистая;NEW_BUSH;-83.573;12.712;14614.543;-975.575;Равномерный редкий разброс по всей площади (без кластеров);20_makeeva_s;"Равномерный редкий разброс по всей площади (без кластеров) — по аналогии с проектом «20_makeeva_s»; нормируемых ограничений ближе 5 м сверх нормы нет";"ассортимент для озеленения Москвы, категория «магистрали и улицы»; без инвазивных видов ППМ 369-ПП";;;;
bush_open_area_029_013;посажено;bush;Жимолость золотистая;NEW_BUSH;-46.073;41.291;14652.043;-946.997;Равномерный редкий разброс по всей площади (без кластеров);20_makeeva_s;"Равномерный редкий разброс по всей площади (без кластеров) — по аналогии с проектом «20_makeeva_s»; нормируемых ограничений ближе 5 м сверх нормы нет";"ассортимент для озеленения Москвы, категория «магистрали и улицы»; без инвазивных видов ППМ 369-ПП";;;;
bush_open_area_029_014;посажено;bush;Спирея березолистная;NEW_BUSH;-67.073;36.095;14631.043;-952.193;Равномерный редкий разброс по всей площади (без кластеров);20_makeeva_s;"Равномерный редкий разброс по всей площади (без кластеров) — по аналогии с проектом «20_makeeva_s»; ближайшее ограничение — силовой кабель: 4.6 м при норме 0.7 м (СП 42.13330.2016, п. 9.6, табл. 9.1; ППМ 743-ПП, табл. 3.6.1)";"ассортимент для озеленения Москвы, категория «магистрали и улицы»; без инвазивных видов ППМ 369-ПП";силовой кабель;4.57;0.7;"СП 42.13330.2016, п. 9.6, табл. 9.1; ППМ 743-ПП, табл. 3.6.1"
bush_open_area_029_015;посажено;bush;Смородина золотистая;NEW_BUSH;-74.573;17.908;14623.543;-970.379;Равномерный редкий разброс по всей площади (без кластеров);20_makeeva_s;"Равномерный редкий разброс по всей площади (без кластеров) — по аналогии с проектом «20_makeeva_s»; нормируемых ограничений ближе 5 м сверх нормы нет";"ассортимент для озеленения Москвы, категория «магистрали и улицы»; без инвазивных видов ППМ 369-ПП";;;;
bush_open_area_029_016;посажено;bush;Жимолость золотистая;NEW_BUSH;-59.573;23.104;14638.543;-965.183;Равномерный редкий разброс по всей площади (без кластеров);20_makeeva_s;"Равномерный редкий разброс по всей площади (без кластеров) — по аналогии с проектом «20_makeeva_s»; нормируемых ограничений ближе 5 м сверх нормы нет";"ассортимент для озеленения Москвы, категория «магистрали и улицы»; без инвазивных видов ППМ 369-ПП";;;;
bush_open_area_029_017;посажено;bush;Спирея березолистная;NEW_BUSH;-53.573;43.889;14644.543;-944.398;Равномерный редкий разброс по всей площади (без кластеров);20_makeeva_s;"Равномерный редкий разброс по всей площади (без кластеров) — по аналогии с проектом «20_makeeva_s»; нормируемых ограничений ближе 5 м сверх нормы нет";"ассортимент для озеленения Москвы, категория «магистрали и улицы»; без инвазивных видов ППМ 369-ПП";;;;
bush_open_area_029_018;посажено;bush;Смородина золотистая;NEW_BUSH;-83.573;7.516;14614.543;-980.772;Равномерный редкий разброс по всей площади (без кластеров);20_makeeva_s;"Равномерный редкий разброс по всей площади (без кластеров) — по аналогии с проектом «20_makeeva_s»; ближайшее ограничение — силовой кабель: 5.5 м при норме 0.7 м (СП 42.13330.2016, п. 9.6, табл. 9.1; ППМ 743-ПП, табл. 3.6.1)";"ассортимент для озеленения Москвы, категория «магистрали и улицы»; без инвазивных видов ППМ 369-ПП";силовой кабель;5.47;0.7;"СП 42.13330.2016, п. 9.6, табл. 9.1; ППМ 743-ПП, табл. 3.6.1"
bush_open_area_029_019;посажено;bush;Жимолость золотистая;NEW_BUSH;-71.573;23.104;14626.543;-965.183;Равномерный редкий разброс по всей площади (без кластеров);20_makeeva_s;"Равномерный редкий разброс по всей площади (без кластеров) — по аналогии с проектом «20_makeeva_s»; нормируемых ограничений ближе 5 м сверх нормы нет";"ассортимент для озеленения Москвы, категория «магистрали и улицы»; без инвазивных видов ППМ 369-ПП";;;;
bush_open_area_029_020;посажено;bush;Спирея березолистная;NEW_BUSH;-49.073;30.899;14649.043;-957.389;Равномерный редкий разброс по всей площади (без кластеров);20_makeeva_s;"Равномерный редкий разброс по всей площади (без кластеров) — по аналогии с проектом «20_makeeva_s»; нормируемых ограничений ближе 5 м сверх нормы нет";"ассортимент для озеленения Москвы, категория «магистрали и улицы»; без инвазивных видов ППМ 369-ПП";;;;
bush_open_area_029_021;посажено;bush;Смородина золотистая;NEW_BUSH;-61.073;36.095;14637.043;-952.193;Равномерный редкий разброс по всей площади (без кластеров);20_makeeva_s;"Равномерный редкий разброс по всей площади (без кластеров) — по аналогии с проектом «20_makeeva_s»; нормируемых ограничений ближе 5 м сверх нормы нет";"ассортимент для озеленения Москвы, категория «магистрали и улицы»; без инвазивных видов ППМ 369-ПП";;;;
bush_open_area_029_022;посажено;bush;Жимолость золотистая;NEW_BUSH;-38.573;38.693;14659.543;-949.595;Равномерный редкий разброс по всей площади (без кластеров);20_makeeva_s;"Равномерный редкий разброс по всей площади (без кластеров) — по аналогии с проектом «20_makeeva_s»; ближайшее ограничение — проезжая часть: 5.2 м при норме 1.0 м (СП 42.13330.2016, п. 9.6, табл. 9.1; ППМ 743-ПП, табл. 3.6.1)";"ассортимент для озеленения Москвы, категория «магистрали и улицы»; без инвазивных видов ППМ 369-ПП";проезжая часть;5.23;1.0;"СП 42.13330.2016, п. 9.6, табл. 9.1; ППМ 743-ПП, табл. 3.6.1"
bush_open_area_029_023;посажено;bush;Спирея березолистная;NEW_BUSH;-56.573;49.085;14641.543;-939.202;Равномерный редкий разброс по всей площади (без кластеров);20_makeeva_s;"Равномерный редкий разброс по всей площади (без кластеров) — по аналогии с проектом «20_makeeva_s»; ближайшее ограничение — канализация: 2.9 м при норме 0.0 м (СП 42.13330.2016, п. 9.6, табл. 9.1; ППМ 743-ПП, табл. 3.6.1)";"ассортимент для озеленения Москвы, категория «магистрали и улицы»; без инвазивных видов ППМ 369-ПП";канализация;2.92;0.0;"СП 42.13330.2016, п. 9.6, табл. 9.1; ППМ 743-ПП, табл. 3.6.1"
bush_open_area_029_024;посажено;bush;Смородина золотистая;NEW_BUSH;-56.573;28.3;14641.543;-959.987;Равномерный редкий разброс по всей площади (без кластеров);20_makeeva_s;"Равномерный редкий разброс по всей площади (без кластеров) — по аналогии с проектом «20_makeeva_s»; нормируемых ограничений ближе 5 м сверх нормы нет";"ассортимент для озеленения Москвы, категория «магистрали и улицы»; без инвазивных видов ППМ 369-ПП";;;;
bush_open_area_029_025;посажено;bush;Жимолость золотистая;NEW_BUSH;-49.073;36.095;14649.043;-952.193;Равномерный редкий разброс по всей площади (без кластеров);20_makeeva_s;"Равномерный редкий разброс по всей площади (без кластеров) — по аналогии с проектом «20_makeeva_s»; нормируемых ограничений ближе 5 м сверх нормы нет";"ассортимент для озеленения Москвы, категория «магистрали и улицы»; без инвазивных видов ППМ 369-ПП";;;;
bush_open_area_029_026;посажено;bush;Спирея березолистная;NEW_BUSH;-77.573;7.516;14620.543;-980.772;Равномерный редкий разброс по всей площади (без кластеров);20_makeeva_s;"Равномерный редкий разброс по всей площади (без кластеров) — по аналогии с проектом «20_makeeva_s»; ближайшее ограничение — пешеходная дорожка / тротуар: 4.7 м при норме 0.5 м (СП 42.13330.2016, п. 9.6, табл. 9.1; ППМ 743-ПП, табл. 3.6.1)";"ассортимент для озеленения Москвы, категория «магистрали и улицы»; без инвазивных видов ППМ 369-ПП";пешеходная дорожка / тротуар;4.67;0.5;"СП 42.13330.2016, п. 9.6, табл. 9.1; ППМ 743-ПП, табл. 3.6.1"
bush_open_area_029_027;посажено;bush;Смородина золотистая;NEW_BUSH;-88.073;10.114;14610.043;-978.173;Равномерный редкий разброс по всей площади (без кластеров);20_makeeva_s;"Равномерный редкий разброс по всей площади (без кластеров) — по аналогии с проектом «20_makeeva_s»; ближайшее ограничение — теплосеть: 2.5 м при норме 1.0 м (СП 42.13330.2016, п. 9.6, табл. 9.1; ППМ 743-ПП, табл. 3.6.1)";"ассортимент для озеленения Москвы, категория «магистрали и улицы»; без инвазивных видов ППМ 369-ПП";теплосеть;2.55;1.0;"СП 42.13330.2016, п. 9.6, табл. 9.1; ППМ 743-ПП, табл. 3.6.1"
bush_open_area_029_028;посажено;bush;Жимолость золотистая;NEW_BUSH;-79.073;15.31;14619.043;-972.977;Равномерный редкий разброс по всей площади (без кластеров);20_makeeva_s;"Равномерный редкий разброс по всей площади (без кластеров) — по аналогии с проектом «20_makeeva_s»; нормируемых ограничений ближе 5 м сверх нормы нет";"ассортимент для озеленения Москвы, категория «магистрали и улицы»; без инвазивных видов ППМ 369-ПП";;;;
bush_open_area_029_029;посажено;bush;Спирея березолистная;NEW_BUSH;-70.073;15.31;14628.043;-972.977;Равномерный редкий разброс по всей площади (без кластеров);20_makeeva_s;"Равномерный редкий разброс по всей площади (без кластеров) — по аналогии с проектом «20_makeeva_s»; нормируемых ограничений ближе 5 м сверх нормы нет";"ассортимент для озеленения Москвы, категория «магистрали и улицы»; без инвазивных видов ППМ 369-ПП";;;;
bush_open_area_029_030;посажено;bush;Смородина золотистая;NEW_BUSH;-83.573;17.908;14614.543;-970.379;Равномерный редкий разброс по всей площади (без кластеров);20_makeeva_s;"Равномерный редкий разброс по всей площади (без кластеров) — по аналогии с проектом «20_makeeva_s»; ближайшее ограничение — силовой кабель: 3.5 м при норме 0.7 м (СП 42.13330.2016, п. 9.6, табл. 9.1; ППМ 743-ПП, табл. 3.6.1)";"ассортимент для озеленения Москвы, категория «магистрали и улицы»; без инвазивных видов ППМ 369-ПП";силовой кабель;3.45;0.7;"СП 42.13330.2016, п. 9.6, табл. 9.1; ППМ 743-ПП, табл. 3.6.1"
bush_open_area_029_031;посажено;bush;Жимолость золотистая;NEW_BUSH;-65.573;23.104;14632.543;-965.183;Равномерный редкий разброс по всей площади (без кластеров);20_makeeva_s;"Равномерный редкий разброс по всей площади (без кластеров) — по аналогии с проектом «20_makeeva_s»; нормируемых ограничений ближе 5 м сверх нормы нет";"ассортимент для озеленения Москвы, категория «магистрали и улицы»; без инвазивных видов ППМ 369-ПП";;;;
tree_open_area_029_001;посажено;tree;Клен остролистный;NEW_TREE;-63.22;27.083;14634.897;-961.204;Равномерный редкий разброс по всей площади (без кластеров);20_makeeva_s;"Равномерный редкий разброс по всей площади (без кластеров) — по аналогии с проектом «20_makeeva_s»; нормируемых ограничений ближе 5 м сверх нормы нет";"ассортимент для озеленения Москвы, категория «магистрали и улицы»; без инвазивных видов ППМ 369-ПП";;;;
tree_open_area_029_002;посажено;tree;Вяз гибридный Резиста;NEW_TREE;-87.22;6.299;14610.897;-981.989;Равномерный редкий разброс по всей площади (без кластеров);20_makeeva_s;"Равномерный редкий разброс по всей площади (без кластеров) — по аналогии с проектом «20_makeeva_s»; ближайшее ограничение — теплосеть: 3.5 м при норме 2.0 м (СП 42.13330.2016, п. 9.6, табл. 9.1; ППМ 743-ПП, табл. 3.6.1)";"ассортимент для озеленения Москвы, категория «магистрали и улицы»; без инвазивных видов ППМ 369-ПП";теплосеть;3.55;2.0;"СП 42.13330.2016, п. 9.6, табл. 9.1; ППМ 743-ПП, табл. 3.6.1"
tree_open_area_029_003;посажено;tree;Липа европейская;NEW_TREE;-45.22;47.868;14652.897;-940.419;Равномерный редкий разброс по всей площади (без кластеров);20_makeeva_s;"Равномерный редкий разброс по всей площади (без кластеров) — по аналогии с проектом «20_makeeva_s»; ближайшее ограничение — проезжая часть: 5.6 м при норме 2.0 м (СП 42.13330.2016, п. 9.6, табл. 9.1; ППМ 743-ПП, табл. 3.6.1)";"ассортимент для озеленения Москвы, категория «магистрали и улицы»; без инвазивных видов ППМ 369-ПП";проезжая часть;5.56;2.0;"СП 42.13330.2016, п. 9.6, табл. 9.1; ППМ 743-ПП, табл. 3.6.1"
tree_open_area_029_004;посажено;tree;Клен остролистный;NEW_TREE;-72.22;11.495;14625.897;-976.793;Равномерный редкий разброс по всей площади (без кластеров);20_makeeva_s;"Равномерный редкий разброс по всей площади (без кластеров) — по аналогии с проектом «20_makeeva_s»; ближайшее ограничение — пешеходная дорожка / тротуар: 4.8 м при норме 0.7 м (СП 42.13330.2016, п. 9.6, табл. 9.1; ППМ 743-ПП, табл. 3.6.1)";"ассортимент для озеленения Москвы, категория «магистрали и улицы»; без инвазивных видов ППМ 369-ПП";пешеходная дорожка / тротуар;4.8;0.7;"СП 42.13330.2016, п. 9.6, табл. 9.1; ППМ 743-ПП, табл. 3.6.1"
tree_open_area_029_005;посажено;tree;Вяз гибридный Резиста;NEW_TREE;-48.22;32.279;14649.897;-956.008;Равномерный редкий разброс по всей площади (без кластеров);20_makeeva_s;"Равномерный редкий разброс по всей площади (без кластеров) — по аналогии с проектом «20_makeeva_s»; нормируемых ограничений ближе 5 м сверх нормы нет";"ассортимент для озеленения Москвы, категория «магистрали и улицы»; без инвазивных видов ППМ 369-ПП";;;;
tree_open_area_029_006;посажено;tree;Липа европейская;NEW_TREE;-60.22;42.672;14637.897;-945.616;Равномерный редкий разброс по всей площади (без кластеров);20_makeeva_s;"Равномерный редкий разброс по всей площади (без кластеров) — по аналогии с проектом «20_makeeva_s»; ближайшее ограничение — силовой кабель: 5.7 м при норме 2.0 м (СП 42.13330.2016, п. 9.6, табл. 9.1; ППМ 743-ПП, табл. 3.6.1)";"ассортимент для озеленения Москвы, категория «магистрали и улицы»; без инвазивных видов ППМ 369-ПП";силовой кабель;5.66;2.0;"СП 42.13330.2016, п. 9.6, табл. 9.1; ППМ 743-ПП, табл. 3.6.1"
tree_open_area_029_007;посажено;tree;Клен остролистный;NEW_TREE;-78.22;21.887;14619.897;-966.4;Равномерный редкий разброс по всей площади (без кластеров);20_makeeva_s;"Равномерный редкий разброс по всей площади (без кластеров) — по аналогии с проектом «20_makeeva_s»; ближайшее ограничение — силовой кабель: 5.0 м при норме 2.0 м (СП 42.13330.2016, п. 9.6, табл. 9.1; ППМ 743-ПП, табл. 3.6.1)";"ассортимент для озеленения Москвы, категория «магистрали и улицы»; без инвазивных видов ППМ 369-ПП";силовой кабель;5.04;2.0;"СП 42.13330.2016, п. 9.6, табл. 9.1; ППМ 743-ПП, табл. 3.6.1"
tree_open_area_029_008;посажено;tree;Вяз гибридный Резиста;NEW_TREE;-63.22;16.691;14634.897;-971.596;Равномерный редкий разброс по всей площади (без кластеров);20_makeeva_s;"Равномерный редкий разброс по всей площади (без кластеров) — по аналогии с проектом «20_makeeva_s»; ближайшее ограничение — пешеходная дорожка / тротуар: 3.8 м при норме 0.7 м (СП 42.13330.2016, п. 9.6, табл. 9.1; ППМ 743-ПП, табл. 3.6.1)";"ассортимент для озеленения Москвы, категория «магистрали и улицы»; без инвазивных видов ППМ 369-ПП";пешеходная дорожка / тротуар;3.8;0.7;"СП 42.13330.2016, п. 9.6, табл. 9.1; ППМ 743-ПП, табл. 3.6.1"
bush_open_area_031_001;посажено;bush;Жимолость золотистая;NEW_BUSH;-466.508;-318.037;14231.609;-1306.325;Равномерный редкий разброс по всей площади (без кластеров);20_makeeva_s;"Равномерный редкий разброс по всей площади (без кластеров) — по аналогии с проектом «20_makeeva_s»; нормируемых ограничений ближе 5 м сверх нормы нет";"ассортимент для озеленения Москвы, категория «магистрали и улицы»; без инвазивных видов ППМ 369-ПП";;;;
bush_open_area_031_002;посажено;bush;Спирея березолистная;NEW_BUSH;-475.508;-323.234;14222.609;-1311.521;Равномерный редкий разброс по всей площади (без кластеров);20_makeeva_s;"Равномерный редкий разброс по всей площади (без кластеров) — по аналогии с проектом «20_makeeva_s»; ближайшее ограничение — водопровод: 2.9 м при норме 0.0 м (СП 42.13330.2016, п. 9.6, табл. 9.1; ППМ 743-ПП, табл. 3.6.1)";"ассортимент для озеленения Москвы, категория «магистрали и улицы»; без инвазивных видов ППМ 369-ПП";водопровод;2.88;0.0;"СП 42.13330.2016, п. 9.6, табл. 9.1; ППМ 743-ПП, табл. 3.6.1"
bush_open_area_031_003;посажено;bush;Смородина золотистая;NEW_BUSH;-463.508;-312.841;14234.609;-1301.129;Равномерный редкий разброс по всей площади (без кластеров);20_makeeva_s;"Равномерный редкий разброс по всей площади (без кластеров) — по аналогии с проектом «20_makeeva_s»; ближайшее ограничение — теплосеть: 4.3 м при норме 1.0 м (СП 42.13330.2016, п. 9.6, табл. 9.1; ППМ 743-ПП, табл. 3.6.1)";"ассортимент для озеленения Москвы, категория «магистрали и улицы»; без инвазивных видов ППМ 369-ПП";теплосеть;4.33;1.0;"СП 42.13330.2016, п. 9.6, табл. 9.1; ППМ 743-ПП, табл. 3.6.1"
bush_open_area_031_004;посажено;bush;Жимолость золотистая;NEW_BUSH;-471.008;-320.635;14227.109;-1308.923;Равномерный редкий разброс по всей площади (без кластеров);20_makeeva_s;"Равномерный редкий разброс по всей площади (без кластеров) — по аналогии с проектом «20_makeeva_s»; ближайшее ограничение — водопровод: 5.0 м при норме 0.0 м (СП 42.13330.2016, п. 9.6, табл. 9.1; ППМ 743-ПП, табл. 3.6.1)";"ассортимент для озеленения Москвы, категория «магистрали и улицы»; без инвазивных видов ППМ 369-ПП";водопровод;4.96;0.0;"СП 42.13330.2016, п. 9.6, табл. 9.1; ППМ 743-ПП, табл. 3.6.1"
tree_open_area_031_001;посажено;tree;Клен остролистный;NEW_TREE;-465.666;-321.824;14232.451;-1310.111;Равномерный редкий разброс по всей площади (без кластеров);20_makeeva_s;"Равномерный редкий разброс по всей площади (без кластеров) — по аналогии с проектом «20_makeeva_s»; ближайшее ограничение — водопровод: 3.2 м при норме 2.0 м (СП 42.13330.2016, п. 9.6, табл. 9.1; ППМ 743-ПП, табл. 3.6.1)";"ассортимент для озеленения Москвы, категория «магистрали и улицы»; без инвазивных видов ППМ 369-ПП";водопровод;3.19;2.0;"СП 42.13330.2016, п. 9.6, табл. 9.1; ППМ 743-ПП, табл. 3.6.1"
tree_open_area_032_001;посажено;tree;Вяз гибридный Резиста;NEW_TREE;-484.941;-340.974;14213.175;-1329.261;Органичные рощи -- случайные группы по несколько деревьев;19_2ya_pryadilnaya;"Органичные рощи -- случайные группы по несколько деревьев — по аналогии с проектом «19_2ya_pryadilnaya»; нормируемых ограничений ближе 5 м сверх нормы нет";"ассортимент для озеленения Москвы, категория «магистрали и улицы»; без инвазивных видов ППМ 369-ПП";tree tree_path_corridor_054_001;10.0;3.0;правило планировщика (не норма): зазор между объектами
tree_open_area_034_001;посажено;tree;Вяз гибридный Резиста;NEW_TREE;-461.096;-333.598;14237.021;-1321.885;Органичные рощи -- случайные группы по несколько деревьев;19_2ya_pryadilnaya;"Органичные рощи -- случайные группы по несколько деревьев — по аналогии с проектом «19_2ya_pryadilnaya»; ближайшее ограничение — воздушная ЛЭП: 2.8 м при норме 2.0 м (охранная зона по чертежу (отступ зоны))";"ассортимент для озеленения Москвы, категория «магистрали и улицы»; без инвазивных видов ППМ 369-ПП";воздушная ЛЭП;2.84;2.0;охранная зона по чертежу (отступ зоны)
bush_open_area_035_001;посажено;bush;Жимолость золотистая;NEW_BUSH;-117.673;-3.933;14580.444;-992.221;Равномерный редкий разброс по всей площади (без кластеров);20_makeeva_s;"Равномерный редкий разброс по всей площади (без кластеров) — по аналогии с проектом «20_makeeva_s»; нормируемых ограничений ближе 5 м сверх нормы нет";"ассортимент для озеленения Москвы, категория «магистрали и улицы»; без инвазивных видов ППМ 369-ПП";;;;
bush_open_area_035_002;посажено;bush;Спирея березолистная;NEW_BUSH;-131.173;3.861;14566.944;-984.426;Равномерный редкий разброс по всей площади (без кластеров);20_makeeva_s;"Равномерный редкий разброс по всей площади (без кластеров) — по аналогии с проектом «20_makeeva_s»; ближайшее ограничение — силовой кабель: 2.1 м при норме 0.7 м (СП 42.13330.2016, п. 9.6, табл. 9.1; ППМ 743-ПП, табл. 3.6.1)";"ассортимент для озеленения Москвы, категория «магистрали и улицы»; без инвазивных видов ППМ 369-ПП";силовой кабель;2.13;0.7;"СП 42.13330.2016, п. 9.6, табл. 9.1; ППМ 743-ПП, табл. 3.6.1"
bush_open_area_035_003;посажено;bush;Смородина золотистая;NEW_BUSH;-110.173;-11.727;14587.944;-1000.015;Равномерный редкий разброс по всей площади (без кластеров);20_makeeva_s;"Равномерный редкий разброс по всей площади (без кластеров) — по аналогии с проектом «20_makeeva_s»; нормируемых ограничений ближе 5 м сверх нормы нет";"ассортимент для озеленения Москвы, категория «магистрали и улицы»; без инвазивных видов ППМ 369-ПП";;;;
bush_open_area_035_004;посажено;bush;Жимолость золотистая;NEW_BUSH;-123.673;1.263;14574.444;-987.025;Равномерный редкий разброс по всей площади (без кластеров);20_makeeva_s;"Равномерный редкий разброс по всей площади (без кластеров) — по аналогии с проектом «20_makeeva_s»; ближайшее ограничение — силовой кабель: 3.4 м при норме 0.7 м (СП 42.13330.2016, п. 9.6, табл. 9.1; ППМ 743-ПП, табл. 3.6.1)";"ассортимент для озеленения Москвы, категория «магистрали и улицы»; без инвазивных видов ППМ 369-ПП";силовой кабель;3.43;0.7;"СП 42.13330.2016, п. 9.6, табл. 9.1; ППМ 743-ПП, табл. 3.6.1"
bush_open_area_035_005;посажено;bush;Спирея березолистная;NEW_BUSH;-114.673;-9.129;14583.444;-997.417;Равномерный редкий разброс по всей площади (без кластеров);20_makeeva_s;"Равномерный редкий разброс по всей площади (без кластеров) — по аналогии с проектом «20_makeeva_s»; нормируемых ограничений ближе 5 м сверх нормы нет";"ассортимент для озеленения Москвы, категория «магистрали и улицы»; без инвазивных видов ППМ 369-ПП";;;;
bush_open_area_035_006;посажено;bush;Смородина золотистая;NEW_BUSH;-122.173;-6.531;14575.944;-994.819;Равномерный редкий разброс по всей площади (без кластеров);20_makeeva_s;"Равномерный редкий разброс по всей площади (без кластеров) — по аналогии с проектом «20_makeeva_s»; нормируемых ограничений ближе 5 м сверх нормы нет";"ассортимент для озеленения Москвы, категория «магистрали и улицы»; без инвазивных видов ППМ 369-ПП";;;;
tree_open_area_035_001;посажено;tree;Клен остролистный;NEW_TREE;-119.845;-2.634;14578.271;-990.922;Равномерный редкий разброс по всей площади (без кластеров);20_makeeva_s;"Равномерный редкий разброс по всей площади (без кластеров) — по аналогии с проектом «20_makeeva_s»; ближайшее ограничение — силовой кабель: 6.6 м при норме 2.0 м (СП 42.13330.2016, п. 9.6, табл. 9.1; ППМ 743-ПП, табл. 3.6.1)";"ассортимент для озеленения Москвы, категория «магистрали и улицы»; без инвазивных видов ППМ 369-ПП";силовой кабель;6.63;2.0;"СП 42.13330.2016, п. 9.6, табл. 9.1; ППМ 743-ПП, табл. 3.6.1"
tree_open_area_035_002;посажено;tree;Вяз гибридный Резиста;NEW_TREE;-107.845;-13.027;14590.271;-1001.314;Равномерный редкий разброс по всей площади (без кластеров);20_makeeva_s;"Равномерный редкий разброс по всей площади (без кластеров) — по аналогии с проектом «20_makeeva_s»; ближайшее ограничение — пешеходная дорожка / тротуар: 5.0 м при норме 0.7 м (СП 42.13330.2016, п. 9.6, табл. 9.1; ППМ 743-ПП, табл. 3.6.1)";"ассортимент для озеленения Москвы, категория «магистрали и улицы»; без инвазивных видов ППМ 369-ПП";пешеходная дорожка / тротуар;5.03;0.7;"СП 42.13330.2016, п. 9.6, табл. 9.1; ППМ 743-ПП, табл. 3.6.1"
tree_open_area_037_001;посажено;tree;Вяз гибридный Резиста;NEW_TREE;-100.297;15.582;14597.82;-972.706;Органичные рощи -- случайные группы по несколько деревьев;19_2ya_pryadilnaya;"Органичные рощи -- случайные группы по несколько деревьев — по аналогии с проектом «19_2ya_pryadilnaya»; ближайшее ограничение — силовой кабель: 4.0 м при норме 2.0 м (СП 42.13330.2016, п. 9.6, табл. 9.1; ППМ 743-ПП, табл. 3.6.1)";"ассортимент для озеленения Москвы, категория «магистрали и улицы»; без инвазивных видов ППМ 369-ПП";силовой кабель;3.95;2.0;"СП 42.13330.2016, п. 9.6, табл. 9.1; ППМ 743-ПП, табл. 3.6.1"
tree_open_area_038_001;посажено;tree;Вяз гибридный Резиста;NEW_TREE;-256.597;-173.674;14441.52;-1161.961;Органичные рощи -- случайные группы по несколько деревьев;19_2ya_pryadilnaya;"Органичные рощи -- случайные группы по несколько деревьев — по аналогии с проектом «19_2ya_pryadilnaya»; ближайшее ограничение — газопровод: 1.9 м при норме 1.5 м (СП 42.13330.2016, п. 9.6, табл. 9.1; ППМ 743-ПП, табл. 3.6.1)";"ассортимент для озеленения Москвы, категория «магистрали и улицы»; без инвазивных видов ППМ 369-ПП";газопровод;1.95;1.5;"СП 42.13330.2016, п. 9.6, табл. 9.1; ППМ 743-ПП, табл. 3.6.1"
tree_open_area_038_002;посажено;tree;Вяз гибридный Резиста;NEW_TREE;-253.597;-177.138;14444.52;-1165.425;Органичные рощи -- случайные группы по несколько деревьев;19_2ya_pryadilnaya;"Органичные рощи -- случайные группы по несколько деревьев — по аналогии с проектом «19_2ya_pryadilnaya»; ближайшее ограничение — газопровод: 1.8 м при норме 1.5 м (СП 42.13330.2016, п. 9.6, табл. 9.1; ППМ 743-ПП, табл. 3.6.1)";"ассортимент для озеленения Москвы, категория «магистрали и улицы»; без инвазивных видов ППМ 369-ПП";газопровод;1.83;1.5;"СП 42.13330.2016, п. 9.6, табл. 9.1; ППМ 743-ПП, табл. 3.6.1"
tree_open_area_040_001;посажено;tree;Вяз гибридный Резиста;NEW_TREE;31.499;116.602;14729.616;-871.686;Органичные рощи -- случайные группы по несколько деревьев;19_2ya_pryadilnaya;"Органичные рощи -- случайные группы по несколько деревьев — по аналогии с проектом «19_2ya_pryadilnaya»; ближайшее ограничение — кабель связи: 3.1 м при норме 2.0 м (СП 42.13330.2016, п. 9.6, табл. 9.1; ППМ 743-ПП, табл. 3.6.1)";"ассортимент для озеленения Москвы, категория «магистрали и улицы»; без инвазивных видов ППМ 369-ПП";кабель связи;3.12;2.0;"СП 42.13330.2016, п. 9.6, табл. 9.1; ППМ 743-ПП, табл. 3.6.1"
tree_open_area_040_002;посажено;tree;Вяз гибридный Резиста;NEW_TREE;33.573;113.009;14731.69;-875.278;Органичные рощи -- случайные группы по несколько деревьев;19_2ya_pryadilnaya;"Органичные рощи -- случайные группы по несколько деревьев — по аналогии с проектом «19_2ya_pryadilnaya»; ближайшее ограничение — кабель связи: 2.6 м при норме 2.0 м (СП 42.13330.2016, п. 9.6, табл. 9.1; ППМ 743-ПП, табл. 3.6.1)";"ассортимент для озеленения Москвы, категория «магистрали и улицы»; без инвазивных видов ППМ 369-ПП";кабель связи;2.61;2.0;"СП 42.13330.2016, п. 9.6, табл. 9.1; ППМ 743-ПП, табл. 3.6.1"
tree_open_area_040_003;посажено;tree;Вяз гибридный Резиста;NEW_TREE;29.425;120.194;14727.542;-868.094;Органичные рощи -- случайные группы по несколько деревьев;19_2ya_pryadilnaya;"Органичные рощи -- случайные группы по несколько деревьев — по аналогии с проектом «19_2ya_pryadilnaya»; ближайшее ограничение — кабель связи: 3.6 м при норме 2.0 м (СП 42.13330.2016, п. 9.6, табл. 9.1; ППМ 743-ПП, табл. 3.6.1)";"ассортимент для озеленения Москвы, категория «магистрали и улицы»; без инвазивных видов ППМ 369-ПП";кабель связи;3.63;2.0;"СП 42.13330.2016, п. 9.6, табл. 9.1; ППМ 743-ПП, табл. 3.6.1"
tree_open_area_041_001;посажено;tree;Вяз гибридный Резиста;NEW_TREE;68.753;140.865;14766.87;-847.423;Органичные рощи -- случайные группы по несколько деревьев;19_2ya_pryadilnaya;"Органичные рощи -- случайные группы по несколько деревьев — по аналогии с проектом «19_2ya_pryadilnaya»; нормируемых ограничений ближе 5 м сверх нормы нет";"ассортимент для озеленения Москвы, категория «магистрали и улицы»; без инвазивных видов ППМ 369-ПП";tree tree_open_area_041_002;3.29;3.0;правило планировщика (не норма): зазор между объектами
tree_open_area_041_002;посажено;tree;Вяз гибридный Резиста;NEW_TREE;65.9;139.218;14764.017;-849.07;Органичные рощи -- случайные группы по несколько деревьев;19_2ya_pryadilnaya;"Органичные рощи -- случайные группы по несколько деревьев — по аналогии с проектом «19_2ya_pryadilnaya»; ближайшее ограничение — газопровод: 6.1 м при норме 1.5 м (СП 42.13330.2016, п. 9.6, табл. 9.1; ППМ 743-ПП, табл. 3.6.1)";"ассортимент для озеленения Москвы, категория «магистрали и улицы»; без инвазивных видов ППМ 369-ПП";газопровод;6.13;1.5;"СП 42.13330.2016, п. 9.6, табл. 9.1; ППМ 743-ПП, табл. 3.6.1"
tree_open_area_041_003;посажено;tree;Вяз гибридный Резиста;NEW_TREE;71.606;139.218;14769.723;-849.07;Органичные рощи -- случайные группы по несколько деревьев;19_2ya_pryadilnaya;"Органичные рощи -- случайные группы по несколько деревьев — по аналогии с проектом «19_2ya_pryadilnaya»; ближайшее ограничение — водопровод: 6.1 м при норме 2.0 м (СП 42.13330.2016, п. 9.6, табл. 9.1; ППМ 743-ПП, табл. 3.6.1)";"ассортимент для озеленения Москвы, категория «магистрали и улицы»; без инвазивных видов ППМ 369-ПП";водопровод;6.12;2.0;"СП 42.13330.2016, п. 9.6, табл. 9.1; ППМ 743-ПП, табл. 3.6.1"
tree_open_area_041_004;посажено;tree;Вяз гибридный Резиста;NEW_TREE;65.9;142.512;14764.017;-845.776;Органичные рощи -- случайные группы по несколько деревьев;19_2ya_pryadilnaya;"Органичные рощи -- случайные группы по несколько деревьев — по аналогии с проектом «19_2ya_pryadilnaya»; ближайшее ограничение — газопровод: 5.9 м при норме 1.5 м (СП 42.13330.2016, п. 9.6, табл. 9.1; ППМ 743-ПП, табл. 3.6.1)";"ассортимент для озеленения Москвы, категория «магистрали и улицы»; без инвазивных видов ППМ 369-ПП";газопровод;5.87;1.5;"СП 42.13330.2016, п. 9.6, табл. 9.1; ППМ 743-ПП, табл. 3.6.1"
tree_open_area_041_005;посажено;tree;Вяз гибридный Резиста;NEW_TREE;71.606;142.512;14769.723;-845.776;Органичные рощи -- случайные группы по несколько деревьев;19_2ya_pryadilnaya;"Органичные рощи -- случайные группы по несколько деревьев — по аналогии с проектом «19_2ya_pryadilnaya»; ближайшее ограничение — водопровод: 6.2 м при норме 2.0 м (СП 42.13330.2016, п. 9.6, табл. 9.1; ППМ 743-ПП, табл. 3.6.1)";"ассортимент для озеленения Москвы, категория «магистрали и улицы»; без инвазивных видов ППМ 369-ПП";водопровод;6.2;2.0;"СП 42.13330.2016, п. 9.6, табл. 9.1; ППМ 743-ПП, табл. 3.6.1"
tree_open_area_041_006;посажено;tree;Клен остролистный;NEW_TREE;64.949;121.1;14763.066;-867.188;Органичные рощи -- случайные группы по несколько деревьев;19_2ya_pryadilnaya;"Органичные рощи -- случайные группы по несколько деревьев — по аналогии с проектом «19_2ya_pryadilnaya»; ближайшее ограничение — воздушная ЛЭП: 5.0 м при норме 2.0 м (охранная зона по чертежу (отступ зоны))";"ассортимент для озеленения Москвы, категория «магистрали и улицы»; без инвазивных видов ППМ 369-ПП";воздушная ЛЭП;4.98;2.0;охранная зона по чертежу (отступ зоны)
tree_open_area_041_007;посажено;tree;Клен остролистный;NEW_TREE;67.802;122.747;14765.919;-865.541;Органичные рощи -- случайные группы по несколько деревьев;19_2ya_pryadilnaya;"Органичные рощи -- случайные группы по несколько деревьев — по аналогии с проектом «19_2ya_pryadilnaya»; ближайшее ограничение — воздушная ЛЭП: 3.1 м при норме 2.0 м (охранная зона по чертежу (отступ зоны))";"ассортимент для озеленения Москвы, категория «магистрали и улицы»; без инвазивных видов ППМ 369-ПП";воздушная ЛЭП;3.08;2.0;охранная зона по чертежу (отступ зоны)
tree_open_area_041_008;посажено;tree;Клен остролистный;NEW_TREE;64.949;117.806;14763.066;-870.482;Органичные рощи -- случайные группы по несколько деревьев;19_2ya_pryadilnaya;"Органичные рощи -- случайные группы по несколько деревьев — по аналогии с проектом «19_2ya_pryadilnaya»; ближайшее ограничение — воздушная ЛЭП: 3.6 м при норме 2.0 м (охранная зона по чертежу (отступ зоны))";"ассортимент для озеленения Москвы, категория «магистрали и улицы»; без инвазивных видов ППМ 369-ПП";воздушная ЛЭП;3.61;2.0;охранная зона по чертежу (отступ зоны)
tree_open_area_041_009;посажено;tree;Клен остролистный;NEW_TREE;64.949;124.394;14763.066;-863.893;Органичные рощи -- случайные группы по несколько деревьев;19_2ya_pryadilnaya;"Органичные рощи -- случайные группы по несколько деревьев — по аналогии с проектом «19_2ya_pryadilnaya»; ближайшее ограничение — воздушная ЛЭП: 6.4 м при норме 2.0 м (охранная зона по чертежу (отступ зоны))";"ассортимент для озеленения Москвы, категория «магистрали и улицы»; без инвазивных видов ППМ 369-ПП";воздушная ЛЭП;6.36;2.0;охранная зона по чертежу (отступ зоны)
tree_open_area_041_010;посажено;tree;Клен остролистный;NEW_TREE;62.097;119.453;14760.213;-868.835;Органичные рощи -- случайные группы по несколько деревьев;19_2ya_pryadilnaya;"Органичные рощи -- случайные группы по несколько деревьев — по аналогии с проектом «19_2ya_pryadilnaya»; ближайшее ограничение — газопровод: 3.9 м при норме 1.5 м (СП 42.13330.2016, п. 9.6, табл. 9.1; ППМ 743-ПП, табл. 3.6.1)";"ассортимент для озеленения Москвы, категория «магистрали и улицы»; без инвазивных видов ППМ 369-ПП";газопровод;3.93;1.5;"СП 42.13330.2016, п. 9.6, табл. 9.1; ППМ 743-ПП, табл. 3.6.1"
tree_open_area_042_001;посажено;tree;Вяз гибридный Резиста;NEW_TREE;47.772;128.388;14745.889;-859.899;Органичные рощи -- случайные группы по несколько деревьев;19_2ya_pryadilnaya;"Органичные рощи -- случайные группы по несколько деревьев — по аналогии с проектом «19_2ya_pryadilnaya»; нормируемых ограничений ближе 5 м сверх нормы нет";"ассортимент для озеленения Москвы, категория «магистрали и улицы»; без инвазивных видов ППМ 369-ПП";tree tree_open_area_042_005;3.42;3.0;правило планировщика (не норма): зазор между объектами
tree_open_area_042_002;посажено;tree;Вяз гибридный Резиста;NEW_TREE;47.772;131.805;14745.889;-856.482;Органичные рощи -- случайные группы по несколько деревьев;19_2ya_pryadilnaya;"Органичные рощи -- случайные группы по несколько деревьев — по аналогии с проектом «19_2ya_pryadilnaya»; нормируемых ограничений ближе 5 м сверх нормы нет";"ассортимент для озеленения Москвы, категория «магистрали и улицы»; без инвазивных видов ППМ 369-ПП";tree tree_open_area_042_003;3.42;3.0;правило планировщика (не норма): зазор между объектами
tree_open_area_042_003;посажено;tree;Вяз гибридный Резиста;NEW_TREE;44.813;130.097;14742.93;-858.191;Органичные рощи -- случайные группы по несколько деревьев;19_2ya_pryadilnaya;"Органичные рощи -- случайные группы по несколько деревьев — по аналогии с проектом «19_2ya_pryadilnaya»; нормируемых ограничений ближе 5 м сверх нормы нет";"ассортимент для озеленения Москвы, категория «магистрали и улицы»; без инвазивных видов ППМ 369-ПП";tree tree_open_area_042_005;3.42;3.0;правило планировщика (не норма): зазор между объектами
tree_open_area_042_004;посажено;tree;Вяз гибридный Резиста;NEW_TREE;50.731;130.097;14748.848;-858.191;Органичные рощи -- случайные группы по несколько деревьев;19_2ya_pryadilnaya;"Органичные рощи -- случайные группы по несколько деревьев — по аналогии с проектом «19_2ya_pryadilnaya»; ближайшее ограничение — газопровод: 4.3 м при норме 1.5 м (СП 42.13330.2016, п. 9.6, табл. 9.1; ППМ 743-ПП, табл. 3.6.1)";"ассортимент для озеленения Москвы, категория «магистрали и улицы»; без инвазивных видов ППМ 369-ПП";газопровод;4.26;1.5;"СП 42.13330.2016, п. 9.6, табл. 9.1; ППМ 743-ПП, табл. 3.6.1"
tree_open_area_042_005;посажено;tree;Вяз гибридный Резиста;NEW_TREE;44.813;126.68;14742.93;-861.608;Органичные рощи -- случайные группы по несколько деревьев;19_2ya_pryadilnaya;"Органичные рощи -- случайные группы по несколько деревьев — по аналогии с проектом «19_2ya_pryadilnaya»; нормируемых ограничений ближе 5 м сверх нормы нет";"ассортимент для озеленения Москвы, категория «магистрали и улицы»; без инвазивных видов ППМ 369-ПП";tree tree_open_area_042_003;3.42;3.0;правило планировщика (не норма): зазор между объектами
tree_open_area_043_001;посажено;tree;Вяз гибридный Резиста;NEW_TREE;44.83;101.698;14742.947;-886.589;Органичные рощи -- случайные группы по несколько деревьев;19_2ya_pryadilnaya;"Органичные рощи -- случайные группы по несколько деревьев — по аналогии с проектом «19_2ya_pryadilnaya»; ближайшее ограничение — кабель связи: 2.4 м при норме 2.0 м (СП 42.13330.2016, п. 9.6, табл. 9.1; ППМ 743-ПП, табл. 3.6.1)";"ассортимент для озеленения Москвы, категория «магистрали и улицы»; без инвазивных видов ППМ 369-ПП";кабель связи;2.36;2.0;"СП 42.13330.2016, п. 9.6, табл. 9.1; ППМ 743-ПП, табл. 3.6.1"
tree_open_area_044_001;посажено;tree;Вяз гибридный Резиста;NEW_TREE;97.013;151.742;14795.129;-836.545;Органичные рощи -- случайные группы по несколько деревьев;19_2ya_pryadilnaya;"Органичные рощи -- случайные группы по несколько деревьев — по аналогии с проектом «19_2ya_pryadilnaya»; ближайшее ограничение — теплосеть: 5.3 м при норме 2.0 м (СП 42.13330.2016, п. 9.6, табл. 9.1; ППМ 743-ПП, табл. 3.6.1)";"ассортимент для озеленения Москвы, категория «магистрали и улицы»; без инвазивных видов ППМ 369-ПП";теплосеть;5.29;2.0;"СП 42.13330.2016, п. 9.6, табл. 9.1; ППМ 743-ПП, табл. 3.6.1"
bush_open_area_045_001;посажено;bush;Жимолость золотистая;NEW_BUSH;86.332;139.327;14784.449;-848.96;Равномерный редкий разброс по всей площади (без кластеров);20_makeeva_s;"Равномерный редкий разброс по всей площади (без кластеров) — по аналогии с проектом «20_makeeva_s»; ближайшее ограничение — воздушная ЛЭП: 2.8 м при норме 2.0 м (охранная зона по чертежу (отступ зоны))";"ассортимент для озеленения Москвы, категория «магистрали и улицы»; без инвазивных видов ППМ 369-ПП";воздушная ЛЭП;2.84;2.0;охранная зона по чертежу (отступ зоны)
tree_open_area_046_001;посажено;tree;Вяз гибридный Резиста;NEW_TREE;-327.634;-158.386;14370.483;-1146.673;Органичные рощи -- случайные группы по несколько деревьев;19_2ya_pryadilnaya;"Органичные рощи -- случайные группы по несколько деревьев — по аналогии с проектом «19_2ya_pryadilnaya»; ближайшее ограничение — пешеходная дорожка / тротуар: 4.4 м при норме 0.7 м (СП 42.13330.2016, п. 9.6, табл. 9.1; ППМ 743-ПП, табл. 3.6.1)";"ассортимент для озеленения Москвы, категория «магистрали и улицы»; без инвазивных видов ППМ 369-ПП";пешеходная дорожка / тротуар;4.41;0.7;"СП 42.13330.2016, п. 9.6, табл. 9.1; ППМ 743-ПП, табл. 3.6.1"
tree_open_area_048_001;посажено;tree;Вяз гибридный Резиста;NEW_TREE;-234.351;-140.582;14463.765;-1128.869;Органичные рощи -- случайные группы по несколько деревьев;19_2ya_pryadilnaya;"Органичные рощи -- случайные группы по несколько деревьев — по аналогии с проектом «19_2ya_pryadilnaya»; ближайшее ограничение — пешеходная дорожка / тротуар: 4.3 м при норме 0.7 м (СП 42.13330.2016, п. 9.6, табл. 9.1; ППМ 743-ПП, табл. 3.6.1)";"ассортимент для озеленения Москвы, категория «магистрали и улицы»; без инвазивных видов ППМ 369-ПП";пешеходная дорожка / тротуар;4.31;0.7;"СП 42.13330.2016, п. 9.6, табл. 9.1; ППМ 743-ПП, табл. 3.6.1"
tree_open_area_048_002;посажено;tree;Вяз гибридный Резиста;NEW_TREE;-236.927;-142.813;14461.19;-1131.1;Органичные рощи -- случайные группы по несколько деревьев;19_2ya_pryadilnaya;"Органичные рощи -- случайные группы по несколько деревьев — по аналогии с проектом «19_2ya_pryadilnaya»; ближайшее ограничение — пешеходная дорожка / тротуар: 4.0 м при норме 0.7 м (СП 42.13330.2016, п. 9.6, табл. 9.1; ППМ 743-ПП, табл. 3.6.1)";"ассортимент для озеленения Москвы, категория «магистрали и улицы»; без инвазивных видов ППМ 369-ПП";пешеходная дорожка / тротуар;4.01;0.7;"СП 42.13330.2016, п. 9.6, табл. 9.1; ППМ 743-ПП, табл. 3.6.1"
tree_open_area_048_003;посажено;tree;Вяз гибридный Резиста;NEW_TREE;-225.98;-135.005;14472.137;-1123.293;Органичные рощи -- случайные группы по несколько деревьев;19_2ya_pryadilnaya;"Органичные рощи -- случайные группы по несколько деревьев — по аналогии с проектом «19_2ya_pryadilnaya»; ближайшее ограничение — пешеходная дорожка / тротуар: 3.9 м при норме 0.7 м (СП 42.13330.2016, п. 9.6, табл. 9.1; ППМ 743-ПП, табл. 3.6.1)";"ассортимент для озеленения Москвы, категория «магистрали и улицы»; без инвазивных видов ППМ 369-ПП";пешеходная дорожка / тротуар;3.93;0.7;"СП 42.13330.2016, п. 9.6, табл. 9.1; ППМ 743-ПП, табл. 3.6.1"
tree_open_area_051_001;посажено;tree;Вяз гибридный Резиста;NEW_TREE;-213.144;-157.484;14484.972;-1145.771;Органичные рощи -- случайные группы по несколько деревьев;19_2ya_pryadilnaya;"Органичные рощи -- случайные группы по несколько деревьев — по аналогии с проектом «19_2ya_pryadilnaya»; нормируемых ограничений ближе 5 м сверх нормы нет";"ассортимент для озеленения Москвы, категория «магистрали и улицы»; без инвазивных видов ППМ 369-ПП";tree tree_077;3.69;3.0;правило планировщика (не норма): зазор между объектами
tree_open_area_053_001;посажено;tree;Вяз гибридный Резиста;NEW_TREE;131.358;125.781;14829.474;-862.507;Органичные рощи -- случайные группы по несколько деревьев;19_2ya_pryadilnaya;"Органичные рощи -- случайные группы по несколько деревьев — по аналогии с проектом «19_2ya_pryadilnaya»; ближайшее ограничение — проезжая часть: 5.1 м при норме 2.0 м (СП 42.13330.2016, п. 9.6, табл. 9.1; ППМ 743-ПП, табл. 3.6.1)";"ассортимент для озеленения Москвы, категория «магистрали и улицы»; без инвазивных видов ППМ 369-ПП";проезжая часть;5.09;2.0;"СП 42.13330.2016, п. 9.6, табл. 9.1; ППМ 743-ПП, табл. 3.6.1"
bush_open_area_055_001;посажено;bush;Жимолость золотистая;NEW_BUSH;112.86;151.073;14810.976;-837.214;Равномерный редкий разброс по всей площади (без кластеров);20_makeeva_s;"Равномерный редкий разброс по всей площади (без кластеров) — по аналогии с проектом «20_makeeva_s»; нормируемых ограничений ближе 5 м сверх нормы нет";"ассортимент для озеленения Москвы, категория «магистрали и улицы»; без инвазивных видов ППМ 369-ПП";;;;
bush_open_area_055_002;посажено;bush;Спирея березолистная;NEW_BUSH;120.36;153.671;14818.476;-834.616;Равномерный редкий разброс по всей площади (без кластеров);20_makeeva_s;"Равномерный редкий разброс по всей площади (без кластеров) — по аналогии с проектом «20_makeeva_s»; ближайшее ограничение — пешеходная дорожка / тротуар: 3.8 м при норме 0.5 м (СП 42.13330.2016, п. 9.6, табл. 9.1; ППМ 743-ПП, табл. 3.6.1)";"ассортимент для озеленения Москвы, категория «магистрали и улицы»; без инвазивных видов ППМ 369-ПП";пешеходная дорожка / тротуар;3.81;0.5;"СП 42.13330.2016, п. 9.6, табл. 9.1; ППМ 743-ПП, табл. 3.6.1"
;отклонено;tree;Боярышник крупноколючковый;;528.796;375.001;;;building_ring;;ближе нормы к объекту «пешеходная дорожка / тротуар»;;;0.7;2.0;СП 82.13330.2016, п. 9.22
;отклонено;tree;Боярышник крупноколючковый;;480.331;465.888;;;building_ring;;ближе нормы к объекту «здание»;;;5.0;5.0;"СП 42.13330.2016, п. 9.6, табл. 9.1; ППМ 743-ПП, табл. 3.6.1"
;отклонено;tree;Клен остролистный;;481.072;472.066;;;linear_hedge_row;;ближе нормы к объекту «здание»;;;9.18;10.0;ППМ 743-ПП, табл. 3.6.1, прим. 3
building_001;запрет посадки;дерево;;;;;;;;;полоса вокруг объекта «здание», где деревья не ставятся;;здание;;5.0;"СП 42.13330.2016, п. 9.6, табл. 9.1; ППМ 743-ПП, табл. 3.6.1"
building_001;запрет посадки;кустарник;;;;;;;;;полоса вокруг объекта «здание», где кустарники не ставятся;;здание;;1.5;"СП 42.13330.2016, п. 9.6, табл. 9.1; ППМ 743-ПП, табл. 3.6.1"
building_002;запрет посадки;дерево;;;;;;;;;полоса вокруг объекта «здание», где деревья не ставятся;;здание;;5.0;"СП 42.13330.2016, п. 9.6, табл. 9.1; ППМ 743-ПП, табл. 3.6.1"
building_002;запрет посадки;кустарник;;;;;;;;;полоса вокруг объекта «здание», где кустарники не ставятся;;здание;;1.5;"СП 42.13330.2016, п. 9.6, табл. 9.1; ППМ 743-ПП, табл. 3.6.1"
building_003;запрет посадки;дерево;;;;;;;;;полоса вокруг объекта «здание», где деревья не ставятся;;здание;;5.0;"СП 42.13330.2016, п. 9.6, табл. 9.1; ППМ 743-ПП, табл. 3.6.1"
building_003;запрет посадки;кустарник;;;;;;;;;полоса вокруг объекта «здание», где кустарники не ставятся;;здание;;1.5;"СП 42.13330.2016, п. 9.6, табл. 9.1; ППМ 743-ПП, табл. 3.6.1"
building_004;запрет посадки;дерево;;;;;;;;;полоса вокруг объекта «здание», где деревья не ставятся;;здание;;5.0;"СП 42.13330.2016, п. 9.6, табл. 9.1; ППМ 743-ПП, табл. 3.6.1"
building_004;запрет посадки;кустарник;;;;;;;;;полоса вокруг объекта «здание», где кустарники не ставятся;;здание;;1.5;"СП 42.13330.2016, п. 9.6, табл. 9.1; ППМ 743-ПП, табл. 3.6.1"
building_005;запрет посадки;дерево;;;;;;;;;полоса вокруг объекта «здание», где деревья не ставятся;;здание;;5.0;"СП 42.13330.2016, п. 9.6, табл. 9.1; ППМ 743-ПП, табл. 3.6.1"
building_005;запрет посадки;кустарник;;;;;;;;;полоса вокруг объекта «здание», где кустарники не ставятся;;здание;;1.5;"СП 42.13330.2016, п. 9.6, табл. 9.1; ППМ 743-ПП, табл. 3.6.1"
electrical_001;запрет посадки;дерево;;;;;;;;;полоса вокруг объекта «силовой кабель», где деревья не ставятся;;силовой кабель;;2.0;"СП 42.13330.2016, п. 9.6, табл. 9.1; ППМ 743-ПП, табл. 3.6.1"
electrical_001;запрет посадки;кустарник;;;;;;;;;полоса вокруг объекта «силовой кабель», где кустарники не ставятся;;силовой кабель;;0.7;"СП 42.13330.2016, п. 9.6, табл. 9.1; ППМ 743-ПП, табл. 3.6.1"
electrical_002;запрет посадки;дерево;;;;;;;;;полоса вокруг объекта «силовой кабель», где деревья не ставятся;;силовой кабель;;2.0;"СП 42.13330.2016, п. 9.6, табл. 9.1; ППМ 743-ПП, табл. 3.6.1"
electrical_002;запрет посадки;кустарник;;;;;;;;;полоса вокруг объекта «силовой кабель», где кустарники не ставятся;;силовой кабель;;0.7;"СП 42.13330.2016, п. 9.6, табл. 9.1; ППМ 743-ПП, табл. 3.6.1"
electrical_003;запрет посадки;дерево;;;;;;;;;полоса вокруг объекта «силовой кабель», где деревья не ставятся;;силовой кабель;;2.0;"СП 42.13330.2016, п. 9.6, табл. 9.1; ППМ 743-ПП, табл. 3.6.1"
electrical_003;запрет посадки;кустарник;;;;;;;;;полоса вокруг объекта «силовой кабель», где кустарники не ставятся;;силовой кабель;;0.7;"СП 42.13330.2016, п. 9.6, табл. 9.1; ППМ 743-ПП, табл. 3.6.1"
electrical_004;запрет посадки;дерево;;;;;;;;;полоса вокруг объекта «силовой кабель», где деревья не ставятся;;силовой кабель;;2.0;"СП 42.13330.2016, п. 9.6, табл. 9.1; ППМ 743-ПП, табл. 3.6.1"
electrical_004;запрет посадки;кустарник;;;;;;;;;полоса вокруг объекта «силовой кабель», где кустарники не ставятся;;силовой кабель;;0.7;"СП 42.13330.2016, п. 9.6, табл. 9.1; ППМ 743-ПП, табл. 3.6.1"
electrical_005;запрет посадки;дерево;;;;;;;;;полоса вокруг объекта «силовой кабель», где деревья не ставятся;;силовой кабель;;2.0;"СП 42.13330.2016, п. 9.6, табл. 9.1; ППМ 743-ПП, табл. 3.6.1"
electrical_005;запрет посадки;кустарник;;;;;;;;;полоса вокруг объекта «силовой кабель», где кустарники не ставятся;;силовой кабель;;0.7;"СП 42.13330.2016, п. 9.6, табл. 9.1; ППМ 743-ПП, табл. 3.6.1"
electrical_006;запрет посадки;дерево;;;;;;;;;полоса вокруг объекта «силовой кабель», где деревья не ставятся;;силовой кабель;;2.0;"СП 42.13330.2016, п. 9.6, табл. 9.1; ППМ 743-ПП, табл. 3.6.1"
electrical_006;запрет посадки;кустарник;;;;;;;;;полоса вокруг объекта «силовой кабель», где кустарники не ставятся;;силовой кабель;;0.7;"СП 42.13330.2016, п. 9.6, табл. 9.1; ППМ 743-ПП, табл. 3.6.1"
electrical_007;запрет посадки;дерево;;;;;;;;;полоса вокруг объекта «силовой кабель», где деревья не ставятся;;силовой кабель;;2.0;"СП 42.13330.2016, п. 9.6, табл. 9.1; ППМ 743-ПП, табл. 3.6.1"
electrical_007;запрет посадки;кустарник;;;;;;;;;полоса вокруг объекта «силовой кабель», где кустарники не ставятся;;силовой кабель;;0.7;"СП 42.13330.2016, п. 9.6, табл. 9.1; ППМ 743-ПП, табл. 3.6.1"
electrical_008;запрет посадки;дерево;;;;;;;;;полоса вокруг объекта «силовой кабель», где деревья не ставятся;;силовой кабель;;2.0;"СП 42.13330.2016, п. 9.6, табл. 9.1; ППМ 743-ПП, табл. 3.6.1"
electrical_008;запрет посадки;кустарник;;;;;;;;;полоса вокруг объекта «силовой кабель», где кустарники не ставятся;;силовой кабель;;0.7;"СП 42.13330.2016, п. 9.6, табл. 9.1; ППМ 743-ПП, табл. 3.6.1"
electrical_009;запрет посадки;дерево;;;;;;;;;полоса вокруг объекта «силовой кабель», где деревья не ставятся;;силовой кабель;;2.0;"СП 42.13330.2016, п. 9.6, табл. 9.1; ППМ 743-ПП, табл. 3.6.1"
electrical_009;запрет посадки;кустарник;;;;;;;;;полоса вокруг объекта «силовой кабель», где кустарники не ставятся;;силовой кабель;;0.7;"СП 42.13330.2016, п. 9.6, табл. 9.1; ППМ 743-ПП, табл. 3.6.1"
water_pipeline_001;запрет посадки;дерево;;;;;;;;;полоса вокруг объекта «водопровод», где деревья не ставятся;;водопровод;;2.0;"СП 42.13330.2016, п. 9.6, табл. 9.1; ППМ 743-ПП, табл. 3.6.1"
water_pipeline_001;запрет посадки;кустарник;;;;;;;;;полоса вокруг объекта «водопровод», где кустарники не ставятся;;водопровод;;0.0;"СП 42.13330.2016, п. 9.6, табл. 9.1; ППМ 743-ПП, табл. 3.6.1"
water_pipeline_002;запрет посадки;дерево;;;;;;;;;полоса вокруг объекта «водопровод», где деревья не ставятся;;водопровод;;2.0;"СП 42.13330.2016, п. 9.6, табл. 9.1; ППМ 743-ПП, табл. 3.6.1"
water_pipeline_002;запрет посадки;кустарник;;;;;;;;;полоса вокруг объекта «водопровод», где кустарники не ставятся;;водопровод;;0.0;"СП 42.13330.2016, п. 9.6, табл. 9.1; ППМ 743-ПП, табл. 3.6.1"
water_pipeline_003;запрет посадки;дерево;;;;;;;;;полоса вокруг объекта «водопровод», где деревья не ставятся;;водопровод;;2.0;"СП 42.13330.2016, п. 9.6, табл. 9.1; ППМ 743-ПП, табл. 3.6.1"
water_pipeline_003;запрет посадки;кустарник;;;;;;;;;полоса вокруг объекта «водопровод», где кустарники не ставятся;;водопровод;;0.0;"СП 42.13330.2016, п. 9.6, табл. 9.1; ППМ 743-ПП, табл. 3.6.1"
water_pipeline_004;запрет посадки;дерево;;;;;;;;;полоса вокруг объекта «водопровод», где деревья не ставятся;;водопровод;;2.0;"СП 42.13330.2016, п. 9.6, табл. 9.1; ППМ 743-ПП, табл. 3.6.1"
water_pipeline_004;запрет посадки;кустарник;;;;;;;;;полоса вокруг объекта «водопровод», где кустарники не ставятся;;водопровод;;0.0;"СП 42.13330.2016, п. 9.6, табл. 9.1; ППМ 743-ПП, табл. 3.6.1"
water_pipeline_005;запрет посадки;дерево;;;;;;;;;полоса вокруг объекта «водопровод», где деревья не ставятся;;водопровод;;2.0;"СП 42.13330.2016, п. 9.6, табл. 9.1; ППМ 743-ПП, табл. 3.6.1"
water_pipeline_005;запрет посадки;кустарник;;;;;;;;;полоса вокруг объекта «водопровод», где кустарники не ставятся;;водопровод;;0.0;"СП 42.13330.2016, п. 9.6, табл. 9.1; ППМ 743-ПП, табл. 3.6.1"
water_pipeline_006;запрет посадки;дерево;;;;;;;;;полоса вокруг объекта «водопровод», где деревья не ставятся;;водопровод;;2.0;"СП 42.13330.2016, п. 9.6, табл. 9.1; ППМ 743-ПП, табл. 3.6.1"
water_pipeline_006;запрет посадки;кустарник;;;;;;;;;полоса вокруг объекта «водопровод», где кустарники не ставятся;;водопровод;;0.0;"СП 42.13330.2016, п. 9.6, табл. 9.1; ППМ 743-ПП, табл. 3.6.1"
water_pipeline_007;запрет посадки;дерево;;;;;;;;;полоса вокруг объекта «водопровод», где деревья не ставятся;;водопровод;;2.0;"СП 42.13330.2016, п. 9.6, табл. 9.1; ППМ 743-ПП, табл. 3.6.1"
water_pipeline_007;запрет посадки;кустарник;;;;;;;;;полоса вокруг объекта «водопровод», где кустарники не ставятся;;водопровод;;0.0;"СП 42.13330.2016, п. 9.6, табл. 9.1; ППМ 743-ПП, табл. 3.6.1"
signal_cable_001;запрет посадки;дерево;;;;;;;;;полоса вокруг объекта «кабель связи», где деревья не ставятся;;кабель связи;;2.0;"СП 42.13330.2016, п. 9.6, табл. 9.1; ППМ 743-ПП, табл. 3.6.1"
signal_cable_001;запрет посадки;кустарник;;;;;;;;;полоса вокруг объекта «кабель связи», где кустарники не ставятся;;кабель связи;;0.7;"СП 42.13330.2016, п. 9.6, табл. 9.1; ППМ 743-ПП, табл. 3.6.1"
signal_cable_002;запрет посадки;дерево;;;;;;;;;полоса вокруг объекта «кабель связи», где деревья не ставятся;;кабель связи;;2.0;"СП 42.13330.2016, п. 9.6, табл. 9.1; ППМ 743-ПП, табл. 3.6.1"
signal_cable_002;запрет посадки;кустарник;;;;;;;;;полоса вокруг объекта «кабель связи», где кустарники не ставятся;;кабель связи;;0.7;"СП 42.13330.2016, п. 9.6, табл. 9.1; ППМ 743-ПП, табл. 3.6.1"
signal_cable_003;запрет посадки;дерево;;;;;;;;;полоса вокруг объекта «кабель связи», где деревья не ставятся;;кабель связи;;2.0;"СП 42.13330.2016, п. 9.6, табл. 9.1; ППМ 743-ПП, табл. 3.6.1"
signal_cable_003;запрет посадки;кустарник;;;;;;;;;полоса вокруг объекта «кабель связи», где кустарники не ставятся;;кабель связи;;0.7;"СП 42.13330.2016, п. 9.6, табл. 9.1; ППМ 743-ПП, табл. 3.6.1"
signal_cable_004;запрет посадки;дерево;;;;;;;;;полоса вокруг объекта «кабель связи», где деревья не ставятся;;кабель связи;;2.0;"СП 42.13330.2016, п. 9.6, табл. 9.1; ППМ 743-ПП, табл. 3.6.1"
signal_cable_004;запрет посадки;кустарник;;;;;;;;;полоса вокруг объекта «кабель связи», где кустарники не ставятся;;кабель связи;;0.7;"СП 42.13330.2016, п. 9.6, табл. 9.1; ППМ 743-ПП, табл. 3.6.1"
signal_cable_005;запрет посадки;дерево;;;;;;;;;полоса вокруг объекта «кабель связи», где деревья не ставятся;;кабель связи;;2.0;"СП 42.13330.2016, п. 9.6, табл. 9.1; ППМ 743-ПП, табл. 3.6.1"
signal_cable_005;запрет посадки;кустарник;;;;;;;;;полоса вокруг объекта «кабель связи», где кустарники не ставятся;;кабель связи;;0.7;"СП 42.13330.2016, п. 9.6, табл. 9.1; ППМ 743-ПП, табл. 3.6.1"
signal_cable_006;запрет посадки;дерево;;;;;;;;;полоса вокруг объекта «кабель связи», где деревья не ставятся;;кабель связи;;2.0;"СП 42.13330.2016, п. 9.6, табл. 9.1; ППМ 743-ПП, табл. 3.6.1"
signal_cable_006;запрет посадки;кустарник;;;;;;;;;полоса вокруг объекта «кабель связи», где кустарники не ставятся;;кабель связи;;0.7;"СП 42.13330.2016, п. 9.6, табл. 9.1; ППМ 743-ПП, табл. 3.6.1"
sewer_001;запрет посадки;дерево;;;;;;;;;полоса вокруг объекта «канализация», где деревья не ставятся;;канализация;;1.5;"СП 42.13330.2016, п. 9.6, табл. 9.1; ППМ 743-ПП, табл. 3.6.1"
sewer_001;запрет посадки;кустарник;;;;;;;;;полоса вокруг объекта «канализация», где кустарники не ставятся;;канализация;;0.0;"СП 42.13330.2016, п. 9.6, табл. 9.1; ППМ 743-ПП, табл. 3.6.1"
sewer_002;запрет посадки;дерево;;;;;;;;;полоса вокруг объекта «канализация», где деревья не ставятся;;канализация;;1.5;"СП 42.13330.2016, п. 9.6, табл. 9.1; ППМ 743-ПП, табл. 3.6.1"
sewer_002;запрет посадки;кустарник;;;;;;;;;полоса вокруг объекта «канализация», где кустарники не ставятся;;канализация;;0.0;"СП 42.13330.2016, п. 9.6, табл. 9.1; ППМ 743-ПП, табл. 3.6.1"
sewer_003;запрет посадки;дерево;;;;;;;;;полоса вокруг объекта «канализация», где деревья не ставятся;;канализация;;1.5;"СП 42.13330.2016, п. 9.6, табл. 9.1; ППМ 743-ПП, табл. 3.6.1"
sewer_003;запрет посадки;кустарник;;;;;;;;;полоса вокруг объекта «канализация», где кустарники не ставятся;;канализация;;0.0;"СП 42.13330.2016, п. 9.6, табл. 9.1; ППМ 743-ПП, табл. 3.6.1"
sewer_004;запрет посадки;дерево;;;;;;;;;полоса вокруг объекта «канализация», где деревья не ставятся;;канализация;;1.5;"СП 42.13330.2016, п. 9.6, табл. 9.1; ППМ 743-ПП, табл. 3.6.1"
sewer_004;запрет посадки;кустарник;;;;;;;;;полоса вокруг объекта «канализация», где кустарники не ставятся;;канализация;;0.0;"СП 42.13330.2016, п. 9.6, табл. 9.1; ППМ 743-ПП, табл. 3.6.1"
sewer_005;запрет посадки;дерево;;;;;;;;;полоса вокруг объекта «канализация», где деревья не ставятся;;канализация;;1.5;"СП 42.13330.2016, п. 9.6, табл. 9.1; ППМ 743-ПП, табл. 3.6.1"
sewer_005;запрет посадки;кустарник;;;;;;;;;полоса вокруг объекта «канализация», где кустарники не ставятся;;канализация;;0.0;"СП 42.13330.2016, п. 9.6, табл. 9.1; ППМ 743-ПП, табл. 3.6.1"
sewer_006;запрет посадки;дерево;;;;;;;;;полоса вокруг объекта «канализация», где деревья не ставятся;;канализация;;1.5;"СП 42.13330.2016, п. 9.6, табл. 9.1; ППМ 743-ПП, табл. 3.6.1"
sewer_006;запрет посадки;кустарник;;;;;;;;;полоса вокруг объекта «канализация», где кустарники не ставятся;;канализация;;0.0;"СП 42.13330.2016, п. 9.6, табл. 9.1; ППМ 743-ПП, табл. 3.6.1"
sewer_007;запрет посадки;дерево;;;;;;;;;полоса вокруг объекта «канализация», где деревья не ставятся;;канализация;;1.5;"СП 42.13330.2016, п. 9.6, табл. 9.1; ППМ 743-ПП, табл. 3.6.1"
sewer_007;запрет посадки;кустарник;;;;;;;;;полоса вокруг объекта «канализация», где кустарники не ставятся;;канализация;;0.0;"СП 42.13330.2016, п. 9.6, табл. 9.1; ППМ 743-ПП, табл. 3.6.1"
sewer_008;запрет посадки;дерево;;;;;;;;;полоса вокруг объекта «канализация», где деревья не ставятся;;канализация;;1.5;"СП 42.13330.2016, п. 9.6, табл. 9.1; ППМ 743-ПП, табл. 3.6.1"
sewer_008;запрет посадки;кустарник;;;;;;;;;полоса вокруг объекта «канализация», где кустарники не ставятся;;канализация;;0.0;"СП 42.13330.2016, п. 9.6, табл. 9.1; ППМ 743-ПП, табл. 3.6.1"
heat_network_001;запрет посадки;дерево;;;;;;;;;полоса вокруг объекта «теплосеть», где деревья не ставятся;;теплосеть;;2.0;"СП 42.13330.2016, п. 9.6, табл. 9.1; ППМ 743-ПП, табл. 3.6.1"
heat_network_001;запрет посадки;кустарник;;;;;;;;;полоса вокруг объекта «теплосеть», где кустарники не ставятся;;теплосеть;;1.0;"СП 42.13330.2016, п. 9.6, табл. 9.1; ППМ 743-ПП, табл. 3.6.1"
heat_network_002;запрет посадки;дерево;;;;;;;;;полоса вокруг объекта «теплосеть», где деревья не ставятся;;теплосеть;;2.0;"СП 42.13330.2016, п. 9.6, табл. 9.1; ППМ 743-ПП, табл. 3.6.1"
heat_network_002;запрет посадки;кустарник;;;;;;;;;полоса вокруг объекта «теплосеть», где кустарники не ставятся;;теплосеть;;1.0;"СП 42.13330.2016, п. 9.6, табл. 9.1; ППМ 743-ПП, табл. 3.6.1"
heat_network_003;запрет посадки;дерево;;;;;;;;;полоса вокруг объекта «теплосеть», где деревья не ставятся;;теплосеть;;2.0;"СП 42.13330.2016, п. 9.6, табл. 9.1; ППМ 743-ПП, табл. 3.6.1"
heat_network_003;запрет посадки;кустарник;;;;;;;;;полоса вокруг объекта «теплосеть», где кустарники не ставятся;;теплосеть;;1.0;"СП 42.13330.2016, п. 9.6, табл. 9.1; ППМ 743-ПП, табл. 3.6.1"
heat_network_004;запрет посадки;дерево;;;;;;;;;полоса вокруг объекта «теплосеть», где деревья не ставятся;;теплосеть;;2.0;"СП 42.13330.2016, п. 9.6, табл. 9.1; ППМ 743-ПП, табл. 3.6.1"
heat_network_004;запрет посадки;кустарник;;;;;;;;;полоса вокруг объекта «теплосеть», где кустарники не ставятся;;теплосеть;;1.0;"СП 42.13330.2016, п. 9.6, табл. 9.1; ППМ 743-ПП, табл. 3.6.1"
heat_network_005;запрет посадки;дерево;;;;;;;;;полоса вокруг объекта «теплосеть», где деревья не ставятся;;теплосеть;;2.0;"СП 42.13330.2016, п. 9.6, табл. 9.1; ППМ 743-ПП, табл. 3.6.1"
heat_network_005;запрет посадки;кустарник;;;;;;;;;полоса вокруг объекта «теплосеть», где кустарники не ставятся;;теплосеть;;1.0;"СП 42.13330.2016, п. 9.6, табл. 9.1; ППМ 743-ПП, табл. 3.6.1"
heat_network_006;запрет посадки;дерево;;;;;;;;;полоса вокруг объекта «теплосеть», где деревья не ставятся;;теплосеть;;2.0;"СП 42.13330.2016, п. 9.6, табл. 9.1; ППМ 743-ПП, табл. 3.6.1"
heat_network_006;запрет посадки;кустарник;;;;;;;;;полоса вокруг объекта «теплосеть», где кустарники не ставятся;;теплосеть;;1.0;"СП 42.13330.2016, п. 9.6, табл. 9.1; ППМ 743-ПП, табл. 3.6.1"
heat_network_007;запрет посадки;дерево;;;;;;;;;полоса вокруг объекта «теплосеть», где деревья не ставятся;;теплосеть;;2.0;"СП 42.13330.2016, п. 9.6, табл. 9.1; ППМ 743-ПП, табл. 3.6.1"
heat_network_007;запрет посадки;кустарник;;;;;;;;;полоса вокруг объекта «теплосеть», где кустарники не ставятся;;теплосеть;;1.0;"СП 42.13330.2016, п. 9.6, табл. 9.1; ППМ 743-ПП, табл. 3.6.1"
heat_network_008;запрет посадки;дерево;;;;;;;;;полоса вокруг объекта «теплосеть», где деревья не ставятся;;теплосеть;;2.0;"СП 42.13330.2016, п. 9.6, табл. 9.1; ППМ 743-ПП, табл. 3.6.1"
heat_network_008;запрет посадки;кустарник;;;;;;;;;полоса вокруг объекта «теплосеть», где кустарники не ставятся;;теплосеть;;1.0;"СП 42.13330.2016, п. 9.6, табл. 9.1; ППМ 743-ПП, табл. 3.6.1"
overhead_power_line_001;запрет посадки;дерево;;;;;;;;;полоса вокруг объекта «воздушная ЛЭП», где деревья не ставятся;;воздушная ЛЭП;;2.0;охранная зона по чертежу (отступ зоны)
overhead_power_line_001;запрет посадки;кустарник;;;;;;;;;полоса вокруг объекта «воздушная ЛЭП», где кустарники не ставятся;;воздушная ЛЭП;;2.0;охранная зона по чертежу (отступ зоны)
overhead_power_line_002;запрет посадки;дерево;;;;;;;;;полоса вокруг объекта «воздушная ЛЭП», где деревья не ставятся;;воздушная ЛЭП;;2.0;охранная зона по чертежу (отступ зоны)
overhead_power_line_002;запрет посадки;кустарник;;;;;;;;;полоса вокруг объекта «воздушная ЛЭП», где кустарники не ставятся;;воздушная ЛЭП;;2.0;охранная зона по чертежу (отступ зоны)
overhead_power_line_003;запрет посадки;дерево;;;;;;;;;полоса вокруг объекта «воздушная ЛЭП», где деревья не ставятся;;воздушная ЛЭП;;2.0;охранная зона по чертежу (отступ зоны)
overhead_power_line_003;запрет посадки;кустарник;;;;;;;;;полоса вокруг объекта «воздушная ЛЭП», где кустарники не ставятся;;воздушная ЛЭП;;2.0;охранная зона по чертежу (отступ зоны)
overhead_power_line_004;запрет посадки;дерево;;;;;;;;;полоса вокруг объекта «воздушная ЛЭП», где деревья не ставятся;;воздушная ЛЭП;;2.0;охранная зона по чертежу (отступ зоны)
overhead_power_line_004;запрет посадки;кустарник;;;;;;;;;полоса вокруг объекта «воздушная ЛЭП», где кустарники не ставятся;;воздушная ЛЭП;;2.0;охранная зона по чертежу (отступ зоны)
overhead_power_line_005;запрет посадки;дерево;;;;;;;;;полоса вокруг объекта «воздушная ЛЭП», где деревья не ставятся;;воздушная ЛЭП;;2.0;охранная зона по чертежу (отступ зоны)
overhead_power_line_005;запрет посадки;кустарник;;;;;;;;;полоса вокруг объекта «воздушная ЛЭП», где кустарники не ставятся;;воздушная ЛЭП;;2.0;охранная зона по чертежу (отступ зоны)
overhead_power_line_006;запрет посадки;дерево;;;;;;;;;полоса вокруг объекта «воздушная ЛЭП», где деревья не ставятся;;воздушная ЛЭП;;2.0;охранная зона по чертежу (отступ зоны)
overhead_power_line_006;запрет посадки;кустарник;;;;;;;;;полоса вокруг объекта «воздушная ЛЭП», где кустарники не ставятся;;воздушная ЛЭП;;2.0;охранная зона по чертежу (отступ зоны)
overhead_power_line_007;запрет посадки;дерево;;;;;;;;;полоса вокруг объекта «воздушная ЛЭП», где деревья не ставятся;;воздушная ЛЭП;;2.0;охранная зона по чертежу (отступ зоны)
overhead_power_line_007;запрет посадки;кустарник;;;;;;;;;полоса вокруг объекта «воздушная ЛЭП», где кустарники не ставятся;;воздушная ЛЭП;;2.0;охранная зона по чертежу (отступ зоны)
overhead_power_line_008;запрет посадки;дерево;;;;;;;;;полоса вокруг объекта «воздушная ЛЭП», где деревья не ставятся;;воздушная ЛЭП;;2.0;охранная зона по чертежу (отступ зоны)
overhead_power_line_008;запрет посадки;кустарник;;;;;;;;;полоса вокруг объекта «воздушная ЛЭП», где кустарники не ставятся;;воздушная ЛЭП;;2.0;охранная зона по чертежу (отступ зоны)
overhead_power_line_009;запрет посадки;дерево;;;;;;;;;полоса вокруг объекта «воздушная ЛЭП», где деревья не ставятся;;воздушная ЛЭП;;2.0;охранная зона по чертежу (отступ зоны)
overhead_power_line_009;запрет посадки;кустарник;;;;;;;;;полоса вокруг объекта «воздушная ЛЭП», где кустарники не ставятся;;воздушная ЛЭП;;2.0;охранная зона по чертежу (отступ зоны)
gas_pipeline_001;запрет посадки;дерево;;;;;;;;;полоса вокруг объекта «газопровод», где деревья не ставятся;;газопровод;;1.5;"СП 42.13330.2016, п. 9.6, табл. 9.1; ППМ 743-ПП, табл. 3.6.1"
gas_pipeline_001;запрет посадки;кустарник;;;;;;;;;полоса вокруг объекта «газопровод», где кустарники не ставятся;;газопровод;;0.0;"СП 42.13330.2016, п. 9.6, табл. 9.1; ППМ 743-ПП, табл. 3.6.1"
gas_pipeline_002;запрет посадки;дерево;;;;;;;;;полоса вокруг объекта «газопровод», где деревья не ставятся;;газопровод;;1.5;"СП 42.13330.2016, п. 9.6, табл. 9.1; ППМ 743-ПП, табл. 3.6.1"
gas_pipeline_002;запрет посадки;кустарник;;;;;;;;;полоса вокруг объекта «газопровод», где кустарники не ставятся;;газопровод;;0.0;"СП 42.13330.2016, п. 9.6, табл. 9.1; ППМ 743-ПП, табл. 3.6.1"
gas_pipeline_003;запрет посадки;дерево;;;;;;;;;полоса вокруг объекта «газопровод», где деревья не ставятся;;газопровод;;1.5;"СП 42.13330.2016, п. 9.6, табл. 9.1; ППМ 743-ПП, табл. 3.6.1"
gas_pipeline_003;запрет посадки;кустарник;;;;;;;;;полоса вокруг объекта «газопровод», где кустарники не ставятся;;газопровод;;0.0;"СП 42.13330.2016, п. 9.6, табл. 9.1; ППМ 743-ПП, табл. 3.6.1"
gas_pipeline_004;запрет посадки;дерево;;;;;;;;;полоса вокруг объекта «газопровод», где деревья не ставятся;;газопровод;;1.5;"СП 42.13330.2016, п. 9.6, табл. 9.1; ППМ 743-ПП, табл. 3.6.1"
gas_pipeline_004;запрет посадки;кустарник;;;;;;;;;полоса вокруг объекта «газопровод», где кустарники не ставятся;;газопровод;;0.0;"СП 42.13330.2016, п. 9.6, табл. 9.1; ППМ 743-ПП, табл. 3.6.1"
gas_pipeline_005;запрет посадки;дерево;;;;;;;;;полоса вокруг объекта «газопровод», где деревья не ставятся;;газопровод;;1.5;"СП 42.13330.2016, п. 9.6, табл. 9.1; ППМ 743-ПП, табл. 3.6.1"
gas_pipeline_005;запрет посадки;кустарник;;;;;;;;;полоса вокруг объекта «газопровод», где кустарники не ставятся;;газопровод;;0.0;"СП 42.13330.2016, п. 9.6, табл. 9.1; ППМ 743-ПП, табл. 3.6.1"
gas_pipeline_006;запрет посадки;дерево;;;;;;;;;полоса вокруг объекта «газопровод», где деревья не ставятся;;газопровод;;1.5;"СП 42.13330.2016, п. 9.6, табл. 9.1; ППМ 743-ПП, табл. 3.6.1"
gas_pipeline_006;запрет посадки;кустарник;;;;;;;;;полоса вокруг объекта «газопровод», где кустарники не ставятся;;газопровод;;0.0;"СП 42.13330.2016, п. 9.6, табл. 9.1; ППМ 743-ПП, табл. 3.6.1"
gas_pipeline_007;запрет посадки;дерево;;;;;;;;;полоса вокруг объекта «газопровод», где деревья не ставятся;;газопровод;;1.5;"СП 42.13330.2016, п. 9.6, табл. 9.1; ППМ 743-ПП, табл. 3.6.1"
gas_pipeline_007;запрет посадки;кустарник;;;;;;;;;полоса вокруг объекта «газопровод», где кустарники не ставятся;;газопровод;;0.0;"СП 42.13330.2016, п. 9.6, табл. 9.1; ППМ 743-ПП, табл. 3.6.1"
gas_pipeline_008;запрет посадки;дерево;;;;;;;;;полоса вокруг объекта «газопровод», где деревья не ставятся;;газопровод;;1.5;"СП 42.13330.2016, п. 9.6, табл. 9.1; ППМ 743-ПП, табл. 3.6.1"
gas_pipeline_008;запрет посадки;кустарник;;;;;;;;;полоса вокруг объекта «газопровод», где кустарники не ставятся;;газопровод;;0.0;"СП 42.13330.2016, п. 9.6, табл. 9.1; ППМ 743-ПП, табл. 3.6.1"
gas_pipeline_009;запрет посадки;дерево;;;;;;;;;полоса вокруг объекта «газопровод», где деревья не ставятся;;газопровод;;1.5;"СП 42.13330.2016, п. 9.6, табл. 9.1; ППМ 743-ПП, табл. 3.6.1"
gas_pipeline_009;запрет посадки;кустарник;;;;;;;;;полоса вокруг объекта «газопровод», где кустарники не ставятся;;газопровод;;0.0;"СП 42.13330.2016, п. 9.6, табл. 9.1; ППМ 743-ПП, табл. 3.6.1"
gas_pipeline_010;запрет посадки;дерево;;;;;;;;;полоса вокруг объекта «газопровод», где деревья не ставятся;;газопровод;;1.5;"СП 42.13330.2016, п. 9.6, табл. 9.1; ППМ 743-ПП, табл. 3.6.1"
gas_pipeline_010;запрет посадки;кустарник;;;;;;;;;полоса вокруг объекта «газопровод», где кустарники не ставятся;;газопровод;;0.0;"СП 42.13330.2016, п. 9.6, табл. 9.1; ППМ 743-ПП, табл. 3.6.1"
pedestrian_path_001;запрет посадки;дерево;;;;;;;;;полоса вокруг объекта «пешеходная дорожка / тротуар», где деревья не ставятся;;пешеходная дорожка / тротуар;;0.7;"СП 42.13330.2016, п. 9.6, табл. 9.1; ППМ 743-ПП, табл. 3.6.1"
pedestrian_path_001;запрет посадки;кустарник;;;;;;;;;полоса вокруг объекта «пешеходная дорожка / тротуар», где кустарники не ставятся;;пешеходная дорожка / тротуар;;0.5;"СП 42.13330.2016, п. 9.6, табл. 9.1; ППМ 743-ПП, табл. 3.6.1"
pedestrian_path_002;запрет посадки;дерево;;;;;;;;;полоса вокруг объекта «пешеходная дорожка / тротуар», где деревья не ставятся;;пешеходная дорожка / тротуар;;0.7;"СП 42.13330.2016, п. 9.6, табл. 9.1; ППМ 743-ПП, табл. 3.6.1"
pedestrian_path_002;запрет посадки;кустарник;;;;;;;;;полоса вокруг объекта «пешеходная дорожка / тротуар», где кустарники не ставятся;;пешеходная дорожка / тротуар;;0.5;"СП 42.13330.2016, п. 9.6, табл. 9.1; ППМ 743-ПП, табл. 3.6.1"
pedestrian_path_003;запрет посадки;дерево;;;;;;;;;полоса вокруг объекта «пешеходная дорожка / тротуар», где деревья не ставятся;;пешеходная дорожка / тротуар;;0.7;"СП 42.13330.2016, п. 9.6, табл. 9.1; ППМ 743-ПП, табл. 3.6.1"
pedestrian_path_003;запрет посадки;кустарник;;;;;;;;;полоса вокруг объекта «пешеходная дорожка / тротуар», где кустарники не ставятся;;пешеходная дорожка / тротуар;;0.5;"СП 42.13330.2016, п. 9.6, табл. 9.1; ППМ 743-ПП, табл. 3.6.1"
pedestrian_path_004;запрет посадки;дерево;;;;;;;;;полоса вокруг объекта «пешеходная дорожка / тротуар», где деревья не ставятся;;пешеходная дорожка / тротуар;;0.7;"СП 42.13330.2016, п. 9.6, табл. 9.1; ППМ 743-ПП, табл. 3.6.1"
pedestrian_path_004;запрет посадки;кустарник;;;;;;;;;полоса вокруг объекта «пешеходная дорожка / тротуар», где кустарники не ставятся;;пешеходная дорожка / тротуар;;0.5;"СП 42.13330.2016, п. 9.6, табл. 9.1; ППМ 743-ПП, табл. 3.6.1"
pedestrian_path_005;запрет посадки;дерево;;;;;;;;;полоса вокруг объекта «пешеходная дорожка / тротуар», где деревья не ставятся;;пешеходная дорожка / тротуар;;0.7;"СП 42.13330.2016, п. 9.6, табл. 9.1; ППМ 743-ПП, табл. 3.6.1"
pedestrian_path_005;запрет посадки;кустарник;;;;;;;;;полоса вокруг объекта «пешеходная дорожка / тротуар», где кустарники не ставятся;;пешеходная дорожка / тротуар;;0.5;"СП 42.13330.2016, п. 9.6, табл. 9.1; ППМ 743-ПП, табл. 3.6.1"
pedestrian_path_006;запрет посадки;дерево;;;;;;;;;полоса вокруг объекта «пешеходная дорожка / тротуар», где деревья не ставятся;;пешеходная дорожка / тротуар;;0.7;"СП 42.13330.2016, п. 9.6, табл. 9.1; ППМ 743-ПП, табл. 3.6.1"
pedestrian_path_006;запрет посадки;кустарник;;;;;;;;;полоса вокруг объекта «пешеходная дорожка / тротуар», где кустарники не ставятся;;пешеходная дорожка / тротуар;;0.5;"СП 42.13330.2016, п. 9.6, табл. 9.1; ППМ 743-ПП, табл. 3.6.1"
pedestrian_path_007;запрет посадки;дерево;;;;;;;;;полоса вокруг объекта «пешеходная дорожка / тротуар», где деревья не ставятся;;пешеходная дорожка / тротуар;;0.7;"СП 42.13330.2016, п. 9.6, табл. 9.1; ППМ 743-ПП, табл. 3.6.1"
pedestrian_path_007;запрет посадки;кустарник;;;;;;;;;полоса вокруг объекта «пешеходная дорожка / тротуар», где кустарники не ставятся;;пешеходная дорожка / тротуар;;0.5;"СП 42.13330.2016, п. 9.6, табл. 9.1; ППМ 743-ПП, табл. 3.6.1"
pedestrian_path_008;запрет посадки;дерево;;;;;;;;;полоса вокруг объекта «пешеходная дорожка / тротуар», где деревья не ставятся;;пешеходная дорожка / тротуар;;0.7;"СП 42.13330.2016, п. 9.6, табл. 9.1; ППМ 743-ПП, табл. 3.6.1"
pedestrian_path_008;запрет посадки;кустарник;;;;;;;;;полоса вокруг объекта «пешеходная дорожка / тротуар», где кустарники не ставятся;;пешеходная дорожка / тротуар;;0.5;"СП 42.13330.2016, п. 9.6, табл. 9.1; ППМ 743-ПП, табл. 3.6.1"
pedestrian_path_009;запрет посадки;дерево;;;;;;;;;полоса вокруг объекта «пешеходная дорожка / тротуар», где деревья не ставятся;;пешеходная дорожка / тротуар;;0.7;"СП 42.13330.2016, п. 9.6, табл. 9.1; ППМ 743-ПП, табл. 3.6.1"
pedestrian_path_009;запрет посадки;кустарник;;;;;;;;;полоса вокруг объекта «пешеходная дорожка / тротуар», где кустарники не ставятся;;пешеходная дорожка / тротуар;;0.5;"СП 42.13330.2016, п. 9.6, табл. 9.1; ППМ 743-ПП, табл. 3.6.1"
pedestrian_path_010;запрет посадки;дерево;;;;;;;;;полоса вокруг объекта «пешеходная дорожка / тротуар», где деревья не ставятся;;пешеходная дорожка / тротуар;;0.7;"СП 42.13330.2016, п. 9.6, табл. 9.1; ППМ 743-ПП, табл. 3.6.1"
pedestrian_path_010;запрет посадки;кустарник;;;;;;;;;полоса вокруг объекта «пешеходная дорожка / тротуар», где кустарники не ставятся;;пешеходная дорожка / тротуар;;0.5;"СП 42.13330.2016, п. 9.6, табл. 9.1; ППМ 743-ПП, табл. 3.6.1"
pedestrian_path_011;запрет посадки;дерево;;;;;;;;;полоса вокруг объекта «пешеходная дорожка / тротуар», где деревья не ставятся;;пешеходная дорожка / тротуар;;0.7;"СП 42.13330.2016, п. 9.6, табл. 9.1; ППМ 743-ПП, табл. 3.6.1"
pedestrian_path_011;запрет посадки;кустарник;;;;;;;;;полоса вокруг объекта «пешеходная дорожка / тротуар», где кустарники не ставятся;;пешеходная дорожка / тротуар;;0.5;"СП 42.13330.2016, п. 9.6, табл. 9.1; ППМ 743-ПП, табл. 3.6.1"
pedestrian_path_012;запрет посадки;дерево;;;;;;;;;полоса вокруг объекта «пешеходная дорожка / тротуар», где деревья не ставятся;;пешеходная дорожка / тротуар;;0.7;"СП 42.13330.2016, п. 9.6, табл. 9.1; ППМ 743-ПП, табл. 3.6.1"
pedestrian_path_012;запрет посадки;кустарник;;;;;;;;;полоса вокруг объекта «пешеходная дорожка / тротуар», где кустарники не ставятся;;пешеходная дорожка / тротуар;;0.5;"СП 42.13330.2016, п. 9.6, табл. 9.1; ППМ 743-ПП, табл. 3.6.1"
pedestrian_path_013;запрет посадки;дерево;;;;;;;;;полоса вокруг объекта «пешеходная дорожка / тротуар», где деревья не ставятся;;пешеходная дорожка / тротуар;;0.7;"СП 42.13330.2016, п. 9.6, табл. 9.1; ППМ 743-ПП, табл. 3.6.1"
pedestrian_path_013;запрет посадки;кустарник;;;;;;;;;полоса вокруг объекта «пешеходная дорожка / тротуар», где кустарники не ставятся;;пешеходная дорожка / тротуар;;0.5;"СП 42.13330.2016, п. 9.6, табл. 9.1; ППМ 743-ПП, табл. 3.6.1"
pedestrian_path_014;запрет посадки;дерево;;;;;;;;;полоса вокруг объекта «пешеходная дорожка / тротуар», где деревья не ставятся;;пешеходная дорожка / тротуар;;0.7;"СП 42.13330.2016, п. 9.6, табл. 9.1; ППМ 743-ПП, табл. 3.6.1"
pedestrian_path_014;запрет посадки;кустарник;;;;;;;;;полоса вокруг объекта «пешеходная дорожка / тротуар», где кустарники не ставятся;;пешеходная дорожка / тротуар;;0.5;"СП 42.13330.2016, п. 9.6, табл. 9.1; ППМ 743-ПП, табл. 3.6.1"
pedestrian_path_015;запрет посадки;дерево;;;;;;;;;полоса вокруг объекта «пешеходная дорожка / тротуар», где деревья не ставятся;;пешеходная дорожка / тротуар;;0.7;"СП 42.13330.2016, п. 9.6, табл. 9.1; ППМ 743-ПП, табл. 3.6.1"
pedestrian_path_015;запрет посадки;кустарник;;;;;;;;;полоса вокруг объекта «пешеходная дорожка / тротуар», где кустарники не ставятся;;пешеходная дорожка / тротуар;;0.5;"СП 42.13330.2016, п. 9.6, табл. 9.1; ППМ 743-ПП, табл. 3.6.1"
pedestrian_path_016;запрет посадки;дерево;;;;;;;;;полоса вокруг объекта «пешеходная дорожка / тротуар», где деревья не ставятся;;пешеходная дорожка / тротуар;;0.7;"СП 42.13330.2016, п. 9.6, табл. 9.1; ППМ 743-ПП, табл. 3.6.1"
pedestrian_path_016;запрет посадки;кустарник;;;;;;;;;полоса вокруг объекта «пешеходная дорожка / тротуар», где кустарники не ставятся;;пешеходная дорожка / тротуар;;0.5;"СП 42.13330.2016, п. 9.6, табл. 9.1; ППМ 743-ПП, табл. 3.6.1"
pedestrian_path_017;запрет посадки;дерево;;;;;;;;;полоса вокруг объекта «пешеходная дорожка / тротуар», где деревья не ставятся;;пешеходная дорожка / тротуар;;0.7;"СП 42.13330.2016, п. 9.6, табл. 9.1; ППМ 743-ПП, табл. 3.6.1"
pedestrian_path_017;запрет посадки;кустарник;;;;;;;;;полоса вокруг объекта «пешеходная дорожка / тротуар», где кустарники не ставятся;;пешеходная дорожка / тротуар;;0.5;"СП 42.13330.2016, п. 9.6, табл. 9.1; ППМ 743-ПП, табл. 3.6.1"
pedestrian_path_018;запрет посадки;дерево;;;;;;;;;полоса вокруг объекта «пешеходная дорожка / тротуар», где деревья не ставятся;;пешеходная дорожка / тротуар;;0.7;"СП 42.13330.2016, п. 9.6, табл. 9.1; ППМ 743-ПП, табл. 3.6.1"
pedestrian_path_018;запрет посадки;кустарник;;;;;;;;;полоса вокруг объекта «пешеходная дорожка / тротуар», где кустарники не ставятся;;пешеходная дорожка / тротуар;;0.5;"СП 42.13330.2016, п. 9.6, табл. 9.1; ППМ 743-ПП, табл. 3.6.1"
pedestrian_path_019;запрет посадки;дерево;;;;;;;;;полоса вокруг объекта «пешеходная дорожка / тротуар», где деревья не ставятся;;пешеходная дорожка / тротуар;;0.7;"СП 42.13330.2016, п. 9.6, табл. 9.1; ППМ 743-ПП, табл. 3.6.1"
pedestrian_path_019;запрет посадки;кустарник;;;;;;;;;полоса вокруг объекта «пешеходная дорожка / тротуар», где кустарники не ставятся;;пешеходная дорожка / тротуар;;0.5;"СП 42.13330.2016, п. 9.6, табл. 9.1; ППМ 743-ПП, табл. 3.6.1"
pedestrian_path_020;запрет посадки;дерево;;;;;;;;;полоса вокруг объекта «пешеходная дорожка / тротуар», где деревья не ставятся;;пешеходная дорожка / тротуар;;0.7;"СП 42.13330.2016, п. 9.6, табл. 9.1; ППМ 743-ПП, табл. 3.6.1"
pedestrian_path_020;запрет посадки;кустарник;;;;;;;;;полоса вокруг объекта «пешеходная дорожка / тротуар», где кустарники не ставятся;;пешеходная дорожка / тротуар;;0.5;"СП 42.13330.2016, п. 9.6, табл. 9.1; ППМ 743-ПП, табл. 3.6.1"
pedestrian_path_021;запрет посадки;дерево;;;;;;;;;полоса вокруг объекта «пешеходная дорожка / тротуар», где деревья не ставятся;;пешеходная дорожка / тротуар;;0.7;"СП 42.13330.2016, п. 9.6, табл. 9.1; ППМ 743-ПП, табл. 3.6.1"
pedestrian_path_021;запрет посадки;кустарник;;;;;;;;;полоса вокруг объекта «пешеходная дорожка / тротуар», где кустарники не ставятся;;пешеходная дорожка / тротуар;;0.5;"СП 42.13330.2016, п. 9.6, табл. 9.1; ППМ 743-ПП, табл. 3.6.1"
pedestrian_path_022;запрет посадки;дерево;;;;;;;;;полоса вокруг объекта «пешеходная дорожка / тротуар», где деревья не ставятся;;пешеходная дорожка / тротуар;;0.7;"СП 42.13330.2016, п. 9.6, табл. 9.1; ППМ 743-ПП, табл. 3.6.1"
pedestrian_path_022;запрет посадки;кустарник;;;;;;;;;полоса вокруг объекта «пешеходная дорожка / тротуар», где кустарники не ставятся;;пешеходная дорожка / тротуар;;0.5;"СП 42.13330.2016, п. 9.6, табл. 9.1; ППМ 743-ПП, табл. 3.6.1"
pedestrian_path_023;запрет посадки;дерево;;;;;;;;;полоса вокруг объекта «пешеходная дорожка / тротуар», где деревья не ставятся;;пешеходная дорожка / тротуар;;0.7;"СП 42.13330.2016, п. 9.6, табл. 9.1; ППМ 743-ПП, табл. 3.6.1"
pedestrian_path_023;запрет посадки;кустарник;;;;;;;;;полоса вокруг объекта «пешеходная дорожка / тротуар», где кустарники не ставятся;;пешеходная дорожка / тротуар;;0.5;"СП 42.13330.2016, п. 9.6, табл. 9.1; ППМ 743-ПП, табл. 3.6.1"
pedestrian_path_024;запрет посадки;дерево;;;;;;;;;полоса вокруг объекта «пешеходная дорожка / тротуар», где деревья не ставятся;;пешеходная дорожка / тротуар;;0.7;"СП 42.13330.2016, п. 9.6, табл. 9.1; ППМ 743-ПП, табл. 3.6.1"
pedestrian_path_024;запрет посадки;кустарник;;;;;;;;;полоса вокруг объекта «пешеходная дорожка / тротуар», где кустарники не ставятся;;пешеходная дорожка / тротуар;;0.5;"СП 42.13330.2016, п. 9.6, табл. 9.1; ППМ 743-ПП, табл. 3.6.1"
pedestrian_path_025;запрет посадки;дерево;;;;;;;;;полоса вокруг объекта «пешеходная дорожка / тротуар», где деревья не ставятся;;пешеходная дорожка / тротуар;;0.7;"СП 42.13330.2016, п. 9.6, табл. 9.1; ППМ 743-ПП, табл. 3.6.1"
pedestrian_path_025;запрет посадки;кустарник;;;;;;;;;полоса вокруг объекта «пешеходная дорожка / тротуар», где кустарники не ставятся;;пешеходная дорожка / тротуар;;0.5;"СП 42.13330.2016, п. 9.6, табл. 9.1; ППМ 743-ПП, табл. 3.6.1"
pedestrian_path_026;запрет посадки;дерево;;;;;;;;;полоса вокруг объекта «пешеходная дорожка / тротуар», где деревья не ставятся;;пешеходная дорожка / тротуар;;0.7;"СП 42.13330.2016, п. 9.6, табл. 9.1; ППМ 743-ПП, табл. 3.6.1"
pedestrian_path_026;запрет посадки;кустарник;;;;;;;;;полоса вокруг объекта «пешеходная дорожка / тротуар», где кустарники не ставятся;;пешеходная дорожка / тротуар;;0.5;"СП 42.13330.2016, п. 9.6, табл. 9.1; ППМ 743-ПП, табл. 3.6.1"
pedestrian_path_027;запрет посадки;дерево;;;;;;;;;полоса вокруг объекта «пешеходная дорожка / тротуар», где деревья не ставятся;;пешеходная дорожка / тротуар;;0.7;"СП 42.13330.2016, п. 9.6, табл. 9.1; ППМ 743-ПП, табл. 3.6.1"
pedestrian_path_027;запрет посадки;кустарник;;;;;;;;;полоса вокруг объекта «пешеходная дорожка / тротуар», где кустарники не ставятся;;пешеходная дорожка / тротуар;;0.5;"СП 42.13330.2016, п. 9.6, табл. 9.1; ППМ 743-ПП, табл. 3.6.1"
pedestrian_path_028;запрет посадки;дерево;;;;;;;;;полоса вокруг объекта «пешеходная дорожка / тротуар», где деревья не ставятся;;пешеходная дорожка / тротуар;;0.7;"СП 42.13330.2016, п. 9.6, табл. 9.1; ППМ 743-ПП, табл. 3.6.1"
pedestrian_path_028;запрет посадки;кустарник;;;;;;;;;полоса вокруг объекта «пешеходная дорожка / тротуар», где кустарники не ставятся;;пешеходная дорожка / тротуар;;0.5;"СП 42.13330.2016, п. 9.6, табл. 9.1; ППМ 743-ПП, табл. 3.6.1"
pedestrian_path_029;запрет посадки;дерево;;;;;;;;;полоса вокруг объекта «пешеходная дорожка / тротуар», где деревья не ставятся;;пешеходная дорожка / тротуар;;0.7;"СП 42.13330.2016, п. 9.6, табл. 9.1; ППМ 743-ПП, табл. 3.6.1"
pedestrian_path_029;запрет посадки;кустарник;;;;;;;;;полоса вокруг объекта «пешеходная дорожка / тротуар», где кустарники не ставятся;;пешеходная дорожка / тротуар;;0.5;"СП 42.13330.2016, п. 9.6, табл. 9.1; ППМ 743-ПП, табл. 3.6.1"
pedestrian_path_030;запрет посадки;дерево;;;;;;;;;полоса вокруг объекта «пешеходная дорожка / тротуар», где деревья не ставятся;;пешеходная дорожка / тротуар;;0.7;"СП 42.13330.2016, п. 9.6, табл. 9.1; ППМ 743-ПП, табл. 3.6.1"
pedestrian_path_030;запрет посадки;кустарник;;;;;;;;;полоса вокруг объекта «пешеходная дорожка / тротуар», где кустарники не ставятся;;пешеходная дорожка / тротуар;;0.5;"СП 42.13330.2016, п. 9.6, табл. 9.1; ППМ 743-ПП, табл. 3.6.1"
pedestrian_path_031;запрет посадки;дерево;;;;;;;;;полоса вокруг объекта «пешеходная дорожка / тротуар», где деревья не ставятся;;пешеходная дорожка / тротуар;;0.7;"СП 42.13330.2016, п. 9.6, табл. 9.1; ППМ 743-ПП, табл. 3.6.1"
pedestrian_path_031;запрет посадки;кустарник;;;;;;;;;полоса вокруг объекта «пешеходная дорожка / тротуар», где кустарники не ставятся;;пешеходная дорожка / тротуар;;0.5;"СП 42.13330.2016, п. 9.6, табл. 9.1; ППМ 743-ПП, табл. 3.6.1"
pedestrian_path_032;запрет посадки;дерево;;;;;;;;;полоса вокруг объекта «пешеходная дорожка / тротуар», где деревья не ставятся;;пешеходная дорожка / тротуар;;0.7;"СП 42.13330.2016, п. 9.6, табл. 9.1; ППМ 743-ПП, табл. 3.6.1"
pedestrian_path_032;запрет посадки;кустарник;;;;;;;;;полоса вокруг объекта «пешеходная дорожка / тротуар», где кустарники не ставятся;;пешеходная дорожка / тротуар;;0.5;"СП 42.13330.2016, п. 9.6, табл. 9.1; ППМ 743-ПП, табл. 3.6.1"
pedestrian_path_033;запрет посадки;дерево;;;;;;;;;полоса вокруг объекта «пешеходная дорожка / тротуар», где деревья не ставятся;;пешеходная дорожка / тротуар;;0.7;"СП 42.13330.2016, п. 9.6, табл. 9.1; ППМ 743-ПП, табл. 3.6.1"
pedestrian_path_033;запрет посадки;кустарник;;;;;;;;;полоса вокруг объекта «пешеходная дорожка / тротуар», где кустарники не ставятся;;пешеходная дорожка / тротуар;;0.5;"СП 42.13330.2016, п. 9.6, табл. 9.1; ППМ 743-ПП, табл. 3.6.1"
pedestrian_path_034;запрет посадки;дерево;;;;;;;;;полоса вокруг объекта «пешеходная дорожка / тротуар», где деревья не ставятся;;пешеходная дорожка / тротуар;;0.7;"СП 42.13330.2016, п. 9.6, табл. 9.1; ППМ 743-ПП, табл. 3.6.1"
pedestrian_path_034;запрет посадки;кустарник;;;;;;;;;полоса вокруг объекта «пешеходная дорожка / тротуар», где кустарники не ставятся;;пешеходная дорожка / тротуар;;0.5;"СП 42.13330.2016, п. 9.6, табл. 9.1; ППМ 743-ПП, табл. 3.6.1"
pedestrian_path_035;запрет посадки;дерево;;;;;;;;;полоса вокруг объекта «пешеходная дорожка / тротуар», где деревья не ставятся;;пешеходная дорожка / тротуар;;0.7;"СП 42.13330.2016, п. 9.6, табл. 9.1; ППМ 743-ПП, табл. 3.6.1"
pedestrian_path_035;запрет посадки;кустарник;;;;;;;;;полоса вокруг объекта «пешеходная дорожка / тротуар», где кустарники не ставятся;;пешеходная дорожка / тротуар;;0.5;"СП 42.13330.2016, п. 9.6, табл. 9.1; ППМ 743-ПП, табл. 3.6.1"
pedestrian_path_036;запрет посадки;дерево;;;;;;;;;полоса вокруг объекта «пешеходная дорожка / тротуар», где деревья не ставятся;;пешеходная дорожка / тротуар;;0.7;"СП 42.13330.2016, п. 9.6, табл. 9.1; ППМ 743-ПП, табл. 3.6.1"
pedestrian_path_036;запрет посадки;кустарник;;;;;;;;;полоса вокруг объекта «пешеходная дорожка / тротуар», где кустарники не ставятся;;пешеходная дорожка / тротуар;;0.5;"СП 42.13330.2016, п. 9.6, табл. 9.1; ППМ 743-ПП, табл. 3.6.1"
pedestrian_path_037;запрет посадки;дерево;;;;;;;;;полоса вокруг объекта «пешеходная дорожка / тротуар», где деревья не ставятся;;пешеходная дорожка / тротуар;;0.7;"СП 42.13330.2016, п. 9.6, табл. 9.1; ППМ 743-ПП, табл. 3.6.1"
pedestrian_path_037;запрет посадки;кустарник;;;;;;;;;полоса вокруг объекта «пешеходная дорожка / тротуар», где кустарники не ставятся;;пешеходная дорожка / тротуар;;0.5;"СП 42.13330.2016, п. 9.6, табл. 9.1; ППМ 743-ПП, табл. 3.6.1"
pedestrian_path_038;запрет посадки;дерево;;;;;;;;;полоса вокруг объекта «пешеходная дорожка / тротуар», где деревья не ставятся;;пешеходная дорожка / тротуар;;0.7;"СП 42.13330.2016, п. 9.6, табл. 9.1; ППМ 743-ПП, табл. 3.6.1"
pedestrian_path_038;запрет посадки;кустарник;;;;;;;;;полоса вокруг объекта «пешеходная дорожка / тротуар», где кустарники не ставятся;;пешеходная дорожка / тротуар;;0.5;"СП 42.13330.2016, п. 9.6, табл. 9.1; ППМ 743-ПП, табл. 3.6.1"
pedestrian_path_039;запрет посадки;дерево;;;;;;;;;полоса вокруг объекта «пешеходная дорожка / тротуар», где деревья не ставятся;;пешеходная дорожка / тротуар;;0.7;"СП 42.13330.2016, п. 9.6, табл. 9.1; ППМ 743-ПП, табл. 3.6.1"
pedestrian_path_039;запрет посадки;кустарник;;;;;;;;;полоса вокруг объекта «пешеходная дорожка / тротуар», где кустарники не ставятся;;пешеходная дорожка / тротуар;;0.5;"СП 42.13330.2016, п. 9.6, табл. 9.1; ППМ 743-ПП, табл. 3.6.1"
pedestrian_path_040;запрет посадки;дерево;;;;;;;;;полоса вокруг объекта «пешеходная дорожка / тротуар», где деревья не ставятся;;пешеходная дорожка / тротуар;;0.7;"СП 42.13330.2016, п. 9.6, табл. 9.1; ППМ 743-ПП, табл. 3.6.1"
pedestrian_path_040;запрет посадки;кустарник;;;;;;;;;полоса вокруг объекта «пешеходная дорожка / тротуар», где кустарники не ставятся;;пешеходная дорожка / тротуар;;0.5;"СП 42.13330.2016, п. 9.6, табл. 9.1; ППМ 743-ПП, табл. 3.6.1"
pedestrian_path_041;запрет посадки;дерево;;;;;;;;;полоса вокруг объекта «пешеходная дорожка / тротуар», где деревья не ставятся;;пешеходная дорожка / тротуар;;0.7;"СП 42.13330.2016, п. 9.6, табл. 9.1; ППМ 743-ПП, табл. 3.6.1"
pedestrian_path_041;запрет посадки;кустарник;;;;;;;;;полоса вокруг объекта «пешеходная дорожка / тротуар», где кустарники не ставятся;;пешеходная дорожка / тротуар;;0.5;"СП 42.13330.2016, п. 9.6, табл. 9.1; ППМ 743-ПП, табл. 3.6.1"
pedestrian_path_042;запрет посадки;дерево;;;;;;;;;полоса вокруг объекта «пешеходная дорожка / тротуар», где деревья не ставятся;;пешеходная дорожка / тротуар;;0.7;"СП 42.13330.2016, п. 9.6, табл. 9.1; ППМ 743-ПП, табл. 3.6.1"
pedestrian_path_042;запрет посадки;кустарник;;;;;;;;;полоса вокруг объекта «пешеходная дорожка / тротуар», где кустарники не ставятся;;пешеходная дорожка / тротуар;;0.5;"СП 42.13330.2016, п. 9.6, табл. 9.1; ППМ 743-ПП, табл. 3.6.1"
pedestrian_path_043;запрет посадки;дерево;;;;;;;;;полоса вокруг объекта «пешеходная дорожка / тротуар», где деревья не ставятся;;пешеходная дорожка / тротуар;;0.7;"СП 42.13330.2016, п. 9.6, табл. 9.1; ППМ 743-ПП, табл. 3.6.1"
pedestrian_path_043;запрет посадки;кустарник;;;;;;;;;полоса вокруг объекта «пешеходная дорожка / тротуар», где кустарники не ставятся;;пешеходная дорожка / тротуар;;0.5;"СП 42.13330.2016, п. 9.6, табл. 9.1; ППМ 743-ПП, табл. 3.6.1"
pedestrian_path_044;запрет посадки;дерево;;;;;;;;;полоса вокруг объекта «пешеходная дорожка / тротуар», где деревья не ставятся;;пешеходная дорожка / тротуар;;0.7;"СП 42.13330.2016, п. 9.6, табл. 9.1; ППМ 743-ПП, табл. 3.6.1"
pedestrian_path_044;запрет посадки;кустарник;;;;;;;;;полоса вокруг объекта «пешеходная дорожка / тротуар», где кустарники не ставятся;;пешеходная дорожка / тротуар;;0.5;"СП 42.13330.2016, п. 9.6, табл. 9.1; ППМ 743-ПП, табл. 3.6.1"
pedestrian_path_045;запрет посадки;дерево;;;;;;;;;полоса вокруг объекта «пешеходная дорожка / тротуар», где деревья не ставятся;;пешеходная дорожка / тротуар;;0.7;"СП 42.13330.2016, п. 9.6, табл. 9.1; ППМ 743-ПП, табл. 3.6.1"
pedestrian_path_045;запрет посадки;кустарник;;;;;;;;;полоса вокруг объекта «пешеходная дорожка / тротуар», где кустарники не ставятся;;пешеходная дорожка / тротуар;;0.5;"СП 42.13330.2016, п. 9.6, табл. 9.1; ППМ 743-ПП, табл. 3.6.1"
pedestrian_path_046;запрет посадки;дерево;;;;;;;;;полоса вокруг объекта «пешеходная дорожка / тротуар», где деревья не ставятся;;пешеходная дорожка / тротуар;;0.7;"СП 42.13330.2016, п. 9.6, табл. 9.1; ППМ 743-ПП, табл. 3.6.1"
pedestrian_path_046;запрет посадки;кустарник;;;;;;;;;полоса вокруг объекта «пешеходная дорожка / тротуар», где кустарники не ставятся;;пешеходная дорожка / тротуар;;0.5;"СП 42.13330.2016, п. 9.6, табл. 9.1; ППМ 743-ПП, табл. 3.6.1"
pedestrian_path_047;запрет посадки;дерево;;;;;;;;;полоса вокруг объекта «пешеходная дорожка / тротуар», где деревья не ставятся;;пешеходная дорожка / тротуар;;0.7;"СП 42.13330.2016, п. 9.6, табл. 9.1; ППМ 743-ПП, табл. 3.6.1"
pedestrian_path_047;запрет посадки;кустарник;;;;;;;;;полоса вокруг объекта «пешеходная дорожка / тротуар», где кустарники не ставятся;;пешеходная дорожка / тротуар;;0.5;"СП 42.13330.2016, п. 9.6, табл. 9.1; ППМ 743-ПП, табл. 3.6.1"
pedestrian_path_048;запрет посадки;дерево;;;;;;;;;полоса вокруг объекта «пешеходная дорожка / тротуар», где деревья не ставятся;;пешеходная дорожка / тротуар;;0.7;"СП 42.13330.2016, п. 9.6, табл. 9.1; ППМ 743-ПП, табл. 3.6.1"
pedestrian_path_048;запрет посадки;кустарник;;;;;;;;;полоса вокруг объекта «пешеходная дорожка / тротуар», где кустарники не ставятся;;пешеходная дорожка / тротуар;;0.5;"СП 42.13330.2016, п. 9.6, табл. 9.1; ППМ 743-ПП, табл. 3.6.1"
road_001;запрет посадки;дерево;;;;;;;;;полоса вокруг объекта «проезжая часть», где деревья не ставятся;;проезжая часть;;2.0;"СП 42.13330.2016, п. 9.6, табл. 9.1; ППМ 743-ПП, табл. 3.6.1"
road_001;запрет посадки;кустарник;;;;;;;;;полоса вокруг объекта «проезжая часть», где кустарники не ставятся;;проезжая часть;;1.0;"СП 42.13330.2016, п. 9.6, табл. 9.1; ППМ 743-ПП, табл. 3.6.1"
road_002;запрет посадки;дерево;;;;;;;;;полоса вокруг объекта «проезжая часть», где деревья не ставятся;;проезжая часть;;2.0;"СП 42.13330.2016, п. 9.6, табл. 9.1; ППМ 743-ПП, табл. 3.6.1"
road_002;запрет посадки;кустарник;;;;;;;;;полоса вокруг объекта «проезжая часть», где кустарники не ставятся;;проезжая часть;;1.0;"СП 42.13330.2016, п. 9.6, табл. 9.1; ППМ 743-ПП, табл. 3.6.1"
road_003;запрет посадки;дерево;;;;;;;;;полоса вокруг объекта «проезжая часть», где деревья не ставятся;;проезжая часть;;2.0;"СП 42.13330.2016, п. 9.6, табл. 9.1; ППМ 743-ПП, табл. 3.6.1"
road_003;запрет посадки;кустарник;;;;;;;;;полоса вокруг объекта «проезжая часть», где кустарники не ставятся;;проезжая часть;;1.0;"СП 42.13330.2016, п. 9.6, табл. 9.1; ППМ 743-ПП, табл. 3.6.1"
road_004;запрет посадки;дерево;;;;;;;;;полоса вокруг объекта «проезжая часть», где деревья не ставятся;;проезжая часть;;2.0;"СП 42.13330.2016, п. 9.6, табл. 9.1; ППМ 743-ПП, табл. 3.6.1"
road_004;запрет посадки;кустарник;;;;;;;;;полоса вокруг объекта «проезжая часть», где кустарники не ставятся;;проезжая часть;;1.0;"СП 42.13330.2016, п. 9.6, табл. 9.1; ППМ 743-ПП, табл. 3.6.1"
road_005;запрет посадки;дерево;;;;;;;;;полоса вокруг объекта «проезжая часть», где деревья не ставятся;;проезжая часть;;2.0;"СП 42.13330.2016, п. 9.6, табл. 9.1; ППМ 743-ПП, табл. 3.6.1"
road_005;запрет посадки;кустарник;;;;;;;;;полоса вокруг объекта «проезжая часть», где кустарники не ставятся;;проезжая часть;;1.0;"СП 42.13330.2016, п. 9.6, табл. 9.1; ППМ 743-ПП, табл. 3.6.1"
road_006;запрет посадки;дерево;;;;;;;;;полоса вокруг объекта «проезжая часть», где деревья не ставятся;;проезжая часть;;2.0;"СП 42.13330.2016, п. 9.6, табл. 9.1; ППМ 743-ПП, табл. 3.6.1"
road_006;запрет посадки;кустарник;;;;;;;;;полоса вокруг объекта «проезжая часть», где кустарники не ставятся;;проезжая часть;;1.0;"СП 42.13330.2016, п. 9.6, табл. 9.1; ППМ 743-ПП, табл. 3.6.1"
road_007;запрет посадки;дерево;;;;;;;;;полоса вокруг объекта «проезжая часть», где деревья не ставятся;;проезжая часть;;2.0;"СП 42.13330.2016, п. 9.6, табл. 9.1; ППМ 743-ПП, табл. 3.6.1"
road_007;запрет посадки;кустарник;;;;;;;;;полоса вокруг объекта «проезжая часть», где кустарники не ставятся;;проезжая часть;;1.0;"СП 42.13330.2016, п. 9.6, табл. 9.1; ППМ 743-ПП, табл. 3.6.1"
