id;статус;тип;вид;слой DXF;x;z;dxf_x;dxf_y;приём;проект-аналог;обоснование;основание вида;ограничение;расстояние, м;норма, м;НПА и пункт
bush_building_border_001_001;посажено;bush;Смородина золотистая;NEW_BUSH;-24.678;-261.559;113.427;57.059;Кольцо кустарника вокруг здания;20_makeeva_s;"Кольцо кустарника вокруг здания — по аналогии с проектом «20_makeeva_s»; ближайшее ограничение — кабель связи: 2.0 м при норме 0.7 м (СП 42.13330.2016, п. 9.6, табл. 9.1; ППМ 743-ПП, табл. 3.6.1)";"ассортимент для озеленения Москвы, категория «магистрали и улицы»; без инвазивных видов ППМ 369-ПП";кабель связи;2.0;0.7;"СП 42.13330.2016, п. 9.6, табл. 9.1; ППМ 743-ПП, табл. 3.6.1"
bush_building_border_001_002;посажено;bush;Спирея трехлопастная;NEW_BUSH;-26.052;-261.545;112.053;57.073;Кольцо кустарника вокруг здания;20_makeeva_s;"Кольцо кустарника вокруг здания — по аналогии с проектом «20_makeeva_s»; ближайшее ограничение — кабель связи: 2.0 м при норме 0.7 м (СП 42.13330.2016, п. 9.6, табл. 9.1; ППМ 743-ПП, табл. 3.6.1)";"ассортимент для озеленения Москвы, категория «магистрали и улицы»; без инвазивных видов ППМ 369-ПП";кабель связи;2.0;0.7;"СП 42.13330.2016, п. 9.6, табл. 9.1; ППМ 743-ПП, табл. 3.6.1"
bush_building_border_001_003;посажено;bush;Смородина золотистая;NEW_BUSH;-26.71;-259.859;111.395;58.759;Кольцо кустарника вокруг здания;20_makeeva_s;"Кольцо кустарника вокруг здания — по аналогии с проектом «20_makeeva_s»; ближайшее ограничение — кабель связи: 3.8 м при норме 0.7 м (СП 42.13330.2016, п. 9.6, табл. 9.1; ППМ 743-ПП, табл. 3.6.1)";"ассортимент для озеленения Москвы, категория «магистрали и улицы»; без инвазивных видов ППМ 369-ПП";кабель связи;3.81;0.7;"СП 42.13330.2016, п. 9.6, табл. 9.1; ППМ 743-ПП, табл. 3.6.1"
bush_building_border_001_004;посажено;bush;Спирея трехлопастная;NEW_BUSH;-26.719;-258.459;111.386;60.159;Кольцо кустарника вокруг здания;20_makeeva_s;"Кольцо кустарника вокруг здания — по аналогии с проектом «20_makeeva_s»; ближайшее ограничение — здание: 5.0 м при норме 1.5 м (СП 42.13330.2016, п. 9.6, табл. 9.1; ППМ 743-ПП, табл. 3.6.1)";"ассортимент для озеленения Москвы, категория «магистрали и улицы»; без инвазивных видов ППМ 369-ПП";здание;5.0;1.5;"СП 42.13330.2016, п. 9.6, табл. 9.1; ППМ 743-ПП, табл. 3.6.1"
bush_building_border_001_005;посажено;bush;Смородина золотистая;NEW_BUSH;-23.722;-258.008;114.383;60.609;Кольцо кустарника вокруг здания;20_makeeva_s;"Кольцо кустарника вокруг здания — по аналогии с проектом «20_makeeva_s»; ближайшее ограничение — кабель связи: 5.7 м при норме 0.7 м (СП 42.13330.2016, п. 9.6, табл. 9.1; ППМ 743-ПП, табл. 3.6.1)";"ассортимент для озеленения Москвы, категория «магистрали и улицы»; без инвазивных видов ППМ 369-ПП";кабель связи;5.68;0.7;"СП 42.13330.2016, п. 9.6, табл. 9.1; ППМ 743-ПП, табл. 3.6.1"
bush_building_border_001_006;посажено;bush;Спирея трехлопастная;NEW_BUSH;-23.713;-259.408;114.392;59.209;Кольцо кустарника вокруг здания;20_makeeva_s;"Кольцо кустарника вокруг здания — по аналогии с проектом «20_makeeva_s»; ближайшее ограничение — кабель связи: 4.3 м при норме 0.7 м (СП 42.13330.2016, п. 9.6, табл. 9.1; ППМ 743-ПП, табл. 3.6.1)";"ассортимент для озеленения Москвы, категория «магистрали и улицы»; без инвазивных видов ППМ 369-ПП";кабель связи;4.33;0.7;"СП 42.13330.2016, п. 9.6, табл. 9.1; ППМ 743-ПП, табл. 3.6.1"
bush_building_border_001_007;посажено;bush;Смородина золотистая;NEW_BUSH;-23.704;-260.808;114.401;57.809;Кольцо кустарника вокруг здания;20_makeeva_s;"Кольцо кустарника вокруг здания — по аналогии с проектом «20_makeeva_s»; ближайшее ограничение — кабель связи: 3.0 м при норме 0.7 м (СП 42.13330.2016, п. 9.6, табл. 9.1; ППМ 743-ПП, табл. 3.6.1)";"ассортимент для озеленения Москвы, категория «магистрали и улицы»; без инвазивных видов ППМ 369-ПП";кабель связи;2.98;0.7;"СП 42.13330.2016, п. 9.6, табл. 9.1; ППМ 743-ПП, табл. 3.6.1"
bush_building_border_002_001;посажено;bush;Смородина золотистая;NEW_BUSH;-23.728;-271.016;114.377;47.601;Кольцо кустарника вокруг здания;20_makeeva_s;"Кольцо кустарника вокруг здания — по аналогии с проектом «20_makeeva_s»; ближайшее ограничение — проезжая часть: 4.9 м при норме 1.0 м (СП 42.13330.2016, п. 9.6, табл. 9.1; ППМ 743-ПП, табл. 3.6.1)";"ассортимент для озеленения Москвы, категория «магистрали и улицы»; без инвазивных видов ППМ 369-ПП";проезжая часть;4.94;1.0;"СП 42.13330.2016, п. 9.6, табл. 9.1; ППМ 743-ПП, табл. 3.6.1"
bush_building_border_002_002;посажено;bush;Спирея трехлопастная;NEW_BUSH;-24.036;-272.379;114.069;46.238;Кольцо кустарника вокруг здания;20_makeeva_s;"Кольцо кустарника вокруг здания — по аналогии с проектом «20_makeeva_s»; ближайшее ограничение — проезжая часть: 3.6 м при норме 1.0 м (СП 42.13330.2016, п. 9.6, табл. 9.1; ППМ 743-ПП, табл. 3.6.1)";"ассортимент для озеленения Москвы, категория «магистрали и улицы»; без инвазивных видов ППМ 369-ПП";проезжая часть;3.63;1.0;"СП 42.13330.2016, п. 9.6, табл. 9.1; ППМ 743-ПП, табл. 3.6.1"
bush_building_border_002_003;посажено;bush;Смородина золотистая;NEW_BUSH;-24.574;-273.669;113.531;44.948;Кольцо кустарника вокруг здания;20_makeeva_s;"Кольцо кустарника вокруг здания — по аналогии с проектом «20_makeeva_s»; ближайшее ограничение — проезжая часть: 2.4 м при норме 1.0 м (СП 42.13330.2016, п. 9.6, табл. 9.1; ППМ 743-ПП, табл. 3.6.1)";"ассортимент для озеленения Москвы, категория «магистрали и улицы»; без инвазивных видов ППМ 369-ПП";проезжая часть;2.42;1.0;"СП 42.13330.2016, п. 9.6, табл. 9.1; ППМ 743-ПП, табл. 3.6.1"
bush_building_border_002_004;посажено;bush;Спирея трехлопастная;NEW_BUSH;-25.7;-274.254;112.405;44.364;Кольцо кустарника вокруг здания;20_makeeva_s;"Кольцо кустарника вокруг здания — по аналогии с проектом «20_makeeva_s»; ближайшее ограничение — проезжая часть: 2.0 м при норме 1.0 м (СП 42.13330.2016, п. 9.6, табл. 9.1; ППМ 743-ПП, табл. 3.6.1)";"ассортимент для озеленения Москвы, категория «магистрали и улицы»; без инвазивных видов ППМ 369-ПП";проезжая часть;2.0;1.0;"СП 42.13330.2016, п. 9.6, табл. 9.1; ППМ 743-ПП, табл. 3.6.1"
bush_building_border_002_005;посажено;bush;Смородина золотистая;NEW_BUSH;-27.087;-274.446;111.018;44.171;Кольцо кустарника вокруг здания;20_makeeva_s;"Кольцо кустарника вокруг здания — по аналогии с проектом «20_makeeva_s»; ближайшее ограничение — проезжая часть: 2.0 м при норме 1.0 м (СП 42.13330.2016, п. 9.6, табл. 9.1; ППМ 743-ПП, табл. 3.6.1)";"ассортимент для озеленения Москвы, категория «магистрали и улицы»; без инвазивных видов ППМ 369-ПП";проезжая часть;2.0;1.0;"СП 42.13330.2016, п. 9.6, табл. 9.1; ППМ 743-ПП, табл. 3.6.1"
bush_building_border_002_006;посажено;bush;Спирея трехлопастная;NEW_BUSH;-28.474;-274.638;109.631;43.979;Кольцо кустарника вокруг здания;20_makeeva_s;"Кольцо кустарника вокруг здания — по аналогии с проектом «20_makeeva_s»; ближайшее ограничение — проезжая часть: 2.0 м при норме 1.0 м (СП 42.13330.2016, п. 9.6, табл. 9.1; ППМ 743-ПП, табл. 3.6.1)";"ассортимент для озеленения Москвы, категория «магистрали и улицы»; без инвазивных видов ППМ 369-ПП";проезжая часть;2.0;1.0;"СП 42.13330.2016, п. 9.6, табл. 9.1; ППМ 743-ПП, табл. 3.6.1"
bush_building_border_002_007;посажено;bush;Смородина золотистая;NEW_BUSH;-26.646;-269.672;111.459;48.946;Кольцо кустарника вокруг здания;20_makeeva_s;"Кольцо кустарника вокруг здания — по аналогии с проектом «20_makeeva_s»; ближайшее ограничение — здание: 5.0 м при норме 1.5 м (СП 42.13330.2016, п. 9.6, табл. 9.1; ППМ 743-ПП, табл. 3.6.1)";"ассортимент для озеленения Москвы, категория «магистрали и улицы»; без инвазивных видов ППМ 369-ПП";здание;5.0;1.5;"СП 42.13330.2016, п. 9.6, табл. 9.1; ППМ 743-ПП, табл. 3.6.1"
bush_building_border_002_008;посажено;bush;Спирея трехлопастная;NEW_BUSH;-26.655;-268.272;111.45;50.346;Кольцо кустарника вокруг здания;20_makeeva_s;"Кольцо кустарника вокруг здания — по аналогии с проектом «20_makeeva_s»; ближайшее ограничение — кабель связи: 4.0 м при норме 0.7 м (СП 42.13330.2016, п. 9.6, табл. 9.1; ППМ 743-ПП, табл. 3.6.1)";"ассортимент для озеленения Москвы, категория «магистрали и улицы»; без инвазивных видов ППМ 369-ПП";кабель связи;4.0;0.7;"СП 42.13330.2016, п. 9.6, табл. 9.1; ППМ 743-ПП, табл. 3.6.1"
bush_building_border_002_009;посажено;bush;Смородина золотистая;NEW_BUSH;-26.664;-266.872;111.441;51.746;Кольцо кустарника вокруг здания;20_makeeva_s;"Кольцо кустарника вокруг здания — по аналогии с проектом «20_makeeva_s»; ближайшее ограничение — кабель связи: 2.7 м при норме 0.7 м (СП 42.13330.2016, п. 9.6, табл. 9.1; ППМ 743-ПП, табл. 3.6.1)";"ассортимент для озеленения Москвы, категория «магистрали и улицы»; без инвазивных видов ППМ 369-ПП";кабель связи;2.67;0.7;"СП 42.13330.2016, п. 9.6, табл. 9.1; ППМ 743-ПП, табл. 3.6.1"
bush_building_border_002_010;посажено;bush;Спирея трехлопастная;NEW_BUSH;-24.71;-266.73;113.395;51.887;Кольцо кустарника вокруг здания;20_makeeva_s;"Кольцо кустарника вокруг здания — по аналогии с проектом «20_makeeva_s»; ближайшее ограничение — кабель связи: 2.0 м при норме 0.7 м (СП 42.13330.2016, п. 9.6, табл. 9.1; ППМ 743-ПП, табл. 3.6.1)";"ассортимент для озеленения Москвы, категория «магистрали и улицы»; без инвазивных видов ППМ 369-ПП";кабель связи;2.0;0.7;"СП 42.13330.2016, п. 9.6, табл. 9.1; ППМ 743-ПП, табл. 3.6.1"
bush_building_border_004_001;посажено;bush;Смородина золотистая;NEW_BUSH;8.676;-168.612;146.781;150.006;Кольцо кустарника вокруг здания;20_makeeva_s;"Кольцо кустарника вокруг здания — по аналогии с проектом «20_makeeva_s»; ближайшее ограничение — пешеходная дорожка / тротуар: 0.7 м при норме 0.5 м (СП 42.13330.2016, п. 9.6, табл. 9.1; ППМ 743-ПП, табл. 3.6.1)";"ассортимент для озеленения Москвы, категория «магистрали и улицы»; без инвазивных видов ППМ 369-ПП";пешеходная дорожка / тротуар;0.7;0.5;"СП 42.13330.2016, п. 9.6, табл. 9.1; ППМ 743-ПП, табл. 3.6.1"
bush_building_border_004_002;посажено;bush;Спирея трехлопастная;NEW_BUSH;8.667;-170.012;146.772;148.606;Кольцо кустарника вокруг здания;20_makeeva_s;"Кольцо кустарника вокруг здания — по аналогии с проектом «20_makeeva_s»; ближайшее ограничение — пешеходная дорожка / тротуар: 0.7 м при норме 0.5 м (СП 42.13330.2016, п. 9.6, табл. 9.1; ППМ 743-ПП, табл. 3.6.1)";"ассортимент для озеленения Москвы, категория «магистрали и улицы»; без инвазивных видов ППМ 369-ПП";пешеходная дорожка / тротуар;0.7;0.5;"СП 42.13330.2016, п. 9.6, табл. 9.1; ППМ 743-ПП, табл. 3.6.1"
bush_building_border_004_003;посажено;bush;Смородина золотистая;NEW_BUSH;8.659;-171.412;146.764;147.206;Кольцо кустарника вокруг здания;20_makeeva_s;"Кольцо кустарника вокруг здания — по аналогии с проектом «20_makeeva_s»; ближайшее ограничение — пешеходная дорожка / тротуар: 0.7 м при норме 0.5 м (СП 42.13330.2016, п. 9.6, табл. 9.1; ППМ 743-ПП, табл. 3.6.1)";"ассортимент для озеленения Москвы, категория «магистрали и улицы»; без инвазивных видов ППМ 369-ПП";пешеходная дорожка / тротуар;0.7;0.5;"СП 42.13330.2016, п. 9.6, табл. 9.1; ППМ 743-ПП, табл. 3.6.1"
bush_building_border_004_004;посажено;bush;Спирея трехлопастная;NEW_BUSH;8.65;-172.812;146.755;145.806;Кольцо кустарника вокруг здания;20_makeeva_s;"Кольцо кустарника вокруг здания — по аналогии с проектом «20_makeeva_s»; ближайшее ограничение — пешеходная дорожка / тротуар: 0.7 м при норме 0.5 м (СП 42.13330.2016, п. 9.6, табл. 9.1; ППМ 743-ПП, табл. 3.6.1)";"ассортимент для озеленения Москвы, категория «магистрали и улицы»; без инвазивных видов ППМ 369-ПП";пешеходная дорожка / тротуар;0.7;0.5;"СП 42.13330.2016, п. 9.6, табл. 9.1; ППМ 743-ПП, табл. 3.6.1"
bush_building_border_004_005;посажено;bush;Смородина золотистая;NEW_BUSH;8.641;-174.212;146.746;144.406;Кольцо кустарника вокруг здания;20_makeeva_s;"Кольцо кустарника вокруг здания — по аналогии с проектом «20_makeeva_s»; ближайшее ограничение — пешеходная дорожка / тротуар: 0.7 м при норме 0.5 м (СП 42.13330.2016, п. 9.6, табл. 9.1; ППМ 743-ПП, табл. 3.6.1)";"ассортимент для озеленения Москвы, категория «магистрали и улицы»; без инвазивных видов ППМ 369-ПП";пешеходная дорожка / тротуар;0.7;0.5;"СП 42.13330.2016, п. 9.6, табл. 9.1; ППМ 743-ПП, табл. 3.6.1"
bush_building_border_004_006;посажено;bush;Спирея трехлопастная;NEW_BUSH;8.633;-175.612;146.738;143.006;Кольцо кустарника вокруг здания;20_makeeva_s;"Кольцо кустарника вокруг здания — по аналогии с проектом «20_makeeva_s»; ближайшее ограничение — пешеходная дорожка / тротуар: 0.7 м при норме 0.5 м (СП 42.13330.2016, п. 9.6, табл. 9.1; ППМ 743-ПП, табл. 3.6.1)";"ассортимент для озеленения Москвы, категория «магистрали и улицы»; без инвазивных видов ППМ 369-ПП";пешеходная дорожка / тротуар;0.7;0.5;"СП 42.13330.2016, п. 9.6, табл. 9.1; ППМ 743-ПП, табл. 3.6.1"
bush_building_border_004_007;посажено;bush;Смородина золотистая;NEW_BUSH;7.229;-175.371;145.334;143.247;Кольцо кустарника вокруг здания;20_makeeva_s;"Кольцо кустарника вокруг здания — по аналогии с проектом «20_makeeva_s»; ближайшее ограничение — пешеходная дорожка / тротуар: 0.7 м при норме 0.5 м (СП 42.13330.2016, п. 9.6, табл. 9.1; ППМ 743-ПП, табл. 3.6.1)";"ассортимент для озеленения Москвы, категория «магистрали и улицы»; без инвазивных видов ППМ 369-ПП";пешеходная дорожка / тротуар;0.7;0.5;"СП 42.13330.2016, п. 9.6, табл. 9.1; ППМ 743-ПП, табл. 3.6.1"
bush_building_border_004_008;посажено;bush;Спирея трехлопастная;NEW_BUSH;7.23;-173.971;145.335;144.647;Кольцо кустарника вокруг здания;20_makeeva_s;"Кольцо кустарника вокруг здания — по аналогии с проектом «20_makeeva_s»; ближайшее ограничение — пешеходная дорожка / тротуар: 0.7 м при норме 0.5 м (СП 42.13330.2016, п. 9.6, табл. 9.1; ППМ 743-ПП, табл. 3.6.1)";"ассортимент для озеленения Москвы, категория «магистрали и улицы»; без инвазивных видов ППМ 369-ПП";пешеходная дорожка / тротуар;0.7;0.5;"СП 42.13330.2016, п. 9.6, табл. 9.1; ППМ 743-ПП, табл. 3.6.1"
bush_building_border_004_009;посажено;bush;Смородина золотистая;NEW_BUSH;7.23;-172.571;145.335;146.047;Кольцо кустарника вокруг здания;20_makeeva_s;"Кольцо кустарника вокруг здания — по аналогии с проектом «20_makeeva_s»; ближайшее ограничение — пешеходная дорожка / тротуар: 0.7 м при норме 0.5 м (СП 42.13330.2016, п. 9.6, табл. 9.1; ППМ 743-ПП, табл. 3.6.1)";"ассортимент для озеленения Москвы, категория «магистрали и улицы»; без инвазивных видов ППМ 369-ПП";пешеходная дорожка / тротуар;0.7;0.5;"СП 42.13330.2016, п. 9.6, табл. 9.1; ППМ 743-ПП, табл. 3.6.1"
bush_building_border_004_010;посажено;bush;Спирея трехлопастная;NEW_BUSH;7.539;-171.222;145.644;147.395;Кольцо кустарника вокруг здания;20_makeeva_s;"Кольцо кустарника вокруг здания — по аналогии с проектом «20_makeeva_s»; ближайшее ограничение — пешеходная дорожка / тротуар: 1.0 м при норме 0.5 м (СП 42.13330.2016, п. 9.6, табл. 9.1; ППМ 743-ПП, табл. 3.6.1)";"ассортимент для озеленения Москвы, категория «магистрали и улицы»; без инвазивных видов ППМ 369-ПП";пешеходная дорожка / тротуар;1.01;0.5;"СП 42.13330.2016, п. 9.6, табл. 9.1; ППМ 743-ПП, табл. 3.6.1"
bush_building_border_005_001;посажено;bush;Смородина золотистая;NEW_BUSH;11.316;-160.308;149.421;158.309;Кольцо кустарника вокруг здания;20_makeeva_s;"Кольцо кустарника вокруг здания — по аналогии с проектом «20_makeeva_s»; ближайшее ограничение — пешеходная дорожка / тротуар: 1.7 м при норме 0.5 м (СП 42.13330.2016, п. 9.6, табл. 9.1; ППМ 743-ПП, табл. 3.6.1)";"ассортимент для озеленения Москвы, категория «магистрали и улицы»; без инвазивных видов ППМ 369-ПП";пешеходная дорожка / тротуар;1.69;0.5;"СП 42.13330.2016, п. 9.6, табл. 9.1; ППМ 743-ПП, табл. 3.6.1"
bush_building_border_005_002;посажено;bush;Спирея трехлопастная;NEW_BUSH;12.064;-159.195;150.169;159.422;Кольцо кустарника вокруг здания;20_makeeva_s;"Кольцо кустарника вокруг здания — по аналогии с проектом «20_makeeva_s»; ближайшее ограничение — пешеходная дорожка / тротуар: 0.7 м при норме 0.5 м (СП 42.13330.2016, п. 9.6, табл. 9.1; ППМ 743-ПП, табл. 3.6.1)";"ассортимент для озеленения Москвы, категория «магистрали и улицы»; без инвазивных видов ППМ 369-ПП";пешеходная дорожка / тротуар;0.7;0.5;"СП 42.13330.2016, п. 9.6, табл. 9.1; ППМ 743-ПП, табл. 3.6.1"
bush_building_border_005_003;посажено;bush;Смородина золотистая;NEW_BUSH;16.264;-159.195;154.369;159.422;Кольцо кустарника вокруг здания;20_makeeva_s;"Кольцо кустарника вокруг здания — по аналогии с проектом «20_makeeva_s»; ближайшее ограничение — пешеходная дорожка / тротуар: 0.7 м при норме 0.5 м (СП 42.13330.2016, п. 9.6, табл. 9.1; ППМ 743-ПП, табл. 3.6.1)";"ассортимент для озеленения Москвы, категория «магистрали и улицы»; без инвазивных видов ППМ 369-ПП";пешеходная дорожка / тротуар;0.7;0.5;"СП 42.13330.2016, п. 9.6, табл. 9.1; ППМ 743-ПП, табл. 3.6.1"
bush_building_border_005_004;посажено;bush;Спирея трехлопастная;NEW_BUSH;15.164;-159.99;153.269;158.628;Кольцо кустарника вокруг здания;20_makeeva_s;"Кольцо кустарника вокруг здания — по аналогии с проектом «20_makeeva_s»; ближайшее ограничение — пешеходная дорожка / тротуар: 1.5 м при норме 0.5 м (СП 42.13330.2016, п. 9.6, табл. 9.1; ППМ 743-ПП, табл. 3.6.1)";"ассортимент для озеленения Москвы, категория «магистрали и улицы»; без инвазивных видов ППМ 369-ПП";пешеходная дорожка / тротуар;1.49;0.5;"СП 42.13330.2016, п. 9.6, табл. 9.1; ППМ 743-ПП, табл. 3.6.1"
bush_building_border_005_005;посажено;bush;Смородина золотистая;NEW_BUSH;14.294;-161.08;152.398;157.537;Кольцо кустарника вокруг здания;20_makeeva_s;"Кольцо кустарника вокруг здания — по аналогии с проектом «20_makeeva_s»; ближайшее ограничение — пешеходная дорожка / тротуар: 2.6 м при норме 0.5 м (СП 42.13330.2016, п. 9.6, табл. 9.1; ППМ 743-ПП, табл. 3.6.1)";"ассортимент для озеленения Москвы, категория «магистрали и улицы»; без инвазивных видов ППМ 369-ПП";пешеходная дорожка / тротуар;2.59;0.5;"СП 42.13330.2016, п. 9.6, табл. 9.1; ППМ 743-ПП, табл. 3.6.1"
bush_building_border_005_006;посажено;bush;Спирея трехлопастная;NEW_BUSH;13.743;-162.364;151.847;156.254;Кольцо кустарника вокруг здания;20_makeeva_s;"Кольцо кустарника вокруг здания — по аналогии с проектом «20_makeeva_s»; ближайшее ограничение — пешеходная дорожка / тротуар: 3.9 м при норме 0.5 м (СП 42.13330.2016, п. 9.6, табл. 9.1; ППМ 743-ПП, табл. 3.6.1)";"ассортимент для озеленения Москвы, категория «магистрали и улицы»; без инвазивных видов ППМ 369-ПП";пешеходная дорожка / тротуар;3.87;0.5;"СП 42.13330.2016, п. 9.6, табл. 9.1; ППМ 743-ПП, табл. 3.6.1"
bush_building_border_005_007;посажено;bush;Смородина золотистая;NEW_BUSH;13.289;-163.688;151.394;154.929;Кольцо кустарника вокруг здания;20_makeeva_s;"Кольцо кустарника вокруг здания — по аналогии с проектом «20_makeeva_s»; ближайшее ограничение — пешеходная дорожка / тротуар: 3.8 м при норме 0.5 м (СП 42.13330.2016, п. 9.6, табл. 9.1; ППМ 743-ПП, табл. 3.6.1)";"ассортимент для озеленения Москвы, категория «магистрали и улицы»; без инвазивных видов ППМ 369-ПП";пешеходная дорожка / тротуар;3.82;0.5;"СП 42.13330.2016, п. 9.6, табл. 9.1; ППМ 743-ПП, табл. 3.6.1"
bush_building_border_005_008;посажено;bush;Спирея трехлопастная;NEW_BUSH;12.836;-165.013;150.941;153.604;Кольцо кустарника вокруг здания;20_makeeva_s;"Кольцо кустарника вокруг здания — по аналогии с проектом «20_makeeva_s»; ближайшее ограничение — пешеходная дорожка / тротуар: 3.4 м при норме 0.5 м (СП 42.13330.2016, п. 9.6, табл. 9.1; ППМ 743-ПП, табл. 3.6.1)";"ассортимент для озеленения Москвы, категория «магистрали и улицы»; без инвазивных видов ППМ 369-ПП";пешеходная дорожка / тротуар;3.38;0.5;"СП 42.13330.2016, п. 9.6, табл. 9.1; ППМ 743-ПП, табл. 3.6.1"
bush_building_border_005_009;посажено;bush;Смородина золотистая;NEW_BUSH;12.382;-166.337;150.487;152.28;Кольцо кустарника вокруг здания;20_makeeva_s;"Кольцо кустарника вокруг здания — по аналогии с проектом «20_makeeva_s»; ближайшее ограничение — пешеходная дорожка / тротуар: 2.9 м при норме 0.5 м (СП 42.13330.2016, п. 9.6, табл. 9.1; ППМ 743-ПП, табл. 3.6.1)";"ассортимент для озеленения Москвы, категория «магистрали и улицы»; без инвазивных видов ППМ 369-ПП";пешеходная дорожка / тротуар;2.93;0.5;"СП 42.13330.2016, п. 9.6, табл. 9.1; ППМ 743-ПП, табл. 3.6.1"
bush_building_border_005_010;посажено;bush;Спирея трехлопастная;NEW_BUSH;11.929;-167.662;150.034;150.955;Кольцо кустарника вокруг здания;20_makeeva_s;"Кольцо кустарника вокруг здания — по аналогии с проектом «20_makeeva_s»; ближайшее ограничение — пешеходная дорожка / тротуар: 2.5 м при норме 0.5 м (СП 42.13330.2016, п. 9.6, табл. 9.1; ППМ 743-ПП, табл. 3.6.1)";"ассортимент для озеленения Москвы, категория «магистрали и улицы»; без инвазивных видов ППМ 369-ПП";пешеходная дорожка / тротуар;2.48;0.5;"СП 42.13330.2016, п. 9.6, табл. 9.1; ППМ 743-ПП, табл. 3.6.1"
bush_building_border_005_011;посажено;bush;Смородина золотистая;NEW_BUSH;11.475;-168.987;149.58;149.631;Кольцо кустарника вокруг здания;20_makeeva_s;"Кольцо кустарника вокруг здания — по аналогии с проектом «20_makeeva_s»; ближайшее ограничение — пешеходная дорожка / тротуар: 2.0 м при норме 0.5 м (СП 42.13330.2016, п. 9.6, табл. 9.1; ППМ 743-ПП, табл. 3.6.1)";"ассортимент для озеленения Москвы, категория «магистрали и улицы»; без инвазивных видов ППМ 369-ПП";пешеходная дорожка / тротуар;2.03;0.5;"СП 42.13330.2016, п. 9.6, табл. 9.1; ППМ 743-ПП, табл. 3.6.1"
bush_building_border_005_012;посажено;bush;Спирея трехлопастная;NEW_BUSH;11.022;-170.311;149.127;148.306;Кольцо кустарника вокруг здания;20_makeeva_s;"Кольцо кустарника вокруг здания — по аналогии с проектом «20_makeeva_s»; ближайшее ограничение — пешеходная дорожка / тротуар: 1.6 м при норме 0.5 м (СП 42.13330.2016, п. 9.6, табл. 9.1; ППМ 743-ПП, табл. 3.6.1)";"ассортимент для озеленения Москвы, категория «магистрали и улицы»; без инвазивных видов ППМ 369-ПП";пешеходная дорожка / тротуар;1.58;0.5;"СП 42.13330.2016, п. 9.6, табл. 9.1; ППМ 743-ПП, табл. 3.6.1"
bush_building_border_005_013;посажено;bush;Смородина золотистая;NEW_BUSH;10.569;-171.636;148.674;146.982;Кольцо кустарника вокруг здания;20_makeeva_s;"Кольцо кустарника вокруг здания — по аналогии с проектом «20_makeeva_s»; ближайшее ограничение — пешеходная дорожка / тротуар: 1.1 м при норме 0.5 м (СП 42.13330.2016, п. 9.6, табл. 9.1; ППМ 743-ПП, табл. 3.6.1)";"ассортимент для озеленения Москвы, категория «магистрали и улицы»; без инвазивных видов ППМ 369-ПП";пешеходная дорожка / тротуар;1.13;0.5;"СП 42.13330.2016, п. 9.6, табл. 9.1; ППМ 743-ПП, табл. 3.6.1"
bush_building_border_005_014;посажено;bush;Спирея трехлопастная;NEW_BUSH;10.13;-172.869;148.235;145.748;Кольцо кустарника вокруг здания;20_makeeva_s;"Кольцо кустарника вокруг здания — по аналогии с проектом «20_makeeva_s»; ближайшее ограничение — пешеходная дорожка / тротуар: 0.7 м при норме 0.5 м (СП 42.13330.2016, п. 9.6, табл. 9.1; ППМ 743-ПП, табл. 3.6.1)";"ассортимент для озеленения Москвы, категория «магистрали и улицы»; без инвазивных видов ППМ 369-ПП";пешеходная дорожка / тротуар;0.7;0.5;"СП 42.13330.2016, п. 9.6, табл. 9.1; ППМ 743-ПП, табл. 3.6.1"
bush_building_border_005_015;посажено;bush;Смородина золотистая;NEW_BUSH;10.146;-168.669;148.251;149.948;Кольцо кустарника вокруг здания;20_makeeva_s;"Кольцо кустарника вокруг здания — по аналогии с проектом «20_makeeva_s»; ближайшее ограничение — пешеходная дорожка / тротуар: 0.7 м при норме 0.5 м (СП 42.13330.2016, п. 9.6, табл. 9.1; ППМ 743-ПП, табл. 3.6.1)";"ассортимент для озеленения Москвы, категория «магистрали и улицы»; без инвазивных видов ППМ 369-ПП";пешеходная дорожка / тротуар;0.7;0.5;"СП 42.13330.2016, п. 9.6, табл. 9.1; ППМ 743-ПП, табл. 3.6.1"
bush_building_border_005_016;посажено;bush;Спирея трехлопастная;NEW_BUSH;10.151;-167.269;148.256;151.348;Кольцо кустарника вокруг здания;20_makeeva_s;"Кольцо кустарника вокруг здания — по аналогии с проектом «20_makeeva_s»; ближайшее ограничение — пешеходная дорожка / тротуар: 0.7 м при норме 0.5 м (СП 42.13330.2016, п. 9.6, табл. 9.1; ППМ 743-ПП, табл. 3.6.1)";"ассортимент для озеленения Москвы, категория «магистрали и улицы»; без инвазивных видов ППМ 369-ПП";пешеходная дорожка / тротуар;0.7;0.5;"СП 42.13330.2016, п. 9.6, табл. 9.1; ППМ 743-ПП, табл. 3.6.1"
bush_building_border_005_017;посажено;bush;Смородина золотистая;NEW_BUSH;10.157;-165.869;148.262;152.748;Кольцо кустарника вокруг здания;20_makeeva_s;"Кольцо кустарника вокруг здания — по аналогии с проектом «20_makeeva_s»; ближайшее ограничение — пешеходная дорожка / тротуар: 0.7 м при норме 0.5 м (СП 42.13330.2016, п. 9.6, табл. 9.1; ППМ 743-ПП, табл. 3.6.1)";"ассортимент для озеленения Москвы, категория «магистрали и улицы»; без инвазивных видов ППМ 369-ПП";пешеходная дорожка / тротуар;0.7;0.5;"СП 42.13330.2016, п. 9.6, табл. 9.1; ППМ 743-ПП, табл. 3.6.1"
bush_building_border_005_018;посажено;bush;Спирея трехлопастная;NEW_BUSH;10.162;-164.469;148.267;154.148;Кольцо кустарника вокруг здания;20_makeeva_s;"Кольцо кустарника вокруг здания — по аналогии с проектом «20_makeeva_s»; ближайшее ограничение — пешеходная дорожка / тротуар: 0.7 м при норме 0.5 м (СП 42.13330.2016, п. 9.6, табл. 9.1; ППМ 743-ПП, табл. 3.6.1)";"ассортимент для озеленения Москвы, категория «магистрали и улицы»; без инвазивных видов ППМ 369-ПП";пешеходная дорожка / тротуар;0.7;0.5;"СП 42.13330.2016, п. 9.6, табл. 9.1; ППМ 743-ПП, табл. 3.6.1"
bush_building_border_005_019;посажено;bush;Смородина золотистая;NEW_BUSH;10.775;-161.771;148.88;156.847;Кольцо кустарника вокруг здания;20_makeeva_s;"Кольцо кустарника вокруг здания — по аналогии с проектом «20_makeeva_s»; ближайшее ограничение — пешеходная дорожка / тротуар: 1.3 м при норме 0.5 м (СП 42.13330.2016, п. 9.6, табл. 9.1; ППМ 743-ПП, табл. 3.6.1)";"ассортимент для озеленения Москвы, категория «магистрали и улицы»; без инвазивных видов ППМ 369-ПП";пешеходная дорожка / тротуар;1.3;0.5;"СП 42.13330.2016, п. 9.6, табл. 9.1; ППМ 743-ПП, табл. 3.6.1"
bush_building_border_006_001;посажено;bush;Смородина золотистая;NEW_BUSH;-27.965;-119.947;110.14;198.671;Кольцо кустарника вокруг здания;20_makeeva_s;"Кольцо кустарника вокруг здания — по аналогии с проектом «20_makeeva_s»; ближайшее ограничение — силовой кабель: 2.9 м при норме 0.7 м (СП 42.13330.2016, п. 9.6, табл. 9.1; ППМ 743-ПП, табл. 3.6.1)";"ассортимент для озеленения Москвы, категория «магистрали и улицы»; без инвазивных видов ППМ 369-ПП";силовой кабель;2.92;0.7;"СП 42.13330.2016, п. 9.6, табл. 9.1; ППМ 743-ПП, табл. 3.6.1"
bush_building_border_006_002;посажено;bush;Спирея трехлопастная;NEW_BUSH;-27.193;-120.674;110.912;197.943;Кольцо кустарника вокруг здания;20_makeeva_s;"Кольцо кустарника вокруг здания — по аналогии с проектом «20_makeeva_s»; ближайшее ограничение — силовой кабель: 2.0 м при норме 0.7 м (СП 42.13330.2016, п. 9.6, табл. 9.1; ППМ 743-ПП, табл. 3.6.1)";"ассортимент для озеленения Москвы, категория «магистрали и улицы»; без инвазивных видов ППМ 369-ПП";силовой кабель;2.0;0.7;"СП 42.13330.2016, п. 9.6, табл. 9.1; ППМ 743-ПП, табл. 3.6.1"
bush_building_border_006_003;посажено;bush;Смородина золотистая;NEW_BUSH;-28.535;-121.072;109.57;197.546;Кольцо кустарника вокруг здания;20_makeeva_s;"Кольцо кустарника вокруг здания — по аналогии с проектом «20_makeeva_s»; ближайшее ограничение — силовой кабель: 2.0 м при норме 0.7 м (СП 42.13330.2016, п. 9.6, табл. 9.1; ППМ 743-ПП, табл. 3.6.1)";"ассортимент для озеленения Москвы, категория «магистрали и улицы»; без инвазивных видов ППМ 369-ПП";силовой кабель;2.0;0.7;"СП 42.13330.2016, п. 9.6, табл. 9.1; ППМ 743-ПП, табл. 3.6.1"
bush_building_border_006_004;посажено;bush;Спирея трехлопастная;NEW_BUSH;-29.878;-121.469;108.227;197.148;Кольцо кустарника вокруг здания;20_makeeva_s;"Кольцо кустарника вокруг здания — по аналогии с проектом «20_makeeva_s»; ближайшее ограничение — силовой кабель: 2.0 м при норме 0.7 м (СП 42.13330.2016, п. 9.6, табл. 9.1; ППМ 743-ПП, табл. 3.6.1)";"ассортимент для озеленения Москвы, категория «магистрали и улицы»; без инвазивных видов ППМ 369-ПП";силовой кабель;2.0;0.7;"СП 42.13330.2016, п. 9.6, табл. 9.1; ППМ 743-ПП, табл. 3.6.1"
bush_building_border_006_005;посажено;bush;Смородина золотистая;NEW_BUSH;-31.219;-121.694;106.886;196.923;Кольцо кустарника вокруг здания;20_makeeva_s;"Кольцо кустарника вокруг здания — по аналогии с проектом «20_makeeva_s»; ближайшее ограничение — силовой кабель: 2.2 м при норме 0.7 м (СП 42.13330.2016, п. 9.6, табл. 9.1; ППМ 743-ПП, табл. 3.6.1)";"ассортимент для озеленения Москвы, категория «магистрали и улицы»; без инвазивных видов ППМ 369-ПП";силовой кабель;2.17;0.7;"СП 42.13330.2016, п. 9.6, табл. 9.1; ППМ 743-ПП, табл. 3.6.1"
bush_building_border_007_001;посажено;bush;Смородина золотистая;NEW_BUSH;-21.246;-129.222;116.859;189.395;Кольцо кустарника вокруг здания;20_makeeva_s;"Кольцо кустарника вокруг здания — по аналогии с проектом «20_makeeva_s»; ближайшее ограничение — пешеходная дорожка / тротуар: 1.3 м при норме 0.5 м (СП 42.13330.2016, п. 9.6, табл. 9.1; ППМ 743-ПП, табл. 3.6.1)";"ассортимент для озеленения Москвы, категория «магистрали и улицы»; без инвазивных видов ППМ 369-ПП";пешеходная дорожка / тротуар;1.27;0.5;"СП 42.13330.2016, п. 9.6, табл. 9.1; ППМ 743-ПП, табл. 3.6.1"
bush_building_border_007_002;посажено;bush;Спирея трехлопастная;NEW_BUSH;-21.445;-130.605;116.66;188.012;Кольцо кустарника вокруг здания;20_makeeva_s;"Кольцо кустарника вокруг здания — по аналогии с проектом «20_makeeva_s»; ближайшее ограничение — воздушная ЛЭП: 2.4 м при норме 2.0 м (охранная зона по чертежу (отступ зоны))";"ассортимент для озеленения Москвы, категория «магистрали и улицы»; без инвазивных видов ППМ 369-ПП";воздушная ЛЭП;2.39;2.0;охранная зона по чертежу (отступ зоны)
bush_building_border_007_003;посажено;bush;Смородина золотистая;NEW_BUSH;-21.752;-127.407;116.353;191.21;Кольцо кустарника вокруг здания;20_makeeva_s;"Кольцо кустарника вокруг здания — по аналогии с проектом «20_makeeva_s»; ближайшее ограничение — пешеходная дорожка / тротуар: 0.8 м при норме 0.5 м (СП 42.13330.2016, п. 9.6, табл. 9.1; ППМ 743-ПП, табл. 3.6.1)";"ассортимент для озеленения Москвы, категория «магистрали и улицы»; без инвазивных видов ППМ 369-ПП";пешеходная дорожка / тротуар;0.77;0.5;"СП 42.13330.2016, п. 9.6, табл. 9.1; ППМ 743-ПП, табл. 3.6.1"
bush_building_border_008_001;посажено;bush;Смородина золотистая;NEW_BUSH;-28.36;-141.516;109.745;177.102;Кольцо кустарника вокруг здания;20_makeeva_s;"Кольцо кустарника вокруг здания — по аналогии с проектом «20_makeeva_s»; ближайшее ограничение — кабель связи: 3.4 м при норме 0.7 м (СП 42.13330.2016, п. 9.6, табл. 9.1; ППМ 743-ПП, табл. 3.6.1)";"ассортимент для озеленения Москвы, категория «магистрали и улицы»; без инвазивных видов ППМ 369-ПП";кабель связи;3.4;0.7;"СП 42.13330.2016, п. 9.6, табл. 9.1; ППМ 743-ПП, табл. 3.6.1"
bush_building_border_008_002;посажено;bush;Спирея трехлопастная;NEW_BUSH;-29.408;-142.44;108.697;176.178;Кольцо кустарника вокруг здания;20_makeeva_s;"Кольцо кустарника вокруг здания — по аналогии с проектом «20_makeeva_s»; ближайшее ограничение — кабель связи: 2.6 м при норме 0.7 м (СП 42.13330.2016, п. 9.6, табл. 9.1; ППМ 743-ПП, табл. 3.6.1)";"ассортимент для озеленения Москвы, категория «магистрали и улицы»; без инвазивных видов ППМ 369-ПП";кабель связи;2.63;0.7;"СП 42.13330.2016, п. 9.6, табл. 9.1; ППМ 743-ПП, табл. 3.6.1"
bush_building_border_008_003;посажено;bush;Смородина золотистая;NEW_BUSH;-30.599;-143.17;107.506;175.448;Кольцо кустарника вокруг здания;20_makeeva_s;"Кольцо кустарника вокруг здания — по аналогии с проектом «20_makeeva_s»; ближайшее ограничение — кабель связи: 2.1 м при норме 0.7 м (СП 42.13330.2016, п. 9.6, табл. 9.1; ППМ 743-ПП, табл. 3.6.1)";"ассортимент для озеленения Москвы, категория «магистрали и улицы»; без инвазивных видов ППМ 369-ПП";кабель связи;2.06;0.7;"СП 42.13330.2016, п. 9.6, табл. 9.1; ППМ 743-ПП, табл. 3.6.1"
bush_building_border_008_004;посажено;bush;Спирея трехлопастная;NEW_BUSH;-30.901;-139.802;107.204;178.816;Кольцо кустарника вокруг здания;20_makeeva_s;"Кольцо кустарника вокруг здания — по аналогии с проектом «20_makeeva_s»; ближайшее ограничение — воздушная ЛЭП: 5.3 м при норме 2.0 м (охранная зона по чертежу (отступ зоны))";"ассортимент для озеленения Москвы, категория «магистрали и улицы»; без инвазивных видов ППМ 369-ПП";воздушная ЛЭП;5.33;2.0;охранная зона по чертежу (отступ зоны)
bush_building_border_008_005;посажено;bush;Смородина золотистая;NEW_BUSH;-29.974;-138.758;108.131;179.859;Кольцо кустарника вокруг здания;20_makeeva_s;"Кольцо кустарника вокруг здания — по аналогии с проектом «20_makeeva_s»; ближайшее ограничение — воздушная ЛЭП: 4.0 м при норме 2.0 м (охранная зона по чертежу (отступ зоны))";"ассортимент для озеленения Москвы, категория «магистрали и улицы»; без инвазивных видов ППМ 369-ПП";воздушная ЛЭП;4.05;2.0;охранная зона по чертежу (отступ зоны)
bush_building_border_008_006;посажено;bush;Спирея трехлопастная;NEW_BUSH;-29.186;-137.601;108.919;181.017;Кольцо кустарника вокруг здания;20_makeeva_s;"Кольцо кустарника вокруг здания — по аналогии с проектом «20_makeeva_s»; ближайшее ограничение — воздушная ЛЭП: 2.7 м при норме 2.0 м (охранная зона по чертежу (отступ зоны))";"ассортимент для озеленения Москвы, категория «магистрали и улицы»; без инвазивных видов ППМ 369-ПП";воздушная ЛЭП;2.7;2.0;охранная зона по чертежу (отступ зоны)
bush_building_border_008_007;посажено;bush;Смородина золотистая;NEW_BUSH;-26.017;-138.276;112.088;180.341;Кольцо кустарника вокруг здания;20_makeeva_s;"Кольцо кустарника вокруг здания — по аналогии с проектом «20_makeeva_s»; ближайшее ограничение — воздушная ЛЭП: 2.3 м при норме 2.0 м (охранная зона по чертежу (отступ зоны))";"ассортимент для озеленения Москвы, категория «магистрали и улицы»; без инвазивных видов ППМ 369-ПП";воздушная ЛЭП;2.34;2.0;охранная зона по чертежу (отступ зоны)
bush_building_border_008_008;посажено;bush;Спирея трехлопастная;NEW_BUSH;-26.805;-139.434;111.3;179.184;Кольцо кустарника вокруг здания;20_makeeva_s;"Кольцо кустарника вокруг здания — по аналогии с проектом «20_makeeva_s»; ближайшее ограничение — воздушная ЛЭП: 3.7 м при норме 2.0 м (охранная зона по чертежу (отступ зоны))";"ассортимент для озеленения Москвы, категория «магистрали и улицы»; без инвазивных видов ППМ 369-ПП";воздушная ЛЭП;3.69;2.0;охранная зона по чертежу (отступ зоны)
bush_building_border_009_001;посажено;bush;Смородина золотистая;NEW_BUSH;17.933;-142.847;156.038;175.771;Кольцо кустарника вокруг здания;20_makeeva_s;"Кольцо кустарника вокруг здания — по аналогии с проектом «20_makeeva_s»; ближайшее ограничение — проезжая часть: 2.0 м при норме 1.0 м (СП 42.13330.2016, п. 9.6, табл. 9.1; ППМ 743-ПП, табл. 3.6.1)";"ассортимент для озеленения Москвы, категория «магистрали и улицы»; без инвазивных видов ППМ 369-ПП";проезжая часть;2.0;1.0;"СП 42.13330.2016, п. 9.6, табл. 9.1; ППМ 743-ПП, табл. 3.6.1"
bush_building_border_010_001;посажено;bush;Смородина золотистая;NEW_BUSH;-43.118;-20.15;94.987;298.467;Кольцо кустарника вокруг здания;20_makeeva_s;"Кольцо кустарника вокруг здания — по аналогии с проектом «20_makeeva_s»; ближайшее ограничение — воздушная ЛЭП: 2.5 м при норме 2.0 м (охранная зона по чертежу (отступ зоны))";"ассортимент для озеленения Москвы, категория «магистрали и улицы»; без инвазивных видов ППМ 369-ПП";воздушная ЛЭП;2.5;2.0;охранная зона по чертежу (отступ зоны)
bush_building_border_010_002;посажено;bush;Спирея трехлопастная;NEW_BUSH;-41.718;-20.144;96.387;298.473;Кольцо кустарника вокруг здания;20_makeeva_s;"Кольцо кустарника вокруг здания — по аналогии с проектом «20_makeeva_s»; ближайшее ограничение — воздушная ЛЭП: 3.0 м при норме 2.0 м (охранная зона по чертежу (отступ зоны))";"ассортимент для озеленения Москвы, категория «магистрали и улицы»; без инвазивных видов ППМ 369-ПП";воздушная ЛЭП;2.97;2.0;охранная зона по чертежу (отступ зоны)
bush_building_border_010_003;посажено;bush;Смородина золотистая;NEW_BUSH;-40.318;-20.138;97.787;298.479;Кольцо кустарника вокруг здания;20_makeeva_s;"Кольцо кустарника вокруг здания — по аналогии с проектом «20_makeeva_s»; ближайшее ограничение — воздушная ЛЭП: 3.4 м при норме 2.0 м (охранная зона по чертежу (отступ зоны))";"ассортимент для озеленения Москвы, категория «магистрали и улицы»; без инвазивных видов ППМ 369-ПП";воздушная ЛЭП;3.43;2.0;охранная зона по чертежу (отступ зоны)
bush_building_border_010_004;посажено;bush;Спирея трехлопастная;NEW_BUSH;-38.918;-20.132;99.187;298.485;Кольцо кустарника вокруг здания;20_makeeva_s;"Кольцо кустарника вокруг здания — по аналогии с проектом «20_makeeva_s»; ближайшее ограничение — воздушная ЛЭП: 3.3 м при норме 2.0 м (охранная зона по чертежу (отступ зоны))";"ассортимент для озеленения Москвы, категория «магистрали и улицы»; без инвазивных видов ППМ 369-ПП";воздушная ЛЭП;3.3;2.0;охранная зона по чертежу (отступ зоны)
bush_building_border_012_001;посажено;bush;Смородина золотистая;NEW_BUSH;-25.129;-44.518;112.976;274.099;Кольцо кустарника вокруг здания;20_makeeva_s;"Кольцо кустарника вокруг здания — по аналогии с проектом «20_makeeva_s»; ближайшее ограничение — пешеходная дорожка / тротуар: 2.0 м при норме 0.5 м (СП 42.13330.2016, п. 9.6, табл. 9.1; ППМ 743-ПП, табл. 3.6.1)";"ассортимент для озеленения Москвы, категория «магистрали и улицы»; без инвазивных видов ППМ 369-ПП";пешеходная дорожка / тротуар;2.04;0.5;"СП 42.13330.2016, п. 9.6, табл. 9.1; ППМ 743-ПП, табл. 3.6.1"
bush_building_border_012_002;посажено;bush;Спирея трехлопастная;NEW_BUSH;-25.471;-45.873;112.634;272.744;Кольцо кустарника вокруг здания;20_makeeva_s;"Кольцо кустарника вокруг здания — по аналогии с проектом «20_makeeva_s»; ближайшее ограничение — пешеходная дорожка / тротуар: 2.4 м при норме 0.5 м (СП 42.13330.2016, п. 9.6, табл. 9.1; ППМ 743-ПП, табл. 3.6.1)";"ассортимент для озеленения Москвы, категория «магистрали и улицы»; без инвазивных видов ППМ 369-ПП";пешеходная дорожка / тротуар;2.41;0.5;"СП 42.13330.2016, п. 9.6, табл. 9.1; ППМ 743-ПП, табл. 3.6.1"
bush_building_border_012_003;посажено;bush;Смородина золотистая;NEW_BUSH;-26.04;-47.149;112.065;271.468;Кольцо кустарника вокруг здания;20_makeeva_s;"Кольцо кустарника вокруг здания — по аналогии с проектом «20_makeeva_s»; ближайшее ограничение — пешеходная дорожка / тротуар: 2.0 м при норме 0.5 м (СП 42.13330.2016, п. 9.6, табл. 9.1; ППМ 743-ПП, табл. 3.6.1)";"ассортимент для озеленения Москвы, категория «магистрали и улицы»; без инвазивных видов ППМ 369-ПП";пешеходная дорожка / тротуар;1.97;0.5;"СП 42.13330.2016, п. 9.6, табл. 9.1; ППМ 743-ПП, табл. 3.6.1"
bush_building_border_012_004;посажено;bush;Спирея трехлопастная;NEW_BUSH;-26.82;-48.31;111.285;270.308;Кольцо кустарника вокруг здания;20_makeeva_s;"Кольцо кустарника вокруг здания — по аналогии с проектом «20_makeeva_s»; ближайшее ограничение — пешеходная дорожка / тротуар: 0.8 м при норме 0.5 м (СП 42.13330.2016, п. 9.6, табл. 9.1; ППМ 743-ПП, табл. 3.6.1)";"ассортимент для озеленения Москвы, категория «магистрали и улицы»; без инвазивных видов ППМ 369-ПП";пешеходная дорожка / тротуар;0.82;0.5;"СП 42.13330.2016, п. 9.6, табл. 9.1; ППМ 743-ПП, табл. 3.6.1"
bush_building_border_012_005;посажено;bush;Смородина золотистая;NEW_BUSH;-28.165;-48.443;109.94;270.175;Кольцо кустарника вокруг здания;20_makeeva_s;"Кольцо кустарника вокруг здания — по аналогии с проектом «20_makeeva_s»; ближайшее ограничение — пешеходная дорожка / тротуар: 0.7 м при норме 0.5 м (СП 42.13330.2016, п. 9.6, табл. 9.1; ППМ 743-ПП, табл. 3.6.1)";"ассортимент для озеленения Москвы, категория «магистрали и улицы»; без инвазивных видов ППМ 369-ПП";пешеходная дорожка / тротуар;0.7;0.5;"СП 42.13330.2016, п. 9.6, табл. 9.1; ППМ 743-ПП, табл. 3.6.1"
bush_building_border_012_006;посажено;bush;Спирея трехлопастная;NEW_BUSH;-30.965;-48.468;107.14;270.15;Кольцо кустарника вокруг здания;20_makeeva_s;"Кольцо кустарника вокруг здания — по аналогии с проектом «20_makeeva_s»; ближайшее ограничение — пешеходная дорожка / тротуар: 0.7 м при норме 0.5 м (СП 42.13330.2016, п. 9.6, табл. 9.1; ППМ 743-ПП, табл. 3.6.1)";"ассортимент для озеленения Москвы, категория «магистрали и улицы»; без инвазивных видов ППМ 369-ПП";пешеходная дорожка / тротуар;0.7;0.5;"СП 42.13330.2016, п. 9.6, табл. 9.1; ППМ 743-ПП, табл. 3.6.1"
bush_building_border_012_007;посажено;bush;Смородина золотистая;NEW_BUSH;-32.365;-48.48;105.74;270.137;Кольцо кустарника вокруг здания;20_makeeva_s;"Кольцо кустарника вокруг здания — по аналогии с проектом «20_makeeva_s»; ближайшее ограничение — пешеходная дорожка / тротуар: 0.7 м при норме 0.5 м (СП 42.13330.2016, п. 9.6, табл. 9.1; ППМ 743-ПП, табл. 3.6.1)";"ассортимент для озеленения Москвы, категория «магистрали и улицы»; без инвазивных видов ППМ 369-ПП";пешеходная дорожка / тротуар;0.7;0.5;"СП 42.13330.2016, п. 9.6, табл. 9.1; ППМ 743-ПП, табл. 3.6.1"
bush_building_border_012_008;посажено;bush;Спирея трехлопастная;NEW_BUSH;-28.126;-44.265;109.979;274.353;Кольцо кустарника вокруг здания;20_makeeva_s;"Кольцо кустарника вокруг здания — по аналогии с проектом «20_makeeva_s»; ближайшее ограничение — здание: 5.0 м при норме 1.5 м (СП 42.13330.2016, п. 9.6, табл. 9.1; ППМ 743-ПП, табл. 3.6.1)";"ассортимент для озеленения Москвы, категория «магистрали и улицы»; без инвазивных видов ППМ 369-ПП";здание;5.0;1.5;"СП 42.13330.2016, п. 9.6, табл. 9.1; ППМ 743-ПП, табл. 3.6.1"
bush_building_border_012_009;посажено;bush;Смородина золотистая;NEW_BUSH;-28.022;-42.872;110.083;275.745;Кольцо кустарника вокруг здания;20_makeeva_s;"Кольцо кустарника вокруг здания — по аналогии с проектом «20_makeeva_s»; ближайшее ограничение — здание: 5.0 м при норме 1.5 м (СП 42.13330.2016, п. 9.6, табл. 9.1; ППМ 743-ПП, табл. 3.6.1)";"ассортимент для озеленения Москвы, категория «магистрали и улицы»; без инвазивных видов ППМ 369-ПП";здание;5.0;1.5;"СП 42.13330.2016, п. 9.6, табл. 9.1; ППМ 743-ПП, табл. 3.6.1"
bush_building_border_012_010;посажено;bush;Спирея трехлопастная;NEW_BUSH;-28.028;-41.472;110.077;277.145;Кольцо кустарника вокруг здания;20_makeeva_s;"Кольцо кустарника вокруг здания — по аналогии с проектом «20_makeeva_s»; ближайшее ограничение — здание: 5.0 м при норме 1.5 м (СП 42.13330.2016, п. 9.6, табл. 9.1; ППМ 743-ПП, табл. 3.6.1)";"ассортимент для озеленения Москвы, категория «магистрали и улицы»; без инвазивных видов ППМ 369-ПП";здание;5.0;1.5;"СП 42.13330.2016, п. 9.6, табл. 9.1; ППМ 743-ПП, табл. 3.6.1"
bush_building_border_012_011;посажено;bush;Смородина золотистая;NEW_BUSH;-28.034;-40.072;110.071;278.545;Кольцо кустарника вокруг здания;20_makeeva_s;"Кольцо кустарника вокруг здания — по аналогии с проектом «20_makeeva_s»; ближайшее ограничение — здание: 5.0 м при норме 1.5 м (СП 42.13330.2016, п. 9.6, табл. 9.1; ППМ 743-ПП, табл. 3.6.1)";"ассортимент для озеленения Москвы, категория «магистрали и улицы»; без инвазивных видов ППМ 369-ПП";здание;5.0;1.5;"СП 42.13330.2016, п. 9.6, табл. 9.1; ППМ 743-ПП, табл. 3.6.1"
bush_building_border_012_012;посажено;bush;Спирея трехлопастная;NEW_BUSH;-28.04;-38.672;110.065;279.945;Кольцо кустарника вокруг здания;20_makeeva_s;"Кольцо кустарника вокруг здания — по аналогии с проектом «20_makeeva_s»; ближайшее ограничение — здание: 5.0 м при норме 1.5 м (СП 42.13330.2016, п. 9.6, табл. 9.1; ППМ 743-ПП, табл. 3.6.1)";"ассортимент для озеленения Москвы, категория «магистрали и улицы»; без инвазивных видов ППМ 369-ПП";здание;5.0;1.5;"СП 42.13330.2016, п. 9.6, табл. 9.1; ППМ 743-ПП, табл. 3.6.1"
bush_building_border_012_013;посажено;bush;Смородина золотистая;NEW_BUSH;-28.046;-37.272;110.059;281.345;Кольцо кустарника вокруг здания;20_makeeva_s;"Кольцо кустарника вокруг здания — по аналогии с проектом «20_makeeva_s»; ближайшее ограничение — воздушная ЛЭП: 4.7 м при норме 2.0 м (охранная зона по чертежу (отступ зоны))";"ассортимент для озеленения Москвы, категория «магистрали и улицы»; без инвазивных видов ППМ 369-ПП";воздушная ЛЭП;4.74;2.0;охранная зона по чертежу (отступ зоны)
bush_building_border_012_014;посажено;bush;Спирея трехлопастная;NEW_BUSH;-28.052;-35.872;110.053;282.745;Кольцо кустарника вокруг здания;20_makeeva_s;"Кольцо кустарника вокруг здания — по аналогии с проектом «20_makeeva_s»; ближайшее ограничение — воздушная ЛЭП: 3.4 м при норме 2.0 м (охранная зона по чертежу (отступ зоны))";"ассортимент для озеленения Москвы, категория «магистрали и улицы»; без инвазивных видов ППМ 369-ПП";воздушная ЛЭП;3.42;2.0;охранная зона по чертежу (отступ зоны)
bush_building_border_012_015;посажено;bush;Смородина золотистая;NEW_BUSH;-28.058;-34.472;110.047;284.145;Кольцо кустарника вокруг здания;20_makeeva_s;"Кольцо кустарника вокруг здания — по аналогии с проектом «20_makeeva_s»; ближайшее ограничение — воздушная ЛЭП: 2.1 м при норме 2.0 м (охранная зона по чертежу (отступ зоны))";"ассортимент для озеленения Москвы, категория «магистрали и улицы»; без инвазивных видов ППМ 369-ПП";воздушная ЛЭП;2.1;2.0;охранная зона по чертежу (отступ зоны)
bush_building_border_012_016;посажено;bush;Спирея трехлопастная;NEW_BUSH;-25.05;-36.316;113.055;282.301;Кольцо кустарника вокруг здания;20_makeeva_s;"Кольцо кустарника вокруг здания — по аналогии с проектом «20_makeeva_s»; ближайшее ограничение — воздушная ЛЭП: 2.9 м при норме 2.0 м (охранная зона по чертежу (отступ зоны))";"ассортимент для озеленения Москвы, категория «магистрали и улицы»; без инвазивных видов ППМ 369-ПП";воздушная ЛЭП;2.86;2.0;охранная зона по чертежу (отступ зоны)
bush_building_border_012_017;посажено;bush;Смородина золотистая;NEW_BUSH;-25.044;-37.716;113.061;280.901;Кольцо кустарника вокруг здания;20_makeeva_s;"Кольцо кустарника вокруг здания — по аналогии с проектом «20_makeeva_s»; ближайшее ограничение — пешеходная дорожка / тротуар: 1.8 м при норме 0.5 м (СП 42.13330.2016, п. 9.6, табл. 9.1; ППМ 743-ПП, табл. 3.6.1)";"ассортимент для озеленения Москвы, категория «магистрали и улицы»; без инвазивных видов ППМ 369-ПП";пешеходная дорожка / тротуар;1.84;0.5;"СП 42.13330.2016, п. 9.6, табл. 9.1; ППМ 743-ПП, табл. 3.6.1"
bush_building_border_012_018;посажено;bush;Спирея трехлопастная;NEW_BUSH;-25.038;-39.116;113.067;279.501;Кольцо кустарника вокруг здания;20_makeeva_s;"Кольцо кустарника вокруг здания — по аналогии с проектом «20_makeeva_s»; ближайшее ограничение — пешеходная дорожка / тротуар: 1.9 м при норме 0.5 м (СП 42.13330.2016, п. 9.6, табл. 9.1; ППМ 743-ПП, табл. 3.6.1)";"ассортимент для озеленения Москвы, категория «магистрали и улицы»; без инвазивных видов ППМ 369-ПП";пешеходная дорожка / тротуар;1.86;0.5;"СП 42.13330.2016, п. 9.6, табл. 9.1; ППМ 743-ПП, табл. 3.6.1"
bush_building_border_012_019;посажено;bush;Смородина золотистая;NEW_BUSH;-25.032;-40.516;113.073;278.101;Кольцо кустарника вокруг здания;20_makeeva_s;"Кольцо кустарника вокруг здания — по аналогии с проектом «20_makeeva_s»; ближайшее ограничение — пешеходная дорожка / тротуар: 1.9 м при норме 0.5 м (СП 42.13330.2016, п. 9.6, табл. 9.1; ППМ 743-ПП, табл. 3.6.1)";"ассортимент для озеленения Москвы, категория «магистрали и улицы»; без инвазивных видов ППМ 369-ПП";пешеходная дорожка / тротуар;1.88;0.5;"СП 42.13330.2016, п. 9.6, табл. 9.1; ППМ 743-ПП, табл. 3.6.1"
bush_building_border_012_020;посажено;bush;Спирея трехлопастная;NEW_BUSH;-25.026;-41.916;113.079;276.701;Кольцо кустарника вокруг здания;20_makeeva_s;"Кольцо кустарника вокруг здания — по аналогии с проектом «20_makeeva_s»; ближайшее ограничение — пешеходная дорожка / тротуар: 1.9 м при норме 0.5 м (СП 42.13330.2016, п. 9.6, табл. 9.1; ППМ 743-ПП, табл. 3.6.1)";"ассортимент для озеленения Москвы, категория «магистрали и улицы»; без инвазивных видов ППМ 369-ПП";пешеходная дорожка / тротуар;1.9;0.5;"СП 42.13330.2016, п. 9.6, табл. 9.1; ППМ 743-ПП, табл. 3.6.1"
bush_building_border_014_001;посажено;bush;Смородина золотистая;NEW_BUSH;72.915;197.284;211.02;515.901;Кольцо кустарника вокруг здания;20_makeeva_s;"Кольцо кустарника вокруг здания — по аналогии с проектом «20_makeeva_s»; ближайшее ограничение — канализация: 2.4 м при норме 0.0 м (СП 42.13330.2016, п. 9.6, табл. 9.1; ППМ 743-ПП, табл. 3.6.1)";"ассортимент для озеленения Москвы, категория «магистрали и улицы»; без инвазивных видов ППМ 369-ПП";канализация;2.37;0.0;"СП 42.13330.2016, п. 9.6, табл. 9.1; ППМ 743-ПП, табл. 3.6.1"
bush_building_border_014_002;посажено;bush;Спирея трехлопастная;NEW_BUSH;71.866;196.731;209.971;515.349;Кольцо кустарника вокруг здания;20_makeeva_s;"Кольцо кустарника вокруг здания — по аналогии с проектом «20_makeeva_s»; ближайшее ограничение — канализация: 1.5 м при норме 0.0 м (СП 42.13330.2016, п. 9.6, табл. 9.1; ППМ 743-ПП, табл. 3.6.1)";"ассортимент для озеленения Москвы, категория «магистрали и улицы»; без инвазивных видов ППМ 369-ПП";канализация;1.5;0.0;"СП 42.13330.2016, п. 9.6, табл. 9.1; ППМ 743-ПП, табл. 3.6.1"
bush_building_border_014_003;посажено;bush;Смородина золотистая;NEW_BUSH;70.547;197.201;208.652;515.819;Кольцо кустарника вокруг здания;20_makeeva_s;"Кольцо кустарника вокруг здания — по аналогии с проектом «20_makeeva_s»; ближайшее ограничение — канализация: 1.5 м при норме 0.0 м (СП 42.13330.2016, п. 9.6, табл. 9.1; ППМ 743-ПП, табл. 3.6.1)";"ассортимент для озеленения Москвы, категория «магистрали и улицы»; без инвазивных видов ППМ 369-ПП";канализация;1.5;0.0;"СП 42.13330.2016, п. 9.6, табл. 9.1; ППМ 743-ПП, табл. 3.6.1"
bush_building_border_014_004;посажено;bush;Спирея трехлопастная;NEW_BUSH;69.228;197.671;207.333;516.289;Кольцо кустарника вокруг здания;20_makeeva_s;"Кольцо кустарника вокруг здания — по аналогии с проектом «20_makeeva_s»; ближайшее ограничение — канализация: 1.5 м при норме 0.0 м (СП 42.13330.2016, п. 9.6, табл. 9.1; ППМ 743-ПП, табл. 3.6.1)";"ассортимент для озеленения Москвы, категория «магистрали и улицы»; без инвазивных видов ППМ 369-ПП";канализация;1.5;0.0;"СП 42.13330.2016, п. 9.6, табл. 9.1; ППМ 743-ПП, табл. 3.6.1"
bush_building_border_014_005;посажено;bush;Смородина золотистая;NEW_BUSH;70.774;199.43;208.879;518.048;Кольцо кустарника вокруг здания;20_makeeva_s;"Кольцо кустарника вокруг здания — по аналогии с проектом «20_makeeva_s»; ближайшее ограничение — здание: 5.0 м при норме 1.5 м (СП 42.13330.2016, п. 9.6, табл. 9.1; ППМ 743-ПП, табл. 3.6.1)";"ассортимент для озеленения Москвы, категория «магистрали и улицы»; без инвазивных видов ППМ 369-ПП";здание;5.0;1.5;"СП 42.13330.2016, п. 9.6, табл. 9.1; ППМ 743-ПП, табл. 3.6.1"
bush_building_border_014_006;посажено;bush;Спирея трехлопастная;NEW_BUSH;71.373;200.691;209.478;519.308;Кольцо кустарника вокруг здания;20_makeeva_s;"Кольцо кустарника вокруг здания — по аналогии с проектом «20_makeeva_s»; ближайшее ограничение — здание: 5.0 м при норме 1.5 м (СП 42.13330.2016, п. 9.6, табл. 9.1; ППМ 743-ПП, табл. 3.6.1)";"ассортимент для озеленения Москвы, категория «магистрали и улицы»; без инвазивных видов ППМ 369-ПП";здание;5.0;1.5;"СП 42.13330.2016, п. 9.6, табл. 9.1; ППМ 743-ПП, табл. 3.6.1"
bush_building_border_014_007;посажено;bush;Смородина золотистая;NEW_BUSH;74.52;201.08;212.625;519.698;Кольцо кустарника вокруг здания;20_makeeva_s;"Кольцо кустарника вокруг здания — по аналогии с проектом «20_makeeva_s»; нормируемых ограничений ближе 5 м сверх нормы нет";"ассортимент для озеленения Москвы, категория «магистрали и улицы»; без инвазивных видов ППМ 369-ПП";;;;
bush_building_border_014_008;посажено;bush;Спирея трехлопастная;NEW_BUSH;74.207;199.718;212.312;518.336;Кольцо кустарника вокруг здания;20_makeeva_s;"Кольцо кустарника вокруг здания — по аналогии с проектом «20_makeeva_s»; нормируемых ограничений ближе 5 м сверх нормы нет";"ассортимент для озеленения Москвы, категория «магистрали и улицы»; без инвазивных видов ППМ 369-ПП";;;;
bush_building_border_015_001;посажено;bush;Смородина золотистая;NEW_BUSH;60.475;194.227;198.58;512.844;Кольцо кустарника вокруг здания;20_makeeva_s;"Кольцо кустарника вокруг здания — по аналогии с проектом «20_makeeva_s»; ближайшее ограничение — силовой кабель: 2.6 м при норме 0.7 м (СП 42.13330.2016, п. 9.6, табл. 9.1; ППМ 743-ПП, табл. 3.6.1)";"ассортимент для озеленения Москвы, категория «магистрали и улицы»; без инвазивных видов ППМ 369-ПП";силовой кабель;2.64;0.7;"СП 42.13330.2016, п. 9.6, табл. 9.1; ППМ 743-ПП, табл. 3.6.1"
bush_building_border_015_002;посажено;bush;Спирея трехлопастная;NEW_BUSH;60.732;196.24;198.837;514.858;Кольцо кустарника вокруг здания;20_makeeva_s;"Кольцо кустарника вокруг здания — по аналогии с проектом «20_makeeva_s»; ближайшее ограничение — силовой кабель: 2.0 м при норме 0.7 м (СП 42.13330.2016, п. 9.6, табл. 9.1; ППМ 743-ПП, табл. 3.6.1)";"ассортимент для озеленения Москвы, категория «магистрали и улицы»; без инвазивных видов ППМ 369-ПП";силовой кабель;2.0;0.7;"СП 42.13330.2016, п. 9.6, табл. 9.1; ППМ 743-ПП, табл. 3.6.1"
bush_building_border_015_003;посажено;bush;Смородина золотистая;NEW_BUSH;61.538;197.179;199.643;515.796;Кольцо кустарника вокруг здания;20_makeeva_s;"Кольцо кустарника вокруг здания — по аналогии с проектом «20_makeeva_s»; ближайшее ограничение — силовой кабель: 2.3 м при норме 0.7 м (СП 42.13330.2016, п. 9.6, табл. 9.1; ППМ 743-ПП, табл. 3.6.1)";"ассортимент для озеленения Москвы, категория «магистрали и улицы»; без инвазивных видов ППМ 369-ПП";силовой кабель;2.32;0.7;"СП 42.13330.2016, п. 9.6, табл. 9.1; ППМ 743-ПП, табл. 3.6.1"
bush_building_border_015_004;посажено;bush;Спирея трехлопастная;NEW_BUSH;62.938;197.183;201.043;515.8;Кольцо кустарника вокруг здания;20_makeeva_s;"Кольцо кустарника вокруг здания — по аналогии с проектом «20_makeeva_s»; ближайшее ограничение — силовой кабель: 3.6 м при норме 0.7 м (СП 42.13330.2016, п. 9.6, табл. 9.1; ППМ 743-ПП, табл. 3.6.1)";"ассортимент для озеленения Москвы, категория «магистрали и улицы»; без инвазивных видов ППМ 369-ПП";силовой кабель;3.58;0.7;"СП 42.13330.2016, п. 9.6, табл. 9.1; ППМ 743-ПП, табл. 3.6.1"
bush_building_border_015_005;посажено;bush;Смородина золотистая;NEW_BUSH;64.338;197.187;202.443;515.804;Кольцо кустарника вокруг здания;20_makeeva_s;"Кольцо кустарника вокруг здания — по аналогии с проектом «20_makeeva_s»; ближайшее ограничение — канализация: 3.5 м при норме 0.0 м (СП 42.13330.2016, п. 9.6, табл. 9.1; ППМ 743-ПП, табл. 3.6.1)";"ассортимент для озеленения Москвы, категория «магистрали и улицы»; без инвазивных видов ППМ 369-ПП";канализация;3.45;0.0;"СП 42.13330.2016, п. 9.6, табл. 9.1; ППМ 743-ПП, табл. 3.6.1"
bush_building_border_015_006;посажено;bush;Спирея трехлопастная;NEW_BUSH;65.738;197.191;203.843;515.808;Кольцо кустарника вокруг здания;20_makeeva_s;"Кольцо кустарника вокруг здания — по аналогии с проектом «20_makeeva_s»; ближайшее ограничение — канализация: 2.1 м при норме 0.0 м (СП 42.13330.2016, п. 9.6, табл. 9.1; ППМ 743-ПП, табл. 3.6.1)";"ассортимент для озеленения Москвы, категория «магистрали и улицы»; без инвазивных видов ППМ 369-ПП";канализация;2.14;0.0;"СП 42.13330.2016, п. 9.6, табл. 9.1; ППМ 743-ПП, табл. 3.6.1"
bush_building_border_015_007;посажено;bush;Смородина золотистая;NEW_BUSH;65.702;195.198;203.807;513.815;Кольцо кустарника вокруг здания;20_makeeva_s;"Кольцо кустарника вокруг здания — по аналогии с проектом «20_makeeva_s»; ближайшее ограничение — канализация: 1.5 м при норме 0.0 м (СП 42.13330.2016, п. 9.6, табл. 9.1; ППМ 743-ПП, табл. 3.6.1)";"ассортимент для озеленения Москвы, категория «магистрали и улицы»; без инвазивных видов ППМ 369-ПП";канализация;1.5;0.0;"СП 42.13330.2016, п. 9.6, табл. 9.1; ППМ 743-ПП, табл. 3.6.1"
bush_building_border_015_008;посажено;bush;Спирея трехлопастная;NEW_BUSH;65.014;194.188;203.119;512.806;Кольцо кустарника вокруг здания;20_makeeva_s;"Кольцо кустарника вокруг здания — по аналогии с проектом «20_makeeva_s»; ближайшее ограничение — пешеходная дорожка / тротуар: 2.1 м при норме 0.5 м (СП 42.13330.2016, п. 9.6, табл. 9.1; ППМ 743-ПП, табл. 3.6.1)";"ассортимент для озеленения Москвы, категория «магистрали и улицы»; без инвазивных видов ППМ 369-ПП";пешеходная дорожка / тротуар;2.1;0.5;"СП 42.13330.2016, п. 9.6, табл. 9.1; ППМ 743-ПП, табл. 3.6.1"
bush_building_border_015_009;посажено;bush;Смородина золотистая;NEW_BUSH;63.614;194.184;201.719;512.802;Кольцо кустарника вокруг здания;20_makeeva_s;"Кольцо кустарника вокруг здания — по аналогии с проектом «20_makeeva_s»; ближайшее ограничение — пешеходная дорожка / тротуар: 2.2 м при норме 0.5 м (СП 42.13330.2016, п. 9.6, табл. 9.1; ППМ 743-ПП, табл. 3.6.1)";"ассортимент для озеленения Москвы, категория «магистрали и улицы»; без инвазивных видов ППМ 369-ПП";пешеходная дорожка / тротуар;2.22;0.5;"СП 42.13330.2016, п. 9.6, табл. 9.1; ППМ 743-ПП, табл. 3.6.1"
bush_building_border_015_010;посажено;bush;Спирея трехлопастная;NEW_BUSH;62.214;194.181;200.319;512.798;Кольцо кустарника вокруг здания;20_makeeva_s;"Кольцо кустарника вокруг здания — по аналогии с проектом «20_makeeva_s»; ближайшее ограничение — пешеходная дорожка / тротуар: 2.1 м при норме 0.5 м (СП 42.13330.2016, п. 9.6, табл. 9.1; ППМ 743-ПП, табл. 3.6.1)";"ассортимент для озеленения Москвы, категория «магистрали и улицы»; без инвазивных видов ППМ 369-ПП";пешеходная дорожка / тротуар;2.08;0.5;"СП 42.13330.2016, п. 9.6, табл. 9.1; ППМ 743-ПП, табл. 3.6.1"
tree_building_border_016_001;посажено;tree;Боярышник Арнольда;NEW_TREE;53.306;207.596;191.411;526.214;Кольцо кустарника вокруг здания;20_makeeva_s;"Кольцо кустарника вокруг здания — по аналогии с проектом «20_makeeva_s»; ближайшее ограничение — пешеходная дорожка / тротуар: 2.4 м при норме 2.0 м (СП 82.13330.2016, п. 9.22)";"ассортимент для озеленения Москвы, категория «магистрали и улицы»; без инвазивных видов ППМ 369-ПП";пешеходная дорожка / тротуар;2.36;2.0;СП 82.13330.2016, п. 9.22
tree_building_border_016_002;посажено;tree;Боярышник Арнольда;NEW_TREE;53.215;239.742;191.32;558.36;Кольцо кустарника вокруг здания;20_makeeva_s;"Кольцо кустарника вокруг здания — по аналогии с проектом «20_makeeva_s»; ближайшее ограничение — пешеходная дорожка / тротуар: 4.0 м при норме 2.0 м (СП 82.13330.2016, п. 9.22)";"ассортимент для озеленения Москвы, категория «магистрали и улицы»; без инвазивных видов ППМ 369-ПП";пешеходная дорожка / тротуар;4.0;2.0;СП 82.13330.2016, п. 9.22
bush_building_border_016_001;посажено;bush;Смородина золотистая;NEW_BUSH;53.347;201.647;191.452;520.264;Кольцо кустарника вокруг здания;20_makeeva_s;"Кольцо кустарника вокруг здания — по аналогии с проектом «20_makeeva_s»; ближайшее ограничение — пешеходная дорожка / тротуар: 1.8 м при норме 0.5 м (СП 42.13330.2016, п. 9.6, табл. 9.1; ППМ 743-ПП, табл. 3.6.1)";"ассортимент для озеленения Москвы, категория «магистрали и улицы»; без инвазивных видов ППМ 369-ПП";пешеходная дорожка / тротуар;1.81;0.5;"СП 42.13330.2016, п. 9.6, табл. 9.1; ППМ 743-ПП, табл. 3.6.1"
bush_building_border_016_002;посажено;bush;Спирея трехлопастная;NEW_BUSH;53.319;203.046;191.423;521.664;Кольцо кустарника вокруг здания;20_makeeva_s;"Кольцо кустарника вокруг здания — по аналогии с проектом «20_makeeva_s»; ближайшее ограничение — пешеходная дорожка / тротуар: 2.2 м при норме 0.5 м (СП 42.13330.2016, п. 9.6, табл. 9.1; ППМ 743-ПП, табл. 3.6.1)";"ассортимент для озеленения Москвы, категория «магистрали и улицы»; без инвазивных видов ППМ 369-ПП";пешеходная дорожка / тротуар;2.24;0.5;"СП 42.13330.2016, п. 9.6, табл. 9.1; ППМ 743-ПП, табл. 3.6.1"
bush_building_border_016_003;посажено;bush;Смородина золотистая;NEW_BUSH;53.303;208.646;191.408;527.264;Кольцо кустарника вокруг здания;20_makeeva_s;"Кольцо кустарника вокруг здания — по аналогии с проектом «20_makeeva_s»; ближайшее ограничение — пешеходная дорожка / тротуар: 1.3 м при норме 0.5 м (СП 42.13330.2016, п. 9.6, табл. 9.1; ППМ 743-ПП, табл. 3.6.1)";"ассортимент для озеленения Москвы, категория «магистрали и улицы»; без инвазивных видов ППМ 369-ПП";пешеходная дорожка / тротуар;1.31;0.5;"СП 42.13330.2016, п. 9.6, табл. 9.1; ППМ 743-ПП, табл. 3.6.1"
bush_building_border_016_004;посажено;bush;Спирея трехлопастная;NEW_BUSH;53.933;209.655;192.038;528.272;Кольцо кустарника вокруг здания;20_makeeva_s;"Кольцо кустарника вокруг здания — по аналогии с проектом «20_makeeva_s»; ближайшее ограничение — пешеходная дорожка / тротуар: 0.7 м при норме 0.5 м (СП 42.13330.2016, п. 9.6, табл. 9.1; ППМ 743-ПП, табл. 3.6.1)";"ассортимент для озеленения Москвы, категория «магистрали и улицы»; без инвазивных видов ППМ 369-ПП";пешеходная дорожка / тротуар;0.7;0.5;"СП 42.13330.2016, п. 9.6, табл. 9.1; ППМ 743-ПП, табл. 3.6.1"
bush_building_border_016_005;посажено;bush;Смородина золотистая;NEW_BUSH;53.988;211.044;192.093;529.661;Кольцо кустарника вокруг здания;20_makeeva_s;"Кольцо кустарника вокруг здания — по аналогии с проектом «20_makeeva_s»; ближайшее ограничение — пешеходная дорожка / тротуар: 0.7 м при норме 0.5 м (СП 42.13330.2016, п. 9.6, табл. 9.1; ППМ 743-ПП, табл. 3.6.1)";"ассортимент для озеленения Москвы, категория «магистрали и улицы»; без инвазивных видов ППМ 369-ПП";пешеходная дорожка / тротуар;0.7;0.5;"СП 42.13330.2016, п. 9.6, табл. 9.1; ППМ 743-ПП, табл. 3.6.1"
bush_building_border_016_006;посажено;bush;Спирея трехлопастная;NEW_BUSH;53.99;212.444;192.095;531.061;Кольцо кустарника вокруг здания;20_makeeva_s;"Кольцо кустарника вокруг здания — по аналогии с проектом «20_makeeva_s»; ближайшее ограничение — пешеходная дорожка / тротуар: 0.7 м при норме 0.5 м (СП 42.13330.2016, п. 9.6, табл. 9.1; ППМ 743-ПП, табл. 3.6.1)";"ассортимент для озеленения Москвы, категория «магистрали и улицы»; без инвазивных видов ППМ 369-ПП";пешеходная дорожка / тротуар;0.7;0.5;"СП 42.13330.2016, п. 9.6, табл. 9.1; ППМ 743-ПП, табл. 3.6.1"
bush_building_border_016_007;посажено;bush;Смородина золотистая;NEW_BUSH;53.993;213.844;192.098;532.461;Кольцо кустарника вокруг здания;20_makeeva_s;"Кольцо кустарника вокруг здания — по аналогии с проектом «20_makeeva_s»; ближайшее ограничение — пешеходная дорожка / тротуар: 0.7 м при норме 0.5 м (СП 42.13330.2016, п. 9.6, табл. 9.1; ППМ 743-ПП, табл. 3.6.1)";"ассортимент для озеленения Москвы, категория «магистрали и улицы»; без инвазивных видов ППМ 369-ПП";пешеходная дорожка / тротуар;0.7;0.5;"СП 42.13330.2016, п. 9.6, табл. 9.1; ППМ 743-ПП, табл. 3.6.1"
bush_building_border_016_008;посажено;bush;Спирея трехлопастная;NEW_BUSH;53.995;215.244;192.1;533.861;Кольцо кустарника вокруг здания;20_makeeva_s;"Кольцо кустарника вокруг здания — по аналогии с проектом «20_makeeva_s»; ближайшее ограничение — пешеходная дорожка / тротуар: 0.7 м при норме 0.5 м (СП 42.13330.2016, п. 9.6, табл. 9.1; ППМ 743-ПП, табл. 3.6.1)";"ассортимент для озеленения Москвы, категория «магистрали и улицы»; без инвазивных видов ППМ 369-ПП";пешеходная дорожка / тротуар;0.7;0.5;"СП 42.13330.2016, п. 9.6, табл. 9.1; ППМ 743-ПП, табл. 3.6.1"
bush_building_border_016_009;посажено;bush;Смородина золотистая;NEW_BUSH;53.998;216.644;192.103;535.261;Кольцо кустарника вокруг здания;20_makeeva_s;"Кольцо кустарника вокруг здания — по аналогии с проектом «20_makeeva_s»; ближайшее ограничение — пешеходная дорожка / тротуар: 0.7 м при норме 0.5 м (СП 42.13330.2016, п. 9.6, табл. 9.1; ППМ 743-ПП, табл. 3.6.1)";"ассортимент для озеленения Москвы, категория «магистрали и улицы»; без инвазивных видов ППМ 369-ПП";пешеходная дорожка / тротуар;0.7;0.5;"СП 42.13330.2016, п. 9.6, табл. 9.1; ППМ 743-ПП, табл. 3.6.1"
bush_building_border_016_010;посажено;bush;Спирея трехлопастная;NEW_BUSH;54.0;218.044;192.105;536.661;Кольцо кустарника вокруг здания;20_makeeva_s;"Кольцо кустарника вокруг здания — по аналогии с проектом «20_makeeva_s»; ближайшее ограничение — пешеходная дорожка / тротуар: 0.7 м при норме 0.5 м (СП 42.13330.2016, п. 9.6, табл. 9.1; ППМ 743-ПП, табл. 3.6.1)";"ассортимент для озеленения Москвы, категория «магистрали и улицы»; без инвазивных видов ППМ 369-ПП";пешеходная дорожка / тротуар;0.7;0.5;"СП 42.13330.2016, п. 9.6, табл. 9.1; ППМ 743-ПП, табл. 3.6.1"
bush_building_border_016_011;посажено;bush;Смородина золотистая;NEW_BUSH;54.003;222.244;192.108;540.861;Кольцо кустарника вокруг здания;20_makeeva_s;"Кольцо кустарника вокруг здания — по аналогии с проектом «20_makeeva_s»; ближайшее ограничение — пешеходная дорожка / тротуар: 0.7 м при норме 0.5 м (СП 42.13330.2016, п. 9.6, табл. 9.1; ППМ 743-ПП, табл. 3.6.1)";"ассортимент для озеленения Москвы, категория «магистрали и улицы»; без инвазивных видов ППМ 369-ПП";пешеходная дорожка / тротуар;0.7;0.5;"СП 42.13330.2016, п. 9.6, табл. 9.1; ППМ 743-ПП, табл. 3.6.1"
bush_building_border_016_012;посажено;bush;Спирея трехлопастная;NEW_BUSH;54.003;223.644;192.108;542.261;Кольцо кустарника вокруг здания;20_makeeva_s;"Кольцо кустарника вокруг здания — по аналогии с проектом «20_makeeva_s»; ближайшее ограничение — пешеходная дорожка / тротуар: 0.7 м при норме 0.5 м (СП 42.13330.2016, п. 9.6, табл. 9.1; ППМ 743-ПП, табл. 3.6.1)";"ассортимент для озеленения Москвы, категория «магистрали и улицы»; без инвазивных видов ППМ 369-ПП";пешеходная дорожка / тротуар;0.7;0.5;"СП 42.13330.2016, п. 9.6, табл. 9.1; ППМ 743-ПП, табл. 3.6.1"
bush_building_border_016_013;посажено;bush;Смородина золотистая;NEW_BUSH;54.003;225.044;192.108;543.661;Кольцо кустарника вокруг здания;20_makeeva_s;"Кольцо кустарника вокруг здания — по аналогии с проектом «20_makeeva_s»; ближайшее ограничение — пешеходная дорожка / тротуар: 0.7 м при норме 0.5 м (СП 42.13330.2016, п. 9.6, табл. 9.1; ППМ 743-ПП, табл. 3.6.1)";"ассортимент для озеленения Москвы, категория «магистрали и улицы»; без инвазивных видов ППМ 369-ПП";пешеходная дорожка / тротуар;0.7;0.5;"СП 42.13330.2016, п. 9.6, табл. 9.1; ППМ 743-ПП, табл. 3.6.1"
bush_building_border_016_014;посажено;bush;Спирея трехлопастная;NEW_BUSH;54.003;226.444;192.108;545.061;Кольцо кустарника вокруг здания;20_makeeva_s;"Кольцо кустарника вокруг здания — по аналогии с проектом «20_makeeva_s»; ближайшее ограничение — пешеходная дорожка / тротуар: 0.7 м при норме 0.5 м (СП 42.13330.2016, п. 9.6, табл. 9.1; ППМ 743-ПП, табл. 3.6.1)";"ассортимент для озеленения Москвы, категория «магистрали и улицы»; без инвазивных видов ППМ 369-ПП";пешеходная дорожка / тротуар;0.7;0.5;"СП 42.13330.2016, п. 9.6, табл. 9.1; ППМ 743-ПП, табл. 3.6.1"
bush_building_border_016_015;посажено;bush;Смородина золотистая;NEW_BUSH;54.003;227.844;192.108;546.461;Кольцо кустарника вокруг здания;20_makeeva_s;"Кольцо кустарника вокруг здания — по аналогии с проектом «20_makeeva_s»; ближайшее ограничение — пешеходная дорожка / тротуар: 0.7 м при норме 0.5 м (СП 42.13330.2016, п. 9.6, табл. 9.1; ППМ 743-ПП, табл. 3.6.1)";"ассортимент для озеленения Москвы, категория «магистрали и улицы»; без инвазивных видов ППМ 369-ПП";пешеходная дорожка / тротуар;0.7;0.5;"СП 42.13330.2016, п. 9.6, табл. 9.1; ППМ 743-ПП, табл. 3.6.1"
bush_building_border_016_016;посажено;bush;Спирея трехлопастная;NEW_BUSH;54.003;229.244;192.108;547.861;Кольцо кустарника вокруг здания;20_makeeva_s;"Кольцо кустарника вокруг здания — по аналогии с проектом «20_makeeva_s»; ближайшее ограничение — пешеходная дорожка / тротуар: 0.7 м при норме 0.5 м (СП 42.13330.2016, п. 9.6, табл. 9.1; ППМ 743-ПП, табл. 3.6.1)";"ассортимент для озеленения Москвы, категория «магистрали и улицы»; без инвазивных видов ППМ 369-ПП";пешеходная дорожка / тротуар;0.7;0.5;"СП 42.13330.2016, п. 9.6, табл. 9.1; ППМ 743-ПП, табл. 3.6.1"
bush_building_border_016_017;посажено;bush;Смородина золотистая;NEW_BUSH;54.003;230.644;192.108;549.261;Кольцо кустарника вокруг здания;20_makeeva_s;"Кольцо кустарника вокруг здания — по аналогии с проектом «20_makeeva_s»; ближайшее ограничение — пешеходная дорожка / тротуар: 0.7 м при норме 0.5 м (СП 42.13330.2016, п. 9.6, табл. 9.1; ППМ 743-ПП, табл. 3.6.1)";"ассортимент для озеленения Москвы, категория «магистрали и улицы»; без инвазивных видов ППМ 369-ПП";пешеходная дорожка / тротуар;0.7;0.5;"СП 42.13330.2016, п. 9.6, табл. 9.1; ППМ 743-ПП, табл. 3.6.1"
bush_building_border_016_018;посажено;bush;Спирея трехлопастная;NEW_BUSH;54.864;231.612;192.969;550.23;Кольцо кустарника вокруг здания;20_makeeva_s;"Кольцо кустарника вокруг здания — по аналогии с проектом «20_makeeva_s»; ближайшее ограничение — пешеходная дорожка / тротуар: 0.7 м при норме 0.5 м (СП 42.13330.2016, п. 9.6, табл. 9.1; ППМ 743-ПП, табл. 3.6.1)";"ассортимент для озеленения Москвы, категория «магистрали и улицы»; без инвазивных видов ППМ 369-ПП";пешеходная дорожка / тротуар;0.7;0.5;"СП 42.13330.2016, п. 9.6, табл. 9.1; ППМ 743-ПП, табл. 3.6.1"
bush_building_border_016_019;посажено;bush;Смородина золотистая;NEW_BUSH;53.736;236.292;191.841;554.91;Кольцо кустарника вокруг здания;20_makeeva_s;"Кольцо кустарника вокруг здания — по аналогии с проектом «20_makeeva_s»; ближайшее ограничение — пешеходная дорожка / тротуар: 0.7 м при норме 0.5 м (СП 42.13330.2016, п. 9.6, табл. 9.1; ППМ 743-ПП, табл. 3.6.1)";"ассортимент для озеленения Москвы, категория «магистрали и улицы»; без инвазивных видов ППМ 369-ПП";пешеходная дорожка / тротуар;0.7;0.5;"СП 42.13330.2016, п. 9.6, табл. 9.1; ППМ 743-ПП, табл. 3.6.1"
bush_building_border_016_020;посажено;bush;Спирея трехлопастная;NEW_BUSH;53.222;237.292;191.327;555.91;Кольцо кустарника вокруг здания;20_makeeva_s;"Кольцо кустарника вокруг здания — по аналогии с проектом «20_makeeva_s»; ближайшее ограничение — пешеходная дорожка / тротуар: 1.6 м при норме 0.5 м (СП 42.13330.2016, п. 9.6, табл. 9.1; ППМ 743-ПП, табл. 3.6.1)";"ассортимент для озеленения Москвы, категория «магистрали и улицы»; без инвазивных видов ППМ 369-ПП";пешеходная дорожка / тротуар;1.55;0.5;"СП 42.13330.2016, п. 9.6, табл. 9.1; ППМ 743-ПП, табл. 3.6.1"
bush_building_border_016_021;посажено;bush;Смородина золотистая;NEW_BUSH;53.218;238.692;191.323;557.31;Кольцо кустарника вокруг здания;20_makeeva_s;"Кольцо кустарника вокруг здания — по аналогии с проектом «20_makeeva_s»; ближайшее ограничение — пешеходная дорожка / тротуар: 3.0 м при норме 0.5 м (СП 42.13330.2016, п. 9.6, табл. 9.1; ППМ 743-ПП, табл. 3.6.1)";"ассортимент для озеленения Москвы, категория «магистрали и улицы»; без инвазивных видов ППМ 369-ПП";пешеходная дорожка / тротуар;2.95;0.5;"СП 42.13330.2016, п. 9.6, табл. 9.1; ППМ 743-ПП, табл. 3.6.1"
bush_building_border_016_022;посажено;bush;Спирея трехлопастная;NEW_BUSH;53.21;241.492;191.315;560.11;Кольцо кустарника вокруг здания;20_makeeva_s;"Кольцо кустарника вокруг здания — по аналогии с проектом «20_makeeva_s»; ближайшее ограничение — проезжая часть: 4.5 м при норме 1.0 м (СП 42.13330.2016, п. 9.6, табл. 9.1; ППМ 743-ПП, табл. 3.6.1)";"ассортимент для озеленения Москвы, категория «магистрали и улицы»; без инвазивных видов ППМ 369-ПП";проезжая часть;4.51;1.0;"СП 42.13330.2016, п. 9.6, табл. 9.1; ППМ 743-ПП, табл. 3.6.1"
bush_building_border_016_023;посажено;bush;Смородина золотистая;NEW_BUSH;53.206;242.892;191.311;561.51;Кольцо кустарника вокруг здания;20_makeeva_s;"Кольцо кустарника вокруг здания — по аналогии с проектом «20_makeeva_s»; ближайшее ограничение — проезжая часть: 3.4 м при норме 1.0 м (СП 42.13330.2016, п. 9.6, табл. 9.1; ППМ 743-ПП, табл. 3.6.1)";"ассортимент для озеленения Москвы, категория «магистрали и улицы»; без инвазивных видов ППМ 369-ПП";проезжая часть;3.44;1.0;"СП 42.13330.2016, п. 9.6, табл. 9.1; ППМ 743-ПП, табл. 3.6.1"
bush_building_border_016_024;посажено;bush;Спирея трехлопастная;NEW_BUSH;53.202;244.292;191.307;562.91;Кольцо кустарника вокруг здания;20_makeeva_s;"Кольцо кустарника вокруг здания — по аналогии с проектом «20_makeeva_s»; ближайшее ограничение — проезжая часть: 2.4 м при норме 1.0 м (СП 42.13330.2016, п. 9.6, табл. 9.1; ППМ 743-ПП, табл. 3.6.1)";"ассортимент для озеленения Москвы, категория «магистрали и улицы»; без инвазивных видов ППМ 369-ПП";проезжая часть;2.37;1.0;"СП 42.13330.2016, п. 9.6, табл. 9.1; ППМ 743-ПП, табл. 3.6.1"
bush_building_border_016_025;посажено;bush;Смородина золотистая;NEW_BUSH;54.111;244.901;192.216;563.518;Кольцо кустарника вокруг здания;20_makeeva_s;"Кольцо кустарника вокруг здания — по аналогии с проектом «20_makeeva_s»; ближайшее ограничение — проезжая часть: 2.0 м при норме 1.0 м (СП 42.13330.2016, п. 9.6, табл. 9.1; ППМ 743-ПП, табл. 3.6.1)";"ассортимент для озеленения Москвы, категория «магистрали и улицы»; без инвазивных видов ППМ 369-ПП";проезжая часть;2.0;1.0;"СП 42.13330.2016, п. 9.6, табл. 9.1; ППМ 743-ПП, табл. 3.6.1"
bush_building_border_016_026;посажено;bush;Спирея трехлопастная;NEW_BUSH;55.497;245.094;193.602;563.712;Кольцо кустарника вокруг здания;20_makeeva_s;"Кольцо кустарника вокруг здания — по аналогии с проектом «20_makeeva_s»; ближайшее ограничение — проезжая часть: 2.0 м при норме 1.0 м (СП 42.13330.2016, п. 9.6, табл. 9.1; ППМ 743-ПП, табл. 3.6.1)";"ассортимент для озеленения Москвы, категория «магистрали и улицы»; без инвазивных видов ППМ 369-ПП";проезжая часть;2.0;1.0;"СП 42.13330.2016, п. 9.6, табл. 9.1; ППМ 743-ПП, табл. 3.6.1"
bush_building_border_016_027;посажено;bush;Смородина золотистая;NEW_BUSH;56.206;243.101;194.311;561.719;Кольцо кустарника вокруг здания;20_makeeva_s;"Кольцо кустарника вокруг здания — по аналогии с проектом «20_makeeva_s»; ближайшее ограничение — проезжая часть: 4.1 м при норме 1.0 м (СП 42.13330.2016, п. 9.6, табл. 9.1; ППМ 743-ПП, табл. 3.6.1)";"ассортимент для озеленения Москвы, категория «магистрали и улицы»; без инвазивных видов ППМ 369-ПП";проезжая часть;4.07;1.0;"СП 42.13330.2016, п. 9.6, табл. 9.1; ППМ 743-ПП, табл. 3.6.1"
bush_building_border_016_028;посажено;bush;Спирея трехлопастная;NEW_BUSH;56.21;241.701;194.315;560.319;Кольцо кустарника вокруг здания;20_makeeva_s;"Кольцо кустарника вокруг здания — по аналогии с проектом «20_makeeva_s»; ближайшее ограничение — здание: 5.0 м при норме 1.5 м (СП 42.13330.2016, п. 9.6, табл. 9.1; ППМ 743-ПП, табл. 3.6.1)";"ассортимент для озеленения Москвы, категория «магистрали и улицы»; без инвазивных видов ППМ 369-ПП";здание;5.0;1.5;"СП 42.13330.2016, п. 9.6, табл. 9.1; ППМ 743-ПП, табл. 3.6.1"
bush_building_border_016_029;посажено;bush;Смородина золотистая;NEW_BUSH;56.214;240.301;194.319;558.919;Кольцо кустарника вокруг здания;20_makeeva_s;"Кольцо кустарника вокруг здания — по аналогии с проектом «20_makeeva_s»; ближайшее ограничение — здание: 5.0 м при норме 1.5 м (СП 42.13330.2016, п. 9.6, табл. 9.1; ППМ 743-ПП, табл. 3.6.1)";"ассортимент для озеленения Москвы, категория «магистрали и улицы»; без инвазивных видов ППМ 369-ПП";здание;5.0;1.5;"СП 42.13330.2016, п. 9.6, табл. 9.1; ППМ 743-ПП, табл. 3.6.1"
bush_building_border_016_030;посажено;bush;Спирея трехлопастная;NEW_BUSH;56.218;238.901;194.323;557.519;Кольцо кустарника вокруг здания;20_makeeva_s;"Кольцо кустарника вокруг здания — по аналогии с проектом «20_makeeva_s»; ближайшее ограничение — здание: 5.0 м при норме 1.5 м (СП 42.13330.2016, п. 9.6, табл. 9.1; ППМ 743-ПП, табл. 3.6.1)";"ассортимент для озеленения Москвы, категория «магистрали и улицы»; без инвазивных видов ППМ 369-ПП";здание;5.0;1.5;"СП 42.13330.2016, п. 9.6, табл. 9.1; ППМ 743-ПП, табл. 3.6.1"
bush_building_border_016_031;посажено;bush;Смородина золотистая;NEW_BUSH;56.222;237.501;194.327;556.119;Кольцо кустарника вокруг здания;20_makeeva_s;"Кольцо кустарника вокруг здания — по аналогии с проектом «20_makeeva_s»; ближайшее ограничение — пешеходная дорожка / тротуар: 3.4 м при норме 0.5 м (СП 42.13330.2016, п. 9.6, табл. 9.1; ППМ 743-ПП, табл. 3.6.1)";"ассортимент для озеленения Москвы, категория «магистрали и улицы»; без инвазивных видов ППМ 369-ПП";пешеходная дорожка / тротуар;3.41;0.5;"СП 42.13330.2016, п. 9.6, табл. 9.1; ППМ 743-ПП, табл. 3.6.1"
bush_building_border_016_032;посажено;bush;Спирея трехлопастная;NEW_BUSH;56.233;233.301;194.338;551.919;Кольцо кустарника вокруг здания;20_makeeva_s;"Кольцо кустарника вокруг здания — по аналогии с проектом «20_makeeva_s»; ближайшее ограничение — пешеходная дорожка / тротуар: 2.6 м при норме 0.5 м (СП 42.13330.2016, п. 9.6, табл. 9.1; ППМ 743-ПП, табл. 3.6.1)";"ассортимент для озеленения Москвы, категория «магистрали и улицы»; без инвазивных видов ППМ 369-ПП";пешеходная дорожка / тротуар;2.56;0.5;"СП 42.13330.2016, п. 9.6, табл. 9.1; ППМ 743-ПП, табл. 3.6.1"
bush_building_border_016_033;посажено;bush;Смородина золотистая;NEW_BUSH;56.237;231.901;194.342;550.519;Кольцо кустарника вокруг здания;20_makeeva_s;"Кольцо кустарника вокруг здания — по аналогии с проектом «20_makeeva_s»; ближайшее ограничение — пешеходная дорожка / тротуар: 2.1 м при норме 0.5 м (СП 42.13330.2016, п. 9.6, табл. 9.1; ППМ 743-ПП, табл. 3.6.1)";"ассортимент для озеленения Москвы, категория «магистрали и улицы»; без инвазивных видов ППМ 369-ПП";пешеходная дорожка / тротуар;2.06;0.5;"СП 42.13330.2016, п. 9.6, табл. 9.1; ППМ 743-ПП, табл. 3.6.1"
bush_building_border_016_034;посажено;bush;Спирея трехлопастная;NEW_BUSH;56.241;230.501;194.346;549.119;Кольцо кустарника вокруг здания;20_makeeva_s;"Кольцо кустарника вокруг здания — по аналогии с проектом «20_makeeva_s»; ближайшее ограничение — пешеходная дорожка / тротуар: 2.4 м при норме 0.5 м (СП 42.13330.2016, п. 9.6, табл. 9.1; ППМ 743-ПП, табл. 3.6.1)";"ассортимент для озеленения Москвы, категория «магистрали и улицы»; без инвазивных видов ППМ 369-ПП";пешеходная дорожка / тротуар;2.42;0.5;"СП 42.13330.2016, п. 9.6, табл. 9.1; ППМ 743-ПП, табл. 3.6.1"
bush_building_border_016_035;посажено;bush;Смородина золотистая;NEW_BUSH;56.245;229.101;194.35;547.719;Кольцо кустарника вокруг здания;20_makeeva_s;"Кольцо кустарника вокруг здания — по аналогии с проектом «20_makeeva_s»; ближайшее ограничение — пешеходная дорожка / тротуар: 2.9 м при норме 0.5 м (СП 42.13330.2016, п. 9.6, табл. 9.1; ППМ 743-ПП, табл. 3.6.1)";"ассортимент для озеленения Москвы, категория «магистрали и улицы»; без инвазивных видов ППМ 369-ПП";пешеходная дорожка / тротуар;2.94;0.5;"СП 42.13330.2016, п. 9.6, табл. 9.1; ППМ 743-ПП, табл. 3.6.1"
bush_building_border_016_036;посажено;bush;Спирея трехлопастная;NEW_BUSH;56.249;227.701;194.354;546.319;Кольцо кустарника вокруг здания;20_makeeva_s;"Кольцо кустарника вокруг здания — по аналогии с проектом «20_makeeva_s»; ближайшее ограничение — пешеходная дорожка / тротуар: 3.0 м при норме 0.5 м (СП 42.13330.2016, п. 9.6, табл. 9.1; ППМ 743-ПП, табл. 3.6.1)";"ассортимент для озеленения Москвы, категория «магистрали и улицы»; без инвазивных видов ППМ 369-ПП";пешеходная дорожка / тротуар;2.95;0.5;"СП 42.13330.2016, п. 9.6, табл. 9.1; ППМ 743-ПП, табл. 3.6.1"
bush_building_border_016_037;посажено;bush;Смородина золотистая;NEW_BUSH;56.253;226.301;194.358;544.919;Кольцо кустарника вокруг здания;20_makeeva_s;"Кольцо кустарника вокруг здания — по аналогии с проектом «20_makeeva_s»; ближайшее ограничение — пешеходная дорожка / тротуар: 3.0 м при норме 0.5 м (СП 42.13330.2016, п. 9.6, табл. 9.1; ППМ 743-ПП, табл. 3.6.1)";"ассортимент для озеленения Москвы, категория «магистрали и улицы»; без инвазивных видов ППМ 369-ПП";пешеходная дорожка / тротуар;2.95;0.5;"СП 42.13330.2016, п. 9.6, табл. 9.1; ППМ 743-ПП, табл. 3.6.1"
bush_building_border_016_038;посажено;bush;Спирея трехлопастная;NEW_BUSH;56.257;224.901;194.362;543.519;Кольцо кустарника вокруг здания;20_makeeva_s;"Кольцо кустарника вокруг здания — по аналогии с проектом «20_makeeva_s»; ближайшее ограничение — пешеходная дорожка / тротуар: 3.0 м при норме 0.5 м (СП 42.13330.2016, п. 9.6, табл. 9.1; ППМ 743-ПП, табл. 3.6.1)";"ассортимент для озеленения Москвы, категория «магистрали и улицы»; без инвазивных видов ППМ 369-ПП";пешеходная дорожка / тротуар;2.95;0.5;"СП 42.13330.2016, п. 9.6, табл. 9.1; ППМ 743-ПП, табл. 3.6.1"
bush_building_border_016_039;посажено;bush;Смородина золотистая;NEW_BUSH;56.261;223.501;194.366;542.119;Кольцо кустарника вокруг здания;20_makeeva_s;"Кольцо кустарника вокруг здания — по аналогии с проектом «20_makeeva_s»; ближайшее ограничение — пешеходная дорожка / тротуар: 3.0 м при норме 0.5 м (СП 42.13330.2016, п. 9.6, табл. 9.1; ППМ 743-ПП, табл. 3.6.1)";"ассортимент для озеленения Москвы, категория «магистрали и улицы»; без инвазивных видов ППМ 369-ПП";пешеходная дорожка / тротуар;2.96;0.5;"СП 42.13330.2016, п. 9.6, табл. 9.1; ППМ 743-ПП, табл. 3.6.1"
bush_building_border_016_040;посажено;bush;Спирея трехлопастная;NEW_BUSH;56.273;219.302;194.378;537.919;Кольцо кустарника вокруг здания;20_makeeva_s;"Кольцо кустарника вокруг здания — по аналогии с проектом «20_makeeva_s»; ближайшее ограничение — пешеходная дорожка / тротуар: 3.0 м при норме 0.5 м (СП 42.13330.2016, п. 9.6, табл. 9.1; ППМ 743-ПП, табл. 3.6.1)";"ассортимент для озеленения Москвы, категория «магистрали и улицы»; без инвазивных видов ППМ 369-ПП";пешеходная дорожка / тротуар;2.97;0.5;"СП 42.13330.2016, п. 9.6, табл. 9.1; ППМ 743-ПП, табл. 3.6.1"
bush_building_border_016_041;посажено;bush;Смородина золотистая;NEW_BUSH;56.277;217.902;194.382;536.519;Кольцо кустарника вокруг здания;20_makeeva_s;"Кольцо кустарника вокруг здания — по аналогии с проектом «20_makeeva_s»; ближайшее ограничение — пешеходная дорожка / тротуар: 3.0 м при норме 0.5 м (СП 42.13330.2016, п. 9.6, табл. 9.1; ППМ 743-ПП, табл. 3.6.1)";"ассортимент для озеленения Москвы, категория «магистрали и улицы»; без инвазивных видов ППМ 369-ПП";пешеходная дорожка / тротуар;2.98;0.5;"СП 42.13330.2016, п. 9.6, табл. 9.1; ППМ 743-ПП, табл. 3.6.1"
bush_building_border_016_042;посажено;bush;Спирея трехлопастная;NEW_BUSH;56.281;216.502;194.386;535.119;Кольцо кустарника вокруг здания;20_makeeva_s;"Кольцо кустарника вокруг здания — по аналогии с проектом «20_makeeva_s»; ближайшее ограничение — пешеходная дорожка / тротуар: 3.0 м при норме 0.5 м (СП 42.13330.2016, п. 9.6, табл. 9.1; ППМ 743-ПП, табл. 3.6.1)";"ассортимент для озеленения Москвы, категория «магистрали и улицы»; без инвазивных видов ППМ 369-ПП";пешеходная дорожка / тротуар;2.98;0.5;"СП 42.13330.2016, п. 9.6, табл. 9.1; ППМ 743-ПП, табл. 3.6.1"
bush_building_border_016_043;посажено;bush;Смородина золотистая;NEW_BUSH;56.285;215.102;194.39;533.719;Кольцо кустарника вокруг здания;20_makeeva_s;"Кольцо кустарника вокруг здания — по аналогии с проектом «20_makeeva_s»; ближайшее ограничение — пешеходная дорожка / тротуар: 3.0 м при норме 0.5 м (СП 42.13330.2016, п. 9.6, табл. 9.1; ППМ 743-ПП, табл. 3.6.1)";"ассортимент для озеленения Москвы, категория «магистрали и улицы»; без инвазивных видов ППМ 369-ПП";пешеходная дорожка / тротуар;2.99;0.5;"СП 42.13330.2016, п. 9.6, табл. 9.1; ППМ 743-ПП, табл. 3.6.1"
bush_building_border_016_044;посажено;bush;Спирея трехлопастная;NEW_BUSH;56.289;213.702;194.394;532.319;Кольцо кустарника вокруг здания;20_makeeva_s;"Кольцо кустарника вокруг здания — по аналогии с проектом «20_makeeva_s»; ближайшее ограничение — пешеходная дорожка / тротуар: 3.0 м при норме 0.5 м (СП 42.13330.2016, п. 9.6, табл. 9.1; ППМ 743-ПП, табл. 3.6.1)";"ассортимент для озеленения Москвы, категория «магистрали и улицы»; без инвазивных видов ППМ 369-ПП";пешеходная дорожка / тротуар;3.0;0.5;"СП 42.13330.2016, п. 9.6, табл. 9.1; ППМ 743-ПП, табл. 3.6.1"
bush_building_border_016_045;посажено;bush;Смородина золотистая;NEW_BUSH;56.292;212.302;194.397;530.919;Кольцо кустарника вокруг здания;20_makeeva_s;"Кольцо кустарника вокруг здания — по аналогии с проектом «20_makeeva_s»; ближайшее ограничение — пешеходная дорожка / тротуар: 3.0 м при норме 0.5 м (СП 42.13330.2016, п. 9.6, табл. 9.1; ППМ 743-ПП, табл. 3.6.1)";"ассортимент для озеленения Москвы, категория «магистрали и улицы»; без инвазивных видов ППМ 369-ПП";пешеходная дорожка / тротуар;3.0;0.5;"СП 42.13330.2016, п. 9.6, табл. 9.1; ППМ 743-ПП, табл. 3.6.1"
bush_building_border_016_046;посажено;bush;Спирея трехлопастная;NEW_BUSH;56.296;210.902;194.401;529.519;Кольцо кустарника вокруг здания;20_makeeva_s;"Кольцо кустарника вокруг здания — по аналогии с проектом «20_makeeva_s»; ближайшее ограничение — пешеходная дорожка / тротуар: 3.0 м при норме 0.5 м (СП 42.13330.2016, п. 9.6, табл. 9.1; ППМ 743-ПП, табл. 3.6.1)";"ассортимент для озеленения Москвы, категория «магистрали и улицы»; без инвазивных видов ППМ 369-ПП";пешеходная дорожка / тротуар;3.01;0.5;"СП 42.13330.2016, п. 9.6, табл. 9.1; ППМ 743-ПП, табл. 3.6.1"
bush_building_border_016_047;посажено;bush;Смородина золотистая;NEW_BUSH;56.3;209.502;194.405;528.119;Кольцо кустарника вокруг здания;20_makeeva_s;"Кольцо кустарника вокруг здания — по аналогии с проектом «20_makeeva_s»; ближайшее ограничение — пешеходная дорожка / тротуар: 3.0 м при норме 0.5 м (СП 42.13330.2016, п. 9.6, табл. 9.1; ППМ 743-ПП, табл. 3.6.1)";"ассортимент для озеленения Москвы, категория «магистрали и улицы»; без инвазивных видов ППМ 369-ПП";пешеходная дорожка / тротуар;3.03;0.5;"СП 42.13330.2016, п. 9.6, табл. 9.1; ППМ 743-ПП, табл. 3.6.1"
bush_building_border_016_048;посажено;bush;Спирея трехлопастная;NEW_BUSH;56.308;206.702;194.413;525.319;Кольцо кустарника вокруг здания;20_makeeva_s;"Кольцо кустарника вокруг здания — по аналогии с проектом «20_makeeva_s»; ближайшее ограничение — силовой кабель: 2.5 м при норме 0.7 м (СП 42.13330.2016, п. 9.6, табл. 9.1; ППМ 743-ПП, табл. 3.6.1)";"ассортимент для озеленения Москвы, категория «магистрали и улицы»; без инвазивных видов ППМ 369-ПП";силовой кабель;2.52;0.7;"СП 42.13330.2016, п. 9.6, табл. 9.1; ППМ 743-ПП, табл. 3.6.1"
bush_building_border_016_049;посажено;bush;Смородина золотистая;NEW_BUSH;56.222;205.322;194.327;523.939;Кольцо кустарника вокруг здания;20_makeeva_s;"Кольцо кустарника вокруг здания — по аналогии с проектом «20_makeeva_s»; ближайшее ограничение — силовой кабель: 2.0 м при норме 0.7 м (СП 42.13330.2016, п. 9.6, табл. 9.1; ППМ 743-ПП, табл. 3.6.1)";"ассортимент для озеленения Москвы, категория «магистрали и улицы»; без инвазивных видов ППМ 369-ПП";силовой кабель;2.0;0.7;"СП 42.13330.2016, п. 9.6, табл. 9.1; ППМ 743-ПП, табл. 3.6.1"
bush_building_border_016_050;посажено;bush;Спирея трехлопастная;NEW_BUSH;55.615;204.06;193.72;522.678;Кольцо кустарника вокруг здания;20_makeeva_s;"Кольцо кустарника вокруг здания — по аналогии с проектом «20_makeeva_s»; ближайшее ограничение — силовой кабель: 2.0 м при норме 0.7 м (СП 42.13330.2016, п. 9.6, табл. 9.1; ППМ 743-ПП, табл. 3.6.1)";"ассортимент для озеленения Москвы, категория «магистрали и улицы»; без инвазивных видов ППМ 369-ПП";силовой кабель;2.0;0.7;"СП 42.13330.2016, п. 9.6, табл. 9.1; ППМ 743-ПП, табл. 3.6.1"
bush_building_border_016_051;посажено;bush;Смородина золотистая;NEW_BUSH;55.009;202.799;193.114;521.416;Кольцо кустарника вокруг здания;20_makeeva_s;"Кольцо кустарника вокруг здания — по аналогии с проектом «20_makeeva_s»; ближайшее ограничение — пешеходная дорожка / тротуар: 1.1 м при норме 0.5 м (СП 42.13330.2016, п. 9.6, табл. 9.1; ППМ 743-ПП, табл. 3.6.1)";"ассортимент для озеленения Москвы, категория «магистрали и улицы»; без инвазивных видов ППМ 369-ПП";пешеходная дорожка / тротуар;1.05;0.5;"СП 42.13330.2016, п. 9.6, табл. 9.1; ППМ 743-ПП, табл. 3.6.1"
bush_building_border_016_052;посажено;bush;Спирея трехлопастная;NEW_BUSH;54.422;201.579;192.527;520.196;Кольцо кустарника вокруг здания;20_makeeva_s;"Кольцо кустарника вокруг здания — по аналогии с проектом «20_makeeva_s»; ближайшее ограничение — пешеходная дорожка / тротуар: 0.8 м при норме 0.5 м (СП 42.13330.2016, п. 9.6, табл. 9.1; ППМ 743-ПП, табл. 3.6.1)";"ассортимент для озеленения Москвы, категория «магистрали и улицы»; без инвазивных видов ППМ 369-ПП";пешеходная дорожка / тротуар;0.75;0.5;"СП 42.13330.2016, п. 9.6, табл. 9.1; ППМ 743-ПП, табл. 3.6.1"
bush_building_border_016_053;посажено;bush;Смородина золотистая;NEW_BUSH;53.815;200.317;191.92;518.934;Кольцо кустарника вокруг здания;20_makeeva_s;"Кольцо кустарника вокруг здания — по аналогии с проектом «20_makeeva_s»; ближайшее ограничение — пешеходная дорожка / тротуар: 1.8 м при норме 0.5 м (СП 42.13330.2016, п. 9.6, табл. 9.1; ППМ 743-ПП, табл. 3.6.1)";"ассортимент для озеленения Москвы, категория «магистрали и улицы»; без инвазивных видов ППМ 369-ПП";пешеходная дорожка / тротуар;1.75;0.5;"СП 42.13330.2016, п. 9.6, табл. 9.1; ППМ 743-ПП, табл. 3.6.1"
tree_building_border_017_001;посажено;tree;Боярышник Арнольда;NEW_TREE;7.155;267.674;145.26;586.291;Кольцо кустарника вокруг здания;20_makeeva_s;"Кольцо кустарника вокруг здания — по аналогии с проектом «20_makeeva_s»; ближайшее ограничение — водопровод: 2.5 м при норме 2.0 м (СП 42.13330.2016, п. 9.6, табл. 9.1; ППМ 743-ПП, табл. 3.6.1)";"ассортимент для озеленения Москвы, категория «магистрали и улицы»; без инвазивных видов ППМ 369-ПП";водопровод;2.51;2.0;"СП 42.13330.2016, п. 9.6, табл. 9.1; ППМ 743-ПП, табл. 3.6.1"
tree_building_border_017_002;посажено;tree;Боярышник Арнольда;NEW_TREE;9.325;279.36;147.43;597.977;Кольцо кустарника вокруг здания;20_makeeva_s;"Кольцо кустарника вокруг здания — по аналогии с проектом «20_makeeva_s»; ближайшее ограничение — здание: 8.0 м при норме 5.0 м (СП 42.13330.2016, п. 9.6, табл. 9.1; ППМ 743-ПП, табл. 3.6.1)";"ассортимент для озеленения Москвы, категория «магистрали и улицы»; без инвазивных видов ППМ 369-ПП";здание;7.99;5.0;"СП 42.13330.2016, п. 9.6, табл. 9.1; ППМ 743-ПП, табл. 3.6.1"
bush_building_border_017_001;посажено;bush;Смородина золотистая;NEW_BUSH;6.975;260.09;145.08;578.707;Кольцо кустарника вокруг здания;20_makeeva_s;"Кольцо кустарника вокруг здания — по аналогии с проектом «20_makeeva_s»; ближайшее ограничение — кабель связи: 3.4 м при норме 0.7 м (СП 42.13330.2016, п. 9.6, табл. 9.1; ППМ 743-ПП, табл. 3.6.1)";"ассортимент для озеленения Москвы, категория «магистрали и улицы»; без инвазивных видов ППМ 369-ПП";кабель связи;3.36;0.7;"СП 42.13330.2016, п. 9.6, табл. 9.1; ППМ 743-ПП, табл. 3.6.1"
bush_building_border_017_002;посажено;bush;Спирея трехлопастная;NEW_BUSH;6.604;261.437;144.709;580.054;Кольцо кустарника вокруг здания;20_makeeva_s;"Кольцо кустарника вокруг здания — по аналогии с проектом «20_makeeva_s»; ближайшее ограничение — водопровод: 3.3 м при норме 0.0 м (СП 42.13330.2016, п. 9.6, табл. 9.1; ППМ 743-ПП, табл. 3.6.1)";"ассортимент для озеленения Москвы, категория «магистрали и улицы»; без инвазивных видов ППМ 369-ПП";водопровод;3.26;0.0;"СП 42.13330.2016, п. 9.6, табл. 9.1; ППМ 743-ПП, табл. 3.6.1"
bush_building_border_017_003;посажено;bush;Смородина золотистая;NEW_BUSH;6.47;262.828;144.575;581.445;Кольцо кустарника вокруг здания;20_makeeva_s;"Кольцо кустарника вокруг здания — по аналогии с проектом «20_makeeva_s»; ближайшее ограничение — водопровод: 2.8 м при норме 0.0 м (СП 42.13330.2016, п. 9.6, табл. 9.1; ППМ 743-ПП, табл. 3.6.1)";"ассортимент для озеленения Москвы, категория «магистрали и улицы»; без инвазивных видов ППМ 369-ПП";водопровод;2.82;0.0;"СП 42.13330.2016, п. 9.6, табл. 9.1; ППМ 743-ПП, табл. 3.6.1"
bush_building_border_017_004;посажено;bush;Спирея трехлопастная;NEW_BUSH;6.576;264.222;144.681;582.839;Кольцо кустарника вокруг здания;20_makeeva_s;"Кольцо кустарника вокруг здания — по аналогии с проектом «20_makeeva_s»; ближайшее ограничение — водопровод: 2.6 м при норме 0.0 м (СП 42.13330.2016, п. 9.6, табл. 9.1; ППМ 743-ПП, табл. 3.6.1)";"ассортимент для озеленения Москвы, категория «магистрали и улицы»; без инвазивных видов ППМ 369-ПП";водопровод;2.61;0.0;"СП 42.13330.2016, п. 9.6, табл. 9.1; ППМ 743-ПП, табл. 3.6.1"
bush_building_border_017_005;посажено;bush;Смородина золотистая;NEW_BUSH;6.808;265.603;144.913;584.22;Кольцо кустарника вокруг здания;20_makeeva_s;"Кольцо кустарника вокруг здания — по аналогии с проектом «20_makeeva_s»; ближайшее ограничение — водопровод: 2.5 м при норме 0.0 м (СП 42.13330.2016, п. 9.6, табл. 9.1; ППМ 743-ПП, табл. 3.6.1)";"ассортимент для озеленения Москвы, категория «магистрали и улицы»; без инвазивных видов ППМ 369-ПП";водопровод;2.52;0.0;"СП 42.13330.2016, п. 9.6, табл. 9.1; ППМ 743-ПП, табл. 3.6.1"
bush_building_border_017_006;посажено;bush;Спирея трехлопастная;NEW_BUSH;7.502;269.745;145.607;588.362;Кольцо кустарника вокруг здания;20_makeeva_s;"Кольцо кустарника вокруг здания — по аналогии с проектом «20_makeeva_s»; ближайшее ограничение — водопровод: 3.6 м при норме 0.0 м (СП 42.13330.2016, п. 9.6, табл. 9.1; ППМ 743-ПП, табл. 3.6.1)";"ассортимент для озеленения Москвы, категория «магистрали и улицы»; без инвазивных видов ППМ 369-ПП";водопровод;3.64;0.0;"СП 42.13330.2016, п. 9.6, табл. 9.1; ППМ 743-ПП, табл. 3.6.1"
bush_building_border_017_007;посажено;bush;Смородина золотистая;NEW_BUSH;7.734;271.126;145.839;589.743;Кольцо кустарника вокруг здания;20_makeeva_s;"Кольцо кустарника вокруг здания — по аналогии с проектом «20_makeeva_s»; ближайшее ограничение — водопровод: 4.8 м при норме 0.0 м (СП 42.13330.2016, п. 9.6, табл. 9.1; ППМ 743-ПП, табл. 3.6.1)";"ассортимент для озеленения Москвы, категория «магистрали и улицы»; без инвазивных видов ППМ 369-ПП";водопровод;4.77;0.0;"СП 42.13330.2016, п. 9.6, табл. 9.1; ППМ 743-ПП, табл. 3.6.1"
bush_building_border_017_008;посажено;bush;Спирея трехлопастная;NEW_BUSH;8.428;275.268;146.533;593.885;Кольцо кустарника вокруг здания;20_makeeva_s;"Кольцо кустарника вокруг здания — по аналогии с проектом «20_makeeva_s»; нормируемых ограничений ближе 5 м сверх нормы нет";"ассортимент для озеленения Москвы, категория «магистрали и улицы»; без инвазивных видов ППМ 369-ПП";;;;
bush_building_border_017_009;посажено;bush;Смородина золотистая;NEW_BUSH;8.66;276.648;146.765;595.266;Кольцо кустарника вокруг здания;20_makeeva_s;"Кольцо кустарника вокруг здания — по аналогии с проектом «20_makeeva_s»; нормируемых ограничений ближе 5 м сверх нормы нет";"ассортимент для озеленения Москвы, категория «магистрали и улицы»; без инвазивных видов ППМ 369-ПП";;;;
bush_building_border_017_010;посажено;bush;Спирея трехлопастная;NEW_BUSH;8.91;278.026;147.015;596.643;Кольцо кустарника вокруг здания;20_makeeva_s;"Кольцо кустарника вокруг здания — по аналогии с проектом «20_makeeva_s»; нормируемых ограничений ближе 5 м сверх нормы нет";"ассортимент для озеленения Москвы, категория «магистрали и улицы»; без инвазивных видов ППМ 369-ПП";;;;
bush_building_border_017_011;посажено;bush;Смородина золотистая;NEW_BUSH;9.962;280.604;148.067;599.221;Кольцо кустарника вокруг здания;20_makeeva_s;"Кольцо кустарника вокруг здания — по аналогии с проектом «20_makeeva_s»; нормируемых ограничений ближе 5 м сверх нормы нет";"ассортимент для озеленения Москвы, категория «магистрали и улицы»; без инвазивных видов ППМ 369-ПП";;;;
bush_building_border_017_012;посажено;bush;Спирея трехлопастная;NEW_BUSH;10.813;281.713;148.918;600.331;Кольцо кустарника вокруг здания;20_makeeva_s;"Кольцо кустарника вокруг здания — по аналогии с проектом «20_makeeva_s»; нормируемых ограничений ближе 5 м сверх нормы нет";"ассортимент для озеленения Москвы, категория «магистрали и улицы»; без инвазивных видов ППМ 369-ПП";;;;
bush_building_border_017_013;посажено;bush;Смородина золотистая;NEW_BUSH;11.845;282.656;149.95;601.273;Кольцо кустарника вокруг здания;20_makeeva_s;"Кольцо кустарника вокруг здания — по аналогии с проектом «20_makeeva_s»; нормируемых ограничений ближе 5 м сверх нормы нет";"ассортимент для озеленения Москвы, категория «магистрали и улицы»; без инвазивных видов ППМ 369-ПП";;;;
bush_building_border_017_014;посажено;bush;Спирея трехлопастная;NEW_BUSH;13.023;283.407;151.128;602.025;Кольцо кустарника вокруг здания;20_makeeva_s;"Кольцо кустарника вокруг здания — по аналогии с проектом «20_makeeva_s»; нормируемых ограничений ближе 5 м сверх нормы нет";"ассортимент для озеленения Москвы, категория «магистрали и улицы»; без инвазивных видов ППМ 369-ПП";;;;
bush_building_border_017_015;посажено;bush;Смородина золотистая;NEW_BUSH;14.312;283.946;152.417;602.563;Кольцо кустарника вокруг здания;20_makeeva_s;"Кольцо кустарника вокруг здания — по аналогии с проектом «20_makeeva_s»; нормируемых ограничений ближе 5 м сверх нормы нет";"ассортимент для озеленения Москвы, категория «магистрали и улицы»; без инвазивных видов ППМ 369-ПП";;;;
bush_building_border_017_016;посажено;bush;Спирея трехлопастная;NEW_BUSH;15.676;284.253;153.781;602.871;Кольцо кустарника вокруг здания;20_makeeva_s;"Кольцо кустарника вокруг здания — по аналогии с проектом «20_makeeva_s»; нормируемых ограничений ближе 5 м сверх нормы нет";"ассортимент для озеленения Москвы, категория «магистрали и улицы»; без инвазивных видов ППМ 369-ПП";;;;
bush_building_border_017_017;посажено;bush;Смородина золотистая;NEW_BUSH;13.854;280.418;151.959;599.036;Кольцо кустарника вокруг здания;20_makeeva_s;"Кольцо кустарника вокруг здания — по аналогии с проектом «20_makeeva_s»; ближайшее ограничение — здание: 5.0 м при норме 1.5 м (СП 42.13330.2016, п. 9.6, табл. 9.1; ППМ 743-ПП, табл. 3.6.1)";"ассортимент для озеленения Москвы, категория «магистрали и улицы»; без инвазивных видов ППМ 369-ПП";здание;5.0;1.5;"СП 42.13330.2016, п. 9.6, табл. 9.1; ППМ 743-ПП, табл. 3.6.1"
bush_building_border_017_018;посажено;bush;Спирея трехлопастная;NEW_BUSH;12.835;279.466;150.94;598.083;Кольцо кустарника вокруг здания;20_makeeva_s;"Кольцо кустарника вокруг здания — по аналогии с проектом «20_makeeva_s»; ближайшее ограничение — здание: 5.0 м при норме 1.5 м (СП 42.13330.2016, п. 9.6, табл. 9.1; ППМ 743-ПП, табл. 3.6.1)";"ассортимент для озеленения Москвы, категория «магистрали и улицы»; без инвазивных видов ППМ 369-ПП";здание;5.0;1.5;"СП 42.13330.2016, п. 9.6, табл. 9.1; ППМ 743-ПП, табл. 3.6.1"
bush_building_border_017_019;посажено;bush;Смородина золотистая;NEW_BUSH;12.118;278.269;150.223;596.887;Кольцо кустарника вокруг здания;20_makeeva_s;"Кольцо кустарника вокруг здания — по аналогии с проектом «20_makeeva_s»; ближайшее ограничение — здание: 5.0 м при норме 1.5 м (СП 42.13330.2016, п. 9.6, табл. 9.1; ППМ 743-ПП, табл. 3.6.1)";"ассортимент для озеленения Москвы, категория «магистрали и улицы»; без инвазивных видов ППМ 369-ПП";здание;4.99;1.5;"СП 42.13330.2016, п. 9.6, табл. 9.1; ППМ 743-ПП, табл. 3.6.1"
bush_building_border_017_020;посажено;bush;Спирея трехлопастная;NEW_BUSH;11.285;274.162;149.39;592.78;Кольцо кустарника вокруг здания;20_makeeva_s;"Кольцо кустарника вокруг здания — по аналогии с проектом «20_makeeva_s»; ближайшее ограничение — здание: 5.0 м при норме 1.5 м (СП 42.13330.2016, п. 9.6, табл. 9.1; ППМ 743-ПП, табл. 3.6.1)";"ассортимент для озеленения Москвы, категория «магистрали и улицы»; без инвазивных видов ППМ 369-ПП";здание;5.0;1.5;"СП 42.13330.2016, п. 9.6, табл. 9.1; ППМ 743-ПП, табл. 3.6.1"
bush_building_border_017_021;посажено;bush;Смородина золотистая;NEW_BUSH;11.053;272.781;149.158;591.399;Кольцо кустарника вокруг здания;20_makeeva_s;"Кольцо кустарника вокруг здания — по аналогии с проектом «20_makeeva_s»; ближайшее ограничение — здание: 5.0 м при норме 1.5 м (СП 42.13330.2016, п. 9.6, табл. 9.1; ППМ 743-ПП, табл. 3.6.1)";"ассортимент для озеленения Москвы, категория «магистрали и улицы»; без инвазивных видов ППМ 369-ПП";здание;5.0;1.5;"СП 42.13330.2016, п. 9.6, табл. 9.1; ППМ 743-ПП, табл. 3.6.1"
bush_building_border_017_022;посажено;bush;Спирея трехлопастная;NEW_BUSH;10.822;271.401;148.927;590.018;Кольцо кустарника вокруг здания;20_makeeva_s;"Кольцо кустарника вокруг здания — по аналогии с проектом «20_makeeva_s»; ближайшее ограничение — здание: 5.0 м при норме 1.5 м (СП 42.13330.2016, п. 9.6, табл. 9.1; ППМ 743-ПП, табл. 3.6.1)";"ассортимент для озеленения Москвы, категория «магистрали и улицы»; без инвазивных видов ППМ 369-ПП";здание;5.0;1.5;"СП 42.13330.2016, п. 9.6, табл. 9.1; ППМ 743-ПП, табл. 3.6.1"
bush_building_border_017_023;посажено;bush;Смородина золотистая;NEW_BUSH;10.59;270.02;148.695;588.637;Кольцо кустарника вокруг здания;20_makeeva_s;"Кольцо кустарника вокруг здания — по аналогии с проектом «20_makeeva_s»; ближайшее ограничение — здание: 5.0 м при норме 1.5 м (СП 42.13330.2016, п. 9.6, табл. 9.1; ППМ 743-ПП, табл. 3.6.1)";"ассортимент для озеленения Москвы, категория «магистрали и улицы»; без инвазивных видов ППМ 369-ПП";здание;5.0;1.5;"СП 42.13330.2016, п. 9.6, табл. 9.1; ППМ 743-ПП, табл. 3.6.1"
bush_building_border_017_024;посажено;bush;Спирея трехлопастная;NEW_BUSH;10.359;268.639;148.464;587.257;Кольцо кустарника вокруг здания;20_makeeva_s;"Кольцо кустарника вокруг здания — по аналогии с проектом «20_makeeva_s»; ближайшее ограничение — здание: 5.0 м при норме 1.5 м (СП 42.13330.2016, п. 9.6, табл. 9.1; ППМ 743-ПП, табл. 3.6.1)";"ассортимент для озеленения Москвы, категория «магистрали и улицы»; без инвазивных видов ППМ 369-ПП";здание;5.0;1.5;"СП 42.13330.2016, п. 9.6, табл. 9.1; ППМ 743-ПП, табл. 3.6.1"
bush_building_border_017_025;посажено;bush;Смородина золотистая;NEW_BUSH;10.127;267.259;148.232;585.876;Кольцо кустарника вокруг здания;20_makeeva_s;"Кольцо кустарника вокруг здания — по аналогии с проектом «20_makeeva_s»; ближайшее ограничение — здание: 5.0 м при норме 1.5 м (СП 42.13330.2016, п. 9.6, табл. 9.1; ППМ 743-ПП, табл. 3.6.1)";"ассортимент для озеленения Москвы, категория «магистрали и улицы»; без инвазивных видов ППМ 369-ПП";здание;5.0;1.5;"СП 42.13330.2016, п. 9.6, табл. 9.1; ППМ 743-ПП, табл. 3.6.1"
bush_building_border_017_026;посажено;bush;Спирея трехлопастная;NEW_BUSH;9.896;265.878;148.001;584.495;Кольцо кустарника вокруг здания;20_makeeva_s;"Кольцо кустарника вокруг здания — по аналогии с проектом «20_makeeva_s»; ближайшее ограничение — здание: 5.0 м при норме 1.5 м (СП 42.13330.2016, п. 9.6, табл. 9.1; ППМ 743-ПП, табл. 3.6.1)";"ассортимент для озеленения Москвы, категория «магистрали и улицы»; без инвазивных видов ППМ 369-ПП";здание;5.0;1.5;"СП 42.13330.2016, п. 9.6, табл. 9.1; ППМ 743-ПП, табл. 3.6.1"
bush_building_border_017_027;посажено;bush;Смородина золотистая;NEW_BUSH;9.664;264.497;147.769;583.115;Кольцо кустарника вокруг здания;20_makeeva_s;"Кольцо кустарника вокруг здания — по аналогии с проектом «20_makeeva_s»; ближайшее ограничение — здание: 5.0 м при норме 1.5 м (СП 42.13330.2016, п. 9.6, табл. 9.1; ППМ 743-ПП, табл. 3.6.1)";"ассортимент для озеленения Москвы, категория «магистрали и улицы»; без инвазивных видов ППМ 369-ПП";здание;5.0;1.5;"СП 42.13330.2016, п. 9.6, табл. 9.1; ППМ 743-ПП, табл. 3.6.1"
bush_building_border_017_028;посажено;bush;Спирея трехлопастная;NEW_BUSH;9.472;263.112;147.577;581.729;Кольцо кустарника вокруг здания;20_makeeva_s;"Кольцо кустарника вокруг здания — по аналогии с проектом «20_makeeva_s»; ближайшее ограничение — здание: 5.0 м при норме 1.5 м (СП 42.13330.2016, п. 9.6, табл. 9.1; ППМ 743-ПП, табл. 3.6.1)";"ассортимент для озеленения Москвы, категория «магистрали и улицы»; без инвазивных видов ППМ 369-ПП";здание;5.0;1.5;"СП 42.13330.2016, п. 9.6, табл. 9.1; ППМ 743-ПП, табл. 3.6.1"
bush_building_border_017_029;посажено;bush;Смородина золотистая;NEW_BUSH;9.601;261.722;147.706;580.34;Кольцо кустарника вокруг здания;20_makeeva_s;"Кольцо кустарника вокруг здания — по аналогии с проектом «20_makeeva_s»; ближайшее ограничение — здание: 5.0 м при норме 1.5 м (СП 42.13330.2016, п. 9.6, табл. 9.1; ППМ 743-ПП, табл. 3.6.1)";"ассортимент для озеленения Москвы, категория «магистрали и улицы»; без инвазивных видов ППМ 369-ПП";здание;5.0;1.5;"СП 42.13330.2016, п. 9.6, табл. 9.1; ППМ 743-ПП, табл. 3.6.1"
bush_building_border_017_030;посажено;bush;Спирея трехлопастная;NEW_BUSH;10.962;259.317;149.067;577.935;Кольцо кустарника вокруг здания;20_makeeva_s;"Кольцо кустарника вокруг здания — по аналогии с проектом «20_makeeva_s»; ближайшее ограничение — кабель связи: 2.9 м при норме 0.7 м (СП 42.13330.2016, п. 9.6, табл. 9.1; ППМ 743-ПП, табл. 3.6.1)";"ассортимент для озеленения Москвы, категория «магистрали и улицы»; без инвазивных видов ППМ 369-ПП";кабель связи;2.9;0.7;"СП 42.13330.2016, п. 9.6, табл. 9.1; ППМ 743-ПП, табл. 3.6.1"
bush_building_border_017_031;посажено;bush;Смородина золотистая;NEW_BUSH;12.084;258.49;150.189;577.107;Кольцо кустарника вокруг здания;20_makeeva_s;"Кольцо кустарника вокруг здания — по аналогии с проектом «20_makeeva_s»; ближайшее ограничение — кабель связи: 2.2 м при норме 0.7 м (СП 42.13330.2016, п. 9.6, табл. 9.1; ППМ 743-ПП, табл. 3.6.1)";"ассортимент для озеленения Москвы, категория «магистрали и улицы»; без инвазивных видов ППМ 369-ПП";кабель связи;2.16;0.7;"СП 42.13330.2016, п. 9.6, табл. 9.1; ППМ 743-ПП, табл. 3.6.1"
bush_building_border_017_032;посажено;bush;Спирея трехлопастная;NEW_BUSH;10.105;258.482;148.21;577.1;Кольцо кустарника вокруг здания;20_makeeva_s;"Кольцо кустарника вокруг здания — по аналогии с проектом «20_makeeva_s»; ближайшее ограничение — кабель связи: 2.0 м при норме 0.7 м (СП 42.13330.2016, п. 9.6, табл. 9.1; ППМ 743-ПП, табл. 3.6.1)";"ассортимент для озеленения Москвы, категория «магистрали и улицы»; без инвазивных видов ППМ 369-ПП";кабель связи;2.0;0.7;"СП 42.13330.2016, п. 9.6, табл. 9.1; ППМ 743-ПП, табл. 3.6.1"
bush_building_border_018_001;посажено;bush;Смородина золотистая;NEW_BUSH;24.867;-184.0;162.972;134.617;Кольцо кустарника вокруг здания;20_makeeva_s;"Кольцо кустарника вокруг здания — по аналогии с проектом «20_makeeva_s»; ближайшее ограничение — теплосеть: 2.5 м при норме 1.0 м (СП 42.13330.2016, п. 9.6, табл. 9.1; ППМ 743-ПП, табл. 3.6.1)";"ассортимент для озеленения Москвы, категория «магистрали и улицы»; без инвазивных видов ППМ 369-ПП";теплосеть;2.5;1.0;"СП 42.13330.2016, п. 9.6, табл. 9.1; ППМ 743-ПП, табл. 3.6.1"
bush_building_border_018_002;посажено;bush;Спирея трехлопастная;NEW_BUSH;26.267;-183.992;164.372;134.626;Кольцо кустарника вокруг здания;20_makeeva_s;"Кольцо кустарника вокруг здания — по аналогии с проектом «20_makeeva_s»; ближайшее ограничение — теплосеть: 3.1 м при норме 1.0 м (СП 42.13330.2016, п. 9.6, табл. 9.1; ППМ 743-ПП, табл. 3.6.1)";"ассортимент для озеленения Москвы, категория «магистрали и улицы»; без инвазивных видов ППМ 369-ПП";теплосеть;3.13;1.0;"СП 42.13330.2016, п. 9.6, табл. 9.1; ППМ 743-ПП, табл. 3.6.1"
bush_building_border_018_003;посажено;bush;Смородина золотистая;NEW_BUSH;27.667;-183.983;165.772;134.634;Кольцо кустарника вокруг здания;20_makeeva_s;"Кольцо кустарника вокруг здания — по аналогии с проектом «20_makeeva_s»; ближайшее ограничение — теплосеть: 3.8 м при норме 1.0 м (СП 42.13330.2016, п. 9.6, табл. 9.1; ППМ 743-ПП, табл. 3.6.1)";"ассортимент для озеленения Москвы, категория «магистрали и улицы»; без инвазивных видов ППМ 369-ПП";теплосеть;3.76;1.0;"СП 42.13330.2016, п. 9.6, табл. 9.1; ППМ 743-ПП, табл. 3.6.1"
bush_building_border_018_004;посажено;bush;Спирея трехлопастная;NEW_BUSH;29.067;-183.975;167.172;134.642;Кольцо кустарника вокруг здания;20_makeeva_s;"Кольцо кустарника вокруг здания — по аналогии с проектом «20_makeeva_s»; ближайшее ограничение — проезжая часть: 3.9 м при норме 1.0 м (СП 42.13330.2016, п. 9.6, табл. 9.1; ППМ 743-ПП, табл. 3.6.1)";"ассортимент для озеленения Москвы, категория «магистрали и улицы»; без инвазивных видов ППМ 369-ПП";проезжая часть;3.9;1.0;"СП 42.13330.2016, п. 9.6, табл. 9.1; ППМ 743-ПП, табл. 3.6.1"
bush_building_border_018_005;посажено;bush;Смородина золотистая;NEW_BUSH;30.467;-183.967;168.572;134.651;Кольцо кустарника вокруг здания;20_makeeva_s;"Кольцо кустарника вокруг здания — по аналогии с проектом «20_makeeva_s»; ближайшее ограничение — пешеходная дорожка / тротуар: 3.0 м при норме 0.5 м (СП 42.13330.2016, п. 9.6, табл. 9.1; ППМ 743-ПП, табл. 3.6.1)";"ассортимент для озеленения Москвы, категория «магистрали и улицы»; без инвазивных видов ППМ 369-ПП";пешеходная дорожка / тротуар;2.98;0.5;"СП 42.13330.2016, п. 9.6, табл. 9.1; ППМ 743-ПП, табл. 3.6.1"
bush_building_border_018_006;посажено;bush;Спирея трехлопастная;NEW_BUSH;32.824;-185.857;170.929;132.761;Кольцо кустарника вокруг здания;20_makeeva_s;"Кольцо кустарника вокруг здания — по аналогии с проектом «20_makeeva_s»; ближайшее ограничение — пешеходная дорожка / тротуар: 0.7 м при норме 0.5 м (СП 42.13330.2016, п. 9.6, табл. 9.1; ППМ 743-ПП, табл. 3.6.1)";"ассортимент для озеленения Москвы, категория «магистрали и улицы»; без инвазивных видов ППМ 369-ПП";пешеходная дорожка / тротуар;0.71;0.5;"СП 42.13330.2016, п. 9.6, табл. 9.1; ППМ 743-ПП, табл. 3.6.1"
bush_building_border_018_007;посажено;bush;Смородина золотистая;NEW_BUSH;28.624;-185.879;166.729;132.738;Кольцо кустарника вокруг здания;20_makeeva_s;"Кольцо кустарника вокруг здания — по аналогии с проектом «20_makeeva_s»; ближайшее ограничение — проезжая часть: 2.0 м при норме 1.0 м (СП 42.13330.2016, п. 9.6, табл. 9.1; ППМ 743-ПП, табл. 3.6.1)";"ассортимент для озеленения Москвы, категория «магистрали и улицы»; без инвазивных видов ППМ 369-ПП";проезжая часть;2.0;1.0;"СП 42.13330.2016, п. 9.6, табл. 9.1; ППМ 743-ПП, табл. 3.6.1"
bush_building_border_018_008;посажено;bush;Спирея трехлопастная;NEW_BUSH;27.256;-185.75;165.361;132.868;Кольцо кустарника вокруг здания;20_makeeva_s;"Кольцо кустарника вокруг здания — по аналогии с проектом «20_makeeva_s»; ближайшее ограничение — теплосеть: 2.0 м при норме 1.0 м (СП 42.13330.2016, п. 9.6, табл. 9.1; ППМ 743-ПП, табл. 3.6.1)";"ассортимент для озеленения Москвы, категория «магистрали и улицы»; без инвазивных видов ППМ 369-ПП";теплосеть;2.0;1.0;"СП 42.13330.2016, п. 9.6, табл. 9.1; ППМ 743-ПП, табл. 3.6.1"
bush_building_border_018_009;посажено;bush;Смородина золотистая;NEW_BUSH;26.003;-185.125;164.108;133.493;Кольцо кустарника вокруг здания;20_makeeva_s;"Кольцо кустарника вокруг здания — по аналогии с проектом «20_makeeva_s»; ближайшее ограничение — теплосеть: 2.0 м при норме 1.0 м (СП 42.13330.2016, п. 9.6, табл. 9.1; ППМ 743-ПП, табл. 3.6.1)";"ассортимент для озеленения Москвы, категория «магистрали и улицы»; без инвазивных видов ППМ 369-ПП";теплосеть;2.0;1.0;"СП 42.13330.2016, п. 9.6, табл. 9.1; ППМ 743-ПП, табл. 3.6.1"
bush_building_border_019_001;посажено;bush;Смородина золотистая;NEW_BUSH;35.042;-183.945;173.147;134.673;Кольцо кустарника вокруг здания;20_makeeva_s;"Кольцо кустарника вокруг здания — по аналогии с проектом «20_makeeva_s»; ближайшее ограничение — пешеходная дорожка / тротуар: 1.4 м при норме 0.5 м (СП 42.13330.2016, п. 9.6, табл. 9.1; ППМ 743-ПП, табл. 3.6.1)";"ассортимент для озеленения Москвы, категория «магистрали и улицы»; без инвазивных видов ППМ 369-ПП";пешеходная дорожка / тротуар;1.43;0.5;"СП 42.13330.2016, п. 9.6, табл. 9.1; ППМ 743-ПП, табл. 3.6.1"
bush_building_border_019_002;посажено;bush;Спирея трехлопастная;NEW_BUSH;36.442;-183.937;174.547;134.681;Кольцо кустарника вокруг здания;20_makeeva_s;"Кольцо кустарника вокруг здания — по аналогии с проектом «20_makeeva_s»; ближайшее ограничение — пешеходная дорожка / тротуар: 2.8 м при норме 0.5 м (СП 42.13330.2016, п. 9.6, табл. 9.1; ППМ 743-ПП, табл. 3.6.1)";"ассортимент для озеленения Москвы, категория «магистрали и улицы»; без инвазивных видов ППМ 369-ПП";пешеходная дорожка / тротуар;2.83;0.5;"СП 42.13330.2016, п. 9.6, табл. 9.1; ППМ 743-ПП, табл. 3.6.1"
bush_building_border_019_003;посажено;bush;Смородина золотистая;NEW_BUSH;37.842;-183.928;175.947;134.689;Кольцо кустарника вокруг здания;20_makeeva_s;"Кольцо кустарника вокруг здания — по аналогии с проектом «20_makeeva_s»; ближайшее ограничение — воздушная ЛЭП: 4.7 м при норме 2.0 м (охранная зона по чертежу (отступ зоны))";"ассортимент для озеленения Москвы, категория «магистрали и улицы»; без инвазивных видов ППМ 369-ПП";воздушная ЛЭП;4.71;2.0;охранная зона по чертежу (отступ зоны)
bush_building_border_019_004;посажено;bush;Спирея трехлопастная;NEW_BUSH;39.242;-183.92;177.347;134.697;Кольцо кустарника вокруг здания;20_makeeva_s;"Кольцо кустарника вокруг здания — по аналогии с проектом «20_makeeva_s»; ближайшее ограничение — воздушная ЛЭП: 3.3 м при норме 2.0 м (охранная зона по чертежу (отступ зоны))";"ассортимент для озеленения Москвы, категория «магистрали и улицы»; без инвазивных видов ППМ 369-ПП";воздушная ЛЭП;3.34;2.0;охранная зона по чертежу (отступ зоны)
bush_building_border_019_005;посажено;bush;Смородина золотистая;NEW_BUSH;40.15;-185.818;178.255;132.8;Кольцо кустарника вокруг здания;20_makeeva_s;"Кольцо кустарника вокруг здания — по аналогии с проектом «20_makeeva_s»; ближайшее ограничение — воздушная ЛЭП: 2.9 м при норме 2.0 м (охранная зона по чертежу (отступ зоны))";"ассортимент для озеленения Москвы, категория «магистрали и улицы»; без инвазивных видов ППМ 369-ПП";воздушная ЛЭП;2.86;2.0;охранная зона по чертежу (отступ зоны)
bush_building_border_019_006;посажено;bush;Спирея трехлопастная;NEW_BUSH;38.75;-185.825;176.855;132.792;Кольцо кустарника вокруг здания;20_makeeva_s;"Кольцо кустарника вокруг здания — по аналогии с проектом «20_makeeva_s»; ближайшее ограничение — проезжая часть: 2.0 м при норме 1.0 м (СП 42.13330.2016, п. 9.6, табл. 9.1; ППМ 743-ПП, табл. 3.6.1)";"ассортимент для озеленения Москвы, категория «магистрали и улицы»; без инвазивных видов ППМ 369-ПП";проезжая часть;2.0;1.0;"СП 42.13330.2016, п. 9.6, табл. 9.1; ППМ 743-ПП, табл. 3.6.1"
bush_building_border_019_007;посажено;bush;Смородина золотистая;NEW_BUSH;37.351;-185.833;175.455;132.785;Кольцо кустарника вокруг здания;20_makeeva_s;"Кольцо кустарника вокруг здания — по аналогии с проектом «20_makeeva_s»; ближайшее ограничение — проезжая часть: 2.0 м при норме 1.0 м (СП 42.13330.2016, п. 9.6, табл. 9.1; ППМ 743-ПП, табл. 3.6.1)";"ассортимент для озеленения Москвы, категория «магистрали и улицы»; без инвазивных видов ППМ 369-ПП";проезжая часть;2.0;1.0;"СП 42.13330.2016, п. 9.6, табл. 9.1; ППМ 743-ПП, табл. 3.6.1"
bush_building_border_019_008;посажено;bush;Спирея трехлопастная;NEW_BUSH;35.951;-185.84;174.055;132.777;Кольцо кустарника вокруг здания;20_makeeva_s;"Кольцо кустарника вокруг здания — по аналогии с проектом «20_makeeva_s»; ближайшее ограничение — проезжая часть: 2.0 м при норме 1.0 м (СП 42.13330.2016, п. 9.6, табл. 9.1; ППМ 743-ПП, табл. 3.6.1)";"ассортимент для озеленения Москвы, категория «магистрали и улицы»; без инвазивных видов ППМ 369-ПП";проезжая часть;2.0;1.0;"СП 42.13330.2016, п. 9.6, табл. 9.1; ППМ 743-ПП, табл. 3.6.1"
bush_building_border_019_009;посажено;bush;Смородина золотистая;NEW_BUSH;34.551;-185.848;172.656;132.77;Кольцо кустарника вокруг здания;20_makeeva_s;"Кольцо кустарника вокруг здания — по аналогии с проектом «20_makeeva_s»; ближайшее ограничение — пешеходная дорожка / тротуар: 0.9 м при норме 0.5 м (СП 42.13330.2016, п. 9.6, табл. 9.1; ППМ 743-ПП, табл. 3.6.1)";"ассортимент для озеленения Москвы, категория «магистрали и улицы»; без инвазивных видов ППМ 369-ПП";пешеходная дорожка / тротуар;0.93;0.5;"СП 42.13330.2016, п. 9.6, табл. 9.1; ППМ 743-ПП, табл. 3.6.1"
bush_building_border_019_010;посажено;bush;Спирея трехлопастная;NEW_BUSH;34.311;-184.684;172.416;133.934;Кольцо кустарника вокруг здания;20_makeeva_s;"Кольцо кустарника вокруг здания — по аналогии с проектом «20_makeeva_s»; ближайшее ограничение — пешеходная дорожка / тротуар: 0.7 м при норме 0.5 м (СП 42.13330.2016, п. 9.6, табл. 9.1; ППМ 743-ПП, табл. 3.6.1)";"ассортимент для озеленения Москвы, категория «магистрали и улицы»; без инвазивных видов ППМ 369-ПП";пешеходная дорожка / тротуар;0.7;0.5;"СП 42.13330.2016, п. 9.6, табл. 9.1; ППМ 743-ПП, табл. 3.6.1"
bush_building_border_020_001;посажено;bush;Смородина золотистая;NEW_BUSH;49.56;-183.86;187.665;134.758;Кольцо кустарника вокруг здания;20_makeeva_s;"Кольцо кустарника вокруг здания — по аналогии с проектом «20_makeeva_s»; ближайшее ограничение — воздушная ЛЭП: 2.8 м при норме 2.0 м (охранная зона по чертежу (отступ зоны))";"ассортимент для озеленения Москвы, категория «магистрали и улицы»; без инвазивных видов ППМ 369-ПП";воздушная ЛЭП;2.75;2.0;охранная зона по чертежу (отступ зоны)
bush_building_border_020_002;посажено;bush;Спирея трехлопастная;NEW_BUSH;50.96;-183.851;189.065;134.766;Кольцо кустарника вокруг здания;20_makeeva_s;"Кольцо кустарника вокруг здания — по аналогии с проектом «20_makeeva_s»; ближайшее ограничение — воздушная ЛЭП: 4.1 м при норме 2.0 м (охранная зона по чертежу (отступ зоны))";"ассортимент для озеленения Москвы, категория «магистрали и улицы»; без инвазивных видов ППМ 369-ПП";воздушная ЛЭП;4.12;2.0;охранная зона по чертежу (отступ зоны)
bush_building_border_020_003;посажено;bush;Смородина золотистая;NEW_BUSH;52.36;-183.843;190.465;134.774;Кольцо кустарника вокруг здания;20_makeeva_s;"Кольцо кустарника вокруг здания — по аналогии с проектом «20_makeeva_s»; ближайшее ограничение — проезжая часть: 3.9 м при норме 1.0 м (СП 42.13330.2016, п. 9.6, табл. 9.1; ППМ 743-ПП, табл. 3.6.1)";"ассортимент для озеленения Москвы, категория «магистрали и улицы»; без инвазивных видов ППМ 369-ПП";проезжая часть;3.91;1.0;"СП 42.13330.2016, п. 9.6, табл. 9.1; ППМ 743-ПП, табл. 3.6.1"
bush_building_border_020_004;посажено;bush;Спирея трехлопастная;NEW_BUSH;53.76;-183.835;191.865;134.782;Кольцо кустарника вокруг здания;20_makeeva_s;"Кольцо кустарника вокруг здания — по аналогии с проектом «20_makeeva_s»; ближайшее ограничение — проезжая часть: 3.9 м при норме 1.0 м (СП 42.13330.2016, п. 9.6, табл. 9.1; ППМ 743-ПП, табл. 3.6.1)";"ассортимент для озеленения Москвы, категория «магистрали и улицы»; без инвазивных видов ППМ 369-ПП";проезжая часть;3.91;1.0;"СП 42.13330.2016, п. 9.6, табл. 9.1; ППМ 743-ПП, табл. 3.6.1"
bush_building_border_020_005;посажено;bush;Смородина золотистая;NEW_BUSH;55.16;-183.827;193.265;134.791;Кольцо кустарника вокруг здания;20_makeeva_s;"Кольцо кустарника вокруг здания — по аналогии с проектом «20_makeeva_s»; ближайшее ограничение — проезжая часть: 3.9 м при норме 1.0 м (СП 42.13330.2016, п. 9.6, табл. 9.1; ППМ 743-ПП, табл. 3.6.1)";"ассортимент для озеленения Москвы, категория «магистрали и улицы»; без инвазивных видов ППМ 369-ПП";проезжая часть;3.91;1.0;"СП 42.13330.2016, п. 9.6, табл. 9.1; ППМ 743-ПП, табл. 3.6.1"
bush_building_border_020_006;посажено;bush;Спирея трехлопастная;NEW_BUSH;56.56;-183.819;194.665;134.799;Кольцо кустарника вокруг здания;20_makeeva_s;"Кольцо кустарника вокруг здания — по аналогии с проектом «20_makeeva_s»; ближайшее ограничение — проезжая часть: 3.9 м при норме 1.0 м (СП 42.13330.2016, п. 9.6, табл. 9.1; ППМ 743-ПП, табл. 3.6.1)";"ассортимент для озеленения Москвы, категория «магистрали и улицы»; без инвазивных видов ППМ 369-ПП";проезжая часть;3.91;1.0;"СП 42.13330.2016, п. 9.6, табл. 9.1; ППМ 743-ПП, табл. 3.6.1"
bush_building_border_020_007;посажено;bush;Смородина золотистая;NEW_BUSH;57.96;-183.81;196.065;134.807;Кольцо кустарника вокруг здания;20_makeeva_s;"Кольцо кустарника вокруг здания — по аналогии с проектом «20_makeeva_s»; ближайшее ограничение — проезжая часть: 3.9 м при норме 1.0 м (СП 42.13330.2016, п. 9.6, табл. 9.1; ППМ 743-ПП, табл. 3.6.1)";"ассортимент для озеленения Москвы, категория «магистрали и улицы»; без инвазивных видов ППМ 369-ПП";проезжая часть;3.91;1.0;"СП 42.13330.2016, п. 9.6, табл. 9.1; ППМ 743-ПП, табл. 3.6.1"
bush_building_border_020_008;посажено;bush;Спирея трехлопастная;NEW_BUSH;59.183;-184.263;197.288;134.355;Кольцо кустарника вокруг здания;20_makeeva_s;"Кольцо кустарника вокруг здания — по аналогии с проектом «20_makeeva_s»; ближайшее ограничение — проезжая часть: 3.5 м при норме 1.0 м (СП 42.13330.2016, п. 9.6, табл. 9.1; ППМ 743-ПП, табл. 3.6.1)";"ассортимент для озеленения Москвы, категория «магистрали и улицы»; без инвазивных видов ППМ 369-ПП";проезжая часть;3.45;1.0;"СП 42.13330.2016, п. 9.6, табл. 9.1; ППМ 743-ПП, табл. 3.6.1"
bush_building_border_020_009;посажено;bush;Смородина золотистая;NEW_BUSH;60.629;-185.709;198.734;132.909;Кольцо кустарника вокруг здания;20_makeeva_s;"Кольцо кустарника вокруг здания — по аналогии с проектом «20_makeeva_s»; ближайшее ограничение — проезжая часть: 2.0 м при норме 1.0 м (СП 42.13330.2016, п. 9.6, табл. 9.1; ППМ 743-ПП, табл. 3.6.1)";"ассортимент для озеленения Москвы, категория «магистрали и улицы»; без инвазивных видов ППМ 369-ПП";проезжая часть;2.0;1.0;"СП 42.13330.2016, п. 9.6, табл. 9.1; ППМ 743-ПП, табл. 3.6.1"
bush_building_border_020_010;посажено;bush;Спирея трехлопастная;NEW_BUSH;56.429;-185.731;194.534;132.886;Кольцо кустарника вокруг здания;20_makeeva_s;"Кольцо кустарника вокруг здания — по аналогии с проектом «20_makeeva_s»; ближайшее ограничение — проезжая часть: 2.0 м при норме 1.0 м (СП 42.13330.2016, п. 9.6, табл. 9.1; ППМ 743-ПП, табл. 3.6.1)";"ассортимент для озеленения Москвы, категория «магистрали и улицы»; без инвазивных видов ППМ 369-ПП";проезжая часть;2.0;1.0;"СП 42.13330.2016, п. 9.6, табл. 9.1; ППМ 743-ПП, табл. 3.6.1"
bush_building_border_020_011;посажено;bush;Смородина золотистая;NEW_BUSH;55.03;-185.739;193.134;132.879;Кольцо кустарника вокруг здания;20_makeeva_s;"Кольцо кустарника вокруг здания — по аналогии с проектом «20_makeeva_s»; ближайшее ограничение — проезжая часть: 2.0 м при норме 1.0 м (СП 42.13330.2016, п. 9.6, табл. 9.1; ППМ 743-ПП, табл. 3.6.1)";"ассортимент для озеленения Москвы, категория «магистрали и улицы»; без инвазивных видов ППМ 369-ПП";проезжая часть;2.0;1.0;"СП 42.13330.2016, п. 9.6, табл. 9.1; ППМ 743-ПП, табл. 3.6.1"
bush_building_border_020_012;посажено;bush;Спирея трехлопастная;NEW_BUSH;53.63;-185.746;191.734;132.871;Кольцо кустарника вокруг здания;20_makeeva_s;"Кольцо кустарника вокруг здания — по аналогии с проектом «20_makeeva_s»; ближайшее ограничение — проезжая часть: 2.0 м при норме 1.0 м (СП 42.13330.2016, п. 9.6, табл. 9.1; ППМ 743-ПП, табл. 3.6.1)";"ассортимент для озеленения Москвы, категория «магистрали и улицы»; без инвазивных видов ППМ 369-ПП";проезжая часть;2.0;1.0;"СП 42.13330.2016, п. 9.6, табл. 9.1; ППМ 743-ПП, табл. 3.6.1"
bush_building_border_020_013;посажено;bush;Смородина золотистая;NEW_BUSH;52.23;-185.754;190.335;132.864;Кольцо кустарника вокруг здания;20_makeeva_s;"Кольцо кустарника вокруг здания — по аналогии с проектом «20_makeeva_s»; ближайшее ограничение — проезжая часть: 2.0 м при норме 1.0 м (СП 42.13330.2016, п. 9.6, табл. 9.1; ППМ 743-ПП, табл. 3.6.1)";"ассортимент для озеленения Москвы, категория «магистрали и улицы»; без инвазивных видов ППМ 369-ПП";проезжая часть;2.0;1.0;"СП 42.13330.2016, п. 9.6, табл. 9.1; ППМ 743-ПП, табл. 3.6.1"
bush_building_border_020_014;посажено;bush;Спирея трехлопастная;NEW_BUSH;50.83;-185.761;188.935;132.856;Кольцо кустарника вокруг здания;20_makeeva_s;"Кольцо кустарника вокруг здания — по аналогии с проектом «20_makeeva_s»; ближайшее ограничение — проезжая часть: 2.0 м при норме 1.0 м (СП 42.13330.2016, п. 9.6, табл. 9.1; ППМ 743-ПП, табл. 3.6.1)";"ассортимент для озеленения Москвы, категория «магистрали и улицы»; без инвазивных видов ППМ 369-ПП";проезжая часть;2.0;1.0;"СП 42.13330.2016, п. 9.6, табл. 9.1; ППМ 743-ПП, табл. 3.6.1"
bush_building_border_020_015;посажено;bush;Смородина золотистая;NEW_BUSH;49.43;-185.768;187.535;132.849;Кольцо кустарника вокруг здания;20_makeeva_s;"Кольцо кустарника вокруг здания — по аналогии с проектом «20_makeeva_s»; ближайшее ограничение — воздушная ЛЭП: 2.2 м при норме 2.0 м (охранная зона по чертежу (отступ зоны))";"ассортимент для озеленения Москвы, категория «магистрали и улицы»; без инвазивных видов ППМ 369-ПП";воздушная ЛЭП;2.21;2.0;охранная зона по чертежу (отступ зоны)
bush_building_border_021_001;посажено;bush;Смородина золотистая;NEW_BUSH;-23.475;-127.917;114.63;190.7;Кольцо кустарника вокруг здания;20_makeeva_s;"Кольцо кустарника вокруг здания — по аналогии с проектом «20_makeeva_s»; ближайшее ограничение — пешеходная дорожка / тротуар: 0.7 м при норме 0.5 м (СП 42.13330.2016, п. 9.6, табл. 9.1; ППМ 743-ПП, табл. 3.6.1)";"ассортимент для озеленения Москвы, категория «магистрали и улицы»; без инвазивных видов ППМ 369-ПП";пешеходная дорожка / тротуар;0.73;0.5;"СП 42.13330.2016, п. 9.6, табл. 9.1; ППМ 743-ПП, табл. 3.6.1"
bush_building_border_021_002;посажено;bush;Спирея трехлопастная;NEW_BUSH;-23.443;-129.275;114.662;189.342;Кольцо кустарника вокруг здания;20_makeeva_s;"Кольцо кустарника вокруг здания — по аналогии с проектом «20_makeeva_s»; ближайшее ограничение — пешеходная дорожка / тротуар: 0.7 м при норме 0.5 м (СП 42.13330.2016, п. 9.6, табл. 9.1; ППМ 743-ПП, табл. 3.6.1)";"ассортимент для озеленения Москвы, категория «магистрали и улицы»; без инвазивных видов ППМ 369-ПП";пешеходная дорожка / тротуар;0.7;0.5;"СП 42.13330.2016, п. 9.6, табл. 9.1; ППМ 743-ПП, табл. 3.6.1"
tree_path_corridor_001_001;посажено;tree;Вяз гибридный Резиста;NEW_TREE;-24.925;-174.801;113.18;143.817;Линейная посадка (живая изгородь/ряд вдоль полосы);07_nizhnie_polya;"Линейная посадка (живая изгородь/ряд вдоль полосы) — по аналогии с проектом «07_nizhnie_polya»; ближайшее ограничение — пешеходная дорожка / тротуар: 2.2 м при норме 0.7 м (СП 42.13330.2016, п. 9.6, табл. 9.1; ППМ 743-ПП, табл. 3.6.1)";"ассортимент для озеленения Москвы, категория «магистрали и улицы»; без инвазивных видов ППМ 369-ПП";пешеходная дорожка / тротуар;2.21;0.7;"СП 42.13330.2016, п. 9.6, табл. 9.1; ППМ 743-ПП, табл. 3.6.1"
bush_path_corridor_001_001;посажено;bush;Спирея Бумальда;NEW_BUSH;-24.921;-172.001;113.184;146.617;Линейная посадка (живая изгородь/ряд вдоль полосы);07_nizhnie_polya;"Линейная посадка (живая изгородь/ряд вдоль полосы) — по аналогии с проектом «07_nizhnie_polya»; ближайшее ограничение — пешеходная дорожка / тротуар: 2.2 м при норме 0.5 м (СП 42.13330.2016, п. 9.6, табл. 9.1; ППМ 743-ПП, табл. 3.6.1)";"ассортимент для озеленения Москвы, категория «магистрали и улицы»; без инвазивных видов ППМ 369-ПП";пешеходная дорожка / тротуар;2.21;0.5;"СП 42.13330.2016, п. 9.6, табл. 9.1; ППМ 743-ПП, табл. 3.6.1"
bush_path_corridor_001_002;посажено;bush;Спирея Бумальда;NEW_BUSH;-24.923;-173.401;113.182;145.217;Линейная посадка (живая изгородь/ряд вдоль полосы);07_nizhnie_polya;"Линейная посадка (живая изгородь/ряд вдоль полосы) — по аналогии с проектом «07_nizhnie_polya»; ближайшее ограничение — пешеходная дорожка / тротуар: 2.2 м при норме 0.5 м (СП 42.13330.2016, п. 9.6, табл. 9.1; ППМ 743-ПП, табл. 3.6.1)";"ассортимент для озеленения Москвы, категория «магистрали и улицы»; без инвазивных видов ППМ 369-ПП";пешеходная дорожка / тротуар;2.21;0.5;"СП 42.13330.2016, п. 9.6, табл. 9.1; ППМ 743-ПП, табл. 3.6.1"
bush_path_corridor_001_003;посажено;bush;Спирея Бумальда;NEW_BUSH;-24.927;-176.201;113.178;142.417;Линейная посадка (живая изгородь/ряд вдоль полосы);07_nizhnie_polya;"Линейная посадка (живая изгородь/ряд вдоль полосы) — по аналогии с проектом «07_nizhnie_polya»; ближайшее ограничение — пешеходная дорожка / тротуар: 2.2 м при норме 0.5 м (СП 42.13330.2016, п. 9.6, табл. 9.1; ППМ 743-ПП, табл. 3.6.1)";"ассортимент для озеленения Москвы, категория «магистрали и улицы»; без инвазивных видов ППМ 369-ПП";пешеходная дорожка / тротуар;2.21;0.5;"СП 42.13330.2016, п. 9.6, табл. 9.1; ППМ 743-ПП, табл. 3.6.1"
bush_path_corridor_001_004;посажено;bush;Спирея Бумальда;NEW_BUSH;-24.929;-177.601;113.176;141.017;Линейная посадка (живая изгородь/ряд вдоль полосы);07_nizhnie_polya;"Линейная посадка (живая изгородь/ряд вдоль полосы) — по аналогии с проектом «07_nizhnie_polya»; ближайшее ограничение — пешеходная дорожка / тротуар: 2.2 м при норме 0.5 м (СП 42.13330.2016, п. 9.6, табл. 9.1; ППМ 743-ПП, табл. 3.6.1)";"ассортимент для озеленения Москвы, категория «магистрали и улицы»; без инвазивных видов ППМ 369-ПП";пешеходная дорожка / тротуар;2.21;0.5;"СП 42.13330.2016, п. 9.6, табл. 9.1; ППМ 743-ПП, табл. 3.6.1"
bush_path_corridor_001_005;посажено;bush;Спирея Бумальда;NEW_BUSH;-24.93;-179.001;113.174;139.617;Линейная посадка (живая изгородь/ряд вдоль полосы);07_nizhnie_polya;"Линейная посадка (живая изгородь/ряд вдоль полосы) — по аналогии с проектом «07_nizhnie_polya»; ближайшее ограничение — пешеходная дорожка / тротуар: 2.2 м при норме 0.5 м (СП 42.13330.2016, п. 9.6, табл. 9.1; ППМ 743-ПП, табл. 3.6.1)";"ассортимент для озеленения Москвы, категория «магистрали и улицы»; без инвазивных видов ППМ 369-ПП";пешеходная дорожка / тротуар;2.22;0.5;"СП 42.13330.2016, п. 9.6, табл. 9.1; ППМ 743-ПП, табл. 3.6.1"
bush_path_corridor_001_006;посажено;bush;Спирея Бумальда;NEW_BUSH;-24.932;-180.401;113.173;138.217;Линейная посадка (живая изгородь/ряд вдоль полосы);07_nizhnie_polya;"Линейная посадка (живая изгородь/ряд вдоль полосы) — по аналогии с проектом «07_nizhnie_polya»; ближайшее ограничение — пешеходная дорожка / тротуар: 2.2 м при норме 0.5 м (СП 42.13330.2016, п. 9.6, табл. 9.1; ППМ 743-ПП, табл. 3.6.1)";"ассортимент для озеленения Москвы, категория «магистрали и улицы»; без инвазивных видов ППМ 369-ПП";пешеходная дорожка / тротуар;2.22;0.5;"СП 42.13330.2016, п. 9.6, табл. 9.1; ППМ 743-ПП, табл. 3.6.1"
tree_path_corridor_002_001;посажено;tree;Вяз гибридный Резиста;NEW_TREE;-25.476;-148.185;112.629;170.433;Линейная посадка (живая изгородь/ряд вдоль полосы);07_nizhnie_polya;"Линейная посадка (живая изгородь/ряд вдоль полосы) — по аналогии с проектом «07_nizhnie_polya»; ближайшее ограничение — канализация: 2.0 м при норме 1.5 м (СП 42.13330.2016, п. 9.6, табл. 9.1; ППМ 743-ПП, табл. 3.6.1)";"ассортимент для озеленения Москвы, категория «магистрали и улицы»; без инвазивных видов ППМ 369-ПП";канализация;1.97;1.5;"СП 42.13330.2016, п. 9.6, табл. 9.1; ППМ 743-ПП, табл. 3.6.1"
tree_path_corridor_003_001;посажено;tree;Вяз гибридный Резиста;NEW_TREE;-24.986;-140.371;113.119;178.246;Линейная посадка (живая изгородь/ряд вдоль полосы);07_nizhnie_polya;"Линейная посадка (живая изгородь/ряд вдоль полосы) — по аналогии с проектом «07_nizhnie_polya»; ближайшее ограничение — пешеходная дорожка / тротуар: 2.2 м при норме 0.7 м (СП 42.13330.2016, п. 9.6, табл. 9.1; ППМ 743-ПП, табл. 3.6.1)";"ассортимент для озеленения Москвы, категория «магистрали и улицы»; без инвазивных видов ППМ 369-ПП";пешеходная дорожка / тротуар;2.25;0.7;"СП 42.13330.2016, п. 9.6, табл. 9.1; ППМ 743-ПП, табл. 3.6.1"
bush_path_corridor_003_001;посажено;bush;Спирея Бумальда;NEW_BUSH;-24.987;-138.971;113.118;179.646;Линейная посадка (живая изгородь/ряд вдоль полосы);07_nizhnie_polya;"Линейная посадка (живая изгородь/ряд вдоль полосы) — по аналогии с проектом «07_nizhnie_polya»; ближайшее ограничение — воздушная ЛЭП: 2.7 м при норме 2.0 м (охранная зона по чертежу (отступ зоны))";"ассортимент для озеленения Москвы, категория «магистрали и улицы»; без инвазивных видов ППМ 369-ПП";воздушная ЛЭП;2.67;2.0;охранная зона по чертежу (отступ зоны)
bush_path_corridor_004_001;посажено;bush;Спирея Бумальда;NEW_BUSH;-26.166;-94.043;111.939;224.574;Линейная посадка (живая изгородь/ряд вдоль полосы);07_nizhnie_polya;"Линейная посадка (живая изгородь/ряд вдоль полосы) — по аналогии с проектом «07_nizhnie_polya»; ближайшее ограничение — пешеходная дорожка / тротуар: 3.4 м при норме 0.5 м (СП 42.13330.2016, п. 9.6, табл. 9.1; ППМ 743-ПП, табл. 3.6.1)";"ассортимент для озеленения Москвы, категория «магистрали и улицы»; без инвазивных видов ППМ 369-ПП";пешеходная дорожка / тротуар;3.35;0.5;"СП 42.13330.2016, п. 9.6, табл. 9.1; ППМ 743-ПП, табл. 3.6.1"
bush_path_corridor_004_002;посажено;bush;Спирея Бумальда;NEW_BUSH;-26.161;-95.443;111.944;223.174;Линейная посадка (живая изгородь/ряд вдоль полосы);07_nizhnie_polya;"Линейная посадка (живая изгородь/ряд вдоль полосы) — по аналогии с проектом «07_nizhnie_polya»; ближайшее ограничение — пешеходная дорожка / тротуар: 3.4 м при норме 0.5 м (СП 42.13330.2016, п. 9.6, табл. 9.1; ППМ 743-ПП, табл. 3.6.1)";"ассортимент для озеленения Москвы, категория «магистрали и улицы»; без инвазивных видов ППМ 369-ПП";пешеходная дорожка / тротуар;3.35;0.5;"СП 42.13330.2016, п. 9.6, табл. 9.1; ППМ 743-ПП, табл. 3.6.1"
bush_path_corridor_004_003;посажено;bush;Спирея Бумальда;NEW_BUSH;-26.156;-96.843;111.949;221.774;Линейная посадка (живая изгородь/ряд вдоль полосы);07_nizhnie_polya;"Линейная посадка (живая изгородь/ряд вдоль полосы) — по аналогии с проектом «07_nizhnie_polya»; ближайшее ограничение — пешеходная дорожка / тротуар: 3.4 м при норме 0.5 м (СП 42.13330.2016, п. 9.6, табл. 9.1; ППМ 743-ПП, табл. 3.6.1)";"ассортимент для озеленения Москвы, категория «магистрали и улицы»; без инвазивных видов ППМ 369-ПП";пешеходная дорожка / тротуар;3.35;0.5;"СП 42.13330.2016, п. 9.6, табл. 9.1; ППМ 743-ПП, табл. 3.6.1"
bush_path_corridor_004_004;посажено;bush;Спирея Бумальда;NEW_BUSH;-26.151;-98.243;111.954;220.374;Линейная посадка (живая изгородь/ряд вдоль полосы);07_nizhnie_polya;"Линейная посадка (живая изгородь/ряд вдоль полосы) — по аналогии с проектом «07_nizhnie_polya»; ближайшее ограничение — пешеходная дорожка / тротуар: 3.4 м при норме 0.5 м (СП 42.13330.2016, п. 9.6, табл. 9.1; ППМ 743-ПП, табл. 3.6.1)";"ассортимент для озеленения Москвы, категория «магистрали и улицы»; без инвазивных видов ППМ 369-ПП";пешеходная дорожка / тротуар;3.35;0.5;"СП 42.13330.2016, п. 9.6, табл. 9.1; ППМ 743-ПП, табл. 3.6.1"
bush_path_corridor_004_005;посажено;bush;Спирея Бумальда;NEW_BUSH;-26.137;-102.443;111.968;216.174;Линейная посадка (живая изгородь/ряд вдоль полосы);07_nizhnie_polya;"Линейная посадка (живая изгородь/ряд вдоль полосы) — по аналогии с проектом «07_nizhnie_polya»; ближайшее ограничение — пешеходная дорожка / тротуар: 3.4 м при норме 0.5 м (СП 42.13330.2016, п. 9.6, табл. 9.1; ППМ 743-ПП, табл. 3.6.1)";"ассортимент для озеленения Москвы, категория «магистрали и улицы»; без инвазивных видов ППМ 369-ПП";пешеходная дорожка / тротуар;3.35;0.5;"СП 42.13330.2016, п. 9.6, табл. 9.1; ППМ 743-ПП, табл. 3.6.1"
bush_path_corridor_004_006;посажено;bush;Спирея Бумальда;NEW_BUSH;-26.132;-103.843;111.973;214.775;Линейная посадка (живая изгородь/ряд вдоль полосы);07_nizhnie_polya;"Линейная посадка (живая изгородь/ряд вдоль полосы) — по аналогии с проектом «07_nizhnie_polya»; ближайшее ограничение — пешеходная дорожка / тротуар: 3.4 м при норме 0.5 м (СП 42.13330.2016, п. 9.6, табл. 9.1; ППМ 743-ПП, табл. 3.6.1)";"ассортимент для озеленения Москвы, категория «магистрали и улицы»; без инвазивных видов ППМ 369-ПП";пешеходная дорожка / тротуар;3.35;0.5;"СП 42.13330.2016, п. 9.6, табл. 9.1; ППМ 743-ПП, табл. 3.6.1"
bush_path_corridor_004_007;посажено;bush;Спирея Бумальда;NEW_BUSH;-26.127;-105.243;111.978;213.375;Линейная посадка (живая изгородь/ряд вдоль полосы);07_nizhnie_polya;"Линейная посадка (живая изгородь/ряд вдоль полосы) — по аналогии с проектом «07_nizhnie_polya»; ближайшее ограничение — пешеходная дорожка / тротуар: 3.4 м при норме 0.5 м (СП 42.13330.2016, п. 9.6, табл. 9.1; ППМ 743-ПП, табл. 3.6.1)";"ассортимент для озеленения Москвы, категория «магистрали и улицы»; без инвазивных видов ППМ 369-ПП";пешеходная дорожка / тротуар;3.35;0.5;"СП 42.13330.2016, п. 9.6, табл. 9.1; ППМ 743-ПП, табл. 3.6.1"
bush_path_corridor_004_008;посажено;bush;Спирея Бумальда;NEW_BUSH;-26.122;-106.643;111.983;211.975;Линейная посадка (живая изгородь/ряд вдоль полосы);07_nizhnie_polya;"Линейная посадка (живая изгородь/ряд вдоль полосы) — по аналогии с проектом «07_nizhnie_polya»; ближайшее ограничение — пешеходная дорожка / тротуар: 3.4 м при норме 0.5 м (СП 42.13330.2016, п. 9.6, табл. 9.1; ППМ 743-ПП, табл. 3.6.1)";"ассортимент для озеленения Москвы, категория «магистрали и улицы»; без инвазивных видов ППМ 369-ПП";пешеходная дорожка / тротуар;3.35;0.5;"СП 42.13330.2016, п. 9.6, табл. 9.1; ППМ 743-ПП, табл. 3.6.1"
bush_path_corridor_004_009;посажено;bush;Спирея Бумальда;NEW_BUSH;-26.118;-108.043;111.987;210.575;Линейная посадка (живая изгородь/ряд вдоль полосы);07_nizhnie_polya;"Линейная посадка (живая изгородь/ряд вдоль полосы) — по аналогии с проектом «07_nizhnie_polya»; ближайшее ограничение — проезжая часть: 3.0 м при норме 1.0 м (СП 42.13330.2016, п. 9.6, табл. 9.1; ППМ 743-ПП, табл. 3.6.1)";"ассортимент для озеленения Москвы, категория «магистрали и улицы»; без инвазивных видов ППМ 369-ПП";проезжая часть;3.02;1.0;"СП 42.13330.2016, п. 9.6, табл. 9.1; ППМ 743-ПП, табл. 3.6.1"
tree_path_corridor_005_001;посажено;tree;Вяз гибридный Резиста;NEW_TREE;-20.766;-87.568;117.339;231.049;Линейная посадка (живая изгородь/ряд вдоль полосы);07_nizhnie_polya;"Линейная посадка (живая изгородь/ряд вдоль полосы) — по аналогии с проектом «07_nizhnie_polya»; ближайшее ограничение — пешеходная дорожка / тротуар: 1.9 м при норме 0.7 м (СП 42.13330.2016, п. 9.6, табл. 9.1; ППМ 743-ПП, табл. 3.6.1)";"ассортимент для озеленения Москвы, категория «магистрали и улицы»; без инвазивных видов ППМ 369-ПП";пешеходная дорожка / тротуар;1.89;0.7;"СП 42.13330.2016, п. 9.6, табл. 9.1; ППМ 743-ПП, табл. 3.6.1"
bush_path_corridor_005_001;посажено;bush;Спирея Бумальда;NEW_BUSH;-19.856;-91.668;118.249;226.949;Линейная посадка (живая изгородь/ряд вдоль полосы);07_nizhnie_polya;"Линейная посадка (живая изгородь/ряд вдоль полосы) — по аналогии с проектом «07_nizhnie_polya»; ближайшее ограничение — пешеходная дорожка / тротуар: 2.8 м при норме 0.5 м (СП 42.13330.2016, п. 9.6, табл. 9.1; ППМ 743-ПП, табл. 3.6.1)";"ассортимент для озеленения Москвы, категория «магистрали и улицы»; без инвазивных видов ППМ 369-ПП";пешеходная дорожка / тротуар;2.78;0.5;"СП 42.13330.2016, п. 9.6, табл. 9.1; ППМ 743-ПП, табл. 3.6.1"
bush_path_corridor_005_002;посажено;bush;Спирея Бумальда;NEW_BUSH;-20.16;-90.301;117.945;228.316;Линейная посадка (живая изгородь/ряд вдоль полосы);07_nizhnie_polya;"Линейная посадка (живая изгородь/ряд вдоль полосы) — по аналогии с проектом «07_nizhnie_polya»; ближайшее ограничение — пешеходная дорожка / тротуар: 2.5 м при норме 0.5 м (СП 42.13330.2016, п. 9.6, табл. 9.1; ППМ 743-ПП, табл. 3.6.1)";"ассортимент для озеленения Москвы, категория «магистрали и улицы»; без инвазивных видов ППМ 369-ПП";пешеходная дорожка / тротуар;2.48;0.5;"СП 42.13330.2016, п. 9.6, табл. 9.1; ППМ 743-ПП, табл. 3.6.1"
bush_path_corridor_005_003;посажено;bush;Спирея Бумальда;NEW_BUSH;-20.463;-88.935;117.642;229.683;Линейная посадка (живая изгородь/ряд вдоль полосы);07_nizhnie_polya;"Линейная посадка (живая изгородь/ряд вдоль полосы) — по аналогии с проектом «07_nizhnie_polya»; ближайшее ограничение — пешеходная дорожка / тротуар: 2.2 м при норме 0.5 м (СП 42.13330.2016, п. 9.6, табл. 9.1; ППМ 743-ПП, табл. 3.6.1)";"ассортимент для озеленения Москвы, категория «магистрали и улицы»; без инвазивных видов ППМ 369-ПП";пешеходная дорожка / тротуар;2.18;0.5;"СП 42.13330.2016, п. 9.6, табл. 9.1; ППМ 743-ПП, табл. 3.6.1"
bush_path_corridor_005_004;посажено;bush;Спирея Бумальда;NEW_BUSH;-21.07;-86.201;117.035;232.416;Линейная посадка (живая изгородь/ряд вдоль полосы);07_nizhnie_polya;"Линейная посадка (живая изгородь/ряд вдоль полосы) — по аналогии с проектом «07_nizhnie_polya»; ближайшее ограничение — пешеходная дорожка / тротуар: 1.6 м при норме 0.5 м (СП 42.13330.2016, п. 9.6, табл. 9.1; ППМ 743-ПП, табл. 3.6.1)";"ассортимент для озеленения Москвы, категория «магистрали и улицы»; без инвазивных видов ППМ 369-ПП";пешеходная дорожка / тротуар;1.59;0.5;"СП 42.13330.2016, п. 9.6, табл. 9.1; ППМ 743-ПП, табл. 3.6.1"
bush_path_corridor_005_005;посажено;bush;Спирея Бумальда;NEW_BUSH;-21.373;-84.835;116.732;233.783;Линейная посадка (живая изгородь/ряд вдоль полосы);07_nizhnie_polya;"Линейная посадка (живая изгородь/ряд вдоль полосы) — по аналогии с проектом «07_nizhnie_polya»; ближайшее ограничение — пешеходная дорожка / тротуар: 1.3 м при норме 0.5 м (СП 42.13330.2016, п. 9.6, табл. 9.1; ППМ 743-ПП, табл. 3.6.1)";"ассортимент для озеленения Москвы, категория «магистрали и улицы»; без инвазивных видов ППМ 369-ПП";пешеходная дорожка / тротуар;1.29;0.5;"СП 42.13330.2016, п. 9.6, табл. 9.1; ППМ 743-ПП, табл. 3.6.1"
tree_path_corridor_005_002;посажено;tree;Вяз гибридный Резиста;NEW_TREE;-24.963;-68.656;113.142;249.961;Линейная посадка (живая изгородь/ряд вдоль полосы);07_nizhnie_polya;"Линейная посадка (живая изгородь/ряд вдоль полосы) — по аналогии с проектом «07_nizhnie_polya»; ближайшее ограничение — пешеходная дорожка / тротуар: 2.1 м при норме 0.7 м (СП 42.13330.2016, п. 9.6, табл. 9.1; ППМ 743-ПП, табл. 3.6.1)";"ассортимент для озеленения Москвы, категория «магистрали и улицы»; без инвазивных видов ППМ 369-ПП";пешеходная дорожка / тротуар;2.09;0.7;"СП 42.13330.2016, п. 9.6, табл. 9.1; ППМ 743-ПП, табл. 3.6.1"
bush_path_corridor_005_006;посажено;bush;Спирея Бумальда;NEW_BUSH;-23.598;-74.807;114.507;243.811;Линейная посадка (живая изгородь/ряд вдоль полосы);07_nizhnie_polya;"Линейная посадка (живая изгородь/ряд вдоль полосы) — по аналогии с проектом «07_nizhnie_polya»; ближайшее ограничение — пешеходная дорожка / тротуар: 1.0 м при норме 0.5 м (СП 42.13330.2016, п. 9.6, табл. 9.1; ППМ 743-ПП, табл. 3.6.1)";"ассортимент для озеленения Москвы, категория «магистрали и улицы»; без инвазивных видов ППМ 369-ПП";пешеходная дорожка / тротуар;0.99;0.5;"СП 42.13330.2016, п. 9.6, табл. 9.1; ППМ 743-ПП, табл. 3.6.1"
bush_path_corridor_005_007;посажено;bush;Спирея Бумальда;NEW_BUSH;-23.902;-73.44;114.203;245.178;Линейная посадка (живая изгородь/ряд вдоль полосы);07_nizhnie_polya;"Линейная посадка (живая изгородь/ряд вдоль полосы) — по аналогии с проектом «07_nizhnie_polya»; ближайшее ограничение — пешеходная дорожка / тротуар: 1.1 м при норме 0.5 м (СП 42.13330.2016, п. 9.6, табл. 9.1; ППМ 743-ПП, табл. 3.6.1)";"ассортимент для озеленения Москвы, категория «магистрали и улицы»; без инвазивных видов ППМ 369-ПП";пешеходная дорожка / тротуар;1.08;0.5;"СП 42.13330.2016, п. 9.6, табл. 9.1; ППМ 743-ПП, табл. 3.6.1"
bush_path_corridor_005_008;посажено;bush;Спирея Бумальда;NEW_BUSH;-24.205;-72.073;113.9;246.544;Линейная посадка (живая изгородь/ряд вдоль полосы);07_nizhnie_polya;"Линейная посадка (живая изгородь/ряд вдоль полосы) — по аналогии с проектом «07_nizhnie_polya»; ближайшее ограничение — пешеходная дорожка / тротуар: 1.3 м при норме 0.5 м (СП 42.13330.2016, п. 9.6, табл. 9.1; ППМ 743-ПП, табл. 3.6.1)";"ассортимент для озеленения Москвы, категория «магистрали и улицы»; без инвазивных видов ППМ 369-ПП";пешеходная дорожка / тротуар;1.32;0.5;"СП 42.13330.2016, п. 9.6, табл. 9.1; ППМ 743-ПП, табл. 3.6.1"
bush_path_corridor_005_009;посажено;bush;Спирея Бумальда;NEW_BUSH;-25.418;-66.606;112.687;252.011;Линейная посадка (живая изгородь/ряд вдоль полосы);07_nizhnie_polya;"Линейная посадка (живая изгородь/ряд вдоль полосы) — по аналогии с проектом «07_nizhnie_polya»; ближайшее ограничение — пешеходная дорожка / тротуар: 2.6 м при норме 0.5 м (СП 42.13330.2016, п. 9.6, табл. 9.1; ППМ 743-ПП, табл. 3.6.1)";"ассортимент для озеленения Москвы, категория «магистрали и улицы»; без инвазивных видов ППМ 369-ПП";пешеходная дорожка / тротуар;2.57;0.5;"СП 42.13330.2016, п. 9.6, табл. 9.1; ППМ 743-ПП, табл. 3.6.1"
bush_path_corridor_005_010;посажено;bush;Спирея Бумальда;NEW_BUSH;-25.722;-65.239;112.383;253.378;Линейная посадка (живая изгородь/ряд вдоль полосы);07_nizhnie_polya;"Линейная посадка (живая изгородь/ряд вдоль полосы) — по аналогии с проектом «07_nizhnie_polya»; ближайшее ограничение — пешеходная дорожка / тротуар: 2.9 м при норме 0.5 м (СП 42.13330.2016, п. 9.6, табл. 9.1; ППМ 743-ПП, табл. 3.6.1)";"ассортимент для озеленения Москвы, категория «магистрали и улицы»; без инвазивных видов ППМ 369-ПП";пешеходная дорожка / тротуар;2.88;0.5;"СП 42.13330.2016, п. 9.6, табл. 9.1; ППМ 743-ПП, табл. 3.6.1"
bush_path_corridor_005_011;посажено;bush;Спирея Бумальда;NEW_BUSH;-26.025;-63.873;112.08;254.745;Линейная посадка (живая изгородь/ряд вдоль полосы);07_nizhnie_polya;"Линейная посадка (живая изгородь/ряд вдоль полосы) — по аналогии с проектом «07_nizhnie_polya»; ближайшее ограничение — пешеходная дорожка / тротуар: 3.2 м при норме 0.5 м (СП 42.13330.2016, п. 9.6, табл. 9.1; ППМ 743-ПП, табл. 3.6.1)";"ассортимент для озеленения Москвы, категория «магистрали и улицы»; без инвазивных видов ППМ 369-ПП";пешеходная дорожка / тротуар;3.2;0.5;"СП 42.13330.2016, п. 9.6, табл. 9.1; ППМ 743-ПП, табл. 3.6.1"
bush_path_corridor_005_012;посажено;bush;Спирея Бумальда;NEW_BUSH;-26.328;-62.506;111.777;256.112;Линейная посадка (живая изгородь/ряд вдоль полосы);07_nizhnie_polya;"Линейная посадка (живая изгородь/ряд вдоль полосы) — по аналогии с проектом «07_nizhnie_polya»; ближайшее ограничение — пешеходная дорожка / тротуар: 3.5 м при норме 0.5 м (СП 42.13330.2016, п. 9.6, табл. 9.1; ППМ 743-ПП, табл. 3.6.1)";"ассортимент для озеленения Москвы, категория «магистрали и улицы»; без инвазивных видов ППМ 369-ПП";пешеходная дорожка / тротуар;3.48;0.5;"СП 42.13330.2016, п. 9.6, табл. 9.1; ППМ 743-ПП, табл. 3.6.1"
tree_path_corridor_006_001;посажено;tree;Вяз гибридный Резиста;NEW_TREE;-19.081;-100.441;119.024;218.176;Линейная посадка (живая изгородь/ряд вдоль полосы);07_nizhnie_polya;"Линейная посадка (живая изгородь/ряд вдоль полосы) — по аналогии с проектом «07_nizhnie_polya»; ближайшее ограничение — пешеходная дорожка / тротуар: 3.6 м при норме 0.7 м (СП 42.13330.2016, п. 9.6, табл. 9.1; ППМ 743-ПП, табл. 3.6.1)";"ассортимент для озеленения Москвы, категория «магистрали и улицы»; без инвазивных видов ППМ 369-ПП";пешеходная дорожка / тротуар;3.61;0.7;"СП 42.13330.2016, п. 9.6, табл. 9.1; ППМ 743-ПП, табл. 3.6.1"
bush_path_corridor_006_001;посажено;bush;Спирея Бумальда;NEW_BUSH;-19.13;-105.341;118.975;213.277;Линейная посадка (живая изгородь/ряд вдоль полосы);07_nizhnie_polya;"Линейная посадка (живая изгородь/ряд вдоль полосы) — по аналогии с проектом «07_nizhnie_polya»; ближайшее ограничение — проезжая часть: 3.7 м при норме 1.0 м (СП 42.13330.2016, п. 9.6, табл. 9.1; ППМ 743-ПП, табл. 3.6.1)";"ассортимент для озеленения Москвы, категория «магистрали и улицы»; без инвазивных видов ППМ 369-ПП";проезжая часть;3.71;1.0;"СП 42.13330.2016, п. 9.6, табл. 9.1; ППМ 743-ПП, табл. 3.6.1"
bush_path_corridor_006_002;посажено;bush;Спирея Бумальда;NEW_BUSH;-19.116;-103.941;118.989;214.677;Линейная посадка (живая изгородь/ряд вдоль полосы);07_nizhnie_polya;"Линейная посадка (живая изгородь/ряд вдоль полосы) — по аналогии с проектом «07_nizhnie_polya»; ближайшее ограничение — пешеходная дорожка / тротуар: 3.6 м при норме 0.5 м (СП 42.13330.2016, п. 9.6, табл. 9.1; ППМ 743-ПП, табл. 3.6.1)";"ассортимент для озеленения Москвы, категория «магистрали и улицы»; без инвазивных видов ППМ 369-ПП";пешеходная дорожка / тротуар;3.62;0.5;"СП 42.13330.2016, п. 9.6, табл. 9.1; ППМ 743-ПП, табл. 3.6.1"
bush_path_corridor_006_003;посажено;bush;Спирея Бумальда;NEW_BUSH;-19.102;-102.541;119.003;216.077;Линейная посадка (живая изгородь/ряд вдоль полосы);07_nizhnie_polya;"Линейная посадка (живая изгородь/ряд вдоль полосы) — по аналогии с проектом «07_nizhnie_polya»; ближайшее ограничение — пешеходная дорожка / тротуар: 3.6 м при норме 0.5 м (СП 42.13330.2016, п. 9.6, табл. 9.1; ППМ 743-ПП, табл. 3.6.1)";"ассортимент для озеленения Москвы, категория «магистрали и улицы»; без инвазивных видов ППМ 369-ПП";пешеходная дорожка / тротуар;3.62;0.5;"СП 42.13330.2016, п. 9.6, табл. 9.1; ППМ 743-ПП, табл. 3.6.1"
bush_path_corridor_006_004;посажено;bush;Спирея Бумальда;NEW_BUSH;-19.06;-98.341;119.045;220.276;Линейная посадка (живая изгородь/ряд вдоль полосы);07_nizhnie_polya;"Линейная посадка (живая изгородь/ряд вдоль полосы) — по аналогии с проектом «07_nizhnie_polya»; ближайшее ограничение — пешеходная дорожка / тротуар: 3.6 м при норме 0.5 м (СП 42.13330.2016, п. 9.6, табл. 9.1; ППМ 743-ПП, табл. 3.6.1)";"ассортимент для озеленения Москвы, категория «магистрали и улицы»; без инвазивных видов ППМ 369-ПП";пешеходная дорожка / тротуар;3.61;0.5;"СП 42.13330.2016, п. 9.6, табл. 9.1; ППМ 743-ПП, табл. 3.6.1"
bush_path_corridor_006_005;посажено;bush;Спирея Бумальда;NEW_BUSH;-19.046;-96.941;119.059;221.676;Линейная посадка (живая изгородь/ряд вдоль полосы);07_nizhnie_polya;"Линейная посадка (живая изгородь/ряд вдоль полосы) — по аналогии с проектом «07_nizhnie_polya»; ближайшее ограничение — пешеходная дорожка / тротуар: 3.6 м при норме 0.5 м (СП 42.13330.2016, п. 9.6, табл. 9.1; ППМ 743-ПП, табл. 3.6.1)";"ассортимент для озеленения Москвы, категория «магистрали и улицы»; без инвазивных видов ППМ 369-ПП";пешеходная дорожка / тротуар;3.61;0.5;"СП 42.13330.2016, п. 9.6, табл. 9.1; ППМ 743-ПП, табл. 3.6.1"
bush_path_corridor_006_006;посажено;bush;Спирея Бумальда;NEW_BUSH;-19.032;-95.541;119.073;223.076;Линейная посадка (живая изгородь/ряд вдоль полосы);07_nizhnie_polya;"Линейная посадка (живая изгородь/ряд вдоль полосы) — по аналогии с проектом «07_nizhnie_polya»; ближайшее ограничение — пешеходная дорожка / тротуар: 3.6 м при норме 0.5 м (СП 42.13330.2016, п. 9.6, табл. 9.1; ППМ 743-ПП, табл. 3.6.1)";"ассортимент для озеленения Москвы, категория «магистрали и улицы»; без инвазивных видов ППМ 369-ПП";пешеходная дорожка / тротуар;3.61;0.5;"СП 42.13330.2016, п. 9.6, табл. 9.1; ППМ 743-ПП, табл. 3.6.1"
tree_path_corridor_007_001;посажено;tree;Вяз гибридный Резиста;NEW_TREE;-25.783;-11.144;112.322;307.474;Линейная посадка (живая изгородь/ряд вдоль полосы);07_nizhnie_polya;"Линейная посадка (живая изгородь/ряд вдоль полосы) — по аналогии с проектом «07_nizhnie_polya»; ближайшее ограничение — пешеходная дорожка / тротуар: 2.1 м при норме 0.7 м (СП 42.13330.2016, п. 9.6, табл. 9.1; ППМ 743-ПП, табл. 3.6.1)";"ассортимент для озеленения Москвы, категория «магистрали и улицы»; без инвазивных видов ППМ 369-ПП";пешеходная дорожка / тротуар;2.15;0.7;"СП 42.13330.2016, п. 9.6, табл. 9.1; ППМ 743-ПП, табл. 3.6.1"
bush_path_corridor_007_001;посажено;bush;Спирея Бумальда;NEW_BUSH;-25.783;-6.944;112.322;311.674;Линейная посадка (живая изгородь/ряд вдоль полосы);07_nizhnie_polya;"Линейная посадка (живая изгородь/ряд вдоль полосы) — по аналогии с проектом «07_nizhnie_polya»; ближайшее ограничение — пешеходная дорожка / тротуар: 1.6 м при норме 0.5 м (СП 42.13330.2016, п. 9.6, табл. 9.1; ППМ 743-ПП, табл. 3.6.1)";"ассортимент для озеленения Москвы, категория «магистрали и улицы»; без инвазивных видов ППМ 369-ПП";пешеходная дорожка / тротуар;1.64;0.5;"СП 42.13330.2016, п. 9.6, табл. 9.1; ППМ 743-ПП, табл. 3.6.1"
bush_path_corridor_007_002;посажено;bush;Спирея Бумальда;NEW_BUSH;-25.783;-8.344;112.322;310.274;Линейная посадка (живая изгородь/ряд вдоль полосы);07_nizhnie_polya;"Линейная посадка (живая изгородь/ряд вдоль полосы) — по аналогии с проектом «07_nizhnie_polya»; ближайшее ограничение — пешеходная дорожка / тротуар: 2.1 м при норме 0.5 м (СП 42.13330.2016, п. 9.6, табл. 9.1; ППМ 743-ПП, табл. 3.6.1)";"ассортимент для озеленения Москвы, категория «магистрали и улицы»; без инвазивных видов ППМ 369-ПП";пешеходная дорожка / тротуар;2.1;0.5;"СП 42.13330.2016, п. 9.6, табл. 9.1; ППМ 743-ПП, табл. 3.6.1"
bush_path_corridor_007_003;посажено;bush;Спирея Бумальда;NEW_BUSH;-25.783;-9.744;112.322;308.874;Линейная посадка (живая изгородь/ряд вдоль полосы);07_nizhnie_polya;"Линейная посадка (живая изгородь/ряд вдоль полосы) — по аналогии с проектом «07_nizhnie_polya»; ближайшее ограничение — пешеходная дорожка / тротуар: 2.1 м при норме 0.5 м (СП 42.13330.2016, п. 9.6, табл. 9.1; ППМ 743-ПП, табл. 3.6.1)";"ассортимент для озеленения Москвы, категория «магистрали и улицы»; без инвазивных видов ППМ 369-ПП";пешеходная дорожка / тротуар;2.12;0.5;"СП 42.13330.2016, п. 9.6, табл. 9.1; ППМ 743-ПП, табл. 3.6.1"
bush_path_corridor_007_004;посажено;bush;Спирея Бумальда;NEW_BUSH;-25.783;-12.544;112.322;306.074;Линейная посадка (живая изгородь/ряд вдоль полосы);07_nizhnie_polya;"Линейная посадка (живая изгородь/ряд вдоль полосы) — по аналогии с проектом «07_nizhnie_polya»; ближайшее ограничение — пешеходная дорожка / тротуар: 2.2 м при норме 0.5 м (СП 42.13330.2016, п. 9.6, табл. 9.1; ППМ 743-ПП, табл. 3.6.1)";"ассортимент для озеленения Москвы, категория «магистрали и улицы»; без инвазивных видов ППМ 369-ПП";пешеходная дорожка / тротуар;2.17;0.5;"СП 42.13330.2016, п. 9.6, табл. 9.1; ППМ 743-ПП, табл. 3.6.1"
bush_path_corridor_007_005;посажено;bush;Спирея Бумальда;NEW_BUSH;-25.783;-13.944;112.322;304.674;Линейная посадка (живая изгородь/ряд вдоль полосы);07_nizhnie_polya;"Линейная посадка (живая изгородь/ряд вдоль полосы) — по аналогии с проектом «07_nizhnie_polya»; ближайшее ограничение — пешеходная дорожка / тротуар: 2.2 м при норме 0.5 м (СП 42.13330.2016, п. 9.6, табл. 9.1; ППМ 743-ПП, табл. 3.6.1)";"ассортимент для озеленения Москвы, категория «магистрали и улицы»; без инвазивных видов ППМ 369-ПП";пешеходная дорожка / тротуар;2.2;0.5;"СП 42.13330.2016, п. 9.6, табл. 9.1; ППМ 743-ПП, табл. 3.6.1"
bush_path_corridor_008_001;посажено;bush;Спирея Бумальда;NEW_BUSH;-22.549;53.248;115.556;371.865;Линейная посадка (живая изгородь/ряд вдоль полосы);07_nizhnie_polya;"Линейная посадка (живая изгородь/ряд вдоль полосы) — по аналогии с проектом «07_nizhnie_polya»; ближайшее ограничение — пешеходная дорожка / тротуар: 1.2 м при норме 0.5 м (СП 42.13330.2016, п. 9.6, табл. 9.1; ППМ 743-ПП, табл. 3.6.1)";"ассортимент для озеленения Москвы, категория «магистрали и улицы»; без инвазивных видов ППМ 369-ПП";пешеходная дорожка / тротуар;1.18;0.5;"СП 42.13330.2016, п. 9.6, табл. 9.1; ППМ 743-ПП, табл. 3.6.1"
bush_path_corridor_008_002;посажено;bush;Спирея Бумальда;NEW_BUSH;-22.549;54.648;115.556;373.265;Линейная посадка (живая изгородь/ряд вдоль полосы);07_nizhnie_polya;"Линейная посадка (живая изгородь/ряд вдоль полосы) — по аналогии с проектом «07_nizhnie_polya»; ближайшее ограничение — пешеходная дорожка / тротуар: 1.2 м при норме 0.5 м (СП 42.13330.2016, п. 9.6, табл. 9.1; ППМ 743-ПП, табл. 3.6.1)";"ассортимент для озеленения Москвы, категория «магистрали и улицы»; без инвазивных видов ППМ 369-ПП";пешеходная дорожка / тротуар;1.18;0.5;"СП 42.13330.2016, п. 9.6, табл. 9.1; ППМ 743-ПП, табл. 3.6.1"
bush_path_corridor_008_003;посажено;bush;Спирея Бумальда;NEW_BUSH;-22.549;56.048;115.556;374.665;Линейная посадка (живая изгородь/ряд вдоль полосы);07_nizhnie_polya;"Линейная посадка (живая изгородь/ряд вдоль полосы) — по аналогии с проектом «07_nizhnie_polya»; ближайшее ограничение — пешеходная дорожка / тротуар: 1.2 м при норме 0.5 м (СП 42.13330.2016, п. 9.6, табл. 9.1; ППМ 743-ПП, табл. 3.6.1)";"ассортимент для озеленения Москвы, категория «магистрали и улицы»; без инвазивных видов ППМ 369-ПП";пешеходная дорожка / тротуар;1.18;0.5;"СП 42.13330.2016, п. 9.6, табл. 9.1; ППМ 743-ПП, табл. 3.6.1"
bush_path_corridor_008_004;посажено;bush;Спирея Бумальда;NEW_BUSH;-22.549;57.448;115.556;376.065;Линейная посадка (живая изгородь/ряд вдоль полосы);07_nizhnie_polya;"Линейная посадка (живая изгородь/ряд вдоль полосы) — по аналогии с проектом «07_nizhnie_polya»; ближайшее ограничение — пешеходная дорожка / тротуар: 1.2 м при норме 0.5 м (СП 42.13330.2016, п. 9.6, табл. 9.1; ППМ 743-ПП, табл. 3.6.1)";"ассортимент для озеленения Москвы, категория «магистрали и улицы»; без инвазивных видов ППМ 369-ПП";пешеходная дорожка / тротуар;1.18;0.5;"СП 42.13330.2016, п. 9.6, табл. 9.1; ППМ 743-ПП, табл. 3.6.1"
bush_path_corridor_008_005;посажено;bush;Спирея Бумальда;NEW_BUSH;-22.549;60.248;115.556;378.865;Линейная посадка (живая изгородь/ряд вдоль полосы);07_nizhnie_polya;"Линейная посадка (живая изгородь/ряд вдоль полосы) — по аналогии с проектом «07_nizhnie_polya»; ближайшее ограничение — пешеходная дорожка / тротуар: 1.2 м при норме 0.5 м (СП 42.13330.2016, п. 9.6, табл. 9.1; ППМ 743-ПП, табл. 3.6.1)";"ассортимент для озеленения Москвы, категория «магистрали и улицы»; без инвазивных видов ППМ 369-ПП";пешеходная дорожка / тротуар;1.18;0.5;"СП 42.13330.2016, п. 9.6, табл. 9.1; ППМ 743-ПП, табл. 3.6.1"
bush_path_corridor_008_006;посажено;bush;Спирея Бумальда;NEW_BUSH;-22.549;61.648;115.556;380.265;Линейная посадка (живая изгородь/ряд вдоль полосы);07_nizhnie_polya;"Линейная посадка (живая изгородь/ряд вдоль полосы) — по аналогии с проектом «07_nizhnie_polya»; ближайшее ограничение — пешеходная дорожка / тротуар: 1.2 м при норме 0.5 м (СП 42.13330.2016, п. 9.6, табл. 9.1; ППМ 743-ПП, табл. 3.6.1)";"ассортимент для озеленения Москвы, категория «магистрали и улицы»; без инвазивных видов ППМ 369-ПП";пешеходная дорожка / тротуар;1.18;0.5;"СП 42.13330.2016, п. 9.6, табл. 9.1; ППМ 743-ПП, табл. 3.6.1"
bush_path_corridor_008_007;посажено;bush;Спирея Бумальда;NEW_BUSH;-22.549;63.048;115.556;381.665;Линейная посадка (живая изгородь/ряд вдоль полосы);07_nizhnie_polya;"Линейная посадка (живая изгородь/ряд вдоль полосы) — по аналогии с проектом «07_nizhnie_polya»; ближайшее ограничение — пешеходная дорожка / тротуар: 1.2 м при норме 0.5 м (СП 42.13330.2016, п. 9.6, табл. 9.1; ППМ 743-ПП, табл. 3.6.1)";"ассортимент для озеленения Москвы, категория «магистрали и улицы»; без инвазивных видов ППМ 369-ПП";пешеходная дорожка / тротуар;1.18;0.5;"СП 42.13330.2016, п. 9.6, табл. 9.1; ППМ 743-ПП, табл. 3.6.1"
bush_path_corridor_008_008;посажено;bush;Спирея Бумальда;NEW_BUSH;-22.549;64.448;115.556;383.065;Линейная посадка (живая изгородь/ряд вдоль полосы);07_nizhnie_polya;"Линейная посадка (живая изгородь/ряд вдоль полосы) — по аналогии с проектом «07_nizhnie_polya»; ближайшее ограничение — пешеходная дорожка / тротуар: 1.2 м при норме 0.5 м (СП 42.13330.2016, п. 9.6, табл. 9.1; ППМ 743-ПП, табл. 3.6.1)";"ассортимент для озеленения Москвы, категория «магистрали и улицы»; без инвазивных видов ППМ 369-ПП";пешеходная дорожка / тротуар;1.18;0.5;"СП 42.13330.2016, п. 9.6, табл. 9.1; ППМ 743-ПП, табл. 3.6.1"
bush_path_corridor_008_009;посажено;bush;Спирея Бумальда;NEW_BUSH;-22.549;65.848;115.556;384.465;Линейная посадка (живая изгородь/ряд вдоль полосы);07_nizhnie_polya;"Линейная посадка (живая изгородь/ряд вдоль полосы) — по аналогии с проектом «07_nizhnie_polya»; ближайшее ограничение — пешеходная дорожка / тротуар: 1.2 м при норме 0.5 м (СП 42.13330.2016, п. 9.6, табл. 9.1; ППМ 743-ПП, табл. 3.6.1)";"ассортимент для озеленения Москвы, категория «магистрали и улицы»; без инвазивных видов ППМ 369-ПП";пешеходная дорожка / тротуар;1.18;0.5;"СП 42.13330.2016, п. 9.6, табл. 9.1; ППМ 743-ПП, табл. 3.6.1"
bush_path_corridor_008_010;посажено;bush;Спирея Бумальда;NEW_BUSH;-22.549;67.248;115.556;385.865;Линейная посадка (живая изгородь/ряд вдоль полосы);07_nizhnie_polya;"Линейная посадка (живая изгородь/ряд вдоль полосы) — по аналогии с проектом «07_nizhnie_polya»; ближайшее ограничение — пешеходная дорожка / тротуар: 1.2 м при норме 0.5 м (СП 42.13330.2016, п. 9.6, табл. 9.1; ППМ 743-ПП, табл. 3.6.1)";"ассортимент для озеленения Москвы, категория «магистрали и улицы»; без инвазивных видов ППМ 369-ПП";пешеходная дорожка / тротуар;1.18;0.5;"СП 42.13330.2016, п. 9.6, табл. 9.1; ППМ 743-ПП, табл. 3.6.1"
bush_path_corridor_008_011;посажено;bush;Спирея Бумальда;NEW_BUSH;-22.549;68.648;115.556;387.265;Линейная посадка (живая изгородь/ряд вдоль полосы);07_nizhnie_polya;"Линейная посадка (живая изгородь/ряд вдоль полосы) — по аналогии с проектом «07_nizhnie_polya»; ближайшее ограничение — пешеходная дорожка / тротуар: 1.2 м при норме 0.5 м (СП 42.13330.2016, п. 9.6, табл. 9.1; ППМ 743-ПП, табл. 3.6.1)";"ассортимент для озеленения Москвы, категория «магистрали и улицы»; без инвазивных видов ППМ 369-ПП";пешеходная дорожка / тротуар;1.18;0.5;"СП 42.13330.2016, п. 9.6, табл. 9.1; ППМ 743-ПП, табл. 3.6.1"
bush_path_corridor_008_012;посажено;bush;Спирея Бумальда;NEW_BUSH;-22.549;70.048;115.556;388.665;Линейная посадка (живая изгородь/ряд вдоль полосы);07_nizhnie_polya;"Линейная посадка (живая изгородь/ряд вдоль полосы) — по аналогии с проектом «07_nizhnie_polya»; ближайшее ограничение — пешеходная дорожка / тротуар: 1.2 м при норме 0.5 м (СП 42.13330.2016, п. 9.6, табл. 9.1; ППМ 743-ПП, табл. 3.6.1)";"ассортимент для озеленения Москвы, категория «магистрали и улицы»; без инвазивных видов ППМ 369-ПП";пешеходная дорожка / тротуар;1.18;0.5;"СП 42.13330.2016, п. 9.6, табл. 9.1; ППМ 743-ПП, табл. 3.6.1"
bush_path_corridor_008_013;посажено;bush;Спирея Бумальда;NEW_BUSH;-22.549;71.448;115.556;390.065;Линейная посадка (живая изгородь/ряд вдоль полосы);07_nizhnie_polya;"Линейная посадка (живая изгородь/ряд вдоль полосы) — по аналогии с проектом «07_nizhnie_polya»; ближайшее ограничение — пешеходная дорожка / тротуар: 1.2 м при норме 0.5 м (СП 42.13330.2016, п. 9.6, табл. 9.1; ППМ 743-ПП, табл. 3.6.1)";"ассортимент для озеленения Москвы, категория «магистрали и улицы»; без инвазивных видов ППМ 369-ПП";пешеходная дорожка / тротуар;1.18;0.5;"СП 42.13330.2016, п. 9.6, табл. 9.1; ППМ 743-ПП, табл. 3.6.1"
bush_path_corridor_008_014;посажено;bush;Спирея Бумальда;NEW_BUSH;-22.549;74.248;115.556;392.865;Линейная посадка (живая изгородь/ряд вдоль полосы);07_nizhnie_polya;"Линейная посадка (живая изгородь/ряд вдоль полосы) — по аналогии с проектом «07_nizhnie_polya»; ближайшее ограничение — пешеходная дорожка / тротуар: 1.2 м при норме 0.5 м (СП 42.13330.2016, п. 9.6, табл. 9.1; ППМ 743-ПП, табл. 3.6.1)";"ассортимент для озеленения Москвы, категория «магистрали и улицы»; без инвазивных видов ППМ 369-ПП";пешеходная дорожка / тротуар;1.19;0.5;"СП 42.13330.2016, п. 9.6, табл. 9.1; ППМ 743-ПП, табл. 3.6.1"
bush_path_corridor_008_015;посажено;bush;Спирея Бумальда;NEW_BUSH;-22.549;75.648;115.556;394.265;Линейная посадка (живая изгородь/ряд вдоль полосы);07_nizhnie_polya;"Линейная посадка (живая изгородь/ряд вдоль полосы) — по аналогии с проектом «07_nizhnie_polya»; ближайшее ограничение — пешеходная дорожка / тротуар: 1.2 м при норме 0.5 м (СП 42.13330.2016, п. 9.6, табл. 9.1; ППМ 743-ПП, табл. 3.6.1)";"ассортимент для озеленения Москвы, категория «магистрали и улицы»; без инвазивных видов ППМ 369-ПП";пешеходная дорожка / тротуар;1.19;0.5;"СП 42.13330.2016, п. 9.6, табл. 9.1; ППМ 743-ПП, табл. 3.6.1"
bush_path_corridor_008_016;посажено;bush;Спирея Бумальда;NEW_BUSH;-22.549;77.048;115.556;395.665;Линейная посадка (живая изгородь/ряд вдоль полосы);07_nizhnie_polya;"Линейная посадка (живая изгородь/ряд вдоль полосы) — по аналогии с проектом «07_nizhnie_polya»; ближайшее ограничение — пешеходная дорожка / тротуар: 1.2 м при норме 0.5 м (СП 42.13330.2016, п. 9.6, табл. 9.1; ППМ 743-ПП, табл. 3.6.1)";"ассортимент для озеленения Москвы, категория «магистрали и улицы»; без инвазивных видов ППМ 369-ПП";пешеходная дорожка / тротуар;1.19;0.5;"СП 42.13330.2016, п. 9.6, табл. 9.1; ППМ 743-ПП, табл. 3.6.1"
bush_path_corridor_008_017;посажено;bush;Спирея Бумальда;NEW_BUSH;-22.549;78.448;115.556;397.065;Линейная посадка (живая изгородь/ряд вдоль полосы);07_nizhnie_polya;"Линейная посадка (живая изгородь/ряд вдоль полосы) — по аналогии с проектом «07_nizhnie_polya»; ближайшее ограничение — пешеходная дорожка / тротуар: 1.2 м при норме 0.5 м (СП 42.13330.2016, п. 9.6, табл. 9.1; ППМ 743-ПП, табл. 3.6.1)";"ассортимент для озеленения Москвы, категория «магистрали и улицы»; без инвазивных видов ППМ 369-ПП";пешеходная дорожка / тротуар;1.2;0.5;"СП 42.13330.2016, п. 9.6, табл. 9.1; ППМ 743-ПП, табл. 3.6.1"
bush_path_corridor_008_018;посажено;bush;Спирея Бумальда;NEW_BUSH;-22.549;79.848;115.556;398.465;Линейная посадка (живая изгородь/ряд вдоль полосы);07_nizhnie_polya;"Линейная посадка (живая изгородь/ряд вдоль полосы) — по аналогии с проектом «07_nizhnie_polya»; ближайшее ограничение — пешеходная дорожка / тротуар: 1.2 м при норме 0.5 м (СП 42.13330.2016, п. 9.6, табл. 9.1; ППМ 743-ПП, табл. 3.6.1)";"ассортимент для озеленения Москвы, категория «магистрали и улицы»; без инвазивных видов ППМ 369-ПП";пешеходная дорожка / тротуар;1.2;0.5;"СП 42.13330.2016, п. 9.6, табл. 9.1; ППМ 743-ПП, табл. 3.6.1"
bush_path_corridor_008_019;посажено;bush;Спирея Бумальда;NEW_BUSH;-22.549;81.248;115.556;399.865;Линейная посадка (живая изгородь/ряд вдоль полосы);07_nizhnie_polya;"Линейная посадка (живая изгородь/ряд вдоль полосы) — по аналогии с проектом «07_nizhnie_polya»; ближайшее ограничение — пешеходная дорожка / тротуар: 1.2 м при норме 0.5 м (СП 42.13330.2016, п. 9.6, табл. 9.1; ППМ 743-ПП, табл. 3.6.1)";"ассортимент для озеленения Москвы, категория «магистрали и улицы»; без инвазивных видов ППМ 369-ПП";пешеходная дорожка / тротуар;1.2;0.5;"СП 42.13330.2016, п. 9.6, табл. 9.1; ППМ 743-ПП, табл. 3.6.1"
bush_path_corridor_008_020;посажено;bush;Спирея Бумальда;NEW_BUSH;-22.549;82.648;115.556;401.265;Линейная посадка (живая изгородь/ряд вдоль полосы);07_nizhnie_polya;"Линейная посадка (живая изгородь/ряд вдоль полосы) — по аналогии с проектом «07_nizhnie_polya»; ближайшее ограничение — пешеходная дорожка / тротуар: 1.2 м при норме 0.5 м (СП 42.13330.2016, п. 9.6, табл. 9.1; ППМ 743-ПП, табл. 3.6.1)";"ассортимент для озеленения Москвы, категория «магистрали и улицы»; без инвазивных видов ППМ 369-ПП";пешеходная дорожка / тротуар;1.2;0.5;"СП 42.13330.2016, п. 9.6, табл. 9.1; ППМ 743-ПП, табл. 3.6.1"
bush_path_corridor_008_021;посажено;bush;Спирея Бумальда;NEW_BUSH;-22.549;84.048;115.556;402.665;Линейная посадка (живая изгородь/ряд вдоль полосы);07_nizhnie_polya;"Линейная посадка (живая изгородь/ряд вдоль полосы) — по аналогии с проектом «07_nizhnie_polya»; ближайшее ограничение — пешеходная дорожка / тротуар: 1.2 м при норме 0.5 м (СП 42.13330.2016, п. 9.6, табл. 9.1; ППМ 743-ПП, табл. 3.6.1)";"ассортимент для озеленения Москвы, категория «магистрали и улицы»; без инвазивных видов ППМ 369-ПП";пешеходная дорожка / тротуар;1.21;0.5;"СП 42.13330.2016, п. 9.6, табл. 9.1; ППМ 743-ПП, табл. 3.6.1"
bush_path_corridor_008_022;посажено;bush;Спирея Бумальда;NEW_BUSH;-22.549;85.448;115.556;404.065;Линейная посадка (живая изгородь/ряд вдоль полосы);07_nizhnie_polya;"Линейная посадка (живая изгородь/ряд вдоль полосы) — по аналогии с проектом «07_nizhnie_polya»; ближайшее ограничение — пешеходная дорожка / тротуар: 1.2 м при норме 0.5 м (СП 42.13330.2016, п. 9.6, табл. 9.1; ППМ 743-ПП, табл. 3.6.1)";"ассортимент для озеленения Москвы, категория «магистрали и улицы»; без инвазивных видов ППМ 369-ПП";пешеходная дорожка / тротуар;1.21;0.5;"СП 42.13330.2016, п. 9.6, табл. 9.1; ППМ 743-ПП, табл. 3.6.1"
bush_path_corridor_008_023;посажено;bush;Спирея Бумальда;NEW_BUSH;-22.549;88.248;115.556;406.865;Линейная посадка (живая изгородь/ряд вдоль полосы);07_nizhnie_polya;"Линейная посадка (живая изгородь/ряд вдоль полосы) — по аналогии с проектом «07_nizhnie_polya»; ближайшее ограничение — пешеходная дорожка / тротуар: 1.2 м при норме 0.5 м (СП 42.13330.2016, п. 9.6, табл. 9.1; ППМ 743-ПП, табл. 3.6.1)";"ассортимент для озеленения Москвы, категория «магистрали и улицы»; без инвазивных видов ППМ 369-ПП";пешеходная дорожка / тротуар;1.22;0.5;"СП 42.13330.2016, п. 9.6, табл. 9.1; ППМ 743-ПП, табл. 3.6.1"
bush_path_corridor_008_024;посажено;bush;Спирея Бумальда;NEW_BUSH;-22.549;89.648;115.556;408.265;Линейная посадка (живая изгородь/ряд вдоль полосы);07_nizhnie_polya;"Линейная посадка (живая изгородь/ряд вдоль полосы) — по аналогии с проектом «07_nizhnie_polya»; ближайшее ограничение — пешеходная дорожка / тротуар: 1.2 м при норме 0.5 м (СП 42.13330.2016, п. 9.6, табл. 9.1; ППМ 743-ПП, табл. 3.6.1)";"ассортимент для озеленения Москвы, категория «магистрали и улицы»; без инвазивных видов ППМ 369-ПП";пешеходная дорожка / тротуар;1.22;0.5;"СП 42.13330.2016, п. 9.6, табл. 9.1; ППМ 743-ПП, табл. 3.6.1"
bush_path_corridor_008_025;посажено;bush;Спирея Бумальда;NEW_BUSH;-22.549;91.048;115.556;409.665;Линейная посадка (живая изгородь/ряд вдоль полосы);07_nizhnie_polya;"Линейная посадка (живая изгородь/ряд вдоль полосы) — по аналогии с проектом «07_nizhnie_polya»; ближайшее ограничение — пешеходная дорожка / тротуар: 1.2 м при норме 0.5 м (СП 42.13330.2016, п. 9.6, табл. 9.1; ППМ 743-ПП, табл. 3.6.1)";"ассортимент для озеленения Москвы, категория «магистрали и улицы»; без инвазивных видов ППМ 369-ПП";пешеходная дорожка / тротуар;1.22;0.5;"СП 42.13330.2016, п. 9.6, табл. 9.1; ППМ 743-ПП, табл. 3.6.1"
bush_path_corridor_008_026;посажено;bush;Спирея Бумальда;NEW_BUSH;-22.549;92.448;115.556;411.065;Линейная посадка (живая изгородь/ряд вдоль полосы);07_nizhnie_polya;"Линейная посадка (живая изгородь/ряд вдоль полосы) — по аналогии с проектом «07_nizhnie_polya»; ближайшее ограничение — пешеходная дорожка / тротуар: 1.3 м при норме 0.5 м (СП 42.13330.2016, п. 9.6, табл. 9.1; ППМ 743-ПП, табл. 3.6.1)";"ассортимент для озеленения Москвы, категория «магистрали и улицы»; без инвазивных видов ППМ 369-ПП";пешеходная дорожка / тротуар;1.29;0.5;"СП 42.13330.2016, п. 9.6, табл. 9.1; ППМ 743-ПП, табл. 3.6.1"
bush_path_corridor_008_027;посажено;bush;Спирея Бумальда;NEW_BUSH;-22.549;93.848;115.556;412.465;Линейная посадка (живая изгородь/ряд вдоль полосы);07_nizhnie_polya;"Линейная посадка (живая изгородь/ряд вдоль полосы) — по аналогии с проектом «07_nizhnie_polya»; ближайшее ограничение — пешеходная дорожка / тротуар: 1.3 м при норме 0.5 м (СП 42.13330.2016, п. 9.6, табл. 9.1; ППМ 743-ПП, табл. 3.6.1)";"ассортимент для озеленения Москвы, категория «магистрали и улицы»; без инвазивных видов ППМ 369-ПП";пешеходная дорожка / тротуар;1.34;0.5;"СП 42.13330.2016, п. 9.6, табл. 9.1; ППМ 743-ПП, табл. 3.6.1"
bush_path_corridor_008_028;посажено;bush;Спирея Бумальда;NEW_BUSH;-22.549;95.248;115.556;413.865;Линейная посадка (живая изгородь/ряд вдоль полосы);07_nizhnie_polya;"Линейная посадка (живая изгородь/ряд вдоль полосы) — по аналогии с проектом «07_nizhnie_polya»; ближайшее ограничение — пешеходная дорожка / тротуар: 1.3 м при норме 0.5 м (СП 42.13330.2016, п. 9.6, табл. 9.1; ППМ 743-ПП, табл. 3.6.1)";"ассортимент для озеленения Москвы, категория «магистрали и улицы»; без инвазивных видов ППМ 369-ПП";пешеходная дорожка / тротуар;1.3;0.5;"СП 42.13330.2016, п. 9.6, табл. 9.1; ППМ 743-ПП, табл. 3.6.1"
bush_path_corridor_008_029;посажено;bush;Спирея Бумальда;NEW_BUSH;-22.549;96.648;115.556;415.265;Линейная посадка (живая изгородь/ряд вдоль полосы);07_nizhnie_polya;"Линейная посадка (живая изгородь/ряд вдоль полосы) — по аналогии с проектом «07_nizhnie_polya»; ближайшее ограничение — пешеходная дорожка / тротуар: 1.3 м при норме 0.5 м (СП 42.13330.2016, п. 9.6, табл. 9.1; ППМ 743-ПП, табл. 3.6.1)";"ассортимент для озеленения Москвы, категория «магистрали и улицы»; без инвазивных видов ППМ 369-ПП";пешеходная дорожка / тротуар;1.27;0.5;"СП 42.13330.2016, п. 9.6, табл. 9.1; ППМ 743-ПП, табл. 3.6.1"
bush_path_corridor_009_001;посажено;bush;Спирея Бумальда;NEW_BUSH;-44.05;-19.558;94.055;299.059;Линейная посадка (живая изгородь/ряд вдоль полосы);07_nizhnie_polya;"Линейная посадка (живая изгородь/ряд вдоль полосы) — по аналогии с проектом «07_nizhnie_polya»; ближайшее ограничение — воздушная ЛЭП: 2.8 м при норме 2.0 м (охранная зона по чертежу (отступ зоны))";"ассортимент для озеленения Москвы, категория «магистрали и улицы»; без инвазивных видов ППМ 369-ПП";воздушная ЛЭП;2.76;2.0;охранная зона по чертежу (отступ зоны)
tree_path_corridor_010_001;посажено;tree;Вяз гибридный Резиста;NEW_TREE;-18.558;-20.042;119.547;298.576;Линейная посадка (живая изгородь/ряд вдоль полосы);07_nizhnie_polya;"Линейная посадка (живая изгородь/ряд вдоль полосы) — по аналогии с проектом «07_nizhnie_polya»; ближайшее ограничение — воздушная ЛЭП: 2.9 м при норме 2.0 м (охранная зона по чертежу (отступ зоны))";"ассортимент для озеленения Москвы, категория «магистрали и улицы»; без инвазивных видов ППМ 369-ПП";воздушная ЛЭП;2.91;2.0;охранная зона по чертежу (отступ зоны)
bush_path_corridor_010_001;посажено;bush;Спирея Бумальда;NEW_BUSH;-19.828;-19.454;118.276;299.163;Линейная посадка (живая изгородь/ряд вдоль полосы);07_nizhnie_polya;"Линейная посадка (живая изгородь/ряд вдоль полосы) — по аналогии с проектом «07_nizhnie_polya»; ближайшее ограничение — воздушная ЛЭП: 2.9 м при норме 2.0 м (охранная зона по чертежу (отступ зоны))";"ассортимент для озеленения Москвы, категория «магистрали и улицы»; без инвазивных видов ППМ 369-ПП";воздушная ЛЭП;2.91;2.0;охранная зона по чертежу (отступ зоны)
tree_path_corridor_011_001;посажено;tree;Вяз гибридный Резиста;NEW_TREE;-65.025;209.624;73.08;528.241;Линейная посадка (живая изгородь/ряд вдоль полосы);07_nizhnie_polya;"Линейная посадка (живая изгородь/ряд вдоль полосы) — по аналогии с проектом «07_nizhnie_polya»; ближайшее ограничение — проезжая часть: 3.4 м при норме 2.0 м (СП 42.13330.2016, п. 9.6, табл. 9.1; ППМ 743-ПП, табл. 3.6.1)";"ассортимент для озеленения Москвы, категория «магистрали и улицы»; без инвазивных видов ППМ 369-ПП";проезжая часть;3.42;2.0;"СП 42.13330.2016, п. 9.6, табл. 9.1; ППМ 743-ПП, табл. 3.6.1"
tree_path_corridor_011_002;посажено;tree;Вяз гибридный Резиста;NEW_TREE;-76.896;208.796;61.209;527.413;Линейная посадка (живая изгородь/ряд вдоль полосы);07_nizhnie_polya;"Линейная посадка (живая изгородь/ряд вдоль полосы) — по аналогии с проектом «07_nizhnie_polya»; ближайшее ограничение — проезжая часть: 2.6 м при норме 2.0 м (СП 42.13330.2016, п. 9.6, табл. 9.1; ППМ 743-ПП, табл. 3.6.1)";"ассортимент для озеленения Москвы, категория «магистрали и улицы»; без инвазивных видов ППМ 369-ПП";проезжая часть;2.59;2.0;"СП 42.13330.2016, п. 9.6, табл. 9.1; ППМ 743-ПП, табл. 3.6.1"
bush_path_corridor_011_001;посажено;bush;Спирея Бумальда;NEW_BUSH;-47.567;210.842;90.538;529.459;Линейная посадка (живая изгородь/ряд вдоль полосы);07_nizhnie_polya;"Линейная посадка (живая изгородь/ряд вдоль полосы) — по аналогии с проектом «07_nizhnie_polya»; ближайшее ограничение — канализация: 2.4 м при норме 0.0 м (СП 42.13330.2016, п. 9.6, табл. 9.1; ППМ 743-ПП, табл. 3.6.1)";"ассортимент для озеленения Москвы, категория «магистрали и улицы»; без инвазивных видов ППМ 369-ПП";канализация;2.41;0.0;"СП 42.13330.2016, п. 9.6, табл. 9.1; ППМ 743-ПП, табл. 3.6.1"
bush_path_corridor_011_002;посажено;bush;Спирея Бумальда;NEW_BUSH;-48.964;210.744;89.141;529.362;Линейная посадка (живая изгородь/ряд вдоль полосы);07_nizhnie_polya;"Линейная посадка (живая изгородь/ряд вдоль полосы) — по аналогии с проектом «07_nizhnie_polya»; ближайшее ограничение — проезжая часть: 4.5 м при норме 1.0 м (СП 42.13330.2016, п. 9.6, табл. 9.1; ППМ 743-ПП, табл. 3.6.1)";"ассортимент для озеленения Москвы, категория «магистрали и улицы»; без инвазивных видов ППМ 369-ПП";проезжая часть;4.55;1.0;"СП 42.13330.2016, п. 9.6, табл. 9.1; ППМ 743-ПП, табл. 3.6.1"
bush_path_corridor_011_003;посажено;bush;Спирея Бумальда;NEW_BUSH;-50.36;210.647;87.745;529.264;Линейная посадка (живая изгородь/ряд вдоль полосы);07_nizhnie_polya;"Линейная посадка (живая изгородь/ряд вдоль полосы) — по аналогии с проектом «07_nizhnie_polya»; ближайшее ограничение — проезжая часть: 4.5 м при норме 1.0 м (СП 42.13330.2016, п. 9.6, табл. 9.1; ППМ 743-ПП, табл. 3.6.1)";"ассортимент для озеленения Москвы, категория «магистрали и улицы»; без инвазивных видов ППМ 369-ПП";проезжая часть;4.45;1.0;"СП 42.13330.2016, п. 9.6, табл. 9.1; ППМ 743-ПП, табл. 3.6.1"
bush_path_corridor_011_004;посажено;bush;Спирея Бумальда;NEW_BUSH;-51.757;210.549;86.348;529.167;Линейная посадка (живая изгородь/ряд вдоль полосы);07_nizhnie_polya;"Линейная посадка (живая изгородь/ряд вдоль полосы) — по аналогии с проектом «07_nizhnie_polya»; ближайшее ограничение — проезжая часть: 4.4 м при норме 1.0 м (СП 42.13330.2016, п. 9.6, табл. 9.1; ППМ 743-ПП, табл. 3.6.1)";"ассортимент для озеленения Москвы, категория «магистрали и улицы»; без инвазивных видов ППМ 369-ПП";проезжая часть;4.36;1.0;"СП 42.13330.2016, п. 9.6, табл. 9.1; ППМ 743-ПП, табл. 3.6.1"
bush_path_corridor_011_005;посажено;bush;Спирея Бумальда;NEW_BUSH;-55.947;210.257;82.158;528.874;Линейная посадка (живая изгородь/ряд вдоль полосы);07_nizhnie_polya;"Линейная посадка (живая изгородь/ряд вдоль полосы) — по аналогии с проектом «07_nizhnie_polya»; ближайшее ограничение — воздушная ЛЭП: 4.7 м при норме 2.0 м (охранная зона по чертежу (отступ зоны))";"ассортимент для озеленения Москвы, категория «магистрали и улицы»; без инвазивных видов ППМ 369-ПП";воздушная ЛЭП;4.67;2.0;охранная зона по чертежу (отступ зоны)
bush_path_corridor_011_006;посажено;bush;Спирея Бумальда;NEW_BUSH;-57.343;210.16;80.761;528.777;Линейная посадка (живая изгородь/ряд вдоль полосы);07_nizhnie_polya;"Линейная посадка (живая изгородь/ряд вдоль полосы) — по аналогии с проектом «07_nizhnie_polya»; ближайшее ограничение — воздушная ЛЭП: 4.1 м при норме 2.0 м (охранная зона по чертежу (отступ зоны))";"ассортимент для озеленения Москвы, категория «магистрали и улицы»; без инвазивных видов ППМ 369-ПП";воздушная ЛЭП;4.13;2.0;охранная зона по чертежу (отступ зоны)
bush_path_corridor_011_007;посажено;bush;Спирея Бумальда;NEW_BUSH;-58.74;210.062;79.365;528.68;Линейная посадка (живая изгородь/ряд вдоль полосы);07_nizhnie_polya;"Линейная посадка (живая изгородь/ряд вдоль полосы) — по аналогии с проектом «07_nizhnie_polya»; ближайшее ограничение — воздушная ЛЭП: 4.0 м при норме 2.0 м (охранная зона по чертежу (отступ зоны))";"ассортимент для озеленения Москвы, категория «магистрали и улицы»; без инвазивных видов ППМ 369-ПП";воздушная ЛЭП;4.03;2.0;охранная зона по чертежу (отступ зоны)
bush_path_corridor_011_008;посажено;bush;Спирея Бумальда;NEW_BUSH;-60.137;209.965;77.968;528.582;Линейная посадка (живая изгородь/ряд вдоль полосы);07_nizhnie_polya;"Линейная посадка (живая изгородь/ряд вдоль полосы) — по аналогии с проектом «07_nizhnie_polya»; ближайшее ограничение — воздушная ЛЭП: 4.4 м при норме 2.0 м (охранная зона по чертежу (отступ зоны))";"ассортимент для озеленения Москвы, категория «магистрали и улицы»; без инвазивных видов ППМ 369-ПП";воздушная ЛЭП;4.4;2.0;охранная зона по чертежу (отступ зоны)
bush_path_corridor_011_009;посажено;bush;Спирея Бумальда;NEW_BUSH;-61.533;209.867;76.572;528.485;Линейная посадка (живая изгородь/ряд вдоль полосы);07_nizhnie_polya;"Линейная посадка (живая изгородь/ряд вдоль полосы) — по аналогии с проектом «07_nizhnie_polya»; ближайшее ограничение — проезжая часть: 3.7 м при норме 1.0 м (СП 42.13330.2016, п. 9.6, табл. 9.1; ППМ 743-ПП, табл. 3.6.1)";"ассортимент для озеленения Москвы, категория «магистрали и улицы»; без инвазивных видов ППМ 369-ПП";проезжая часть;3.67;1.0;"СП 42.13330.2016, п. 9.6, табл. 9.1; ППМ 743-ПП, табл. 3.6.1"
bush_path_corridor_011_010;посажено;bush;Спирея Бумальда;NEW_BUSH;-62.93;209.77;75.175;528.387;Линейная посадка (живая изгородь/ряд вдоль полосы);07_nizhnie_polya;"Линейная посадка (живая изгородь/ряд вдоль полосы) — по аналогии с проектом «07_nizhnie_polya»; ближайшее ограничение — проезжая часть: 3.6 м при норме 1.0 м (СП 42.13330.2016, п. 9.6, табл. 9.1; ППМ 743-ПП, табл. 3.6.1)";"ассортимент для озеленения Москвы, категория «магистрали и улицы»; без инвазивных видов ППМ 369-ПП";проезжая часть;3.57;1.0;"СП 42.13330.2016, п. 9.6, табл. 9.1; ППМ 743-ПП, табл. 3.6.1"
bush_path_corridor_011_011;посажено;bush;Спирея Бумальда;NEW_BUSH;-67.12;209.478;70.985;528.095;Линейная посадка (живая изгородь/ряд вдоль полосы);07_nizhnie_polya;"Линейная посадка (живая изгородь/ряд вдоль полосы) — по аналогии с проектом «07_nizhnie_polya»; ближайшее ограничение — проезжая часть: 3.3 м при норме 1.0 м (СП 42.13330.2016, п. 9.6, табл. 9.1; ППМ 743-ПП, табл. 3.6.1)";"ассортимент для озеленения Москвы, категория «магистрали и улицы»; без инвазивных видов ППМ 369-ПП";проезжая часть;3.28;1.0;"СП 42.13330.2016, п. 9.6, табл. 9.1; ППМ 743-ПП, табл. 3.6.1"
bush_path_corridor_011_012;посажено;bush;Спирея Бумальда;NEW_BUSH;-71.31;209.185;66.795;527.803;Линейная посадка (живая изгородь/ряд вдоль полосы);07_nizhnie_polya;"Линейная посадка (живая изгородь/ряд вдоль полосы) — по аналогии с проектом «07_nizhnie_polya»; ближайшее ограничение — проезжая часть: 3.0 м при норме 1.0 м (СП 42.13330.2016, п. 9.6, табл. 9.1; ППМ 743-ПП, табл. 3.6.1)";"ассортимент для озеленения Москвы, категория «магистрали и улицы»; без инвазивных видов ППМ 369-ПП";проезжая часть;2.98;1.0;"СП 42.13330.2016, п. 9.6, табл. 9.1; ППМ 743-ПП, табл. 3.6.1"
bush_path_corridor_011_013;посажено;bush;Спирея Бумальда;NEW_BUSH;-72.706;209.088;65.399;527.705;Линейная посадка (живая изгородь/ряд вдоль полосы);07_nizhnie_polya;"Линейная посадка (живая изгородь/ряд вдоль полосы) — по аналогии с проектом «07_nizhnie_polya»; ближайшее ограничение — проезжая часть: 2.9 м при норме 1.0 м (СП 42.13330.2016, п. 9.6, табл. 9.1; ППМ 743-ПП, табл. 3.6.1)";"ассортимент для озеленения Москвы, категория «магистрали и улицы»; без инвазивных видов ППМ 369-ПП";проезжая часть;2.88;1.0;"СП 42.13330.2016, п. 9.6, табл. 9.1; ППМ 743-ПП, табл. 3.6.1"
bush_path_corridor_011_014;посажено;bush;Спирея Бумальда;NEW_BUSH;-74.103;208.99;64.002;527.608;Линейная посадка (живая изгородь/ряд вдоль полосы);07_nizhnie_polya;"Линейная посадка (живая изгородь/ряд вдоль полосы) — по аналогии с проектом «07_nizhnie_polya»; ближайшее ограничение — проезжая часть: 2.8 м при норме 1.0 м (СП 42.13330.2016, п. 9.6, табл. 9.1; ППМ 743-ПП, табл. 3.6.1)";"ассортимент для озеленения Москвы, категория «магистрали и улицы»; без инвазивных видов ППМ 369-ПП";проезжая часть;2.79;1.0;"СП 42.13330.2016, п. 9.6, табл. 9.1; ППМ 743-ПП, табл. 3.6.1"
bush_path_corridor_011_015;посажено;bush;Спирея Бумальда;NEW_BUSH;-75.499;208.893;62.606;527.51;Линейная посадка (живая изгородь/ряд вдоль полосы);07_nizhnie_polya;"Линейная посадка (живая изгородь/ряд вдоль полосы) — по аналогии с проектом «07_nizhnie_polya»; ближайшее ограничение — проезжая часть: 2.7 м при норме 1.0 м (СП 42.13330.2016, п. 9.6, табл. 9.1; ППМ 743-ПП, табл. 3.6.1)";"ассортимент для озеленения Москвы, категория «магистрали и улицы»; без инвазивных видов ППМ 369-ПП";проезжая часть;2.69;1.0;"СП 42.13330.2016, п. 9.6, табл. 9.1; ППМ 743-ПП, табл. 3.6.1"
bush_path_corridor_011_016;посажено;bush;Спирея Бумальда;NEW_BUSH;-78.293;208.698;59.812;527.316;Линейная посадка (живая изгородь/ряд вдоль полосы);07_nizhnie_polya;"Линейная посадка (живая изгородь/ряд вдоль полосы) — по аналогии с проектом «07_nizhnie_polya»; ближайшее ограничение — проезжая часть: 2.5 м при норме 1.0 м (СП 42.13330.2016, п. 9.6, табл. 9.1; ППМ 743-ПП, табл. 3.6.1)";"ассортимент для озеленения Москвы, категория «магистрали и улицы»; без инвазивных видов ППМ 369-ПП";проезжая часть;2.49;1.0;"СП 42.13330.2016, п. 9.6, табл. 9.1; ППМ 743-ПП, табл. 3.6.1"
bush_path_corridor_011_017;посажено;bush;Спирея Бумальда;NEW_BUSH;-79.689;208.601;58.416;527.218;Линейная посадка (живая изгородь/ряд вдоль полосы);07_nizhnie_polya;"Линейная посадка (живая изгородь/ряд вдоль полосы) — по аналогии с проектом «07_nizhnie_polya»; ближайшее ограничение — проезжая часть: 2.4 м при норме 1.0 м (СП 42.13330.2016, п. 9.6, табл. 9.1; ППМ 743-ПП, табл. 3.6.1)";"ассортимент для озеленения Москвы, категория «магистрали и улицы»; без инвазивных видов ППМ 369-ПП";проезжая часть;2.39;1.0;"СП 42.13330.2016, п. 9.6, табл. 9.1; ППМ 743-ПП, табл. 3.6.1"
bush_path_corridor_011_018;посажено;bush;Спирея Бумальда;NEW_BUSH;-81.086;208.503;57.019;527.121;Линейная посадка (живая изгородь/ряд вдоль полосы);07_nizhnie_polya;"Линейная посадка (живая изгородь/ряд вдоль полосы) — по аналогии с проектом «07_nizhnie_polya»; ближайшее ограничение — проезжая часть: 2.4 м при норме 1.0 м (СП 42.13330.2016, п. 9.6, табл. 9.1; ППМ 743-ПП, табл. 3.6.1)";"ассортимент для озеленения Москвы, категория «магистрали и улицы»; без инвазивных видов ППМ 369-ПП";проезжая часть;2.38;1.0;"СП 42.13330.2016, п. 9.6, табл. 9.1; ППМ 743-ПП, табл. 3.6.1"
bush_path_corridor_011_019;посажено;bush;Спирея Бумальда;NEW_BUSH;-82.482;208.406;55.623;527.023;Линейная посадка (живая изгородь/ряд вдоль полосы);07_nizhnie_polya;"Линейная посадка (живая изгородь/ряд вдоль полосы) — по аналогии с проектом «07_nizhnie_polya»; ближайшее ограничение — проезжая часть: 3.0 м при норме 1.0 м (СП 42.13330.2016, п. 9.6, табл. 9.1; ППМ 743-ПП, табл. 3.6.1)";"ассортимент для озеленения Москвы, категория «магистрали и улицы»; без инвазивных видов ППМ 369-ПП";проезжая часть;2.99;1.0;"СП 42.13330.2016, п. 9.6, табл. 9.1; ППМ 743-ПП, табл. 3.6.1"
tree_path_corridor_012_001;посажено;tree;Вяз гибридный Резиста;NEW_TREE;-34.036;209.718;104.069;528.335;Линейная посадка (живая изгородь/ряд вдоль полосы);07_nizhnie_polya;"Линейная посадка (живая изгородь/ряд вдоль полосы) — по аналогии с проектом «07_nizhnie_polya»; ближайшее ограничение — проезжая часть: 3.5 м при норме 2.0 м (СП 42.13330.2016, п. 9.6, табл. 9.1; ППМ 743-ПП, табл. 3.6.1)";"ассортимент для озеленения Москвы, категория «магистрали и улицы»; без инвазивных видов ППМ 369-ПП";проезжая часть;3.53;2.0;"СП 42.13330.2016, п. 9.6, табл. 9.1; ППМ 743-ПП, табл. 3.6.1"
tree_path_corridor_013_001;посажено;tree;Вяз гибридный Резиста;NEW_TREE;-34.579;274.983;103.526;593.601;Линейная посадка (живая изгородь/ряд вдоль полосы);07_nizhnie_polya;"Линейная посадка (живая изгородь/ряд вдоль полосы) — по аналогии с проектом «07_nizhnie_polya»; ближайшее ограничение — водопровод: 2.8 м при норме 2.0 м (СП 42.13330.2016, п. 9.6, табл. 9.1; ППМ 743-ПП, табл. 3.6.1)";"ассортимент для озеленения Москвы, категория «магистрали и улицы»; без инвазивных видов ППМ 369-ПП";водопровод;2.83;2.0;"СП 42.13330.2016, п. 9.6, табл. 9.1; ППМ 743-ПП, табл. 3.6.1"
tree_path_corridor_014_001;посажено;tree;Вяз гибридный Резиста;NEW_TREE;-27.569;276.822;110.536;595.439;Линейная посадка (живая изгородь/ряд вдоль полосы);07_nizhnie_polya;"Линейная посадка (живая изгородь/ряд вдоль полосы) — по аналогии с проектом «07_nizhnie_polya»; ближайшее ограничение — пешеходная дорожка / тротуар: 2.1 м при норме 0.7 м (СП 42.13330.2016, п. 9.6, табл. 9.1; ППМ 743-ПП, табл. 3.6.1)";"ассортимент для озеленения Москвы, категория «магистрали и улицы»; без инвазивных видов ППМ 369-ПП";пешеходная дорожка / тротуар;2.13;0.7;"СП 42.13330.2016, п. 9.6, табл. 9.1; ППМ 743-ПП, табл. 3.6.1"
bush_path_corridor_014_001;посажено;bush;Спирея Бумальда;NEW_BUSH;-27.691;281.02;110.414;599.638;Линейная посадка (живая изгородь/ряд вдоль полосы);07_nizhnie_polya;"Линейная посадка (живая изгородь/ряд вдоль полосы) — по аналогии с проектом «07_nizhnie_polya»; ближайшее ограничение — пешеходная дорожка / тротуар: 2.1 м при норме 0.5 м (СП 42.13330.2016, п. 9.6, табл. 9.1; ППМ 743-ПП, табл. 3.6.1)";"ассортимент для озеленения Москвы, категория «магистрали и улицы»; без инвазивных видов ППМ 369-ПП";пешеходная дорожка / тротуар;2.13;0.5;"СП 42.13330.2016, п. 9.6, табл. 9.1; ППМ 743-ПП, табл. 3.6.1"
bush_path_corridor_014_002;посажено;bush;Спирея Бумальда;NEW_BUSH;-27.609;278.221;110.496;596.839;Линейная посадка (живая изгородь/ряд вдоль полосы);07_nizhnie_polya;"Линейная посадка (живая изгородь/ряд вдоль полосы) — по аналогии с проектом «07_nizhnie_polya»; ближайшее ограничение — пешеходная дорожка / тротуар: 2.1 м при норме 0.5 м (СП 42.13330.2016, п. 9.6, табл. 9.1; ППМ 743-ПП, табл. 3.6.1)";"ассортимент для озеленения Москвы, категория «магистрали и улицы»; без инвазивных видов ППМ 369-ПП";пешеходная дорожка / тротуар;2.13;0.5;"СП 42.13330.2016, п. 9.6, табл. 9.1; ППМ 743-ПП, табл. 3.6.1"
bush_path_corridor_014_003;посажено;bush;Спирея Бумальда;NEW_BUSH;-27.528;275.422;110.577;594.04;Линейная посадка (живая изгородь/ряд вдоль полосы);07_nizhnie_polya;"Линейная посадка (живая изгородь/ряд вдоль полосы) — по аналогии с проектом «07_nizhnie_polya»; ближайшее ограничение — пешеходная дорожка / тротуар: 2.1 м при норме 0.5 м (СП 42.13330.2016, п. 9.6, табл. 9.1; ППМ 743-ПП, табл. 3.6.1)";"ассортимент для озеленения Москвы, категория «магистрали и улицы»; без инвазивных видов ППМ 369-ПП";пешеходная дорожка / тротуар;2.13;0.5;"СП 42.13330.2016, п. 9.6, табл. 9.1; ППМ 743-ПП, табл. 3.6.1"
bush_path_corridor_014_004;посажено;bush;Спирея Бумальда;NEW_BUSH;-27.487;274.023;110.617;592.64;Линейная посадка (живая изгородь/ряд вдоль полосы);07_nizhnie_polya;"Линейная посадка (живая изгородь/ряд вдоль полосы) — по аналогии с проектом «07_nizhnie_polya»; ближайшее ограничение — пешеходная дорожка / тротуар: 2.1 м при норме 0.5 м (СП 42.13330.2016, п. 9.6, табл. 9.1; ППМ 743-ПП, табл. 3.6.1)";"ассортимент для озеленения Москвы, категория «магистрали и улицы»; без инвазивных видов ППМ 369-ПП";пешеходная дорожка / тротуар;2.13;0.5;"СП 42.13330.2016, п. 9.6, табл. 9.1; ППМ 743-ПП, табл. 3.6.1"
bush_path_corridor_014_005;посажено;bush;Спирея Бумальда;NEW_BUSH;-27.447;272.624;110.658;591.241;Линейная посадка (живая изгородь/ряд вдоль полосы);07_nizhnie_polya;"Линейная посадка (живая изгородь/ряд вдоль полосы) — по аналогии с проектом «07_nizhnie_polya»; ближайшее ограничение — пешеходная дорожка / тротуар: 2.1 м при норме 0.5 м (СП 42.13330.2016, п. 9.6, табл. 9.1; ППМ 743-ПП, табл. 3.6.1)";"ассортимент для озеленения Москвы, категория «магистрали и улицы»; без инвазивных видов ППМ 369-ПП";пешеходная дорожка / тротуар;2.13;0.5;"СП 42.13330.2016, п. 9.6, табл. 9.1; ППМ 743-ПП, табл. 3.6.1"
bush_path_corridor_015_001;посажено;bush;Спирея Бумальда;NEW_BUSH;-0.978;284.203;137.127;602.821;Линейная посадка (живая изгородь/ряд вдоль полосы);07_nizhnie_polya;"Линейная посадка (живая изгородь/ряд вдоль полосы) — по аналогии с проектом «07_nizhnie_polya»; ближайшее ограничение — пешеходная дорожка / тротуар: 2.1 м при норме 0.5 м (СП 42.13330.2016, п. 9.6, табл. 9.1; ППМ 743-ПП, табл. 3.6.1)";"ассортимент для озеленения Москвы, категория «магистрали и улицы»; без инвазивных видов ППМ 369-ПП";пешеходная дорожка / тротуар;2.08;0.5;"СП 42.13330.2016, п. 9.6, табл. 9.1; ППМ 743-ПП, табл. 3.6.1"
bush_path_corridor_015_002;посажено;bush;Спирея Бумальда;NEW_BUSH;-0.985;282.803;137.12;601.421;Линейная посадка (живая изгородь/ряд вдоль полосы);07_nizhnie_polya;"Линейная посадка (живая изгородь/ряд вдоль полосы) — по аналогии с проектом «07_nizhnie_polya»; ближайшее ограничение — пешеходная дорожка / тротуар: 2.1 м при норме 0.5 м (СП 42.13330.2016, п. 9.6, табл. 9.1; ППМ 743-ПП, табл. 3.6.1)";"ассортимент для озеленения Москвы, категория «магистрали и улицы»; без инвазивных видов ППМ 369-ПП";пешеходная дорожка / тротуар;2.1;0.5;"СП 42.13330.2016, п. 9.6, табл. 9.1; ППМ 743-ПП, табл. 3.6.1"
bush_path_corridor_015_003;посажено;bush;Спирея Бумальда;NEW_BUSH;-0.993;281.404;137.112;600.021;Линейная посадка (живая изгородь/ряд вдоль полосы);07_nizhnie_polya;"Линейная посадка (живая изгородь/ряд вдоль полосы) — по аналогии с проектом «07_nizhnie_polya»; ближайшее ограничение — пешеходная дорожка / тротуар: 2.1 м при норме 0.5 м (СП 42.13330.2016, п. 9.6, табл. 9.1; ППМ 743-ПП, табл. 3.6.1)";"ассортимент для озеленения Москвы, категория «магистрали и улицы»; без инвазивных видов ППМ 369-ПП";пешеходная дорожка / тротуар;2.11;0.5;"СП 42.13330.2016, п. 9.6, табл. 9.1; ППМ 743-ПП, табл. 3.6.1"
bush_path_corridor_015_004;посажено;bush;Спирея Бумальда;NEW_BUSH;-1.0;280.004;137.105;598.621;Линейная посадка (живая изгородь/ряд вдоль полосы);07_nizhnie_polya;"Линейная посадка (живая изгородь/ряд вдоль полосы) — по аналогии с проектом «07_nizhnie_polya»; ближайшее ограничение — пешеходная дорожка / тротуар: 2.2 м при норме 0.5 м (СП 42.13330.2016, п. 9.6, табл. 9.1; ППМ 743-ПП, табл. 3.6.1)";"ассортимент для озеленения Москвы, категория «магистрали и улицы»; без инвазивных видов ППМ 369-ПП";пешеходная дорожка / тротуар;2.17;0.5;"СП 42.13330.2016, п. 9.6, табл. 9.1; ППМ 743-ПП, табл. 3.6.1"
bush_path_corridor_015_005;посажено;bush;Спирея Бумальда;NEW_BUSH;-1.023;275.804;137.082;594.421;Линейная посадка (живая изгородь/ряд вдоль полосы);07_nizhnie_polya;"Линейная посадка (живая изгородь/ряд вдоль полосы) — по аналогии с проектом «07_nizhnie_polya»; ближайшее ограничение — пешеходная дорожка / тротуар: 2.1 м при норме 0.5 м (СП 42.13330.2016, п. 9.6, табл. 9.1; ППМ 743-ПП, табл. 3.6.1)";"ассортимент для озеленения Москвы, категория «магистрали и улицы»; без инвазивных видов ППМ 369-ПП";пешеходная дорожка / тротуар;2.14;0.5;"СП 42.13330.2016, п. 9.6, табл. 9.1; ППМ 743-ПП, табл. 3.6.1"
bush_path_corridor_015_006;посажено;bush;Спирея Бумальда;NEW_BUSH;-1.03;274.404;137.075;593.021;Линейная посадка (живая изгородь/ряд вдоль полосы);07_nizhnie_polya;"Линейная посадка (живая изгородь/ряд вдоль полосы) — по аналогии с проектом «07_nizhnie_polya»; ближайшее ограничение — пешеходная дорожка / тротуар: 2.1 м при норме 0.5 м (СП 42.13330.2016, п. 9.6, табл. 9.1; ППМ 743-ПП, табл. 3.6.1)";"ассортимент для озеленения Москвы, категория «магистрали и улицы»; без инвазивных видов ППМ 369-ПП";пешеходная дорожка / тротуар;2.12;0.5;"СП 42.13330.2016, п. 9.6, табл. 9.1; ППМ 743-ПП, табл. 3.6.1"
bush_path_corridor_015_007;посажено;bush;Спирея Бумальда;NEW_BUSH;-1.038;273.004;137.067;591.621;Линейная посадка (живая изгородь/ряд вдоль полосы);07_nizhnie_polya;"Линейная посадка (живая изгородь/ряд вдоль полосы) — по аналогии с проектом «07_nizhnie_polya»; ближайшее ограничение — пешеходная дорожка / тротуар: 2.1 м при норме 0.5 м (СП 42.13330.2016, п. 9.6, табл. 9.1; ППМ 743-ПП, табл. 3.6.1)";"ассортимент для озеленения Москвы, категория «магистрали и улицы»; без инвазивных видов ППМ 369-ПП";пешеходная дорожка / тротуар;2.11;0.5;"СП 42.13330.2016, п. 9.6, табл. 9.1; ППМ 743-ПП, табл. 3.6.1"
bush_path_corridor_015_008;посажено;bush;Спирея Бумальда;NEW_BUSH;-1.045;271.604;137.06;590.221;Линейная посадка (живая изгородь/ряд вдоль полосы);07_nizhnie_polya;"Линейная посадка (живая изгородь/ряд вдоль полосы) — по аналогии с проектом «07_nizhnie_polya»; ближайшее ограничение — пешеходная дорожка / тротуар: 2.1 м при норме 0.5 м (СП 42.13330.2016, п. 9.6, табл. 9.1; ППМ 743-ПП, табл. 3.6.1)";"ассортимент для озеленения Москвы, категория «магистрали и улицы»; без инвазивных видов ППМ 369-ПП";пешеходная дорожка / тротуар;2.09;0.5;"СП 42.13330.2016, п. 9.6, табл. 9.1; ППМ 743-ПП, табл. 3.6.1"
tree_path_corridor_016_001;посажено;tree;Вяз гибридный Резиста;NEW_TREE;46.907;216.393;185.012;535.01;Линейная посадка (живая изгородь/ряд вдоль полосы);07_nizhnie_polya;"Линейная посадка (живая изгородь/ряд вдоль полосы) — по аналогии с проектом «07_nizhnie_polya»; ближайшее ограничение — пешеходная дорожка / тротуар: 2.2 м при норме 0.7 м (СП 42.13330.2016, п. 9.6, табл. 9.1; ППМ 743-ПП, табл. 3.6.1)";"ассортимент для озеленения Москвы, категория «магистрали и улицы»; без инвазивных видов ППМ 369-ПП";пешеходная дорожка / тротуар;2.2;0.7;"СП 42.13330.2016, п. 9.6, табл. 9.1; ППМ 743-ПП, табл. 3.6.1"
bush_path_corridor_016_001;посажено;bush;Спирея Бумальда;NEW_BUSH;34.221;216.393;172.326;535.01;Линейная посадка (живая изгородь/ряд вдоль полосы);07_nizhnie_polya;"Линейная посадка (живая изгородь/ряд вдоль полосы) — по аналогии с проектом «07_nizhnie_polya»; ближайшее ограничение — проезжая часть: 2.7 м при норме 1.0 м (СП 42.13330.2016, п. 9.6, табл. 9.1; ППМ 743-ПП, табл. 3.6.1)";"ассортимент для озеленения Москвы, категория «магистрали и улицы»; без инвазивных видов ППМ 369-ПП";проезжая часть;2.72;1.0;"СП 42.13330.2016, п. 9.6, табл. 9.1; ППМ 743-ПП, табл. 3.6.1"
bush_path_corridor_017_001;посажено;bush;Спирея Бумальда;NEW_BUSH;50.139;200.13;188.244;518.747;Линейная посадка (живая изгородь/ряд вдоль полосы);07_nizhnie_polya;"Линейная посадка (живая изгородь/ряд вдоль полосы) — по аналогии с проектом «07_nizhnie_polya»; ближайшее ограничение — пешеходная дорожка / тротуар: 1.1 м при норме 0.5 м (СП 42.13330.2016, п. 9.6, табл. 9.1; ППМ 743-ПП, табл. 3.6.1)";"ассортимент для озеленения Москвы, категория «магистрали и улицы»; без инвазивных видов ППМ 369-ПП";пешеходная дорожка / тротуар;1.08;0.5;"СП 42.13330.2016, п. 9.6, табл. 9.1; ППМ 743-ПП, табл. 3.6.1"
bush_path_corridor_017_002;посажено;bush;Спирея Бумальда;NEW_BUSH;50.139;198.73;188.244;517.347;Линейная посадка (живая изгородь/ряд вдоль полосы);07_nizhnie_polya;"Линейная посадка (живая изгородь/ряд вдоль полосы) — по аналогии с проектом «07_nizhnie_polya»; ближайшее ограничение — пешеходная дорожка / тротуар: 1.7 м при норме 0.5 м (СП 42.13330.2016, п. 9.6, табл. 9.1; ППМ 743-ПП, табл. 3.6.1)";"ассортимент для озеленения Москвы, категория «магистрали и улицы»; без инвазивных видов ППМ 369-ПП";пешеходная дорожка / тротуар;1.67;0.5;"СП 42.13330.2016, п. 9.6, табл. 9.1; ППМ 743-ПП, табл. 3.6.1"
bush_path_corridor_017_003;посажено;bush;Спирея Бумальда;NEW_BUSH;50.139;197.33;188.244;515.947;Линейная посадка (живая изгородь/ряд вдоль полосы);07_nizhnie_polya;"Линейная посадка (живая изгородь/ряд вдоль полосы) — по аналогии с проектом «07_nizhnie_polya»; ближайшее ограничение — пешеходная дорожка / тротуар: 2.8 м при норме 0.5 м (СП 42.13330.2016, п. 9.6, табл. 9.1; ППМ 743-ПП, табл. 3.6.1)";"ассортимент для озеленения Москвы, категория «магистрали и улицы»; без инвазивных видов ППМ 369-ПП";пешеходная дорожка / тротуар;2.76;0.5;"СП 42.13330.2016, п. 9.6, табл. 9.1; ППМ 743-ПП, табл. 3.6.1"
bush_path_corridor_018_001;посажено;bush;Спирея Бумальда;NEW_BUSH;-0.737;191.608;137.368;510.225;Линейная посадка (живая изгородь/ряд вдоль полосы);07_nizhnie_polya;"Линейная посадка (живая изгородь/ряд вдоль полосы) — по аналогии с проектом «07_nizhnie_polya»; ближайшее ограничение — пешеходная дорожка / тротуар: 2.2 м при норме 0.5 м (СП 42.13330.2016, п. 9.6, табл. 9.1; ППМ 743-ПП, табл. 3.6.1)";"ассортимент для озеленения Москвы, категория «магистрали и улицы»; без инвазивных видов ППМ 369-ПП";пешеходная дорожка / тротуар;2.2;0.5;"СП 42.13330.2016, п. 9.6, табл. 9.1; ППМ 743-ПП, табл. 3.6.1"
bush_path_corridor_018_002;посажено;bush;Спирея Бумальда;NEW_BUSH;-0.172;190.327;137.933;508.944;Линейная посадка (живая изгородь/ряд вдоль полосы);07_nizhnie_polya;"Линейная посадка (живая изгородь/ряд вдоль полосы) — по аналогии с проектом «07_nizhnie_polya»; ближайшее ограничение — пешеходная дорожка / тротуар: 2.8 м при норме 0.5 м (СП 42.13330.2016, п. 9.6, табл. 9.1; ППМ 743-ПП, табл. 3.6.1)";"ассортимент для озеленения Москвы, категория «магистрали и улицы»; без инвазивных видов ППМ 369-ПП";пешеходная дорожка / тротуар;2.77;0.5;"СП 42.13330.2016, п. 9.6, табл. 9.1; ППМ 743-ПП, табл. 3.6.1"
bush_path_corridor_018_003;посажено;bush;Спирея Бумальда;NEW_BUSH;0.393;189.046;138.498;507.663;Линейная посадка (живая изгородь/ряд вдоль полосы);07_nizhnie_polya;"Линейная посадка (живая изгородь/ряд вдоль полосы) — по аналогии с проектом «07_nizhnie_polya»; ближайшее ограничение — пешеходная дорожка / тротуар: 3.3 м при норме 0.5 м (СП 42.13330.2016, п. 9.6, табл. 9.1; ППМ 743-ПП, табл. 3.6.1)";"ассортимент для озеленения Москвы, категория «магистрали и улицы»; без инвазивных видов ППМ 369-ПП";пешеходная дорожка / тротуар;3.33;0.5;"СП 42.13330.2016, п. 9.6, табл. 9.1; ППМ 743-ПП, табл. 3.6.1"
bush_path_corridor_018_004;посажено;bush;Спирея Бумальда;NEW_BUSH;4.53;179.661;142.635;498.278;Линейная посадка (живая изгородь/ряд вдоль полосы);07_nizhnie_polya;"Линейная посадка (живая изгородь/ряд вдоль полосы) — по аналогии с проектом «07_nizhnie_polya»; ближайшее ограничение — пешеходная дорожка / тротуар: 2.9 м при норме 0.5 м (СП 42.13330.2016, п. 9.6, табл. 9.1; ППМ 743-ПП, табл. 3.6.1)";"ассортимент для озеленения Москвы, категория «магистрали и улицы»; без инвазивных видов ППМ 369-ПП";пешеходная дорожка / тротуар;2.86;0.5;"СП 42.13330.2016, п. 9.6, табл. 9.1; ППМ 743-ПП, табл. 3.6.1"
bush_path_corridor_018_005;посажено;bush;Спирея Бумальда;NEW_BUSH;5.095;178.379;143.2;496.997;Линейная посадка (живая изгородь/ряд вдоль полосы);07_nizhnie_polya;"Линейная посадка (живая изгородь/ряд вдоль полосы) — по аналогии с проектом «07_nizhnie_polya»; ближайшее ограничение — пешеходная дорожка / тротуар: 1.5 м при норме 0.5 м (СП 42.13330.2016, п. 9.6, табл. 9.1; ППМ 743-ПП, табл. 3.6.1)";"ассортимент для озеленения Москвы, категория «магистрали и улицы»; без инвазивных видов ППМ 369-ПП";пешеходная дорожка / тротуар;1.53;0.5;"СП 42.13330.2016, п. 9.6, табл. 9.1; ППМ 743-ПП, табл. 3.6.1"
tree_path_corridor_019_001;посажено;tree;Вяз гибридный Резиста;NEW_TREE;57.659;188.038;195.764;506.655;Линейная посадка (живая изгородь/ряд вдоль полосы);07_nizhnie_polya;"Линейная посадка (живая изгородь/ряд вдоль полосы) — по аналогии с проектом «07_nizhnie_polya»; ближайшее ограничение — силовой кабель: 2.8 м при норме 2.0 м (СП 42.13330.2016, п. 9.6, табл. 9.1; ППМ 743-ПП, табл. 3.6.1)";"ассортимент для озеленения Москвы, категория «магистрали и улицы»; без инвазивных видов ППМ 369-ПП";силовой кабель;2.79;2.0;"СП 42.13330.2016, п. 9.6, табл. 9.1; ППМ 743-ПП, табл. 3.6.1"
tree_path_corridor_020_001;посажено;tree;Вяз гибридный Резиста;NEW_TREE;3.231;164.497;141.336;483.114;Линейная посадка (живая изгородь/ряд вдоль полосы);07_nizhnie_polya;"Линейная посадка (живая изгородь/ряд вдоль полосы) — по аналогии с проектом «07_nizhnie_polya»; ближайшее ограничение — пешеходная дорожка / тротуар: 2.2 м при норме 0.7 м (СП 42.13330.2016, п. 9.6, табл. 9.1; ППМ 743-ПП, табл. 3.6.1)";"ассортимент для озеленения Москвы, категория «магистрали и улицы»; без инвазивных видов ППМ 369-ПП";пешеходная дорожка / тротуар;2.2;0.7;"СП 42.13330.2016, п. 9.6, табл. 9.1; ППМ 743-ПП, табл. 3.6.1"
tree_path_corridor_020_002;посажено;tree;Вяз гибридный Резиста;NEW_TREE;-0.48;145.145;137.625;463.763;Линейная посадка (живая изгородь/ряд вдоль полосы);07_nizhnie_polya;"Линейная посадка (живая изгородь/ряд вдоль полосы) — по аналогии с проектом «07_nizhnie_polya»; ближайшее ограничение — пешеходная дорожка / тротуар: 2.2 м при норме 0.7 м (СП 42.13330.2016, п. 9.6, табл. 9.1; ППМ 743-ПП, табл. 3.6.1)";"ассортимент для озеленения Москвы, категория «магистрали и улицы»; без инвазивных видов ППМ 369-ПП";пешеходная дорожка / тротуар;2.24;0.7;"СП 42.13330.2016, п. 9.6, табл. 9.1; ППМ 743-ПП, табл. 3.6.1"
bush_path_corridor_020_001;посажено;bush;Спирея Бумальда;NEW_BUSH;0.575;150.645;138.68;469.263;Линейная посадка (живая изгородь/ряд вдоль полосы);07_nizhnie_polya;"Линейная посадка (живая изгородь/ряд вдоль полосы) — по аналогии с проектом «07_nizhnie_polya»; ближайшее ограничение — пешеходная дорожка / тротуар: 3.3 м при норме 0.5 м (СП 42.13330.2016, п. 9.6, табл. 9.1; ППМ 743-ПП, табл. 3.6.1)";"ассортимент для озеленения Москвы, категория «магистрали и улицы»; без инвазивных видов ППМ 369-ПП";пешеходная дорожка / тротуар;3.26;0.5;"СП 42.13330.2016, п. 9.6, табл. 9.1; ППМ 743-ПП, табл. 3.6.1"
bush_path_corridor_020_002;посажено;bush;Спирея Бумальда;NEW_BUSH;0.311;149.27;138.416;467.888;Линейная посадка (живая изгородь/ряд вдоль полосы);07_nizhnie_polya;"Линейная посадка (живая изгородь/ряд вдоль полосы) — по аналогии с проектом «07_nizhnie_polya»; ближайшее ограничение — пешеходная дорожка / тротуар: 3.0 м при норме 0.5 м (СП 42.13330.2016, п. 9.6, табл. 9.1; ППМ 743-ПП, табл. 3.6.1)";"ассортимент для озеленения Москвы, категория «магистрали и улицы»; без инвазивных видов ППМ 369-ПП";пешеходная дорожка / тротуар;3.0;0.5;"СП 42.13330.2016, п. 9.6, табл. 9.1; ППМ 743-ПП, табл. 3.6.1"
bush_path_corridor_020_003;посажено;bush;Спирея Бумальда;NEW_BUSH;0.047;147.895;138.152;466.513;Линейная посадка (живая изгородь/ряд вдоль полосы);07_nizhnie_polya;"Линейная посадка (живая изгородь/ряд вдоль полосы) — по аналогии с проектом «07_nizhnie_polya»; ближайшее ограничение — пешеходная дорожка / тротуар: 2.7 м при норме 0.5 м (СП 42.13330.2016, п. 9.6, табл. 9.1; ППМ 743-ПП, табл. 3.6.1)";"ассортимент для озеленения Москвы, категория «магистрали и улицы»; без инвазивных видов ППМ 369-ПП";пешеходная дорожка / тротуар;2.74;0.5;"СП 42.13330.2016, п. 9.6, табл. 9.1; ППМ 743-ПП, табл. 3.6.1"
bush_path_corridor_020_004;посажено;bush;Спирея Бумальда;NEW_BUSH;-0.216;146.52;137.889;465.138;Линейная посадка (живая изгородь/ряд вдоль полосы);07_nizhnie_polya;"Линейная посадка (живая изгородь/ряд вдоль полосы) — по аналогии с проектом «07_nizhnie_polya»; ближайшее ограничение — пешеходная дорожка / тротуар: 2.5 м при норме 0.5 м (СП 42.13330.2016, п. 9.6, табл. 9.1; ППМ 743-ПП, табл. 3.6.1)";"ассортимент для озеленения Москвы, категория «магистрали и улицы»; без инвазивных видов ППМ 369-ПП";пешеходная дорожка / тротуар;2.49;0.5;"СП 42.13330.2016, п. 9.6, табл. 9.1; ППМ 743-ПП, табл. 3.6.1"
bush_path_corridor_020_005;посажено;bush;Спирея Бумальда;NEW_BUSH;-0.744;143.771;137.361;462.388;Линейная посадка (живая изгородь/ряд вдоль полосы);07_nizhnie_polya;"Линейная посадка (живая изгородь/ряд вдоль полосы) — по аналогии с проектом «07_nizhnie_polya»; ближайшее ограничение — пешеходная дорожка / тротуар: 2.0 м при норме 0.5 м (СП 42.13330.2016, п. 9.6, табл. 9.1; ППМ 743-ПП, табл. 3.6.1)";"ассортимент для озеленения Москвы, категория «магистрали и улицы»; без инвазивных видов ППМ 369-ПП";пешеходная дорожка / тротуар;1.98;0.5;"СП 42.13330.2016, п. 9.6, табл. 9.1; ППМ 743-ПП, табл. 3.6.1"
bush_path_corridor_020_006;посажено;bush;Спирея Бумальда;NEW_BUSH;-1.008;142.396;137.097;461.013;Линейная посадка (живая изгородь/ряд вдоль полосы);07_nizhnie_polya;"Линейная посадка (живая изгородь/ряд вдоль полосы) — по аналогии с проектом «07_nizhnie_polya»; ближайшее ограничение — пешеходная дорожка / тротуар: 1.7 м при норме 0.5 м (СП 42.13330.2016, п. 9.6, табл. 9.1; ППМ 743-ПП, табл. 3.6.1)";"ассортимент для озеленения Москвы, категория «магистрали и улицы»; без инвазивных видов ППМ 369-ПП";пешеходная дорожка / тротуар;1.73;0.5;"СП 42.13330.2016, п. 9.6, табл. 9.1; ППМ 743-ПП, табл. 3.6.1"
bush_path_corridor_020_007;посажено;bush;Спирея Бумальда;NEW_BUSH;-1.271;141.021;136.834;459.638;Линейная посадка (живая изгородь/ряд вдоль полосы);07_nizhnie_polya;"Линейная посадка (живая изгородь/ряд вдоль полосы) — по аналогии с проектом «07_nizhnie_polya»; ближайшее ограничение — пешеходная дорожка / тротуар: 1.4 м при норме 0.5 м (СП 42.13330.2016, п. 9.6, табл. 9.1; ППМ 743-ПП, табл. 3.6.1)";"ассортимент для озеленения Москвы, категория «магистрали и улицы»; без инвазивных видов ППМ 369-ПП";пешеходная дорожка / тротуар;1.39;0.5;"СП 42.13330.2016, п. 9.6, табл. 9.1; ППМ 743-ПП, табл. 3.6.1"
bush_path_corridor_020_008;посажено;bush;Спирея Бумальда;NEW_BUSH;-1.535;139.646;136.57;458.263;Линейная посадка (живая изгородь/ряд вдоль полосы);07_nizhnie_polya;"Линейная посадка (живая изгородь/ряд вдоль полосы) — по аналогии с проектом «07_nizhnie_polya»; ближайшее ограничение — пешеходная дорожка / тротуар: 1.1 м при норме 0.5 м (СП 42.13330.2016, п. 9.6, табл. 9.1; ППМ 743-ПП, табл. 3.6.1)";"ассортимент для озеленения Москвы, категория «магистрали и улицы»; без инвазивных видов ППМ 369-ПП";пешеходная дорожка / тротуар;1.12;0.5;"СП 42.13330.2016, п. 9.6, табл. 9.1; ППМ 743-ПП, табл. 3.6.1"
bush_path_corridor_020_009;посажено;bush;Спирея Бумальда;NEW_BUSH;-1.799;138.271;136.306;456.888;Линейная посадка (живая изгородь/ряд вдоль полосы);07_nizhnie_polya;"Линейная посадка (живая изгородь/ряд вдоль полосы) — по аналогии с проектом «07_nizhnie_polya»; ближайшее ограничение — пешеходная дорожка / тротуар: 0.9 м при норме 0.5 м (СП 42.13330.2016, п. 9.6, табл. 9.1; ППМ 743-ПП, табл. 3.6.1)";"ассортимент для озеленения Москвы, категория «магистрали и улицы»; без инвазивных видов ППМ 369-ПП";пешеходная дорожка / тротуар;0.86;0.5;"СП 42.13330.2016, п. 9.6, табл. 9.1; ППМ 743-ПП, табл. 3.6.1"
bush_path_corridor_021_001;посажено;bush;Спирея Бумальда;NEW_BUSH;-1.407;96.807;136.698;415.424;Линейная посадка (живая изгородь/ряд вдоль полосы);07_nizhnie_polya;"Линейная посадка (живая изгородь/ряд вдоль полосы) — по аналогии с проектом «07_nizhnie_polya»; ближайшее ограничение — пешеходная дорожка / тротуар: 1.1 м при норме 0.5 м (СП 42.13330.2016, п. 9.6, табл. 9.1; ППМ 743-ПП, табл. 3.6.1)";"ассортимент для озеленения Москвы, категория «магистрали и улицы»; без инвазивных видов ППМ 369-ПП";пешеходная дорожка / тротуар;1.12;0.5;"СП 42.13330.2016, п. 9.6, табл. 9.1; ППМ 743-ПП, табл. 3.6.1"
bush_path_corridor_021_002;посажено;bush;Спирея Бумальда;NEW_BUSH;-0.883;95.509;137.222;414.126;Линейная посадка (живая изгородь/ряд вдоль полосы);07_nizhnie_polya;"Линейная посадка (живая изгородь/ряд вдоль полосы) — по аналогии с проектом «07_nizhnie_polya»; ближайшее ограничение — пешеходная дорожка / тротуар: 1.6 м при норме 0.5 м (СП 42.13330.2016, п. 9.6, табл. 9.1; ППМ 743-ПП, табл. 3.6.1)";"ассортимент для озеленения Москвы, категория «магистрали и улицы»; без инвазивных видов ППМ 369-ПП";пешеходная дорожка / тротуар;1.63;0.5;"СП 42.13330.2016, п. 9.6, табл. 9.1; ППМ 743-ПП, табл. 3.6.1"
bush_path_corridor_021_003;посажено;bush;Спирея Бумальда;NEW_BUSH;0.167;92.913;138.271;411.53;Линейная посадка (живая изгородь/ряд вдоль полосы);07_nizhnie_polya;"Линейная посадка (живая изгородь/ряд вдоль полосы) — по аналогии с проектом «07_nizhnie_polya»; ближайшее ограничение — пешеходная дорожка / тротуар: 2.2 м при норме 0.5 м (СП 42.13330.2016, п. 9.6, табл. 9.1; ППМ 743-ПП, табл. 3.6.1)";"ассортимент для озеленения Москвы, категория «магистрали и улицы»; без инвазивных видов ППМ 369-ПП";пешеходная дорожка / тротуар;2.18;0.5;"СП 42.13330.2016, п. 9.6, табл. 9.1; ППМ 743-ПП, табл. 3.6.1"
bush_path_corridor_021_004;посажено;bush;Спирея Бумальда;NEW_BUSH;0.691;91.615;138.796;410.232;Линейная посадка (живая изгородь/ряд вдоль полосы);07_nizhnie_polya;"Линейная посадка (живая изгородь/ряд вдоль полосы) — по аналогии с проектом «07_nizhnie_polya»; ближайшее ограничение — пешеходная дорожка / тротуар: 2.3 м при норме 0.5 м (СП 42.13330.2016, п. 9.6, табл. 9.1; ППМ 743-ПП, табл. 3.6.1)";"ассортимент для озеленения Москвы, категория «магистрали и улицы»; без инвазивных видов ППМ 369-ПП";пешеходная дорожка / тротуар;2.3;0.5;"СП 42.13330.2016, п. 9.6, табл. 9.1; ППМ 743-ПП, табл. 3.6.1"
bush_path_corridor_021_005;посажено;bush;Спирея Бумальда;NEW_BUSH;1.216;90.317;139.321;408.934;Линейная посадка (живая изгородь/ряд вдоль полосы);07_nizhnie_polya;"Линейная посадка (живая изгородь/ряд вдоль полосы) — по аналогии с проектом «07_nizhnie_polya»; ближайшее ограничение — пешеходная дорожка / тротуар: 2.9 м при норме 0.5 м (СП 42.13330.2016, п. 9.6, табл. 9.1; ППМ 743-ПП, табл. 3.6.1)";"ассортимент для озеленения Москвы, категория «магистрали и улицы»; без инвазивных видов ППМ 369-ПП";пешеходная дорожка / тротуар;2.93;0.5;"СП 42.13330.2016, п. 9.6, табл. 9.1; ППМ 743-ПП, табл. 3.6.1"
tree_path_corridor_021_001;посажено;tree;Вяз гибридный Резиста;NEW_TREE;8.443;72.435;146.548;391.053;Линейная посадка (живая изгородь/ряд вдоль полосы);07_nizhnie_polya;"Линейная посадка (живая изгородь/ряд вдоль полосы) — по аналогии с проектом «07_nizhnie_polya»; ближайшее ограничение — проезжая часть: 3.5 м при норме 2.0 м (СП 42.13330.2016, п. 9.6, табл. 9.1; ППМ 743-ПП, табл. 3.6.1)";"ассортимент для озеленения Москвы, категория «магистрали и улицы»; без инвазивных видов ППМ 369-ПП";проезжая часть;3.5;2.0;"СП 42.13330.2016, п. 9.6, табл. 9.1; ППМ 743-ПП, табл. 3.6.1"
tree_path_corridor_022_001;посажено;tree;Вяз гибридный Резиста;NEW_TREE;14.452;44.038;152.557;362.655;Линейная посадка (живая изгородь/ряд вдоль полосы);07_nizhnie_polya;"Линейная посадка (живая изгородь/ряд вдоль полосы) — по аналогии с проектом «07_nizhnie_polya»; ближайшее ограничение — проезжая часть: 3.9 м при норме 2.0 м (СП 42.13330.2016, п. 9.6, табл. 9.1; ППМ 743-ПП, табл. 3.6.1)";"ассортимент для озеленения Москвы, категория «магистрали и улицы»; без инвазивных видов ППМ 369-ПП";проезжая часть;3.92;2.0;"СП 42.13330.2016, п. 9.6, табл. 9.1; ППМ 743-ПП, табл. 3.6.1"
bush_path_corridor_022_001;посажено;bush;Спирея Бумальда;NEW_BUSH;15.331;51.688;153.435;370.305;Линейная посадка (живая изгородь/ряд вдоль полосы);07_nizhnie_polya;"Линейная посадка (живая изгородь/ряд вдоль полосы) — по аналогии с проектом «07_nizhnie_polya»; ближайшее ограничение — проезжая часть: 2.8 м при норме 1.0 м (СП 42.13330.2016, п. 9.6, табл. 9.1; ППМ 743-ПП, табл. 3.6.1)";"ассортимент для озеленения Москвы, категория «магистрали и улицы»; без инвазивных видов ППМ 369-ПП";проезжая часть;2.8;1.0;"СП 42.13330.2016, п. 9.6, табл. 9.1; ППМ 743-ПП, табл. 3.6.1"
bush_path_corridor_022_002;посажено;bush;Спирея Бумальда;NEW_BUSH;15.171;50.297;153.276;368.914;Линейная посадка (живая изгородь/ряд вдоль полосы);07_nizhnie_polya;"Линейная посадка (живая изгородь/ряд вдоль полосы) — по аналогии с проектом «07_nizhnie_polya»; ближайшее ограничение — проезжая часть: 3.8 м при норме 1.0 м (СП 42.13330.2016, п. 9.6, табл. 9.1; ППМ 743-ПП, табл. 3.6.1)";"ассортимент для озеленения Москвы, категория «магистрали и улицы»; без инвазивных видов ППМ 369-ПП";проезжая часть;3.75;1.0;"СП 42.13330.2016, п. 9.6, табл. 9.1; ППМ 743-ПП, табл. 3.6.1"
bush_path_corridor_022_003;посажено;bush;Спирея Бумальда;NEW_BUSH;15.011;48.906;153.116;367.523;Линейная посадка (живая изгородь/ряд вдоль полосы);07_nizhnie_polya;"Линейная посадка (живая изгородь/ряд вдоль полосы) — по аналогии с проектом «07_nizhnie_polya»; ближайшее ограничение — проезжая часть: 4.2 м при норме 1.0 м (СП 42.13330.2016, п. 9.6, табл. 9.1; ППМ 743-ПП, табл. 3.6.1)";"ассортимент для озеленения Москвы, категория «магистрали и улицы»; без инвазивных видов ППМ 369-ПП";проезжая часть;4.18;1.0;"СП 42.13330.2016, п. 9.6, табл. 9.1; ППМ 743-ПП, табл. 3.6.1"
bush_path_corridor_022_004;посажено;bush;Спирея Бумальда;NEW_BUSH;14.851;47.515;152.956;366.132;Линейная посадка (живая изгородь/ряд вдоль полосы);07_nizhnie_polya;"Линейная посадка (живая изгородь/ряд вдоль полосы) — по аналогии с проектом «07_nizhnie_polya»; ближайшее ограничение — проезжая часть: 4.3 м при норме 1.0 м (СП 42.13330.2016, п. 9.6, табл. 9.1; ППМ 743-ПП, табл. 3.6.1)";"ассортимент для озеленения Москвы, категория «магистрали и улицы»; без инвазивных видов ППМ 369-ПП";проезжая часть;4.29;1.0;"СП 42.13330.2016, п. 9.6, табл. 9.1; ППМ 743-ПП, табл. 3.6.1"
bush_path_corridor_022_005;посажено;bush;Спирея Бумальда;NEW_BUSH;14.692;46.124;152.797;364.742;Линейная посадка (живая изгородь/ряд вдоль полосы);07_nizhnie_polya;"Линейная посадка (живая изгородь/ряд вдоль полосы) — по аналогии с проектом «07_nizhnie_polya»; ближайшее ограничение — проезжая часть: 4.2 м при норме 1.0 м (СП 42.13330.2016, п. 9.6, табл. 9.1; ППМ 743-ПП, табл. 3.6.1)";"ассортимент для озеленения Москвы, категория «магистрали и улицы»; без инвазивных видов ППМ 369-ПП";проезжая часть;4.18;1.0;"СП 42.13330.2016, п. 9.6, табл. 9.1; ППМ 743-ПП, табл. 3.6.1"
bush_path_corridor_022_006;посажено;bush;Спирея Бумальда;NEW_BUSH;14.213;41.952;152.318;360.569;Линейная посадка (живая изгородь/ряд вдоль полосы);07_nizhnie_polya;"Линейная посадка (живая изгородь/ряд вдоль полосы) — по аналогии с проектом «07_nizhnie_polya»; ближайшее ограничение — проезжая часть: 3.6 м при норме 1.0 м (СП 42.13330.2016, п. 9.6, табл. 9.1; ППМ 743-ПП, табл. 3.6.1)";"ассортимент для озеленения Москвы, категория «магистрали и улицы»; без инвазивных видов ППМ 369-ПП";проезжая часть;3.65;1.0;"СП 42.13330.2016, п. 9.6, табл. 9.1; ППМ 743-ПП, табл. 3.6.1"
bush_path_corridor_022_007;посажено;bush;Спирея Бумальда;NEW_BUSH;14.053;40.561;152.158;359.178;Линейная посадка (живая изгородь/ряд вдоль полосы);07_nizhnie_polya;"Линейная посадка (живая изгородь/ряд вдоль полосы) — по аналогии с проектом «07_nizhnie_polya»; ближайшее ограничение — проезжая часть: 3.5 м при норме 1.0 м (СП 42.13330.2016, п. 9.6, табл. 9.1; ППМ 743-ПП, табл. 3.6.1)";"ассортимент для озеленения Москвы, категория «магистрали и улицы»; без инвазивных видов ППМ 369-ПП";проезжая часть;3.47;1.0;"СП 42.13330.2016, п. 9.6, табл. 9.1; ППМ 743-ПП, табл. 3.6.1"
bush_path_corridor_022_008;посажено;bush;Спирея Бумальда;NEW_BUSH;13.574;36.388;151.679;355.006;Линейная посадка (живая изгородь/ряд вдоль полосы);07_nizhnie_polya;"Линейная посадка (живая изгородь/ряд вдоль полосы) — по аналогии с проектом «07_nizhnie_polya»; ближайшее ограничение — проезжая часть: 2.5 м при норме 1.0 м (СП 42.13330.2016, п. 9.6, табл. 9.1; ППМ 743-ПП, табл. 3.6.1)";"ассортимент для озеленения Москвы, категория «магистрали и улицы»; без инвазивных видов ППМ 369-ПП";проезжая часть;2.54;1.0;"СП 42.13330.2016, п. 9.6, табл. 9.1; ППМ 743-ПП, табл. 3.6.1"
tree_path_corridor_023_001;посажено;tree;Вяз гибридный Резиста;NEW_TREE;14.976;-35.552;153.081;283.065;Линейная посадка (живая изгородь/ряд вдоль полосы);07_nizhnie_polya;"Линейная посадка (живая изгородь/ряд вдоль полосы) — по аналогии с проектом «07_nizhnie_polya»; ближайшее ограничение — проезжая часть: 3.9 м при норме 2.0 м (СП 42.13330.2016, п. 9.6, табл. 9.1; ППМ 743-ПП, табл. 3.6.1)";"ассортимент для озеленения Москвы, категория «магистрали и улицы»; без инвазивных видов ППМ 369-ПП";проезжая часть;3.93;2.0;"СП 42.13330.2016, п. 9.6, табл. 9.1; ППМ 743-ПП, табл. 3.6.1"
bush_path_corridor_023_001;посажено;bush;Спирея Бумальда;NEW_BUSH;15.252;-33.47;153.357;285.147;Линейная посадка (живая изгородь/ряд вдоль полосы);07_nizhnie_polya;"Линейная посадка (живая изгородь/ряд вдоль полосы) — по аналогии с проектом «07_nizhnie_polya»; ближайшее ограничение — проезжая часть: 3.6 м при норме 1.0 м (СП 42.13330.2016, п. 9.6, табл. 9.1; ППМ 743-ПП, табл. 3.6.1)";"ассортимент для озеленения Москвы, категория «магистрали и улицы»; без инвазивных видов ППМ 369-ПП";проезжая часть;3.56;1.0;"СП 42.13330.2016, п. 9.6, табл. 9.1; ППМ 743-ПП, табл. 3.6.1"
bush_path_corridor_023_002;посажено;bush;Спирея Бумальда;NEW_BUSH;14.699;-37.634;152.804;280.984;Линейная посадка (живая изгородь/ряд вдоль полосы);07_nizhnie_polya;"Линейная посадка (живая изгородь/ряд вдоль полосы) — по аналогии с проектом «07_nizhnie_polya»; ближайшее ограничение — проезжая часть: 4.0 м при норме 1.0 м (СП 42.13330.2016, п. 9.6, табл. 9.1; ППМ 743-ПП, табл. 3.6.1)";"ассортимент для озеленения Москвы, категория «магистрали и улицы»; без инвазивных видов ППМ 369-ПП";проезжая часть;3.95;1.0;"СП 42.13330.2016, п. 9.6, табл. 9.1; ППМ 743-ПП, табл. 3.6.1"
bush_path_corridor_023_003;посажено;bush;Спирея Бумальда;NEW_BUSH;14.515;-39.022;152.62;279.596;Линейная посадка (живая изгородь/ряд вдоль полосы);07_nizhnie_polya;"Линейная посадка (живая изгородь/ряд вдоль полосы) — по аналогии с проектом «07_nizhnie_polya»; ближайшее ограничение — силовой кабель: 3.3 м при норме 0.7 м (СП 42.13330.2016, п. 9.6, табл. 9.1; ППМ 743-ПП, табл. 3.6.1)";"ассортимент для озеленения Москвы, категория «магистрали и улицы»; без инвазивных видов ППМ 369-ПП";силовой кабель;3.34;0.7;"СП 42.13330.2016, п. 9.6, табл. 9.1; ППМ 743-ПП, табл. 3.6.1"
bush_path_corridor_023_004;посажено;bush;Спирея Бумальда;NEW_BUSH;14.33;-40.409;152.435;278.208;Линейная посадка (живая изгородь/ряд вдоль полосы);07_nizhnie_polya;"Линейная посадка (живая изгородь/ряд вдоль полосы) — по аналогии с проектом «07_nizhnie_polya»; ближайшее ограничение — силовой кабель: 2.6 м при норме 0.7 м (СП 42.13330.2016, п. 9.6, табл. 9.1; ППМ 743-ПП, табл. 3.6.1)";"ассортимент для озеленения Москвы, категория «магистрали и улицы»; без инвазивных видов ППМ 369-ПП";силовой кабель;2.62;0.7;"СП 42.13330.2016, п. 9.6, табл. 9.1; ППМ 743-ПП, табл. 3.6.1"
bush_path_corridor_024_001;посажено;bush;Спирея Бумальда;NEW_BUSH;26.11;-64.351;164.215;254.266;Линейная посадка (живая изгородь/ряд вдоль полосы);07_nizhnie_polya;"Линейная посадка (живая изгородь/ряд вдоль полосы) — по аналогии с проектом «07_nizhnie_polya»; ближайшее ограничение — проезжая часть: 3.6 м при норме 1.0 м (СП 42.13330.2016, п. 9.6, табл. 9.1; ППМ 743-ПП, табл. 3.6.1)";"ассортимент для озеленения Москвы, категория «магистрали и улицы»; без инвазивных видов ППМ 369-ПП";проезжая часть;3.61;1.0;"СП 42.13330.2016, п. 9.6, табл. 9.1; ППМ 743-ПП, табл. 3.6.1"
tree_path_corridor_025_001;посажено;tree;Вяз гибридный Резиста;NEW_TREE;17.414;-287.708;155.519;30.909;Линейная посадка (живая изгородь/ряд вдоль полосы);07_nizhnie_polya;"Линейная посадка (живая изгородь/ряд вдоль полосы) — по аналогии с проектом «07_nizhnie_polya»; ближайшее ограничение — проезжая часть: 4.0 м при норме 2.0 м (СП 42.13330.2016, п. 9.6, табл. 9.1; ППМ 743-ПП, табл. 3.6.1)";"ассортимент для озеленения Москвы, категория «магистрали и улицы»; без инвазивных видов ППМ 369-ПП";проезжая часть;3.98;2.0;"СП 42.13330.2016, п. 9.6, табл. 9.1; ППМ 743-ПП, табл. 3.6.1"
bush_path_corridor_025_001;посажено;bush;Спирея Бумальда;NEW_BUSH;18.651;-284.434;156.756;34.184;Линейная посадка (живая изгородь/ряд вдоль полосы);07_nizhnie_polya;"Линейная посадка (живая изгородь/ряд вдоль полосы) — по аналогии с проектом «07_nizhnie_polya»; ближайшее ограничение — проезжая часть: 2.7 м при норме 1.0 м (СП 42.13330.2016, п. 9.6, табл. 9.1; ППМ 743-ПП, табл. 3.6.1)";"ассортимент для озеленения Москвы, категория «магистрали и улицы»; без инвазивных видов ППМ 369-ПП";проезжая часть;2.67;1.0;"СП 42.13330.2016, п. 9.6, табл. 9.1; ППМ 743-ПП, табл. 3.6.1"
bush_path_corridor_025_002;посажено;bush;Спирея Бумальда;NEW_BUSH;18.156;-285.744;156.261;32.874;Линейная посадка (живая изгородь/ряд вдоль полосы);07_nizhnie_polya;"Линейная посадка (живая изгородь/ряд вдоль полосы) — по аналогии с проектом «07_nizhnie_polya»; ближайшее ограничение — проезжая часть: 3.4 м при норме 1.0 м (СП 42.13330.2016, п. 9.6, табл. 9.1; ППМ 743-ПП, табл. 3.6.1)";"ассортимент для озеленения Москвы, категория «магистрали и улицы»; без инвазивных видов ППМ 369-ПП";проезжая часть;3.42;1.0;"СП 42.13330.2016, п. 9.6, табл. 9.1; ППМ 743-ПП, табл. 3.6.1"
bush_path_corridor_025_003;посажено;bush;Спирея Бумальда;NEW_BUSH;16.672;-289.673;154.777;28.945;Линейная посадка (живая изгородь/ряд вдоль полосы);07_nizhnie_polya;"Линейная посадка (живая изгородь/ряд вдоль полосы) — по аналогии с проектом «07_nizhnie_polya»; ближайшее ограничение — проезжая часть: 3.8 м при норме 1.0 м (СП 42.13330.2016, п. 9.6, табл. 9.1; ППМ 743-ПП, табл. 3.6.1)";"ассортимент для озеленения Москвы, категория «магистрали и улицы»; без инвазивных видов ППМ 369-ПП";проезжая часть;3.82;1.0;"СП 42.13330.2016, п. 9.6, табл. 9.1; ППМ 743-ПП, табл. 3.6.1"
bush_path_corridor_025_004;посажено;bush;Спирея Бумальда;NEW_BUSH;16.177;-290.982;154.282;27.635;Линейная посадка (живая изгородь/ряд вдоль полосы);07_nizhnie_polya;"Линейная посадка (живая изгородь/ряд вдоль полосы) — по аналогии с проектом «07_nizhnie_polya»; ближайшее ограничение — проезжая часть: 3.5 м при норме 1.0 м (СП 42.13330.2016, п. 9.6, табл. 9.1; ППМ 743-ПП, табл. 3.6.1)";"ассортимент для озеленения Москвы, категория «магистрали и улицы»; без инвазивных видов ППМ 369-ПП";проезжая часть;3.54;1.0;"СП 42.13330.2016, п. 9.6, табл. 9.1; ППМ 743-ПП, табл. 3.6.1"
tree_path_corridor_026_001;посажено;tree;Вяз гибридный Резиста;NEW_TREE;-25.984;-288.062;112.121;30.555;Линейная посадка (живая изгородь/ряд вдоль полосы);07_nizhnie_polya;"Линейная посадка (живая изгородь/ряд вдоль полосы) — по аналогии с проектом «07_nizhnie_polya»; ближайшее ограничение — проезжая часть: 4.0 м при норме 2.0 м (СП 42.13330.2016, п. 9.6, табл. 9.1; ППМ 743-ПП, табл. 3.6.1)";"ассортимент для озеленения Москвы, категория «магистрали и улицы»; без инвазивных видов ППМ 369-ПП";проезжая часть;3.97;2.0;"СП 42.13330.2016, п. 9.6, табл. 9.1; ППМ 743-ПП, табл. 3.6.1"
bush_path_corridor_026_001;посажено;bush;Спирея Бумальда;NEW_BUSH;-22.341;-290.154;115.763;28.464;Линейная посадка (живая изгородь/ряд вдоль полосы);07_nizhnie_polya;"Линейная посадка (живая изгородь/ряд вдоль полосы) — по аналогии с проектом «07_nizhnie_polya»; ближайшее ограничение — пешеходная дорожка / тротуар: 1.8 м при норме 0.5 м (СП 42.13330.2016, п. 9.6, табл. 9.1; ППМ 743-ПП, табл. 3.6.1)";"ассортимент для озеленения Москвы, категория «магистрали и улицы»; без инвазивных видов ППМ 369-ПП";пешеходная дорожка / тротуар;1.78;0.5;"СП 42.13330.2016, п. 9.6, табл. 9.1; ППМ 743-ПП, табл. 3.6.1"
bush_path_corridor_026_002;посажено;bush;Спирея Бумальда;NEW_BUSH;-23.556;-289.456;114.549;29.161;Линейная посадка (живая изгородь/ряд вдоль полосы);07_nizhnie_polya;"Линейная посадка (живая изгородь/ряд вдоль полосы) — по аналогии с проектом «07_nizhnie_polya»; ближайшее ограничение — пешеходная дорожка / тротуар: 3.0 м при норме 0.5 м (СП 42.13330.2016, п. 9.6, табл. 9.1; ППМ 743-ПП, табл. 3.6.1)";"ассортимент для озеленения Москвы, категория «магистрали и улицы»; без инвазивных видов ППМ 369-ПП";пешеходная дорожка / тротуар;2.99;0.5;"СП 42.13330.2016, п. 9.6, табл. 9.1; ППМ 743-ПП, табл. 3.6.1"
bush_path_corridor_026_003;посажено;bush;Спирея Бумальда;NEW_BUSH;-24.77;-288.759;113.335;29.858;Линейная посадка (живая изгородь/ряд вдоль полосы);07_nizhnie_polya;"Линейная посадка (живая изгородь/ряд вдоль полосы) — по аналогии с проектом «07_nizhnie_polya»; ближайшее ограничение — проезжая часть: 4.7 м при норме 1.0 м (СП 42.13330.2016, п. 9.6, табл. 9.1; ППМ 743-ПП, табл. 3.6.1)";"ассортимент для озеленения Москвы, категория «магистрали и улицы»; без инвазивных видов ППМ 369-ПП";проезжая часть;4.68;1.0;"СП 42.13330.2016, п. 9.6, табл. 9.1; ППМ 743-ПП, табл. 3.6.1"
bush_path_corridor_026_004;посажено;bush;Спирея Бумальда;NEW_BUSH;-27.198;-287.365;110.907;31.252;Линейная посадка (живая изгородь/ряд вдоль полосы);07_nizhnie_polya;"Линейная посадка (живая изгородь/ряд вдоль полосы) — по аналогии с проектом «07_nizhnie_polya»; ближайшее ограничение — проезжая часть: 3.3 м при норме 1.0 м (СП 42.13330.2016, п. 9.6, табл. 9.1; ППМ 743-ПП, табл. 3.6.1)";"ассортимент для озеленения Москвы, категория «магистрали и улицы»; без инвазивных видов ППМ 369-ПП";проезжая часть;3.28;1.0;"СП 42.13330.2016, п. 9.6, табл. 9.1; ППМ 743-ПП, табл. 3.6.1"
bush_path_corridor_026_005;посажено;bush;Спирея Бумальда;NEW_BUSH;-29.626;-285.971;108.479;32.646;Линейная посадка (живая изгородь/ряд вдоль полосы);07_nizhnie_polya;"Линейная посадка (живая изгородь/ряд вдоль полосы) — по аналогии с проектом «07_nizhnie_polya»; ближайшее ограничение — проезжая часть: 3.3 м при норме 1.0 м (СП 42.13330.2016, п. 9.6, табл. 9.1; ППМ 743-ПП, табл. 3.6.1)";"ассортимент для озеленения Москвы, категория «магистрали и улицы»; без инвазивных видов ППМ 369-ПП";проезжая часть;3.29;1.0;"СП 42.13330.2016, п. 9.6, табл. 9.1; ППМ 743-ПП, табл. 3.6.1"
tree_path_corridor_027_001;посажено;tree;Вяз гибридный Резиста;NEW_TREE;-22.378;-272.362;115.727;46.256;Линейная посадка (живая изгородь/ряд вдоль полосы);07_nizhnie_polya;"Линейная посадка (живая изгородь/ряд вдоль полосы) — по аналогии с проектом «07_nizhnie_polya»; ближайшее ограничение — проезжая часть: 3.4 м при норме 2.0 м (СП 42.13330.2016, п. 9.6, табл. 9.1; ППМ 743-ПП, табл. 3.6.1)";"ассортимент для озеленения Москвы, категория «магистрали и улицы»; без инвазивных видов ППМ 369-ПП";проезжая часть;3.42;2.0;"СП 42.13330.2016, п. 9.6, табл. 9.1; ППМ 743-ПП, табл. 3.6.1"
bush_path_corridor_028_001;посажено;bush;Спирея Бумальда;NEW_BUSH;2.972;-162.677;141.077;155.941;Линейная посадка (живая изгородь/ряд вдоль полосы);07_nizhnie_polya;"Линейная посадка (живая изгородь/ряд вдоль полосы) — по аналогии с проектом «07_nizhnie_polya»; ближайшее ограничение — пешеходная дорожка / тротуар: 3.2 м при норме 0.5 м (СП 42.13330.2016, п. 9.6, табл. 9.1; ППМ 743-ПП, табл. 3.6.1)";"ассортимент для озеленения Москвы, категория «магистрали и улицы»; без инвазивных видов ППМ 369-ПП";пешеходная дорожка / тротуар;3.24;0.5;"СП 42.13330.2016, п. 9.6, табл. 9.1; ППМ 743-ПП, табл. 3.6.1"
bush_path_corridor_028_002;посажено;bush;Спирея Бумальда;NEW_BUSH;2.962;-165.477;141.067;153.141;Линейная посадка (живая изгородь/ряд вдоль полосы);07_nizhnie_polya;"Линейная посадка (живая изгородь/ряд вдоль полосы) — по аналогии с проектом «07_nizhnie_polya»; ближайшее ограничение — пешеходная дорожка / тротуар: 3.6 м при норме 0.5 м (СП 42.13330.2016, п. 9.6, табл. 9.1; ППМ 743-ПП, табл. 3.6.1)";"ассортимент для озеленения Москвы, категория «магистрали и улицы»; без инвазивных видов ППМ 369-ПП";пешеходная дорожка / тротуар;3.56;0.5;"СП 42.13330.2016, п. 9.6, табл. 9.1; ППМ 743-ПП, табл. 3.6.1"
bush_path_corridor_028_003;посажено;bush;Спирея Бумальда;NEW_BUSH;2.957;-166.877;141.062;151.741;Линейная посадка (живая изгородь/ряд вдоль полосы);07_nizhnie_polya;"Линейная посадка (живая изгородь/ряд вдоль полосы) — по аналогии с проектом «07_nizhnie_polya»; ближайшее ограничение — пешеходная дорожка / тротуар: 3.6 м при норме 0.5 м (СП 42.13330.2016, п. 9.6, табл. 9.1; ППМ 743-ПП, табл. 3.6.1)";"ассортимент для озеленения Москвы, категория «магистрали и улицы»; без инвазивных видов ППМ 369-ПП";пешеходная дорожка / тротуар;3.56;0.5;"СП 42.13330.2016, п. 9.6, табл. 9.1; ППМ 743-ПП, табл. 3.6.1"
bush_path_corridor_028_004;посажено;bush;Спирея Бумальда;NEW_BUSH;2.953;-168.277;141.058;150.341;Линейная посадка (живая изгородь/ряд вдоль полосы);07_nizhnie_polya;"Линейная посадка (живая изгородь/ряд вдоль полосы) — по аналогии с проектом «07_nizhnie_polya»; ближайшее ограничение — пешеходная дорожка / тротуар: 3.6 м при норме 0.5 м (СП 42.13330.2016, п. 9.6, табл. 9.1; ППМ 743-ПП, табл. 3.6.1)";"ассортимент для озеленения Москвы, категория «магистрали и улицы»; без инвазивных видов ППМ 369-ПП";пешеходная дорожка / тротуар;3.56;0.5;"СП 42.13330.2016, п. 9.6, табл. 9.1; ППМ 743-ПП, табл. 3.6.1"
bush_path_corridor_028_005;посажено;bush;Спирея Бумальда;NEW_BUSH;2.948;-169.677;141.053;148.941;Линейная посадка (живая изгородь/ряд вдоль полосы);07_nizhnie_polya;"Линейная посадка (живая изгородь/ряд вдоль полосы) — по аналогии с проектом «07_nizhnie_polya»; ближайшее ограничение — пешеходная дорожка / тротуар: 3.6 м при норме 0.5 м (СП 42.13330.2016, п. 9.6, табл. 9.1; ППМ 743-ПП, табл. 3.6.1)";"ассортимент для озеленения Москвы, категория «магистрали и улицы»; без инвазивных видов ППМ 369-ПП";пешеходная дорожка / тротуар;3.56;0.5;"СП 42.13330.2016, п. 9.6, табл. 9.1; ППМ 743-ПП, табл. 3.6.1"
bush_path_corridor_028_006;посажено;bush;Спирея Бумальда;NEW_BUSH;2.938;-172.477;141.043;146.141;Линейная посадка (живая изгородь/ряд вдоль полосы);07_nizhnie_polya;"Линейная посадка (живая изгородь/ряд вдоль полосы) — по аналогии с проектом «07_nizhnie_polya»; ближайшее ограничение — теплосеть: 3.0 м при норме 1.0 м (СП 42.13330.2016, п. 9.6, табл. 9.1; ППМ 743-ПП, табл. 3.6.1)";"ассортимент для озеленения Москвы, категория «магистрали и улицы»; без инвазивных видов ППМ 369-ПП";теплосеть;3.02;1.0;"СП 42.13330.2016, п. 9.6, табл. 9.1; ППМ 743-ПП, табл. 3.6.1"
tree_path_corridor_029_001;посажено;tree;Вяз гибридный Резиста;NEW_TREE;-18.202;-129.237;119.903;189.381;Линейная посадка (живая изгородь/ряд вдоль полосы);07_nizhnie_polya;"Линейная посадка (живая изгородь/ряд вдоль полосы) — по аналогии с проектом «07_nizhnie_polya»; ближайшее ограничение — проезжая часть: 4.5 м при норме 2.0 м (СП 42.13330.2016, п. 9.6, табл. 9.1; ППМ 743-ПП, табл. 3.6.1)";"ассортимент для озеленения Москвы, категория «магистрали и улицы»; без инвазивных видов ППМ 369-ПП";проезжая часть;4.51;2.0;"СП 42.13330.2016, п. 9.6, табл. 9.1; ППМ 743-ПП, табл. 3.6.1"
bush_path_corridor_029_001;посажено;bush;Спирея Бумальда;NEW_BUSH;-18.225;-127.137;119.88;191.481;Линейная посадка (живая изгородь/ряд вдоль полосы);07_nizhnie_polya;"Линейная посадка (живая изгородь/ряд вдоль полосы) — по аналогии с проектом «07_nizhnie_polya»; ближайшее ограничение — пешеходная дорожка / тротуар: 1.4 м при норме 0.5 м (СП 42.13330.2016, п. 9.6, табл. 9.1; ППМ 743-ПП, табл. 3.6.1)";"ассортимент для озеленения Москвы, категория «магистрали и улицы»; без инвазивных видов ППМ 369-ПП";пешеходная дорожка / тротуар;1.41;0.5;"СП 42.13330.2016, п. 9.6, табл. 9.1; ППМ 743-ПП, табл. 3.6.1"
bush_path_corridor_029_002;посажено;bush;Спирея Бумальда;NEW_BUSH;-18.179;-131.337;119.925;187.281;Линейная посадка (живая изгородь/ряд вдоль полосы);07_nizhnie_polya;"Линейная посадка (живая изгородь/ряд вдоль полосы) — по аналогии с проектом «07_nizhnie_polya»; ближайшее ограничение — воздушная ЛЭП: 2.7 м при норме 2.0 м (охранная зона по чертежу (отступ зоны))";"ассортимент для озеленения Москвы, категория «магистрали и улицы»; без инвазивных видов ППМ 369-ПП";воздушная ЛЭП;2.73;2.0;охранная зона по чертежу (отступ зоны)
tree_path_corridor_030_001;посажено;tree;Вяз гибридный Резиста;NEW_TREE;-20.397;-140.819;117.708;177.799;Линейная посадка (живая изгородь/ряд вдоль полосы);07_nizhnie_polya;"Линейная посадка (живая изгородь/ряд вдоль полосы) — по аналогии с проектом «07_nizhnie_polya»; ближайшее ограничение — воздушная ЛЭП: 3.0 м при норме 2.0 м (охранная зона по чертежу (отступ зоны))";"ассортимент для озеленения Москвы, категория «магистрали и улицы»; без инвазивных видов ППМ 369-ПП";воздушная ЛЭП;2.97;2.0;охранная зона по чертежу (отступ зоны)
bush_path_corridor_031_001;посажено;bush;Спирея Бумальда;NEW_BUSH;-18.338;-159.666;119.767;158.951;Линейная посадка (живая изгородь/ряд вдоль полосы);07_nizhnie_polya;"Линейная посадка (живая изгородь/ряд вдоль полосы) — по аналогии с проектом «07_nizhnie_polya»; ближайшее ограничение — воздушная ЛЭП: 3.1 м при норме 2.0 м (охранная зона по чертежу (отступ зоны))";"ассортимент для озеленения Москвы, категория «магистрали и улицы»; без инвазивных видов ППМ 369-ПП";воздушная ЛЭП;3.13;2.0;охранная зона по чертежу (отступ зоны)
bush_path_corridor_031_002;посажено;bush;Спирея Бумальда;NEW_BUSH;-18.323;-161.066;119.782;157.551;Линейная посадка (живая изгородь/ряд вдоль полосы);07_nizhnie_polya;"Линейная посадка (живая изгородь/ряд вдоль полосы) — по аналогии с проектом «07_nizhnie_polya»; ближайшее ограничение — воздушная ЛЭП: 4.3 м при норме 2.0 м (охранная зона по чертежу (отступ зоны))";"ассортимент для озеленения Москвы, категория «магистрали и улицы»; без инвазивных видов ППМ 369-ПП";воздушная ЛЭП;4.33;2.0;охранная зона по чертежу (отступ зоны)
bush_path_corridor_031_003;посажено;bush;Спирея Бумальда;NEW_BUSH;-18.308;-162.466;119.797;156.151;Линейная посадка (живая изгородь/ряд вдоль полосы);07_nizhnie_polya;"Линейная посадка (живая изгородь/ряд вдоль полосы) — по аналогии с проектом «07_nizhnie_polya»; ближайшее ограничение — пешеходная дорожка / тротуар: 2.7 м при норме 0.5 м (СП 42.13330.2016, п. 9.6, табл. 9.1; ППМ 743-ПП, табл. 3.6.1)";"ассортимент для озеленения Москвы, категория «магистрали и улицы»; без инвазивных видов ППМ 369-ПП";пешеходная дорожка / тротуар;2.74;0.5;"СП 42.13330.2016, п. 9.6, табл. 9.1; ППМ 743-ПП, табл. 3.6.1"
tree_path_corridor_031_001;посажено;tree;Вяз гибридный Резиста;NEW_TREE;-18.186;-173.842;119.919;144.775;Линейная посадка (живая изгородь/ряд вдоль полосы);07_nizhnie_polya;"Линейная посадка (живая изгородь/ряд вдоль полосы) — по аналогии с проектом «07_nizhnie_polya»; ближайшее ограничение — теплосеть: 4.2 м при норме 2.0 м (СП 42.13330.2016, п. 9.6, табл. 9.1; ППМ 743-ПП, табл. 3.6.1)";"ассортимент для озеленения Москвы, категория «магистрали и улицы»; без инвазивных видов ППМ 369-ПП";теплосеть;4.17;2.0;"СП 42.13330.2016, п. 9.6, табл. 9.1; ППМ 743-ПП, табл. 3.6.1"
tree_path_corridor_031_002;посажено;tree;Вяз гибридный Резиста;NEW_TREE;-18.058;-185.742;120.047;132.876;Линейная посадка (живая изгородь/ряд вдоль полосы);07_nizhnie_polya;"Линейная посадка (живая изгородь/ряд вдоль полосы) — по аналогии с проектом «07_nizhnie_polya»; ближайшее ограничение — теплосеть: 2.9 м при норме 2.0 м (СП 42.13330.2016, п. 9.6, табл. 9.1; ППМ 743-ПП, табл. 3.6.1)";"ассортимент для озеленения Москвы, категория «магистрали и улицы»; без инвазивных видов ППМ 369-ПП";теплосеть;2.87;2.0;"СП 42.13330.2016, п. 9.6, табл. 9.1; ППМ 743-ПП, табл. 3.6.1"
bush_path_corridor_031_004;посажено;bush;Спирея Бумальда;NEW_BUSH;-18.257;-167.193;119.848;151.425;Линейная посадка (живая изгородь/ряд вдоль полосы);07_nizhnie_polya;"Линейная посадка (живая изгородь/ряд вдоль полосы) — по аналогии с проектом «07_nizhnie_polya»; ближайшее ограничение — пешеходная дорожка / тротуар: 1.6 м при норме 0.5 м (СП 42.13330.2016, п. 9.6, табл. 9.1; ППМ 743-ПП, табл. 3.6.1)";"ассортимент для озеленения Москвы, категория «магистрали и улицы»; без инвазивных видов ППМ 369-ПП";пешеходная дорожка / тротуар;1.56;0.5;"СП 42.13330.2016, п. 9.6, табл. 9.1; ППМ 743-ПП, табл. 3.6.1"
bush_path_corridor_031_005;посажено;bush;Спирея Бумальда;NEW_BUSH;-18.242;-168.593;119.863;150.025;Линейная посадка (живая изгородь/ряд вдоль полосы);07_nizhnie_polya;"Линейная посадка (живая изгородь/ряд вдоль полосы) — по аналогии с проектом «07_nizhnie_polya»; ближайшее ограничение — пешеходная дорожка / тротуар: 2.9 м при норме 0.5 м (СП 42.13330.2016, п. 9.6, табл. 9.1; ППМ 743-ПП, табл. 3.6.1)";"ассортимент для озеленения Москвы, категория «магистрали и улицы»; без инвазивных видов ППМ 369-ПП";пешеходная дорожка / тротуар;2.93;0.5;"СП 42.13330.2016, п. 9.6, табл. 9.1; ППМ 743-ПП, табл. 3.6.1"
bush_path_corridor_031_006;посажено;bush;Спирея Бумальда;NEW_BUSH;-18.227;-169.992;119.878;148.625;Линейная посадка (живая изгородь/ряд вдоль полосы);07_nizhnie_polya;"Линейная посадка (живая изгородь/ряд вдоль полосы) — по аналогии с проектом «07_nizhnie_polya»; ближайшее ограничение — теплосеть: 3.8 м при норме 1.0 м (СП 42.13330.2016, п. 9.6, табл. 9.1; ППМ 743-ПП, табл. 3.6.1)";"ассортимент для озеленения Москвы, категория «магистрали и улицы»; без инвазивных видов ППМ 369-ПП";теплосеть;3.83;1.0;"СП 42.13330.2016, п. 9.6, табл. 9.1; ППМ 743-ПП, табл. 3.6.1"
bush_path_corridor_031_007;посажено;bush;Спирея Бумальда;NEW_BUSH;-18.212;-171.392;119.893;147.225;Линейная посадка (живая изгородь/ряд вдоль полосы);07_nizhnie_polya;"Линейная посадка (живая изгородь/ряд вдоль полосы) — по аналогии с проектом «07_nizhnie_polya»; ближайшее ограничение — теплосеть: 3.5 м при норме 1.0 м (СП 42.13330.2016, п. 9.6, табл. 9.1; ППМ 743-ПП, табл. 3.6.1)";"ассортимент для озеленения Москвы, категория «магистрали и улицы»; без инвазивных видов ППМ 369-ПП";теплосеть;3.5;1.0;"СП 42.13330.2016, п. 9.6, табл. 9.1; ППМ 743-ПП, табл. 3.6.1"
bush_path_corridor_031_008;посажено;bush;Спирея Бумальда;NEW_BUSH;-18.197;-172.792;119.908;145.825;Линейная посадка (живая изгородь/ряд вдоль полосы);07_nizhnie_polya;"Линейная посадка (живая изгородь/ряд вдоль полосы) — по аналогии с проектом «07_nizhnie_polya»; ближайшее ограничение — теплосеть: 3.7 м при норме 1.0 м (СП 42.13330.2016, п. 9.6, табл. 9.1; ППМ 743-ПП, табл. 3.6.1)";"ассортимент для озеленения Москвы, категория «магистрали и улицы»; без инвазивных видов ППМ 369-ПП";теплосеть;3.7;1.0;"СП 42.13330.2016, п. 9.6, табл. 9.1; ППМ 743-ПП, табл. 3.6.1"
bush_path_corridor_031_009;посажено;bush;Спирея Бумальда;NEW_BUSH;-18.167;-175.592;119.938;143.025;Линейная посадка (живая изгородь/ряд вдоль полосы);07_nizhnie_polya;"Линейная посадка (живая изгородь/ряд вдоль полосы) — по аналогии с проектом «07_nizhnie_polya»; ближайшее ограничение — пешеходная дорожка / тротуар: 4.4 м при норме 0.5 м (СП 42.13330.2016, п. 9.6, табл. 9.1; ППМ 743-ПП, табл. 3.6.1)";"ассортимент для озеленения Москвы, категория «магистрали и улицы»; без инвазивных видов ППМ 369-ПП";пешеходная дорожка / тротуар;4.4;0.5;"СП 42.13330.2016, п. 9.6, табл. 9.1; ППМ 743-ПП, табл. 3.6.1"
bush_path_corridor_031_010;посажено;bush;Спирея Бумальда;NEW_BUSH;-18.122;-179.792;119.983;138.826;Линейная посадка (живая изгородь/ряд вдоль полосы);07_nizhnie_polya;"Линейная посадка (живая изгородь/ряд вдоль полосы) — по аналогии с проектом «07_nizhnie_polya»; ближайшее ограничение — проезжая часть: 5.0 м при норме 1.0 м (СП 42.13330.2016, п. 9.6, табл. 9.1; ППМ 743-ПП, табл. 3.6.1)";"ассортимент для озеленения Москвы, категория «магистрали и улицы»; без инвазивных видов ППМ 369-ПП";проезжая часть;4.97;1.0;"СП 42.13330.2016, п. 9.6, табл. 9.1; ППМ 743-ПП, табл. 3.6.1"
bush_path_corridor_031_011;посажено;bush;Спирея Бумальда;NEW_BUSH;-18.107;-181.192;119.998;137.426;Линейная посадка (живая изгородь/ряд вдоль полосы);07_nizhnie_polya;"Линейная посадка (живая изгородь/ряд вдоль полосы) — по аналогии с проектом «07_nizhnie_polya»; ближайшее ограничение — теплосеть: 4.8 м при норме 1.0 м (СП 42.13330.2016, п. 9.6, табл. 9.1; ППМ 743-ПП, табл. 3.6.1)";"ассортимент для озеленения Москвы, категория «магистрали и улицы»; без инвазивных видов ППМ 369-ПП";теплосеть;4.78;1.0;"СП 42.13330.2016, п. 9.6, табл. 9.1; ППМ 743-ПП, табл. 3.6.1"
bush_path_corridor_031_012;посажено;bush;Спирея Бумальда;NEW_BUSH;-18.091;-182.592;120.014;136.026;Линейная посадка (живая изгородь/ряд вдоль полосы);07_nizhnie_polya;"Линейная посадка (живая изгородь/ряд вдоль полосы) — по аналогии с проектом «07_nizhnie_polya»; ближайшее ограничение — теплосеть: 3.7 м при норме 1.0 м (СП 42.13330.2016, п. 9.6, табл. 9.1; ППМ 743-ПП, табл. 3.6.1)";"ассортимент для озеленения Москвы, категория «магистрали и улицы»; без инвазивных видов ППМ 369-ПП";теплосеть;3.73;1.0;"СП 42.13330.2016, п. 9.6, табл. 9.1; ППМ 743-ПП, табл. 3.6.1"
bush_path_corridor_031_013;посажено;bush;Спирея Бумальда;NEW_BUSH;-18.076;-183.992;120.029;134.626;Линейная посадка (живая изгородь/ряд вдоль полосы);07_nizhnie_polya;"Линейная посадка (живая изгородь/ряд вдоль полосы) — по аналогии с проектом «07_nizhnie_polya»; ближайшее ограничение — теплосеть: 3.0 м при норме 1.0 м (СП 42.13330.2016, п. 9.6, табл. 9.1; ППМ 743-ПП, табл. 3.6.1)";"ассортимент для озеленения Москвы, категория «магистрали и улицы»; без инвазивных видов ППМ 369-ПП";теплосеть;2.99;1.0;"СП 42.13330.2016, п. 9.6, табл. 9.1; ППМ 743-ПП, табл. 3.6.1"
bush_path_corridor_031_014;посажено;bush;Спирея Бумальда;NEW_BUSH;-18.046;-186.791;120.059;131.826;Линейная посадка (живая изгородь/ряд вдоль полосы);07_nizhnie_polya;"Линейная посадка (живая изгородь/ряд вдоль полосы) — по аналогии с проектом «07_nizhnie_polya»; ближайшее ограничение — теплосеть: 3.3 м при норме 1.0 м (СП 42.13330.2016, п. 9.6, табл. 9.1; ППМ 743-ПП, табл. 3.6.1)";"ассортимент для озеленения Москвы, категория «магистрали и улицы»; без инвазивных видов ППМ 369-ПП";теплосеть;3.27;1.0;"СП 42.13330.2016, п. 9.6, табл. 9.1; ППМ 743-ПП, табл. 3.6.1"
bush_path_corridor_031_015;посажено;bush;Спирея Бумальда;NEW_BUSH;-18.031;-188.191;120.074;130.426;Линейная посадка (живая изгородь/ряд вдоль полосы);07_nizhnie_polya;"Линейная посадка (живая изгородь/ряд вдоль полосы) — по аналогии с проектом «07_nizhnie_polya»; ближайшее ограничение — теплосеть: 3.9 м при норме 1.0 м (СП 42.13330.2016, п. 9.6, табл. 9.1; ППМ 743-ПП, табл. 3.6.1)";"ассортимент для озеленения Москвы, категория «магистрали и улицы»; без инвазивных видов ППМ 369-ПП";теплосеть;3.92;1.0;"СП 42.13330.2016, п. 9.6, табл. 9.1; ППМ 743-ПП, табл. 3.6.1"
bush_path_corridor_031_016;посажено;bush;Спирея Бумальда;NEW_BUSH;-18.016;-189.591;120.089;129.026;Линейная посадка (живая изгородь/ряд вдоль полосы);07_nizhnie_polya;"Линейная посадка (живая изгородь/ряд вдоль полосы) — по аналогии с проектом «07_nizhnie_polya»; ближайшее ограничение — пешеходная дорожка / тротуар: 2.8 м при норме 0.5 м (СП 42.13330.2016, п. 9.6, табл. 9.1; ППМ 743-ПП, табл. 3.6.1)";"ассортимент для озеленения Москвы, категория «магистрали и улицы»; без инвазивных видов ППМ 369-ПП";пешеходная дорожка / тротуар;2.8;0.5;"СП 42.13330.2016, п. 9.6, табл. 9.1; ППМ 743-ПП, табл. 3.6.1"
bush_path_corridor_031_017;посажено;bush;Спирея Бумальда;NEW_BUSH;-17.986;-192.391;120.119;126.226;Линейная посадка (живая изгородь/ряд вдоль полосы);07_nizhnie_polya;"Линейная посадка (живая изгородь/ряд вдоль полосы) — по аналогии с проектом «07_nizhnie_polya»; ближайшее ограничение — пешеходная дорожка / тротуар: 0.8 м при норме 0.5 м (СП 42.13330.2016, п. 9.6, табл. 9.1; ППМ 743-ПП, табл. 3.6.1)";"ассортимент для озеленения Москвы, категория «магистрали и улицы»; без инвазивных видов ППМ 369-ПП";пешеходная дорожка / тротуар;0.75;0.5;"СП 42.13330.2016, п. 9.6, табл. 9.1; ППМ 743-ПП, табл. 3.6.1"
bush_path_corridor_032_001;посажено;bush;Спирея Бумальда;NEW_BUSH;-17.714;-141.097;120.391;177.52;Линейная посадка (живая изгородь/ряд вдоль полосы);07_nizhnie_polya;"Линейная посадка (живая изгородь/ряд вдоль полосы) — по аналогии с проектом «07_nizhnie_polya»; ближайшее ограничение — воздушная ЛЭП: 2.4 м при норме 2.0 м (охранная зона по чертежу (отступ зоны))";"ассортимент для озеленения Москвы, категория «магистрали и улицы»; без инвазивных видов ППМ 369-ПП";воздушная ЛЭП;2.38;2.0;охранная зона по чертежу (отступ зоны)
tree_path_corridor_033_001;посажено;tree;Вяз гибридный Резиста;NEW_TREE;-16.101;-294.605;122.004;24.013;Линейная посадка (живая изгородь/ряд вдоль полосы);07_nizhnie_polya;"Линейная посадка (живая изгородь/ряд вдоль полосы) — по аналогии с проектом «07_nizhnie_polya»; ближайшее ограничение — проезжая часть: 2.7 м при норме 2.0 м (СП 42.13330.2016, п. 9.6, табл. 9.1; ППМ 743-ПП, табл. 3.6.1)";"ассортимент для озеленения Москвы, категория «магистрали и улицы»; без инвазивных видов ППМ 369-ПП";проезжая часть;2.73;2.0;"СП 42.13330.2016, п. 9.6, табл. 9.1; ППМ 743-ПП, табл. 3.6.1"
bush_path_corridor_033_001;посажено;bush;Спирея Бумальда;NEW_BUSH;-16.074;-298.105;122.031;20.513;Линейная посадка (живая изгородь/ряд вдоль полосы);07_nizhnie_polya;"Линейная посадка (живая изгородь/ряд вдоль полосы) — по аналогии с проектом «07_nizhnie_polya»; ближайшее ограничение — пешеходная дорожка / тротуар: 1.5 м при норме 0.5 м (СП 42.13330.2016, п. 9.6, табл. 9.1; ППМ 743-ПП, табл. 3.6.1)";"ассортимент для озеленения Москвы, категория «магистрали и улицы»; без инвазивных видов ППМ 369-ПП";пешеходная дорожка / тротуар;1.49;0.5;"СП 42.13330.2016, п. 9.6, табл. 9.1; ППМ 743-ПП, табл. 3.6.1"
bush_path_corridor_033_002;посажено;bush;Спирея Бумальда;NEW_BUSH;-16.085;-296.705;122.02;21.913;Линейная посадка (живая изгородь/ряд вдоль полосы);07_nizhnie_polya;"Линейная посадка (живая изгородь/ряд вдоль полосы) — по аналогии с проектом «07_nizhnie_polya»; ближайшее ограничение — пешеходная дорожка / тротуар: 1.5 м при норме 0.5 м (СП 42.13330.2016, п. 9.6, табл. 9.1; ППМ 743-ПП, табл. 3.6.1)";"ассортимент для озеленения Москвы, категория «магистрали и улицы»; без инвазивных видов ППМ 369-ПП";пешеходная дорожка / тротуар;1.49;0.5;"СП 42.13330.2016, п. 9.6, табл. 9.1; ППМ 743-ПП, табл. 3.6.1"
bush_path_corridor_033_003;посажено;bush;Спирея Бумальда;NEW_BUSH;-16.118;-292.505;121.987;26.113;Линейная посадка (живая изгородь/ряд вдоль полосы);07_nizhnie_polya;"Линейная посадка (живая изгородь/ряд вдоль полосы) — по аналогии с проектом «07_nizhnie_polya»; ближайшее ограничение — пешеходная дорожка / тротуар: 1.5 м при норме 0.5 м (СП 42.13330.2016, п. 9.6, табл. 9.1; ППМ 743-ПП, табл. 3.6.1)";"ассортимент для озеленения Москвы, категория «магистрали и улицы»; без инвазивных видов ППМ 369-ПП";пешеходная дорожка / тротуар;1.49;0.5;"СП 42.13330.2016, п. 9.6, табл. 9.1; ППМ 743-ПП, табл. 3.6.1"
bush_path_corridor_033_004;посажено;bush;Спирея Бумальда;NEW_BUSH;-16.129;-291.105;121.976;27.513;Линейная посадка (живая изгородь/ряд вдоль полосы);07_nizhnie_polya;"Линейная посадка (живая изгородь/ряд вдоль полосы) — по аналогии с проектом «07_nizhnie_polya»; ближайшее ограничение — пешеходная дорожка / тротуар: 1.5 м при норме 0.5 м (СП 42.13330.2016, п. 9.6, табл. 9.1; ППМ 743-ПП, табл. 3.6.1)";"ассортимент для озеленения Москвы, категория «магистрали и улицы»; без инвазивных видов ППМ 369-ПП";пешеходная дорожка / тротуар;1.49;0.5;"СП 42.13330.2016, п. 9.6, табл. 9.1; ППМ 743-ПП, табл. 3.6.1"
bush_path_corridor_034_001;посажено;bush;Спирея Бумальда;NEW_BUSH;-19.013;-298.08;119.092;20.537;Линейная посадка (живая изгородь/ряд вдоль полосы);07_nizhnie_polya;"Линейная посадка (живая изгородь/ряд вдоль полосы) — по аналогии с проектом «07_nizhnie_polya»; ближайшее ограничение — пешеходная дорожка / тротуар: 1.4 м при норме 0.5 м (СП 42.13330.2016, п. 9.6, табл. 9.1; ППМ 743-ПП, табл. 3.6.1)";"ассортимент для озеленения Москвы, категория «магистрали и улицы»; без инвазивных видов ППМ 369-ПП";пешеходная дорожка / тротуар;1.36;0.5;"СП 42.13330.2016, п. 9.6, табл. 9.1; ППМ 743-ПП, табл. 3.6.1"
bush_path_corridor_034_002;посажено;bush;Спирея Бумальда;NEW_BUSH;-19.031;-296.68;119.074;21.937;Линейная посадка (живая изгородь/ряд вдоль полосы);07_nizhnie_polya;"Линейная посадка (живая изгородь/ряд вдоль полосы) — по аналогии с проектом «07_nizhnie_polya»; ближайшее ограничение — пешеходная дорожка / тротуар: 1.4 м при норме 0.5 м (СП 42.13330.2016, п. 9.6, табл. 9.1; ППМ 743-ПП, табл. 3.6.1)";"ассортимент для озеленения Москвы, категория «магистрали и улицы»; без инвазивных видов ППМ 369-ПП";пешеходная дорожка / тротуар;1.38;0.5;"СП 42.13330.2016, п. 9.6, табл. 9.1; ППМ 743-ПП, табл. 3.6.1"
bush_path_corridor_034_003;посажено;bush;Спирея Бумальда;NEW_BUSH;-19.048;-295.28;119.057;23.337;Линейная посадка (живая изгородь/ряд вдоль полосы);07_nizhnie_polya;"Линейная посадка (живая изгородь/ряд вдоль полосы) — по аналогии с проектом «07_nizhnie_polya»; ближайшее ограничение — пешеходная дорожка / тротуар: 1.4 м при норме 0.5 м (СП 42.13330.2016, п. 9.6, табл. 9.1; ППМ 743-ПП, табл. 3.6.1)";"ассортимент для озеленения Москвы, категория «магистрали и улицы»; без инвазивных видов ППМ 369-ПП";пешеходная дорожка / тротуар;1.4;0.5;"СП 42.13330.2016, п. 9.6, табл. 9.1; ППМ 743-ПП, табл. 3.6.1"
bush_path_corridor_034_004;посажено;bush;Спирея Бумальда;NEW_BUSH;-19.066;-293.881;119.039;24.737;Линейная посадка (живая изгородь/ряд вдоль полосы);07_nizhnie_polya;"Линейная посадка (живая изгородь/ряд вдоль полосы) — по аналогии с проектом «07_nizhnie_polya»; ближайшее ограничение — пешеходная дорожка / тротуар: 1.4 м при норме 0.5 м (СП 42.13330.2016, п. 9.6, табл. 9.1; ППМ 743-ПП, табл. 3.6.1)";"ассортимент для озеленения Москвы, категория «магистрали и улицы»; без инвазивных видов ППМ 369-ПП";пешеходная дорожка / тротуар;1.41;0.5;"СП 42.13330.2016, п. 9.6, табл. 9.1; ППМ 743-ПП, табл. 3.6.1"
bush_path_corridor_034_005;посажено;bush;Спирея Бумальда;NEW_BUSH;-19.119;-289.681;118.986;28.937;Линейная посадка (живая изгородь/ряд вдоль полосы);07_nizhnie_polya;"Линейная посадка (живая изгородь/ряд вдоль полосы) — по аналогии с проектом «07_nizhnie_polya»; ближайшее ограничение — пешеходная дорожка / тротуар: 1.4 м при норме 0.5 м (СП 42.13330.2016, п. 9.6, табл. 9.1; ППМ 743-ПП, табл. 3.6.1)";"ассортимент для озеленения Москвы, категория «магистрали и улицы»; без инвазивных видов ППМ 369-ПП";пешеходная дорожка / тротуар;1.41;0.5;"СП 42.13330.2016, п. 9.6, табл. 9.1; ППМ 743-ПП, табл. 3.6.1"
bush_path_corridor_034_006;посажено;bush;Спирея Бумальда;NEW_BUSH;-19.137;-288.281;118.968;30.336;Линейная посадка (живая изгородь/ряд вдоль полосы);07_nizhnie_polya;"Линейная посадка (живая изгородь/ряд вдоль полосы) — по аналогии с проектом «07_nizhnie_polya»; ближайшее ограничение — пешеходная дорожка / тротуар: 1.4 м при норме 0.5 м (СП 42.13330.2016, п. 9.6, табл. 9.1; ППМ 743-ПП, табл. 3.6.1)";"ассортимент для озеленения Москвы, категория «магистрали и улицы»; без инвазивных видов ППМ 369-ПП";пешеходная дорожка / тротуар;1.41;0.5;"СП 42.13330.2016, п. 9.6, табл. 9.1; ППМ 743-ПП, табл. 3.6.1"
tree_path_corridor_035_001;посажено;tree;Вяз гибридный Резиста;NEW_TREE;-25.211;219.671;112.894;538.289;Линейная посадка (живая изгородь/ряд вдоль полосы);07_nizhnie_polya;"Линейная посадка (живая изгородь/ряд вдоль полосы) — по аналогии с проектом «07_nizhnie_polya»; ближайшее ограничение — пешеходная дорожка / тротуар: 1.1 м при норме 0.7 м (СП 42.13330.2016, п. 9.6, табл. 9.1; ППМ 743-ПП, табл. 3.6.1)";"ассортимент для озеленения Москвы, категория «магистрали и улицы»; без инвазивных видов ППМ 369-ПП";пешеходная дорожка / тротуар;1.09;0.7;"СП 42.13330.2016, п. 9.6, табл. 9.1; ППМ 743-ПП, табл. 3.6.1"
bush_path_corridor_036_001;посажено;bush;Спирея Бумальда;NEW_BUSH;-21.251;248.679;116.854;567.296;Линейная посадка (живая изгородь/ряд вдоль полосы);07_nizhnie_polya;"Линейная посадка (живая изгородь/ряд вдоль полосы) — по аналогии с проектом «07_nizhnie_polya»; ближайшее ограничение — пешеходная дорожка / тротуар: 3.5 м при норме 0.5 м (СП 42.13330.2016, п. 9.6, табл. 9.1; ППМ 743-ПП, табл. 3.6.1)";"ассортимент для озеленения Москвы, категория «магистрали и улицы»; без инвазивных видов ППМ 369-ПП";пешеходная дорожка / тротуар;3.45;0.5;"СП 42.13330.2016, п. 9.6, табл. 9.1; ППМ 743-ПП, табл. 3.6.1"
bush_path_corridor_036_002;посажено;bush;Спирея Бумальда;NEW_BUSH;-21.219;245.238;116.886;563.856;Линейная посадка (живая изгородь/ряд вдоль полосы);07_nizhnie_polya;"Линейная посадка (живая изгородь/ряд вдоль полосы) — по аналогии с проектом «07_nizhnie_polya»; ближайшее ограничение — пешеходная дорожка / тротуар: 3.3 м при норме 0.5 м (СП 42.13330.2016, п. 9.6, табл. 9.1; ППМ 743-ПП, табл. 3.6.1)";"ассортимент для озеленения Москвы, категория «магистрали и улицы»; без инвазивных видов ППМ 369-ПП";пешеходная дорожка / тротуар;3.29;0.5;"СП 42.13330.2016, п. 9.6, табл. 9.1; ППМ 743-ПП, табл. 3.6.1"
bush_path_corridor_036_003;посажено;bush;Спирея Бумальда;NEW_BUSH;-21.179;241.039;116.926;559.656;Линейная посадка (живая изгородь/ряд вдоль полосы);07_nizhnie_polya;"Линейная посадка (живая изгородь/ряд вдоль полосы) — по аналогии с проектом «07_nizhnie_polya»; ближайшее ограничение — пешеходная дорожка / тротуар: 3.1 м при норме 0.5 м (СП 42.13330.2016, п. 9.6, табл. 9.1; ППМ 743-ПП, табл. 3.6.1)";"ассортимент для озеленения Москвы, категория «магистрали и улицы»; без инвазивных видов ППМ 369-ПП";пешеходная дорожка / тротуар;3.07;0.5;"СП 42.13330.2016, п. 9.6, табл. 9.1; ППМ 743-ПП, табл. 3.6.1"
bush_path_corridor_036_004;посажено;bush;Спирея Бумальда;NEW_BUSH;-21.166;239.639;116.939;558.256;Линейная посадка (живая изгородь/ряд вдоль полосы);07_nizhnie_polya;"Линейная посадка (живая изгородь/ряд вдоль полосы) — по аналогии с проектом «07_nizhnie_polya»; ближайшее ограничение — пешеходная дорожка / тротуар: 3.0 м при норме 0.5 м (СП 42.13330.2016, п. 9.6, табл. 9.1; ППМ 743-ПП, табл. 3.6.1)";"ассортимент для озеленения Москвы, категория «магистрали и улицы»; без инвазивных видов ППМ 369-ПП";пешеходная дорожка / тротуар;3.04;0.5;"СП 42.13330.2016, п. 9.6, табл. 9.1; ППМ 743-ПП, табл. 3.6.1"
bush_path_corridor_036_005;посажено;bush;Спирея Бумальда;NEW_BUSH;-21.152;238.239;116.953;556.856;Линейная посадка (живая изгородь/ряд вдоль полосы);07_nizhnie_polya;"Линейная посадка (живая изгородь/ряд вдоль полосы) — по аналогии с проектом «07_nizhnie_polya»; ближайшее ограничение — проезжая часть: 2.9 м при норме 1.0 м (СП 42.13330.2016, п. 9.6, табл. 9.1; ППМ 743-ПП, табл. 3.6.1)";"ассортимент для озеленения Москвы, категория «магистрали и улицы»; без инвазивных видов ППМ 369-ПП";проезжая часть;2.85;1.0;"СП 42.13330.2016, п. 9.6, табл. 9.1; ППМ 743-ПП, табл. 3.6.1"
bush_path_corridor_037_001;посажено;bush;Спирея Бумальда;NEW_BUSH;-20.793;255.753;117.312;574.37;Линейная посадка (живая изгородь/ряд вдоль полосы);07_nizhnie_polya;"Линейная посадка (живая изгородь/ряд вдоль полосы) — по аналогии с проектом «07_nizhnie_polya»; ближайшее ограничение — кабель связи: 2.1 м при норме 0.7 м (СП 42.13330.2016, п. 9.6, табл. 9.1; ППМ 743-ПП, табл. 3.6.1)";"ассортимент для озеленения Москвы, категория «магистрали и улицы»; без инвазивных видов ППМ 369-ПП";кабель связи;2.07;0.7;"СП 42.13330.2016, п. 9.6, табл. 9.1; ППМ 743-ПП, табл. 3.6.1"
tree_path_corridor_038_001;посажено;tree;Вяз гибридный Резиста;NEW_TREE;-23.818;267.946;114.287;586.564;Линейная посадка (живая изгородь/ряд вдоль полосы);07_nizhnie_polya;"Линейная посадка (живая изгородь/ряд вдоль полосы) — по аналогии с проектом «07_nizhnie_polya»; ближайшее ограничение — пешеходная дорожка / тротуар: 1.6 м при норме 0.7 м (СП 42.13330.2016, п. 9.6, табл. 9.1; ППМ 743-ПП, табл. 3.6.1)";"ассортимент для озеленения Москвы, категория «магистрали и улицы»; без инвазивных видов ППМ 369-ПП";пешеходная дорожка / тротуар;1.56;0.7;"СП 42.13330.2016, п. 9.6, табл. 9.1; ППМ 743-ПП, табл. 3.6.1"
bush_path_corridor_038_001;посажено;bush;Спирея Бумальда;NEW_BUSH;-24.229;266.608;113.876;585.225;Линейная посадка (живая изгородь/ряд вдоль полосы);07_nizhnie_polya;"Линейная посадка (живая изгородь/ряд вдоль полосы) — по аналогии с проектом «07_nizhnie_polya»; ближайшее ограничение — пешеходная дорожка / тротуар: 2.0 м при норме 0.5 м (СП 42.13330.2016, п. 9.6, табл. 9.1; ППМ 743-ПП, табл. 3.6.1)";"ассортимент для озеленения Москвы, категория «магистрали и улицы»; без инвазивных видов ППМ 369-ПП";пешеходная дорожка / тротуар;1.97;0.5;"СП 42.13330.2016, п. 9.6, табл. 9.1; ППМ 743-ПП, табл. 3.6.1"
tree_path_corridor_039_001;посажено;tree;Вяз гибридный Резиста;NEW_TREE;-20.25;274.73;117.855;593.348;Линейная посадка (живая изгородь/ряд вдоль полосы);07_nizhnie_polya;"Линейная посадка (живая изгородь/ряд вдоль полосы) — по аналогии с проектом «07_nizhnie_polya»; ближайшее ограничение — проезжая часть: 3.4 м при норме 2.0 м (СП 42.13330.2016, п. 9.6, табл. 9.1; ППМ 743-ПП, табл. 3.6.1)";"ассортимент для озеленения Москвы, категория «магистрали и улицы»; без инвазивных видов ППМ 369-ПП";проезжая часть;3.4;2.0;"СП 42.13330.2016, п. 9.6, табл. 9.1; ППМ 743-ПП, табл. 3.6.1"
bush_path_corridor_039_001;посажено;bush;Спирея Бумальда;NEW_BUSH;-20.942;280.287;117.163;598.905;Линейная посадка (живая изгородь/ряд вдоль полосы);07_nizhnie_polya;"Линейная посадка (живая изгородь/ряд вдоль полосы) — по аналогии с проектом «07_nizhnie_polya»; ближайшее ограничение — пешеходная дорожка / тротуар: 1.6 м при норме 0.5 м (СП 42.13330.2016, п. 9.6, табл. 9.1; ППМ 743-ПП, табл. 3.6.1)";"ассортимент для озеленения Москвы, категория «магистрали и улицы»; без инвазивных видов ППМ 369-ПП";пешеходная дорожка / тротуар;1.65;0.5;"СП 42.13330.2016, п. 9.6, табл. 9.1; ППМ 743-ПП, табл. 3.6.1"
bush_path_corridor_039_002;посажено;bush;Спирея Бумальда;NEW_BUSH;-20.769;278.898;117.336;597.515;Линейная посадка (живая изгородь/ряд вдоль полосы);07_nizhnie_polya;"Линейная посадка (живая изгородь/ряд вдоль полосы) — по аналогии с проектом «07_nizhnie_polya»; ближайшее ограничение — пешеходная дорожка / тротуар: 1.8 м при норме 0.5 м (СП 42.13330.2016, п. 9.6, табл. 9.1; ППМ 743-ПП, табл. 3.6.1)";"ассортимент для озеленения Москвы, категория «магистрали и улицы»; без инвазивных видов ППМ 369-ПП";пешеходная дорожка / тротуар;1.78;0.5;"СП 42.13330.2016, п. 9.6, табл. 9.1; ППМ 743-ПП, табл. 3.6.1"
bush_path_corridor_039_003;посажено;bush;Спирея Бумальда;NEW_BUSH;-20.596;277.509;117.509;596.126;Линейная посадка (живая изгородь/ряд вдоль полосы);07_nizhnie_polya;"Линейная посадка (живая изгородь/ряд вдоль полосы) — по аналогии с проектом «07_nizhnie_polya»; ближайшее ограничение — пешеходная дорожка / тротуар: 1.9 м при норме 0.5 м (СП 42.13330.2016, п. 9.6, табл. 9.1; ППМ 743-ПП, табл. 3.6.1)";"ассортимент для озеленения Москвы, категория «магистрали и улицы»; без инвазивных видов ППМ 369-ПП";пешеходная дорожка / тротуар;1.92;0.5;"СП 42.13330.2016, п. 9.6, табл. 9.1; ППМ 743-ПП, табл. 3.6.1"
bush_path_corridor_039_004;посажено;bush;Спирея Бумальда;NEW_BUSH;-20.423;276.119;117.682;594.737;Линейная посадка (живая изгородь/ряд вдоль полосы);07_nizhnie_polya;"Линейная посадка (живая изгородь/ряд вдоль полосы) — по аналогии с проектом «07_nizhnie_polya»; ближайшее ограничение — пешеходная дорожка / тротуар: 2.1 м при норме 0.5 м (СП 42.13330.2016, п. 9.6, табл. 9.1; ППМ 743-ПП, табл. 3.6.1)";"ассортимент для озеленения Москвы, категория «магистрали и улицы»; без инвазивных видов ППМ 369-ПП";пешеходная дорожка / тротуар;2.06;0.5;"СП 42.13330.2016, п. 9.6, табл. 9.1; ППМ 743-ПП, табл. 3.6.1"
bush_path_corridor_039_005;посажено;bush;Спирея Бумальда;NEW_BUSH;-19.731;270.562;118.374;589.18;Линейная посадка (живая изгородь/ряд вдоль полосы);07_nizhnie_polya;"Линейная посадка (живая изгородь/ряд вдоль полосы) — по аналогии с проектом «07_nizhnie_polya»; ближайшее ограничение — пешеходная дорожка / тротуар: 2.6 м при норме 0.5 м (СП 42.13330.2016, п. 9.6, табл. 9.1; ППМ 743-ПП, табл. 3.6.1)";"ассортимент для озеленения Москвы, категория «магистрали и улицы»; без инвазивных видов ППМ 369-ПП";пешеходная дорожка / тротуар;2.58;0.5;"СП 42.13330.2016, п. 9.6, табл. 9.1; ППМ 743-ПП, табл. 3.6.1"
bush_path_corridor_039_006;посажено;bush;Спирея Бумальда;NEW_BUSH;-19.558;269.173;118.547;587.79;Линейная посадка (живая изгородь/ряд вдоль полосы);07_nizhnie_polya;"Линейная посадка (живая изгородь/ряд вдоль полосы) — по аналогии с проектом «07_nizhnie_polya»; ближайшее ограничение — пешеходная дорожка / тротуар: 1.9 м при норме 0.5 м (СП 42.13330.2016, п. 9.6, табл. 9.1; ППМ 743-ПП, табл. 3.6.1)";"ассортимент для озеленения Москвы, категория «магистрали и улицы»; без инвазивных видов ППМ 369-ПП";пешеходная дорожка / тротуар;1.86;0.5;"СП 42.13330.2016, п. 9.6, табл. 9.1; ППМ 743-ПП, табл. 3.6.1"
tree_path_corridor_041_001;посажено;tree;Вяз гибридный Резиста;NEW_TREE;-26.674;-119.019;111.431;199.599;Линейная посадка (живая изгородь/ряд вдоль полосы);07_nizhnie_polya;"Линейная посадка (живая изгородь/ряд вдоль полосы) — по аналогии с проектом «07_nizhnie_polya»; ближайшее ограничение — проезжая часть: 2.9 м при норме 2.0 м (СП 42.13330.2016, п. 9.6, табл. 9.1; ППМ 743-ПП, табл. 3.6.1)";"ассортимент для озеленения Москвы, категория «магистрали и улицы»; без инвазивных видов ППМ 369-ПП";проезжая часть;2.87;2.0;"СП 42.13330.2016, п. 9.6, табл. 9.1; ППМ 743-ПП, табл. 3.6.1"
bush_path_corridor_041_001;посажено;bush;Спирея Бумальда;NEW_BUSH;-28.773;-118.956;109.332;199.661;Линейная посадка (живая изгородь/ряд вдоль полосы);07_nizhnie_polya;"Линейная посадка (живая изгородь/ряд вдоль полосы) — по аналогии с проектом «07_nizhnie_polya»; ближайшее ограничение — проезжая часть: 2.9 м при норме 1.0 м (СП 42.13330.2016, п. 9.6, табл. 9.1; ППМ 743-ПП, табл. 3.6.1)";"ассортимент для озеленения Москвы, категория «магистрали и улицы»; без инвазивных видов ППМ 369-ПП";проезжая часть;2.86;1.0;"СП 42.13330.2016, п. 9.6, табл. 9.1; ППМ 743-ПП, табл. 3.6.1"
bush_path_corridor_041_002;посажено;bush;Спирея Бумальда;NEW_BUSH;-24.575;-119.082;113.53;199.536;Линейная посадка (живая изгородь/ряд вдоль полосы);07_nizhnie_polya;"Линейная посадка (живая изгородь/ряд вдоль полосы) — по аналогии с проектом «07_nizhnie_polya»; ближайшее ограничение — пешеходная дорожка / тротуар: 2.0 м при норме 0.5 м (СП 42.13330.2016, п. 9.6, табл. 9.1; ППМ 743-ПП, табл. 3.6.1)";"ассортимент для озеленения Москвы, категория «магистрали и улицы»; без инвазивных видов ППМ 369-ПП";пешеходная дорожка / тротуар;1.96;0.5;"СП 42.13330.2016, п. 9.6, табл. 9.1; ППМ 743-ПП, табл. 3.6.1"
tree_path_corridor_046_001;посажено;tree;Вяз гибридный Резиста;NEW_TREE;-61.9;186.093;76.205;504.711;Линейная посадка (живая изгородь/ряд вдоль полосы);07_nizhnie_polya;"Линейная посадка (живая изгородь/ряд вдоль полосы) — по аналогии с проектом «07_nizhnie_polya»; ближайшее ограничение — пешеходная дорожка / тротуар: 1.2 м при норме 0.7 м (СП 42.13330.2016, п. 9.6, табл. 9.1; ППМ 743-ПП, табл. 3.6.1)";"ассортимент для озеленения Москвы, категория «магистрали и улицы»; без инвазивных видов ППМ 369-ПП";пешеходная дорожка / тротуар;1.25;0.7;"СП 42.13330.2016, п. 9.6, табл. 9.1; ППМ 743-ПП, табл. 3.6.1"
tree_path_corridor_046_002;посажено;tree;Вяз гибридный Резиста;NEW_TREE;-73.8;186.049;64.305;504.666;Линейная посадка (живая изгородь/ряд вдоль полосы);07_nizhnie_polya;"Линейная посадка (живая изгородь/ряд вдоль полосы) — по аналогии с проектом «07_nizhnie_polya»; ближайшее ограничение — пешеходная дорожка / тротуар: 1.4 м при норме 0.7 м (СП 42.13330.2016, п. 9.6, табл. 9.1; ППМ 743-ПП, табл. 3.6.1)";"ассортимент для озеленения Москвы, категория «магистрали и улицы»; без инвазивных видов ППМ 369-ПП";пешеходная дорожка / тротуар;1.35;0.7;"СП 42.13330.2016, п. 9.6, табл. 9.1; ППМ 743-ПП, табл. 3.6.1"
bush_path_corridor_046_001;посажено;bush;Спирея Бумальда;NEW_BUSH;-55.95;186.116;82.155;504.733;Линейная посадка (живая изгородь/ряд вдоль полосы);07_nizhnie_polya;"Линейная посадка (живая изгородь/ряд вдоль полосы) — по аналогии с проектом «07_nizhnie_polya»; ближайшее ограничение — пешеходная дорожка / тротуар: 1.2 м при норме 0.5 м (СП 42.13330.2016, п. 9.6, табл. 9.1; ППМ 743-ПП, табл. 3.6.1)";"ассортимент для озеленения Москвы, категория «магистрали и улицы»; без инвазивных видов ППМ 369-ПП";пешеходная дорожка / тротуар;1.22;0.5;"СП 42.13330.2016, п. 9.6, табл. 9.1; ППМ 743-ПП, табл. 3.6.1"
bush_path_corridor_046_002;посажено;bush;Спирея Бумальда;NEW_BUSH;-57.35;186.11;80.755;504.728;Линейная посадка (живая изгородь/ряд вдоль полосы);07_nizhnie_polya;"Линейная посадка (живая изгородь/ряд вдоль полосы) — по аналогии с проектом «07_nizhnie_polya»; ближайшее ограничение — пешеходная дорожка / тротуар: 1.2 м при норме 0.5 м (СП 42.13330.2016, п. 9.6, табл. 9.1; ППМ 743-ПП, табл. 3.6.1)";"ассортимент для озеленения Москвы, категория «магистрали и улицы»; без инвазивных видов ППМ 369-ПП";пешеходная дорожка / тротуар;1.23;0.5;"СП 42.13330.2016, п. 9.6, табл. 9.1; ППМ 743-ПП, табл. 3.6.1"
bush_path_corridor_046_003;посажено;bush;Спирея Бумальда;NEW_BUSH;-58.75;186.105;79.355;504.723;Линейная посадка (живая изгородь/ряд вдоль полосы);07_nizhnie_polya;"Линейная посадка (живая изгородь/ряд вдоль полосы) — по аналогии с проектом «07_nizhnie_polya»; ближайшее ограничение — пешеходная дорожка / тротуар: 1.2 м при норме 0.5 м (СП 42.13330.2016, п. 9.6, табл. 9.1; ППМ 743-ПП, табл. 3.6.1)";"ассортимент для озеленения Москвы, категория «магистрали и улицы»; без инвазивных видов ППМ 369-ПП";пешеходная дорожка / тротуар;1.23;0.5;"СП 42.13330.2016, п. 9.6, табл. 9.1; ППМ 743-ПП, табл. 3.6.1"
bush_path_corridor_046_004;посажено;bush;Спирея Бумальда;NEW_BUSH;-60.15;186.1;77.955;504.717;Линейная посадка (живая изгородь/ряд вдоль полосы);07_nizhnie_polya;"Линейная посадка (живая изгородь/ряд вдоль полосы) — по аналогии с проектом «07_nizhnie_polya»; ближайшее ограничение — пешеходная дорожка / тротуар: 1.2 м при норме 0.5 м (СП 42.13330.2016, п. 9.6, табл. 9.1; ППМ 743-ПП, табл. 3.6.1)";"ассортимент для озеленения Москвы, категория «магистрали и улицы»; без инвазивных видов ППМ 369-ПП";пешеходная дорожка / тротуар;1.24;0.5;"СП 42.13330.2016, п. 9.6, табл. 9.1; ППМ 743-ПП, табл. 3.6.1"
bush_path_corridor_046_005;посажено;bush;Спирея Бумальда;NEW_BUSH;-62.95;186.089;75.155;504.707;Линейная посадка (живая изгородь/ряд вдоль полосы);07_nizhnie_polya;"Линейная посадка (живая изгородь/ряд вдоль полосы) — по аналогии с проектом «07_nizhnie_polya»; ближайшее ограничение — пешеходная дорожка / тротуар: 1.3 м при норме 0.5 м (СП 42.13330.2016, п. 9.6, табл. 9.1; ППМ 743-ПП, табл. 3.6.1)";"ассортимент для озеленения Москвы, категория «магистрали и улицы»; без инвазивных видов ППМ 369-ПП";пешеходная дорожка / тротуар;1.26;0.5;"СП 42.13330.2016, п. 9.6, табл. 9.1; ППМ 743-ПП, табл. 3.6.1"
bush_path_corridor_046_006;посажено;bush;Спирея Бумальда;NEW_BUSH;-65.75;186.079;72.355;504.696;Линейная посадка (живая изгородь/ряд вдоль полосы);07_nizhnie_polya;"Линейная посадка (живая изгородь/ряд вдоль полосы) — по аналогии с проектом «07_nizhnie_polya»; ближайшее ограничение — пешеходная дорожка / тротуар: 1.3 м при норме 0.5 м (СП 42.13330.2016, п. 9.6, табл. 9.1; ППМ 743-ПП, табл. 3.6.1)";"ассортимент для озеленения Москвы, категория «магистрали и улицы»; без инвазивных видов ППМ 369-ПП";пешеходная дорожка / тротуар;1.28;0.5;"СП 42.13330.2016, п. 9.6, табл. 9.1; ППМ 743-ПП, табл. 3.6.1"
bush_path_corridor_046_007;посажено;bush;Спирея Бумальда;NEW_BUSH;-67.15;186.074;70.955;504.691;Линейная посадка (живая изгородь/ряд вдоль полосы);07_nizhnie_polya;"Линейная посадка (живая изгородь/ряд вдоль полосы) — по аналогии с проектом «07_nizhnie_polya»; ближайшее ограничение — пешеходная дорожка / тротуар: 1.3 м при норме 0.5 м (СП 42.13330.2016, п. 9.6, табл. 9.1; ППМ 743-ПП, табл. 3.6.1)";"ассортимент для озеленения Москвы, категория «магистрали и улицы»; без инвазивных видов ППМ 369-ПП";пешеходная дорожка / тротуар;1.29;0.5;"СП 42.13330.2016, п. 9.6, табл. 9.1; ППМ 743-ПП, табл. 3.6.1"
bush_path_corridor_046_008;посажено;bush;Спирея Бумальда;NEW_BUSH;-68.55;186.068;69.555;504.686;Линейная посадка (живая изгородь/ряд вдоль полосы);07_nizhnie_polya;"Линейная посадка (живая изгородь/ряд вдоль полосы) — по аналогии с проектом «07_nizhnie_polya»; ближайшее ограничение — пешеходная дорожка / тротуар: 1.3 м при норме 0.5 м (СП 42.13330.2016, п. 9.6, табл. 9.1; ППМ 743-ПП, табл. 3.6.1)";"ассортимент для озеленения Москвы, категория «магистрали и улицы»; без инвазивных видов ППМ 369-ПП";пешеходная дорожка / тротуар;1.31;0.5;"СП 42.13330.2016, п. 9.6, табл. 9.1; ППМ 743-ПП, табл. 3.6.1"
bush_path_corridor_046_009;посажено;bush;Спирея Бумальда;NEW_BUSH;-69.95;186.063;68.155;504.68;Линейная посадка (живая изгородь/ряд вдоль полосы);07_nizhnie_polya;"Линейная посадка (живая изгородь/ряд вдоль полосы) — по аналогии с проектом «07_nizhnie_polya»; ближайшее ограничение — пешеходная дорожка / тротуар: 1.3 м при норме 0.5 м (СП 42.13330.2016, п. 9.6, табл. 9.1; ППМ 743-ПП, табл. 3.6.1)";"ассортимент для озеленения Москвы, категория «магистрали и улицы»; без инвазивных видов ППМ 369-ПП";пешеходная дорожка / тротуар;1.32;0.5;"СП 42.13330.2016, п. 9.6, табл. 9.1; ППМ 743-ПП, табл. 3.6.1"
bush_path_corridor_046_010;посажено;bush;Спирея Бумальда;NEW_BUSH;-71.35;186.058;66.755;504.675;Линейная посадка (живая изгородь/ряд вдоль полосы);07_nizhnie_polya;"Линейная посадка (живая изгородь/ряд вдоль полосы) — по аналогии с проектом «07_nizhnie_polya»; ближайшее ограничение — пешеходная дорожка / тротуар: 1.3 м при норме 0.5 м (СП 42.13330.2016, п. 9.6, табл. 9.1; ППМ 743-ПП, табл. 3.6.1)";"ассортимент для озеленения Москвы, категория «магистрали и улицы»; без инвазивных видов ППМ 369-ПП";пешеходная дорожка / тротуар;1.33;0.5;"СП 42.13330.2016, п. 9.6, табл. 9.1; ППМ 743-ПП, табл. 3.6.1"
bush_path_corridor_046_011;посажено;bush;Спирея Бумальда;NEW_BUSH;-72.75;186.053;65.355;504.67;Линейная посадка (живая изгородь/ряд вдоль полосы);07_nizhnie_polya;"Линейная посадка (живая изгородь/ряд вдоль полосы) — по аналогии с проектом «07_nizhnie_polya»; ближайшее ограничение — пешеходная дорожка / тротуар: 1.3 м при норме 0.5 м (СП 42.13330.2016, п. 9.6, табл. 9.1; ППМ 743-ПП, табл. 3.6.1)";"ассортимент для озеленения Москвы, категория «магистрали и улицы»; без инвазивных видов ППМ 369-ПП";пешеходная дорожка / тротуар;1.34;0.5;"СП 42.13330.2016, п. 9.6, табл. 9.1; ППМ 743-ПП, табл. 3.6.1"
bush_path_corridor_046_012;посажено;bush;Спирея Бумальда;NEW_BUSH;-75.55;186.042;62.555;504.659;Линейная посадка (живая изгородь/ряд вдоль полосы);07_nizhnie_polya;"Линейная посадка (живая изгородь/ряд вдоль полосы) — по аналогии с проектом «07_nizhnie_polya»; ближайшее ограничение — пешеходная дорожка / тротуар: 1.4 м при норме 0.5 м (СП 42.13330.2016, п. 9.6, табл. 9.1; ППМ 743-ПП, табл. 3.6.1)";"ассортимент для озеленения Москвы, категория «магистрали и улицы»; без инвазивных видов ППМ 369-ПП";пешеходная дорожка / тротуар;1.36;0.5;"СП 42.13330.2016, п. 9.6, табл. 9.1; ППМ 743-ПП, табл. 3.6.1"
bush_path_corridor_046_013;посажено;bush;Спирея Бумальда;NEW_BUSH;-76.95;186.037;61.155;504.654;Линейная посадка (живая изгородь/ряд вдоль полосы);07_nizhnie_polya;"Линейная посадка (живая изгородь/ряд вдоль полосы) — по аналогии с проектом «07_nizhnie_polya»; ближайшее ограничение — пешеходная дорожка / тротуар: 1.4 м при норме 0.5 м (СП 42.13330.2016, п. 9.6, табл. 9.1; ППМ 743-ПП, табл. 3.6.1)";"ассортимент для озеленения Москвы, категория «магистрали и улицы»; без инвазивных видов ППМ 369-ПП";пешеходная дорожка / тротуар;1.37;0.5;"СП 42.13330.2016, п. 9.6, табл. 9.1; ППМ 743-ПП, табл. 3.6.1"
bush_path_corridor_046_014;посажено;bush;Спирея Бумальда;NEW_BUSH;-79.75;186.026;58.355;504.644;Линейная посадка (живая изгородь/ряд вдоль полосы);07_nizhnie_polya;"Линейная посадка (живая изгородь/ряд вдоль полосы) — по аналогии с проектом «07_nizhnie_polya»; ближайшее ограничение — пешеходная дорожка / тротуар: 1.4 м при норме 0.5 м (СП 42.13330.2016, п. 9.6, табл. 9.1; ППМ 743-ПП, табл. 3.6.1)";"ассортимент для озеленения Москвы, категория «магистрали и улицы»; без инвазивных видов ППМ 369-ПП";пешеходная дорожка / тротуар;1.4;0.5;"СП 42.13330.2016, п. 9.6, табл. 9.1; ППМ 743-ПП, табл. 3.6.1"
bush_path_corridor_046_015;посажено;bush;Спирея Бумальда;NEW_BUSH;-81.15;186.021;56.955;504.638;Линейная посадка (живая изгородь/ряд вдоль полосы);07_nizhnie_polya;"Линейная посадка (живая изгородь/ряд вдоль полосы) — по аналогии с проектом «07_nizhnie_polya»; ближайшее ограничение — пешеходная дорожка / тротуар: 1.3 м при норме 0.5 м (СП 42.13330.2016, п. 9.6, табл. 9.1; ППМ 743-ПП, табл. 3.6.1)";"ассортимент для озеленения Москвы, категория «магистрали и улицы»; без инвазивных видов ППМ 369-ПП";пешеходная дорожка / тротуар;1.33;0.5;"СП 42.13330.2016, п. 9.6, табл. 9.1; ППМ 743-ПП, табл. 3.6.1"
bush_path_corridor_046_016;посажено;bush;Спирея Бумальда;NEW_BUSH;-82.55;186.016;55.555;504.633;Линейная посадка (живая изгородь/ряд вдоль полосы);07_nizhnie_polya;"Линейная посадка (живая изгородь/ряд вдоль полосы) — по аналогии с проектом «07_nizhnie_polya»; ближайшее ограничение — пешеходная дорожка / тротуар: 1.3 м при норме 0.5 м (СП 42.13330.2016, п. 9.6, табл. 9.1; ППМ 743-ПП, табл. 3.6.1)";"ассортимент для озеленения Москвы, категория «магистрали и улицы»; без инвазивных видов ППМ 369-ПП";пешеходная дорожка / тротуар;1.34;0.5;"СП 42.13330.2016, п. 9.6, табл. 9.1; ППМ 743-ПП, табл. 3.6.1"
bush_path_corridor_049_001;посажено;bush;Спирея Бумальда;NEW_BUSH;-18.918;261.15;119.187;579.767;Линейная посадка (живая изгородь/ряд вдоль полосы);07_nizhnie_polya;"Линейная посадка (живая изгородь/ряд вдоль полосы) — по аналогии с проектом «07_nizhnie_polya»; ближайшее ограничение — пешеходная дорожка / тротуар: 1.3 м при норме 0.5 м (СП 42.13330.2016, п. 9.6, табл. 9.1; ППМ 743-ПП, табл. 3.6.1)";"ассортимент для озеленения Москвы, категория «магистрали и улицы»; без инвазивных видов ППМ 369-ПП";пешеходная дорожка / тротуар;1.27;0.5;"СП 42.13330.2016, п. 9.6, табл. 9.1; ППМ 743-ПП, табл. 3.6.1"
bush_path_corridor_051_001;посажено;bush;Спирея Бумальда;NEW_BUSH;7.922;-167.456;146.027;151.161;Линейная посадка (живая изгородь/ряд вдоль полосы);07_nizhnie_polya;"Линейная посадка (живая изгородь/ряд вдоль полосы) — по аналогии с проектом «07_nizhnie_polya»; ближайшее ограничение — пешеходная дорожка / тротуар: 1.4 м при норме 0.5 м (СП 42.13330.2016, п. 9.6, табл. 9.1; ППМ 743-ПП, табл. 3.6.1)";"ассортимент для озеленения Москвы, категория «магистрали и улицы»; без инвазивных видов ППМ 369-ПП";пешеходная дорожка / тротуар;1.39;0.5;"СП 42.13330.2016, п. 9.6, табл. 9.1; ППМ 743-ПП, табл. 3.6.1"
bush_path_corridor_051_002;посажено;bush;Спирея Бумальда;NEW_BUSH;7.924;-163.256;146.029;155.361;Линейная посадка (живая изгородь/ряд вдоль полосы);07_nizhnie_polya;"Линейная посадка (живая изгородь/ряд вдоль полосы) — по аналогии с проектом «07_nizhnie_polya»; ближайшее ограничение — пешеходная дорожка / тротуар: 1.4 м при норме 0.5 м (СП 42.13330.2016, п. 9.6, табл. 9.1; ППМ 743-ПП, табл. 3.6.1)";"ассортимент для озеленения Москвы, категория «магистрали и улицы»; без инвазивных видов ППМ 369-ПП";пешеходная дорожка / тротуар;1.39;0.5;"СП 42.13330.2016, п. 9.6, табл. 9.1; ППМ 743-ПП, табл. 3.6.1"
bush_path_corridor_051_003;посажено;bush;Спирея Бумальда;NEW_BUSH;7.925;-161.856;146.03;156.761;Линейная посадка (живая изгородь/ряд вдоль полосы);07_nizhnie_polya;"Линейная посадка (живая изгородь/ряд вдоль полосы) — по аналогии с проектом «07_nizhnie_polya»; ближайшее ограничение — пешеходная дорожка / тротуар: 1.4 м при норме 0.5 м (СП 42.13330.2016, п. 9.6, табл. 9.1; ППМ 743-ПП, табл. 3.6.1)";"ассортимент для озеленения Москвы, категория «магистрали и улицы»; без инвазивных видов ППМ 369-ПП";пешеходная дорожка / тротуар;1.39;0.5;"СП 42.13330.2016, п. 9.6, табл. 9.1; ППМ 743-ПП, табл. 3.6.1"
bush_path_corridor_051_004;посажено;bush;Спирея Бумальда;NEW_BUSH;7.925;-160.456;146.03;158.161;Линейная посадка (живая изгородь/ряд вдоль полосы);07_nizhnie_polya;"Линейная посадка (живая изгородь/ряд вдоль полосы) — по аналогии с проектом «07_nizhnie_polya»; ближайшее ограничение — пешеходная дорожка / тротуар: 1.4 м при норме 0.5 м (СП 42.13330.2016, п. 9.6, табл. 9.1; ППМ 743-ПП, табл. 3.6.1)";"ассортимент для озеленения Москвы, категория «магистрали и улицы»; без инвазивных видов ППМ 369-ПП";пешеходная дорожка / тротуар;1.39;0.5;"СП 42.13330.2016, п. 9.6, табл. 9.1; ППМ 743-ПП, табл. 3.6.1"
tree_path_corridor_052_001;посажено;tree;Вяз гибридный Резиста;NEW_TREE;2.741;-183.466;140.846;135.152;Линейная посадка (живая изгородь/ряд вдоль полосы);07_nizhnie_polya;"Линейная посадка (живая изгородь/ряд вдоль полосы) — по аналогии с проектом «07_nizhnie_polya»; ближайшее ограничение — теплосеть: 2.9 м при норме 2.0 м (СП 42.13330.2016, п. 9.6, табл. 9.1; ППМ 743-ПП, табл. 3.6.1)";"ассортимент для озеленения Москвы, категория «магистрали и улицы»; без инвазивных видов ППМ 369-ПП";теплосеть;2.9;2.0;"СП 42.13330.2016, п. 9.6, табл. 9.1; ППМ 743-ПП, табл. 3.6.1"
bush_path_corridor_052_001;посажено;bush;Спирея Бумальда;NEW_BUSH;0.862;-182.528;138.967;136.089;Линейная посадка (живая изгородь/ряд вдоль полосы);07_nizhnie_polya;"Линейная посадка (живая изгородь/ряд вдоль полосы) — по аналогии с проектом «07_nizhnie_polya»; ближайшее ограничение — пешеходная дорожка / тротуар: 1.9 м при норме 0.5 м (СП 42.13330.2016, п. 9.6, табл. 9.1; ППМ 743-ПП, табл. 3.6.1)";"ассортимент для озеленения Москвы, категория «магистрали и улицы»; без инвазивных видов ППМ 369-ПП";пешеходная дорожка / тротуар;1.87;0.5;"СП 42.13330.2016, п. 9.6, табл. 9.1; ППМ 743-ПП, табл. 3.6.1"
tree_path_corridor_053_001;посажено;tree;Вяз гибридный Резиста;NEW_TREE;7.825;-185.506;145.93;133.111;Линейная посадка (живая изгородь/ряд вдоль полосы);07_nizhnie_polya;"Линейная посадка (живая изгородь/ряд вдоль полосы) — по аналогии с проектом «07_nizhnie_polya»; ближайшее ограничение — теплосеть: 2.5 м при норме 2.0 м (СП 42.13330.2016, п. 9.6, табл. 9.1; ППМ 743-ПП, табл. 3.6.1)";"ассортимент для озеленения Москвы, категория «магистрали и улицы»; без инвазивных видов ППМ 369-ПП";теплосеть;2.46;2.0;"СП 42.13330.2016, п. 9.6, табл. 9.1; ППМ 743-ПП, табл. 3.6.1"
tree_path_corridor_056_001;посажено;tree;Вяз гибридный Резиста;NEW_TREE;-19.787;-42.819;118.318;275.799;Линейная посадка (живая изгородь/ряд вдоль полосы);07_nizhnie_polya;"Линейная посадка (живая изгородь/ряд вдоль полосы) — по аналогии с проектом «07_nizhnie_polya»; ближайшее ограничение — кабель связи: 4.0 м при норме 2.0 м (СП 42.13330.2016, п. 9.6, табл. 9.1; ППМ 743-ПП, табл. 3.6.1)";"ассортимент для озеленения Москвы, категория «магистрали и улицы»; без инвазивных видов ППМ 369-ПП";кабель связи;3.96;2.0;"СП 42.13330.2016, п. 9.6, табл. 9.1; ППМ 743-ПП, табл. 3.6.1"
bush_path_corridor_056_001;посажено;bush;Спирея Бумальда;NEW_BUSH;-19.787;-41.419;118.318;277.199;Линейная посадка (живая изгородь/ряд вдоль полосы);07_nizhnie_polya;"Линейная посадка (живая изгородь/ряд вдоль полосы) — по аналогии с проектом «07_nizhnie_polya»; ближайшее ограничение — пешеходная дорожка / тротуар: 3.3 м при норме 0.5 м (СП 42.13330.2016, п. 9.6, табл. 9.1; ППМ 743-ПП, табл. 3.6.1)";"ассортимент для озеленения Москвы, категория «магистрали и улицы»; без инвазивных видов ППМ 369-ПП";пешеходная дорожка / тротуар;3.28;0.5;"СП 42.13330.2016, п. 9.6, табл. 9.1; ППМ 743-ПП, табл. 3.6.1"
bush_path_corridor_056_002;посажено;bush;Спирея Бумальда;NEW_BUSH;-19.787;-44.219;118.318;274.399;Линейная посадка (живая изгородь/ряд вдоль полосы);07_nizhnie_polya;"Линейная посадка (живая изгородь/ряд вдоль полосы) — по аналогии с проектом «07_nizhnie_polya»; ближайшее ограничение — кабель связи: 2.9 м при норме 0.7 м (СП 42.13330.2016, п. 9.6, табл. 9.1; ППМ 743-ПП, табл. 3.6.1)";"ассортимент для озеленения Москвы, категория «магистрали и улицы»; без инвазивных видов ППМ 369-ПП";кабель связи;2.9;0.7;"СП 42.13330.2016, п. 9.6, табл. 9.1; ППМ 743-ПП, табл. 3.6.1"
bush_path_corridor_057_001;посажено;bush;Спирея Бумальда;NEW_BUSH;-16.541;-38.744;121.564;279.873;Линейная посадка (живая изгородь/ряд вдоль полосы);07_nizhnie_polya;"Линейная посадка (живая изгородь/ряд вдоль полосы) — по аналогии с проектом «07_nizhnie_polya»; ближайшее ограничение — воздушная ЛЭП: 2.4 м при норме 2.0 м (охранная зона по чертежу (отступ зоны))";"ассортимент для озеленения Москвы, категория «магистрали и улицы»; без инвазивных видов ППМ 369-ПП";воздушная ЛЭП;2.37;2.0;охранная зона по чертежу (отступ зоны)
bush_path_corridor_057_002;посажено;bush;Спирея Бумальда;NEW_BUSH;-17.941;-38.744;120.164;279.873;Линейная посадка (живая изгородь/ряд вдоль полосы);07_nizhnie_polya;"Линейная посадка (живая изгородь/ряд вдоль полосы) — по аналогии с проектом «07_nizhnie_polya»; ближайшее ограничение — воздушная ЛЭП: 2.8 м при норме 2.0 м (охранная зона по чертежу (отступ зоны))";"ассортимент для озеленения Москвы, категория «магистрали и улицы»; без инвазивных видов ППМ 369-ПП";воздушная ЛЭП;2.83;2.0;охранная зона по чертежу (отступ зоны)
bush_path_corridor_057_003;посажено;bush;Спирея Бумальда;NEW_BUSH;-21.559;-38.744;116.546;279.873;Линейная посадка (живая изгородь/ряд вдоль полосы);07_nizhnie_polya;"Линейная посадка (живая изгородь/ряд вдоль полосы) — по аналогии с проектом «07_nizhnie_polya»; ближайшее ограничение — пешеходная дорожка / тротуар: 1.5 м при норме 0.5 м (СП 42.13330.2016, п. 9.6, табл. 9.1; ППМ 743-ПП, табл. 3.6.1)";"ассортимент для озеленения Москвы, категория «магистрали и улицы»; без инвазивных видов ППМ 369-ПП";пешеходная дорожка / тротуар;1.5;0.5;"СП 42.13330.2016, п. 9.6, табл. 9.1; ППМ 743-ПП, табл. 3.6.1"
tree_path_corridor_062_001;посажено;tree;Вяз гибридный Резиста;NEW_TREE;61.378;191.328;199.483;509.946;Линейная посадка (живая изгородь/ряд вдоль полосы);07_nizhnie_polya;"Линейная посадка (живая изгородь/ряд вдоль полосы) — по аналогии с проектом «07_nizhnie_polya»; ближайшее ограничение — пешеходная дорожка / тротуар: 1.5 м при норме 0.7 м (СП 42.13330.2016, п. 9.6, табл. 9.1; ППМ 743-ПП, табл. 3.6.1)";"ассортимент для озеленения Москвы, категория «магистрали и улицы»; без инвазивных видов ППМ 369-ПП";пешеходная дорожка / тротуар;1.46;0.7;"СП 42.13330.2016, п. 9.6, табл. 9.1; ППМ 743-ПП, табл. 3.6.1"
bush_path_corridor_062_001;посажено;bush;Спирея Бумальда;NEW_BUSH;60.673;189.35;198.778;507.968;Линейная посадка (живая изгородь/ряд вдоль полосы);07_nizhnie_polya;"Линейная посадка (живая изгородь/ряд вдоль полосы) — по аналогии с проектом «07_nizhnie_polya»; ближайшее ограничение — пешеходная дорожка / тротуар: 1.4 м при норме 0.5 м (СП 42.13330.2016, п. 9.6, табл. 9.1; ППМ 743-ПП, табл. 3.6.1)";"ассортимент для озеленения Москвы, категория «магистрали и улицы»; без инвазивных видов ППМ 369-ПП";пешеходная дорожка / тротуар;1.45;0.5;"СП 42.13330.2016, п. 9.6, табл. 9.1; ППМ 743-ПП, табл. 3.6.1"
tree_site_edge_001_001;посажено;tree;Вяз гибридный Резиста;NEW_TREE;-27.442;-291.18;110.663;27.438;Линейная посадка (живая изгородь/ряд вдоль полосы);24_boulevard_primer;"Линейная посадка (живая изгородь/ряд вдоль полосы) — по аналогии с проектом «24_boulevard_primer»; нормируемых ограничений ближе 5 м сверх нормы нет";"ассортимент для озеленения Москвы, категория «магистрали и улицы»; без инвазивных видов ППМ 369-ПП";tree tree_path_corridor_026_001;3.44;3.0;правило планировщика (не норма): зазор между объектами
bush_site_edge_001_001;посажено;bush;Спирея Бумальда;NEW_BUSH;-25.342;-291.211;112.763;27.407;Линейная посадка (живая изгородь/ряд вдоль полосы);24_boulevard_primer;"Линейная посадка (живая изгородь/ряд вдоль полосы) — по аналогии с проектом «24_boulevard_primer»; ближайшее ограничение — пешеходная дорожка / тротуар: 4.8 м при норме 0.5 м (СП 42.13330.2016, п. 9.6, табл. 9.1; ППМ 743-ПП, табл. 3.6.1)";"ассортимент для озеленения Москвы, категория «магистрали и улицы»; без инвазивных видов ППМ 369-ПП";пешеходная дорожка / тротуар;4.79;0.5;"СП 42.13330.2016, п. 9.6, табл. 9.1; ППМ 743-ПП, табл. 3.6.1"
bush_site_edge_001_002;посажено;bush;Спирея Бумальда;NEW_BUSH;-29.542;-291.149;108.563;27.469;Линейная посадка (живая изгородь/ряд вдоль полосы);24_boulevard_primer;"Линейная посадка (живая изгородь/ряд вдоль полосы) — по аналогии с проектом «24_boulevard_primer»; нормируемых ограничений ближе 5 м сверх нормы нет";"ассортимент для озеленения Москвы, категория «магистрали и улицы»; без инвазивных видов ППМ 369-ПП";;;;
tree_site_edge_002_001;посажено;tree;Вяз гибридный Резиста;NEW_TREE;-22.232;-259.568;115.873;59.05;Линейная посадка (живая изгородь/ряд вдоль полосы);24_boulevard_primer;"Линейная посадка (живая изгородь/ряд вдоль полосы) — по аналогии с проектом «24_boulevard_primer»; ближайшее ограничение — кабель связи: 4.6 м при норме 2.0 м (СП 42.13330.2016, п. 9.6, табл. 9.1; ППМ 743-ПП, табл. 3.6.1)";"ассортимент для озеленения Москвы, категория «магистрали и улицы»; без инвазивных видов ППМ 369-ПП";кабель связи;4.56;2.0;"СП 42.13330.2016, п. 9.6, табл. 9.1; ППМ 743-ПП, табл. 3.6.1"
bush_site_edge_002_001;посажено;bush;Спирея Бумальда;NEW_BUSH;-22.244;-258.168;115.861;60.45;Линейная посадка (живая изгородь/ряд вдоль полосы);24_boulevard_primer;"Линейная посадка (живая изгородь/ряд вдоль полосы) — по аналогии с проектом «24_boulevard_primer»; нормируемых ограничений ближе 5 м сверх нормы нет";"ассортимент для озеленения Москвы, категория «магистрали и улицы»; без инвазивных видов ППМ 369-ПП";;;;
bush_site_edge_002_002;посажено;bush;Спирея Бумальда;NEW_BUSH;-22.22;-260.968;115.885;57.65;Линейная посадка (живая изгородь/ряд вдоль полосы);24_boulevard_primer;"Линейная посадка (живая изгородь/ряд вдоль полосы) — по аналогии с проектом «24_boulevard_primer»; ближайшее ограничение — кабель связи: 3.2 м при норме 0.7 м (СП 42.13330.2016, п. 9.6, табл. 9.1; ППМ 743-ПП, табл. 3.6.1)";"ассортимент для озеленения Москвы, категория «магистрали и улицы»; без инвазивных видов ППМ 369-ПП";кабель связи;3.21;0.7;"СП 42.13330.2016, п. 9.6, табл. 9.1; ППМ 743-ПП, табл. 3.6.1"
tree_site_edge_003_001;посажено;tree;Вяз гибридный Резиста;NEW_TREE;-22.261;-269.065;115.844;49.552;Линейная посадка (живая изгородь/ряд вдоль полосы);24_boulevard_primer;"Линейная посадка (живая изгородь/ряд вдоль полосы) — по аналогии с проектом «24_boulevard_primer»; ближайшее ограничение — кабель связи: 3.6 м при норме 2.0 м (СП 42.13330.2016, п. 9.6, табл. 9.1; ППМ 743-ПП, табл. 3.6.1)";"ассортимент для озеленения Москвы, категория «магистрали и улицы»; без инвазивных видов ППМ 369-ПП";кабель связи;3.61;2.0;"СП 42.13330.2016, п. 9.6, табл. 9.1; ППМ 743-ПП, табл. 3.6.1"
tree_site_edge_004_001;посажено;tree;Вяз гибридный Резиста;NEW_TREE;-30.446;-179.771;107.659;138.846;Линейная посадка (живая изгородь/ряд вдоль полосы);24_boulevard_primer;"Линейная посадка (живая изгородь/ряд вдоль полосы) — по аналогии с проектом «24_boulevard_primer»; ближайшее ограничение — теплосеть: 7.0 м при норме 2.0 м (СП 42.13330.2016, п. 9.6, табл. 9.1; ППМ 743-ПП, табл. 3.6.1)";"ассортимент для озеленения Москвы, категория «магистрали и улицы»; без инвазивных видов ППМ 369-ПП";теплосеть;6.97;2.0;"СП 42.13330.2016, п. 9.6, табл. 9.1; ППМ 743-ПП, табл. 3.6.1"
bush_site_edge_004_001;посажено;bush;Спирея Бумальда;NEW_BUSH;-30.467;-169.971;107.638;148.646;Линейная посадка (живая изгородь/ряд вдоль полосы);24_boulevard_primer;"Линейная посадка (живая изгородь/ряд вдоль полосы) — по аналогии с проектом «24_boulevard_primer»; ближайшее ограничение — воздушная ЛЭП: 3.1 м при норме 2.0 м (охранная зона по чертежу (отступ зоны))";"ассортимент для озеленения Москвы, категория «магистрали и улицы»; без инвазивных видов ППМ 369-ПП";воздушная ЛЭП;3.1;2.0;охранная зона по чертежу (отступ зоны)
bush_site_edge_004_002;посажено;bush;Спирея Бумальда;NEW_BUSH;-30.464;-171.371;107.641;147.246;Линейная посадка (живая изгородь/ряд вдоль полосы);24_boulevard_primer;"Линейная посадка (живая изгородь/ряд вдоль полосы) — по аналогии с проектом «24_boulevard_primer»; ближайшее ограничение — воздушная ЛЭП: 4.5 м при норме 2.0 м (охранная зона по чертежу (отступ зоны))";"ассортимент для озеленения Москвы, категория «магистрали и улицы»; без инвазивных видов ППМ 369-ПП";воздушная ЛЭП;4.49;2.0;охранная зона по чертежу (отступ зоны)
bush_site_edge_004_003;посажено;bush;Спирея Бумальда;NEW_BUSH;-30.461;-172.771;107.644;145.846;Линейная посадка (живая изгородь/ряд вдоль полосы);24_boulevard_primer;"Линейная посадка (живая изгородь/ряд вдоль полосы) — по аналогии с проектом «24_boulevard_primer»; ближайшее ограничение — воздушная ЛЭП: 5.9 м при норме 2.0 м (охранная зона по чертежу (отступ зоны))";"ассортимент для озеленения Москвы, категория «магистрали и улицы»; без инвазивных видов ППМ 369-ПП";воздушная ЛЭП;5.89;2.0;охранная зона по чертежу (отступ зоны)
bush_site_edge_004_004;посажено;bush;Спирея Бумальда;NEW_BUSH;-30.458;-174.171;107.647;144.446;Линейная посадка (живая изгородь/ряд вдоль полосы);24_boulevard_primer;"Линейная посадка (живая изгородь/ряд вдоль полосы) — по аналогии с проектом «24_boulevard_primer»; нормируемых ограничений ближе 5 м сверх нормы нет";"ассортимент для озеленения Москвы, категория «магистрали и улицы»; без инвазивных видов ППМ 369-ПП";;;;
bush_site_edge_004_005;посажено;bush;Спирея Бумальда;NEW_BUSH;-30.449;-178.371;107.656;140.246;Линейная посадка (живая изгородь/ряд вдоль полосы);24_boulevard_primer;"Линейная посадка (живая изгородь/ряд вдоль полосы) — по аналогии с проектом «24_boulevard_primer»; нормируемых ограничений ближе 5 м сверх нормы нет";"ассортимент для озеленения Москвы, категория «магистрали и улицы»; без инвазивных видов ППМ 369-ПП";;;;
bush_site_edge_004_006;посажено;bush;Спирея Бумальда;NEW_BUSH;-30.443;-181.171;107.662;137.446;Линейная посадка (живая изгородь/ряд вдоль полосы);24_boulevard_primer;"Линейная посадка (живая изгородь/ряд вдоль полосы) — по аналогии с проектом «24_boulevard_primer»; нормируемых ограничений ближе 5 м сверх нормы нет";"ассортимент для озеленения Москвы, категория «магистрали и улицы»; без инвазивных видов ППМ 369-ПП";;;;
bush_site_edge_004_007;посажено;bush;Спирея Бумальда;NEW_BUSH;-30.44;-182.571;107.665;136.046;Линейная посадка (живая изгородь/ряд вдоль полосы);24_boulevard_primer;"Линейная посадка (живая изгородь/ряд вдоль полосы) — по аналогии с проектом «24_boulevard_primer»; ближайшее ограничение — теплосеть: 5.7 м при норме 1.0 м (СП 42.13330.2016, п. 9.6, табл. 9.1; ППМ 743-ПП, табл. 3.6.1)";"ассортимент для озеленения Москвы, категория «магистрали и улицы»; без инвазивных видов ППМ 369-ПП";теплосеть;5.69;1.0;"СП 42.13330.2016, п. 9.6, табл. 9.1; ППМ 743-ПП, табл. 3.6.1"
bush_site_edge_004_008;посажено;bush;Спирея Бумальда;NEW_BUSH;-30.437;-183.971;107.668;134.646;Линейная посадка (живая изгородь/ряд вдоль полосы);24_boulevard_primer;"Линейная посадка (живая изгородь/ряд вдоль полосы) — по аналогии с проектом «24_boulevard_primer»; ближайшее ограничение — теплосеть: 5.0 м при норме 1.0 м (СП 42.13330.2016, п. 9.6, табл. 9.1; ППМ 743-ПП, табл. 3.6.1)";"ассортимент для озеленения Москвы, категория «магистрали и улицы»; без инвазивных видов ППМ 369-ПП";теплосеть;5.05;1.0;"СП 42.13330.2016, п. 9.6, табл. 9.1; ППМ 743-ПП, табл. 3.6.1"
bush_site_edge_004_009;посажено;bush;Спирея Бумальда;NEW_BUSH;-30.434;-185.371;107.671;133.246;Линейная посадка (живая изгородь/ряд вдоль полосы);24_boulevard_primer;"Линейная посадка (живая изгородь/ряд вдоль полосы) — по аналогии с проектом «24_boulevard_primer»; ближайшее ограничение — теплосеть: 4.4 м при норме 1.0 м (СП 42.13330.2016, п. 9.6, табл. 9.1; ППМ 743-ПП, табл. 3.6.1)";"ассортимент для озеленения Москвы, категория «магистрали и улицы»; без инвазивных видов ППМ 369-ПП";теплосеть;4.41;1.0;"СП 42.13330.2016, п. 9.6, табл. 9.1; ППМ 743-ПП, табл. 3.6.1"
bush_site_edge_004_010;посажено;bush;Спирея Бумальда;NEW_BUSH;-30.431;-186.771;107.674;131.846;Линейная посадка (живая изгородь/ряд вдоль полосы);24_boulevard_primer;"Линейная посадка (живая изгородь/ряд вдоль полосы) — по аналогии с проектом «24_boulevard_primer»; ближайшее ограничение — теплосеть: 3.8 м при норме 1.0 м (СП 42.13330.2016, п. 9.6, табл. 9.1; ППМ 743-ПП, табл. 3.6.1)";"ассортимент для озеленения Москвы, категория «магистрали и улицы»; без инвазивных видов ППМ 369-ПП";теплосеть;3.78;1.0;"СП 42.13330.2016, п. 9.6, табл. 9.1; ППМ 743-ПП, табл. 3.6.1"
bush_site_edge_004_011;посажено;bush;Спирея Бумальда;NEW_BUSH;-30.428;-188.171;107.677;130.446;Линейная посадка (живая изгородь/ряд вдоль полосы);24_boulevard_primer;"Линейная посадка (живая изгородь/ряд вдоль полосы) — по аналогии с проектом «24_boulevard_primer»; ближайшее ограничение — теплосеть: 3.1 м при норме 1.0 м (СП 42.13330.2016, п. 9.6, табл. 9.1; ППМ 743-ПП, табл. 3.6.1)";"ассортимент для озеленения Москвы, категория «магистрали и улицы»; без инвазивных видов ППМ 369-ПП";теплосеть;3.14;1.0;"СП 42.13330.2016, п. 9.6, табл. 9.1; ППМ 743-ПП, табл. 3.6.1"
tree_site_edge_005_001;посажено;tree;Вяз гибридный Резиста;NEW_TREE;-30.557;-150.451;107.548;168.166;Линейная посадка (живая изгородь/ряд вдоль полосы);24_boulevard_primer;"Линейная посадка (живая изгородь/ряд вдоль полосы) — по аналогии с проектом «24_boulevard_primer»; ближайшее ограничение — канализация: 3.2 м при норме 1.5 м (СП 42.13330.2016, п. 9.6, табл. 9.1; ППМ 743-ПП, табл. 3.6.1)";"ассортимент для озеленения Москвы, категория «магистрали и улицы»; без инвазивных видов ППМ 369-ПП";канализация;3.24;1.5;"СП 42.13330.2016, п. 9.6, табл. 9.1; ППМ 743-ПП, табл. 3.6.1"
bush_site_edge_005_001;посажено;bush;Спирея Бумальда;NEW_BUSH;-30.552;-151.851;107.553;166.767;Линейная посадка (живая изгородь/ряд вдоль полосы);24_boulevard_primer;"Линейная посадка (живая изгородь/ряд вдоль полосы) — по аналогии с проектом «24_boulevard_primer»; ближайшее ограничение — канализация: 2.1 м при норме 0.0 м (СП 42.13330.2016, п. 9.6, табл. 9.1; ППМ 743-ПП, табл. 3.6.1)";"ассортимент для озеленения Москвы, категория «магистрали и улицы»; без инвазивных видов ППМ 369-ПП";канализация;2.12;0.0;"СП 42.13330.2016, п. 9.6, табл. 9.1; ППМ 743-ПП, табл. 3.6.1"
bush_site_edge_005_002;посажено;bush;Спирея Бумальда;NEW_BUSH;-30.561;-149.051;107.544;169.566;Линейная посадка (живая изгородь/ряд вдоль полосы);24_boulevard_primer;"Линейная посадка (живая изгородь/ряд вдоль полосы) — по аналогии с проектом «24_boulevard_primer»; ближайшее ограничение — кабель связи: 2.8 м при норме 0.7 м (СП 42.13330.2016, п. 9.6, табл. 9.1; ППМ 743-ПП, табл. 3.6.1)";"ассортимент для озеленения Москвы, категория «магистрали и улицы»; без инвазивных видов ППМ 369-ПП";кабель связи;2.77;0.7;"СП 42.13330.2016, п. 9.6, табл. 9.1; ППМ 743-ПП, табл. 3.6.1"
tree_site_edge_006_001;посажено;tree;Вяз гибридный Резиста;NEW_TREE;-30.379;-94.88;107.726;223.738;Линейная посадка (живая изгородь/ряд вдоль полосы);24_boulevard_primer;"Линейная посадка (живая изгородь/ряд вдоль полосы) — по аналогии с проектом «24_boulevard_primer»; нормируемых ограничений ближе 5 м сверх нормы нет";"ассортимент для озеленения Москвы, категория «магистрали и улицы»; без инвазивных видов ППМ 369-ПП";tree tree_155;3.06;3.0;правило планировщика (не норма): зазор между объектами
tree_site_edge_006_002;посажено;tree;Вяз гибридный Резиста;NEW_TREE;-30.931;-82.993;107.174;235.625;Линейная посадка (живая изгородь/ряд вдоль полосы);24_boulevard_primer;"Линейная посадка (живая изгородь/ряд вдоль полосы) — по аналогии с проектом «24_boulevard_primer»; нормируемых ограничений ближе 5 м сверх нормы нет";"ассортимент для озеленения Москвы, категория «магистрали и улицы»; без инвазивных видов ППМ 369-ПП";tree tree_open_area_011_001;3.24;3.0;правило планировщика (не норма): зазор между объектами
tree_site_edge_006_003;посажено;tree;Вяз гибридный Резиста;NEW_TREE;-31.483;-71.105;106.622;247.512;Линейная посадка (живая изгородь/ряд вдоль полосы);24_boulevard_primer;"Линейная посадка (живая изгородь/ряд вдоль полосы) — по аналогии с проектом «24_boulevard_primer»; нормируемых ограничений ближе 5 м сверх нормы нет";"ассортимент для озеленения Москвы, категория «магистрали и улицы»; без инвазивных видов ППМ 369-ПП";tree tree_path_corridor_005_002;6.96;3.0;правило планировщика (не норма): зазор между объектами
bush_site_edge_006_001;посажено;bush;Спирея Бумальда;NEW_BUSH;-30.022;-102.572;108.083;216.046;Линейная посадка (живая изгородь/ряд вдоль полосы);24_boulevard_primer;"Линейная посадка (живая изгородь/ряд вдоль полосы) — по аналогии с проектом «24_boulevard_primer»; нормируемых ограничений ближе 5 м сверх нормы нет";"ассортимент для озеленения Москвы, категория «магистрали и улицы»; без инвазивных видов ППМ 369-ПП";;;;
bush_site_edge_006_002;посажено;bush;Спирея Бумальда;NEW_BUSH;-30.086;-101.173;108.018;217.444;Линейная посадка (живая изгородь/ряд вдоль полосы);24_boulevard_primer;"Линейная посадка (живая изгородь/ряд вдоль полосы) — по аналогии с проектом «24_boulevard_primer»; нормируемых ограничений ближе 5 м сверх нормы нет";"ассортимент для озеленения Москвы, категория «магистрали и улицы»; без инвазивных видов ППМ 369-ПП";;;;
bush_site_edge_006_003;посажено;bush;Спирея Бумальда;NEW_BUSH;-30.151;-99.775;107.954;218.843;Линейная посадка (живая изгородь/ряд вдоль полосы);24_boulevard_primer;"Линейная посадка (живая изгородь/ряд вдоль полосы) — по аналогии с проектом «24_boulevard_primer»; нормируемых ограничений ближе 5 м сверх нормы нет";"ассортимент для озеленения Москвы, категория «магистрали и улицы»; без инвазивных видов ППМ 369-ПП";;;;
bush_site_edge_006_004;посажено;bush;Спирея Бумальда;NEW_BUSH;-30.216;-98.376;107.889;220.241;Линейная посадка (живая изгородь/ряд вдоль полосы);24_boulevard_primer;"Линейная посадка (живая изгородь/ряд вдоль полосы) — по аналогии с проектом «24_boulevard_primer»; нормируемых ограничений ближе 5 м сверх нормы нет";"ассортимент для озеленения Москвы, категория «магистрали и улицы»; без инвазивных видов ППМ 369-ПП";;;;
bush_site_edge_006_005;посажено;bush;Спирея Бумальда;NEW_BUSH;-30.281;-96.978;107.824;221.64;Линейная посадка (живая изгородь/ряд вдоль полосы);24_boulevard_primer;"Линейная посадка (живая изгородь/ряд вдоль полосы) — по аналогии с проектом «24_boulevard_primer»; нормируемых ограничений ближе 5 м сверх нормы нет";"ассортимент для озеленения Москвы, категория «магистрали и улицы»; без инвазивных видов ППМ 369-ПП";;;;
bush_site_edge_006_006;посажено;bush;Спирея Бумальда;NEW_BUSH;-30.476;-92.782;107.629;225.835;Линейная посадка (живая изгородь/ряд вдоль полосы);24_boulevard_primer;"Линейная посадка (живая изгородь/ряд вдоль полосы) — по аналогии с проектом «24_boulevard_primer»; нормируемых ограничений ближе 5 м сверх нормы нет";"ассортимент для озеленения Москвы, категория «магистрали и улицы»; без инвазивных видов ППМ 369-ПП";;;;
bush_site_edge_006_007;посажено;bush;Спирея Бумальда;NEW_BUSH;-30.671;-88.587;107.434;230.031;Линейная посадка (живая изгородь/ряд вдоль полосы);24_boulevard_primer;"Линейная посадка (живая изгородь/ряд вдоль полосы) — по аналогии с проектом «24_boulevard_primer»; нормируемых ограничений ближе 5 м сверх нормы нет";"ассортимент для озеленения Москвы, категория «магистрали и улицы»; без инвазивных видов ППМ 369-ПП";;;;
bush_site_edge_006_008;посажено;bush;Спирея Бумальда;NEW_BUSH;-30.736;-87.188;107.369;231.429;Линейная посадка (живая изгородь/ряд вдоль полосы);24_boulevard_primer;"Линейная посадка (живая изгородь/ряд вдоль полосы) — по аналогии с проектом «24_boulevard_primer»; нормируемых ограничений ближе 5 м сверх нормы нет";"ассортимент для озеленения Москвы, категория «магистрали и улицы»; без инвазивных видов ППМ 369-ПП";;;;
bush_site_edge_006_009;посажено;bush;Спирея Бумальда;NEW_BUSH;-30.801;-85.79;107.304;232.828;Линейная посадка (живая изгородь/ряд вдоль полосы);24_boulevard_primer;"Линейная посадка (живая изгородь/ряд вдоль полосы) — по аналогии с проектом «24_boulevard_primer»; нормируемых ограничений ближе 5 м сверх нормы нет";"ассортимент для озеленения Москвы, категория «магистрали и улицы»; без инвазивных видов ППМ 369-ПП";;;;
bush_site_edge_006_010;посажено;bush;Спирея Бумальда;NEW_BUSH;-30.866;-84.391;107.239;234.226;Линейная посадка (живая изгородь/ряд вдоль полосы);24_boulevard_primer;"Линейная посадка (живая изгородь/ряд вдоль полосы) — по аналогии с проектом «24_boulevard_primer»; нормируемых ограничений ближе 5 м сверх нормы нет";"ассортимент для озеленения Москвы, категория «магистрали и улицы»; без инвазивных видов ППМ 369-ПП";;;;
bush_site_edge_006_011;посажено;bush;Спирея Бумальда;NEW_BUSH;-30.996;-81.594;107.109;237.023;Линейная посадка (живая изгородь/ряд вдоль полосы);24_boulevard_primer;"Линейная посадка (живая изгородь/ряд вдоль полосы) — по аналогии с проектом «24_boulevard_primer»; нормируемых ограничений ближе 5 м сверх нормы нет";"ассортимент для озеленения Москвы, категория «магистрали и улицы»; без инвазивных видов ППМ 369-ПП";;;;
bush_site_edge_006_012;посажено;bush;Спирея Бумальда;NEW_BUSH;-31.061;-80.196;107.044;238.422;Линейная посадка (живая изгородь/ряд вдоль полосы);24_boulevard_primer;"Линейная посадка (живая изгородь/ряд вдоль полосы) — по аналогии с проектом «24_boulevard_primer»; нормируемых ограничений ближе 5 м сверх нормы нет";"ассортимент для озеленения Москвы, категория «магистрали и улицы»; без инвазивных видов ППМ 369-ПП";;;;
bush_site_edge_006_013;посажено;bush;Спирея Бумальда;NEW_BUSH;-31.125;-78.797;106.979;239.82;Линейная посадка (живая изгородь/ряд вдоль полосы);24_boulevard_primer;"Линейная посадка (живая изгородь/ряд вдоль полосы) — по аналогии с проектом «24_boulevard_primer»; нормируемых ограничений ближе 5 м сверх нормы нет";"ассортимент для озеленения Москвы, категория «магистрали и улицы»; без инвазивных видов ППМ 369-ПП";;;;
bush_site_edge_006_014;посажено;bush;Спирея Бумальда;NEW_BUSH;-31.255;-76.0;106.85;242.617;Линейная посадка (живая изгородь/ряд вдоль полосы);24_boulevard_primer;"Линейная посадка (живая изгородь/ряд вдоль полосы) — по аналогии с проектом «24_boulevard_primer»; нормируемых ограничений ближе 5 м сверх нормы нет";"ассортимент для озеленения Москвы, категория «магистрали и улицы»; без инвазивных видов ППМ 369-ПП";;;;
bush_site_edge_006_015;посажено;bush;Спирея Бумальда;NEW_BUSH;-31.32;-74.602;106.785;244.016;Линейная посадка (живая изгородь/ряд вдоль полосы);24_boulevard_primer;"Линейная посадка (живая изгородь/ряд вдоль полосы) — по аналогии с проектом «24_boulevard_primer»; нормируемых ограничений ближе 5 м сверх нормы нет";"ассортимент для озеленения Москвы, категория «магистрали и улицы»; без инвазивных видов ППМ 369-ПП";;;;
bush_site_edge_006_016;посажено;bush;Спирея Бумальда;NEW_BUSH;-31.385;-73.203;106.72;245.414;Линейная посадка (живая изгородь/ряд вдоль полосы);24_boulevard_primer;"Линейная посадка (живая изгородь/ряд вдоль полосы) — по аналогии с проектом «24_boulevard_primer»; нормируемых ограничений ближе 5 м сверх нормы нет";"ассортимент для озеленения Москвы, категория «магистрали и улицы»; без инвазивных видов ППМ 369-ПП";;;;
bush_site_edge_006_017;посажено;bush;Спирея Бумальда;NEW_BUSH;-31.58;-69.008;106.525;249.61;Линейная посадка (живая изгородь/ряд вдоль полосы);24_boulevard_primer;"Линейная посадка (живая изгородь/ряд вдоль полосы) — по аналогии с проектом «24_boulevard_primer»; нормируемых ограничений ближе 5 м сверх нормы нет";"ассортимент для озеленения Москвы, категория «магистрали и улицы»; без инвазивных видов ППМ 369-ПП";;;;
bush_site_edge_006_018;посажено;bush;Спирея Бумальда;NEW_BUSH;-31.645;-67.609;106.46;251.008;Линейная посадка (живая изгородь/ряд вдоль полосы);24_boulevard_primer;"Линейная посадка (живая изгородь/ряд вдоль полосы) — по аналогии с проектом «24_boulevard_primer»; нормируемых ограничений ближе 5 м сверх нормы нет";"ассортимент для озеленения Москвы, категория «магистрали и улицы»; без инвазивных видов ППМ 369-ПП";;;;
bush_site_edge_006_019;посажено;bush;Спирея Бумальда;NEW_BUSH;-31.71;-66.211;106.395;252.407;Линейная посадка (живая изгородь/ряд вдоль полосы);24_boulevard_primer;"Линейная посадка (живая изгородь/ряд вдоль полосы) — по аналогии с проектом «24_boulevard_primer»; нормируемых ограничений ближе 5 м сверх нормы нет";"ассортимент для озеленения Москвы, категория «магистрали и улицы»; без инвазивных видов ППМ 369-ПП";;;;
bush_site_edge_006_020;посажено;bush;Спирея Бумальда;NEW_BUSH;-31.905;-62.015;106.2;256.602;Линейная посадка (живая изгородь/ряд вдоль полосы);24_boulevard_primer;"Линейная посадка (живая изгородь/ряд вдоль полосы) — по аналогии с проектом «24_boulevard_primer»; нормируемых ограничений ближе 5 м сверх нормы нет";"ассортимент для озеленения Москвы, категория «магистрали и улицы»; без инвазивных видов ППМ 369-ПП";;;;
bush_site_edge_006_021;посажено;bush;Спирея Бумальда;NEW_BUSH;-31.97;-60.617;106.135;258.001;Линейная посадка (живая изгородь/ряд вдоль полосы);24_boulevard_primer;"Линейная посадка (живая изгородь/ряд вдоль полосы) — по аналогии с проектом «24_boulevard_primer»; нормируемых ограничений ближе 5 м сверх нормы нет";"ассортимент для озеленения Москвы, категория «магистрали и улицы»; без инвазивных видов ППМ 369-ПП";;;;
tree_site_edge_007_001;посажено;tree;Вяз гибридный Резиста;NEW_TREE;-48.239;-4.033;89.866;314.585;Линейная посадка (живая изгородь/ряд вдоль полосы);24_boulevard_primer;"Линейная посадка (живая изгородь/ряд вдоль полосы) — по аналогии с проектом «24_boulevard_primer»; нормируемых ограничений ближе 5 м сверх нормы нет";"ассортимент для озеленения Москвы, категория «магистрали и улицы»; без инвазивных видов ППМ 369-ПП";tree tree_108;5.23;3.0;правило планировщика (не норма): зазор между объектами
tree_site_edge_008_001;посажено;tree;Вяз гибридный Резиста;NEW_TREE;-71.913;211.581;66.192;530.199;Линейная посадка (живая изгородь/ряд вдоль полосы);24_boulevard_primer;"Линейная посадка (живая изгородь/ряд вдоль полосы) — по аналогии с проектом «24_boulevard_primer»; ближайшее ограничение — теплосеть: 3.1 м при норме 2.0 м (СП 42.13330.2016, п. 9.6, табл. 9.1; ППМ 743-ПП, табл. 3.6.1)";"ассортимент для озеленения Москвы, категория «магистрали и улицы»; без инвазивных видов ППМ 369-ПП";теплосеть;3.06;2.0;"СП 42.13330.2016, п. 9.6, табл. 9.1; ППМ 743-ПП, табл. 3.6.1"
bush_site_edge_008_001;посажено;bush;Спирея Бумальда;NEW_BUSH;-61.767;211.858;76.338;530.476;Линейная посадка (живая изгородь/ряд вдоль полосы);24_boulevard_primer;"Линейная посадка (живая изгородь/ряд вдоль полосы) — по аналогии с проектом «24_boulevard_primer»; ближайшее ограничение — воздушная ЛЭП: 3.8 м при норме 2.0 м (охранная зона по чертежу (отступ зоны))";"ассортимент для озеленения Москвы, категория «магистрали и улицы»; без инвазивных видов ППМ 369-ПП";воздушная ЛЭП;3.78;2.0;охранная зона по чертежу (отступ зоны)
bush_site_edge_008_002;посажено;bush;Спирея Бумальда;NEW_BUSH;-63.166;211.82;74.939;530.438;Линейная посадка (живая изгородь/ряд вдоль полосы);24_boulevard_primer;"Линейная посадка (живая изгородь/ряд вдоль полосы) — по аналогии с проектом «24_boulevard_primer»; ближайшее ограничение — теплосеть: 3.4 м при норме 1.0 м (СП 42.13330.2016, п. 9.6, табл. 9.1; ППМ 743-ПП, табл. 3.6.1)";"ассортимент для озеленения Москвы, категория «магистрали и улицы»; без инвазивных видов ППМ 369-ПП";теплосеть;3.36;1.0;"СП 42.13330.2016, п. 9.6, табл. 9.1; ППМ 743-ПП, табл. 3.6.1"
bush_site_edge_008_003;посажено;bush;Спирея Бумальда;NEW_BUSH;-64.566;211.782;73.539;530.399;Линейная посадка (живая изгородь/ряд вдоль полосы);24_boulevard_primer;"Линейная посадка (живая изгородь/ряд вдоль полосы) — по аналогии с проектом «24_boulevard_primer»; ближайшее ограничение — теплосеть: 3.3 м при норме 1.0 м (СП 42.13330.2016, п. 9.6, табл. 9.1; ППМ 743-ПП, табл. 3.6.1)";"ассортимент для озеленения Москвы, категория «магистрали и улицы»; без инвазивных видов ППМ 369-ПП";теплосеть;3.31;1.0;"СП 42.13330.2016, п. 9.6, табл. 9.1; ППМ 743-ПП, табл. 3.6.1"
bush_site_edge_008_004;посажено;bush;Спирея Бумальда;NEW_BUSH;-65.965;211.744;72.14;530.361;Линейная посадка (живая изгородь/ряд вдоль полосы);24_boulevard_primer;"Линейная посадка (живая изгородь/ряд вдоль полосы) — по аналогии с проектом «24_boulevard_primer»; ближайшее ограничение — теплосеть: 3.3 м при норме 1.0 м (СП 42.13330.2016, п. 9.6, табл. 9.1; ППМ 743-ПП, табл. 3.6.1)";"ассортимент для озеленения Москвы, категория «магистрали и улицы»; без инвазивных видов ППМ 369-ПП";теплосеть;3.26;1.0;"СП 42.13330.2016, п. 9.6, табл. 9.1; ППМ 743-ПП, табл. 3.6.1"
bush_site_edge_008_005;посажено;bush;Спирея Бумальда;NEW_BUSH;-68.764;211.667;69.341;530.285;Линейная посадка (живая изгородь/ряд вдоль полосы);24_boulevard_primer;"Линейная посадка (живая изгородь/ряд вдоль полосы) — по аналогии с проектом «24_boulevard_primer»; ближайшее ограничение — теплосеть: 3.2 м при норме 1.0 м (СП 42.13330.2016, п. 9.6, табл. 9.1; ППМ 743-ПП, табл. 3.6.1)";"ассортимент для озеленения Москвы, категория «магистрали и улицы»; без инвазивных видов ППМ 369-ПП";теплосеть;3.17;1.0;"СП 42.13330.2016, п. 9.6, табл. 9.1; ППМ 743-ПП, табл. 3.6.1"
bush_site_edge_008_006;посажено;bush;Спирея Бумальда;NEW_BUSH;-70.163;211.629;67.942;530.246;Линейная посадка (живая изгородь/ряд вдоль полосы);24_boulevard_primer;"Линейная посадка (живая изгородь/ряд вдоль полосы) — по аналогии с проектом «24_boulevard_primer»; ближайшее ограничение — теплосеть: 3.1 м при норме 1.0 м (СП 42.13330.2016, п. 9.6, табл. 9.1; ППМ 743-ПП, табл. 3.6.1)";"ассортимент для озеленения Москвы, категория «магистрали и улицы»; без инвазивных видов ППМ 369-ПП";теплосеть;3.12;1.0;"СП 42.13330.2016, п. 9.6, табл. 9.1; ППМ 743-ПП, табл. 3.6.1"
bush_site_edge_008_007;посажено;bush;Спирея Бумальда;NEW_BUSH;-72.962;211.553;65.143;530.17;Линейная посадка (живая изгородь/ряд вдоль полосы);24_boulevard_primer;"Линейная посадка (живая изгородь/ряд вдоль полосы) — по аналогии с проектом «24_boulevard_primer»; ближайшее ограничение — теплосеть: 3.0 м при норме 1.0 м (СП 42.13330.2016, п. 9.6, табл. 9.1; ППМ 743-ПП, табл. 3.6.1)";"ассортимент для озеленения Москвы, категория «магистрали и улицы»; без инвазивных видов ППМ 369-ПП";теплосеть;3.03;1.0;"СП 42.13330.2016, п. 9.6, табл. 9.1; ППМ 743-ПП, табл. 3.6.1"
bush_site_edge_008_008;посажено;bush;Спирея Бумальда;NEW_BUSH;-74.362;211.514;63.743;530.132;Линейная посадка (живая изгородь/ряд вдоль полосы);24_boulevard_primer;"Линейная посадка (живая изгородь/ряд вдоль полосы) — по аналогии с проектом «24_boulevard_primer»; ближайшее ограничение — теплосеть: 3.0 м при норме 1.0 м (СП 42.13330.2016, п. 9.6, табл. 9.1; ППМ 743-ПП, табл. 3.6.1)";"ассортимент для озеленения Москвы, категория «магистрали и улицы»; без инвазивных видов ППМ 369-ПП";теплосеть;2.98;1.0;"СП 42.13330.2016, п. 9.6, табл. 9.1; ППМ 743-ПП, табл. 3.6.1"
bush_site_edge_008_009;посажено;bush;Спирея Бумальда;NEW_BUSH;-75.761;211.476;62.344;530.094;Линейная посадка (живая изгородь/ряд вдоль полосы);24_boulevard_primer;"Линейная посадка (живая изгородь/ряд вдоль полосы) — по аналогии с проектом «24_boulevard_primer»; ближайшее ограничение — теплосеть: 2.9 м при норме 1.0 м (СП 42.13330.2016, п. 9.6, табл. 9.1; ППМ 743-ПП, табл. 3.6.1)";"ассортимент для озеленения Москвы, категория «магистрали и улицы»; без инвазивных видов ППМ 369-ПП";теплосеть;2.93;1.0;"СП 42.13330.2016, п. 9.6, табл. 9.1; ППМ 743-ПП, табл. 3.6.1"
bush_site_edge_008_010;посажено;bush;Спирея Бумальда;NEW_BUSH;-77.161;211.438;60.944;530.055;Линейная посадка (живая изгородь/ряд вдоль полосы);24_boulevard_primer;"Линейная посадка (живая изгородь/ряд вдоль полосы) — по аналогии с проектом «24_boulevard_primer»; ближайшее ограничение — теплосеть: 2.9 м при норме 1.0 м (СП 42.13330.2016, п. 9.6, табл. 9.1; ППМ 743-ПП, табл. 3.6.1)";"ассортимент для озеленения Москвы, категория «магистрали и улицы»; без инвазивных видов ППМ 369-ПП";теплосеть;2.89;1.0;"СП 42.13330.2016, п. 9.6, табл. 9.1; ППМ 743-ПП, табл. 3.6.1"
bush_site_edge_008_011;посажено;bush;Спирея Бумальда;NEW_BUSH;-78.56;211.4;59.545;530.017;Линейная посадка (живая изгородь/ряд вдоль полосы);24_boulevard_primer;"Линейная посадка (живая изгородь/ряд вдоль полосы) — по аналогии с проектом «24_boulevard_primer»; ближайшее ограничение — теплосеть: 2.8 м при норме 1.0 м (СП 42.13330.2016, п. 9.6, табл. 9.1; ППМ 743-ПП, табл. 3.6.1)";"ассортимент для озеленения Москвы, категория «магистрали и улицы»; без инвазивных видов ППМ 369-ПП";теплосеть;2.84;1.0;"СП 42.13330.2016, п. 9.6, табл. 9.1; ППМ 743-ПП, табл. 3.6.1"
bush_site_edge_008_012;посажено;bush;Спирея Бумальда;NEW_BUSH;-79.96;211.362;58.145;529.979;Линейная посадка (живая изгородь/ряд вдоль полосы);24_boulevard_primer;"Линейная посадка (живая изгородь/ряд вдоль полосы) — по аналогии с проектом «24_boulevard_primer»; ближайшее ограничение — теплосеть: 2.8 м при норме 1.0 м (СП 42.13330.2016, п. 9.6, табл. 9.1; ППМ 743-ПП, табл. 3.6.1)";"ассортимент для озеленения Москвы, категория «магистрали и улицы»; без инвазивных видов ППМ 369-ПП";теплосеть;2.79;1.0;"СП 42.13330.2016, п. 9.6, табл. 9.1; ППМ 743-ПП, табл. 3.6.1"
tree_site_edge_009_001;посажено;tree;Вяз гибридный Резиста;NEW_TREE;-34.473;212.836;103.632;531.453;Линейная посадка (живая изгородь/ряд вдоль полосы);24_boulevard_primer;"Линейная посадка (живая изгородь/ряд вдоль полосы) — по аналогии с проектом «24_boulevard_primer»; ближайшее ограничение — канализация: 2.9 м при норме 1.5 м (СП 42.13330.2016, п. 9.6, табл. 9.1; ППМ 743-ПП, табл. 3.6.1)";"ассортимент для озеленения Москвы, категория «магистрали и улицы»; без инвазивных видов ППМ 369-ПП";канализация;2.86;1.5;"СП 42.13330.2016, п. 9.6, табл. 9.1; ППМ 743-ПП, табл. 3.6.1"
tree_site_edge_010_001;посажено;tree;Вяз гибридный Резиста;NEW_TREE;-32.863;278.682;105.242;597.299;Линейная посадка (живая изгородь/ряд вдоль полосы);24_boulevard_primer;"Линейная посадка (живая изгородь/ряд вдоль полосы) — по аналогии с проектом «24_boulevard_primer»; ближайшее ограничение — водопровод: 5.2 м при норме 2.0 м (СП 42.13330.2016, п. 9.6, табл. 9.1; ППМ 743-ПП, табл. 3.6.1)";"ассортимент для озеленения Москвы, категория «магистрали и улицы»; без инвазивных видов ППМ 369-ПП";водопровод;5.16;2.0;"СП 42.13330.2016, п. 9.6, табл. 9.1; ППМ 743-ПП, табл. 3.6.1"
bush_site_edge_010_001;посажено;bush;Спирея Бумальда;NEW_BUSH;-32.853;276.582;105.252;595.199;Линейная посадка (живая изгородь/ряд вдоль полосы);24_boulevard_primer;"Линейная посадка (живая изгородь/ряд вдоль полосы) — по аналогии с проектом «24_boulevard_primer»; ближайшее ограничение — водопровод: 3.1 м при норме 0.0 м (СП 42.13330.2016, п. 9.6, табл. 9.1; ППМ 743-ПП, табл. 3.6.1)";"ассортимент для озеленения Москвы, категория «магистрали и улицы»; без инвазивных видов ППМ 369-ПП";водопровод;3.12;0.0;"СП 42.13330.2016, п. 9.6, табл. 9.1; ППМ 743-ПП, табл. 3.6.1"
bush_site_edge_010_002;посажено;bush;Спирея Бумальда;NEW_BUSH;-32.874;280.782;105.231;599.399;Линейная посадка (живая изгородь/ряд вдоль полосы);24_boulevard_primer;"Линейная посадка (живая изгородь/ряд вдоль полосы) — по аналогии с проектом «24_boulevard_primer»; нормируемых ограничений ближе 5 м сверх нормы нет";"ассортимент для озеленения Москвы, категория «магистрали и улицы»; без инвазивных видов ППМ 369-ПП";;;;
tree_site_edge_011_001;посажено;tree;Вяз гибридный Резиста;NEW_TREE;7.125;283.651;145.23;602.268;Линейная посадка (живая изгородь/ряд вдоль полосы);24_boulevard_primer;"Линейная посадка (живая изгородь/ряд вдоль полосы) — по аналогии с проектом «24_boulevard_primer»; нормируемых ограничений ближе 5 м сверх нормы нет";"ассортимент для озеленения Москвы, категория «магистрали и улицы»; без инвазивных видов ППМ 369-ПП";tree tree_building_border_017_002;4.82;3.0;правило планировщика (не норма): зазор между объектами
bush_site_edge_011_001;посажено;bush;Спирея Бумальда;NEW_BUSH;1.525;283.617;139.63;602.234;Линейная посадка (живая изгородь/ряд вдоль полосы);24_boulevard_primer;"Линейная посадка (живая изгородь/ряд вдоль полосы) — по аналогии с проектом «24_boulevard_primer»; ближайшее ограничение — пешеходная дорожка / тротуар: 4.6 м при норме 0.5 м (СП 42.13330.2016, п. 9.6, табл. 9.1; ППМ 743-ПП, табл. 3.6.1)";"ассортимент для озеленения Москвы, категория «магистрали и улицы»; без инвазивных видов ППМ 369-ПП";пешеходная дорожка / тротуар;4.59;0.5;"СП 42.13330.2016, п. 9.6, табл. 9.1; ППМ 743-ПП, табл. 3.6.1"
bush_site_edge_011_002;посажено;bush;Спирея Бумальда;NEW_BUSH;2.925;283.625;141.03;602.243;Линейная посадка (живая изгородь/ряд вдоль полосы);24_boulevard_primer;"Линейная посадка (живая изгородь/ряд вдоль полосы) — по аналогии с проектом «24_boulevard_primer»; нормируемых ограничений ближе 5 м сверх нормы нет";"ассортимент для озеленения Москвы, категория «магистрали и улицы»; без инвазивных видов ППМ 369-ПП";;;;
bush_site_edge_011_003;посажено;bush;Спирея Бумальда;NEW_BUSH;8.525;283.659;146.63;602.276;Линейная посадка (живая изгородь/ряд вдоль полосы);24_boulevard_primer;"Линейная посадка (живая изгородь/ряд вдоль полосы) — по аналогии с проектом «24_boulevard_primer»; нормируемых ограничений ближе 5 м сверх нормы нет";"ассортимент для озеленения Москвы, категория «магистрали и улицы»; без инвазивных видов ППМ 369-ПП";;;;
bush_site_edge_011_004;посажено;bush;Спирея Бумальда;NEW_BUSH;9.925;283.667;148.03;602.285;Линейная посадка (живая изгородь/ряд вдоль полосы);24_boulevard_primer;"Линейная посадка (живая изгородь/ряд вдоль полосы) — по аналогии с проектом «24_boulevard_primer»; нормируемых ограничений ближе 5 м сверх нормы нет";"ассортимент для озеленения Москвы, категория «магистрали и улицы»; без инвазивных видов ППМ 369-ПП";;;;
bush_site_edge_011_005;посажено;bush;Спирея Бумальда;NEW_BUSH;11.325;283.676;149.43;602.293;Линейная посадка (живая изгородь/ряд вдоль полосы);24_boulevard_primer;"Линейная посадка (живая изгородь/ряд вдоль полосы) — по аналогии с проектом «24_boulevard_primer»; нормируемых ограничений ближе 5 м сверх нормы нет";"ассортимент для озеленения Москвы, категория «магистрали и улицы»; без инвазивных видов ППМ 369-ПП";;;;
bush_site_edge_012_001;посажено;bush;Спирея Бумальда;NEW_BUSH;74.705;196.424;212.81;515.041;Линейная посадка (живая изгородь/ряд вдоль полосы);24_boulevard_primer;"Линейная посадка (живая изгородь/ряд вдоль полосы) — по аналогии с проектом «24_boulevard_primer»; ближайшее ограничение — канализация: 2.2 м при норме 0.0 м (СП 42.13330.2016, п. 9.6, табл. 9.1; ППМ 743-ПП, табл. 3.6.1)";"ассортимент для озеленения Москвы, категория «магистрали и улицы»; без инвазивных видов ППМ 369-ПП";канализация;2.24;0.0;"СП 42.13330.2016, п. 9.6, табл. 9.1; ППМ 743-ПП, табл. 3.6.1"
tree_site_edge_012_001;посажено;tree;Вяз гибридный Резиста;NEW_TREE;74.929;193.506;213.034;512.123;Линейная посадка (живая изгородь/ряд вдоль полосы);24_boulevard_primer;"Линейная посадка (живая изгородь/ряд вдоль полосы) — по аналогии с проектом «24_boulevard_primer»; ближайшее ограничение — канализация: 1.8 м при норме 1.5 м (СП 42.13330.2016, п. 9.6, табл. 9.1; ППМ 743-ПП, табл. 3.6.1)";"ассортимент для озеленения Москвы, категория «магистрали и улицы»; без инвазивных видов ППМ 369-ПП";канализация;1.76;1.5;"СП 42.13330.2016, п. 9.6, табл. 9.1; ППМ 743-ПП, табл. 3.6.1"
tree_site_edge_013_001;посажено;tree;Вяз гибридный Резиста;NEW_TREE;73.559;177.931;211.664;496.548;Линейная посадка (живая изгородь/ряд вдоль полосы);24_boulevard_primer;"Линейная посадка (живая изгородь/ряд вдоль полосы) — по аналогии с проектом «24_boulevard_primer»; ближайшее ограничение — канализация: 5.7 м при норме 1.5 м (СП 42.13330.2016, п. 9.6, табл. 9.1; ППМ 743-ПП, табл. 3.6.1)";"ассортимент для озеленения Москвы, категория «магистрали и улицы»; без инвазивных видов ППМ 369-ПП";канализация;5.7;1.5;"СП 42.13330.2016, п. 9.6, табл. 9.1; ППМ 743-ПП, табл. 3.6.1"
bush_site_edge_013_001;посажено;bush;Спирея Бумальда;NEW_BUSH;73.575;173.031;211.68;491.648;Линейная посадка (живая изгородь/ряд вдоль полосы);24_boulevard_primer;"Линейная посадка (живая изгородь/ряд вдоль полосы) — по аналогии с проектом «24_boulevard_primer»; нормируемых ограничений ближе 5 м сверх нормы нет";"ассортимент для озеленения Москвы, категория «магистрали и улицы»; без инвазивных видов ППМ 369-ПП";;;;
bush_site_edge_013_002;посажено;bush;Спирея Бумальда;NEW_BUSH;73.57;174.431;211.675;493.048;Линейная посадка (живая изгородь/ряд вдоль полосы);24_boulevard_primer;"Линейная посадка (живая изгородь/ряд вдоль полосы) — по аналогии с проектом «24_boulevard_primer»; нормируемых ограничений ближе 5 м сверх нормы нет";"ассортимент для озеленения Москвы, категория «магистрали и улицы»; без инвазивных видов ППМ 369-ПП";;;;
bush_site_edge_013_003;посажено;bush;Спирея Бумальда;NEW_BUSH;73.566;175.831;211.671;494.448;Линейная посадка (живая изгородь/ряд вдоль полосы);24_boulevard_primer;"Линейная посадка (живая изгородь/ряд вдоль полосы) — по аналогии с проектом «24_boulevard_primer»; нормируемых ограничений ближе 5 м сверх нормы нет";"ассортимент для озеленения Москвы, категория «магистрали и улицы»; без инвазивных видов ППМ 369-ПП";;;;
bush_site_edge_013_004;посажено;bush;Спирея Бумальда;NEW_BUSH;73.552;180.031;211.657;498.648;Линейная посадка (живая изгородь/ряд вдоль полосы);24_boulevard_primer;"Линейная посадка (живая изгородь/ряд вдоль полосы) — по аналогии с проектом «24_boulevard_primer»; ближайшее ограничение — теплосеть: 5.7 м при норме 1.0 м (СП 42.13330.2016, п. 9.6, табл. 9.1; ППМ 743-ПП, табл. 3.6.1)";"ассортимент для озеленения Москвы, категория «магистрали и улицы»; без инвазивных видов ППМ 369-ПП";теплосеть;5.74;1.0;"СП 42.13330.2016, п. 9.6, табл. 9.1; ППМ 743-ПП, табл. 3.6.1"
tree_site_edge_014_001;посажено;tree;Вяз гибридный Резиста;NEW_TREE;53.816;173.314;191.921;491.932;Линейная посадка (живая изгородь/ряд вдоль полосы);24_boulevard_primer;"Линейная посадка (живая изгородь/ряд вдоль полосы) — по аналогии с проектом «24_boulevard_primer»; ближайшее ограничение — силовой кабель: 5.7 м при норме 2.0 м (СП 42.13330.2016, п. 9.6, табл. 9.1; ППМ 743-ПП, табл. 3.6.1)";"ассортимент для озеленения Москвы, категория «магистрали и улицы»; без инвазивных видов ППМ 369-ПП";силовой кабель;5.7;2.0;"СП 42.13330.2016, п. 9.6, табл. 9.1; ППМ 743-ПП, табл. 3.6.1"
bush_site_edge_014_001;посажено;bush;Спирея Бумальда;NEW_BUSH;52.417;173.374;190.522;491.992;Линейная посадка (живая изгородь/ряд вдоль полосы);24_boulevard_primer;"Линейная посадка (живая изгородь/ряд вдоль полосы) — по аналогии с проектом «24_boulevard_primer»; ближайшее ограничение — силовой кабель: 4.4 м при норме 0.7 м (СП 42.13330.2016, п. 9.6, табл. 9.1; ППМ 743-ПП, табл. 3.6.1)";"ассортимент для озеленения Москвы, категория «магистрали и улицы»; без инвазивных видов ППМ 369-ПП";силовой кабель;4.42;0.7;"СП 42.13330.2016, п. 9.6, табл. 9.1; ППМ 743-ПП, табл. 3.6.1"
bush_site_edge_014_002;посажено;bush;Спирея Бумальда;NEW_BUSH;55.215;173.254;193.32;491.872;Линейная посадка (живая изгородь/ряд вдоль полосы);24_boulevard_primer;"Линейная посадка (живая изгородь/ряд вдоль полосы) — по аналогии с проектом «24_boulevard_primer»; ближайшее ограничение — канализация: 4.0 м при норме 0.0 м (СП 42.13330.2016, п. 9.6, табл. 9.1; ППМ 743-ПП, табл. 3.6.1)";"ассортимент для озеленения Москвы, категория «магистрали и улицы»; без инвазивных видов ППМ 369-ПП";канализация;4.01;0.0;"СП 42.13330.2016, п. 9.6, табл. 9.1; ППМ 743-ПП, табл. 3.6.1"
bush_site_edge_014_003;посажено;bush;Спирея Бумальда;NEW_BUSH;56.613;173.194;194.718;491.812;Линейная посадка (живая изгородь/ряд вдоль полосы);24_boulevard_primer;"Линейная посадка (живая изгородь/ряд вдоль полосы) — по аналогии с проектом «24_boulevard_primer»; ближайшее ограничение — канализация: 2.7 м при норме 0.0 м (СП 42.13330.2016, п. 9.6, табл. 9.1; ППМ 743-ПП, табл. 3.6.1)";"ассортимент для озеленения Москвы, категория «магистрали и улицы»; без инвазивных видов ППМ 369-ПП";канализация;2.68;0.0;"СП 42.13330.2016, п. 9.6, табл. 9.1; ППМ 743-ПП, табл. 3.6.1"
tree_site_edge_015_001;посажено;tree;Вяз гибридный Резиста;NEW_TREE;15.577;176.445;153.682;495.063;Линейная посадка (живая изгородь/ряд вдоль полосы);24_boulevard_primer;"Линейная посадка (живая изгородь/ряд вдоль полосы) — по аналогии с проектом «24_boulevard_primer»; ближайшее ограничение — водопровод: 5.6 м при норме 2.0 м (СП 42.13330.2016, п. 9.6, табл. 9.1; ППМ 743-ПП, табл. 3.6.1)";"ассортимент для озеленения Москвы, категория «магистрали и улицы»; без инвазивных видов ППМ 369-ПП";водопровод;5.6;2.0;"СП 42.13330.2016, п. 9.6, табл. 9.1; ППМ 743-ПП, табл. 3.6.1"
bush_site_edge_015_001;посажено;bush;Спирея Бумальда;NEW_BUSH;12.777;176.432;150.882;495.049;Линейная посадка (живая изгородь/ряд вдоль полосы);24_boulevard_primer;"Линейная посадка (живая изгородь/ряд вдоль полосы) — по аналогии с проектом «24_boulevard_primer»; ближайшее ограничение — пешеходная дорожка / тротуар: 5.0 м при норме 0.5 м (СП 42.13330.2016, п. 9.6, табл. 9.1; ППМ 743-ПП, табл. 3.6.1)";"ассортимент для озеленения Москвы, категория «магистрали и улицы»; без инвазивных видов ППМ 369-ПП";пешеходная дорожка / тротуар;5.05;0.5;"СП 42.13330.2016, п. 9.6, табл. 9.1; ППМ 743-ПП, табл. 3.6.1"
bush_site_edge_015_002;посажено;bush;Спирея Бумальда;NEW_BUSH;14.177;176.439;152.282;495.056;Линейная посадка (живая изгородь/ряд вдоль полосы);24_boulevard_primer;"Линейная посадка (живая изгородь/ряд вдоль полосы) — по аналогии с проектом «24_boulevard_primer»; нормируемых ограничений ближе 5 м сверх нормы нет";"ассортимент для озеленения Москвы, категория «магистрали и улицы»; без инвазивных видов ППМ 369-ПП";;;;
bush_site_edge_015_003;посажено;bush;Спирея Бумальда;NEW_BUSH;16.977;176.452;155.082;495.069;Линейная посадка (живая изгородь/ряд вдоль полосы);24_boulevard_primer;"Линейная посадка (живая изгородь/ряд вдоль полосы) — по аналогии с проектом «24_boulevard_primer»; ближайшее ограничение — водопровод: 4.4 м при норме 0.0 м (СП 42.13330.2016, п. 9.6, табл. 9.1; ППМ 743-ПП, табл. 3.6.1)";"ассортимент для озеленения Москвы, категория «магистрали и улицы»; без инвазивных видов ППМ 369-ПП";водопровод;4.39;0.0;"СП 42.13330.2016, п. 9.6, табл. 9.1; ППМ 743-ПП, табл. 3.6.1"
bush_site_edge_015_004;посажено;bush;Спирея Бумальда;NEW_BUSH;18.377;176.459;156.482;495.076;Линейная посадка (живая изгородь/ряд вдоль полосы);24_boulevard_primer;"Линейная посадка (живая изгородь/ряд вдоль полосы) — по аналогии с проектом «24_boulevard_primer»; ближайшее ограничение — водопровод: 3.2 м при норме 0.0 м (СП 42.13330.2016, п. 9.6, табл. 9.1; ППМ 743-ПП, табл. 3.6.1)";"ассортимент для озеленения Москвы, категория «магистрали и улицы»; без инвазивных видов ППМ 369-ПП";водопровод;3.18;0.0;"СП 42.13330.2016, п. 9.6, табл. 9.1; ППМ 743-ПП, табл. 3.6.1"
tree_site_edge_016_001;посажено;tree;Вяз гибридный Резиста;NEW_TREE;5.555;155.784;143.66;474.401;Линейная посадка (живая изгородь/ряд вдоль полосы);24_boulevard_primer;"Линейная посадка (живая изгородь/ряд вдоль полосы) — по аналогии с проектом «24_boulevard_primer»; нормируемых ограничений ближе 5 м сверх нормы нет";"ассортимент для озеленения Москвы, категория «магистрали и улицы»; без инвазивных видов ППМ 369-ПП";tree tree_080;3.79;3.0;правило планировщика (не норма): зазор между объектами
bush_site_edge_016_001;посажено;bush;Спирея Бумальда;NEW_BUSH;5.635;126.384;143.74;445.001;Линейная посадка (живая изгородь/ряд вдоль полосы);24_boulevard_primer;"Линейная посадка (живая изгородь/ряд вдоль полосы) — по аналогии с проектом «24_boulevard_primer»; ближайшее ограничение — водопровод: 3.2 м при норме 0.0 м (СП 42.13330.2016, п. 9.6, табл. 9.1; ППМ 743-ПП, табл. 3.6.1)";"ассортимент для озеленения Москвы, категория «магистрали и улицы»; без инвазивных видов ППМ 369-ПП";водопровод;3.22;0.0;"СП 42.13330.2016, п. 9.6, табл. 9.1; ППМ 743-ПП, табл. 3.6.1"
bush_site_edge_016_002;посажено;bush;Спирея Бумальда;NEW_BUSH;5.616;133.384;143.721;452.001;Линейная посадка (живая изгородь/ряд вдоль полосы);24_boulevard_primer;"Линейная посадка (живая изгородь/ряд вдоль полосы) — по аналогии с проектом «24_boulevard_primer»; нормируемых ограничений ближе 5 м сверх нормы нет";"ассортимент для озеленения Москвы, категория «магистрали и улицы»; без инвазивных видов ППМ 369-ПП";;;;
bush_site_edge_016_003;посажено;bush;Спирея Бумальда;NEW_BUSH;5.605;137.584;143.71;456.201;Линейная посадка (живая изгородь/ряд вдоль полосы);24_boulevard_primer;"Линейная посадка (живая изгородь/ряд вдоль полосы) — по аналогии с проектом «24_boulevard_primer»; нормируемых ограничений ближе 5 м сверх нормы нет";"ассортимент для озеленения Москвы, категория «магистрали и улицы»; без инвазивных видов ППМ 369-ПП";;;;
bush_site_edge_016_004;посажено;bush;Спирея Бумальда;NEW_BUSH;5.597;140.384;143.702;459.001;Линейная посадка (живая изгородь/ряд вдоль полосы);24_boulevard_primer;"Линейная посадка (живая изгородь/ряд вдоль полосы) — по аналогии с проектом «24_boulevard_primer»; нормируемых ограничений ближе 5 м сверх нормы нет";"ассортимент для озеленения Москвы, категория «магистрали и улицы»; без инвазивных видов ППМ 369-ПП";;;;
bush_site_edge_016_005;посажено;bush;Спирея Бумальда;NEW_BUSH;5.593;141.784;143.698;460.401;Линейная посадка (живая изгородь/ряд вдоль полосы);24_boulevard_primer;"Линейная посадка (живая изгородь/ряд вдоль полосы) — по аналогии с проектом «24_boulevard_primer»; нормируемых ограничений ближе 5 м сверх нормы нет";"ассортимент для озеленения Москвы, категория «магистрали и улицы»; без инвазивных видов ППМ 369-ПП";;;;
bush_site_edge_016_006;посажено;bush;Спирея Бумальда;NEW_BUSH;5.582;145.984;143.687;464.601;Линейная посадка (живая изгородь/ряд вдоль полосы);24_boulevard_primer;"Линейная посадка (живая изгородь/ряд вдоль полосы) — по аналогии с проектом «24_boulevard_primer»; нормируемых ограничений ближе 5 м сверх нормы нет";"ассортимент для озеленения Москвы, категория «магистрали и улицы»; без инвазивных видов ППМ 369-ПП";;;;
bush_site_edge_016_007;посажено;bush;Спирея Бумальда;NEW_BUSH;5.578;147.384;143.683;466.001;Линейная посадка (живая изгородь/ряд вдоль полосы);24_boulevard_primer;"Линейная посадка (живая изгородь/ряд вдоль полосы) — по аналогии с проектом «24_boulevard_primer»; нормируемых ограничений ближе 5 м сверх нормы нет";"ассортимент для озеленения Москвы, категория «магистрали и улицы»; без инвазивных видов ППМ 369-ПП";;;;
bush_site_edge_016_008;посажено;bush;Спирея Бумальда;NEW_BUSH;5.574;148.784;143.679;467.401;Линейная посадка (живая изгородь/ряд вдоль полосы);24_boulevard_primer;"Линейная посадка (живая изгородь/ряд вдоль полосы) — по аналогии с проектом «24_boulevard_primer»; нормируемых ограничений ближе 5 м сверх нормы нет";"ассортимент для озеленения Москвы, категория «магистрали и улицы»; без инвазивных видов ППМ 369-ПП";;;;
bush_site_edge_016_009;посажено;bush;Спирея Бумальда;NEW_BUSH;5.57;150.184;143.675;468.801;Линейная посадка (живая изгородь/ряд вдоль полосы);24_boulevard_primer;"Линейная посадка (живая изгородь/ряд вдоль полосы) — по аналогии с проектом «24_boulevard_primer»; нормируемых ограничений ближе 5 м сверх нормы нет";"ассортимент для озеленения Москвы, категория «магистрали и улицы»; без инвазивных видов ППМ 369-ПП";;;;
bush_site_edge_016_010;посажено;bush;Спирея Бумальда;NEW_BUSH;5.559;154.384;143.664;473.001;Линейная посадка (живая изгородь/ряд вдоль полосы);24_boulevard_primer;"Линейная посадка (живая изгородь/ряд вдоль полосы) — по аналогии с проектом «24_boulevard_primer»; нормируемых ограничений ближе 5 м сверх нормы нет";"ассортимент для озеленения Москвы, категория «магистрали и улицы»; без инвазивных видов ППМ 369-ПП";;;;
bush_site_edge_016_011;посажено;bush;Спирея Бумальда;NEW_BUSH;5.547;158.584;143.652;477.201;Линейная посадка (живая изгородь/ряд вдоль полосы);24_boulevard_primer;"Линейная посадка (живая изгородь/ряд вдоль полосы) — по аналогии с проектом «24_boulevard_primer»; нормируемых ограничений ближе 5 м сверх нормы нет";"ассортимент для озеленения Москвы, категория «магистрали и улицы»; без инвазивных видов ППМ 369-ПП";;;;
bush_site_edge_016_012;посажено;bush;Спирея Бумальда;NEW_BUSH;5.543;159.984;143.648;478.601;Линейная посадка (живая изгородь/ряд вдоль полосы);24_boulevard_primer;"Линейная посадка (живая изгородь/ряд вдоль полосы) — по аналогии с проектом «24_boulevard_primer»; нормируемых ограничений ближе 5 м сверх нормы нет";"ассортимент для озеленения Москвы, категория «магистрали и улицы»; без инвазивных видов ППМ 369-ПП";;;;
bush_site_edge_016_013;посажено;bush;Спирея Бумальда;NEW_BUSH;5.539;161.384;143.644;480.001;Линейная посадка (живая изгородь/ряд вдоль полосы);24_boulevard_primer;"Линейная посадка (живая изгородь/ряд вдоль полосы) — по аналогии с проектом «24_boulevard_primer»; ближайшее ограничение — пешеходная дорожка / тротуар: 5.1 м при норме 0.5 м (СП 42.13330.2016, п. 9.6, табл. 9.1; ППМ 743-ПП, табл. 3.6.1)";"ассортимент для озеленения Москвы, категория «магистрали и улицы»; без инвазивных видов ППМ 369-ПП";пешеходная дорожка / тротуар;5.06;0.5;"СП 42.13330.2016, п. 9.6, табл. 9.1; ППМ 743-ПП, табл. 3.6.1"
bush_site_edge_017_001;посажено;bush;Спирея Бумальда;NEW_BUSH;7.856;78.048;145.961;396.666;Линейная посадка (живая изгородь/ряд вдоль полосы);24_boulevard_primer;"Линейная посадка (живая изгородь/ряд вдоль полосы) — по аналогии с проектом «24_boulevard_primer»; нормируемых ограничений ближе 5 м сверх нормы нет";"ассортимент для озеленения Москвы, категория «магистрали и улицы»; без инвазивных видов ППМ 369-ПП";;;;
bush_site_edge_017_002;посажено;bush;Спирея Бумальда;NEW_BUSH;7.863;76.648;145.968;395.266;Линейная посадка (живая изгородь/ряд вдоль полосы);24_boulevard_primer;"Линейная посадка (живая изгородь/ряд вдоль полосы) — по аналогии с проектом «24_boulevard_primer»; нормируемых ограничений ближе 5 м сверх нормы нет";"ассортимент для озеленения Москвы, категория «магистрали и улицы»; без инвазивных видов ППМ 369-ПП";;;;
bush_site_edge_018_001;посажено;bush;Спирея Бумальда;NEW_BUSH;16.835;48.754;154.94;367.372;Линейная посадка (живая изгородь/ряд вдоль полосы);24_boulevard_primer;"Линейная посадка (живая изгородь/ряд вдоль полосы) — по аналогии с проектом «24_boulevard_primer»; нормируемых ограничений ближе 5 м сверх нормы нет";"ассортимент для озеленения Москвы, категория «магистрали и улицы»; без инвазивных видов ППМ 369-ПП";;;;
bush_site_edge_018_002;посажено;bush;Спирея Бумальда;NEW_BUSH;16.842;47.354;154.947;365.972;Линейная посадка (живая изгородь/ряд вдоль полосы);24_boulevard_primer;"Линейная посадка (живая изгородь/ряд вдоль полосы) — по аналогии с проектом «24_boulevard_primer»; нормируемых ограничений ближе 5 м сверх нормы нет";"ассортимент для озеленения Москвы, категория «магистрали и улицы»; без инвазивных видов ППМ 369-ПП";;;;
bush_site_edge_018_003;посажено;bush;Спирея Бумальда;NEW_BUSH;16.849;45.954;154.954;364.572;Линейная посадка (живая изгородь/ряд вдоль полосы);24_boulevard_primer;"Линейная посадка (живая изгородь/ряд вдоль полосы) — по аналогии с проектом «24_boulevard_primer»; нормируемых ограничений ближе 5 м сверх нормы нет";"ассортимент для озеленения Москвы, категория «магистрали и улицы»; без инвазивных видов ППМ 369-ПП";;;;
bush_site_edge_018_004;посажено;bush;Спирея Бумальда;NEW_BUSH;16.856;44.554;154.961;363.172;Линейная посадка (живая изгородь/ряд вдоль полосы);24_boulevard_primer;"Линейная посадка (живая изгородь/ряд вдоль полосы) — по аналогии с проектом «24_boulevard_primer»; нормируемых ограничений ближе 5 м сверх нормы нет";"ассортимент для озеленения Москвы, категория «магистрали и улицы»; без инвазивных видов ППМ 369-ПП";;;;
bush_site_edge_018_005;посажено;bush;Спирея Бумальда;NEW_BUSH;16.863;43.154;154.968;361.772;Линейная посадка (живая изгородь/ряд вдоль полосы);24_boulevard_primer;"Линейная посадка (живая изгородь/ряд вдоль полосы) — по аналогии с проектом «24_boulevard_primer»; нормируемых ограничений ближе 5 м сверх нормы нет";"ассортимент для озеленения Москвы, категория «магистрали и улицы»; без инвазивных видов ППМ 369-ПП";;;;
bush_site_edge_018_006;посажено;bush;Спирея Бумальда;NEW_BUSH;16.884;38.954;154.989;357.572;Линейная посадка (живая изгородь/ряд вдоль полосы);24_boulevard_primer;"Линейная посадка (живая изгородь/ряд вдоль полосы) — по аналогии с проектом «24_boulevard_primer»; ближайшее ограничение — водопровод: 4.6 м при норме 0.0 м (СП 42.13330.2016, п. 9.6, табл. 9.1; ППМ 743-ПП, табл. 3.6.1)";"ассортимент для озеленения Москвы, категория «магистрали и улицы»; без инвазивных видов ППМ 369-ПП";водопровод;4.62;0.0;"СП 42.13330.2016, п. 9.6, табл. 9.1; ППМ 743-ПП, табл. 3.6.1"
bush_site_edge_018_007;посажено;bush;Спирея Бумальда;NEW_BUSH;16.891;37.554;154.996;356.172;Линейная посадка (живая изгородь/ряд вдоль полосы);24_boulevard_primer;"Линейная посадка (живая изгородь/ряд вдоль полосы) — по аналогии с проектом «24_boulevard_primer»; ближайшее ограничение — водопровод: 3.3 м при норме 0.0 м (СП 42.13330.2016, п. 9.6, табл. 9.1; ППМ 743-ПП, табл. 3.6.1)";"ассортимент для озеленения Москвы, категория «магистрали и улицы»; без инвазивных видов ППМ 369-ПП";водопровод;3.27;0.0;"СП 42.13330.2016, п. 9.6, табл. 9.1; ППМ 743-ПП, табл. 3.6.1"
tree_site_edge_019_001;посажено;tree;Вяз гибридный Резиста;NEW_TREE;17.273;-40.636;155.378;277.981;Линейная посадка (живая изгородь/ряд вдоль полосы);24_boulevard_primer;"Линейная посадка (живая изгородь/ряд вдоль полосы) — по аналогии с проектом «24_boulevard_primer»; ближайшее ограничение — силовой кабель: 5.2 м при норме 2.0 м (СП 42.13330.2016, п. 9.6, табл. 9.1; ППМ 743-ПП, табл. 3.6.1)";"ассортимент для озеленения Москвы, категория «магистрали и улицы»; без инвазивных видов ППМ 369-ПП";силовой кабель;5.23;2.0;"СП 42.13330.2016, п. 9.6, табл. 9.1; ППМ 743-ПП, табл. 3.6.1"
bush_site_edge_019_001;посажено;bush;Спирея Бумальда;NEW_BUSH;17.227;-33.636;155.332;284.981;Линейная посадка (живая изгородь/ряд вдоль полосы);24_boulevard_primer;"Линейная посадка (живая изгородь/ряд вдоль полосы) — по аналогии с проектом «24_boulevard_primer»; ближайшее ограничение — канализация: 2.5 м при норме 0.0 м (СП 42.13330.2016, п. 9.6, табл. 9.1; ППМ 743-ПП, табл. 3.6.1)";"ассортимент для озеленения Москвы, категория «магистрали и улицы»; без инвазивных видов ППМ 369-ПП";канализация;2.49;0.0;"СП 42.13330.2016, п. 9.6, табл. 9.1; ППМ 743-ПП, табл. 3.6.1"
bush_site_edge_019_002;посажено;bush;Спирея Бумальда;NEW_BUSH;17.237;-35.036;155.342;283.581;Линейная посадка (живая изгородь/ряд вдоль полосы);24_boulevard_primer;"Линейная посадка (живая изгородь/ряд вдоль полосы) — по аналогии с проектом «24_boulevard_primer»; ближайшее ограничение — канализация: 3.1 м при норме 0.0 м (СП 42.13330.2016, п. 9.6, табл. 9.1; ППМ 743-ПП, табл. 3.6.1)";"ассортимент для озеленения Москвы, категория «магистрали и улицы»; без инвазивных видов ППМ 369-ПП";канализация;3.15;0.0;"СП 42.13330.2016, п. 9.6, табл. 9.1; ППМ 743-ПП, табл. 3.6.1"
bush_site_edge_019_003;посажено;bush;Спирея Бумальда;NEW_BUSH;17.246;-36.436;155.351;282.181;Линейная посадка (живая изгородь/ряд вдоль полосы);24_boulevard_primer;"Линейная посадка (живая изгородь/ряд вдоль полосы) — по аналогии с проектом «24_boulevard_primer»; ближайшее ограничение — канализация: 3.8 м при норме 0.0 м (СП 42.13330.2016, п. 9.6, табл. 9.1; ППМ 743-ПП, табл. 3.6.1)";"ассортимент для озеленения Москвы, категория «магистрали и улицы»; без инвазивных видов ППМ 369-ПП";канализация;3.8;0.0;"СП 42.13330.2016, п. 9.6, табл. 9.1; ППМ 743-ПП, табл. 3.6.1"
bush_site_edge_019_004;посажено;bush;Спирея Бумальда;NEW_BUSH;17.255;-37.836;155.36;280.781;Линейная посадка (живая изгородь/ряд вдоль полосы);24_boulevard_primer;"Линейная посадка (живая изгородь/ряд вдоль полосы) — по аналогии с проектом «24_boulevard_primer»; ближайшее ограничение — канализация: 4.5 м при норме 0.0 м (СП 42.13330.2016, п. 9.6, табл. 9.1; ППМ 743-ПП, табл. 3.6.1)";"ассортимент для озеленения Москвы, категория «магистрали и улицы»; без инвазивных видов ППМ 369-ПП";канализация;4.46;0.0;"СП 42.13330.2016, п. 9.6, табл. 9.1; ППМ 743-ПП, табл. 3.6.1"
bush_site_edge_019_005;посажено;bush;Спирея Бумальда;NEW_BUSH;17.264;-39.236;155.369;279.381;Линейная посадка (живая изгородь/ряд вдоль полосы);24_boulevard_primer;"Линейная посадка (живая изгородь/ряд вдоль полосы) — по аналогии с проектом «24_boulevard_primer»; нормируемых ограничений ближе 5 м сверх нормы нет";"ассортимент для озеленения Москвы, категория «магистрали и улицы»; без инвазивных видов ППМ 369-ПП";;;;
bush_site_edge_019_006;посажено;bush;Спирея Бумальда;NEW_BUSH;17.283;-42.036;155.388;276.581;Линейная посадка (живая изгородь/ряд вдоль полосы);24_boulevard_primer;"Линейная посадка (живая изгородь/ряд вдоль полосы) — по аналогии с проектом «24_boulevard_primer»; ближайшее ограничение — силовой кабель: 4.7 м при норме 0.7 м (СП 42.13330.2016, п. 9.6, табл. 9.1; ППМ 743-ПП, табл. 3.6.1)";"ассортимент для озеленения Москвы, категория «магистрали и улицы»; без инвазивных видов ППМ 369-ПП";силовой кабель;4.69;0.7;"СП 42.13330.2016, п. 9.6, табл. 9.1; ППМ 743-ПП, табл. 3.6.1"
bush_site_edge_019_007;посажено;bush;Спирея Бумальда;NEW_BUSH;17.301;-44.836;155.406;273.781;Линейная посадка (живая изгородь/ряд вдоль полосы);24_boulevard_primer;"Линейная посадка (живая изгородь/ряд вдоль полосы) — по аналогии с проектом «24_boulevard_primer»; ближайшее ограничение — силовой кабель: 3.6 м при норме 0.7 м (СП 42.13330.2016, п. 9.6, табл. 9.1; ППМ 743-ПП, табл. 3.6.1)";"ассортимент для озеленения Москвы, категория «магистрали и улицы»; без инвазивных видов ППМ 369-ПП";силовой кабель;3.6;0.7;"СП 42.13330.2016, п. 9.6, табл. 9.1; ППМ 743-ПП, табл. 3.6.1"
bush_site_edge_019_008;посажено;bush;Спирея Бумальда;NEW_BUSH;17.31;-46.236;155.415;272.381;Линейная посадка (живая изгородь/ряд вдоль полосы);24_boulevard_primer;"Линейная посадка (живая изгородь/ряд вдоль полосы) — по аналогии с проектом «24_boulevard_primer»; ближайшее ограничение — силовой кабель: 3.0 м при норме 0.7 м (СП 42.13330.2016, п. 9.6, табл. 9.1; ППМ 743-ПП, табл. 3.6.1)";"ассортимент для озеленения Москвы, категория «магистрали и улицы»; без инвазивных видов ППМ 369-ПП";силовой кабель;3.05;0.7;"СП 42.13330.2016, п. 9.6, табл. 9.1; ППМ 743-ПП, табл. 3.6.1"
bush_site_edge_019_009;посажено;bush;Спирея Бумальда;NEW_BUSH;17.319;-47.636;155.424;270.981;Линейная посадка (живая изгородь/ряд вдоль полосы);24_boulevard_primer;"Линейная посадка (живая изгородь/ряд вдоль полосы) — по аналогии с проектом «24_boulevard_primer»; ближайшее ограничение — силовой кабель: 2.5 м при норме 0.7 м (СП 42.13330.2016, п. 9.6, табл. 9.1; ППМ 743-ПП, табл. 3.6.1)";"ассортимент для озеленения Москвы, категория «магистрали и улицы»; без инвазивных видов ППМ 369-ПП";силовой кабель;2.51;0.7;"СП 42.13330.2016, п. 9.6, табл. 9.1; ППМ 743-ПП, табл. 3.6.1"
tree_site_edge_020_001;посажено;tree;Вяз гибридный Резиста;NEW_TREE;24.65;-60.473;162.755;258.144;Линейная посадка (живая изгородь/ряд вдоль полосы);24_boulevard_primer;"Линейная посадка (живая изгородь/ряд вдоль полосы) — по аналогии с проектом «24_boulevard_primer»; ближайшее ограничение — силовой кабель: 4.2 м при норме 2.0 м (СП 42.13330.2016, п. 9.6, табл. 9.1; ППМ 743-ПП, табл. 3.6.1)";"ассортимент для озеленения Москвы, категория «магистрали и улицы»; без инвазивных видов ППМ 369-ПП";силовой кабель;4.17;2.0;"СП 42.13330.2016, п. 9.6, табл. 9.1; ППМ 743-ПП, табл. 3.6.1"
bush_site_edge_020_001;посажено;bush;Спирея Бумальда;NEW_BUSH;23.25;-60.473;161.355;258.144;Линейная посадка (живая изгородь/ряд вдоль полосы);24_boulevard_primer;"Линейная посадка (живая изгородь/ряд вдоль полосы) — по аналогии с проектом «24_boulevard_primer»; ближайшее ограничение — силовой кабель: 2.9 м при норме 0.7 м (СП 42.13330.2016, п. 9.6, табл. 9.1; ППМ 743-ПП, табл. 3.6.1)";"ассортимент для озеленения Москвы, категория «магистрали и улицы»; без инвазивных видов ППМ 369-ПП";силовой кабель;2.88;0.7;"СП 42.13330.2016, п. 9.6, табл. 9.1; ППМ 743-ПП, табл. 3.6.1"
bush_site_edge_020_002;посажено;bush;Спирея Бумальда;NEW_BUSH;26.05;-60.473;164.155;258.144;Линейная посадка (живая изгородь/ряд вдоль полосы);24_boulevard_primer;"Линейная посадка (живая изгородь/ряд вдоль полосы) — по аналогии с проектом «24_boulevard_primer»; ближайшее ограничение — силовой кабель: 5.5 м при норме 0.7 м (СП 42.13330.2016, п. 9.6, табл. 9.1; ППМ 743-ПП, табл. 3.6.1)";"ассортимент для озеленения Москвы, категория «магистрали и улицы»; без инвазивных видов ППМ 369-ПП";силовой кабель;5.45;0.7;"СП 42.13330.2016, п. 9.6, табл. 9.1; ППМ 743-ПП, табл. 3.6.1"
bush_site_edge_021_001;посажено;bush;Спирея Бумальда;NEW_BUSH;19.221;-288.137;157.325;30.48;Линейная посадка (живая изгородь/ряд вдоль полосы);24_boulevard_primer;"Линейная посадка (живая изгородь/ряд вдоль полосы) — по аналогии с проектом «24_boulevard_primer»; ближайшее ограничение — проезжая часть: 5.8 м при норме 1.0 м (СП 42.13330.2016, п. 9.6, табл. 9.1; ППМ 743-ПП, табл. 3.6.1)";"ассортимент для озеленения Москвы, категория «магистрали и улицы»; без инвазивных видов ППМ 369-ПП";проезжая часть;5.83;1.0;"СП 42.13330.2016, п. 9.6, табл. 9.1; ППМ 743-ПП, табл. 3.6.1"
bush_site_edge_021_002;посажено;bush;Спирея Бумальда;NEW_BUSH;19.253;-289.537;157.358;29.081;Линейная посадка (живая изгородь/ряд вдоль полосы);24_boulevard_primer;"Линейная посадка (живая изгородь/ряд вдоль полосы) — по аналогии с проектом «24_boulevard_primer»; нормируемых ограничений ближе 5 м сверх нормы нет";"ассортимент для озеленения Москвы, категория «магистрали и улицы»; без инвазивных видов ППМ 369-ПП";;;;
bush_site_edge_021_003;посажено;bush;Спирея Бумальда;NEW_BUSH;19.285;-290.936;157.39;27.681;Линейная посадка (живая изгородь/ряд вдоль полосы);24_boulevard_primer;"Линейная посадка (живая изгородь/ряд вдоль полосы) — по аналогии с проектом «24_boulevard_primer»; нормируемых ограничений ближе 5 м сверх нормы нет";"ассортимент для озеленения Москвы, категория «магистрали и улицы»; без инвазивных видов ППМ 369-ПП";;;;
bush_open_area_002_001;посажено;bush;Спирея Бумальда;NEW_BUSH;-25.943;-289.652;112.162;28.965;Диагональные линии под углом к проезжей части;06_kamchatskaya_ulitsa;"Диагональные линии под углом к проезжей части — по аналогии с проектом «06_kamchatskaya_ulitsa»; ближайшее ограничение — проезжая часть: 5.6 м при норме 1.0 м (СП 42.13330.2016, п. 9.6, табл. 9.1; ППМ 743-ПП, табл. 3.6.1)";"ассортимент для озеленения Москвы, категория «магистрали и улицы»; без инвазивных видов ППМ 369-ПП";проезжая часть;5.56;1.0;"СП 42.13330.2016, п. 9.6, табл. 9.1; ППМ 743-ПП, табл. 3.6.1"
bush_open_area_005_001;посажено;bush;Спирея Бумальда;NEW_BUSH;-31.795;277.969;106.31;596.586;Диагональные линии под углом к проезжей части;06_kamchatskaya_ulitsa;"Диагональные линии под углом к проезжей части — по аналогии с проектом «06_kamchatskaya_ulitsa»; ближайшее ограничение — водопровод: 4.4 м при норме 0.0 м (СП 42.13330.2016, п. 9.6, табл. 9.1; ППМ 743-ПП, табл. 3.6.1)";"ассортимент для озеленения Москвы, категория «магистрали и улицы»; без инвазивных видов ППМ 369-ПП";водопровод;4.37;0.0;"СП 42.13330.2016, п. 9.6, табл. 9.1; ППМ 743-ПП, табл. 3.6.1"
bush_open_area_005_002;посажено;bush;Смородина золотистая;NEW_BUSH;-29.758;276.048;108.347;594.665;Диагональные линии под углом к проезжей части;06_kamchatskaya_ulitsa;"Диагональные линии под углом к проезжей части — по аналогии с проектом «06_kamchatskaya_ulitsa»; ближайшее ограничение — водопровод: 3.3 м при норме 0.0 м (СП 42.13330.2016, п. 9.6, табл. 9.1; ППМ 743-ПП, табл. 3.6.1)";"ассортимент для озеленения Москвы, категория «магистрали и улицы»; без инвазивных видов ППМ 369-ПП";водопровод;3.26;0.0;"СП 42.13330.2016, п. 9.6, табл. 9.1; ППМ 743-ПП, табл. 3.6.1"
tree_open_area_008_001;посажено;tree;Вяз гибридный Резиста;NEW_TREE;-27.655;-176.961;110.449;141.656;Диагональные линии под углом к проезжей части;06_kamchatskaya_ulitsa;"Диагональные линии под углом к проезжей части — по аналогии с проектом «06_kamchatskaya_ulitsa»; ближайшее ограничение — пешеходная дорожка / тротуар: 4.9 м при норме 0.7 м (СП 42.13330.2016, п. 9.6, табл. 9.1; ППМ 743-ПП, табл. 3.6.1)";"ассортимент для озеленения Москвы, категория «магистрали и улицы»; без инвазивных видов ППМ 369-ПП";пешеходная дорожка / тротуар;4.94;0.7;"СП 42.13330.2016, п. 9.6, табл. 9.1; ППМ 743-ПП, табл. 3.6.1"
bush_open_area_009_001;посажено;bush;Спирея Бумальда;NEW_BUSH;-28.007;-149.042;110.098;169.575;Диагональные линии под углом к проезжей части;06_kamchatskaya_ulitsa;"Диагональные линии под углом к проезжей части — по аналогии с проектом «06_kamchatskaya_ulitsa»; ближайшее ограничение — кабель связи: 3.1 м при норме 0.7 м (СП 42.13330.2016, п. 9.6, табл. 9.1; ППМ 743-ПП, табл. 3.6.1)";"ассортимент для озеленения Москвы, категория «магистрали и улицы»; без инвазивных видов ППМ 369-ПП";кабель связи;3.1;0.7;"СП 42.13330.2016, п. 9.6, табл. 9.1; ППМ 743-ПП, табл. 3.6.1"
bush_open_area_010_001;посажено;bush;Спирея Бумальда;NEW_BUSH;-27.183;-141.781;110.922;176.836;Диагональные линии под углом к проезжей части;06_kamchatskaya_ulitsa;"Диагональные линии под углом к проезжей части — по аналогии с проектом «06_kamchatskaya_ulitsa»; ближайшее ограничение — кабель связи: 3.0 м при норме 0.7 м (СП 42.13330.2016, п. 9.6, табл. 9.1; ППМ 743-ПП, табл. 3.6.1)";"ассортимент для озеленения Москвы, категория «магистрали и улицы»; без инвазивных видов ППМ 369-ПП";кабель связи;2.98;0.7;"СП 42.13330.2016, п. 9.6, табл. 9.1; ППМ 743-ПП, табл. 3.6.1"
tree_open_area_011_001;посажено;tree;Вяз гибридный Резиста;NEW_TREE;-27.853;-81.987;110.252;236.631;Диагональные линии под углом к проезжей части;06_kamchatskaya_ulitsa;"Диагональные линии под углом к проезжей части — по аналогии с проектом «06_kamchatskaya_ulitsa»; ближайшее ограничение — пешеходная дорожка / тротуар: 5.1 м при норме 0.7 м (СП 42.13330.2016, п. 9.6, табл. 9.1; ППМ 743-ПП, табл. 3.6.1)";"ассортимент для озеленения Москвы, категория «магистрали и улицы»; без инвазивных видов ППМ 369-ПП";пешеходная дорожка / тротуар;5.1;0.7;"СП 42.13330.2016, п. 9.6, табл. 9.1; ППМ 743-ПП, табл. 3.6.1"
tree_open_area_012_001;посажено;tree;Вяз гибридный Резиста;NEW_TREE;-37.175;-7.789;100.93;310.829;Диагональные линии под углом к проезжей части;06_kamchatskaya_ulitsa;"Диагональные линии под углом к проезжей части — по аналогии с проектом «06_kamchatskaya_ulitsa»; ближайшее ограничение — пешеходная дорожка / тротуар: 4.5 м при норме 0.7 м (СП 42.13330.2016, п. 9.6, табл. 9.1; ППМ 743-ПП, табл. 3.6.1)";"ассортимент для озеленения Москвы, категория «магистрали и улицы»; без инвазивных видов ППМ 369-ПП";пешеходная дорожка / тротуар;4.55;0.7;"СП 42.13330.2016, п. 9.6, табл. 9.1; ППМ 743-ПП, табл. 3.6.1"
bush_open_area_012_001;посажено;bush;Спирея Бумальда;NEW_BUSH;-41.115;-11.768;96.99;306.849;Диагональные линии под углом к проезжей части;06_kamchatskaya_ulitsa;"Диагональные линии под углом к проезжей части — по аналогии с проектом «06_kamchatskaya_ulitsa»; ближайшее ограничение — пешеходная дорожка / тротуар: 3.8 м при норме 0.5 м (СП 42.13330.2016, п. 9.6, табл. 9.1; ППМ 743-ПП, табл. 3.6.1)";"ассортимент для озеленения Москвы, категория «магистрали и улицы»; без инвазивных видов ППМ 369-ПП";пешеходная дорожка / тротуар;3.8;0.5;"СП 42.13330.2016, п. 9.6, табл. 9.1; ППМ 743-ПП, табл. 3.6.1"
bush_open_area_012_002;посажено;bush;Смородина золотистая;NEW_BUSH;-40.13;-10.773;97.975;307.844;Диагональные линии под углом к проезжей части;06_kamchatskaya_ulitsa;"Диагональные линии под углом к проезжей части — по аналогии с проектом «06_kamchatskaya_ulitsa»; ближайшее ограничение — пешеходная дорожка / тротуар: 4.0 м при норме 0.5 м (СП 42.13330.2016, п. 9.6, табл. 9.1; ППМ 743-ПП, табл. 3.6.1)";"ассортимент для озеленения Москвы, категория «магистрали и улицы»; без инвазивных видов ППМ 369-ПП";пешеходная дорожка / тротуар;3.97;0.5;"СП 42.13330.2016, п. 9.6, табл. 9.1; ППМ 743-ПП, табл. 3.6.1"
bush_open_area_012_003;посажено;bush;Спирея Бумальда;NEW_BUSH;-39.145;-9.778;98.96;308.839;Диагональные линии под углом к проезжей части;06_kamchatskaya_ulitsa;"Диагональные линии под углом к проезжей части — по аналогии с проектом «06_kamchatskaya_ulitsa»; ближайшее ограничение — пешеходная дорожка / тротуар: 4.2 м при норме 0.5 м (СП 42.13330.2016, п. 9.6, табл. 9.1; ППМ 743-ПП, табл. 3.6.1)";"ассортимент для озеленения Москвы, категория «магистрали и улицы»; без инвазивных видов ППМ 369-ПП";пешеходная дорожка / тротуар;4.15;0.5;"СП 42.13330.2016, п. 9.6, табл. 9.1; ППМ 743-ПП, табл. 3.6.1"
bush_open_area_012_004;посажено;bush;Смородина золотистая;NEW_BUSH;-38.16;-8.784;99.945;309.834;Диагональные линии под углом к проезжей части;06_kamchatskaya_ulitsa;"Диагональные линии под углом к проезжей части — по аналогии с проектом «06_kamchatskaya_ulitsa»; ближайшее ограничение — пешеходная дорожка / тротуар: 4.3 м при норме 0.5 м (СП 42.13330.2016, п. 9.6, табл. 9.1; ППМ 743-ПП, табл. 3.6.1)";"ассортимент для озеленения Москвы, категория «магистрали и улицы»; без инвазивных видов ППМ 369-ПП";пешеходная дорожка / тротуар;4.35;0.5;"СП 42.13330.2016, п. 9.6, табл. 9.1; ППМ 743-ПП, табл. 3.6.1"
bush_open_area_012_005;посажено;bush;Спирея Бумальда;NEW_BUSH;-36.19;-6.794;101.915;311.824;Диагональные линии под углом к проезжей части;06_kamchatskaya_ulitsa;"Диагональные линии под углом к проезжей части — по аналогии с проектом «06_kamchatskaya_ulitsa»; ближайшее ограничение — пешеходная дорожка / тротуар: 4.8 м при норме 0.5 м (СП 42.13330.2016, п. 9.6, табл. 9.1; ППМ 743-ПП, табл. 3.6.1)";"ассортимент для озеленения Москвы, категория «магистрали и улицы»; без инвазивных видов ППМ 369-ПП";пешеходная дорожка / тротуар;4.76;0.5;"СП 42.13330.2016, п. 9.6, табл. 9.1; ППМ 743-ПП, табл. 3.6.1"
bush_open_area_012_006;посажено;bush;Смородина золотистая;NEW_BUSH;-35.205;-5.799;102.9;312.819;Диагональные линии под углом к проезжей части;06_kamchatskaya_ulitsa;"Диагональные линии под углом к проезжей части — по аналогии с проектом «06_kamchatskaya_ulitsa»; ближайшее ограничение — пешеходная дорожка / тротуар: 5.0 м при норме 0.5 м (СП 42.13330.2016, п. 9.6, табл. 9.1; ППМ 743-ПП, табл. 3.6.1)";"ассортимент для озеленения Москвы, категория «магистрали и улицы»; без инвазивных видов ППМ 369-ПП";пешеходная дорожка / тротуар;4.96;0.5;"СП 42.13330.2016, п. 9.6, табл. 9.1; ППМ 743-ПП, табл. 3.6.1"
bush_open_area_012_007;посажено;bush;Спирея Бумальда;NEW_BUSH;-34.22;-4.804;103.885;313.813;Диагональные линии под углом к проезжей части;06_kamchatskaya_ulitsa;"Диагональные линии под углом к проезжей части — по аналогии с проектом «06_kamchatskaya_ulitsa»; ближайшее ограничение — пешеходная дорожка / тротуар: 5.2 м при норме 0.5 м (СП 42.13330.2016, п. 9.6, табл. 9.1; ППМ 743-ПП, табл. 3.6.1)";"ассортимент для озеленения Москвы, категория «магистрали и улицы»; без инвазивных видов ППМ 369-ПП";пешеходная дорожка / тротуар;5.16;0.5;"СП 42.13330.2016, п. 9.6, табл. 9.1; ППМ 743-ПП, табл. 3.6.1"
bush_open_area_012_008;посажено;bush;Смородина золотистая;NEW_BUSH;-33.235;-3.809;104.87;314.808;Диагональные линии под углом к проезжей части;06_kamchatskaya_ulitsa;"Диагональные линии под углом к проезжей части — по аналогии с проектом «06_kamchatskaya_ulitsa»; ближайшее ограничение — пешеходная дорожка / тротуар: 5.4 м при норме 0.5 м (СП 42.13330.2016, п. 9.6, табл. 9.1; ППМ 743-ПП, табл. 3.6.1)";"ассортимент для озеленения Москвы, категория «магистрали и улицы»; без инвазивных видов ППМ 369-ПП";пешеходная дорожка / тротуар;5.36;0.5;"СП 42.13330.2016, п. 9.6, табл. 9.1; ППМ 743-ПП, табл. 3.6.1"
tree_open_area_013_001;посажено;tree;Вяз гибридный Резиста;NEW_TREE;-29.377;-13.622;108.728;304.995;Диагональные линии под углом к проезжей части;06_kamchatskaya_ulitsa;"Диагональные линии под углом к проезжей части — по аналогии с проектом «06_kamchatskaya_ulitsa»; ближайшее ограничение — воздушная ЛЭП: 4.2 м при норме 2.0 м (охранная зона по чертежу (отступ зоны))";"ассортимент для озеленения Москвы, категория «магистрали и улицы»; без инвазивных видов ППМ 369-ПП";воздушная ЛЭП;4.2;2.0;охранная зона по чертежу (отступ зоны)
bush_open_area_014_001;посажено;bush;Спирея Бумальда;NEW_BUSH;23.561;-62.0;161.666;256.617;Диагональные линии под углом к проезжей части;06_kamchatskaya_ulitsa;"Диагональные линии под углом к проезжей части — по аналогии с проектом «06_kamchatskaya_ulitsa»; ближайшее ограничение — силовой кабель: 2.6 м при норме 0.7 м (СП 42.13330.2016, п. 9.6, табл. 9.1; ППМ 743-ПП, табл. 3.6.1)";"ассортимент для озеленения Москвы, категория «магистрали и улицы»; без инвазивных видов ППМ 369-ПП";силовой кабель;2.56;0.7;"СП 42.13330.2016, п. 9.6, табл. 9.1; ППМ 743-ПП, табл. 3.6.1"
tree_open_area_015_001;посажено;tree;Вяз гибридный Резиста;NEW_TREE;5.602;278.663;143.707;597.28;Диагональные линии под углом к проезжей части;06_kamchatskaya_ulitsa;"Диагональные линии под углом к проезжей части — по аналогии с проектом «06_kamchatskaya_ulitsa»; нормируемых ограничений ближе 5 м сверх нормы нет";"ассортимент для озеленения Москвы, категория «магистрали и улицы»; без инвазивных видов ППМ 369-ПП";tree tree_building_border_017_002;3.79;3.0;правило планировщика (не норма): зазор между объектами
bush_open_area_015_001;посажено;bush;Спирея Бумальда;NEW_BUSH;6.961;277.062;145.066;595.679;Диагональные линии под углом к проезжей части;06_kamchatskaya_ulitsa;"Диагональные линии под углом к проезжей части — по аналогии с проектом «06_kamchatskaya_ulitsa»; нормируемых ограничений ближе 5 м сверх нормы нет";"ассортимент для озеленения Москвы, категория «магистрали и улицы»; без инвазивных видов ППМ 369-ПП";;;;
bush_open_area_015_002;посажено;bush;Смородина золотистая;NEW_BUSH;4.243;280.264;142.348;598.881;Диагональные линии под углом к проезжей части;06_kamchatskaya_ulitsa;"Диагональные линии под углом к проезжей части — по аналогии с проектом «06_kamchatskaya_ulitsa»; нормируемых ограничений ближе 5 м сверх нормы нет";"ассортимент для озеленения Москвы, категория «магистрали и улицы»; без инвазивных видов ППМ 369-ПП";;;;
tree_open_area_015_002;посажено;tree;Вяз гибридный Резиста;NEW_TREE;3.218;272.2;141.323;590.818;Диагональные линии под углом к проезжей части;06_kamchatskaya_ulitsa;"Диагональные линии под углом к проезжей части — по аналогии с проектом «06_kamchatskaya_ulitsa»; ближайшее ограничение — водопровод: 4.3 м при норме 2.0 м (СП 42.13330.2016, п. 9.6, табл. 9.1; ППМ 743-ПП, табл. 3.6.1)";"ассортимент для озеленения Москвы, категория «магистрали и улицы»; без инвазивных видов ППМ 369-ПП";водопровод;4.27;2.0;"СП 42.13330.2016, п. 9.6, табл. 9.1; ППМ 743-ПП, табл. 3.6.1"
bush_open_area_015_003;посажено;bush;Спирея Бумальда;NEW_BUSH;4.124;271.133;142.229;589.751;Диагональные линии под углом к проезжей части;06_kamchatskaya_ulitsa;"Диагональные линии под углом к проезжей части — по аналогии с проектом «06_kamchatskaya_ulitsa»; ближайшее ограничение — водопровод: 3.4 м при норме 0.0 м (СП 42.13330.2016, п. 9.6, табл. 9.1; ППМ 743-ПП, табл. 3.6.1)";"ассортимент для озеленения Москвы, категория «магистрали и улицы»; без инвазивных видов ППМ 369-ПП";водопровод;3.44;0.0;"СП 42.13330.2016, п. 9.6, табл. 9.1; ППМ 743-ПП, табл. 3.6.1"
bush_open_area_015_004;посажено;bush;Смородина золотистая;NEW_BUSH;2.312;273.268;140.417;591.885;Диагональные линии под углом к проезжей части;06_kamchatskaya_ulitsa;"Диагональные линии под углом к проезжей части — по аналогии с проектом «06_kamchatskaya_ulitsa»; ближайшее ограничение — пешеходная дорожка / тротуар: 5.5 м при норме 0.5 м (СП 42.13330.2016, п. 9.6, табл. 9.1; ППМ 743-ПП, табл. 3.6.1)";"ассортимент для озеленения Москвы, категория «магистрали и улицы»; без инвазивных видов ППМ 369-ПП";пешеходная дорожка / тротуар;5.46;0.5;"СП 42.13330.2016, п. 9.6, табл. 9.1; ППМ 743-ПП, табл. 3.6.1"
bush_open_area_015_005;посажено;bush;Спирея Бумальда;NEW_BUSH;1.406;274.335;139.51;592.952;Диагональные линии под углом к проезжей части;06_kamchatskaya_ulitsa;"Диагональные линии под углом к проезжей части — по аналогии с проектом «06_kamchatskaya_ulitsa»; ближайшее ограничение — пешеходная дорожка / тротуар: 4.6 м при норме 0.5 м (СП 42.13330.2016, п. 9.6, табл. 9.1; ППМ 743-ПП, табл. 3.6.1)";"ассортимент для озеленения Москвы, категория «магистрали и улицы»; без инвазивных видов ППМ 369-ПП";пешеходная дорожка / тротуар;4.56;0.5;"СП 42.13330.2016, п. 9.6, табл. 9.1; ППМ 743-ПП, табл. 3.6.1"
bush_open_area_016_001;посажено;bush;Спирея Бумальда;NEW_BUSH;72.718;177.381;210.823;495.998;Диагональные линии под углом к проезжей части;06_kamchatskaya_ulitsa;"Диагональные линии под углом к проезжей части — по аналогии с проектом «06_kamchatskaya_ulitsa»; нормируемых ограничений ближе 5 м сверх нормы нет";"ассортимент для озеленения Москвы, категория «магистрали и улицы»; без инвазивных видов ППМ 369-ПП";;;;
bush_open_area_016_002;посажено;bush;Смородина золотистая;NEW_BUSH;71.724;178.367;209.829;496.984;Диагональные линии под углом к проезжей части;06_kamchatskaya_ulitsa;"Диагональные линии под углом к проезжей части — по аналогии с проектом «06_kamchatskaya_ulitsa»; ближайшее ограничение — канализация: 3.8 м при норме 0.0 м (СП 42.13330.2016, п. 9.6, табл. 9.1; ППМ 743-ПП, табл. 3.6.1)";"ассортимент для озеленения Москвы, категория «магистрали и улицы»; без инвазивных видов ППМ 369-ПП";канализация;3.82;0.0;"СП 42.13330.2016, п. 9.6, табл. 9.1; ППМ 743-ПП, табл. 3.6.1"
tree_open_area_017_001;посажено;tree;Вяз гибридный Резиста;NEW_TREE;55.739;176.607;193.843;495.225;Диагональные линии под углом к проезжей части;06_kamchatskaya_ulitsa;"Диагональные линии под углом к проезжей части — по аналогии с проектом «06_kamchatskaya_ulitsa»; ближайшее ограничение — теплосеть: 3.4 м при норме 2.0 м (СП 42.13330.2016, п. 9.6, табл. 9.1; ППМ 743-ПП, табл. 3.6.1)";"ассортимент для озеленения Москвы, категория «магистрали и улицы»; без инвазивных видов ППМ 369-ПП";теплосеть;3.43;2.0;"СП 42.13330.2016, п. 9.6, табл. 9.1; ППМ 743-ПП, табл. 3.6.1"
tree_open_area_018_001;посажено;tree;Вяз гибридный Резиста;NEW_TREE;43.627;201.743;181.732;520.36;Диагональные линии под углом к проезжей части;06_kamchatskaya_ulitsa;"Диагональные линии под углом к проезжей части — по аналогии с проектом «06_kamchatskaya_ulitsa»; ближайшее ограничение — канализация: 5.8 м при норме 1.5 м (СП 42.13330.2016, п. 9.6, табл. 9.1; ППМ 743-ПП, табл. 3.6.1)";"ассортимент для озеленения Москвы, категория «магистрали и улицы»; без инвазивных видов ППМ 369-ПП";канализация;5.78;1.5;"СП 42.13330.2016, п. 9.6, табл. 9.1; ППМ 743-ПП, табл. 3.6.1"
bush_open_area_018_001;посажено;bush;Спирея Бумальда;NEW_BUSH;41.863;198.72;179.968;517.337;Диагональные линии под углом к проезжей части;06_kamchatskaya_ulitsa;"Диагональные линии под углом к проезжей части — по аналогии с проектом «06_kamchatskaya_ulitsa»; ближайшее ограничение — канализация: 2.3 м при норме 0.0 м (СП 42.13330.2016, п. 9.6, табл. 9.1; ППМ 743-ПП, табл. 3.6.1)";"ассортимент для озеленения Москвы, категория «магистрали и улицы»; без инвазивных видов ППМ 369-ПП";канализация;2.33;0.0;"СП 42.13330.2016, п. 9.6, табл. 9.1; ППМ 743-ПП, табл. 3.6.1"
bush_open_area_018_002;посажено;bush;Смородина золотистая;NEW_BUSH;42.569;199.929;180.673;518.546;Диагональные линии под углом к проезжей части;06_kamchatskaya_ulitsa;"Диагональные линии под углом к проезжей части — по аналогии с проектом «06_kamchatskaya_ulitsa»; ближайшее ограничение — канализация: 3.7 м при норме 0.0 м (СП 42.13330.2016, п. 9.6, табл. 9.1; ППМ 743-ПП, табл. 3.6.1)";"ассортимент для озеленения Москвы, категория «магистрали и улицы»; без инвазивных видов ППМ 369-ПП";канализация;3.7;0.0;"СП 42.13330.2016, п. 9.6, табл. 9.1; ППМ 743-ПП, табл. 3.6.1"
bush_open_area_018_003;посажено;bush;Спирея Бумальда;NEW_BUSH;44.685;203.557;182.79;522.174;Диагональные линии под углом к проезжей части;06_kamchatskaya_ulitsa;"Диагональные линии под углом к проезжей части — по аналогии с проектом «06_kamchatskaya_ulitsa»; ближайшее ограничение — пешеходная дорожка / тротуар: 5.3 м при норме 0.5 м (СП 42.13330.2016, п. 9.6, табл. 9.1; ППМ 743-ПП, табл. 3.6.1)";"ассортимент для озеленения Москвы, категория «магистрали и улицы»; без инвазивных видов ППМ 369-ПП";пешеходная дорожка / тротуар;5.26;0.5;"СП 42.13330.2016, п. 9.6, табл. 9.1; ППМ 743-ПП, табл. 3.6.1"
bush_open_area_018_004;посажено;bush;Смородина золотистая;NEW_BUSH;45.39;204.766;183.495;523.383;Диагональные линии под углом к проезжей части;06_kamchatskaya_ulitsa;"Диагональные линии под углом к проезжей части — по аналогии с проектом «06_kamchatskaya_ulitsa»; ближайшее ограничение — пешеходная дорожка / тротуар: 4.3 м при норме 0.5 м (СП 42.13330.2016, п. 9.6, табл. 9.1; ППМ 743-ПП, табл. 3.6.1)";"ассортимент для озеленения Москвы, категория «магистрали и улицы»; без инвазивных видов ППМ 369-ПП";пешеходная дорожка / тротуар;4.3;0.5;"СП 42.13330.2016, п. 9.6, табл. 9.1; ППМ 743-ПП, табл. 3.6.1"
tree_open_area_018_002;посажено;tree;Вяз гибридный Резиста;NEW_TREE;30.12;190.498;168.225;509.115;Диагональные линии под углом к проезжей части;06_kamchatskaya_ulitsa;"Диагональные линии под углом к проезжей части — по аналогии с проектом «06_kamchatskaya_ulitsa»; ближайшее ограничение — канализация: 3.7 м при норме 1.5 м (СП 42.13330.2016, п. 9.6, табл. 9.1; ППМ 743-ПП, табл. 3.6.1)";"ассортимент для озеленения Москвы, категория «магистрали и улицы»; без инвазивных видов ППМ 369-ПП";канализация;3.73;1.5;"СП 42.13330.2016, п. 9.6, табл. 9.1; ППМ 743-ПП, табл. 3.6.1"
bush_open_area_018_005;посажено;bush;Спирея Бумальда;NEW_BUSH;27.298;185.661;165.403;504.278;Диагональные линии под углом к проезжей части;06_kamchatskaya_ulitsa;"Диагональные линии под углом к проезжей части — по аналогии с проектом «06_kamchatskaya_ulitsa»; ближайшее ограничение — водопровод: 3.2 м при норме 0.0 м (СП 42.13330.2016, п. 9.6, табл. 9.1; ППМ 743-ПП, табл. 3.6.1)";"ассортимент для озеленения Москвы, категория «магистрали и улицы»; без инвазивных видов ППМ 369-ПП";водопровод;3.19;0.0;"СП 42.13330.2016, п. 9.6, табл. 9.1; ППМ 743-ПП, табл. 3.6.1"
bush_open_area_018_006;посажено;bush;Смородина золотистая;NEW_BUSH;28.004;186.87;166.109;505.488;Диагональные линии под углом к проезжей части;06_kamchatskaya_ulitsa;"Диагональные линии под углом к проезжей части — по аналогии с проектом «06_kamchatskaya_ulitsa»; ближайшее ограничение — водопровод: 4.4 м при норме 0.0 м (СП 42.13330.2016, п. 9.6, табл. 9.1; ППМ 743-ПП, табл. 3.6.1)";"ассортимент для озеленения Москвы, категория «магистрали и улицы»; без инвазивных видов ППМ 369-ПП";водопровод;4.41;0.0;"СП 42.13330.2016, п. 9.6, табл. 9.1; ППМ 743-ПП, табл. 3.6.1"
bush_open_area_018_007;посажено;bush;Спирея Бумальда;NEW_BUSH;28.709;188.079;166.814;506.697;Диагональные линии под углом к проезжей части;06_kamchatskaya_ulitsa;"Диагональные линии под углом к проезжей части — по аналогии с проектом «06_kamchatskaya_ulitsa»; ближайшее ограничение — канализация: 4.6 м при норме 0.0 м (СП 42.13330.2016, п. 9.6, табл. 9.1; ППМ 743-ПП, табл. 3.6.1)";"ассортимент для озеленения Москвы, категория «магистрали и улицы»; без инвазивных видов ППМ 369-ПП";канализация;4.63;0.0;"СП 42.13330.2016, п. 9.6, табл. 9.1; ППМ 743-ПП, табл. 3.6.1"
bush_open_area_018_008;посажено;bush;Смородина золотистая;NEW_BUSH;29.415;189.289;167.52;507.906;Диагональные линии под углом к проезжей части;06_kamchatskaya_ulitsa;"Диагональные линии под углом к проезжей части — по аналогии с проектом «06_kamchatskaya_ulitsa»; ближайшее ограничение — канализация: 4.2 м при норме 0.0 м (СП 42.13330.2016, п. 9.6, табл. 9.1; ППМ 743-ПП, табл. 3.6.1)";"ассортимент для озеленения Москвы, категория «магистрали и улицы»; без инвазивных видов ППМ 369-ПП";канализация;4.18;0.0;"СП 42.13330.2016, п. 9.6, табл. 9.1; ППМ 743-ПП, табл. 3.6.1"
bush_open_area_018_009;посажено;bush;Спирея Бумальда;NEW_BUSH;30.826;191.707;168.931;510.325;Диагональные линии под углом к проезжей части;06_kamchatskaya_ulitsa;"Диагональные линии под углом к проезжей части — по аналогии с проектом «06_kamchatskaya_ulitsa»; ближайшее ограничение — канализация: 3.3 м при норме 0.0 м (СП 42.13330.2016, п. 9.6, табл. 9.1; ППМ 743-ПП, табл. 3.6.1)";"ассортимент для озеленения Москвы, категория «магистрали и улицы»; без инвазивных видов ППМ 369-ПП";канализация;3.28;0.0;"СП 42.13330.2016, п. 9.6, табл. 9.1; ППМ 743-ПП, табл. 3.6.1"
bush_open_area_018_010;посажено;bush;Смородина золотистая;NEW_BUSH;31.531;192.916;169.636;511.534;Диагональные линии под углом к проезжей части;06_kamchatskaya_ulitsa;"Диагональные линии под углом к проезжей части — по аналогии с проектом «06_kamchatskaya_ulitsa»; ближайшее ограничение — канализация: 2.8 м при норме 0.0 м (СП 42.13330.2016, п. 9.6, табл. 9.1; ППМ 743-ПП, табл. 3.6.1)";"ассортимент для озеленения Москвы, категория «магистрали и улицы»; без инвазивных видов ППМ 369-ПП";канализация;2.83;0.0;"СП 42.13330.2016, п. 9.6, табл. 9.1; ППМ 743-ПП, табл. 3.6.1"
bush_open_area_018_011;посажено;bush;Спирея Бумальда;NEW_BUSH;32.237;194.126;170.342;512.743;Диагональные линии под углом к проезжей части;06_kamchatskaya_ulitsa;"Диагональные линии под углом к проезжей части — по аналогии с проектом «06_kamchatskaya_ulitsa»; ближайшее ограничение — канализация: 2.4 м при норме 0.0 м (СП 42.13330.2016, п. 9.6, табл. 9.1; ППМ 743-ПП, табл. 3.6.1)";"ассортимент для озеленения Москвы, категория «магистрали и улицы»; без инвазивных видов ППМ 369-ПП";канализация;2.39;0.0;"СП 42.13330.2016, п. 9.6, табл. 9.1; ППМ 743-ПП, табл. 3.6.1"
bush_open_area_018_012;посажено;bush;Смородина золотистая;NEW_BUSH;32.942;195.335;171.047;513.952;Диагональные линии под углом к проезжей части;06_kamchatskaya_ulitsa;"Диагональные линии под углом к проезжей части — по аналогии с проектом «06_kamchatskaya_ulitsa»; ближайшее ограничение — канализация: 1.9 м при норме 0.0 м (СП 42.13330.2016, п. 9.6, табл. 9.1; ППМ 743-ПП, табл. 3.6.1)";"ассортимент для озеленения Москвы, категория «магистрали и улицы»; без инвазивных видов ППМ 369-ПП";канализация;1.94;0.0;"СП 42.13330.2016, п. 9.6, табл. 9.1; ППМ 743-ПП, табл. 3.6.1"
tree_open_area_018_003;посажено;tree;Вяз гибридный Резиста;NEW_TREE;40.286;207.924;178.391;526.541;Диагональные линии под углом к проезжей части;06_kamchatskaya_ulitsa;"Диагональные линии под углом к проезжей части — по аналогии с проектом «06_kamchatskaya_ulitsa»; нормируемых ограничений ближе 5 м сверх нормы нет";"ассортимент для озеленения Москвы, категория «магистрали и улицы»; без инвазивных видов ППМ 369-ПП";tree tree_open_area_018_005;7.0;3.0;правило планировщика (не норма): зазор между объектами
bush_open_area_018_013;посажено;bush;Спирея Бумальда;NEW_BUSH;35.701;200.063;173.806;518.681;Диагональные линии под углом к проезжей части;06_kamchatskaya_ulitsa;"Диагональные линии под углом к проезжей части — по аналогии с проектом «06_kamchatskaya_ulitsa»; ближайшее ограничение — канализация: 2.4 м при норме 0.0 м (СП 42.13330.2016, п. 9.6, табл. 9.1; ППМ 743-ПП, табл. 3.6.1)";"ассортимент для озеленения Москвы, категория «магистрали и улицы»; без инвазивных видов ППМ 369-ПП";канализация;2.42;0.0;"СП 42.13330.2016, п. 9.6, табл. 9.1; ППМ 743-ПП, табл. 3.6.1"
bush_open_area_018_014;посажено;bush;Смородина золотистая;NEW_BUSH;41.344;209.737;179.449;528.355;Диагональные линии под углом к проезжей части;06_kamchatskaya_ulitsa;"Диагональные линии под углом к проезжей части — по аналогии с проектом «06_kamchatskaya_ulitsa»; нормируемых ограничений ближе 5 м сверх нормы нет";"ассортимент для озеленения Москвы, категория «магистрали и улицы»; без инвазивных видов ППМ 369-ПП";;;;
bush_open_area_018_015;посажено;bush;Спирея Бумальда;NEW_BUSH;42.05;210.947;180.155;529.564;Диагональные линии под углом к проезжей части;06_kamchatskaya_ulitsa;"Диагональные линии под углом к проезжей части — по аналогии с проектом «06_kamchatskaya_ulitsa»; нормируемых ограничений ближе 5 м сверх нормы нет";"ассортимент для озеленения Москвы, категория «магистрали и улицы»; без инвазивных видов ППМ 369-ПП";;;;
bush_open_area_018_016;посажено;bush;Смородина золотистая;NEW_BUSH;42.755;212.156;180.86;530.773;Диагональные линии под углом к проезжей части;06_kamchatskaya_ulitsa;"Диагональные линии под углом к проезжей части — по аналогии с проектом «06_kamchatskaya_ulitsa»; нормируемых ограничений ближе 5 м сверх нормы нет";"ассортимент для озеленения Москвы, категория «магистрали и улицы»; без инвазивных видов ППМ 369-ПП";;;;
bush_open_area_018_017;посажено;bush;Спирея Бумальда;NEW_BUSH;43.461;213.365;181.566;531.983;Диагональные линии под углом к проезжей части;06_kamchatskaya_ulitsa;"Диагональные линии под углом к проезжей части — по аналогии с проектом «06_kamchatskaya_ulitsa»; нормируемых ограничений ближе 5 м сверх нормы нет";"ассортимент для озеленения Москвы, категория «магистрали и улицы»; без инвазивных видов ППМ 369-ПП";;;;
bush_open_area_018_018;посажено;bush;Смородина золотистая;NEW_BUSH;44.166;214.574;182.271;533.192;Диагональные линии под углом к проезжей части;06_kamchatskaya_ulitsa;"Диагональные линии под углом к проезжей части — по аналогии с проектом «06_kamchatskaya_ulitsa»; ближайшее ограничение — пешеходная дорожка / тротуар: 4.9 м при норме 0.5 м (СП 42.13330.2016, п. 9.6, табл. 9.1; ППМ 743-ПП, табл. 3.6.1)";"ассортимент для озеленения Москвы, категория «магистрали и улицы»; без инвазивных видов ППМ 369-ПП";пешеходная дорожка / тротуар;4.94;0.5;"СП 42.13330.2016, п. 9.6, табл. 9.1; ППМ 743-ПП, табл. 3.6.1"
bush_open_area_018_019;посажено;bush;Спирея Бумальда;NEW_BUSH;44.872;215.784;182.977;534.401;Диагональные линии под углом к проезжей части;06_kamchatskaya_ulitsa;"Диагональные линии под углом к проезжей части — по аналогии с проектом «06_kamchatskaya_ulitsa»; ближайшее ограничение — пешеходная дорожка / тротуар: 4.2 м при норме 0.5 м (СП 42.13330.2016, п. 9.6, табл. 9.1; ППМ 743-ПП, табл. 3.6.1)";"ассортимент для озеленения Москвы, категория «магистрали и улицы»; без инвазивных видов ППМ 369-ПП";пешеходная дорожка / тротуар;4.24;0.5;"СП 42.13330.2016, п. 9.6, табл. 9.1; ППМ 743-ПП, табл. 3.6.1"
bush_open_area_018_020;посажено;bush;Смородина золотистая;NEW_BUSH;16.258;178.644;154.363;497.261;Диагональные линии под углом к проезжей части;06_kamchatskaya_ulitsa;"Диагональные линии под углом к проезжей части — по аналогии с проектом «06_kamchatskaya_ulitsa»; ближайшее ограничение — водопровод: 3.9 м при норме 0.0 м (СП 42.13330.2016, п. 9.6, табл. 9.1; ППМ 743-ПП, табл. 3.6.1)";"ассортимент для озеленения Москвы, категория «магистрали и улицы»; без инвазивных видов ППМ 369-ПП";водопровод;3.89;0.0;"СП 42.13330.2016, п. 9.6, табл. 9.1; ППМ 743-ПП, табл. 3.6.1"
bush_open_area_018_021;посажено;bush;Спирея Бумальда;NEW_BUSH;16.964;179.853;155.069;498.471;Диагональные линии под углом к проезжей части;06_kamchatskaya_ulitsa;"Диагональные линии под углом к проезжей части — по аналогии с проектом «06_kamchatskaya_ulitsa»; ближайшее ограничение — водопровод: 2.7 м при норме 0.0 м (СП 42.13330.2016, п. 9.6, табл. 9.1; ППМ 743-ПП, табл. 3.6.1)";"ассортимент для озеленения Москвы, категория «магистрали и улицы»; без инвазивных видов ППМ 369-ПП";водопровод;2.67;0.0;"СП 42.13330.2016, п. 9.6, табл. 9.1; ППМ 743-ПП, табл. 3.6.1"
tree_open_area_018_004;посажено;tree;Вяз гибридный Резиста;NEW_TREE;27.286;197.547;165.391;516.165;Диагональные линии под углом к проезжей части;06_kamchatskaya_ulitsa;"Диагональные линии под углом к проезжей части — по аналогии с проектом «06_kamchatskaya_ulitsa»; нормируемых ограничений ближе 5 м сверх нормы нет";"ассортимент для озеленения Москвы, категория «магистрали и улицы»; без инвазивных видов ППМ 369-ПП";tree tree_open_area_018_007;6.29;3.0;правило планировщика (не норма): зазор между объектами
tree_open_area_018_005;посажено;tree;Вяз гибридный Резиста;NEW_TREE;33.283;207.826;171.388;526.444;Диагональные линии под углом к проезжей части;06_kamchatskaya_ulitsa;"Диагональные линии под углом к проезжей части — по аналогии с проектом «06_kamchatskaya_ulitsa»; нормируемых ограничений ближе 5 м сверх нормы нет";"ассортимент для озеленения Москвы, категория «магистрали и улицы»; без инвазивных видов ППМ 369-ПП";tree tree_open_area_018_003;7.0;3.0;правило планировщика (не норма): зазор между объектами
bush_open_area_018_022;посажено;bush;Смородина золотистая;NEW_BUSH;22.877;189.99;160.982;508.607;Диагональные линии под углом к проезжей части;06_kamchatskaya_ulitsa;"Диагональные линии под углом к проезжей части — по аналогии с проектом «06_kamchatskaya_ulitsa»; ближайшее ограничение — водопровод: 2.9 м при норме 0.0 м (СП 42.13330.2016, п. 9.6, табл. 9.1; ППМ 743-ПП, табл. 3.6.1)";"ассортимент для озеленения Москвы, категория «магистрали и улицы»; без инвазивных видов ППМ 369-ПП";водопровод;2.93;0.0;"СП 42.13330.2016, п. 9.6, табл. 9.1; ППМ 743-ПП, табл. 3.6.1"
bush_open_area_018_023;посажено;bush;Спирея Бумальда;NEW_BUSH;23.583;191.199;161.688;509.816;Диагональные линии под углом к проезжей части;06_kamchatskaya_ulitsa;"Диагональные линии под углом к проезжей части — по аналогии с проектом «06_kamchatskaya_ulitsa»; ближайшее ограничение — водопровод: 4.2 м при норме 0.0 м (СП 42.13330.2016, п. 9.6, табл. 9.1; ППМ 743-ПП, табл. 3.6.1)";"ассортимент для озеленения Москвы, категория «магистрали и улицы»; без инвазивных видов ППМ 369-ПП";водопровод;4.22;0.0;"СП 42.13330.2016, п. 9.6, табл. 9.1; ППМ 743-ПП, табл. 3.6.1"
bush_open_area_018_024;посажено;bush;Смородина золотистая;NEW_BUSH;24.288;192.408;162.393;511.026;Диагональные линии под углом к проезжей части;06_kamchatskaya_ulitsa;"Диагональные линии под углом к проезжей части — по аналогии с проектом «06_kamchatskaya_ulitsa»; нормируемых ограничений ближе 5 м сверх нормы нет";"ассортимент для озеленения Москвы, категория «магистрали и улицы»; без инвазивных видов ППМ 369-ПП";;;;
bush_open_area_018_025;посажено;bush;Спирея Бумальда;NEW_BUSH;24.994;193.617;163.099;512.235;Диагональные линии под углом к проезжей части;06_kamchatskaya_ulitsa;"Диагональные линии под углом к проезжей части — по аналогии с проектом «06_kamchatskaya_ulitsa»; нормируемых ограничений ближе 5 м сверх нормы нет";"ассортимент для озеленения Москвы, категория «магистрали и улицы»; без инвазивных видов ППМ 369-ПП";;;;
bush_open_area_018_026;посажено;bush;Смородина золотистая;NEW_BUSH;25.699;194.827;163.804;513.444;Диагональные линии под углом к проезжей части;06_kamchatskaya_ulitsa;"Диагональные линии под углом к проезжей части — по аналогии с проектом «06_kamchatskaya_ulitsa»; нормируемых ограничений ближе 5 м сверх нормы нет";"ассортимент для озеленения Москвы, категория «магистрали и улицы»; без инвазивных видов ППМ 369-ПП";;;;
bush_open_area_018_027;посажено;bush;Спирея Бумальда;NEW_BUSH;26.405;196.036;164.51;514.653;Диагональные линии под углом к проезжей части;06_kamchatskaya_ulitsa;"Диагональные линии под углом к проезжей части — по аналогии с проектом «06_kamchatskaya_ulitsa»; нормируемых ограничений ближе 5 м сверх нормы нет";"ассортимент для озеленения Москвы, категория «магистрали и улицы»; без инвазивных видов ППМ 369-ПП";;;;
bush_open_area_018_028;посажено;bush;Смородина золотистая;NEW_BUSH;27.816;198.454;165.921;517.072;Диагональные линии под углом к проезжей части;06_kamchatskaya_ulitsa;"Диагональные линии под углом к проезжей части — по аналогии с проектом «06_kamchatskaya_ulitsa»; нормируемых ограничений ближе 5 м сверх нормы нет";"ассортимент для озеленения Москвы, категория «магистрали и улицы»; без инвазивных видов ППМ 369-ПП";;;;
bush_open_area_018_029;посажено;bush;Спирея Бумальда;NEW_BUSH;28.521;199.664;166.626;518.281;Диагональные линии под углом к проезжей части;06_kamchatskaya_ulitsa;"Диагональные линии под углом к проезжей части — по аналогии с проектом «06_kamchatskaya_ulitsa»; нормируемых ограничений ближе 5 м сверх нормы нет";"ассортимент для озеленения Москвы, категория «магистрали и улицы»; без инвазивных видов ППМ 369-ПП";;;;
bush_open_area_018_030;посажено;bush;Смородина золотистая;NEW_BUSH;29.227;200.873;167.331;519.49;Диагональные линии под углом к проезжей части;06_kamchatskaya_ulitsa;"Диагональные линии под углом к проезжей части — по аналогии с проектом «06_kamchatskaya_ulitsa»; нормируемых ограничений ближе 5 м сверх нормы нет";"ассортимент для озеленения Москвы, категория «магистрали и улицы»; без инвазивных видов ППМ 369-ПП";;;;
bush_open_area_018_031;посажено;bush;Спирея Бумальда;NEW_BUSH;29.932;202.082;168.037;520.7;Диагональные линии под углом к проезжей части;06_kamchatskaya_ulitsa;"Диагональные линии под углом к проезжей части — по аналогии с проектом «06_kamchatskaya_ulitsa»; нормируемых ограничений ближе 5 м сверх нормы нет";"ассортимент для озеленения Москвы, категория «магистрали и улицы»; без инвазивных видов ППМ 369-ПП";;;;
bush_open_area_018_032;посажено;bush;Смородина золотистая;NEW_BUSH;30.637;203.291;168.742;521.909;Диагональные линии под углом к проезжей части;06_kamchatskaya_ulitsa;"Диагональные линии под углом к проезжей части — по аналогии с проектом «06_kamchatskaya_ulitsa»; нормируемых ограничений ближе 5 м сверх нормы нет";"ассортимент для озеленения Москвы, категория «магистрали и улицы»; без инвазивных видов ППМ 369-ПП";;;;
bush_open_area_018_033;посажено;bush;Спирея Бумальда;NEW_BUSH;31.343;204.501;169.448;523.118;Диагональные линии под углом к проезжей части;06_kamchatskaya_ulitsa;"Диагональные линии под углом к проезжей части — по аналогии с проектом «06_kamchatskaya_ulitsa»; нормируемых ограничений ближе 5 м сверх нормы нет";"ассортимент для озеленения Москвы, категория «магистрали и улицы»; без инвазивных видов ППМ 369-ПП";;;;
bush_open_area_018_034;посажено;bush;Смородина золотистая;NEW_BUSH;32.048;205.71;170.153;524.327;Диагональные линии под углом к проезжей части;06_kamchatskaya_ulitsa;"Диагональные линии под углом к проезжей части — по аналогии с проектом «06_kamchatskaya_ulitsa»; нормируемых ограничений ближе 5 м сверх нормы нет";"ассортимент для озеленения Москвы, категория «магистрали и улицы»; без инвазивных видов ППМ 369-ПП";;;;
bush_open_area_018_035;посажено;bush;Спирея Бумальда;NEW_BUSH;32.754;206.919;170.859;525.537;Диагональные линии под углом к проезжей части;06_kamchatskaya_ulitsa;"Диагональные линии под углом к проезжей части — по аналогии с проектом «06_kamchatskaya_ulitsa»; нормируемых ограничений ближе 5 м сверх нормы нет";"ассортимент для озеленения Москвы, категория «магистрали и улицы»; без инвазивных видов ППМ 369-ПП";;;;
bush_open_area_018_036;посажено;bush;Смородина золотистая;NEW_BUSH;34.165;209.338;172.27;527.955;Диагональные линии под углом к проезжей части;06_kamchatskaya_ulitsa;"Диагональные линии под углом к проезжей части — по аналогии с проектом «06_kamchatskaya_ulitsa»; нормируемых ограничений ближе 5 м сверх нормы нет";"ассортимент для озеленения Москвы, категория «магистрали и улицы»; без инвазивных видов ППМ 369-ПП";;;;
bush_open_area_018_037;посажено;bush;Спирея Бумальда;NEW_BUSH;34.87;210.547;172.975;529.164;Диагональные линии под углом к проезжей части;06_kamchatskaya_ulitsa;"Диагональные линии под углом к проезжей части — по аналогии с проектом «06_kamchatskaya_ulitsa»; нормируемых ограничений ближе 5 м сверх нормы нет";"ассортимент для озеленения Москвы, категория «магистрали и улицы»; без инвазивных видов ППМ 369-ПП";;;;
bush_open_area_018_038;посажено;bush;Смородина золотистая;NEW_BUSH;35.576;211.756;173.681;530.374;Диагональные линии под углом к проезжей части;06_kamchatskaya_ulitsa;"Диагональные линии под углом к проезжей части — по аналогии с проектом «06_kamchatskaya_ulitsa»; нормируемых ограничений ближе 5 м сверх нормы нет";"ассортимент для озеленения Москвы, категория «магистрали и улицы»; без инвазивных видов ППМ 369-ПП";;;;
bush_open_area_018_039;посажено;bush;Спирея Бумальда;NEW_BUSH;36.281;212.966;174.386;531.583;Диагональные линии под углом к проезжей части;06_kamchatskaya_ulitsa;"Диагональные линии под углом к проезжей части — по аналогии с проектом «06_kamchatskaya_ulitsa»; нормируемых ограничений ближе 5 м сверх нормы нет";"ассортимент для озеленения Москвы, категория «магистрали и улицы»; без инвазивных видов ППМ 369-ПП";;;;
bush_open_area_018_040;посажено;bush;Смородина золотистая;NEW_BUSH;36.987;214.175;175.092;532.792;Диагональные линии под углом к проезжей части;06_kamchatskaya_ulitsa;"Диагональные линии под углом к проезжей части — по аналогии с проектом «06_kamchatskaya_ulitsa»; нормируемых ограничений ближе 5 м сверх нормы нет";"ассортимент для озеленения Москвы, категория «магистрали и улицы»; без инвазивных видов ППМ 369-ПП";;;;
bush_open_area_018_041;посажено;bush;Спирея Бумальда;NEW_BUSH;37.692;215.384;175.797;534.001;Диагональные линии под углом к проезжей части;06_kamchatskaya_ulitsa;"Диагональные линии под углом к проезжей части — по аналогии с проектом «06_kamchatskaya_ulitsa»; ближайшее ограничение — проезжая часть: 5.5 м при норме 1.0 м (СП 42.13330.2016, п. 9.6, табл. 9.1; ППМ 743-ПП, табл. 3.6.1)";"ассортимент для озеленения Москвы, категория «магистрали и улицы»; без инвазивных видов ППМ 369-ПП";проезжая часть;5.49;1.0;"СП 42.13330.2016, п. 9.6, табл. 9.1; ППМ 743-ПП, табл. 3.6.1"
tree_open_area_018_006;посажено;tree;Вяз гибридный Резиста;NEW_TREE;15.148;188.647;153.253;507.265;Диагональные линии под углом к проезжей части;06_kamchatskaya_ulitsa;"Диагональные линии под углом к проезжей части — по аналогии с проектом «06_kamchatskaya_ulitsa»; ближайшее ограничение — водопровод: 5.2 м при норме 2.0 м (СП 42.13330.2016, п. 9.6, табл. 9.1; ППМ 743-ПП, табл. 3.6.1)";"ассортимент для озеленения Москвы, категория «магистрали и улицы»; без инвазивных видов ППМ 369-ПП";водопровод;5.25;2.0;"СП 42.13330.2016, п. 9.6, табл. 9.1; ППМ 743-ПП, табл. 3.6.1"
tree_open_area_018_007;посажено;tree;Вяз гибридный Резиста;NEW_TREE;21.144;198.926;159.249;517.543;Диагональные линии под углом к проезжей части;06_kamchatskaya_ulitsa;"Диагональные линии под углом к проезжей части — по аналогии с проектом «06_kamchatskaya_ulitsa»; нормируемых ограничений ближе 5 м сверх нормы нет";"ассортимент для озеленения Москвы, категория «магистрали и улицы»; без инвазивных видов ППМ 369-ПП";tree tree_open_area_018_004;6.29;3.0;правило планировщика (не норма): зазор между объектами
bush_open_area_018_042;посажено;bush;Смородина золотистая;NEW_BUSH;10.739;181.089;148.844;499.707;Диагональные линии под углом к проезжей части;06_kamchatskaya_ulitsa;"Диагональные линии под углом к проезжей части — по аналогии с проектом «06_kamchatskaya_ulitsa»; ближайшее ограничение — пешеходная дорожка / тротуар: 5.0 м при норме 0.5 м (СП 42.13330.2016, п. 9.6, табл. 9.1; ППМ 743-ПП, табл. 3.6.1)";"ассортимент для озеленения Москвы, категория «магистрали и улицы»; без инвазивных видов ППМ 369-ПП";пешеходная дорожка / тротуар;4.97;0.5;"СП 42.13330.2016, п. 9.6, табл. 9.1; ППМ 743-ПП, табл. 3.6.1"
bush_open_area_018_043;посажено;bush;Спирея Бумальда;NEW_BUSH;11.444;182.299;149.549;500.916;Диагональные линии под углом к проезжей части;06_kamchatskaya_ulitsa;"Диагональные линии под углом к проезжей части — по аналогии с проектом «06_kamchatskaya_ulitsa»; нормируемых ограничений ближе 5 м сверх нормы нет";"ассортимент для озеленения Москвы, категория «магистрали и улицы»; без инвазивных видов ППМ 369-ПП";;;;
bush_open_area_018_044;посажено;bush;Смородина золотистая;NEW_BUSH;12.149;183.508;150.254;502.125;Диагональные линии под углом к проезжей части;06_kamchatskaya_ulitsa;"Диагональные линии под углом к проезжей части — по аналогии с проектом «06_kamchatskaya_ulitsa»; нормируемых ограничений ближе 5 м сверх нормы нет";"ассортимент для озеленения Москвы, категория «магистрали и улицы»; без инвазивных видов ППМ 369-ПП";;;;
bush_open_area_018_045;посажено;bush;Спирея Бумальда;NEW_BUSH;12.855;184.717;150.96;503.335;Диагональные линии под углом к проезжей части;06_kamchatskaya_ulitsa;"Диагональные линии под углом к проезжей части — по аналогии с проектом «06_kamchatskaya_ulitsa»; ближайшее ограничение — водопровод: 4.8 м при норме 0.0 м (СП 42.13330.2016, п. 9.6, табл. 9.1; ППМ 743-ПП, табл. 3.6.1)";"ассортимент для озеленения Москвы, категория «магистрали и улицы»; без инвазивных видов ППМ 369-ПП";водопровод;4.8;0.0;"СП 42.13330.2016, п. 9.6, табл. 9.1; ППМ 743-ПП, табл. 3.6.1"
bush_open_area_018_046;посажено;bush;Смородина золотистая;NEW_BUSH;13.56;185.926;151.665;504.544;Диагональные линии под углом к проезжей части;06_kamchatskaya_ulitsa;"Диагональные линии под углом к проезжей части — по аналогии с проектом «06_kamchatskaya_ulitsa»; ближайшее ограничение — водопровод: 4.5 м при норме 0.0 м (СП 42.13330.2016, п. 9.6, табл. 9.1; ППМ 743-ПП, табл. 3.6.1)";"ассортимент для озеленения Москвы, категория «магистрали и улицы»; без инвазивных видов ППМ 369-ПП";водопровод;4.48;0.0;"СП 42.13330.2016, п. 9.6, табл. 9.1; ППМ 743-ПП, табл. 3.6.1"
bush_open_area_018_047;посажено;bush;Спирея Бумальда;NEW_BUSH;14.266;187.136;152.371;505.753;Диагональные линии под углом к проезжей части;06_kamchatskaya_ulitsa;"Диагональные линии под углом к проезжей части — по аналогии с проектом «06_kamchatskaya_ulitsa»; ближайшее ограничение — водопровод: 4.6 м при норме 0.0 м (СП 42.13330.2016, п. 9.6, табл. 9.1; ППМ 743-ПП, табл. 3.6.1)";"ассортимент для озеленения Москвы, категория «магистрали и улицы»; без инвазивных видов ППМ 369-ПП";водопровод;4.58;0.0;"СП 42.13330.2016, п. 9.6, табл. 9.1; ППМ 743-ПП, табл. 3.6.1"
bush_open_area_018_048;посажено;bush;Смородина золотистая;NEW_BUSH;15.677;189.554;153.782;508.172;Диагональные линии под углом к проезжей части;06_kamchatskaya_ulitsa;"Диагональные линии под углом к проезжей части — по аналогии с проектом «06_kamchatskaya_ulitsa»; нормируемых ограничений ближе 5 м сверх нормы нет";"ассортимент для озеленения Москвы, категория «магистрали и улицы»; без инвазивных видов ППМ 369-ПП";;;;
bush_open_area_018_049;посажено;bush;Спирея Бумальда;NEW_BUSH;16.382;190.763;154.487;509.381;Диагональные линии под углом к проезжей части;06_kamchatskaya_ulitsa;"Диагональные линии под углом к проезжей части — по аналогии с проектом «06_kamchatskaya_ulitsa»; нормируемых ограничений ближе 5 м сверх нормы нет";"ассортимент для озеленения Москвы, категория «магистрали и улицы»; без инвазивных видов ППМ 369-ПП";;;;
bush_open_area_018_050;посажено;bush;Смородина золотистая;NEW_BUSH;17.088;191.973;155.193;510.59;Диагональные линии под углом к проезжей части;06_kamchatskaya_ulitsa;"Диагональные линии под углом к проезжей части — по аналогии с проектом «06_kamchatskaya_ulitsa»; нормируемых ограничений ближе 5 м сверх нормы нет";"ассортимент для озеленения Москвы, категория «магистрали и улицы»; без инвазивных видов ППМ 369-ПП";;;;
bush_open_area_018_051;посажено;bush;Спирея Бумальда;NEW_BUSH;17.793;193.182;155.898;511.799;Диагональные линии под углом к проезжей части;06_kamchatskaya_ulitsa;"Диагональные линии под углом к проезжей части — по аналогии с проектом «06_kamchatskaya_ulitsa»; нормируемых ограничений ближе 5 м сверх нормы нет";"ассортимент для озеленения Москвы, категория «магистрали и улицы»; без инвазивных видов ППМ 369-ПП";;;;
bush_open_area_018_052;посажено;bush;Смородина золотистая;NEW_BUSH;18.499;194.391;156.604;513.009;Диагональные линии под углом к проезжей части;06_kamchatskaya_ulitsa;"Диагональные линии под углом к проезжей части — по аналогии с проектом «06_kamchatskaya_ulitsa»; нормируемых ограничений ближе 5 м сверх нормы нет";"ассортимент для озеленения Москвы, категория «магистрали и улицы»; без инвазивных видов ППМ 369-ПП";;;;
bush_open_area_018_053;посажено;bush;Спирея Бумальда;NEW_BUSH;19.204;195.601;157.309;514.218;Диагональные линии под углом к проезжей части;06_kamchatskaya_ulitsa;"Диагональные линии под углом к проезжей части — по аналогии с проектом «06_kamchatskaya_ulitsa»; нормируемых ограничений ближе 5 м сверх нормы нет";"ассортимент для озеленения Москвы, категория «магистрали и улицы»; без инвазивных видов ППМ 369-ПП";;;;
bush_open_area_018_054;посажено;bush;Смородина золотистая;NEW_BUSH;19.91;196.81;158.015;515.427;Диагональные линии под углом к проезжей части;06_kamchatskaya_ulitsa;"Диагональные линии под углом к проезжей части — по аналогии с проектом «06_kamchatskaya_ulitsa»; нормируемых ограничений ближе 5 м сверх нормы нет";"ассортимент для озеленения Москвы, категория «магистрали и улицы»; без инвазивных видов ППМ 369-ПП";;;;
bush_open_area_018_055;посажено;bush;Спирея Бумальда;NEW_BUSH;20.615;198.019;158.72;516.636;Диагональные линии под углом к проезжей части;06_kamchatskaya_ulitsa;"Диагональные линии под углом к проезжей части — по аналогии с проектом «06_kamchatskaya_ulitsa»; нормируемых ограничений ближе 5 м сверх нормы нет";"ассортимент для озеленения Москвы, категория «магистрали и улицы»; без инвазивных видов ППМ 369-ПП";;;;
bush_open_area_018_056;посажено;bush;Смородина золотистая;NEW_BUSH;22.026;200.438;160.131;519.055;Диагональные линии под углом к проезжей части;06_kamchatskaya_ulitsa;"Диагональные линии под углом к проезжей части — по аналогии с проектом «06_kamchatskaya_ulitsa»; нормируемых ограничений ближе 5 м сверх нормы нет";"ассортимент для озеленения Москвы, категория «магистрали и улицы»; без инвазивных видов ППМ 369-ПП";;;;
bush_open_area_018_057;посажено;bush;Спирея Бумальда;NEW_BUSH;3.954;181.367;142.059;499.984;Диагональные линии под углом к проезжей части;06_kamchatskaya_ulitsa;"Диагональные линии под углом к проезжей части — по аналогии с проектом «06_kamchatskaya_ulitsa»; ближайшее ограничение — пешеходная дорожка / тротуар: 4.6 м при норме 0.5 м (СП 42.13330.2016, п. 9.6, табл. 9.1; ППМ 743-ПП, табл. 3.6.1)";"ассортимент для озеленения Москвы, категория «магистрали и улицы»; без инвазивных видов ППМ 369-ПП";пешеходная дорожка / тротуар;4.62;0.5;"СП 42.13330.2016, п. 9.6, табл. 9.1; ППМ 743-ПП, табл. 3.6.1"
bush_open_area_018_058;посажено;bush;Смородина золотистая;NEW_BUSH;4.66;182.576;142.764;501.194;Диагональные линии под углом к проезжей части;06_kamchatskaya_ulitsa;"Диагональные линии под углом к проезжей части — по аналогии с проектом «06_kamchatskaya_ulitsa»; нормируемых ограничений ближе 5 м сверх нормы нет";"ассортимент для озеленения Москвы, категория «магистрали и улицы»; без инвазивных видов ППМ 369-ПП";;;;
bush_open_area_018_059;посажено;bush;Спирея Бумальда;NEW_BUSH;6.07;184.995;144.175;503.612;Диагональные линии под углом к проезжей части;06_kamchatskaya_ulitsa;"Диагональные линии под углом к проезжей части — по аналогии с проектом «06_kamchatskaya_ulitsa»; нормируемых ограничений ближе 5 м сверх нормы нет";"ассортимент для озеленения Москвы, категория «магистрали и улицы»; без инвазивных видов ППМ 369-ПП";;;;
bush_open_area_018_060;посажено;bush;Смородина золотистая;NEW_BUSH;9.598;191.041;147.703;509.658;Диагональные линии под углом к проезжей части;06_kamchatskaya_ulitsa;"Диагональные линии под углом к проезжей части — по аналогии с проектом «06_kamchatskaya_ulitsa»; нормируемых ограничений ближе 5 м сверх нормы нет";"ассортимент для озеленения Москвы, категория «магистрали и улицы»; без инвазивных видов ППМ 369-ПП";;;;
bush_open_area_018_061;посажено;bush;Спирея Бумальда;NEW_BUSH;10.303;192.25;148.408;510.868;Диагональные линии под углом к проезжей части;06_kamchatskaya_ulitsa;"Диагональные линии под углом к проезжей части — по аналогии с проектом «06_kamchatskaya_ulitsa»; нормируемых ограничений ближе 5 м сверх нормы нет";"ассортимент для озеленения Москвы, категория «магистрали и улицы»; без инвазивных видов ППМ 369-ПП";;;;
bush_open_area_018_062;посажено;bush;Смородина золотистая;NEW_BUSH;11.009;193.46;149.114;512.077;Диагональные линии под углом к проезжей части;06_kamchatskaya_ulitsa;"Диагональные линии под углом к проезжей части — по аналогии с проектом «06_kamchatskaya_ulitsa»; нормируемых ограничений ближе 5 м сверх нормы нет";"ассортимент для озеленения Москвы, категория «магистрали и улицы»; без инвазивных видов ППМ 369-ПП";;;;
bush_open_area_018_063;посажено;bush;Спирея Бумальда;NEW_BUSH;11.714;194.669;149.819;513.286;Диагональные линии под углом к проезжей части;06_kamchatskaya_ulitsa;"Диагональные линии под углом к проезжей части — по аналогии с проектом «06_kamchatskaya_ulitsa»; нормируемых ограничений ближе 5 м сверх нормы нет";"ассортимент для озеленения Москвы, категория «магистрали и улицы»; без инвазивных видов ППМ 369-ПП";;;;
bush_open_area_018_064;посажено;bush;Смородина золотистая;NEW_BUSH;12.42;195.878;150.525;514.495;Диагональные линии под углом к проезжей части;06_kamchatskaya_ulitsa;"Диагональные линии под углом к проезжей части — по аналогии с проектом «06_kamchatskaya_ulitsa»; нормируемых ограничений ближе 5 м сверх нормы нет";"ассортимент для озеленения Москвы, категория «магистрали и улицы»; без инвазивных видов ППМ 369-ПП";;;;
bush_open_area_018_065;посажено;bush;Спирея Бумальда;NEW_BUSH;15.242;200.715;153.347;519.333;Диагональные линии под углом к проезжей части;06_kamchatskaya_ulitsa;"Диагональные линии под углом к проезжей части — по аналогии с проектом «06_kamchatskaya_ulitsa»; нормируемых ограничений ближе 5 м сверх нормы нет";"ассортимент для озеленения Москвы, категория «магистрали и улицы»; без инвазивных видов ППМ 369-ПП";;;;
bush_open_area_018_066;посажено;bush;Смородина золотистая;NEW_BUSH;15.947;201.924;154.052;520.542;Диагональные линии под углом к проезжей части;06_kamchatskaya_ulitsa;"Диагональные линии под углом к проезжей части — по аналогии с проектом «06_kamchatskaya_ulitsa»; нормируемых ограничений ближе 5 м сверх нормы нет";"ассортимент для озеленения Москвы, категория «магистрали и улицы»; без инвазивных видов ППМ 369-ПП";;;;
bush_open_area_018_067;посажено;bush;Спирея Бумальда;NEW_BUSH;16.653;203.134;154.758;521.751;Диагональные линии под углом к проезжей части;06_kamchatskaya_ulitsa;"Диагональные линии под углом к проезжей части — по аналогии с проектом «06_kamchatskaya_ulitsa»; нормируемых ограничений ближе 5 м сверх нормы нет";"ассортимент для озеленения Москвы, категория «магистрали и улицы»; без инвазивных видов ППМ 369-ПП";;;;
bush_open_area_018_068;посажено;bush;Смородина золотистая;NEW_BUSH;17.358;204.343;155.463;522.96;Диагональные линии под углом к проезжей части;06_kamchatskaya_ulitsa;"Диагональные линии под углом к проезжей части — по аналогии с проектом «06_kamchatskaya_ulitsa»; нормируемых ограничений ближе 5 м сверх нормы нет";"ассортимент для озеленения Москвы, категория «магистрали и улицы»; без инвазивных видов ППМ 369-ПП";;;;
bush_open_area_018_069;посажено;bush;Спирея Бумальда;NEW_BUSH;18.064;205.552;156.168;524.17;Диагональные линии под углом к проезжей части;06_kamchatskaya_ulitsa;"Диагональные линии под углом к проезжей части — по аналогии с проектом «06_kamchatskaya_ulitsa»; нормируемых ограничений ближе 5 м сверх нормы нет";"ассортимент для озеленения Москвы, категория «магистрали и улицы»; без инвазивных видов ППМ 369-ПП";;;;
bush_open_area_018_070;посажено;bush;Смородина золотистая;NEW_BUSH;18.769;206.761;156.874;525.379;Диагональные линии под углом к проезжей части;06_kamchatskaya_ulitsa;"Диагональные линии под углом к проезжей части — по аналогии с проектом «06_kamchatskaya_ulitsa»; нормируемых ограничений ближе 5 м сверх нормы нет";"ассортимент для озеленения Москвы, категория «магистрали и улицы»; без инвазивных видов ППМ 369-ПП";;;;
tree_open_area_018_008;посажено;tree;Вяз гибридный Резиста;NEW_TREE;6.71;197.999;144.815;516.616;Диагональные линии под углом к проезжей части;06_kamchatskaya_ulitsa;"Диагональные линии под углом к проезжей части — по аналогии с проектом «06_kamchatskaya_ulitsa»; нормируемых ограничений ближе 5 м сверх нормы нет";"ассортимент для озеленения Москвы, категория «магистрали и улицы»; без инвазивных видов ППМ 369-ПП";tree tree_045;4.71;3.0;правило планировщика (не норма): зазор между объектами
bush_open_area_018_071;посажено;bush;Спирея Бумальда;NEW_BUSH;1.419;188.929;139.524;507.547;Диагональные линии под углом к проезжей части;06_kamchatskaya_ulitsa;"Диагональные линии под углом к проезжей части — по аналогии с проектом «06_kamchatskaya_ulitsa»; ближайшее ограничение — пешеходная дорожка / тротуар: 4.4 м при норме 0.5 м (СП 42.13330.2016, п. 9.6, табл. 9.1; ППМ 743-ПП, табл. 3.6.1)";"ассортимент для озеленения Москвы, категория «магистрали и улицы»; без инвазивных видов ППМ 369-ПП";пешеходная дорожка / тротуар;4.36;0.5;"СП 42.13330.2016, п. 9.6, табл. 9.1; ППМ 743-ПП, табл. 3.6.1"
bush_open_area_018_072;посажено;bush;Смородина золотистая;NEW_BUSH;2.125;190.138;140.23;508.756;Диагональные линии под углом к проезжей части;06_kamchatskaya_ulitsa;"Диагональные линии под углом к проезжей части — по аналогии с проектом «06_kamchatskaya_ulitsa»; ближайшее ограничение — пешеходная дорожка / тротуар: 5.1 м при норме 0.5 м (СП 42.13330.2016, п. 9.6, табл. 9.1; ППМ 743-ПП, табл. 3.6.1)";"ассортимент для озеленения Москвы, категория «магистрали и улицы»; без инвазивных видов ППМ 369-ПП";пешеходная дорожка / тротуар;5.06;0.5;"СП 42.13330.2016, п. 9.6, табл. 9.1; ППМ 743-ПП, табл. 3.6.1"
bush_open_area_018_073;посажено;bush;Спирея Бумальда;NEW_BUSH;2.83;191.348;140.935;509.965;Диагональные линии под углом к проезжей части;06_kamchatskaya_ulitsa;"Диагональные линии под углом к проезжей части — по аналогии с проектом «06_kamchatskaya_ulitsa»; нормируемых ограничений ближе 5 м сверх нормы нет";"ассортимент для озеленения Москвы, категория «магистрали и улицы»; без инвазивных видов ППМ 369-ПП";;;;
bush_open_area_018_074;посажено;bush;Смородина золотистая;NEW_BUSH;3.536;192.557;141.641;511.174;Диагональные линии под углом к проезжей части;06_kamchatskaya_ulitsa;"Диагональные линии под углом к проезжей части — по аналогии с проектом «06_kamchatskaya_ulitsa»; нормируемых ограничений ближе 5 м сверх нормы нет";"ассортимент для озеленения Москвы, категория «магистрали и улицы»; без инвазивных видов ППМ 369-ПП";;;;
bush_open_area_018_075;посажено;bush;Спирея Бумальда;NEW_BUSH;4.241;193.766;142.346;512.384;Диагональные линии под углом к проезжей части;06_kamchatskaya_ulitsa;"Диагональные линии под углом к проезжей части — по аналогии с проектом «06_kamchatskaya_ulitsa»; нормируемых ограничений ближе 5 м сверх нормы нет";"ассортимент для озеленения Москвы, категория «магистрали и улицы»; без инвазивных видов ППМ 369-ПП";;;;
bush_open_area_018_076;посажено;bush;Смородина золотистая;NEW_BUSH;4.947;194.975;143.052;513.593;Диагональные линии под углом к проезжей части;06_kamchatskaya_ulitsa;"Диагональные линии под углом к проезжей части — по аналогии с проектом «06_kamchatskaya_ulitsa»; нормируемых ограничений ближе 5 м сверх нормы нет";"ассортимент для озеленения Москвы, категория «магистрали и улицы»; без инвазивных видов ППМ 369-ПП";;;;
bush_open_area_018_077;посажено;bush;Спирея Бумальда;NEW_BUSH;5.652;196.185;143.757;514.802;Диагональные линии под углом к проезжей части;06_kamchatskaya_ulitsa;"Диагональные линии под углом к проезжей части — по аналогии с проектом «06_kamchatskaya_ulitsa»; нормируемых ограничений ближе 5 м сверх нормы нет";"ассортимент для озеленения Москвы, категория «магистрали и улицы»; без инвазивных видов ППМ 369-ПП";;;;
bush_open_area_018_078;посажено;bush;Смородина золотистая;NEW_BUSH;7.769;199.812;145.874;518.43;Диагональные линии под углом к проезжей части;06_kamchatskaya_ulitsa;"Диагональные линии под углом к проезжей части — по аналогии с проектом «06_kamchatskaya_ulitsa»; нормируемых ограничений ближе 5 м сверх нормы нет";"ассортимент для озеленения Москвы, категория «магистрали и улицы»; без инвазивных видов ППМ 369-ПП";;;;
bush_open_area_018_079;посажено;bush;Спирея Бумальда;NEW_BUSH;8.474;201.022;146.579;519.639;Диагональные линии под углом к проезжей части;06_kamchatskaya_ulitsa;"Диагональные линии под углом к проезжей части — по аналогии с проектом «06_kamchatskaya_ulitsa»; нормируемых ограничений ближе 5 м сверх нормы нет";"ассортимент для озеленения Москвы, категория «магистрали и улицы»; без инвазивных видов ППМ 369-ПП";;;;
tree_open_area_020_001;посажено;tree;Вяз гибридный Резиста;NEW_TREE;2.533;144.438;140.638;463.055;Диагональные линии под углом к проезжей части;06_kamchatskaya_ulitsa;"Диагональные линии под углом к проезжей части — по аналогии с проектом «06_kamchatskaya_ulitsa»; ближайшее ограничение — пешеходная дорожка / тротуар: 5.2 м при норме 0.7 м (СП 42.13330.2016, п. 9.6, табл. 9.1; ППМ 743-ПП, табл. 3.6.1)";"ассортимент для озеленения Москвы, категория «магистрали и улицы»; без инвазивных видов ППМ 369-ПП";пешеходная дорожка / тротуар;5.25;0.7;"СП 42.13330.2016, п. 9.6, табл. 9.1; ППМ 743-ПП, табл. 3.6.1"
bush_open_area_020_001;посажено;bush;Спирея Бумальда;NEW_BUSH;1.542;145.426;139.647;464.043;Диагональные линии под углом к проезжей части;06_kamchatskaya_ulitsa;"Диагональные линии под углом к проезжей части — по аналогии с проектом «06_kamchatskaya_ulitsa»; ближайшее ограничение — пешеходная дорожка / тротуар: 4.3 м при норме 0.5 м (СП 42.13330.2016, п. 9.6, табл. 9.1; ППМ 743-ПП, табл. 3.6.1)";"ассортимент для озеленения Москвы, категория «магистрали и улицы»; без инвазивных видов ППМ 369-ПП";пешеходная дорожка / тротуар;4.26;0.5;"СП 42.13330.2016, п. 9.6, табл. 9.1; ППМ 743-ПП, табл. 3.6.1"
bush_open_area_020_002;посажено;bush;Смородина золотистая;NEW_BUSH;3.525;143.449;141.63;462.067;Диагональные линии под углом к проезжей части;06_kamchatskaya_ulitsa;"Диагональные линии под углом к проезжей части — по аналогии с проектом «06_kamchatskaya_ulitsa»; нормируемых ограничений ближе 5 м сверх нормы нет";"ассортимент для озеленения Москвы, категория «магистрали и улицы»; без инвазивных видов ППМ 369-ПП";;;;
tree_open_area_022_001;посажено;tree;Вяз гибридный Резиста;NEW_TREE;2.934;88.477;141.039;407.095;Диагональные линии под углом к проезжей части;06_kamchatskaya_ulitsa;"Диагональные линии под углом к проезжей части — по аналогии с проектом «06_kamchatskaya_ulitsa»; ближайшее ограничение — пешеходная дорожка / тротуар: 5.2 м при норме 0.7 м (СП 42.13330.2016, п. 9.6, табл. 9.1; ППМ 743-ПП, табл. 3.6.1)";"ассортимент для озеленения Москвы, категория «магистрали и улицы»; без инвазивных видов ППМ 369-ПП";пешеходная дорожка / тротуар;5.2;0.7;"СП 42.13330.2016, п. 9.6, табл. 9.1; ППМ 743-ПП, табл. 3.6.1"
tree_open_area_022_002;посажено;tree;Вяз гибридный Резиста;NEW_TREE;2.702;95.501;140.807;414.118;Диагональные линии под углом к проезжей части;06_kamchatskaya_ulitsa;"Диагональные линии под углом к проезжей части — по аналогии с проектом «06_kamchatskaya_ulitsa»; ближайшее ограничение — пешеходная дорожка / тротуар: 5.2 м при норме 0.7 м (СП 42.13330.2016, п. 9.6, табл. 9.1; ППМ 743-ПП, табл. 3.6.1)";"ассортимент для озеленения Москвы, категория «магистрали и улицы»; без инвазивных видов ППМ 369-ПП";пешеходная дорожка / тротуар;5.21;0.7;"СП 42.13330.2016, п. 9.6, табл. 9.1; ППМ 743-ПП, табл. 3.6.1"
bush_open_area_028_001;посажено;bush;Спирея Бумальда;NEW_BUSH;-19.087;-40.246;119.018;278.372;Диагональные линии под углом к проезжей части;06_kamchatskaya_ulitsa;"Диагональные линии под углом к проезжей части — по аналогии с проектом «06_kamchatskaya_ulitsa»; ближайшее ограничение — воздушная ЛЭП: 4.6 м при норме 2.0 м (охранная зона по чертежу (отступ зоны))";"ассортимент для озеленения Москвы, категория «магистрали и улицы»; без инвазивных видов ППМ 369-ПП";воздушная ЛЭП;4.62;2.0;охранная зона по чертежу (отступ зоны)
;отклонено;tree;Боярышник Арнольда;;-26.657;-267.922;;;building_ring;;ближе нормы к объекту «здание»;;;5.0;5.0;"СП 42.13330.2016, п. 9.6, табл. 9.1; ППМ 743-ПП, табл. 3.6.1"
;отклонено;tree;Боярышник Арнольда;;8.132;-176.211;;;building_ring;;ближе нормы к объекту «теплосеть»;;;2.0;4.0;МГСН 1.02-02, п. 4.2.8
;отклонено;tree;Боярышник Арнольда;;13.629;-162.695;;;building_ring;;ближе нормы к объекту «здание»;;;5.0;5.0;"СП 42.13330.2016, п. 9.6, табл. 9.1; ППМ 743-ПП, табл. 3.6.1"
;отклонено;tree;Боярышник Арнольда;;10.134;-171.819;;;building_ring;;ближе нормы к объекту «пешеходная дорожка / тротуар»;;;0.7;2.0;СП 82.13330.2016, п. 9.22
;отклонено;tree;Боярышник Арнольда;;-28.535;-121.072;;;building_ring;;ближе нормы к объекту «силовой кабель»;;;2.0;2.0;"СП 42.13330.2016, п. 9.6, табл. 9.1; ППМ 743-ПП, табл. 3.6.1"
;отклонено;tree;Боярышник Арнольда;;-21.806;-130.155;;;building_ring;;ближе нормы к объекту «пешеходная дорожка / тротуар»;;;0.7;2.0;СП 82.13330.2016, п. 9.22
;отклонено;tree;Боярышник Арнольда;;-30.901;-139.802;;;building_ring;;ближе нормы к объекту «здание»;;;4.99;5.0;"СП 42.13330.2016, п. 9.6, табл. 9.1; ППМ 743-ПП, табл. 3.6.1"
;отклонено;bush;Смородина золотистая;;-36.972;-21.251;;;building_ring;;ближе нормы к объекту «воздушная ЛЭП»;;;2.0;2.0;охранная зона по чертежу (отступ зоны)
;отклонено;bush;Смородина золотистая;;-35.745;-21.914;;;building_ring;;ближе нормы к объекту «воздушная ЛЭП»;;;2.0;2.0;охранная зона по чертежу (отступ зоны)
;отклонено;tree;Боярышник Арнольда;;-29.197;-24.969;;;building_ring;;ближе нормы к объекту «здание»;;;5.0;5.0;"СП 42.13330.2016, п. 9.6, табл. 9.1; ППМ 743-ПП, табл. 3.6.1"
;отклонено;bush;Смородина золотистая;;-28.637;-25.202;;;building_ring;;ближе нормы к объекту «воздушная ЛЭП»;;;2.0;2.0;охранная зона по чертежу (отступ зоны)
;отклонено;bush;Смородина золотистая;;-26.096;-26.377;;;building_ring;;ближе нормы к объекту «воздушная ЛЭП»;;;2.0;2.0;охранная зона по чертежу (отступ зоны)
;отклонено;tree;Боярышник Арнольда;;-30.265;-48.461;;;building_ring;;ближе нормы к объекту «пешеходная дорожка / тротуар»;;;0.7;2.0;СП 82.13330.2016, п. 9.22
;отклонено;tree;Боярышник Арнольда;;-28.126;-44.265;;;building_ring;;ближе нормы к объекту «здание»;;;5.0;5.0;"СП 42.13330.2016, п. 9.6, табл. 9.1; ППМ 743-ПП, табл. 3.6.1"
;отклонено;tree;Боярышник Арнольда;;-26.177;-35.015;;;building_ring;;ближе нормы к объекту «воздушная ЛЭП»;;;2.0;2.0;охранная зона по чертежу (отступ зоны)
;отклонено;bush;Спирея трехлопастная;;-26.838;-34.786;;;building_ring;;ближе нормы к объекту «воздушная ЛЭП»;;;2.0;2.0;охранная зона по чертежу (отступ зоны)
;отклонено;tree;Боярышник Арнольда;;71.114;200.041;;;building_ring;;ближе нормы к объекту «здание»;;;4.99;5.0;"СП 42.13330.2016, п. 9.6, табл. 9.1; ППМ 743-ПП, табл. 3.6.1"
;отклонено;tree;Боярышник Арнольда;;65.038;197.189;;;building_ring;;ближе нормы к объекту «здание»;;;5.0;5.0;"СП 42.13330.2016, п. 9.6, табл. 9.1; ППМ 743-ПП, табл. 3.6.1"
;отклонено;tree;Боярышник Арнольда;;54.002;219.094;;;building_ring;;ближе нормы к объекту «пешеходная дорожка / тротуар»;;;0.7;2.0;СП 82.13330.2016, п. 9.22
;отклонено;tree;Боярышник Арнольда;;54.101;230.968;;;building_ring;;ближе нормы к объекту «пешеходная дорожка / тротуар»;;;0.7;2.0;СП 82.13330.2016, п. 9.22
;отклонено;tree;Боярышник Арнольда;;56.311;205.652;;;building_ring;;ближе нормы к объекту «здание»;;;5.0;5.0;"СП 42.13330.2016, п. 9.6, табл. 9.1; ППМ 743-ПП, табл. 3.6.1"
;отклонено;tree;Боярышник Арнольда;;9.814;261.056;;;building_ring;;ближе нормы к объекту «здание»;;;4.99;5.0;"СП 42.13330.2016, п. 9.6, табл. 9.1; ППМ 743-ПП, табл. 3.6.1"
;отклонено;tree;Боярышник Арнольда;;32.799;-185.168;;;building_ring;;ближе нормы к объекту «пешеходная дорожка / тротуар»;;;0.7;2.0;СП 82.13330.2016, п. 9.22
;отклонено;bush;Смородина золотистая;;40.921;-185.308;;;building_ring;;ближе нормы к объекту «воздушная ЛЭП»;;;2.0;2.0;охранная зона по чертежу (отступ зоны)
;отклонено;tree;Боярышник Арнольда;;-23.443;-129.975;;;building_ring;;ближе нормы к объекту «пешеходная дорожка / тротуар»;;;0.7;2.0;СП 82.13330.2016, п. 9.22
;отклонено;bush;Смородина золотистая;;-23.755;-130.24;;;building_ring;;ближе нормы к объекту «воздушная ЛЭП»;;;2.0;2.0;охранная зона по чертежу (отступ зоны)
building_001;запрет посадки;дерево;;;;;;;;;полоса вокруг объекта «здание», где деревья не ставятся;;здание;;5.0;"СП 42.13330.2016, п. 9.6, табл. 9.1; ППМ 743-ПП, табл. 3.6.1"
building_001;запрет посадки;кустарник;;;;;;;;;полоса вокруг объекта «здание», где кустарники не ставятся;;здание;;1.5;"СП 42.13330.2016, п. 9.6, табл. 9.1; ППМ 743-ПП, табл. 3.6.1"
building_002;запрет посадки;дерево;;;;;;;;;полоса вокруг объекта «здание», где деревья не ставятся;;здание;;5.0;"СП 42.13330.2016, п. 9.6, табл. 9.1; ППМ 743-ПП, табл. 3.6.1"
building_002;запрет посадки;кустарник;;;;;;;;;полоса вокруг объекта «здание», где кустарники не ставятся;;здание;;1.5;"СП 42.13330.2016, п. 9.6, табл. 9.1; ППМ 743-ПП, табл. 3.6.1"
building_003;запрет посадки;дерево;;;;;;;;;полоса вокруг объекта «здание», где деревья не ставятся;;здание;;5.0;"СП 42.13330.2016, п. 9.6, табл. 9.1; ППМ 743-ПП, табл. 3.6.1"
building_003;запрет посадки;кустарник;;;;;;;;;полоса вокруг объекта «здание», где кустарники не ставятся;;здание;;1.5;"СП 42.13330.2016, п. 9.6, табл. 9.1; ППМ 743-ПП, табл. 3.6.1"
building_004;запрет посадки;дерево;;;;;;;;;полоса вокруг объекта «здание», где деревья не ставятся;;здание;;5.0;"СП 42.13330.2016, п. 9.6, табл. 9.1; ППМ 743-ПП, табл. 3.6.1"
building_004;запрет посадки;кустарник;;;;;;;;;полоса вокруг объекта «здание», где кустарники не ставятся;;здание;;1.5;"СП 42.13330.2016, п. 9.6, табл. 9.1; ППМ 743-ПП, табл. 3.6.1"
building_005;запрет посадки;дерево;;;;;;;;;полоса вокруг объекта «здание», где деревья не ставятся;;здание;;5.0;"СП 42.13330.2016, п. 9.6, табл. 9.1; ППМ 743-ПП, табл. 3.6.1"
building_005;запрет посадки;кустарник;;;;;;;;;полоса вокруг объекта «здание», где кустарники не ставятся;;здание;;1.5;"СП 42.13330.2016, п. 9.6, табл. 9.1; ППМ 743-ПП, табл. 3.6.1"
building_006;запрет посадки;дерево;;;;;;;;;полоса вокруг объекта «здание», где деревья не ставятся;;здание;;5.0;"СП 42.13330.2016, п. 9.6, табл. 9.1; ППМ 743-ПП, табл. 3.6.1"
building_006;запрет посадки;кустарник;;;;;;;;;полоса вокруг объекта «здание», где кустарники не ставятся;;здание;;1.5;"СП 42.13330.2016, п. 9.6, табл. 9.1; ППМ 743-ПП, табл. 3.6.1"
building_007;запрет посадки;дерево;;;;;;;;;полоса вокруг объекта «здание», где деревья не ставятся;;здание;;5.0;"СП 42.13330.2016, п. 9.6, табл. 9.1; ППМ 743-ПП, табл. 3.6.1"
building_007;запрет посадки;кустарник;;;;;;;;;полоса вокруг объекта «здание», где кустарники не ставятся;;здание;;1.5;"СП 42.13330.2016, п. 9.6, табл. 9.1; ППМ 743-ПП, табл. 3.6.1"
building_008;запрет посадки;дерево;;;;;;;;;полоса вокруг объекта «здание», где деревья не ставятся;;здание;;5.0;"СП 42.13330.2016, п. 9.6, табл. 9.1; ППМ 743-ПП, табл. 3.6.1"
building_008;запрет посадки;кустарник;;;;;;;;;полоса вокруг объекта «здание», где кустарники не ставятся;;здание;;1.5;"СП 42.13330.2016, п. 9.6, табл. 9.1; ППМ 743-ПП, табл. 3.6.1"
building_009;запрет посадки;дерево;;;;;;;;;полоса вокруг объекта «здание», где деревья не ставятся;;здание;;5.0;"СП 42.13330.2016, п. 9.6, табл. 9.1; ППМ 743-ПП, табл. 3.6.1"
building_009;запрет посадки;кустарник;;;;;;;;;полоса вокруг объекта «здание», где кустарники не ставятся;;здание;;1.5;"СП 42.13330.2016, п. 9.6, табл. 9.1; ППМ 743-ПП, табл. 3.6.1"
building_010;запрет посадки;дерево;;;;;;;;;полоса вокруг объекта «здание», где деревья не ставятся;;здание;;5.0;"СП 42.13330.2016, п. 9.6, табл. 9.1; ППМ 743-ПП, табл. 3.6.1"
building_010;запрет посадки;кустарник;;;;;;;;;полоса вокруг объекта «здание», где кустарники не ставятся;;здание;;1.5;"СП 42.13330.2016, п. 9.6, табл. 9.1; ППМ 743-ПП, табл. 3.6.1"
building_011;запрет посадки;дерево;;;;;;;;;полоса вокруг объекта «здание», где деревья не ставятся;;здание;;5.0;"СП 42.13330.2016, п. 9.6, табл. 9.1; ППМ 743-ПП, табл. 3.6.1"
building_011;запрет посадки;кустарник;;;;;;;;;полоса вокруг объекта «здание», где кустарники не ставятся;;здание;;1.5;"СП 42.13330.2016, п. 9.6, табл. 9.1; ППМ 743-ПП, табл. 3.6.1"
building_012;запрет посадки;дерево;;;;;;;;;полоса вокруг объекта «здание», где деревья не ставятся;;здание;;5.0;"СП 42.13330.2016, п. 9.6, табл. 9.1; ППМ 743-ПП, табл. 3.6.1"
building_012;запрет посадки;кустарник;;;;;;;;;полоса вокруг объекта «здание», где кустарники не ставятся;;здание;;1.5;"СП 42.13330.2016, п. 9.6, табл. 9.1; ППМ 743-ПП, табл. 3.6.1"
building_013;запрет посадки;дерево;;;;;;;;;полоса вокруг объекта «здание», где деревья не ставятся;;здание;;5.0;"СП 42.13330.2016, п. 9.6, табл. 9.1; ППМ 743-ПП, табл. 3.6.1"
building_013;запрет посадки;кустарник;;;;;;;;;полоса вокруг объекта «здание», где кустарники не ставятся;;здание;;1.5;"СП 42.13330.2016, п. 9.6, табл. 9.1; ППМ 743-ПП, табл. 3.6.1"
building_014;запрет посадки;дерево;;;;;;;;;полоса вокруг объекта «здание», где деревья не ставятся;;здание;;5.0;"СП 42.13330.2016, п. 9.6, табл. 9.1; ППМ 743-ПП, табл. 3.6.1"
building_014;запрет посадки;кустарник;;;;;;;;;полоса вокруг объекта «здание», где кустарники не ставятся;;здание;;1.5;"СП 42.13330.2016, п. 9.6, табл. 9.1; ППМ 743-ПП, табл. 3.6.1"
building_015;запрет посадки;дерево;;;;;;;;;полоса вокруг объекта «здание», где деревья не ставятся;;здание;;5.0;"СП 42.13330.2016, п. 9.6, табл. 9.1; ППМ 743-ПП, табл. 3.6.1"
building_015;запрет посадки;кустарник;;;;;;;;;полоса вокруг объекта «здание», где кустарники не ставятся;;здание;;1.5;"СП 42.13330.2016, п. 9.6, табл. 9.1; ППМ 743-ПП, табл. 3.6.1"
building_016;запрет посадки;дерево;;;;;;;;;полоса вокруг объекта «здание», где деревья не ставятся;;здание;;5.0;"СП 42.13330.2016, п. 9.6, табл. 9.1; ППМ 743-ПП, табл. 3.6.1"
building_016;запрет посадки;кустарник;;;;;;;;;полоса вокруг объекта «здание», где кустарники не ставятся;;здание;;1.5;"СП 42.13330.2016, п. 9.6, табл. 9.1; ППМ 743-ПП, табл. 3.6.1"
building_017;запрет посадки;дерево;;;;;;;;;полоса вокруг объекта «здание», где деревья не ставятся;;здание;;5.0;"СП 42.13330.2016, п. 9.6, табл. 9.1; ППМ 743-ПП, табл. 3.6.1"
building_017;запрет посадки;кустарник;;;;;;;;;полоса вокруг объекта «здание», где кустарники не ставятся;;здание;;1.5;"СП 42.13330.2016, п. 9.6, табл. 9.1; ППМ 743-ПП, табл. 3.6.1"
building_018;запрет посадки;дерево;;;;;;;;;полоса вокруг объекта «здание», где деревья не ставятся;;здание;;5.0;"СП 42.13330.2016, п. 9.6, табл. 9.1; ППМ 743-ПП, табл. 3.6.1"
building_018;запрет посадки;кустарник;;;;;;;;;полоса вокруг объекта «здание», где кустарники не ставятся;;здание;;1.5;"СП 42.13330.2016, п. 9.6, табл. 9.1; ППМ 743-ПП, табл. 3.6.1"
building_019;запрет посадки;дерево;;;;;;;;;полоса вокруг объекта «здание», где деревья не ставятся;;здание;;5.0;"СП 42.13330.2016, п. 9.6, табл. 9.1; ППМ 743-ПП, табл. 3.6.1"
building_019;запрет посадки;кустарник;;;;;;;;;полоса вокруг объекта «здание», где кустарники не ставятся;;здание;;1.5;"СП 42.13330.2016, п. 9.6, табл. 9.1; ППМ 743-ПП, табл. 3.6.1"
electrical_001;запрет посадки;дерево;;;;;;;;;полоса вокруг объекта «силовой кабель», где деревья не ставятся;;силовой кабель;;2.0;"СП 42.13330.2016, п. 9.6, табл. 9.1; ППМ 743-ПП, табл. 3.6.1"
electrical_001;запрет посадки;кустарник;;;;;;;;;полоса вокруг объекта «силовой кабель», где кустарники не ставятся;;силовой кабель;;0.7;"СП 42.13330.2016, п. 9.6, табл. 9.1; ППМ 743-ПП, табл. 3.6.1"
electrical_002;запрет посадки;дерево;;;;;;;;;полоса вокруг объекта «силовой кабель», где деревья не ставятся;;силовой кабель;;2.0;"СП 42.13330.2016, п. 9.6, табл. 9.1; ППМ 743-ПП, табл. 3.6.1"
electrical_002;запрет посадки;кустарник;;;;;;;;;полоса вокруг объекта «силовой кабель», где кустарники не ставятся;;силовой кабель;;0.7;"СП 42.13330.2016, п. 9.6, табл. 9.1; ППМ 743-ПП, табл. 3.6.1"
electrical_003;запрет посадки;дерево;;;;;;;;;полоса вокруг объекта «силовой кабель», где деревья не ставятся;;силовой кабель;;2.0;"СП 42.13330.2016, п. 9.6, табл. 9.1; ППМ 743-ПП, табл. 3.6.1"
electrical_003;запрет посадки;кустарник;;;;;;;;;полоса вокруг объекта «силовой кабель», где кустарники не ставятся;;силовой кабель;;0.7;"СП 42.13330.2016, п. 9.6, табл. 9.1; ППМ 743-ПП, табл. 3.6.1"
electrical_004;запрет посадки;дерево;;;;;;;;;полоса вокруг объекта «силовой кабель», где деревья не ставятся;;силовой кабель;;2.0;"СП 42.13330.2016, п. 9.6, табл. 9.1; ППМ 743-ПП, табл. 3.6.1"
electrical_004;запрет посадки;кустарник;;;;;;;;;полоса вокруг объекта «силовой кабель», где кустарники не ставятся;;силовой кабель;;0.7;"СП 42.13330.2016, п. 9.6, табл. 9.1; ППМ 743-ПП, табл. 3.6.1"
electrical_005;запрет посадки;дерево;;;;;;;;;полоса вокруг объекта «силовой кабель», где деревья не ставятся;;силовой кабель;;2.0;"СП 42.13330.2016, п. 9.6, табл. 9.1; ППМ 743-ПП, табл. 3.6.1"
electrical_005;запрет посадки;кустарник;;;;;;;;;полоса вокруг объекта «силовой кабель», где кустарники не ставятся;;силовой кабель;;0.7;"СП 42.13330.2016, п. 9.6, табл. 9.1; ППМ 743-ПП, табл. 3.6.1"
electrical_006;запрет посадки;дерево;;;;;;;;;полоса вокруг объекта «силовой кабель», где деревья не ставятся;;силовой кабель;;2.0;"СП 42.13330.2016, п. 9.6, табл. 9.1; ППМ 743-ПП, табл. 3.6.1"
electrical_006;запрет посадки;кустарник;;;;;;;;;полоса вокруг объекта «силовой кабель», где кустарники не ставятся;;силовой кабель;;0.7;"СП 42.13330.2016, п. 9.6, табл. 9.1; ППМ 743-ПП, табл. 3.6.1"
electrical_007;запрет посадки;дерево;;;;;;;;;полоса вокруг объекта «силовой кабель», где деревья не ставятся;;силовой кабель;;2.0;"СП 42.13330.2016, п. 9.6, табл. 9.1; ППМ 743-ПП, табл. 3.6.1"
electrical_007;запрет посадки;кустарник;;;;;;;;;полоса вокруг объекта «силовой кабель», где кустарники не ставятся;;силовой кабель;;0.7;"СП 42.13330.2016, п. 9.6, табл. 9.1; ППМ 743-ПП, табл. 3.6.1"
overhead_power_line_001;запрет посадки;дерево;;;;;;;;;полоса вокруг объекта «воздушная ЛЭП», где деревья не ставятся;;воздушная ЛЭП;;2.0;охранная зона по чертежу (отступ зоны)
overhead_power_line_001;запрет посадки;кустарник;;;;;;;;;полоса вокруг объекта «воздушная ЛЭП», где кустарники не ставятся;;воздушная ЛЭП;;2.0;охранная зона по чертежу (отступ зоны)
overhead_power_line_002;запрет посадки;дерево;;;;;;;;;полоса вокруг объекта «воздушная ЛЭП», где деревья не ставятся;;воздушная ЛЭП;;2.0;охранная зона по чертежу (отступ зоны)
overhead_power_line_002;запрет посадки;кустарник;;;;;;;;;полоса вокруг объекта «воздушная ЛЭП», где кустарники не ставятся;;воздушная ЛЭП;;2.0;охранная зона по чертежу (отступ зоны)
overhead_power_line_003;запрет посадки;дерево;;;;;;;;;полоса вокруг объекта «воздушная ЛЭП», где деревья не ставятся;;воздушная ЛЭП;;2.0;охранная зона по чертежу (отступ зоны)
overhead_power_line_003;запрет посадки;кустарник;;;;;;;;;полоса вокруг объекта «воздушная ЛЭП», где кустарники не ставятся;;воздушная ЛЭП;;2.0;охранная зона по чертежу (отступ зоны)
overhead_power_line_004;запрет посадки;дерево;;;;;;;;;полоса вокруг объекта «воздушная ЛЭП», где деревья не ставятся;;воздушная ЛЭП;;2.0;охранная зона по чертежу (отступ зоны)
overhead_power_line_004;запрет посадки;кустарник;;;;;;;;;полоса вокруг объекта «воздушная ЛЭП», где кустарники не ставятся;;воздушная ЛЭП;;2.0;охранная зона по чертежу (отступ зоны)
overhead_power_line_005;запрет посадки;дерево;;;;;;;;;полоса вокруг объекта «воздушная ЛЭП», где деревья не ставятся;;воздушная ЛЭП;;2.0;охранная зона по чертежу (отступ зоны)
overhead_power_line_005;запрет посадки;кустарник;;;;;;;;;полоса вокруг объекта «воздушная ЛЭП», где кустарники не ставятся;;воздушная ЛЭП;;2.0;охранная зона по чертежу (отступ зоны)
overhead_power_line_006;запрет посадки;дерево;;;;;;;;;полоса вокруг объекта «воздушная ЛЭП», где деревья не ставятся;;воздушная ЛЭП;;2.0;охранная зона по чертежу (отступ зоны)
overhead_power_line_006;запрет посадки;кустарник;;;;;;;;;полоса вокруг объекта «воздушная ЛЭП», где кустарники не ставятся;;воздушная ЛЭП;;2.0;охранная зона по чертежу (отступ зоны)
overhead_power_line_007;запрет посадки;дерево;;;;;;;;;полоса вокруг объекта «воздушная ЛЭП», где деревья не ставятся;;воздушная ЛЭП;;2.0;охранная зона по чертежу (отступ зоны)
overhead_power_line_007;запрет посадки;кустарник;;;;;;;;;полоса вокруг объекта «воздушная ЛЭП», где кустарники не ставятся;;воздушная ЛЭП;;2.0;охранная зона по чертежу (отступ зоны)
heat_network_001;запрет посадки;дерево;;;;;;;;;полоса вокруг объекта «теплосеть», где деревья не ставятся;;теплосеть;;2.0;"СП 42.13330.2016, п. 9.6, табл. 9.1; ППМ 743-ПП, табл. 3.6.1"
heat_network_001;запрет посадки;кустарник;;;;;;;;;полоса вокруг объекта «теплосеть», где кустарники не ставятся;;теплосеть;;1.0;"СП 42.13330.2016, п. 9.6, табл. 9.1; ППМ 743-ПП, табл. 3.6.1"
heat_network_002;запрет посадки;дерево;;;;;;;;;полоса вокруг объекта «теплосеть», где деревья не ставятся;;теплосеть;;2.0;"СП 42.13330.2016, п. 9.6, табл. 9.1; ППМ 743-ПП, табл. 3.6.1"
heat_network_002;запрет посадки;кустарник;;;;;;;;;полоса вокруг объекта «теплосеть», где кустарники не ставятся;;теплосеть;;1.0;"СП 42.13330.2016, п. 9.6, табл. 9.1; ППМ 743-ПП, табл. 3.6.1"
heat_network_003;запрет посадки;дерево;;;;;;;;;полоса вокруг объекта «теплосеть», где деревья не ставятся;;теплосеть;;2.0;"СП 42.13330.2016, п. 9.6, табл. 9.1; ППМ 743-ПП, табл. 3.6.1"
heat_network_003;запрет посадки;кустарник;;;;;;;;;полоса вокруг объекта «теплосеть», где кустарники не ставятся;;теплосеть;;1.0;"СП 42.13330.2016, п. 9.6, табл. 9.1; ППМ 743-ПП, табл. 3.6.1"
heat_network_004;запрет посадки;дерево;;;;;;;;;полоса вокруг объекта «теплосеть», где деревья не ставятся;;теплосеть;;2.0;"СП 42.13330.2016, п. 9.6, табл. 9.1; ППМ 743-ПП, табл. 3.6.1"
heat_network_004;запрет посадки;кустарник;;;;;;;;;полоса вокруг объекта «теплосеть», где кустарники не ставятся;;теплосеть;;1.0;"СП 42.13330.2016, п. 9.6, табл. 9.1; ППМ 743-ПП, табл. 3.6.1"
heat_network_005;запрет посадки;дерево;;;;;;;;;полоса вокруг объекта «теплосеть», где деревья не ставятся;;теплосеть;;2.0;"СП 42.13330.2016, п. 9.6, табл. 9.1; ППМ 743-ПП, табл. 3.6.1"
heat_network_005;запрет посадки;кустарник;;;;;;;;;полоса вокруг объекта «теплосеть», где кустарники не ставятся;;теплосеть;;1.0;"СП 42.13330.2016, п. 9.6, табл. 9.1; ППМ 743-ПП, табл. 3.6.1"
heat_network_006;запрет посадки;дерево;;;;;;;;;полоса вокруг объекта «теплосеть», где деревья не ставятся;;теплосеть;;2.0;"СП 42.13330.2016, п. 9.6, табл. 9.1; ППМ 743-ПП, табл. 3.6.1"
heat_network_006;запрет посадки;кустарник;;;;;;;;;полоса вокруг объекта «теплосеть», где кустарники не ставятся;;теплосеть;;1.0;"СП 42.13330.2016, п. 9.6, табл. 9.1; ППМ 743-ПП, табл. 3.6.1"
heat_network_007;запрет посадки;дерево;;;;;;;;;полоса вокруг объекта «теплосеть», где деревья не ставятся;;теплосеть;;2.0;"СП 42.13330.2016, п. 9.6, табл. 9.1; ППМ 743-ПП, табл. 3.6.1"
heat_network_007;запрет посадки;кустарник;;;;;;;;;полоса вокруг объекта «теплосеть», где кустарники не ставятся;;теплосеть;;1.0;"СП 42.13330.2016, п. 9.6, табл. 9.1; ППМ 743-ПП, табл. 3.6.1"
water_pipeline_001;запрет посадки;дерево;;;;;;;;;полоса вокруг объекта «водопровод», где деревья не ставятся;;водопровод;;2.0;"СП 42.13330.2016, п. 9.6, табл. 9.1; ППМ 743-ПП, табл. 3.6.1"
water_pipeline_001;запрет посадки;кустарник;;;;;;;;;полоса вокруг объекта «водопровод», где кустарники не ставятся;;водопровод;;0.0;"СП 42.13330.2016, п. 9.6, табл. 9.1; ППМ 743-ПП, табл. 3.6.1"
water_pipeline_002;запрет посадки;дерево;;;;;;;;;полоса вокруг объекта «водопровод», где деревья не ставятся;;водопровод;;2.0;"СП 42.13330.2016, п. 9.6, табл. 9.1; ППМ 743-ПП, табл. 3.6.1"
water_pipeline_002;запрет посадки;кустарник;;;;;;;;;полоса вокруг объекта «водопровод», где кустарники не ставятся;;водопровод;;0.0;"СП 42.13330.2016, п. 9.6, табл. 9.1; ППМ 743-ПП, табл. 3.6.1"
water_pipeline_003;запрет посадки;дерево;;;;;;;;;полоса вокруг объекта «водопровод», где деревья не ставятся;;водопровод;;2.0;"СП 42.13330.2016, п. 9.6, табл. 9.1; ППМ 743-ПП, табл. 3.6.1"
water_pipeline_003;запрет посадки;кустарник;;;;;;;;;полоса вокруг объекта «водопровод», где кустарники не ставятся;;водопровод;;0.0;"СП 42.13330.2016, п. 9.6, табл. 9.1; ППМ 743-ПП, табл. 3.6.1"
water_pipeline_004;запрет посадки;дерево;;;;;;;;;полоса вокруг объекта «водопровод», где деревья не ставятся;;водопровод;;2.0;"СП 42.13330.2016, п. 9.6, табл. 9.1; ППМ 743-ПП, табл. 3.6.1"
water_pipeline_004;запрет посадки;кустарник;;;;;;;;;полоса вокруг объекта «водопровод», где кустарники не ставятся;;водопровод;;0.0;"СП 42.13330.2016, п. 9.6, табл. 9.1; ППМ 743-ПП, табл. 3.6.1"
water_pipeline_005;запрет посадки;дерево;;;;;;;;;полоса вокруг объекта «водопровод», где деревья не ставятся;;водопровод;;2.0;"СП 42.13330.2016, п. 9.6, табл. 9.1; ППМ 743-ПП, табл. 3.6.1"
water_pipeline_005;запрет посадки;кустарник;;;;;;;;;полоса вокруг объекта «водопровод», где кустарники не ставятся;;водопровод;;0.0;"СП 42.13330.2016, п. 9.6, табл. 9.1; ППМ 743-ПП, табл. 3.6.1"
water_pipeline_006;запрет посадки;дерево;;;;;;;;;полоса вокруг объекта «водопровод», где деревья не ставятся;;водопровод;;2.0;"СП 42.13330.2016, п. 9.6, табл. 9.1; ППМ 743-ПП, табл. 3.6.1"
water_pipeline_006;запрет посадки;кустарник;;;;;;;;;полоса вокруг объекта «водопровод», где кустарники не ставятся;;водопровод;;0.0;"СП 42.13330.2016, п. 9.6, табл. 9.1; ППМ 743-ПП, табл. 3.6.1"
water_pipeline_007;запрет посадки;дерево;;;;;;;;;полоса вокруг объекта «водопровод», где деревья не ставятся;;водопровод;;2.0;"СП 42.13330.2016, п. 9.6, табл. 9.1; ППМ 743-ПП, табл. 3.6.1"
water_pipeline_007;запрет посадки;кустарник;;;;;;;;;полоса вокруг объекта «водопровод», где кустарники не ставятся;;водопровод;;0.0;"СП 42.13330.2016, п. 9.6, табл. 9.1; ППМ 743-ПП, табл. 3.6.1"
water_pipeline_008;запрет посадки;дерево;;;;;;;;;полоса вокруг объекта «водопровод», где деревья не ставятся;;водопровод;;2.0;"СП 42.13330.2016, п. 9.6, табл. 9.1; ППМ 743-ПП, табл. 3.6.1"
water_pipeline_008;запрет посадки;кустарник;;;;;;;;;полоса вокруг объекта «водопровод», где кустарники не ставятся;;водопровод;;0.0;"СП 42.13330.2016, п. 9.6, табл. 9.1; ППМ 743-ПП, табл. 3.6.1"
water_pipeline_009;запрет посадки;дерево;;;;;;;;;полоса вокруг объекта «водопровод», где деревья не ставятся;;водопровод;;2.0;"СП 42.13330.2016, п. 9.6, табл. 9.1; ППМ 743-ПП, табл. 3.6.1"
water_pipeline_009;запрет посадки;кустарник;;;;;;;;;полоса вокруг объекта «водопровод», где кустарники не ставятся;;водопровод;;0.0;"СП 42.13330.2016, п. 9.6, табл. 9.1; ППМ 743-ПП, табл. 3.6.1"
signal_cable_001;запрет посадки;дерево;;;;;;;;;полоса вокруг объекта «кабель связи», где деревья не ставятся;;кабель связи;;2.0;"СП 42.13330.2016, п. 9.6, табл. 9.1; ППМ 743-ПП, табл. 3.6.1"
signal_cable_001;запрет посадки;кустарник;;;;;;;;;полоса вокруг объекта «кабель связи», где кустарники не ставятся;;кабель связи;;0.7;"СП 42.13330.2016, п. 9.6, табл. 9.1; ППМ 743-ПП, табл. 3.6.1"
signal_cable_002;запрет посадки;дерево;;;;;;;;;полоса вокруг объекта «кабель связи», где деревья не ставятся;;кабель связи;;2.0;"СП 42.13330.2016, п. 9.6, табл. 9.1; ППМ 743-ПП, табл. 3.6.1"
signal_cable_002;запрет посадки;кустарник;;;;;;;;;полоса вокруг объекта «кабель связи», где кустарники не ставятся;;кабель связи;;0.7;"СП 42.13330.2016, п. 9.6, табл. 9.1; ППМ 743-ПП, табл. 3.6.1"
signal_cable_003;запрет посадки;дерево;;;;;;;;;полоса вокруг объекта «кабель связи», где деревья не ставятся;;кабель связи;;2.0;"СП 42.13330.2016, п. 9.6, табл. 9.1; ППМ 743-ПП, табл. 3.6.1"
signal_cable_003;запрет посадки;кустарник;;;;;;;;;полоса вокруг объекта «кабель связи», где кустарники не ставятся;;кабель связи;;0.7;"СП 42.13330.2016, п. 9.6, табл. 9.1; ППМ 743-ПП, табл. 3.6.1"
signal_cable_004;запрет посадки;дерево;;;;;;;;;полоса вокруг объекта «кабель связи», где деревья не ставятся;;кабель связи;;2.0;"СП 42.13330.2016, п. 9.6, табл. 9.1; ППМ 743-ПП, табл. 3.6.1"
signal_cable_004;запрет посадки;кустарник;;;;;;;;;полоса вокруг объекта «кабель связи», где кустарники не ставятся;;кабель связи;;0.7;"СП 42.13330.2016, п. 9.6, табл. 9.1; ППМ 743-ПП, табл. 3.6.1"
signal_cable_005;запрет посадки;дерево;;;;;;;;;полоса вокруг объекта «кабель связи», где деревья не ставятся;;кабель связи;;2.0;"СП 42.13330.2016, п. 9.6, табл. 9.1; ППМ 743-ПП, табл. 3.6.1"
signal_cable_005;запрет посадки;кустарник;;;;;;;;;полоса вокруг объекта «кабель связи», где кустарники не ставятся;;кабель связи;;0.7;"СП 42.13330.2016, п. 9.6, табл. 9.1; ППМ 743-ПП, табл. 3.6.1"
signal_cable_006;запрет посадки;дерево;;;;;;;;;полоса вокруг объекта «кабель связи», где деревья не ставятся;;кабель связи;;2.0;"СП 42.13330.2016, п. 9.6, табл. 9.1; ППМ 743-ПП, табл. 3.6.1"
signal_cable_006;запрет посадки;кустарник;;;;;;;;;полоса вокруг объекта «кабель связи», где кустарники не ставятся;;кабель связи;;0.7;"СП 42.13330.2016, п. 9.6, табл. 9.1; ППМ 743-ПП, табл. 3.6.1"
signal_cable_007;запрет посадки;дерево;;;;;;;;;полоса вокруг объекта «кабель связи», где деревья не ставятся;;кабель связи;;2.0;"СП 42.13330.2016, п. 9.6, табл. 9.1; ППМ 743-ПП, табл. 3.6.1"
signal_cable_007;запрет посадки;кустарник;;;;;;;;;полоса вокруг объекта «кабель связи», где кустарники не ставятся;;кабель связи;;0.7;"СП 42.13330.2016, п. 9.6, табл. 9.1; ППМ 743-ПП, табл. 3.6.1"
sewer_001;запрет посадки;дерево;;;;;;;;;полоса вокруг объекта «канализация», где деревья не ставятся;;канализация;;1.5;"СП 42.13330.2016, п. 9.6, табл. 9.1; ППМ 743-ПП, табл. 3.6.1"
sewer_001;запрет посадки;кустарник;;;;;;;;;полоса вокруг объекта «канализация», где кустарники не ставятся;;канализация;;0.0;"СП 42.13330.2016, п. 9.6, табл. 9.1; ППМ 743-ПП, табл. 3.6.1"
sewer_002;запрет посадки;дерево;;;;;;;;;полоса вокруг объекта «канализация», где деревья не ставятся;;канализация;;1.5;"СП 42.13330.2016, п. 9.6, табл. 9.1; ППМ 743-ПП, табл. 3.6.1"
sewer_002;запрет посадки;кустарник;;;;;;;;;полоса вокруг объекта «канализация», где кустарники не ставятся;;канализация;;0.0;"СП 42.13330.2016, п. 9.6, табл. 9.1; ППМ 743-ПП, табл. 3.6.1"
sewer_003;запрет посадки;дерево;;;;;;;;;полоса вокруг объекта «канализация», где деревья не ставятся;;канализация;;1.5;"СП 42.13330.2016, п. 9.6, табл. 9.1; ППМ 743-ПП, табл. 3.6.1"
sewer_003;запрет посадки;кустарник;;;;;;;;;полоса вокруг объекта «канализация», где кустарники не ставятся;;канализация;;0.0;"СП 42.13330.2016, п. 9.6, табл. 9.1; ППМ 743-ПП, табл. 3.6.1"
sewer_004;запрет посадки;дерево;;;;;;;;;полоса вокруг объекта «канализация», где деревья не ставятся;;канализация;;1.5;"СП 42.13330.2016, п. 9.6, табл. 9.1; ППМ 743-ПП, табл. 3.6.1"
sewer_004;запрет посадки;кустарник;;;;;;;;;полоса вокруг объекта «канализация», где кустарники не ставятся;;канализация;;0.0;"СП 42.13330.2016, п. 9.6, табл. 9.1; ППМ 743-ПП, табл. 3.6.1"
sewer_005;запрет посадки;дерево;;;;;;;;;полоса вокруг объекта «канализация», где деревья не ставятся;;канализация;;1.5;"СП 42.13330.2016, п. 9.6, табл. 9.1; ППМ 743-ПП, табл. 3.6.1"
sewer_005;запрет посадки;кустарник;;;;;;;;;полоса вокруг объекта «канализация», где кустарники не ставятся;;канализация;;0.0;"СП 42.13330.2016, п. 9.6, табл. 9.1; ППМ 743-ПП, табл. 3.6.1"
sewer_006;запрет посадки;дерево;;;;;;;;;полоса вокруг объекта «канализация», где деревья не ставятся;;канализация;;1.5;"СП 42.13330.2016, п. 9.6, табл. 9.1; ППМ 743-ПП, табл. 3.6.1"
sewer_006;запрет посадки;кустарник;;;;;;;;;полоса вокруг объекта «канализация», где кустарники не ставятся;;канализация;;0.0;"СП 42.13330.2016, п. 9.6, табл. 9.1; ППМ 743-ПП, табл. 3.6.1"
sewer_007;запрет посадки;дерево;;;;;;;;;полоса вокруг объекта «канализация», где деревья не ставятся;;канализация;;1.5;"СП 42.13330.2016, п. 9.6, табл. 9.1; ППМ 743-ПП, табл. 3.6.1"
sewer_007;запрет посадки;кустарник;;;;;;;;;полоса вокруг объекта «канализация», где кустарники не ставятся;;канализация;;0.0;"СП 42.13330.2016, п. 9.6, табл. 9.1; ППМ 743-ПП, табл. 3.6.1"
sewer_008;запрет посадки;дерево;;;;;;;;;полоса вокруг объекта «канализация», где деревья не ставятся;;канализация;;1.5;"СП 42.13330.2016, п. 9.6, табл. 9.1; ППМ 743-ПП, табл. 3.6.1"
sewer_008;запрет посадки;кустарник;;;;;;;;;полоса вокруг объекта «канализация», где кустарники не ставятся;;канализация;;0.0;"СП 42.13330.2016, п. 9.6, табл. 9.1; ППМ 743-ПП, табл. 3.6.1"
pedestrian_path_001;запрет посадки;дерево;;;;;;;;;полоса вокруг объекта «пешеходная дорожка / тротуар», где деревья не ставятся;;пешеходная дорожка / тротуар;;0.7;"СП 42.13330.2016, п. 9.6, табл. 9.1; ППМ 743-ПП, табл. 3.6.1"
pedestrian_path_001;запрет посадки;кустарник;;;;;;;;;полоса вокруг объекта «пешеходная дорожка / тротуар», где кустарники не ставятся;;пешеходная дорожка / тротуар;;0.5;"СП 42.13330.2016, п. 9.6, табл. 9.1; ППМ 743-ПП, табл. 3.6.1"
pedestrian_path_002;запрет посадки;дерево;;;;;;;;;полоса вокруг объекта «пешеходная дорожка / тротуар», где деревья не ставятся;;пешеходная дорожка / тротуар;;0.7;"СП 42.13330.2016, п. 9.6, табл. 9.1; ППМ 743-ПП, табл. 3.6.1"
pedestrian_path_002;запрет посадки;кустарник;;;;;;;;;полоса вокруг объекта «пешеходная дорожка / тротуар», где кустарники не ставятся;;пешеходная дорожка / тротуар;;0.5;"СП 42.13330.2016, п. 9.6, табл. 9.1; ППМ 743-ПП, табл. 3.6.1"
pedestrian_path_003;запрет посадки;дерево;;;;;;;;;полоса вокруг объекта «пешеходная дорожка / тротуар», где деревья не ставятся;;пешеходная дорожка / тротуар;;0.7;"СП 42.13330.2016, п. 9.6, табл. 9.1; ППМ 743-ПП, табл. 3.6.1"
pedestrian_path_003;запрет посадки;кустарник;;;;;;;;;полоса вокруг объекта «пешеходная дорожка / тротуар», где кустарники не ставятся;;пешеходная дорожка / тротуар;;0.5;"СП 42.13330.2016, п. 9.6, табл. 9.1; ППМ 743-ПП, табл. 3.6.1"
pedestrian_path_004;запрет посадки;дерево;;;;;;;;;полоса вокруг объекта «пешеходная дорожка / тротуар», где деревья не ставятся;;пешеходная дорожка / тротуар;;0.7;"СП 42.13330.2016, п. 9.6, табл. 9.1; ППМ 743-ПП, табл. 3.6.1"
pedestrian_path_004;запрет посадки;кустарник;;;;;;;;;полоса вокруг объекта «пешеходная дорожка / тротуар», где кустарники не ставятся;;пешеходная дорожка / тротуар;;0.5;"СП 42.13330.2016, п. 9.6, табл. 9.1; ППМ 743-ПП, табл. 3.6.1"
pedestrian_path_005;запрет посадки;дерево;;;;;;;;;полоса вокруг объекта «пешеходная дорожка / тротуар», где деревья не ставятся;;пешеходная дорожка / тротуар;;0.7;"СП 42.13330.2016, п. 9.6, табл. 9.1; ППМ 743-ПП, табл. 3.6.1"
pedestrian_path_005;запрет посадки;кустарник;;;;;;;;;полоса вокруг объекта «пешеходная дорожка / тротуар», где кустарники не ставятся;;пешеходная дорожка / тротуар;;0.5;"СП 42.13330.2016, п. 9.6, табл. 9.1; ППМ 743-ПП, табл. 3.6.1"
pedestrian_path_006;запрет посадки;дерево;;;;;;;;;полоса вокруг объекта «пешеходная дорожка / тротуар», где деревья не ставятся;;пешеходная дорожка / тротуар;;0.7;"СП 42.13330.2016, п. 9.6, табл. 9.1; ППМ 743-ПП, табл. 3.6.1"
pedestrian_path_006;запрет посадки;кустарник;;;;;;;;;полоса вокруг объекта «пешеходная дорожка / тротуар», где кустарники не ставятся;;пешеходная дорожка / тротуар;;0.5;"СП 42.13330.2016, п. 9.6, табл. 9.1; ППМ 743-ПП, табл. 3.6.1"
pedestrian_path_007;запрет посадки;дерево;;;;;;;;;полоса вокруг объекта «пешеходная дорожка / тротуар», где деревья не ставятся;;пешеходная дорожка / тротуар;;0.7;"СП 42.13330.2016, п. 9.6, табл. 9.1; ППМ 743-ПП, табл. 3.6.1"
pedestrian_path_007;запрет посадки;кустарник;;;;;;;;;полоса вокруг объекта «пешеходная дорожка / тротуар», где кустарники не ставятся;;пешеходная дорожка / тротуар;;0.5;"СП 42.13330.2016, п. 9.6, табл. 9.1; ППМ 743-ПП, табл. 3.6.1"
pedestrian_path_008;запрет посадки;дерево;;;;;;;;;полоса вокруг объекта «пешеходная дорожка / тротуар», где деревья не ставятся;;пешеходная дорожка / тротуар;;0.7;"СП 42.13330.2016, п. 9.6, табл. 9.1; ППМ 743-ПП, табл. 3.6.1"
pedestrian_path_008;запрет посадки;кустарник;;;;;;;;;полоса вокруг объекта «пешеходная дорожка / тротуар», где кустарники не ставятся;;пешеходная дорожка / тротуар;;0.5;"СП 42.13330.2016, п. 9.6, табл. 9.1; ППМ 743-ПП, табл. 3.6.1"
pedestrian_path_009;запрет посадки;дерево;;;;;;;;;полоса вокруг объекта «пешеходная дорожка / тротуар», где деревья не ставятся;;пешеходная дорожка / тротуар;;0.7;"СП 42.13330.2016, п. 9.6, табл. 9.1; ППМ 743-ПП, табл. 3.6.1"
pedestrian_path_009;запрет посадки;кустарник;;;;;;;;;полоса вокруг объекта «пешеходная дорожка / тротуар», где кустарники не ставятся;;пешеходная дорожка / тротуар;;0.5;"СП 42.13330.2016, п. 9.6, табл. 9.1; ППМ 743-ПП, табл. 3.6.1"
pedestrian_path_010;запрет посадки;дерево;;;;;;;;;полоса вокруг объекта «пешеходная дорожка / тротуар», где деревья не ставятся;;пешеходная дорожка / тротуар;;0.7;"СП 42.13330.2016, п. 9.6, табл. 9.1; ППМ 743-ПП, табл. 3.6.1"
pedestrian_path_010;запрет посадки;кустарник;;;;;;;;;полоса вокруг объекта «пешеходная дорожка / тротуар», где кустарники не ставятся;;пешеходная дорожка / тротуар;;0.5;"СП 42.13330.2016, п. 9.6, табл. 9.1; ППМ 743-ПП, табл. 3.6.1"
pedestrian_path_011;запрет посадки;дерево;;;;;;;;;полоса вокруг объекта «пешеходная дорожка / тротуар», где деревья не ставятся;;пешеходная дорожка / тротуар;;0.7;"СП 42.13330.2016, п. 9.6, табл. 9.1; ППМ 743-ПП, табл. 3.6.1"
pedestrian_path_011;запрет посадки;кустарник;;;;;;;;;полоса вокруг объекта «пешеходная дорожка / тротуар», где кустарники не ставятся;;пешеходная дорожка / тротуар;;0.5;"СП 42.13330.2016, п. 9.6, табл. 9.1; ППМ 743-ПП, табл. 3.6.1"
pedestrian_path_012;запрет посадки;дерево;;;;;;;;;полоса вокруг объекта «пешеходная дорожка / тротуар», где деревья не ставятся;;пешеходная дорожка / тротуар;;0.7;"СП 42.13330.2016, п. 9.6, табл. 9.1; ППМ 743-ПП, табл. 3.6.1"
pedestrian_path_012;запрет посадки;кустарник;;;;;;;;;полоса вокруг объекта «пешеходная дорожка / тротуар», где кустарники не ставятся;;пешеходная дорожка / тротуар;;0.5;"СП 42.13330.2016, п. 9.6, табл. 9.1; ППМ 743-ПП, табл. 3.6.1"
pedestrian_path_013;запрет посадки;дерево;;;;;;;;;полоса вокруг объекта «пешеходная дорожка / тротуар», где деревья не ставятся;;пешеходная дорожка / тротуар;;0.7;"СП 42.13330.2016, п. 9.6, табл. 9.1; ППМ 743-ПП, табл. 3.6.1"
pedestrian_path_013;запрет посадки;кустарник;;;;;;;;;полоса вокруг объекта «пешеходная дорожка / тротуар», где кустарники не ставятся;;пешеходная дорожка / тротуар;;0.5;"СП 42.13330.2016, п. 9.6, табл. 9.1; ППМ 743-ПП, табл. 3.6.1"
pedestrian_path_014;запрет посадки;дерево;;;;;;;;;полоса вокруг объекта «пешеходная дорожка / тротуар», где деревья не ставятся;;пешеходная дорожка / тротуар;;0.7;"СП 42.13330.2016, п. 9.6, табл. 9.1; ППМ 743-ПП, табл. 3.6.1"
pedestrian_path_014;запрет посадки;кустарник;;;;;;;;;полоса вокруг объекта «пешеходная дорожка / тротуар», где кустарники не ставятся;;пешеходная дорожка / тротуар;;0.5;"СП 42.13330.2016, п. 9.6, табл. 9.1; ППМ 743-ПП, табл. 3.6.1"
pedestrian_path_015;запрет посадки;дерево;;;;;;;;;полоса вокруг объекта «пешеходная дорожка / тротуар», где деревья не ставятся;;пешеходная дорожка / тротуар;;0.7;"СП 42.13330.2016, п. 9.6, табл. 9.1; ППМ 743-ПП, табл. 3.6.1"
pedestrian_path_015;запрет посадки;кустарник;;;;;;;;;полоса вокруг объекта «пешеходная дорожка / тротуар», где кустарники не ставятся;;пешеходная дорожка / тротуар;;0.5;"СП 42.13330.2016, п. 9.6, табл. 9.1; ППМ 743-ПП, табл. 3.6.1"
pedestrian_path_016;запрет посадки;дерево;;;;;;;;;полоса вокруг объекта «пешеходная дорожка / тротуар», где деревья не ставятся;;пешеходная дорожка / тротуар;;0.7;"СП 42.13330.2016, п. 9.6, табл. 9.1; ППМ 743-ПП, табл. 3.6.1"
pedestrian_path_016;запрет посадки;кустарник;;;;;;;;;полоса вокруг объекта «пешеходная дорожка / тротуар», где кустарники не ставятся;;пешеходная дорожка / тротуар;;0.5;"СП 42.13330.2016, п. 9.6, табл. 9.1; ППМ 743-ПП, табл. 3.6.1"
pedestrian_path_017;запрет посадки;дерево;;;;;;;;;полоса вокруг объекта «пешеходная дорожка / тротуар», где деревья не ставятся;;пешеходная дорожка / тротуар;;0.7;"СП 42.13330.2016, п. 9.6, табл. 9.1; ППМ 743-ПП, табл. 3.6.1"
pedestrian_path_017;запрет посадки;кустарник;;;;;;;;;полоса вокруг объекта «пешеходная дорожка / тротуар», где кустарники не ставятся;;пешеходная дорожка / тротуар;;0.5;"СП 42.13330.2016, п. 9.6, табл. 9.1; ППМ 743-ПП, табл. 3.6.1"
pedestrian_path_018;запрет посадки;дерево;;;;;;;;;полоса вокруг объекта «пешеходная дорожка / тротуар», где деревья не ставятся;;пешеходная дорожка / тротуар;;0.7;"СП 42.13330.2016, п. 9.6, табл. 9.1; ППМ 743-ПП, табл. 3.6.1"
pedestrian_path_018;запрет посадки;кустарник;;;;;;;;;полоса вокруг объекта «пешеходная дорожка / тротуар», где кустарники не ставятся;;пешеходная дорожка / тротуар;;0.5;"СП 42.13330.2016, п. 9.6, табл. 9.1; ППМ 743-ПП, табл. 3.6.1"
pedestrian_path_019;запрет посадки;дерево;;;;;;;;;полоса вокруг объекта «пешеходная дорожка / тротуар», где деревья не ставятся;;пешеходная дорожка / тротуар;;0.7;"СП 42.13330.2016, п. 9.6, табл. 9.1; ППМ 743-ПП, табл. 3.6.1"
pedestrian_path_019;запрет посадки;кустарник;;;;;;;;;полоса вокруг объекта «пешеходная дорожка / тротуар», где кустарники не ставятся;;пешеходная дорожка / тротуар;;0.5;"СП 42.13330.2016, п. 9.6, табл. 9.1; ППМ 743-ПП, табл. 3.6.1"
pedestrian_path_020;запрет посадки;дерево;;;;;;;;;полоса вокруг объекта «пешеходная дорожка / тротуар», где деревья не ставятся;;пешеходная дорожка / тротуар;;0.7;"СП 42.13330.2016, п. 9.6, табл. 9.1; ППМ 743-ПП, табл. 3.6.1"
pedestrian_path_020;запрет посадки;кустарник;;;;;;;;;полоса вокруг объекта «пешеходная дорожка / тротуар», где кустарники не ставятся;;пешеходная дорожка / тротуар;;0.5;"СП 42.13330.2016, п. 9.6, табл. 9.1; ППМ 743-ПП, табл. 3.6.1"
pedestrian_path_021;запрет посадки;дерево;;;;;;;;;полоса вокруг объекта «пешеходная дорожка / тротуар», где деревья не ставятся;;пешеходная дорожка / тротуар;;0.7;"СП 42.13330.2016, п. 9.6, табл. 9.1; ППМ 743-ПП, табл. 3.6.1"
pedestrian_path_021;запрет посадки;кустарник;;;;;;;;;полоса вокруг объекта «пешеходная дорожка / тротуар», где кустарники не ставятся;;пешеходная дорожка / тротуар;;0.5;"СП 42.13330.2016, п. 9.6, табл. 9.1; ППМ 743-ПП, табл. 3.6.1"
pedestrian_path_022;запрет посадки;дерево;;;;;;;;;полоса вокруг объекта «пешеходная дорожка / тротуар», где деревья не ставятся;;пешеходная дорожка / тротуар;;0.7;"СП 42.13330.2016, п. 9.6, табл. 9.1; ППМ 743-ПП, табл. 3.6.1"
pedestrian_path_022;запрет посадки;кустарник;;;;;;;;;полоса вокруг объекта «пешеходная дорожка / тротуар», где кустарники не ставятся;;пешеходная дорожка / тротуар;;0.5;"СП 42.13330.2016, п. 9.6, табл. 9.1; ППМ 743-ПП, табл. 3.6.1"
pedestrian_path_023;запрет посадки;дерево;;;;;;;;;полоса вокруг объекта «пешеходная дорожка / тротуар», где деревья не ставятся;;пешеходная дорожка / тротуар;;0.7;"СП 42.13330.2016, п. 9.6, табл. 9.1; ППМ 743-ПП, табл. 3.6.1"
pedestrian_path_023;запрет посадки;кустарник;;;;;;;;;полоса вокруг объекта «пешеходная дорожка / тротуар», где кустарники не ставятся;;пешеходная дорожка / тротуар;;0.5;"СП 42.13330.2016, п. 9.6, табл. 9.1; ППМ 743-ПП, табл. 3.6.1"
pedestrian_path_024;запрет посадки;дерево;;;;;;;;;полоса вокруг объекта «пешеходная дорожка / тротуар», где деревья не ставятся;;пешеходная дорожка / тротуар;;0.7;"СП 42.13330.2016, п. 9.6, табл. 9.1; ППМ 743-ПП, табл. 3.6.1"
pedestrian_path_024;запрет посадки;кустарник;;;;;;;;;полоса вокруг объекта «пешеходная дорожка / тротуар», где кустарники не ставятся;;пешеходная дорожка / тротуар;;0.5;"СП 42.13330.2016, п. 9.6, табл. 9.1; ППМ 743-ПП, табл. 3.6.1"
pedestrian_path_025;запрет посадки;дерево;;;;;;;;;полоса вокруг объекта «пешеходная дорожка / тротуар», где деревья не ставятся;;пешеходная дорожка / тротуар;;0.7;"СП 42.13330.2016, п. 9.6, табл. 9.1; ППМ 743-ПП, табл. 3.6.1"
pedestrian_path_025;запрет посадки;кустарник;;;;;;;;;полоса вокруг объекта «пешеходная дорожка / тротуар», где кустарники не ставятся;;пешеходная дорожка / тротуар;;0.5;"СП 42.13330.2016, п. 9.6, табл. 9.1; ППМ 743-ПП, табл. 3.6.1"
pedestrian_path_026;запрет посадки;дерево;;;;;;;;;полоса вокруг объекта «пешеходная дорожка / тротуар», где деревья не ставятся;;пешеходная дорожка / тротуар;;0.7;"СП 42.13330.2016, п. 9.6, табл. 9.1; ППМ 743-ПП, табл. 3.6.1"
pedestrian_path_026;запрет посадки;кустарник;;;;;;;;;полоса вокруг объекта «пешеходная дорожка / тротуар», где кустарники не ставятся;;пешеходная дорожка / тротуар;;0.5;"СП 42.13330.2016, п. 9.6, табл. 9.1; ППМ 743-ПП, табл. 3.6.1"
pedestrian_path_027;запрет посадки;дерево;;;;;;;;;полоса вокруг объекта «пешеходная дорожка / тротуар», где деревья не ставятся;;пешеходная дорожка / тротуар;;0.7;"СП 42.13330.2016, п. 9.6, табл. 9.1; ППМ 743-ПП, табл. 3.6.1"
pedestrian_path_027;запрет посадки;кустарник;;;;;;;;;полоса вокруг объекта «пешеходная дорожка / тротуар», где кустарники не ставятся;;пешеходная дорожка / тротуар;;0.5;"СП 42.13330.2016, п. 9.6, табл. 9.1; ППМ 743-ПП, табл. 3.6.1"
pedestrian_path_028;запрет посадки;дерево;;;;;;;;;полоса вокруг объекта «пешеходная дорожка / тротуар», где деревья не ставятся;;пешеходная дорожка / тротуар;;0.7;"СП 42.13330.2016, п. 9.6, табл. 9.1; ППМ 743-ПП, табл. 3.6.1"
pedestrian_path_028;запрет посадки;кустарник;;;;;;;;;полоса вокруг объекта «пешеходная дорожка / тротуар», где кустарники не ставятся;;пешеходная дорожка / тротуар;;0.5;"СП 42.13330.2016, п. 9.6, табл. 9.1; ППМ 743-ПП, табл. 3.6.1"
pedestrian_path_029;запрет посадки;дерево;;;;;;;;;полоса вокруг объекта «пешеходная дорожка / тротуар», где деревья не ставятся;;пешеходная дорожка / тротуар;;0.7;"СП 42.13330.2016, п. 9.6, табл. 9.1; ППМ 743-ПП, табл. 3.6.1"
pedestrian_path_029;запрет посадки;кустарник;;;;;;;;;полоса вокруг объекта «пешеходная дорожка / тротуар», где кустарники не ставятся;;пешеходная дорожка / тротуар;;0.5;"СП 42.13330.2016, п. 9.6, табл. 9.1; ППМ 743-ПП, табл. 3.6.1"
pedestrian_path_030;запрет посадки;дерево;;;;;;;;;полоса вокруг объекта «пешеходная дорожка / тротуар», где деревья не ставятся;;пешеходная дорожка / тротуар;;0.7;"СП 42.13330.2016, п. 9.6, табл. 9.1; ППМ 743-ПП, табл. 3.6.1"
pedestrian_path_030;запрет посадки;кустарник;;;;;;;;;полоса вокруг объекта «пешеходная дорожка / тротуар», где кустарники не ставятся;;пешеходная дорожка / тротуар;;0.5;"СП 42.13330.2016, п. 9.6, табл. 9.1; ППМ 743-ПП, табл. 3.6.1"
pedestrian_path_031;запрет посадки;дерево;;;;;;;;;полоса вокруг объекта «пешеходная дорожка / тротуар», где деревья не ставятся;;пешеходная дорожка / тротуар;;0.7;"СП 42.13330.2016, п. 9.6, табл. 9.1; ППМ 743-ПП, табл. 3.6.1"
pedestrian_path_031;запрет посадки;кустарник;;;;;;;;;полоса вокруг объекта «пешеходная дорожка / тротуар», где кустарники не ставятся;;пешеходная дорожка / тротуар;;0.5;"СП 42.13330.2016, п. 9.6, табл. 9.1; ППМ 743-ПП, табл. 3.6.1"
pedestrian_path_032;запрет посадки;дерево;;;;;;;;;полоса вокруг объекта «пешеходная дорожка / тротуар», где деревья не ставятся;;пешеходная дорожка / тротуар;;0.7;"СП 42.13330.2016, п. 9.6, табл. 9.1; ППМ 743-ПП, табл. 3.6.1"
pedestrian_path_032;запрет посадки;кустарник;;;;;;;;;полоса вокруг объекта «пешеходная дорожка / тротуар», где кустарники не ставятся;;пешеходная дорожка / тротуар;;0.5;"СП 42.13330.2016, п. 9.6, табл. 9.1; ППМ 743-ПП, табл. 3.6.1"
pedestrian_path_033;запрет посадки;дерево;;;;;;;;;полоса вокруг объекта «пешеходная дорожка / тротуар», где деревья не ставятся;;пешеходная дорожка / тротуар;;0.7;"СП 42.13330.2016, п. 9.6, табл. 9.1; ППМ 743-ПП, табл. 3.6.1"
pedestrian_path_033;запрет посадки;кустарник;;;;;;;;;полоса вокруг объекта «пешеходная дорожка / тротуар», где кустарники не ставятся;;пешеходная дорожка / тротуар;;0.5;"СП 42.13330.2016, п. 9.6, табл. 9.1; ППМ 743-ПП, табл. 3.6.1"
pedestrian_path_034;запрет посадки;дерево;;;;;;;;;полоса вокруг объекта «пешеходная дорожка / тротуар», где деревья не ставятся;;пешеходная дорожка / тротуар;;0.7;"СП 42.13330.2016, п. 9.6, табл. 9.1; ППМ 743-ПП, табл. 3.6.1"
pedestrian_path_034;запрет посадки;кустарник;;;;;;;;;полоса вокруг объекта «пешеходная дорожка / тротуар», где кустарники не ставятся;;пешеходная дорожка / тротуар;;0.5;"СП 42.13330.2016, п. 9.6, табл. 9.1; ППМ 743-ПП, табл. 3.6.1"
pedestrian_path_035;запрет посадки;дерево;;;;;;;;;полоса вокруг объекта «пешеходная дорожка / тротуар», где деревья не ставятся;;пешеходная дорожка / тротуар;;0.7;"СП 42.13330.2016, п. 9.6, табл. 9.1; ППМ 743-ПП, табл. 3.6.1"
pedestrian_path_035;запрет посадки;кустарник;;;;;;;;;полоса вокруг объекта «пешеходная дорожка / тротуар», где кустарники не ставятся;;пешеходная дорожка / тротуар;;0.5;"СП 42.13330.2016, п. 9.6, табл. 9.1; ППМ 743-ПП, табл. 3.6.1"
pedestrian_path_036;запрет посадки;дерево;;;;;;;;;полоса вокруг объекта «пешеходная дорожка / тротуар», где деревья не ставятся;;пешеходная дорожка / тротуар;;0.7;"СП 42.13330.2016, п. 9.6, табл. 9.1; ППМ 743-ПП, табл. 3.6.1"
pedestrian_path_036;запрет посадки;кустарник;;;;;;;;;полоса вокруг объекта «пешеходная дорожка / тротуар», где кустарники не ставятся;;пешеходная дорожка / тротуар;;0.5;"СП 42.13330.2016, п. 9.6, табл. 9.1; ППМ 743-ПП, табл. 3.6.1"
pedestrian_path_037;запрет посадки;дерево;;;;;;;;;полоса вокруг объекта «пешеходная дорожка / тротуар», где деревья не ставятся;;пешеходная дорожка / тротуар;;0.7;"СП 42.13330.2016, п. 9.6, табл. 9.1; ППМ 743-ПП, табл. 3.6.1"
pedestrian_path_037;запрет посадки;кустарник;;;;;;;;;полоса вокруг объекта «пешеходная дорожка / тротуар», где кустарники не ставятся;;пешеходная дорожка / тротуар;;0.5;"СП 42.13330.2016, п. 9.6, табл. 9.1; ППМ 743-ПП, табл. 3.6.1"
pedestrian_path_038;запрет посадки;дерево;;;;;;;;;полоса вокруг объекта «пешеходная дорожка / тротуар», где деревья не ставятся;;пешеходная дорожка / тротуар;;0.7;"СП 42.13330.2016, п. 9.6, табл. 9.1; ППМ 743-ПП, табл. 3.6.1"
pedestrian_path_038;запрет посадки;кустарник;;;;;;;;;полоса вокруг объекта «пешеходная дорожка / тротуар», где кустарники не ставятся;;пешеходная дорожка / тротуар;;0.5;"СП 42.13330.2016, п. 9.6, табл. 9.1; ППМ 743-ПП, табл. 3.6.1"
pedestrian_path_039;запрет посадки;дерево;;;;;;;;;полоса вокруг объекта «пешеходная дорожка / тротуар», где деревья не ставятся;;пешеходная дорожка / тротуар;;0.7;"СП 42.13330.2016, п. 9.6, табл. 9.1; ППМ 743-ПП, табл. 3.6.1"
pedestrian_path_039;запрет посадки;кустарник;;;;;;;;;полоса вокруг объекта «пешеходная дорожка / тротуар», где кустарники не ставятся;;пешеходная дорожка / тротуар;;0.5;"СП 42.13330.2016, п. 9.6, табл. 9.1; ППМ 743-ПП, табл. 3.6.1"
pedestrian_path_040;запрет посадки;дерево;;;;;;;;;полоса вокруг объекта «пешеходная дорожка / тротуар», где деревья не ставятся;;пешеходная дорожка / тротуар;;0.7;"СП 42.13330.2016, п. 9.6, табл. 9.1; ППМ 743-ПП, табл. 3.6.1"
pedestrian_path_040;запрет посадки;кустарник;;;;;;;;;полоса вокруг объекта «пешеходная дорожка / тротуар», где кустарники не ставятся;;пешеходная дорожка / тротуар;;0.5;"СП 42.13330.2016, п. 9.6, табл. 9.1; ППМ 743-ПП, табл. 3.6.1"
pedestrian_path_041;запрет посадки;дерево;;;;;;;;;полоса вокруг объекта «пешеходная дорожка / тротуар», где деревья не ставятся;;пешеходная дорожка / тротуар;;0.7;"СП 42.13330.2016, п. 9.6, табл. 9.1; ППМ 743-ПП, табл. 3.6.1"
pedestrian_path_041;запрет посадки;кустарник;;;;;;;;;полоса вокруг объекта «пешеходная дорожка / тротуар», где кустарники не ставятся;;пешеходная дорожка / тротуар;;0.5;"СП 42.13330.2016, п. 9.6, табл. 9.1; ППМ 743-ПП, табл. 3.6.1"
pedestrian_path_042;запрет посадки;дерево;;;;;;;;;полоса вокруг объекта «пешеходная дорожка / тротуар», где деревья не ставятся;;пешеходная дорожка / тротуар;;0.7;"СП 42.13330.2016, п. 9.6, табл. 9.1; ППМ 743-ПП, табл. 3.6.1"
pedestrian_path_042;запрет посадки;кустарник;;;;;;;;;полоса вокруг объекта «пешеходная дорожка / тротуар», где кустарники не ставятся;;пешеходная дорожка / тротуар;;0.5;"СП 42.13330.2016, п. 9.6, табл. 9.1; ППМ 743-ПП, табл. 3.6.1"
pedestrian_path_043;запрет посадки;дерево;;;;;;;;;полоса вокруг объекта «пешеходная дорожка / тротуар», где деревья не ставятся;;пешеходная дорожка / тротуар;;0.7;"СП 42.13330.2016, п. 9.6, табл. 9.1; ППМ 743-ПП, табл. 3.6.1"
pedestrian_path_043;запрет посадки;кустарник;;;;;;;;;полоса вокруг объекта «пешеходная дорожка / тротуар», где кустарники не ставятся;;пешеходная дорожка / тротуар;;0.5;"СП 42.13330.2016, п. 9.6, табл. 9.1; ППМ 743-ПП, табл. 3.6.1"
pedestrian_path_044;запрет посадки;дерево;;;;;;;;;полоса вокруг объекта «пешеходная дорожка / тротуар», где деревья не ставятся;;пешеходная дорожка / тротуар;;0.7;"СП 42.13330.2016, п. 9.6, табл. 9.1; ППМ 743-ПП, табл. 3.6.1"
pedestrian_path_044;запрет посадки;кустарник;;;;;;;;;полоса вокруг объекта «пешеходная дорожка / тротуар», где кустарники не ставятся;;пешеходная дорожка / тротуар;;0.5;"СП 42.13330.2016, п. 9.6, табл. 9.1; ППМ 743-ПП, табл. 3.6.1"
pedestrian_path_045;запрет посадки;дерево;;;;;;;;;полоса вокруг объекта «пешеходная дорожка / тротуар», где деревья не ставятся;;пешеходная дорожка / тротуар;;0.7;"СП 42.13330.2016, п. 9.6, табл. 9.1; ППМ 743-ПП, табл. 3.6.1"
pedestrian_path_045;запрет посадки;кустарник;;;;;;;;;полоса вокруг объекта «пешеходная дорожка / тротуар», где кустарники не ставятся;;пешеходная дорожка / тротуар;;0.5;"СП 42.13330.2016, п. 9.6, табл. 9.1; ППМ 743-ПП, табл. 3.6.1"
pedestrian_path_046;запрет посадки;дерево;;;;;;;;;полоса вокруг объекта «пешеходная дорожка / тротуар», где деревья не ставятся;;пешеходная дорожка / тротуар;;0.7;"СП 42.13330.2016, п. 9.6, табл. 9.1; ППМ 743-ПП, табл. 3.6.1"
pedestrian_path_046;запрет посадки;кустарник;;;;;;;;;полоса вокруг объекта «пешеходная дорожка / тротуар», где кустарники не ставятся;;пешеходная дорожка / тротуар;;0.5;"СП 42.13330.2016, п. 9.6, табл. 9.1; ППМ 743-ПП, табл. 3.6.1"
pedestrian_path_047;запрет посадки;дерево;;;;;;;;;полоса вокруг объекта «пешеходная дорожка / тротуар», где деревья не ставятся;;пешеходная дорожка / тротуар;;0.7;"СП 42.13330.2016, п. 9.6, табл. 9.1; ППМ 743-ПП, табл. 3.6.1"
pedestrian_path_047;запрет посадки;кустарник;;;;;;;;;полоса вокруг объекта «пешеходная дорожка / тротуар», где кустарники не ставятся;;пешеходная дорожка / тротуар;;0.5;"СП 42.13330.2016, п. 9.6, табл. 9.1; ППМ 743-ПП, табл. 3.6.1"
pedestrian_path_048;запрет посадки;дерево;;;;;;;;;полоса вокруг объекта «пешеходная дорожка / тротуар», где деревья не ставятся;;пешеходная дорожка / тротуар;;0.7;"СП 42.13330.2016, п. 9.6, табл. 9.1; ППМ 743-ПП, табл. 3.6.1"
pedestrian_path_048;запрет посадки;кустарник;;;;;;;;;полоса вокруг объекта «пешеходная дорожка / тротуар», где кустарники не ставятся;;пешеходная дорожка / тротуар;;0.5;"СП 42.13330.2016, п. 9.6, табл. 9.1; ППМ 743-ПП, табл. 3.6.1"
pedestrian_path_049;запрет посадки;дерево;;;;;;;;;полоса вокруг объекта «пешеходная дорожка / тротуар», где деревья не ставятся;;пешеходная дорожка / тротуар;;0.7;"СП 42.13330.2016, п. 9.6, табл. 9.1; ППМ 743-ПП, табл. 3.6.1"
pedestrian_path_049;запрет посадки;кустарник;;;;;;;;;полоса вокруг объекта «пешеходная дорожка / тротуар», где кустарники не ставятся;;пешеходная дорожка / тротуар;;0.5;"СП 42.13330.2016, п. 9.6, табл. 9.1; ППМ 743-ПП, табл. 3.6.1"
pedestrian_path_050;запрет посадки;дерево;;;;;;;;;полоса вокруг объекта «пешеходная дорожка / тротуар», где деревья не ставятся;;пешеходная дорожка / тротуар;;0.7;"СП 42.13330.2016, п. 9.6, табл. 9.1; ППМ 743-ПП, табл. 3.6.1"
pedestrian_path_050;запрет посадки;кустарник;;;;;;;;;полоса вокруг объекта «пешеходная дорожка / тротуар», где кустарники не ставятся;;пешеходная дорожка / тротуар;;0.5;"СП 42.13330.2016, п. 9.6, табл. 9.1; ППМ 743-ПП, табл. 3.6.1"
pedestrian_path_051;запрет посадки;дерево;;;;;;;;;полоса вокруг объекта «пешеходная дорожка / тротуар», где деревья не ставятся;;пешеходная дорожка / тротуар;;0.7;"СП 42.13330.2016, п. 9.6, табл. 9.1; ППМ 743-ПП, табл. 3.6.1"
pedestrian_path_051;запрет посадки;кустарник;;;;;;;;;полоса вокруг объекта «пешеходная дорожка / тротуар», где кустарники не ставятся;;пешеходная дорожка / тротуар;;0.5;"СП 42.13330.2016, п. 9.6, табл. 9.1; ППМ 743-ПП, табл. 3.6.1"
pedestrian_path_052;запрет посадки;дерево;;;;;;;;;полоса вокруг объекта «пешеходная дорожка / тротуар», где деревья не ставятся;;пешеходная дорожка / тротуар;;0.7;"СП 42.13330.2016, п. 9.6, табл. 9.1; ППМ 743-ПП, табл. 3.6.1"
pedestrian_path_052;запрет посадки;кустарник;;;;;;;;;полоса вокруг объекта «пешеходная дорожка / тротуар», где кустарники не ставятся;;пешеходная дорожка / тротуар;;0.5;"СП 42.13330.2016, п. 9.6, табл. 9.1; ППМ 743-ПП, табл. 3.6.1"
pedestrian_path_053;запрет посадки;дерево;;;;;;;;;полоса вокруг объекта «пешеходная дорожка / тротуар», где деревья не ставятся;;пешеходная дорожка / тротуар;;0.7;"СП 42.13330.2016, п. 9.6, табл. 9.1; ППМ 743-ПП, табл. 3.6.1"
pedestrian_path_053;запрет посадки;кустарник;;;;;;;;;полоса вокруг объекта «пешеходная дорожка / тротуар», где кустарники не ставятся;;пешеходная дорожка / тротуар;;0.5;"СП 42.13330.2016, п. 9.6, табл. 9.1; ППМ 743-ПП, табл. 3.6.1"
pedestrian_path_054;запрет посадки;дерево;;;;;;;;;полоса вокруг объекта «пешеходная дорожка / тротуар», где деревья не ставятся;;пешеходная дорожка / тротуар;;0.7;"СП 42.13330.2016, п. 9.6, табл. 9.1; ППМ 743-ПП, табл. 3.6.1"
pedestrian_path_054;запрет посадки;кустарник;;;;;;;;;полоса вокруг объекта «пешеходная дорожка / тротуар», где кустарники не ставятся;;пешеходная дорожка / тротуар;;0.5;"СП 42.13330.2016, п. 9.6, табл. 9.1; ППМ 743-ПП, табл. 3.6.1"
pedestrian_path_055;запрет посадки;дерево;;;;;;;;;полоса вокруг объекта «пешеходная дорожка / тротуар», где деревья не ставятся;;пешеходная дорожка / тротуар;;0.7;"СП 42.13330.2016, п. 9.6, табл. 9.1; ППМ 743-ПП, табл. 3.6.1"
pedestrian_path_055;запрет посадки;кустарник;;;;;;;;;полоса вокруг объекта «пешеходная дорожка / тротуар», где кустарники не ставятся;;пешеходная дорожка / тротуар;;0.5;"СП 42.13330.2016, п. 9.6, табл. 9.1; ППМ 743-ПП, табл. 3.6.1"
pedestrian_path_056;запрет посадки;дерево;;;;;;;;;полоса вокруг объекта «пешеходная дорожка / тротуар», где деревья не ставятся;;пешеходная дорожка / тротуар;;0.7;"СП 42.13330.2016, п. 9.6, табл. 9.1; ППМ 743-ПП, табл. 3.6.1"
pedestrian_path_056;запрет посадки;кустарник;;;;;;;;;полоса вокруг объекта «пешеходная дорожка / тротуар», где кустарники не ставятся;;пешеходная дорожка / тротуар;;0.5;"СП 42.13330.2016, п. 9.6, табл. 9.1; ППМ 743-ПП, табл. 3.6.1"
pedestrian_path_057;запрет посадки;дерево;;;;;;;;;полоса вокруг объекта «пешеходная дорожка / тротуар», где деревья не ставятся;;пешеходная дорожка / тротуар;;0.7;"СП 42.13330.2016, п. 9.6, табл. 9.1; ППМ 743-ПП, табл. 3.6.1"
pedestrian_path_057;запрет посадки;кустарник;;;;;;;;;полоса вокруг объекта «пешеходная дорожка / тротуар», где кустарники не ставятся;;пешеходная дорожка / тротуар;;0.5;"СП 42.13330.2016, п. 9.6, табл. 9.1; ППМ 743-ПП, табл. 3.6.1"
pedestrian_path_058;запрет посадки;дерево;;;;;;;;;полоса вокруг объекта «пешеходная дорожка / тротуар», где деревья не ставятся;;пешеходная дорожка / тротуар;;0.7;"СП 42.13330.2016, п. 9.6, табл. 9.1; ППМ 743-ПП, табл. 3.6.1"
pedestrian_path_058;запрет посадки;кустарник;;;;;;;;;полоса вокруг объекта «пешеходная дорожка / тротуар», где кустарники не ставятся;;пешеходная дорожка / тротуар;;0.5;"СП 42.13330.2016, п. 9.6, табл. 9.1; ППМ 743-ПП, табл. 3.6.1"
pedestrian_path_059;запрет посадки;дерево;;;;;;;;;полоса вокруг объекта «пешеходная дорожка / тротуар», где деревья не ставятся;;пешеходная дорожка / тротуар;;0.7;"СП 42.13330.2016, п. 9.6, табл. 9.1; ППМ 743-ПП, табл. 3.6.1"
pedestrian_path_059;запрет посадки;кустарник;;;;;;;;;полоса вокруг объекта «пешеходная дорожка / тротуар», где кустарники не ставятся;;пешеходная дорожка / тротуар;;0.5;"СП 42.13330.2016, п. 9.6, табл. 9.1; ППМ 743-ПП, табл. 3.6.1"
pedestrian_path_060;запрет посадки;дерево;;;;;;;;;полоса вокруг объекта «пешеходная дорожка / тротуар», где деревья не ставятся;;пешеходная дорожка / тротуар;;0.7;"СП 42.13330.2016, п. 9.6, табл. 9.1; ППМ 743-ПП, табл. 3.6.1"
pedestrian_path_060;запрет посадки;кустарник;;;;;;;;;полоса вокруг объекта «пешеходная дорожка / тротуар», где кустарники не ставятся;;пешеходная дорожка / тротуар;;0.5;"СП 42.13330.2016, п. 9.6, табл. 9.1; ППМ 743-ПП, табл. 3.6.1"
pedestrian_path_061;запрет посадки;дерево;;;;;;;;;полоса вокруг объекта «пешеходная дорожка / тротуар», где деревья не ставятся;;пешеходная дорожка / тротуар;;0.7;"СП 42.13330.2016, п. 9.6, табл. 9.1; ППМ 743-ПП, табл. 3.6.1"
pedestrian_path_061;запрет посадки;кустарник;;;;;;;;;полоса вокруг объекта «пешеходная дорожка / тротуар», где кустарники не ставятся;;пешеходная дорожка / тротуар;;0.5;"СП 42.13330.2016, п. 9.6, табл. 9.1; ППМ 743-ПП, табл. 3.6.1"
pedestrian_path_062;запрет посадки;дерево;;;;;;;;;полоса вокруг объекта «пешеходная дорожка / тротуар», где деревья не ставятся;;пешеходная дорожка / тротуар;;0.7;"СП 42.13330.2016, п. 9.6, табл. 9.1; ППМ 743-ПП, табл. 3.6.1"
pedestrian_path_062;запрет посадки;кустарник;;;;;;;;;полоса вокруг объекта «пешеходная дорожка / тротуар», где кустарники не ставятся;;пешеходная дорожка / тротуар;;0.5;"СП 42.13330.2016, п. 9.6, табл. 9.1; ППМ 743-ПП, табл. 3.6.1"
pedestrian_path_063;запрет посадки;дерево;;;;;;;;;полоса вокруг объекта «пешеходная дорожка / тротуар», где деревья не ставятся;;пешеходная дорожка / тротуар;;0.7;"СП 42.13330.2016, п. 9.6, табл. 9.1; ППМ 743-ПП, табл. 3.6.1"
pedestrian_path_063;запрет посадки;кустарник;;;;;;;;;полоса вокруг объекта «пешеходная дорожка / тротуар», где кустарники не ставятся;;пешеходная дорожка / тротуар;;0.5;"СП 42.13330.2016, п. 9.6, табл. 9.1; ППМ 743-ПП, табл. 3.6.1"
pedestrian_path_064;запрет посадки;дерево;;;;;;;;;полоса вокруг объекта «пешеходная дорожка / тротуар», где деревья не ставятся;;пешеходная дорожка / тротуар;;0.7;"СП 42.13330.2016, п. 9.6, табл. 9.1; ППМ 743-ПП, табл. 3.6.1"
pedestrian_path_064;запрет посадки;кустарник;;;;;;;;;полоса вокруг объекта «пешеходная дорожка / тротуар», где кустарники не ставятся;;пешеходная дорожка / тротуар;;0.5;"СП 42.13330.2016, п. 9.6, табл. 9.1; ППМ 743-ПП, табл. 3.6.1"
pedestrian_path_065;запрет посадки;дерево;;;;;;;;;полоса вокруг объекта «пешеходная дорожка / тротуар», где деревья не ставятся;;пешеходная дорожка / тротуар;;0.7;"СП 42.13330.2016, п. 9.6, табл. 9.1; ППМ 743-ПП, табл. 3.6.1"
pedestrian_path_065;запрет посадки;кустарник;;;;;;;;;полоса вокруг объекта «пешеходная дорожка / тротуар», где кустарники не ставятся;;пешеходная дорожка / тротуар;;0.5;"СП 42.13330.2016, п. 9.6, табл. 9.1; ППМ 743-ПП, табл. 3.6.1"
pedestrian_path_066;запрет посадки;дерево;;;;;;;;;полоса вокруг объекта «пешеходная дорожка / тротуар», где деревья не ставятся;;пешеходная дорожка / тротуар;;0.7;"СП 42.13330.2016, п. 9.6, табл. 9.1; ППМ 743-ПП, табл. 3.6.1"
pedestrian_path_066;запрет посадки;кустарник;;;;;;;;;полоса вокруг объекта «пешеходная дорожка / тротуар», где кустарники не ставятся;;пешеходная дорожка / тротуар;;0.5;"СП 42.13330.2016, п. 9.6, табл. 9.1; ППМ 743-ПП, табл. 3.6.1"
pedestrian_path_067;запрет посадки;дерево;;;;;;;;;полоса вокруг объекта «пешеходная дорожка / тротуар», где деревья не ставятся;;пешеходная дорожка / тротуар;;0.7;"СП 42.13330.2016, п. 9.6, табл. 9.1; ППМ 743-ПП, табл. 3.6.1"
pedestrian_path_067;запрет посадки;кустарник;;;;;;;;;полоса вокруг объекта «пешеходная дорожка / тротуар», где кустарники не ставятся;;пешеходная дорожка / тротуар;;0.5;"СП 42.13330.2016, п. 9.6, табл. 9.1; ППМ 743-ПП, табл. 3.6.1"
pedestrian_path_068;запрет посадки;дерево;;;;;;;;;полоса вокруг объекта «пешеходная дорожка / тротуар», где деревья не ставятся;;пешеходная дорожка / тротуар;;0.7;"СП 42.13330.2016, п. 9.6, табл. 9.1; ППМ 743-ПП, табл. 3.6.1"
pedestrian_path_068;запрет посадки;кустарник;;;;;;;;;полоса вокруг объекта «пешеходная дорожка / тротуар», где кустарники не ставятся;;пешеходная дорожка / тротуар;;0.5;"СП 42.13330.2016, п. 9.6, табл. 9.1; ППМ 743-ПП, табл. 3.6.1"
pedestrian_path_069;запрет посадки;дерево;;;;;;;;;полоса вокруг объекта «пешеходная дорожка / тротуар», где деревья не ставятся;;пешеходная дорожка / тротуар;;0.7;"СП 42.13330.2016, п. 9.6, табл. 9.1; ППМ 743-ПП, табл. 3.6.1"
pedestrian_path_069;запрет посадки;кустарник;;;;;;;;;полоса вокруг объекта «пешеходная дорожка / тротуар», где кустарники не ставятся;;пешеходная дорожка / тротуар;;0.5;"СП 42.13330.2016, п. 9.6, табл. 9.1; ППМ 743-ПП, табл. 3.6.1"
pedestrian_path_070;запрет посадки;дерево;;;;;;;;;полоса вокруг объекта «пешеходная дорожка / тротуар», где деревья не ставятся;;пешеходная дорожка / тротуар;;0.7;"СП 42.13330.2016, п. 9.6, табл. 9.1; ППМ 743-ПП, табл. 3.6.1"
pedestrian_path_070;запрет посадки;кустарник;;;;;;;;;полоса вокруг объекта «пешеходная дорожка / тротуар», где кустарники не ставятся;;пешеходная дорожка / тротуар;;0.5;"СП 42.13330.2016, п. 9.6, табл. 9.1; ППМ 743-ПП, табл. 3.6.1"
pedestrian_path_071;запрет посадки;дерево;;;;;;;;;полоса вокруг объекта «пешеходная дорожка / тротуар», где деревья не ставятся;;пешеходная дорожка / тротуар;;0.7;"СП 42.13330.2016, п. 9.6, табл. 9.1; ППМ 743-ПП, табл. 3.6.1"
pedestrian_path_071;запрет посадки;кустарник;;;;;;;;;полоса вокруг объекта «пешеходная дорожка / тротуар», где кустарники не ставятся;;пешеходная дорожка / тротуар;;0.5;"СП 42.13330.2016, п. 9.6, табл. 9.1; ППМ 743-ПП, табл. 3.6.1"
pedestrian_path_072;запрет посадки;дерево;;;;;;;;;полоса вокруг объекта «пешеходная дорожка / тротуар», где деревья не ставятся;;пешеходная дорожка / тротуар;;0.7;"СП 42.13330.2016, п. 9.6, табл. 9.1; ППМ 743-ПП, табл. 3.6.1"
pedestrian_path_072;запрет посадки;кустарник;;;;;;;;;полоса вокруг объекта «пешеходная дорожка / тротуар», где кустарники не ставятся;;пешеходная дорожка / тротуар;;0.5;"СП 42.13330.2016, п. 9.6, табл. 9.1; ППМ 743-ПП, табл. 3.6.1"
pedestrian_path_073;запрет посадки;дерево;;;;;;;;;полоса вокруг объекта «пешеходная дорожка / тротуар», где деревья не ставятся;;пешеходная дорожка / тротуар;;0.7;"СП 42.13330.2016, п. 9.6, табл. 9.1; ППМ 743-ПП, табл. 3.6.1"
pedestrian_path_073;запрет посадки;кустарник;;;;;;;;;полоса вокруг объекта «пешеходная дорожка / тротуар», где кустарники не ставятся;;пешеходная дорожка / тротуар;;0.5;"СП 42.13330.2016, п. 9.6, табл. 9.1; ППМ 743-ПП, табл. 3.6.1"
pedestrian_path_074;запрет посадки;дерево;;;;;;;;;полоса вокруг объекта «пешеходная дорожка / тротуар», где деревья не ставятся;;пешеходная дорожка / тротуар;;0.7;"СП 42.13330.2016, п. 9.6, табл. 9.1; ППМ 743-ПП, табл. 3.6.1"
pedestrian_path_074;запрет посадки;кустарник;;;;;;;;;полоса вокруг объекта «пешеходная дорожка / тротуар», где кустарники не ставятся;;пешеходная дорожка / тротуар;;0.5;"СП 42.13330.2016, п. 9.6, табл. 9.1; ППМ 743-ПП, табл. 3.6.1"
pedestrian_path_075;запрет посадки;дерево;;;;;;;;;полоса вокруг объекта «пешеходная дорожка / тротуар», где деревья не ставятся;;пешеходная дорожка / тротуар;;0.7;"СП 42.13330.2016, п. 9.6, табл. 9.1; ППМ 743-ПП, табл. 3.6.1"
pedestrian_path_075;запрет посадки;кустарник;;;;;;;;;полоса вокруг объекта «пешеходная дорожка / тротуар», где кустарники не ставятся;;пешеходная дорожка / тротуар;;0.5;"СП 42.13330.2016, п. 9.6, табл. 9.1; ППМ 743-ПП, табл. 3.6.1"
pedestrian_path_076;запрет посадки;дерево;;;;;;;;;полоса вокруг объекта «пешеходная дорожка / тротуар», где деревья не ставятся;;пешеходная дорожка / тротуар;;0.7;"СП 42.13330.2016, п. 9.6, табл. 9.1; ППМ 743-ПП, табл. 3.6.1"
pedestrian_path_076;запрет посадки;кустарник;;;;;;;;;полоса вокруг объекта «пешеходная дорожка / тротуар», где кустарники не ставятся;;пешеходная дорожка / тротуар;;0.5;"СП 42.13330.2016, п. 9.6, табл. 9.1; ППМ 743-ПП, табл. 3.6.1"
pedestrian_path_077;запрет посадки;дерево;;;;;;;;;полоса вокруг объекта «пешеходная дорожка / тротуар», где деревья не ставятся;;пешеходная дорожка / тротуар;;0.7;"СП 42.13330.2016, п. 9.6, табл. 9.1; ППМ 743-ПП, табл. 3.6.1"
pedestrian_path_077;запрет посадки;кустарник;;;;;;;;;полоса вокруг объекта «пешеходная дорожка / тротуар», где кустарники не ставятся;;пешеходная дорожка / тротуар;;0.5;"СП 42.13330.2016, п. 9.6, табл. 9.1; ППМ 743-ПП, табл. 3.6.1"
pedestrian_path_078;запрет посадки;дерево;;;;;;;;;полоса вокруг объекта «пешеходная дорожка / тротуар», где деревья не ставятся;;пешеходная дорожка / тротуар;;0.7;"СП 42.13330.2016, п. 9.6, табл. 9.1; ППМ 743-ПП, табл. 3.6.1"
pedestrian_path_078;запрет посадки;кустарник;;;;;;;;;полоса вокруг объекта «пешеходная дорожка / тротуар», где кустарники не ставятся;;пешеходная дорожка / тротуар;;0.5;"СП 42.13330.2016, п. 9.6, табл. 9.1; ППМ 743-ПП, табл. 3.6.1"
pedestrian_path_079;запрет посадки;дерево;;;;;;;;;полоса вокруг объекта «пешеходная дорожка / тротуар», где деревья не ставятся;;пешеходная дорожка / тротуар;;0.7;"СП 42.13330.2016, п. 9.6, табл. 9.1; ППМ 743-ПП, табл. 3.6.1"
pedestrian_path_079;запрет посадки;кустарник;;;;;;;;;полоса вокруг объекта «пешеходная дорожка / тротуар», где кустарники не ставятся;;пешеходная дорожка / тротуар;;0.5;"СП 42.13330.2016, п. 9.6, табл. 9.1; ППМ 743-ПП, табл. 3.6.1"
pedestrian_path_080;запрет посадки;дерево;;;;;;;;;полоса вокруг объекта «пешеходная дорожка / тротуар», где деревья не ставятся;;пешеходная дорожка / тротуар;;0.7;"СП 42.13330.2016, п. 9.6, табл. 9.1; ППМ 743-ПП, табл. 3.6.1"
pedestrian_path_080;запрет посадки;кустарник;;;;;;;;;полоса вокруг объекта «пешеходная дорожка / тротуар», где кустарники не ставятся;;пешеходная дорожка / тротуар;;0.5;"СП 42.13330.2016, п. 9.6, табл. 9.1; ППМ 743-ПП, табл. 3.6.1"
pedestrian_path_081;запрет посадки;дерево;;;;;;;;;полоса вокруг объекта «пешеходная дорожка / тротуар», где деревья не ставятся;;пешеходная дорожка / тротуар;;0.7;"СП 42.13330.2016, п. 9.6, табл. 9.1; ППМ 743-ПП, табл. 3.6.1"
pedestrian_path_081;запрет посадки;кустарник;;;;;;;;;полоса вокруг объекта «пешеходная дорожка / тротуар», где кустарники не ставятся;;пешеходная дорожка / тротуар;;0.5;"СП 42.13330.2016, п. 9.6, табл. 9.1; ППМ 743-ПП, табл. 3.6.1"
pedestrian_path_082;запрет посадки;дерево;;;;;;;;;полоса вокруг объекта «пешеходная дорожка / тротуар», где деревья не ставятся;;пешеходная дорожка / тротуар;;0.7;"СП 42.13330.2016, п. 9.6, табл. 9.1; ППМ 743-ПП, табл. 3.6.1"
pedestrian_path_082;запрет посадки;кустарник;;;;;;;;;полоса вокруг объекта «пешеходная дорожка / тротуар», где кустарники не ставятся;;пешеходная дорожка / тротуар;;0.5;"СП 42.13330.2016, п. 9.6, табл. 9.1; ППМ 743-ПП, табл. 3.6.1"
pedestrian_path_083;запрет посадки;дерево;;;;;;;;;полоса вокруг объекта «пешеходная дорожка / тротуар», где деревья не ставятся;;пешеходная дорожка / тротуар;;0.7;"СП 42.13330.2016, п. 9.6, табл. 9.1; ППМ 743-ПП, табл. 3.6.1"
pedestrian_path_083;запрет посадки;кустарник;;;;;;;;;полоса вокруг объекта «пешеходная дорожка / тротуар», где кустарники не ставятся;;пешеходная дорожка / тротуар;;0.5;"СП 42.13330.2016, п. 9.6, табл. 9.1; ППМ 743-ПП, табл. 3.6.1"
pedestrian_path_084;запрет посадки;дерево;;;;;;;;;полоса вокруг объекта «пешеходная дорожка / тротуар», где деревья не ставятся;;пешеходная дорожка / тротуар;;0.7;"СП 42.13330.2016, п. 9.6, табл. 9.1; ППМ 743-ПП, табл. 3.6.1"
pedestrian_path_084;запрет посадки;кустарник;;;;;;;;;полоса вокруг объекта «пешеходная дорожка / тротуар», где кустарники не ставятся;;пешеходная дорожка / тротуар;;0.5;"СП 42.13330.2016, п. 9.6, табл. 9.1; ППМ 743-ПП, табл. 3.6.1"
pedestrian_path_085;запрет посадки;дерево;;;;;;;;;полоса вокруг объекта «пешеходная дорожка / тротуар», где деревья не ставятся;;пешеходная дорожка / тротуар;;0.7;"СП 42.13330.2016, п. 9.6, табл. 9.1; ППМ 743-ПП, табл. 3.6.1"
pedestrian_path_085;запрет посадки;кустарник;;;;;;;;;полоса вокруг объекта «пешеходная дорожка / тротуар», где кустарники не ставятся;;пешеходная дорожка / тротуар;;0.5;"СП 42.13330.2016, п. 9.6, табл. 9.1; ППМ 743-ПП, табл. 3.6.1"
pedestrian_path_086;запрет посадки;дерево;;;;;;;;;полоса вокруг объекта «пешеходная дорожка / тротуар», где деревья не ставятся;;пешеходная дорожка / тротуар;;0.7;"СП 42.13330.2016, п. 9.6, табл. 9.1; ППМ 743-ПП, табл. 3.6.1"
pedestrian_path_086;запрет посадки;кустарник;;;;;;;;;полоса вокруг объекта «пешеходная дорожка / тротуар», где кустарники не ставятся;;пешеходная дорожка / тротуар;;0.5;"СП 42.13330.2016, п. 9.6, табл. 9.1; ППМ 743-ПП, табл. 3.6.1"
pedestrian_path_087;запрет посадки;дерево;;;;;;;;;полоса вокруг объекта «пешеходная дорожка / тротуар», где деревья не ставятся;;пешеходная дорожка / тротуар;;0.7;"СП 42.13330.2016, п. 9.6, табл. 9.1; ППМ 743-ПП, табл. 3.6.1"
pedestrian_path_087;запрет посадки;кустарник;;;;;;;;;полоса вокруг объекта «пешеходная дорожка / тротуар», где кустарники не ставятся;;пешеходная дорожка / тротуар;;0.5;"СП 42.13330.2016, п. 9.6, табл. 9.1; ППМ 743-ПП, табл. 3.6.1"
pedestrian_path_088;запрет посадки;дерево;;;;;;;;;полоса вокруг объекта «пешеходная дорожка / тротуар», где деревья не ставятся;;пешеходная дорожка / тротуар;;0.7;"СП 42.13330.2016, п. 9.6, табл. 9.1; ППМ 743-ПП, табл. 3.6.1"
pedestrian_path_088;запрет посадки;кустарник;;;;;;;;;полоса вокруг объекта «пешеходная дорожка / тротуар», где кустарники не ставятся;;пешеходная дорожка / тротуар;;0.5;"СП 42.13330.2016, п. 9.6, табл. 9.1; ППМ 743-ПП, табл. 3.6.1"
pedestrian_path_089;запрет посадки;дерево;;;;;;;;;полоса вокруг объекта «пешеходная дорожка / тротуар», где деревья не ставятся;;пешеходная дорожка / тротуар;;0.7;"СП 42.13330.2016, п. 9.6, табл. 9.1; ППМ 743-ПП, табл. 3.6.1"
pedestrian_path_089;запрет посадки;кустарник;;;;;;;;;полоса вокруг объекта «пешеходная дорожка / тротуар», где кустарники не ставятся;;пешеходная дорожка / тротуар;;0.5;"СП 42.13330.2016, п. 9.6, табл. 9.1; ППМ 743-ПП, табл. 3.6.1"
pedestrian_path_090;запрет посадки;дерево;;;;;;;;;полоса вокруг объекта «пешеходная дорожка / тротуар», где деревья не ставятся;;пешеходная дорожка / тротуар;;0.7;"СП 42.13330.2016, п. 9.6, табл. 9.1; ППМ 743-ПП, табл. 3.6.1"
pedestrian_path_090;запрет посадки;кустарник;;;;;;;;;полоса вокруг объекта «пешеходная дорожка / тротуар», где кустарники не ставятся;;пешеходная дорожка / тротуар;;0.5;"СП 42.13330.2016, п. 9.6, табл. 9.1; ППМ 743-ПП, табл. 3.6.1"
pedestrian_path_091;запрет посадки;дерево;;;;;;;;;полоса вокруг объекта «пешеходная дорожка / тротуар», где деревья не ставятся;;пешеходная дорожка / тротуар;;0.7;"СП 42.13330.2016, п. 9.6, табл. 9.1; ППМ 743-ПП, табл. 3.6.1"
pedestrian_path_091;запрет посадки;кустарник;;;;;;;;;полоса вокруг объекта «пешеходная дорожка / тротуар», где кустарники не ставятся;;пешеходная дорожка / тротуар;;0.5;"СП 42.13330.2016, п. 9.6, табл. 9.1; ППМ 743-ПП, табл. 3.6.1"
pedestrian_path_092;запрет посадки;дерево;;;;;;;;;полоса вокруг объекта «пешеходная дорожка / тротуар», где деревья не ставятся;;пешеходная дорожка / тротуар;;0.7;"СП 42.13330.2016, п. 9.6, табл. 9.1; ППМ 743-ПП, табл. 3.6.1"
pedestrian_path_092;запрет посадки;кустарник;;;;;;;;;полоса вокруг объекта «пешеходная дорожка / тротуар», где кустарники не ставятся;;пешеходная дорожка / тротуар;;0.5;"СП 42.13330.2016, п. 9.6, табл. 9.1; ППМ 743-ПП, табл. 3.6.1"
pedestrian_path_093;запрет посадки;дерево;;;;;;;;;полоса вокруг объекта «пешеходная дорожка / тротуар», где деревья не ставятся;;пешеходная дорожка / тротуар;;0.7;"СП 42.13330.2016, п. 9.6, табл. 9.1; ППМ 743-ПП, табл. 3.6.1"
pedestrian_path_093;запрет посадки;кустарник;;;;;;;;;полоса вокруг объекта «пешеходная дорожка / тротуар», где кустарники не ставятся;;пешеходная дорожка / тротуар;;0.5;"СП 42.13330.2016, п. 9.6, табл. 9.1; ППМ 743-ПП, табл. 3.6.1"
pedestrian_path_094;запрет посадки;дерево;;;;;;;;;полоса вокруг объекта «пешеходная дорожка / тротуар», где деревья не ставятся;;пешеходная дорожка / тротуар;;0.7;"СП 42.13330.2016, п. 9.6, табл. 9.1; ППМ 743-ПП, табл. 3.6.1"
pedestrian_path_094;запрет посадки;кустарник;;;;;;;;;полоса вокруг объекта «пешеходная дорожка / тротуар», где кустарники не ставятся;;пешеходная дорожка / тротуар;;0.5;"СП 42.13330.2016, п. 9.6, табл. 9.1; ППМ 743-ПП, табл. 3.6.1"
pedestrian_path_095;запрет посадки;дерево;;;;;;;;;полоса вокруг объекта «пешеходная дорожка / тротуар», где деревья не ставятся;;пешеходная дорожка / тротуар;;0.7;"СП 42.13330.2016, п. 9.6, табл. 9.1; ППМ 743-ПП, табл. 3.6.1"
pedestrian_path_095;запрет посадки;кустарник;;;;;;;;;полоса вокруг объекта «пешеходная дорожка / тротуар», где кустарники не ставятся;;пешеходная дорожка / тротуар;;0.5;"СП 42.13330.2016, п. 9.6, табл. 9.1; ППМ 743-ПП, табл. 3.6.1"
pedestrian_path_096;запрет посадки;дерево;;;;;;;;;полоса вокруг объекта «пешеходная дорожка / тротуар», где деревья не ставятся;;пешеходная дорожка / тротуар;;0.7;"СП 42.13330.2016, п. 9.6, табл. 9.1; ППМ 743-ПП, табл. 3.6.1"
pedestrian_path_096;запрет посадки;кустарник;;;;;;;;;полоса вокруг объекта «пешеходная дорожка / тротуар», где кустарники не ставятся;;пешеходная дорожка / тротуар;;0.5;"СП 42.13330.2016, п. 9.6, табл. 9.1; ППМ 743-ПП, табл. 3.6.1"
pedestrian_path_097;запрет посадки;дерево;;;;;;;;;полоса вокруг объекта «пешеходная дорожка / тротуар», где деревья не ставятся;;пешеходная дорожка / тротуар;;0.7;"СП 42.13330.2016, п. 9.6, табл. 9.1; ППМ 743-ПП, табл. 3.6.1"
pedestrian_path_097;запрет посадки;кустарник;;;;;;;;;полоса вокруг объекта «пешеходная дорожка / тротуар», где кустарники не ставятся;;пешеходная дорожка / тротуар;;0.5;"СП 42.13330.2016, п. 9.6, табл. 9.1; ППМ 743-ПП, табл. 3.6.1"
pedestrian_path_098;запрет посадки;дерево;;;;;;;;;полоса вокруг объекта «пешеходная дорожка / тротуар», где деревья не ставятся;;пешеходная дорожка / тротуар;;0.7;"СП 42.13330.2016, п. 9.6, табл. 9.1; ППМ 743-ПП, табл. 3.6.1"
pedestrian_path_098;запрет посадки;кустарник;;;;;;;;;полоса вокруг объекта «пешеходная дорожка / тротуар», где кустарники не ставятся;;пешеходная дорожка / тротуар;;0.5;"СП 42.13330.2016, п. 9.6, табл. 9.1; ППМ 743-ПП, табл. 3.6.1"
pedestrian_path_099;запрет посадки;дерево;;;;;;;;;полоса вокруг объекта «пешеходная дорожка / тротуар», где деревья не ставятся;;пешеходная дорожка / тротуар;;0.7;"СП 42.13330.2016, п. 9.6, табл. 9.1; ППМ 743-ПП, табл. 3.6.1"
pedestrian_path_099;запрет посадки;кустарник;;;;;;;;;полоса вокруг объекта «пешеходная дорожка / тротуар», где кустарники не ставятся;;пешеходная дорожка / тротуар;;0.5;"СП 42.13330.2016, п. 9.6, табл. 9.1; ППМ 743-ПП, табл. 3.6.1"
pedestrian_path_100;запрет посадки;дерево;;;;;;;;;полоса вокруг объекта «пешеходная дорожка / тротуар», где деревья не ставятся;;пешеходная дорожка / тротуар;;0.7;"СП 42.13330.2016, п. 9.6, табл. 9.1; ППМ 743-ПП, табл. 3.6.1"
pedestrian_path_100;запрет посадки;кустарник;;;;;;;;;полоса вокруг объекта «пешеходная дорожка / тротуар», где кустарники не ставятся;;пешеходная дорожка / тротуар;;0.5;"СП 42.13330.2016, п. 9.6, табл. 9.1; ППМ 743-ПП, табл. 3.6.1"
pedestrian_path_101;запрет посадки;дерево;;;;;;;;;полоса вокруг объекта «пешеходная дорожка / тротуар», где деревья не ставятся;;пешеходная дорожка / тротуар;;0.7;"СП 42.13330.2016, п. 9.6, табл. 9.1; ППМ 743-ПП, табл. 3.6.1"
pedestrian_path_101;запрет посадки;кустарник;;;;;;;;;полоса вокруг объекта «пешеходная дорожка / тротуар», где кустарники не ставятся;;пешеходная дорожка / тротуар;;0.5;"СП 42.13330.2016, п. 9.6, табл. 9.1; ППМ 743-ПП, табл. 3.6.1"
pedestrian_path_102;запрет посадки;дерево;;;;;;;;;полоса вокруг объекта «пешеходная дорожка / тротуар», где деревья не ставятся;;пешеходная дорожка / тротуар;;0.7;"СП 42.13330.2016, п. 9.6, табл. 9.1; ППМ 743-ПП, табл. 3.6.1"
pedestrian_path_102;запрет посадки;кустарник;;;;;;;;;полоса вокруг объекта «пешеходная дорожка / тротуар», где кустарники не ставятся;;пешеходная дорожка / тротуар;;0.5;"СП 42.13330.2016, п. 9.6, табл. 9.1; ППМ 743-ПП, табл. 3.6.1"
pedestrian_path_103;запрет посадки;дерево;;;;;;;;;полоса вокруг объекта «пешеходная дорожка / тротуар», где деревья не ставятся;;пешеходная дорожка / тротуар;;0.7;"СП 42.13330.2016, п. 9.6, табл. 9.1; ППМ 743-ПП, табл. 3.6.1"
pedestrian_path_103;запрет посадки;кустарник;;;;;;;;;полоса вокруг объекта «пешеходная дорожка / тротуар», где кустарники не ставятся;;пешеходная дорожка / тротуар;;0.5;"СП 42.13330.2016, п. 9.6, табл. 9.1; ППМ 743-ПП, табл. 3.6.1"
pedestrian_path_104;запрет посадки;дерево;;;;;;;;;полоса вокруг объекта «пешеходная дорожка / тротуар», где деревья не ставятся;;пешеходная дорожка / тротуар;;0.7;"СП 42.13330.2016, п. 9.6, табл. 9.1; ППМ 743-ПП, табл. 3.6.1"
pedestrian_path_104;запрет посадки;кустарник;;;;;;;;;полоса вокруг объекта «пешеходная дорожка / тротуар», где кустарники не ставятся;;пешеходная дорожка / тротуар;;0.5;"СП 42.13330.2016, п. 9.6, табл. 9.1; ППМ 743-ПП, табл. 3.6.1"
pedestrian_path_105;запрет посадки;дерево;;;;;;;;;полоса вокруг объекта «пешеходная дорожка / тротуар», где деревья не ставятся;;пешеходная дорожка / тротуар;;0.7;"СП 42.13330.2016, п. 9.6, табл. 9.1; ППМ 743-ПП, табл. 3.6.1"
pedestrian_path_105;запрет посадки;кустарник;;;;;;;;;полоса вокруг объекта «пешеходная дорожка / тротуар», где кустарники не ставятся;;пешеходная дорожка / тротуар;;0.5;"СП 42.13330.2016, п. 9.6, табл. 9.1; ППМ 743-ПП, табл. 3.6.1"
pedestrian_path_106;запрет посадки;дерево;;;;;;;;;полоса вокруг объекта «пешеходная дорожка / тротуар», где деревья не ставятся;;пешеходная дорожка / тротуар;;0.7;"СП 42.13330.2016, п. 9.6, табл. 9.1; ППМ 743-ПП, табл. 3.6.1"
pedestrian_path_106;запрет посадки;кустарник;;;;;;;;;полоса вокруг объекта «пешеходная дорожка / тротуар», где кустарники не ставятся;;пешеходная дорожка / тротуар;;0.5;"СП 42.13330.2016, п. 9.6, табл. 9.1; ППМ 743-ПП, табл. 3.6.1"
pedestrian_path_107;запрет посадки;дерево;;;;;;;;;полоса вокруг объекта «пешеходная дорожка / тротуар», где деревья не ставятся;;пешеходная дорожка / тротуар;;0.7;"СП 42.13330.2016, п. 9.6, табл. 9.1; ППМ 743-ПП, табл. 3.6.1"
pedestrian_path_107;запрет посадки;кустарник;;;;;;;;;полоса вокруг объекта «пешеходная дорожка / тротуар», где кустарники не ставятся;;пешеходная дорожка / тротуар;;0.5;"СП 42.13330.2016, п. 9.6, табл. 9.1; ППМ 743-ПП, табл. 3.6.1"
pedestrian_path_108;запрет посадки;дерево;;;;;;;;;полоса вокруг объекта «пешеходная дорожка / тротуар», где деревья не ставятся;;пешеходная дорожка / тротуар;;0.7;"СП 42.13330.2016, п. 9.6, табл. 9.1; ППМ 743-ПП, табл. 3.6.1"
pedestrian_path_108;запрет посадки;кустарник;;;;;;;;;полоса вокруг объекта «пешеходная дорожка / тротуар», где кустарники не ставятся;;пешеходная дорожка / тротуар;;0.5;"СП 42.13330.2016, п. 9.6, табл. 9.1; ППМ 743-ПП, табл. 3.6.1"
pedestrian_path_109;запрет посадки;дерево;;;;;;;;;полоса вокруг объекта «пешеходная дорожка / тротуар», где деревья не ставятся;;пешеходная дорожка / тротуар;;0.7;"СП 42.13330.2016, п. 9.6, табл. 9.1; ППМ 743-ПП, табл. 3.6.1"
pedestrian_path_109;запрет посадки;кустарник;;;;;;;;;полоса вокруг объекта «пешеходная дорожка / тротуар», где кустарники не ставятся;;пешеходная дорожка / тротуар;;0.5;"СП 42.13330.2016, п. 9.6, табл. 9.1; ППМ 743-ПП, табл. 3.6.1"
pedestrian_path_110;запрет посадки;дерево;;;;;;;;;полоса вокруг объекта «пешеходная дорожка / тротуар», где деревья не ставятся;;пешеходная дорожка / тротуар;;0.7;"СП 42.13330.2016, п. 9.6, табл. 9.1; ППМ 743-ПП, табл. 3.6.1"
pedestrian_path_110;запрет посадки;кустарник;;;;;;;;;полоса вокруг объекта «пешеходная дорожка / тротуар», где кустарники не ставятся;;пешеходная дорожка / тротуар;;0.5;"СП 42.13330.2016, п. 9.6, табл. 9.1; ППМ 743-ПП, табл. 3.6.1"
pedestrian_path_111;запрет посадки;дерево;;;;;;;;;полоса вокруг объекта «пешеходная дорожка / тротуар», где деревья не ставятся;;пешеходная дорожка / тротуар;;0.7;"СП 42.13330.2016, п. 9.6, табл. 9.1; ППМ 743-ПП, табл. 3.6.1"
pedestrian_path_111;запрет посадки;кустарник;;;;;;;;;полоса вокруг объекта «пешеходная дорожка / тротуар», где кустарники не ставятся;;пешеходная дорожка / тротуар;;0.5;"СП 42.13330.2016, п. 9.6, табл. 9.1; ППМ 743-ПП, табл. 3.6.1"
pedestrian_path_112;запрет посадки;дерево;;;;;;;;;полоса вокруг объекта «пешеходная дорожка / тротуар», где деревья не ставятся;;пешеходная дорожка / тротуар;;0.7;"СП 42.13330.2016, п. 9.6, табл. 9.1; ППМ 743-ПП, табл. 3.6.1"
pedestrian_path_112;запрет посадки;кустарник;;;;;;;;;полоса вокруг объекта «пешеходная дорожка / тротуар», где кустарники не ставятся;;пешеходная дорожка / тротуар;;0.5;"СП 42.13330.2016, п. 9.6, табл. 9.1; ППМ 743-ПП, табл. 3.6.1"
pedestrian_path_113;запрет посадки;дерево;;;;;;;;;полоса вокруг объекта «пешеходная дорожка / тротуар», где деревья не ставятся;;пешеходная дорожка / тротуар;;0.7;"СП 42.13330.2016, п. 9.6, табл. 9.1; ППМ 743-ПП, табл. 3.6.1"
pedestrian_path_113;запрет посадки;кустарник;;;;;;;;;полоса вокруг объекта «пешеходная дорожка / тротуар», где кустарники не ставятся;;пешеходная дорожка / тротуар;;0.5;"СП 42.13330.2016, п. 9.6, табл. 9.1; ППМ 743-ПП, табл. 3.6.1"
pedestrian_path_114;запрет посадки;дерево;;;;;;;;;полоса вокруг объекта «пешеходная дорожка / тротуар», где деревья не ставятся;;пешеходная дорожка / тротуар;;0.7;"СП 42.13330.2016, п. 9.6, табл. 9.1; ППМ 743-ПП, табл. 3.6.1"
pedestrian_path_114;запрет посадки;кустарник;;;;;;;;;полоса вокруг объекта «пешеходная дорожка / тротуар», где кустарники не ставятся;;пешеходная дорожка / тротуар;;0.5;"СП 42.13330.2016, п. 9.6, табл. 9.1; ППМ 743-ПП, табл. 3.6.1"
pedestrian_path_115;запрет посадки;дерево;;;;;;;;;полоса вокруг объекта «пешеходная дорожка / тротуар», где деревья не ставятся;;пешеходная дорожка / тротуар;;0.7;"СП 42.13330.2016, п. 9.6, табл. 9.1; ППМ 743-ПП, табл. 3.6.1"
pedestrian_path_115;запрет посадки;кустарник;;;;;;;;;полоса вокруг объекта «пешеходная дорожка / тротуар», где кустарники не ставятся;;пешеходная дорожка / тротуар;;0.5;"СП 42.13330.2016, п. 9.6, табл. 9.1; ППМ 743-ПП, табл. 3.6.1"
pedestrian_path_116;запрет посадки;дерево;;;;;;;;;полоса вокруг объекта «пешеходная дорожка / тротуар», где деревья не ставятся;;пешеходная дорожка / тротуар;;0.7;"СП 42.13330.2016, п. 9.6, табл. 9.1; ППМ 743-ПП, табл. 3.6.1"
pedestrian_path_116;запрет посадки;кустарник;;;;;;;;;полоса вокруг объекта «пешеходная дорожка / тротуар», где кустарники не ставятся;;пешеходная дорожка / тротуар;;0.5;"СП 42.13330.2016, п. 9.6, табл. 9.1; ППМ 743-ПП, табл. 3.6.1"
pedestrian_path_117;запрет посадки;дерево;;;;;;;;;полоса вокруг объекта «пешеходная дорожка / тротуар», где деревья не ставятся;;пешеходная дорожка / тротуар;;0.7;"СП 42.13330.2016, п. 9.6, табл. 9.1; ППМ 743-ПП, табл. 3.6.1"
pedestrian_path_117;запрет посадки;кустарник;;;;;;;;;полоса вокруг объекта «пешеходная дорожка / тротуар», где кустарники не ставятся;;пешеходная дорожка / тротуар;;0.5;"СП 42.13330.2016, п. 9.6, табл. 9.1; ППМ 743-ПП, табл. 3.6.1"
pedestrian_path_118;запрет посадки;дерево;;;;;;;;;полоса вокруг объекта «пешеходная дорожка / тротуар», где деревья не ставятся;;пешеходная дорожка / тротуар;;0.7;"СП 42.13330.2016, п. 9.6, табл. 9.1; ППМ 743-ПП, табл. 3.6.1"
pedestrian_path_118;запрет посадки;кустарник;;;;;;;;;полоса вокруг объекта «пешеходная дорожка / тротуар», где кустарники не ставятся;;пешеходная дорожка / тротуар;;0.5;"СП 42.13330.2016, п. 9.6, табл. 9.1; ППМ 743-ПП, табл. 3.6.1"
pedestrian_path_119;запрет посадки;дерево;;;;;;;;;полоса вокруг объекта «пешеходная дорожка / тротуар», где деревья не ставятся;;пешеходная дорожка / тротуар;;0.7;"СП 42.13330.2016, п. 9.6, табл. 9.1; ППМ 743-ПП, табл. 3.6.1"
pedestrian_path_119;запрет посадки;кустарник;;;;;;;;;полоса вокруг объекта «пешеходная дорожка / тротуар», где кустарники не ставятся;;пешеходная дорожка / тротуар;;0.5;"СП 42.13330.2016, п. 9.6, табл. 9.1; ППМ 743-ПП, табл. 3.6.1"
pedestrian_path_120;запрет посадки;дерево;;;;;;;;;полоса вокруг объекта «пешеходная дорожка / тротуар», где деревья не ставятся;;пешеходная дорожка / тротуар;;0.7;"СП 42.13330.2016, п. 9.6, табл. 9.1; ППМ 743-ПП, табл. 3.6.1"
pedestrian_path_120;запрет посадки;кустарник;;;;;;;;;полоса вокруг объекта «пешеходная дорожка / тротуар», где кустарники не ставятся;;пешеходная дорожка / тротуар;;0.5;"СП 42.13330.2016, п. 9.6, табл. 9.1; ППМ 743-ПП, табл. 3.6.1"
pedestrian_path_121;запрет посадки;дерево;;;;;;;;;полоса вокруг объекта «пешеходная дорожка / тротуар», где деревья не ставятся;;пешеходная дорожка / тротуар;;0.7;"СП 42.13330.2016, п. 9.6, табл. 9.1; ППМ 743-ПП, табл. 3.6.1"
pedestrian_path_121;запрет посадки;кустарник;;;;;;;;;полоса вокруг объекта «пешеходная дорожка / тротуар», где кустарники не ставятся;;пешеходная дорожка / тротуар;;0.5;"СП 42.13330.2016, п. 9.6, табл. 9.1; ППМ 743-ПП, табл. 3.6.1"
pedestrian_path_122;запрет посадки;дерево;;;;;;;;;полоса вокруг объекта «пешеходная дорожка / тротуар», где деревья не ставятся;;пешеходная дорожка / тротуар;;0.7;"СП 42.13330.2016, п. 9.6, табл. 9.1; ППМ 743-ПП, табл. 3.6.1"
pedestrian_path_122;запрет посадки;кустарник;;;;;;;;;полоса вокруг объекта «пешеходная дорожка / тротуар», где кустарники не ставятся;;пешеходная дорожка / тротуар;;0.5;"СП 42.13330.2016, п. 9.6, табл. 9.1; ППМ 743-ПП, табл. 3.6.1"
pedestrian_path_123;запрет посадки;дерево;;;;;;;;;полоса вокруг объекта «пешеходная дорожка / тротуар», где деревья не ставятся;;пешеходная дорожка / тротуар;;0.7;"СП 42.13330.2016, п. 9.6, табл. 9.1; ППМ 743-ПП, табл. 3.6.1"
pedestrian_path_123;запрет посадки;кустарник;;;;;;;;;полоса вокруг объекта «пешеходная дорожка / тротуар», где кустарники не ставятся;;пешеходная дорожка / тротуар;;0.5;"СП 42.13330.2016, п. 9.6, табл. 9.1; ППМ 743-ПП, табл. 3.6.1"
pedestrian_path_124;запрет посадки;дерево;;;;;;;;;полоса вокруг объекта «пешеходная дорожка / тротуар», где деревья не ставятся;;пешеходная дорожка / тротуар;;0.7;"СП 42.13330.2016, п. 9.6, табл. 9.1; ППМ 743-ПП, табл. 3.6.1"
pedestrian_path_124;запрет посадки;кустарник;;;;;;;;;полоса вокруг объекта «пешеходная дорожка / тротуар», где кустарники не ставятся;;пешеходная дорожка / тротуар;;0.5;"СП 42.13330.2016, п. 9.6, табл. 9.1; ППМ 743-ПП, табл. 3.6.1"
pedestrian_path_125;запрет посадки;дерево;;;;;;;;;полоса вокруг объекта «пешеходная дорожка / тротуар», где деревья не ставятся;;пешеходная дорожка / тротуар;;0.7;"СП 42.13330.2016, п. 9.6, табл. 9.1; ППМ 743-ПП, табл. 3.6.1"
pedestrian_path_125;запрет посадки;кустарник;;;;;;;;;полоса вокруг объекта «пешеходная дорожка / тротуар», где кустарники не ставятся;;пешеходная дорожка / тротуар;;0.5;"СП 42.13330.2016, п. 9.6, табл. 9.1; ППМ 743-ПП, табл. 3.6.1"
pedestrian_path_126;запрет посадки;дерево;;;;;;;;;полоса вокруг объекта «пешеходная дорожка / тротуар», где деревья не ставятся;;пешеходная дорожка / тротуар;;0.7;"СП 42.13330.2016, п. 9.6, табл. 9.1; ППМ 743-ПП, табл. 3.6.1"
pedestrian_path_126;запрет посадки;кустарник;;;;;;;;;полоса вокруг объекта «пешеходная дорожка / тротуар», где кустарники не ставятся;;пешеходная дорожка / тротуар;;0.5;"СП 42.13330.2016, п. 9.6, табл. 9.1; ППМ 743-ПП, табл. 3.6.1"
pedestrian_path_127;запрет посадки;дерево;;;;;;;;;полоса вокруг объекта «пешеходная дорожка / тротуар», где деревья не ставятся;;пешеходная дорожка / тротуар;;0.7;"СП 42.13330.2016, п. 9.6, табл. 9.1; ППМ 743-ПП, табл. 3.6.1"
pedestrian_path_127;запрет посадки;кустарник;;;;;;;;;полоса вокруг объекта «пешеходная дорожка / тротуар», где кустарники не ставятся;;пешеходная дорожка / тротуар;;0.5;"СП 42.13330.2016, п. 9.6, табл. 9.1; ППМ 743-ПП, табл. 3.6.1"
pedestrian_path_128;запрет посадки;дерево;;;;;;;;;полоса вокруг объекта «пешеходная дорожка / тротуар», где деревья не ставятся;;пешеходная дорожка / тротуар;;0.7;"СП 42.13330.2016, п. 9.6, табл. 9.1; ППМ 743-ПП, табл. 3.6.1"
pedestrian_path_128;запрет посадки;кустарник;;;;;;;;;полоса вокруг объекта «пешеходная дорожка / тротуар», где кустарники не ставятся;;пешеходная дорожка / тротуар;;0.5;"СП 42.13330.2016, п. 9.6, табл. 9.1; ППМ 743-ПП, табл. 3.6.1"
pedestrian_path_129;запрет посадки;дерево;;;;;;;;;полоса вокруг объекта «пешеходная дорожка / тротуар», где деревья не ставятся;;пешеходная дорожка / тротуар;;0.7;"СП 42.13330.2016, п. 9.6, табл. 9.1; ППМ 743-ПП, табл. 3.6.1"
pedestrian_path_129;запрет посадки;кустарник;;;;;;;;;полоса вокруг объекта «пешеходная дорожка / тротуар», где кустарники не ставятся;;пешеходная дорожка / тротуар;;0.5;"СП 42.13330.2016, п. 9.6, табл. 9.1; ППМ 743-ПП, табл. 3.6.1"
pedestrian_path_130;запрет посадки;дерево;;;;;;;;;полоса вокруг объекта «пешеходная дорожка / тротуар», где деревья не ставятся;;пешеходная дорожка / тротуар;;0.7;"СП 42.13330.2016, п. 9.6, табл. 9.1; ППМ 743-ПП, табл. 3.6.1"
pedestrian_path_130;запрет посадки;кустарник;;;;;;;;;полоса вокруг объекта «пешеходная дорожка / тротуар», где кустарники не ставятся;;пешеходная дорожка / тротуар;;0.5;"СП 42.13330.2016, п. 9.6, табл. 9.1; ППМ 743-ПП, табл. 3.6.1"
pedestrian_path_131;запрет посадки;дерево;;;;;;;;;полоса вокруг объекта «пешеходная дорожка / тротуар», где деревья не ставятся;;пешеходная дорожка / тротуар;;0.7;"СП 42.13330.2016, п. 9.6, табл. 9.1; ППМ 743-ПП, табл. 3.6.1"
pedestrian_path_131;запрет посадки;кустарник;;;;;;;;;полоса вокруг объекта «пешеходная дорожка / тротуар», где кустарники не ставятся;;пешеходная дорожка / тротуар;;0.5;"СП 42.13330.2016, п. 9.6, табл. 9.1; ППМ 743-ПП, табл. 3.6.1"
pedestrian_path_132;запрет посадки;дерево;;;;;;;;;полоса вокруг объекта «пешеходная дорожка / тротуар», где деревья не ставятся;;пешеходная дорожка / тротуар;;0.7;"СП 42.13330.2016, п. 9.6, табл. 9.1; ППМ 743-ПП, табл. 3.6.1"
pedestrian_path_132;запрет посадки;кустарник;;;;;;;;;полоса вокруг объекта «пешеходная дорожка / тротуар», где кустарники не ставятся;;пешеходная дорожка / тротуар;;0.5;"СП 42.13330.2016, п. 9.6, табл. 9.1; ППМ 743-ПП, табл. 3.6.1"
pedestrian_path_133;запрет посадки;дерево;;;;;;;;;полоса вокруг объекта «пешеходная дорожка / тротуар», где деревья не ставятся;;пешеходная дорожка / тротуар;;0.7;"СП 42.13330.2016, п. 9.6, табл. 9.1; ППМ 743-ПП, табл. 3.6.1"
pedestrian_path_133;запрет посадки;кустарник;;;;;;;;;полоса вокруг объекта «пешеходная дорожка / тротуар», где кустарники не ставятся;;пешеходная дорожка / тротуар;;0.5;"СП 42.13330.2016, п. 9.6, табл. 9.1; ППМ 743-ПП, табл. 3.6.1"
pedestrian_path_134;запрет посадки;дерево;;;;;;;;;полоса вокруг объекта «пешеходная дорожка / тротуар», где деревья не ставятся;;пешеходная дорожка / тротуар;;0.7;"СП 42.13330.2016, п. 9.6, табл. 9.1; ППМ 743-ПП, табл. 3.6.1"
pedestrian_path_134;запрет посадки;кустарник;;;;;;;;;полоса вокруг объекта «пешеходная дорожка / тротуар», где кустарники не ставятся;;пешеходная дорожка / тротуар;;0.5;"СП 42.13330.2016, п. 9.6, табл. 9.1; ППМ 743-ПП, табл. 3.6.1"
pedestrian_path_135;запрет посадки;дерево;;;;;;;;;полоса вокруг объекта «пешеходная дорожка / тротуар», где деревья не ставятся;;пешеходная дорожка / тротуар;;0.7;"СП 42.13330.2016, п. 9.6, табл. 9.1; ППМ 743-ПП, табл. 3.6.1"
pedestrian_path_135;запрет посадки;кустарник;;;;;;;;;полоса вокруг объекта «пешеходная дорожка / тротуар», где кустарники не ставятся;;пешеходная дорожка / тротуар;;0.5;"СП 42.13330.2016, п. 9.6, табл. 9.1; ППМ 743-ПП, табл. 3.6.1"
pedestrian_path_136;запрет посадки;дерево;;;;;;;;;полоса вокруг объекта «пешеходная дорожка / тротуар», где деревья не ставятся;;пешеходная дорожка / тротуар;;0.7;"СП 42.13330.2016, п. 9.6, табл. 9.1; ППМ 743-ПП, табл. 3.6.1"
pedestrian_path_136;запрет посадки;кустарник;;;;;;;;;полоса вокруг объекта «пешеходная дорожка / тротуар», где кустарники не ставятся;;пешеходная дорожка / тротуар;;0.5;"СП 42.13330.2016, п. 9.6, табл. 9.1; ППМ 743-ПП, табл. 3.6.1"
pedestrian_path_137;запрет посадки;дерево;;;;;;;;;полоса вокруг объекта «пешеходная дорожка / тротуар», где деревья не ставятся;;пешеходная дорожка / тротуар;;0.7;"СП 42.13330.2016, п. 9.6, табл. 9.1; ППМ 743-ПП, табл. 3.6.1"
pedestrian_path_137;запрет посадки;кустарник;;;;;;;;;полоса вокруг объекта «пешеходная дорожка / тротуар», где кустарники не ставятся;;пешеходная дорожка / тротуар;;0.5;"СП 42.13330.2016, п. 9.6, табл. 9.1; ППМ 743-ПП, табл. 3.6.1"
pedestrian_path_138;запрет посадки;дерево;;;;;;;;;полоса вокруг объекта «пешеходная дорожка / тротуар», где деревья не ставятся;;пешеходная дорожка / тротуар;;0.7;"СП 42.13330.2016, п. 9.6, табл. 9.1; ППМ 743-ПП, табл. 3.6.1"
pedestrian_path_138;запрет посадки;кустарник;;;;;;;;;полоса вокруг объекта «пешеходная дорожка / тротуар», где кустарники не ставятся;;пешеходная дорожка / тротуар;;0.5;"СП 42.13330.2016, п. 9.6, табл. 9.1; ППМ 743-ПП, табл. 3.6.1"
pedestrian_path_139;запрет посадки;дерево;;;;;;;;;полоса вокруг объекта «пешеходная дорожка / тротуар», где деревья не ставятся;;пешеходная дорожка / тротуар;;0.7;"СП 42.13330.2016, п. 9.6, табл. 9.1; ППМ 743-ПП, табл. 3.6.1"
pedestrian_path_139;запрет посадки;кустарник;;;;;;;;;полоса вокруг объекта «пешеходная дорожка / тротуар», где кустарники не ставятся;;пешеходная дорожка / тротуар;;0.5;"СП 42.13330.2016, п. 9.6, табл. 9.1; ППМ 743-ПП, табл. 3.6.1"
pedestrian_path_140;запрет посадки;дерево;;;;;;;;;полоса вокруг объекта «пешеходная дорожка / тротуар», где деревья не ставятся;;пешеходная дорожка / тротуар;;0.7;"СП 42.13330.2016, п. 9.6, табл. 9.1; ППМ 743-ПП, табл. 3.6.1"
pedestrian_path_140;запрет посадки;кустарник;;;;;;;;;полоса вокруг объекта «пешеходная дорожка / тротуар», где кустарники не ставятся;;пешеходная дорожка / тротуар;;0.5;"СП 42.13330.2016, п. 9.6, табл. 9.1; ППМ 743-ПП, табл. 3.6.1"
pedestrian_path_141;запрет посадки;дерево;;;;;;;;;полоса вокруг объекта «пешеходная дорожка / тротуар», где деревья не ставятся;;пешеходная дорожка / тротуар;;0.7;"СП 42.13330.2016, п. 9.6, табл. 9.1; ППМ 743-ПП, табл. 3.6.1"
pedestrian_path_141;запрет посадки;кустарник;;;;;;;;;полоса вокруг объекта «пешеходная дорожка / тротуар», где кустарники не ставятся;;пешеходная дорожка / тротуар;;0.5;"СП 42.13330.2016, п. 9.6, табл. 9.1; ППМ 743-ПП, табл. 3.6.1"
pedestrian_path_142;запрет посадки;дерево;;;;;;;;;полоса вокруг объекта «пешеходная дорожка / тротуар», где деревья не ставятся;;пешеходная дорожка / тротуар;;0.7;"СП 42.13330.2016, п. 9.6, табл. 9.1; ППМ 743-ПП, табл. 3.6.1"
pedestrian_path_142;запрет посадки;кустарник;;;;;;;;;полоса вокруг объекта «пешеходная дорожка / тротуар», где кустарники не ставятся;;пешеходная дорожка / тротуар;;0.5;"СП 42.13330.2016, п. 9.6, табл. 9.1; ППМ 743-ПП, табл. 3.6.1"
pedestrian_path_143;запрет посадки;дерево;;;;;;;;;полоса вокруг объекта «пешеходная дорожка / тротуар», где деревья не ставятся;;пешеходная дорожка / тротуар;;0.7;"СП 42.13330.2016, п. 9.6, табл. 9.1; ППМ 743-ПП, табл. 3.6.1"
pedestrian_path_143;запрет посадки;кустарник;;;;;;;;;полоса вокруг объекта «пешеходная дорожка / тротуар», где кустарники не ставятся;;пешеходная дорожка / тротуар;;0.5;"СП 42.13330.2016, п. 9.6, табл. 9.1; ППМ 743-ПП, табл. 3.6.1"
pedestrian_path_144;запрет посадки;дерево;;;;;;;;;полоса вокруг объекта «пешеходная дорожка / тротуар», где деревья не ставятся;;пешеходная дорожка / тротуар;;0.7;"СП 42.13330.2016, п. 9.6, табл. 9.1; ППМ 743-ПП, табл. 3.6.1"
pedestrian_path_144;запрет посадки;кустарник;;;;;;;;;полоса вокруг объекта «пешеходная дорожка / тротуар», где кустарники не ставятся;;пешеходная дорожка / тротуар;;0.5;"СП 42.13330.2016, п. 9.6, табл. 9.1; ППМ 743-ПП, табл. 3.6.1"
pedestrian_path_145;запрет посадки;дерево;;;;;;;;;полоса вокруг объекта «пешеходная дорожка / тротуар», где деревья не ставятся;;пешеходная дорожка / тротуар;;0.7;"СП 42.13330.2016, п. 9.6, табл. 9.1; ППМ 743-ПП, табл. 3.6.1"
pedestrian_path_145;запрет посадки;кустарник;;;;;;;;;полоса вокруг объекта «пешеходная дорожка / тротуар», где кустарники не ставятся;;пешеходная дорожка / тротуар;;0.5;"СП 42.13330.2016, п. 9.6, табл. 9.1; ППМ 743-ПП, табл. 3.6.1"
pedestrian_path_146;запрет посадки;дерево;;;;;;;;;полоса вокруг объекта «пешеходная дорожка / тротуар», где деревья не ставятся;;пешеходная дорожка / тротуар;;0.7;"СП 42.13330.2016, п. 9.6, табл. 9.1; ППМ 743-ПП, табл. 3.6.1"
pedestrian_path_146;запрет посадки;кустарник;;;;;;;;;полоса вокруг объекта «пешеходная дорожка / тротуар», где кустарники не ставятся;;пешеходная дорожка / тротуар;;0.5;"СП 42.13330.2016, п. 9.6, табл. 9.1; ППМ 743-ПП, табл. 3.6.1"
pedestrian_path_147;запрет посадки;дерево;;;;;;;;;полоса вокруг объекта «пешеходная дорожка / тротуар», где деревья не ставятся;;пешеходная дорожка / тротуар;;0.7;"СП 42.13330.2016, п. 9.6, табл. 9.1; ППМ 743-ПП, табл. 3.6.1"
pedestrian_path_147;запрет посадки;кустарник;;;;;;;;;полоса вокруг объекта «пешеходная дорожка / тротуар», где кустарники не ставятся;;пешеходная дорожка / тротуар;;0.5;"СП 42.13330.2016, п. 9.6, табл. 9.1; ППМ 743-ПП, табл. 3.6.1"
pedestrian_path_148;запрет посадки;дерево;;;;;;;;;полоса вокруг объекта «пешеходная дорожка / тротуар», где деревья не ставятся;;пешеходная дорожка / тротуар;;0.7;"СП 42.13330.2016, п. 9.6, табл. 9.1; ППМ 743-ПП, табл. 3.6.1"
pedestrian_path_148;запрет посадки;кустарник;;;;;;;;;полоса вокруг объекта «пешеходная дорожка / тротуар», где кустарники не ставятся;;пешеходная дорожка / тротуар;;0.5;"СП 42.13330.2016, п. 9.6, табл. 9.1; ППМ 743-ПП, табл. 3.6.1"
pedestrian_path_149;запрет посадки;дерево;;;;;;;;;полоса вокруг объекта «пешеходная дорожка / тротуар», где деревья не ставятся;;пешеходная дорожка / тротуар;;0.7;"СП 42.13330.2016, п. 9.6, табл. 9.1; ППМ 743-ПП, табл. 3.6.1"
pedestrian_path_149;запрет посадки;кустарник;;;;;;;;;полоса вокруг объекта «пешеходная дорожка / тротуар», где кустарники не ставятся;;пешеходная дорожка / тротуар;;0.5;"СП 42.13330.2016, п. 9.6, табл. 9.1; ППМ 743-ПП, табл. 3.6.1"
pedestrian_path_150;запрет посадки;дерево;;;;;;;;;полоса вокруг объекта «пешеходная дорожка / тротуар», где деревья не ставятся;;пешеходная дорожка / тротуар;;0.7;"СП 42.13330.2016, п. 9.6, табл. 9.1; ППМ 743-ПП, табл. 3.6.1"
pedestrian_path_150;запрет посадки;кустарник;;;;;;;;;полоса вокруг объекта «пешеходная дорожка / тротуар», где кустарники не ставятся;;пешеходная дорожка / тротуар;;0.5;"СП 42.13330.2016, п. 9.6, табл. 9.1; ППМ 743-ПП, табл. 3.6.1"
pedestrian_path_151;запрет посадки;дерево;;;;;;;;;полоса вокруг объекта «пешеходная дорожка / тротуар», где деревья не ставятся;;пешеходная дорожка / тротуар;;0.7;"СП 42.13330.2016, п. 9.6, табл. 9.1; ППМ 743-ПП, табл. 3.6.1"
pedestrian_path_151;запрет посадки;кустарник;;;;;;;;;полоса вокруг объекта «пешеходная дорожка / тротуар», где кустарники не ставятся;;пешеходная дорожка / тротуар;;0.5;"СП 42.13330.2016, п. 9.6, табл. 9.1; ППМ 743-ПП, табл. 3.6.1"
pedestrian_path_152;запрет посадки;дерево;;;;;;;;;полоса вокруг объекта «пешеходная дорожка / тротуар», где деревья не ставятся;;пешеходная дорожка / тротуар;;0.7;"СП 42.13330.2016, п. 9.6, табл. 9.1; ППМ 743-ПП, табл. 3.6.1"
pedestrian_path_152;запрет посадки;кустарник;;;;;;;;;полоса вокруг объекта «пешеходная дорожка / тротуар», где кустарники не ставятся;;пешеходная дорожка / тротуар;;0.5;"СП 42.13330.2016, п. 9.6, табл. 9.1; ППМ 743-ПП, табл. 3.6.1"
pedestrian_path_153;запрет посадки;дерево;;;;;;;;;полоса вокруг объекта «пешеходная дорожка / тротуар», где деревья не ставятся;;пешеходная дорожка / тротуар;;0.7;"СП 42.13330.2016, п. 9.6, табл. 9.1; ППМ 743-ПП, табл. 3.6.1"
pedestrian_path_153;запрет посадки;кустарник;;;;;;;;;полоса вокруг объекта «пешеходная дорожка / тротуар», где кустарники не ставятся;;пешеходная дорожка / тротуар;;0.5;"СП 42.13330.2016, п. 9.6, табл. 9.1; ППМ 743-ПП, табл. 3.6.1"
pedestrian_path_154;запрет посадки;дерево;;;;;;;;;полоса вокруг объекта «пешеходная дорожка / тротуар», где деревья не ставятся;;пешеходная дорожка / тротуар;;0.7;"СП 42.13330.2016, п. 9.6, табл. 9.1; ППМ 743-ПП, табл. 3.6.1"
pedestrian_path_154;запрет посадки;кустарник;;;;;;;;;полоса вокруг объекта «пешеходная дорожка / тротуар», где кустарники не ставятся;;пешеходная дорожка / тротуар;;0.5;"СП 42.13330.2016, п. 9.6, табл. 9.1; ППМ 743-ПП, табл. 3.6.1"
pedestrian_path_155;запрет посадки;дерево;;;;;;;;;полоса вокруг объекта «пешеходная дорожка / тротуар», где деревья не ставятся;;пешеходная дорожка / тротуар;;0.7;"СП 42.13330.2016, п. 9.6, табл. 9.1; ППМ 743-ПП, табл. 3.6.1"
pedestrian_path_155;запрет посадки;кустарник;;;;;;;;;полоса вокруг объекта «пешеходная дорожка / тротуар», где кустарники не ставятся;;пешеходная дорожка / тротуар;;0.5;"СП 42.13330.2016, п. 9.6, табл. 9.1; ППМ 743-ПП, табл. 3.6.1"
pedestrian_path_156;запрет посадки;дерево;;;;;;;;;полоса вокруг объекта «пешеходная дорожка / тротуар», где деревья не ставятся;;пешеходная дорожка / тротуар;;0.7;"СП 42.13330.2016, п. 9.6, табл. 9.1; ППМ 743-ПП, табл. 3.6.1"
pedestrian_path_156;запрет посадки;кустарник;;;;;;;;;полоса вокруг объекта «пешеходная дорожка / тротуар», где кустарники не ставятся;;пешеходная дорожка / тротуар;;0.5;"СП 42.13330.2016, п. 9.6, табл. 9.1; ППМ 743-ПП, табл. 3.6.1"
pedestrian_path_157;запрет посадки;дерево;;;;;;;;;полоса вокруг объекта «пешеходная дорожка / тротуар», где деревья не ставятся;;пешеходная дорожка / тротуар;;0.7;"СП 42.13330.2016, п. 9.6, табл. 9.1; ППМ 743-ПП, табл. 3.6.1"
pedestrian_path_157;запрет посадки;кустарник;;;;;;;;;полоса вокруг объекта «пешеходная дорожка / тротуар», где кустарники не ставятся;;пешеходная дорожка / тротуар;;0.5;"СП 42.13330.2016, п. 9.6, табл. 9.1; ППМ 743-ПП, табл. 3.6.1"
pedestrian_path_158;запрет посадки;дерево;;;;;;;;;полоса вокруг объекта «пешеходная дорожка / тротуар», где деревья не ставятся;;пешеходная дорожка / тротуар;;0.7;"СП 42.13330.2016, п. 9.6, табл. 9.1; ППМ 743-ПП, табл. 3.6.1"
pedestrian_path_158;запрет посадки;кустарник;;;;;;;;;полоса вокруг объекта «пешеходная дорожка / тротуар», где кустарники не ставятся;;пешеходная дорожка / тротуар;;0.5;"СП 42.13330.2016, п. 9.6, табл. 9.1; ППМ 743-ПП, табл. 3.6.1"
pedestrian_path_159;запрет посадки;дерево;;;;;;;;;полоса вокруг объекта «пешеходная дорожка / тротуар», где деревья не ставятся;;пешеходная дорожка / тротуар;;0.7;"СП 42.13330.2016, п. 9.6, табл. 9.1; ППМ 743-ПП, табл. 3.6.1"
pedestrian_path_159;запрет посадки;кустарник;;;;;;;;;полоса вокруг объекта «пешеходная дорожка / тротуар», где кустарники не ставятся;;пешеходная дорожка / тротуар;;0.5;"СП 42.13330.2016, п. 9.6, табл. 9.1; ППМ 743-ПП, табл. 3.6.1"
pedestrian_path_160;запрет посадки;дерево;;;;;;;;;полоса вокруг объекта «пешеходная дорожка / тротуар», где деревья не ставятся;;пешеходная дорожка / тротуар;;0.7;"СП 42.13330.2016, п. 9.6, табл. 9.1; ППМ 743-ПП, табл. 3.6.1"
pedestrian_path_160;запрет посадки;кустарник;;;;;;;;;полоса вокруг объекта «пешеходная дорожка / тротуар», где кустарники не ставятся;;пешеходная дорожка / тротуар;;0.5;"СП 42.13330.2016, п. 9.6, табл. 9.1; ППМ 743-ПП, табл. 3.6.1"
pedestrian_path_161;запрет посадки;дерево;;;;;;;;;полоса вокруг объекта «пешеходная дорожка / тротуар», где деревья не ставятся;;пешеходная дорожка / тротуар;;0.7;"СП 42.13330.2016, п. 9.6, табл. 9.1; ППМ 743-ПП, табл. 3.6.1"
pedestrian_path_161;запрет посадки;кустарник;;;;;;;;;полоса вокруг объекта «пешеходная дорожка / тротуар», где кустарники не ставятся;;пешеходная дорожка / тротуар;;0.5;"СП 42.13330.2016, п. 9.6, табл. 9.1; ППМ 743-ПП, табл. 3.6.1"
pedestrian_path_162;запрет посадки;дерево;;;;;;;;;полоса вокруг объекта «пешеходная дорожка / тротуар», где деревья не ставятся;;пешеходная дорожка / тротуар;;0.7;"СП 42.13330.2016, п. 9.6, табл. 9.1; ППМ 743-ПП, табл. 3.6.1"
pedestrian_path_162;запрет посадки;кустарник;;;;;;;;;полоса вокруг объекта «пешеходная дорожка / тротуар», где кустарники не ставятся;;пешеходная дорожка / тротуар;;0.5;"СП 42.13330.2016, п. 9.6, табл. 9.1; ППМ 743-ПП, табл. 3.6.1"
pedestrian_path_163;запрет посадки;дерево;;;;;;;;;полоса вокруг объекта «пешеходная дорожка / тротуар», где деревья не ставятся;;пешеходная дорожка / тротуар;;0.7;"СП 42.13330.2016, п. 9.6, табл. 9.1; ППМ 743-ПП, табл. 3.6.1"
pedestrian_path_163;запрет посадки;кустарник;;;;;;;;;полоса вокруг объекта «пешеходная дорожка / тротуар», где кустарники не ставятся;;пешеходная дорожка / тротуар;;0.5;"СП 42.13330.2016, п. 9.6, табл. 9.1; ППМ 743-ПП, табл. 3.6.1"
pedestrian_path_164;запрет посадки;дерево;;;;;;;;;полоса вокруг объекта «пешеходная дорожка / тротуар», где деревья не ставятся;;пешеходная дорожка / тротуар;;0.7;"СП 42.13330.2016, п. 9.6, табл. 9.1; ППМ 743-ПП, табл. 3.6.1"
pedestrian_path_164;запрет посадки;кустарник;;;;;;;;;полоса вокруг объекта «пешеходная дорожка / тротуар», где кустарники не ставятся;;пешеходная дорожка / тротуар;;0.5;"СП 42.13330.2016, п. 9.6, табл. 9.1; ППМ 743-ПП, табл. 3.6.1"
pedestrian_path_165;запрет посадки;дерево;;;;;;;;;полоса вокруг объекта «пешеходная дорожка / тротуар», где деревья не ставятся;;пешеходная дорожка / тротуар;;0.7;"СП 42.13330.2016, п. 9.6, табл. 9.1; ППМ 743-ПП, табл. 3.6.1"
pedestrian_path_165;запрет посадки;кустарник;;;;;;;;;полоса вокруг объекта «пешеходная дорожка / тротуар», где кустарники не ставятся;;пешеходная дорожка / тротуар;;0.5;"СП 42.13330.2016, п. 9.6, табл. 9.1; ППМ 743-ПП, табл. 3.6.1"
pedestrian_path_166;запрет посадки;дерево;;;;;;;;;полоса вокруг объекта «пешеходная дорожка / тротуар», где деревья не ставятся;;пешеходная дорожка / тротуар;;0.7;"СП 42.13330.2016, п. 9.6, табл. 9.1; ППМ 743-ПП, табл. 3.6.1"
pedestrian_path_166;запрет посадки;кустарник;;;;;;;;;полоса вокруг объекта «пешеходная дорожка / тротуар», где кустарники не ставятся;;пешеходная дорожка / тротуар;;0.5;"СП 42.13330.2016, п. 9.6, табл. 9.1; ППМ 743-ПП, табл. 3.6.1"
pedestrian_path_167;запрет посадки;дерево;;;;;;;;;полоса вокруг объекта «пешеходная дорожка / тротуар», где деревья не ставятся;;пешеходная дорожка / тротуар;;0.7;"СП 42.13330.2016, п. 9.6, табл. 9.1; ППМ 743-ПП, табл. 3.6.1"
pedestrian_path_167;запрет посадки;кустарник;;;;;;;;;полоса вокруг объекта «пешеходная дорожка / тротуар», где кустарники не ставятся;;пешеходная дорожка / тротуар;;0.5;"СП 42.13330.2016, п. 9.6, табл. 9.1; ППМ 743-ПП, табл. 3.6.1"
pedestrian_path_168;запрет посадки;дерево;;;;;;;;;полоса вокруг объекта «пешеходная дорожка / тротуар», где деревья не ставятся;;пешеходная дорожка / тротуар;;0.7;"СП 42.13330.2016, п. 9.6, табл. 9.1; ППМ 743-ПП, табл. 3.6.1"
pedestrian_path_168;запрет посадки;кустарник;;;;;;;;;полоса вокруг объекта «пешеходная дорожка / тротуар», где кустарники не ставятся;;пешеходная дорожка / тротуар;;0.5;"СП 42.13330.2016, п. 9.6, табл. 9.1; ППМ 743-ПП, табл. 3.6.1"
pedestrian_path_169;запрет посадки;дерево;;;;;;;;;полоса вокруг объекта «пешеходная дорожка / тротуар», где деревья не ставятся;;пешеходная дорожка / тротуар;;0.7;"СП 42.13330.2016, п. 9.6, табл. 9.1; ППМ 743-ПП, табл. 3.6.1"
pedestrian_path_169;запрет посадки;кустарник;;;;;;;;;полоса вокруг объекта «пешеходная дорожка / тротуар», где кустарники не ставятся;;пешеходная дорожка / тротуар;;0.5;"СП 42.13330.2016, п. 9.6, табл. 9.1; ППМ 743-ПП, табл. 3.6.1"
pedestrian_path_170;запрет посадки;дерево;;;;;;;;;полоса вокруг объекта «пешеходная дорожка / тротуар», где деревья не ставятся;;пешеходная дорожка / тротуар;;0.7;"СП 42.13330.2016, п. 9.6, табл. 9.1; ППМ 743-ПП, табл. 3.6.1"
pedestrian_path_170;запрет посадки;кустарник;;;;;;;;;полоса вокруг объекта «пешеходная дорожка / тротуар», где кустарники не ставятся;;пешеходная дорожка / тротуар;;0.5;"СП 42.13330.2016, п. 9.6, табл. 9.1; ППМ 743-ПП, табл. 3.6.1"
pedestrian_path_171;запрет посадки;дерево;;;;;;;;;полоса вокруг объекта «пешеходная дорожка / тротуар», где деревья не ставятся;;пешеходная дорожка / тротуар;;0.7;"СП 42.13330.2016, п. 9.6, табл. 9.1; ППМ 743-ПП, табл. 3.6.1"
pedestrian_path_171;запрет посадки;кустарник;;;;;;;;;полоса вокруг объекта «пешеходная дорожка / тротуар», где кустарники не ставятся;;пешеходная дорожка / тротуар;;0.5;"СП 42.13330.2016, п. 9.6, табл. 9.1; ППМ 743-ПП, табл. 3.6.1"
pedestrian_path_172;запрет посадки;дерево;;;;;;;;;полоса вокруг объекта «пешеходная дорожка / тротуар», где деревья не ставятся;;пешеходная дорожка / тротуар;;0.7;"СП 42.13330.2016, п. 9.6, табл. 9.1; ППМ 743-ПП, табл. 3.6.1"
pedestrian_path_172;запрет посадки;кустарник;;;;;;;;;полоса вокруг объекта «пешеходная дорожка / тротуар», где кустарники не ставятся;;пешеходная дорожка / тротуар;;0.5;"СП 42.13330.2016, п. 9.6, табл. 9.1; ППМ 743-ПП, табл. 3.6.1"
pedestrian_path_173;запрет посадки;дерево;;;;;;;;;полоса вокруг объекта «пешеходная дорожка / тротуар», где деревья не ставятся;;пешеходная дорожка / тротуар;;0.7;"СП 42.13330.2016, п. 9.6, табл. 9.1; ППМ 743-ПП, табл. 3.6.1"
pedestrian_path_173;запрет посадки;кустарник;;;;;;;;;полоса вокруг объекта «пешеходная дорожка / тротуар», где кустарники не ставятся;;пешеходная дорожка / тротуар;;0.5;"СП 42.13330.2016, п. 9.6, табл. 9.1; ППМ 743-ПП, табл. 3.6.1"
pedestrian_path_174;запрет посадки;дерево;;;;;;;;;полоса вокруг объекта «пешеходная дорожка / тротуар», где деревья не ставятся;;пешеходная дорожка / тротуар;;0.7;"СП 42.13330.2016, п. 9.6, табл. 9.1; ППМ 743-ПП, табл. 3.6.1"
pedestrian_path_174;запрет посадки;кустарник;;;;;;;;;полоса вокруг объекта «пешеходная дорожка / тротуар», где кустарники не ставятся;;пешеходная дорожка / тротуар;;0.5;"СП 42.13330.2016, п. 9.6, табл. 9.1; ППМ 743-ПП, табл. 3.6.1"
pedestrian_path_175;запрет посадки;дерево;;;;;;;;;полоса вокруг объекта «пешеходная дорожка / тротуар», где деревья не ставятся;;пешеходная дорожка / тротуар;;0.7;"СП 42.13330.2016, п. 9.6, табл. 9.1; ППМ 743-ПП, табл. 3.6.1"
pedestrian_path_175;запрет посадки;кустарник;;;;;;;;;полоса вокруг объекта «пешеходная дорожка / тротуар», где кустарники не ставятся;;пешеходная дорожка / тротуар;;0.5;"СП 42.13330.2016, п. 9.6, табл. 9.1; ППМ 743-ПП, табл. 3.6.1"
pedestrian_path_176;запрет посадки;дерево;;;;;;;;;полоса вокруг объекта «пешеходная дорожка / тротуар», где деревья не ставятся;;пешеходная дорожка / тротуар;;0.7;"СП 42.13330.2016, п. 9.6, табл. 9.1; ППМ 743-ПП, табл. 3.6.1"
pedestrian_path_176;запрет посадки;кустарник;;;;;;;;;полоса вокруг объекта «пешеходная дорожка / тротуар», где кустарники не ставятся;;пешеходная дорожка / тротуар;;0.5;"СП 42.13330.2016, п. 9.6, табл. 9.1; ППМ 743-ПП, табл. 3.6.1"
pedestrian_path_177;запрет посадки;дерево;;;;;;;;;полоса вокруг объекта «пешеходная дорожка / тротуар», где деревья не ставятся;;пешеходная дорожка / тротуар;;0.7;"СП 42.13330.2016, п. 9.6, табл. 9.1; ППМ 743-ПП, табл. 3.6.1"
pedestrian_path_177;запрет посадки;кустарник;;;;;;;;;полоса вокруг объекта «пешеходная дорожка / тротуар», где кустарники не ставятся;;пешеходная дорожка / тротуар;;0.5;"СП 42.13330.2016, п. 9.6, табл. 9.1; ППМ 743-ПП, табл. 3.6.1"
pedestrian_path_178;запрет посадки;дерево;;;;;;;;;полоса вокруг объекта «пешеходная дорожка / тротуар», где деревья не ставятся;;пешеходная дорожка / тротуар;;0.7;"СП 42.13330.2016, п. 9.6, табл. 9.1; ППМ 743-ПП, табл. 3.6.1"
pedestrian_path_178;запрет посадки;кустарник;;;;;;;;;полоса вокруг объекта «пешеходная дорожка / тротуар», где кустарники не ставятся;;пешеходная дорожка / тротуар;;0.5;"СП 42.13330.2016, п. 9.6, табл. 9.1; ППМ 743-ПП, табл. 3.6.1"
pedestrian_path_179;запрет посадки;дерево;;;;;;;;;полоса вокруг объекта «пешеходная дорожка / тротуар», где деревья не ставятся;;пешеходная дорожка / тротуар;;0.7;"СП 42.13330.2016, п. 9.6, табл. 9.1; ППМ 743-ПП, табл. 3.6.1"
pedestrian_path_179;запрет посадки;кустарник;;;;;;;;;полоса вокруг объекта «пешеходная дорожка / тротуар», где кустарники не ставятся;;пешеходная дорожка / тротуар;;0.5;"СП 42.13330.2016, п. 9.6, табл. 9.1; ППМ 743-ПП, табл. 3.6.1"
pedestrian_path_180;запрет посадки;дерево;;;;;;;;;полоса вокруг объекта «пешеходная дорожка / тротуар», где деревья не ставятся;;пешеходная дорожка / тротуар;;0.7;"СП 42.13330.2016, п. 9.6, табл. 9.1; ППМ 743-ПП, табл. 3.6.1"
pedestrian_path_180;запрет посадки;кустарник;;;;;;;;;полоса вокруг объекта «пешеходная дорожка / тротуар», где кустарники не ставятся;;пешеходная дорожка / тротуар;;0.5;"СП 42.13330.2016, п. 9.6, табл. 9.1; ППМ 743-ПП, табл. 3.6.1"
pedestrian_path_181;запрет посадки;дерево;;;;;;;;;полоса вокруг объекта «пешеходная дорожка / тротуар», где деревья не ставятся;;пешеходная дорожка / тротуар;;0.7;"СП 42.13330.2016, п. 9.6, табл. 9.1; ППМ 743-ПП, табл. 3.6.1"
pedestrian_path_181;запрет посадки;кустарник;;;;;;;;;полоса вокруг объекта «пешеходная дорожка / тротуар», где кустарники не ставятся;;пешеходная дорожка / тротуар;;0.5;"СП 42.13330.2016, п. 9.6, табл. 9.1; ППМ 743-ПП, табл. 3.6.1"
pedestrian_path_182;запрет посадки;дерево;;;;;;;;;полоса вокруг объекта «пешеходная дорожка / тротуар», где деревья не ставятся;;пешеходная дорожка / тротуар;;0.7;"СП 42.13330.2016, п. 9.6, табл. 9.1; ППМ 743-ПП, табл. 3.6.1"
pedestrian_path_182;запрет посадки;кустарник;;;;;;;;;полоса вокруг объекта «пешеходная дорожка / тротуар», где кустарники не ставятся;;пешеходная дорожка / тротуар;;0.5;"СП 42.13330.2016, п. 9.6, табл. 9.1; ППМ 743-ПП, табл. 3.6.1"
pedestrian_path_183;запрет посадки;дерево;;;;;;;;;полоса вокруг объекта «пешеходная дорожка / тротуар», где деревья не ставятся;;пешеходная дорожка / тротуар;;0.7;"СП 42.13330.2016, п. 9.6, табл. 9.1; ППМ 743-ПП, табл. 3.6.1"
pedestrian_path_183;запрет посадки;кустарник;;;;;;;;;полоса вокруг объекта «пешеходная дорожка / тротуар», где кустарники не ставятся;;пешеходная дорожка / тротуар;;0.5;"СП 42.13330.2016, п. 9.6, табл. 9.1; ППМ 743-ПП, табл. 3.6.1"
pedestrian_path_184;запрет посадки;дерево;;;;;;;;;полоса вокруг объекта «пешеходная дорожка / тротуар», где деревья не ставятся;;пешеходная дорожка / тротуар;;0.7;"СП 42.13330.2016, п. 9.6, табл. 9.1; ППМ 743-ПП, табл. 3.6.1"
pedestrian_path_184;запрет посадки;кустарник;;;;;;;;;полоса вокруг объекта «пешеходная дорожка / тротуар», где кустарники не ставятся;;пешеходная дорожка / тротуар;;0.5;"СП 42.13330.2016, п. 9.6, табл. 9.1; ППМ 743-ПП, табл. 3.6.1"
pedestrian_path_185;запрет посадки;дерево;;;;;;;;;полоса вокруг объекта «пешеходная дорожка / тротуар», где деревья не ставятся;;пешеходная дорожка / тротуар;;0.7;"СП 42.13330.2016, п. 9.6, табл. 9.1; ППМ 743-ПП, табл. 3.6.1"
pedestrian_path_185;запрет посадки;кустарник;;;;;;;;;полоса вокруг объекта «пешеходная дорожка / тротуар», где кустарники не ставятся;;пешеходная дорожка / тротуар;;0.5;"СП 42.13330.2016, п. 9.6, табл. 9.1; ППМ 743-ПП, табл. 3.6.1"
pedestrian_path_186;запрет посадки;дерево;;;;;;;;;полоса вокруг объекта «пешеходная дорожка / тротуар», где деревья не ставятся;;пешеходная дорожка / тротуар;;0.7;"СП 42.13330.2016, п. 9.6, табл. 9.1; ППМ 743-ПП, табл. 3.6.1"
pedestrian_path_186;запрет посадки;кустарник;;;;;;;;;полоса вокруг объекта «пешеходная дорожка / тротуар», где кустарники не ставятся;;пешеходная дорожка / тротуар;;0.5;"СП 42.13330.2016, п. 9.6, табл. 9.1; ППМ 743-ПП, табл. 3.6.1"
pedestrian_path_187;запрет посадки;дерево;;;;;;;;;полоса вокруг объекта «пешеходная дорожка / тротуар», где деревья не ставятся;;пешеходная дорожка / тротуар;;0.7;"СП 42.13330.2016, п. 9.6, табл. 9.1; ППМ 743-ПП, табл. 3.6.1"
pedestrian_path_187;запрет посадки;кустарник;;;;;;;;;полоса вокруг объекта «пешеходная дорожка / тротуар», где кустарники не ставятся;;пешеходная дорожка / тротуар;;0.5;"СП 42.13330.2016, п. 9.6, табл. 9.1; ППМ 743-ПП, табл. 3.6.1"
pedestrian_path_188;запрет посадки;дерево;;;;;;;;;полоса вокруг объекта «пешеходная дорожка / тротуар», где деревья не ставятся;;пешеходная дорожка / тротуар;;0.7;"СП 42.13330.2016, п. 9.6, табл. 9.1; ППМ 743-ПП, табл. 3.6.1"
pedestrian_path_188;запрет посадки;кустарник;;;;;;;;;полоса вокруг объекта «пешеходная дорожка / тротуар», где кустарники не ставятся;;пешеходная дорожка / тротуар;;0.5;"СП 42.13330.2016, п. 9.6, табл. 9.1; ППМ 743-ПП, табл. 3.6.1"
pedestrian_path_189;запрет посадки;дерево;;;;;;;;;полоса вокруг объекта «пешеходная дорожка / тротуар», где деревья не ставятся;;пешеходная дорожка / тротуар;;0.7;"СП 42.13330.2016, п. 9.6, табл. 9.1; ППМ 743-ПП, табл. 3.6.1"
pedestrian_path_189;запрет посадки;кустарник;;;;;;;;;полоса вокруг объекта «пешеходная дорожка / тротуар», где кустарники не ставятся;;пешеходная дорожка / тротуар;;0.5;"СП 42.13330.2016, п. 9.6, табл. 9.1; ППМ 743-ПП, табл. 3.6.1"
pedestrian_path_190;запрет посадки;дерево;;;;;;;;;полоса вокруг объекта «пешеходная дорожка / тротуар», где деревья не ставятся;;пешеходная дорожка / тротуар;;0.7;"СП 42.13330.2016, п. 9.6, табл. 9.1; ППМ 743-ПП, табл. 3.6.1"
pedestrian_path_190;запрет посадки;кустарник;;;;;;;;;полоса вокруг объекта «пешеходная дорожка / тротуар», где кустарники не ставятся;;пешеходная дорожка / тротуар;;0.5;"СП 42.13330.2016, п. 9.6, табл. 9.1; ППМ 743-ПП, табл. 3.6.1"
pedestrian_path_191;запрет посадки;дерево;;;;;;;;;полоса вокруг объекта «пешеходная дорожка / тротуар», где деревья не ставятся;;пешеходная дорожка / тротуар;;0.7;"СП 42.13330.2016, п. 9.6, табл. 9.1; ППМ 743-ПП, табл. 3.6.1"
pedestrian_path_191;запрет посадки;кустарник;;;;;;;;;полоса вокруг объекта «пешеходная дорожка / тротуар», где кустарники не ставятся;;пешеходная дорожка / тротуар;;0.5;"СП 42.13330.2016, п. 9.6, табл. 9.1; ППМ 743-ПП, табл. 3.6.1"
pedestrian_path_192;запрет посадки;дерево;;;;;;;;;полоса вокруг объекта «пешеходная дорожка / тротуар», где деревья не ставятся;;пешеходная дорожка / тротуар;;0.7;"СП 42.13330.2016, п. 9.6, табл. 9.1; ППМ 743-ПП, табл. 3.6.1"
pedestrian_path_192;запрет посадки;кустарник;;;;;;;;;полоса вокруг объекта «пешеходная дорожка / тротуар», где кустарники не ставятся;;пешеходная дорожка / тротуар;;0.5;"СП 42.13330.2016, п. 9.6, табл. 9.1; ППМ 743-ПП, табл. 3.6.1"
pedestrian_path_193;запрет посадки;дерево;;;;;;;;;полоса вокруг объекта «пешеходная дорожка / тротуар», где деревья не ставятся;;пешеходная дорожка / тротуар;;0.7;"СП 42.13330.2016, п. 9.6, табл. 9.1; ППМ 743-ПП, табл. 3.6.1"
pedestrian_path_193;запрет посадки;кустарник;;;;;;;;;полоса вокруг объекта «пешеходная дорожка / тротуар», где кустарники не ставятся;;пешеходная дорожка / тротуар;;0.5;"СП 42.13330.2016, п. 9.6, табл. 9.1; ППМ 743-ПП, табл. 3.6.1"
pedestrian_path_194;запрет посадки;дерево;;;;;;;;;полоса вокруг объекта «пешеходная дорожка / тротуар», где деревья не ставятся;;пешеходная дорожка / тротуар;;0.7;"СП 42.13330.2016, п. 9.6, табл. 9.1; ППМ 743-ПП, табл. 3.6.1"
pedestrian_path_194;запрет посадки;кустарник;;;;;;;;;полоса вокруг объекта «пешеходная дорожка / тротуар», где кустарники не ставятся;;пешеходная дорожка / тротуар;;0.5;"СП 42.13330.2016, п. 9.6, табл. 9.1; ППМ 743-ПП, табл. 3.6.1"
pedestrian_path_195;запрет посадки;дерево;;;;;;;;;полоса вокруг объекта «пешеходная дорожка / тротуар», где деревья не ставятся;;пешеходная дорожка / тротуар;;0.7;"СП 42.13330.2016, п. 9.6, табл. 9.1; ППМ 743-ПП, табл. 3.6.1"
pedestrian_path_195;запрет посадки;кустарник;;;;;;;;;полоса вокруг объекта «пешеходная дорожка / тротуар», где кустарники не ставятся;;пешеходная дорожка / тротуар;;0.5;"СП 42.13330.2016, п. 9.6, табл. 9.1; ППМ 743-ПП, табл. 3.6.1"
pedestrian_path_196;запрет посадки;дерево;;;;;;;;;полоса вокруг объекта «пешеходная дорожка / тротуар», где деревья не ставятся;;пешеходная дорожка / тротуар;;0.7;"СП 42.13330.2016, п. 9.6, табл. 9.1; ППМ 743-ПП, табл. 3.6.1"
pedestrian_path_196;запрет посадки;кустарник;;;;;;;;;полоса вокруг объекта «пешеходная дорожка / тротуар», где кустарники не ставятся;;пешеходная дорожка / тротуар;;0.5;"СП 42.13330.2016, п. 9.6, табл. 9.1; ППМ 743-ПП, табл. 3.6.1"
pedestrian_path_197;запрет посадки;дерево;;;;;;;;;полоса вокруг объекта «пешеходная дорожка / тротуар», где деревья не ставятся;;пешеходная дорожка / тротуар;;0.7;"СП 42.13330.2016, п. 9.6, табл. 9.1; ППМ 743-ПП, табл. 3.6.1"
pedestrian_path_197;запрет посадки;кустарник;;;;;;;;;полоса вокруг объекта «пешеходная дорожка / тротуар», где кустарники не ставятся;;пешеходная дорожка / тротуар;;0.5;"СП 42.13330.2016, п. 9.6, табл. 9.1; ППМ 743-ПП, табл. 3.6.1"
pedestrian_path_198;запрет посадки;дерево;;;;;;;;;полоса вокруг объекта «пешеходная дорожка / тротуар», где деревья не ставятся;;пешеходная дорожка / тротуар;;0.7;"СП 42.13330.2016, п. 9.6, табл. 9.1; ППМ 743-ПП, табл. 3.6.1"
pedestrian_path_198;запрет посадки;кустарник;;;;;;;;;полоса вокруг объекта «пешеходная дорожка / тротуар», где кустарники не ставятся;;пешеходная дорожка / тротуар;;0.5;"СП 42.13330.2016, п. 9.6, табл. 9.1; ППМ 743-ПП, табл. 3.6.1"
pedestrian_path_199;запрет посадки;дерево;;;;;;;;;полоса вокруг объекта «пешеходная дорожка / тротуар», где деревья не ставятся;;пешеходная дорожка / тротуар;;0.7;"СП 42.13330.2016, п. 9.6, табл. 9.1; ППМ 743-ПП, табл. 3.6.1"
pedestrian_path_199;запрет посадки;кустарник;;;;;;;;;полоса вокруг объекта «пешеходная дорожка / тротуар», где кустарники не ставятся;;пешеходная дорожка / тротуар;;0.5;"СП 42.13330.2016, п. 9.6, табл. 9.1; ППМ 743-ПП, табл. 3.6.1"
pedestrian_path_200;запрет посадки;дерево;;;;;;;;;полоса вокруг объекта «пешеходная дорожка / тротуар», где деревья не ставятся;;пешеходная дорожка / тротуар;;0.7;"СП 42.13330.2016, п. 9.6, табл. 9.1; ППМ 743-ПП, табл. 3.6.1"
pedestrian_path_200;запрет посадки;кустарник;;;;;;;;;полоса вокруг объекта «пешеходная дорожка / тротуар», где кустарники не ставятся;;пешеходная дорожка / тротуар;;0.5;"СП 42.13330.2016, п. 9.6, табл. 9.1; ППМ 743-ПП, табл. 3.6.1"
pedestrian_path_201;запрет посадки;дерево;;;;;;;;;полоса вокруг объекта «пешеходная дорожка / тротуар», где деревья не ставятся;;пешеходная дорожка / тротуар;;0.7;"СП 42.13330.2016, п. 9.6, табл. 9.1; ППМ 743-ПП, табл. 3.6.1"
pedestrian_path_201;запрет посадки;кустарник;;;;;;;;;полоса вокруг объекта «пешеходная дорожка / тротуар», где кустарники не ставятся;;пешеходная дорожка / тротуар;;0.5;"СП 42.13330.2016, п. 9.6, табл. 9.1; ППМ 743-ПП, табл. 3.6.1"
pedestrian_path_202;запрет посадки;дерево;;;;;;;;;полоса вокруг объекта «пешеходная дорожка / тротуар», где деревья не ставятся;;пешеходная дорожка / тротуар;;0.7;"СП 42.13330.2016, п. 9.6, табл. 9.1; ППМ 743-ПП, табл. 3.6.1"
pedestrian_path_202;запрет посадки;кустарник;;;;;;;;;полоса вокруг объекта «пешеходная дорожка / тротуар», где кустарники не ставятся;;пешеходная дорожка / тротуар;;0.5;"СП 42.13330.2016, п. 9.6, табл. 9.1; ППМ 743-ПП, табл. 3.6.1"
pedestrian_path_203;запрет посадки;дерево;;;;;;;;;полоса вокруг объекта «пешеходная дорожка / тротуар», где деревья не ставятся;;пешеходная дорожка / тротуар;;0.7;"СП 42.13330.2016, п. 9.6, табл. 9.1; ППМ 743-ПП, табл. 3.6.1"
pedestrian_path_203;запрет посадки;кустарник;;;;;;;;;полоса вокруг объекта «пешеходная дорожка / тротуар», где кустарники не ставятся;;пешеходная дорожка / тротуар;;0.5;"СП 42.13330.2016, п. 9.6, табл. 9.1; ППМ 743-ПП, табл. 3.6.1"
pedestrian_path_204;запрет посадки;дерево;;;;;;;;;полоса вокруг объекта «пешеходная дорожка / тротуар», где деревья не ставятся;;пешеходная дорожка / тротуар;;0.7;"СП 42.13330.2016, п. 9.6, табл. 9.1; ППМ 743-ПП, табл. 3.6.1"
pedestrian_path_204;запрет посадки;кустарник;;;;;;;;;полоса вокруг объекта «пешеходная дорожка / тротуар», где кустарники не ставятся;;пешеходная дорожка / тротуар;;0.5;"СП 42.13330.2016, п. 9.6, табл. 9.1; ППМ 743-ПП, табл. 3.6.1"
pedestrian_path_205;запрет посадки;дерево;;;;;;;;;полоса вокруг объекта «пешеходная дорожка / тротуар», где деревья не ставятся;;пешеходная дорожка / тротуар;;0.7;"СП 42.13330.2016, п. 9.6, табл. 9.1; ППМ 743-ПП, табл. 3.6.1"
pedestrian_path_205;запрет посадки;кустарник;;;;;;;;;полоса вокруг объекта «пешеходная дорожка / тротуар», где кустарники не ставятся;;пешеходная дорожка / тротуар;;0.5;"СП 42.13330.2016, п. 9.6, табл. 9.1; ППМ 743-ПП, табл. 3.6.1"
pedestrian_path_206;запрет посадки;дерево;;;;;;;;;полоса вокруг объекта «пешеходная дорожка / тротуар», где деревья не ставятся;;пешеходная дорожка / тротуар;;0.7;"СП 42.13330.2016, п. 9.6, табл. 9.1; ППМ 743-ПП, табл. 3.6.1"
pedestrian_path_206;запрет посадки;кустарник;;;;;;;;;полоса вокруг объекта «пешеходная дорожка / тротуар», где кустарники не ставятся;;пешеходная дорожка / тротуар;;0.5;"СП 42.13330.2016, п. 9.6, табл. 9.1; ППМ 743-ПП, табл. 3.6.1"
pedestrian_path_207;запрет посадки;дерево;;;;;;;;;полоса вокруг объекта «пешеходная дорожка / тротуар», где деревья не ставятся;;пешеходная дорожка / тротуар;;0.7;"СП 42.13330.2016, п. 9.6, табл. 9.1; ППМ 743-ПП, табл. 3.6.1"
pedestrian_path_207;запрет посадки;кустарник;;;;;;;;;полоса вокруг объекта «пешеходная дорожка / тротуар», где кустарники не ставятся;;пешеходная дорожка / тротуар;;0.5;"СП 42.13330.2016, п. 9.6, табл. 9.1; ППМ 743-ПП, табл. 3.6.1"
pedestrian_path_208;запрет посадки;дерево;;;;;;;;;полоса вокруг объекта «пешеходная дорожка / тротуар», где деревья не ставятся;;пешеходная дорожка / тротуар;;0.7;"СП 42.13330.2016, п. 9.6, табл. 9.1; ППМ 743-ПП, табл. 3.6.1"
pedestrian_path_208;запрет посадки;кустарник;;;;;;;;;полоса вокруг объекта «пешеходная дорожка / тротуар», где кустарники не ставятся;;пешеходная дорожка / тротуар;;0.5;"СП 42.13330.2016, п. 9.6, табл. 9.1; ППМ 743-ПП, табл. 3.6.1"
pedestrian_path_209;запрет посадки;дерево;;;;;;;;;полоса вокруг объекта «пешеходная дорожка / тротуар», где деревья не ставятся;;пешеходная дорожка / тротуар;;0.7;"СП 42.13330.2016, п. 9.6, табл. 9.1; ППМ 743-ПП, табл. 3.6.1"
pedestrian_path_209;запрет посадки;кустарник;;;;;;;;;полоса вокруг объекта «пешеходная дорожка / тротуар», где кустарники не ставятся;;пешеходная дорожка / тротуар;;0.5;"СП 42.13330.2016, п. 9.6, табл. 9.1; ППМ 743-ПП, табл. 3.6.1"
pedestrian_path_210;запрет посадки;дерево;;;;;;;;;полоса вокруг объекта «пешеходная дорожка / тротуар», где деревья не ставятся;;пешеходная дорожка / тротуар;;0.7;"СП 42.13330.2016, п. 9.6, табл. 9.1; ППМ 743-ПП, табл. 3.6.1"
pedestrian_path_210;запрет посадки;кустарник;;;;;;;;;полоса вокруг объекта «пешеходная дорожка / тротуар», где кустарники не ставятся;;пешеходная дорожка / тротуар;;0.5;"СП 42.13330.2016, п. 9.6, табл. 9.1; ППМ 743-ПП, табл. 3.6.1"
pedestrian_path_211;запрет посадки;дерево;;;;;;;;;полоса вокруг объекта «пешеходная дорожка / тротуар», где деревья не ставятся;;пешеходная дорожка / тротуар;;0.7;"СП 42.13330.2016, п. 9.6, табл. 9.1; ППМ 743-ПП, табл. 3.6.1"
pedestrian_path_211;запрет посадки;кустарник;;;;;;;;;полоса вокруг объекта «пешеходная дорожка / тротуар», где кустарники не ставятся;;пешеходная дорожка / тротуар;;0.5;"СП 42.13330.2016, п. 9.6, табл. 9.1; ППМ 743-ПП, табл. 3.6.1"
pedestrian_path_212;запрет посадки;дерево;;;;;;;;;полоса вокруг объекта «пешеходная дорожка / тротуар», где деревья не ставятся;;пешеходная дорожка / тротуар;;0.7;"СП 42.13330.2016, п. 9.6, табл. 9.1; ППМ 743-ПП, табл. 3.6.1"
pedestrian_path_212;запрет посадки;кустарник;;;;;;;;;полоса вокруг объекта «пешеходная дорожка / тротуар», где кустарники не ставятся;;пешеходная дорожка / тротуар;;0.5;"СП 42.13330.2016, п. 9.6, табл. 9.1; ППМ 743-ПП, табл. 3.6.1"
pedestrian_path_213;запрет посадки;дерево;;;;;;;;;полоса вокруг объекта «пешеходная дорожка / тротуар», где деревья не ставятся;;пешеходная дорожка / тротуар;;0.7;"СП 42.13330.2016, п. 9.6, табл. 9.1; ППМ 743-ПП, табл. 3.6.1"
pedestrian_path_213;запрет посадки;кустарник;;;;;;;;;полоса вокруг объекта «пешеходная дорожка / тротуар», где кустарники не ставятся;;пешеходная дорожка / тротуар;;0.5;"СП 42.13330.2016, п. 9.6, табл. 9.1; ППМ 743-ПП, табл. 3.6.1"
pedestrian_path_214;запрет посадки;дерево;;;;;;;;;полоса вокруг объекта «пешеходная дорожка / тротуар», где деревья не ставятся;;пешеходная дорожка / тротуар;;0.7;"СП 42.13330.2016, п. 9.6, табл. 9.1; ППМ 743-ПП, табл. 3.6.1"
pedestrian_path_214;запрет посадки;кустарник;;;;;;;;;полоса вокруг объекта «пешеходная дорожка / тротуар», где кустарники не ставятся;;пешеходная дорожка / тротуар;;0.5;"СП 42.13330.2016, п. 9.6, табл. 9.1; ППМ 743-ПП, табл. 3.6.1"
pedestrian_path_215;запрет посадки;дерево;;;;;;;;;полоса вокруг объекта «пешеходная дорожка / тротуар», где деревья не ставятся;;пешеходная дорожка / тротуар;;0.7;"СП 42.13330.2016, п. 9.6, табл. 9.1; ППМ 743-ПП, табл. 3.6.1"
pedestrian_path_215;запрет посадки;кустарник;;;;;;;;;полоса вокруг объекта «пешеходная дорожка / тротуар», где кустарники не ставятся;;пешеходная дорожка / тротуар;;0.5;"СП 42.13330.2016, п. 9.6, табл. 9.1; ППМ 743-ПП, табл. 3.6.1"
pedestrian_path_216;запрет посадки;дерево;;;;;;;;;полоса вокруг объекта «пешеходная дорожка / тротуар», где деревья не ставятся;;пешеходная дорожка / тротуар;;0.7;"СП 42.13330.2016, п. 9.6, табл. 9.1; ППМ 743-ПП, табл. 3.6.1"
pedestrian_path_216;запрет посадки;кустарник;;;;;;;;;полоса вокруг объекта «пешеходная дорожка / тротуар», где кустарники не ставятся;;пешеходная дорожка / тротуар;;0.5;"СП 42.13330.2016, п. 9.6, табл. 9.1; ППМ 743-ПП, табл. 3.6.1"
pedestrian_path_217;запрет посадки;дерево;;;;;;;;;полоса вокруг объекта «пешеходная дорожка / тротуар», где деревья не ставятся;;пешеходная дорожка / тротуар;;0.7;"СП 42.13330.2016, п. 9.6, табл. 9.1; ППМ 743-ПП, табл. 3.6.1"
pedestrian_path_217;запрет посадки;кустарник;;;;;;;;;полоса вокруг объекта «пешеходная дорожка / тротуар», где кустарники не ставятся;;пешеходная дорожка / тротуар;;0.5;"СП 42.13330.2016, п. 9.6, табл. 9.1; ППМ 743-ПП, табл. 3.6.1"
pedestrian_path_218;запрет посадки;дерево;;;;;;;;;полоса вокруг объекта «пешеходная дорожка / тротуар», где деревья не ставятся;;пешеходная дорожка / тротуар;;0.7;"СП 42.13330.2016, п. 9.6, табл. 9.1; ППМ 743-ПП, табл. 3.6.1"
pedestrian_path_218;запрет посадки;кустарник;;;;;;;;;полоса вокруг объекта «пешеходная дорожка / тротуар», где кустарники не ставятся;;пешеходная дорожка / тротуар;;0.5;"СП 42.13330.2016, п. 9.6, табл. 9.1; ППМ 743-ПП, табл. 3.6.1"
pedestrian_path_219;запрет посадки;дерево;;;;;;;;;полоса вокруг объекта «пешеходная дорожка / тротуар», где деревья не ставятся;;пешеходная дорожка / тротуар;;0.7;"СП 42.13330.2016, п. 9.6, табл. 9.1; ППМ 743-ПП, табл. 3.6.1"
pedestrian_path_219;запрет посадки;кустарник;;;;;;;;;полоса вокруг объекта «пешеходная дорожка / тротуар», где кустарники не ставятся;;пешеходная дорожка / тротуар;;0.5;"СП 42.13330.2016, п. 9.6, табл. 9.1; ППМ 743-ПП, табл. 3.6.1"
pedestrian_path_220;запрет посадки;дерево;;;;;;;;;полоса вокруг объекта «пешеходная дорожка / тротуар», где деревья не ставятся;;пешеходная дорожка / тротуар;;0.7;"СП 42.13330.2016, п. 9.6, табл. 9.1; ППМ 743-ПП, табл. 3.6.1"
pedestrian_path_220;запрет посадки;кустарник;;;;;;;;;полоса вокруг объекта «пешеходная дорожка / тротуар», где кустарники не ставятся;;пешеходная дорожка / тротуар;;0.5;"СП 42.13330.2016, п. 9.6, табл. 9.1; ППМ 743-ПП, табл. 3.6.1"
pedestrian_path_221;запрет посадки;дерево;;;;;;;;;полоса вокруг объекта «пешеходная дорожка / тротуар», где деревья не ставятся;;пешеходная дорожка / тротуар;;0.7;"СП 42.13330.2016, п. 9.6, табл. 9.1; ППМ 743-ПП, табл. 3.6.1"
pedestrian_path_221;запрет посадки;кустарник;;;;;;;;;полоса вокруг объекта «пешеходная дорожка / тротуар», где кустарники не ставятся;;пешеходная дорожка / тротуар;;0.5;"СП 42.13330.2016, п. 9.6, табл. 9.1; ППМ 743-ПП, табл. 3.6.1"
pedestrian_path_222;запрет посадки;дерево;;;;;;;;;полоса вокруг объекта «пешеходная дорожка / тротуар», где деревья не ставятся;;пешеходная дорожка / тротуар;;0.7;"СП 42.13330.2016, п. 9.6, табл. 9.1; ППМ 743-ПП, табл. 3.6.1"
pedestrian_path_222;запрет посадки;кустарник;;;;;;;;;полоса вокруг объекта «пешеходная дорожка / тротуар», где кустарники не ставятся;;пешеходная дорожка / тротуар;;0.5;"СП 42.13330.2016, п. 9.6, табл. 9.1; ППМ 743-ПП, табл. 3.6.1"
pedestrian_path_223;запрет посадки;дерево;;;;;;;;;полоса вокруг объекта «пешеходная дорожка / тротуар», где деревья не ставятся;;пешеходная дорожка / тротуар;;0.7;"СП 42.13330.2016, п. 9.6, табл. 9.1; ППМ 743-ПП, табл. 3.6.1"
pedestrian_path_223;запрет посадки;кустарник;;;;;;;;;полоса вокруг объекта «пешеходная дорожка / тротуар», где кустарники не ставятся;;пешеходная дорожка / тротуар;;0.5;"СП 42.13330.2016, п. 9.6, табл. 9.1; ППМ 743-ПП, табл. 3.6.1"
pedestrian_path_224;запрет посадки;дерево;;;;;;;;;полоса вокруг объекта «пешеходная дорожка / тротуар», где деревья не ставятся;;пешеходная дорожка / тротуар;;0.7;"СП 42.13330.2016, п. 9.6, табл. 9.1; ППМ 743-ПП, табл. 3.6.1"
pedestrian_path_224;запрет посадки;кустарник;;;;;;;;;полоса вокруг объекта «пешеходная дорожка / тротуар», где кустарники не ставятся;;пешеходная дорожка / тротуар;;0.5;"СП 42.13330.2016, п. 9.6, табл. 9.1; ППМ 743-ПП, табл. 3.6.1"
pedestrian_path_225;запрет посадки;дерево;;;;;;;;;полоса вокруг объекта «пешеходная дорожка / тротуар», где деревья не ставятся;;пешеходная дорожка / тротуар;;0.7;"СП 42.13330.2016, п. 9.6, табл. 9.1; ППМ 743-ПП, табл. 3.6.1"
pedestrian_path_225;запрет посадки;кустарник;;;;;;;;;полоса вокруг объекта «пешеходная дорожка / тротуар», где кустарники не ставятся;;пешеходная дорожка / тротуар;;0.5;"СП 42.13330.2016, п. 9.6, табл. 9.1; ППМ 743-ПП, табл. 3.6.1"
pedestrian_path_226;запрет посадки;дерево;;;;;;;;;полоса вокруг объекта «пешеходная дорожка / тротуар», где деревья не ставятся;;пешеходная дорожка / тротуар;;0.7;"СП 42.13330.2016, п. 9.6, табл. 9.1; ППМ 743-ПП, табл. 3.6.1"
pedestrian_path_226;запрет посадки;кустарник;;;;;;;;;полоса вокруг объекта «пешеходная дорожка / тротуар», где кустарники не ставятся;;пешеходная дорожка / тротуар;;0.5;"СП 42.13330.2016, п. 9.6, табл. 9.1; ППМ 743-ПП, табл. 3.6.1"
pedestrian_path_227;запрет посадки;дерево;;;;;;;;;полоса вокруг объекта «пешеходная дорожка / тротуар», где деревья не ставятся;;пешеходная дорожка / тротуар;;0.7;"СП 42.13330.2016, п. 9.6, табл. 9.1; ППМ 743-ПП, табл. 3.6.1"
pedestrian_path_227;запрет посадки;кустарник;;;;;;;;;полоса вокруг объекта «пешеходная дорожка / тротуар», где кустарники не ставятся;;пешеходная дорожка / тротуар;;0.5;"СП 42.13330.2016, п. 9.6, табл. 9.1; ППМ 743-ПП, табл. 3.6.1"
pedestrian_path_228;запрет посадки;дерево;;;;;;;;;полоса вокруг объекта «пешеходная дорожка / тротуар», где деревья не ставятся;;пешеходная дорожка / тротуар;;0.7;"СП 42.13330.2016, п. 9.6, табл. 9.1; ППМ 743-ПП, табл. 3.6.1"
pedestrian_path_228;запрет посадки;кустарник;;;;;;;;;полоса вокруг объекта «пешеходная дорожка / тротуар», где кустарники не ставятся;;пешеходная дорожка / тротуар;;0.5;"СП 42.13330.2016, п. 9.6, табл. 9.1; ППМ 743-ПП, табл. 3.6.1"
pedestrian_path_229;запрет посадки;дерево;;;;;;;;;полоса вокруг объекта «пешеходная дорожка / тротуар», где деревья не ставятся;;пешеходная дорожка / тротуар;;0.7;"СП 42.13330.2016, п. 9.6, табл. 9.1; ППМ 743-ПП, табл. 3.6.1"
pedestrian_path_229;запрет посадки;кустарник;;;;;;;;;полоса вокруг объекта «пешеходная дорожка / тротуар», где кустарники не ставятся;;пешеходная дорожка / тротуар;;0.5;"СП 42.13330.2016, п. 9.6, табл. 9.1; ППМ 743-ПП, табл. 3.6.1"
pedestrian_path_230;запрет посадки;дерево;;;;;;;;;полоса вокруг объекта «пешеходная дорожка / тротуар», где деревья не ставятся;;пешеходная дорожка / тротуар;;0.7;"СП 42.13330.2016, п. 9.6, табл. 9.1; ППМ 743-ПП, табл. 3.6.1"
pedestrian_path_230;запрет посадки;кустарник;;;;;;;;;полоса вокруг объекта «пешеходная дорожка / тротуар», где кустарники не ставятся;;пешеходная дорожка / тротуар;;0.5;"СП 42.13330.2016, п. 9.6, табл. 9.1; ППМ 743-ПП, табл. 3.6.1"
pedestrian_path_231;запрет посадки;дерево;;;;;;;;;полоса вокруг объекта «пешеходная дорожка / тротуар», где деревья не ставятся;;пешеходная дорожка / тротуар;;0.7;"СП 42.13330.2016, п. 9.6, табл. 9.1; ППМ 743-ПП, табл. 3.6.1"
pedestrian_path_231;запрет посадки;кустарник;;;;;;;;;полоса вокруг объекта «пешеходная дорожка / тротуар», где кустарники не ставятся;;пешеходная дорожка / тротуар;;0.5;"СП 42.13330.2016, п. 9.6, табл. 9.1; ППМ 743-ПП, табл. 3.6.1"
pedestrian_path_232;запрет посадки;дерево;;;;;;;;;полоса вокруг объекта «пешеходная дорожка / тротуар», где деревья не ставятся;;пешеходная дорожка / тротуар;;0.7;"СП 42.13330.2016, п. 9.6, табл. 9.1; ППМ 743-ПП, табл. 3.6.1"
pedestrian_path_232;запрет посадки;кустарник;;;;;;;;;полоса вокруг объекта «пешеходная дорожка / тротуар», где кустарники не ставятся;;пешеходная дорожка / тротуар;;0.5;"СП 42.13330.2016, п. 9.6, табл. 9.1; ППМ 743-ПП, табл. 3.6.1"
pedestrian_path_233;запрет посадки;дерево;;;;;;;;;полоса вокруг объекта «пешеходная дорожка / тротуар», где деревья не ставятся;;пешеходная дорожка / тротуар;;0.7;"СП 42.13330.2016, п. 9.6, табл. 9.1; ППМ 743-ПП, табл. 3.6.1"
pedestrian_path_233;запрет посадки;кустарник;;;;;;;;;полоса вокруг объекта «пешеходная дорожка / тротуар», где кустарники не ставятся;;пешеходная дорожка / тротуар;;0.5;"СП 42.13330.2016, п. 9.6, табл. 9.1; ППМ 743-ПП, табл. 3.6.1"
pedestrian_path_234;запрет посадки;дерево;;;;;;;;;полоса вокруг объекта «пешеходная дорожка / тротуар», где деревья не ставятся;;пешеходная дорожка / тротуар;;0.7;"СП 42.13330.2016, п. 9.6, табл. 9.1; ППМ 743-ПП, табл. 3.6.1"
pedestrian_path_234;запрет посадки;кустарник;;;;;;;;;полоса вокруг объекта «пешеходная дорожка / тротуар», где кустарники не ставятся;;пешеходная дорожка / тротуар;;0.5;"СП 42.13330.2016, п. 9.6, табл. 9.1; ППМ 743-ПП, табл. 3.6.1"
pedestrian_path_235;запрет посадки;дерево;;;;;;;;;полоса вокруг объекта «пешеходная дорожка / тротуар», где деревья не ставятся;;пешеходная дорожка / тротуар;;0.7;"СП 42.13330.2016, п. 9.6, табл. 9.1; ППМ 743-ПП, табл. 3.6.1"
pedestrian_path_235;запрет посадки;кустарник;;;;;;;;;полоса вокруг объекта «пешеходная дорожка / тротуар», где кустарники не ставятся;;пешеходная дорожка / тротуар;;0.5;"СП 42.13330.2016, п. 9.6, табл. 9.1; ППМ 743-ПП, табл. 3.6.1"
pedestrian_path_236;запрет посадки;дерево;;;;;;;;;полоса вокруг объекта «пешеходная дорожка / тротуар», где деревья не ставятся;;пешеходная дорожка / тротуар;;0.7;"СП 42.13330.2016, п. 9.6, табл. 9.1; ППМ 743-ПП, табл. 3.6.1"
pedestrian_path_236;запрет посадки;кустарник;;;;;;;;;полоса вокруг объекта «пешеходная дорожка / тротуар», где кустарники не ставятся;;пешеходная дорожка / тротуар;;0.5;"СП 42.13330.2016, п. 9.6, табл. 9.1; ППМ 743-ПП, табл. 3.6.1"
pedestrian_path_237;запрет посадки;дерево;;;;;;;;;полоса вокруг объекта «пешеходная дорожка / тротуар», где деревья не ставятся;;пешеходная дорожка / тротуар;;0.7;"СП 42.13330.2016, п. 9.6, табл. 9.1; ППМ 743-ПП, табл. 3.6.1"
pedestrian_path_237;запрет посадки;кустарник;;;;;;;;;полоса вокруг объекта «пешеходная дорожка / тротуар», где кустарники не ставятся;;пешеходная дорожка / тротуар;;0.5;"СП 42.13330.2016, п. 9.6, табл. 9.1; ППМ 743-ПП, табл. 3.6.1"
pedestrian_path_238;запрет посадки;дерево;;;;;;;;;полоса вокруг объекта «пешеходная дорожка / тротуар», где деревья не ставятся;;пешеходная дорожка / тротуар;;0.7;"СП 42.13330.2016, п. 9.6, табл. 9.1; ППМ 743-ПП, табл. 3.6.1"
pedestrian_path_238;запрет посадки;кустарник;;;;;;;;;полоса вокруг объекта «пешеходная дорожка / тротуар», где кустарники не ставятся;;пешеходная дорожка / тротуар;;0.5;"СП 42.13330.2016, п. 9.6, табл. 9.1; ППМ 743-ПП, табл. 3.6.1"
pedestrian_path_239;запрет посадки;дерево;;;;;;;;;полоса вокруг объекта «пешеходная дорожка / тротуар», где деревья не ставятся;;пешеходная дорожка / тротуар;;0.7;"СП 42.13330.2016, п. 9.6, табл. 9.1; ППМ 743-ПП, табл. 3.6.1"
pedestrian_path_239;запрет посадки;кустарник;;;;;;;;;полоса вокруг объекта «пешеходная дорожка / тротуар», где кустарники не ставятся;;пешеходная дорожка / тротуар;;0.5;"СП 42.13330.2016, п. 9.6, табл. 9.1; ППМ 743-ПП, табл. 3.6.1"
road_001;запрет посадки;дерево;;;;;;;;;полоса вокруг объекта «проезжая часть», где деревья не ставятся;;проезжая часть;;2.0;"СП 42.13330.2016, п. 9.6, табл. 9.1; ППМ 743-ПП, табл. 3.6.1"
road_001;запрет посадки;кустарник;;;;;;;;;полоса вокруг объекта «проезжая часть», где кустарники не ставятся;;проезжая часть;;1.0;"СП 42.13330.2016, п. 9.6, табл. 9.1; ППМ 743-ПП, табл. 3.6.1"
road_002;запрет посадки;дерево;;;;;;;;;полоса вокруг объекта «проезжая часть», где деревья не ставятся;;проезжая часть;;2.0;"СП 42.13330.2016, п. 9.6, табл. 9.1; ППМ 743-ПП, табл. 3.6.1"
road_002;запрет посадки;кустарник;;;;;;;;;полоса вокруг объекта «проезжая часть», где кустарники не ставятся;;проезжая часть;;1.0;"СП 42.13330.2016, п. 9.6, табл. 9.1; ППМ 743-ПП, табл. 3.6.1"
road_003;запрет посадки;дерево;;;;;;;;;полоса вокруг объекта «проезжая часть», где деревья не ставятся;;проезжая часть;;2.0;"СП 42.13330.2016, п. 9.6, табл. 9.1; ППМ 743-ПП, табл. 3.6.1"
road_003;запрет посадки;кустарник;;;;;;;;;полоса вокруг объекта «проезжая часть», где кустарники не ставятся;;проезжая часть;;1.0;"СП 42.13330.2016, п. 9.6, табл. 9.1; ППМ 743-ПП, табл. 3.6.1"
road_004;запрет посадки;дерево;;;;;;;;;полоса вокруг объекта «проезжая часть», где деревья не ставятся;;проезжая часть;;2.0;"СП 42.13330.2016, п. 9.6, табл. 9.1; ППМ 743-ПП, табл. 3.6.1"
road_004;запрет посадки;кустарник;;;;;;;;;полоса вокруг объекта «проезжая часть», где кустарники не ставятся;;проезжая часть;;1.0;"СП 42.13330.2016, п. 9.6, табл. 9.1; ППМ 743-ПП, табл. 3.6.1"
road_005;запрет посадки;дерево;;;;;;;;;полоса вокруг объекта «проезжая часть», где деревья не ставятся;;проезжая часть;;2.0;"СП 42.13330.2016, п. 9.6, табл. 9.1; ППМ 743-ПП, табл. 3.6.1"
road_005;запрет посадки;кустарник;;;;;;;;;полоса вокруг объекта «проезжая часть», где кустарники не ставятся;;проезжая часть;;1.0;"СП 42.13330.2016, п. 9.6, табл. 9.1; ППМ 743-ПП, табл. 3.6.1"
road_006;запрет посадки;дерево;;;;;;;;;полоса вокруг объекта «проезжая часть», где деревья не ставятся;;проезжая часть;;2.0;"СП 42.13330.2016, п. 9.6, табл. 9.1; ППМ 743-ПП, табл. 3.6.1"
road_006;запрет посадки;кустарник;;;;;;;;;полоса вокруг объекта «проезжая часть», где кустарники не ставятся;;проезжая часть;;1.0;"СП 42.13330.2016, п. 9.6, табл. 9.1; ППМ 743-ПП, табл. 3.6.1"
road_007;запрет посадки;дерево;;;;;;;;;полоса вокруг объекта «проезжая часть», где деревья не ставятся;;проезжая часть;;2.0;"СП 42.13330.2016, п. 9.6, табл. 9.1; ППМ 743-ПП, табл. 3.6.1"
road_007;запрет посадки;кустарник;;;;;;;;;полоса вокруг объекта «проезжая часть», где кустарники не ставятся;;проезжая часть;;1.0;"СП 42.13330.2016, п. 9.6, табл. 9.1; ППМ 743-ПП, табл. 3.6.1"
