  0
SECTION
  2
HEADER
  9
$ACADVER
  1
AC1024
  9
$ACADMAINTVER
 70
6
  9
$DWGCODEPAGE
  3
ANSI_1252
  9
$LASTSAVEDBY
  1
ezdxf
  9
$INSBASE
 10
0.0
 20
0.0
 30
0.0
  9
$EXTMIN
 10
1e+20
 20
1e+20
 30
1e+20
  9
$EXTMAX
 10
-1e+20
 20
-1e+20
 30
-1e+20
  9
$LIMMIN
 10
0.0
 20
0.0
  9
$LIMMAX
 10
420.0
 20
297.0
  9
$ORTHOMODE
 70
0
  9
$REGENMODE
 70
1
  9
$FILLMODE
 70
1
  9
$QTEXTMODE
 70
0
  9
$MIRRTEXT
 70
1
  9
$LTSCALE
 40
1.0
  9
$ATTMODE
 70
1
  9
$TEXTSIZE
 40
2.5
  9
$TRACEWID
 40
1.0
  9
$TEXTSTYLE
  7
OpenSans
  9
$CLAYER
  8
0
  9
$CELTYPE
  6
ByLayer
  9
$CECOLOR
 62
256
  9
$CELTSCALE
 40
1.0
  9
$DISPSILH
 70
0
  9
$DIMSCALE
 40
1.0
  9
$DIMASZ
 40
0.175
  9
$DIMEXO
 40
0.125
  9
$DIMDLI
 40
3.75
  9
$DIMRND
 40
0.0
  9
$DIMDLE
 40
0.0
  9
$DIMEXE
 40
0.375
  9
$DIMTP
 40
0.0
  9
$DIMTM
 40
0.0
  9
$DIMTXT
 40
0.25
  9
$DIMCEN
 40
2.5
  9
$DIMTSZ
 40
0.0
  9
$DIMTOL
 70
0
  9
$DIMLIM
 70
0
  9
$DIMTIH
 70
0
  9
$DIMTOH
 70
0
  9
$DIMSE1
 70
0
  9
$DIMSE2
 70
0
  9
$DIMTAD
 70
1
  9
$DIMZIN
 70
12
  9
$DIMBLK
  1
ARCHTICK
  9
$DIMASO
 70
1
  9
$DIMSHO
 70
1
  9
$DIMPOST
  1

  9
$DIMAPOST
  1

  9
$DIMALT
 70
0
  9
$DIMALTD
 70
3
  9
$DIMALTF
 40
0.03937007874
  9
$DIMLFAC
 40
100.0
  9
$DIMTOFL
 70
1
  9
$DIMTVP
 40
0.0
  9
$DIMTIX
 70
0
  9
$DIMSOXD
 70
0
  9
$DIMSAH
 70
0
  9
$DIMBLK1
  1

  9
$DIMBLK2
  1

  9
$DIMSTYLE
  2
EZDXF
  9
$DIMCLRD
 70
0
  9
$DIMCLRE
 70
0
  9
$DIMCLRT
 70
0
  9
$DIMTFAC
 40
0.5
  9
$DIMGAP
 40
0.1
  9
$DIMJUST
 70
0
  9
$DIMSD1
 70
0
  9
$DIMSD2
 70
0
  9
$DIMTOLJ
 70
0
  9
$DIMTZIN
 70
8
  9
$DIMALTZ
 70
0
  9
$DIMALTTZ
 70
0
  9
$DIMUPT
 70
1
  9
$DIMDEC
 70
2
  9
$DIMTDEC
 70
2
  9
$DIMALTU
 70
2
  9
$DIMALTTD
 70
3
  9
$DIMTXSTY
  7
OpenSansCondensed-Light
  9
$DIMAUNIT
 70
0
  9
$DIMADEC
 70
2
  9
$DIMALTRND
 40
0.0
  9
$DIMAZIN
 70
3
  9
$DIMDSEP
 70
46
  9
$DIMATFIT
 70
3
  9
$DIMFRAC
 70
0
  9
$DIMLDRBLK
  1

  9
$DIMLUNIT
 70
2
  9
$DIMLWD
 70
-2
  9
$DIMLWE
 70
-2
  9
$DIMTMOVE
 70
2
  9
$DIMFXL
 40
1.0
  9
$DIMFXLON
 70
0
  9
$DIMJOGANG
 40
0.785398163397
  9
$DIMTFILL
 70
0
  9
$DIMTFILLCLR
 70
0
  9
$DIMARCSYM
 70
0
  9
$DIMLTYPE
  6

  9
$DIMLTEX1
  6

  9
$DIMLTEX2
  6

  9
$DIMTXTDIRECTION
 70
0
  9
$LUNITS
 70
2
  9
$LUPREC
 70
4
  9
$SKETCHINC
 40
1.0
  9
$FILLETRAD
 40
10.0
  9
$AUNITS
 70
0
  9
$AUPREC
 70
2
  9
$MENU
  1
.
  9
$ELEVATION
 40
0.0
  9
$PELEVATION
 40
0.0
  9
$THICKNESS
 40
0.0
  9
$LIMCHECK
 70
0
  9
$CHAMFERA
 40
0.0
  9
$CHAMFERB
 40
0.0
  9
$CHAMFERC
 40
0.0
  9
$CHAMFERD
 40
0.0
  9
$SKPOLY
 70
0
  9
$TDCREATE
 40
2461291.973912037
  9
$TDUCREATE
 40
2458532.153996898
  9
$TDUPDATE
 40
2461291.973912037
  9
$TDUUPDATE
 40
2458532.1544311
  9
$TDINDWG
 40
0.0
  9
$TDUSRTIMER
 40
0.0
  9
$USRTIMER
 70
1
  9
$ANGBASE
 50
0.0
  9
$ANGDIR
 70
0
  9
$PDMODE
 70
0
  9
$PDSIZE
 40
0.0
  9
$PLINEWID
 40
0.0
  9
$SPLFRAME
 70
0
  9
$SPLINETYPE
 70
6
  9
$SPLINESEGS
 70
8
  9
$HANDSEED
  5
373
  9
$SURFTAB1
 70
6
  9
$SURFTAB2
 70
6
  9
$SURFTYPE
 70
6
  9
$SURFU
 70
6
  9
$SURFV
 70
6
  9
$UCSBASE
  2

  9
$UCSNAME
  2

  9
$UCSORG
 10
0.0
 20
0.0
 30
0.0
  9
$UCSXDIR
 10
1.0
 20
0.0
 30
0.0
  9
$UCSYDIR
 10
0.0
 20
1.0
 30
0.0
  9
$UCSORTHOREF
  2

  9
$UCSORTHOVIEW
 70
0
  9
$UCSORGTOP
 10
0.0
 20
0.0
 30
0.0
  9
$UCSORGBOTTOM
 10
0.0
 20
0.0
 30
0.0
  9
$UCSORGLEFT
 10
0.0
 20
0.0
 30
0.0
  9
$UCSORGRIGHT
 10
0.0
 20
0.0
 30
0.0
  9
$UCSORGFRONT
 10
0.0
 20
0.0
 30
0.0
  9
$UCSORGBACK
 10
0.0
 20
0.0
 30
0.0
  9
$PUCSBASE
  2

  9
$PUCSNAME
  2

  9
$PUCSORG
 10
0.0
 20
0.0
 30
0.0
  9
$PUCSXDIR
 10
1.0
 20
0.0
 30
0.0
  9
$PUCSYDIR
 10
0.0
 20
1.0
 30
0.0
  9
$PUCSORTHOREF
  2

  9
$PUCSORTHOVIEW
 70
0
  9
$PUCSORGTOP
 10
0.0
 20
0.0
 30
0.0
  9
$PUCSORGBOTTOM
 10
0.0
 20
0.0
 30
0.0
  9
$PUCSORGLEFT
 10
0.0
 20
0.0
 30
0.0
  9
$PUCSORGRIGHT
 10
0.0
 20
0.0
 30
0.0
  9
$PUCSORGFRONT
 10
0.0
 20
0.0
 30
0.0
  9
$PUCSORGBACK
 10
0.0
 20
0.0
 30
0.0
  9
$USERI1
 70
0
  9
$USERI2
 70
0
  9
$USERI3
 70
0
  9
$USERI4
 70
0
  9
$USERI5
 70
0
  9
$USERR1
 40
0.0
  9
$USERR2
 40
0.0
  9
$USERR3
 40
0.0
  9
$USERR4
 40
0.0
  9
$USERR5
 40
0.0
  9
$WORLDVIEW
 70
1
  9
$SHADEDGE
 70
3
  9
$SHADEDIF
 70
70
  9
$TILEMODE
 70
1
  9
$MAXACTVP
 70
64
  9
$PINSBASE
 10
0.0
 20
0.0
 30
0.0
  9
$PLIMCHECK
 70
0
  9
$PEXTMIN
 10
1e+20
 20
1e+20
 30
1e+20
  9
$PEXTMAX
 10
-1e+20
 20
-1e+20
 30
-1e+20
  9
$PLIMMIN
 10
0.0
 20
0.0
  9
$PLIMMAX
 10
420.0
 20
297.0
  9
$UNITMODE
 70
0
  9
$VISRETAIN
 70
1
  9
$PLINEGEN
 70
0
  9
$PSLTSCALE
 70
1
  9
$TREEDEPTH
 70
3020
  9
$CMLSTYLE
  2
Standard
  9
$CMLJUST
 70
0
  9
$CMLSCALE
 40
20.0
  9
$PROXYGRAPHICS
 70
1
  9
$MEASUREMENT
 70
1
  9
$CELWEIGHT
370
-1
  9
$ENDCAPS
280
0
  9
$JOINSTYLE
280
0
  9
$LWDISPLAY
290
0
  9
$INSUNITS
 70
6
  9
$HYPERLINKBASE
  1

  9
$STYLESHEET
  1

  9
$XEDIT
290
1
  9
$CEPSNTYPE
380
0
  9
$PSTYLEMODE
290
1
  9
$FINGERPRINTGUID
  2
{2BCDB98D-34E5-43FE-BB8E-3E65D9A38C52}
  9
$VERSIONGUID
  2
{554A9B9B-B679-4502-AD41-E5DF31AF332D}
  9
$EXTNAMES
290
1
  9
$PSVPSCALE
 40
0.0
  9
$OLESTARTUP
290
0
  9
$SORTENTS
280
127
  9
$INDEXCTL
280
0
  9
$HIDETEXT
280
1
  9
$XCLIPFRAME
280
1
  9
$HALOGAP
280
0
  9
$OBSCOLOR
 70
257
  9
$OBSLTYPE
280
0
  9
$INTERSECTIONDISPLAY
280
0
  9
$INTERSECTIONCOLOR
 70
257
  9
$DIMASSOC
280
2
  9
$PROJECTNAME
  1

  9
$CAMERADISPLAY
290
0
  9
$LENSLENGTH
 40
50.0
  9
$CAMERAHEIGHT
 40
0.0
  9
$STEPSPERSEC
 40
24.0
  9
$STEPSIZE
 40
100.0
  9
$3DDWFPREC
 40
2.0
  9
$PSOLWIDTH
 40
0.005
  9
$PSOLHEIGHT
 40
0.08
  9
$LOFTANG1
 40
1.570796326795
  9
$LOFTANG2
 40
1.570796326795
  9
$LOFTMAG1
 40
0.0
  9
$LOFTMAG2
 40
0.0
  9
$LOFTPARAM
 70
7
  9
$LOFTNORMALS
280
1
  9
$LATITUDE
 40
37.795
  9
$LONGITUDE
 40
-122.394
  9
$NORTHDIRECTION
 40
0.0
  9
$TIMEZONE
 70
-8000
  9
$LIGHTGLYPHDISPLAY
280
1
  9
$TILEMODELIGHTSYNCH
280
1
  9
$CMATERIAL
347
20
  9
$SOLIDHIST
280
0
  9
$SHOWHIST
280
1
  9
$DWFFRAME
280
2
  9
$DGNFRAME
280
2
  9
$REALWORLDSCALE
290
1
  9
$INTERFERECOLOR
 62
256
  9
$CSHADOW
280
0
  9
$SHADOWPLANELOCATION
 40
0.0
  0
ENDSEC
  0
SECTION
  2
CLASSES
  0
CLASS
  1
ACDBDICTIONARYWDFLT
  2
AcDbDictionaryWithDefault
  3
ObjectDBX Classes
 90
0
 91
0
280
0
281
0
  0
CLASS
  1
SUN
  2
AcDbSun
  3
SCENEOE
 90
1153
 91
0
280
0
281
0
  0
CLASS
  1
VISUALSTYLE
  2
AcDbVisualStyle
  3
ObjectDBX Classes
 90
4095
 91
0
280
0
281
0
  0
CLASS
  1
MATERIAL
  2
AcDbMaterial
  3
ObjectDBX Classes
 90
1153
 91
0
280
0
281
0
  0
CLASS
  1
SCALE
  2
AcDbScale
  3
ObjectDBX Classes
 90
1153
 91
0
280
0
281
0
  0
CLASS
  1
TABLESTYLE
  2
AcDbTableStyle
  3
ObjectDBX Classes
 90
4095
 91
0
280
0
281
0
  0
CLASS
  1
MLEADERSTYLE
  2
AcDbMLeaderStyle
  3
ACDB_MLEADERSTYLE_CLASS
 90
4095
 91
0
280
0
281
0
  0
CLASS
  1
DICTIONARYVAR
  2
AcDbDictionaryVar
  3
ObjectDBX Classes
 90
0
 91
0
280
0
281
0
  0
CLASS
  1
CELLSTYLEMAP
  2
AcDbCellStyleMap
  3
ObjectDBX Classes
 90
1152
 91
0
280
0
281
0
  0
CLASS
  1
MENTALRAYRENDERSETTINGS
  2
AcDbMentalRayRenderSettings
  3
SCENEOE
 90
1024
 91
0
280
0
281
0
  0
CLASS
  1
ACDBDETAILVIEWSTYLE
  2
AcDbDetailViewStyle
  3
ObjectDBX Classes
 90
1025
 91
0
280
0
281
0
  0
CLASS
  1
ACDBSECTIONVIEWSTYLE
  2
AcDbSectionViewStyle
  3
ObjectDBX Classes
 90
1025
 91
0
280
0
281
0
  0
CLASS
  1
RASTERVARIABLES
  2
AcDbRasterVariables
  3
ISM
 90
0
 91
0
280
0
281
0
  0
CLASS
  1
ACDBPLACEHOLDER
  2
AcDbPlaceHolder
  3
ObjectDBX Classes
 90
0
 91
0
280
0
281
0
  0
CLASS
  1
LAYOUT
  2
AcDbLayout
  3
ObjectDBX Classes
 90
0
 91
0
280
0
281
0
  0
ENDSEC
  0
SECTION
  2
TABLES
  0
TABLE
  2
VPORT
  5
8
330
0
100
AcDbSymbolTable
 70
1
  0
VPORT
  5
36F
330
8
100
AcDbSymbolTableRecord
100
AcDbViewportTableRecord
  2
*Active
 70
0
 10
0.0
 20
0.0
 11
1.0
 21
1.0
 12
137.95153080113232
 22
126.99016041588038
 13
0.0
 23
0.0
 14
0.5
 24
0.5
 15
0.5
 25
0.5
 16
0.0
 26
0.0
 36
1.0
 17
0.0
 27
0.0
 37
0.0
 40
313.98032083176076
 41
1.34
 42
50.0
 43
0.0
 44
0.0
 50
0.0
 51
0.0
 71
0
 72
1000
 73
1
 74
3
 75
0
 76
0
 77
0
 78
0
281
0
 65
1
110
0.0
120
0.0
130
0.0
111
1.0
121
0.0
131
0.0
112
0.0
122
1.0
132
0.0
 79
0
146
0.0
  0
ENDTAB
  0
TABLE
  2
LTYPE
  5
2
330
0
100
AcDbSymbolTable
 70
21
  0
LTYPE
  5
24
330
2
100
AcDbSymbolTableRecord
100
AcDbLinetypeTableRecord
  2
ByBlock
 70
0
  3

 72
65
 73
0
 40
0.0
  0
LTYPE
  5
25
330
2
100
AcDbSymbolTableRecord
100
AcDbLinetypeTableRecord
  2
ByLayer
 70
0
  3

 72
65
 73
0
 40
0.0
  0
LTYPE
  5
26
330
2
100
AcDbSymbolTableRecord
100
AcDbLinetypeTableRecord
  2
Continuous
 70
0
  3

 72
65
 73
0
 40
0.0
  0
LTYPE
  5
2F
330
2
100
AcDbSymbolTableRecord
100
AcDbLinetypeTableRecord
  2
CENTER
 70
0
  3
Center ____ _ ____ _ ____ _ ____ _ ____ _ ____
 72
65
 73
4
 40
5.08
 49
3.175
 74
0
 49
-0.635
 74
0
 49
0.635
 74
0
 49
-0.635
 74
0
  0
LTYPE
  5
30
330
2
100
AcDbSymbolTableRecord
100
AcDbLinetypeTableRecord
  2
CENTERX2
 70
0
  3
Center (2x) ________  __  ________  __  ________
 72
65
 73
4
 40
8.89
 49
6.35
 74
0
 49
-0.635
 74
0
 49
1.27
 74
0
 49
-0.635
 74
0
  0
LTYPE
  5
31
330
2
100
AcDbSymbolTableRecord
100
AcDbLinetypeTableRecord
  2
CENTER2
 70
0
  3
Center (.5x) ____ _ ____ _ ____ _ ____ _ ____
 72
65
 73
4
 40
2.54
 49
1.587
 74
0
 49
-0.318
 74
0
 49
0.318
 74
0
 49
-0.318
 74
0
  0
LTYPE
  5
32
330
2
100
AcDbSymbolTableRecord
100
AcDbLinetypeTableRecord
  2
DASHED
 70
0
  3
Dashed __ __ __ __ __ __ __ __ __ __ __ __ __ _
 72
65
 73
2
 40
1.524
 49
1.27
 74
0
 49
-0.254
 74
0
  0
LTYPE
  5
33
330
2
100
AcDbSymbolTableRecord
100
AcDbLinetypeTableRecord
  2
DASHEDX2
 70
0
  3
Dashed (2x) ____  ____  ____  ____  ____  ____
 72
65
 73
2
 40
3.048
 49
2.54
 74
0
 49
-0.508
 74
0
  0
LTYPE
  5
34
330
2
100
AcDbSymbolTableRecord
100
AcDbLinetypeTableRecord
  2
DASHED2
 70
0
  3
Dashed (.5x) _ _ _ _ _ _ _ _ _ _ _ _ _ _
 72
65
 73
2
 40
0.762
 49
0.635
 74
0
 49
-0.127
 74
0
  0
LTYPE
  5
35
330
2
100
AcDbSymbolTableRecord
100
AcDbLinetypeTableRecord
  2
PHANTOM
 70
0
  3
Phantom ______  __  __  ______  __  __  ______
 72
65
 73
6
 40
6.35
 49
3.175
 74
0
 49
-0.635
 74
0
 49
0.635
 74
0
 49
-0.635
 74
0
 49
0.635
 74
0
 49
-0.635
 74
0
  0
LTYPE
  5
36
330
2
100
AcDbSymbolTableRecord
100
AcDbLinetypeTableRecord
  2
PHANTOMX2
 70
0
  3
Phantom (2x)____________    ____    ____    ____________
 72
65
 73
6
 40
10.795
 49
6.35
 74
0
 49
-0.635
 74
0
 49
1.27
 74
0
 49
-0.635
 74
0
 49
1.27
 74
0
 49
-0.635
 74
0
  0
LTYPE
  5
37
330
2
100
AcDbSymbolTableRecord
100
AcDbLinetypeTableRecord
  2
PHANTOM2
 70
0
  3
Phantom (.5x) ___ _ _ ___ _ _ ___ _ _ ___ _ _ ___
 72
65
 73
6
 40
3.175
 49
1.587
 74
0
 49
-0.318
 74
0
 49
0.318
 74
0
 49
-0.318
 74
0
 49
0.318
 74
0
 49
-0.318
 74
0
  0
LTYPE
  5
38
330
2
100
AcDbSymbolTableRecord
100
AcDbLinetypeTableRecord
  2
DASHDOT
 70
0
  3
Dash dot __ . __ . __ . __ . __ . __ . __ . __
 72
65
 73
4
 40
3.556
 49
2.54
 74
0
 49
-0.508
 74
0
 49
0.0
 74
0
 49
-0.508
 74
0
  0
LTYPE
  5
39
330
2
100
AcDbSymbolTableRecord
100
AcDbLinetypeTableRecord
  2
DASHDOTX2
 70
0
  3
Dash dot (2x) ____  .  ____  .  ____  .  ____
 72
65
 73
4
 40
6.096
 49
5.08
 74
0
 49
-0.508
 74
0
 49
0.0
 74
0
 49
-0.508
 74
0
  0
LTYPE
  5
3A
330
2
100
AcDbSymbolTableRecord
100
AcDbLinetypeTableRecord
  2
DASHDOT2
 70
0
  3
Dash dot (.5x) _ . _ . _ . _ . _ . _ . _ . _
 72
65
 73
4
 40
1.778
 49
1.27
 74
0
 49
-0.254
 74
0
 49
0.0
 74
0
 49
-0.254
 74
0
  0
LTYPE
  5
3B
330
2
100
AcDbSymbolTableRecord
100
AcDbLinetypeTableRecord
  2
DOT
 70
0
  3
Dot .  .  .  .  .  .  .  .  .  .  .  .  .  .  .  .
 72
65
 73
2
 40
0.508
 49
0.0
 74
0
 49
-0.508
 74
0
  0
LTYPE
  5
3C
330
2
100
AcDbSymbolTableRecord
100
AcDbLinetypeTableRecord
  2
DOTX2
 70
0
  3
Dot (2x) .    .    .    .    .    .    .    . 
 72
65
 73
2
 40
1.016
 49
0.0
 74
0
 49
-1.016
 74
0
  0
LTYPE
  5
3D
330
2
100
AcDbSymbolTableRecord
100
AcDbLinetypeTableRecord
  2
DOT2
 70
0
  3
Dot (.5) . . . . . . . . . . . . . . . . . . . 
 72
65
 73
2
 40
0.254
 49
0.0
 74
0
 49
-0.254
 74
0
  0
LTYPE
  5
3E
330
2
100
AcDbSymbolTableRecord
100
AcDbLinetypeTableRecord
  2
DIVIDE
 70
0
  3
Divide __ . . __ . . __ . . __ . . __ . . __
 72
65
 73
6
 40
4.064
 49
2.54
 74
0
 49
-0.508
 74
0
 49
0.0
 74
0
 49
-0.508
 74
0
 49
0.0
 74
0
 49
-0.508
 74
0
  0
LTYPE
  5
3F
330
2
100
AcDbSymbolTableRecord
100
AcDbLinetypeTableRecord
  2
DIVIDEX2
 70
0
  3
Divide (2x) ____  . .  ____  . .  ____  . .  ____
 72
65
 73
6
 40
6.604
 49
5.08
 74
0
 49
-0.508
 74
0
 49
0.0
 74
0
 49
-0.508
 74
0
 49
0.0
 74
0
 49
-0.508
 74
0
  0
LTYPE
  5
40
330
2
100
AcDbSymbolTableRecord
100
AcDbLinetypeTableRecord
  2
DIVIDE2
 70
0
  3
Divide(.5x) _ . _ . _ . _ . _ . _ . _ . _
 72
65
 73
6
 40
2.032
 49
1.27
 74
0
 49
-0.254
 74
0
 49
0.0
 74
0
 49
-0.254
 74
0
 49
0.0
 74
0
 49
-0.254
 74
0
  0
ENDTAB
  0
TABLE
  2
LAYER
  5
1
330
0
100
AcDbSymbolTable
 70
18
  0
LAYER
  5
27
330
1
100
AcDbSymbolTableRecord
100
AcDbLayerTableRecord
  2
0
 70
0
 62
7
  6
Continuous
370
-3
390
13
347
21
  0
LAYER
  5
28
330
1
100
AcDbSymbolTableRecord
100
AcDbLayerTableRecord
  2
Defpoints
 70
0
 62
7
  6
Continuous
290
0
370
-3
390
13
347
21
  0
LAYER
  5
8A
330
1
100
AcDbSymbolTableRecord
100
AcDbLayerTableRecord
  2
TERRITORY_BOUNDARY
 70
0
 62
8
  6
Continuous
370
-3
390
13
347
21
  0
LAYER
  5
8B
330
1
100
AcDbSymbolTableRecord
100
AcDbLayerTableRecord
  2
BUILDINGS_FOOTPRINT
 70
0
 62
1
  6
Continuous
370
-3
390
13
347
21
  0
LAYER
  5
8C
330
1
100
AcDbSymbolTableRecord
100
AcDbLayerTableRecord
  2
BUILDINGS_3D
 70
0
 62
3
  6
Continuous
370
-3
390
13
347
21
  0
LAYER
  5
8D
330
1
100
AcDbSymbolTableRecord
100
AcDbLayerTableRecord
  2
LABELS
 70
0
 62
7
  6
Continuous
370
-3
390
13
347
21
  0
LAYER
  5
8E
330
1
100
AcDbSymbolTableRecord
100
AcDbLayerTableRecord
  2
GRASS
 70
0
 62
84
  6
Continuous
370
-3
390
13
347
21
  0
LAYER
  5
8F
330
1
100
AcDbSymbolTableRecord
100
AcDbLayerTableRecord
  2
PARKING
 70
0
 62
253
  6
Continuous
370
-3
390
13
347
21
  0
LAYER
  5
90
330
1
100
AcDbSymbolTableRecord
100
AcDbLayerTableRecord
  2
PARKING_MARKINGS
 70
0
 62
7
  6
Continuous
370
-3
390
13
347
21
  0
LAYER
  5
91
330
1
100
AcDbSymbolTableRecord
100
AcDbLayerTableRecord
  2
PATHS
 70
0
 62
9
  6
Continuous
370
-3
390
13
347
21
  0
LAYER
  5
92
330
1
100
AcDbSymbolTableRecord
100
AcDbLayerTableRecord
  2
CANOPIES
 70
0
 62
132
  6
Continuous
370
-3
390
13
347
21
  0
LAYER
  5
93
330
1
100
AcDbSymbolTableRecord
100
AcDbLayerTableRecord
  2
LAMPS
 70
0
 62
2
  6
Continuous
370
-3
390
13
347
21
  0
LAYER
  5
94
330
1
100
AcDbSymbolTableRecord
100
AcDbLayerTableRecord
  2
WATER_SUPPLY_B1
 70
0
 62
5
  6
Continuous
370
-3
390
13
347
21
  0
LAYER
  5
95
330
1
100
AcDbSymbolTableRecord
100
AcDbLayerTableRecord
  2
SEWER_K1
 70
0
 62
30
  6
Continuous
370
-3
390
13
347
21
  0
LAYER
  5
96
330
1
100
AcDbSymbolTableRecord
100
AcDbLayerTableRecord
  2
HEATING_T1
 70
0
 62
1
  6
Continuous
370
-3
390
13
347
21
  0
LAYER
  5
97
330
1
100
AcDbSymbolTableRecord
100
AcDbLayerTableRecord
  2
POWER_CABLE
 70
0
 62
253
  6
Continuous
370
-3
390
13
347
21
  0
LAYER
  5
98
330
1
100
AcDbSymbolTableRecord
100
AcDbLayerTableRecord
  2
GAS_PIPE
 70
0
 62
2
  6
Continuous
370
-3
390
13
347
21
  0
LAYER
  5
99
330
1
100
AcDbSymbolTableRecord
100
AcDbLayerTableRecord
  2
WINDOWS
 70
0
 62
150
  6
Continuous
370
-3
390
13
347
21
  0
ENDTAB
  0
TABLE
  2
STYLE
  5
5
330
0
100
AcDbSymbolTable
 70
26
  0
STYLE
  5
29
330
5
100
AcDbSymbolTableRecord
100
AcDbTextStyleTableRecord
  2
Standard
 70
0
 40
0.0
 41
1.0
 50
0.0
 71
0
 42
2.5
  3
txt
  4

  0
STYLE
  5
41
330
5
100
AcDbSymbolTableRecord
100
AcDbTextStyleTableRecord
  2
OpenSans-Light
 70
0
 40
0.0
 41
1.0
 50
0.0
 71
0
 42
2.5
  3
OpenSans-Light.ttf
  4

  0
STYLE
  5
42
330
5
100
AcDbSymbolTableRecord
100
AcDbTextStyleTableRecord
  2
OpenSans-Light-Italic
 70
0
 40
0.0
 41
1.0
 50
0.0
 71
0
 42
2.5
  3
OpenSans-LightItalic.ttf
  4

  0
STYLE
  5
43
330
5
100
AcDbSymbolTableRecord
100
AcDbTextStyleTableRecord
  2
OpenSans
 70
0
 40
0.0
 41
1.0
 50
0.0
 71
0
 42
2.5
  3
OpenSans-Regular.ttf
  4

  0
STYLE
  5
44
330
5
100
AcDbSymbolTableRecord
100
AcDbTextStyleTableRecord
  2
OpenSans-Italic
 70
0
 40
0.0
 41
1.0
 50
0.0
 71
0
 42
2.5
  3
OpenSans-Italic.ttf
  4

  0
STYLE
  5
45
330
5
100
AcDbSymbolTableRecord
100
AcDbTextStyleTableRecord
  2
OpenSans-SemiBold
 70
0
 40
0.0
 41
1.0
 50
0.0
 71
0
 42
2.5
  3
OpenSans-SemiBold.ttf
  4

  0
STYLE
  5
46
330
5
100
AcDbSymbolTableRecord
100
AcDbTextStyleTableRecord
  2
OpenSans-SemiBoldItalic
 70
0
 40
0.0
 41
1.0
 50
0.0
 71
0
 42
2.5
  3
OpenSans-SemiBoldItalic.ttf
  4

  0
STYLE
  5
47
330
5
100
AcDbSymbolTableRecord
100
AcDbTextStyleTableRecord
  2
OpenSans-Bold
 70
0
 40
0.0
 41
1.0
 50
0.0
 71
0
 42
2.5
  3
OpenSans-Bold.ttf
  4

  0
STYLE
  5
48
330
5
100
AcDbSymbolTableRecord
100
AcDbTextStyleTableRecord
  2
OpenSans-BoldItalic
 70
0
 40
0.0
 41
1.0
 50
0.0
 71
0
 42
2.5
  3
OpenSans-BoldItalic.ttf
  4

  0
STYLE
  5
49
330
5
100
AcDbSymbolTableRecord
100
AcDbTextStyleTableRecord
  2
OpenSans-ExtraBold
 70
0
 40
0.0
 41
1.0
 50
0.0
 71
0
 42
2.5
  3
OpenSans-ExtraBold.ttf
  4

  0
STYLE
  5
4A
330
5
100
AcDbSymbolTableRecord
100
AcDbTextStyleTableRecord
  2
OpenSans-ExtraBoldItalic
 70
0
 40
0.0
 41
1.0
 50
0.0
 71
0
 42
2.5
  3
OpenSans-ExtraBoldItalic.ttf
  4

  0
STYLE
  5
4B
330
5
100
AcDbSymbolTableRecord
100
AcDbTextStyleTableRecord
  2
OpenSansCondensed-Bold
 70
0
 40
0.0
 41
1.0
 50
0.0
 71
0
 42
2.5
  3
OpenSansCondensed-Bold.ttf
  4

  0
STYLE
  5
4C
330
5
100
AcDbSymbolTableRecord
100
AcDbTextStyleTableRecord
  2
OpenSansCondensed-Light
 70
0
 40
0.0
 41
1.0
 50
0.0
 71
0
 42
2.5
  3
OpenSansCondensed-Light.ttf
  4

  0
STYLE
  5
4D
330
5
100
AcDbSymbolTableRecord
100
AcDbTextStyleTableRecord
  2
OpenSansCondensed-Italic
 70
0
 40
0.0
 41
1.0
 50
0.0
 71
0
 42
2.5
  3
OpenSansCondensed-LightItalic.ttf
  4

  0
STYLE
  5
4E
330
5
100
AcDbSymbolTableRecord
100
AcDbTextStyleTableRecord
  2
LiberationSans
 70
0
 40
0.0
 41
1.0
 50
0.0
 71
0
 42
2.5
  3
LiberationSans-Regular.ttf
  4

  0
STYLE
  5
4F
330
5
100
AcDbSymbolTableRecord
100
AcDbTextStyleTableRecord
  2
LiberationSans-Bold
 70
0
 40
0.0
 41
1.0
 50
0.0
 71
0
 42
2.5
  3
LiberationSans-Bold.ttf
  4

  0
STYLE
  5
50
330
5
100
AcDbSymbolTableRecord
100
AcDbTextStyleTableRecord
  2
LiberationSans-BoldItalic
 70
0
 40
0.0
 41
1.0
 50
0.0
 71
0
 42
2.5
  3
LiberationSans-BoldItalic.ttf
  4

  0
STYLE
  5
51
330
5
100
AcDbSymbolTableRecord
100
AcDbTextStyleTableRecord
  2
LiberationSans-Italic
 70
0
 40
0.0
 41
1.0
 50
0.0
 71
0
 42
2.5
  3
LiberationSans-Italic.ttf
  4

  0
STYLE
  5
52
330
5
100
AcDbSymbolTableRecord
100
AcDbTextStyleTableRecord
  2
LiberationSerif
 70
0
 40
0.0
 41
1.0
 50
0.0
 71
0
 42
2.5
  3
LiberationSerif-Regular.ttf
  4

  0
STYLE
  5
53
330
5
100
AcDbSymbolTableRecord
100
AcDbTextStyleTableRecord
  2
LiberationSerif-Bold
 70
0
 40
0.0
 41
1.0
 50
0.0
 71
0
 42
2.5
  3
LiberationSerif-Bold.ttf
  4

  0
STYLE
  5
54
330
5
100
AcDbSymbolTableRecord
100
AcDbTextStyleTableRecord
  2
LiberationSerif-BoldItalic
 70
0
 40
0.0
 41
1.0
 50
0.0
 71
0
 42
2.5
  3
LiberationSerif-BoldItalic.ttf
  4

  0
STYLE
  5
55
330
5
100
AcDbSymbolTableRecord
100
AcDbTextStyleTableRecord
  2
LiberationSerif-Italic
 70
0
 40
0.0
 41
1.0
 50
0.0
 71
0
 42
2.5
  3
LiberationSerif-Italic.ttf
  4

  0
STYLE
  5
56
330
5
100
AcDbSymbolTableRecord
100
AcDbTextStyleTableRecord
  2
LiberationMono
 70
0
 40
0.0
 41
1.0
 50
0.0
 71
0
 42
2.5
  3
LiberationMono-Regular.ttf
  4

  0
STYLE
  5
57
330
5
100
AcDbSymbolTableRecord
100
AcDbTextStyleTableRecord
  2
LiberationMono-Bold
 70
0
 40
0.0
 41
1.0
 50
0.0
 71
0
 42
2.5
  3
LiberationMono-Bold.ttf
  4

  0
STYLE
  5
58
330
5
100
AcDbSymbolTableRecord
100
AcDbTextStyleTableRecord
  2
LiberationMono-BoldItalic
 70
0
 40
0.0
 41
1.0
 50
0.0
 71
0
 42
2.5
  3
LiberationMono-BoldItalic.ttf
  4

  0
STYLE
  5
59
330
5
100
AcDbSymbolTableRecord
100
AcDbTextStyleTableRecord
  2
LiberationMono-Italic
 70
0
 40
0.0
 41
1.0
 50
0.0
 71
0
 42
2.5
  3
LiberationMono-Italic.ttf
  4

  0
ENDTAB
  0
TABLE
  2
VIEW
  5
7
330
0
100
AcDbSymbolTable
 70
0
  0
ENDTAB
  0
TABLE
  2
UCS
  5
6
330
0
100
AcDbSymbolTable
 70
0
  0
ENDTAB
  0
TABLE
  2
APPID
  5
3
330
0
100
AcDbSymbolTable
 70
3
  0
APPID
  5
2A
330
3
100
AcDbSymbolTableRecord
100
AcDbRegAppTableRecord
  2
ACAD
 70
0
  0
APPID
  5
370
330
3
100
AcDbSymbolTableRecord
100
AcDbRegAppTableRecord
  2
HATCHBACKGROUNDCOLOR
 70
0
  0
APPID
  5
371
330
3
100
AcDbSymbolTableRecord
100
AcDbRegAppTableRecord
  2
EZDXF
 70
0
  0
ENDTAB
  0
TABLE
  2
DIMSTYLE
  5
4
330
0
100
AcDbSymbolTable
 70
12
100
AcDbDimStyleTable
  0
DIMSTYLE
105
2B
330
4
100
AcDbSymbolTableRecord
100
AcDbDimStyleTableRecord
  2
Standard
 70
0
 40
1.0
 41
2.5
 42
0.625
 43
3.75
 44
1.25
 45
0.0
 46
0.0
 47
0.0
 48
0.0
 49
2.5
140
2.5
141
2.5
142
0.0
143
0.03937007874
144
1.0
145
0.0
146
1.0
147
0.625
148
0.0
 69
0
 70
0
 71
0
 72
0
 73
0
 74
0
 75
0
 76
0
 77
1
 78
8
 79
3
170
0
171
3
172
1
173
0
174
0
175
0
176
0
177
0
178
0
179
2
271
2
272
2
273
2
274
3
275
0
276
0
277
2
278
44
279
0
280
0
281
0
282
0
283
0
284
8
285
0
286
0
288
0
289
3
290
0
371
-2
372
-2
  0
DIMSTYLE
105
73
330
4
100
AcDbSymbolTableRecord
100
AcDbDimStyleTableRecord
  2
EZDXF
 70
0
 40
1.0
 41
0.175
 42
0.125
 43
3.75
 44
0.375
 45
0.0
 46
0.0
 47
0.0
 48
0.0
 49
2.5
140
0.25
141
2.5
142
0.0
143
0.03937007874
144
100.0
145
0.0
146
0.5
147
0.1
148
0.0
 69
0
 70
0
 71
0
 72
0
 73
0
 74
0
 75
0
 76
0
 77
1
 78
12
 79
3
170
0
171
3
172
1
173
0
174
0
175
0
176
0
177
0
178
0
179
2
271
2
272
2
273
2
274
3
275
0
276
0
277
2
278
46
279
2
280
0
281
0
282
0
283
0
284
8
285
0
286
0
288
1
289
3
290
0
340
4C
342
74
371
-2
372
-2
  0
DIMSTYLE
105
7C
330
4
100
AcDbSymbolTableRecord
100
AcDbDimStyleTableRecord
  2
EZ_M_100_H25_CM
 70
0
 40
1.0
 41
0.25
 42
0.125
 43
3.75
 44
0.375
 45
0.0
 46
0.0
 47
0.0
 48
0.0
 49
2.5
140
0.25
141
2.5
142
0.125
143
0.03937007874
144
100.0
145
0.0
146
0.5
147
0.1
148
0.0
 69
0
 70
0
 71
0
 72
0
 73
0
 74
0
 75
0
 76
0
 77
1
 78
12
 79
3
170
0
171
3
172
1
173
0
174
0
175
0
176
0
177
0
178
0
179
2
271
2
272
2
273
2
274
3
275
0
276
0
277
2
278
46
279
2
280
0
281
0
282
0
283
0
284
8
285
0
286
0
288
1
289
3
290
0
340
4C
371
-2
372
-2
  0
DIMSTYLE
105
7D
330
4
100
AcDbSymbolTableRecord
100
AcDbDimStyleTableRecord
  2
EZ_M_50_H25_CM
 70
0
 40
1.0
 41
0.125
 42
0.0625
 43
3.75
 44
0.1875
 45
0.0
 46
0.0
 47
0.0
 48
0.0
 49
2.5
140
0.125
141
2.5
142
0.0625
143
0.03937007874
144
100.0
145
0.0
146
0.5
147
0.05
148
0.0
 69
0
 70
0
 71
0
 72
0
 73
0
 74
0
 75
0
 76
0
 77
1
 78
12
 79
3
170
0
171
3
172
1
173
0
174
0
175
0
176
0
177
0
178
0
179
2
271
2
272
2
273
2
274
3
275
0
276
0
277
2
278
46
279
2
280
0
281
0
282
0
283
0
284
8
285
0
286
0
288
1
289
3
290
0
340
4C
371
-2
372
-2
  0
DIMSTYLE
105
7E
330
4
100
AcDbSymbolTableRecord
100
AcDbDimStyleTableRecord
  2
EZ_M_25_H25_CM
 70
0
 40
1.0
 41
0.0625
 42
0.03125
 43
3.75
 44
0.09375
 45
0.0
 46
0.0
 47
0.0
 48
0.0
 49
2.5
140
0.0625
141
2.5
142
0.03125
143
0.03937007874
144
100.0
145
0.0
146
0.5
147
0.025
148
0.0
 69
0
 70
0
 71
0
 72
0
 73
0
 74
0
 75
0
 76
0
 77
1
 78
12
 79
3
170
0
171
3
172
1
173
0
174
0
175
0
176
0
177
0
178
0
179
2
271
2
272
2
273
2
274
3
275
0
276
0
277
2
278
46
279
2
280
0
281
0
282
0
283
0
284
8
285
0
286
0
288
1
289
3
290
0
340
4C
371
-2
372
-2
  0
DIMSTYLE
105
7F
330
4
100
AcDbSymbolTableRecord
100
AcDbDimStyleTableRecord
  2
EZ_M_20_H25_CM
 70
0
 40
1.0
 41
0.05
 42
0.025
 43
3.75
 44
0.07500000000000001
 45
0.0
 46
0.0
 47
0.0
 48
0.0
 49
2.5
140
0.05
141
2.5
142
0.025
143
0.03937007874
144
100.0
145
0.0
146
0.5
147
0.020000000000000004
148
0.0
 69
0
 70
0
 71
0
 72
0
 73
0
 74
0
 75
0
 76
0
 77
1
 78
12
 79
3
170
0
171
3
172
1
173
0
174
0
175
0
176
0
177
0
178
0
179
2
271
2
272
2
273
2
274
3
275
0
276
0
277
2
278
46
279
2
280
0
281
0
282
0
283
0
284
8
285
0
286
0
288
1
289
3
290
0
340
4C
371
-2
372
-2
  0
DIMSTYLE
105
80
330
4
100
AcDbSymbolTableRecord
100
AcDbDimStyleTableRecord
  2
EZ_M_10_H25_CM
 70
0
 40
1.0
 41
0.025
 42
0.0125
 43
3.75
 44
0.037500000000000006
 45
0.0
 46
0.0
 47
0.0
 48
0.0
 49
2.5
140
0.025
141
2.5
142
0.0125
143
0.03937007874
144
100.0
145
0.0
146
0.5
147
0.010000000000000002
148
0.0
 69
0
 70
0
 71
0
 72
0
 73
0
 74
0
 75
0
 76
0
 77
1
 78
12
 79
3
170
0
171
3
172
1
173
0
174
0
175
0
176
0
177
0
178
0
179
2
271
2
272
2
273
2
274
3
275
0
276
0
277
2
278
46
279
2
280
0
281
0
282
0
283
0
284
8
285
0
286
0
288
1
289
3
290
0
340
4C
371
-2
372
-2
  0
DIMSTYLE
105
81
330
4
100
AcDbSymbolTableRecord
100
AcDbDimStyleTableRecord
  2
EZ_M_5_H25_CM
 70
0
 40
1.0
 41
0.0125
 42
0.00625
 43
3.75
 44
0.018750000000000003
 45
0.0
 46
0.0
 47
0.0
 48
0.0
 49
2.5
140
0.0125
141
2.5
142
0.00625
143
0.03937007874
144
100.0
145
0.0
146
0.5
147
0.005000000000000001
148
0.0
 69
0
 70
0
 71
0
 72
0
 73
0
 74
0
 75
0
 76
0
 77
1
 78
12
 79
3
170
0
171
3
172
1
173
0
174
0
175
0
176
0
177
0
178
0
179
2
271
2
272
2
273
2
274
3
275
0
276
0
277
2
278
46
279
2
280
0
281
0
282
0
283
0
284
8
285
0
286
0
288
1
289
3
290
0
340
4C
371
-2
372
-2
  0
DIMSTYLE
105
82
330
4
100
AcDbSymbolTableRecord
100
AcDbDimStyleTableRecord
  2
EZ_M_1_H25_CM
 70
0
 40
1.0
 41
0.0025
 42
0.00125
 43
3.75
 44
0.00375
 45
0.0
 46
0.0
 47
0.0
 48
0.0
 49
2.5
140
0.0025
141
2.5
142
0.00125
143
0.03937007874
144
100.0
145
0.0
146
0.5
147
0.001
148
0.0
 69
0
 70
0
 71
0
 72
0
 73
0
 74
0
 75
0
 76
0
 77
1
 78
12
 79
3
170
0
171
3
172
1
173
0
174
0
175
0
176
0
177
0
178
0
179
2
271
2
272
2
273
2
274
3
275
0
276
0
277
2
278
46
279
2
280
0
281
0
282
0
283
0
284
8
285
0
286
0
288
1
289
3
290
0
340
4C
371
-2
372
-2
  0
DIMSTYLE
105
83
330
4
100
AcDbSymbolTableRecord
100
AcDbDimStyleTableRecord
  2
EZ_RADIUS
 70
0
 40
1.0
 41
0.25
 42
0.125
 43
3.75
 44
0.375
 45
0.0
 46
0.0
 47
0.0
 48
0.0
 49
2.5
140
0.25
141
0.0
142
0.0
143
0.03937007874
144
100.0
145
0.0
146
0.5
147
0.1
148
0.0
 69
0
 70
0
 71
0
 72
0
 73
0
 74
0
 75
0
 76
0
 77
1
 78
12
 79
3
170
0
171
3
172
0
173
0
174
0
175
0
176
0
177
0
178
0
179
2
271
2
272
2
273
2
274
3
275
0
276
0
277
2
278
46
279
1
280
0
281
0
282
0
283
0
284
8
285
0
286
0
288
1
289
3
290
0
340
4C
342
84
371
-2
372
-2
  0
DIMSTYLE
105
88
330
4
100
AcDbSymbolTableRecord
100
AcDbDimStyleTableRecord
  2
EZ_RADIUS_INSIDE
 70
0
 40
1.0
 41
0.25
 42
0.125
 43
3.75
 44
0.375
 45
0.0
 46
0.0
 47
0.0
 48
0.0
 49
2.5
140
0.25
141
0.0
142
0.0
143
0.03937007874
144
100.0
145
0.0
146
0.5
147
0.1
148
0.0
 69
0
 70
0
 71
0
 72
0
 73
0
 74
0
 75
0
 76
0
 77
0
 78
12
 79
3
170
0
171
3
172
0
173
0
174
1
175
0
176
0
177
0
178
0
179
2
271
2
272
2
273
2
274
3
275
0
276
0
277
2
278
46
279
0
280
0
281
0
282
0
283
0
284
8
285
0
286
0
288
1
289
0
290
0
340
4C
342
84
371
-2
372
-2
  0
DIMSTYLE
105
89
330
4
100
AcDbSymbolTableRecord
100
AcDbDimStyleTableRecord
  2
EZ_CURVED
 70
0
 40
1.0
 41
0.25
 42
0.125
 43
3.75
 44
0.375
 45
0.0
 46
0.0
 47
0.0
 48
0.0
 49
2.5
140
0.25
141
2.5
142
0.0
143
0.03937007874
144
100.0
145
0.0
146
0.5
147
0.1
148
0.0
 69
0
 70
0
 71
0
 72
0
 73
0
 74
0
 75
0
 76
0
 77
1
 78
12
 79
2
 90
2
170
0
171
3
172
1
173
0
174
0
175
0
176
0
177
0
178
0
179
2
271
2
272
2
273
2
274
3
275
0
276
0
277
2
278
46
279
2
280
0
281
0
282
0
283
0
284
8
285
0
286
0
288
1
289
3
290
0
340
4C
371
-2
372
-2
  0
ENDTAB
  0
TABLE
  2
BLOCK_RECORD
  5
9
330
0
100
AcDbSymbolTable
 70
5
  0
BLOCK_RECORD
  5
17
330
9
100
AcDbSymbolTableRecord
100
AcDbBlockTableRecord
  2
*Model_Space
340
1A
 70
0
280
1
281
0
  0
BLOCK_RECORD
  5
1B
330
9
100
AcDbSymbolTableRecord
100
AcDbBlockTableRecord
  2
*Paper_Space
340
1E
 70
0
280
1
281
0
  0
BLOCK_RECORD
  5
74
330
9
100
AcDbSymbolTableRecord
100
AcDbBlockTableRecord
  2
_ARCHTICK
340
0
 70
0
280
1
281
0
  0
BLOCK_RECORD
  5
78
330
9
100
AcDbSymbolTableRecord
100
AcDbBlockTableRecord
  2
_CLOSEDFILLED
340
0
 70
0
280
1
281
0
  0
BLOCK_RECORD
  5
84
330
9
100
AcDbSymbolTableRecord
100
AcDbBlockTableRecord
  2
_CLOSEDBLANK
340
0
 70
0
280
1
281
0
  0
ENDTAB
  0
ENDSEC
  0
SECTION
  2
BLOCKS
  0
BLOCK
  5
18
330
17
100
AcDbEntity
  8
0
100
AcDbBlockBegin
  2
*Model_Space
 70
0
 10
0.0
 20
0.0
 30
0.0
  3
*Model_Space
  1

  0
ENDBLK
  5
19
330
17
100
AcDbEntity
  8
0
100
AcDbBlockEnd
  0
BLOCK
  5
1C
330
1B
100
AcDbEntity
  8
0
100
AcDbBlockBegin
  2
*Paper_Space
 70
0
 10
0.0
 20
0.0
 30
0.0
  3
*Paper_Space
  1

  0
ENDBLK
  5
1D
330
1B
100
AcDbEntity
  8
0
100
AcDbBlockEnd
  0
BLOCK
  5
75
330
74
100
AcDbEntity
  8
0
100
AcDbBlockBegin
  2
_ARCHTICK
 70
0
 10
0.0
 20
0.0
 30
0.0
  3
_ARCHTICK
  1

  0
LWPOLYLINE
  5
77
330
74
100
AcDbEntity
  8
0
  6
BYBLOCK
 62
0
100
AcDbPolyline
 90
2
 70
0
 43
0.15
 10
-0.5
 20
-0.5
 10
0.5
 20
0.5
  0
ENDBLK
  5
76
330
74
100
AcDbEntity
  8
0
100
AcDbBlockEnd
  0
BLOCK
  5
79
330
78
100
AcDbEntity
  8
0
100
AcDbBlockBegin
  2
_CLOSEDFILLED
 70
0
 10
0.0
 20
0.0
 30
0.0
  3
_CLOSEDFILLED
  1

  0
SOLID
  5
7B
330
78
100
AcDbEntity
  8
0
  6
BYBLOCK
 62
0
100
AcDbTrace
 10
-1.0
 20
0.16439898372402537
 30
0.0
 11
0.0
 21
0.0
 31
0.0
 12
-1.0
 22
-0.16439898372402537
 32
0.0
 13
-1.0
 23
-0.16439898372402537
 33
0.0
  0
ENDBLK
  5
7A
330
78
100
AcDbEntity
  8
0
100
AcDbBlockEnd
  0
BLOCK
  5
85
330
84
100
AcDbEntity
  8
0
100
AcDbBlockBegin
  2
_CLOSEDBLANK
 70
0
 10
0.0
 20
0.0
 30
0.0
  3
_CLOSEDBLANK
  1

  0
LWPOLYLINE
  5
87
330
84
100
AcDbEntity
  8
0
  6
BYBLOCK
 62
0
100
AcDbPolyline
 90
3
 70
1
 10
-1.0
 20
0.16439898372402537
 10
0.0
 20
0.0
 10
-1.0
 20
-0.16439898372402537
  0
ENDBLK
  5
86
330
84
100
AcDbEntity
  8
0
100
AcDbBlockEnd
  0
ENDSEC
  0
SECTION
  2
ENTITIES
  0
LWPOLYLINE
  5
9A
330
17
100
AcDbEntity
  8
TERRITORY_BOUNDARY
100
AcDbPolyline
 90
5
 70
1
 10
202.45872181188315
 20
10.0
 10
285.90306160226464
 20
145.17000541184098
 10
93.44433979038149
 20
263.98032083176076
 10
10.0
 20
128.8103154199198
 10
202.45872181188315
 20
10.0
  0
LWPOLYLINE
  5
9B
330
17
100
AcDbEntity
  8
GRASS
100
AcDbPolyline
 90
55
 70
1
 10
278.1213066622149
 20
132.564478661865
 10
202.45872181188315
 20
10.0
 10
210.863471393066
 20
23.61470471508801
 10
160.68624998809537
 20
54.590549539774656
 10
203.6796646535513
 20
124.2348190927878
 10
206.83646646892885
 20
122.2294144993648
 10
207.80165359401144
 20
123.7487610084936
 10
204.62527744931867
 20
125.76660048216581
 10
209.73108908243012
 20
134.03741415031254
 10
213.01315630995668
 20
131.95243286900222
 10
213.97834343498107
 20
133.47177937813103
 10
210.67670187796466
 20
135.56919553969055
 10
211.0574350548559
 20
136.18593845702708
 10
209.70585780584952
 20
136.18593845702708
 10
209.15722928207833
 20
136.53446276299655
 10
208.94207518390613
 20
136.18593845702708
 10
206.34899578650948
 20
136.18593845702708
 10
208.21161648648558
 20
135.00268137454987
 10
203.1058048530831
 20
126.73186770547181
 10
202.9805394411669
 20
126.81144439335912
 10
202.7653853429947
 20
126.46292008738965
 10
200.17230594559805
 20
126.46292008738965
 10
202.03492664557416
 20
125.27966300491244
 10
159.02832603669958
 20
55.61403377447277
 10
92.88828231644584
 20
96.44418884534389
 10
105.4073404056835
 20
116.72358890902251
 10
103.8855259885895
 20
117.6850626571104
 10
91.35662803595187
 20
97.38972317334265
 10
87.86534767731791
 20
99.54499115329236
 10
100.41667479177704
 20
119.87666323874146
 10
98.89486037468305
 20
120.83813698682934
 10
86.33369339682395
 20
100.49052548129112
 10
70.24145671929
 20
110.42472694255412
 10
120.46327908546664
 20
191.77816587127745
 10
119.11160764150554
 20
191.77816587127745
 10
115.28036276216153
 20
194.2109825545922
 10
114.31546889973106
 20
192.6914497865364
 10
117.61737042205641
 20
190.59476284496486
 10
112.50958044297295
 20
182.32074448931962
 10
109.10351809929125
 20
184.48357290495187
 10
108.13862423680257
 20
182.96404013689607
 10
111.44052575947717
 20
180.86735319532454
 10
68.58538350393064
 20
111.44706866424531
 10
44.64467575424351
 20
126.22635750286281
 10
44.6446757541853
 20
126.22635750286281
 10
18.40474958124105
 20
142.4250201350078
 10
30.89679775031982
 20
162.6606673086062
 10
30.896797750436235
 20
162.6606673086062
 10
93.44433979038149
 20
263.98032083176076
 10
159.86718229792314
 20
222.97558591980487
 10
159.8671822983888
 20
222.97558591980487
 10
182.1666574301198
 20
209.20947727467865
 10
285.90306160226464
 20
145.17000541184098
 10
278.1213066622731
 20
132.564478661865
 10
278.1213066622149
 20
132.564478661865
  0
HATCH
  5
9C
330
17
100
AcDbEntity
  8
GRASS
 62
84
100
AcDbHatch
 10
0.0
 20
0.0
 30
0.0
210
0.0
220
0.0
230
1.0
  2
SOLID
 70
1
 71
0
 91
6
 92
3
 72
0
 73
1
 93
55
 10
278.1213066622149
 20
132.564478661865
 10
202.45872181188315
 20
10.0
 10
210.863471393066
 20
23.61470471508801
 10
160.68624998809537
 20
54.590549539774656
 10
203.6796646535513
 20
124.2348190927878
 10
206.83646646892885
 20
122.2294144993648
 10
207.80165359401144
 20
123.7487610084936
 10
204.62527744931867
 20
125.76660048216581
 10
209.73108908243012
 20
134.03741415031254
 10
213.01315630995668
 20
131.95243286900222
 10
213.97834343498107
 20
133.47177937813103
 10
210.67670187796466
 20
135.56919553969055
 10
211.0574350548559
 20
136.18593845702708
 10
209.70585780584952
 20
136.18593845702708
 10
209.15722928207833
 20
136.53446276299655
 10
208.94207518390613
 20
136.18593845702708
 10
206.34899578650948
 20
136.18593845702708
 10
208.21161648648558
 20
135.00268137454987
 10
203.1058048530831
 20
126.73186770547181
 10
202.9805394411669
 20
126.81144439335912
 10
202.7653853429947
 20
126.46292008738965
 10
200.17230594559805
 20
126.46292008738965
 10
202.03492664557416
 20
125.27966300491244
 10
159.02832603669958
 20
55.61403377447277
 10
92.88828231644584
 20
96.44418884534389
 10
105.4073404056835
 20
116.72358890902251
 10
103.8855259885895
 20
117.6850626571104
 10
91.35662803595187
 20
97.38972317334265
 10
87.86534767731791
 20
99.54499115329236
 10
100.41667479177704
 20
119.87666323874146
 10
98.89486037468305
 20
120.83813698682934
 10
86.33369339682395
 20
100.49052548129112
 10
70.24145671929
 20
110.42472694255412
 10
120.46327908546664
 20
191.77816587127745
 10
119.11160764150554
 20
191.77816587127745
 10
115.28036276216153
 20
194.2109825545922
 10
114.31546889973106
 20
192.6914497865364
 10
117.61737042205641
 20
190.59476284496486
 10
112.50958044297295
 20
182.32074448931962
 10
109.10351809929125
 20
184.48357290495187
 10
108.13862423680257
 20
182.96404013689607
 10
111.44052575947717
 20
180.86735319532454
 10
68.58538350393064
 20
111.44706866424531
 10
44.64467575424351
 20
126.22635750286281
 10
44.6446757541853
 20
126.22635750286281
 10
18.40474958124105
 20
142.4250201350078
 10
30.89679775031982
 20
162.6606673086062
 10
30.896797750436235
 20
162.6606673086062
 10
93.44433979038149
 20
263.98032083176076
 10
159.86718229792314
 20
222.97558591980487
 10
159.8671822983888
 20
222.97558591980487
 10
182.1666574301198
 20
209.20947727467865
 10
285.90306160226464
 20
145.17000541184098
 10
278.1213066622731
 20
132.564478661865
 10
278.1213066622149
 20
132.564478661865
 97
0
 92
18
 72
0
 73
1
 93
5
 10
218.2970835317392
 20
139.89712688699365
 10
202.85535892943153
 20
115.58958096336573
 10
215.33194838120835
 20
107.69588788505644
 10
230.77385680389125
 20
132.0146051896736
 10
218.2970835317392
 20
139.89712688699365
 97
0
 92
18
 72
0
 73
1
 93
5
 10
111.10693136777263
 20
147.43400250468403
 10
95.6646876487066
 20
123.11551439296454
 10
108.14140350354137
 20
115.23279582988471
 10
123.58360204548808
 20
139.55132744368166
 10
111.10693136777263
 20
147.43400250468403
 97
0
 92
18
 72
0
 73
1
 93
5
 10
120.75055925478227
 20
141.57779687736183
 10
124.1244888950605
 20
147.04316563531756
 10
122.01525102951564
 20
147.04316563531756
 10
119.18655890843365
 20
142.56592158135027
 10
120.75055925478227
 20
141.57779687736183
 97
0
 92
18
 72
0
 73
1
 93
5
 10
115.75989098340506
 20
144.73086690157652
 10
119.13382062403252
 20
150.19623566046357
 10
117.02458275842946
 20
150.19623566046357
 10
114.19589063699823
 20
145.71899160649627
 10
115.75989098340506
 20
144.73086690157652
 97
0
 92
18
 72
0
 73
1
 93
5
 10
119.26171235332731
 20
200.85398383624852
 10
106.78513519756962
 20
208.7366662323475
 10
91.3432075054152
 20
184.42931349109858
 10
103.81960069696652
 20
176.53545971401036
 10
119.26171235332731
 20
200.85398383624852
 97
0
 75
0
 76
1
 98
0
  0
LWPOLYLINE
  5
9D
330
17
100
AcDbEntity
  8
PATHS
100
AcDbPolyline
 90
24
 70
1
 10
208.21161648648558
 20
135.00268137454987
 10
206.34899578650948
 20
136.18593845702708
 10
208.94207518390613
 20
136.18593845702708
 10
209.15722928207833
 20
136.53446276299655
 10
209.70585780584952
 20
136.18593845702708
 10
211.0574350548559
 20
136.18593845702708
 10
210.67670187796466
 20
135.56919553969055
 10
213.97834343498107
 20
133.47177937813103
 10
213.01315630995668
 20
131.95243286900222
 10
209.73108908243012
 20
134.03741415031254
 10
204.62527744931867
 20
125.76660048216581
 10
207.80165359401144
 20
123.7487610084936
 10
206.83646646892885
 20
122.2294144993648
 10
203.6796646535513
 20
124.2348190927878
 10
160.68624998803716
 20
54.590549539774656
 10
160.55998031719355
 20
54.668499446474016
 10
160.55998031713534
 20
54.668499446474016
 10
159.02832603664137
 20
55.61403377447277
 10
202.03492664557416
 20
125.27966300491244
 10
200.17230594559805
 20
126.46292008738965
 10
202.7653853429947
 20
126.46292008738965
 10
202.9805394411669
 20
126.81144439335912
 10
203.1058048530831
 20
126.73186770547181
 10
208.21161648648558
 20
135.00268137454987
  0
HATCH
  5
9E
330
17
100
AcDbEntity
  8
PATHS
 62
9
100
AcDbHatch
 10
0.0
 20
0.0
 30
0.0
210
0.0
220
0.0
230
1.0
  2
SOLID
 70
1
 71
0
 91
1
 92
3
 72
0
 73
1
 93
24
 10
208.21161648648558
 20
135.00268137454987
 10
206.34899578650948
 20
136.18593845702708
 10
208.94207518390613
 20
136.18593845702708
 10
209.15722928207833
 20
136.53446276299655
 10
209.70585780584952
 20
136.18593845702708
 10
211.0574350548559
 20
136.18593845702708
 10
210.67670187796466
 20
135.56919553969055
 10
213.97834343498107
 20
133.47177937813103
 10
213.01315630995668
 20
131.95243286900222
 10
209.73108908243012
 20
134.03741415031254
 10
204.62527744931867
 20
125.76660048216581
 10
207.80165359401144
 20
123.7487610084936
 10
206.83646646892885
 20
122.2294144993648
 10
203.6796646535513
 20
124.2348190927878
 10
160.68624998803716
 20
54.590549539774656
 10
160.55998031719355
 20
54.668499446474016
 10
160.55998031713534
 20
54.668499446474016
 10
159.02832603664137
 20
55.61403377447277
 10
202.03492664557416
 20
125.27966300491244
 10
200.17230594559805
 20
126.46292008738965
 10
202.7653853429947
 20
126.46292008738965
 10
202.9805394411669
 20
126.81144439335912
 10
203.1058048530831
 20
126.73186770547181
 10
208.21161648648558
 20
135.00268137454987
 97
0
 75
0
 76
1
 98
0
  0
LWPOLYLINE
  5
9F
330
17
100
AcDbEntity
  8
PATHS
100
AcDbPolyline
 90
5
 70
1
 10
105.4073404056835
 20
116.72358890902251
 10
92.88828231644584
 20
96.44418884534389
 10
91.35662803595187
 20
97.38972317334265
 10
103.8855259885895
 20
117.6850626571104
 10
105.4073404056835
 20
116.72358890902251
  0
HATCH
  5
A0
330
17
100
AcDbEntity
  8
PATHS
 62
9
100
AcDbHatch
 10
0.0
 20
0.0
 30
0.0
210
0.0
220
0.0
230
1.0
  2
SOLID
 70
1
 71
0
 91
1
 92
3
 72
0
 73
1
 93
5
 10
105.4073404056835
 20
116.72358890902251
 10
92.88828231644584
 20
96.44418884534389
 10
91.35662803595187
 20
97.38972317334265
 10
103.8855259885895
 20
117.6850626571104
 10
105.4073404056835
 20
116.72358890902251
 97
0
 75
0
 76
1
 98
0
  0
LWPOLYLINE
  5
A1
330
17
100
AcDbEntity
  8
PATHS
100
AcDbPolyline
 90
5
 70
1
 10
100.41667479177704
 20
119.87666323874146
 10
87.86534767731791
 20
99.54499115329236
 10
86.33369339682395
 20
100.49052548129112
 10
98.89486037468305
 20
120.83813698682934
 10
100.41667479177704
 20
119.87666323874146
  0
HATCH
  5
A2
330
17
100
AcDbEntity
  8
PATHS
 62
9
100
AcDbHatch
 10
0.0
 20
0.0
 30
0.0
210
0.0
220
0.0
230
1.0
  2
SOLID
 70
1
 71
0
 91
1
 92
3
 72
0
 73
1
 93
5
 10
100.41667479177704
 20
119.87666323874146
 10
87.86534767731791
 20
99.54499115329236
 10
86.33369339682395
 20
100.49052548129112
 10
98.89486037468305
 20
120.83813698682934
 10
100.41667479177704
 20
119.87666323874146
 97
0
 75
0
 76
1
 98
0
  0
LWPOLYLINE
  5
A3
330
17
100
AcDbEntity
  8
PATHS
100
AcDbPolyline
 90
5
 70
1
 10
119.18655890843365
 20
142.56592158135027
 10
122.01525102951564
 20
147.04316563531756
 10
124.1244888950605
 20
147.04316563531756
 10
120.75055925478227
 20
141.57779687736183
 10
119.18655890843365
 20
142.56592158135027
  0
HATCH
  5
A4
330
17
100
AcDbEntity
  8
PATHS
 62
9
100
AcDbHatch
 10
0.0
 20
0.0
 30
0.0
210
0.0
220
0.0
230
1.0
  2
SOLID
 70
1
 71
0
 91
1
 92
3
 72
0
 73
1
 93
5
 10
119.18655890843365
 20
142.56592158135027
 10
122.01525102951564
 20
147.04316563531756
 10
124.1244888950605
 20
147.04316563531756
 10
120.75055925478227
 20
141.57779687736183
 10
119.18655890843365
 20
142.56592158135027
 97
0
 75
0
 76
1
 98
0
  0
LWPOLYLINE
  5
A5
330
17
100
AcDbEntity
  8
PATHS
100
AcDbPolyline
 90
5
 70
1
 10
114.19589063699823
 20
145.71899160649627
 10
117.02458275842946
 20
150.19623566046357
 10
119.13382062403252
 20
150.19623566046357
 10
115.75989098340506
 20
144.73086690157652
 10
114.19589063699823
 20
145.71899160649627
  0
HATCH
  5
A6
330
17
100
AcDbEntity
  8
PATHS
 62
9
100
AcDbHatch
 10
0.0
 20
0.0
 30
0.0
210
0.0
220
0.0
230
1.0
  2
SOLID
 70
1
 71
0
 91
1
 92
3
 72
0
 73
1
 93
5
 10
114.19589063699823
 20
145.71899160649627
 10
117.02458275842946
 20
150.19623566046357
 10
119.13382062403252
 20
150.19623566046357
 10
115.75989098340506
 20
144.73086690157652
 10
114.19589063699823
 20
145.71899160649627
 97
0
 75
0
 76
1
 98
0
  0
LWPOLYLINE
  5
A7
330
17
100
AcDbEntity
  8
PATHS
100
AcDbPolyline
 90
14
 70
1
 10
111.44052575947717
 20
180.86735319532454
 10
108.13862423680257
 20
182.96404013689607
 10
109.10351809929125
 20
184.48357290495187
 10
112.50958044297295
 20
182.32074448931962
 10
117.61737042205641
 20
190.59476284496486
 10
114.31546889973106
 20
192.6914497865364
 10
115.28036276216153
 20
194.2109825545922
 10
119.11160764150554
 20
191.77816587127745
 10
120.46327908546664
 20
191.77816587127745
 10
70.24145671929
 20
110.42472694255412
 10
70.11703778459923
 20
110.50153433624655
 10
70.11703778442461
 20
110.50153433624655
 10
68.58538350393064
 20
111.44706866424531
 10
111.44052575947717
 20
180.86735319532454
  0
HATCH
  5
A8
330
17
100
AcDbEntity
  8
PATHS
 62
9
100
AcDbHatch
 10
0.0
 20
0.0
 30
0.0
210
0.0
220
0.0
230
1.0
  2
SOLID
 70
1
 71
0
 91
1
 92
3
 72
0
 73
1
 93
14
 10
111.44052575947717
 20
180.86735319532454
 10
108.13862423680257
 20
182.96404013689607
 10
109.10351809929125
 20
184.48357290495187
 10
112.50958044297295
 20
182.32074448931962
 10
117.61737042205641
 20
190.59476284496486
 10
114.31546889973106
 20
192.6914497865364
 10
115.28036276216153
 20
194.2109825545922
 10
119.11160764150554
 20
191.77816587127745
 10
120.46327908546664
 20
191.77816587127745
 10
70.24145671929
 20
110.42472694255412
 10
70.11703778459923
 20
110.50153433624655
 10
70.11703778442461
 20
110.50153433624655
 10
68.58538350393064
 20
111.44706866424531
 10
111.44052575947717
 20
180.86735319532454
 97
0
 75
0
 76
1
 98
0
  0
LWPOLYLINE
  5
A9
330
17
100
AcDbEntity
  8
PARKING
100
AcDbPolyline
 90
5
 70
1
 10
10.0
 20
128.8103154199198
 10
202.45872181188315
 20
10.0
 10
210.863471393066
 20
23.61470471508801
 10
18.40474958118284
 20
142.4250201350078
 10
10.0
 20
128.8103154199198
  0
HATCH
  5
AA
330
17
100
AcDbEntity
  8
PARKING
 62
253
100
AcDbHatch
 10
0.0
 20
0.0
 30
0.0
210
0.0
220
0.0
230
1.0
  2
SOLID
 70
1
 71
0
 91
1
 92
3
 72
0
 73
1
 93
5
 10
10.0
 20
128.8103154199198
 10
202.45872181188315
 20
10.0
 10
210.863471393066
 20
23.61470471508801
 10
18.40474958118284
 20
142.4250201350078
 10
10.0
 20
128.8103154199198
 97
0
 75
0
 76
1
 98
0
  0
LINE
  5
AB
330
17
100
AcDbEntity
  8
PARKING_MARKINGS
100
AcDbLine
 10
20.543197692197282
 20
141.10489277914166
 30
0.0
 11
15.863142927817535
 21
143.99402541760355
 31
0.0
  0
LINE
  5
AC
330
17
100
AcDbEntity
  8
PARKING_MARKINGS
100
AcDbLine
 10
22.68162793450756
 20
139.78477816283703
 30
0.0
 11
18.001573170127813
 21
142.67391080129892
 31
0.0
  0
LINE
  5
AD
330
17
100
AcDbEntity
  8
PARKING_MARKINGS
100
AcDbLine
 10
24.820058176876046
 20
138.46466354746372
 30
0.0
 11
20.1400034124963
 21
141.3537961859256
 31
0.0
  0
LINE
  5
AE
330
17
100
AcDbEntity
  8
PARKING_MARKINGS
100
AcDbLine
 10
26.958488419186324
 20
137.14454893115908
 30
0.0
 11
22.278433654806577
 21
140.03368156962097
 31
0.0
  0
LINE
  5
AF
330
17
100
AcDbEntity
  8
PARKING_MARKINGS
100
AcDbLine
 10
29.09691866155481
 20
135.82443431578577
 30
0.0
 11
24.416863897175062
 21
138.71356695424765
 31
0.0
  0
LINE
  5
B0
330
17
100
AcDbEntity
  8
PARKING_MARKINGS
100
AcDbLine
 10
31.235348903923295
 20
134.50431969948113
 30
0.0
 11
26.55529413954355
 21
137.39345233794302
 31
0.0
  0
LINE
  5
B1
330
17
100
AcDbEntity
  8
PARKING_MARKINGS
100
AcDbLine
 10
33.373779146233574
 20
133.18420508410782
 30
0.0
 11
28.693724381853826
 21
136.0733377225697
 31
0.0
  0
LINE
  5
B2
330
17
100
AcDbEntity
  8
PARKING_MARKINGS
100
AcDbLine
 10
35.51220938860206
 20
131.86409046780318
 30
0.0
 11
30.832154624222312
 21
134.75322310626507
 31
0.0
  0
LINE
  5
B3
330
17
100
AcDbEntity
  8
PARKING_MARKINGS
100
AcDbLine
 10
37.650639630970545
 20
130.54397585242987
 30
0.0
 11
32.9705848665908
 21
133.43310849089175
 31
0.0
  0
LINE
  5
B4
330
17
100
AcDbEntity
  8
PARKING_MARKINGS
100
AcDbLine
 10
39.78906987328082
 20
129.22386123705655
 30
0.0
 11
35.109015108901076
 21
132.11299387551844
 31
0.0
  0
LINE
  5
B5
330
17
100
AcDbEntity
  8
PARKING_MARKINGS
100
AcDbLine
 10
41.92750011564931
 20
127.90374662075192
 30
0.0
 11
37.24744535126956
 21
130.7928792592138
 31
0.0
  0
LINE
  5
B6
330
17
100
AcDbEntity
  8
PARKING_MARKINGS
100
AcDbLine
 10
44.06593035795959
 20
126.5836320053786
 30
0.0
 11
39.38587559357984
 21
129.4727646438405
 31
0.0
  0
LINE
  5
B7
330
17
100
AcDbEntity
  8
PARKING_MARKINGS
100
AcDbLine
 10
46.20436060032807
 20
125.26351738907397
 30
0.0
 11
41.524305835948326
 21
128.15265002753586
 31
0.0
  0
LINE
  5
B8
330
17
100
AcDbEntity
  8
PARKING_MARKINGS
100
AcDbLine
 10
48.34279084269656
 20
123.94340277370065
 30
0.0
 11
43.66273607831681
 21
126.83253541216254
 31
0.0
  0
LINE
  5
B9
330
17
100
AcDbEntity
  8
PARKING_MARKINGS
100
AcDbLine
 10
50.48122108500684
 20
122.62328815739602
 30
0.0
 11
45.80116632062709
 21
125.5124207958579
 31
0.0
  0
LINE
  5
BA
330
17
100
AcDbEntity
  8
PARKING_MARKINGS
100
AcDbLine
 10
52.61965132737532
 20
121.3031735420227
 30
0.0
 11
47.939596562995575
 21
124.1923061804846
 31
0.0
  0
LINE
  5
BB
330
17
100
AcDbEntity
  8
PARKING_MARKINGS
100
AcDbLine
 10
54.75808156974381
 20
119.98305892571807
 30
0.0
 11
50.07802680536406
 21
122.87219156417996
 31
0.0
  0
LINE
  5
BC
330
17
100
AcDbEntity
  8
PARKING_MARKINGS
100
AcDbLine
 10
56.89651181205409
 20
118.66294431034476
 30
0.0
 11
52.21645704767434
 21
121.55207694880664
 31
0.0
  0
LINE
  5
BD
330
17
100
AcDbEntity
  8
PARKING_MARKINGS
100
AcDbLine
 10
59.03494205442257
 20
117.34282969497144
 30
0.0
 11
54.354887290042825
 21
120.23196233343333
 31
0.0
  0
LINE
  5
BE
330
17
100
AcDbEntity
  8
PARKING_MARKINGS
100
AcDbLine
 10
61.17337229673285
 20
116.0227150786668
 30
0.0
 11
56.4933175323531
 21
118.9118477171287
 31
0.0
  0
LINE
  5
BF
330
17
100
AcDbEntity
  8
PARKING_MARKINGS
100
AcDbLine
 10
63.311802539101336
 20
114.70260046329349
 30
0.0
 11
58.63174777472159
 21
117.59173310175538
 31
0.0
  0
LINE
  5
C0
330
17
100
AcDbEntity
  8
PARKING_MARKINGS
100
AcDbLine
 10
65.45023278146982
 20
113.38248584698886
 30
0.0
 11
60.770178017090075
 21
116.27161848545074
 31
0.0
  0
LINE
  5
C1
330
17
100
AcDbEntity
  8
PARKING_MARKINGS
100
AcDbLine
 10
67.5886630237801
 20
112.06237123161554
 30
0.0
 11
62.90860825940035
 21
114.95150387007743
 31
0.0
  0
LINE
  5
C2
330
17
100
AcDbEntity
  8
PARKING_MARKINGS
100
AcDbLine
 10
69.72709326614859
 20
110.74225661531091
 30
0.0
 11
65.04703850176884
 21
113.6313892537728
 31
0.0
  0
LINE
  5
C3
330
17
100
AcDbEntity
  8
PARKING_MARKINGS
100
AcDbLine
 10
71.86552350851707
 20
109.4221419999376
 30
0.0
 11
67.18546874413732
 21
112.31127463839948
 31
0.0
  0
LINE
  5
C4
330
17
100
AcDbEntity
  8
PARKING_MARKINGS
100
AcDbLine
 10
74.00395375082735
 20
108.10202738363296
 30
0.0
 11
69.3238989864476
 21
110.99116002209485
 31
0.0
  0
LINE
  5
C5
330
17
100
AcDbEntity
  8
PARKING_MARKINGS
100
AcDbLine
 10
76.14238399319584
 20
106.78191276825964
 30
0.0
 11
71.46232922881609
 21
109.67104540672153
 31
0.0
  0
LINE
  5
C6
330
17
100
AcDbEntity
  8
PARKING_MARKINGS
100
AcDbLine
 10
78.28081423550611
 20
105.46179815288633
 30
0.0
 11
73.60075947112637
 21
108.35093079134822
 31
0.0
  0
LINE
  5
C7
330
17
100
AcDbEntity
  8
PARKING_MARKINGS
100
AcDbLine
 10
80.4192444778746
 20
104.1416835365817
 30
0.0
 11
75.73918971349485
 21
107.03081617504358
 31
0.0
  0
LINE
  5
C8
330
17
100
AcDbEntity
  8
PARKING_MARKINGS
100
AcDbLine
 10
82.55767472024309
 20
102.82156892120838
 30
0.0
 11
77.87761995586334
 21
105.71070155967027
 31
0.0
  0
LINE
  5
C9
330
17
100
AcDbEntity
  8
PARKING_MARKINGS
100
AcDbLine
 10
84.69610496255336
 20
101.50145430490375
 30
0.0
 11
80.01605019817362
 21
104.39058694336563
 31
0.0
  0
LINE
  5
CA
330
17
100
AcDbEntity
  8
PARKING_MARKINGS
100
AcDbLine
 10
86.83453520492185
 20
100.18133968953043
 30
0.0
 11
82.1544804405421
 21
103.07047232799232
 31
0.0
  0
LINE
  5
CB
330
17
100
AcDbEntity
  8
PARKING_MARKINGS
100
AcDbLine
 10
88.97296544729033
 20
98.8612250732258
 30
0.0
 11
84.29291068291059
 21
101.75035771168768
 31
0.0
  0
LINE
  5
CC
330
17
100
AcDbEntity
  8
PARKING_MARKINGS
100
AcDbLine
 10
91.11139568960061
 20
97.54111045785248
 30
0.0
 11
86.43134092522087
 21
100.43024309631437
 31
0.0
  0
LINE
  5
CD
330
17
100
AcDbEntity
  8
PARKING_MARKINGS
100
AcDbLine
 10
93.2498259319691
 20
96.22099584154785
 30
0.0
 11
88.56977116758935
 21
99.11012848000973
 31
0.0
  0
LINE
  5
CE
330
17
100
AcDbEntity
  8
PARKING_MARKINGS
100
AcDbLine
 10
95.38825617427938
 20
94.90088122617453
 30
0.0
 11
90.70820140989963
 21
97.79001386463642
 31
0.0
  0
LINE
  5
CF
330
17
100
AcDbEntity
  8
PARKING_MARKINGS
100
AcDbLine
 10
97.52668641664786
 20
93.58076661080122
 30
0.0
 11
92.84663165226812
 21
96.46989924926311
 31
0.0
  0
LINE
  5
D0
330
17
100
AcDbEntity
  8
PARKING_MARKINGS
100
AcDbLine
 10
99.66511665901635
 20
92.26065199449658
 30
0.0
 11
94.9850618946366
 21
95.14978463295847
 31
0.0
  0
LINE
  5
D1
330
17
100
AcDbEntity
  8
PARKING_MARKINGS
100
AcDbLine
 10
101.80354690132663
 20
90.94053737912327
 30
0.0
 11
97.12349213694688
 21
93.82967001758516
 31
0.0
  0
LINE
  5
D2
330
17
100
AcDbEntity
  8
PARKING_MARKINGS
100
AcDbLine
 10
103.94197714369511
 20
89.62042276281863
 30
0.0
 11
99.26192237931537
 21
92.50955540128052
 31
0.0
  0
LINE
  5
D3
330
17
100
AcDbEntity
  8
PARKING_MARKINGS
100
AcDbLine
 10
106.0804073860636
 20
88.30030814744532
 30
0.0
 11
101.40035262168385
 21
91.18944078590721
 31
0.0
  0
LINE
  5
D4
330
17
100
AcDbEntity
  8
PARKING_MARKINGS
100
AcDbLine
 10
108.21883762837388
 20
86.98019353114069
 30
0.0
 11
103.53878286399413
 21
89.86932616960257
 31
0.0
  0
LINE
  5
D5
330
17
100
AcDbEntity
  8
PARKING_MARKINGS
100
AcDbLine
 10
110.35726787074236
 20
85.66007891576737
 30
0.0
 11
105.67721310636261
 21
88.54921155422926
 31
0.0
  0
LINE
  5
D6
330
17
100
AcDbEntity
  8
PARKING_MARKINGS
100
AcDbLine
 10
112.49569811305264
 20
84.33996429946274
 30
0.0
 11
107.8156433486729
 21
87.22909693792462
 31
0.0
  0
LINE
  5
D7
330
17
100
AcDbEntity
  8
PARKING_MARKINGS
100
AcDbLine
 10
114.63412835542113
 20
83.01984968408942
 30
0.0
 11
109.95407359104138
 21
85.90898232255131
 31
0.0
  0
LINE
  5
D8
330
17
100
AcDbEntity
  8
PARKING_MARKINGS
100
AcDbLine
 10
116.77255859778961
 20
81.69973506871611
 30
0.0
 11
112.09250383340986
 21
84.588867707178
 31
0.0
  0
LINE
  5
D9
330
17
100
AcDbEntity
  8
PARKING_MARKINGS
100
AcDbLine
 10
118.91098884009989
 20
80.37962045241147
 30
0.0
 11
114.23093407572014
 21
83.26875309087336
 31
0.0
  0
LINE
  5
DA
330
17
100
AcDbEntity
  8
PARKING_MARKINGS
100
AcDbLine
 10
121.04941908246838
 20
79.05950583703816
 30
0.0
 11
116.36936431808863
 21
81.94863847550005
 31
0.0
  0
LINE
  5
DB
330
17
100
AcDbEntity
  8
PARKING_MARKINGS
100
AcDbLine
 10
123.18784932477865
 20
77.73939122073352
 30
0.0
 11
118.5077945603989
 21
80.62852385919541
 31
0.0
  0
LINE
  5
DC
330
17
100
AcDbEntity
  8
PARKING_MARKINGS
100
AcDbLine
 10
125.32627956714714
 20
76.41927660536021
 30
0.0
 11
120.64622480276739
 21
79.3084092438221
 31
0.0
  0
LINE
  5
DD
330
17
100
AcDbEntity
  8
PARKING_MARKINGS
100
AcDbLine
 10
127.46470980951563
 20
75.09916198905557
 30
0.0
 11
122.78465504513588
 21
77.98829462751746
 31
0.0
  0
LINE
  5
DE
330
17
100
AcDbEntity
  8
PARKING_MARKINGS
100
AcDbLine
 10
129.6031400518259
 20
73.77904737368226
 30
0.0
 11
124.92308528744616
 21
76.66818001214415
 31
0.0
  0
LINE
  5
DF
330
17
100
AcDbEntity
  8
PARKING_MARKINGS
100
AcDbLine
 10
131.7415702941944
 20
72.45893275737762
 30
0.0
 11
127.06151552981464
 21
75.34806539583951
 31
0.0
  0
LINE
  5
E0
330
17
100
AcDbEntity
  8
PARKING_MARKINGS
100
AcDbLine
 10
133.88000053656287
 20
71.13881814200431
 30
0.0
 11
129.19994577218313
 21
74.0279507804662
 31
0.0
  0
LINE
  5
E1
330
17
100
AcDbEntity
  8
PARKING_MARKINGS
100
AcDbLine
 10
136.01843077887315
 20
69.818703526631
 30
0.0
 11
131.3383760144934
 21
72.70783616509289
 31
0.0
  0
LINE
  5
E2
330
17
100
AcDbEntity
  8
PARKING_MARKINGS
100
AcDbLine
 10
138.15686102124164
 20
68.49858891032636
 30
0.0
 11
133.4768062568619
 21
71.38772154878825
 31
0.0
  0
LINE
  5
E3
330
17
100
AcDbEntity
  8
PARKING_MARKINGS
100
AcDbLine
 10
140.29529126355192
 20
67.17847429495305
 30
0.0
 11
135.61523649917217
 21
70.06760693341494
 31
0.0
  0
LINE
  5
E4
330
17
100
AcDbEntity
  8
PARKING_MARKINGS
100
AcDbLine
 10
142.4337215059204
 20
65.85835967864841
 30
0.0
 11
137.75366674154066
 21
68.7474923171103
 31
0.0
  0
LINE
  5
E5
330
17
100
AcDbEntity
  8
PARKING_MARKINGS
100
AcDbLine
 10
144.5721517482889
 20
64.5382450632751
 30
0.0
 11
139.89209698390914
 21
67.42737770173699
 31
0.0
  0
LINE
  5
E6
330
17
100
AcDbEntity
  8
PARKING_MARKINGS
100
AcDbLine
 10
146.71058199059917
 20
63.21813044697046
 30
0.0
 11
142.03052722621942
 21
66.10726308543235
 31
0.0
  0
LINE
  5
E7
330
17
100
AcDbEntity
  8
PARKING_MARKINGS
100
AcDbLine
 10
148.84901223296765
 20
61.89801583159715
 30
0.0
 11
144.1689574685879
 21
64.78714847005904
 31
0.0
  0
LINE
  5
E8
330
17
100
AcDbEntity
  8
PARKING_MARKINGS
100
AcDbLine
 10
150.98744247533614
 20
60.57790121529251
 30
0.0
 11
146.3073877109564
 21
63.4670338537544
 31
0.0
  0
LINE
  5
E9
330
17
100
AcDbEntity
  8
PARKING_MARKINGS
100
AcDbLine
 10
153.12587271764642
 20
59.2577865999192
 30
0.0
 11
148.44581795326667
 21
62.14691923838109
 31
0.0
  0
LINE
  5
EA
330
17
100
AcDbEntity
  8
PARKING_MARKINGS
100
AcDbLine
 10
155.2643029600149
 20
57.93767198454589
 30
0.0
 11
150.58424819563515
 21
60.826804623007774
 31
0.0
  0
LINE
  5
EB
330
17
100
AcDbEntity
  8
PARKING_MARKINGS
100
AcDbLine
 10
157.40273320232518
 20
56.61755736824125
 30
0.0
 11
152.72267843794543
 21
59.50669000670314
 31
0.0
  0
LINE
  5
EC
330
17
100
AcDbEntity
  8
PARKING_MARKINGS
100
AcDbLine
 10
159.54116344469367
 20
55.29744275286794
 30
0.0
 11
154.86110868031392
 21
58.186575391329825
 31
0.0
  0
LINE
  5
ED
330
17
100
AcDbEntity
  8
PARKING_MARKINGS
100
AcDbLine
 10
161.67959368706215
 20
53.9773281365633
 30
0.0
 11
156.9995389226824
 21
56.86646077502519
 31
0.0
  0
LINE
  5
EE
330
17
100
AcDbEntity
  8
PARKING_MARKINGS
100
AcDbLine
 10
163.81802392937243
 20
52.65721352118999
 30
0.0
 11
159.13796916499268
 21
55.546346159651875
 31
0.0
  0
LINE
  5
EF
330
17
100
AcDbEntity
  8
PARKING_MARKINGS
100
AcDbLine
 10
165.95645417174092
 20
51.33709890488535
 30
0.0
 11
161.27639940736117
 21
54.22623154334724
 31
0.0
  0
LINE
  5
F0
330
17
100
AcDbEntity
  8
PARKING_MARKINGS
100
AcDbLine
 10
168.0948844141094
 20
50.01698428951204
 30
0.0
 11
163.41482964972965
 21
52.906116927973926
 31
0.0
  0
LINE
  5
F1
330
17
100
AcDbEntity
  8
PARKING_MARKINGS
100
AcDbLine
 10
170.23331465641968
 20
48.6968696732074
 30
0.0
 11
165.55325989203993
 21
51.58600231166929
 31
0.0
  0
LINE
  5
F2
330
17
100
AcDbEntity
  8
PARKING_MARKINGS
100
AcDbLine
 10
172.37174489878817
 20
47.37675505783409
 30
0.0
 11
167.69169013440842
 21
50.26588769629598
 31
0.0
  0
LINE
  5
F3
330
17
100
AcDbEntity
  8
PARKING_MARKINGS
100
AcDbLine
 10
174.51017514109844
 20
46.056640442460775
 30
0.0
 11
169.8301203767187
 21
48.94577308092266
 31
0.0
  0
LINE
  5
F4
330
17
100
AcDbEntity
  8
PARKING_MARKINGS
100
AcDbLine
 10
176.64860538346693
 20
44.73652582615614
 30
0.0
 11
171.96855061908718
 21
47.62565846461803
 31
0.0
  0
LINE
  5
F5
330
17
100
AcDbEntity
  8
PARKING_MARKINGS
100
AcDbLine
 10
178.78703562583541
 20
43.416411210782826
 30
0.0
 11
174.10698086145567
 21
46.305543849244714
 31
0.0
  0
LINE
  5
F6
330
17
100
AcDbEntity
  8
PARKING_MARKINGS
100
AcDbLine
 10
180.9254658681457
 20
42.09629659447819
 30
0.0
 11
176.24541110376595
 21
44.98542923294008
 31
0.0
  0
LINE
  5
F7
330
17
100
AcDbEntity
  8
PARKING_MARKINGS
100
AcDbLine
 10
183.06389611051418
 20
40.77618197910488
 30
0.0
 11
178.38384134613443
 21
43.665314617566764
 31
0.0
  0
LINE
  5
F8
330
17
100
AcDbEntity
  8
PARKING_MARKINGS
100
AcDbLine
 10
185.20232635288266
 20
39.45606736280024
 30
0.0
 11
180.52227158850292
 21
42.34520000126213
 31
0.0
  0
LINE
  5
F9
330
17
100
AcDbEntity
  8
PARKING_MARKINGS
100
AcDbLine
 10
187.34075659519294
 20
38.13595274742693
 30
0.0
 11
182.6607018308132
 21
41.025085385888815
 31
0.0
  0
LINE
  5
FA
330
17
100
AcDbEntity
  8
PARKING_MARKINGS
100
AcDbLine
 10
189.47918683756143
 20
36.81583813112229
 30
0.0
 11
184.79913207318168
 21
39.70497076958418
 31
0.0
  0
LINE
  5
FB
330
17
100
AcDbEntity
  8
PARKING_MARKINGS
100
AcDbLine
 10
191.6176170798717
 20
35.49572351574898
 30
0.0
 11
186.93756231549196
 21
38.384856154210865
 31
0.0
  0
LINE
  5
FC
330
17
100
AcDbEntity
  8
PARKING_MARKINGS
100
AcDbLine
 10
193.7560473222402
 20
34.175608900375664
 30
0.0
 11
189.07599255786045
 21
37.06474153883755
 31
0.0
  0
LINE
  5
FD
330
17
100
AcDbEntity
  8
PARKING_MARKINGS
100
AcDbLine
 10
195.89447756460868
 20
32.85549428407103
 30
0.0
 11
191.21442280022893
 21
35.744626922532916
 31
0.0
  0
LINE
  5
FE
330
17
100
AcDbEntity
  8
PARKING_MARKINGS
100
AcDbLine
 10
198.03290780691896
 20
31.535379668697715
 30
0.0
 11
193.3528530425392
 21
34.4245123071596
 31
0.0
  0
LINE
  5
FF
330
17
100
AcDbEntity
  8
PARKING_MARKINGS
100
AcDbLine
 10
200.17133804928744
 20
30.21526505239308
 30
0.0
 11
195.4912832849077
 21
33.10439769085497
 31
0.0
  0
LINE
  5
100
330
17
100
AcDbEntity
  8
PARKING_MARKINGS
100
AcDbLine
 10
202.30976829165593
 20
28.895150437019765
 30
0.0
 11
197.62971352727618
 21
31.784283075481653
 31
0.0
  0
LINE
  5
101
330
17
100
AcDbEntity
  8
PARKING_MARKINGS
100
AcDbLine
 10
204.4481985339662
 20
27.57503582071513
 30
0.0
 11
199.76814376958646
 21
30.464168459177017
 31
0.0
  0
LINE
  5
102
330
17
100
AcDbEntity
  8
PARKING_MARKINGS
100
AcDbLine
 10
206.5866287763347
 20
26.254921205341816
 30
0.0
 11
201.90657401195494
 21
29.144053843803704
 31
0.0
  0
LINE
  5
103
330
17
100
AcDbEntity
  8
PARKING_MARKINGS
100
AcDbLine
 10
208.72505901864497
 20
24.93480658903718
 30
0.0
 11
204.04500425426522
 21
27.823939227499068
 31
0.0
  0
LINE
  5
104
330
17
100
AcDbEntity
  8
LAMPS
100
AcDbLine
 10
206.2217542194412
 20
123.68616734445095
 30
0.0
 11
206.2217542194412
 21
123.68616734445095
 31
4.0
  0
CIRCLE
  5
105
330
17
100
AcDbEntity
  8
LAMPS
100
AcDbCircle
 10
206.2217542194412
 20
123.68616734445095
 30
4.0
 40
0.35
  0
LINE
  5
106
330
17
100
AcDbEntity
  8
LAMPS
100
AcDbLine
 10
212.39844406035263
 20
133.40918571408838
 30
0.0
 11
212.39844406035263
 21
133.40918571408838
 31
4.0
  0
CIRCLE
  5
107
330
17
100
AcDbEntity
  8
LAMPS
100
AcDbCircle
 10
212.39844406035263
 20
133.40918571408838
 30
4.0
 40
0.35
  0
LINE
  5
108
330
17
100
AcDbEntity
  8
LAMPS
100
AcDbLine
 10
115.89535616332432
 20
192.75434838142246
 30
0.0
 11
115.89535616332432
 21
192.75434838142246
 31
4.0
  0
CIRCLE
  5
109
330
17
100
AcDbEntity
  8
LAMPS
100
AcDbCircle
 10
115.89535616332432
 20
192.75434838142246
 30
4.0
 40
0.35
  0
LINE
  5
10A
330
17
100
AcDbEntity
  8
LAMPS
100
AcDbLine
 10
109.71851150074508
 20
183.02693873178214
 30
0.0
 11
109.71851150074508
 21
183.02693873178214
 31
4.0
  0
CIRCLE
  5
10B
330
17
100
AcDbEntity
  8
LAMPS
100
AcDbCircle
 10
109.71851150074508
 20
183.02693873178214
 30
4.0
 40
0.35
  0
LINE
  5
10C
330
17
100
AcDbEntity
  8
LAMPS
100
AcDbLine
 10
115.65111622516997
 20
146.33731068857014
 30
0.0
 11
115.65111622516997
 21
146.33731068857014
 31
4.0
  0
CIRCLE
  5
10D
330
17
100
AcDbEntity
  8
LAMPS
100
AcDbCircle
 10
115.65111622516997
 20
146.33731068857014
 30
4.0
 40
0.35
  0
LINE
  5
10E
330
17
100
AcDbEntity
  8
LAMPS
100
AcDbLine
 10
120.64178449625615
 20
143.18424066342413
 30
0.0
 11
120.64178449625615
 21
143.18424066342413
 31
4.0
  0
CIRCLE
  5
10F
330
17
100
AcDbEntity
  8
LAMPS
100
AcDbCircle
 10
120.64178449625615
 20
143.18424066342413
 30
4.0
 40
0.35
  0
LINE
  5
110
330
17
100
AcDbEntity
  8
LAMPS
100
AcDbLine
 10
203.2674693412264
 20
125.56292008701712
 30
0.0
 11
203.2674693412264
 21
125.56292008701712
 31
4.0
  0
CIRCLE
  5
111
330
17
100
AcDbEntity
  8
LAMPS
100
AcDbCircle
 10
203.2674693412264
 20
125.56292008701712
 30
4.0
 40
0.35
  0
LINE
  5
112
330
17
100
AcDbEntity
  8
LAMPS
100
AcDbLine
 10
209.4441591821378
 20
135.28593845665455
 30
0.0
 11
209.4441591821378
 21
135.28593845665455
 31
4.0
  0
CIRCLE
  5
113
330
17
100
AcDbEntity
  8
LAMPS
100
AcDbCircle
 10
209.4441591821378
 20
135.28593845665455
 30
4.0
 40
0.35
  0
LINE
  5
114
330
17
100
AcDbEntity
  8
LAMPS
100
AcDbLine
 10
118.85000321280677
 20
190.87816587090492
 30
0.0
 11
118.85000321280677
 21
190.87816587090492
 31
4.0
  0
CIRCLE
  5
115
330
17
100
AcDbEntity
  8
LAMPS
100
AcDbCircle
 10
118.85000321280677
 20
190.87816587090492
 30
4.0
 40
0.35
  0
LINE
  5
116
330
17
100
AcDbEntity
  8
LAMPS
100
AcDbLine
 10
112.67315855022753
 20
181.1507562212646
 30
0.0
 11
112.67315855022753
 21
181.1507562212646
 31
4.0
  0
CIRCLE
  5
117
330
17
100
AcDbEntity
  8
LAMPS
100
AcDbCircle
 10
112.67315855022753
 20
181.1507562212646
 30
4.0
 40
0.35
  0
LINE
  5
118
330
17
100
AcDbEntity
  8
LAMPS
100
AcDbLine
 10
117.52054475143086
 20
149.29623566009104
 30
0.0
 11
117.52054475143086
 21
149.29623566009104
 31
4.0
  0
CIRCLE
  5
119
330
17
100
AcDbEntity
  8
LAMPS
100
AcDbCircle
 10
117.52054475143086
 20
149.29623566009104
 30
4.0
 40
0.35
  0
LINE
  5
11A
330
17
100
AcDbEntity
  8
LAMPS
100
AcDbLine
 10
122.51121302251704
 20
146.14316563494503
 30
0.0
 11
122.51121302251704
 21
146.14316563494503
 31
4.0
  0
CIRCLE
  5
11B
330
17
100
AcDbEntity
  8
LAMPS
100
AcDbCircle
 10
122.51121302251704
 20
146.14316563494503
 30
4.0
 40
0.35
  0
LINE
  5
11C
330
17
100
AcDbEntity
  8
LAMPS
100
AcDbLine
 10
12.064323840430006
 20
129.29874871391803
 30
0.0
 11
12.064323840430006
 21
129.29874871391803
 31
4.0
  0
CIRCLE
  5
11D
330
17
100
AcDbEntity
  8
LAMPS
100
AcDbCircle
 10
12.064323840430006
 20
129.29874871391803
 30
4.0
 40
0.35
  0
LINE
  5
11E
330
17
100
AcDbEntity
  8
LAMPS
100
AcDbLine
 10
18.426543528039474
 20
139.6047954959795
 30
0.0
 11
18.426543528039474
 21
139.6047954959795
 31
4.0
  0
CIRCLE
  5
11F
330
17
100
AcDbEntity
  8
LAMPS
100
AcDbCircle
 10
18.426543528039474
 20
139.6047954959795
 30
4.0
 40
0.35
  0
LINE
  5
120
330
17
100
AcDbEntity
  8
LAMPS
100
AcDbLine
 10
28.443328859342728
 20
134.46511595323682
 30
0.0
 11
28.443328859342728
 21
134.46511595323682
 31
4.0
  0
CIRCLE
  5
121
330
17
100
AcDbEntity
  8
LAMPS
100
AcDbCircle
 10
28.443328859342728
 20
134.46511595323682
 30
4.0
 40
0.35
  0
LINE
  5
122
330
17
100
AcDbEntity
  8
LAMPS
100
AcDbLine
 10
38.74937564181164
 20
128.10289626568556
 30
0.0
 11
38.74937564181164
 21
128.10289626568556
 31
4.0
  0
CIRCLE
  5
123
330
17
100
AcDbEntity
  8
LAMPS
100
AcDbCircle
 10
38.74937564181164
 20
128.10289626568556
 30
4.0
 40
0.35
  0
LINE
  5
124
330
17
100
AcDbEntity
  8
LAMPS
100
AcDbLine
 10
49.05542242433876
 20
121.7406765781343
 30
0.0
 11
49.05542242433876
 21
121.7406765781343
 31
4.0
  0
CIRCLE
  5
125
330
17
100
AcDbEntity
  8
LAMPS
100
AcDbCircle
 10
49.05542242433876
 20
121.7406765781343
 30
4.0
 40
0.35
  0
LINE
  5
126
330
17
100
AcDbEntity
  8
LAMPS
100
AcDbLine
 10
59.36146920680767
 20
115.37845689058304
 30
0.0
 11
59.36146920680767
 21
115.37845689058304
 31
4.0
  0
CIRCLE
  5
127
330
17
100
AcDbEntity
  8
LAMPS
100
AcDbCircle
 10
59.36146920680767
 20
115.37845689058304
 30
4.0
 40
0.35
  0
LINE
  5
128
330
17
100
AcDbEntity
  8
LAMPS
100
AcDbLine
 10
69.66751598927658
 20
109.01623720303178
 30
0.0
 11
69.66751598927658
 21
109.01623720303178
 31
4.0
  0
CIRCLE
  5
129
330
17
100
AcDbEntity
  8
LAMPS
100
AcDbCircle
 10
69.66751598927658
 20
109.01623720303178
 30
4.0
 40
0.35
  0
LINE
  5
12A
330
17
100
AcDbEntity
  8
LAMPS
100
AcDbLine
 10
79.97356277174549
 20
102.65401751548052
 30
0.0
 11
79.97356277174549
 21
102.65401751548052
 31
4.0
  0
CIRCLE
  5
12B
330
17
100
AcDbEntity
  8
LAMPS
100
AcDbCircle
 10
79.97356277174549
 20
102.65401751548052
 30
4.0
 40
0.35
  0
LINE
  5
12C
330
17
100
AcDbEntity
  8
LAMPS
100
AcDbLine
 10
90.2796095542144
 20
96.29179782792926
 30
0.0
 11
90.2796095542144
 21
96.29179782792926
 31
4.0
  0
CIRCLE
  5
12D
330
17
100
AcDbEntity
  8
LAMPS
100
AcDbCircle
 10
90.2796095542144
 20
96.29179782792926
 30
4.0
 40
0.35
  0
LINE
  5
12E
330
17
100
AcDbEntity
  8
LAMPS
100
AcDbLine
 10
100.58565633668331
 20
89.929578140378
 30
0.0
 11
100.58565633668331
 21
89.929578140378
 31
4.0
  0
CIRCLE
  5
12F
330
17
100
AcDbEntity
  8
LAMPS
100
AcDbCircle
 10
100.58565633668331
 20
89.929578140378
 30
4.0
 40
0.35
  0
LINE
  5
130
330
17
100
AcDbEntity
  8
LAMPS
100
AcDbLine
 10
110.89170311915223
 20
83.56735845282674
 30
0.0
 11
110.89170311915223
 21
83.56735845282674
 31
4.0
  0
CIRCLE
  5
131
330
17
100
AcDbEntity
  8
LAMPS
100
AcDbCircle
 10
110.89170311915223
 20
83.56735845282674
 30
4.0
 40
0.35
  0
LINE
  5
132
330
17
100
AcDbEntity
  8
LAMPS
100
AcDbLine
 10
121.19774990162114
 20
77.20513876527548
 30
0.0
 11
121.19774990162114
 21
77.20513876527548
 31
4.0
  0
CIRCLE
  5
133
330
17
100
AcDbEntity
  8
LAMPS
100
AcDbCircle
 10
121.19774990162114
 20
77.20513876527548
 30
4.0
 40
0.35
  0
LINE
  5
134
330
17
100
AcDbEntity
  8
LAMPS
100
AcDbLine
 10
131.50379668409005
 20
70.84291907772422
 30
0.0
 11
131.50379668409005
 21
70.84291907772422
 31
4.0
  0
CIRCLE
  5
135
330
17
100
AcDbEntity
  8
LAMPS
100
AcDbCircle
 10
131.50379668409005
 20
70.84291907772422
 30
4.0
 40
0.35
  0
LINE
  5
136
330
17
100
AcDbEntity
  8
LAMPS
100
AcDbLine
 10
141.80984346655896
 20
64.48069939017296
 30
0.0
 11
141.80984346655896
 21
64.48069939017296
 31
4.0
  0
CIRCLE
  5
137
330
17
100
AcDbEntity
  8
LAMPS
100
AcDbCircle
 10
141.80984346655896
 20
64.48069939017296
 30
4.0
 40
0.35
  0
LINE
  5
138
330
17
100
AcDbEntity
  8
LAMPS
100
AcDbLine
 10
152.11589024902787
 20
58.1184797026217
 30
0.0
 11
152.11589024902787
 21
58.1184797026217
 31
4.0
  0
CIRCLE
  5
139
330
17
100
AcDbEntity
  8
LAMPS
100
AcDbCircle
 10
152.11589024902787
 20
58.1184797026217
 30
4.0
 40
0.35
  0
LINE
  5
13A
330
17
100
AcDbEntity
  8
LAMPS
100
AcDbLine
 10
162.42193703149678
 20
51.75626001507044
 30
0.0
 11
162.42193703149678
 21
51.75626001507044
 31
4.0
  0
CIRCLE
  5
13B
330
17
100
AcDbEntity
  8
LAMPS
100
AcDbCircle
 10
162.42193703149678
 20
51.75626001507044
 30
4.0
 40
0.35
  0
LINE
  5
13C
330
17
100
AcDbEntity
  8
LAMPS
100
AcDbLine
 10
172.7279838139657
 20
45.39404032751918
 30
0.0
 11
172.7279838139657
 21
45.39404032751918
 31
4.0
  0
CIRCLE
  5
13D
330
17
100
AcDbEntity
  8
LAMPS
100
AcDbCircle
 10
172.7279838139657
 20
45.39404032751918
 30
4.0
 40
0.35
  0
LINE
  5
13E
330
17
100
AcDbEntity
  8
LAMPS
100
AcDbLine
 10
183.0340305964346
 20
39.03182063996792
 30
0.0
 11
183.0340305964346
 21
39.03182063996792
 31
4.0
  0
CIRCLE
  5
13F
330
17
100
AcDbEntity
  8
LAMPS
100
AcDbCircle
 10
183.0340305964346
 20
39.03182063996792
 30
4.0
 40
0.35
  0
LINE
  5
140
330
17
100
AcDbEntity
  8
LAMPS
100
AcDbLine
 10
193.34007737890352
 20
32.66960095241666
 30
0.0
 11
193.34007737890352
 21
32.66960095241666
 31
4.0
  0
CIRCLE
  5
141
330
17
100
AcDbEntity
  8
LAMPS
100
AcDbCircle
 10
193.34007737890352
 20
32.66960095241666
 30
4.0
 40
0.35
  0
LINE
  5
142
330
17
100
AcDbEntity
  8
LAMPS
100
AcDbLine
 10
203.64612416137243
 20
26.3073812648654
 30
0.0
 11
203.64612416137243
 21
26.3073812648654
 31
4.0
  0
CIRCLE
  5
143
330
17
100
AcDbEntity
  8
LAMPS
100
AcDbCircle
 10
203.64612416137243
 20
26.3073812648654
 30
4.0
 40
0.35
  0
LINE
  5
144
330
17
100
AcDbEntity
  8
LAMPS
100
AcDbLine
 10
205.61803770880215
 20
17.97324803005904
 30
0.0
 11
205.61803770880215
 21
17.97324803005904
 31
4.0
  0
CIRCLE
  5
145
330
17
100
AcDbEntity
  8
LAMPS
100
AcDbCircle
 10
205.61803770880215
 20
17.97324803005904
 30
4.0
 40
0.35
  0
LINE
  5
146
330
17
100
AcDbEntity
  8
LAMPS
100
AcDbLine
 10
197.57316592492862
 20
14.77879433799535
 30
0.0
 11
197.57316592492862
 21
14.77879433799535
 31
4.0
  0
CIRCLE
  5
147
330
17
100
AcDbEntity
  8
LAMPS
100
AcDbCircle
 10
197.57316592492862
 20
14.77879433799535
 30
4.0
 40
0.35
  0
LINE
  5
148
330
17
100
AcDbEntity
  8
LAMPS
100
AcDbLine
 10
187.2671191424597
 20
21.14101402554661
 30
0.0
 11
187.2671191424597
 21
21.14101402554661
 31
4.0
  0
CIRCLE
  5
149
330
17
100
AcDbEntity
  8
LAMPS
100
AcDbCircle
 10
187.2671191424597
 20
21.14101402554661
 30
4.0
 40
0.35
  0
LINE
  5
14A
330
17
100
AcDbEntity
  8
LAMPS
100
AcDbLine
 10
176.9610723599908
 20
27.50323371309787
 30
0.0
 11
176.9610723599908
 21
27.50323371309787
 31
4.0
  0
CIRCLE
  5
14B
330
17
100
AcDbEntity
  8
LAMPS
100
AcDbCircle
 10
176.9610723599908
 20
27.50323371309787
 30
4.0
 40
0.35
  0
LINE
  5
14C
330
17
100
AcDbEntity
  8
LAMPS
100
AcDbLine
 10
166.65502557752188
 20
33.86545340064913
 30
0.0
 11
166.65502557752188
 21
33.86545340064913
 31
4.0
  0
CIRCLE
  5
14D
330
17
100
AcDbEntity
  8
LAMPS
100
AcDbCircle
 10
166.65502557752188
 20
33.86545340064913
 30
4.0
 40
0.35
  0
LINE
  5
14E
330
17
100
AcDbEntity
  8
LAMPS
100
AcDbLine
 10
156.34897879505297
 20
40.22767308820039
 30
0.0
 11
156.34897879505297
 21
40.22767308820039
 31
4.0
  0
CIRCLE
  5
14F
330
17
100
AcDbEntity
  8
LAMPS
100
AcDbCircle
 10
156.34897879505297
 20
40.22767308820039
 30
4.0
 40
0.35
  0
LINE
  5
150
330
17
100
AcDbEntity
  8
LAMPS
100
AcDbLine
 10
146.04293201258406
 20
46.58989277575165
 30
0.0
 11
146.04293201258406
 21
46.58989277575165
 31
4.0
  0
CIRCLE
  5
151
330
17
100
AcDbEntity
  8
LAMPS
100
AcDbCircle
 10
146.04293201258406
 20
46.58989277575165
 30
4.0
 40
0.35
  0
LINE
  5
152
330
17
100
AcDbEntity
  8
LAMPS
100
AcDbLine
 10
135.73688523011515
 20
52.95211246330291
 30
0.0
 11
135.73688523011515
 21
52.95211246330291
 31
4.0
  0
CIRCLE
  5
153
330
17
100
AcDbEntity
  8
LAMPS
100
AcDbCircle
 10
135.73688523011515
 20
52.95211246330291
 30
4.0
 40
0.35
  0
LINE
  5
154
330
17
100
AcDbEntity
  8
LAMPS
100
AcDbLine
 10
125.43083844764624
 20
59.31433215085417
 30
0.0
 11
125.43083844764624
 21
59.31433215085417
 31
4.0
  0
CIRCLE
  5
155
330
17
100
AcDbEntity
  8
LAMPS
100
AcDbCircle
 10
125.43083844764624
 20
59.31433215085417
 30
4.0
 40
0.35
  0
LINE
  5
156
330
17
100
AcDbEntity
  8
LAMPS
100
AcDbLine
 10
115.12479166517733
 20
65.67655183840543
 30
0.0
 11
115.12479166517733
 21
65.67655183840543
 31
4.0
  0
CIRCLE
  5
157
330
17
100
AcDbEntity
  8
LAMPS
100
AcDbCircle
 10
115.12479166517733
 20
65.67655183840543
 30
4.0
 40
0.35
  0
LINE
  5
158
330
17
100
AcDbEntity
  8
LAMPS
100
AcDbLine
 10
104.81874488270842
 20
72.03877152595669
 30
0.0
 11
104.81874488270842
 21
72.03877152595669
 31
4.0
  0
CIRCLE
  5
159
330
17
100
AcDbEntity
  8
LAMPS
100
AcDbCircle
 10
104.81874488270842
 20
72.03877152595669
 30
4.0
 40
0.35
  0
LINE
  5
15A
330
17
100
AcDbEntity
  8
LAMPS
100
AcDbLine
 10
94.5126981002395
 20
78.40099121350795
 30
0.0
 11
94.5126981002395
 21
78.40099121350795
 31
4.0
  0
CIRCLE
  5
15B
330
17
100
AcDbEntity
  8
LAMPS
100
AcDbCircle
 10
94.5126981002395
 20
78.40099121350795
 30
4.0
 40
0.35
  0
LINE
  5
15C
330
17
100
AcDbEntity
  8
LAMPS
100
AcDbLine
 10
84.20665131771239
 20
84.76321090105921
 30
0.0
 11
84.20665131771239
 21
84.76321090105921
 31
4.0
  0
CIRCLE
  5
15D
330
17
100
AcDbEntity
  8
LAMPS
100
AcDbCircle
 10
84.20665131771239
 20
84.76321090105921
 30
4.0
 40
0.35
  0
LINE
  5
15E
330
17
100
AcDbEntity
  8
LAMPS
100
AcDbLine
 10
73.90060453524347
 20
91.12543058861047
 30
0.0
 11
73.90060453524347
 21
91.12543058861047
 31
4.0
  0
CIRCLE
  5
15F
330
17
100
AcDbEntity
  8
LAMPS
100
AcDbCircle
 10
73.90060453524347
 20
91.12543058861047
 30
4.0
 40
0.35
  0
LINE
  5
160
330
17
100
AcDbEntity
  8
LAMPS
100
AcDbLine
 10
63.59455775277456
 20
97.48765027616173
 30
0.0
 11
63.59455775277456
 21
97.48765027616173
 31
4.0
  0
CIRCLE
  5
161
330
17
100
AcDbEntity
  8
LAMPS
100
AcDbCircle
 10
63.59455775277456
 20
97.48765027616173
 30
4.0
 40
0.35
  0
LINE
  5
162
330
17
100
AcDbEntity
  8
LAMPS
100
AcDbLine
 10
53.28851097030565
 20
103.84986996371299
 30
0.0
 11
53.28851097030565
 21
103.84986996371299
 31
4.0
  0
CIRCLE
  5
163
330
17
100
AcDbEntity
  8
LAMPS
100
AcDbCircle
 10
53.28851097030565
 20
103.84986996371299
 30
4.0
 40
0.35
  0
LINE
  5
164
330
17
100
AcDbEntity
  8
LAMPS
100
AcDbLine
 10
42.98246418783674
 20
110.21208965126425
 30
0.0
 11
42.98246418783674
 21
110.21208965126425
 31
4.0
  0
CIRCLE
  5
165
330
17
100
AcDbEntity
  8
LAMPS
100
AcDbCircle
 10
42.98246418783674
 20
110.21208965126425
 30
4.0
 40
0.35
  0
LINE
  5
166
330
17
100
AcDbEntity
  8
LAMPS
100
AcDbLine
 10
32.67641740536783
 20
116.57430933881551
 30
0.0
 11
32.67641740536783
 21
116.57430933881551
 31
4.0
  0
CIRCLE
  5
167
330
17
100
AcDbEntity
  8
LAMPS
100
AcDbCircle
 10
32.67641740536783
 20
116.57430933881551
 30
4.0
 40
0.35
  0
LINE
  5
168
330
17
100
AcDbEntity
  8
LAMPS
100
AcDbLine
 10
22.370370622898918
 20
122.93652902636677
 30
0.0
 11
22.370370622898918
 21
122.93652902636677
 31
4.0
  0
CIRCLE
  5
169
330
17
100
AcDbEntity
  8
LAMPS
100
AcDbCircle
 10
22.370370622898918
 20
122.93652902636677
 30
4.0
 40
0.35
  0
LINE
  5
16A
330
17
100
AcDbEntity
  8
LAMPS
100
AcDbLine
 10
12.064323840430006
 20
129.29874871391803
 30
0.0
 11
12.064323840430006
 21
129.29874871391803
 31
4.0
  0
CIRCLE
  5
16B
330
17
100
AcDbEntity
  8
LAMPS
100
AcDbCircle
 10
12.064323840430006
 20
129.29874871391803
 30
4.0
 40
0.35
  0
LINE
  5
16C
330
17
100
AcDbEntity
  8
WATER_SUPPLY_B1
 62
5
100
AcDbLine
 10
203.0577457707841
 20
16.68140481505543
 30
-1.6
 11
280.1985233752057
 21
141.64038169011474
 31
-1.6
  0
POLYLINE
  5
16D
330
17
100
AcDbEntity
  8
WATER_SUPPLY_B1
 62
5
100
AcDb3dPolyline
 66
1
 10
0.0
 20
0.0
 30
0.0
 70
8
  0
VERTEX
  5
16F
330
17
100
AcDbEntity
  8
WATER_SUPPLY_B1
100
AcDbVertex
100
AcDb3dPolylineVertex
 10
262.257861456892
 20
112.57862178329378
 30
-1.6
 70
32
  0
VERTEX
  5
170
330
17
100
AcDbEntity
  8
WATER_SUPPLY_B1
100
AcDbVertex
100
AcDb3dPolylineVertex
 10
230.77385680389125
 20
132.0146051896736
 30
-1.6
 70
32
  0
VERTEX
  5
171
330
17
100
AcDbEntity
  8
WATER_SUPPLY_B1
100
AcDbVertex
100
AcDb3dPolylineVertex
 10
230.77385680389125
 20
132.0146051896736
 30
-0.3
 70
32
  0
SEQEND
  5
16E
330
16D
100
AcDbEntity
  8
WATER_SUPPLY_B1
  0
POLYLINE
  5
172
330
17
100
AcDbEntity
  8
WATER_SUPPLY_B1
 62
5
100
AcDb3dPolyline
 66
1
 10
0.0
 20
0.0
 30
0.0
 70
8
  0
VERTEX
  5
174
330
17
100
AcDbEntity
  8
WATER_SUPPLY_B1
100
AcDbVertex
100
AcDb3dPolylineVertex
 10
262.2577355057001
 20
112.57841775752604
 30
-1.6
 70
32
  0
VERTEX
  5
175
330
17
100
AcDbEntity
  8
WATER_SUPPLY_B1
100
AcDbVertex
100
AcDb3dPolylineVertex
 10
119.26171235332731
 20
200.85398383624852
 30
-1.6
 70
32
  0
VERTEX
  5
176
330
17
100
AcDbEntity
  8
WATER_SUPPLY_B1
100
AcDbVertex
100
AcDb3dPolylineVertex
 10
119.26171235332731
 20
200.85398383624852
 30
-0.3
 70
32
  0
SEQEND
  5
173
330
172
100
AcDbEntity
  8
WATER_SUPPLY_B1
  0
POLYLINE
  5
177
330
17
100
AcDbEntity
  8
WATER_SUPPLY_B1
 62
5
100
AcDb3dPolyline
 66
1
 10
0.0
 20
0.0
 30
0.0
 70
8
  0
VERTEX
  5
179
330
17
100
AcDbEntity
  8
WATER_SUPPLY_B1
100
AcDbVertex
100
AcDb3dPolylineVertex
 10
236.04893027280923
 20
70.12323920242488
 30
-1.6
 70
32
  0
VERTEX
  5
17A
330
17
100
AcDbEntity
  8
WATER_SUPPLY_B1
100
AcDbVertex
100
AcDb3dPolylineVertex
 10
123.58360204548808
 20
139.55132744368166
 30
-1.6
 70
32
  0
VERTEX
  5
17B
330
17
100
AcDbEntity
  8
WATER_SUPPLY_B1
100
AcDbVertex
100
AcDb3dPolylineVertex
 10
123.58360204548808
 20
139.55132744368166
 30
-0.3
 70
32
  0
SEQEND
  5
178
330
177
100
AcDbEntity
  8
WATER_SUPPLY_B1
  0
LINE
  5
17C
330
17
100
AcDbEntity
  8
SEWER_K1
 62
30
100
AcDbLine
 10
201.7813672037446
 20
17.469350088387728
 30
-2.2
 11
278.9221448081662
 21
142.42832696344703
 31
-2.2
  0
POLYLINE
  5
17D
330
17
100
AcDbEntity
  8
SEWER_K1
 62
30
100
AcDb3dPolyline
 66
1
 10
0.0
 20
0.0
 30
0.0
 70
8
  0
VERTEX
  5
17F
330
17
100
AcDbEntity
  8
SEWER_K1
100
AcDbVertex
100
AcDb3dPolylineVertex
 10
260.9814828898525
 20
113.36656705662608
 30
-2.2
 70
32
  0
VERTEX
  5
180
330
17
100
AcDbEntity
  8
SEWER_K1
100
AcDbVertex
100
AcDb3dPolylineVertex
 10
230.77385680389125
 20
132.0146051896736
 30
-2.2
 70
32
  0
VERTEX
  5
181
330
17
100
AcDbEntity
  8
SEWER_K1
100
AcDbVertex
100
AcDb3dPolylineVertex
 10
230.77385680389125
 20
132.0146051896736
 30
-0.3
 70
32
  0
SEQEND
  5
17E
330
17D
100
AcDbEntity
  8
SEWER_K1
  0
POLYLINE
  5
182
330
17
100
AcDbEntity
  8
SEWER_K1
 62
30
100
AcDb3dPolyline
 66
1
 10
0.0
 20
0.0
 30
0.0
 70
8
  0
VERTEX
  5
184
330
17
100
AcDbEntity
  8
SEWER_K1
100
AcDbVertex
100
AcDb3dPolylineVertex
 10
260.9813569386606
 20
113.36636302992702
 30
-2.2
 70
32
  0
VERTEX
  5
185
330
17
100
AcDbEntity
  8
SEWER_K1
100
AcDbVertex
100
AcDb3dPolylineVertex
 10
119.26171235332731
 20
200.85398383624852
 30
-2.2
 70
32
  0
VERTEX
  5
186
330
17
100
AcDbEntity
  8
SEWER_K1
100
AcDbVertex
100
AcDb3dPolylineVertex
 10
119.26171235332731
 20
200.85398383624852
 30
-0.3
 70
32
  0
SEQEND
  5
183
330
182
100
AcDbEntity
  8
SEWER_K1
  0
POLYLINE
  5
187
330
17
100
AcDbEntity
  8
SEWER_K1
 62
30
100
AcDb3dPolyline
 66
1
 10
0.0
 20
0.0
 30
0.0
 70
8
  0
VERTEX
  5
189
330
17
100
AcDbEntity
  8
SEWER_K1
100
AcDbVertex
100
AcDb3dPolylineVertex
 10
234.77255170571152
 20
70.91118447575718
 30
-2.2
 70
32
  0
VERTEX
  5
18A
330
17
100
AcDbEntity
  8
SEWER_K1
100
AcDbVertex
100
AcDb3dPolylineVertex
 10
123.58360204548808
 20
139.55132744368166
 30
-2.2
 70
32
  0
VERTEX
  5
18B
330
17
100
AcDbEntity
  8
SEWER_K1
100
AcDbVertex
100
AcDb3dPolylineVertex
 10
123.58360204548808
 20
139.55132744368166
 30
-0.3
 70
32
  0
SEQEND
  5
188
330
187
100
AcDbEntity
  8
SEWER_K1
  0
LINE
  5
18C
330
17
100
AcDbEntity
  8
HEATING_T1
 62
1
100
AcDbLine
 10
200.5049886367633
 20
18.257295361720026
 30
-1.3
 11
277.6457662411849
 21
143.21627223677933
 31
-1.3
  0
POLYLINE
  5
18D
330
17
100
AcDbEntity
  8
HEATING_T1
 62
1
100
AcDb3dPolyline
 66
1
 10
0.0
 20
0.0
 30
0.0
 70
8
  0
VERTEX
  5
18F
330
17
100
AcDbEntity
  8
HEATING_T1
100
AcDbVertex
100
AcDb3dPolylineVertex
 10
259.705104322813
 20
114.15451232995838
 30
-1.3
 70
32
  0
VERTEX
  5
190
330
17
100
AcDbEntity
  8
HEATING_T1
100
AcDbVertex
100
AcDb3dPolylineVertex
 10
230.77385680389125
 20
132.0146051896736
 30
-1.3
 70
32
  0
VERTEX
  5
191
330
17
100
AcDbEntity
  8
HEATING_T1
100
AcDbVertex
100
AcDb3dPolylineVertex
 10
230.77385680389125
 20
132.0146051896736
 30
-0.3
 70
32
  0
SEQEND
  5
18E
330
18D
100
AcDbEntity
  8
HEATING_T1
  0
POLYLINE
  5
192
330
17
100
AcDbEntity
  8
HEATING_T1
 62
1
100
AcDb3dPolyline
 66
1
 10
0.0
 20
0.0
 30
0.0
 70
8
  0
VERTEX
  5
194
330
17
100
AcDbEntity
  8
HEATING_T1
100
AcDbVertex
100
AcDb3dPolylineVertex
 10
259.7049783716211
 20
114.15430830325931
 30
-1.3
 70
32
  0
VERTEX
  5
195
330
17
100
AcDbEntity
  8
HEATING_T1
100
AcDbVertex
100
AcDb3dPolylineVertex
 10
119.26171235332731
 20
200.85398383624852
 30
-1.3
 70
32
  0
VERTEX
  5
196
330
17
100
AcDbEntity
  8
HEATING_T1
100
AcDbVertex
100
AcDb3dPolylineVertex
 10
119.26171235332731
 20
200.85398383624852
 30
-0.3
 70
32
  0
SEQEND
  5
193
330
192
100
AcDbEntity
  8
HEATING_T1
  0
POLYLINE
  5
197
330
17
100
AcDbEntity
  8
HEATING_T1
 62
1
100
AcDb3dPolyline
 66
1
 10
0.0
 20
0.0
 30
0.0
 70
8
  0
VERTEX
  5
199
330
17
100
AcDbEntity
  8
HEATING_T1
100
AcDbVertex
100
AcDb3dPolylineVertex
 10
233.49617313867202
 20
71.69912974908948
 30
-1.3
 70
32
  0
VERTEX
  5
19A
330
17
100
AcDbEntity
  8
HEATING_T1
100
AcDbVertex
100
AcDb3dPolylineVertex
 10
123.58360204548808
 20
139.55132744368166
 30
-1.3
 70
32
  0
VERTEX
  5
19B
330
17
100
AcDbEntity
  8
HEATING_T1
100
AcDbVertex
100
AcDb3dPolylineVertex
 10
123.58360204548808
 20
139.55132744368166
 30
-0.3
 70
32
  0
SEQEND
  5
198
330
197
100
AcDbEntity
  8
HEATING_T1
  0
LINE
  5
19C
330
17
100
AcDbEntity
  8
POWER_CABLE
 62
253
100
AcDbLine
 10
199.2286100697238
 20
19.045240635052323
 30
-0.7
 11
276.3693876741454
 21
144.00421751011163
 31
-0.7
  0
POLYLINE
  5
19D
330
17
100
AcDbEntity
  8
POWER_CABLE
 62
253
100
AcDb3dPolyline
 66
1
 10
0.0
 20
0.0
 30
0.0
 70
8
  0
VERTEX
  5
19F
330
17
100
AcDbEntity
  8
POWER_CABLE
100
AcDbVertex
100
AcDb3dPolylineVertex
 10
258.4287257557153
 20
114.94245760329068
 30
-0.7
 70
32
  0
VERTEX
  5
1A0
330
17
100
AcDbEntity
  8
POWER_CABLE
100
AcDbVertex
100
AcDb3dPolylineVertex
 10
230.77385680389125
 20
132.0146051896736
 30
-0.7
 70
32
  0
VERTEX
  5
1A1
330
17
100
AcDbEntity
  8
POWER_CABLE
100
AcDbVertex
100
AcDb3dPolylineVertex
 10
230.77385680389125
 20
132.0146051896736
 30
-0.3
 70
32
  0
SEQEND
  5
19E
330
19D
100
AcDbEntity
  8
POWER_CABLE
  0
POLYLINE
  5
1A2
330
17
100
AcDbEntity
  8
POWER_CABLE
 62
253
100
AcDb3dPolyline
 66
1
 10
0.0
 20
0.0
 30
0.0
 70
8
  0
VERTEX
  5
1A4
330
17
100
AcDbEntity
  8
POWER_CABLE
100
AcDbVertex
100
AcDb3dPolylineVertex
 10
258.4285998045234
 20
114.94225357659161
 30
-0.7
 70
32
  0
VERTEX
  5
1A5
330
17
100
AcDbEntity
  8
POWER_CABLE
100
AcDbVertex
100
AcDb3dPolylineVertex
 10
119.26171235332731
 20
200.85398383624852
 30
-0.7
 70
32
  0
VERTEX
  5
1A6
330
17
100
AcDbEntity
  8
POWER_CABLE
100
AcDbVertex
100
AcDb3dPolylineVertex
 10
119.26171235332731
 20
200.85398383624852
 30
-0.3
 70
32
  0
SEQEND
  5
1A3
330
1A2
100
AcDbEntity
  8
POWER_CABLE
  0
POLYLINE
  5
1A7
330
17
100
AcDbEntity
  8
POWER_CABLE
 62
253
100
AcDb3dPolyline
 66
1
 10
0.0
 20
0.0
 30
0.0
 70
8
  0
VERTEX
  5
1A9
330
17
100
AcDbEntity
  8
POWER_CABLE
100
AcDbVertex
100
AcDb3dPolylineVertex
 10
232.2197945715743
 20
72.48707502242178
 30
-0.7
 70
32
  0
VERTEX
  5
1AA
330
17
100
AcDbEntity
  8
POWER_CABLE
100
AcDbVertex
100
AcDb3dPolylineVertex
 10
123.58360204548808
 20
139.55132744368166
 30
-0.7
 70
32
  0
VERTEX
  5
1AB
330
17
100
AcDbEntity
  8
POWER_CABLE
100
AcDbVertex
100
AcDb3dPolylineVertex
 10
123.58360204548808
 20
139.55132744368166
 30
-0.3
 70
32
  0
SEQEND
  5
1A8
330
1A7
100
AcDbEntity
  8
POWER_CABLE
  0
LINE
  5
1AC
330
17
100
AcDbEntity
  8
GAS_PIPE
 62
2
100
AcDbLine
 10
197.9522315026843
 20
19.8331859074533
 30
0.6
 11
275.0930091071059
 21
144.7921627825126
 31
0.6
  0
POLYLINE
  5
1AD
330
17
100
AcDbEntity
  8
GAS_PIPE
 62
2
100
AcDb3dPolyline
 66
1
 10
0.0
 20
0.0
 30
0.0
 70
8
  0
VERTEX
  5
1AF
330
17
100
AcDbEntity
  8
GAS_PIPE
100
AcDbVertex
100
AcDb3dPolylineVertex
 10
257.15234718908323
 20
115.73040287569165
 30
0.6
 70
32
  0
VERTEX
  5
1B0
330
17
100
AcDbEntity
  8
GAS_PIPE
100
AcDbVertex
100
AcDb3dPolylineVertex
 10
230.77385680389125
 20
132.0146051896736
 30
0.6
 70
32
  0
VERTEX
  5
1B1
330
17
100
AcDbEntity
  8
GAS_PIPE
100
AcDbVertex
100
AcDb3dPolylineVertex
 10
230.77385680389125
 20
132.0146051896736
 30
26.0
 70
32
  0
SEQEND
  5
1AE
330
1AD
100
AcDbEntity
  8
GAS_PIPE
  0
POLYLINE
  5
1B2
330
17
100
AcDbEntity
  8
GAS_PIPE
 62
2
100
AcDb3dPolyline
 66
1
 10
0.0
 20
0.0
 30
0.0
 70
8
  0
VERTEX
  5
1B4
330
17
100
AcDbEntity
  8
GAS_PIPE
100
AcDbVertex
100
AcDb3dPolylineVertex
 10
257.15222123789135
 20
115.73019884992391
 30
0.6
 70
32
  0
VERTEX
  5
1B5
330
17
100
AcDbEntity
  8
GAS_PIPE
100
AcDbVertex
100
AcDb3dPolylineVertex
 10
119.26171235332731
 20
200.85398383624852
 30
0.6
 70
32
  0
VERTEX
  5
1B6
330
17
100
AcDbEntity
  8
GAS_PIPE
100
AcDbVertex
100
AcDb3dPolylineVertex
 10
119.26171235332731
 20
200.85398383624852
 30
26.0
 70
32
  0
SEQEND
  5
1B3
330
1B2
100
AcDbEntity
  8
GAS_PIPE
  0
POLYLINE
  5
1B7
330
17
100
AcDbEntity
  8
GAS_PIPE
 62
2
100
AcDb3dPolyline
 66
1
 10
0.0
 20
0.0
 30
0.0
 70
8
  0
VERTEX
  5
1B9
330
17
100
AcDbEntity
  8
GAS_PIPE
100
AcDbVertex
100
AcDb3dPolylineVertex
 10
230.94341600494226
 20
73.27502029575408
 30
0.6
 70
32
  0
VERTEX
  5
1BA
330
17
100
AcDbEntity
  8
GAS_PIPE
100
AcDbVertex
100
AcDb3dPolylineVertex
 10
123.58360204548808
 20
139.55132744368166
 30
0.6
 70
32
  0
VERTEX
  5
1BB
330
17
100
AcDbEntity
  8
GAS_PIPE
100
AcDbVertex
100
AcDb3dPolylineVertex
 10
123.58360204548808
 20
139.55132744368166
 30
26.0
 70
32
  0
SEQEND
  5
1B8
330
1B7
100
AcDbEntity
  8
GAS_PIPE
  0
LWPOLYLINE
  5
1BC
330
17
100
AcDbEntity
  8
BUILDINGS_FOOTPRINT
100
AcDbPolyline
 90
5
 70
1
 10
202.85535892943153
 20
115.58958096336573
 10
218.2970835317392
 20
139.89712688699365
 10
230.77385680389125
 20
132.0146051896736
 10
215.33194838120835
 20
107.69588788505644
 10
202.85535892943153
 20
115.58958096336573
  0
MESH
  5
1BD
330
17
100
AcDbEntity
  8
BUILDINGS_3D
100
AcDbSubDMesh
 71
2
 72
0
 91
0
 92
8
 10
202.85535892943153
 20
115.58958096336573
 30
0.0
 10
218.2970835317392
 20
139.89712688699365
 30
0.0
 10
230.77385680389125
 20
132.0146051896736
 30
0.0
 10
215.33194838120835
 20
107.69588788505644
 30
0.0
 10
202.85535892943153
 20
115.58958096336573
 30
27.0
 10
218.2970835317392
 20
139.89712688699365
 30
27.0
 10
230.77385680389125
 20
132.0146051896736
 30
27.0
 10
215.33194838120835
 20
107.69588788505644
 30
27.0
 93
30
 90
4
 90
0
 90
1
 90
2
 90
3
 90
4
 90
7
 90
6
 90
5
 90
4
 90
4
 90
0
 90
1
 90
5
 90
4
 90
4
 90
1
 90
2
 90
6
 90
5
 90
4
 90
2
 90
3
 90
7
 90
6
 90
4
 90
3
 90
0
 90
4
 90
7
 94
0
 95
0
 90
0
  0
3DFACE
  5
1BE
330
17
100
AcDbEntity
  8
WINDOWS
100
AcDbFace
 10
204.78093722481088
 20
118.71397061028864
 30
1.0
 11
205.4780168150503
 21
119.81127642220784
 31
1.0
 12
205.4780168150503
 22
119.81127642220784
 32
2.4
 13
204.78093722481088
 23
118.71397061028864
 33
2.4
  0
3DFACE
  5
1BF
330
17
100
AcDbEntity
  8
WINDOWS
100
AcDbFace
 10
210.18547736577645
 20
127.22151177269083
 30
1.0
 11
210.88255695601586
 21
128.31881758461003
 31
1.0
 12
210.88255695601586
 22
128.31881758461003
 32
2.4
 13
210.18547736577645
 23
127.22151177269083
 33
2.4
  0
3DFACE
  5
1C0
330
17
100
AcDbEntity
  8
WINDOWS
100
AcDbFace
 10
215.59001750674202
 20
135.72905293509302
 30
1.0
 11
216.28709709698143
 21
136.82635874701225
 31
1.0
 12
216.28709709698143
 22
136.82635874701225
 32
2.4
 13
215.59001750674202
 23
135.72905293509302
 33
2.4
  0
3DFACE
  5
1C1
330
17
100
AcDbEntity
  8
WINDOWS
100
AcDbFace
 10
204.78093722481088
 20
118.71397061028864
 30
4.0
 11
205.4780168150503
 21
119.81127642220784
 31
4.0
 12
205.4780168150503
 22
119.81127642220784
 32
5.4
 13
204.78093722481088
 23
118.71397061028864
 33
5.4
  0
3DFACE
  5
1C2
330
17
100
AcDbEntity
  8
WINDOWS
100
AcDbFace
 10
207.48320729529365
 20
122.96774119148974
 30
4.0
 11
208.18028688553306
 21
124.06504700340894
 31
4.0
 12
208.18028688553306
 22
124.06504700340894
 32
5.4
 13
207.48320729529365
 23
122.96774119148974
 33
5.4
  0
3DFACE
  5
1C3
330
17
100
AcDbEntity
  8
WINDOWS
100
AcDbFace
 10
210.18547736577645
 20
127.22151177269083
 30
4.0
 11
210.88255695601586
 21
128.31881758461003
 31
4.0
 12
210.88255695601586
 22
128.31881758461003
 32
5.4
 13
210.18547736577645
 23
127.22151177269083
 33
5.4
  0
3DFACE
  5
1C4
330
17
100
AcDbEntity
  8
WINDOWS
100
AcDbFace
 10
212.88774743625925
 20
131.47528235389194
 30
4.0
 11
213.58482702649866
 21
132.57258816581117
 31
4.0
 12
213.58482702649866
 22
132.57258816581117
 32
5.4
 13
212.88774743625925
 23
131.47528235389194
 33
5.4
  0
3DFACE
  5
1C5
330
17
100
AcDbEntity
  8
WINDOWS
100
AcDbFace
 10
215.59001750674202
 20
135.72905293509302
 30
4.0
 11
216.28709709698143
 21
136.82635874701225
 31
4.0
 12
216.28709709698143
 22
136.82635874701225
 32
5.4
 13
215.59001750674202
 23
135.72905293509302
 33
5.4
  0
3DFACE
  5
1C6
330
17
100
AcDbEntity
  8
WINDOWS
100
AcDbFace
 10
204.78093722481088
 20
118.71397061028864
 30
7.0
 11
205.4780168150503
 21
119.81127642220784
 31
7.0
 12
205.4780168150503
 22
119.81127642220784
 32
8.4
 13
204.78093722481088
 23
118.71397061028864
 33
8.4
  0
3DFACE
  5
1C7
330
17
100
AcDbEntity
  8
WINDOWS
100
AcDbFace
 10
207.48320729529365
 20
122.96774119148974
 30
7.0
 11
208.18028688553306
 21
124.06504700340894
 31
7.0
 12
208.18028688553306
 22
124.06504700340894
 32
8.4
 13
207.48320729529365
 23
122.96774119148974
 33
8.4
  0
3DFACE
  5
1C8
330
17
100
AcDbEntity
  8
WINDOWS
100
AcDbFace
 10
210.18547736577645
 20
127.22151177269083
 30
7.0
 11
210.88255695601586
 21
128.31881758461003
 31
7.0
 12
210.88255695601586
 22
128.31881758461003
 32
8.4
 13
210.18547736577645
 23
127.22151177269083
 33
8.4
  0
3DFACE
  5
1C9
330
17
100
AcDbEntity
  8
WINDOWS
100
AcDbFace
 10
212.88774743625925
 20
131.47528235389194
 30
7.0
 11
213.58482702649866
 21
132.57258816581117
 31
7.0
 12
213.58482702649866
 22
132.57258816581117
 32
8.4
 13
212.88774743625925
 23
131.47528235389194
 33
8.4
  0
3DFACE
  5
1CA
330
17
100
AcDbEntity
  8
WINDOWS
100
AcDbFace
 10
215.59001750674202
 20
135.72905293509302
 30
7.0
 11
216.28709709698143
 21
136.82635874701225
 31
7.0
 12
216.28709709698143
 22
136.82635874701225
 32
8.4
 13
215.59001750674202
 23
135.72905293509302
 33
8.4
  0
3DFACE
  5
1CB
330
17
100
AcDbEntity
  8
WINDOWS
100
AcDbFace
 10
204.78093722481088
 20
118.71397061028864
 30
10.0
 11
205.4780168150503
 21
119.81127642220784
 31
10.0
 12
205.4780168150503
 22
119.81127642220784
 32
11.4
 13
204.78093722481088
 23
118.71397061028864
 33
11.4
  0
3DFACE
  5
1CC
330
17
100
AcDbEntity
  8
WINDOWS
100
AcDbFace
 10
207.48320729529365
 20
122.96774119148974
 30
10.0
 11
208.18028688553306
 21
124.06504700340894
 31
10.0
 12
208.18028688553306
 22
124.06504700340894
 32
11.4
 13
207.48320729529365
 23
122.96774119148974
 33
11.4
  0
3DFACE
  5
1CD
330
17
100
AcDbEntity
  8
WINDOWS
100
AcDbFace
 10
210.18547736577645
 20
127.22151177269083
 30
10.0
 11
210.88255695601586
 21
128.31881758461003
 31
10.0
 12
210.88255695601586
 22
128.31881758461003
 32
11.4
 13
210.18547736577645
 23
127.22151177269083
 33
11.4
  0
3DFACE
  5
1CE
330
17
100
AcDbEntity
  8
WINDOWS
100
AcDbFace
 10
212.88774743625925
 20
131.47528235389194
 30
10.0
 11
213.58482702649866
 21
132.57258816581117
 31
10.0
 12
213.58482702649866
 22
132.57258816581117
 32
11.4
 13
212.88774743625925
 23
131.47528235389194
 33
11.4
  0
3DFACE
  5
1CF
330
17
100
AcDbEntity
  8
WINDOWS
100
AcDbFace
 10
215.59001750674202
 20
135.72905293509302
 30
10.0
 11
216.28709709698143
 21
136.82635874701225
 31
10.0
 12
216.28709709698143
 22
136.82635874701225
 32
11.4
 13
215.59001750674202
 23
135.72905293509302
 33
11.4
  0
3DFACE
  5
1D0
330
17
100
AcDbEntity
  8
WINDOWS
100
AcDbFace
 10
204.78093722481088
 20
118.71397061028864
 30
13.0
 11
205.4780168150503
 21
119.81127642220784
 31
13.0
 12
205.4780168150503
 22
119.81127642220784
 32
14.4
 13
204.78093722481088
 23
118.71397061028864
 33
14.4
  0
3DFACE
  5
1D1
330
17
100
AcDbEntity
  8
WINDOWS
100
AcDbFace
 10
207.48320729529365
 20
122.96774119148974
 30
13.0
 11
208.18028688553306
 21
124.06504700340894
 31
13.0
 12
208.18028688553306
 22
124.06504700340894
 32
14.4
 13
207.48320729529365
 23
122.96774119148974
 33
14.4
  0
3DFACE
  5
1D2
330
17
100
AcDbEntity
  8
WINDOWS
100
AcDbFace
 10
210.18547736577645
 20
127.22151177269083
 30
13.0
 11
210.88255695601586
 21
128.31881758461003
 31
13.0
 12
210.88255695601586
 22
128.31881758461003
 32
14.4
 13
210.18547736577645
 23
127.22151177269083
 33
14.4
  0
3DFACE
  5
1D3
330
17
100
AcDbEntity
  8
WINDOWS
100
AcDbFace
 10
212.88774743625925
 20
131.47528235389194
 30
13.0
 11
213.58482702649866
 21
132.57258816581117
 31
13.0
 12
213.58482702649866
 22
132.57258816581117
 32
14.4
 13
212.88774743625925
 23
131.47528235389194
 33
14.4
  0
3DFACE
  5
1D4
330
17
100
AcDbEntity
  8
WINDOWS
100
AcDbFace
 10
215.59001750674202
 20
135.72905293509302
 30
13.0
 11
216.28709709698143
 21
136.82635874701225
 31
13.0
 12
216.28709709698143
 22
136.82635874701225
 32
14.4
 13
215.59001750674202
 23
135.72905293509302
 33
14.4
  0
3DFACE
  5
1D5
330
17
100
AcDbEntity
  8
WINDOWS
100
AcDbFace
 10
204.78093722481088
 20
118.71397061028864
 30
16.0
 11
205.4780168150503
 21
119.81127642220784
 31
16.0
 12
205.4780168150503
 22
119.81127642220784
 32
17.4
 13
204.78093722481088
 23
118.71397061028864
 33
17.4
  0
3DFACE
  5
1D6
330
17
100
AcDbEntity
  8
WINDOWS
100
AcDbFace
 10
207.48320729529365
 20
122.96774119148974
 30
16.0
 11
208.18028688553306
 21
124.06504700340894
 31
16.0
 12
208.18028688553306
 22
124.06504700340894
 32
17.4
 13
207.48320729529365
 23
122.96774119148974
 33
17.4
  0
3DFACE
  5
1D7
330
17
100
AcDbEntity
  8
WINDOWS
100
AcDbFace
 10
210.18547736577645
 20
127.22151177269083
 30
16.0
 11
210.88255695601586
 21
128.31881758461003
 31
16.0
 12
210.88255695601586
 22
128.31881758461003
 32
17.4
 13
210.18547736577645
 23
127.22151177269083
 33
17.4
  0
3DFACE
  5
1D8
330
17
100
AcDbEntity
  8
WINDOWS
100
AcDbFace
 10
212.88774743625925
 20
131.47528235389194
 30
16.0
 11
213.58482702649866
 21
132.57258816581117
 31
16.0
 12
213.58482702649866
 22
132.57258816581117
 32
17.4
 13
212.88774743625925
 23
131.47528235389194
 33
17.4
  0
3DFACE
  5
1D9
330
17
100
AcDbEntity
  8
WINDOWS
100
AcDbFace
 10
215.59001750674202
 20
135.72905293509302
 30
16.0
 11
216.28709709698143
 21
136.82635874701225
 31
16.0
 12
216.28709709698143
 22
136.82635874701225
 32
17.4
 13
215.59001750674202
 23
135.72905293509302
 33
17.4
  0
3DFACE
  5
1DA
330
17
100
AcDbEntity
  8
WINDOWS
100
AcDbFace
 10
204.78093722481088
 20
118.71397061028864
 30
19.0
 11
205.4780168150503
 21
119.81127642220784
 31
19.0
 12
205.4780168150503
 22
119.81127642220784
 32
20.4
 13
204.78093722481088
 23
118.71397061028864
 33
20.4
  0
3DFACE
  5
1DB
330
17
100
AcDbEntity
  8
WINDOWS
100
AcDbFace
 10
207.48320729529365
 20
122.96774119148974
 30
19.0
 11
208.18028688553306
 21
124.06504700340894
 31
19.0
 12
208.18028688553306
 22
124.06504700340894
 32
20.4
 13
207.48320729529365
 23
122.96774119148974
 33
20.4
  0
3DFACE
  5
1DC
330
17
100
AcDbEntity
  8
WINDOWS
100
AcDbFace
 10
210.18547736577645
 20
127.22151177269083
 30
19.0
 11
210.88255695601586
 21
128.31881758461003
 31
19.0
 12
210.88255695601586
 22
128.31881758461003
 32
20.4
 13
210.18547736577645
 23
127.22151177269083
 33
20.4
  0
3DFACE
  5
1DD
330
17
100
AcDbEntity
  8
WINDOWS
100
AcDbFace
 10
212.88774743625925
 20
131.47528235389194
 30
19.0
 11
213.58482702649866
 21
132.57258816581117
 31
19.0
 12
213.58482702649866
 22
132.57258816581117
 32
20.4
 13
212.88774743625925
 23
131.47528235389194
 33
20.4
  0
3DFACE
  5
1DE
330
17
100
AcDbEntity
  8
WINDOWS
100
AcDbFace
 10
215.59001750674202
 20
135.72905293509302
 30
19.0
 11
216.28709709698143
 21
136.82635874701225
 31
19.0
 12
216.28709709698143
 22
136.82635874701225
 32
20.4
 13
215.59001750674202
 23
135.72905293509302
 33
20.4
  0
3DFACE
  5
1DF
330
17
100
AcDbEntity
  8
WINDOWS
100
AcDbFace
 10
204.78093722481088
 20
118.71397061028864
 30
22.0
 11
205.4780168150503
 21
119.81127642220784
 31
22.0
 12
205.4780168150503
 22
119.81127642220784
 32
23.4
 13
204.78093722481088
 23
118.71397061028864
 33
23.4
  0
3DFACE
  5
1E0
330
17
100
AcDbEntity
  8
WINDOWS
100
AcDbFace
 10
207.48320729529365
 20
122.96774119148974
 30
22.0
 11
208.18028688553306
 21
124.06504700340894
 31
22.0
 12
208.18028688553306
 22
124.06504700340894
 32
23.4
 13
207.48320729529365
 23
122.96774119148974
 33
23.4
  0
3DFACE
  5
1E1
330
17
100
AcDbEntity
  8
WINDOWS
100
AcDbFace
 10
210.18547736577645
 20
127.22151177269083
 30
22.0
 11
210.88255695601586
 21
128.31881758461003
 31
22.0
 12
210.88255695601586
 22
128.31881758461003
 32
23.4
 13
210.18547736577645
 23
127.22151177269083
 33
23.4
  0
3DFACE
  5
1E2
330
17
100
AcDbEntity
  8
WINDOWS
100
AcDbFace
 10
212.88774743625925
 20
131.47528235389194
 30
22.0
 11
213.58482702649866
 21
132.57258816581117
 31
22.0
 12
213.58482702649866
 22
132.57258816581117
 32
23.4
 13
212.88774743625925
 23
131.47528235389194
 33
23.4
  0
3DFACE
  5
1E3
330
17
100
AcDbEntity
  8
WINDOWS
100
AcDbFace
 10
215.59001750674202
 20
135.72905293509302
 30
22.0
 11
216.28709709698143
 21
136.82635874701225
 31
22.0
 12
216.28709709698143
 22
136.82635874701225
 32
23.4
 13
215.59001750674202
 23
135.72905293509302
 33
23.4
  0
3DFACE
  5
1E4
330
17
100
AcDbEntity
  8
WINDOWS
100
AcDbFace
 10
204.78093722481088
 20
118.71397061028864
 30
25.0
 11
205.4780168150503
 21
119.81127642220784
 31
25.0
 12
205.4780168150503
 22
119.81127642220784
 32
26.4
 13
204.78093722481088
 23
118.71397061028864
 33
26.4
  0
3DFACE
  5
1E5
330
17
100
AcDbEntity
  8
WINDOWS
100
AcDbFace
 10
207.48320729529365
 20
122.96774119148974
 30
25.0
 11
208.18028688553306
 21
124.06504700340894
 31
25.0
 12
208.18028688553306
 22
124.06504700340894
 32
26.4
 13
207.48320729529365
 23
122.96774119148974
 33
26.4
  0
3DFACE
  5
1E6
330
17
100
AcDbEntity
  8
WINDOWS
100
AcDbFace
 10
210.18547736577645
 20
127.22151177269083
 30
25.0
 11
210.88255695601586
 21
128.31881758461003
 31
25.0
 12
210.88255695601586
 22
128.31881758461003
 32
26.4
 13
210.18547736577645
 23
127.22151177269083
 33
26.4
  0
3DFACE
  5
1E7
330
17
100
AcDbEntity
  8
WINDOWS
100
AcDbFace
 10
212.88774743625925
 20
131.47528235389194
 30
25.0
 11
213.58482702649866
 21
132.57258816581117
 31
25.0
 12
213.58482702649866
 22
132.57258816581117
 32
26.4
 13
212.88774743625925
 23
131.47528235389194
 33
26.4
  0
3DFACE
  5
1E8
330
17
100
AcDbEntity
  8
WINDOWS
100
AcDbFace
 10
215.59001750674202
 20
135.72905293509302
 30
25.0
 11
216.28709709698143
 21
136.82635874701225
 31
25.0
 12
216.28709709698143
 22
136.82635874701225
 32
26.4
 13
215.59001750674202
 23
135.72905293509302
 33
26.4
  0
3DFACE
  5
1E9
330
17
100
AcDbEntity
  8
WINDOWS
100
AcDbFace
 10
221.6543358958205
 20
137.83523918571024
 30
1.0
 11
222.75337384908363
 21
137.14089375489993
 31
1.0
 12
222.75337384908363
 22
137.14089375489993
 32
2.4
 13
221.6543358958205
 23
137.83523918571024
 33
2.4
  0
3DFACE
  5
1EA
330
17
100
AcDbEntity
  8
WINDOWS
100
AcDbFace
 10
226.3709776735322
 20
134.85537970278756
 30
1.0
 11
227.47001562679532
 21
134.16103427197726
 31
1.0
 12
227.47001562679532
 22
134.16103427197726
 32
2.4
 13
226.3709776735322
 23
134.85537970278756
 33
2.4
  0
3DFACE
  5
1EB
330
17
100
AcDbEntity
  8
WINDOWS
100
AcDbFace
 10
221.6543358958205
 20
137.83523918571024
 30
4.0
 11
222.75337384908363
 21
137.14089375489993
 31
4.0
 12
222.75337384908363
 22
137.14089375489993
 32
5.4
 13
221.6543358958205
 23
137.83523918571024
 33
5.4
  0
3DFACE
  5
1EC
330
17
100
AcDbEntity
  8
WINDOWS
100
AcDbFace
 10
226.3709776735322
 20
134.85537970278756
 30
4.0
 11
227.47001562679532
 21
134.16103427197726
 31
4.0
 12
227.47001562679532
 22
134.16103427197726
 32
5.4
 13
226.3709776735322
 23
134.85537970278756
 33
5.4
  0
3DFACE
  5
1ED
330
17
100
AcDbEntity
  8
WINDOWS
100
AcDbFace
 10
221.6543358958205
 20
137.83523918571024
 30
7.0
 11
222.75337384908363
 21
137.14089375489993
 31
7.0
 12
222.75337384908363
 22
137.14089375489993
 32
8.4
 13
221.6543358958205
 23
137.83523918571024
 33
8.4
  0
3DFACE
  5
1EE
330
17
100
AcDbEntity
  8
WINDOWS
100
AcDbFace
 10
226.3709776735322
 20
134.85537970278756
 30
7.0
 11
227.47001562679532
 21
134.16103427197726
 31
7.0
 12
227.47001562679532
 22
134.16103427197726
 32
8.4
 13
226.3709776735322
 23
134.85537970278756
 33
8.4
  0
3DFACE
  5
1EF
330
17
100
AcDbEntity
  8
WINDOWS
100
AcDbFace
 10
221.6543358958205
 20
137.83523918571024
 30
10.0
 11
222.75337384908363
 21
137.14089375489993
 31
10.0
 12
222.75337384908363
 22
137.14089375489993
 32
11.4
 13
221.6543358958205
 23
137.83523918571024
 33
11.4
  0
3DFACE
  5
1F0
330
17
100
AcDbEntity
  8
WINDOWS
100
AcDbFace
 10
226.3709776735322
 20
134.85537970278756
 30
10.0
 11
227.47001562679532
 21
134.16103427197726
 31
10.0
 12
227.47001562679532
 22
134.16103427197726
 32
11.4
 13
226.3709776735322
 23
134.85537970278756
 33
11.4
  0
3DFACE
  5
1F1
330
17
100
AcDbEntity
  8
WINDOWS
100
AcDbFace
 10
221.6543358958205
 20
137.83523918571024
 30
13.0
 11
222.75337384908363
 21
137.14089375489993
 31
13.0
 12
222.75337384908363
 22
137.14089375489993
 32
14.4
 13
221.6543358958205
 23
137.83523918571024
 33
14.4
  0
3DFACE
  5
1F2
330
17
100
AcDbEntity
  8
WINDOWS
100
AcDbFace
 10
226.3709776735322
 20
134.85537970278756
 30
13.0
 11
227.47001562679532
 21
134.16103427197726
 31
13.0
 12
227.47001562679532
 22
134.16103427197726
 32
14.4
 13
226.3709776735322
 23
134.85537970278756
 33
14.4
  0
3DFACE
  5
1F3
330
17
100
AcDbEntity
  8
WINDOWS
100
AcDbFace
 10
221.6543358958205
 20
137.83523918571024
 30
16.0
 11
222.75337384908363
 21
137.14089375489993
 31
16.0
 12
222.75337384908363
 22
137.14089375489993
 32
17.4
 13
221.6543358958205
 23
137.83523918571024
 33
17.4
  0
3DFACE
  5
1F4
330
17
100
AcDbEntity
  8
WINDOWS
100
AcDbFace
 10
226.3709776735322
 20
134.85537970278756
 30
16.0
 11
227.47001562679532
 21
134.16103427197726
 31
16.0
 12
227.47001562679532
 22
134.16103427197726
 32
17.4
 13
226.3709776735322
 23
134.85537970278756
 33
17.4
  0
3DFACE
  5
1F5
330
17
100
AcDbEntity
  8
WINDOWS
100
AcDbFace
 10
221.6543358958205
 20
137.83523918571024
 30
19.0
 11
222.75337384908363
 21
137.14089375489993
 31
19.0
 12
222.75337384908363
 22
137.14089375489993
 32
20.4
 13
221.6543358958205
 23
137.83523918571024
 33
20.4
  0
3DFACE
  5
1F6
330
17
100
AcDbEntity
  8
WINDOWS
100
AcDbFace
 10
226.3709776735322
 20
134.85537970278756
 30
19.0
 11
227.47001562679532
 21
134.16103427197726
 31
19.0
 12
227.47001562679532
 22
134.16103427197726
 32
20.4
 13
226.3709776735322
 23
134.85537970278756
 33
20.4
  0
3DFACE
  5
1F7
330
17
100
AcDbEntity
  8
WINDOWS
100
AcDbFace
 10
221.6543358958205
 20
137.83523918571024
 30
22.0
 11
222.75337384908363
 21
137.14089375489993
 31
22.0
 12
222.75337384908363
 22
137.14089375489993
 32
23.4
 13
221.6543358958205
 23
137.83523918571024
 33
23.4
  0
3DFACE
  5
1F8
330
17
100
AcDbEntity
  8
WINDOWS
100
AcDbFace
 10
226.3709776735322
 20
134.85537970278756
 30
22.0
 11
227.47001562679532
 21
134.16103427197726
 31
22.0
 12
227.47001562679532
 22
134.16103427197726
 32
23.4
 13
226.3709776735322
 23
134.85537970278756
 33
23.4
  0
3DFACE
  5
1F9
330
17
100
AcDbEntity
  8
WINDOWS
100
AcDbFace
 10
221.6543358958205
 20
137.83523918571024
 30
25.0
 11
222.75337384908363
 21
137.14089375489993
 31
25.0
 12
222.75337384908363
 22
137.14089375489993
 32
26.4
 13
221.6543358958205
 23
137.83523918571024
 33
26.4
  0
3DFACE
  5
1FA
330
17
100
AcDbEntity
  8
WINDOWS
100
AcDbFace
 10
226.3709776735322
 20
134.85537970278756
 30
25.0
 11
227.47001562679532
 21
134.16103427197726
 31
25.0
 12
227.47001562679532
 22
134.16103427197726
 32
26.4
 13
226.3709776735322
 23
134.85537970278756
 33
26.4
  0
3DFACE
  5
1FB
330
17
100
AcDbEntity
  8
WINDOWS
100
AcDbFace
 10
229.073603130575
 20
129.24368171793967
 30
1.0
 11
228.37674582203925
 21
128.14623472990777
 31
1.0
 12
228.37674582203925
 22
128.14623472990777
 32
2.4
 13
229.073603130575
 23
129.24368171793967
 33
2.4
  0
3DFACE
  5
1FC
330
17
100
AcDbEntity
  8
WINDOWS
100
AcDbFace
 10
226.82157817688795
 20
125.69707616164641
 30
1.0
 11
226.1247208683522
 21
124.59962917361452
 31
1.0
 12
226.1247208683522
 22
124.59962917361452
 32
2.4
 13
226.82157817688795
 23
125.69707616164641
 33
2.4
  0
3DFACE
  5
1FD
330
17
100
AcDbEntity
  8
WINDOWS
100
AcDbFace
 10
224.5695532232009
 20
122.15047060535314
 30
1.0
 11
223.87269591466514
 21
121.05302361732124
 31
1.0
 12
223.87269591466514
 22
121.05302361732124
 32
2.4
 13
224.5695532232009
 23
122.15047060535314
 33
2.4
  0
3DFACE
  5
1FE
330
17
100
AcDbEntity
  8
WINDOWS
100
AcDbFace
 10
222.31752826951384
 20
118.60386504905988
 30
1.0
 11
221.6206709609781
 21
117.50641806102799
 31
1.0
 12
221.6206709609781
 22
117.50641806102799
 32
2.4
 13
222.31752826951384
 23
118.60386504905988
 33
2.4
  0
3DFACE
  5
1FF
330
17
100
AcDbEntity
  8
WINDOWS
100
AcDbFace
 10
220.0655033158268
 20
115.0572594927666
 30
1.0
 11
219.36864600729103
 21
113.95981250473471
 31
1.0
 12
219.36864600729103
 22
113.95981250473471
 32
2.4
 13
220.0655033158268
 23
115.0572594927666
 33
2.4
  0
3DFACE
  5
200
330
17
100
AcDbEntity
  8
WINDOWS
100
AcDbFace
 10
217.81347836213973
 20
111.51065393647335
 30
1.0
 11
217.11662105360398
 21
110.41320694844146
 31
1.0
 12
217.11662105360398
 22
110.41320694844146
 32
2.4
 13
217.81347836213973
 23
111.51065393647335
 33
2.4
  0
3DFACE
  5
201
330
17
100
AcDbEntity
  8
WINDOWS
100
AcDbFace
 10
229.073603130575
 20
129.24368171793967
 30
4.0
 11
228.37674582203925
 21
128.14623472990777
 31
4.0
 12
228.37674582203925
 22
128.14623472990777
 32
5.4
 13
229.073603130575
 23
129.24368171793967
 33
5.4
  0
3DFACE
  5
202
330
17
100
AcDbEntity
  8
WINDOWS
100
AcDbFace
 10
226.82157817688795
 20
125.69707616164641
 30
4.0
 11
226.1247208683522
 21
124.59962917361452
 31
4.0
 12
226.1247208683522
 22
124.59962917361452
 32
5.4
 13
226.82157817688795
 23
125.69707616164641
 33
5.4
  0
3DFACE
  5
203
330
17
100
AcDbEntity
  8
WINDOWS
100
AcDbFace
 10
224.5695532232009
 20
122.15047060535314
 30
4.0
 11
223.87269591466514
 21
121.05302361732124
 31
4.0
 12
223.87269591466514
 22
121.05302361732124
 32
5.4
 13
224.5695532232009
 23
122.15047060535314
 33
5.4
  0
3DFACE
  5
204
330
17
100
AcDbEntity
  8
WINDOWS
100
AcDbFace
 10
222.31752826951384
 20
118.60386504905988
 30
4.0
 11
221.6206709609781
 21
117.50641806102799
 31
4.0
 12
221.6206709609781
 22
117.50641806102799
 32
5.4
 13
222.31752826951384
 23
118.60386504905988
 33
5.4
  0
3DFACE
  5
205
330
17
100
AcDbEntity
  8
WINDOWS
100
AcDbFace
 10
220.0655033158268
 20
115.0572594927666
 30
4.0
 11
219.36864600729103
 21
113.95981250473471
 31
4.0
 12
219.36864600729103
 22
113.95981250473471
 32
5.4
 13
220.0655033158268
 23
115.0572594927666
 33
5.4
  0
3DFACE
  5
206
330
17
100
AcDbEntity
  8
WINDOWS
100
AcDbFace
 10
217.81347836213973
 20
111.51065393647335
 30
4.0
 11
217.11662105360398
 21
110.41320694844146
 31
4.0
 12
217.11662105360398
 22
110.41320694844146
 32
5.4
 13
217.81347836213973
 23
111.51065393647335
 33
5.4
  0
3DFACE
  5
207
330
17
100
AcDbEntity
  8
WINDOWS
100
AcDbFace
 10
229.073603130575
 20
129.24368171793967
 30
7.0
 11
228.37674582203925
 21
128.14623472990777
 31
7.0
 12
228.37674582203925
 22
128.14623472990777
 32
8.4
 13
229.073603130575
 23
129.24368171793967
 33
8.4
  0
3DFACE
  5
208
330
17
100
AcDbEntity
  8
WINDOWS
100
AcDbFace
 10
226.82157817688795
 20
125.69707616164641
 30
7.0
 11
226.1247208683522
 21
124.59962917361452
 31
7.0
 12
226.1247208683522
 22
124.59962917361452
 32
8.4
 13
226.82157817688795
 23
125.69707616164641
 33
8.4
  0
3DFACE
  5
209
330
17
100
AcDbEntity
  8
WINDOWS
100
AcDbFace
 10
224.5695532232009
 20
122.15047060535314
 30
7.0
 11
223.87269591466514
 21
121.05302361732124
 31
7.0
 12
223.87269591466514
 22
121.05302361732124
 32
8.4
 13
224.5695532232009
 23
122.15047060535314
 33
8.4
  0
3DFACE
  5
20A
330
17
100
AcDbEntity
  8
WINDOWS
100
AcDbFace
 10
222.31752826951384
 20
118.60386504905988
 30
7.0
 11
221.6206709609781
 21
117.50641806102799
 31
7.0
 12
221.6206709609781
 22
117.50641806102799
 32
8.4
 13
222.31752826951384
 23
118.60386504905988
 33
8.4
  0
3DFACE
  5
20B
330
17
100
AcDbEntity
  8
WINDOWS
100
AcDbFace
 10
220.0655033158268
 20
115.0572594927666
 30
7.0
 11
219.36864600729103
 21
113.95981250473471
 31
7.0
 12
219.36864600729103
 22
113.95981250473471
 32
8.4
 13
220.0655033158268
 23
115.0572594927666
 33
8.4
  0
3DFACE
  5
20C
330
17
100
AcDbEntity
  8
WINDOWS
100
AcDbFace
 10
217.81347836213973
 20
111.51065393647335
 30
7.0
 11
217.11662105360398
 21
110.41320694844146
 31
7.0
 12
217.11662105360398
 22
110.41320694844146
 32
8.4
 13
217.81347836213973
 23
111.51065393647335
 33
8.4
  0
3DFACE
  5
20D
330
17
100
AcDbEntity
  8
WINDOWS
100
AcDbFace
 10
229.073603130575
 20
129.24368171793967
 30
10.0
 11
228.37674582203925
 21
128.14623472990777
 31
10.0
 12
228.37674582203925
 22
128.14623472990777
 32
11.4
 13
229.073603130575
 23
129.24368171793967
 33
11.4
  0
3DFACE
  5
20E
330
17
100
AcDbEntity
  8
WINDOWS
100
AcDbFace
 10
226.82157817688795
 20
125.69707616164641
 30
10.0
 11
226.1247208683522
 21
124.59962917361452
 31
10.0
 12
226.1247208683522
 22
124.59962917361452
 32
11.4
 13
226.82157817688795
 23
125.69707616164641
 33
11.4
  0
3DFACE
  5
20F
330
17
100
AcDbEntity
  8
WINDOWS
100
AcDbFace
 10
224.5695532232009
 20
122.15047060535314
 30
10.0
 11
223.87269591466514
 21
121.05302361732124
 31
10.0
 12
223.87269591466514
 22
121.05302361732124
 32
11.4
 13
224.5695532232009
 23
122.15047060535314
 33
11.4
  0
3DFACE
  5
210
330
17
100
AcDbEntity
  8
WINDOWS
100
AcDbFace
 10
222.31752826951384
 20
118.60386504905988
 30
10.0
 11
221.6206709609781
 21
117.50641806102799
 31
10.0
 12
221.6206709609781
 22
117.50641806102799
 32
11.4
 13
222.31752826951384
 23
118.60386504905988
 33
11.4
  0
3DFACE
  5
211
330
17
100
AcDbEntity
  8
WINDOWS
100
AcDbFace
 10
220.0655033158268
 20
115.0572594927666
 30
10.0
 11
219.36864600729103
 21
113.95981250473471
 31
10.0
 12
219.36864600729103
 22
113.95981250473471
 32
11.4
 13
220.0655033158268
 23
115.0572594927666
 33
11.4
  0
3DFACE
  5
212
330
17
100
AcDbEntity
  8
WINDOWS
100
AcDbFace
 10
217.81347836213973
 20
111.51065393647335
 30
10.0
 11
217.11662105360398
 21
110.41320694844146
 31
10.0
 12
217.11662105360398
 22
110.41320694844146
 32
11.4
 13
217.81347836213973
 23
111.51065393647335
 33
11.4
  0
3DFACE
  5
213
330
17
100
AcDbEntity
  8
WINDOWS
100
AcDbFace
 10
229.073603130575
 20
129.24368171793967
 30
13.0
 11
228.37674582203925
 21
128.14623472990777
 31
13.0
 12
228.37674582203925
 22
128.14623472990777
 32
14.4
 13
229.073603130575
 23
129.24368171793967
 33
14.4
  0
3DFACE
  5
214
330
17
100
AcDbEntity
  8
WINDOWS
100
AcDbFace
 10
226.82157817688795
 20
125.69707616164641
 30
13.0
 11
226.1247208683522
 21
124.59962917361452
 31
13.0
 12
226.1247208683522
 22
124.59962917361452
 32
14.4
 13
226.82157817688795
 23
125.69707616164641
 33
14.4
  0
3DFACE
  5
215
330
17
100
AcDbEntity
  8
WINDOWS
100
AcDbFace
 10
224.5695532232009
 20
122.15047060535314
 30
13.0
 11
223.87269591466514
 21
121.05302361732124
 31
13.0
 12
223.87269591466514
 22
121.05302361732124
 32
14.4
 13
224.5695532232009
 23
122.15047060535314
 33
14.4
  0
3DFACE
  5
216
330
17
100
AcDbEntity
  8
WINDOWS
100
AcDbFace
 10
222.31752826951384
 20
118.60386504905988
 30
13.0
 11
221.6206709609781
 21
117.50641806102799
 31
13.0
 12
221.6206709609781
 22
117.50641806102799
 32
14.4
 13
222.31752826951384
 23
118.60386504905988
 33
14.4
  0
3DFACE
  5
217
330
17
100
AcDbEntity
  8
WINDOWS
100
AcDbFace
 10
220.0655033158268
 20
115.0572594927666
 30
13.0
 11
219.36864600729103
 21
113.95981250473471
 31
13.0
 12
219.36864600729103
 22
113.95981250473471
 32
14.4
 13
220.0655033158268
 23
115.0572594927666
 33
14.4
  0
3DFACE
  5
218
330
17
100
AcDbEntity
  8
WINDOWS
100
AcDbFace
 10
217.81347836213973
 20
111.51065393647335
 30
13.0
 11
217.11662105360398
 21
110.41320694844146
 31
13.0
 12
217.11662105360398
 22
110.41320694844146
 32
14.4
 13
217.81347836213973
 23
111.51065393647335
 33
14.4
  0
3DFACE
  5
219
330
17
100
AcDbEntity
  8
WINDOWS
100
AcDbFace
 10
229.073603130575
 20
129.24368171793967
 30
16.0
 11
228.37674582203925
 21
128.14623472990777
 31
16.0
 12
228.37674582203925
 22
128.14623472990777
 32
17.4
 13
229.073603130575
 23
129.24368171793967
 33
17.4
  0
3DFACE
  5
21A
330
17
100
AcDbEntity
  8
WINDOWS
100
AcDbFace
 10
226.82157817688795
 20
125.69707616164641
 30
16.0
 11
226.1247208683522
 21
124.59962917361452
 31
16.0
 12
226.1247208683522
 22
124.59962917361452
 32
17.4
 13
226.82157817688795
 23
125.69707616164641
 33
17.4
  0
3DFACE
  5
21B
330
17
100
AcDbEntity
  8
WINDOWS
100
AcDbFace
 10
224.5695532232009
 20
122.15047060535314
 30
16.0
 11
223.87269591466514
 21
121.05302361732124
 31
16.0
 12
223.87269591466514
 22
121.05302361732124
 32
17.4
 13
224.5695532232009
 23
122.15047060535314
 33
17.4
  0
3DFACE
  5
21C
330
17
100
AcDbEntity
  8
WINDOWS
100
AcDbFace
 10
222.31752826951384
 20
118.60386504905988
 30
16.0
 11
221.6206709609781
 21
117.50641806102799
 31
16.0
 12
221.6206709609781
 22
117.50641806102799
 32
17.4
 13
222.31752826951384
 23
118.60386504905988
 33
17.4
  0
3DFACE
  5
21D
330
17
100
AcDbEntity
  8
WINDOWS
100
AcDbFace
 10
220.0655033158268
 20
115.0572594927666
 30
16.0
 11
219.36864600729103
 21
113.95981250473471
 31
16.0
 12
219.36864600729103
 22
113.95981250473471
 32
17.4
 13
220.0655033158268
 23
115.0572594927666
 33
17.4
  0
3DFACE
  5
21E
330
17
100
AcDbEntity
  8
WINDOWS
100
AcDbFace
 10
217.81347836213973
 20
111.51065393647335
 30
16.0
 11
217.11662105360398
 21
110.41320694844146
 31
16.0
 12
217.11662105360398
 22
110.41320694844146
 32
17.4
 13
217.81347836213973
 23
111.51065393647335
 33
17.4
  0
3DFACE
  5
21F
330
17
100
AcDbEntity
  8
WINDOWS
100
AcDbFace
 10
229.073603130575
 20
129.24368171793967
 30
19.0
 11
228.37674582203925
 21
128.14623472990777
 31
19.0
 12
228.37674582203925
 22
128.14623472990777
 32
20.4
 13
229.073603130575
 23
129.24368171793967
 33
20.4
  0
3DFACE
  5
220
330
17
100
AcDbEntity
  8
WINDOWS
100
AcDbFace
 10
226.82157817688795
 20
125.69707616164641
 30
19.0
 11
226.1247208683522
 21
124.59962917361452
 31
19.0
 12
226.1247208683522
 22
124.59962917361452
 32
20.4
 13
226.82157817688795
 23
125.69707616164641
 33
20.4
  0
3DFACE
  5
221
330
17
100
AcDbEntity
  8
WINDOWS
100
AcDbFace
 10
224.5695532232009
 20
122.15047060535314
 30
19.0
 11
223.87269591466514
 21
121.05302361732124
 31
19.0
 12
223.87269591466514
 22
121.05302361732124
 32
20.4
 13
224.5695532232009
 23
122.15047060535314
 33
20.4
  0
3DFACE
  5
222
330
17
100
AcDbEntity
  8
WINDOWS
100
AcDbFace
 10
222.31752826951384
 20
118.60386504905988
 30
19.0
 11
221.6206709609781
 21
117.50641806102799
 31
19.0
 12
221.6206709609781
 22
117.50641806102799
 32
20.4
 13
222.31752826951384
 23
118.60386504905988
 33
20.4
  0
3DFACE
  5
223
330
17
100
AcDbEntity
  8
WINDOWS
100
AcDbFace
 10
220.0655033158268
 20
115.0572594927666
 30
19.0
 11
219.36864600729103
 21
113.95981250473471
 31
19.0
 12
219.36864600729103
 22
113.95981250473471
 32
20.4
 13
220.0655033158268
 23
115.0572594927666
 33
20.4
  0
3DFACE
  5
224
330
17
100
AcDbEntity
  8
WINDOWS
100
AcDbFace
 10
217.81347836213973
 20
111.51065393647335
 30
19.0
 11
217.11662105360398
 21
110.41320694844146
 31
19.0
 12
217.11662105360398
 22
110.41320694844146
 32
20.4
 13
217.81347836213973
 23
111.51065393647335
 33
20.4
  0
3DFACE
  5
225
330
17
100
AcDbEntity
  8
WINDOWS
100
AcDbFace
 10
229.073603130575
 20
129.24368171793967
 30
22.0
 11
228.37674582203925
 21
128.14623472990777
 31
22.0
 12
228.37674582203925
 22
128.14623472990777
 32
23.4
 13
229.073603130575
 23
129.24368171793967
 33
23.4
  0
3DFACE
  5
226
330
17
100
AcDbEntity
  8
WINDOWS
100
AcDbFace
 10
226.82157817688795
 20
125.69707616164641
 30
22.0
 11
226.1247208683522
 21
124.59962917361452
 31
22.0
 12
226.1247208683522
 22
124.59962917361452
 32
23.4
 13
226.82157817688795
 23
125.69707616164641
 33
23.4
  0
3DFACE
  5
227
330
17
100
AcDbEntity
  8
WINDOWS
100
AcDbFace
 10
224.5695532232009
 20
122.15047060535314
 30
22.0
 11
223.87269591466514
 21
121.05302361732124
 31
22.0
 12
223.87269591466514
 22
121.05302361732124
 32
23.4
 13
224.5695532232009
 23
122.15047060535314
 33
23.4
  0
3DFACE
  5
228
330
17
100
AcDbEntity
  8
WINDOWS
100
AcDbFace
 10
222.31752826951384
 20
118.60386504905988
 30
22.0
 11
221.6206709609781
 21
117.50641806102799
 31
22.0
 12
221.6206709609781
 22
117.50641806102799
 32
23.4
 13
222.31752826951384
 23
118.60386504905988
 33
23.4
  0
3DFACE
  5
229
330
17
100
AcDbEntity
  8
WINDOWS
100
AcDbFace
 10
220.0655033158268
 20
115.0572594927666
 30
22.0
 11
219.36864600729103
 21
113.95981250473471
 31
22.0
 12
219.36864600729103
 22
113.95981250473471
 32
23.4
 13
220.0655033158268
 23
115.0572594927666
 33
23.4
  0
3DFACE
  5
22A
330
17
100
AcDbEntity
  8
WINDOWS
100
AcDbFace
 10
217.81347836213973
 20
111.51065393647335
 30
22.0
 11
217.11662105360398
 21
110.41320694844146
 31
22.0
 12
217.11662105360398
 22
110.41320694844146
 32
23.4
 13
217.81347836213973
 23
111.51065393647335
 33
23.4
  0
3DFACE
  5
22B
330
17
100
AcDbEntity
  8
WINDOWS
100
AcDbFace
 10
229.073603130575
 20
129.24368171793967
 30
25.0
 11
228.37674582203925
 21
128.14623472990777
 31
25.0
 12
228.37674582203925
 22
128.14623472990777
 32
26.4
 13
229.073603130575
 23
129.24368171793967
 33
26.4
  0
3DFACE
  5
22C
330
17
100
AcDbEntity
  8
WINDOWS
100
AcDbFace
 10
226.82157817688795
 20
125.69707616164641
 30
25.0
 11
226.1247208683522
 21
124.59962917361452
 31
25.0
 12
226.1247208683522
 22
124.59962917361452
 32
26.4
 13
226.82157817688795
 23
125.69707616164641
 33
26.4
  0
3DFACE
  5
22D
330
17
100
AcDbEntity
  8
WINDOWS
100
AcDbFace
 10
224.5695532232009
 20
122.15047060535314
 30
25.0
 11
223.87269591466514
 21
121.05302361732124
 31
25.0
 12
223.87269591466514
 22
121.05302361732124
 32
26.4
 13
224.5695532232009
 23
122.15047060535314
 33
26.4
  0
3DFACE
  5
22E
330
17
100
AcDbEntity
  8
WINDOWS
100
AcDbFace
 10
222.31752826951384
 20
118.60386504905988
 30
25.0
 11
221.6206709609781
 21
117.50641806102799
 31
25.0
 12
221.6206709609781
 22
117.50641806102799
 32
26.4
 13
222.31752826951384
 23
118.60386504905988
 33
26.4
  0
3DFACE
  5
22F
330
17
100
AcDbEntity
  8
WINDOWS
100
AcDbFace
 10
220.0655033158268
 20
115.0572594927666
 30
25.0
 11
219.36864600729103
 21
113.95981250473471
 31
25.0
 12
219.36864600729103
 22
113.95981250473471
 32
26.4
 13
220.0655033158268
 23
115.0572594927666
 33
26.4
  0
3DFACE
  5
230
330
17
100
AcDbEntity
  8
WINDOWS
100
AcDbFace
 10
217.81347836213973
 20
111.51065393647335
 30
25.0
 11
217.11662105360398
 21
110.41320694844146
 31
25.0
 12
217.11662105360398
 22
110.41320694844146
 32
26.4
 13
217.81347836213973
 23
111.51065393647335
 33
26.4
  0
3DFACE
  5
231
330
17
100
AcDbEntity
  8
WINDOWS
100
AcDbFace
 10
211.97480100552806
 20
109.76072228053012
 30
1.0
 11
210.87621206774415
 21
110.45577792274788
 31
1.0
 12
210.87621206774415
 22
110.45577792274788
 32
2.4
 13
211.97480100552806
 23
109.76072228053012
 33
2.4
  0
3DFACE
  5
232
330
17
100
AcDbEntity
  8
WINDOWS
100
AcDbFace
 10
207.25762942426357
 20
112.7451840843063
 30
1.0
 11
206.15904048647965
 21
113.44023972652407
 31
1.0
 12
206.15904048647965
 22
113.44023972652407
 32
2.4
 13
207.25762942426357
 23
112.7451840843063
 33
2.4
  0
3DFACE
  5
233
330
17
100
AcDbEntity
  8
WINDOWS
100
AcDbFace
 10
211.97480100552806
 20
109.76072228053012
 30
4.0
 11
210.87621206774415
 21
110.45577792274788
 31
4.0
 12
210.87621206774415
 22
110.45577792274788
 32
5.4
 13
211.97480100552806
 23
109.76072228053012
 33
5.4
  0
3DFACE
  5
234
330
17
100
AcDbEntity
  8
WINDOWS
100
AcDbFace
 10
207.25762942426357
 20
112.7451840843063
 30
4.0
 11
206.15904048647965
 21
113.44023972652407
 31
4.0
 12
206.15904048647965
 22
113.44023972652407
 32
5.4
 13
207.25762942426357
 23
112.7451840843063
 33
5.4
  0
3DFACE
  5
235
330
17
100
AcDbEntity
  8
WINDOWS
100
AcDbFace
 10
211.97480100552806
 20
109.76072228053012
 30
7.0
 11
210.87621206774415
 21
110.45577792274788
 31
7.0
 12
210.87621206774415
 22
110.45577792274788
 32
8.4
 13
211.97480100552806
 23
109.76072228053012
 33
8.4
  0
3DFACE
  5
236
330
17
100
AcDbEntity
  8
WINDOWS
100
AcDbFace
 10
207.25762942426357
 20
112.7451840843063
 30
7.0
 11
206.15904048647965
 21
113.44023972652407
 31
7.0
 12
206.15904048647965
 22
113.44023972652407
 32
8.4
 13
207.25762942426357
 23
112.7451840843063
 33
8.4
  0
3DFACE
  5
237
330
17
100
AcDbEntity
  8
WINDOWS
100
AcDbFace
 10
211.97480100552806
 20
109.76072228053012
 30
10.0
 11
210.87621206774415
 21
110.45577792274788
 31
10.0
 12
210.87621206774415
 22
110.45577792274788
 32
11.4
 13
211.97480100552806
 23
109.76072228053012
 33
11.4
  0
3DFACE
  5
238
330
17
100
AcDbEntity
  8
WINDOWS
100
AcDbFace
 10
207.25762942426357
 20
112.7451840843063
 30
10.0
 11
206.15904048647965
 21
113.44023972652407
 31
10.0
 12
206.15904048647965
 22
113.44023972652407
 32
11.4
 13
207.25762942426357
 23
112.7451840843063
 33
11.4
  0
3DFACE
  5
239
330
17
100
AcDbEntity
  8
WINDOWS
100
AcDbFace
 10
211.97480100552806
 20
109.76072228053012
 30
13.0
 11
210.87621206774415
 21
110.45577792274788
 31
13.0
 12
210.87621206774415
 22
110.45577792274788
 32
14.4
 13
211.97480100552806
 23
109.76072228053012
 33
14.4
  0
3DFACE
  5
23A
330
17
100
AcDbEntity
  8
WINDOWS
100
AcDbFace
 10
207.25762942426357
 20
112.7451840843063
 30
13.0
 11
206.15904048647965
 21
113.44023972652407
 31
13.0
 12
206.15904048647965
 22
113.44023972652407
 32
14.4
 13
207.25762942426357
 23
112.7451840843063
 33
14.4
  0
3DFACE
  5
23B
330
17
100
AcDbEntity
  8
WINDOWS
100
AcDbFace
 10
211.97480100552806
 20
109.76072228053012
 30
16.0
 11
210.87621206774415
 21
110.45577792274788
 31
16.0
 12
210.87621206774415
 22
110.45577792274788
 32
17.4
 13
211.97480100552806
 23
109.76072228053012
 33
17.4
  0
3DFACE
  5
23C
330
17
100
AcDbEntity
  8
WINDOWS
100
AcDbFace
 10
207.25762942426357
 20
112.7451840843063
 30
16.0
 11
206.15904048647965
 21
113.44023972652407
 31
16.0
 12
206.15904048647965
 22
113.44023972652407
 32
17.4
 13
207.25762942426357
 23
112.7451840843063
 33
17.4
  0
3DFACE
  5
23D
330
17
100
AcDbEntity
  8
WINDOWS
100
AcDbFace
 10
211.97480100552806
 20
109.76072228053012
 30
19.0
 11
210.87621206774415
 21
110.45577792274788
 31
19.0
 12
210.87621206774415
 22
110.45577792274788
 32
20.4
 13
211.97480100552806
 23
109.76072228053012
 33
20.4
  0
3DFACE
  5
23E
330
17
100
AcDbEntity
  8
WINDOWS
100
AcDbFace
 10
207.25762942426357
 20
112.7451840843063
 30
19.0
 11
206.15904048647965
 21
113.44023972652407
 31
19.0
 12
206.15904048647965
 22
113.44023972652407
 32
20.4
 13
207.25762942426357
 23
112.7451840843063
 33
20.4
  0
3DFACE
  5
23F
330
17
100
AcDbEntity
  8
WINDOWS
100
AcDbFace
 10
211.97480100552806
 20
109.76072228053012
 30
22.0
 11
210.87621206774415
 21
110.45577792274788
 31
22.0
 12
210.87621206774415
 22
110.45577792274788
 32
23.4
 13
211.97480100552806
 23
109.76072228053012
 33
23.4
  0
3DFACE
  5
240
330
17
100
AcDbEntity
  8
WINDOWS
100
AcDbFace
 10
207.25762942426357
 20
112.7451840843063
 30
22.0
 11
206.15904048647965
 21
113.44023972652407
 31
22.0
 12
206.15904048647965
 22
113.44023972652407
 32
23.4
 13
207.25762942426357
 23
112.7451840843063
 33
23.4
  0
3DFACE
  5
241
330
17
100
AcDbEntity
  8
WINDOWS
100
AcDbFace
 10
211.97480100552806
 20
109.76072228053012
 30
25.0
 11
210.87621206774415
 21
110.45577792274788
 31
25.0
 12
210.87621206774415
 22
110.45577792274788
 32
26.4
 13
211.97480100552806
 23
109.76072228053012
 33
26.4
  0
3DFACE
  5
242
330
17
100
AcDbEntity
  8
WINDOWS
100
AcDbFace
 10
207.25762942426357
 20
112.7451840843063
 30
25.0
 11
206.15904048647965
 21
113.44023972652407
 31
25.0
 12
206.15904048647965
 22
113.44023972652407
 32
26.4
 13
207.25762942426357
 23
112.7451840843063
 33
26.4
  0
3DFACE
  5
243
330
17
100
AcDbEntity
  8
CANOPIES
100
AcDbFace
 10
206.79079671989024
 20
121.78453892844178
 30
2.7
 11
208.18495590036906
 21
123.97915055228017
 31
2.7
 12
207.00324194907145
 22
124.72985164946107
 32
2.7
 13
205.60908276859263
 23
122.53524002562267
 33
2.7
  0
3DFACE
  5
244
330
17
100
AcDbEntity
  8
CANOPIES
100
AcDbFace
 10
207.00324194907145
 20
124.72985164946107
 30
2.7
 11
205.60908276859263
 21
122.53524002562267
 31
2.7
 12
205.60908276859263
 22
122.53524002562267
 32
2.45
 13
207.00324194907145
 23
124.72985164946107
 33
2.45
  0
CIRCLE
  5
245
330
17
100
AcDbEntity
  8
CANOPIES
100
AcDbCircle
 10
207.48787631012965
 20
122.88184474036098
 30
0.05
 40
0.5
  0
3DFACE
  5
246
330
17
100
AcDbEntity
  8
CANOPIES
100
AcDbFace
 10
212.96748656080166
 20
131.5075572980792
 30
2.7
 11
214.36164574128048
 21
133.7021689219176
 31
2.7
 12
213.17993178998287
 22
134.4528700190985
 32
2.7
 13
211.78577260950405
 23
132.2582583952601
 33
2.7
  0
3DFACE
  5
247
330
17
100
AcDbEntity
  8
CANOPIES
100
AcDbFace
 10
213.17993178998287
 20
134.4528700190985
 30
2.7
 11
211.78577260950405
 21
132.2582583952601
 31
2.7
 12
211.78577260950405
 22
132.2582583952601
 32
2.45
 13
213.17993178998287
 23
134.4528700190985
 33
2.45
  0
CIRCLE
  5
248
330
17
100
AcDbEntity
  8
CANOPIES
100
AcDbCircle
 10
213.66456615104107
 20
132.6048631099984
 30
0.05
 40
0.5
  0
TEXT
  5
249
330
17
100
AcDbEntity
  8
LABELS
100
AcDbText
 10
216.8143977188156
 20
123.79828169662505
 30
0.0
 40
2.0
  1
39 к1 h=27.0m
100
AcDbText
  0
LWPOLYLINE
  5
24A
330
17
100
AcDbEntity
  8
BUILDINGS_FOOTPRINT
100
AcDbPolyline
 90
5
 70
1
 10
91.3432075054152
 20
184.42931349109858
 10
106.78513519756962
 20
208.7366662323475
 10
119.26171235332731
 20
200.85398383624852
 10
103.81960069696652
 20
176.53545971401036
 10
91.3432075054152
 20
184.42931349109858
  0
MESH
  5
24B
330
17
100
AcDbEntity
  8
BUILDINGS_3D
100
AcDbSubDMesh
 71
2
 72
0
 91
0
 92
8
 10
91.3432075054152
 20
184.42931349109858
 30
0.0
 10
106.78513519756962
 20
208.7366662323475
 30
0.0
 10
119.26171235332731
 20
200.85398383624852
 30
0.0
 10
103.81960069696652
 20
176.53545971401036
 30
0.0
 10
91.3432075054152
 20
184.42931349109858
 30
27.0
 10
106.78513519756962
 20
208.7366662323475
 30
27.0
 10
119.26171235332731
 20
200.85398383624852
 30
27.0
 10
103.81960069696652
 20
176.53545971401036
 30
27.0
 93
30
 90
4
 90
0
 90
1
 90
2
 90
3
 90
4
 90
7
 90
6
 90
5
 90
4
 90
4
 90
0
 90
1
 90
5
 90
4
 90
4
 90
1
 90
2
 90
6
 90
5
 90
4
 90
2
 90
3
 90
7
 90
6
 90
4
 90
3
 90
0
 90
4
 90
7
 94
0
 95
0
 90
0
  0
3DFACE
  5
24C
330
17
100
AcDbEntity
  8
WINDOWS
100
AcDbFace
 10
93.26881273385108
 20
187.55368017739525
 30
1.0
 11
93.96590280313065
 21
188.65097933228046
 31
1.0
 12
93.96590280313065
 22
188.65097933228046
 32
2.4
 13
93.26881273385108
 23
187.55368017739525
 33
2.4
  0
3DFACE
  5
24D
330
17
100
AcDbEntity
  8
WINDOWS
100
AcDbFace
 10
95.97111761852713
 20
191.80741580909321
 30
1.0
 11
96.6682076878067
 21
192.90471496397842
 31
1.0
 12
96.6682076878067
 22
192.90471496397842
 32
2.4
 13
95.97111761852713
 23
191.80741580909321
 33
2.4
  0
3DFACE
  5
24E
330
17
100
AcDbEntity
  8
WINDOWS
100
AcDbFace
 10
98.67342250320318
 20
196.06115144079118
 30
1.0
 11
99.37051257248275
 21
197.15845059567638
 31
1.0
 12
99.37051257248275
 22
197.15845059567638
 32
2.4
 13
98.67342250320318
 23
196.06115144079118
 33
2.4
  0
3DFACE
  5
24F
330
17
100
AcDbEntity
  8
WINDOWS
100
AcDbFace
 10
101.37572738787924
 20
200.31488707248914
 30
1.0
 11
102.0728174571588
 21
201.41218622737435
 31
1.0
 12
102.0728174571588
 22
201.41218622737435
 32
2.4
 13
101.37572738787924
 23
200.31488707248914
 33
2.4
  0
3DFACE
  5
250
330
17
100
AcDbEntity
  8
WINDOWS
100
AcDbFace
 10
104.07803227255529
 20
204.5686227041871
 30
1.0
 11
104.77512234183486
 21
205.6659218590723
 31
1.0
 12
104.77512234183486
 22
205.6659218590723
 32
2.4
 13
104.07803227255529
 23
204.5686227041871
 33
2.4
  0
3DFACE
  5
251
330
17
100
AcDbEntity
  8
WINDOWS
100
AcDbFace
 10
93.26881273385108
 20
187.55368017739525
 30
4.0
 11
93.96590280313065
 21
188.65097933228046
 31
4.0
 12
93.96590280313065
 22
188.65097933228046
 32
5.4
 13
93.26881273385108
 23
187.55368017739525
 33
5.4
  0
3DFACE
  5
252
330
17
100
AcDbEntity
  8
WINDOWS
100
AcDbFace
 10
95.97111761852713
 20
191.80741580909321
 30
4.0
 11
96.6682076878067
 21
192.90471496397842
 31
4.0
 12
96.6682076878067
 22
192.90471496397842
 32
5.4
 13
95.97111761852713
 23
191.80741580909321
 33
5.4
  0
3DFACE
  5
253
330
17
100
AcDbEntity
  8
WINDOWS
100
AcDbFace
 10
98.67342250320318
 20
196.06115144079118
 30
4.0
 11
99.37051257248275
 21
197.15845059567638
 31
4.0
 12
99.37051257248275
 22
197.15845059567638
 32
5.4
 13
98.67342250320318
 23
196.06115144079118
 33
5.4
  0
3DFACE
  5
254
330
17
100
AcDbEntity
  8
WINDOWS
100
AcDbFace
 10
101.37572738787924
 20
200.31488707248914
 30
4.0
 11
102.0728174571588
 21
201.41218622737435
 31
4.0
 12
102.0728174571588
 22
201.41218622737435
 32
5.4
 13
101.37572738787924
 23
200.31488707248914
 33
5.4
  0
3DFACE
  5
255
330
17
100
AcDbEntity
  8
WINDOWS
100
AcDbFace
 10
104.07803227255529
 20
204.5686227041871
 30
4.0
 11
104.77512234183486
 21
205.6659218590723
 31
4.0
 12
104.77512234183486
 22
205.6659218590723
 32
5.4
 13
104.07803227255529
 23
204.5686227041871
 33
5.4
  0
3DFACE
  5
256
330
17
100
AcDbEntity
  8
WINDOWS
100
AcDbFace
 10
93.26881273385108
 20
187.55368017739525
 30
7.0
 11
93.96590280313065
 21
188.65097933228046
 31
7.0
 12
93.96590280313065
 22
188.65097933228046
 32
8.4
 13
93.26881273385108
 23
187.55368017739525
 33
8.4
  0
3DFACE
  5
257
330
17
100
AcDbEntity
  8
WINDOWS
100
AcDbFace
 10
95.97111761852713
 20
191.80741580909321
 30
7.0
 11
96.6682076878067
 21
192.90471496397842
 31
7.0
 12
96.6682076878067
 22
192.90471496397842
 32
8.4
 13
95.97111761852713
 23
191.80741580909321
 33
8.4
  0
3DFACE
  5
258
330
17
100
AcDbEntity
  8
WINDOWS
100
AcDbFace
 10
98.67342250320318
 20
196.06115144079118
 30
7.0
 11
99.37051257248275
 21
197.15845059567638
 31
7.0
 12
99.37051257248275
 22
197.15845059567638
 32
8.4
 13
98.67342250320318
 23
196.06115144079118
 33
8.4
  0
3DFACE
  5
259
330
17
100
AcDbEntity
  8
WINDOWS
100
AcDbFace
 10
101.37572738787924
 20
200.31488707248914
 30
7.0
 11
102.0728174571588
 21
201.41218622737435
 31
7.0
 12
102.0728174571588
 22
201.41218622737435
 32
8.4
 13
101.37572738787924
 23
200.31488707248914
 33
8.4
  0
3DFACE
  5
25A
330
17
100
AcDbEntity
  8
WINDOWS
100
AcDbFace
 10
104.07803227255529
 20
204.5686227041871
 30
7.0
 11
104.77512234183486
 21
205.6659218590723
 31
7.0
 12
104.77512234183486
 22
205.6659218590723
 32
8.4
 13
104.07803227255529
 23
204.5686227041871
 33
8.4
  0
3DFACE
  5
25B
330
17
100
AcDbEntity
  8
WINDOWS
100
AcDbFace
 10
93.26881273385108
 20
187.55368017739525
 30
10.0
 11
93.96590280313065
 21
188.65097933228046
 31
10.0
 12
93.96590280313065
 22
188.65097933228046
 32
11.4
 13
93.26881273385108
 23
187.55368017739525
 33
11.4
  0
3DFACE
  5
25C
330
17
100
AcDbEntity
  8
WINDOWS
100
AcDbFace
 10
95.97111761852713
 20
191.80741580909321
 30
10.0
 11
96.6682076878067
 21
192.90471496397842
 31
10.0
 12
96.6682076878067
 22
192.90471496397842
 32
11.4
 13
95.97111761852713
 23
191.80741580909321
 33
11.4
  0
3DFACE
  5
25D
330
17
100
AcDbEntity
  8
WINDOWS
100
AcDbFace
 10
98.67342250320318
 20
196.06115144079118
 30
10.0
 11
99.37051257248275
 21
197.15845059567638
 31
10.0
 12
99.37051257248275
 22
197.15845059567638
 32
11.4
 13
98.67342250320318
 23
196.06115144079118
 33
11.4
  0
3DFACE
  5
25E
330
17
100
AcDbEntity
  8
WINDOWS
100
AcDbFace
 10
101.37572738787924
 20
200.31488707248914
 30
10.0
 11
102.0728174571588
 21
201.41218622737435
 31
10.0
 12
102.0728174571588
 22
201.41218622737435
 32
11.4
 13
101.37572738787924
 23
200.31488707248914
 33
11.4
  0
3DFACE
  5
25F
330
17
100
AcDbEntity
  8
WINDOWS
100
AcDbFace
 10
104.07803227255529
 20
204.5686227041871
 30
10.0
 11
104.77512234183486
 21
205.6659218590723
 31
10.0
 12
104.77512234183486
 22
205.6659218590723
 32
11.4
 13
104.07803227255529
 23
204.5686227041871
 33
11.4
  0
3DFACE
  5
260
330
17
100
AcDbEntity
  8
WINDOWS
100
AcDbFace
 10
93.26881273385108
 20
187.55368017739525
 30
13.0
 11
93.96590280313065
 21
188.65097933228046
 31
13.0
 12
93.96590280313065
 22
188.65097933228046
 32
14.4
 13
93.26881273385108
 23
187.55368017739525
 33
14.4
  0
3DFACE
  5
261
330
17
100
AcDbEntity
  8
WINDOWS
100
AcDbFace
 10
95.97111761852713
 20
191.80741580909321
 30
13.0
 11
96.6682076878067
 21
192.90471496397842
 31
13.0
 12
96.6682076878067
 22
192.90471496397842
 32
14.4
 13
95.97111761852713
 23
191.80741580909321
 33
14.4
  0
3DFACE
  5
262
330
17
100
AcDbEntity
  8
WINDOWS
100
AcDbFace
 10
98.67342250320318
 20
196.06115144079118
 30
13.0
 11
99.37051257248275
 21
197.15845059567638
 31
13.0
 12
99.37051257248275
 22
197.15845059567638
 32
14.4
 13
98.67342250320318
 23
196.06115144079118
 33
14.4
  0
3DFACE
  5
263
330
17
100
AcDbEntity
  8
WINDOWS
100
AcDbFace
 10
101.37572738787924
 20
200.31488707248914
 30
13.0
 11
102.0728174571588
 21
201.41218622737435
 31
13.0
 12
102.0728174571588
 22
201.41218622737435
 32
14.4
 13
101.37572738787924
 23
200.31488707248914
 33
14.4
  0
3DFACE
  5
264
330
17
100
AcDbEntity
  8
WINDOWS
100
AcDbFace
 10
104.07803227255529
 20
204.5686227041871
 30
13.0
 11
104.77512234183486
 21
205.6659218590723
 31
13.0
 12
104.77512234183486
 22
205.6659218590723
 32
14.4
 13
104.07803227255529
 23
204.5686227041871
 33
14.4
  0
3DFACE
  5
265
330
17
100
AcDbEntity
  8
WINDOWS
100
AcDbFace
 10
93.26881273385108
 20
187.55368017739525
 30
16.0
 11
93.96590280313065
 21
188.65097933228046
 31
16.0
 12
93.96590280313065
 22
188.65097933228046
 32
17.4
 13
93.26881273385108
 23
187.55368017739525
 33
17.4
  0
3DFACE
  5
266
330
17
100
AcDbEntity
  8
WINDOWS
100
AcDbFace
 10
95.97111761852713
 20
191.80741580909321
 30
16.0
 11
96.6682076878067
 21
192.90471496397842
 31
16.0
 12
96.6682076878067
 22
192.90471496397842
 32
17.4
 13
95.97111761852713
 23
191.80741580909321
 33
17.4
  0
3DFACE
  5
267
330
17
100
AcDbEntity
  8
WINDOWS
100
AcDbFace
 10
98.67342250320318
 20
196.06115144079118
 30
16.0
 11
99.37051257248275
 21
197.15845059567638
 31
16.0
 12
99.37051257248275
 22
197.15845059567638
 32
17.4
 13
98.67342250320318
 23
196.06115144079118
 33
17.4
  0
3DFACE
  5
268
330
17
100
AcDbEntity
  8
WINDOWS
100
AcDbFace
 10
101.37572738787924
 20
200.31488707248914
 30
16.0
 11
102.0728174571588
 21
201.41218622737435
 31
16.0
 12
102.0728174571588
 22
201.41218622737435
 32
17.4
 13
101.37572738787924
 23
200.31488707248914
 33
17.4
  0
3DFACE
  5
269
330
17
100
AcDbEntity
  8
WINDOWS
100
AcDbFace
 10
104.07803227255529
 20
204.5686227041871
 30
16.0
 11
104.77512234183486
 21
205.6659218590723
 31
16.0
 12
104.77512234183486
 22
205.6659218590723
 32
17.4
 13
104.07803227255529
 23
204.5686227041871
 33
17.4
  0
3DFACE
  5
26A
330
17
100
AcDbEntity
  8
WINDOWS
100
AcDbFace
 10
93.26881273385108
 20
187.55368017739525
 30
19.0
 11
93.96590280313065
 21
188.65097933228046
 31
19.0
 12
93.96590280313065
 22
188.65097933228046
 32
20.4
 13
93.26881273385108
 23
187.55368017739525
 33
20.4
  0
3DFACE
  5
26B
330
17
100
AcDbEntity
  8
WINDOWS
100
AcDbFace
 10
95.97111761852713
 20
191.80741580909321
 30
19.0
 11
96.6682076878067
 21
192.90471496397842
 31
19.0
 12
96.6682076878067
 22
192.90471496397842
 32
20.4
 13
95.97111761852713
 23
191.80741580909321
 33
20.4
  0
3DFACE
  5
26C
330
17
100
AcDbEntity
  8
WINDOWS
100
AcDbFace
 10
98.67342250320318
 20
196.06115144079118
 30
19.0
 11
99.37051257248275
 21
197.15845059567638
 31
19.0
 12
99.37051257248275
 22
197.15845059567638
 32
20.4
 13
98.67342250320318
 23
196.06115144079118
 33
20.4
  0
3DFACE
  5
26D
330
17
100
AcDbEntity
  8
WINDOWS
100
AcDbFace
 10
101.37572738787924
 20
200.31488707248914
 30
19.0
 11
102.0728174571588
 21
201.41218622737435
 31
19.0
 12
102.0728174571588
 22
201.41218622737435
 32
20.4
 13
101.37572738787924
 23
200.31488707248914
 33
20.4
  0
3DFACE
  5
26E
330
17
100
AcDbEntity
  8
WINDOWS
100
AcDbFace
 10
104.07803227255529
 20
204.5686227041871
 30
19.0
 11
104.77512234183486
 21
205.6659218590723
 31
19.0
 12
104.77512234183486
 22
205.6659218590723
 32
20.4
 13
104.07803227255529
 23
204.5686227041871
 33
20.4
  0
3DFACE
  5
26F
330
17
100
AcDbEntity
  8
WINDOWS
100
AcDbFace
 10
93.26881273385108
 20
187.55368017739525
 30
22.0
 11
93.96590280313065
 21
188.65097933228046
 31
22.0
 12
93.96590280313065
 22
188.65097933228046
 32
23.4
 13
93.26881273385108
 23
187.55368017739525
 33
23.4
  0
3DFACE
  5
270
330
17
100
AcDbEntity
  8
WINDOWS
100
AcDbFace
 10
95.97111761852713
 20
191.80741580909321
 30
22.0
 11
96.6682076878067
 21
192.90471496397842
 31
22.0
 12
96.6682076878067
 22
192.90471496397842
 32
23.4
 13
95.97111761852713
 23
191.80741580909321
 33
23.4
  0
3DFACE
  5
271
330
17
100
AcDbEntity
  8
WINDOWS
100
AcDbFace
 10
98.67342250320318
 20
196.06115144079118
 30
22.0
 11
99.37051257248275
 21
197.15845059567638
 31
22.0
 12
99.37051257248275
 22
197.15845059567638
 32
23.4
 13
98.67342250320318
 23
196.06115144079118
 33
23.4
  0
3DFACE
  5
272
330
17
100
AcDbEntity
  8
WINDOWS
100
AcDbFace
 10
101.37572738787924
 20
200.31488707248914
 30
22.0
 11
102.0728174571588
 21
201.41218622737435
 31
22.0
 12
102.0728174571588
 22
201.41218622737435
 32
23.4
 13
101.37572738787924
 23
200.31488707248914
 33
23.4
  0
3DFACE
  5
273
330
17
100
AcDbEntity
  8
WINDOWS
100
AcDbFace
 10
104.07803227255529
 20
204.5686227041871
 30
22.0
 11
104.77512234183486
 21
205.6659218590723
 31
22.0
 12
104.77512234183486
 22
205.6659218590723
 32
23.4
 13
104.07803227255529
 23
204.5686227041871
 33
23.4
  0
3DFACE
  5
274
330
17
100
AcDbEntity
  8
WINDOWS
100
AcDbFace
 10
93.26881273385108
 20
187.55368017739525
 30
25.0
 11
93.96590280313065
 21
188.65097933228046
 31
25.0
 12
93.96590280313065
 22
188.65097933228046
 32
26.4
 13
93.26881273385108
 23
187.55368017739525
 33
26.4
  0
3DFACE
  5
275
330
17
100
AcDbEntity
  8
WINDOWS
100
AcDbFace
 10
95.97111761852713
 20
191.80741580909321
 30
25.0
 11
96.6682076878067
 21
192.90471496397842
 31
25.0
 12
96.6682076878067
 22
192.90471496397842
 32
26.4
 13
95.97111761852713
 23
191.80741580909321
 33
26.4
  0
3DFACE
  5
276
330
17
100
AcDbEntity
  8
WINDOWS
100
AcDbFace
 10
98.67342250320318
 20
196.06115144079118
 30
25.0
 11
99.37051257248275
 21
197.15845059567638
 31
25.0
 12
99.37051257248275
 22
197.15845059567638
 32
26.4
 13
98.67342250320318
 23
196.06115144079118
 33
26.4
  0
3DFACE
  5
277
330
17
100
AcDbEntity
  8
WINDOWS
100
AcDbFace
 10
101.37572738787924
 20
200.31488707248914
 30
25.0
 11
102.0728174571588
 21
201.41218622737435
 31
25.0
 12
102.0728174571588
 22
201.41218622737435
 32
26.4
 13
101.37572738787924
 23
200.31488707248914
 33
26.4
  0
3DFACE
  5
278
330
17
100
AcDbEntity
  8
WINDOWS
100
AcDbFace
 10
104.07803227255529
 20
204.5686227041871
 30
25.0
 11
104.77512234183486
 21
205.6659218590723
 31
25.0
 12
104.77512234183486
 22
205.6659218590723
 32
26.4
 13
104.07803227255529
 23
204.5686227041871
 33
26.4
  0
3DFACE
  5
279
330
17
100
AcDbEntity
  8
WINDOWS
100
AcDbFace
 10
110.14233704473058
 20
206.67473447524551
 30
1.0
 11
111.2413636777611
 21
205.9803711266379
 31
1.0
 12
111.2413636777611
 22
205.9803711266379
 32
2.4
 13
110.14233704473058
 23
206.67473447524551
 33
2.4
  0
3DFACE
  5
27A
330
17
100
AcDbEntity
  8
WINDOWS
100
AcDbFace
 10
114.85889643841334
 20
203.69481945219124
 30
1.0
 11
115.95792307144386
 21
203.00045610358362
 31
1.0
 12
115.95792307144386
 22
203.00045610358362
 32
2.4
 13
114.85889643841334
 23
203.69481945219124
 33
2.4
  0
3DFACE
  5
27B
330
17
100
AcDbEntity
  8
WINDOWS
100
AcDbFace
 10
110.14233704473058
 20
206.67473447524551
 30
4.0
 11
111.2413636777611
 21
205.9803711266379
 31
4.0
 12
111.2413636777611
 22
205.9803711266379
 32
5.4
 13
110.14233704473058
 23
206.67473447524551
 33
5.4
  0
3DFACE
  5
27C
330
17
100
AcDbEntity
  8
WINDOWS
100
AcDbFace
 10
114.85889643841334
 20
203.69481945219124
 30
4.0
 11
115.95792307144386
 21
203.00045610358362
 31
4.0
 12
115.95792307144386
 22
203.00045610358362
 32
5.4
 13
114.85889643841334
 23
203.69481945219124
 33
5.4
  0
3DFACE
  5
27D
330
17
100
AcDbEntity
  8
WINDOWS
100
AcDbFace
 10
110.14233704473058
 20
206.67473447524551
 30
7.0
 11
111.2413636777611
 21
205.9803711266379
 31
7.0
 12
111.2413636777611
 22
205.9803711266379
 32
8.4
 13
110.14233704473058
 23
206.67473447524551
 33
8.4
  0
3DFACE
  5
27E
330
17
100
AcDbEntity
  8
WINDOWS
100
AcDbFace
 10
114.85889643841334
 20
203.69481945219124
 30
7.0
 11
115.95792307144386
 21
203.00045610358362
 31
7.0
 12
115.95792307144386
 22
203.00045610358362
 32
8.4
 13
114.85889643841334
 23
203.69481945219124
 33
8.4
  0
3DFACE
  5
27F
330
17
100
AcDbEntity
  8
WINDOWS
100
AcDbFace
 10
110.14233704473058
 20
206.67473447524551
 30
10.0
 11
111.2413636777611
 21
205.9803711266379
 31
10.0
 12
111.2413636777611
 22
205.9803711266379
 32
11.4
 13
110.14233704473058
 23
206.67473447524551
 33
11.4
  0
3DFACE
  5
280
330
17
100
AcDbEntity
  8
WINDOWS
100
AcDbFace
 10
114.85889643841334
 20
203.69481945219124
 30
10.0
 11
115.95792307144386
 21
203.00045610358362
 31
10.0
 12
115.95792307144386
 22
203.00045610358362
 32
11.4
 13
114.85889643841334
 23
203.69481945219124
 33
11.4
  0
3DFACE
  5
281
330
17
100
AcDbEntity
  8
WINDOWS
100
AcDbFace
 10
110.14233704473058
 20
206.67473447524551
 30
13.0
 11
111.2413636777611
 21
205.9803711266379
 31
13.0
 12
111.2413636777611
 22
205.9803711266379
 32
14.4
 13
110.14233704473058
 23
206.67473447524551
 33
14.4
  0
3DFACE
  5
282
330
17
100
AcDbEntity
  8
WINDOWS
100
AcDbFace
 10
114.85889643841334
 20
203.69481945219124
 30
13.0
 11
115.95792307144386
 21
203.00045610358362
 31
13.0
 12
115.95792307144386
 22
203.00045610358362
 32
14.4
 13
114.85889643841334
 23
203.69481945219124
 33
14.4
  0
3DFACE
  5
283
330
17
100
AcDbEntity
  8
WINDOWS
100
AcDbFace
 10
110.14233704473058
 20
206.67473447524551
 30
16.0
 11
111.2413636777611
 21
205.9803711266379
 31
16.0
 12
111.2413636777611
 22
205.9803711266379
 32
17.4
 13
110.14233704473058
 23
206.67473447524551
 33
17.4
  0
3DFACE
  5
284
330
17
100
AcDbEntity
  8
WINDOWS
100
AcDbFace
 10
114.85889643841334
 20
203.69481945219124
 30
16.0
 11
115.95792307144386
 21
203.00045610358362
 31
16.0
 12
115.95792307144386
 22
203.00045610358362
 32
17.4
 13
114.85889643841334
 23
203.69481945219124
 33
17.4
  0
3DFACE
  5
285
330
17
100
AcDbEntity
  8
WINDOWS
100
AcDbFace
 10
110.14233704473058
 20
206.67473447524551
 30
19.0
 11
111.2413636777611
 21
205.9803711266379
 31
19.0
 12
111.2413636777611
 22
205.9803711266379
 32
20.4
 13
110.14233704473058
 23
206.67473447524551
 33
20.4
  0
3DFACE
  5
286
330
17
100
AcDbEntity
  8
WINDOWS
100
AcDbFace
 10
114.85889643841334
 20
203.69481945219124
 30
19.0
 11
115.95792307144386
 21
203.00045610358362
 31
19.0
 12
115.95792307144386
 22
203.00045610358362
 32
20.4
 13
114.85889643841334
 23
203.69481945219124
 33
20.4
  0
3DFACE
  5
287
330
17
100
AcDbEntity
  8
WINDOWS
100
AcDbFace
 10
110.14233704473058
 20
206.67473447524551
 30
22.0
 11
111.2413636777611
 21
205.9803711266379
 31
22.0
 12
111.2413636777611
 22
205.9803711266379
 32
23.4
 13
110.14233704473058
 23
206.67473447524551
 33
23.4
  0
3DFACE
  5
288
330
17
100
AcDbEntity
  8
WINDOWS
100
AcDbFace
 10
114.85889643841334
 20
203.69481945219124
 30
22.0
 11
115.95792307144386
 21
203.00045610358362
 31
22.0
 12
115.95792307144386
 22
203.00045610358362
 32
23.4
 13
114.85889643841334
 23
203.69481945219124
 33
23.4
  0
3DFACE
  5
289
330
17
100
AcDbEntity
  8
WINDOWS
100
AcDbFace
 10
110.14233704473058
 20
206.67473447524551
 30
25.0
 11
111.2413636777611
 21
205.9803711266379
 31
25.0
 12
111.2413636777611
 22
205.9803711266379
 32
26.4
 13
110.14233704473058
 23
206.67473447524551
 33
26.4
  0
3DFACE
  5
28A
330
17
100
AcDbEntity
  8
WINDOWS
100
AcDbFace
 10
114.85889643841334
 20
203.69481945219124
 30
25.0
 11
115.95792307144386
 21
203.00045610358362
 31
25.0
 12
115.95792307144386
 22
203.00045610358362
 32
26.4
 13
114.85889643841334
 23
203.69481945219124
 33
26.4
  0
3DFACE
  5
28B
330
17
100
AcDbEntity
  8
WINDOWS
100
AcDbFace
 10
117.56143463484901
 20
198.08308041152156
 30
1.0
 11
116.86456684518402
 21
196.9856400788713
 31
1.0
 12
116.86456684518402
 22
196.9856400788713
 32
2.4
 13
117.56143463484901
 23
198.08308041152156
 33
2.4
  0
3DFACE
  5
28C
330
17
100
AcDbEntity
  8
WINDOWS
100
AcDbFace
 10
113.05732665780411
 20
190.9899275496321
 30
1.0
 11
112.36045886813912
 21
189.89248721698186
 31
1.0
 12
112.36045886813912
 22
189.89248721698186
 32
2.4
 13
113.05732665780411
 23
190.9899275496321
 33
2.4
  0
3DFACE
  5
28D
330
17
100
AcDbEntity
  8
WINDOWS
100
AcDbFace
 10
110.80527266928166
 20
187.44335111868742
 30
1.0
 11
110.10840487961667
 21
186.34591078603717
 31
1.0
 12
110.10840487961667
 22
186.34591078603717
 32
2.4
 13
110.80527266928166
 23
187.44335111868742
 33
2.4
  0
3DFACE
  5
28E
330
17
100
AcDbEntity
  8
WINDOWS
100
AcDbFace
 10
106.30116469223677
 20
180.35019825679797
 30
1.0
 11
105.60429690257178
 21
179.25275792414772
 31
1.0
 12
105.60429690257178
 22
179.25275792414772
 32
2.4
 13
106.30116469223677
 23
180.35019825679797
 33
2.4
  0
3DFACE
  5
28F
330
17
100
AcDbEntity
  8
WINDOWS
100
AcDbFace
 10
117.56143463484901
 20
198.08308041152156
 30
4.0
 11
116.86456684518402
 21
196.9856400788713
 31
4.0
 12
116.86456684518402
 22
196.9856400788713
 32
5.4
 13
117.56143463484901
 23
198.08308041152156
 33
5.4
  0
3DFACE
  5
290
330
17
100
AcDbEntity
  8
WINDOWS
100
AcDbFace
 10
115.30938064632656
 20
194.53650398057684
 30
4.0
 11
114.61251285666157
 21
193.4390636479266
 31
4.0
 12
114.61251285666157
 22
193.4390636479266
 32
5.4
 13
115.30938064632656
 23
194.53650398057684
 33
5.4
  0
3DFACE
  5
291
330
17
100
AcDbEntity
  8
WINDOWS
100
AcDbFace
 10
113.05732665780411
 20
190.9899275496321
 30
4.0
 11
112.36045886813912
 21
189.89248721698186
 31
4.0
 12
112.36045886813912
 22
189.89248721698186
 32
5.4
 13
113.05732665780411
 23
190.9899275496321
 33
5.4
  0
3DFACE
  5
292
330
17
100
AcDbEntity
  8
WINDOWS
100
AcDbFace
 10
110.80527266928166
 20
187.44335111868742
 30
4.0
 11
110.10840487961667
 21
186.34591078603717
 31
4.0
 12
110.10840487961667
 22
186.34591078603717
 32
5.4
 13
110.80527266928166
 23
187.44335111868742
 33
5.4
  0
3DFACE
  5
293
330
17
100
AcDbEntity
  8
WINDOWS
100
AcDbFace
 10
108.55321868075922
 20
183.8967746877427
 30
4.0
 11
107.85635089109422
 21
182.79933435509244
 31
4.0
 12
107.85635089109422
 22
182.79933435509244
 32
5.4
 13
108.55321868075922
 23
183.8967746877427
 33
5.4
  0
3DFACE
  5
294
330
17
100
AcDbEntity
  8
WINDOWS
100
AcDbFace
 10
106.30116469223677
 20
180.35019825679797
 30
4.0
 11
105.60429690257178
 21
179.25275792414772
 31
4.0
 12
105.60429690257178
 22
179.25275792414772
 32
5.4
 13
106.30116469223677
 23
180.35019825679797
 33
5.4
  0
3DFACE
  5
295
330
17
100
AcDbEntity
  8
WINDOWS
100
AcDbFace
 10
117.56143463484901
 20
198.08308041152156
 30
7.0
 11
116.86456684518402
 21
196.9856400788713
 31
7.0
 12
116.86456684518402
 22
196.9856400788713
 32
8.4
 13
117.56143463484901
 23
198.08308041152156
 33
8.4
  0
3DFACE
  5
296
330
17
100
AcDbEntity
  8
WINDOWS
100
AcDbFace
 10
115.30938064632656
 20
194.53650398057684
 30
7.0
 11
114.61251285666157
 21
193.4390636479266
 31
7.0
 12
114.61251285666157
 22
193.4390636479266
 32
8.4
 13
115.30938064632656
 23
194.53650398057684
 33
8.4
  0
3DFACE
  5
297
330
17
100
AcDbEntity
  8
WINDOWS
100
AcDbFace
 10
113.05732665780411
 20
190.9899275496321
 30
7.0
 11
112.36045886813912
 21
189.89248721698186
 31
7.0
 12
112.36045886813912
 22
189.89248721698186
 32
8.4
 13
113.05732665780411
 23
190.9899275496321
 33
8.4
  0
3DFACE
  5
298
330
17
100
AcDbEntity
  8
WINDOWS
100
AcDbFace
 10
110.80527266928166
 20
187.44335111868742
 30
7.0
 11
110.10840487961667
 21
186.34591078603717
 31
7.0
 12
110.10840487961667
 22
186.34591078603717
 32
8.4
 13
110.80527266928166
 23
187.44335111868742
 33
8.4
  0
3DFACE
  5
299
330
17
100
AcDbEntity
  8
WINDOWS
100
AcDbFace
 10
108.55321868075922
 20
183.8967746877427
 30
7.0
 11
107.85635089109422
 21
182.79933435509244
 31
7.0
 12
107.85635089109422
 22
182.79933435509244
 32
8.4
 13
108.55321868075922
 23
183.8967746877427
 33
8.4
  0
3DFACE
  5
29A
330
17
100
AcDbEntity
  8
WINDOWS
100
AcDbFace
 10
106.30116469223677
 20
180.35019825679797
 30
7.0
 11
105.60429690257178
 21
179.25275792414772
 31
7.0
 12
105.60429690257178
 22
179.25275792414772
 32
8.4
 13
106.30116469223677
 23
180.35019825679797
 33
8.4
  0
3DFACE
  5
29B
330
17
100
AcDbEntity
  8
WINDOWS
100
AcDbFace
 10
117.56143463484901
 20
198.08308041152156
 30
10.0
 11
116.86456684518402
 21
196.9856400788713
 31
10.0
 12
116.86456684518402
 22
196.9856400788713
 32
11.4
 13
117.56143463484901
 23
198.08308041152156
 33
11.4
  0
3DFACE
  5
29C
330
17
100
AcDbEntity
  8
WINDOWS
100
AcDbFace
 10
115.30938064632656
 20
194.53650398057684
 30
10.0
 11
114.61251285666157
 21
193.4390636479266
 31
10.0
 12
114.61251285666157
 22
193.4390636479266
 32
11.4
 13
115.30938064632656
 23
194.53650398057684
 33
11.4
  0
3DFACE
  5
29D
330
17
100
AcDbEntity
  8
WINDOWS
100
AcDbFace
 10
113.05732665780411
 20
190.9899275496321
 30
10.0
 11
112.36045886813912
 21
189.89248721698186
 31
10.0
 12
112.36045886813912
 22
189.89248721698186
 32
11.4
 13
113.05732665780411
 23
190.9899275496321
 33
11.4
  0
3DFACE
  5
29E
330
17
100
AcDbEntity
  8
WINDOWS
100
AcDbFace
 10
110.80527266928166
 20
187.44335111868742
 30
10.0
 11
110.10840487961667
 21
186.34591078603717
 31
10.0
 12
110.10840487961667
 22
186.34591078603717
 32
11.4
 13
110.80527266928166
 23
187.44335111868742
 33
11.4
  0
3DFACE
  5
29F
330
17
100
AcDbEntity
  8
WINDOWS
100
AcDbFace
 10
108.55321868075922
 20
183.8967746877427
 30
10.0
 11
107.85635089109422
 21
182.79933435509244
 31
10.0
 12
107.85635089109422
 22
182.79933435509244
 32
11.4
 13
108.55321868075922
 23
183.8967746877427
 33
11.4
  0
3DFACE
  5
2A0
330
17
100
AcDbEntity
  8
WINDOWS
100
AcDbFace
 10
106.30116469223677
 20
180.35019825679797
 30
10.0
 11
105.60429690257178
 21
179.25275792414772
 31
10.0
 12
105.60429690257178
 22
179.25275792414772
 32
11.4
 13
106.30116469223677
 23
180.35019825679797
 33
11.4
  0
3DFACE
  5
2A1
330
17
100
AcDbEntity
  8
WINDOWS
100
AcDbFace
 10
117.56143463484901
 20
198.08308041152156
 30
13.0
 11
116.86456684518402
 21
196.9856400788713
 31
13.0
 12
116.86456684518402
 22
196.9856400788713
 32
14.4
 13
117.56143463484901
 23
198.08308041152156
 33
14.4
  0
3DFACE
  5
2A2
330
17
100
AcDbEntity
  8
WINDOWS
100
AcDbFace
 10
115.30938064632656
 20
194.53650398057684
 30
13.0
 11
114.61251285666157
 21
193.4390636479266
 31
13.0
 12
114.61251285666157
 22
193.4390636479266
 32
14.4
 13
115.30938064632656
 23
194.53650398057684
 33
14.4
  0
3DFACE
  5
2A3
330
17
100
AcDbEntity
  8
WINDOWS
100
AcDbFace
 10
113.05732665780411
 20
190.9899275496321
 30
13.0
 11
112.36045886813912
 21
189.89248721698186
 31
13.0
 12
112.36045886813912
 22
189.89248721698186
 32
14.4
 13
113.05732665780411
 23
190.9899275496321
 33
14.4
  0
3DFACE
  5
2A4
330
17
100
AcDbEntity
  8
WINDOWS
100
AcDbFace
 10
110.80527266928166
 20
187.44335111868742
 30
13.0
 11
110.10840487961667
 21
186.34591078603717
 31
13.0
 12
110.10840487961667
 22
186.34591078603717
 32
14.4
 13
110.80527266928166
 23
187.44335111868742
 33
14.4
  0
3DFACE
  5
2A5
330
17
100
AcDbEntity
  8
WINDOWS
100
AcDbFace
 10
108.55321868075922
 20
183.8967746877427
 30
13.0
 11
107.85635089109422
 21
182.79933435509244
 31
13.0
 12
107.85635089109422
 22
182.79933435509244
 32
14.4
 13
108.55321868075922
 23
183.8967746877427
 33
14.4
  0
3DFACE
  5
2A6
330
17
100
AcDbEntity
  8
WINDOWS
100
AcDbFace
 10
106.30116469223677
 20
180.35019825679797
 30
13.0
 11
105.60429690257178
 21
179.25275792414772
 31
13.0
 12
105.60429690257178
 22
179.25275792414772
 32
14.4
 13
106.30116469223677
 23
180.35019825679797
 33
14.4
  0
3DFACE
  5
2A7
330
17
100
AcDbEntity
  8
WINDOWS
100
AcDbFace
 10
117.56143463484901
 20
198.08308041152156
 30
16.0
 11
116.86456684518402
 21
196.9856400788713
 31
16.0
 12
116.86456684518402
 22
196.9856400788713
 32
17.4
 13
117.56143463484901
 23
198.08308041152156
 33
17.4
  0
3DFACE
  5
2A8
330
17
100
AcDbEntity
  8
WINDOWS
100
AcDbFace
 10
115.30938064632656
 20
194.53650398057684
 30
16.0
 11
114.61251285666157
 21
193.4390636479266
 31
16.0
 12
114.61251285666157
 22
193.4390636479266
 32
17.4
 13
115.30938064632656
 23
194.53650398057684
 33
17.4
  0
3DFACE
  5
2A9
330
17
100
AcDbEntity
  8
WINDOWS
100
AcDbFace
 10
113.05732665780411
 20
190.9899275496321
 30
16.0
 11
112.36045886813912
 21
189.89248721698186
 31
16.0
 12
112.36045886813912
 22
189.89248721698186
 32
17.4
 13
113.05732665780411
 23
190.9899275496321
 33
17.4
  0
3DFACE
  5
2AA
330
17
100
AcDbEntity
  8
WINDOWS
100
AcDbFace
 10
110.80527266928166
 20
187.44335111868742
 30
16.0
 11
110.10840487961667
 21
186.34591078603717
 31
16.0
 12
110.10840487961667
 22
186.34591078603717
 32
17.4
 13
110.80527266928166
 23
187.44335111868742
 33
17.4
  0
3DFACE
  5
2AB
330
17
100
AcDbEntity
  8
WINDOWS
100
AcDbFace
 10
108.55321868075922
 20
183.8967746877427
 30
16.0
 11
107.85635089109422
 21
182.79933435509244
 31
16.0
 12
107.85635089109422
 22
182.79933435509244
 32
17.4
 13
108.55321868075922
 23
183.8967746877427
 33
17.4
  0
3DFACE
  5
2AC
330
17
100
AcDbEntity
  8
WINDOWS
100
AcDbFace
 10
106.30116469223677
 20
180.35019825679797
 30
16.0
 11
105.60429690257178
 21
179.25275792414772
 31
16.0
 12
105.60429690257178
 22
179.25275792414772
 32
17.4
 13
106.30116469223677
 23
180.35019825679797
 33
17.4
  0
3DFACE
  5
2AD
330
17
100
AcDbEntity
  8
WINDOWS
100
AcDbFace
 10
117.56143463484901
 20
198.08308041152156
 30
19.0
 11
116.86456684518402
 21
196.9856400788713
 31
19.0
 12
116.86456684518402
 22
196.9856400788713
 32
20.4
 13
117.56143463484901
 23
198.08308041152156
 33
20.4
  0
3DFACE
  5
2AE
330
17
100
AcDbEntity
  8
WINDOWS
100
AcDbFace
 10
115.30938064632656
 20
194.53650398057684
 30
19.0
 11
114.61251285666157
 21
193.4390636479266
 31
19.0
 12
114.61251285666157
 22
193.4390636479266
 32
20.4
 13
115.30938064632656
 23
194.53650398057684
 33
20.4
  0
3DFACE
  5
2AF
330
17
100
AcDbEntity
  8
WINDOWS
100
AcDbFace
 10
113.05732665780411
 20
190.9899275496321
 30
19.0
 11
112.36045886813912
 21
189.89248721698186
 31
19.0
 12
112.36045886813912
 22
189.89248721698186
 32
20.4
 13
113.05732665780411
 23
190.9899275496321
 33
20.4
  0
3DFACE
  5
2B0
330
17
100
AcDbEntity
  8
WINDOWS
100
AcDbFace
 10
110.80527266928166
 20
187.44335111868742
 30
19.0
 11
110.10840487961667
 21
186.34591078603717
 31
19.0
 12
110.10840487961667
 22
186.34591078603717
 32
20.4
 13
110.80527266928166
 23
187.44335111868742
 33
20.4
  0
3DFACE
  5
2B1
330
17
100
AcDbEntity
  8
WINDOWS
100
AcDbFace
 10
108.55321868075922
 20
183.8967746877427
 30
19.0
 11
107.85635089109422
 21
182.79933435509244
 31
19.0
 12
107.85635089109422
 22
182.79933435509244
 32
20.4
 13
108.55321868075922
 23
183.8967746877427
 33
20.4
  0
3DFACE
  5
2B2
330
17
100
AcDbEntity
  8
WINDOWS
100
AcDbFace
 10
106.30116469223677
 20
180.35019825679797
 30
19.0
 11
105.60429690257178
 21
179.25275792414772
 31
19.0
 12
105.60429690257178
 22
179.25275792414772
 32
20.4
 13
106.30116469223677
 23
180.35019825679797
 33
20.4
  0
3DFACE
  5
2B3
330
17
100
AcDbEntity
  8
WINDOWS
100
AcDbFace
 10
117.56143463484901
 20
198.08308041152156
 30
22.0
 11
116.86456684518402
 21
196.9856400788713
 31
22.0
 12
116.86456684518402
 22
196.9856400788713
 32
23.4
 13
117.56143463484901
 23
198.08308041152156
 33
23.4
  0
3DFACE
  5
2B4
330
17
100
AcDbEntity
  8
WINDOWS
100
AcDbFace
 10
115.30938064632656
 20
194.53650398057684
 30
22.0
 11
114.61251285666157
 21
193.4390636479266
 31
22.0
 12
114.61251285666157
 22
193.4390636479266
 32
23.4
 13
115.30938064632656
 23
194.53650398057684
 33
23.4
  0
3DFACE
  5
2B5
330
17
100
AcDbEntity
  8
WINDOWS
100
AcDbFace
 10
113.05732665780411
 20
190.9899275496321
 30
22.0
 11
112.36045886813912
 21
189.89248721698186
 31
22.0
 12
112.36045886813912
 22
189.89248721698186
 32
23.4
 13
113.05732665780411
 23
190.9899275496321
 33
23.4
  0
3DFACE
  5
2B6
330
17
100
AcDbEntity
  8
WINDOWS
100
AcDbFace
 10
110.80527266928166
 20
187.44335111868742
 30
22.0
 11
110.10840487961667
 21
186.34591078603717
 31
22.0
 12
110.10840487961667
 22
186.34591078603717
 32
23.4
 13
110.80527266928166
 23
187.44335111868742
 33
23.4
  0
3DFACE
  5
2B7
330
17
100
AcDbEntity
  8
WINDOWS
100
AcDbFace
 10
108.55321868075922
 20
183.8967746877427
 30
22.0
 11
107.85635089109422
 21
182.79933435509244
 31
22.0
 12
107.85635089109422
 22
182.79933435509244
 32
23.4
 13
108.55321868075922
 23
183.8967746877427
 33
23.4
  0
3DFACE
  5
2B8
330
17
100
AcDbEntity
  8
WINDOWS
100
AcDbFace
 10
106.30116469223677
 20
180.35019825679797
 30
22.0
 11
105.60429690257178
 21
179.25275792414772
 31
22.0
 12
105.60429690257178
 22
179.25275792414772
 32
23.4
 13
106.30116469223677
 23
180.35019825679797
 33
23.4
  0
3DFACE
  5
2B9
330
17
100
AcDbEntity
  8
WINDOWS
100
AcDbFace
 10
117.56143463484901
 20
198.08308041152156
 30
25.0
 11
116.86456684518402
 21
196.9856400788713
 31
25.0
 12
116.86456684518402
 22
196.9856400788713
 32
26.4
 13
117.56143463484901
 23
198.08308041152156
 33
26.4
  0
3DFACE
  5
2BA
330
17
100
AcDbEntity
  8
WINDOWS
100
AcDbFace
 10
115.30938064632656
 20
194.53650398057684
 30
25.0
 11
114.61251285666157
 21
193.4390636479266
 31
25.0
 12
114.61251285666157
 22
193.4390636479266
 32
26.4
 13
115.30938064632656
 23
194.53650398057684
 33
26.4
  0
3DFACE
  5
2BB
330
17
100
AcDbEntity
  8
WINDOWS
100
AcDbFace
 10
113.05732665780411
 20
190.9899275496321
 30
25.0
 11
112.36045886813912
 21
189.89248721698186
 31
25.0
 12
112.36045886813912
 22
189.89248721698186
 32
26.4
 13
113.05732665780411
 23
190.9899275496321
 33
26.4
  0
3DFACE
  5
2BC
330
17
100
AcDbEntity
  8
WINDOWS
100
AcDbFace
 10
110.80527266928166
 20
187.44335111868742
 30
25.0
 11
110.10840487961667
 21
186.34591078603717
 31
25.0
 12
110.10840487961667
 22
186.34591078603717
 32
26.4
 13
110.80527266928166
 23
187.44335111868742
 33
26.4
  0
3DFACE
  5
2BD
330
17
100
AcDbEntity
  8
WINDOWS
100
AcDbFace
 10
108.55321868075922
 20
183.8967746877427
 30
25.0
 11
107.85635089109422
 21
182.79933435509244
 31
25.0
 12
107.85635089109422
 22
182.79933435509244
 32
26.4
 13
108.55321868075922
 23
183.8967746877427
 33
26.4
  0
3DFACE
  5
2BE
330
17
100
AcDbEntity
  8
WINDOWS
100
AcDbFace
 10
106.30116469223677
 20
180.35019825679797
 30
25.0
 11
105.60429690257178
 21
179.25275792414772
 31
25.0
 12
105.60429690257178
 22
179.25275792414772
 32
26.4
 13
106.30116469223677
 23
180.35019825679797
 33
26.4
  0
3DFACE
  5
2BF
330
17
100
AcDbEntity
  8
WINDOWS
100
AcDbFace
 10
100.46250387688154
 20
178.60033816488408
 30
1.0
 11
99.3639262724975
 21
179.29541172008942
 31
1.0
 12
99.3639262724975
 22
179.29541172008942
 32
2.4
 13
100.46250387688154
 23
178.60033816488408
 33
2.4
  0
3DFACE
  5
2C0
330
17
100
AcDbEntity
  8
WINDOWS
100
AcDbFace
 10
95.74541473332994
 20
181.58485551545152
 30
1.0
 11
94.64683712894589
 21
182.27992907065686
 31
1.0
 12
94.64683712894589
 22
182.27992907065686
 32
2.4
 13
95.74541473332994
 23
181.58485551545152
 33
2.4
  0
3DFACE
  5
2C1
330
17
100
AcDbEntity
  8
WINDOWS
100
AcDbFace
 10
100.46250387688154
 20
178.60033816488408
 30
4.0
 11
99.3639262724975
 21
179.29541172008942
 31
4.0
 12
99.3639262724975
 22
179.29541172008942
 32
5.4
 13
100.46250387688154
 23
178.60033816488408
 33
5.4
  0
3DFACE
  5
2C2
330
17
100
AcDbEntity
  8
WINDOWS
100
AcDbFace
 10
95.74541473332994
 20
181.58485551545152
 30
4.0
 11
94.64683712894589
 21
182.27992907065686
 31
4.0
 12
94.64683712894589
 22
182.27992907065686
 32
5.4
 13
95.74541473332994
 23
181.58485551545152
 33
5.4
  0
3DFACE
  5
2C3
330
17
100
AcDbEntity
  8
WINDOWS
100
AcDbFace
 10
100.46250387688154
 20
178.60033816488408
 30
7.0
 11
99.3639262724975
 21
179.29541172008942
 31
7.0
 12
99.3639262724975
 22
179.29541172008942
 32
8.4
 13
100.46250387688154
 23
178.60033816488408
 33
8.4
  0
3DFACE
  5
2C4
330
17
100
AcDbEntity
  8
WINDOWS
100
AcDbFace
 10
95.74541473332994
 20
181.58485551545152
 30
7.0
 11
94.64683712894589
 21
182.27992907065686
 31
7.0
 12
94.64683712894589
 22
182.27992907065686
 32
8.4
 13
95.74541473332994
 23
181.58485551545152
 33
8.4
  0
3DFACE
  5
2C5
330
17
100
AcDbEntity
  8
WINDOWS
100
AcDbFace
 10
100.46250387688154
 20
178.60033816488408
 30
10.0
 11
99.3639262724975
 21
179.29541172008942
 31
10.0
 12
99.3639262724975
 22
179.29541172008942
 32
11.4
 13
100.46250387688154
 23
178.60033816488408
 33
11.4
  0
3DFACE
  5
2C6
330
17
100
AcDbEntity
  8
WINDOWS
100
AcDbFace
 10
95.74541473332994
 20
181.58485551545152
 30
10.0
 11
94.64683712894589
 21
182.27992907065686
 31
10.0
 12
94.64683712894589
 22
182.27992907065686
 32
11.4
 13
95.74541473332994
 23
181.58485551545152
 33
11.4
  0
3DFACE
  5
2C7
330
17
100
AcDbEntity
  8
WINDOWS
100
AcDbFace
 10
100.46250387688154
 20
178.60033816488408
 30
13.0
 11
99.3639262724975
 21
179.29541172008942
 31
13.0
 12
99.3639262724975
 22
179.29541172008942
 32
14.4
 13
100.46250387688154
 23
178.60033816488408
 33
14.4
  0
3DFACE
  5
2C8
330
17
100
AcDbEntity
  8
WINDOWS
100
AcDbFace
 10
95.74541473332994
 20
181.58485551545152
 30
13.0
 11
94.64683712894589
 21
182.27992907065686
 31
13.0
 12
94.64683712894589
 22
182.27992907065686
 32
14.4
 13
95.74541473332994
 23
181.58485551545152
 33
14.4
  0
3DFACE
  5
2C9
330
17
100
AcDbEntity
  8
WINDOWS
100
AcDbFace
 10
100.46250387688154
 20
178.60033816488408
 30
16.0
 11
99.3639262724975
 21
179.29541172008942
 31
16.0
 12
99.3639262724975
 22
179.29541172008942
 32
17.4
 13
100.46250387688154
 23
178.60033816488408
 33
17.4
  0
3DFACE
  5
2CA
330
17
100
AcDbEntity
  8
WINDOWS
100
AcDbFace
 10
95.74541473332994
 20
181.58485551545152
 30
16.0
 11
94.64683712894589
 21
182.27992907065686
 31
16.0
 12
94.64683712894589
 22
182.27992907065686
 32
17.4
 13
95.74541473332994
 23
181.58485551545152
 33
17.4
  0
3DFACE
  5
2CB
330
17
100
AcDbEntity
  8
WINDOWS
100
AcDbFace
 10
100.46250387688154
 20
178.60033816488408
 30
19.0
 11
99.3639262724975
 21
179.29541172008942
 31
19.0
 12
99.3639262724975
 22
179.29541172008942
 32
20.4
 13
100.46250387688154
 23
178.60033816488408
 33
20.4
  0
3DFACE
  5
2CC
330
17
100
AcDbEntity
  8
WINDOWS
100
AcDbFace
 10
95.74541473332994
 20
181.58485551545152
 30
19.0
 11
94.64683712894589
 21
182.27992907065686
 31
19.0
 12
94.64683712894589
 22
182.27992907065686
 32
20.4
 13
95.74541473332994
 23
181.58485551545152
 33
20.4
  0
3DFACE
  5
2CD
330
17
100
AcDbEntity
  8
WINDOWS
100
AcDbFace
 10
100.46250387688154
 20
178.60033816488408
 30
22.0
 11
99.3639262724975
 21
179.29541172008942
 31
22.0
 12
99.3639262724975
 22
179.29541172008942
 32
23.4
 13
100.46250387688154
 23
178.60033816488408
 33
23.4
  0
3DFACE
  5
2CE
330
17
100
AcDbEntity
  8
WINDOWS
100
AcDbFace
 10
95.74541473332994
 20
181.58485551545152
 30
22.0
 11
94.64683712894589
 21
182.27992907065686
 31
22.0
 12
94.64683712894589
 22
182.27992907065686
 32
23.4
 13
95.74541473332994
 23
181.58485551545152
 33
23.4
  0
3DFACE
  5
2CF
330
17
100
AcDbEntity
  8
WINDOWS
100
AcDbFace
 10
100.46250387688154
 20
178.60033816488408
 30
25.0
 11
99.3639262724975
 21
179.29541172008942
 31
25.0
 12
99.3639262724975
 22
179.29541172008942
 32
26.4
 13
100.46250387688154
 23
178.60033816488408
 33
26.4
  0
3DFACE
  5
2D0
330
17
100
AcDbEntity
  8
WINDOWS
100
AcDbFace
 10
95.74541473332994
 20
181.58485551545152
 30
25.0
 11
94.64683712894589
 21
182.27992907065686
 31
25.0
 12
94.64683712894589
 22
182.27992907065686
 32
26.4
 13
95.74541473332994
 23
181.58485551545152
 33
26.4
  0
3DFACE
  5
2D1
330
17
100
AcDbEntity
  8
CANOPIES
100
AcDbFace
 10
115.32594664610151
 20
194.65586693259982
 30
2.7
 11
113.93221106677156
 21
192.46098626729938
 31
2.7
 12
115.11406988654873
 22
191.7105132630448
 32
2.7
 13
116.50780546587869
 23
193.90539392834523
 33
2.7
  0
3DFACE
  5
2D2
330
17
100
AcDbEntity
  8
CANOPIES
100
AcDbFace
 10
115.11406988654873
 20
191.7105132630448
 30
2.7
 11
116.50780546587869
 21
193.90539392834523
 31
2.7
 12
116.50780546587869
 22
193.90539392834523
 32
2.45
 13
115.11406988654873
 23
191.7105132630448
 33
2.45
  0
CIRCLE
  5
2D3
330
17
100
AcDbEntity
  8
CANOPIES
100
AcDbCircle
 10
114.62907885643654
 20
193.5584265999496
 30
0.05
 40
0.5
  0
3DFACE
  5
2D4
330
17
100
AcDbEntity
  8
CANOPIES
100
AcDbFace
 10
109.14910198352227
 20
184.9284572829595
 30
2.7
 11
107.75536640419232
 21
182.73357661765905
 31
2.7
 12
108.93722522396949
 22
181.98310361340447
 32
2.7
 13
110.33096080329945
 23
184.1779842787049
 33
2.7
  0
3DFACE
  5
2D5
330
17
100
AcDbEntity
  8
CANOPIES
100
AcDbFace
 10
108.93722522396949
 20
181.98310361340447
 30
2.7
 11
110.33096080329945
 21
184.1779842787049
 31
2.7
 12
110.33096080329945
 22
184.1779842787049
 32
2.45
 13
108.93722522396949
 23
181.98310361340447
 33
2.45
  0
CIRCLE
  5
2D6
330
17
100
AcDbEntity
  8
CANOPIES
100
AcDbCircle
 10
108.4522341938573
 20
183.83101695030928
 30
0.05
 40
0.5
  0
TEXT
  5
2D7
330
17
100
AcDbEntity
  8
LABELS
100
AcDbText
 10
105.30224973335862
 20
192.63783728610724
 30
0.0
 40
2.0
  1
41/45 к1 h=27.0m
100
AcDbText
  0
LWPOLYLINE
  5
2D8
330
17
100
AcDbEntity
  8
BUILDINGS_FOOTPRINT
100
AcDbPolyline
 90
5
 70
1
 10
95.6646876487066
 20
123.11551439296454
 10
111.10693136777263
 20
147.43400250468403
 10
123.58360204548808
 20
139.55132744368166
 10
108.14140350354137
 20
115.23279582988471
 10
95.6646876487066
 20
123.11551439296454
  0
MESH
  5
2D9
330
17
100
AcDbEntity
  8
BUILDINGS_3D
100
AcDbSubDMesh
 71
2
 72
0
 91
0
 92
8
 10
95.6646876487066
 20
123.11551439296454
 30
0.0
 10
111.10693136777263
 20
147.43400250468403
 30
0.0
 10
123.58360204548808
 20
139.55132744368166
 30
0.0
 10
108.14140350354137
 20
115.23279582988471
 30
0.0
 10
95.6646876487066
 20
123.11551439296454
 30
27.0
 10
111.10693136777263
 20
147.43400250468403
 30
27.0
 10
123.58360204548808
 20
139.55132744368166
 30
27.0
 10
108.14140350354137
 20
115.23279582988471
 30
27.0
 93
30
 90
4
 90
0
 90
1
 90
2
 90
3
 90
4
 90
7
 90
6
 90
5
 90
4
 90
4
 90
0
 90
1
 90
5
 90
4
 90
4
 90
1
 90
2
 90
6
 90
5
 90
4
 90
2
 90
3
 90
7
 90
6
 90
4
 90
3
 90
0
 90
4
 90
7
 94
0
 95
0
 90
0
  0
3DFACE
  5
2DA
330
17
100
AcDbEntity
  8
WINDOWS
100
AcDbFace
 10
97.36497975191311
 20
125.88641293974884
 30
1.0
 11
98.06185252411778
 21
126.98385010850147
 31
1.0
 12
98.06185252411778
 22
126.98385010850147
 32
2.4
 13
97.36497975191311
 23
125.88641293974884
 33
2.4
  0
3DFACE
  5
2DB
330
17
100
AcDbEntity
  8
WINDOWS
100
AcDbFace
 10
99.61705345125274
 20
129.4329848292009
 30
1.0
 11
100.31392622345741
 21
130.5304219979535
 31
1.0
 12
100.31392622345741
 22
130.5304219979535
 32
2.4
 13
99.61705345125274
 23
129.4329848292009
 33
2.4
  0
3DFACE
  5
2DC
330
17
100
AcDbEntity
  8
WINDOWS
100
AcDbFace
 10
101.86912715059236
 20
132.97955671865293
 30
1.0
 11
102.56599992279703
 21
134.07699388740554
 31
1.0
 12
102.56599992279703
 22
134.07699388740554
 32
2.4
 13
101.86912715059236
 23
132.97955671865293
 33
2.4
  0
3DFACE
  5
2DD
330
17
100
AcDbEntity
  8
WINDOWS
100
AcDbFace
 10
104.121200849932
 20
136.52612860810495
 30
1.0
 11
104.81807362213667
 21
137.62356577685756
 31
1.0
 12
104.81807362213667
 22
137.62356577685756
 32
2.4
 13
104.121200849932
 23
136.52612860810495
 33
2.4
  0
3DFACE
  5
2DE
330
17
100
AcDbEntity
  8
WINDOWS
100
AcDbFace
 10
106.37327454927161
 20
140.07270049755698
 30
1.0
 11
107.07014732147628
 21
141.17013766630959
 31
1.0
 12
107.07014732147628
 22
141.17013766630959
 32
2.4
 13
106.37327454927161
 23
140.07270049755698
 33
2.4
  0
3DFACE
  5
2DF
330
17
100
AcDbEntity
  8
WINDOWS
100
AcDbFace
 10
108.62534824861123
 20
143.61927238700903
 30
1.0
 11
109.3222210208159
 21
144.71670955576164
 31
1.0
 12
109.3222210208159
 22
144.71670955576164
 32
2.4
 13
108.62534824861123
 23
143.61927238700903
 33
2.4
  0
3DFACE
  5
2E0
330
17
100
AcDbEntity
  8
WINDOWS
100
AcDbFace
 10
97.36497975191311
 20
125.88641293974884
 30
4.0
 11
98.06185252411778
 21
126.98385010850147
 31
4.0
 12
98.06185252411778
 22
126.98385010850147
 32
5.4
 13
97.36497975191311
 23
125.88641293974884
 33
5.4
  0
3DFACE
  5
2E1
330
17
100
AcDbEntity
  8
WINDOWS
100
AcDbFace
 10
99.61705345125274
 20
129.4329848292009
 30
4.0
 11
100.31392622345741
 21
130.5304219979535
 31
4.0
 12
100.31392622345741
 22
130.5304219979535
 32
5.4
 13
99.61705345125274
 23
129.4329848292009
 33
5.4
  0
3DFACE
  5
2E2
330
17
100
AcDbEntity
  8
WINDOWS
100
AcDbFace
 10
101.86912715059236
 20
132.97955671865293
 30
4.0
 11
102.56599992279703
 21
134.07699388740554
 31
4.0
 12
102.56599992279703
 22
134.07699388740554
 32
5.4
 13
101.86912715059236
 23
132.97955671865293
 33
5.4
  0
3DFACE
  5
2E3
330
17
100
AcDbEntity
  8
WINDOWS
100
AcDbFace
 10
104.121200849932
 20
136.52612860810495
 30
4.0
 11
104.81807362213667
 21
137.62356577685756
 31
4.0
 12
104.81807362213667
 22
137.62356577685756
 32
5.4
 13
104.121200849932
 23
136.52612860810495
 33
5.4
  0
3DFACE
  5
2E4
330
17
100
AcDbEntity
  8
WINDOWS
100
AcDbFace
 10
106.37327454927161
 20
140.07270049755698
 30
4.0
 11
107.07014732147628
 21
141.17013766630959
 31
4.0
 12
107.07014732147628
 22
141.17013766630959
 32
5.4
 13
106.37327454927161
 23
140.07270049755698
 33
5.4
  0
3DFACE
  5
2E5
330
17
100
AcDbEntity
  8
WINDOWS
100
AcDbFace
 10
108.62534824861123
 20
143.61927238700903
 30
4.0
 11
109.3222210208159
 21
144.71670955576164
 31
4.0
 12
109.3222210208159
 22
144.71670955576164
 32
5.4
 13
108.62534824861123
 23
143.61927238700903
 33
5.4
  0
3DFACE
  5
2E6
330
17
100
AcDbEntity
  8
WINDOWS
100
AcDbFace
 10
97.36497975191311
 20
125.88641293974884
 30
7.0
 11
98.06185252411778
 21
126.98385010850147
 31
7.0
 12
98.06185252411778
 22
126.98385010850147
 32
8.4
 13
97.36497975191311
 23
125.88641293974884
 33
8.4
  0
3DFACE
  5
2E7
330
17
100
AcDbEntity
  8
WINDOWS
100
AcDbFace
 10
99.61705345125274
 20
129.4329848292009
 30
7.0
 11
100.31392622345741
 21
130.5304219979535
 31
7.0
 12
100.31392622345741
 22
130.5304219979535
 32
8.4
 13
99.61705345125274
 23
129.4329848292009
 33
8.4
  0
3DFACE
  5
2E8
330
17
100
AcDbEntity
  8
WINDOWS
100
AcDbFace
 10
101.86912715059236
 20
132.97955671865293
 30
7.0
 11
102.56599992279703
 21
134.07699388740554
 31
7.0
 12
102.56599992279703
 22
134.07699388740554
 32
8.4
 13
101.86912715059236
 23
132.97955671865293
 33
8.4
  0
3DFACE
  5
2E9
330
17
100
AcDbEntity
  8
WINDOWS
100
AcDbFace
 10
104.121200849932
 20
136.52612860810495
 30
7.0
 11
104.81807362213667
 21
137.62356577685756
 31
7.0
 12
104.81807362213667
 22
137.62356577685756
 32
8.4
 13
104.121200849932
 23
136.52612860810495
 33
8.4
  0
3DFACE
  5
2EA
330
17
100
AcDbEntity
  8
WINDOWS
100
AcDbFace
 10
106.37327454927161
 20
140.07270049755698
 30
7.0
 11
107.07014732147628
 21
141.17013766630959
 31
7.0
 12
107.07014732147628
 22
141.17013766630959
 32
8.4
 13
106.37327454927161
 23
140.07270049755698
 33
8.4
  0
3DFACE
  5
2EB
330
17
100
AcDbEntity
  8
WINDOWS
100
AcDbFace
 10
108.62534824861123
 20
143.61927238700903
 30
7.0
 11
109.3222210208159
 21
144.71670955576164
 31
7.0
 12
109.3222210208159
 22
144.71670955576164
 32
8.4
 13
108.62534824861123
 23
143.61927238700903
 33
8.4
  0
3DFACE
  5
2EC
330
17
100
AcDbEntity
  8
WINDOWS
100
AcDbFace
 10
97.36497975191311
 20
125.88641293974884
 30
10.0
 11
98.06185252411778
 21
126.98385010850147
 31
10.0
 12
98.06185252411778
 22
126.98385010850147
 32
11.4
 13
97.36497975191311
 23
125.88641293974884
 33
11.4
  0
3DFACE
  5
2ED
330
17
100
AcDbEntity
  8
WINDOWS
100
AcDbFace
 10
99.61705345125274
 20
129.4329848292009
 30
10.0
 11
100.31392622345741
 21
130.5304219979535
 31
10.0
 12
100.31392622345741
 22
130.5304219979535
 32
11.4
 13
99.61705345125274
 23
129.4329848292009
 33
11.4
  0
3DFACE
  5
2EE
330
17
100
AcDbEntity
  8
WINDOWS
100
AcDbFace
 10
101.86912715059236
 20
132.97955671865293
 30
10.0
 11
102.56599992279703
 21
134.07699388740554
 31
10.0
 12
102.56599992279703
 22
134.07699388740554
 32
11.4
 13
101.86912715059236
 23
132.97955671865293
 33
11.4
  0
3DFACE
  5
2EF
330
17
100
AcDbEntity
  8
WINDOWS
100
AcDbFace
 10
104.121200849932
 20
136.52612860810495
 30
10.0
 11
104.81807362213667
 21
137.62356577685756
 31
10.0
 12
104.81807362213667
 22
137.62356577685756
 32
11.4
 13
104.121200849932
 23
136.52612860810495
 33
11.4
  0
3DFACE
  5
2F0
330
17
100
AcDbEntity
  8
WINDOWS
100
AcDbFace
 10
106.37327454927161
 20
140.07270049755698
 30
10.0
 11
107.07014732147628
 21
141.17013766630959
 31
10.0
 12
107.07014732147628
 22
141.17013766630959
 32
11.4
 13
106.37327454927161
 23
140.07270049755698
 33
11.4
  0
3DFACE
  5
2F1
330
17
100
AcDbEntity
  8
WINDOWS
100
AcDbFace
 10
108.62534824861123
 20
143.61927238700903
 30
10.0
 11
109.3222210208159
 21
144.71670955576164
 31
10.0
 12
109.3222210208159
 22
144.71670955576164
 32
11.4
 13
108.62534824861123
 23
143.61927238700903
 33
11.4
  0
3DFACE
  5
2F2
330
17
100
AcDbEntity
  8
WINDOWS
100
AcDbFace
 10
97.36497975191311
 20
125.88641293974884
 30
13.0
 11
98.06185252411778
 21
126.98385010850147
 31
13.0
 12
98.06185252411778
 22
126.98385010850147
 32
14.4
 13
97.36497975191311
 23
125.88641293974884
 33
14.4
  0
3DFACE
  5
2F3
330
17
100
AcDbEntity
  8
WINDOWS
100
AcDbFace
 10
99.61705345125274
 20
129.4329848292009
 30
13.0
 11
100.31392622345741
 21
130.5304219979535
 31
13.0
 12
100.31392622345741
 22
130.5304219979535
 32
14.4
 13
99.61705345125274
 23
129.4329848292009
 33
14.4
  0
3DFACE
  5
2F4
330
17
100
AcDbEntity
  8
WINDOWS
100
AcDbFace
 10
101.86912715059236
 20
132.97955671865293
 30
13.0
 11
102.56599992279703
 21
134.07699388740554
 31
13.0
 12
102.56599992279703
 22
134.07699388740554
 32
14.4
 13
101.86912715059236
 23
132.97955671865293
 33
14.4
  0
3DFACE
  5
2F5
330
17
100
AcDbEntity
  8
WINDOWS
100
AcDbFace
 10
104.121200849932
 20
136.52612860810495
 30
13.0
 11
104.81807362213667
 21
137.62356577685756
 31
13.0
 12
104.81807362213667
 22
137.62356577685756
 32
14.4
 13
104.121200849932
 23
136.52612860810495
 33
14.4
  0
3DFACE
  5
2F6
330
17
100
AcDbEntity
  8
WINDOWS
100
AcDbFace
 10
106.37327454927161
 20
140.07270049755698
 30
13.0
 11
107.07014732147628
 21
141.17013766630959
 31
13.0
 12
107.07014732147628
 22
141.17013766630959
 32
14.4
 13
106.37327454927161
 23
140.07270049755698
 33
14.4
  0
3DFACE
  5
2F7
330
17
100
AcDbEntity
  8
WINDOWS
100
AcDbFace
 10
108.62534824861123
 20
143.61927238700903
 30
13.0
 11
109.3222210208159
 21
144.71670955576164
 31
13.0
 12
109.3222210208159
 22
144.71670955576164
 32
14.4
 13
108.62534824861123
 23
143.61927238700903
 33
14.4
  0
3DFACE
  5
2F8
330
17
100
AcDbEntity
  8
WINDOWS
100
AcDbFace
 10
97.36497975191311
 20
125.88641293974884
 30
16.0
 11
98.06185252411778
 21
126.98385010850147
 31
16.0
 12
98.06185252411778
 22
126.98385010850147
 32
17.4
 13
97.36497975191311
 23
125.88641293974884
 33
17.4
  0
3DFACE
  5
2F9
330
17
100
AcDbEntity
  8
WINDOWS
100
AcDbFace
 10
99.61705345125274
 20
129.4329848292009
 30
16.0
 11
100.31392622345741
 21
130.5304219979535
 31
16.0
 12
100.31392622345741
 22
130.5304219979535
 32
17.4
 13
99.61705345125274
 23
129.4329848292009
 33
17.4
  0
3DFACE
  5
2FA
330
17
100
AcDbEntity
  8
WINDOWS
100
AcDbFace
 10
101.86912715059236
 20
132.97955671865293
 30
16.0
 11
102.56599992279703
 21
134.07699388740554
 31
16.0
 12
102.56599992279703
 22
134.07699388740554
 32
17.4
 13
101.86912715059236
 23
132.97955671865293
 33
17.4
  0
3DFACE
  5
2FB
330
17
100
AcDbEntity
  8
WINDOWS
100
AcDbFace
 10
104.121200849932
 20
136.52612860810495
 30
16.0
 11
104.81807362213667
 21
137.62356577685756
 31
16.0
 12
104.81807362213667
 22
137.62356577685756
 32
17.4
 13
104.121200849932
 23
136.52612860810495
 33
17.4
  0
3DFACE
  5
2FC
330
17
100
AcDbEntity
  8
WINDOWS
100
AcDbFace
 10
106.37327454927161
 20
140.07270049755698
 30
16.0
 11
107.07014732147628
 21
141.17013766630959
 31
16.0
 12
107.07014732147628
 22
141.17013766630959
 32
17.4
 13
106.37327454927161
 23
140.07270049755698
 33
17.4
  0
3DFACE
  5
2FD
330
17
100
AcDbEntity
  8
WINDOWS
100
AcDbFace
 10
108.62534824861123
 20
143.61927238700903
 30
16.0
 11
109.3222210208159
 21
144.71670955576164
 31
16.0
 12
109.3222210208159
 22
144.71670955576164
 32
17.4
 13
108.62534824861123
 23
143.61927238700903
 33
17.4
  0
3DFACE
  5
2FE
330
17
100
AcDbEntity
  8
WINDOWS
100
AcDbFace
 10
97.36497975191311
 20
125.88641293974884
 30
19.0
 11
98.06185252411778
 21
126.98385010850147
 31
19.0
 12
98.06185252411778
 22
126.98385010850147
 32
20.4
 13
97.36497975191311
 23
125.88641293974884
 33
20.4
  0
3DFACE
  5
2FF
330
17
100
AcDbEntity
  8
WINDOWS
100
AcDbFace
 10
99.61705345125274
 20
129.4329848292009
 30
19.0
 11
100.31392622345741
 21
130.5304219979535
 31
19.0
 12
100.31392622345741
 22
130.5304219979535
 32
20.4
 13
99.61705345125274
 23
129.4329848292009
 33
20.4
  0
3DFACE
  5
300
330
17
100
AcDbEntity
  8
WINDOWS
100
AcDbFace
 10
101.86912715059236
 20
132.97955671865293
 30
19.0
 11
102.56599992279703
 21
134.07699388740554
 31
19.0
 12
102.56599992279703
 22
134.07699388740554
 32
20.4
 13
101.86912715059236
 23
132.97955671865293
 33
20.4
  0
3DFACE
  5
301
330
17
100
AcDbEntity
  8
WINDOWS
100
AcDbFace
 10
104.121200849932
 20
136.52612860810495
 30
19.0
 11
104.81807362213667
 21
137.62356577685756
 31
19.0
 12
104.81807362213667
 22
137.62356577685756
 32
20.4
 13
104.121200849932
 23
136.52612860810495
 33
20.4
  0
3DFACE
  5
302
330
17
100
AcDbEntity
  8
WINDOWS
100
AcDbFace
 10
106.37327454927161
 20
140.07270049755698
 30
19.0
 11
107.07014732147628
 21
141.17013766630959
 31
19.0
 12
107.07014732147628
 22
141.17013766630959
 32
20.4
 13
106.37327454927161
 23
140.07270049755698
 33
20.4
  0
3DFACE
  5
303
330
17
100
AcDbEntity
  8
WINDOWS
100
AcDbFace
 10
108.62534824861123
 20
143.61927238700903
 30
19.0
 11
109.3222210208159
 21
144.71670955576164
 31
19.0
 12
109.3222210208159
 22
144.71670955576164
 32
20.4
 13
108.62534824861123
 23
143.61927238700903
 33
20.4
  0
3DFACE
  5
304
330
17
100
AcDbEntity
  8
WINDOWS
100
AcDbFace
 10
97.36497975191311
 20
125.88641293974884
 30
22.0
 11
98.06185252411778
 21
126.98385010850147
 31
22.0
 12
98.06185252411778
 22
126.98385010850147
 32
23.4
 13
97.36497975191311
 23
125.88641293974884
 33
23.4
  0
3DFACE
  5
305
330
17
100
AcDbEntity
  8
WINDOWS
100
AcDbFace
 10
99.61705345125274
 20
129.4329848292009
 30
22.0
 11
100.31392622345741
 21
130.5304219979535
 31
22.0
 12
100.31392622345741
 22
130.5304219979535
 32
23.4
 13
99.61705345125274
 23
129.4329848292009
 33
23.4
  0
3DFACE
  5
306
330
17
100
AcDbEntity
  8
WINDOWS
100
AcDbFace
 10
101.86912715059236
 20
132.97955671865293
 30
22.0
 11
102.56599992279703
 21
134.07699388740554
 31
22.0
 12
102.56599992279703
 22
134.07699388740554
 32
23.4
 13
101.86912715059236
 23
132.97955671865293
 33
23.4
  0
3DFACE
  5
307
330
17
100
AcDbEntity
  8
WINDOWS
100
AcDbFace
 10
104.121200849932
 20
136.52612860810495
 30
22.0
 11
104.81807362213667
 21
137.62356577685756
 31
22.0
 12
104.81807362213667
 22
137.62356577685756
 32
23.4
 13
104.121200849932
 23
136.52612860810495
 33
23.4
  0
3DFACE
  5
308
330
17
100
AcDbEntity
  8
WINDOWS
100
AcDbFace
 10
106.37327454927161
 20
140.07270049755698
 30
22.0
 11
107.07014732147628
 21
141.17013766630959
 31
22.0
 12
107.07014732147628
 22
141.17013766630959
 32
23.4
 13
106.37327454927161
 23
140.07270049755698
 33
23.4
  0
3DFACE
  5
309
330
17
100
AcDbEntity
  8
WINDOWS
100
AcDbFace
 10
108.62534824861123
 20
143.61927238700903
 30
22.0
 11
109.3222210208159
 21
144.71670955576164
 31
22.0
 12
109.3222210208159
 22
144.71670955576164
 32
23.4
 13
108.62534824861123
 23
143.61927238700903
 33
23.4
  0
3DFACE
  5
30A
330
17
100
AcDbEntity
  8
WINDOWS
100
AcDbFace
 10
97.36497975191311
 20
125.88641293974884
 30
25.0
 11
98.06185252411778
 21
126.98385010850147
 31
25.0
 12
98.06185252411778
 22
126.98385010850147
 32
26.4
 13
97.36497975191311
 23
125.88641293974884
 33
26.4
  0
3DFACE
  5
30B
330
17
100
AcDbEntity
  8
WINDOWS
100
AcDbFace
 10
99.61705345125274
 20
129.4329848292009
 30
25.0
 11
100.31392622345741
 21
130.5304219979535
 31
25.0
 12
100.31392622345741
 22
130.5304219979535
 32
26.4
 13
99.61705345125274
 23
129.4329848292009
 33
26.4
  0
3DFACE
  5
30C
330
17
100
AcDbEntity
  8
WINDOWS
100
AcDbFace
 10
101.86912715059236
 20
132.97955671865293
 30
25.0
 11
102.56599992279703
 21
134.07699388740554
 31
25.0
 12
102.56599992279703
 22
134.07699388740554
 32
26.4
 13
101.86912715059236
 23
132.97955671865293
 33
26.4
  0
3DFACE
  5
30D
330
17
100
AcDbEntity
  8
WINDOWS
100
AcDbFace
 10
104.121200849932
 20
136.52612860810495
 30
25.0
 11
104.81807362213667
 21
137.62356577685756
 31
25.0
 12
104.81807362213667
 22
137.62356577685756
 32
26.4
 13
104.121200849932
 23
136.52612860810495
 33
26.4
  0
3DFACE
  5
30E
330
17
100
AcDbEntity
  8
WINDOWS
100
AcDbFace
 10
106.37327454927161
 20
140.07270049755698
 30
25.0
 11
107.07014732147628
 21
141.17013766630959
 31
25.0
 12
107.07014732147628
 22
141.17013766630959
 32
26.4
 13
106.37327454927161
 23
140.07270049755698
 33
26.4
  0
3DFACE
  5
30F
330
17
100
AcDbEntity
  8
WINDOWS
100
AcDbFace
 10
108.62534824861123
 20
143.61927238700903
 30
25.0
 11
109.3222210208159
 21
144.71670955576164
 31
25.0
 12
109.3222210208159
 22
144.71670955576164
 32
26.4
 13
108.62534824861123
 23
143.61927238700903
 33
26.4
  0
3DFACE
  5
310
330
17
100
AcDbEntity
  8
WINDOWS
100
AcDbFace
 10
114.46415694266217
 20
145.37207348714543
 30
4.0
 11
115.56318621767751
 21
144.67771432024455
 31
4.0
 12
115.56318621767751
 22
144.67771432024455
 32
5.4
 13
114.46415694266217
 23
145.37207348714543
 33
5.4
  0
3DFACE
  5
311
330
17
100
AcDbEntity
  8
WINDOWS
100
AcDbFace
 10
119.18075943919096
 20
142.39215634158387
 30
4.0
 11
120.2797887142063
 21
141.697797174683
 31
4.0
 12
120.2797887142063
 22
141.697797174683
 32
5.4
 13
119.18075943919096
 23
142.39215634158387
 33
5.4
  0
3DFACE
  5
312
330
17
100
AcDbEntity
  8
WINDOWS
100
AcDbFace
 10
114.46415694266217
 20
145.37207348714543
 30
7.0
 11
115.56318621767751
 21
144.67771432024455
 31
7.0
 12
115.56318621767751
 22
144.67771432024455
 32
8.4
 13
114.46415694266217
 23
145.37207348714543
 33
8.4
  0
3DFACE
  5
313
330
17
100
AcDbEntity
  8
WINDOWS
100
AcDbFace
 10
119.18075943919096
 20
142.39215634158387
 30
7.0
 11
120.2797887142063
 21
141.697797174683
 31
7.0
 12
120.2797887142063
 22
141.697797174683
 32
8.4
 13
119.18075943919096
 23
142.39215634158387
 33
8.4
  0
3DFACE
  5
314
330
17
100
AcDbEntity
  8
WINDOWS
100
AcDbFace
 10
114.46415694266217
 20
145.37207348714543
 30
10.0
 11
115.56318621767751
 21
144.67771432024455
 31
10.0
 12
115.56318621767751
 22
144.67771432024455
 32
11.4
 13
114.46415694266217
 23
145.37207348714543
 33
11.4
  0
3DFACE
  5
315
330
17
100
AcDbEntity
  8
WINDOWS
100
AcDbFace
 10
119.18075943919096
 20
142.39215634158387
 30
10.0
 11
120.2797887142063
 21
141.697797174683
 31
10.0
 12
120.2797887142063
 22
141.697797174683
 32
11.4
 13
119.18075943919096
 23
142.39215634158387
 33
11.4
  0
3DFACE
  5
316
330
17
100
AcDbEntity
  8
WINDOWS
100
AcDbFace
 10
114.46415694266217
 20
145.37207348714543
 30
13.0
 11
115.56318621767751
 21
144.67771432024455
 31
13.0
 12
115.56318621767751
 22
144.67771432024455
 32
14.4
 13
114.46415694266217
 23
145.37207348714543
 33
14.4
  0
3DFACE
  5
317
330
17
100
AcDbEntity
  8
WINDOWS
100
AcDbFace
 10
119.18075943919096
 20
142.39215634158387
 30
13.0
 11
120.2797887142063
 21
141.697797174683
 31
13.0
 12
120.2797887142063
 22
141.697797174683
 32
14.4
 13
119.18075943919096
 23
142.39215634158387
 33
14.4
  0
3DFACE
  5
318
330
17
100
AcDbEntity
  8
WINDOWS
100
AcDbFace
 10
114.46415694266217
 20
145.37207348714543
 30
16.0
 11
115.56318621767751
 21
144.67771432024455
 31
16.0
 12
115.56318621767751
 22
144.67771432024455
 32
17.4
 13
114.46415694266217
 23
145.37207348714543
 33
17.4
  0
3DFACE
  5
319
330
17
100
AcDbEntity
  8
WINDOWS
100
AcDbFace
 10
119.18075943919096
 20
142.39215634158387
 30
16.0
 11
120.2797887142063
 21
141.697797174683
 31
16.0
 12
120.2797887142063
 22
141.697797174683
 32
17.4
 13
119.18075943919096
 23
142.39215634158387
 33
17.4
  0
3DFACE
  5
31A
330
17
100
AcDbEntity
  8
WINDOWS
100
AcDbFace
 10
114.46415694266217
 20
145.37207348714543
 30
19.0
 11
115.56318621767751
 21
144.67771432024455
 31
19.0
 12
115.56318621767751
 22
144.67771432024455
 32
20.4
 13
114.46415694266217
 23
145.37207348714543
 33
20.4
  0
3DFACE
  5
31B
330
17
100
AcDbEntity
  8
WINDOWS
100
AcDbFace
 10
119.18075943919096
 20
142.39215634158387
 30
19.0
 11
120.2797887142063
 21
141.697797174683
 31
19.0
 12
120.2797887142063
 22
141.697797174683
 32
20.4
 13
119.18075943919096
 23
142.39215634158387
 33
20.4
  0
3DFACE
  5
31C
330
17
100
AcDbEntity
  8
WINDOWS
100
AcDbFace
 10
114.46415694266217
 20
145.37207348714543
 30
22.0
 11
115.56318621767751
 21
144.67771432024455
 31
22.0
 12
115.56318621767751
 22
144.67771432024455
 32
23.4
 13
114.46415694266217
 23
145.37207348714543
 33
23.4
  0
3DFACE
  5
31D
330
17
100
AcDbEntity
  8
WINDOWS
100
AcDbFace
 10
119.18075943919096
 20
142.39215634158387
 30
22.0
 11
120.2797887142063
 21
141.697797174683
 31
22.0
 12
120.2797887142063
 22
141.697797174683
 32
23.4
 13
119.18075943919096
 23
142.39215634158387
 33
23.4
  0
3DFACE
  5
31E
330
17
100
AcDbEntity
  8
WINDOWS
100
AcDbFace
 10
114.46415694266217
 20
145.37207348714543
 30
25.0
 11
115.56318621767751
 21
144.67771432024455
 31
25.0
 12
115.56318621767751
 22
144.67771432024455
 32
26.4
 13
114.46415694266217
 23
145.37207348714543
 33
26.4
  0
3DFACE
  5
31F
330
17
100
AcDbEntity
  8
WINDOWS
100
AcDbFace
 10
119.18075943919096
 20
142.39215634158387
 30
25.0
 11
120.2797887142063
 21
141.697797174683
 31
25.0
 12
120.2797887142063
 22
141.697797174683
 32
26.4
 13
119.18075943919096
 23
142.39215634158387
 33
26.4
  0
3DFACE
  5
320
330
17
100
AcDbEntity
  8
WINDOWS
100
AcDbFace
 10
121.88331529505768
 20
136.78042438969513
 30
1.0
 11
121.18644486413027
 21
135.68298573423456
 31
1.0
 12
121.18644486413027
 22
135.68298573423456
 32
2.4
 13
121.88331529505768
 23
136.78042438969513
 33
2.4
  0
3DFACE
  5
321
330
17
100
AcDbEntity
  8
WINDOWS
100
AcDbFace
 10
119.63124804464846
 20
133.23384593606974
 30
1.0
 11
118.93437761372104
 21
132.13640728060918
 31
1.0
 12
118.93437761372104
 22
132.13640728060918
 32
2.4
 13
119.63124804464846
 23
133.23384593606974
 33
2.4
  0
3DFACE
  5
322
330
17
100
AcDbEntity
  8
WINDOWS
100
AcDbFace
 10
117.37918079423922
 20
129.68726748244433
 30
1.0
 11
116.6823103633118
 21
128.58982882698376
 31
1.0
 12
116.6823103633118
 22
128.58982882698376
 32
2.4
 13
117.37918079423922
 23
129.68726748244433
 33
2.4
  0
3DFACE
  5
323
330
17
100
AcDbEntity
  8
WINDOWS
100
AcDbFace
 10
115.12711354382999
 20
126.14068902881894
 30
1.0
 11
114.43024311290257
 21
125.0432503733584
 31
1.0
 12
114.43024311290257
 22
125.0432503733584
 32
2.4
 13
115.12711354382999
 23
126.14068902881894
 33
2.4
  0
3DFACE
  5
324
330
17
100
AcDbEntity
  8
WINDOWS
100
AcDbFace
 10
112.87504629342075
 20
122.59411057519354
 30
1.0
 11
112.17817586249333
 21
121.496671919733
 31
1.0
 12
112.17817586249333
 22
121.496671919733
 32
2.4
 13
112.87504629342075
 23
122.59411057519354
 33
2.4
  0
3DFACE
  5
325
330
17
100
AcDbEntity
  8
WINDOWS
100
AcDbFace
 10
110.62297904301153
 20
119.04753212156814
 30
1.0
 11
109.92610861208411
 21
117.9500934661076
 31
1.0
 12
109.92610861208411
 22
117.9500934661076
 32
2.4
 13
110.62297904301153
 23
119.04753212156814
 33
2.4
  0
3DFACE
  5
326
330
17
100
AcDbEntity
  8
WINDOWS
100
AcDbFace
 10
121.88331529505768
 20
136.78042438969513
 30
4.0
 11
121.18644486413027
 21
135.68298573423456
 31
4.0
 12
121.18644486413027
 22
135.68298573423456
 32
5.4
 13
121.88331529505768
 23
136.78042438969513
 33
5.4
  0
3DFACE
  5
327
330
17
100
AcDbEntity
  8
WINDOWS
100
AcDbFace
 10
119.63124804464846
 20
133.23384593606974
 30
4.0
 11
118.93437761372104
 21
132.13640728060918
 31
4.0
 12
118.93437761372104
 22
132.13640728060918
 32
5.4
 13
119.63124804464846
 23
133.23384593606974
 33
5.4
  0
3DFACE
  5
328
330
17
100
AcDbEntity
  8
WINDOWS
100
AcDbFace
 10
117.37918079423922
 20
129.68726748244433
 30
4.0
 11
116.6823103633118
 21
128.58982882698376
 31
4.0
 12
116.6823103633118
 22
128.58982882698376
 32
5.4
 13
117.37918079423922
 23
129.68726748244433
 33
5.4
  0
3DFACE
  5
329
330
17
100
AcDbEntity
  8
WINDOWS
100
AcDbFace
 10
115.12711354382999
 20
126.14068902881894
 30
4.0
 11
114.43024311290257
 21
125.0432503733584
 31
4.0
 12
114.43024311290257
 22
125.0432503733584
 32
5.4
 13
115.12711354382999
 23
126.14068902881894
 33
5.4
  0
3DFACE
  5
32A
330
17
100
AcDbEntity
  8
WINDOWS
100
AcDbFace
 10
112.87504629342075
 20
122.59411057519354
 30
4.0
 11
112.17817586249333
 21
121.496671919733
 31
4.0
 12
112.17817586249333
 22
121.496671919733
 32
5.4
 13
112.87504629342075
 23
122.59411057519354
 33
5.4
  0
3DFACE
  5
32B
330
17
100
AcDbEntity
  8
WINDOWS
100
AcDbFace
 10
110.62297904301153
 20
119.04753212156814
 30
4.0
 11
109.92610861208411
 21
117.9500934661076
 31
4.0
 12
109.92610861208411
 22
117.9500934661076
 32
5.4
 13
110.62297904301153
 23
119.04753212156814
 33
5.4
  0
3DFACE
  5
32C
330
17
100
AcDbEntity
  8
WINDOWS
100
AcDbFace
 10
121.88331529505768
 20
136.78042438969513
 30
7.0
 11
121.18644486413027
 21
135.68298573423456
 31
7.0
 12
121.18644486413027
 22
135.68298573423456
 32
8.4
 13
121.88331529505768
 23
136.78042438969513
 33
8.4
  0
3DFACE
  5
32D
330
17
100
AcDbEntity
  8
WINDOWS
100
AcDbFace
 10
119.63124804464846
 20
133.23384593606974
 30
7.0
 11
118.93437761372104
 21
132.13640728060918
 31
7.0
 12
118.93437761372104
 22
132.13640728060918
 32
8.4
 13
119.63124804464846
 23
133.23384593606974
 33
8.4
  0
3DFACE
  5
32E
330
17
100
AcDbEntity
  8
WINDOWS
100
AcDbFace
 10
117.37918079423922
 20
129.68726748244433
 30
7.0
 11
116.6823103633118
 21
128.58982882698376
 31
7.0
 12
116.6823103633118
 22
128.58982882698376
 32
8.4
 13
117.37918079423922
 23
129.68726748244433
 33
8.4
  0
3DFACE
  5
32F
330
17
100
AcDbEntity
  8
WINDOWS
100
AcDbFace
 10
115.12711354382999
 20
126.14068902881894
 30
7.0
 11
114.43024311290257
 21
125.0432503733584
 31
7.0
 12
114.43024311290257
 22
125.0432503733584
 32
8.4
 13
115.12711354382999
 23
126.14068902881894
 33
8.4
  0
3DFACE
  5
330
330
17
100
AcDbEntity
  8
WINDOWS
100
AcDbFace
 10
112.87504629342075
 20
122.59411057519354
 30
7.0
 11
112.17817586249333
 21
121.496671919733
 31
7.0
 12
112.17817586249333
 22
121.496671919733
 32
8.4
 13
112.87504629342075
 23
122.59411057519354
 33
8.4
  0
3DFACE
  5
331
330
17
100
AcDbEntity
  8
WINDOWS
100
AcDbFace
 10
110.62297904301153
 20
119.04753212156814
 30
7.0
 11
109.92610861208411
 21
117.9500934661076
 31
7.0
 12
109.92610861208411
 22
117.9500934661076
 32
8.4
 13
110.62297904301153
 23
119.04753212156814
 33
8.4
  0
3DFACE
  5
332
330
17
100
AcDbEntity
  8
WINDOWS
100
AcDbFace
 10
121.88331529505768
 20
136.78042438969513
 30
10.0
 11
121.18644486413027
 21
135.68298573423456
 31
10.0
 12
121.18644486413027
 22
135.68298573423456
 32
11.4
 13
121.88331529505768
 23
136.78042438969513
 33
11.4
  0
3DFACE
  5
333
330
17
100
AcDbEntity
  8
WINDOWS
100
AcDbFace
 10
119.63124804464846
 20
133.23384593606974
 30
10.0
 11
118.93437761372104
 21
132.13640728060918
 31
10.0
 12
118.93437761372104
 22
132.13640728060918
 32
11.4
 13
119.63124804464846
 23
133.23384593606974
 33
11.4
  0
3DFACE
  5
334
330
17
100
AcDbEntity
  8
WINDOWS
100
AcDbFace
 10
117.37918079423922
 20
129.68726748244433
 30
10.0
 11
116.6823103633118
 21
128.58982882698376
 31
10.0
 12
116.6823103633118
 22
128.58982882698376
 32
11.4
 13
117.37918079423922
 23
129.68726748244433
 33
11.4
  0
3DFACE
  5
335
330
17
100
AcDbEntity
  8
WINDOWS
100
AcDbFace
 10
115.12711354382999
 20
126.14068902881894
 30
10.0
 11
114.43024311290257
 21
125.0432503733584
 31
10.0
 12
114.43024311290257
 22
125.0432503733584
 32
11.4
 13
115.12711354382999
 23
126.14068902881894
 33
11.4
  0
3DFACE
  5
336
330
17
100
AcDbEntity
  8
WINDOWS
100
AcDbFace
 10
112.87504629342075
 20
122.59411057519354
 30
10.0
 11
112.17817586249333
 21
121.496671919733
 31
10.0
 12
112.17817586249333
 22
121.496671919733
 32
11.4
 13
112.87504629342075
 23
122.59411057519354
 33
11.4
  0
3DFACE
  5
337
330
17
100
AcDbEntity
  8
WINDOWS
100
AcDbFace
 10
110.62297904301153
 20
119.04753212156814
 30
10.0
 11
109.92610861208411
 21
117.9500934661076
 31
10.0
 12
109.92610861208411
 22
117.9500934661076
 32
11.4
 13
110.62297904301153
 23
119.04753212156814
 33
11.4
  0
3DFACE
  5
338
330
17
100
AcDbEntity
  8
WINDOWS
100
AcDbFace
 10
121.88331529505768
 20
136.78042438969513
 30
13.0
 11
121.18644486413027
 21
135.68298573423456
 31
13.0
 12
121.18644486413027
 22
135.68298573423456
 32
14.4
 13
121.88331529505768
 23
136.78042438969513
 33
14.4
  0
3DFACE
  5
339
330
17
100
AcDbEntity
  8
WINDOWS
100
AcDbFace
 10
119.63124804464846
 20
133.23384593606974
 30
13.0
 11
118.93437761372104
 21
132.13640728060918
 31
13.0
 12
118.93437761372104
 22
132.13640728060918
 32
14.4
 13
119.63124804464846
 23
133.23384593606974
 33
14.4
  0
3DFACE
  5
33A
330
17
100
AcDbEntity
  8
WINDOWS
100
AcDbFace
 10
117.37918079423922
 20
129.68726748244433
 30
13.0
 11
116.6823103633118
 21
128.58982882698376
 31
13.0
 12
116.6823103633118
 22
128.58982882698376
 32
14.4
 13
117.37918079423922
 23
129.68726748244433
 33
14.4
  0
3DFACE
  5
33B
330
17
100
AcDbEntity
  8
WINDOWS
100
AcDbFace
 10
115.12711354382999
 20
126.14068902881894
 30
13.0
 11
114.43024311290257
 21
125.0432503733584
 31
13.0
 12
114.43024311290257
 22
125.0432503733584
 32
14.4
 13
115.12711354382999
 23
126.14068902881894
 33
14.4
  0
3DFACE
  5
33C
330
17
100
AcDbEntity
  8
WINDOWS
100
AcDbFace
 10
112.87504629342075
 20
122.59411057519354
 30
13.0
 11
112.17817586249333
 21
121.496671919733
 31
13.0
 12
112.17817586249333
 22
121.496671919733
 32
14.4
 13
112.87504629342075
 23
122.59411057519354
 33
14.4
  0
3DFACE
  5
33D
330
17
100
AcDbEntity
  8
WINDOWS
100
AcDbFace
 10
110.62297904301153
 20
119.04753212156814
 30
13.0
 11
109.92610861208411
 21
117.9500934661076
 31
13.0
 12
109.92610861208411
 22
117.9500934661076
 32
14.4
 13
110.62297904301153
 23
119.04753212156814
 33
14.4
  0
3DFACE
  5
33E
330
17
100
AcDbEntity
  8
WINDOWS
100
AcDbFace
 10
121.88331529505768
 20
136.78042438969513
 30
16.0
 11
121.18644486413027
 21
135.68298573423456
 31
16.0
 12
121.18644486413027
 22
135.68298573423456
 32
17.4
 13
121.88331529505768
 23
136.78042438969513
 33
17.4
  0
3DFACE
  5
33F
330
17
100
AcDbEntity
  8
WINDOWS
100
AcDbFace
 10
119.63124804464846
 20
133.23384593606974
 30
16.0
 11
118.93437761372104
 21
132.13640728060918
 31
16.0
 12
118.93437761372104
 22
132.13640728060918
 32
17.4
 13
119.63124804464846
 23
133.23384593606974
 33
17.4
  0
3DFACE
  5
340
330
17
100
AcDbEntity
  8
WINDOWS
100
AcDbFace
 10
117.37918079423922
 20
129.68726748244433
 30
16.0
 11
116.6823103633118
 21
128.58982882698376
 31
16.0
 12
116.6823103633118
 22
128.58982882698376
 32
17.4
 13
117.37918079423922
 23
129.68726748244433
 33
17.4
  0
3DFACE
  5
341
330
17
100
AcDbEntity
  8
WINDOWS
100
AcDbFace
 10
115.12711354382999
 20
126.14068902881894
 30
16.0
 11
114.43024311290257
 21
125.0432503733584
 31
16.0
 12
114.43024311290257
 22
125.0432503733584
 32
17.4
 13
115.12711354382999
 23
126.14068902881894
 33
17.4
  0
3DFACE
  5
342
330
17
100
AcDbEntity
  8
WINDOWS
100
AcDbFace
 10
112.87504629342075
 20
122.59411057519354
 30
16.0
 11
112.17817586249333
 21
121.496671919733
 31
16.0
 12
112.17817586249333
 22
121.496671919733
 32
17.4
 13
112.87504629342075
 23
122.59411057519354
 33
17.4
  0
3DFACE
  5
343
330
17
100
AcDbEntity
  8
WINDOWS
100
AcDbFace
 10
110.62297904301153
 20
119.04753212156814
 30
16.0
 11
109.92610861208411
 21
117.9500934661076
 31
16.0
 12
109.92610861208411
 22
117.9500934661076
 32
17.4
 13
110.62297904301153
 23
119.04753212156814
 33
17.4
  0
3DFACE
  5
344
330
17
100
AcDbEntity
  8
WINDOWS
100
AcDbFace
 10
121.88331529505768
 20
136.78042438969513
 30
19.0
 11
121.18644486413027
 21
135.68298573423456
 31
19.0
 12
121.18644486413027
 22
135.68298573423456
 32
20.4
 13
121.88331529505768
 23
136.78042438969513
 33
20.4
  0
3DFACE
  5
345
330
17
100
AcDbEntity
  8
WINDOWS
100
AcDbFace
 10
119.63124804464846
 20
133.23384593606974
 30
19.0
 11
118.93437761372104
 21
132.13640728060918
 31
19.0
 12
118.93437761372104
 22
132.13640728060918
 32
20.4
 13
119.63124804464846
 23
133.23384593606974
 33
20.4
  0
3DFACE
  5
346
330
17
100
AcDbEntity
  8
WINDOWS
100
AcDbFace
 10
117.37918079423922
 20
129.68726748244433
 30
19.0
 11
116.6823103633118
 21
128.58982882698376
 31
19.0
 12
116.6823103633118
 22
128.58982882698376
 32
20.4
 13
117.37918079423922
 23
129.68726748244433
 33
20.4
  0
3DFACE
  5
347
330
17
100
AcDbEntity
  8
WINDOWS
100
AcDbFace
 10
115.12711354382999
 20
126.14068902881894
 30
19.0
 11
114.43024311290257
 21
125.0432503733584
 31
19.0
 12
114.43024311290257
 22
125.0432503733584
 32
20.4
 13
115.12711354382999
 23
126.14068902881894
 33
20.4
  0
3DFACE
  5
348
330
17
100
AcDbEntity
  8
WINDOWS
100
AcDbFace
 10
112.87504629342075
 20
122.59411057519354
 30
19.0
 11
112.17817586249333
 21
121.496671919733
 31
19.0
 12
112.17817586249333
 22
121.496671919733
 32
20.4
 13
112.87504629342075
 23
122.59411057519354
 33
20.4
  0
3DFACE
  5
349
330
17
100
AcDbEntity
  8
WINDOWS
100
AcDbFace
 10
110.62297904301153
 20
119.04753212156814
 30
19.0
 11
109.92610861208411
 21
117.9500934661076
 31
19.0
 12
109.92610861208411
 22
117.9500934661076
 32
20.4
 13
110.62297904301153
 23
119.04753212156814
 33
20.4
  0
3DFACE
  5
34A
330
17
100
AcDbEntity
  8
WINDOWS
100
AcDbFace
 10
121.88331529505768
 20
136.78042438969513
 30
22.0
 11
121.18644486413027
 21
135.68298573423456
 31
22.0
 12
121.18644486413027
 22
135.68298573423456
 32
23.4
 13
121.88331529505768
 23
136.78042438969513
 33
23.4
  0
3DFACE
  5
34B
330
17
100
AcDbEntity
  8
WINDOWS
100
AcDbFace
 10
119.63124804464846
 20
133.23384593606974
 30
22.0
 11
118.93437761372104
 21
132.13640728060918
 31
22.0
 12
118.93437761372104
 22
132.13640728060918
 32
23.4
 13
119.63124804464846
 23
133.23384593606974
 33
23.4
  0
3DFACE
  5
34C
330
17
100
AcDbEntity
  8
WINDOWS
100
AcDbFace
 10
117.37918079423922
 20
129.68726748244433
 30
22.0
 11
116.6823103633118
 21
128.58982882698376
 31
22.0
 12
116.6823103633118
 22
128.58982882698376
 32
23.4
 13
117.37918079423922
 23
129.68726748244433
 33
23.4
  0
3DFACE
  5
34D
330
17
100
AcDbEntity
  8
WINDOWS
100
AcDbFace
 10
115.12711354382999
 20
126.14068902881894
 30
22.0
 11
114.43024311290257
 21
125.0432503733584
 31
22.0
 12
114.43024311290257
 22
125.0432503733584
 32
23.4
 13
115.12711354382999
 23
126.14068902881894
 33
23.4
  0
3DFACE
  5
34E
330
17
100
AcDbEntity
  8
WINDOWS
100
AcDbFace
 10
112.87504629342075
 20
122.59411057519354
 30
22.0
 11
112.17817586249333
 21
121.496671919733
 31
22.0
 12
112.17817586249333
 22
121.496671919733
 32
23.4
 13
112.87504629342075
 23
122.59411057519354
 33
23.4
  0
3DFACE
  5
34F
330
17
100
AcDbEntity
  8
WINDOWS
100
AcDbFace
 10
110.62297904301153
 20
119.04753212156814
 30
22.0
 11
109.92610861208411
 21
117.9500934661076
 31
22.0
 12
109.92610861208411
 22
117.9500934661076
 32
23.4
 13
110.62297904301153
 23
119.04753212156814
 33
23.4
  0
3DFACE
  5
350
330
17
100
AcDbEntity
  8
WINDOWS
100
AcDbFace
 10
121.88331529505768
 20
136.78042438969513
 30
25.0
 11
121.18644486413027
 21
135.68298573423456
 31
25.0
 12
121.18644486413027
 22
135.68298573423456
 32
26.4
 13
121.88331529505768
 23
136.78042438969513
 33
26.4
  0
3DFACE
  5
351
330
17
100
AcDbEntity
  8
WINDOWS
100
AcDbFace
 10
119.63124804464846
 20
133.23384593606974
 30
25.0
 11
118.93437761372104
 21
132.13640728060918
 31
25.0
 12
118.93437761372104
 22
132.13640728060918
 32
26.4
 13
119.63124804464846
 23
133.23384593606974
 33
26.4
  0
3DFACE
  5
352
330
17
100
AcDbEntity
  8
WINDOWS
100
AcDbFace
 10
117.37918079423922
 20
129.68726748244433
 30
25.0
 11
116.6823103633118
 21
128.58982882698376
 31
25.0
 12
116.6823103633118
 22
128.58982882698376
 32
26.4
 13
117.37918079423922
 23
129.68726748244433
 33
26.4
  0
3DFACE
  5
353
330
17
100
AcDbEntity
  8
WINDOWS
100
AcDbFace
 10
115.12711354382999
 20
126.14068902881894
 30
25.0
 11
114.43024311290257
 21
125.0432503733584
 31
25.0
 12
114.43024311290257
 22
125.0432503733584
 32
26.4
 13
115.12711354382999
 23
126.14068902881894
 33
26.4
  0
3DFACE
  5
354
330
17
100
AcDbEntity
  8
WINDOWS
100
AcDbFace
 10
112.87504629342075
 20
122.59411057519354
 30
25.0
 11
112.17817586249333
 21
121.496671919733
 31
25.0
 12
112.17817586249333
 22
121.496671919733
 32
26.4
 13
112.87504629342075
 23
122.59411057519354
 33
26.4
  0
3DFACE
  5
355
330
17
100
AcDbEntity
  8
WINDOWS
100
AcDbFace
 10
110.62297904301153
 20
119.04753212156814
 30
25.0
 11
109.92610861208411
 21
117.9500934661076
 31
25.0
 12
109.92610861208411
 22
117.9500934661076
 32
26.4
 13
110.62297904301153
 23
119.04753212156814
 33
26.4
  0
3DFACE
  5
356
330
17
100
AcDbEntity
  8
WINDOWS
100
AcDbFace
 10
104.7841667125762
 20
117.29473592694282
 30
1.0
 11
103.68513803258193
 21
117.98909603564007
 31
1.0
 12
103.68513803258193
 22
117.98909603564007
 32
2.4
 13
104.7841667125762
 23
117.29473592694282
 33
2.4
  0
3DFACE
  5
357
330
17
100
AcDbEntity
  8
WINDOWS
100
AcDbFace
 10
100.06754080361242
 20
120.27467351951731
 30
1.0
 11
98.96851212361815
 21
120.96903362821456
 31
1.0
 12
98.96851212361815
 22
120.96903362821456
 32
2.4
 13
100.06754080361242
 23
120.27467351951731
 33
2.4
  0
3DFACE
  5
358
330
17
100
AcDbEntity
  8
WINDOWS
100
AcDbFace
 10
104.7841667125762
 20
117.29473592694282
 30
4.0
 11
103.68513803258193
 21
117.98909603564007
 31
4.0
 12
103.68513803258193
 22
117.98909603564007
 32
5.4
 13
104.7841667125762
 23
117.29473592694282
 33
5.4
  0
3DFACE
  5
359
330
17
100
AcDbEntity
  8
WINDOWS
100
AcDbFace
 10
100.06754080361242
 20
120.27467351951731
 30
4.0
 11
98.96851212361815
 21
120.96903362821456
 31
4.0
 12
98.96851212361815
 22
120.96903362821456
 32
5.4
 13
100.06754080361242
 23
120.27467351951731
 33
5.4
  0
3DFACE
  5
35A
330
17
100
AcDbEntity
  8
WINDOWS
100
AcDbFace
 10
104.7841667125762
 20
117.29473592694282
 30
7.0
 11
103.68513803258193
 21
117.98909603564007
 31
7.0
 12
103.68513803258193
 22
117.98909603564007
 32
8.4
 13
104.7841667125762
 23
117.29473592694282
 33
8.4
  0
3DFACE
  5
35B
330
17
100
AcDbEntity
  8
WINDOWS
100
AcDbFace
 10
100.06754080361242
 20
120.27467351951731
 30
7.0
 11
98.96851212361815
 21
120.96903362821456
 31
7.0
 12
98.96851212361815
 22
120.96903362821456
 32
8.4
 13
100.06754080361242
 23
120.27467351951731
 33
8.4
  0
3DFACE
  5
35C
330
17
100
AcDbEntity
  8
WINDOWS
100
AcDbFace
 10
104.7841667125762
 20
117.29473592694282
 30
10.0
 11
103.68513803258193
 21
117.98909603564007
 31
10.0
 12
103.68513803258193
 22
117.98909603564007
 32
11.4
 13
104.7841667125762
 23
117.29473592694282
 33
11.4
  0
3DFACE
  5
35D
330
17
100
AcDbEntity
  8
WINDOWS
100
AcDbFace
 10
100.06754080361242
 20
120.27467351951731
 30
10.0
 11
98.96851212361815
 21
120.96903362821456
 31
10.0
 12
98.96851212361815
 22
120.96903362821456
 32
11.4
 13
100.06754080361242
 23
120.27467351951731
 33
11.4
  0
3DFACE
  5
35E
330
17
100
AcDbEntity
  8
WINDOWS
100
AcDbFace
 10
104.7841667125762
 20
117.29473592694282
 30
13.0
 11
103.68513803258193
 21
117.98909603564007
 31
13.0
 12
103.68513803258193
 22
117.98909603564007
 32
14.4
 13
104.7841667125762
 23
117.29473592694282
 33
14.4
  0
3DFACE
  5
35F
330
17
100
AcDbEntity
  8
WINDOWS
100
AcDbFace
 10
100.06754080361242
 20
120.27467351951731
 30
13.0
 11
98.96851212361815
 21
120.96903362821456
 31
13.0
 12
98.96851212361815
 22
120.96903362821456
 32
14.4
 13
100.06754080361242
 23
120.27467351951731
 33
14.4
  0
3DFACE
  5
360
330
17
100
AcDbEntity
  8
WINDOWS
100
AcDbFace
 10
104.7841667125762
 20
117.29473592694282
 30
16.0
 11
103.68513803258193
 21
117.98909603564007
 31
16.0
 12
103.68513803258193
 22
117.98909603564007
 32
17.4
 13
104.7841667125762
 23
117.29473592694282
 33
17.4
  0
3DFACE
  5
361
330
17
100
AcDbEntity
  8
WINDOWS
100
AcDbFace
 10
100.06754080361242
 20
120.27467351951731
 30
16.0
 11
98.96851212361815
 21
120.96903362821456
 31
16.0
 12
98.96851212361815
 22
120.96903362821456
 32
17.4
 13
100.06754080361242
 23
120.27467351951731
 33
17.4
  0
3DFACE
  5
362
330
17
100
AcDbEntity
  8
WINDOWS
100
AcDbFace
 10
104.7841667125762
 20
117.29473592694282
 30
19.0
 11
103.68513803258193
 21
117.98909603564007
 31
19.0
 12
103.68513803258193
 22
117.98909603564007
 32
20.4
 13
104.7841667125762
 23
117.29473592694282
 33
20.4
  0
3DFACE
  5
363
330
17
100
AcDbEntity
  8
WINDOWS
100
AcDbFace
 10
100.06754080361242
 20
120.27467351951731
 30
19.0
 11
98.96851212361815
 21
120.96903362821456
 31
19.0
 12
98.96851212361815
 22
120.96903362821456
 32
20.4
 13
100.06754080361242
 23
120.27467351951731
 33
20.4
  0
3DFACE
  5
364
330
17
100
AcDbEntity
  8
WINDOWS
100
AcDbFace
 10
104.7841667125762
 20
117.29473592694282
 30
22.0
 11
103.68513803258193
 21
117.98909603564007
 31
22.0
 12
103.68513803258193
 22
117.98909603564007
 32
23.4
 13
104.7841667125762
 23
117.29473592694282
 33
23.4
  0
3DFACE
  5
365
330
17
100
AcDbEntity
  8
WINDOWS
100
AcDbFace
 10
100.06754080361242
 20
120.27467351951731
 30
22.0
 11
98.96851212361815
 21
120.96903362821456
 31
22.0
 12
98.96851212361815
 22
120.96903362821456
 32
23.4
 13
100.06754080361242
 23
120.27467351951731
 33
23.4
  0
3DFACE
  5
366
330
17
100
AcDbEntity
  8
WINDOWS
100
AcDbFace
 10
104.7841667125762
 20
117.29473592694282
 30
25.0
 11
103.68513803258193
 21
117.98909603564007
 31
25.0
 12
103.68513803258193
 22
117.98909603564007
 32
26.4
 13
104.7841667125762
 23
117.29473592694282
 33
26.4
  0
3DFACE
  5
367
330
17
100
AcDbEntity
  8
WINDOWS
100
AcDbFace
 10
100.06754080361242
 20
120.27467351951731
 30
25.0
 11
98.96851212361815
 21
120.96903362821456
 31
25.0
 12
98.96851212361815
 22
120.96903362821456
 32
26.4
 13
100.06754080361242
 23
120.27467351951731
 33
26.4
  0
3DFACE
  5
368
330
17
100
AcDbEntity
  8
CANOPIES
100
AcDbFace
 10
113.75090329604282
 20
145.7635591536567
 30
2.7
 11
115.9489618460735
 21
144.374840819855
 31
2.7
 12
116.69673325658212
 22
145.55841080833306
 32
2.7
 13
114.49867470655144
 23
146.94712914213477
 33
2.7
  0
3DFACE
  5
369
330
17
100
AcDbEntity
  8
CANOPIES
100
AcDbFace
 10
116.69673325658212
 20
145.55841080833306
 30
2.7
 11
114.49867470655144
 21
146.94712914213477
 31
2.7
 12
114.49867470655144
 22
146.94712914213477
 32
2.45
 13
116.69673325658212
 23
145.55841080833306
 33
2.45
  0
CIRCLE
  5
36A
330
17
100
AcDbEntity
  8
CANOPIES
100
AcDbCircle
 10
114.84993257105816
 20
145.06919998675585
 30
0.05
 40
0.5
  0
3DFACE
  5
36B
330
17
100
AcDbEntity
  8
CANOPIES
100
AcDbFace
 10
118.741571567129
 20
142.6104891285107
 30
2.7
 11
120.93963011715968
 21
141.221770794709
 31
2.7
 12
121.6874015276683
 22
142.40534078318706
 32
2.7
 13
119.48934297763762
 23
143.79405911698876
 33
2.7
  0
3DFACE
  5
36C
330
17
100
AcDbEntity
  8
CANOPIES
100
AcDbFace
 10
121.6874015276683
 20
142.40534078318706
 30
2.7
 11
119.48934297763762
 21
143.79405911698876
 31
2.7
 12
119.48934297763762
 22
143.79405911698876
 32
2.45
 13
121.6874015276683
 23
142.40534078318706
 33
2.45
  0
CIRCLE
  5
36D
330
17
100
AcDbEntity
  8
CANOPIES
100
AcDbCircle
 10
119.84060084214434
 20
141.91612996160984
 30
0.05
 40
0.5
  0
TEXT
  5
36E
330
17
100
AcDbEntity
  8
LABELS
100
AcDbText
 10
109.624151238997
 20
131.33340131491423
 30
0.0
 40
2.0
  1
41/45 к2 h=27.0m
100
AcDbText
  0
ENDSEC
  0
SECTION
  2
OBJECTS
  0
DICTIONARY
  5
A
330
0
100
AcDbDictionary
281
1
  3
ACAD_COLOR
350
B
  3
ACAD_GROUP
350
C
  3
ACAD_LAYOUT
350
D
  3
ACAD_MATERIAL
350
E
  3
ACAD_MLEADERSTYLE
350
F
  3
ACAD_MLINESTYLE
350
10
  3
ACAD_PLOTSETTINGS
350
11
  3
ACAD_PLOTSTYLENAME
350
12
  3
ACAD_SCALELIST
350
14
  3
ACAD_TABLESTYLE
350
15
  3
ACAD_VISUALSTYLE
350
16
  3
EZDXF_META
350
2D
  0
DICTIONARY
  5
B
330
A
100
AcDbDictionary
281
1
  0
DICTIONARY
  5
C
330
A
100
AcDbDictionary
281
1
  0
DICTIONARY
  5
D
330
A
100
AcDbDictionary
281
1
  3
Model
350
1A
  3
Layout1
350
1E
  0
DICTIONARY
  5
E
330
A
100
AcDbDictionary
281
1
  3
ByBlock
350
1F
  3
ByLayer
350
20
  3
Global
350
21
  0
DICTIONARY
  5
F
330
A
100
AcDbDictionary
281
1
  3
Standard
350
2C
  0
DICTIONARY
  5
10
330
A
100
AcDbDictionary
281
1
  3
Standard
350
22
  0
DICTIONARY
  5
11
330
A
100
AcDbDictionary
281
1
  0
ACDBDICTIONARYWDFLT
  5
12
330
A
100
AcDbDictionary
281
1
  3
Normal
350
13
100
AcDbDictionaryWithDefault
340
13
  0
ACDBPLACEHOLDER
  5
13
330
12
  0
DICTIONARY
  5
14
330
A
100
AcDbDictionary
281
1
  0
DICTIONARY
  5
15
330
A
100
AcDbDictionary
281
1
  0
DICTIONARY
  5
16
330
A
100
AcDbDictionary
281
1
  3
2dWireframe
350
5A
  3
Basic
350
5B
  3
Brighten
350
5C
  3
ColorChange
350
5D
  3
Conceptual
350
5E
  3
Dim
350
5F
  3
EdgeColorOff
350
60
  3
Facepattern
350
61
  3
Flat
350
62
  3
FlatWithEdges
350
63
  3
Gouraud
350
64
  3
GouraudWithEdges
350
65
  3
Hidden
350
66
  3
JitterOff
350
67
  3
Linepattern
350
68
  3
Modeling
350
69
  3
OverhangOff
350
6A
  3
Realistic
350
6B
  3
Shaded
350
6C
  3
Shaded with edges
350
6D
  3
Shades of Gray
350
6E
  3
Sketchy
350
6F
  3
Thicken
350
70
  3
Wireframe
350
71
  3
X-Ray
350
72
  0
LAYOUT
  5
1A
330
D
100
AcDbPlotSettings
  1

  4
A3
  6

 40
7.5
 41
20.0
 42
7.5
 43
20.0
 44
420.0
 45
297.0
 46
0.0
 47
0.0
 48
0.0
 49
0.0
140
0.0
141
0.0
142
1.0
143
1.0
 70
1024
 72
1
 73
0
 74
5
  7

 75
16
 76
0
 77
2
 78
300
147
1.0
148
0.0
149
0.0
100
AcDbLayout
  1
Model
 70
1
 71
0
 10
0.0
 20
0.0
 11
420.0
 21
297.0
 12
0.0
 22
0.0
 32
0.0
 14
1e+20
 24
1e+20
 34
1e+20
 15
-1e+20
 25
-1e+20
 35
-1e+20
146
0.0
 13
0.0
 23
0.0
 33
0.0
 16
1.0
 26
0.0
 36
0.0
 17
0.0
 27
1.0
 37
0.0
 76
1
330
17
  0
LAYOUT
  5
1E
330
D
100
AcDbPlotSettings
  1

  4
A3
  6

 40
7.5
 41
20.0
 42
7.5
 43
20.0
 44
420.0
 45
297.0
 46
0.0
 47
0.0
 48
0.0
 49
0.0
140
0.0
141
0.0
142
1.0
143
1.0
 70
0
 72
1
 73
0
 74
5
  7

 75
16
 76
0
 77
2
 78
300
147
1.0
148
0.0
149
0.0
100
AcDbLayout
  1
Layout1
 70
1
 71
1
 10
0.0
 20
0.0
 11
420.0
 21
297.0
 12
0.0
 22
0.0
 32
0.0
 14
1e+20
 24
1e+20
 34
1e+20
 15
-1e+20
 25
-1e+20
 35
-1e+20
146
0.0
 13
0.0
 23
0.0
 33
0.0
 16
1.0
 26
0.0
 36
0.0
 17
0.0
 27
1.0
 37
0.0
 76
1
330
1B
  0
MATERIAL
  5
1F
102
{ACAD_REACTORS
330
E
102
}
330
E
100
AcDbMaterial
  1
ByBlock
  2

 70
0
 40
1.0
 71
1
 41
1.0
 91
-1023410177
 42
1.0
 72
1
  3

 73
1
 74
1
 75
1
 44
0.5
 73
0
 45
1.0
 46
1.0
 77
1
  4

 78
1
 79
1
170
1
 48
1.0
171
1
  6

172
1
173
1
174
1
140
1.0
141
1.0
175
1
  7

176
1
177
1
178
1
143
1.0
179
1
  8

270
1
271
1
272
1
145
1.0
146
1.0
273
1
  9

274
1
275
1
276
1
 42
1.0
 72
1
  3

 73
1
 74
1
 75
1
 94
63
  0
MATERIAL
  5
20
102
{ACAD_REACTORS
330
E
102
}
330
E
100
AcDbMaterial
  1
ByLayer
  2

 70
0
 40
1.0
 71
1
 41
1.0
 91
-1023410177
 42
1.0
 72
1
  3

 73
1
 74
1
 75
1
 44
0.5
 73
0
 45
1.0
 46
1.0
 77
1
  4

 78
1
 79
1
170
1
 48
1.0
171
1
  6

172
1
173
1
174
1
140
1.0
141
1.0
175
1
  7

176
1
177
1
178
1
143
1.0
179
1
  8

270
1
271
1
272
1
145
1.0
146
1.0
273
1
  9

274
1
275
1
276
1
 42
1.0
 72
1
  3

 73
1
 74
1
 75
1
 94
63
  0
MATERIAL
  5
21
102
{ACAD_REACTORS
330
E
102
}
330
E
100
AcDbMaterial
  1
Global
  2

 70
0
 40
1.0
 71
1
 41
1.0
 91
-1023410177
 42
1.0
 72
1
  3

 73
1
 74
1
 75
1
 44
0.5
 73
0
 45
1.0
 46
1.0
 77
1
  4

 78
1
 79
1
170
1
 48
1.0
171
1
  6

172
1
173
1
174
1
140
1.0
141
1.0
175
1
  7

176
1
177
1
178
1
143
1.0
179
1
  8

270
1
271
1
272
1
145
1.0
146
1.0
273
1
  9

274
1
275
1
276
1
 42
1.0
 72
1
  3

 73
1
 74
1
 75
1
 94
63
  0
MLINESTYLE
  5
22
102
{ACAD_REACTORS
330
10
102
}
330
10
100
AcDbMlineStyle
  2
Standard
 70
0
  3

 62
256
 51
90.0
 52
90.0
 71
2
 49
0.5
 62
256
  6
BYLAYER
 49
-0.5
 62
256
  6
BYLAYER
  0
MLEADERSTYLE
  5
2C
102
{ACAD_REACTORS
330
F
102
}
330
F
100
AcDbMLeaderStyle
179
2
170
2
171
1
172
0
 90
2
 40
0.0
 41
0.0
173
1
 91
-1056964608
 92
-2
290
1
 42
2.0
291
1
 43
8.0
  3
Standard
 44
4.0
300

342
29
174
1
175
1
176
0
178
1
 93
-1056964608
 45
4.0
292
0
297
0
 46
4.0
 94
-1056964608
 47
1.0
 49
1.0
140
1.0
294
1
141
0.0
177
0
142
1.0
295
0
296
0
143
3.75
271
0
272
9
273
9
  0
DICTIONARY
  5
2D
330
A
100
AcDbDictionary
280
1
281
1
  3
CREATED_BY_EZDXF
350
2E
  3
WRITTEN_BY_EZDXF
350
372
  0
DICTIONARYVAR
  5
2E
330
2D
100
DictionaryVariables
280
0
  1
1.4.4 @ 2026-09-07T20:22:26.397220+00:00
  0
VISUALSTYLE
  5
5A
102
{ACAD_REACTORS
330
16
102
}
330
16
100
AcDbVisualStyle
  2
2dWireframe
 70
4
 90
0
 40
0.6
 62
7
290
0
291
0
  0
VISUALSTYLE
  5
5B
102
{ACAD_REACTORS
330
16
102
}
330
16
100
AcDbVisualStyle
  2
Basic
 70
7
 90
1
 40
0.6
 62
7
290
0
291
1
  0
VISUALSTYLE
  5
5C
102
{ACAD_REACTORS
330
16
102
}
330
16
100
AcDbVisualStyle
  2
Brighten
 70
12
 90
2
 40
0.6
 62
7
290
0
291
1
  0
VISUALSTYLE
  5
5D
102
{ACAD_REACTORS
330
16
102
}
330
16
100
AcDbVisualStyle
  2
ColorChange
 70
16
 90
2
 40
0.6
 62
8
290
0
291
1
  0
VISUALSTYLE
  5
5E
102
{ACAD_REACTORS
330
16
102
}
330
16
100
AcDbVisualStyle
  2
Conceptual
 70
9
 90
3
 40
0.6
 62
7
290
0
291
0
  0
VISUALSTYLE
  5
5F
102
{ACAD_REACTORS
330
16
102
}
330
16
100
AcDbVisualStyle
  2
Dim
 70
11
 90
2
 40
0.6
 62
7
290
0
291
1
  0
VISUALSTYLE
  5
60
102
{ACAD_REACTORS
330
16
102
}
330
16
100
AcDbVisualStyle
  2
EdgeColorOff
 70
22
 90
2
 40
0.6
 62
7
290
0
291
1
  0
VISUALSTYLE
  5
61
102
{ACAD_REACTORS
330
16
102
}
330
16
100
AcDbVisualStyle
  2
Facepattern
 70
15
 90
2
 40
0.6
 62
7
290
0
291
1
  0
VISUALSTYLE
  5
62
102
{ACAD_REACTORS
330
16
102
}
330
16
100
AcDbVisualStyle
  2
Flat
 70
0
 90
2
 40
0.6
 62
7
290
0
291
1
  0
VISUALSTYLE
  5
63
102
{ACAD_REACTORS
330
16
102
}
330
16
100
AcDbVisualStyle
  2
FlatWithEdges
 70
1
 90
2
 40
0.6
 62
7
290
0
291
1
  0
VISUALSTYLE
  5
64
102
{ACAD_REACTORS
330
16
102
}
330
16
100
AcDbVisualStyle
  2
Gouraud
 70
2
 90
2
 40
0.6
 62
7
290
0
291
1
  0
VISUALSTYLE
  5
65
102
{ACAD_REACTORS
330
16
102
}
330
16
100
AcDbVisualStyle
  2
GouraudWithEdges
 70
3
 90
2
 40
0.6
 62
7
290
0
291
1
  0
VISUALSTYLE
  5
66
102
{ACAD_REACTORS
330
16
102
}
330
16
100
AcDbVisualStyle
  2
Hidden
 70
6
 90
1
 40
0.6
 62
7
290
0
291
0
  0
VISUALSTYLE
  5
67
102
{ACAD_REACTORS
330
16
102
}
330
16
100
AcDbVisualStyle
  2
JitterOff
 70
20
 90
2
 40
0.6
 62
7
290
0
291
1
  0
VISUALSTYLE
  5
68
102
{ACAD_REACTORS
330
16
102
}
330
16
100
AcDbVisualStyle
  2
Linepattern
 70
14
 90
2
 40
0.6
 62
7
290
0
291
1
  0
VISUALSTYLE
  5
69
102
{ACAD_REACTORS
330
16
102
}
330
16
100
AcDbVisualStyle
  2
Modeling
 70
10
 90
2
 40
0.6
 62
7
290
0
291
0
  0
VISUALSTYLE
  5
6A
102
{ACAD_REACTORS
330
16
102
}
330
16
100
AcDbVisualStyle
  2
OverhangOff
 70
21
 90
2
 40
0.6
 62
7
290
0
291
1
  0
VISUALSTYLE
  5
6B
102
{ACAD_REACTORS
330
16
102
}
330
16
100
AcDbVisualStyle
  2
Realistic
 70
8
 90
2
 40
0.6
 62
7
290
0
291
0
  0
VISUALSTYLE
  5
6C
102
{ACAD_REACTORS
330
16
102
}
330
16
100
AcDbVisualStyle
  2
Shaded
 70
27
 90
2
 40
0.6
 62
7
290
0
291
0
  0
VISUALSTYLE
  5
6D
102
{ACAD_REACTORS
330
16
102
}
330
16
100
AcDbVisualStyle
  2
Shaded with edges
 70
26
 90
2
 40
0.6
 62
7
290
0
291
0
  0
VISUALSTYLE
  5
6E
102
{ACAD_REACTORS
330
16
102
}
330
16
100
AcDbVisualStyle
  2
Shades of Gray
 70
23
 90
2
 40
0.6
 62
7
290
0
291
0
  0
VISUALSTYLE
  5
6F
102
{ACAD_REACTORS
330
16
102
}
330
16
100
AcDbVisualStyle
  2
Sketchy
 70
24
 90
1
 40
0.6
 62
7
290
0
291
0
  0
VISUALSTYLE
  5
70
102
{ACAD_REACTORS
330
16
102
}
330
16
100
AcDbVisualStyle
  2
Thicken
 70
13
 90
2
 40
0.6
 62
7
290
0
291
1
  0
VISUALSTYLE
  5
71
102
{ACAD_REACTORS
330
16
102
}
330
16
100
AcDbVisualStyle
  2
Wireframe
 70
5
 90
0
 40
0.6
 62
7
290
0
291
0
  0
VISUALSTYLE
  5
72
102
{ACAD_REACTORS
330
16
102
}
330
16
100
AcDbVisualStyle
  2
X-Ray
 70
25
 90
2
 40
0.5
 62
7
290
0
291
0
  0
DICTIONARYVAR
  5
372
330
2D
100
DictionaryVariables
280
0
  1
1.4.4 @ 2026-09-07T20:22:26.407102+00:00
  0
ENDSEC
  0
EOF
