id;статус;тип;вид;слой DXF;x;z;dxf_x;dxf_y;приём;проект-аналог;обоснование;основание вида;ограничение;расстояние, м;норма, м;НПА и пункт
tree_building_border_001_001;посажено;tree;Черемуха Маака;NEW_TREE;37.687;45.458;349.906;188.744;Кольцо кустарника вокруг здания;25_classical_building_ring_primer;"Кольцо кустарника вокруг здания — по аналогии с проектом «25_classical_building_ring_primer»; ближайшее ограничение — кабель связи: 2.5 м при норме 2.0 м (СП 42.13330.2016, п. 9.6, табл. 9.1; ППМ 743-ПП, табл. 3.6.1)";"ассортимент для озеленения Москвы, категория «дворовые территории (тип участка не определён)»; в приоритете базовый ассортимент ППМ 515-ПП; без инвазивных видов ППМ 369-ПП";кабель связи;2.55;2.0;"СП 42.13330.2016, п. 9.6, табл. 9.1; ППМ 743-ПП, табл. 3.6.1"
bush_building_border_001_001;посажено;bush;Жимолость золотистая;NEW_BUSH;45.538;43.69;357.757;186.976;Кольцо кустарника вокруг здания;25_classical_building_ring_primer;"Кольцо кустарника вокруг здания — по аналогии с проектом «25_classical_building_ring_primer»; ближайшее ограничение — кабель связи: 2.1 м при норме 0.7 м (СП 42.13330.2016, п. 9.6, табл. 9.1; ППМ 743-ПП, табл. 3.6.1)";"ассортимент для озеленения Москвы, категория «дворовые территории (тип участка не определён)»; в приоритете базовый ассортимент ППМ 515-ПП; без инвазивных видов ППМ 369-ПП";кабель связи;2.13;0.7;"СП 42.13330.2016, п. 9.6, табл. 9.1; ППМ 743-ПП, табл. 3.6.1"
bush_building_border_001_002;посажено;bush;Бересклет европейский;NEW_BUSH;46.904;43.383;359.123;186.669;Кольцо кустарника вокруг здания;25_classical_building_ring_primer;"Кольцо кустарника вокруг здания — по аналогии с проектом «25_classical_building_ring_primer»; ближайшее ограничение — кабель связи: 2.2 м при норме 0.7 м (СП 42.13330.2016, п. 9.6, табл. 9.1; ППМ 743-ПП, табл. 3.6.1)";"ассортимент для озеленения Москвы, категория «дворовые территории (тип участка не определён)»; в приоритете базовый ассортимент ППМ 515-ПП; без инвазивных видов ППМ 369-ПП";кабель связи;2.21;0.7;"СП 42.13330.2016, п. 9.6, табл. 9.1; ППМ 743-ПП, табл. 3.6.1"
bush_building_border_001_003;посажено;bush;Жимолость золотистая;NEW_BUSH;49.636;42.768;361.854;186.054;Кольцо кустарника вокруг здания;25_classical_building_ring_primer;"Кольцо кустарника вокруг здания — по аналогии с проектом «25_classical_building_ring_primer»; ближайшее ограничение — кабель связи: 2.1 м при норме 0.7 м (СП 42.13330.2016, п. 9.6, табл. 9.1; ППМ 743-ПП, табл. 3.6.1)";"ассортимент для озеленения Москвы, категория «дворовые территории (тип участка не определён)»; в приоритете базовый ассортимент ППМ 515-ПП; без инвазивных видов ППМ 369-ПП";кабель связи;2.11;0.7;"СП 42.13330.2016, п. 9.6, табл. 9.1; ППМ 743-ПП, табл. 3.6.1"
bush_building_border_001_004;посажено;bush;Бересклет европейский;NEW_BUSH;51.001;42.46;363.22;185.746;Кольцо кустарника вокруг здания;25_classical_building_ring_primer;"Кольцо кустарника вокруг здания — по аналогии с проектом «25_classical_building_ring_primer»; ближайшее ограничение — кабель связи: 2.1 м при норме 0.7 м (СП 42.13330.2016, п. 9.6, табл. 9.1; ППМ 743-ПП, табл. 3.6.1)";"ассортимент для озеленения Москвы, категория «дворовые территории (тип участка не определён)»; в приоритете базовый ассортимент ППМ 515-ПП; без инвазивных видов ППМ 369-ПП";кабель связи;2.06;0.7;"СП 42.13330.2016, п. 9.6, табл. 9.1; ППМ 743-ПП, табл. 3.6.1"
bush_building_border_001_005;посажено;bush;Жимолость золотистая;NEW_BUSH;52.303;42.027;364.521;185.313;Кольцо кустарника вокруг здания;25_classical_building_ring_primer;"Кольцо кустарника вокруг здания — по аналогии с проектом «25_classical_building_ring_primer»; ближайшее ограничение — кабель связи: 2.0 м при норме 0.7 м (СП 42.13330.2016, п. 9.6, табл. 9.1; ППМ 743-ПП, табл. 3.6.1)";"ассортимент для озеленения Москвы, категория «дворовые территории (тип участка не определён)»; в приоритете базовый ассортимент ППМ 515-ПП; без инвазивных видов ППМ 369-ПП";кабель связи;2.0;0.7;"СП 42.13330.2016, п. 9.6, табл. 9.1; ППМ 743-ПП, табл. 3.6.1"
bush_building_border_001_006;посажено;bush;Бересклет европейский;NEW_BUSH;56.329;41.121;368.547;184.407;Кольцо кустарника вокруг здания;25_classical_building_ring_primer;"Кольцо кустарника вокруг здания — по аналогии с проектом «25_classical_building_ring_primer»; ближайшее ограничение — кабель связи: 2.0 м при норме 0.7 м (СП 42.13330.2016, п. 9.6, табл. 9.1; ППМ 743-ПП, табл. 3.6.1)";"ассортимент для озеленения Москвы, категория «дворовые территории (тип участка не определён)»; в приоритете базовый ассортимент ППМ 515-ПП; без инвазивных видов ППМ 369-ПП";кабель связи;2.0;0.7;"СП 42.13330.2016, п. 9.6, табл. 9.1; ППМ 743-ПП, табл. 3.6.1"
bush_building_border_001_007;посажено;bush;Жимолость золотистая;NEW_BUSH;57.683;40.764;369.901;184.05;Кольцо кустарника вокруг здания;25_classical_building_ring_primer;"Кольцо кустарника вокруг здания — по аналогии с проектом «25_classical_building_ring_primer»; ближайшее ограничение — кабель связи: 2.0 м при норме 0.7 м (СП 42.13330.2016, п. 9.6, табл. 9.1; ППМ 743-ПП, табл. 3.6.1)";"ассортимент для озеленения Москвы, категория «дворовые территории (тип участка не определён)»; в приоритете базовый ассортимент ППМ 515-ПП; без инвазивных видов ППМ 369-ПП";кабель связи;2.0;0.7;"СП 42.13330.2016, п. 9.6, табл. 9.1; ППМ 743-ПП, табл. 3.6.1"
bush_building_border_001_008;посажено;bush;Бересклет европейский;NEW_BUSH;59.037;40.408;371.255;183.694;Кольцо кустарника вокруг здания;25_classical_building_ring_primer;"Кольцо кустарника вокруг здания — по аналогии с проектом «25_classical_building_ring_primer»; ближайшее ограничение — кабель связи: 2.0 м при норме 0.7 м (СП 42.13330.2016, п. 9.6, табл. 9.1; ППМ 743-ПП, табл. 3.6.1)";"ассортимент для озеленения Москвы, категория «дворовые территории (тип участка не определён)»; в приоритете базовый ассортимент ППМ 515-ПП; без инвазивных видов ППМ 369-ПП";кабель связи;2.0;0.7;"СП 42.13330.2016, п. 9.6, табл. 9.1; ППМ 743-ПП, табл. 3.6.1"
bush_building_border_001_009;посажено;bush;Жимолость золотистая;NEW_BUSH;60.358;40.007;372.576;183.293;Кольцо кустарника вокруг здания;25_classical_building_ring_primer;"Кольцо кустарника вокруг здания — по аналогии с проектом «25_classical_building_ring_primer»; ближайшее ограничение — кабель связи: 2.0 м при норме 0.7 м (СП 42.13330.2016, п. 9.6, табл. 9.1; ППМ 743-ПП, табл. 3.6.1)";"ассортимент для озеленения Москвы, категория «дворовые территории (тип участка не определён)»; в приоритете базовый ассортимент ППМ 515-ПП; без инвазивных видов ППМ 369-ПП";кабель связи;2.0;0.7;"СП 42.13330.2016, п. 9.6, табл. 9.1; ППМ 743-ПП, табл. 3.6.1"
bush_building_border_001_010;посажено;bush;Бересклет европейский;NEW_BUSH;61.618;39.467;373.837;182.753;Кольцо кустарника вокруг здания;25_classical_building_ring_primer;"Кольцо кустарника вокруг здания — по аналогии с проектом «25_classical_building_ring_primer»; ближайшее ограничение — кабель связи: 2.0 м при норме 0.7 м (СП 42.13330.2016, п. 9.6, табл. 9.1; ППМ 743-ПП, табл. 3.6.1)";"ассортимент для озеленения Москвы, категория «дворовые территории (тип участка не определён)»; в приоритете базовый ассортимент ППМ 515-ПП; без инвазивных видов ППМ 369-ПП";кабель связи;2.0;0.7;"СП 42.13330.2016, п. 9.6, табл. 9.1; ППМ 743-ПП, табл. 3.6.1"
bush_building_border_001_011;посажено;bush;Жимолость золотистая;NEW_BUSH;62.985;39.369;375.203;182.655;Кольцо кустарника вокруг здания;25_classical_building_ring_primer;"Кольцо кустарника вокруг здания — по аналогии с проектом «25_classical_building_ring_primer»; ближайшее ограничение — кабель связи: 2.0 м при норме 0.7 м (СП 42.13330.2016, п. 9.6, табл. 9.1; ППМ 743-ПП, табл. 3.6.1)";"ассортимент для озеленения Москвы, категория «дворовые территории (тип участка не определён)»; в приоритете базовый ассортимент ППМ 515-ПП; без инвазивных видов ППМ 369-ПП";кабель связи;2.0;0.7;"СП 42.13330.2016, п. 9.6, табл. 9.1; ППМ 743-ПП, табл. 3.6.1"
bush_building_border_001_012;посажено;bush;Бересклет европейский;NEW_BUSH;64.336;39.008;376.555;182.294;Кольцо кустарника вокруг здания;25_classical_building_ring_primer;"Кольцо кустарника вокруг здания — по аналогии с проектом «25_classical_building_ring_primer»; ближайшее ограничение — кабель связи: 2.0 м при норме 0.7 м (СП 42.13330.2016, п. 9.6, табл. 9.1; ППМ 743-ПП, табл. 3.6.1)";"ассортимент для озеленения Москвы, категория «дворовые территории (тип участка не определён)»; в приоритете базовый ассортимент ППМ 515-ПП; без инвазивных видов ППМ 369-ПП";кабель связи;2.0;0.7;"СП 42.13330.2016, п. 9.6, табл. 9.1; ППМ 743-ПП, табл. 3.6.1"
bush_building_border_001_013;посажено;bush;Жимолость золотистая;NEW_BUSH;65.191;37.908;377.41;181.193;Кольцо кустарника вокруг здания;25_classical_building_ring_primer;"Кольцо кустарника вокруг здания — по аналогии с проектом «25_classical_building_ring_primer»; ближайшее ограничение — силовой кабель: 2.0 м при норме 0.7 м (СП 42.13330.2016, п. 9.6, табл. 9.1; ППМ 743-ПП, табл. 3.6.1)";"ассортимент для озеленения Москвы, категория «дворовые территории (тип участка не определён)»; в приоритете базовый ассортимент ППМ 515-ПП; без инвазивных видов ППМ 369-ПП";силовой кабель;2.0;0.7;"СП 42.13330.2016, п. 9.6, табл. 9.1; ППМ 743-ПП, табл. 3.6.1"
bush_building_border_001_014;посажено;bush;Бересклет европейский;NEW_BUSH;66.385;37.181;378.604;180.467;Кольцо кустарника вокруг здания;25_classical_building_ring_primer;"Кольцо кустарника вокруг здания — по аналогии с проектом «25_classical_building_ring_primer»; ближайшее ограничение — силовой кабель: 2.0 м при норме 0.7 м (СП 42.13330.2016, п. 9.6, табл. 9.1; ППМ 743-ПП, табл. 3.6.1)";"ассортимент для озеленения Москвы, категория «дворовые территории (тип участка не определён)»; в приоритете базовый ассортимент ППМ 515-ПП; без инвазивных видов ППМ 369-ПП";силовой кабель;2.0;0.7;"СП 42.13330.2016, п. 9.6, табл. 9.1; ППМ 743-ПП, табл. 3.6.1"
bush_building_border_001_015;посажено;bush;Жимолость золотистая;NEW_BUSH;67.722;36.814;379.941;180.1;Кольцо кустарника вокруг здания;25_classical_building_ring_primer;"Кольцо кустарника вокруг здания — по аналогии с проектом «25_classical_building_ring_primer»; ближайшее ограничение — силовой кабель: 2.0 м при норме 0.7 м (СП 42.13330.2016, п. 9.6, табл. 9.1; ППМ 743-ПП, табл. 3.6.1)";"ассортимент для озеленения Москвы, категория «дворовые территории (тип участка не определён)»; в приоритете базовый ассортимент ППМ 515-ПП; без инвазивных видов ППМ 369-ПП";силовой кабель;2.0;0.7;"СП 42.13330.2016, п. 9.6, табл. 9.1; ППМ 743-ПП, табл. 3.6.1"
bush_building_border_001_016;посажено;bush;Бересклет европейский;NEW_BUSH;69.118;36.86;381.336;180.146;Кольцо кустарника вокруг здания;25_classical_building_ring_primer;"Кольцо кустарника вокруг здания — по аналогии с проектом «25_classical_building_ring_primer»; ближайшее ограничение — силовой кабель: 2.0 м при норме 0.7 м (СП 42.13330.2016, п. 9.6, табл. 9.1; ППМ 743-ПП, табл. 3.6.1)";"ассортимент для озеленения Москвы, категория «дворовые территории (тип участка не определён)»; в приоритете базовый ассортимент ППМ 515-ПП; без инвазивных видов ППМ 369-ПП";силовой кабель;2.0;0.7;"СП 42.13330.2016, п. 9.6, табл. 9.1; ППМ 743-ПП, табл. 3.6.1"
bush_building_border_001_017;посажено;bush;Жимолость золотистая;NEW_BUSH;70.42;37.354;382.639;180.639;Кольцо кустарника вокруг здания;25_classical_building_ring_primer;"Кольцо кустарника вокруг здания — по аналогии с проектом «25_classical_building_ring_primer»; ближайшее ограничение — кабель связи: 2.0 м при норме 0.7 м (СП 42.13330.2016, п. 9.6, табл. 9.1; ППМ 743-ПП, табл. 3.6.1)";"ассортимент для озеленения Москвы, категория «дворовые территории (тип участка не определён)»; в приоритете базовый ассортимент ППМ 515-ПП; без инвазивных видов ППМ 369-ПП";кабель связи;2.0;0.7;"СП 42.13330.2016, п. 9.6, табл. 9.1; ППМ 743-ПП, табл. 3.6.1"
bush_building_border_001_018;посажено;bush;Бересклет европейский;NEW_BUSH;71.772;37.055;383.991;180.341;Кольцо кустарника вокруг здания;25_classical_building_ring_primer;"Кольцо кустарника вокруг здания — по аналогии с проектом «25_classical_building_ring_primer»; ближайшее ограничение — кабель связи: 2.0 м при норме 0.7 м (СП 42.13330.2016, п. 9.6, табл. 9.1; ППМ 743-ПП, табл. 3.6.1)";"ассортимент для озеленения Москвы, категория «дворовые территории (тип участка не определён)»; в приоритете базовый ассортимент ППМ 515-ПП; без инвазивных видов ППМ 369-ПП";кабель связи;2.0;0.7;"СП 42.13330.2016, п. 9.6, табл. 9.1; ППМ 743-ПП, табл. 3.6.1"
bush_building_border_001_019;посажено;bush;Жимолость золотистая;NEW_BUSH;73.126;36.699;385.345;179.985;Кольцо кустарника вокруг здания;25_classical_building_ring_primer;"Кольцо кустарника вокруг здания — по аналогии с проектом «25_classical_building_ring_primer»; ближайшее ограничение — кабель связи: 2.0 м при норме 0.7 м (СП 42.13330.2016, п. 9.6, табл. 9.1; ППМ 743-ПП, табл. 3.6.1)";"ассортимент для озеленения Москвы, категория «дворовые территории (тип участка не определён)»; в приоритете базовый ассортимент ППМ 515-ПП; без инвазивных видов ППМ 369-ПП";кабель связи;2.0;0.7;"СП 42.13330.2016, п. 9.6, табл. 9.1; ППМ 743-ПП, табл. 3.6.1"
bush_building_border_001_020;посажено;bush;Бересклет европейский;NEW_BUSH;74.373;36.257;386.591;179.542;Кольцо кустарника вокруг здания;25_classical_building_ring_primer;"Кольцо кустарника вокруг здания — по аналогии с проектом «25_classical_building_ring_primer»; ближайшее ограничение — кабель связи: 2.0 м при норме 0.7 м (СП 42.13330.2016, п. 9.6, табл. 9.1; ППМ 743-ПП, табл. 3.6.1)";"ассортимент для озеленения Москвы, категория «дворовые территории (тип участка не определён)»; в приоритете базовый ассортимент ППМ 515-ПП; без инвазивных видов ППМ 369-ПП";кабель связи;2.0;0.7;"СП 42.13330.2016, п. 9.6, табл. 9.1; ППМ 743-ПП, табл. 3.6.1"
bush_building_border_001_021;посажено;bush;Жимолость золотистая;NEW_BUSH;74.73;34.916;386.948;178.202;Кольцо кустарника вокруг здания;25_classical_building_ring_primer;"Кольцо кустарника вокруг здания — по аналогии с проектом «25_classical_building_ring_primer»; ближайшее ограничение — кабель связи: 2.0 м при норме 0.7 м (СП 42.13330.2016, п. 9.6, табл. 9.1; ППМ 743-ПП, табл. 3.6.1)";"ассортимент для озеленения Москвы, категория «дворовые территории (тип участка не определён)»; в приоритете базовый ассортимент ППМ 515-ПП; без инвазивных видов ППМ 369-ПП";кабель связи;2.0;0.7;"СП 42.13330.2016, п. 9.6, табл. 9.1; ППМ 743-ПП, табл. 3.6.1"
bush_building_border_001_022;посажено;bush;Бересклет европейский;NEW_BUSH;75.67;33.898;387.889;177.184;Кольцо кустарника вокруг здания;25_classical_building_ring_primer;"Кольцо кустарника вокруг здания — по аналогии с проектом «25_classical_building_ring_primer»; ближайшее ограничение — кабель связи: 2.0 м при норме 0.7 м (СП 42.13330.2016, п. 9.6, табл. 9.1; ППМ 743-ПП, табл. 3.6.1)";"ассортимент для озеленения Москвы, категория «дворовые территории (тип участка не определён)»; в приоритете базовый ассортимент ППМ 515-ПП; без инвазивных видов ППМ 369-ПП";кабель связи;2.0;0.7;"СП 42.13330.2016, п. 9.6, табл. 9.1; ППМ 743-ПП, табл. 3.6.1"
bush_building_border_001_023;посажено;bush;Жимолость золотистая;NEW_BUSH;73.299;34.366;385.517;177.652;Кольцо кустарника вокруг здания;25_classical_building_ring_primer;"Кольцо кустарника вокруг здания — по аналогии с проектом «25_classical_building_ring_primer»; ближайшее ограничение — кабель связи: 3.5 м при норме 0.7 м (СП 42.13330.2016, п. 9.6, табл. 9.1; ППМ 743-ПП, табл. 3.6.1)";"ассортимент для озеленения Москвы, категория «дворовые территории (тип участка не определён)»; в приоритете базовый ассортимент ППМ 515-ПП; без инвазивных видов ППМ 369-ПП";кабель связи;3.52;0.7;"СП 42.13330.2016, п. 9.6, табл. 9.1; ППМ 743-ПП, табл. 3.6.1"
bush_building_border_001_024;посажено;bush;Бересклет европейский;NEW_BUSH;71.933;34.673;384.151;177.959;Кольцо кустарника вокруг здания;25_classical_building_ring_primer;"Кольцо кустарника вокруг здания — по аналогии с проектом «25_classical_building_ring_primer»; ближайшее ограничение — здание: 5.0 м при норме 1.5 м (СП 42.13330.2016, п. 9.6, табл. 9.1; ППМ 743-ПП, табл. 3.6.1)";"ассортимент для озеленения Москвы, категория «дворовые территории (тип участка не определён)»; в приоритете базовый ассортимент ППМ 515-ПП; без инвазивных видов ППМ 369-ПП";здание;5.0;1.5;"СП 42.13330.2016, п. 9.6, табл. 9.1; ППМ 743-ПП, табл. 3.6.1"
bush_building_border_001_025;посажено;bush;Жимолость золотистая;NEW_BUSH;70.567;34.981;382.785;178.267;Кольцо кустарника вокруг здания;25_classical_building_ring_primer;"Кольцо кустарника вокруг здания — по аналогии с проектом «25_classical_building_ring_primer»; ближайшее ограничение — здание: 5.0 м при норме 1.5 м (СП 42.13330.2016, п. 9.6, табл. 9.1; ППМ 743-ПП, табл. 3.6.1)";"ассортимент для озеленения Москвы, категория «дворовые территории (тип участка не определён)»; в приоритете базовый ассортимент ППМ 515-ПП; без инвазивных видов ППМ 369-ПП";здание;5.0;1.5;"СП 42.13330.2016, п. 9.6, табл. 9.1; ППМ 743-ПП, табл. 3.6.1"
bush_building_border_001_026;посажено;bush;Бересклет европейский;NEW_BUSH;69.201;35.288;381.42;178.574;Кольцо кустарника вокруг здания;25_classical_building_ring_primer;"Кольцо кустарника вокруг здания — по аналогии с проектом «25_classical_building_ring_primer»; ближайшее ограничение — силовой кабель: 3.6 м при норме 0.7 м (СП 42.13330.2016, п. 9.6, табл. 9.1; ППМ 743-ПП, табл. 3.6.1)";"ассортимент для озеленения Москвы, категория «дворовые территории (тип участка не определён)»; в приоритете базовый ассортимент ППМ 515-ПП; без инвазивных видов ППМ 369-ПП";силовой кабель;3.56;0.7;"СП 42.13330.2016, п. 9.6, табл. 9.1; ППМ 743-ПП, табл. 3.6.1"
bush_building_border_001_027;посажено;bush;Жимолость золотистая;NEW_BUSH;67.835;35.596;380.054;178.882;Кольцо кустарника вокруг здания;25_classical_building_ring_primer;"Кольцо кустарника вокруг здания — по аналогии с проектом «25_classical_building_ring_primer»; ближайшее ограничение — силовой кабель: 3.2 м при норме 0.7 м (СП 42.13330.2016, п. 9.6, табл. 9.1; ППМ 743-ПП, табл. 3.6.1)";"ассортимент для озеленения Москвы, категория «дворовые территории (тип участка не определён)»; в приоритете базовый ассортимент ППМ 515-ПП; без инвазивных видов ППМ 369-ПП";силовой кабель;3.22;0.7;"СП 42.13330.2016, п. 9.6, табл. 9.1; ППМ 743-ПП, табл. 3.6.1"
bush_building_border_001_028;посажено;bush;Бересклет европейский;NEW_BUSH;66.469;35.903;378.688;179.189;Кольцо кустарника вокруг здания;25_classical_building_ring_primer;"Кольцо кустарника вокруг здания — по аналогии с проектом «25_classical_building_ring_primer»; ближайшее ограничение — силовой кабель: 3.1 м при норме 0.7 м (СП 42.13330.2016, п. 9.6, табл. 9.1; ППМ 743-ПП, табл. 3.6.1)";"ассортимент для озеленения Москвы, категория «дворовые территории (тип участка не определён)»; в приоритете базовый ассортимент ППМ 515-ПП; без инвазивных видов ППМ 369-ПП";силовой кабель;3.13;0.7;"СП 42.13330.2016, п. 9.6, табл. 9.1; ППМ 743-ПП, табл. 3.6.1"
bush_building_border_001_029;посажено;bush;Жимолость золотистая;NEW_BUSH;65.104;36.211;377.322;179.497;Кольцо кустарника вокруг здания;25_classical_building_ring_primer;"Кольцо кустарника вокруг здания — по аналогии с проектом «25_classical_building_ring_primer»; ближайшее ограничение — силовой кабель: 3.5 м при норме 0.7 м (СП 42.13330.2016, п. 9.6, табл. 9.1; ППМ 743-ПП, табл. 3.6.1)";"ассортимент для озеленения Москвы, категория «дворовые территории (тип участка не определён)»; в приоритете базовый ассортимент ППМ 515-ПП; без инвазивных видов ППМ 369-ПП";силовой кабель;3.48;0.7;"СП 42.13330.2016, п. 9.6, табл. 9.1; ППМ 743-ПП, табл. 3.6.1"
bush_building_border_001_030;посажено;bush;Бересклет европейский;NEW_BUSH;63.738;36.518;375.956;179.804;Кольцо кустарника вокруг здания;25_classical_building_ring_primer;"Кольцо кустарника вокруг здания — по аналогии с проектом «25_classical_building_ring_primer»; ближайшее ограничение — силовой кабель: 4.0 м при норме 0.7 м (СП 42.13330.2016, п. 9.6, табл. 9.1; ППМ 743-ПП, табл. 3.6.1)";"ассортимент для озеленения Москвы, категория «дворовые территории (тип участка не определён)»; в приоритете базовый ассортимент ППМ 515-ПП; без инвазивных видов ППМ 369-ПП";силовой кабель;4.01;0.7;"СП 42.13330.2016, п. 9.6, табл. 9.1; ППМ 743-ПП, табл. 3.6.1"
bush_building_border_001_031;посажено;bush;Жимолость золотистая;NEW_BUSH;62.372;36.826;374.59;180.112;Кольцо кустарника вокруг здания;25_classical_building_ring_primer;"Кольцо кустарника вокруг здания — по аналогии с проектом «25_classical_building_ring_primer»; ближайшее ограничение — здание: 5.0 м при норме 1.5 м (СП 42.13330.2016, п. 9.6, табл. 9.1; ППМ 743-ПП, табл. 3.6.1)";"ассортимент для озеленения Москвы, категория «дворовые территории (тип участка не определён)»; в приоритете базовый ассортимент ППМ 515-ПП; без инвазивных видов ППМ 369-ПП";здание;5.0;1.5;"СП 42.13330.2016, п. 9.6, табл. 9.1; ППМ 743-ПП, табл. 3.6.1"
bush_building_border_001_032;посажено;bush;Бересклет европейский;NEW_BUSH;61.006;37.133;373.225;180.419;Кольцо кустарника вокруг здания;25_classical_building_ring_primer;"Кольцо кустарника вокруг здания — по аналогии с проектом «25_classical_building_ring_primer»; ближайшее ограничение — здание: 5.0 м при норме 1.5 м (СП 42.13330.2016, п. 9.6, табл. 9.1; ППМ 743-ПП, табл. 3.6.1)";"ассортимент для озеленения Москвы, категория «дворовые территории (тип участка не определён)»; в приоритете базовый ассортимент ППМ 515-ПП; без инвазивных видов ППМ 369-ПП";здание;5.0;1.5;"СП 42.13330.2016, п. 9.6, табл. 9.1; ППМ 743-ПП, табл. 3.6.1"
bush_building_border_001_033;посажено;bush;Жимолость золотистая;NEW_BUSH;59.64;37.441;371.859;180.726;Кольцо кустарника вокруг здания;25_classical_building_ring_primer;"Кольцо кустарника вокруг здания — по аналогии с проектом «25_classical_building_ring_primer»; ближайшее ограничение — здание: 5.0 м при норме 1.5 м (СП 42.13330.2016, п. 9.6, табл. 9.1; ППМ 743-ПП, табл. 3.6.1)";"ассортимент для озеленения Москвы, категория «дворовые территории (тип участка не определён)»; в приоритете базовый ассортимент ППМ 515-ПП; без инвазивных видов ППМ 369-ПП";здание;5.0;1.5;"СП 42.13330.2016, п. 9.6, табл. 9.1; ППМ 743-ПП, табл. 3.6.1"
bush_building_border_001_034;посажено;bush;Бересклет европейский;NEW_BUSH;58.275;37.748;370.493;181.034;Кольцо кустарника вокруг здания;25_classical_building_ring_primer;"Кольцо кустарника вокруг здания — по аналогии с проектом «25_classical_building_ring_primer»; ближайшее ограничение — здание: 5.0 м при норме 1.5 м (СП 42.13330.2016, п. 9.6, табл. 9.1; ППМ 743-ПП, табл. 3.6.1)";"ассортимент для озеленения Москвы, категория «дворовые территории (тип участка не определён)»; в приоритете базовый ассортимент ППМ 515-ПП; без инвазивных видов ППМ 369-ПП";здание;5.0;1.5;"СП 42.13330.2016, п. 9.6, табл. 9.1; ППМ 743-ПП, табл. 3.6.1"
bush_building_border_001_035;посажено;bush;Жимолость золотистая;NEW_BUSH;56.909;38.055;369.127;181.341;Кольцо кустарника вокруг здания;25_classical_building_ring_primer;"Кольцо кустарника вокруг здания — по аналогии с проектом «25_classical_building_ring_primer»; ближайшее ограничение — здание: 5.0 м при норме 1.5 м (СП 42.13330.2016, п. 9.6, табл. 9.1; ППМ 743-ПП, табл. 3.6.1)";"ассортимент для озеленения Москвы, категория «дворовые территории (тип участка не определён)»; в приоритете базовый ассортимент ППМ 515-ПП; без инвазивных видов ППМ 369-ПП";здание;5.0;1.5;"СП 42.13330.2016, п. 9.6, табл. 9.1; ППМ 743-ПП, табл. 3.6.1"
bush_building_border_001_036;посажено;bush;Бересклет европейский;NEW_BUSH;55.543;38.363;367.761;181.649;Кольцо кустарника вокруг здания;25_classical_building_ring_primer;"Кольцо кустарника вокруг здания — по аналогии с проектом «25_classical_building_ring_primer»; ближайшее ограничение — здание: 5.0 м при норме 1.5 м (СП 42.13330.2016, п. 9.6, табл. 9.1; ППМ 743-ПП, табл. 3.6.1)";"ассортимент для озеленения Москвы, категория «дворовые территории (тип участка не определён)»; в приоритете базовый ассортимент ППМ 515-ПП; без инвазивных видов ППМ 369-ПП";здание;5.0;1.5;"СП 42.13330.2016, п. 9.6, табл. 9.1; ППМ 743-ПП, табл. 3.6.1"
bush_building_border_001_037;посажено;bush;Жимолость золотистая;NEW_BUSH;54.177;38.67;366.396;181.956;Кольцо кустарника вокруг здания;25_classical_building_ring_primer;"Кольцо кустарника вокруг здания — по аналогии с проектом «25_classical_building_ring_primer»; ближайшее ограничение — здание: 5.0 м при норме 1.5 м (СП 42.13330.2016, п. 9.6, табл. 9.1; ППМ 743-ПП, табл. 3.6.1)";"ассортимент для озеленения Москвы, категория «дворовые территории (тип участка не определён)»; в приоритете базовый ассортимент ППМ 515-ПП; без инвазивных видов ППМ 369-ПП";здание;5.0;1.5;"СП 42.13330.2016, п. 9.6, табл. 9.1; ППМ 743-ПП, табл. 3.6.1"
bush_building_border_001_038;посажено;bush;Бересклет европейский;NEW_BUSH;52.811;38.978;365.03;182.264;Кольцо кустарника вокруг здания;25_classical_building_ring_primer;"Кольцо кустарника вокруг здания — по аналогии с проектом «25_classical_building_ring_primer»; ближайшее ограничение — здание: 5.0 м при норме 1.5 м (СП 42.13330.2016, п. 9.6, табл. 9.1; ППМ 743-ПП, табл. 3.6.1)";"ассортимент для озеленения Москвы, категория «дворовые территории (тип участка не определён)»; в приоритете базовый ассортимент ППМ 515-ПП; без инвазивных видов ППМ 369-ПП";здание;5.0;1.5;"СП 42.13330.2016, п. 9.6, табл. 9.1; ППМ 743-ПП, табл. 3.6.1"
bush_building_border_001_039;посажено;bush;Жимолость золотистая;NEW_BUSH;51.445;39.285;363.664;182.571;Кольцо кустарника вокруг здания;25_classical_building_ring_primer;"Кольцо кустарника вокруг здания — по аналогии с проектом «25_classical_building_ring_primer»; ближайшее ограничение — здание: 5.0 м при норме 1.5 м (СП 42.13330.2016, п. 9.6, табл. 9.1; ППМ 743-ПП, табл. 3.6.1)";"ассортимент для озеленения Москвы, категория «дворовые территории (тип участка не определён)»; в приоритете базовый ассортимент ППМ 515-ПП; без инвазивных видов ППМ 369-ПП";здание;5.0;1.5;"СП 42.13330.2016, п. 9.6, табл. 9.1; ППМ 743-ПП, табл. 3.6.1"
bush_building_border_001_040;посажено;bush;Бересклет европейский;NEW_BUSH;50.08;39.593;362.298;182.879;Кольцо кустарника вокруг здания;25_classical_building_ring_primer;"Кольцо кустарника вокруг здания — по аналогии с проектом «25_classical_building_ring_primer»; ближайшее ограничение — здание: 5.0 м при норме 1.5 м (СП 42.13330.2016, п. 9.6, табл. 9.1; ППМ 743-ПП, табл. 3.6.1)";"ассортимент для озеленения Москвы, категория «дворовые территории (тип участка не определён)»; в приоритете базовый ассортимент ППМ 515-ПП; без инвазивных видов ППМ 369-ПП";здание;5.0;1.5;"СП 42.13330.2016, п. 9.6, табл. 9.1; ППМ 743-ПП, табл. 3.6.1"
bush_building_border_001_041;посажено;bush;Жимолость золотистая;NEW_BUSH;48.714;39.9;360.932;183.186;Кольцо кустарника вокруг здания;25_classical_building_ring_primer;"Кольцо кустарника вокруг здания — по аналогии с проектом «25_classical_building_ring_primer»; ближайшее ограничение — здание: 5.0 м при норме 1.5 м (СП 42.13330.2016, п. 9.6, табл. 9.1; ППМ 743-ПП, табл. 3.6.1)";"ассортимент для озеленения Москвы, категория «дворовые территории (тип участка не определён)»; в приоритете базовый ассортимент ППМ 515-ПП; без инвазивных видов ППМ 369-ПП";здание;5.0;1.5;"СП 42.13330.2016, п. 9.6, табл. 9.1; ППМ 743-ПП, табл. 3.6.1"
bush_building_border_001_042;посажено;bush;Бересклет европейский;NEW_BUSH;47.348;40.208;359.566;183.494;Кольцо кустарника вокруг здания;25_classical_building_ring_primer;"Кольцо кустарника вокруг здания — по аналогии с проектом «25_classical_building_ring_primer»; ближайшее ограничение — здание: 5.0 м при норме 1.5 м (СП 42.13330.2016, п. 9.6, табл. 9.1; ППМ 743-ПП, табл. 3.6.1)";"ассортимент для озеленения Москвы, категория «дворовые территории (тип участка не определён)»; в приоритете базовый ассортимент ППМ 515-ПП; без инвазивных видов ППМ 369-ПП";здание;5.0;1.5;"СП 42.13330.2016, п. 9.6, табл. 9.1; ППМ 743-ПП, табл. 3.6.1"
bush_building_border_001_043;посажено;bush;Жимолость золотистая;NEW_BUSH;45.982;40.515;358.201;183.801;Кольцо кустарника вокруг здания;25_classical_building_ring_primer;"Кольцо кустарника вокруг здания — по аналогии с проектом «25_classical_building_ring_primer»; ближайшее ограничение — здание: 5.0 м при норме 1.5 м (СП 42.13330.2016, п. 9.6, табл. 9.1; ППМ 743-ПП, табл. 3.6.1)";"ассортимент для озеленения Москвы, категория «дворовые территории (тип участка не определён)»; в приоритете базовый ассортимент ППМ 515-ПП; без инвазивных видов ППМ 369-ПП";здание;5.0;1.5;"СП 42.13330.2016, п. 9.6, табл. 9.1; ППМ 743-ПП, табл. 3.6.1"
bush_building_border_001_044;посажено;bush;Бересклет европейский;NEW_BUSH;44.616;40.823;356.835;184.109;Кольцо кустарника вокруг здания;25_classical_building_ring_primer;"Кольцо кустарника вокруг здания — по аналогии с проектом «25_classical_building_ring_primer»; ближайшее ограничение — здание: 5.0 м при норме 1.5 м (СП 42.13330.2016, п. 9.6, табл. 9.1; ППМ 743-ПП, табл. 3.6.1)";"ассортимент для озеленения Москвы, категория «дворовые территории (тип участка не определён)»; в приоритете базовый ассортимент ППМ 515-ПП; без инвазивных видов ППМ 369-ПП";здание;5.0;1.5;"СП 42.13330.2016, п. 9.6, табл. 9.1; ППМ 743-ПП, табл. 3.6.1"
bush_building_border_001_045;посажено;bush;Жимолость золотистая;NEW_BUSH;41.885;41.438;354.103;184.724;Кольцо кустарника вокруг здания;25_classical_building_ring_primer;"Кольцо кустарника вокруг здания — по аналогии с проектом «25_classical_building_ring_primer»; ближайшее ограничение — здание: 5.0 м при норме 1.5 м (СП 42.13330.2016, п. 9.6, табл. 9.1; ППМ 743-ПП, табл. 3.6.1)";"ассортимент для озеленения Москвы, категория «дворовые территории (тип участка не определён)»; в приоритете базовый ассортимент ППМ 515-ПП; без инвазивных видов ППМ 369-ПП";здание;5.0;1.5;"СП 42.13330.2016, п. 9.6, табл. 9.1; ППМ 743-ПП, табл. 3.6.1"
bush_building_border_001_046;посажено;bush;Бересклет европейский;NEW_BUSH;39.153;42.053;351.372;185.339;Кольцо кустарника вокруг здания;25_classical_building_ring_primer;"Кольцо кустарника вокруг здания — по аналогии с проектом «25_classical_building_ring_primer»; ближайшее ограничение — здание: 5.0 м при норме 1.5 м (СП 42.13330.2016, п. 9.6, табл. 9.1; ППМ 743-ПП, табл. 3.6.1)";"ассортимент для озеленения Москвы, категория «дворовые территории (тип участка не определён)»; в приоритете базовый ассортимент ППМ 515-ПП; без инвазивных видов ППМ 369-ПП";здание;5.0;1.5;"СП 42.13330.2016, п. 9.6, табл. 9.1; ППМ 743-ПП, табл. 3.6.1"
bush_building_border_001_047;посажено;bush;Жимолость золотистая;NEW_BUSH;37.787;42.36;350.006;185.646;Кольцо кустарника вокруг здания;25_classical_building_ring_primer;"Кольцо кустарника вокруг здания — по аналогии с проектом «25_classical_building_ring_primer»; ближайшее ограничение — здание: 5.0 м при норме 1.5 м (СП 42.13330.2016, п. 9.6, табл. 9.1; ППМ 743-ПП, табл. 3.6.1)";"ассортимент для озеленения Москвы, категория «дворовые территории (тип участка не определён)»; в приоритете базовый ассортимент ППМ 515-ПП; без инвазивных видов ППМ 369-ПП";здание;5.0;1.5;"СП 42.13330.2016, п. 9.6, табл. 9.1; ППМ 743-ПП, табл. 3.6.1"
bush_building_border_001_048;посажено;bush;Бересклет европейский;NEW_BUSH;36.421;42.668;348.64;185.954;Кольцо кустарника вокруг здания;25_classical_building_ring_primer;"Кольцо кустарника вокруг здания — по аналогии с проектом «25_classical_building_ring_primer»; ближайшее ограничение — здание: 5.0 м при норме 1.5 м (СП 42.13330.2016, п. 9.6, табл. 9.1; ППМ 743-ПП, табл. 3.6.1)";"ассортимент для озеленения Москвы, категория «дворовые территории (тип участка не определён)»; в приоритете базовый ассортимент ППМ 515-ПП; без инвазивных видов ППМ 369-ПП";здание;5.0;1.5;"СП 42.13330.2016, п. 9.6, табл. 9.1; ППМ 743-ПП, табл. 3.6.1"
bush_building_border_001_049;посажено;bush;Жимолость золотистая;NEW_BUSH;35.056;42.975;347.274;186.261;Кольцо кустарника вокруг здания;25_classical_building_ring_primer;"Кольцо кустарника вокруг здания — по аналогии с проектом «25_classical_building_ring_primer»; ближайшее ограничение — здание: 5.0 м при норме 1.5 м (СП 42.13330.2016, п. 9.6, табл. 9.1; ППМ 743-ПП, табл. 3.6.1)";"ассортимент для озеленения Москвы, категория «дворовые территории (тип участка не определён)»; в приоритете базовый ассортимент ППМ 515-ПП; без инвазивных видов ППМ 369-ПП";здание;5.0;1.5;"СП 42.13330.2016, п. 9.6, табл. 9.1; ППМ 743-ПП, табл. 3.6.1"
bush_building_border_001_050;посажено;bush;Бересклет европейский;NEW_BUSH;33.69;43.283;345.908;186.569;Кольцо кустарника вокруг здания;25_classical_building_ring_primer;"Кольцо кустарника вокруг здания — по аналогии с проектом «25_classical_building_ring_primer»; ближайшее ограничение — здание: 5.0 м при норме 1.5 м (СП 42.13330.2016, п. 9.6, табл. 9.1; ППМ 743-ПП, табл. 3.6.1)";"ассортимент для озеленения Москвы, категория «дворовые территории (тип участка не определён)»; в приоритете базовый ассортимент ППМ 515-ПП; без инвазивных видов ППМ 369-ПП";здание;5.0;1.5;"СП 42.13330.2016, п. 9.6, табл. 9.1; ППМ 743-ПП, табл. 3.6.1"
bush_building_border_001_051;посажено;bush;Жимолость золотистая;NEW_BUSH;32.324;43.59;344.542;186.876;Кольцо кустарника вокруг здания;25_classical_building_ring_primer;"Кольцо кустарника вокруг здания — по аналогии с проектом «25_classical_building_ring_primer»; ближайшее ограничение — здание: 5.0 м при норме 1.5 м (СП 42.13330.2016, п. 9.6, табл. 9.1; ППМ 743-ПП, табл. 3.6.1)";"ассортимент для озеленения Москвы, категория «дворовые территории (тип участка не определён)»; в приоритете базовый ассортимент ППМ 515-ПП; без инвазивных видов ППМ 369-ПП";здание;5.0;1.5;"СП 42.13330.2016, п. 9.6, табл. 9.1; ППМ 743-ПП, табл. 3.6.1"
bush_building_border_001_052;посажено;bush;Бересклет европейский;NEW_BUSH;30.958;43.898;343.177;187.183;Кольцо кустарника вокруг здания;25_classical_building_ring_primer;"Кольцо кустарника вокруг здания — по аналогии с проектом «25_classical_building_ring_primer»; ближайшее ограничение — здание: 5.0 м при норме 1.5 м (СП 42.13330.2016, п. 9.6, табл. 9.1; ППМ 743-ПП, табл. 3.6.1)";"ассортимент для озеленения Москвы, категория «дворовые территории (тип участка не определён)»; в приоритете базовый ассортимент ППМ 515-ПП; без инвазивных видов ППМ 369-ПП";здание;5.0;1.5;"СП 42.13330.2016, п. 9.6, табл. 9.1; ППМ 743-ПП, табл. 3.6.1"
bush_building_border_001_053;посажено;bush;Жимолость золотистая;NEW_BUSH;29.592;44.205;341.811;187.491;Кольцо кустарника вокруг здания;25_classical_building_ring_primer;"Кольцо кустарника вокруг здания — по аналогии с проектом «25_classical_building_ring_primer»; ближайшее ограничение — здание: 5.0 м при норме 1.5 м (СП 42.13330.2016, п. 9.6, табл. 9.1; ППМ 743-ПП, табл. 3.6.1)";"ассортимент для озеленения Москвы, категория «дворовые территории (тип участка не определён)»; в приоритете базовый ассортимент ППМ 515-ПП; без инвазивных видов ППМ 369-ПП";здание;5.0;1.5;"СП 42.13330.2016, п. 9.6, табл. 9.1; ППМ 743-ПП, табл. 3.6.1"
bush_building_border_001_054;посажено;bush;Бересклет европейский;NEW_BUSH;28.227;44.513;340.445;187.798;Кольцо кустарника вокруг здания;25_classical_building_ring_primer;"Кольцо кустарника вокруг здания — по аналогии с проектом «25_classical_building_ring_primer»; ближайшее ограничение — проезжая часть: 4.4 м при норме 1.0 м (СП 42.13330.2016, п. 9.6, табл. 9.1; ППМ 743-ПП, табл. 3.6.1)";"ассортимент для озеленения Москвы, категория «дворовые территории (тип участка не определён)»; в приоритете базовый ассортимент ППМ 515-ПП; без инвазивных видов ППМ 369-ПП";проезжая часть;4.39;1.0;"СП 42.13330.2016, п. 9.6, табл. 9.1; ППМ 743-ПП, табл. 3.6.1"
bush_building_border_001_055;посажено;bush;Жимолость золотистая;NEW_BUSH;26.861;44.82;339.079;188.106;Кольцо кустарника вокруг здания;25_classical_building_ring_primer;"Кольцо кустарника вокруг здания — по аналогии с проектом «25_classical_building_ring_primer»; ближайшее ограничение — проезжая часть: 4.2 м при норме 1.0 м (СП 42.13330.2016, п. 9.6, табл. 9.1; ППМ 743-ПП, табл. 3.6.1)";"ассортимент для озеленения Москвы, категория «дворовые территории (тип участка не определён)»; в приоритете базовый ассортимент ППМ 515-ПП; без инвазивных видов ППМ 369-ПП";проезжая часть;4.21;1.0;"СП 42.13330.2016, п. 9.6, табл. 9.1; ППМ 743-ПП, табл. 3.6.1"
bush_building_border_001_056;посажено;bush;Бересклет европейский;NEW_BUSH;25.495;45.127;337.713;188.413;Кольцо кустарника вокруг здания;25_classical_building_ring_primer;"Кольцо кустарника вокруг здания — по аналогии с проектом «25_classical_building_ring_primer»; ближайшее ограничение — проезжая часть: 4.2 м при норме 1.0 м (СП 42.13330.2016, п. 9.6, табл. 9.1; ППМ 743-ПП, табл. 3.6.1)";"ассортимент для озеленения Москвы, категория «дворовые территории (тип участка не определён)»; в приоритете базовый ассортимент ППМ 515-ПП; без инвазивных видов ППМ 369-ПП";проезжая часть;4.19;1.0;"СП 42.13330.2016, п. 9.6, табл. 9.1; ППМ 743-ПП, табл. 3.6.1"
bush_building_border_001_057;посажено;bush;Жимолость золотистая;NEW_BUSH;26.109;47.241;338.328;190.527;Кольцо кустарника вокруг здания;25_classical_building_ring_primer;"Кольцо кустарника вокруг здания — по аналогии с проектом «25_classical_building_ring_primer»; ближайшее ограничение — проезжая часть: 2.0 м при норме 1.0 м (СП 42.13330.2016, п. 9.6, табл. 9.1; ППМ 743-ПП, табл. 3.6.1)";"ассортимент для озеленения Москвы, категория «дворовые территории (тип участка не определён)»; в приоритете базовый ассортимент ППМ 515-ПП; без инвазивных видов ППМ 369-ПП";проезжая часть;2.0;1.0;"СП 42.13330.2016, п. 9.6, табл. 9.1; ППМ 743-ПП, табл. 3.6.1"
bush_building_border_001_058;посажено;bush;Бересклет европейский;NEW_BUSH;27.479;46.951;339.697;190.237;Кольцо кустарника вокруг здания;25_classical_building_ring_primer;"Кольцо кустарника вокруг здания — по аналогии с проектом «25_classical_building_ring_primer»; ближайшее ограничение — проезжая часть: 2.0 м при норме 1.0 м (СП 42.13330.2016, п. 9.6, табл. 9.1; ППМ 743-ПП, табл. 3.6.1)";"ассортимент для озеленения Москвы, категория «дворовые территории (тип участка не определён)»; в приоритете базовый ассортимент ППМ 515-ПП; без инвазивных видов ППМ 369-ПП";проезжая часть;2.0;1.0;"СП 42.13330.2016, п. 9.6, табл. 9.1; ППМ 743-ПП, табл. 3.6.1"
bush_building_border_001_059;посажено;bush;Жимолость золотистая;NEW_BUSH;28.843;47.099;341.061;190.385;Кольцо кустарника вокруг здания;25_classical_building_ring_primer;"Кольцо кустарника вокруг здания — по аналогии с проектом «25_classical_building_ring_primer»; ближайшее ограничение — проезжая часть: 2.0 м при норме 1.0 м (СП 42.13330.2016, п. 9.6, табл. 9.1; ППМ 743-ПП, табл. 3.6.1)";"ассортимент для озеленения Москвы, категория «дворовые территории (тип участка не определён)»; в приоритете базовый ассортимент ППМ 515-ПП; без инвазивных видов ППМ 369-ПП";проезжая часть;2.0;1.0;"СП 42.13330.2016, п. 9.6, табл. 9.1; ППМ 743-ПП, табл. 3.6.1"
bush_building_border_001_060;посажено;bush;Бересклет европейский;NEW_BUSH;30.14;46.696;342.358;189.982;Кольцо кустарника вокруг здания;25_classical_building_ring_primer;"Кольцо кустарника вокруг здания — по аналогии с проектом «25_classical_building_ring_primer»; ближайшее ограничение — кабель связи: 2.0 м при норме 0.7 м (СП 42.13330.2016, п. 9.6, табл. 9.1; ППМ 743-ПП, табл. 3.6.1)";"ассортимент для озеленения Москвы, категория «дворовые территории (тип участка не определён)»; в приоритете базовый ассортимент ППМ 515-ПП; без инвазивных видов ППМ 369-ПП";кабель связи;2.0;0.7;"СП 42.13330.2016, п. 9.6, табл. 9.1; ППМ 743-ПП, табл. 3.6.1"
bush_building_border_001_061;посажено;bush;Жимолость золотистая;NEW_BUSH;31.527;46.537;343.746;189.823;Кольцо кустарника вокруг здания;25_classical_building_ring_primer;"Кольцо кустарника вокруг здания — по аналогии с проектом «25_classical_building_ring_primer»; ближайшее ограничение — кабель связи: 2.0 м при норме 0.7 м (СП 42.13330.2016, п. 9.6, табл. 9.1; ППМ 743-ПП, табл. 3.6.1)";"ассортимент для озеленения Москвы, категория «дворовые территории (тип участка не определён)»; в приоритете базовый ассортимент ППМ 515-ПП; без инвазивных видов ППМ 369-ПП";кабель связи;2.0;0.7;"СП 42.13330.2016, п. 9.6, табл. 9.1; ППМ 743-ПП, табл. 3.6.1"
bush_building_border_001_062;посажено;bush;Бересклет европейский;NEW_BUSH;32.907;46.534;345.125;189.82;Кольцо кустарника вокруг здания;25_classical_building_ring_primer;"Кольцо кустарника вокруг здания — по аналогии с проектом «25_classical_building_ring_primer»; ближайшее ограничение — кабель связи: 2.3 м при норме 0.7 м (СП 42.13330.2016, п. 9.6, табл. 9.1; ППМ 743-ПП, табл. 3.6.1)";"ассортимент для озеленения Москвы, категория «дворовые территории (тип участка не определён)»; в приоритете базовый ассортимент ППМ 515-ПП; без инвазивных видов ППМ 369-ПП";кабель связи;2.26;0.7;"СП 42.13330.2016, п. 9.6, табл. 9.1; ППМ 743-ПП, табл. 3.6.1"
bush_building_border_001_063;посажено;bush;Жимолость золотистая;NEW_BUSH;34.273;46.226;346.491;189.512;Кольцо кустарника вокруг здания;25_classical_building_ring_primer;"Кольцо кустарника вокруг здания — по аналогии с проектом «25_classical_building_ring_primer»; ближайшее ограничение — кабель связи: 2.7 м при норме 0.7 м (СП 42.13330.2016, п. 9.6, табл. 9.1; ППМ 743-ПП, табл. 3.6.1)";"ассортимент для озеленения Москвы, категория «дворовые территории (тип участка не определён)»; в приоритете базовый ассортимент ППМ 515-ПП; без инвазивных видов ППМ 369-ПП";кабель связи;2.67;0.7;"СП 42.13330.2016, п. 9.6, табл. 9.1; ППМ 743-ПП, табл. 3.6.1"
bush_building_border_001_064;посажено;bush;Бересклет европейский;NEW_BUSH;35.638;45.919;347.857;189.205;Кольцо кустарника вокруг здания;25_classical_building_ring_primer;"Кольцо кустарника вокруг здания — по аналогии с проектом «25_classical_building_ring_primer»; ближайшее ограничение — кабель связи: 2.5 м при норме 0.7 м (СП 42.13330.2016, п. 9.6, табл. 9.1; ППМ 743-ПП, табл. 3.6.1)";"ассортимент для озеленения Москвы, категория «дворовые территории (тип участка не определён)»; в приоритете базовый ассортимент ППМ 515-ПП; без инвазивных видов ППМ 369-ПП";кабель связи;2.47;0.7;"СП 42.13330.2016, п. 9.6, табл. 9.1; ППМ 743-ПП, табл. 3.6.1"
tree_building_border_002_001;посажено;tree;Черемуха Маака;NEW_TREE;-123.485;-53.505;188.733;89.781;Кольцо кустарника вокруг здания;25_classical_building_ring_primer;"Кольцо кустарника вокруг здания — по аналогии с проектом «25_classical_building_ring_primer»; ближайшее ограничение — здание: 8.0 м при норме 5.0 м (СП 42.13330.2016, п. 9.6, табл. 9.1; ППМ 743-ПП, табл. 3.6.1)";"ассортимент для озеленения Москвы, категория «дворовые территории (тип участка не определён)»; в приоритете базовый ассортимент ППМ 515-ПП; без инвазивных видов ППМ 369-ПП";здание;8.0;5.0;"СП 42.13330.2016, п. 9.6, табл. 9.1; ППМ 743-ПП, табл. 3.6.1"
tree_building_border_002_002;посажено;tree;Черемуха Маака;NEW_TREE;-130.496;-63.12;181.723;80.166;Кольцо кустарника вокруг здания;25_classical_building_ring_primer;"Кольцо кустарника вокруг здания — по аналогии с проектом «25_classical_building_ring_primer»; ближайшее ограничение — здание: 8.0 м при норме 5.0 м (СП 42.13330.2016, п. 9.6, табл. 9.1; ППМ 743-ПП, табл. 3.6.1)";"ассортимент для озеленения Москвы, категория «дворовые территории (тип участка не определён)»; в приоритете базовый ассортимент ППМ 515-ПП; без инвазивных видов ППМ 369-ПП";здание;8.0;5.0;"СП 42.13330.2016, п. 9.6, табл. 9.1; ППМ 743-ПП, табл. 3.6.1"
bush_building_border_002_001;посажено;bush;Жимолость золотистая;NEW_BUSH;-119.64;-48.084;192.578;95.202;Кольцо кустарника вокруг здания;25_classical_building_ring_primer;"Кольцо кустарника вокруг здания — по аналогии с проектом «25_classical_building_ring_primer»; ближайшее ограничение — проезжая часть: 3.9 м при норме 1.0 м (СП 42.13330.2016, п. 9.6, табл. 9.1; ППМ 743-ПП, табл. 3.6.1)";"ассортимент для озеленения Москвы, категория «дворовые территории (тип участка не определён)»; в приоритете базовый ассортимент ППМ 515-ПП; без инвазивных видов ППМ 369-ПП";проезжая часть;3.94;1.0;"СП 42.13330.2016, п. 9.6, табл. 9.1; ППМ 743-ПП, табл. 3.6.1"
bush_building_border_002_002;посажено;bush;Бересклет европейский;NEW_BUSH;-120.392;-49.262;191.826;94.024;Кольцо кустарника вокруг здания;25_classical_building_ring_primer;"Кольцо кустарника вокруг здания — по аналогии с проектом «25_classical_building_ring_primer»; ближайшее ограничение — проезжая часть: 4.5 м при норме 1.0 м (СП 42.13330.2016, п. 9.6, табл. 9.1; ППМ 743-ПП, табл. 3.6.1)";"ассортимент для озеленения Москвы, категория «дворовые территории (тип участка не определён)»; в приоритете базовый ассортимент ППМ 515-ПП; без инвазивных видов ППМ 369-ПП";проезжая часть;4.45;1.0;"СП 42.13330.2016, п. 9.6, табл. 9.1; ППМ 743-ПП, табл. 3.6.1"
bush_building_border_002_003;посажено;bush;Жимолость золотистая;NEW_BUSH;-121.217;-50.394;191.001;92.892;Кольцо кустарника вокруг здания;25_classical_building_ring_primer;"Кольцо кустарника вокруг здания — по аналогии с проектом «25_classical_building_ring_primer»; ближайшее ограничение — проезжая часть: 5.0 м при норме 1.0 м (СП 42.13330.2016, п. 9.6, табл. 9.1; ППМ 743-ПП, табл. 3.6.1)";"ассортимент для озеленения Москвы, категория «дворовые территории (тип участка не определён)»; в приоритете базовый ассортимент ППМ 515-ПП; без инвазивных видов ППМ 369-ПП";проезжая часть;5.02;1.0;"СП 42.13330.2016, п. 9.6, табл. 9.1; ППМ 743-ПП, табл. 3.6.1"
bush_building_border_002_004;посажено;bush;Бересклет европейский;NEW_BUSH;-122.042;-51.525;190.177;91.761;Кольцо кустарника вокруг здания;25_classical_building_ring_primer;"Кольцо кустарника вокруг здания — по аналогии с проектом «25_classical_building_ring_primer»; ближайшее ограничение — проезжая часть: 5.6 м при норме 1.0 м (СП 42.13330.2016, п. 9.6, табл. 9.1; ППМ 743-ПП, табл. 3.6.1)";"ассортимент для озеленения Москвы, категория «дворовые территории (тип участка не определён)»; в приоритете базовый ассортимент ППМ 515-ПП; без инвазивных видов ППМ 369-ПП";проезжая часть;5.58;1.0;"СП 42.13330.2016, п. 9.6, табл. 9.1; ППМ 743-ПП, табл. 3.6.1"
bush_building_border_002_005;посажено;bush;Жимолость золотистая;NEW_BUSH;-122.867;-52.656;189.352;90.63;Кольцо кустарника вокруг здания;25_classical_building_ring_primer;"Кольцо кустарника вокруг здания — по аналогии с проектом «25_classical_building_ring_primer»; нормируемых ограничений ближе 5 м сверх нормы нет";"ассортимент для озеленения Москвы, категория «дворовые территории (тип участка не определён)»; в приоритете базовый ассортимент ППМ 515-ПП; без инвазивных видов ППМ 369-ПП";;;;
bush_building_border_002_006;посажено;bush;Бересклет европейский;NEW_BUSH;-124.516;-54.919;187.702;88.367;Кольцо кустарника вокруг здания;25_classical_building_ring_primer;"Кольцо кустарника вокруг здания — по аналогии с проектом «25_classical_building_ring_primer»; нормируемых ограничений ближе 5 м сверх нормы нет";"ассортимент для озеленения Москвы, категория «дворовые территории (тип участка не определён)»; в приоритете базовый ассортимент ППМ 515-ПП; без инвазивных видов ППМ 369-ПП";;;;
bush_building_border_002_007;посажено;bush;Жимолость золотистая;NEW_BUSH;-125.341;-56.05;186.878;87.236;Кольцо кустарника вокруг здания;25_classical_building_ring_primer;"Кольцо кустарника вокруг здания — по аналогии с проектом «25_classical_building_ring_primer»; нормируемых ограничений ближе 5 м сверх нормы нет";"ассортимент для озеленения Москвы, категория «дворовые территории (тип участка не определён)»; в приоритете базовый ассортимент ППМ 515-ПП; без инвазивных видов ППМ 369-ПП";;;;
bush_building_border_002_008;посажено;bush;Бересклет европейский;NEW_BUSH;-126.166;-57.181;186.053;86.105;Кольцо кустарника вокруг здания;25_classical_building_ring_primer;"Кольцо кустарника вокруг здания — по аналогии с проектом «25_classical_building_ring_primer»; нормируемых ограничений ближе 5 м сверх нормы нет";"ассортимент для озеленения Москвы, категория «дворовые территории (тип участка не определён)»; в приоритете базовый ассортимент ППМ 515-ПП; без инвазивных видов ППМ 369-ПП";;;;
bush_building_border_002_009;посажено;bush;Жимолость золотистая;NEW_BUSH;-126.99;-58.312;185.228;84.973;Кольцо кустарника вокруг здания;25_classical_building_ring_primer;"Кольцо кустарника вокруг здания — по аналогии с проектом «25_classical_building_ring_primer»; нормируемых ограничений ближе 5 м сверх нормы нет";"ассортимент для озеленения Москвы, категория «дворовые территории (тип участка не определён)»; в приоритете базовый ассортимент ППМ 515-ПП; без инвазивных видов ППМ 369-ПП";;;;
bush_building_border_002_010;посажено;bush;Бересклет европейский;NEW_BUSH;-127.815;-59.444;184.403;83.842;Кольцо кустарника вокруг здания;25_classical_building_ring_primer;"Кольцо кустарника вокруг здания — по аналогии с проектом «25_classical_building_ring_primer»; нормируемых ограничений ближе 5 м сверх нормы нет";"ассортимент для озеленения Москвы, категория «дворовые территории (тип участка не определён)»; в приоритете базовый ассортимент ППМ 515-ПП; без инвазивных видов ППМ 369-ПП";;;;
bush_building_border_002_011;посажено;bush;Жимолость золотистая;NEW_BUSH;-128.64;-60.575;183.579;82.711;Кольцо кустарника вокруг здания;25_classical_building_ring_primer;"Кольцо кустарника вокруг здания — по аналогии с проектом «25_classical_building_ring_primer»; нормируемых ограничений ближе 5 м сверх нормы нет";"ассортимент для озеленения Москвы, категория «дворовые территории (тип участка не определён)»; в приоритете базовый ассортимент ППМ 515-ПП; без инвазивных видов ППМ 369-ПП";;;;
bush_building_border_002_012;посажено;bush;Бересклет европейский;NEW_BUSH;-129.465;-61.706;182.754;81.58;Кольцо кустарника вокруг здания;25_classical_building_ring_primer;"Кольцо кустарника вокруг здания — по аналогии с проектом «25_classical_building_ring_primer»; нормируемых ограничений ближе 5 м сверх нормы нет";"ассортимент для озеленения Москвы, категория «дворовые территории (тип участка не определён)»; в приоритете базовый ассортимент ППМ 515-ПП; без инвазивных видов ППМ 369-ПП";;;;
bush_building_border_002_013;посажено;bush;Жимолость золотистая;NEW_BUSH;-131.114;-63.969;181.104;79.317;Кольцо кустарника вокруг здания;25_classical_building_ring_primer;"Кольцо кустарника вокруг здания — по аналогии с проектом «25_classical_building_ring_primer»; нормируемых ограничений ближе 5 м сверх нормы нет";"ассортимент для озеленения Москвы, категория «дворовые территории (тип участка не определён)»; в приоритете базовый ассортимент ППМ 515-ПП; без инвазивных видов ППМ 369-ПП";;;;
bush_building_border_002_014;посажено;bush;Бересклет европейский;NEW_BUSH;-131.939;-65.1;180.279;78.186;Кольцо кустарника вокруг здания;25_classical_building_ring_primer;"Кольцо кустарника вокруг здания — по аналогии с проектом «25_classical_building_ring_primer»; нормируемых ограничений ближе 5 м сверх нормы нет";"ассортимент для озеленения Москвы, категория «дворовые территории (тип участка не определён)»; в приоритете базовый ассортимент ППМ 515-ПП; без инвазивных видов ППМ 369-ПП";;;;
bush_building_border_002_015;посажено;bush;Жимолость золотистая;NEW_BUSH;-132.764;-66.231;179.455;77.055;Кольцо кустарника вокруг здания;25_classical_building_ring_primer;"Кольцо кустарника вокруг здания — по аналогии с проектом «25_classical_building_ring_primer»; нормируемых ограничений ближе 5 м сверх нормы нет";"ассортимент для озеленения Москвы, категория «дворовые территории (тип участка не определён)»; в приоритете базовый ассортимент ППМ 515-ПП; без инвазивных видов ППМ 369-ПП";;;;
bush_building_border_002_016;посажено;bush;Бересклет европейский;NEW_BUSH;-133.589;-67.363;178.63;75.923;Кольцо кустарника вокруг здания;25_classical_building_ring_primer;"Кольцо кустарника вокруг здания — по аналогии с проектом «25_classical_building_ring_primer»; нормируемых ограничений ближе 5 м сверх нормы нет";"ассортимент для озеленения Москвы, категория «дворовые территории (тип участка не определён)»; в приоритете базовый ассортимент ППМ 515-ПП; без инвазивных видов ППМ 369-ПП";;;;
bush_building_border_002_017;посажено;bush;Жимолость золотистая;NEW_BUSH;-134.429;-68.482;177.79;74.804;Кольцо кустарника вокруг здания;25_classical_building_ring_primer;"Кольцо кустарника вокруг здания — по аналогии с проектом «25_classical_building_ring_primer»; нормируемых ограничений ближе 5 м сверх нормы нет";"ассортимент для озеленения Москвы, категория «дворовые территории (тип участка не определён)»; в приоритете базовый ассортимент ППМ 515-ПП; без инвазивных видов ППМ 369-ПП";;;;
bush_building_border_002_018;посажено;bush;Бересклет европейский;NEW_BUSH;-135.397;-69.489;176.821;73.797;Кольцо кустарника вокруг здания;25_classical_building_ring_primer;"Кольцо кустарника вокруг здания — по аналогии с проектом «25_classical_building_ring_primer»; нормируемых ограничений ближе 5 м сверх нормы нет";"ассортимент для озеленения Москвы, категория «дворовые территории (тип участка не определён)»; в приоритете базовый ассортимент ППМ 515-ПП; без инвазивных видов ППМ 369-ПП";;;;
bush_building_border_002_019;посажено;bush;Жимолость золотистая;NEW_BUSH;-136.525;-70.315;175.693;72.971;Кольцо кустарника вокруг здания;25_classical_building_ring_primer;"Кольцо кустарника вокруг здания — по аналогии с проектом «25_classical_building_ring_primer»; нормируемых ограничений ближе 5 м сверх нормы нет";"ассортимент для озеленения Москвы, категория «дворовые территории (тип участка не определён)»; в приоритете базовый ассортимент ППМ 515-ПП; без инвазивных видов ППМ 369-ПП";;;;
bush_building_border_002_020;посажено;bush;Бересклет европейский;NEW_BUSH;-137.783;-70.925;174.435;72.361;Кольцо кустарника вокруг здания;25_classical_building_ring_primer;"Кольцо кустарника вокруг здания — по аналогии с проектом «25_classical_building_ring_primer»; нормируемых ограничений ближе 5 м сверх нормы нет";"ассортимент для озеленения Москвы, категория «дворовые территории (тип участка не определён)»; в приоритете базовый ассортимент ППМ 515-ПП; без инвазивных видов ППМ 369-ПП";;;;
bush_building_border_002_021;посажено;bush;Жимолость золотистая;NEW_BUSH;-139.128;-71.305;173.09;71.981;Кольцо кустарника вокруг здания;25_classical_building_ring_primer;"Кольцо кустарника вокруг здания — по аналогии с проектом «25_classical_building_ring_primer»; ближайшее ограничение — кабель связи: 5.2 м при норме 0.7 м (СП 42.13330.2016, п. 9.6, табл. 9.1; ППМ 743-ПП, табл. 3.6.1)";"ассортимент для озеленения Москвы, категория «дворовые территории (тип участка не определён)»; в приоритете базовый ассортимент ППМ 515-ПП; без инвазивных видов ППМ 369-ПП";кабель связи;5.15;0.7;"СП 42.13330.2016, п. 9.6, табл. 9.1; ППМ 743-ПП, табл. 3.6.1"
bush_building_border_002_022;посажено;bush;Бересклет европейский;NEW_BUSH;-140.518;-71.449;171.701;71.837;Кольцо кустарника вокруг здания;25_classical_building_ring_primer;"Кольцо кустарника вокруг здания — по аналогии с проектом «25_classical_building_ring_primer»; ближайшее ограничение — кабель связи: 4.7 м при норме 0.7 м (СП 42.13330.2016, п. 9.6, табл. 9.1; ППМ 743-ПП, табл. 3.6.1)";"ассортимент для озеленения Москвы, категория «дворовые территории (тип участка не определён)»; в приоритете базовый ассортимент ППМ 515-ПП; без инвазивных видов ППМ 369-ПП";кабель связи;4.69;0.7;"СП 42.13330.2016, п. 9.6, табл. 9.1; ППМ 743-ПП, табл. 3.6.1"
bush_building_border_002_023;посажено;bush;Жимолость золотистая;NEW_BUSH;-141.912;-71.351;170.307;71.935;Кольцо кустарника вокруг здания;25_classical_building_ring_primer;"Кольцо кустарника вокруг здания — по аналогии с проектом «25_classical_building_ring_primer»; ближайшее ограничение — кабель связи: 4.5 м при норме 0.7 м (СП 42.13330.2016, п. 9.6, табл. 9.1; ППМ 743-ПП, табл. 3.6.1)";"ассортимент для озеленения Москвы, категория «дворовые территории (тип участка не определён)»; в приоритете базовый ассортимент ППМ 515-ПП; без инвазивных видов ППМ 369-ПП";кабель связи;4.45;0.7;"СП 42.13330.2016, п. 9.6, табл. 9.1; ППМ 743-ПП, табл. 3.6.1"
bush_building_border_002_024;посажено;bush;Бересклет европейский;NEW_BUSH;-142.979;-72.008;169.24;71.277;Кольцо кустарника вокруг здания;25_classical_building_ring_primer;"Кольцо кустарника вокруг здания — по аналогии с проектом «25_classical_building_ring_primer»; ближайшее ограничение — кабель связи: 3.6 м при норме 0.7 м (СП 42.13330.2016, п. 9.6, табл. 9.1; ППМ 743-ПП, табл. 3.6.1)";"ассортимент для озеленения Москвы, категория «дворовые территории (тип участка не определён)»; в приоритете базовый ассортимент ППМ 515-ПП; без инвазивных видов ППМ 369-ПП";кабель связи;3.56;0.7;"СП 42.13330.2016, п. 9.6, табл. 9.1; ППМ 743-ПП, табл. 3.6.1"
bush_building_border_002_025;посажено;bush;Жимолость золотистая;NEW_BUSH;-142.149;-68.222;170.07;75.064;Кольцо кустарника вокруг здания;25_classical_building_ring_primer;"Кольцо кустарника вокруг здания — по аналогии с проектом «25_classical_building_ring_primer»; ближайшее ограничение — здание: 5.0 м при норме 1.5 м (СП 42.13330.2016, п. 9.6, табл. 9.1; ППМ 743-ПП, табл. 3.6.1)";"ассортимент для озеленения Москвы, категория «дворовые территории (тип участка не определён)»; в приоритете базовый ассортимент ППМ 515-ПП; без инвазивных видов ППМ 369-ПП";здание;4.99;1.5;"СП 42.13330.2016, п. 9.6, табл. 9.1; ППМ 743-ПП, табл. 3.6.1"
bush_building_border_002_026;посажено;bush;Бересклет европейский;NEW_BUSH;-140.774;-68.454;171.445;74.832;Кольцо кустарника вокруг здания;25_classical_building_ring_primer;"Кольцо кустарника вокруг здания — по аналогии с проектом «25_classical_building_ring_primer»; ближайшее ограничение — здание: 5.0 м при норме 1.5 м (СП 42.13330.2016, п. 9.6, табл. 9.1; ППМ 743-ПП, табл. 3.6.1)";"ассортимент для озеленения Москвы, категория «дворовые территории (тип участка не определён)»; в приоритете базовый ассортимент ППМ 515-ПП; без инвазивных видов ППМ 369-ПП";здание;5.0;1.5;"СП 42.13330.2016, п. 9.6, табл. 9.1; ППМ 743-ПП, табл. 3.6.1"
bush_building_border_002_027;посажено;bush;Жимолость золотистая;NEW_BUSH;-139.387;-68.299;172.832;74.987;Кольцо кустарника вокруг здания;25_classical_building_ring_primer;"Кольцо кустарника вокруг здания — по аналогии с проектом «25_classical_building_ring_primer»; ближайшее ограничение — здание: 5.0 м при норме 1.5 м (СП 42.13330.2016, п. 9.6, табл. 9.1; ППМ 743-ПП, табл. 3.6.1)";"ассортимент для озеленения Москвы, категория «дворовые территории (тип участка не определён)»; в приоритете базовый ассортимент ППМ 515-ПП; без инвазивных видов ППМ 369-ПП";здание;5.0;1.5;"СП 42.13330.2016, п. 9.6, табл. 9.1; ППМ 743-ПП, табл. 3.6.1"
bush_building_border_002_028;посажено;bush;Бересклет европейский;NEW_BUSH;-138.099;-67.76;174.119;75.526;Кольцо кустарника вокруг здания;25_classical_building_ring_primer;"Кольцо кустарника вокруг здания — по аналогии с проектом «25_classical_building_ring_primer»; ближайшее ограничение — здание: 5.0 м при норме 1.5 м (СП 42.13330.2016, п. 9.6, табл. 9.1; ППМ 743-ПП, табл. 3.6.1)";"ассортимент для озеленения Москвы, категория «дворовые территории (тип участка не определён)»; в приоритете базовый ассортимент ППМ 515-ПП; без инвазивных видов ППМ 369-ПП";здание;5.0;1.5;"СП 42.13330.2016, п. 9.6, табл. 9.1; ППМ 743-ПП, табл. 3.6.1"
bush_building_border_002_029;посажено;bush;Жимолость золотистая;NEW_BUSH;-137.011;-66.888;175.208;76.398;Кольцо кустарника вокруг здания;25_classical_building_ring_primer;"Кольцо кустарника вокруг здания — по аналогии с проектом «25_classical_building_ring_primer»; ближайшее ограничение — здание: 5.0 м при норме 1.5 м (СП 42.13330.2016, п. 9.6, табл. 9.1; ППМ 743-ПП, табл. 3.6.1)";"ассортимент для озеленения Москвы, категория «дворовые территории (тип участка не определён)»; в приоритете базовый ассортимент ППМ 515-ПП; без инвазивных видов ППМ 369-ПП";здание;5.0;1.5;"СП 42.13330.2016, п. 9.6, табл. 9.1; ППМ 743-ПП, табл. 3.6.1"
bush_building_border_002_030;посажено;bush;Бересклет европейский;NEW_BUSH;-136.151;-65.785;176.068;77.501;Кольцо кустарника вокруг здания;25_classical_building_ring_primer;"Кольцо кустарника вокруг здания — по аналогии с проектом «25_classical_building_ring_primer»; ближайшее ограничение — здание: 5.0 м при норме 1.5 м (СП 42.13330.2016, п. 9.6, табл. 9.1; ППМ 743-ПП, табл. 3.6.1)";"ассортимент для озеленения Москвы, категория «дворовые территории (тип участка не определён)»; в приоритете базовый ассортимент ППМ 515-ПП; без инвазивных видов ППМ 369-ПП";здание;5.0;1.5;"СП 42.13330.2016, п. 9.6, табл. 9.1; ППМ 743-ПП, табл. 3.6.1"
bush_building_border_002_031;посажено;bush;Жимолость золотистая;NEW_BUSH;-135.326;-64.653;176.892;78.633;Кольцо кустарника вокруг здания;25_classical_building_ring_primer;"Кольцо кустарника вокруг здания — по аналогии с проектом «25_classical_building_ring_primer»; ближайшее ограничение — здание: 5.0 м при норме 1.5 м (СП 42.13330.2016, п. 9.6, табл. 9.1; ППМ 743-ПП, табл. 3.6.1)";"ассортимент для озеленения Москвы, категория «дворовые территории (тип участка не определён)»; в приоритете базовый ассортимент ППМ 515-ПП; без инвазивных видов ППМ 369-ПП";здание;5.0;1.5;"СП 42.13330.2016, п. 9.6, табл. 9.1; ППМ 743-ПП, табл. 3.6.1"
bush_building_border_002_032;посажено;bush;Бересклет европейский;NEW_BUSH;-134.501;-63.522;177.717;79.764;Кольцо кустарника вокруг здания;25_classical_building_ring_primer;"Кольцо кустарника вокруг здания — по аналогии с проектом «25_classical_building_ring_primer»; ближайшее ограничение — здание: 5.0 м при норме 1.5 м (СП 42.13330.2016, п. 9.6, табл. 9.1; ППМ 743-ПП, табл. 3.6.1)";"ассортимент для озеленения Москвы, категория «дворовые территории (тип участка не определён)»; в приоритете базовый ассортимент ППМ 515-ПП; без инвазивных видов ППМ 369-ПП";здание;5.0;1.5;"СП 42.13330.2016, п. 9.6, табл. 9.1; ППМ 743-ПП, табл. 3.6.1"
bush_building_border_002_033;посажено;bush;Жимолость золотистая;NEW_BUSH;-133.677;-62.391;178.542;80.895;Кольцо кустарника вокруг здания;25_classical_building_ring_primer;"Кольцо кустарника вокруг здания — по аналогии с проектом «25_classical_building_ring_primer»; ближайшее ограничение — здание: 5.0 м при норме 1.5 м (СП 42.13330.2016, п. 9.6, табл. 9.1; ППМ 743-ПП, табл. 3.6.1)";"ассортимент для озеленения Москвы, категория «дворовые территории (тип участка не определён)»; в приоритете базовый ассортимент ППМ 515-ПП; без инвазивных видов ППМ 369-ПП";здание;5.0;1.5;"СП 42.13330.2016, п. 9.6, табл. 9.1; ППМ 743-ПП, табл. 3.6.1"
bush_building_border_002_034;посажено;bush;Бересклет европейский;NEW_BUSH;-132.852;-61.26;179.367;82.026;Кольцо кустарника вокруг здания;25_classical_building_ring_primer;"Кольцо кустарника вокруг здания — по аналогии с проектом «25_classical_building_ring_primer»; ближайшее ограничение — здание: 5.0 м при норме 1.5 м (СП 42.13330.2016, п. 9.6, табл. 9.1; ППМ 743-ПП, табл. 3.6.1)";"ассортимент для озеленения Москвы, категория «дворовые территории (тип участка не определён)»; в приоритете базовый ассортимент ППМ 515-ПП; без инвазивных видов ППМ 369-ПП";здание;5.0;1.5;"СП 42.13330.2016, п. 9.6, табл. 9.1; ППМ 743-ПП, табл. 3.6.1"
bush_building_border_002_035;посажено;bush;Жимолость золотистая;NEW_BUSH;-132.027;-60.128;180.191;83.158;Кольцо кустарника вокруг здания;25_classical_building_ring_primer;"Кольцо кустарника вокруг здания — по аналогии с проектом «25_classical_building_ring_primer»; ближайшее ограничение — здание: 5.0 м при норме 1.5 м (СП 42.13330.2016, п. 9.6, табл. 9.1; ППМ 743-ПП, табл. 3.6.1)";"ассортимент для озеленения Москвы, категория «дворовые территории (тип участка не определён)»; в приоритете базовый ассортимент ППМ 515-ПП; без инвазивных видов ППМ 369-ПП";здание;5.0;1.5;"СП 42.13330.2016, п. 9.6, табл. 9.1; ППМ 743-ПП, табл. 3.6.1"
bush_building_border_002_036;посажено;bush;Бересклет европейский;NEW_BUSH;-131.202;-58.997;181.016;84.289;Кольцо кустарника вокруг здания;25_classical_building_ring_primer;"Кольцо кустарника вокруг здания — по аналогии с проектом «25_classical_building_ring_primer»; ближайшее ограничение — здание: 5.0 м при норме 1.5 м (СП 42.13330.2016, п. 9.6, табл. 9.1; ППМ 743-ПП, табл. 3.6.1)";"ассортимент для озеленения Москвы, категория «дворовые территории (тип участка не определён)»; в приоритете базовый ассортимент ППМ 515-ПП; без инвазивных видов ППМ 369-ПП";здание;5.0;1.5;"СП 42.13330.2016, п. 9.6, табл. 9.1; ППМ 743-ПП, табл. 3.6.1"
bush_building_border_002_037;посажено;bush;Жимолость золотистая;NEW_BUSH;-130.377;-57.866;181.841;85.42;Кольцо кустарника вокруг здания;25_classical_building_ring_primer;"Кольцо кустарника вокруг здания — по аналогии с проектом «25_classical_building_ring_primer»; ближайшее ограничение — здание: 5.0 м при норме 1.5 м (СП 42.13330.2016, п. 9.6, табл. 9.1; ППМ 743-ПП, табл. 3.6.1)";"ассортимент для озеленения Москвы, категория «дворовые территории (тип участка не определён)»; в приоритете базовый ассортимент ППМ 515-ПП; без инвазивных видов ППМ 369-ПП";здание;5.0;1.5;"СП 42.13330.2016, п. 9.6, табл. 9.1; ППМ 743-ПП, табл. 3.6.1"
bush_building_border_002_038;посажено;bush;Бересклет европейский;NEW_BUSH;-129.553;-56.735;182.666;86.551;Кольцо кустарника вокруг здания;25_classical_building_ring_primer;"Кольцо кустарника вокруг здания — по аналогии с проектом «25_classical_building_ring_primer»; ближайшее ограничение — здание: 5.0 м при норме 1.5 м (СП 42.13330.2016, п. 9.6, табл. 9.1; ППМ 743-ПП, табл. 3.6.1)";"ассортимент для озеленения Москвы, категория «дворовые территории (тип участка не определён)»; в приоритете базовый ассортимент ППМ 515-ПП; без инвазивных видов ППМ 369-ПП";здание;5.0;1.5;"СП 42.13330.2016, п. 9.6, табл. 9.1; ППМ 743-ПП, табл. 3.6.1"
bush_building_border_002_039;посажено;bush;Жимолость золотистая;NEW_BUSH;-128.728;-55.603;183.491;87.683;Кольцо кустарника вокруг здания;25_classical_building_ring_primer;"Кольцо кустарника вокруг здания — по аналогии с проектом «25_classical_building_ring_primer»; ближайшее ограничение — здание: 5.0 м при норме 1.5 м (СП 42.13330.2016, п. 9.6, табл. 9.1; ППМ 743-ПП, табл. 3.6.1)";"ассортимент для озеленения Москвы, категория «дворовые территории (тип участка не определён)»; в приоритете базовый ассортимент ППМ 515-ПП; без инвазивных видов ППМ 369-ПП";здание;5.0;1.5;"СП 42.13330.2016, п. 9.6, табл. 9.1; ППМ 743-ПП, табл. 3.6.1"
bush_building_border_002_040;посажено;bush;Бересклет европейский;NEW_BUSH;-127.903;-54.472;184.315;88.814;Кольцо кустарника вокруг здания;25_classical_building_ring_primer;"Кольцо кустарника вокруг здания — по аналогии с проектом «25_classical_building_ring_primer»; ближайшее ограничение — здание: 5.0 м при норме 1.5 м (СП 42.13330.2016, п. 9.6, табл. 9.1; ППМ 743-ПП, табл. 3.6.1)";"ассортимент для озеленения Москвы, категория «дворовые территории (тип участка не определён)»; в приоритете базовый ассортимент ППМ 515-ПП; без инвазивных видов ППМ 369-ПП";здание;5.0;1.5;"СП 42.13330.2016, п. 9.6, табл. 9.1; ППМ 743-ПП, табл. 3.6.1"
bush_building_border_002_041;посажено;bush;Жимолость золотистая;NEW_BUSH;-127.078;-53.341;185.14;89.945;Кольцо кустарника вокруг здания;25_classical_building_ring_primer;"Кольцо кустарника вокруг здания — по аналогии с проектом «25_classical_building_ring_primer»; ближайшее ограничение — здание: 5.0 м при норме 1.5 м (СП 42.13330.2016, п. 9.6, табл. 9.1; ППМ 743-ПП, табл. 3.6.1)";"ассортимент для озеленения Москвы, категория «дворовые территории (тип участка не определён)»; в приоритете базовый ассортимент ППМ 515-ПП; без инвазивных видов ППМ 369-ПП";здание;5.0;1.5;"СП 42.13330.2016, п. 9.6, табл. 9.1; ППМ 743-ПП, табл. 3.6.1"
bush_building_border_002_042;посажено;bush;Бересклет европейский;NEW_BUSH;-126.254;-52.209;185.965;91.076;Кольцо кустарника вокруг здания;25_classical_building_ring_primer;"Кольцо кустарника вокруг здания — по аналогии с проектом «25_classical_building_ring_primer»; ближайшее ограничение — здание: 5.0 м при норме 1.5 м (СП 42.13330.2016, п. 9.6, табл. 9.1; ППМ 743-ПП, табл. 3.6.1)";"ассортимент для озеленения Москвы, категория «дворовые территории (тип участка не определён)»; в приоритете базовый ассортимент ППМ 515-ПП; без инвазивных видов ППМ 369-ПП";здание;5.0;1.5;"СП 42.13330.2016, п. 9.6, табл. 9.1; ППМ 743-ПП, табл. 3.6.1"
bush_building_border_002_043;посажено;bush;Жимолость золотистая;NEW_BUSH;-125.429;-51.078;186.79;92.208;Кольцо кустарника вокруг здания;25_classical_building_ring_primer;"Кольцо кустарника вокруг здания — по аналогии с проектом «25_classical_building_ring_primer»; ближайшее ограничение — здание: 5.0 м при норме 1.5 м (СП 42.13330.2016, п. 9.6, табл. 9.1; ППМ 743-ПП, табл. 3.6.1)";"ассортимент для озеленения Москвы, категория «дворовые территории (тип участка не определён)»; в приоритете базовый ассортимент ППМ 515-ПП; без инвазивных видов ППМ 369-ПП";здание;5.0;1.5;"СП 42.13330.2016, п. 9.6, табл. 9.1; ППМ 743-ПП, табл. 3.6.1"
bush_building_border_002_044;посажено;bush;Бересклет европейский;NEW_BUSH;-124.604;-49.947;187.614;93.339;Кольцо кустарника вокруг здания;25_classical_building_ring_primer;"Кольцо кустарника вокруг здания — по аналогии с проектом «25_classical_building_ring_primer»; ближайшее ограничение — здание: 5.0 м при норме 1.5 м (СП 42.13330.2016, п. 9.6, табл. 9.1; ППМ 743-ПП, табл. 3.6.1)";"ассортимент для озеленения Москвы, категория «дворовые территории (тип участка не определён)»; в приоритете базовый ассортимент ППМ 515-ПП; без инвазивных видов ППМ 369-ПП";здание;5.0;1.5;"СП 42.13330.2016, п. 9.6, табл. 9.1; ППМ 743-ПП, табл. 3.6.1"
bush_building_border_002_045;посажено;bush;Жимолость золотистая;NEW_BUSH;-123.779;-48.816;188.439;94.47;Кольцо кустарника вокруг здания;25_classical_building_ring_primer;"Кольцо кустарника вокруг здания — по аналогии с проектом «25_classical_building_ring_primer»; ближайшее ограничение — здание: 5.0 м при норме 1.5 м (СП 42.13330.2016, п. 9.6, табл. 9.1; ППМ 743-ПП, табл. 3.6.1)";"ассортимент для озеленения Москвы, категория «дворовые территории (тип участка не определён)»; в приоритете базовый ассортимент ППМ 515-ПП; без инвазивных видов ППМ 369-ПП";здание;5.0;1.5;"СП 42.13330.2016, п. 9.6, табл. 9.1; ППМ 743-ПП, табл. 3.6.1"
bush_building_border_002_046;посажено;bush;Бересклет европейский;NEW_BUSH;-122.955;-47.684;189.264;95.602;Кольцо кустарника вокруг здания;25_classical_building_ring_primer;"Кольцо кустарника вокруг здания — по аналогии с проектом «25_classical_building_ring_primer»; ближайшее ограничение — здание: 5.0 м при норме 1.5 м (СП 42.13330.2016, п. 9.6, табл. 9.1; ППМ 743-ПП, табл. 3.6.1)";"ассортимент для озеленения Москвы, категория «дворовые территории (тип участка не определён)»; в приоритете базовый ассортимент ППМ 515-ПП; без инвазивных видов ППМ 369-ПП";здание;5.0;1.5;"СП 42.13330.2016, п. 9.6, табл. 9.1; ППМ 743-ПП, табл. 3.6.1"
bush_building_border_002_047;посажено;bush;Жимолость золотистая;NEW_BUSH;-122.198;-46.509;190.02;96.777;Кольцо кустарника вокруг здания;25_classical_building_ring_primer;"Кольцо кустарника вокруг здания — по аналогии с проектом «25_classical_building_ring_primer»; ближайшее ограничение — здание: 5.0 м при норме 1.5 м (СП 42.13330.2016, п. 9.6, табл. 9.1; ППМ 743-ПП, табл. 3.6.1)";"ассортимент для озеленения Москвы, категория «дворовые территории (тип участка не определён)»; в приоритете базовый ассортимент ППМ 515-ПП; без инвазивных видов ППМ 369-ПП";здание;5.0;1.5;"СП 42.13330.2016, п. 9.6, табл. 9.1; ППМ 743-ПП, табл. 3.6.1"
bush_building_border_002_048;посажено;bush;Бересклет европейский;NEW_BUSH;-121.769;-45.182;190.45;98.104;Кольцо кустарника вокруг здания;25_classical_building_ring_primer;"Кольцо кустарника вокруг здания — по аналогии с проектом «25_classical_building_ring_primer»; ближайшее ограничение — здание: 5.0 м при норме 1.5 м (СП 42.13330.2016, п. 9.6, табл. 9.1; ППМ 743-ПП, табл. 3.6.1)";"ассортимент для озеленения Москвы, категория «дворовые территории (тип участка не определён)»; в приоритете базовый ассортимент ППМ 515-ПП; без инвазивных видов ППМ 369-ПП";здание;4.99;1.5;"СП 42.13330.2016, п. 9.6, табл. 9.1; ППМ 743-ПП, табл. 3.6.1"
bush_building_border_002_049;посажено;bush;Жимолость золотистая;NEW_BUSH;-121.557;-43.843;190.662;99.443;Кольцо кустарника вокруг здания;25_classical_building_ring_primer;"Кольцо кустарника вокруг здания — по аналогии с проектом «25_classical_building_ring_primer»; ближайшее ограничение — здание: 5.0 м при норме 1.5 м (СП 42.13330.2016, п. 9.6, табл. 9.1; ППМ 743-ПП, табл. 3.6.1)";"ассортимент для озеленения Москвы, категория «дворовые территории (тип участка не определён)»; в приоритете базовый ассортимент ППМ 515-ПП; без инвазивных видов ППМ 369-ПП";здание;5.0;1.5;"СП 42.13330.2016, п. 9.6, табл. 9.1; ППМ 743-ПП, табл. 3.6.1"
bush_building_border_002_050;посажено;bush;Бересклет европейский;NEW_BUSH;-120.618;-42.804;191.601;100.482;Кольцо кустарника вокруг здания;25_classical_building_ring_primer;"Кольцо кустарника вокруг здания — по аналогии с проектом «25_classical_building_ring_primer»; ближайшее ограничение — здание: 5.0 м при норме 1.5 м (СП 42.13330.2016, п. 9.6, табл. 9.1; ППМ 743-ПП, табл. 3.6.1)";"ассортимент для озеленения Москвы, категория «дворовые территории (тип участка не определён)»; в приоритете базовый ассортимент ППМ 515-ПП; без инвазивных видов ППМ 369-ПП";здание;5.0;1.5;"СП 42.13330.2016, п. 9.6, табл. 9.1; ППМ 743-ПП, табл. 3.6.1"
bush_building_border_002_051;посажено;bush;Жимолость золотистая;NEW_BUSH;-119.679;-41.766;192.54;101.52;Кольцо кустарника вокруг здания;25_classical_building_ring_primer;"Кольцо кустарника вокруг здания — по аналогии с проектом «25_classical_building_ring_primer»; ближайшее ограничение — здание: 5.0 м при норме 1.5 м (СП 42.13330.2016, п. 9.6, табл. 9.1; ППМ 743-ПП, табл. 3.6.1)";"ассортимент для озеленения Москвы, категория «дворовые территории (тип участка не определён)»; в приоритете базовый ассортимент ППМ 515-ПП; без инвазивных видов ППМ 369-ПП";здание;5.0;1.5;"СП 42.13330.2016, п. 9.6, табл. 9.1; ППМ 743-ПП, табл. 3.6.1"
bush_building_border_002_052;посажено;bush;Бересклет европейский;NEW_BUSH;-118.74;-40.727;193.479;102.559;Кольцо кустарника вокруг здания;25_classical_building_ring_primer;"Кольцо кустарника вокруг здания — по аналогии с проектом «25_classical_building_ring_primer»; ближайшее ограничение — здание: 5.0 м при норме 1.5 м (СП 42.13330.2016, п. 9.6, табл. 9.1; ППМ 743-ПП, табл. 3.6.1)";"ассортимент для озеленения Москвы, категория «дворовые территории (тип участка не определён)»; в приоритете базовый ассортимент ППМ 515-ПП; без инвазивных видов ППМ 369-ПП";здание;5.0;1.5;"СП 42.13330.2016, п. 9.6, табл. 9.1; ППМ 743-ПП, табл. 3.6.1"
bush_building_border_002_053;посажено;bush;Жимолость золотистая;NEW_BUSH;-117.801;-39.689;194.418;103.597;Кольцо кустарника вокруг здания;25_classical_building_ring_primer;"Кольцо кустарника вокруг здания — по аналогии с проектом «25_classical_building_ring_primer»; ближайшее ограничение — проезжая часть: 3.9 м при норме 1.0 м (СП 42.13330.2016, п. 9.6, табл. 9.1; ППМ 743-ПП, табл. 3.6.1)";"ассортимент для озеленения Москвы, категория «дворовые территории (тип участка не определён)»; в приоритете базовый ассортимент ППМ 515-ПП; без инвазивных видов ППМ 369-ПП";проезжая часть;3.94;1.0;"СП 42.13330.2016, п. 9.6, табл. 9.1; ППМ 743-ПП, табл. 3.6.1"
bush_building_border_002_054;посажено;bush;Бересклет европейский;NEW_BUSH;-116.862;-38.65;195.357;104.636;Кольцо кустарника вокруг здания;25_classical_building_ring_primer;"Кольцо кустарника вокруг здания — по аналогии с проектом «25_classical_building_ring_primer»; ближайшее ограничение — проезжая часть: 3.2 м при норме 1.0 м (СП 42.13330.2016, п. 9.6, табл. 9.1; ППМ 743-ПП, табл. 3.6.1)";"ассортимент для озеленения Москвы, категория «дворовые территории (тип участка не определён)»; в приоритете базовый ассортимент ППМ 515-ПП; без инвазивных видов ППМ 369-ПП";проезжая часть;3.25;1.0;"СП 42.13330.2016, п. 9.6, табл. 9.1; ППМ 743-ПП, табл. 3.6.1"
bush_building_border_002_055;посажено;bush;Жимолость золотистая;NEW_BUSH;-115.923;-37.612;196.296;105.674;Кольцо кустарника вокруг здания;25_classical_building_ring_primer;"Кольцо кустарника вокруг здания — по аналогии с проектом «25_classical_building_ring_primer»; ближайшее ограничение — проезжая часть: 2.6 м при норме 1.0 м (СП 42.13330.2016, п. 9.6, табл. 9.1; ППМ 743-ПП, табл. 3.6.1)";"ассортимент для озеленения Москвы, категория «дворовые территории (тип участка не определён)»; в приоритете базовый ассортимент ППМ 515-ПП; без инвазивных видов ППМ 369-ПП";проезжая часть;2.57;1.0;"СП 42.13330.2016, п. 9.6, табл. 9.1; ППМ 743-ПП, табл. 3.6.1"
bush_building_border_002_056;посажено;bush;Бересклет европейский;NEW_BUSH;-115.814;-39.696;196.404;103.59;Кольцо кустарника вокруг здания;25_classical_building_ring_primer;"Кольцо кустарника вокруг здания — по аналогии с проектом «25_classical_building_ring_primer»; ближайшее ограничение — проезжая часть: 2.0 м при норме 1.0 м (СП 42.13330.2016, п. 9.6, табл. 9.1; ППМ 743-ПП, табл. 3.6.1)";"ассортимент для озеленения Москвы, категория «дворовые территории (тип участка не определён)»; в приоритете базовый ассортимент ППМ 515-ПП; без инвазивных видов ППМ 369-ПП";проезжая часть;2.0;1.0;"СП 42.13330.2016, п. 9.6, табл. 9.1; ППМ 743-ПП, табл. 3.6.1"
bush_building_border_002_057;посажено;bush;Жимолость золотистая;NEW_BUSH;-116.126;-41.061;196.092;102.225;Кольцо кустарника вокруг здания;25_classical_building_ring_primer;"Кольцо кустарника вокруг здания — по аналогии с проектом «25_classical_building_ring_primer»; ближайшее ограничение — проезжая часть: 2.0 м при норме 1.0 м (СП 42.13330.2016, п. 9.6, табл. 9.1; ППМ 743-ПП, табл. 3.6.1)";"ассортимент для озеленения Москвы, категория «дворовые территории (тип участка не определён)»; в приоритете базовый ассортимент ППМ 515-ПП; без инвазивных видов ППМ 369-ПП";проезжая часть;2.0;1.0;"СП 42.13330.2016, п. 9.6, табл. 9.1; ППМ 743-ПП, табл. 3.6.1"
bush_building_border_002_058;посажено;bush;Бересклет европейский;NEW_BUSH;-116.438;-42.426;195.78;100.86;Кольцо кустарника вокруг здания;25_classical_building_ring_primer;"Кольцо кустарника вокруг здания — по аналогии с проектом «25_classical_building_ring_primer»; ближайшее ограничение — проезжая часть: 2.0 м при норме 1.0 м (СП 42.13330.2016, п. 9.6, табл. 9.1; ППМ 743-ПП, табл. 3.6.1)";"ассортимент для озеленения Москвы, категория «дворовые территории (тип участка не определён)»; в приоритете базовый ассортимент ППМ 515-ПП; без инвазивных видов ППМ 369-ПП";проезжая часть;2.0;1.0;"СП 42.13330.2016, п. 9.6, табл. 9.1; ППМ 743-ПП, табл. 3.6.1"
bush_building_border_002_059;посажено;bush;Жимолость золотистая;NEW_BUSH;-117.236;-43.538;194.982;99.748;Кольцо кустарника вокруг здания;25_classical_building_ring_primer;"Кольцо кустарника вокруг здания — по аналогии с проектом «25_classical_building_ring_primer»; ближайшее ограничение — проезжая часть: 2.5 м при норме 1.0 м (СП 42.13330.2016, п. 9.6, табл. 9.1; ППМ 743-ПП, табл. 3.6.1)";"ассортимент для озеленения Москвы, категория «дворовые территории (тип участка не определён)»; в приоритете базовый ассортимент ППМ 515-ПП; без инвазивных видов ППМ 369-ПП";проезжая часть;2.53;1.0;"СП 42.13330.2016, п. 9.6, табл. 9.1; ППМ 743-ПП, табл. 3.6.1"
bush_building_border_002_060;посажено;bush;Бересклет европейский;NEW_BUSH;-118.175;-44.576;194.043;98.71;Кольцо кустарника вокруг здания;25_classical_building_ring_primer;"Кольцо кустарника вокруг здания — по аналогии с проектом «25_classical_building_ring_primer»; ближайшее ограничение — проезжая часть: 3.2 м при норме 1.0 м (СП 42.13330.2016, п. 9.6, табл. 9.1; ППМ 743-ПП, табл. 3.6.1)";"ассортимент для озеленения Москвы, категория «дворовые территории (тип участка не определён)»; в приоритете базовый ассортимент ППМ 515-ПП; без инвазивных видов ППМ 369-ПП";проезжая часть;3.21;1.0;"СП 42.13330.2016, п. 9.6, табл. 9.1; ППМ 743-ПП, табл. 3.6.1"
bush_building_border_002_061;посажено;bush;Жимолость золотистая;NEW_BUSH;-118.827;-45.75;193.392;97.536;Кольцо кустарника вокруг здания;25_classical_building_ring_primer;"Кольцо кустарника вокруг здания — по аналогии с проектом «25_classical_building_ring_primer»; ближайшее ограничение — проезжая часть: 3.6 м при норме 1.0 м (СП 42.13330.2016, п. 9.6, табл. 9.1; ППМ 743-ПП, табл. 3.6.1)";"ассортимент для озеленения Москвы, категория «дворовые территории (тип участка не определён)»; в приоритете базовый ассортимент ППМ 515-ПП; без инвазивных видов ППМ 369-ПП";проезжая часть;3.6;1.0;"СП 42.13330.2016, п. 9.6, табл. 9.1; ППМ 743-ПП, табл. 3.6.1"
tree_building_border_003_001;посажено;tree;Черемуха Маака;NEW_TREE;-103.669;58.583;208.55;201.869;Кольцо кустарника вокруг здания;25_classical_building_ring_primer;"Кольцо кустарника вокруг здания — по аналогии с проектом «25_classical_building_ring_primer»; ближайшее ограничение — проезжая часть: 2.5 м при норме 2.0 м (СП 42.13330.2016, п. 9.6, табл. 9.1; ППМ 743-ПП, табл. 3.6.1)";"ассортимент для озеленения Москвы, категория «дворовые территории (тип участка не определён)»; в приоритете базовый ассортимент ППМ 515-ПП; без инвазивных видов ППМ 369-ПП";проезжая часть;2.48;2.0;"СП 42.13330.2016, п. 9.6, табл. 9.1; ППМ 743-ПП, табл. 3.6.1"
bush_building_border_003_001;посажено;bush;Жимолость золотистая;NEW_BUSH;-100.256;57.805;211.962;201.091;Кольцо кустарника вокруг здания;25_classical_building_ring_primer;"Кольцо кустарника вокруг здания — по аналогии с проектом «25_classical_building_ring_primer»; ближайшее ограничение — проезжая часть: 2.5 м при норме 1.0 м (СП 42.13330.2016, п. 9.6, табл. 9.1; ППМ 743-ПП, табл. 3.6.1)";"ассортимент для озеленения Москвы, категория «дворовые территории (тип участка не определён)»; в приоритете базовый ассортимент ППМ 515-ПП; без инвазивных видов ППМ 369-ПП";проезжая часть;2.49;1.0;"СП 42.13330.2016, п. 9.6, табл. 9.1; ППМ 743-ПП, табл. 3.6.1"
bush_building_border_003_002;посажено;bush;Бересклет европейский;NEW_BUSH;-101.621;58.116;210.597;201.402;Кольцо кустарника вокруг здания;25_classical_building_ring_primer;"Кольцо кустарника вокруг здания — по аналогии с проектом «25_classical_building_ring_primer»; ближайшее ограничение — проезжая часть: 2.5 м при норме 1.0 м (СП 42.13330.2016, п. 9.6, табл. 9.1; ППМ 743-ПП, табл. 3.6.1)";"ассортимент для озеленения Москвы, категория «дворовые территории (тип участка не определён)»; в приоритете базовый ассортимент ППМ 515-ПП; без инвазивных видов ППМ 369-ПП";проезжая часть;2.49;1.0;"СП 42.13330.2016, п. 9.6, табл. 9.1; ППМ 743-ПП, табл. 3.6.1"
bush_building_border_004_001;посажено;bush;Жимолость золотистая;NEW_BUSH;-98.905;56.2;213.314;199.486;Кольцо кустарника вокруг здания;25_classical_building_ring_primer;"Кольцо кустарника вокруг здания — по аналогии с проектом «25_classical_building_ring_primer»; ближайшее ограничение — проезжая часть: 3.8 м при норме 1.0 м (СП 42.13330.2016, п. 9.6, табл. 9.1; ППМ 743-ПП, табл. 3.6.1)";"ассортимент для озеленения Москвы, категория «дворовые территории (тип участка не определён)»; в приоритете базовый ассортимент ППМ 515-ПП; без инвазивных видов ППМ 369-ПП";проезжая часть;3.75;1.0;"СП 42.13330.2016, п. 9.6, табл. 9.1; ППМ 743-ПП, табл. 3.6.1"
bush_building_border_004_002;посажено;bush;Бересклет европейский;NEW_BUSH;-98.565;54.845;213.653;198.131;Кольцо кустарника вокруг здания;25_classical_building_ring_primer;"Кольцо кустарника вокруг здания — по аналогии с проектом «25_classical_building_ring_primer»; ближайшее ограничение — проезжая часть: 5.0 м при норме 1.0 м (СП 42.13330.2016, п. 9.6, табл. 9.1; ППМ 743-ПП, табл. 3.6.1)";"ассортимент для озеленения Москвы, категория «дворовые территории (тип участка не определён)»; в приоритете базовый ассортимент ППМ 515-ПП; без инвазивных видов ППМ 369-ПП";проезжая часть;5.0;1.0;"СП 42.13330.2016, п. 9.6, табл. 9.1; ППМ 743-ПП, табл. 3.6.1"
bush_building_border_004_003;посажено;bush;Жимолость золотистая;NEW_BUSH;-98.463;53.451;213.755;196.737;Кольцо кустарника вокруг здания;25_classical_building_ring_primer;"Кольцо кустарника вокруг здания — по аналогии с проектом «25_classical_building_ring_primer»; ближайшее ограничение — проезжая часть: 5.6 м при норме 1.0 м (СП 42.13330.2016, п. 9.6, табл. 9.1; ППМ 743-ПП, табл. 3.6.1)";"ассортимент для озеленения Москвы, категория «дворовые территории (тип участка не определён)»; в приоритете базовый ассортимент ППМ 515-ПП; без инвазивных видов ППМ 369-ПП";проезжая часть;5.58;1.0;"СП 42.13330.2016, п. 9.6, табл. 9.1; ППМ 743-ПП, табл. 3.6.1"
bush_building_border_004_004;посажено;bush;Бересклет европейский;NEW_BUSH;-98.88;50.687;213.339;193.973;Кольцо кустарника вокруг здания;25_classical_building_ring_primer;"Кольцо кустарника вокруг здания — по аналогии с проектом «25_classical_building_ring_primer»; ближайшее ограничение — проезжая часть: 5.4 м при норме 1.0 м (СП 42.13330.2016, п. 9.6, табл. 9.1; ППМ 743-ПП, табл. 3.6.1)";"ассортимент для озеленения Москвы, категория «дворовые территории (тип участка не определён)»; в приоритете базовый ассортимент ППМ 515-ПП; без инвазивных видов ППМ 369-ПП";проезжая часть;5.38;1.0;"СП 42.13330.2016, п. 9.6, табл. 9.1; ППМ 743-ПП, табл. 3.6.1"
bush_building_border_004_005;посажено;bush;Жимолость золотистая;NEW_BUSH;-99.154;49.315;213.064;192.601;Кольцо кустарника вокруг здания;25_classical_building_ring_primer;"Кольцо кустарника вокруг здания — по аналогии с проектом «25_classical_building_ring_primer»; ближайшее ограничение — проезжая часть: 5.3 м при норме 1.0 м (СП 42.13330.2016, п. 9.6, табл. 9.1; ППМ 743-ПП, табл. 3.6.1)";"ассортимент для озеленения Москвы, категория «дворовые территории (тип участка не определён)»; в приоритете базовый ассортимент ППМ 515-ПП; без инвазивных видов ППМ 369-ПП";проезжая часть;5.34;1.0;"СП 42.13330.2016, п. 9.6, табл. 9.1; ППМ 743-ПП, табл. 3.6.1"
bush_building_border_004_006;посажено;bush;Бересклет европейский;NEW_BUSH;-99.429;47.942;212.789;191.228;Кольцо кустарника вокруг здания;25_classical_building_ring_primer;"Кольцо кустарника вокруг здания — по аналогии с проектом «25_classical_building_ring_primer»; ближайшее ограничение — проезжая часть: 5.3 м при норме 1.0 м (СП 42.13330.2016, п. 9.6, табл. 9.1; ППМ 743-ПП, табл. 3.6.1)";"ассортимент для озеленения Москвы, категория «дворовые территории (тип участка не определён)»; в приоритете базовый ассортимент ППМ 515-ПП; без инвазивных видов ППМ 369-ПП";проезжая часть;5.31;1.0;"СП 42.13330.2016, п. 9.6, табл. 9.1; ППМ 743-ПП, табл. 3.6.1"
bush_building_border_004_007;посажено;bush;Жимолость золотистая;NEW_BUSH;-99.704;46.569;212.514;189.855;Кольцо кустарника вокруг здания;25_classical_building_ring_primer;"Кольцо кустарника вокруг здания — по аналогии с проектом «25_classical_building_ring_primer»; ближайшее ограничение — проезжая часть: 5.3 м при норме 1.0 м (СП 42.13330.2016, п. 9.6, табл. 9.1; ППМ 743-ПП, табл. 3.6.1)";"ассортимент для озеленения Москвы, категория «дворовые территории (тип участка не определён)»; в приоритете базовый ассортимент ППМ 515-ПП; без инвазивных видов ППМ 369-ПП";проезжая часть;5.28;1.0;"СП 42.13330.2016, п. 9.6, табл. 9.1; ППМ 743-ПП, табл. 3.6.1"
bush_building_border_004_008;посажено;bush;Бересклет европейский;NEW_BUSH;-100.13;45.43;212.088;188.716;Кольцо кустарника вокруг здания;25_classical_building_ring_primer;"Кольцо кустарника вокруг здания — по аналогии с проектом «25_classical_building_ring_primer»; ближайшее ограничение — проезжая часть: 5.4 м при норме 1.0 м (СП 42.13330.2016, п. 9.6, табл. 9.1; ППМ 743-ПП, табл. 3.6.1)";"ассортимент для озеленения Москвы, категория «дворовые территории (тип участка не определён)»; в приоритете базовый ассортимент ППМ 515-ПП; без инвазивных видов ППМ 369-ПП";проезжая часть;5.44;1.0;"СП 42.13330.2016, п. 9.6, табл. 9.1; ППМ 743-ПП, табл. 3.6.1"
bush_building_border_004_009;посажено;bush;Жимолость золотистая;NEW_BUSH;-101.495;45.74;210.723;189.026;Кольцо кустарника вокруг здания;25_classical_building_ring_primer;"Кольцо кустарника вокруг здания — по аналогии с проектом «25_classical_building_ring_primer»; ближайшее ограничение — здание: 6.4 м при норме 1.5 м (СП 42.13330.2016, п. 9.6, табл. 9.1; ППМ 743-ПП, табл. 3.6.1)";"ассортимент для озеленения Москвы, категория «дворовые территории (тип участка не определён)»; в приоритете базовый ассортимент ППМ 515-ПП; без инвазивных видов ППМ 369-ПП";здание;6.41;1.5;"СП 42.13330.2016, п. 9.6, табл. 9.1; ППМ 743-ПП, табл. 3.6.1"
bush_building_border_004_010;посажено;bush;Бересклет европейский;NEW_BUSH;-102.861;46.051;209.358;189.337;Кольцо кустарника вокруг здания;25_classical_building_ring_primer;"Кольцо кустарника вокруг здания — по аналогии с проектом «25_classical_building_ring_primer»; ближайшее ограничение — здание: 5.0 м при норме 1.5 м (СП 42.13330.2016, п. 9.6, табл. 9.1; ППМ 743-ПП, табл. 3.6.1)";"ассортимент для озеленения Москвы, категория «дворовые территории (тип участка не определён)»; в приоритете базовый ассортимент ППМ 515-ПП; без инвазивных видов ППМ 369-ПП";здание;5.01;1.5;"СП 42.13330.2016, п. 9.6, табл. 9.1; ППМ 743-ПП, табл. 3.6.1"
bush_building_border_004_011;посажено;bush;Жимолость золотистая;NEW_BUSH;-102.594;47.418;209.625;190.704;Кольцо кустарника вокруг здания;25_classical_building_ring_primer;"Кольцо кустарника вокруг здания — по аналогии с проектом «25_classical_building_ring_primer»; ближайшее ограничение — здание: 5.0 м при норме 1.5 м (СП 42.13330.2016, п. 9.6, табл. 9.1; ППМ 743-ПП, табл. 3.6.1)";"ассортимент для озеленения Москвы, категория «дворовые территории (тип участка не определён)»; в приоритете базовый ассортимент ППМ 515-ПП; без инвазивных видов ППМ 369-ПП";здание;5.0;1.5;"СП 42.13330.2016, п. 9.6, табл. 9.1; ППМ 743-ПП, табл. 3.6.1"
bush_building_border_004_012;посажено;bush;Бересклет европейский;NEW_BUSH;-101.515;54.306;210.704;197.592;Кольцо кустарника вокруг здания;25_classical_building_ring_primer;"Кольцо кустарника вокруг здания — по аналогии с проектом «25_classical_building_ring_primer»; ближайшее ограничение — здание: 5.0 м при норме 1.5 м (СП 42.13330.2016, п. 9.6, табл. 9.1; ППМ 743-ПП, табл. 3.6.1)";"ассортимент для озеленения Москвы, категория «дворовые территории (тип участка не определён)»; в приоритете базовый ассортимент ППМ 515-ПП; без инвазивных видов ППМ 369-ПП";здание;4.99;1.5;"СП 42.13330.2016, п. 9.6, табл. 9.1; ППМ 743-ПП, табл. 3.6.1"
bush_building_border_004_013;посажено;bush;Жимолость золотистая;NEW_BUSH;-101.905;55.645;210.314;198.931;Кольцо кустарника вокруг здания;25_classical_building_ring_primer;"Кольцо кустарника вокруг здания — по аналогии с проектом «25_classical_building_ring_primer»; ближайшее ограничение — здание: 5.0 м при норме 1.5 м (СП 42.13330.2016, п. 9.6, табл. 9.1; ППМ 743-ПП, табл. 3.6.1)";"ассортимент для озеленения Москвы, категория «дворовые территории (тип участка не определён)»; в приоритете базовый ассортимент ППМ 515-ПП; без инвазивных видов ППМ 369-ПП";здание;4.99;1.5;"СП 42.13330.2016, п. 9.6, табл. 9.1; ППМ 743-ПП, табл. 3.6.1"
bush_building_border_004_014;посажено;bush;Бересклет европейский;NEW_BUSH;-102.649;56.824;209.57;200.11;Кольцо кустарника вокруг здания;25_classical_building_ring_primer;"Кольцо кустарника вокруг здания — по аналогии с проектом «25_classical_building_ring_primer»; ближайшее ограничение — проезжая часть: 4.0 м при норме 1.0 м (СП 42.13330.2016, п. 9.6, табл. 9.1; ППМ 743-ПП, табл. 3.6.1)";"ассортимент для озеленения Москвы, категория «дворовые территории (тип участка не определён)»; в приоритете базовый ассортимент ППМ 515-ПП; без инвазивных видов ППМ 369-ПП";проезжая часть;3.97;1.0;"СП 42.13330.2016, п. 9.6, табл. 9.1; ППМ 743-ПП, табл. 3.6.1"
tree_building_border_005_001;посажено;tree;Черемуха Маака;NEW_TREE;-103.744;26.402;208.475;169.688;Кольцо кустарника вокруг здания;25_classical_building_ring_primer;"Кольцо кустарника вокруг здания — по аналогии с проектом «25_classical_building_ring_primer»; ближайшее ограничение — проезжая часть: 4.8 м при норме 2.0 м (СП 42.13330.2016, п. 9.6, табл. 9.1; ППМ 743-ПП, табл. 3.6.1)";"ассортимент для озеленения Москвы, категория «дворовые территории (тип участка не определён)»; в приоритете базовый ассортимент ППМ 515-ПП; без инвазивных видов ППМ 369-ПП";проезжая часть;4.79;2.0;"СП 42.13330.2016, п. 9.6, табл. 9.1; ППМ 743-ПП, табл. 3.6.1"
bush_building_border_005_001;посажено;bush;Жимолость золотистая;NEW_BUSH;-109.766;-8.841;202.452;134.445;Кольцо кустарника вокруг здания;25_classical_building_ring_primer;"Кольцо кустарника вокруг здания — по аналогии с проектом «25_classical_building_ring_primer»; ближайшее ограничение — проезжая часть: 3.0 м при норме 1.0 м (СП 42.13330.2016, п. 9.6, табл. 9.1; ППМ 743-ПП, табл. 3.6.1)";"ассортимент для озеленения Москвы, категория «дворовые территории (тип участка не определён)»; в приоритете базовый ассортимент ППМ 515-ПП; без инвазивных видов ППМ 369-ПП";проезжая часть;2.95;1.0;"СП 42.13330.2016, п. 9.6, табл. 9.1; ППМ 743-ПП, табл. 3.6.1"
bush_building_border_005_002;посажено;bush;Бересклет европейский;NEW_BUSH;-109.027;-9.875;203.192;133.411;Кольцо кустарника вокруг здания;25_classical_building_ring_primer;"Кольцо кустарника вокруг здания — по аналогии с проектом «25_classical_building_ring_primer»; ближайшее ограничение — проезжая часть: 2.0 м при норме 1.0 м (СП 42.13330.2016, п. 9.6, табл. 9.1; ППМ 743-ПП, табл. 3.6.1)";"ассортимент для озеленения Москвы, категория «дворовые территории (тип участка не определён)»; в приоритете базовый ассортимент ППМ 515-ПП; без инвазивных видов ППМ 369-ПП";проезжая часть;2.0;1.0;"СП 42.13330.2016, п. 9.6, табл. 9.1; ППМ 743-ПП, табл. 3.6.1"
bush_building_border_005_003;посажено;bush;Жимолость золотистая;NEW_BUSH;-109.333;-11.241;202.885;132.045;Кольцо кустарника вокруг здания;25_classical_building_ring_primer;"Кольцо кустарника вокруг здания — по аналогии с проектом «25_classical_building_ring_primer»; ближайшее ограничение — проезжая часть: 2.0 м при норме 1.0 м (СП 42.13330.2016, п. 9.6, табл. 9.1; ППМ 743-ПП, табл. 3.6.1)";"ассортимент для озеленения Москвы, категория «дворовые территории (тип участка не определён)»; в приоритете базовый ассортимент ППМ 515-ПП; без инвазивных видов ППМ 369-ПП";проезжая часть;2.0;1.0;"СП 42.13330.2016, п. 9.6, табл. 9.1; ППМ 743-ПП, табл. 3.6.1"
bush_building_border_005_004;посажено;bush;Бересклет европейский;NEW_BUSH;-109.64;-12.607;202.579;130.679;Кольцо кустарника вокруг здания;25_classical_building_ring_primer;"Кольцо кустарника вокруг здания — по аналогии с проектом «25_classical_building_ring_primer»; ближайшее ограничение — проезжая часть: 2.0 м при норме 1.0 м (СП 42.13330.2016, п. 9.6, табл. 9.1; ППМ 743-ПП, табл. 3.6.1)";"ассортимент для озеленения Москвы, категория «дворовые территории (тип участка не определён)»; в приоритете базовый ассортимент ППМ 515-ПП; без инвазивных видов ППМ 369-ПП";проезжая часть;2.0;1.0;"СП 42.13330.2016, п. 9.6, табл. 9.1; ППМ 743-ПП, табл. 3.6.1"
bush_building_border_005_005;посажено;bush;Жимолость золотистая;NEW_BUSH;-111.542;-11.28;200.677;132.006;Кольцо кустарника вокруг здания;25_classical_building_ring_primer;"Кольцо кустарника вокруг здания — по аналогии с проектом «25_classical_building_ring_primer»; ближайшее ограничение — проезжая часть: 4.2 м при норме 1.0 м (СП 42.13330.2016, п. 9.6, табл. 9.1; ППМ 743-ПП, табл. 3.6.1)";"ассортимент для озеленения Москвы, категория «дворовые территории (тип участка не определён)»; в приоритете базовый ассортимент ППМ 515-ПП; без инвазивных видов ППМ 369-ПП";проезжая часть;4.15;1.0;"СП 42.13330.2016, п. 9.6, табл. 9.1; ППМ 743-ПП, табл. 3.6.1"
bush_building_border_005_006;посажено;bush;Бересклет европейский;NEW_BUSH;-113.618;-9.402;198.6;133.884;Кольцо кустарника вокруг здания;25_classical_building_ring_primer;"Кольцо кустарника вокруг здания — по аналогии с проектом «25_classical_building_ring_primer»; ближайшее ограничение — здание: 5.0 м при норме 1.5 м (СП 42.13330.2016, п. 9.6, табл. 9.1; ППМ 743-ПП, табл. 3.6.1)";"ассортимент для озеленения Москвы, категория «дворовые территории (тип участка не определён)»; в приоритете базовый ассортимент ППМ 515-ПП; без инвазивных видов ППМ 369-ПП";здание;5.0;1.5;"СП 42.13330.2016, п. 9.6, табл. 9.1; ППМ 743-ПП, табл. 3.6.1"
bush_building_border_005_007;посажено;bush;Жимолость золотистая;NEW_BUSH;-113.726;-8.156;198.493;135.13;Кольцо кустарника вокруг здания;25_classical_building_ring_primer;"Кольцо кустарника вокруг здания — по аналогии с проектом «25_classical_building_ring_primer»; ближайшее ограничение — здание: 5.0 м при норме 1.5 м (СП 42.13330.2016, п. 9.6, табл. 9.1; ППМ 743-ПП, табл. 3.6.1)";"ассортимент для озеленения Москвы, категория «дворовые территории (тип участка не определён)»; в приоритете базовый ассортимент ППМ 515-ПП; без инвазивных видов ППМ 369-ПП";здание;5.0;1.5;"СП 42.13330.2016, п. 9.6, табл. 9.1; ППМ 743-ПП, табл. 3.6.1"
bush_building_border_005_008;посажено;bush;Бересклет европейский;NEW_BUSH;-113.451;-6.783;198.768;136.503;Кольцо кустарника вокруг здания;25_classical_building_ring_primer;"Кольцо кустарника вокруг здания — по аналогии с проектом «25_classical_building_ring_primer»; ближайшее ограничение — здание: 5.0 м при норме 1.5 м (СП 42.13330.2016, п. 9.6, табл. 9.1; ППМ 743-ПП, табл. 3.6.1)";"ассортимент для озеленения Москвы, категория «дворовые территории (тип участка не определён)»; в приоритете базовый ассортимент ППМ 515-ПП; без инвазивных видов ППМ 369-ПП";здание;5.0;1.5;"СП 42.13330.2016, п. 9.6, табл. 9.1; ППМ 743-ПП, табл. 3.6.1"
bush_building_border_005_009;посажено;bush;Жимолость золотистая;NEW_BUSH;-113.176;-5.41;199.043;137.876;Кольцо кустарника вокруг здания;25_classical_building_ring_primer;"Кольцо кустарника вокруг здания — по аналогии с проектом «25_classical_building_ring_primer»; ближайшее ограничение — здание: 5.0 м при норме 1.5 м (СП 42.13330.2016, п. 9.6, табл. 9.1; ППМ 743-ПП, табл. 3.6.1)";"ассортимент для озеленения Москвы, категория «дворовые территории (тип участка не определён)»; в приоритете базовый ассортимент ППМ 515-ПП; без инвазивных видов ППМ 369-ПП";здание;5.0;1.5;"СП 42.13330.2016, п. 9.6, табл. 9.1; ППМ 743-ПП, табл. 3.6.1"
bush_building_border_005_010;посажено;bush;Бересклет европейский;NEW_BUSH;-111.605;2.431;200.614;145.717;Кольцо кустарника вокруг здания;25_classical_building_ring_primer;"Кольцо кустарника вокруг здания — по аналогии с проектом «25_classical_building_ring_primer»; ближайшее ограничение — здание: 5.0 м при норме 1.5 м (СП 42.13330.2016, п. 9.6, табл. 9.1; ППМ 743-ПП, табл. 3.6.1)";"ассортимент для озеленения Москвы, категория «дворовые территории (тип участка не определён)»; в приоритете базовый ассортимент ППМ 515-ПП; без инвазивных видов ППМ 369-ПП";здание;5.0;1.5;"СП 42.13330.2016, п. 9.6, табл. 9.1; ППМ 743-ПП, табл. 3.6.1"
bush_building_border_005_011;посажено;bush;Жимолость золотистая;NEW_BUSH;-111.33;3.804;200.888;147.09;Кольцо кустарника вокруг здания;25_classical_building_ring_primer;"Кольцо кустарника вокруг здания — по аналогии с проектом «25_classical_building_ring_primer»; ближайшее ограничение — здание: 5.0 м при норме 1.5 м (СП 42.13330.2016, п. 9.6, табл. 9.1; ППМ 743-ПП, табл. 3.6.1)";"ассортимент для озеленения Москвы, категория «дворовые территории (тип участка не определён)»; в приоритете базовый ассортимент ППМ 515-ПП; без инвазивных видов ППМ 369-ПП";здание;5.0;1.5;"СП 42.13330.2016, п. 9.6, табл. 9.1; ППМ 743-ПП, табл. 3.6.1"
bush_building_border_005_012;посажено;bush;Бересклет европейский;NEW_BUSH;-111.055;5.177;201.163;148.463;Кольцо кустарника вокруг здания;25_classical_building_ring_primer;"Кольцо кустарника вокруг здания — по аналогии с проектом «25_classical_building_ring_primer»; ближайшее ограничение — здание: 5.0 м при норме 1.5 м (СП 42.13330.2016, п. 9.6, табл. 9.1; ППМ 743-ПП, табл. 3.6.1)";"ассортимент для озеленения Москвы, категория «дворовые территории (тип участка не определён)»; в приоритете базовый ассортимент ППМ 515-ПП; без инвазивных видов ППМ 369-ПП";здание;5.0;1.5;"СП 42.13330.2016, п. 9.6, табл. 9.1; ППМ 743-ПП, табл. 3.6.1"
bush_building_border_005_013;посажено;bush;Жимолость золотистая;NEW_BUSH;-110.78;6.549;201.438;149.835;Кольцо кустарника вокруг здания;25_classical_building_ring_primer;"Кольцо кустарника вокруг здания — по аналогии с проектом «25_classical_building_ring_primer»; ближайшее ограничение — здание: 5.0 м при норме 1.5 м (СП 42.13330.2016, п. 9.6, табл. 9.1; ППМ 743-ПП, табл. 3.6.1)";"ассортимент для озеленения Москвы, категория «дворовые территории (тип участка не определён)»; в приоритете базовый ассортимент ППМ 515-ПП; без инвазивных видов ППМ 369-ПП";здание;5.0;1.5;"СП 42.13330.2016, п. 9.6, табл. 9.1; ППМ 743-ПП, табл. 3.6.1"
bush_building_border_005_014;посажено;bush;Бересклет европейский;NEW_BUSH;-110.505;7.922;201.713;151.208;Кольцо кустарника вокруг здания;25_classical_building_ring_primer;"Кольцо кустарника вокруг здания — по аналогии с проектом «25_classical_building_ring_primer»; ближайшее ограничение — здание: 5.0 м при норме 1.5 м (СП 42.13330.2016, п. 9.6, табл. 9.1; ППМ 743-ПП, табл. 3.6.1)";"ассортимент для озеленения Москвы, категория «дворовые территории (тип участка не определён)»; в приоритете базовый ассортимент ППМ 515-ПП; без инвазивных видов ППМ 369-ПП";здание;5.0;1.5;"СП 42.13330.2016, п. 9.6, табл. 9.1; ППМ 743-ПП, табл. 3.6.1"
bush_building_border_005_015;посажено;bush;Жимолость золотистая;NEW_BUSH;-110.23;9.295;201.988;152.581;Кольцо кустарника вокруг здания;25_classical_building_ring_primer;"Кольцо кустарника вокруг здания — по аналогии с проектом «25_classical_building_ring_primer»; ближайшее ограничение — здание: 5.0 м при норме 1.5 м (СП 42.13330.2016, п. 9.6, табл. 9.1; ППМ 743-ПП, табл. 3.6.1)";"ассортимент для озеленения Москвы, категория «дворовые территории (тип участка не определён)»; в приоритете базовый ассортимент ППМ 515-ПП; без инвазивных видов ППМ 369-ПП";здание;5.0;1.5;"СП 42.13330.2016, п. 9.6, табл. 9.1; ППМ 743-ПП, табл. 3.6.1"
bush_building_border_005_016;посажено;bush;Бересклет европейский;NEW_BUSH;-109.955;10.668;202.263;153.953;Кольцо кустарника вокруг здания;25_classical_building_ring_primer;"Кольцо кустарника вокруг здания — по аналогии с проектом «25_classical_building_ring_primer»; ближайшее ограничение — здание: 5.0 м при норме 1.5 м (СП 42.13330.2016, п. 9.6, табл. 9.1; ППМ 743-ПП, табл. 3.6.1)";"ассортимент для озеленения Москвы, категория «дворовые территории (тип участка не определён)»; в приоритете базовый ассортимент ППМ 515-ПП; без инвазивных видов ППМ 369-ПП";здание;5.0;1.5;"СП 42.13330.2016, п. 9.6, табл. 9.1; ППМ 743-ПП, табл. 3.6.1"
bush_building_border_005_017;посажено;bush;Жимолость золотистая;NEW_BUSH;-109.68;12.04;202.538;155.326;Кольцо кустарника вокруг здания;25_classical_building_ring_primer;"Кольцо кустарника вокруг здания — по аналогии с проектом «25_classical_building_ring_primer»; ближайшее ограничение — здание: 5.0 м при норме 1.5 м (СП 42.13330.2016, п. 9.6, табл. 9.1; ППМ 743-ПП, табл. 3.6.1)";"ассортимент для озеленения Москвы, категория «дворовые территории (тип участка не определён)»; в приоритете базовый ассортимент ППМ 515-ПП; без инвазивных видов ППМ 369-ПП";здание;5.0;1.5;"СП 42.13330.2016, п. 9.6, табл. 9.1; ППМ 743-ПП, табл. 3.6.1"
bush_building_border_005_018;посажено;bush;Бересклет европейский;NEW_BUSH;-109.405;13.413;202.813;156.699;Кольцо кустарника вокруг здания;25_classical_building_ring_primer;"Кольцо кустарника вокруг здания — по аналогии с проектом «25_classical_building_ring_primer»; ближайшее ограничение — здание: 5.0 м при норме 1.5 м (СП 42.13330.2016, п. 9.6, табл. 9.1; ППМ 743-ПП, табл. 3.6.1)";"ассортимент для озеленения Москвы, категория «дворовые территории (тип участка не определён)»; в приоритете базовый ассортимент ППМ 515-ПП; без инвазивных видов ППМ 369-ПП";здание;5.0;1.5;"СП 42.13330.2016, п. 9.6, табл. 9.1; ППМ 743-ПП, табл. 3.6.1"
bush_building_border_005_019;посажено;bush;Жимолость золотистая;NEW_BUSH;-109.13;14.786;203.088;158.072;Кольцо кустарника вокруг здания;25_classical_building_ring_primer;"Кольцо кустарника вокруг здания — по аналогии с проектом «25_classical_building_ring_primer»; ближайшее ограничение — здание: 5.0 м при норме 1.5 м (СП 42.13330.2016, п. 9.6, табл. 9.1; ППМ 743-ПП, табл. 3.6.1)";"ассортимент для озеленения Москвы, категория «дворовые территории (тип участка не определён)»; в приоритете базовый ассортимент ППМ 515-ПП; без инвазивных видов ППМ 369-ПП";здание;5.0;1.5;"СП 42.13330.2016, п. 9.6, табл. 9.1; ППМ 743-ПП, табл. 3.6.1"
bush_building_border_005_020;посажено;bush;Бересклет европейский;NEW_BUSH;-108.855;16.158;203.363;159.444;Кольцо кустарника вокруг здания;25_classical_building_ring_primer;"Кольцо кустарника вокруг здания — по аналогии с проектом «25_classical_building_ring_primer»; ближайшее ограничение — здание: 5.0 м при норме 1.5 м (СП 42.13330.2016, п. 9.6, табл. 9.1; ППМ 743-ПП, табл. 3.6.1)";"ассортимент для озеленения Москвы, категория «дворовые территории (тип участка не определён)»; в приоритете базовый ассортимент ППМ 515-ПП; без инвазивных видов ППМ 369-ПП";здание;5.0;1.5;"СП 42.13330.2016, п. 9.6, табл. 9.1; ППМ 743-ПП, табл. 3.6.1"
bush_building_border_005_021;посажено;bush;Жимолость золотистая;NEW_BUSH;-108.58;17.531;203.638;160.817;Кольцо кустарника вокруг здания;25_classical_building_ring_primer;"Кольцо кустарника вокруг здания — по аналогии с проектом «25_classical_building_ring_primer»; ближайшее ограничение — здание: 5.0 м при норме 1.5 м (СП 42.13330.2016, п. 9.6, табл. 9.1; ППМ 743-ПП, табл. 3.6.1)";"ассортимент для озеленения Москвы, категория «дворовые территории (тип участка не определён)»; в приоритете базовый ассортимент ППМ 515-ПП; без инвазивных видов ППМ 369-ПП";здание;5.0;1.5;"СП 42.13330.2016, п. 9.6, табл. 9.1; ППМ 743-ПП, табл. 3.6.1"
bush_building_border_005_022;посажено;bush;Бересклет европейский;NEW_BUSH;-108.305;18.904;203.913;162.19;Кольцо кустарника вокруг здания;25_classical_building_ring_primer;"Кольцо кустарника вокруг здания — по аналогии с проектом «25_classical_building_ring_primer»; ближайшее ограничение — здание: 5.0 м при норме 1.5 м (СП 42.13330.2016, п. 9.6, табл. 9.1; ППМ 743-ПП, табл. 3.6.1)";"ассортимент для озеленения Москвы, категория «дворовые территории (тип участка не определён)»; в приоритете базовый ассортимент ППМ 515-ПП; без инвазивных видов ППМ 369-ПП";здание;5.0;1.5;"СП 42.13330.2016, п. 9.6, табл. 9.1; ППМ 743-ПП, табл. 3.6.1"
bush_building_border_005_023;посажено;bush;Жимолость золотистая;NEW_BUSH;-108.03;20.277;204.188;163.563;Кольцо кустарника вокруг здания;25_classical_building_ring_primer;"Кольцо кустарника вокруг здания — по аналогии с проектом «25_classical_building_ring_primer»; ближайшее ограничение — здание: 5.0 м при норме 1.5 м (СП 42.13330.2016, п. 9.6, табл. 9.1; ППМ 743-ПП, табл. 3.6.1)";"ассортимент для озеленения Москвы, категория «дворовые территории (тип участка не определён)»; в приоритете базовый ассортимент ППМ 515-ПП; без инвазивных видов ППМ 369-ПП";здание;5.0;1.5;"СП 42.13330.2016, п. 9.6, табл. 9.1; ППМ 743-ПП, табл. 3.6.1"
bush_building_border_005_024;посажено;bush;Бересклет европейский;NEW_BUSH;-107.755;21.649;204.463;164.935;Кольцо кустарника вокруг здания;25_classical_building_ring_primer;"Кольцо кустарника вокруг здания — по аналогии с проектом «25_classical_building_ring_primer»; ближайшее ограничение — здание: 5.0 м при норме 1.5 м (СП 42.13330.2016, п. 9.6, табл. 9.1; ППМ 743-ПП, табл. 3.6.1)";"ассортимент для озеленения Москвы, категория «дворовые территории (тип участка не определён)»; в приоритете базовый ассортимент ППМ 515-ПП; без инвазивных видов ППМ 369-ПП";здание;5.0;1.5;"СП 42.13330.2016, п. 9.6, табл. 9.1; ППМ 743-ПП, табл. 3.6.1"
bush_building_border_005_025;посажено;bush;Жимолость золотистая;NEW_BUSH;-107.206;24.395;205.013;167.681;Кольцо кустарника вокруг здания;25_classical_building_ring_primer;"Кольцо кустарника вокруг здания — по аналогии с проектом «25_classical_building_ring_primer»; ближайшее ограничение — здание: 5.0 м при норме 1.5 м (СП 42.13330.2016, п. 9.6, табл. 9.1; ППМ 743-ПП, табл. 3.6.1)";"ассортимент для озеленения Москвы, категория «дворовые территории (тип участка не определён)»; в приоритете базовый ассортимент ППМ 515-ПП; без инвазивных видов ППМ 369-ПП";здание;5.0;1.5;"СП 42.13330.2016, п. 9.6, табл. 9.1; ППМ 743-ПП, табл. 3.6.1"
bush_building_border_005_026;посажено;bush;Бересклет европейский;NEW_BUSH;-106.931;25.768;205.288;169.053;Кольцо кустарника вокруг здания;25_classical_building_ring_primer;"Кольцо кустарника вокруг здания — по аналогии с проектом «25_classical_building_ring_primer»; ближайшее ограничение — здание: 5.0 м при норме 1.5 м (СП 42.13330.2016, п. 9.6, табл. 9.1; ППМ 743-ПП, табл. 3.6.1)";"ассортимент для озеленения Москвы, категория «дворовые территории (тип участка не определён)»; в приоритете базовый ассортимент ППМ 515-ПП; без инвазивных видов ППМ 369-ПП";здание;5.0;1.5;"СП 42.13330.2016, п. 9.6, табл. 9.1; ППМ 743-ПП, табл. 3.6.1"
bush_building_border_005_027;посажено;bush;Жимолость золотистая;NEW_BUSH;-106.656;27.14;205.563;170.426;Кольцо кустарника вокруг здания;25_classical_building_ring_primer;"Кольцо кустарника вокруг здания — по аналогии с проектом «25_classical_building_ring_primer»; ближайшее ограничение — здание: 5.0 м при норме 1.5 м (СП 42.13330.2016, п. 9.6, табл. 9.1; ППМ 743-ПП, табл. 3.6.1)";"ассортимент для озеленения Москвы, категория «дворовые территории (тип участка не определён)»; в приоритете базовый ассортимент ППМ 515-ПП; без инвазивных видов ППМ 369-ПП";здание;5.0;1.5;"СП 42.13330.2016, п. 9.6, табл. 9.1; ППМ 743-ПП, табл. 3.6.1"
bush_building_border_005_028;посажено;bush;Бересклет европейский;NEW_BUSH;-106.381;28.513;205.838;171.799;Кольцо кустарника вокруг здания;25_classical_building_ring_primer;"Кольцо кустарника вокруг здания — по аналогии с проектом «25_classical_building_ring_primer»; ближайшее ограничение — здание: 5.0 м при норме 1.5 м (СП 42.13330.2016, п. 9.6, табл. 9.1; ППМ 743-ПП, табл. 3.6.1)";"ассортимент для озеленения Москвы, категория «дворовые территории (тип участка не определён)»; в приоритете базовый ассортимент ППМ 515-ПП; без инвазивных видов ППМ 369-ПП";здание;5.0;1.5;"СП 42.13330.2016, п. 9.6, табл. 9.1; ППМ 743-ПП, табл. 3.6.1"
bush_building_border_005_029;посажено;bush;Жимолость золотистая;NEW_BUSH;-106.106;29.886;206.113;173.172;Кольцо кустарника вокруг здания;25_classical_building_ring_primer;"Кольцо кустарника вокруг здания — по аналогии с проектом «25_classical_building_ring_primer»; ближайшее ограничение — здание: 5.0 м при норме 1.5 м (СП 42.13330.2016, п. 9.6, табл. 9.1; ППМ 743-ПП, табл. 3.6.1)";"ассортимент для озеленения Москвы, категория «дворовые территории (тип участка не определён)»; в приоритете базовый ассортимент ППМ 515-ПП; без инвазивных видов ППМ 369-ПП";здание;5.0;1.5;"СП 42.13330.2016, п. 9.6, табл. 9.1; ППМ 743-ПП, табл. 3.6.1"
bush_building_border_005_030;посажено;bush;Бересклет европейский;NEW_BUSH;-105.831;31.259;206.388;174.544;Кольцо кустарника вокруг здания;25_classical_building_ring_primer;"Кольцо кустарника вокруг здания — по аналогии с проектом «25_classical_building_ring_primer»; ближайшее ограничение — здание: 5.0 м при норме 1.5 м (СП 42.13330.2016, п. 9.6, табл. 9.1; ППМ 743-ПП, табл. 3.6.1)";"ассортимент для озеленения Москвы, категория «дворовые территории (тип участка не определён)»; в приоритете базовый ассортимент ППМ 515-ПП; без инвазивных видов ППМ 369-ПП";здание;5.0;1.5;"СП 42.13330.2016, п. 9.6, табл. 9.1; ППМ 743-ПП, табл. 3.6.1"
bush_building_border_005_031;посажено;bush;Жимолость золотистая;NEW_BUSH;-105.556;32.631;206.663;175.917;Кольцо кустарника вокруг здания;25_classical_building_ring_primer;"Кольцо кустарника вокруг здания — по аналогии с проектом «25_classical_building_ring_primer»; ближайшее ограничение — здание: 5.0 м при норме 1.5 м (СП 42.13330.2016, п. 9.6, табл. 9.1; ППМ 743-ПП, табл. 3.6.1)";"ассортимент для озеленения Москвы, категория «дворовые территории (тип участка не определён)»; в приоритете базовый ассортимент ППМ 515-ПП; без инвазивных видов ППМ 369-ПП";здание;5.0;1.5;"СП 42.13330.2016, п. 9.6, табл. 9.1; ППМ 743-ПП, табл. 3.6.1"
bush_building_border_005_032;посажено;bush;Бересклет европейский;NEW_BUSH;-105.281;34.004;206.938;177.29;Кольцо кустарника вокруг здания;25_classical_building_ring_primer;"Кольцо кустарника вокруг здания — по аналогии с проектом «25_classical_building_ring_primer»; ближайшее ограничение — здание: 5.0 м при норме 1.5 м (СП 42.13330.2016, п. 9.6, табл. 9.1; ППМ 743-ПП, табл. 3.6.1)";"ассортимент для озеленения Москвы, категория «дворовые территории (тип участка не определён)»; в приоритете базовый ассортимент ППМ 515-ПП; без инвазивных видов ППМ 369-ПП";здание;5.0;1.5;"СП 42.13330.2016, п. 9.6, табл. 9.1; ППМ 743-ПП, табл. 3.6.1"
bush_building_border_005_033;посажено;bush;Жимолость золотистая;NEW_BUSH;-105.006;35.377;207.213;178.663;Кольцо кустарника вокруг здания;25_classical_building_ring_primer;"Кольцо кустарника вокруг здания — по аналогии с проектом «25_classical_building_ring_primer»; ближайшее ограничение — здание: 5.0 м при норме 1.5 м (СП 42.13330.2016, п. 9.6, табл. 9.1; ППМ 743-ПП, табл. 3.6.1)";"ассортимент для озеленения Москвы, категория «дворовые территории (тип участка не определён)»; в приоритете базовый ассортимент ППМ 515-ПП; без инвазивных видов ППМ 369-ПП";здание;5.0;1.5;"СП 42.13330.2016, п. 9.6, табл. 9.1; ППМ 743-ПП, табл. 3.6.1"
bush_building_border_005_034;посажено;bush;Бересклет европейский;NEW_BUSH;-104.731;36.749;207.488;180.035;Кольцо кустарника вокруг здания;25_classical_building_ring_primer;"Кольцо кустарника вокруг здания — по аналогии с проектом «25_classical_building_ring_primer»; ближайшее ограничение — здание: 5.0 м при норме 1.5 м (СП 42.13330.2016, п. 9.6, табл. 9.1; ППМ 743-ПП, табл. 3.6.1)";"ассортимент для озеленения Москвы, категория «дворовые территории (тип участка не определён)»; в приоритете базовый ассортимент ППМ 515-ПП; без инвазивных видов ППМ 369-ПП";здание;5.0;1.5;"СП 42.13330.2016, п. 9.6, табл. 9.1; ППМ 743-ПП, табл. 3.6.1"
bush_building_border_005_035;посажено;bush;Жимолость золотистая;NEW_BUSH;-104.456;38.122;207.763;181.408;Кольцо кустарника вокруг здания;25_classical_building_ring_primer;"Кольцо кустарника вокруг здания — по аналогии с проектом «25_classical_building_ring_primer»; ближайшее ограничение — здание: 5.0 м при норме 1.5 м (СП 42.13330.2016, п. 9.6, табл. 9.1; ППМ 743-ПП, табл. 3.6.1)";"ассортимент для озеленения Москвы, категория «дворовые территории (тип участка не определён)»; в приоритете базовый ассортимент ППМ 515-ПП; без инвазивных видов ППМ 369-ПП";здание;5.0;1.5;"СП 42.13330.2016, п. 9.6, табл. 9.1; ППМ 743-ПП, табл. 3.6.1"
bush_building_border_005_036;посажено;bush;Бересклет европейский;NEW_BUSH;-104.181;39.495;208.038;182.781;Кольцо кустарника вокруг здания;25_classical_building_ring_primer;"Кольцо кустарника вокруг здания — по аналогии с проектом «25_classical_building_ring_primer»; ближайшее ограничение — здание: 5.0 м при норме 1.5 м (СП 42.13330.2016, п. 9.6, табл. 9.1; ППМ 743-ПП, табл. 3.6.1)";"ассортимент для озеленения Москвы, категория «дворовые территории (тип участка не определён)»; в приоритете базовый ассортимент ППМ 515-ПП; без инвазивных видов ППМ 369-ПП";здание;5.0;1.5;"СП 42.13330.2016, п. 9.6, табл. 9.1; ППМ 743-ПП, табл. 3.6.1"
bush_building_border_005_037;посажено;bush;Жимолость золотистая;NEW_BUSH;-103.906;40.868;208.312;184.154;Кольцо кустарника вокруг здания;25_classical_building_ring_primer;"Кольцо кустарника вокруг здания — по аналогии с проектом «25_classical_building_ring_primer»; ближайшее ограничение — здание: 5.0 м при норме 1.5 м (СП 42.13330.2016, п. 9.6, табл. 9.1; ППМ 743-ПП, табл. 3.6.1)";"ассортимент для озеленения Москвы, категория «дворовые территории (тип участка не определён)»; в приоритете базовый ассортимент ППМ 515-ПП; без инвазивных видов ППМ 369-ПП";здание;5.0;1.5;"СП 42.13330.2016, п. 9.6, табл. 9.1; ППМ 743-ПП, табл. 3.6.1"
bush_building_border_005_038;посажено;bush;Бересклет европейский;NEW_BUSH;-103.631;42.24;208.587;185.526;Кольцо кустарника вокруг здания;25_classical_building_ring_primer;"Кольцо кустарника вокруг здания — по аналогии с проектом «25_classical_building_ring_primer»; ближайшее ограничение — здание: 5.0 м при норме 1.5 м (СП 42.13330.2016, п. 9.6, табл. 9.1; ППМ 743-ПП, табл. 3.6.1)";"ассортимент для озеленения Москвы, категория «дворовые территории (тип участка не определён)»; в приоритете базовый ассортимент ППМ 515-ПП; без инвазивных видов ППМ 369-ПП";здание;5.0;1.5;"СП 42.13330.2016, п. 9.6, табл. 9.1; ППМ 743-ПП, табл. 3.6.1"
bush_building_border_005_039;посажено;bush;Жимолость золотистая;NEW_BUSH;-103.356;43.613;208.862;186.899;Кольцо кустарника вокруг здания;25_classical_building_ring_primer;"Кольцо кустарника вокруг здания — по аналогии с проектом «25_classical_building_ring_primer»; ближайшее ограничение — здание: 5.0 м при норме 1.5 м (СП 42.13330.2016, п. 9.6, табл. 9.1; ППМ 743-ПП, табл. 3.6.1)";"ассортимент для озеленения Москвы, категория «дворовые территории (тип участка не определён)»; в приоритете базовый ассортимент ППМ 515-ПП; без инвазивных видов ППМ 369-ПП";здание;5.0;1.5;"СП 42.13330.2016, п. 9.6, табл. 9.1; ППМ 743-ПП, табл. 3.6.1"
bush_building_border_005_040;посажено;bush;Бересклет европейский;NEW_BUSH;-103.081;44.986;209.137;188.272;Кольцо кустарника вокруг здания;25_classical_building_ring_primer;"Кольцо кустарника вокруг здания — по аналогии с проектом «25_classical_building_ring_primer»; ближайшее ограничение — здание: 5.0 м при норме 1.5 м (СП 42.13330.2016, п. 9.6, табл. 9.1; ППМ 743-ПП, табл. 3.6.1)";"ассортимент для озеленения Москвы, категория «дворовые территории (тип участка не определён)»; в приоритете базовый ассортимент ППМ 515-ПП; без инвазивных видов ППМ 369-ПП";здание;5.0;1.5;"СП 42.13330.2016, п. 9.6, табл. 9.1; ППМ 743-ПП, табл. 3.6.1"
bush_building_border_005_041;посажено;bush;Жимолость золотистая;NEW_BUSH;-100.238;43.904;211.98;187.19;Кольцо кустарника вокруг здания;25_classical_building_ring_primer;"Кольцо кустарника вокруг здания — по аналогии с проектом «25_classical_building_ring_primer»; ближайшее ограничение — проезжая часть: 5.2 м при норме 1.0 м (СП 42.13330.2016, п. 9.6, табл. 9.1; ППМ 743-ПП, табл. 3.6.1)";"ассортимент для озеленения Москвы, категория «дворовые территории (тип участка не определён)»; в приоритете базовый ассортимент ППМ 515-ПП; без инвазивных видов ППМ 369-ПП";проезжая часть;5.21;1.0;"СП 42.13330.2016, п. 9.6, табл. 9.1; ППМ 743-ПП, табл. 3.6.1"
bush_building_border_005_042;посажено;bush;Бересклет европейский;NEW_BUSH;-100.513;42.532;211.705;185.818;Кольцо кустарника вокруг здания;25_classical_building_ring_primer;"Кольцо кустарника вокруг здания — по аналогии с проектом «25_classical_building_ring_primer»; ближайшее ограничение — проезжая часть: 5.2 м при норме 1.0 м (СП 42.13330.2016, п. 9.6, табл. 9.1; ППМ 743-ПП, табл. 3.6.1)";"ассортимент для озеленения Москвы, категория «дворовые территории (тип участка не определён)»; в приоритете базовый ассортимент ППМ 515-ПП; без инвазивных видов ППМ 369-ПП";проезжая часть;5.18;1.0;"СП 42.13330.2016, п. 9.6, табл. 9.1; ППМ 743-ПП, табл. 3.6.1"
bush_building_border_005_043;посажено;bush;Жимолость золотистая;NEW_BUSH;-100.788;41.159;211.43;184.445;Кольцо кустарника вокруг здания;25_classical_building_ring_primer;"Кольцо кустарника вокруг здания — по аналогии с проектом «25_classical_building_ring_primer»; ближайшее ограничение — проезжая часть: 5.2 м при норме 1.0 м (СП 42.13330.2016, п. 9.6, табл. 9.1; ППМ 743-ПП, табл. 3.6.1)";"ассортимент для озеленения Москвы, категория «дворовые территории (тип участка не определён)»; в приоритете базовый ассортимент ППМ 515-ПП; без инвазивных видов ППМ 369-ПП";проезжая часть;5.15;1.0;"СП 42.13330.2016, п. 9.6, табл. 9.1; ППМ 743-ПП, табл. 3.6.1"
bush_building_border_005_044;посажено;bush;Бересклет европейский;NEW_BUSH;-101.063;39.786;211.155;183.072;Кольцо кустарника вокруг здания;25_classical_building_ring_primer;"Кольцо кустарника вокруг здания — по аналогии с проектом «25_classical_building_ring_primer»; ближайшее ограничение — проезжая часть: 5.1 м при норме 1.0 м (СП 42.13330.2016, п. 9.6, табл. 9.1; ППМ 743-ПП, табл. 3.6.1)";"ассортимент для озеленения Москвы, категория «дворовые территории (тип участка не определён)»; в приоритете базовый ассортимент ППМ 515-ПП; без инвазивных видов ППМ 369-ПП";проезжая часть;5.11;1.0;"СП 42.13330.2016, п. 9.6, табл. 9.1; ППМ 743-ПП, табл. 3.6.1"
bush_building_border_005_045;посажено;bush;Жимолость золотистая;NEW_BUSH;-101.338;38.414;210.88;181.699;Кольцо кустарника вокруг здания;25_classical_building_ring_primer;"Кольцо кустарника вокруг здания — по аналогии с проектом «25_classical_building_ring_primer»; ближайшее ограничение — проезжая часть: 5.1 м при норме 1.0 м (СП 42.13330.2016, п. 9.6, табл. 9.1; ППМ 743-ПП, табл. 3.6.1)";"ассортимент для озеленения Москвы, категория «дворовые территории (тип участка не определён)»; в приоритете базовый ассортимент ППМ 515-ПП; без инвазивных видов ППМ 369-ПП";проезжая часть;5.08;1.0;"СП 42.13330.2016, п. 9.6, табл. 9.1; ППМ 743-ПП, табл. 3.6.1"
bush_building_border_005_046;посажено;bush;Бересклет европейский;NEW_BUSH;-102.163;34.295;210.056;177.581;Кольцо кустарника вокруг здания;25_classical_building_ring_primer;"Кольцо кустарника вокруг здания — по аналогии с проектом «25_classical_building_ring_primer»; ближайшее ограничение — проезжая часть: 5.0 м при норме 1.0 м (СП 42.13330.2016, п. 9.6, табл. 9.1; ППМ 743-ПП, табл. 3.6.1)";"ассортимент для озеленения Москвы, категория «дворовые территории (тип участка не определён)»; в приоритете базовый ассортимент ППМ 515-ПП; без инвазивных видов ППМ 369-ПП";проезжая часть;4.98;1.0;"СП 42.13330.2016, п. 9.6, табл. 9.1; ППМ 743-ПП, табл. 3.6.1"
bush_building_border_005_047;посажено;bush;Жимолость золотистая;NEW_BUSH;-102.438;32.923;209.781;176.209;Кольцо кустарника вокруг здания;25_classical_building_ring_primer;"Кольцо кустарника вокруг здания — по аналогии с проектом «25_classical_building_ring_primer»; ближайшее ограничение — проезжая часть: 5.0 м при норме 1.0 м (СП 42.13330.2016, п. 9.6, табл. 9.1; ППМ 743-ПП, табл. 3.6.1)";"ассортимент для озеленения Москвы, категория «дворовые территории (тип участка не определён)»; в приоритете базовый ассортимент ППМ 515-ПП; без инвазивных видов ППМ 369-ПП";проезжая часть;4.95;1.0;"СП 42.13330.2016, п. 9.6, табл. 9.1; ППМ 743-ПП, табл. 3.6.1"
bush_building_border_005_048;посажено;bush;Бересклет европейский;NEW_BUSH;-102.713;31.55;209.506;174.836;Кольцо кустарника вокруг здания;25_classical_building_ring_primer;"Кольцо кустарника вокруг здания — по аналогии с проектом «25_classical_building_ring_primer»; ближайшее ограничение — проезжая часть: 4.9 м при норме 1.0 м (СП 42.13330.2016, п. 9.6, табл. 9.1; ППМ 743-ПП, табл. 3.6.1)";"ассортимент для озеленения Москвы, категория «дворовые территории (тип участка не определён)»; в приоритете базовый ассортимент ППМ 515-ПП; без инвазивных видов ППМ 369-ПП";проезжая часть;4.92;1.0;"СП 42.13330.2016, п. 9.6, табл. 9.1; ППМ 743-ПП, табл. 3.6.1"
bush_building_border_005_049;посажено;bush;Жимолость золотистая;NEW_BUSH;-102.988;30.177;209.231;173.463;Кольцо кустарника вокруг здания;25_classical_building_ring_primer;"Кольцо кустарника вокруг здания — по аналогии с проектом «25_classical_building_ring_primer»; ближайшее ограничение — проезжая часть: 4.9 м при норме 1.0 м (СП 42.13330.2016, п. 9.6, табл. 9.1; ППМ 743-ПП, табл. 3.6.1)";"ассортимент для озеленения Москвы, категория «дворовые территории (тип участка не определён)»; в приоритете базовый ассортимент ППМ 515-ПП; без инвазивных видов ППМ 369-ПП";проезжая часть;4.88;1.0;"СП 42.13330.2016, п. 9.6, табл. 9.1; ППМ 743-ПП, табл. 3.6.1"
bush_building_border_005_050;посажено;bush;Бересклет европейский;NEW_BUSH;-103.263;28.804;208.956;172.09;Кольцо кустарника вокруг здания;25_classical_building_ring_primer;"Кольцо кустарника вокруг здания — по аналогии с проектом «25_classical_building_ring_primer»; ближайшее ограничение — проезжая часть: 4.8 м при норме 1.0 м (СП 42.13330.2016, п. 9.6, табл. 9.1; ППМ 743-ПП, табл. 3.6.1)";"ассортимент для озеленения Москвы, категория «дворовые территории (тип участка не определён)»; в приоритете базовый ассортимент ППМ 515-ПП; без инвазивных видов ППМ 369-ПП";проезжая часть;4.85;1.0;"СП 42.13330.2016, п. 9.6, табл. 9.1; ППМ 743-ПП, табл. 3.6.1"
bush_building_border_005_051;посажено;bush;Жимолость золотистая;NEW_BUSH;-103.538;27.432;208.681;170.718;Кольцо кустарника вокруг здания;25_classical_building_ring_primer;"Кольцо кустарника вокруг здания — по аналогии с проектом «25_classical_building_ring_primer»; ближайшее ограничение — проезжая часть: 4.8 м при норме 1.0 м (СП 42.13330.2016, п. 9.6, табл. 9.1; ППМ 743-ПП, табл. 3.6.1)";"ассортимент для озеленения Москвы, категория «дворовые территории (тип участка не определён)»; в приоритете базовый ассортимент ППМ 515-ПП; без инвазивных видов ППМ 369-ПП";проезжая часть;4.82;1.0;"СП 42.13330.2016, п. 9.6, табл. 9.1; ППМ 743-ПП, табл. 3.6.1"
bush_building_border_005_052;посажено;bush;Бересклет европейский;NEW_BUSH;-104.088;24.686;208.131;167.972;Кольцо кустарника вокруг здания;25_classical_building_ring_primer;"Кольцо кустарника вокруг здания — по аналогии с проектом «25_classical_building_ring_primer»; ближайшее ограничение — проезжая часть: 4.8 м при норме 1.0 м (СП 42.13330.2016, п. 9.6, табл. 9.1; ППМ 743-ПП, табл. 3.6.1)";"ассортимент для озеленения Москвы, категория «дворовые территории (тип участка не определён)»; в приоритете базовый ассортимент ППМ 515-ПП; без инвазивных видов ППМ 369-ПП";проезжая часть;4.75;1.0;"СП 42.13330.2016, п. 9.6, табл. 9.1; ППМ 743-ПП, табл. 3.6.1"
bush_building_border_005_053;посажено;bush;Жимолость золотистая;NEW_BUSH;-105.462;17.823;206.756;161.108;Кольцо кустарника вокруг здания;25_classical_building_ring_primer;"Кольцо кустарника вокруг здания — по аналогии с проектом «25_classical_building_ring_primer»; ближайшее ограничение — проезжая часть: 4.6 м при норме 1.0 м (СП 42.13330.2016, п. 9.6, табл. 9.1; ППМ 743-ПП, табл. 3.6.1)";"ассортимент для озеленения Москвы, категория «дворовые территории (тип участка не определён)»; в приоритете базовый ассортимент ППМ 515-ПП; без инвазивных видов ППМ 369-ПП";проезжая часть;4.59;1.0;"СП 42.13330.2016, п. 9.6, табл. 9.1; ППМ 743-ПП, табл. 3.6.1"
bush_building_border_005_054;посажено;bush;Бересклет европейский;NEW_BUSH;-105.737;16.45;206.481;159.736;Кольцо кустарника вокруг здания;25_classical_building_ring_primer;"Кольцо кустарника вокруг здания — по аналогии с проектом «25_classical_building_ring_primer»; ближайшее ограничение — проезжая часть: 4.5 м при норме 1.0 м (СП 42.13330.2016, п. 9.6, табл. 9.1; ППМ 743-ПП, табл. 3.6.1)";"ассортимент для озеленения Москвы, категория «дворовые территории (тип участка не определён)»; в приоритете базовый ассортимент ППМ 515-ПП; без инвазивных видов ППМ 369-ПП";проезжая часть;4.55;1.0;"СП 42.13330.2016, п. 9.6, табл. 9.1; ППМ 743-ПП, табл. 3.6.1"
bush_building_border_005_055;посажено;bush;Жимолость золотистая;NEW_BUSH;-106.012;15.077;206.206;158.363;Кольцо кустарника вокруг здания;25_classical_building_ring_primer;"Кольцо кустарника вокруг здания — по аналогии с проектом «25_classical_building_ring_primer»; ближайшее ограничение — проезжая часть: 4.5 м при норме 1.0 м (СП 42.13330.2016, п. 9.6, табл. 9.1; ППМ 743-ПП, табл. 3.6.1)";"ассортимент для озеленения Москвы, категория «дворовые территории (тип участка не определён)»; в приоритете базовый ассортимент ППМ 515-ПП; без инвазивных видов ППМ 369-ПП";проезжая часть;4.52;1.0;"СП 42.13330.2016, п. 9.6, табл. 9.1; ППМ 743-ПП, табл. 3.6.1"
bush_building_border_005_056;посажено;bush;Бересклет европейский;NEW_BUSH;-106.837;10.959;205.381;154.245;Кольцо кустарника вокруг здания;25_classical_building_ring_primer;"Кольцо кустарника вокруг здания — по аналогии с проектом «25_classical_building_ring_primer»; ближайшее ограничение — проезжая часть: 4.4 м при норме 1.0 м (СП 42.13330.2016, п. 9.6, табл. 9.1; ППМ 743-ПП, табл. 3.6.1)";"ассортимент для озеленения Москвы, категория «дворовые территории (тип участка не определён)»; в приоритете базовый ассортимент ППМ 515-ПП; без инвазивных видов ППМ 369-ПП";проезжая часть;4.42;1.0;"СП 42.13330.2016, п. 9.6, табл. 9.1; ППМ 743-ПП, табл. 3.6.1"
bush_building_border_005_057;посажено;bush;Жимолость золотистая;NEW_BUSH;-107.112;9.586;205.106;152.872;Кольцо кустарника вокруг здания;25_classical_building_ring_primer;"Кольцо кустарника вокруг здания — по аналогии с проектом «25_classical_building_ring_primer»; ближайшее ограничение — проезжая часть: 4.4 м при норме 1.0 м (СП 42.13330.2016, п. 9.6, табл. 9.1; ППМ 743-ПП, табл. 3.6.1)";"ассортимент для озеленения Москвы, категория «дворовые территории (тип участка не определён)»; в приоритете базовый ассортимент ППМ 515-ПП; без инвазивных видов ППМ 369-ПП";проезжая часть;4.39;1.0;"СП 42.13330.2016, п. 9.6, табл. 9.1; ППМ 743-ПП, табл. 3.6.1"
bush_building_border_005_058;посажено;bush;Бересклет европейский;NEW_BUSH;-107.387;8.213;204.831;151.499;Кольцо кустарника вокруг здания;25_classical_building_ring_primer;"Кольцо кустарника вокруг здания — по аналогии с проектом «25_classical_building_ring_primer»; ближайшее ограничение — проезжая часть: 4.4 м при норме 1.0 м (СП 42.13330.2016, п. 9.6, табл. 9.1; ППМ 743-ПП, табл. 3.6.1)";"ассортимент для озеленения Москвы, категория «дворовые территории (тип участка не определён)»; в приоритете базовый ассортимент ППМ 515-ПП; без инвазивных видов ППМ 369-ПП";проезжая часть;4.36;1.0;"СП 42.13330.2016, п. 9.6, табл. 9.1; ППМ 743-ПП, табл. 3.6.1"
bush_building_border_005_059;посажено;bush;Жимолость золотистая;NEW_BUSH;-107.662;6.841;204.556;150.127;Кольцо кустарника вокруг здания;25_classical_building_ring_primer;"Кольцо кустарника вокруг здания — по аналогии с проектом «25_classical_building_ring_primer»; ближайшее ограничение — проезжая часть: 4.3 м при норме 1.0 м (СП 42.13330.2016, п. 9.6, табл. 9.1; ППМ 743-ПП, табл. 3.6.1)";"ассортимент для озеленения Москвы, категория «дворовые территории (тип участка не определён)»; в приоритете базовый ассортимент ППМ 515-ПП; без инвазивных видов ППМ 369-ПП";проезжая часть;4.33;1.0;"СП 42.13330.2016, п. 9.6, табл. 9.1; ППМ 743-ПП, табл. 3.6.1"
bush_building_border_005_060;посажено;bush;Бересклет европейский;NEW_BUSH;-108.212;4.095;204.006;147.381;Кольцо кустарника вокруг здания;25_classical_building_ring_primer;"Кольцо кустарника вокруг здания — по аналогии с проектом «25_classical_building_ring_primer»; ближайшее ограничение — проезжая часть: 4.3 м при норме 1.0 м (СП 42.13330.2016, п. 9.6, табл. 9.1; ППМ 743-ПП, табл. 3.6.1)";"ассортимент для озеленения Москвы, категория «дворовые территории (тип участка не определён)»; в приоритете базовый ассортимент ППМ 515-ПП; без инвазивных видов ППМ 369-ПП";проезжая часть;4.26;1.0;"СП 42.13330.2016, п. 9.6, табл. 9.1; ППМ 743-ПП, табл. 3.6.1"
bush_building_border_005_061;посажено;bush;Жимолость золотистая;NEW_BUSH;-108.487;2.722;203.731;146.008;Кольцо кустарника вокруг здания;25_classical_building_ring_primer;"Кольцо кустарника вокруг здания — по аналогии с проектом «25_classical_building_ring_primer»; ближайшее ограничение — проезжая часть: 4.2 м при норме 1.0 м (СП 42.13330.2016, п. 9.6, табл. 9.1; ППМ 743-ПП, табл. 3.6.1)";"ассортимент для озеленения Москвы, категория «дворовые территории (тип участка не определён)»; в приоритете базовый ассортимент ППМ 515-ПП; без инвазивных видов ППМ 369-ПП";проезжая часть;4.23;1.0;"СП 42.13330.2016, п. 9.6, табл. 9.1; ППМ 743-ПП, табл. 3.6.1"
bush_building_border_005_062;посажено;bush;Бересклет европейский;NEW_BUSH;-108.762;1.35;203.457;144.636;Кольцо кустарника вокруг здания;25_classical_building_ring_primer;"Кольцо кустарника вокруг здания — по аналогии с проектом «25_classical_building_ring_primer»; ближайшее ограничение — проезжая часть: 4.2 м при норме 1.0 м (СП 42.13330.2016, п. 9.6, табл. 9.1; ППМ 743-ПП, табл. 3.6.1)";"ассортимент для озеленения Москвы, категория «дворовые территории (тип участка не определён)»; в приоритете базовый ассортимент ППМ 515-ПП; без инвазивных видов ППМ 369-ПП";проезжая часть;4.2;1.0;"СП 42.13330.2016, п. 9.6, табл. 9.1; ППМ 743-ПП, табл. 3.6.1"
bush_building_border_005_063;посажено;bush;Жимолость золотистая;NEW_BUSH;-109.037;-0.023;203.182;143.263;Кольцо кустарника вокруг здания;25_classical_building_ring_primer;"Кольцо кустарника вокруг здания — по аналогии с проектом «25_classical_building_ring_primer»; ближайшее ограничение — проезжая часть: 4.2 м при норме 1.0 м (СП 42.13330.2016, п. 9.6, табл. 9.1; ППМ 743-ПП, табл. 3.6.1)";"ассортимент для озеленения Москвы, категория «дворовые территории (тип участка не определён)»; в приоритете базовый ассортимент ППМ 515-ПП; без инвазивных видов ППМ 369-ПП";проезжая часть;4.17;1.0;"СП 42.13330.2016, п. 9.6, табл. 9.1; ППМ 743-ПП, табл. 3.6.1"
bush_building_border_005_064;посажено;bush;Бересклет европейский;NEW_BUSH;-109.312;-1.396;202.907;141.89;Кольцо кустарника вокруг здания;25_classical_building_ring_primer;"Кольцо кустарника вокруг здания — по аналогии с проектом «25_classical_building_ring_primer»; ближайшее ограничение — проезжая часть: 4.1 м при норме 1.0 м (СП 42.13330.2016, п. 9.6, табл. 9.1; ППМ 743-ПП, табл. 3.6.1)";"ассортимент для озеленения Москвы, категория «дворовые территории (тип участка не определён)»; в приоритете базовый ассортимент ППМ 515-ПП; без инвазивных видов ППМ 369-ПП";проезжая часть;4.13;1.0;"СП 42.13330.2016, п. 9.6, табл. 9.1; ППМ 743-ПП, табл. 3.6.1"
bush_building_border_005_065;посажено;bush;Жимолость золотистая;NEW_BUSH;-109.587;-2.768;202.632;140.517;Кольцо кустарника вокруг здания;25_classical_building_ring_primer;"Кольцо кустарника вокруг здания — по аналогии с проектом «25_classical_building_ring_primer»; ближайшее ограничение — проезжая часть: 4.1 м при норме 1.0 м (СП 42.13330.2016, п. 9.6, табл. 9.1; ППМ 743-ПП, табл. 3.6.1)";"ассортимент для озеленения Москвы, категория «дворовые территории (тип участка не определён)»; в приоритете базовый ассортимент ППМ 515-ПП; без инвазивных видов ППМ 369-ПП";проезжая часть;4.1;1.0;"СП 42.13330.2016, п. 9.6, табл. 9.1; ППМ 743-ПП, табл. 3.6.1"
bush_building_border_005_066;посажено;bush;Бересклет европейский;NEW_BUSH;-109.862;-4.141;202.357;139.145;Кольцо кустарника вокруг здания;25_classical_building_ring_primer;"Кольцо кустарника вокруг здания — по аналогии с проектом «25_classical_building_ring_primer»; ближайшее ограничение — проезжая часть: 4.1 м при норме 1.0 м (СП 42.13330.2016, п. 9.6, табл. 9.1; ППМ 743-ПП, табл. 3.6.1)";"ассортимент для озеленения Москвы, категория «дворовые территории (тип участка не определён)»; в приоритете базовый ассортимент ППМ 515-ПП; без инвазивных видов ППМ 369-ПП";проезжая часть;4.07;1.0;"СП 42.13330.2016, п. 9.6, табл. 9.1; ППМ 743-ПП, табл. 3.6.1"
bush_building_border_005_067;посажено;bush;Жимолость золотистая;NEW_BUSH;-110.137;-5.514;202.082;137.772;Кольцо кустарника вокруг здания;25_classical_building_ring_primer;"Кольцо кустарника вокруг здания — по аналогии с проектом «25_classical_building_ring_primer»; ближайшее ограничение — проезжая часть: 4.0 м при норме 1.0 м (СП 42.13330.2016, п. 9.6, табл. 9.1; ППМ 743-ПП, табл. 3.6.1)";"ассортимент для озеленения Москвы, категория «дворовые территории (тип участка не определён)»; в приоритете базовый ассортимент ППМ 515-ПП; без инвазивных видов ППМ 369-ПП";проезжая часть;4.04;1.0;"СП 42.13330.2016, п. 9.6, табл. 9.1; ППМ 743-ПП, табл. 3.6.1"
bush_building_border_006_001;посажено;bush;Жимолость золотистая;NEW_BUSH;226.565;18.717;538.783;162.003;Кольцо кустарника вокруг здания;25_classical_building_ring_primer;"Кольцо кустарника вокруг здания — по аналогии с проектом «25_classical_building_ring_primer»; ближайшее ограничение — теплосеть: 5.0 м при норме 2.0 м (МГСН 1.02-02, п. 4.2.8)";"ассортимент для озеленения Москвы, категория «дворовые территории (тип участка не определён)»; в приоритете базовый ассортимент ППМ 515-ПП; без инвазивных видов ППМ 369-ПП";теплосеть;5.01;2.0;МГСН 1.02-02, п. 4.2.8
bush_building_border_006_002;посажено;bush;Бересклет европейский;NEW_BUSH;227.903;19.121;540.122;162.407;Кольцо кустарника вокруг здания;25_classical_building_ring_primer;"Кольцо кустарника вокруг здания — по аналогии с проектом «25_classical_building_ring_primer»; нормируемых ограничений ближе 5 м сверх нормы нет";"ассортимент для озеленения Москвы, категория «дворовые территории (тип участка не определён)»; в приоритете базовый ассортимент ППМ 515-ПП; без инвазивных видов ППМ 369-ПП";;;;
bush_building_border_006_003;посажено;bush;Жимолость золотистая;NEW_BUSH;229.292;19.28;541.51;162.566;Кольцо кустарника вокруг здания;25_classical_building_ring_primer;"Кольцо кустарника вокруг здания — по аналогии с проектом «25_classical_building_ring_primer»; нормируемых ограничений ближе 5 м сверх нормы нет";"ассортимент для озеленения Москвы, категория «дворовые территории (тип участка не определён)»; в приоритете базовый ассортимент ППМ 515-ПП; без инвазивных видов ППМ 369-ПП";;;;
bush_building_border_006_004;посажено;bush;Бересклет европейский;NEW_BUSH;230.687;19.198;542.905;162.484;Кольцо кустарника вокруг здания;25_classical_building_ring_primer;"Кольцо кустарника вокруг здания — по аналогии с проектом «25_classical_building_ring_primer»; нормируемых ограничений ближе 5 м сверх нормы нет";"ассортимент для озеленения Москвы, категория «дворовые территории (тип участка не определён)»; в приоритете базовый ассортимент ППМ 515-ПП; без инвазивных видов ППМ 369-ПП";;;;
bush_building_border_006_005;посажено;bush;Жимолость золотистая;NEW_BUSH;232.047;18.878;544.265;162.164;Кольцо кустарника вокруг здания;25_classical_building_ring_primer;"Кольцо кустарника вокруг здания — по аналогии с проектом «25_classical_building_ring_primer»; нормируемых ограничений ближе 5 м сверх нормы нет";"ассортимент для озеленения Москвы, категория «дворовые территории (тип участка не определён)»; в приоритете базовый ассортимент ППМ 515-ПП; без инвазивных видов ППМ 369-ПП";;;;
bush_building_border_006_006;посажено;bush;Бересклет европейский;NEW_BUSH;233.333;18.329;545.551;161.615;Кольцо кустарника вокруг здания;25_classical_building_ring_primer;"Кольцо кустарника вокруг здания — по аналогии с проектом «25_classical_building_ring_primer»; нормируемых ограничений ближе 5 м сверх нормы нет";"ассортимент для озеленения Москвы, категория «дворовые территории (тип участка не определён)»; в приоритете базовый ассортимент ППМ 515-ПП; без инвазивных видов ППМ 369-ПП";;;;
bush_building_border_006_007;посажено;bush;Жимолость золотистая;NEW_BUSH;236.533;11.359;548.752;154.645;Кольцо кустарника вокруг здания;25_classical_building_ring_primer;"Кольцо кустарника вокруг здания — по аналогии с проектом «25_classical_building_ring_primer»; ближайшее ограничение — здание: 5.0 м при норме 1.5 м (СП 42.13330.2016, п. 9.6, табл. 9.1; ППМ 743-ПП, табл. 3.6.1)";"ассортимент для озеленения Москвы, категория «дворовые территории (тип участка не определён)»; в приоритете базовый ассортимент ППМ 515-ПП; без инвазивных видов ППМ 369-ПП";здание;5.0;1.5;"СП 42.13330.2016, п. 9.6, табл. 9.1; ППМ 743-ПП, табл. 3.6.1"
bush_building_border_006_008;посажено;bush;Бересклет европейский;NEW_BUSH;235.544;12.349;547.762;155.635;Кольцо кустарника вокруг здания;25_classical_building_ring_primer;"Кольцо кустарника вокруг здания — по аналогии с проектом «25_classical_building_ring_primer»; ближайшее ограничение — здание: 5.0 м при норме 1.5 м (СП 42.13330.2016, п. 9.6, табл. 9.1; ППМ 743-ПП, табл. 3.6.1)";"ассортимент для озеленения Москвы, категория «дворовые территории (тип участка не определён)»; в приоритете базовый ассортимент ППМ 515-ПП; без инвазивных видов ППМ 369-ПП";здание;5.0;1.5;"СП 42.13330.2016, п. 9.6, табл. 9.1; ППМ 743-ПП, табл. 3.6.1"
bush_building_border_006_009;посажено;bush;Жимолость золотистая;NEW_BUSH;234.554;13.339;546.772;156.625;Кольцо кустарника вокруг здания;25_classical_building_ring_primer;"Кольцо кустарника вокруг здания — по аналогии с проектом «25_classical_building_ring_primer»; ближайшее ограничение — здание: 5.0 м при норме 1.5 м (СП 42.13330.2016, п. 9.6, табл. 9.1; ППМ 743-ПП, табл. 3.6.1)";"ассортимент для озеленения Москвы, категория «дворовые территории (тип участка не определён)»; в приоритете базовый ассортимент ППМ 515-ПП; без инвазивных видов ППМ 369-ПП";здание;5.0;1.5;"СП 42.13330.2016, п. 9.6, табл. 9.1; ППМ 743-ПП, табл. 3.6.1"
bush_building_border_006_010;посажено;bush;Бересклет европейский;NEW_BUSH;233.564;14.329;545.783;157.615;Кольцо кустарника вокруг здания;25_classical_building_ring_primer;"Кольцо кустарника вокруг здания — по аналогии с проектом «25_classical_building_ring_primer»; ближайшее ограничение — здание: 5.0 м при норме 1.5 м (СП 42.13330.2016, п. 9.6, табл. 9.1; ППМ 743-ПП, табл. 3.6.1)";"ассортимент для озеленения Москвы, категория «дворовые территории (тип участка не определён)»; в приоритете базовый ассортимент ППМ 515-ПП; без инвазивных видов ППМ 369-ПП";здание;5.0;1.5;"СП 42.13330.2016, п. 9.6, табл. 9.1; ППМ 743-ПП, табл. 3.6.1"
bush_building_border_006_011;посажено;bush;Жимолость золотистая;NEW_BUSH;232.538;15.279;544.757;158.565;Кольцо кустарника вокруг здания;25_classical_building_ring_primer;"Кольцо кустарника вокруг здания — по аналогии с проектом «25_classical_building_ring_primer»; ближайшее ограничение — здание: 5.0 м при норме 1.5 м (СП 42.13330.2016, п. 9.6, табл. 9.1; ППМ 743-ПП, табл. 3.6.1)";"ассортимент для озеленения Москвы, категория «дворовые территории (тип участка не определён)»; в приоритете базовый ассортимент ППМ 515-ПП; без инвазивных видов ППМ 369-ПП";здание;4.99;1.5;"СП 42.13330.2016, п. 9.6, табл. 9.1; ППМ 743-ПП, табл. 3.6.1"
bush_building_border_006_012;посажено;bush;Бересклет европейский;NEW_BUSH;231.319;15.956;543.538;159.242;Кольцо кустарника вокруг здания;25_classical_building_ring_primer;"Кольцо кустарника вокруг здания — по аналогии с проектом «25_classical_building_ring_primer»; ближайшее ограничение — здание: 5.0 м при норме 1.5 м (СП 42.13330.2016, п. 9.6, табл. 9.1; ППМ 743-ПП, табл. 3.6.1)";"ассортимент для озеленения Москвы, категория «дворовые территории (тип участка не определён)»; в приоритете базовый ассортимент ППМ 515-ПП; без инвазивных видов ППМ 369-ПП";здание;5.0;1.5;"СП 42.13330.2016, п. 9.6, табл. 9.1; ППМ 743-ПП, табл. 3.6.1"
bush_building_border_006_013;посажено;bush;Жимолость золотистая;NEW_BUSH;229.96;16.271;542.179;159.557;Кольцо кустарника вокруг здания;25_classical_building_ring_primer;"Кольцо кустарника вокруг здания — по аналогии с проектом «25_classical_building_ring_primer»; ближайшее ограничение — здание: 5.0 м при норме 1.5 м (СП 42.13330.2016, п. 9.6, табл. 9.1; ППМ 743-ПП, табл. 3.6.1)";"ассортимент для озеленения Москвы, категория «дворовые территории (тип участка не определён)»; в приоритете базовый ассортимент ППМ 515-ПП; без инвазивных видов ППМ 369-ПП";здание;5.0;1.5;"СП 42.13330.2016, п. 9.6, табл. 9.1; ППМ 743-ПП, табл. 3.6.1"
bush_building_border_006_014;посажено;bush;Бересклет европейский;NEW_BUSH;228.566;16.198;540.785;159.484;Кольцо кустарника вокруг здания;25_classical_building_ring_primer;"Кольцо кустарника вокруг здания — по аналогии с проектом «25_classical_building_ring_primer»; ближайшее ограничение — здание: 5.0 м при норме 1.5 м (СП 42.13330.2016, п. 9.6, табл. 9.1; ППМ 743-ПП, табл. 3.6.1)";"ассортимент для озеленения Москвы, категория «дворовые территории (тип участка не определён)»; в приоритете базовый ассортимент ППМ 515-ПП; без инвазивных видов ППМ 369-ПП";здание;5.0;1.5;"СП 42.13330.2016, п. 9.6, табл. 9.1; ППМ 743-ПП, табл. 3.6.1"
bush_building_border_006_015;посажено;bush;Жимолость золотистая;NEW_BUSH;227.249;15.737;539.467;159.023;Кольцо кустарника вокруг здания;25_classical_building_ring_primer;"Кольцо кустарника вокруг здания — по аналогии с проектом «25_classical_building_ring_primer»; ближайшее ограничение — теплосеть: 4.4 м при норме 2.0 м (МГСН 1.02-02, п. 4.2.8)";"ассортимент для озеленения Москвы, категория «дворовые территории (тип участка не определён)»; в приоритете базовый ассортимент ППМ 515-ПП; без инвазивных видов ППМ 369-ПП";теплосеть;4.41;2.0;МГСН 1.02-02, п. 4.2.8
bush_building_border_006_016;посажено;bush;Бересклет европейский;NEW_BUSH;226.11;14.932;538.329;158.218;Кольцо кустарника вокруг здания;25_classical_building_ring_primer;"Кольцо кустарника вокруг здания — по аналогии с проектом «25_classical_building_ring_primer»; ближайшее ограничение — теплосеть: 3.0 м при норме 1.0 м (СП 42.13330.2016, п. 9.6, табл. 9.1; ППМ 743-ПП, табл. 3.6.1)";"ассортимент для озеленения Москвы, категория «дворовые территории (тип участка не определён)»; в приоритете базовый ассортимент ППМ 515-ПП; без инвазивных видов ППМ 369-ПП";теплосеть;3.04;1.0;"СП 42.13330.2016, п. 9.6, табл. 9.1; ППМ 743-ПП, табл. 3.6.1"
bush_building_border_006_017;посажено;bush;Жимолость золотистая;NEW_BUSH;225.01;17.887;537.228;161.173;Кольцо кустарника вокруг здания;25_classical_building_ring_primer;"Кольцо кустарника вокруг здания — по аналогии с проектом «25_classical_building_ring_primer»; ближайшее ограничение — теплосеть: 3.2 м при норме 2.0 м (МГСН 1.02-02, п. 4.2.8)";"ассортимент для озеленения Москвы, категория «дворовые территории (тип участка не определён)»; в приоритете базовый ассортимент ППМ 515-ПП; без инвазивных видов ППМ 369-ПП";теплосеть;3.25;2.0;МГСН 1.02-02, п. 4.2.8
bush_building_border_007_001;посажено;bush;Жимолость золотистая;NEW_BUSH;154.956;30.653;467.174;173.939;Кольцо кустарника вокруг здания;25_classical_building_ring_primer;"Кольцо кустарника вокруг здания — по аналогии с проектом «25_classical_building_ring_primer»; ближайшее ограничение — здание: 5.0 м при норме 1.5 м (СП 42.13330.2016, п. 9.6, табл. 9.1; ППМ 743-ПП, табл. 3.6.1)";"ассортимент для озеленения Москвы, категория «дворовые территории (тип участка не определён)»; в приоритете базовый ассортимент ППМ 515-ПП; без инвазивных видов ППМ 369-ПП";здание;5.0;1.5;"СП 42.13330.2016, п. 9.6, табл. 9.1; ППМ 743-ПП, табл. 3.6.1"
bush_building_border_007_002;посажено;bush;Бересклет европейский;NEW_BUSH;153.602;31.01;465.821;174.296;Кольцо кустарника вокруг здания;25_classical_building_ring_primer;"Кольцо кустарника вокруг здания — по аналогии с проектом «25_classical_building_ring_primer»; ближайшее ограничение — здание: 5.0 м при норме 1.5 м (СП 42.13330.2016, п. 9.6, табл. 9.1; ППМ 743-ПП, табл. 3.6.1)";"ассортимент для озеленения Москвы, категория «дворовые территории (тип участка не определён)»; в приоритете базовый ассортимент ППМ 515-ПП; без инвазивных видов ППМ 369-ПП";здание;5.0;1.5;"СП 42.13330.2016, п. 9.6, табл. 9.1; ППМ 743-ПП, табл. 3.6.1"
bush_building_border_007_003;посажено;bush;Жимолость золотистая;NEW_BUSH;152.248;31.367;464.467;174.653;Кольцо кустарника вокруг здания;25_classical_building_ring_primer;"Кольцо кустарника вокруг здания — по аналогии с проектом «25_classical_building_ring_primer»; ближайшее ограничение — здание: 5.0 м при норме 1.5 м (СП 42.13330.2016, п. 9.6, табл. 9.1; ППМ 743-ПП, табл. 3.6.1)";"ассортимент для озеленения Москвы, категория «дворовые территории (тип участка не определён)»; в приоритете базовый ассортимент ППМ 515-ПП; без инвазивных видов ППМ 369-ПП";здание;5.0;1.5;"СП 42.13330.2016, п. 9.6, табл. 9.1; ППМ 743-ПП, табл. 3.6.1"
bush_building_border_007_004;посажено;bush;Бересклет европейский;NEW_BUSH;150.895;31.724;463.113;175.01;Кольцо кустарника вокруг здания;25_classical_building_ring_primer;"Кольцо кустарника вокруг здания — по аналогии с проектом «25_classical_building_ring_primer»; ближайшее ограничение — здание: 5.0 м при норме 1.5 м (СП 42.13330.2016, п. 9.6, табл. 9.1; ППМ 743-ПП, табл. 3.6.1)";"ассортимент для озеленения Москвы, категория «дворовые территории (тип участка не определён)»; в приоритете базовый ассортимент ППМ 515-ПП; без инвазивных видов ППМ 369-ПП";здание;5.0;1.5;"СП 42.13330.2016, п. 9.6, табл. 9.1; ППМ 743-ПП, табл. 3.6.1"
bush_building_border_007_005;посажено;bush;Жимолость золотистая;NEW_BUSH;149.541;32.081;461.759;175.367;Кольцо кустарника вокруг здания;25_classical_building_ring_primer;"Кольцо кустарника вокруг здания — по аналогии с проектом «25_classical_building_ring_primer»; ближайшее ограничение — здание: 5.0 м при норме 1.5 м (СП 42.13330.2016, п. 9.6, табл. 9.1; ППМ 743-ПП, табл. 3.6.1)";"ассортимент для озеленения Москвы, категория «дворовые территории (тип участка не определён)»; в приоритете базовый ассортимент ППМ 515-ПП; без инвазивных видов ППМ 369-ПП";здание;5.0;1.5;"СП 42.13330.2016, п. 9.6, табл. 9.1; ППМ 743-ПП, табл. 3.6.1"
bush_building_border_007_006;посажено;bush;Бересклет европейский;NEW_BUSH;148.187;32.438;460.406;175.724;Кольцо кустарника вокруг здания;25_classical_building_ring_primer;"Кольцо кустарника вокруг здания — по аналогии с проектом «25_classical_building_ring_primer»; ближайшее ограничение — кабель связи: 3.6 м при норме 0.7 м (СП 42.13330.2016, п. 9.6, табл. 9.1; ППМ 743-ПП, табл. 3.6.1)";"ассортимент для озеленения Москвы, категория «дворовые территории (тип участка не определён)»; в приоритете базовый ассортимент ППМ 515-ПП; без инвазивных видов ППМ 369-ПП";кабель связи;3.57;0.7;"СП 42.13330.2016, п. 9.6, табл. 9.1; ППМ 743-ПП, табл. 3.6.1"
bush_building_border_007_007;посажено;bush;Жимолость золотистая;NEW_BUSH;146.833;32.795;459.052;176.081;Кольцо кустарника вокруг здания;25_classical_building_ring_primer;"Кольцо кустарника вокруг здания — по аналогии с проектом «25_classical_building_ring_primer»; ближайшее ограничение — кабель связи: 2.8 м при норме 0.7 м (СП 42.13330.2016, п. 9.6, табл. 9.1; ППМ 743-ПП, табл. 3.6.1)";"ассортимент для озеленения Москвы, категория «дворовые территории (тип участка не определён)»; в приоритете базовый ассортимент ППМ 515-ПП; без инвазивных видов ППМ 369-ПП";кабель связи;2.82;0.7;"СП 42.13330.2016, п. 9.6, табл. 9.1; ППМ 743-ПП, табл. 3.6.1"
bush_building_border_007_008;посажено;bush;Бересклет европейский;NEW_BUSH;145.48;33.152;457.698;176.438;Кольцо кустарника вокруг здания;25_classical_building_ring_primer;"Кольцо кустарника вокруг здания — по аналогии с проектом «25_classical_building_ring_primer»; ближайшее ограничение — кабель связи: 2.5 м при норме 0.7 м (СП 42.13330.2016, п. 9.6, табл. 9.1; ППМ 743-ПП, табл. 3.6.1)";"ассортимент для озеленения Москвы, категория «дворовые территории (тип участка не определён)»; в приоритете базовый ассортимент ППМ 515-ПП; без инвазивных видов ППМ 369-ПП";кабель связи;2.53;0.7;"СП 42.13330.2016, п. 9.6, табл. 9.1; ППМ 743-ПП, табл. 3.6.1"
bush_building_border_007_009;посажено;bush;Жимолость золотистая;NEW_BUSH;144.126;33.509;456.344;176.795;Кольцо кустарника вокруг здания;25_classical_building_ring_primer;"Кольцо кустарника вокруг здания — по аналогии с проектом «25_classical_building_ring_primer»; ближайшее ограничение — кабель связи: 2.2 м при норме 0.7 м (СП 42.13330.2016, п. 9.6, табл. 9.1; ППМ 743-ПП, табл. 3.6.1)";"ассортимент для озеленения Москвы, категория «дворовые территории (тип участка не определён)»; в приоритете базовый ассортимент ППМ 515-ПП; без инвазивных видов ППМ 369-ПП";кабель связи;2.17;0.7;"СП 42.13330.2016, п. 9.6, табл. 9.1; ППМ 743-ПП, табл. 3.6.1"
bush_building_border_007_010;посажено;bush;Бересклет европейский;NEW_BUSH;147.584;33.891;459.803;177.177;Кольцо кустарника вокруг здания;25_classical_building_ring_primer;"Кольцо кустарника вокруг здания — по аналогии с проектом «25_classical_building_ring_primer»; ближайшее ограничение — кабель связи: 2.0 м при норме 0.7 м (СП 42.13330.2016, п. 9.6, табл. 9.1; ППМ 743-ПП, табл. 3.6.1)";"ассортимент для озеленения Москвы, категория «дворовые территории (тип участка не определён)»; в приоритете базовый ассортимент ППМ 515-ПП; без инвазивных видов ППМ 369-ПП";кабель связи;2.0;0.7;"СП 42.13330.2016, п. 9.6, табл. 9.1; ППМ 743-ПП, табл. 3.6.1"
bush_building_border_007_011;посажено;bush;Жимолость золотистая;NEW_BUSH;148.623;34.81;460.841;178.096;Кольцо кустарника вокруг здания;25_classical_building_ring_primer;"Кольцо кустарника вокруг здания — по аналогии с проектом «25_classical_building_ring_primer»; ближайшее ограничение — кабель связи: 2.0 м при норме 0.7 м (СП 42.13330.2016, п. 9.6, табл. 9.1; ППМ 743-ПП, табл. 3.6.1)";"ассортимент для озеленения Москвы, категория «дворовые территории (тип участка не определён)»; в приоритете базовый ассортимент ППМ 515-ПП; без инвазивных видов ППМ 369-ПП";кабель связи;2.0;0.7;"СП 42.13330.2016, п. 9.6, табл. 9.1; ППМ 743-ПП, табл. 3.6.1"
bush_building_border_007_012;посажено;bush;Бересклет европейский;NEW_BUSH;149.657;35.153;461.875;178.439;Кольцо кустарника вокруг здания;25_classical_building_ring_primer;"Кольцо кустарника вокруг здания — по аналогии с проектом «25_classical_building_ring_primer»; ближайшее ограничение — кабель связи: 2.8 м при норме 0.7 м (СП 42.13330.2016, п. 9.6, табл. 9.1; ППМ 743-ПП, табл. 3.6.1)";"ассортимент для озеленения Москвы, категория «дворовые территории (тип участка не определён)»; в приоритете базовый ассортимент ППМ 515-ПП; без инвазивных видов ППМ 369-ПП";кабель связи;2.79;0.7;"СП 42.13330.2016, п. 9.6, табл. 9.1; ППМ 743-ПП, табл. 3.6.1"
bush_building_border_007_013;посажено;bush;Жимолость золотистая;NEW_BUSH;151.011;34.796;463.229;178.082;Кольцо кустарника вокруг здания;25_classical_building_ring_primer;"Кольцо кустарника вокруг здания — по аналогии с проектом «25_classical_building_ring_primer»; ближайшее ограничение — кабель связи: 3.3 м при норме 0.7 м (СП 42.13330.2016, п. 9.6, табл. 9.1; ППМ 743-ПП, табл. 3.6.1)";"ассортимент для озеленения Москвы, категория «дворовые территории (тип участка не определён)»; в приоритете базовый ассортимент ППМ 515-ПП; без инвазивных видов ППМ 369-ПП";кабель связи;3.32;0.7;"СП 42.13330.2016, п. 9.6, табл. 9.1; ППМ 743-ПП, табл. 3.6.1"
bush_building_border_007_014;посажено;bush;Бересклет европейский;NEW_BUSH;152.364;34.439;464.583;177.725;Кольцо кустарника вокруг здания;25_classical_building_ring_primer;"Кольцо кустарника вокруг здания — по аналогии с проектом «25_classical_building_ring_primer»; ближайшее ограничение — кабель связи: 4.0 м при норме 0.7 м (СП 42.13330.2016, п. 9.6, табл. 9.1; ППМ 743-ПП, табл. 3.6.1)";"ассортимент для озеленения Москвы, категория «дворовые территории (тип участка не определён)»; в приоритете базовый ассортимент ППМ 515-ПП; без инвазивных видов ППМ 369-ПП";кабель связи;4.03;0.7;"СП 42.13330.2016, п. 9.6, табл. 9.1; ППМ 743-ПП, табл. 3.6.1"
bush_building_border_007_015;посажено;bush;Жимолость золотистая;NEW_BUSH;153.718;34.082;465.936;177.368;Кольцо кустарника вокруг здания;25_classical_building_ring_primer;"Кольцо кустарника вокруг здания — по аналогии с проектом «25_classical_building_ring_primer»; ближайшее ограничение — кабель связи: 4.8 м при норме 0.7 м (СП 42.13330.2016, п. 9.6, табл. 9.1; ППМ 743-ПП, табл. 3.6.1)";"ассортимент для озеленения Москвы, категория «дворовые территории (тип участка не определён)»; в приоритете базовый ассортимент ППМ 515-ПП; без инвазивных видов ППМ 369-ПП";кабель связи;4.79;0.7;"СП 42.13330.2016, п. 9.6, табл. 9.1; ППМ 743-ПП, табл. 3.6.1"
bush_building_border_007_016;посажено;bush;Бересклет европейский;NEW_BUSH;155.072;33.725;467.29;177.011;Кольцо кустарника вокруг здания;25_classical_building_ring_primer;"Кольцо кустарника вокруг здания — по аналогии с проектом «25_classical_building_ring_primer»; ближайшее ограничение — кабель связи: 5.5 м при норме 0.7 м (СП 42.13330.2016, п. 9.6, табл. 9.1; ППМ 743-ПП, табл. 3.6.1)";"ассортимент для озеленения Москвы, категория «дворовые территории (тип участка не определён)»; в приоритете базовый ассортимент ППМ 515-ПП; без инвазивных видов ППМ 369-ПП";кабель связи;5.53;0.7;"СП 42.13330.2016, п. 9.6, табл. 9.1; ППМ 743-ПП, табл. 3.6.1"
bush_building_border_007_017;посажено;bush;Жимолость золотистая;NEW_BUSH;156.425;33.368;468.644;176.654;Кольцо кустарника вокруг здания;25_classical_building_ring_primer;"Кольцо кустарника вокруг здания — по аналогии с проектом «25_classical_building_ring_primer»; нормируемых ограничений ближе 5 м сверх нормы нет";"ассортимент для озеленения Москвы, категория «дворовые территории (тип участка не определён)»; в приоритете базовый ассортимент ППМ 515-ПП; без инвазивных видов ППМ 369-ПП";;;;
bush_building_border_007_018;посажено;bush;Бересклет европейский;NEW_BUSH;157.779;33.011;469.998;176.297;Кольцо кустарника вокруг здания;25_classical_building_ring_primer;"Кольцо кустарника вокруг здания — по аналогии с проектом «25_classical_building_ring_primer»; нормируемых ограничений ближе 5 м сверх нормы нет";"ассортимент для озеленения Москвы, категория «дворовые территории (тип участка не определён)»; в приоритете базовый ассортимент ППМ 515-ПП; без инвазивных видов ППМ 369-ПП";;;;
bush_building_border_007_019;посажено;bush;Жимолость золотистая;NEW_BUSH;159.133;32.654;471.351;175.94;Кольцо кустарника вокруг здания;25_classical_building_ring_primer;"Кольцо кустарника вокруг здания — по аналогии с проектом «25_classical_building_ring_primer»; нормируемых ограничений ближе 5 м сверх нормы нет";"ассортимент для озеленения Москвы, категория «дворовые территории (тип участка не определён)»; в приоритете базовый ассортимент ППМ 515-ПП; без инвазивных видов ППМ 369-ПП";;;;
bush_building_border_007_020;посажено;bush;Бересклет европейский;NEW_BUSH;160.487;32.297;472.705;175.583;Кольцо кустарника вокруг здания;25_classical_building_ring_primer;"Кольцо кустарника вокруг здания — по аналогии с проектом «25_classical_building_ring_primer»; нормируемых ограничений ближе 5 м сверх нормы нет";"ассортимент для озеленения Москвы, категория «дворовые территории (тип участка не определён)»; в приоритете базовый ассортимент ППМ 515-ПП; без инвазивных видов ППМ 369-ПП";;;;
bush_building_border_007_021;посажено;bush;Жимолость золотистая;NEW_BUSH;161.84;31.94;474.059;175.226;Кольцо кустарника вокруг здания;25_classical_building_ring_primer;"Кольцо кустарника вокруг здания — по аналогии с проектом «25_classical_building_ring_primer»; ближайшее ограничение — теплосеть: 5.2 м при норме 2.0 м (МГСН 1.02-02, п. 4.2.8)";"ассортимент для озеленения Москвы, категория «дворовые территории (тип участка не определён)»; в приоритете базовый ассортимент ППМ 515-ПП; без инвазивных видов ППМ 369-ПП";теплосеть;5.2;2.0;МГСН 1.02-02, п. 4.2.8
bush_building_border_007_022;посажено;bush;Бересклет европейский;NEW_BUSH;163.194;31.583;475.412;174.869;Кольцо кустарника вокруг здания;25_classical_building_ring_primer;"Кольцо кустарника вокруг здания — по аналогии с проектом «25_classical_building_ring_primer»; ближайшее ограничение — теплосеть: 4.1 м при норме 1.0 м (СП 42.13330.2016, п. 9.6, табл. 9.1; ППМ 743-ПП, табл. 3.6.1)";"ассортимент для озеленения Москвы, категория «дворовые территории (тип участка не определён)»; в приоритете базовый ассортимент ППМ 515-ПП; без инвазивных видов ППМ 369-ПП";теплосеть;4.08;1.0;"СП 42.13330.2016, п. 9.6, табл. 9.1; ППМ 743-ПП, табл. 3.6.1"
bush_building_border_007_023;посажено;bush;Жимолость золотистая;NEW_BUSH;164.548;31.226;476.766;174.512;Кольцо кустарника вокруг здания;25_classical_building_ring_primer;"Кольцо кустарника вокруг здания — по аналогии с проектом «25_classical_building_ring_primer»; ближайшее ограничение — теплосеть: 3.1 м при норме 2.0 м (МГСН 1.02-02, п. 4.2.8)";"ассортимент для озеленения Москвы, категория «дворовые территории (тип участка не определён)»; в приоритете базовый ассортимент ППМ 515-ПП; без инвазивных видов ППМ 369-ПП";теплосеть;3.08;2.0;МГСН 1.02-02, п. 4.2.8
bush_building_border_008_001;посажено;bush;Жимолость золотистая;NEW_BUSH;195.416;19.983;507.635;163.269;Кольцо кустарника вокруг здания;25_classical_building_ring_primer;"Кольцо кустарника вокруг здания — по аналогии с проектом «25_classical_building_ring_primer»; ближайшее ограничение — теплосеть: 2.5 м при норме 2.0 м (МГСН 1.02-02, п. 4.2.8)";"ассортимент для озеленения Москвы, категория «дворовые территории (тип участка не определён)»; в приоритете базовый ассортимент ППМ 515-ПП; без инвазивных видов ППМ 369-ПП";теплосеть;2.53;2.0;МГСН 1.02-02, п. 4.2.8
bush_building_border_008_002;посажено;bush;Бересклет европейский;NEW_BUSH;194.063;20.34;506.281;163.626;Кольцо кустарника вокруг здания;25_classical_building_ring_primer;"Кольцо кустарника вокруг здания — по аналогии с проектом «25_classical_building_ring_primer»; ближайшее ограничение — теплосеть: 3.0 м при норме 1.0 м (СП 42.13330.2016, п. 9.6, табл. 9.1; ППМ 743-ПП, табл. 3.6.1)";"ассортимент для озеленения Москвы, категория «дворовые территории (тип участка не определён)»; в приоритете базовый ассортимент ППМ 515-ПП; без инвазивных видов ППМ 369-ПП";теплосеть;2.95;1.0;"СП 42.13330.2016, п. 9.6, табл. 9.1; ППМ 743-ПП, табл. 3.6.1"
bush_building_border_008_003;посажено;bush;Жимолость золотистая;NEW_BUSH;192.709;20.697;504.927;163.983;Кольцо кустарника вокруг здания;25_classical_building_ring_primer;"Кольцо кустарника вокруг здания — по аналогии с проектом «25_classical_building_ring_primer»; ближайшее ограничение — теплосеть: 3.9 м при норме 2.0 м (МГСН 1.02-02, п. 4.2.8)";"ассортимент для озеленения Москвы, категория «дворовые территории (тип участка не определён)»; в приоритете базовый ассортимент ППМ 515-ПП; без инвазивных видов ППМ 369-ПП";теплосеть;3.86;2.0;МГСН 1.02-02, п. 4.2.8
bush_building_border_008_004;посажено;bush;Бересклет европейский;NEW_BUSH;191.355;21.054;503.574;164.34;Кольцо кустарника вокруг здания;25_classical_building_ring_primer;"Кольцо кустарника вокруг здания — по аналогии с проектом «25_classical_building_ring_primer»; ближайшее ограничение — теплосеть: 3.6 м при норме 1.0 м (СП 42.13330.2016, п. 9.6, табл. 9.1; ППМ 743-ПП, табл. 3.6.1)";"ассортимент для озеленения Москвы, категория «дворовые территории (тип участка не определён)»; в приоритете базовый ассортимент ППМ 515-ПП; без инвазивных видов ППМ 369-ПП";теплосеть;3.62;1.0;"СП 42.13330.2016, п. 9.6, табл. 9.1; ППМ 743-ПП, табл. 3.6.1"
bush_building_border_008_005;посажено;bush;Жимолость золотистая;NEW_BUSH;190.002;21.411;502.22;164.697;Кольцо кустарника вокруг здания;25_classical_building_ring_primer;"Кольцо кустарника вокруг здания — по аналогии с проектом «25_classical_building_ring_primer»; ближайшее ограничение — теплосеть: 2.8 м при норме 2.0 м (МГСН 1.02-02, п. 4.2.8)";"ассортимент для озеленения Москвы, категория «дворовые территории (тип участка не определён)»; в приоритете базовый ассортимент ППМ 515-ПП; без инвазивных видов ППМ 369-ПП";теплосеть;2.77;2.0;МГСН 1.02-02, п. 4.2.8
bush_building_border_008_006;посажено;bush;Бересклет европейский;NEW_BUSH;188.914;21.787;501.132;165.073;Кольцо кустарника вокруг здания;25_classical_building_ring_primer;"Кольцо кустарника вокруг здания — по аналогии с проектом «25_classical_building_ring_primer»; ближайшее ограничение — теплосеть: 2.0 м при норме 1.0 м (СП 42.13330.2016, п. 9.6, табл. 9.1; ППМ 743-ПП, табл. 3.6.1)";"ассортимент для озеленения Москвы, категория «дворовые территории (тип участка не определён)»; в приоритете базовый ассортимент ППМ 515-ПП; без инвазивных видов ППМ 369-ПП";теплосеть;2.0;1.0;"СП 42.13330.2016, п. 9.6, табл. 9.1; ППМ 743-ПП, табл. 3.6.1"
bush_building_border_009_001;посажено;bush;Жимолость золотистая;NEW_BUSH;16.787;47.173;329.005;190.459;Кольцо кустарника вокруг здания;25_classical_building_ring_primer;"Кольцо кустарника вокруг здания — по аналогии с проектом «25_classical_building_ring_primer»; ближайшее ограничение — силовой кабель: 3.0 м при норме 0.7 м (СП 42.13330.2016, п. 9.6, табл. 9.1; ППМ 743-ПП, табл. 3.6.1)";"ассортимент для озеленения Москвы, категория «дворовые территории (тип участка не определён)»; в приоритете базовый ассортимент ППМ 515-ПП; без инвазивных видов ППМ 369-ПП";силовой кабель;2.97;0.7;"СП 42.13330.2016, п. 9.6, табл. 9.1; ППМ 743-ПП, табл. 3.6.1"
bush_building_border_009_002;посажено;bush;Бересклет европейский;NEW_BUSH;16.617;48.204;328.836;191.49;Кольцо кустарника вокруг здания;25_classical_building_ring_primer;"Кольцо кустарника вокруг здания — по аналогии с проектом «25_classical_building_ring_primer»; ближайшее ограничение — силовой кабель: 2.0 м при норме 0.7 м (СП 42.13330.2016, п. 9.6, табл. 9.1; ППМ 743-ПП, табл. 3.6.1)";"ассортимент для озеленения Москвы, категория «дворовые территории (тип участка не определён)»; в приоритете базовый ассортимент ППМ 515-ПП; без инвазивных видов ППМ 369-ПП";силовой кабель;2.0;0.7;"СП 42.13330.2016, п. 9.6, табл. 9.1; ППМ 743-ПП, табл. 3.6.1"
bush_building_border_012_001;посажено;bush;Жимолость золотистая;NEW_BUSH;105.957;27.014;418.176;170.299;Кольцо кустарника вокруг здания;25_classical_building_ring_primer;"Кольцо кустарника вокруг здания — по аналогии с проектом «25_classical_building_ring_primer»; ближайшее ограничение — кабель связи: 2.2 м при норме 0.7 м (СП 42.13330.2016, п. 9.6, табл. 9.1; ППМ 743-ПП, табл. 3.6.1)";"ассортимент для озеленения Москвы, категория «дворовые территории (тип участка не определён)»; в приоритете базовый ассортимент ППМ 515-ПП; без инвазивных видов ППМ 369-ПП";кабель связи;2.2;0.7;"СП 42.13330.2016, п. 9.6, табл. 9.1; ППМ 743-ПП, табл. 3.6.1"
bush_building_border_012_002;посажено;bush;Бересклет европейский;NEW_BUSH;104.591;27.321;416.81;170.607;Кольцо кустарника вокруг здания;25_classical_building_ring_primer;"Кольцо кустарника вокруг здания — по аналогии с проектом «25_classical_building_ring_primer»; ближайшее ограничение — кабель связи: 2.9 м при норме 0.7 м (СП 42.13330.2016, п. 9.6, табл. 9.1; ППМ 743-ПП, табл. 3.6.1)";"ассортимент для озеленения Москвы, категория «дворовые территории (тип участка не определён)»; в приоритете базовый ассортимент ППМ 515-ПП; без инвазивных видов ППМ 369-ПП";кабель связи;2.93;0.7;"СП 42.13330.2016, п. 9.6, табл. 9.1; ППМ 743-ПП, табл. 3.6.1"
bush_building_border_012_003;посажено;bush;Жимолость золотистая;NEW_BUSH;103.226;27.628;415.444;170.914;Кольцо кустарника вокруг здания;25_classical_building_ring_primer;"Кольцо кустарника вокруг здания — по аналогии с проектом «25_classical_building_ring_primer»; ближайшее ограничение — кабель связи: 3.0 м при норме 0.7 м (СП 42.13330.2016, п. 9.6, табл. 9.1; ППМ 743-ПП, табл. 3.6.1)";"ассортимент для озеленения Москвы, категория «дворовые территории (тип участка не определён)»; в приоритете базовый ассортимент ППМ 515-ПП; без инвазивных видов ППМ 369-ПП";кабель связи;3.04;0.7;"СП 42.13330.2016, п. 9.6, табл. 9.1; ППМ 743-ПП, табл. 3.6.1"
bush_building_border_012_004;посажено;bush;Бересклет европейский;NEW_BUSH;101.86;27.936;414.078;171.222;Кольцо кустарника вокруг здания;25_classical_building_ring_primer;"Кольцо кустарника вокруг здания — по аналогии с проектом «25_classical_building_ring_primer»; ближайшее ограничение — кабель связи: 2.9 м при норме 0.7 м (СП 42.13330.2016, п. 9.6, табл. 9.1; ППМ 743-ПП, табл. 3.6.1)";"ассортимент для озеленения Москвы, категория «дворовые территории (тип участка не определён)»; в приоритете базовый ассортимент ППМ 515-ПП; без инвазивных видов ППМ 369-ПП";кабель связи;2.89;0.7;"СП 42.13330.2016, п. 9.6, табл. 9.1; ППМ 743-ПП, табл. 3.6.1"
bush_building_border_012_005;посажено;bush;Жимолость золотистая;NEW_BUSH;100.494;28.243;412.712;171.529;Кольцо кустарника вокруг здания;25_classical_building_ring_primer;"Кольцо кустарника вокруг здания — по аналогии с проектом «25_classical_building_ring_primer»; ближайшее ограничение — кабель связи: 3.2 м при норме 0.7 м (СП 42.13330.2016, п. 9.6, табл. 9.1; ППМ 743-ПП, табл. 3.6.1)";"ассортимент для озеленения Москвы, категория «дворовые территории (тип участка не определён)»; в приоритете базовый ассортимент ППМ 515-ПП; без инвазивных видов ППМ 369-ПП";кабель связи;3.22;0.7;"СП 42.13330.2016, п. 9.6, табл. 9.1; ППМ 743-ПП, табл. 3.6.1"
bush_building_border_012_006;посажено;bush;Бересклет европейский;NEW_BUSH;99.128;28.551;411.347;171.837;Кольцо кустарника вокруг здания;25_classical_building_ring_primer;"Кольцо кустарника вокруг здания — по аналогии с проектом «25_classical_building_ring_primer»; ближайшее ограничение — кабель связи: 3.3 м при норме 0.7 м (СП 42.13330.2016, п. 9.6, табл. 9.1; ППМ 743-ПП, табл. 3.6.1)";"ассортимент для озеленения Москвы, категория «дворовые территории (тип участка не определён)»; в приоритете базовый ассортимент ППМ 515-ПП; без инвазивных видов ППМ 369-ПП";кабель связи;3.27;0.7;"СП 42.13330.2016, п. 9.6, табл. 9.1; ППМ 743-ПП, табл. 3.6.1"
bush_building_border_012_007;посажено;bush;Жимолость золотистая;NEW_BUSH;97.762;28.858;409.981;172.144;Кольцо кустарника вокруг здания;25_classical_building_ring_primer;"Кольцо кустарника вокруг здания — по аналогии с проектом «25_classical_building_ring_primer»; ближайшее ограничение — кабель связи: 3.3 м при норме 0.7 м (СП 42.13330.2016, п. 9.6, табл. 9.1; ППМ 743-ПП, табл. 3.6.1)";"ассортимент для озеленения Москвы, категория «дворовые территории (тип участка не определён)»; в приоритете базовый ассортимент ППМ 515-ПП; без инвазивных видов ППМ 369-ПП";кабель связи;3.32;0.7;"СП 42.13330.2016, п. 9.6, табл. 9.1; ППМ 743-ПП, табл. 3.6.1"
bush_building_border_012_008;посажено;bush;Бересклет европейский;NEW_BUSH;96.397;29.166;408.615;172.452;Кольцо кустарника вокруг здания;25_classical_building_ring_primer;"Кольцо кустарника вокруг здания — по аналогии с проектом «25_classical_building_ring_primer»; ближайшее ограничение — кабель связи: 3.4 м при норме 0.7 м (СП 42.13330.2016, п. 9.6, табл. 9.1; ППМ 743-ПП, табл. 3.6.1)";"ассортимент для озеленения Москвы, категория «дворовые территории (тип участка не определён)»; в приоритете базовый ассортимент ППМ 515-ПП; без инвазивных видов ППМ 369-ПП";кабель связи;3.36;0.7;"СП 42.13330.2016, п. 9.6, табл. 9.1; ППМ 743-ПП, табл. 3.6.1"
bush_building_border_012_009;посажено;bush;Жимолость золотистая;NEW_BUSH;95.031;29.473;407.249;172.759;Кольцо кустарника вокруг здания;25_classical_building_ring_primer;"Кольцо кустарника вокруг здания — по аналогии с проектом «25_classical_building_ring_primer»; ближайшее ограничение — кабель связи: 3.4 м при норме 0.7 м (СП 42.13330.2016, п. 9.6, табл. 9.1; ППМ 743-ПП, табл. 3.6.1)";"ассортимент для озеленения Москвы, категория «дворовые территории (тип участка не определён)»; в приоритете базовый ассортимент ППМ 515-ПП; без инвазивных видов ППМ 369-ПП";кабель связи;3.37;0.7;"СП 42.13330.2016, п. 9.6, табл. 9.1; ППМ 743-ПП, табл. 3.6.1"
bush_building_border_012_010;посажено;bush;Бересклет европейский;NEW_BUSH;93.665;29.781;405.883;173.067;Кольцо кустарника вокруг здания;25_classical_building_ring_primer;"Кольцо кустарника вокруг здания — по аналогии с проектом «25_classical_building_ring_primer»; ближайшее ограничение — кабель связи: 3.2 м при норме 0.7 м (СП 42.13330.2016, п. 9.6, табл. 9.1; ППМ 743-ПП, табл. 3.6.1)";"ассортимент для озеленения Москвы, категория «дворовые территории (тип участка не определён)»; в приоритете базовый ассортимент ППМ 515-ПП; без инвазивных видов ППМ 369-ПП";кабель связи;3.19;0.7;"СП 42.13330.2016, п. 9.6, табл. 9.1; ППМ 743-ПП, табл. 3.6.1"
bush_building_border_012_011;посажено;bush;Жимолость золотистая;NEW_BUSH;92.299;30.088;404.518;173.374;Кольцо кустарника вокруг здания;25_classical_building_ring_primer;"Кольцо кустарника вокруг здания — по аналогии с проектом «25_classical_building_ring_primer»; ближайшее ограничение — кабель связи: 3.5 м при норме 0.7 м (СП 42.13330.2016, п. 9.6, табл. 9.1; ППМ 743-ПП, табл. 3.6.1)";"ассортимент для озеленения Москвы, категория «дворовые территории (тип участка не определён)»; в приоритете базовый ассортимент ППМ 515-ПП; без инвазивных видов ППМ 369-ПП";кабель связи;3.51;0.7;"СП 42.13330.2016, п. 9.6, табл. 9.1; ППМ 743-ПП, табл. 3.6.1"
bush_building_border_012_012;посажено;bush;Бересклет европейский;NEW_BUSH;90.933;30.396;403.152;173.682;Кольцо кустарника вокруг здания;25_classical_building_ring_primer;"Кольцо кустарника вокруг здания — по аналогии с проектом «25_classical_building_ring_primer»; ближайшее ограничение — кабель связи: 3.6 м при норме 0.7 м (СП 42.13330.2016, п. 9.6, табл. 9.1; ППМ 743-ПП, табл. 3.6.1)";"ассортимент для озеленения Москвы, категория «дворовые территории (тип участка не определён)»; в приоритете базовый ассортимент ППМ 515-ПП; без инвазивных видов ППМ 369-ПП";кабель связи;3.56;0.7;"СП 42.13330.2016, п. 9.6, табл. 9.1; ППМ 743-ПП, табл. 3.6.1"
bush_building_border_012_013;посажено;bush;Жимолость золотистая;NEW_BUSH;89.567;30.703;401.786;173.989;Кольцо кустарника вокруг здания;25_classical_building_ring_primer;"Кольцо кустарника вокруг здания — по аналогии с проектом «25_classical_building_ring_primer»; ближайшее ограничение — кабель связи: 3.6 м при норме 0.7 м (СП 42.13330.2016, п. 9.6, табл. 9.1; ППМ 743-ПП, табл. 3.6.1)";"ассортимент для озеленения Москвы, категория «дворовые территории (тип участка не определён)»; в приоритете базовый ассортимент ППМ 515-ПП; без инвазивных видов ППМ 369-ПП";кабель связи;3.61;0.7;"СП 42.13330.2016, п. 9.6, табл. 9.1; ППМ 743-ПП, табл. 3.6.1"
bush_building_border_012_014;посажено;bush;Бересклет европейский;NEW_BUSH;88.202;31.011;400.42;174.297;Кольцо кустарника вокруг здания;25_classical_building_ring_primer;"Кольцо кустарника вокруг здания — по аналогии с проектом «25_classical_building_ring_primer»; ближайшее ограничение — кабель связи: 3.7 м при норме 0.7 м (СП 42.13330.2016, п. 9.6, табл. 9.1; ППМ 743-ПП, табл. 3.6.1)";"ассортимент для озеленения Москвы, категория «дворовые территории (тип участка не определён)»; в приоритете базовый ассортимент ППМ 515-ПП; без инвазивных видов ППМ 369-ПП";кабель связи;3.66;0.7;"СП 42.13330.2016, п. 9.6, табл. 9.1; ППМ 743-ПП, табл. 3.6.1"
bush_building_border_012_015;посажено;bush;Жимолость золотистая;NEW_BUSH;86.836;31.318;399.054;174.604;Кольцо кустарника вокруг здания;25_classical_building_ring_primer;"Кольцо кустарника вокруг здания — по аналогии с проектом «25_classical_building_ring_primer»; ближайшее ограничение — кабель связи: 3.7 м при норме 0.7 м (СП 42.13330.2016, п. 9.6, табл. 9.1; ППМ 743-ПП, табл. 3.6.1)";"ассортимент для озеленения Москвы, категория «дворовые территории (тип участка не определён)»; в приоритете базовый ассортимент ППМ 515-ПП; без инвазивных видов ППМ 369-ПП";кабель связи;3.69;0.7;"СП 42.13330.2016, п. 9.6, табл. 9.1; ППМ 743-ПП, табл. 3.6.1"
bush_building_border_012_016;посажено;bush;Бересклет европейский;NEW_BUSH;85.47;31.626;397.688;174.912;Кольцо кустарника вокруг здания;25_classical_building_ring_primer;"Кольцо кустарника вокруг здания — по аналогии с проектом «25_classical_building_ring_primer»; ближайшее ограничение — кабель связи: 3.5 м при норме 0.7 м (СП 42.13330.2016, п. 9.6, табл. 9.1; ППМ 743-ПП, табл. 3.6.1)";"ассортимент для озеленения Москвы, категория «дворовые территории (тип участка не определён)»; в приоритете базовый ассортимент ППМ 515-ПП; без инвазивных видов ППМ 369-ПП";кабель связи;3.48;0.7;"СП 42.13330.2016, п. 9.6, табл. 9.1; ППМ 743-ПП, табл. 3.6.1"
bush_building_border_012_017;посажено;bush;Жимолость золотистая;NEW_BUSH;84.104;31.933;396.323;175.219;Кольцо кустарника вокруг здания;25_classical_building_ring_primer;"Кольцо кустарника вокруг здания — по аналогии с проектом «25_classical_building_ring_primer»; ближайшее ограничение — кабель связи: 3.0 м при норме 0.7 м (СП 42.13330.2016, п. 9.6, табл. 9.1; ППМ 743-ПП, табл. 3.6.1)";"ассортимент для озеленения Москвы, категория «дворовые территории (тип участка не определён)»; в приоритете базовый ассортимент ППМ 515-ПП; без инвазивных видов ППМ 369-ПП";кабель связи;2.97;0.7;"СП 42.13330.2016, п. 9.6, табл. 9.1; ППМ 743-ПП, табл. 3.6.1"
bush_building_border_012_018;посажено;bush;Бересклет европейский;NEW_BUSH;82.738;32.241;394.957;175.527;Кольцо кустарника вокруг здания;25_classical_building_ring_primer;"Кольцо кустарника вокруг здания — по аналогии с проектом «25_classical_building_ring_primer»; ближайшее ограничение — кабель связи: 2.1 м при норме 0.7 м (СП 42.13330.2016, п. 9.6, табл. 9.1; ППМ 743-ПП, табл. 3.6.1)";"ассортимент для озеленения Москвы, категория «дворовые территории (тип участка не определён)»; в приоритете базовый ассортимент ППМ 515-ПП; без инвазивных видов ППМ 369-ПП";кабель связи;2.07;0.7;"СП 42.13330.2016, п. 9.6, табл. 9.1; ППМ 743-ПП, табл. 3.6.1"
bush_building_border_012_019;посажено;bush;Жимолость золотистая;NEW_BUSH;84.607;33.676;396.825;176.962;Кольцо кустарника вокруг здания;25_classical_building_ring_primer;"Кольцо кустарника вокруг здания — по аналогии с проектом «25_classical_building_ring_primer»; ближайшее ограничение — кабель связи: 2.0 м при норме 0.7 м (СП 42.13330.2016, п. 9.6, табл. 9.1; ППМ 743-ПП, табл. 3.6.1)";"ассортимент для озеленения Москвы, категория «дворовые территории (тип участка не определён)»; в приоритете базовый ассортимент ППМ 515-ПП; без инвазивных видов ППМ 369-ПП";кабель связи;2.0;0.7;"СП 42.13330.2016, п. 9.6, табл. 9.1; ППМ 743-ПП, табл. 3.6.1"
bush_building_border_012_020;посажено;bush;Бересклет европейский;NEW_BUSH;85.835;33.067;398.053;176.353;Кольцо кустарника вокруг здания;25_classical_building_ring_primer;"Кольцо кустарника вокруг здания — по аналогии с проектом «25_classical_building_ring_primer»; ближайшее ограничение — кабель связи: 2.0 м при норме 0.7 м (СП 42.13330.2016, п. 9.6, табл. 9.1; ППМ 743-ПП, табл. 3.6.1)";"ассортимент для озеленения Москвы, категория «дворовые территории (тип участка не определён)»; в приоритете базовый ассортимент ППМ 515-ПП; без инвазивных видов ППМ 369-ПП";кабель связи;2.0;0.7;"СП 42.13330.2016, п. 9.6, табл. 9.1; ППМ 743-ПП, табл. 3.6.1"
bush_building_border_012_021;посажено;bush;Жимолость золотистая;NEW_BUSH;87.208;32.992;399.427;176.278;Кольцо кустарника вокруг здания;25_classical_building_ring_primer;"Кольцо кустарника вокруг здания — по аналогии с проектом «25_classical_building_ring_primer»; ближайшее ограничение — кабель связи: 2.0 м при норме 0.7 м (СП 42.13330.2016, п. 9.6, табл. 9.1; ППМ 743-ПП, табл. 3.6.1)";"ассортимент для озеленения Москвы, категория «дворовые территории (тип участка не определён)»; в приоритете базовый ассортимент ППМ 515-ПП; без инвазивных видов ППМ 369-ПП";кабель связи;2.0;0.7;"СП 42.13330.2016, п. 9.6, табл. 9.1; ППМ 743-ПП, табл. 3.6.1"
bush_building_border_012_022;посажено;bush;Бересклет европейский;NEW_BUSH;88.562;32.635;400.78;175.921;Кольцо кустарника вокруг здания;25_classical_building_ring_primer;"Кольцо кустарника вокруг здания — по аналогии с проектом «25_classical_building_ring_primer»; ближайшее ограничение — кабель связи: 2.0 м при норме 0.7 м (СП 42.13330.2016, п. 9.6, табл. 9.1; ППМ 743-ПП, табл. 3.6.1)";"ассортимент для озеленения Москвы, категория «дворовые территории (тип участка не определён)»; в приоритете базовый ассортимент ППМ 515-ПП; без инвазивных видов ППМ 369-ПП";кабель связи;2.0;0.7;"СП 42.13330.2016, п. 9.6, табл. 9.1; ППМ 743-ПП, табл. 3.6.1"
bush_building_border_012_023;посажено;bush;Жимолость золотистая;NEW_BUSH;89.916;32.278;402.134;175.564;Кольцо кустарника вокруг здания;25_classical_building_ring_primer;"Кольцо кустарника вокруг здания — по аналогии с проектом «25_classical_building_ring_primer»; ближайшее ограничение — кабель связи: 2.0 м при норме 0.7 м (СП 42.13330.2016, п. 9.6, табл. 9.1; ППМ 743-ПП, табл. 3.6.1)";"ассортимент для озеленения Москвы, категория «дворовые территории (тип участка не определён)»; в приоритете базовый ассортимент ППМ 515-ПП; без инвазивных видов ППМ 369-ПП";кабель связи;2.0;0.7;"СП 42.13330.2016, п. 9.6, табл. 9.1; ППМ 743-ПП, табл. 3.6.1"
bush_building_border_012_024;посажено;bush;Бересклет европейский;NEW_BUSH;91.27;31.922;403.488;175.208;Кольцо кустарника вокруг здания;25_classical_building_ring_primer;"Кольцо кустарника вокруг здания — по аналогии с проектом «25_classical_building_ring_primer»; ближайшее ограничение — кабель связи: 2.0 м при норме 0.7 м (СП 42.13330.2016, п. 9.6, табл. 9.1; ППМ 743-ПП, табл. 3.6.1)";"ассортимент для озеленения Москвы, категория «дворовые территории (тип участка не определён)»; в приоритете базовый ассортимент ППМ 515-ПП; без инвазивных видов ППМ 369-ПП";кабель связи;2.0;0.7;"СП 42.13330.2016, п. 9.6, табл. 9.1; ППМ 743-ПП, табл. 3.6.1"
bush_building_border_012_025;посажено;bush;Жимолость золотистая;NEW_BUSH;92.623;31.565;404.842;174.851;Кольцо кустарника вокруг здания;25_classical_building_ring_primer;"Кольцо кустарника вокруг здания — по аналогии с проектом «25_classical_building_ring_primer»; ближайшее ограничение — кабель связи: 2.0 м при норме 0.7 м (СП 42.13330.2016, п. 9.6, табл. 9.1; ППМ 743-ПП, табл. 3.6.1)";"ассортимент для озеленения Москвы, категория «дворовые территории (тип участка не определён)»; в приоритете базовый ассортимент ППМ 515-ПП; без инвазивных видов ППМ 369-ПП";кабель связи;2.0;0.7;"СП 42.13330.2016, п. 9.6, табл. 9.1; ППМ 743-ПП, табл. 3.6.1"
bush_building_border_012_026;посажено;bush;Бересклет европейский;NEW_BUSH;93.857;30.975;406.076;174.261;Кольцо кустарника вокруг здания;25_classical_building_ring_primer;"Кольцо кустарника вокруг здания — по аналогии с проектом «25_classical_building_ring_primer»; ближайшее ограничение — кабель связи: 2.0 м при норме 0.7 м (СП 42.13330.2016, п. 9.6, табл. 9.1; ППМ 743-ПП, табл. 3.6.1)";"ассортимент для озеленения Москвы, категория «дворовые территории (тип участка не определён)»; в приоритете базовый ассортимент ППМ 515-ПП; без инвазивных видов ППМ 369-ПП";кабель связи;2.0;0.7;"СП 42.13330.2016, п. 9.6, табл. 9.1; ППМ 743-ПП, табл. 3.6.1"
bush_building_border_012_027;посажено;bush;Жимолость золотистая;NEW_BUSH;95.226;30.885;407.444;174.171;Кольцо кустарника вокруг здания;25_classical_building_ring_primer;"Кольцо кустарника вокруг здания — по аналогии с проектом «25_classical_building_ring_primer»; ближайшее ограничение — кабель связи: 2.0 м при норме 0.7 м (СП 42.13330.2016, п. 9.6, табл. 9.1; ППМ 743-ПП, табл. 3.6.1)";"ассортимент для озеленения Москвы, категория «дворовые территории (тип участка не определён)»; в приоритете базовый ассортимент ППМ 515-ПП; без инвазивных видов ППМ 369-ПП";кабель связи;2.0;0.7;"СП 42.13330.2016, п. 9.6, табл. 9.1; ППМ 743-ПП, табл. 3.6.1"
bush_building_border_012_028;посажено;bush;Бересклет европейский;NEW_BUSH;96.58;30.528;408.798;173.814;Кольцо кустарника вокруг здания;25_classical_building_ring_primer;"Кольцо кустарника вокруг здания — по аналогии с проектом «25_classical_building_ring_primer»; ближайшее ограничение — кабель связи: 2.0 м при норме 0.7 м (СП 42.13330.2016, п. 9.6, табл. 9.1; ППМ 743-ПП, табл. 3.6.1)";"ассортимент для озеленения Москвы, категория «дворовые территории (тип участка не определён)»; в приоритете базовый ассортимент ППМ 515-ПП; без инвазивных видов ППМ 369-ПП";кабель связи;2.0;0.7;"СП 42.13330.2016, п. 9.6, табл. 9.1; ППМ 743-ПП, табл. 3.6.1"
bush_building_border_012_029;посажено;bush;Жимолость золотистая;NEW_BUSH;97.934;30.175;410.153;173.461;Кольцо кустарника вокруг здания;25_classical_building_ring_primer;"Кольцо кустарника вокруг здания — по аналогии с проектом «25_classical_building_ring_primer»; ближайшее ограничение — кабель связи: 2.0 м при норме 0.7 м (СП 42.13330.2016, п. 9.6, табл. 9.1; ППМ 743-ПП, табл. 3.6.1)";"ассортимент для озеленения Москвы, категория «дворовые территории (тип участка не определён)»; в приоритете базовый ассортимент ППМ 515-ПП; без инвазивных видов ППМ 369-ПП";кабель связи;2.0;0.7;"СП 42.13330.2016, п. 9.6, табл. 9.1; ППМ 743-ПП, табл. 3.6.1"
bush_building_border_012_030;посажено;bush;Бересклет европейский;NEW_BUSH;99.289;29.823;411.508;173.109;Кольцо кустарника вокруг здания;25_classical_building_ring_primer;"Кольцо кустарника вокруг здания — по аналогии с проектом «25_classical_building_ring_primer»; ближайшее ограничение — кабель связи: 2.0 м при норме 0.7 м (СП 42.13330.2016, п. 9.6, табл. 9.1; ППМ 743-ПП, табл. 3.6.1)";"ассортимент для озеленения Москвы, категория «дворовые территории (тип участка не определён)»; в приоритете базовый ассортимент ППМ 515-ПП; без инвазивных видов ППМ 369-ПП";кабель связи;2.0;0.7;"СП 42.13330.2016, п. 9.6, табл. 9.1; ППМ 743-ПП, табл. 3.6.1"
bush_building_border_012_031;посажено;bush;Жимолость золотистая;NEW_BUSH;100.644;29.47;412.863;172.756;Кольцо кустарника вокруг здания;25_classical_building_ring_primer;"Кольцо кустарника вокруг здания — по аналогии с проектом «25_classical_building_ring_primer»; ближайшее ограничение — кабель связи: 2.0 м при норме 0.7 м (СП 42.13330.2016, п. 9.6, табл. 9.1; ППМ 743-ПП, табл. 3.6.1)";"ассортимент для озеленения Москвы, категория «дворовые территории (тип участка не определён)»; в приоритете базовый ассортимент ППМ 515-ПП; без инвазивных видов ППМ 369-ПП";кабель связи;2.0;0.7;"СП 42.13330.2016, п. 9.6, табл. 9.1; ППМ 743-ПП, табл. 3.6.1"
bush_building_border_012_032;посажено;bush;Бересклет европейский;NEW_BUSH;103.239;28.689;415.458;171.975;Кольцо кустарника вокруг здания;25_classical_building_ring_primer;"Кольцо кустарника вокруг здания — по аналогии с проектом «25_classical_building_ring_primer»; ближайшее ограничение — кабель связи: 2.0 м при норме 0.7 м (СП 42.13330.2016, п. 9.6, табл. 9.1; ППМ 743-ПП, табл. 3.6.1)";"ассортимент для озеленения Москвы, категория «дворовые территории (тип участка не определён)»; в приоритете базовый ассортимент ППМ 515-ПП; без инвазивных видов ППМ 369-ПП";кабель связи;2.0;0.7;"СП 42.13330.2016, п. 9.6, табл. 9.1; ППМ 743-ПП, табл. 3.6.1"
bush_building_border_012_033;посажено;bush;Жимолость золотистая;NEW_BUSH;104.592;28.432;416.811;171.718;Кольцо кустарника вокруг здания;25_classical_building_ring_primer;"Кольцо кустарника вокруг здания — по аналогии с проектом «25_classical_building_ring_primer»; ближайшее ограничение — кабель связи: 2.0 м при норме 0.7 м (СП 42.13330.2016, п. 9.6, табл. 9.1; ППМ 743-ПП, табл. 3.6.1)";"ассортимент для озеленения Москвы, категория «дворовые территории (тип участка не определён)»; в приоритете базовый ассортимент ППМ 515-ПП; без инвазивных видов ППМ 369-ПП";кабель связи;2.0;0.7;"СП 42.13330.2016, п. 9.6, табл. 9.1; ППМ 743-ПП, табл. 3.6.1"
bush_building_border_013_001;посажено;bush;Жимолость золотистая;NEW_BUSH;111.746;26.56;423.964;169.846;Кольцо кустарника вокруг здания;25_classical_building_ring_primer;"Кольцо кустарника вокруг здания — по аналогии с проектом «25_classical_building_ring_primer»; ближайшее ограничение — кабель связи: 2.0 м при норме 0.7 м (СП 42.13330.2016, п. 9.6, табл. 9.1; ППМ 743-ПП, табл. 3.6.1)";"ассортимент для озеленения Москвы, категория «дворовые территории (тип участка не определён)»; в приоритете базовый ассортимент ППМ 515-ПП; без инвазивных видов ППМ 369-ПП";кабель связи;2.0;0.7;"СП 42.13330.2016, п. 9.6, табл. 9.1; ППМ 743-ПП, табл. 3.6.1"
bush_building_border_013_002;посажено;bush;Бересклет европейский;NEW_BUSH;112.924;27.282;425.142;170.567;Кольцо кустарника вокруг здания;25_classical_building_ring_primer;"Кольцо кустарника вокруг здания — по аналогии с проектом «25_classical_building_ring_primer»; ближайшее ограничение — кабель связи: 2.0 м при норме 0.7 м (СП 42.13330.2016, п. 9.6, табл. 9.1; ППМ 743-ПП, табл. 3.6.1)";"ассортимент для озеленения Москвы, категория «дворовые территории (тип участка не определён)»; в приоритете базовый ассортимент ППМ 515-ПП; без инвазивных видов ППМ 369-ПП";кабель связи;2.0;0.7;"СП 42.13330.2016, п. 9.6, табл. 9.1; ППМ 743-ПП, табл. 3.6.1"
bush_building_border_013_003;посажено;bush;Жимолость золотистая;NEW_BUSH;114.372;25.811;426.59;169.097;Кольцо кустарника вокруг здания;25_classical_building_ring_primer;"Кольцо кустарника вокруг здания — по аналогии с проектом «25_classical_building_ring_primer»; ближайшее ограничение — канализация: 1.5 м при норме 0.0 м (СП 42.13330.2016, п. 9.6, табл. 9.1; ППМ 743-ПП, табл. 3.6.1)";"ассортимент для озеленения Москвы, категория «дворовые территории (тип участка не определён)»; в приоритете базовый ассортимент ППМ 515-ПП; без инвазивных видов ППМ 369-ПП";канализация;1.5;0.0;"СП 42.13330.2016, п. 9.6, табл. 9.1; ППМ 743-ПП, табл. 3.6.1"
bush_building_border_013_004;посажено;bush;Бересклет европейский;NEW_BUSH;115.4;24.932;427.619;168.218;Кольцо кустарника вокруг здания;25_classical_building_ring_primer;"Кольцо кустарника вокруг здания — по аналогии с проектом «25_classical_building_ring_primer»; ближайшее ограничение — канализация: 1.5 м при норме 0.0 м (СП 42.13330.2016, п. 9.6, табл. 9.1; ППМ 743-ПП, табл. 3.6.1)";"ассортимент для озеленения Москвы, категория «дворовые территории (тип участка не определён)»; в приоритете базовый ассортимент ППМ 515-ПП; без инвазивных видов ППМ 369-ПП";канализация;1.5;0.0;"СП 42.13330.2016, п. 9.6, табл. 9.1; ППМ 743-ПП, табл. 3.6.1"
bush_building_border_013_005;посажено;bush;Жимолость золотистая;NEW_BUSH;113.165;25.391;425.384;168.677;Кольцо кустарника вокруг здания;25_classical_building_ring_primer;"Кольцо кустарника вокруг здания — по аналогии с проектом «25_classical_building_ring_primer»; ближайшее ограничение — канализация: 2.8 м при норме 0.0 м (СП 42.13330.2016, п. 9.6, табл. 9.1; ППМ 743-ПП, табл. 3.6.1)";"ассортимент для озеленения Москвы, категория «дворовые территории (тип участка не определён)»; в приоритете базовый ассортимент ППМ 515-ПП; без инвазивных видов ППМ 369-ПП";канализация;2.76;0.0;"СП 42.13330.2016, п. 9.6, табл. 9.1; ППМ 743-ПП, табл. 3.6.1"
bush_building_border_013_006;посажено;bush;Бересклет европейский;NEW_BUSH;110.434;26.006;422.652;169.292;Кольцо кустарника вокруг здания;25_classical_building_ring_primer;"Кольцо кустарника вокруг здания — по аналогии с проектом «25_classical_building_ring_primer»; ближайшее ограничение — кабель связи: 2.1 м при норме 0.7 м (СП 42.13330.2016, п. 9.6, табл. 9.1; ППМ 743-ПП, табл. 3.6.1)";"ассортимент для озеленения Москвы, категория «дворовые территории (тип участка не определён)»; в приоритете базовый ассортимент ППМ 515-ПП; без инвазивных видов ППМ 369-ПП";кабель связи;2.1;0.7;"СП 42.13330.2016, п. 9.6, табл. 9.1; ППМ 743-ПП, табл. 3.6.1"
bush_building_border_015_001;посажено;bush;Жимолость золотистая;NEW_BUSH;213.021;15.341;525.24;158.627;Кольцо кустарника вокруг здания;25_classical_building_ring_primer;"Кольцо кустарника вокруг здания — по аналогии с проектом «25_classical_building_ring_primer»; ближайшее ограничение — теплосеть: 2.4 м при норме 2.0 м (МГСН 1.02-02, п. 4.2.8)";"ассортимент для озеленения Москвы, категория «дворовые территории (тип участка не определён)»; в приоритете базовый ассортимент ППМ 515-ПП; без инвазивных видов ППМ 369-ПП";теплосеть;2.4;2.0;МГСН 1.02-02, п. 4.2.8
bush_building_border_015_002;посажено;bush;Бересклет европейский;NEW_BUSH;211.667;15.698;523.886;158.984;Кольцо кустарника вокруг здания;25_classical_building_ring_primer;"Кольцо кустарника вокруг здания — по аналогии с проектом «25_classical_building_ring_primer»; ближайшее ограничение — теплосеть: 3.5 м при норме 1.0 м (СП 42.13330.2016, п. 9.6, табл. 9.1; ППМ 743-ПП, табл. 3.6.1)";"ассортимент для озеленения Москвы, категория «дворовые территории (тип участка не определён)»; в приоритете базовый ассортимент ППМ 515-ПП; без инвазивных видов ППМ 369-ПП";теплосеть;3.49;1.0;"СП 42.13330.2016, п. 9.6, табл. 9.1; ППМ 743-ПП, табл. 3.6.1"
bush_building_border_015_003;посажено;bush;Жимолость золотистая;NEW_BUSH;210.314;16.055;522.532;159.341;Кольцо кустарника вокруг здания;25_classical_building_ring_primer;"Кольцо кустарника вокруг здания — по аналогии с проектом «25_classical_building_ring_primer»; ближайшее ограничение — теплосеть: 2.7 м при норме 2.0 м (МГСН 1.02-02, п. 4.2.8)";"ассортимент для озеленения Москвы, категория «дворовые территории (тип участка не определён)»; в приоритете базовый ассортимент ППМ 515-ПП; без инвазивных видов ППМ 369-ПП";теплосеть;2.74;2.0;МГСН 1.02-02, п. 4.2.8
tree_path_corridor_001_001;посажено;tree;Липа мелколистная;NEW_TREE;-123.289;-67.017;188.929;76.269;Линейная посадка (живая изгородь/ряд вдоль полосы);19_2ya_pryadilnaya;"Линейная посадка (живая изгородь/ряд вдоль полосы) — по аналогии с проектом «19_2ya_pryadilnaya»; ближайшее ограничение — проезжая часть: 3.4 м при норме 2.0 м (СП 42.13330.2016, п. 9.6, табл. 9.1; ППМ 743-ПП, табл. 3.6.1)";"ассортимент для озеленения Москвы, категория «дворовые территории (тип участка не определён)»; в приоритете базовый ассортимент ППМ 515-ПП; без инвазивных видов ППМ 369-ПП";проезжая часть;3.41;2.0;"СП 42.13330.2016, п. 9.6, табл. 9.1; ППМ 743-ПП, табл. 3.6.1"
tree_path_corridor_001_002;посажено;tree;Липа мелколистная;NEW_TREE;-120.717;-55.399;191.501;87.887;Линейная посадка (живая изгородь/ряд вдоль полосы);19_2ya_pryadilnaya;"Линейная посадка (живая изгородь/ряд вдоль полосы) — по аналогии с проектом «19_2ya_pryadilnaya»; ближайшее ограничение — здание: 11.3 м при норме 10.0 м (ППМ 743-ПП, табл. 3.6.1, прим. 3)";"ассортимент для озеленения Москвы, категория «дворовые территории (тип участка не определён)»; в приоритете базовый ассортимент ППМ 515-ПП; без инвазивных видов ППМ 369-ПП";здание;11.35;10.0;ППМ 743-ПП, табл. 3.6.1, прим. 3
bush_path_corridor_001_001;посажено;bush;Жимолость золотистая;NEW_BUSH;-125.483;-76.927;186.735;66.359;Линейная посадка (живая изгородь/ряд вдоль полосы);19_2ya_pryadilnaya;"Линейная посадка (живая изгородь/ряд вдоль полосы) — по аналогии с проектом «19_2ya_pryadilnaya»; ближайшее ограничение — кабель связи: 2.7 м при норме 0.7 м (СП 42.13330.2016, п. 9.6, табл. 9.1; ППМ 743-ПП, табл. 3.6.1)";"ассортимент для озеленения Москвы, категория «дворовые территории (тип участка не определён)»; в приоритете базовый ассортимент ППМ 515-ПП; без инвазивных видов ППМ 369-ПП";кабель связи;2.72;0.7;"СП 42.13330.2016, п. 9.6, табл. 9.1; ППМ 743-ПП, табл. 3.6.1"
bush_path_corridor_001_002;посажено;bush;Жимолость золотистая;NEW_BUSH;-125.18;-75.561;187.038;67.725;Линейная посадка (живая изгородь/ряд вдоль полосы);19_2ya_pryadilnaya;"Линейная посадка (живая изгородь/ряд вдоль полосы) — по аналогии с проектом «19_2ya_pryadilnaya»; ближайшее ограничение — проезжая часть: 3.5 м при норме 1.0 м (СП 42.13330.2016, п. 9.6, табл. 9.1; ППМ 743-ПП, табл. 3.6.1)";"ассортимент для озеленения Москвы, категория «дворовые территории (тип участка не определён)»; в приоритете базовый ассортимент ППМ 515-ПП; без инвазивных видов ППМ 369-ПП";проезжая часть;3.45;1.0;"СП 42.13330.2016, п. 9.6, табл. 9.1; ППМ 743-ПП, табл. 3.6.1"
bush_path_corridor_001_003;посажено;bush;Жимолость золотистая;NEW_BUSH;-124.878;-74.194;187.341;69.092;Линейная посадка (живая изгородь/ряд вдоль полосы);19_2ya_pryadilnaya;"Линейная посадка (живая изгородь/ряд вдоль полосы) — по аналогии с проектом «19_2ya_pryadilnaya»; ближайшее ограничение — проезжая часть: 3.4 м при норме 1.0 м (СП 42.13330.2016, п. 9.6, табл. 9.1; ППМ 743-ПП, табл. 3.6.1)";"ассортимент для озеленения Москвы, категория «дворовые территории (тип участка не определён)»; в приоритете базовый ассортимент ППМ 515-ПП; без инвазивных видов ППМ 369-ПП";проезжая часть;3.41;1.0;"СП 42.13330.2016, п. 9.6, табл. 9.1; ППМ 743-ПП, табл. 3.6.1"
bush_path_corridor_001_004;посажено;bush;Жимолость золотистая;NEW_BUSH;-124.575;-72.827;187.643;70.459;Линейная посадка (живая изгородь/ряд вдоль полосы);19_2ya_pryadilnaya;"Линейная посадка (живая изгородь/ряд вдоль полосы) — по аналогии с проектом «19_2ya_pryadilnaya»; ближайшее ограничение — проезжая часть: 3.4 м при норме 1.0 м (СП 42.13330.2016, п. 9.6, табл. 9.1; ППМ 743-ПП, табл. 3.6.1)";"ассортимент для озеленения Москвы, категория «дворовые территории (тип участка не определён)»; в приоритете базовый ассортимент ППМ 515-ПП; без инвазивных видов ППМ 369-ПП";проезжая часть;3.4;1.0;"СП 42.13330.2016, п. 9.6, табл. 9.1; ППМ 743-ПП, табл. 3.6.1"
bush_path_corridor_001_005;посажено;bush;Жимолость золотистая;NEW_BUSH;-124.273;-71.46;187.946;71.826;Линейная посадка (живая изгородь/ряд вдоль полосы);19_2ya_pryadilnaya;"Линейная посадка (живая изгородь/ряд вдоль полосы) — по аналогии с проектом «19_2ya_pryadilnaya»; ближайшее ограничение — проезжая часть: 3.4 м при норме 1.0 м (СП 42.13330.2016, п. 9.6, табл. 9.1; ППМ 743-ПП, табл. 3.6.1)";"ассортимент для озеленения Москвы, категория «дворовые территории (тип участка не определён)»; в приоритете базовый ассортимент ППМ 515-ПП; без инвазивных видов ППМ 369-ПП";проезжая часть;3.4;1.0;"СП 42.13330.2016, п. 9.6, табл. 9.1; ППМ 743-ПП, табл. 3.6.1"
bush_path_corridor_001_006;посажено;bush;Жимолость золотистая;NEW_BUSH;-123.97;-70.093;188.248;73.193;Линейная посадка (живая изгородь/ряд вдоль полосы);19_2ya_pryadilnaya;"Линейная посадка (живая изгородь/ряд вдоль полосы) — по аналогии с проектом «19_2ya_pryadilnaya»; ближайшее ограничение — проезжая часть: 3.4 м при норме 1.0 м (СП 42.13330.2016, п. 9.6, табл. 9.1; ППМ 743-ПП, табл. 3.6.1)";"ассортимент для озеленения Москвы, категория «дворовые территории (тип участка не определён)»; в приоритете базовый ассортимент ППМ 515-ПП; без инвазивных видов ППМ 369-ПП";проезжая часть;3.4;1.0;"СП 42.13330.2016, п. 9.6, табл. 9.1; ППМ 743-ПП, табл. 3.6.1"
bush_path_corridor_001_007;посажено;bush;Жимолость золотистая;NEW_BUSH;-123.667;-68.726;188.551;74.56;Линейная посадка (живая изгородь/ряд вдоль полосы);19_2ya_pryadilnaya;"Линейная посадка (живая изгородь/ряд вдоль полосы) — по аналогии с проектом «19_2ya_pryadilnaya»; ближайшее ограничение — проезжая часть: 3.4 м при норме 1.0 м (СП 42.13330.2016, п. 9.6, табл. 9.1; ППМ 743-ПП, табл. 3.6.1)";"ассортимент для озеленения Москвы, категория «дворовые территории (тип участка не определён)»; в приоритете базовый ассортимент ППМ 515-ПП; без инвазивных видов ППМ 369-ПП";проезжая часть;3.41;1.0;"СП 42.13330.2016, п. 9.6, табл. 9.1; ППМ 743-ПП, табл. 3.6.1"
bush_path_corridor_001_008;посажено;bush;Жимолость золотистая;NEW_BUSH;-123.062;-65.992;189.156;77.294;Линейная посадка (живая изгородь/ряд вдоль полосы);19_2ya_pryadilnaya;"Линейная посадка (живая изгородь/ряд вдоль полосы) — по аналогии с проектом «19_2ya_pryadilnaya»; ближайшее ограничение — проезжая часть: 3.4 м при норме 1.0 м (СП 42.13330.2016, п. 9.6, табл. 9.1; ППМ 743-ПП, табл. 3.6.1)";"ассортимент для озеленения Москвы, категория «дворовые территории (тип участка не определён)»; в приоритете базовый ассортимент ППМ 515-ПП; без инвазивных видов ППМ 369-ПП";проезжая часть;3.41;1.0;"СП 42.13330.2016, п. 9.6, табл. 9.1; ППМ 743-ПП, табл. 3.6.1"
bush_path_corridor_001_009;посажено;bush;Жимолость золотистая;NEW_BUSH;-122.76;-64.625;189.459;78.661;Линейная посадка (живая изгородь/ряд вдоль полосы);19_2ya_pryadilnaya;"Линейная посадка (живая изгородь/ряд вдоль полосы) — по аналогии с проектом «19_2ya_pryadilnaya»; ближайшее ограничение — проезжая часть: 3.4 м при норме 1.0 м (СП 42.13330.2016, п. 9.6, табл. 9.1; ППМ 743-ПП, табл. 3.6.1)";"ассортимент для озеленения Москвы, категория «дворовые территории (тип участка не определён)»; в приоритете базовый ассортимент ППМ 515-ПП; без инвазивных видов ППМ 369-ПП";проезжая часть;3.42;1.0;"СП 42.13330.2016, п. 9.6, табл. 9.1; ППМ 743-ПП, табл. 3.6.1"
bush_path_corridor_001_010;посажено;bush;Жимолость золотистая;NEW_BUSH;-122.457;-63.258;189.761;80.028;Линейная посадка (живая изгородь/ряд вдоль полосы);19_2ya_pryadilnaya;"Линейная посадка (живая изгородь/ряд вдоль полосы) — по аналогии с проектом «19_2ya_pryadilnaya»; ближайшее ограничение — проезжая часть: 3.4 м при норме 1.0 м (СП 42.13330.2016, п. 9.6, табл. 9.1; ППМ 743-ПП, табл. 3.6.1)";"ассортимент для озеленения Москвы, категория «дворовые территории (тип участка не определён)»; в приоритете базовый ассортимент ППМ 515-ПП; без инвазивных видов ППМ 369-ПП";проезжая часть;3.42;1.0;"СП 42.13330.2016, п. 9.6, табл. 9.1; ППМ 743-ПП, табл. 3.6.1"
bush_path_corridor_001_011;посажено;bush;Жимолость золотистая;NEW_BUSH;-122.154;-61.891;190.064;81.394;Линейная посадка (живая изгородь/ряд вдоль полосы);19_2ya_pryadilnaya;"Линейная посадка (живая изгородь/ряд вдоль полосы) — по аналогии с проектом «19_2ya_pryadilnaya»; ближайшее ограничение — проезжая часть: 3.4 м при норме 1.0 м (СП 42.13330.2016, п. 9.6, табл. 9.1; ППМ 743-ПП, табл. 3.6.1)";"ассортимент для озеленения Москвы, категория «дворовые территории (тип участка не определён)»; в приоритете базовый ассортимент ППМ 515-ПП; без инвазивных видов ППМ 369-ПП";проезжая часть;3.42;1.0;"СП 42.13330.2016, п. 9.6, табл. 9.1; ППМ 743-ПП, табл. 3.6.1"
bush_path_corridor_001_012;посажено;bush;Жимолость золотистая;NEW_BUSH;-121.852;-60.525;190.367;82.761;Линейная посадка (живая изгородь/ряд вдоль полосы);19_2ya_pryadilnaya;"Линейная посадка (живая изгородь/ряд вдоль полосы) — по аналогии с проектом «19_2ya_pryadilnaya»; ближайшее ограничение — проезжая часть: 3.4 м при норме 1.0 м (СП 42.13330.2016, п. 9.6, табл. 9.1; ППМ 743-ПП, табл. 3.6.1)";"ассортимент для озеленения Москвы, категория «дворовые территории (тип участка не определён)»; в приоритете базовый ассортимент ППМ 515-ПП; без инвазивных видов ППМ 369-ПП";проезжая часть;3.43;1.0;"СП 42.13330.2016, п. 9.6, табл. 9.1; ППМ 743-ПП, табл. 3.6.1"
bush_path_corridor_001_013;посажено;bush;Жимолость золотистая;NEW_BUSH;-121.549;-59.158;190.669;84.128;Линейная посадка (живая изгородь/ряд вдоль полосы);19_2ya_pryadilnaya;"Линейная посадка (живая изгородь/ряд вдоль полосы) — по аналогии с проектом «19_2ya_pryadilnaya»; ближайшее ограничение — проезжая часть: 3.4 м при норме 1.0 м (СП 42.13330.2016, п. 9.6, табл. 9.1; ППМ 743-ПП, табл. 3.6.1)";"ассортимент для озеленения Москвы, категория «дворовые территории (тип участка не определён)»; в приоритете базовый ассортимент ППМ 515-ПП; без инвазивных видов ППМ 369-ПП";проезжая часть;3.43;1.0;"СП 42.13330.2016, п. 9.6, табл. 9.1; ППМ 743-ПП, табл. 3.6.1"
bush_path_corridor_001_014;посажено;bush;Жимолость золотистая;NEW_BUSH;-121.247;-57.791;190.972;85.495;Линейная посадка (живая изгородь/ряд вдоль полосы);19_2ya_pryadilnaya;"Линейная посадка (живая изгородь/ряд вдоль полосы) — по аналогии с проектом «19_2ya_pryadilnaya»; ближайшее ограничение — проезжая часть: 3.4 м при норме 1.0 м (СП 42.13330.2016, п. 9.6, табл. 9.1; ППМ 743-ПП, табл. 3.6.1)";"ассортимент для озеленения Москвы, категория «дворовые территории (тип участка не определён)»; в приоритете базовый ассортимент ППМ 515-ПП; без инвазивных видов ППМ 369-ПП";проезжая часть;3.43;1.0;"СП 42.13330.2016, п. 9.6, табл. 9.1; ППМ 743-ПП, табл. 3.6.1"
bush_path_corridor_001_015;посажено;bush;Жимолость золотистая;NEW_BUSH;-120.944;-56.424;191.274;86.862;Линейная посадка (живая изгородь/ряд вдоль полосы);19_2ya_pryadilnaya;"Линейная посадка (живая изгородь/ряд вдоль полосы) — по аналогии с проектом «19_2ya_pryadilnaya»; ближайшее ограничение — проезжая часть: 3.4 м при норме 1.0 м (СП 42.13330.2016, п. 9.6, табл. 9.1; ППМ 743-ПП, табл. 3.6.1)";"ассортимент для озеленения Москвы, категория «дворовые территории (тип участка не определён)»; в приоритете базовый ассортимент ППМ 515-ПП; без инвазивных видов ППМ 369-ПП";проезжая часть;3.43;1.0;"СП 42.13330.2016, п. 9.6, табл. 9.1; ППМ 743-ПП, табл. 3.6.1"
bush_path_corridor_001_016;посажено;bush;Жимолость золотистая;NEW_BUSH;-120.339;-53.69;191.88;89.596;Линейная посадка (живая изгородь/ряд вдоль полосы);19_2ya_pryadilnaya;"Линейная посадка (живая изгородь/ряд вдоль полосы) — по аналогии с проектом «19_2ya_pryadilnaya»; ближайшее ограничение — проезжая часть: 3.4 м при норме 1.0 м (СП 42.13330.2016, п. 9.6, табл. 9.1; ППМ 743-ПП, табл. 3.6.1)";"ассортимент для озеленения Москвы, категория «дворовые территории (тип участка не определён)»; в приоритете базовый ассортимент ППМ 515-ПП; без инвазивных видов ППМ 369-ПП";проезжая часть;3.44;1.0;"СП 42.13330.2016, п. 9.6, табл. 9.1; ППМ 743-ПП, табл. 3.6.1"
bush_path_corridor_001_017;посажено;bush;Жимолость золотистая;NEW_BUSH;-120.036;-52.323;192.182;90.963;Линейная посадка (живая изгородь/ряд вдоль полосы);19_2ya_pryadilnaya;"Линейная посадка (живая изгородь/ряд вдоль полосы) — по аналогии с проектом «19_2ya_pryadilnaya»; ближайшее ограничение — проезжая часть: 3.4 м при норме 1.0 м (СП 42.13330.2016, п. 9.6, табл. 9.1; ППМ 743-ПП, табл. 3.6.1)";"ассортимент для озеленения Москвы, категория «дворовые территории (тип участка не определён)»; в приоритете базовый ассортимент ППМ 515-ПП; без инвазивных видов ППМ 369-ПП";проезжая часть;3.44;1.0;"СП 42.13330.2016, п. 9.6, табл. 9.1; ППМ 743-ПП, табл. 3.6.1"
bush_path_corridor_001_018;посажено;bush;Жимолость золотистая;NEW_BUSH;-119.734;-50.956;192.485;92.33;Линейная посадка (живая изгородь/ряд вдоль полосы);19_2ya_pryadilnaya;"Линейная посадка (живая изгородь/ряд вдоль полосы) — по аналогии с проектом «19_2ya_pryadilnaya»; ближайшее ограничение — проезжая часть: 3.5 м при норме 1.0 м (СП 42.13330.2016, п. 9.6, табл. 9.1; ППМ 743-ПП, табл. 3.6.1)";"ассортимент для озеленения Москвы, категория «дворовые территории (тип участка не определён)»; в приоритете базовый ассортимент ППМ 515-ПП; без инвазивных видов ППМ 369-ПП";проезжая часть;3.45;1.0;"СП 42.13330.2016, п. 9.6, табл. 9.1; ППМ 743-ПП, табл. 3.6.1"
bush_path_corridor_001_019;посажено;bush;Жимолость золотистая;NEW_BUSH;-119.431;-49.589;192.787;93.697;Линейная посадка (живая изгородь/ряд вдоль полосы);19_2ya_pryadilnaya;"Линейная посадка (живая изгородь/ряд вдоль полосы) — по аналогии с проектом «19_2ya_pryadilnaya»; ближайшее ограничение — проезжая часть: 3.4 м при норме 1.0 м (СП 42.13330.2016, п. 9.6, табл. 9.1; ППМ 743-ПП, табл. 3.6.1)";"ассортимент для озеленения Москвы, категория «дворовые территории (тип участка не определён)»; в приоритете базовый ассортимент ППМ 515-ПП; без инвазивных видов ППМ 369-ПП";проезжая часть;3.44;1.0;"СП 42.13330.2016, п. 9.6, табл. 9.1; ППМ 743-ПП, табл. 3.6.1"
bush_path_corridor_001_020;посажено;bush;Жимолость золотистая;NEW_BUSH;-118.826;-46.855;193.393;96.43;Линейная посадка (живая изгородь/ряд вдоль полосы);19_2ya_pryadilnaya;"Линейная посадка (живая изгородь/ряд вдоль полосы) — по аналогии с проектом «19_2ya_pryadilnaya»; ближайшее ограничение — проезжая часть: 3.4 м при норме 1.0 м (СП 42.13330.2016, п. 9.6, табл. 9.1; ППМ 743-ПП, табл. 3.6.1)";"ассортимент для озеленения Москвы, категория «дворовые территории (тип участка не определён)»; в приоритете базовый ассортимент ППМ 515-ПП; без инвазивных видов ППМ 369-ПП";проезжая часть;3.38;1.0;"СП 42.13330.2016, п. 9.6, табл. 9.1; ППМ 743-ПП, табл. 3.6.1"
bush_path_corridor_002_001;посажено;bush;Жимолость золотистая;NEW_BUSH;-101.972;21.954;210.247;165.24;Линейная посадка (живая изгородь/ряд вдоль полосы);19_2ya_pryadilnaya;"Линейная посадка (живая изгородь/ряд вдоль полосы) — по аналогии с проектом «19_2ya_pryadilnaya»; ближайшее ограничение — проезжая часть: 2.1 м при норме 1.0 м (СП 42.13330.2016, п. 9.6, табл. 9.1; ППМ 743-ПП, табл. 3.6.1)";"ассортимент для озеленения Москвы, категория «дворовые территории (тип участка не определён)»; в приоритете базовый ассортимент ППМ 515-ПП; без инвазивных видов ППМ 369-ПП";проезжая часть;2.09;1.0;"СП 42.13330.2016, п. 9.6, табл. 9.1; ППМ 743-ПП, табл. 3.6.1"
bush_path_corridor_002_002;посажено;bush;Жимолость золотистая;NEW_BUSH;-101.785;23.342;210.433;166.628;Линейная посадка (живая изгородь/ряд вдоль полосы);19_2ya_pryadilnaya;"Линейная посадка (живая изгородь/ряд вдоль полосы) — по аналогии с проектом «19_2ya_pryadilnaya»; ближайшее ограничение — проезжая часть: 2.2 м при норме 1.0 м (СП 42.13330.2016, п. 9.6, табл. 9.1; ППМ 743-ПП, табл. 3.6.1)";"ассортимент для озеленения Москвы, категория «дворовые территории (тип участка не определён)»; в приоритете базовый ассортимент ППМ 515-ПП; без инвазивных видов ППМ 369-ПП";проезжая часть;2.21;1.0;"СП 42.13330.2016, п. 9.6, табл. 9.1; ППМ 743-ПП, табл. 3.6.1"
bush_path_corridor_002_003;посажено;bush;Жимолость золотистая;NEW_BUSH;-101.599;24.729;210.619;168.015;Линейная посадка (живая изгородь/ряд вдоль полосы);19_2ya_pryadilnaya;"Линейная посадка (живая изгородь/ряд вдоль полосы) — по аналогии с проектом «19_2ya_pryadilnaya»; ближайшее ограничение — проезжая часть: 2.3 м при норме 1.0 м (СП 42.13330.2016, п. 9.6, табл. 9.1; ППМ 743-ПП, табл. 3.6.1)";"ассортимент для озеленения Москвы, категория «дворовые территории (тип участка не определён)»; в приоритете базовый ассортимент ППМ 515-ПП; без инвазивных видов ППМ 369-ПП";проезжая часть;2.33;1.0;"СП 42.13330.2016, п. 9.6, табл. 9.1; ППМ 743-ПП, табл. 3.6.1"
bush_path_corridor_002_004;посажено;bush;Жимолость золотистая;NEW_BUSH;-101.413;26.117;210.806;169.403;Линейная посадка (живая изгородь/ряд вдоль полосы);19_2ya_pryadilnaya;"Линейная посадка (живая изгородь/ряд вдоль полосы) — по аналогии с проектом «19_2ya_pryadilnaya»; ближайшее ограничение — проезжая часть: 2.5 м при норме 1.0 м (СП 42.13330.2016, п. 9.6, табл. 9.1; ППМ 743-ПП, табл. 3.6.1)";"ассортимент для озеленения Москвы, категория «дворовые территории (тип участка не определён)»; в приоритете базовый ассортимент ППМ 515-ПП; без инвазивных видов ППМ 369-ПП";проезжая часть;2.45;1.0;"СП 42.13330.2016, п. 9.6, табл. 9.1; ППМ 743-ПП, табл. 3.6.1"
bush_path_corridor_002_005;посажено;bush;Жимолость золотистая;NEW_BUSH;-101.226;27.504;210.992;170.79;Линейная посадка (живая изгородь/ряд вдоль полосы);19_2ya_pryadilnaya;"Линейная посадка (живая изгородь/ряд вдоль полосы) — по аналогии с проектом «19_2ya_pryadilnaya»; ближайшее ограничение — проезжая часть: 2.6 м при норме 1.0 м (СП 42.13330.2016, п. 9.6, табл. 9.1; ППМ 743-ПП, табл. 3.6.1)";"ассортимент для озеленения Москвы, категория «дворовые территории (тип участка не определён)»; в приоритете базовый ассортимент ППМ 515-ПП; без инвазивных видов ППМ 369-ПП";проезжая часть;2.58;1.0;"СП 42.13330.2016, п. 9.6, табл. 9.1; ППМ 743-ПП, табл. 3.6.1"
bush_path_corridor_002_006;посажено;bush;Жимолость золотистая;NEW_BUSH;-100.854;30.28;211.365;173.565;Линейная посадка (живая изгородь/ряд вдоль полосы);19_2ya_pryadilnaya;"Линейная посадка (живая изгородь/ряд вдоль полосы) — по аналогии с проектом «19_2ya_pryadilnaya»; ближайшее ограничение — проезжая часть: 2.8 м при норме 1.0 м (СП 42.13330.2016, п. 9.6, табл. 9.1; ППМ 743-ПП, табл. 3.6.1)";"ассортимент для озеленения Москвы, категория «дворовые территории (тип участка не определён)»; в приоритете базовый ассортимент ППМ 515-ПП; без инвазивных видов ППМ 369-ПП";проезжая часть;2.82;1.0;"СП 42.13330.2016, п. 9.6, табл. 9.1; ППМ 743-ПП, табл. 3.6.1"
bush_path_corridor_002_007;посажено;bush;Жимолость золотистая;NEW_BUSH;-100.667;31.667;211.551;174.953;Линейная посадка (живая изгородь/ряд вдоль полосы);19_2ya_pryadilnaya;"Линейная посадка (живая изгородь/ряд вдоль полосы) — по аналогии с проектом «19_2ya_pryadilnaya»; ближайшее ограничение — проезжая часть: 3.0 м при норме 1.0 м (СП 42.13330.2016, п. 9.6, табл. 9.1; ППМ 743-ПП, табл. 3.6.1)";"ассортимент для озеленения Москвы, категория «дворовые территории (тип участка не определён)»; в приоритете базовый ассортимент ППМ 515-ПП; без инвазивных видов ППМ 369-ПП";проезжая часть;2.95;1.0;"СП 42.13330.2016, п. 9.6, табл. 9.1; ППМ 743-ПП, табл. 3.6.1"
bush_path_corridor_002_008;посажено;bush;Жимолость золотистая;NEW_BUSH;-100.295;34.442;211.924;177.728;Линейная посадка (живая изгородь/ряд вдоль полосы);19_2ya_pryadilnaya;"Линейная посадка (живая изгородь/ряд вдоль полосы) — по аналогии с проектом «19_2ya_pryadilnaya»; ближайшее ограничение — проезжая часть: 3.2 м при норме 1.0 м (СП 42.13330.2016, п. 9.6, табл. 9.1; ППМ 743-ПП, табл. 3.6.1)";"ассортимент для озеленения Москвы, категория «дворовые территории (тип участка не определён)»; в приоритете базовый ассортимент ППМ 515-ПП; без инвазивных видов ППМ 369-ПП";проезжая часть;3.19;1.0;"СП 42.13330.2016, п. 9.6, табл. 9.1; ППМ 743-ПП, табл. 3.6.1"
bush_path_corridor_002_009;посажено;bush;Жимолость золотистая;NEW_BUSH;-100.108;35.83;212.11;179.116;Линейная посадка (живая изгородь/ряд вдоль полосы);19_2ya_pryadilnaya;"Линейная посадка (живая изгородь/ряд вдоль полосы) — по аналогии с проектом «19_2ya_pryadilnaya»; ближайшее ограничение — проезжая часть: 3.3 м при норме 1.0 м (СП 42.13330.2016, п. 9.6, табл. 9.1; ППМ 743-ПП, табл. 3.6.1)";"ассортимент для озеленения Москвы, категория «дворовые территории (тип участка не определён)»; в приоритете базовый ассортимент ППМ 515-ПП; без инвазивных видов ППМ 369-ПП";проезжая часть;3.31;1.0;"СП 42.13330.2016, п. 9.6, табл. 9.1; ППМ 743-ПП, табл. 3.6.1"
bush_path_corridor_002_010;посажено;bush;Жимолость золотистая;NEW_BUSH;-99.922;37.217;212.296;180.503;Линейная посадка (живая изгородь/ряд вдоль полосы);19_2ya_pryadilnaya;"Линейная посадка (живая изгородь/ряд вдоль полосы) — по аналогии с проектом «19_2ya_pryadilnaya»; ближайшее ограничение — проезжая часть: 3.4 м при норме 1.0 м (СП 42.13330.2016, п. 9.6, табл. 9.1; ППМ 743-ПП, табл. 3.6.1)";"ассортимент для озеленения Москвы, категория «дворовые территории (тип участка не определён)»; в приоритете базовый ассортимент ППМ 515-ПП; без инвазивных видов ППМ 369-ПП";проезжая часть;3.44;1.0;"СП 42.13330.2016, п. 9.6, табл. 9.1; ППМ 743-ПП, табл. 3.6.1"
bush_path_corridor_002_011;посажено;bush;Жимолость золотистая;NEW_BUSH;-99.736;38.605;212.483;181.891;Линейная посадка (живая изгородь/ряд вдоль полосы);19_2ya_pryadilnaya;"Линейная посадка (живая изгородь/ряд вдоль полосы) — по аналогии с проектом «19_2ya_pryadilnaya»; ближайшее ограничение — проезжая часть: 3.6 м при норме 1.0 м (СП 42.13330.2016, п. 9.6, табл. 9.1; ППМ 743-ПП, табл. 3.6.1)";"ассортимент для озеленения Москвы, категория «дворовые территории (тип участка не определён)»; в приоритете базовый ассортимент ППМ 515-ПП; без инвазивных видов ППМ 369-ПП";проезжая часть;3.56;1.0;"СП 42.13330.2016, п. 9.6, табл. 9.1; ППМ 743-ПП, табл. 3.6.1"
bush_path_corridor_002_012;посажено;bush;Жимолость золотистая;NEW_BUSH;-99.549;39.992;212.669;183.278;Линейная посадка (живая изгородь/ряд вдоль полосы);19_2ya_pryadilnaya;"Линейная посадка (живая изгородь/ряд вдоль полосы) — по аналогии с проектом «19_2ya_pryadilnaya»; ближайшее ограничение — проезжая часть: 3.7 м при норме 1.0 м (СП 42.13330.2016, п. 9.6, табл. 9.1; ППМ 743-ПП, табл. 3.6.1)";"ассортимент для озеленения Москвы, категория «дворовые территории (тип участка не определён)»; в приоритете базовый ассортимент ППМ 515-ПП; без инвазивных видов ППМ 369-ПП";проезжая часть;3.68;1.0;"СП 42.13330.2016, п. 9.6, табл. 9.1; ППМ 743-ПП, табл. 3.6.1"
bush_path_corridor_002_013;посажено;bush;Жимолость золотистая;NEW_BUSH;-99.363;41.38;212.856;184.666;Линейная посадка (живая изгородь/ряд вдоль полосы);19_2ya_pryadilnaya;"Линейная посадка (живая изгородь/ряд вдоль полосы) — по аналогии с проектом «19_2ya_pryadilnaya»; ближайшее ограничение — проезжая часть: 3.8 м при норме 1.0 м (СП 42.13330.2016, п. 9.6, табл. 9.1; ППМ 743-ПП, табл. 3.6.1)";"ассортимент для озеленения Москвы, категория «дворовые территории (тип участка не определён)»; в приоритете базовый ассортимент ППМ 515-ПП; без инвазивных видов ППМ 369-ПП";проезжая часть;3.8;1.0;"СП 42.13330.2016, п. 9.6, табл. 9.1; ППМ 743-ПП, табл. 3.6.1"
bush_path_corridor_002_014;посажено;bush;Жимолость золотистая;NEW_BUSH;-99.177;42.767;213.042;186.053;Линейная посадка (живая изгородь/ряд вдоль полосы);19_2ya_pryadilnaya;"Линейная посадка (живая изгородь/ряд вдоль полосы) — по аналогии с проектом «19_2ya_pryadilnaya»; ближайшее ограничение — проезжая часть: 3.9 м при норме 1.0 м (СП 42.13330.2016, п. 9.6, табл. 9.1; ППМ 743-ПП, табл. 3.6.1)";"ассортимент для озеленения Москвы, категория «дворовые территории (тип участка не определён)»; в приоритете базовый ассортимент ППМ 515-ПП; без инвазивных видов ППМ 369-ПП";проезжая часть;3.93;1.0;"СП 42.13330.2016, п. 9.6, табл. 9.1; ППМ 743-ПП, табл. 3.6.1"
bush_path_corridor_002_015;посажено;bush;Жимолость золотистая;NEW_BUSH;-98.99;44.155;213.228;187.441;Линейная посадка (живая изгородь/ряд вдоль полосы);19_2ya_pryadilnaya;"Линейная посадка (живая изгородь/ряд вдоль полосы) — по аналогии с проектом «19_2ya_pryadilnaya»; ближайшее ограничение — проезжая часть: 4.0 м при норме 1.0 м (СП 42.13330.2016, п. 9.6, табл. 9.1; ППМ 743-ПП, табл. 3.6.1)";"ассортимент для озеленения Москвы, категория «дворовые территории (тип участка не определён)»; в приоритете базовый ассортимент ППМ 515-ПП; без инвазивных видов ППМ 369-ПП";проезжая часть;4.05;1.0;"СП 42.13330.2016, п. 9.6, табл. 9.1; ППМ 743-ПП, табл. 3.6.1"
bush_path_corridor_002_016;посажено;bush;Жимолость золотистая;NEW_BUSH;-98.673;46.518;213.545;189.804;Линейная посадка (живая изгородь/ряд вдоль полосы);19_2ya_pryadilnaya;"Линейная посадка (живая изгородь/ряд вдоль полосы) — по аналогии с проектом «19_2ya_pryadilnaya»; ближайшее ограничение — проезжая часть: 4.3 м при норме 1.0 м (СП 42.13330.2016, п. 9.6, табл. 9.1; ППМ 743-ПП, табл. 3.6.1)";"ассортимент для озеленения Москвы, категория «дворовые территории (тип участка не определён)»; в приоритете базовый ассортимент ППМ 515-ПП; без инвазивных видов ППМ 369-ПП";проезжая часть;4.26;1.0;"СП 42.13330.2016, п. 9.6, табл. 9.1; ППМ 743-ПП, табл. 3.6.1"
bush_path_corridor_002_017;посажено;bush;Жимолость золотистая;NEW_BUSH;-97.555;54.843;214.664;198.129;Линейная посадка (живая изгородь/ряд вдоль полосы);19_2ya_pryadilnaya;"Линейная посадка (живая изгородь/ряд вдоль полосы) — по аналогии с проектом «19_2ya_pryadilnaya»; ближайшее ограничение — проезжая часть: 4.8 м при норме 1.0 м (СП 42.13330.2016, п. 9.6, табл. 9.1; ППМ 743-ПП, табл. 3.6.1)";"ассортимент для озеленения Москвы, категория «дворовые территории (тип участка не определён)»; в приоритете базовый ассортимент ППМ 515-ПП; без инвазивных видов ППМ 369-ПП";проезжая часть;4.77;1.0;"СП 42.13330.2016, п. 9.6, табл. 9.1; ППМ 743-ПП, табл. 3.6.1"
bush_path_corridor_002_018;посажено;bush;Жимолость золотистая;NEW_BUSH;-97.369;56.23;214.85;199.516;Линейная посадка (живая изгородь/ряд вдоль полосы);19_2ya_pryadilnaya;"Линейная посадка (живая изгородь/ряд вдоль полосы) — по аналогии с проектом «19_2ya_pryadilnaya»; ближайшее ограничение — проезжая часть: 3.4 м при норме 1.0 м (СП 42.13330.2016, п. 9.6, табл. 9.1; ППМ 743-ПП, табл. 3.6.1)";"ассортимент для озеленения Москвы, категория «дворовые территории (тип участка не определён)»; в приоритете базовый ассортимент ППМ 515-ПП; без инвазивных видов ППМ 369-ПП";проезжая часть;3.38;1.0;"СП 42.13330.2016, п. 9.6, табл. 9.1; ППМ 743-ПП, табл. 3.6.1"
bush_path_corridor_003_001;посажено;bush;Жимолость золотистая;NEW_BUSH;-103.911;18.149;208.308;161.435;Линейная посадка (живая изгородь/ряд вдоль полосы);19_2ya_pryadilnaya;"Линейная посадка (живая изгородь/ряд вдоль полосы) — по аналогии с проектом «19_2ya_pryadilnaya»; ближайшее ограничение — проезжая часть: 3.1 м при норме 1.0 м (СП 42.13330.2016, п. 9.6, табл. 9.1; ППМ 743-ПП, табл. 3.6.1)";"ассортимент для озеленения Москвы, категория «дворовые территории (тип участка не определён)»; в приоритете базовый ассортимент ППМ 515-ПП; без инвазивных видов ППМ 369-ПП";проезжая часть;3.14;1.0;"СП 42.13330.2016, п. 9.6, табл. 9.1; ППМ 743-ПП, табл. 3.6.1"
bush_path_corridor_003_002;посажено;bush;Жимолость золотистая;NEW_BUSH;-104.217;16.783;208.001;160.069;Линейная посадка (живая изгородь/ряд вдоль полосы);19_2ya_pryadilnaya;"Линейная посадка (живая изгородь/ряд вдоль полосы) — по аналогии с проектом «19_2ya_pryadilnaya»; ближайшее ограничение — проезжая часть: 3.1 м при норме 1.0 м (СП 42.13330.2016, п. 9.6, табл. 9.1; ППМ 743-ПП, табл. 3.6.1)";"ассортимент для озеленения Москвы, категория «дворовые территории (тип участка не определён)»; в приоритете базовый ассортимент ППМ 515-ПП; без инвазивных видов ППМ 369-ПП";проезжая часть;3.14;1.0;"СП 42.13330.2016, п. 9.6, табл. 9.1; ППМ 743-ПП, табл. 3.6.1"
bush_path_corridor_003_003;посажено;bush;Жимолость золотистая;NEW_BUSH;-104.524;15.417;207.695;158.703;Линейная посадка (живая изгородь/ряд вдоль полосы);19_2ya_pryadilnaya;"Линейная посадка (живая изгородь/ряд вдоль полосы) — по аналогии с проектом «19_2ya_pryadilnaya»; ближайшее ограничение — проезжая часть: 3.1 м при норме 1.0 м (СП 42.13330.2016, п. 9.6, табл. 9.1; ППМ 743-ПП, табл. 3.6.1)";"ассортимент для озеленения Москвы, категория «дворовые территории (тип участка не определён)»; в приоритете базовый ассортимент ППМ 515-ПП; без инвазивных видов ППМ 369-ПП";проезжая часть;3.14;1.0;"СП 42.13330.2016, п. 9.6, табл. 9.1; ППМ 743-ПП, табл. 3.6.1"
bush_path_corridor_003_004;посажено;bush;Жимолость золотистая;NEW_BUSH;-104.83;14.051;207.388;157.337;Линейная посадка (живая изгородь/ряд вдоль полосы);19_2ya_pryadilnaya;"Линейная посадка (живая изгородь/ряд вдоль полосы) — по аналогии с проектом «19_2ya_pryadilnaya»; ближайшее ограничение — проезжая часть: 3.1 м при норме 1.0 м (СП 42.13330.2016, п. 9.6, табл. 9.1; ППМ 743-ПП, табл. 3.6.1)";"ассортимент для озеленения Москвы, категория «дворовые территории (тип участка не определён)»; в приоритете базовый ассортимент ППМ 515-ПП; без инвазивных видов ППМ 369-ПП";проезжая часть;3.14;1.0;"СП 42.13330.2016, п. 9.6, табл. 9.1; ППМ 743-ПП, табл. 3.6.1"
bush_path_corridor_003_005;посажено;bush;Жимолость золотистая;NEW_BUSH;-105.137;12.685;207.081;155.971;Линейная посадка (живая изгородь/ряд вдоль полосы);19_2ya_pryadilnaya;"Линейная посадка (живая изгородь/ряд вдоль полосы) — по аналогии с проектом «19_2ya_pryadilnaya»; ближайшее ограничение — проезжая часть: 3.1 м при норме 1.0 м (СП 42.13330.2016, п. 9.6, табл. 9.1; ППМ 743-ПП, табл. 3.6.1)";"ассортимент для озеленения Москвы, категория «дворовые территории (тип участка не определён)»; в приоритете базовый ассортимент ППМ 515-ПП; без инвазивных видов ППМ 369-ПП";проезжая часть;3.14;1.0;"СП 42.13330.2016, п. 9.6, табл. 9.1; ППМ 743-ПП, табл. 3.6.1"
bush_path_corridor_003_006;посажено;bush;Жимолость золотистая;NEW_BUSH;-105.444;11.319;206.775;154.605;Линейная посадка (живая изгородь/ряд вдоль полосы);19_2ya_pryadilnaya;"Линейная посадка (живая изгородь/ряд вдоль полосы) — по аналогии с проектом «19_2ya_pryadilnaya»; ближайшее ограничение — проезжая часть: 3.1 м при норме 1.0 м (СП 42.13330.2016, п. 9.6, табл. 9.1; ППМ 743-ПП, табл. 3.6.1)";"ассортимент для озеленения Москвы, категория «дворовые территории (тип участка не определён)»; в приоритете базовый ассортимент ППМ 515-ПП; без инвазивных видов ППМ 369-ПП";проезжая часть;3.14;1.0;"СП 42.13330.2016, п. 9.6, табл. 9.1; ППМ 743-ПП, табл. 3.6.1"
bush_path_corridor_003_007;посажено;bush;Жимолость золотистая;NEW_BUSH;-106.363;7.221;205.855;150.507;Линейная посадка (живая изгородь/ряд вдоль полосы);19_2ya_pryadilnaya;"Линейная посадка (живая изгородь/ряд вдоль полосы) — по аналогии с проектом «19_2ya_pryadilnaya»; ближайшее ограничение — проезжая часть: 3.1 м при норме 1.0 м (СП 42.13330.2016, п. 9.6, табл. 9.1; ППМ 743-ПП, табл. 3.6.1)";"ассортимент для озеленения Москвы, категория «дворовые территории (тип участка не определён)»; в приоритете базовый ассортимент ППМ 515-ПП; без инвазивных видов ППМ 369-ПП";проезжая часть;3.14;1.0;"СП 42.13330.2016, п. 9.6, табл. 9.1; ППМ 743-ПП, табл. 3.6.1"
bush_path_corridor_003_008;посажено;bush;Жимолость золотистая;NEW_BUSH;-107.283;3.123;204.935;146.409;Линейная посадка (живая изгородь/ряд вдоль полосы);19_2ya_pryadilnaya;"Линейная посадка (живая изгородь/ряд вдоль полосы) — по аналогии с проектом «19_2ya_pryadilnaya»; ближайшее ограничение — проезжая часть: 3.1 м при норме 1.0 м (СП 42.13330.2016, п. 9.6, табл. 9.1; ППМ 743-ПП, табл. 3.6.1)";"ассортимент для озеленения Москвы, категория «дворовые территории (тип участка не определён)»; в приоритете базовый ассортимент ППМ 515-ПП; без инвазивных видов ППМ 369-ПП";проезжая часть;3.14;1.0;"СП 42.13330.2016, п. 9.6, табл. 9.1; ППМ 743-ПП, табл. 3.6.1"
bush_path_corridor_003_009;посажено;bush;Жимолость золотистая;NEW_BUSH;-107.59;1.757;204.629;145.043;Линейная посадка (живая изгородь/ряд вдоль полосы);19_2ya_pryadilnaya;"Линейная посадка (живая изгородь/ряд вдоль полосы) — по аналогии с проектом «19_2ya_pryadilnaya»; ближайшее ограничение — проезжая часть: 3.1 м при норме 1.0 м (СП 42.13330.2016, п. 9.6, табл. 9.1; ППМ 743-ПП, табл. 3.6.1)";"ассортимент для озеленения Москвы, категория «дворовые территории (тип участка не определён)»; в приоритете базовый ассортимент ППМ 515-ПП; без инвазивных видов ППМ 369-ПП";проезжая часть;3.14;1.0;"СП 42.13330.2016, п. 9.6, табл. 9.1; ППМ 743-ПП, табл. 3.6.1"
bush_path_corridor_003_010;посажено;bush;Жимолость золотистая;NEW_BUSH;-107.896;0.391;204.322;143.677;Линейная посадка (живая изгородь/ряд вдоль полосы);19_2ya_pryadilnaya;"Линейная посадка (живая изгородь/ряд вдоль полосы) — по аналогии с проектом «19_2ya_pryadilnaya»; ближайшее ограничение — проезжая часть: 3.1 м при норме 1.0 м (СП 42.13330.2016, п. 9.6, табл. 9.1; ППМ 743-ПП, табл. 3.6.1)";"ассортимент для озеленения Москвы, категория «дворовые территории (тип участка не определён)»; в приоритете базовый ассортимент ППМ 515-ПП; без инвазивных видов ППМ 369-ПП";проезжая часть;3.14;1.0;"СП 42.13330.2016, п. 9.6, табл. 9.1; ППМ 743-ПП, табл. 3.6.1"
bush_path_corridor_003_011;посажено;bush;Жимолость золотистая;NEW_BUSH;-108.203;-0.975;204.016;142.311;Линейная посадка (живая изгородь/ряд вдоль полосы);19_2ya_pryadilnaya;"Линейная посадка (живая изгородь/ряд вдоль полосы) — по аналогии с проектом «19_2ya_pryadilnaya»; ближайшее ограничение — проезжая часть: 3.1 м при норме 1.0 м (СП 42.13330.2016, п. 9.6, табл. 9.1; ППМ 743-ПП, табл. 3.6.1)";"ассортимент для озеленения Москвы, категория «дворовые территории (тип участка не определён)»; в приоритете базовый ассортимент ППМ 515-ПП; без инвазивных видов ППМ 369-ПП";проезжая часть;3.14;1.0;"СП 42.13330.2016, п. 9.6, табл. 9.1; ППМ 743-ПП, табл. 3.6.1"
bush_path_corridor_003_012;посажено;bush;Жимолость золотистая;NEW_BUSH;-108.509;-2.341;203.709;140.945;Линейная посадка (живая изгородь/ряд вдоль полосы);19_2ya_pryadilnaya;"Линейная посадка (живая изгородь/ряд вдоль полосы) — по аналогии с проектом «19_2ya_pryadilnaya»; ближайшее ограничение — проезжая часть: 3.1 м при норме 1.0 м (СП 42.13330.2016, п. 9.6, табл. 9.1; ППМ 743-ПП, табл. 3.6.1)";"ассортимент для озеленения Москвы, категория «дворовые территории (тип участка не определён)»; в приоритете базовый ассортимент ППМ 515-ПП; без инвазивных видов ППМ 369-ПП";проезжая часть;3.14;1.0;"СП 42.13330.2016, п. 9.6, табл. 9.1; ППМ 743-ПП, табл. 3.6.1"
bush_path_corridor_003_013;посажено;bush;Жимолость золотистая;NEW_BUSH;-108.816;-3.707;203.403;139.579;Линейная посадка (живая изгородь/ряд вдоль полосы);19_2ya_pryadilnaya;"Линейная посадка (живая изгородь/ряд вдоль полосы) — по аналогии с проектом «19_2ya_pryadilnaya»; ближайшее ограничение — проезжая часть: 3.1 м при норме 1.0 м (СП 42.13330.2016, п. 9.6, табл. 9.1; ППМ 743-ПП, табл. 3.6.1)";"ассортимент для озеленения Москвы, категория «дворовые территории (тип участка не определён)»; в приоритете базовый ассортимент ППМ 515-ПП; без инвазивных видов ППМ 369-ПП";проезжая часть;3.14;1.0;"СП 42.13330.2016, п. 9.6, табл. 9.1; ППМ 743-ПП, табл. 3.6.1"
bush_path_corridor_003_014;посажено;bush;Жимолость золотистая;NEW_BUSH;-109.122;-5.073;203.096;138.213;Линейная посадка (живая изгородь/ряд вдоль полосы);19_2ya_pryadilnaya;"Линейная посадка (живая изгородь/ряд вдоль полосы) — по аналогии с проектом «19_2ya_pryadilnaya»; ближайшее ограничение — проезжая часть: 3.1 м при норме 1.0 м (СП 42.13330.2016, п. 9.6, табл. 9.1; ППМ 743-ПП, табл. 3.6.1)";"ассортимент для озеленения Москвы, категория «дворовые территории (тип участка не определён)»; в приоритете базовый ассортимент ППМ 515-ПП; без инвазивных видов ППМ 369-ПП";проезжая часть;3.14;1.0;"СП 42.13330.2016, п. 9.6, табл. 9.1; ППМ 743-ПП, табл. 3.6.1"
bush_path_corridor_003_015;посажено;bush;Жимолость золотистая;NEW_BUSH;-109.735;-7.805;202.483;135.481;Линейная посадка (живая изгородь/ряд вдоль полосы);19_2ya_pryadilnaya;"Линейная посадка (живая изгородь/ряд вдоль полосы) — по аналогии с проектом «19_2ya_pryadilnaya»; ближайшее ограничение — проезжая часть: 3.1 м при норме 1.0 м (СП 42.13330.2016, п. 9.6, табл. 9.1; ППМ 743-ПП, табл. 3.6.1)";"ассортимент для озеленения Москвы, категория «дворовые территории (тип участка не определён)»; в приоритете базовый ассортимент ППМ 515-ПП; без инвазивных видов ППМ 369-ПП";проезжая часть;3.14;1.0;"СП 42.13330.2016, п. 9.6, табл. 9.1; ППМ 743-ПП, табл. 3.6.1"
bush_path_corridor_004_001;посажено;bush;Жимолость золотистая;NEW_BUSH;-100.492;73.676;211.727;216.962;Линейная посадка (живая изгородь/ряд вдоль полосы);19_2ya_pryadilnaya;"Линейная посадка (живая изгородь/ряд вдоль полосы) — по аналогии с проектом «19_2ya_pryadilnaya»; ближайшее ограничение — проезжая часть: 3.5 м при норме 1.0 м (СП 42.13330.2016, п. 9.6, табл. 9.1; ППМ 743-ПП, табл. 3.6.1)";"ассортимент для озеленения Москвы, категория «дворовые территории (тип участка не определён)»; в приоритете базовый ассортимент ППМ 515-ПП; без инвазивных видов ППМ 369-ПП";проезжая часть;3.48;1.0;"СП 42.13330.2016, п. 9.6, табл. 9.1; ППМ 743-ПП, табл. 3.6.1"
bush_path_corridor_005_001;посажено;bush;Жимолость золотистая;NEW_BUSH;54.061;86.566;366.28;229.852;Линейная посадка (живая изгородь/ряд вдоль полосы);19_2ya_pryadilnaya;"Линейная посадка (живая изгородь/ряд вдоль полосы) — по аналогии с проектом «19_2ya_pryadilnaya»; ближайшее ограничение — проезжая часть: 2.2 м при норме 1.0 м (СП 42.13330.2016, п. 9.6, табл. 9.1; ППМ 743-ПП, табл. 3.6.1)";"ассортимент для озеленения Москвы, категория «дворовые территории (тип участка не определён)»; в приоритете базовый ассортимент ППМ 515-ПП; без инвазивных видов ППМ 369-ПП";проезжая часть;2.17;1.0;"СП 42.13330.2016, п. 9.6, табл. 9.1; ППМ 743-ПП, табл. 3.6.1"
bush_path_corridor_005_002;посажено;bush;Жимолость золотистая;NEW_BUSH;55.456;86.443;367.674;229.729;Линейная посадка (живая изгородь/ряд вдоль полосы);19_2ya_pryadilnaya;"Линейная посадка (живая изгородь/ряд вдоль полосы) — по аналогии с проектом «19_2ya_pryadilnaya»; ближайшее ограничение — проезжая часть: 2.4 м при норме 1.0 м (СП 42.13330.2016, п. 9.6, табл. 9.1; ППМ 743-ПП, табл. 3.6.1)";"ассортимент для озеленения Москвы, категория «дворовые территории (тип участка не определён)»; в приоритете базовый ассортимент ППМ 515-ПП; без инвазивных видов ППМ 369-ПП";проезжая часть;2.36;1.0;"СП 42.13330.2016, п. 9.6, табл. 9.1; ППМ 743-ПП, табл. 3.6.1"
bush_path_corridor_005_003;посажено;bush;Жимолость золотистая;NEW_BUSH;56.85;86.321;369.069;229.607;Линейная посадка (живая изгородь/ряд вдоль полосы);19_2ya_pryadilnaya;"Линейная посадка (живая изгородь/ряд вдоль полосы) — по аналогии с проектом «19_2ya_pryadilnaya»; ближайшее ограничение — проезжая часть: 2.5 м при норме 1.0 м (СП 42.13330.2016, п. 9.6, табл. 9.1; ППМ 743-ПП, табл. 3.6.1)";"ассортимент для озеленения Москвы, категория «дворовые территории (тип участка не определён)»; в приоритете базовый ассортимент ППМ 515-ПП; без инвазивных видов ППМ 369-ПП";проезжая часть;2.55;1.0;"СП 42.13330.2016, п. 9.6, табл. 9.1; ППМ 743-ПП, табл. 3.6.1"
bush_path_corridor_005_004;посажено;bush;Жимолость золотистая;NEW_BUSH;61.034;85.953;373.253;229.239;Линейная посадка (живая изгородь/ряд вдоль полосы);19_2ya_pryadilnaya;"Линейная посадка (живая изгородь/ряд вдоль полосы) — по аналогии с проектом «19_2ya_pryadilnaya»; ближайшее ограничение — проезжая часть: 3.1 м при норме 1.0 м (СП 42.13330.2016, п. 9.6, табл. 9.1; ППМ 743-ПП, табл. 3.6.1)";"ассортимент для озеленения Москвы, категория «дворовые территории (тип участка не определён)»; в приоритете базовый ассортимент ППМ 515-ПП; без инвазивных видов ППМ 369-ПП";проезжая часть;3.14;1.0;"СП 42.13330.2016, п. 9.6, табл. 9.1; ППМ 743-ПП, табл. 3.6.1"
tree_path_corridor_005_001;посажено;tree;Липа мелколистная;NEW_TREE;70.71;85.103;382.928;228.389;Линейная посадка (живая изгородь/ряд вдоль полосы);19_2ya_pryadilnaya;"Линейная посадка (живая изгородь/ряд вдоль полосы) — по аналогии с проектом «19_2ya_pryadilnaya»; ближайшее ограничение — проезжая часть: 4.1 м при норме 2.0 м (СП 42.13330.2016, п. 9.6, табл. 9.1; ППМ 743-ПП, табл. 3.6.1)";"ассортимент для озеленения Москвы, категория «дворовые территории (тип участка не определён)»; в приоритете базовый ассортимент ППМ 515-ПП; без инвазивных видов ППМ 369-ПП";проезжая часть;4.13;2.0;"СП 42.13330.2016, п. 9.6, табл. 9.1; ППМ 743-ПП, табл. 3.6.1"
tree_path_corridor_005_002;посажено;tree;Липа мелколистная;NEW_TREE;82.564;84.061;394.782;227.347;Линейная посадка (живая изгородь/ряд вдоль полосы);19_2ya_pryadilnaya;"Линейная посадка (живая изгородь/ряд вдоль полосы) — по аналогии с проектом «19_2ya_pryadilnaya»; ближайшее ограничение — проезжая часть: 4.3 м при норме 2.0 м (СП 42.13330.2016, п. 9.6, табл. 9.1; ППМ 743-ПП, табл. 3.6.1)";"ассортимент для озеленения Москвы, категория «дворовые территории (тип участка не определён)»; в приоритете базовый ассортимент ППМ 515-ПП; без инвазивных видов ППМ 369-ПП";проезжая часть;4.29;2.0;"СП 42.13330.2016, п. 9.6, табл. 9.1; ППМ 743-ПП, табл. 3.6.1"
tree_path_corridor_005_003;посажено;tree;Липа мелколистная;NEW_TREE;94.418;83.02;406.637;226.305;Линейная посадка (живая изгородь/ряд вдоль полосы);19_2ya_pryadilnaya;"Линейная посадка (живая изгородь/ряд вдоль полосы) — по аналогии с проектом «19_2ya_pryadilnaya»; ближайшее ограничение — проезжая часть: 3.3 м при норме 2.0 м (СП 42.13330.2016, п. 9.6, табл. 9.1; ППМ 743-ПП, табл. 3.6.1)";"ассортимент для озеленения Москвы, категория «дворовые территории (тип участка не определён)»; в приоритете базовый ассортимент ППМ 515-ПП; без инвазивных видов ППМ 369-ПП";проезжая часть;3.29;2.0;"СП 42.13330.2016, п. 9.6, табл. 9.1; ППМ 743-ПП, табл. 3.6.1"
bush_path_corridor_005_005;посажено;bush;Жимолость золотистая;NEW_BUSH;64.434;85.654;376.652;228.94;Линейная посадка (живая изгородь/ряд вдоль полосы);19_2ya_pryadilnaya;"Линейная посадка (живая изгородь/ряд вдоль полосы) — по аналогии с проектом «19_2ya_pryadilnaya»; ближайшее ограничение — проезжая часть: 3.6 м при норме 1.0 м (СП 42.13330.2016, п. 9.6, табл. 9.1; ППМ 743-ПП, табл. 3.6.1)";"ассортимент для озеленения Москвы, категория «дворовые территории (тип участка не определён)»; в приоритете базовый ассортимент ППМ 515-ПП; без инвазивных видов ППМ 369-ПП";проезжая часть;3.58;1.0;"СП 42.13330.2016, п. 9.6, табл. 9.1; ППМ 743-ПП, табл. 3.6.1"
bush_path_corridor_005_006;посажено;bush;Жимолость золотистая;NEW_BUSH;65.829;85.532;378.047;228.818;Линейная посадка (живая изгородь/ряд вдоль полосы);19_2ya_pryadilnaya;"Линейная посадка (живая изгородь/ряд вдоль полосы) — по аналогии с проектом «19_2ya_pryadilnaya»; ближайшее ограничение — проезжая часть: 3.7 м при норме 1.0 м (СП 42.13330.2016, п. 9.6, табл. 9.1; ППМ 743-ПП, табл. 3.6.1)";"ассортимент для озеленения Москвы, категория «дворовые территории (тип участка не определён)»; в приоритете базовый ассортимент ППМ 515-ПП; без инвазивных видов ППМ 369-ПП";проезжая часть;3.73;1.0;"СП 42.13330.2016, п. 9.6, табл. 9.1; ППМ 743-ПП, табл. 3.6.1"
bush_path_corridor_005_007;посажено;bush;Жимолость золотистая;NEW_BUSH;68.618;85.287;380.836;228.573;Линейная посадка (живая изгородь/ряд вдоль полосы);19_2ya_pryadilnaya;"Линейная посадка (живая изгородь/ряд вдоль полосы) — по аналогии с проектом «19_2ya_pryadilnaya»; ближайшее ограничение — проезжая часть: 4.0 м при норме 1.0 м (СП 42.13330.2016, п. 9.6, табл. 9.1; ППМ 743-ПП, табл. 3.6.1)";"ассортимент для озеленения Москвы, категория «дворовые территории (тип участка не определён)»; в приоритете базовый ассортимент ППМ 515-ПП; без инвазивных видов ППМ 369-ПП";проезжая часть;3.98;1.0;"СП 42.13330.2016, п. 9.6, табл. 9.1; ППМ 743-ПП, табл. 3.6.1"
bush_path_corridor_005_008;посажено;bush;Жимолость золотистая;NEW_BUSH;72.802;84.919;385.02;228.205;Линейная посадка (живая изгородь/ряд вдоль полосы);19_2ya_pryadilnaya;"Линейная посадка (живая изгородь/ряд вдоль полосы) — по аналогии с проектом «19_2ya_pryadilnaya»; ближайшее ограничение — проезжая часть: 4.2 м при норме 1.0 м (СП 42.13330.2016, п. 9.6, табл. 9.1; ППМ 743-ПП, табл. 3.6.1)";"ассортимент для озеленения Москвы, категория «дворовые территории (тип участка не определён)»; в приоритете базовый ассортимент ППМ 515-ПП; без инвазивных видов ППМ 369-ПП";проезжая часть;4.24;1.0;"СП 42.13330.2016, п. 9.6, табл. 9.1; ППМ 743-ПП, табл. 3.6.1"
bush_path_corridor_005_009;посажено;bush;Жимолость золотистая;NEW_BUSH;74.196;84.797;386.415;228.082;Линейная посадка (живая изгородь/ряд вдоль полосы);19_2ya_pryadilnaya;"Линейная посадка (живая изгородь/ряд вдоль полосы) — по аналогии с проектом «19_2ya_pryadilnaya»; ближайшее ограничение — проезжая часть: 4.3 м при норме 1.0 м (СП 42.13330.2016, п. 9.6, табл. 9.1; ППМ 743-ПП, табл. 3.6.1)";"ассортимент для озеленения Москвы, категория «дворовые территории (тип участка не определён)»; в приоритете базовый ассортимент ППМ 515-ПП; без инвазивных видов ППМ 369-ПП";проезжая часть;4.29;1.0;"СП 42.13330.2016, п. 9.6, табл. 9.1; ППМ 743-ПП, табл. 3.6.1"
bush_path_corridor_005_010;посажено;bush;Жимолость золотистая;NEW_BUSH;75.591;84.674;387.809;227.96;Линейная посадка (живая изгородь/ряд вдоль полосы);19_2ya_pryadilnaya;"Линейная посадка (живая изгородь/ряд вдоль полосы) — по аналогии с проектом «19_2ya_pryadilnaya»; ближайшее ограничение — проезжая часть: 4.3 м при норме 1.0 м (СП 42.13330.2016, п. 9.6, табл. 9.1; ППМ 743-ПП, табл. 3.6.1)";"ассортимент для озеленения Москвы, категория «дворовые территории (тип участка не определён)»; в приоритете базовый ассортимент ППМ 515-ПП; без инвазивных видов ППМ 369-ПП";проезжая часть;4.33;1.0;"СП 42.13330.2016, п. 9.6, табл. 9.1; ППМ 743-ПП, табл. 3.6.1"
bush_path_corridor_005_011;посажено;bush;Жимолость золотистая;NEW_BUSH;76.986;84.551;389.204;227.837;Линейная посадка (живая изгородь/ряд вдоль полосы);19_2ya_pryadilnaya;"Линейная посадка (живая изгородь/ряд вдоль полосы) — по аналогии с проектом «19_2ya_pryadilnaya»; ближайшее ограничение — проезжая часть: 4.3 м при норме 1.0 м (СП 42.13330.2016, п. 9.6, табл. 9.1; ППМ 743-ПП, табл. 3.6.1)";"ассортимент для озеленения Москвы, категория «дворовые территории (тип участка не определён)»; в приоритете базовый ассортимент ППМ 515-ПП; без инвазивных видов ППМ 369-ПП";проезжая часть;4.35;1.0;"СП 42.13330.2016, п. 9.6, табл. 9.1; ППМ 743-ПП, табл. 3.6.1"
bush_path_corridor_005_012;посажено;bush;Жимолость золотистая;NEW_BUSH;78.38;84.429;390.599;227.715;Линейная посадка (живая изгородь/ряд вдоль полосы);19_2ya_pryadilnaya;"Линейная посадка (живая изгородь/ряд вдоль полосы) — по аналогии с проектом «19_2ya_pryadilnaya»; ближайшее ограничение — проезжая часть: 4.4 м при норме 1.0 м (СП 42.13330.2016, п. 9.6, табл. 9.1; ППМ 743-ПП, табл. 3.6.1)";"ассортимент для озеленения Москвы, категория «дворовые территории (тип участка не определён)»; в приоритете базовый ассортимент ППМ 515-ПП; без инвазивных видов ППМ 369-ПП";проезжая часть;4.36;1.0;"СП 42.13330.2016, п. 9.6, табл. 9.1; ППМ 743-ПП, табл. 3.6.1"
bush_path_corridor_005_013;посажено;bush;Жимолость золотистая;NEW_BUSH;79.775;84.306;391.993;227.592;Линейная посадка (живая изгородь/ряд вдоль полосы);19_2ya_pryadilnaya;"Линейная посадка (живая изгородь/ряд вдоль полосы) — по аналогии с проектом «19_2ya_pryadilnaya»; ближайшее ограничение — проезжая часть: 4.4 м при норме 1.0 м (СП 42.13330.2016, п. 9.6, табл. 9.1; ППМ 743-ПП, табл. 3.6.1)";"ассортимент для озеленения Москвы, категория «дворовые территории (тип участка не определён)»; в приоритете базовый ассортимент ППМ 515-ПП; без инвазивных видов ППМ 369-ПП";проезжая часть;4.36;1.0;"СП 42.13330.2016, п. 9.6, табл. 9.1; ППМ 743-ПП, табл. 3.6.1"
bush_path_corridor_005_014;посажено;bush;Жимолость золотистая;NEW_BUSH;81.169;84.184;393.388;227.47;Линейная посадка (живая изгородь/ряд вдоль полосы);19_2ya_pryadilnaya;"Линейная посадка (живая изгородь/ряд вдоль полосы) — по аналогии с проектом «19_2ya_pryadilnaya»; ближайшее ограничение — проезжая часть: 4.3 м при норме 1.0 м (СП 42.13330.2016, п. 9.6, табл. 9.1; ППМ 743-ПП, табл. 3.6.1)";"ассортимент для озеленения Москвы, категория «дворовые территории (тип участка не определён)»; в приоритете базовый ассортимент ППМ 515-ПП; без инвазивных видов ППМ 369-ПП";проезжая часть;4.34;1.0;"СП 42.13330.2016, п. 9.6, табл. 9.1; ППМ 743-ПП, табл. 3.6.1"
bush_path_corridor_005_015;посажено;bush;Жимолость золотистая;NEW_BUSH;83.959;83.939;396.177;227.225;Линейная посадка (живая изгородь/ряд вдоль полосы);19_2ya_pryadilnaya;"Линейная посадка (живая изгородь/ряд вдоль полосы) — по аналогии с проектом «19_2ya_pryadilnaya»; ближайшее ограничение — проезжая часть: 4.2 м при норме 1.0 м (СП 42.13330.2016, п. 9.6, табл. 9.1; ППМ 743-ПП, табл. 3.6.1)";"ассортимент для озеленения Москвы, категория «дворовые территории (тип участка не определён)»; в приоритете базовый ассортимент ППМ 515-ПП; без инвазивных видов ППМ 369-ПП";проезжая часть;4.23;1.0;"СП 42.13330.2016, п. 9.6, табл. 9.1; ППМ 743-ПП, табл. 3.6.1"
bush_path_corridor_005_016;посажено;bush;Жимолость золотистая;NEW_BUSH;85.353;83.816;397.572;227.102;Линейная посадка (живая изгородь/ряд вдоль полосы);19_2ya_pryadilnaya;"Линейная посадка (живая изгородь/ряд вдоль полосы) — по аналогии с проектом «19_2ya_pryadilnaya»; ближайшее ограничение — проезжая часть: 4.2 м при норме 1.0 м (СП 42.13330.2016, п. 9.6, табл. 9.1; ППМ 743-ПП, табл. 3.6.1)";"ассортимент для озеленения Москвы, категория «дворовые территории (тип участка не определён)»; в приоритете базовый ассортимент ППМ 515-ПП; без инвазивных видов ППМ 369-ПП";проезжая часть;4.15;1.0;"СП 42.13330.2016, п. 9.6, табл. 9.1; ППМ 743-ПП, табл. 3.6.1"
bush_path_corridor_005_017;посажено;bush;Жимолость золотистая;NEW_BUSH;86.748;83.694;398.966;226.979;Линейная посадка (живая изгородь/ряд вдоль полосы);19_2ya_pryadilnaya;"Линейная посадка (живая изгородь/ряд вдоль полосы) — по аналогии с проектом «19_2ya_pryadilnaya»; ближайшее ограничение — проезжая часть: 4.1 м при норме 1.0 м (СП 42.13330.2016, п. 9.6, табл. 9.1; ППМ 743-ПП, табл. 3.6.1)";"ассортимент для озеленения Москвы, категория «дворовые территории (тип участка не определён)»; в приоритете базовый ассортимент ППМ 515-ПП; без инвазивных видов ППМ 369-ПП";проезжая часть;4.07;1.0;"СП 42.13330.2016, п. 9.6, табл. 9.1; ППМ 743-ПП, табл. 3.6.1"
bush_path_corridor_005_018;посажено;bush;Жимолость золотистая;NEW_BUSH;88.143;83.571;400.361;226.857;Линейная посадка (живая изгородь/ряд вдоль полосы);19_2ya_pryadilnaya;"Линейная посадка (живая изгородь/ряд вдоль полосы) — по аналогии с проектом «19_2ya_pryadilnaya»; ближайшее ограничение — проезжая часть: 4.0 м при норме 1.0 м (СП 42.13330.2016, п. 9.6, табл. 9.1; ППМ 743-ПП, табл. 3.6.1)";"ассортимент для озеленения Москвы, категория «дворовые территории (тип участка не определён)»; в приоритете базовый ассортимент ППМ 515-ПП; без инвазивных видов ППМ 369-ПП";проезжая часть;3.96;1.0;"СП 42.13330.2016, п. 9.6, табл. 9.1; ППМ 743-ПП, табл. 3.6.1"
bush_path_corridor_005_019;посажено;bush;Жимолость золотистая;NEW_BUSH;89.537;83.448;401.756;226.734;Линейная посадка (живая изгородь/ряд вдоль полосы);19_2ya_pryadilnaya;"Линейная посадка (живая изгородь/ряд вдоль полосы) — по аналогии с проектом «19_2ya_pryadilnaya»; ближайшее ограничение — проезжая часть: 3.9 м при норме 1.0 м (СП 42.13330.2016, п. 9.6, табл. 9.1; ППМ 743-ПП, табл. 3.6.1)";"ассортимент для озеленения Москвы, категория «дворовые территории (тип участка не определён)»; в приоритете базовый ассортимент ППМ 515-ПП; без инвазивных видов ППМ 369-ПП";проезжая часть;3.85;1.0;"СП 42.13330.2016, п. 9.6, табл. 9.1; ППМ 743-ПП, табл. 3.6.1"
bush_path_corridor_005_020;посажено;bush;Жимолость золотистая;NEW_BUSH;90.932;83.326;403.15;226.612;Линейная посадка (живая изгородь/ряд вдоль полосы);19_2ya_pryadilnaya;"Линейная посадка (живая изгородь/ряд вдоль полосы) — по аналогии с проектом «19_2ya_pryadilnaya»; ближайшее ограничение — проезжая часть: 3.7 м при норме 1.0 м (СП 42.13330.2016, п. 9.6, табл. 9.1; ППМ 743-ПП, табл. 3.6.1)";"ассортимент для озеленения Москвы, категория «дворовые территории (тип участка не определён)»; в приоритете базовый ассортимент ППМ 515-ПП; без инвазивных видов ППМ 369-ПП";проезжая часть;3.7;1.0;"СП 42.13330.2016, п. 9.6, табл. 9.1; ППМ 743-ПП, табл. 3.6.1"
bush_path_corridor_005_021;посажено;bush;Жимолость золотистая;NEW_BUSH;92.326;83.203;404.545;226.489;Линейная посадка (живая изгородь/ряд вдоль полосы);19_2ya_pryadilnaya;"Линейная посадка (живая изгородь/ряд вдоль полосы) — по аналогии с проектом «19_2ya_pryadilnaya»; ближайшее ограничение — проезжая часть: 3.5 м при норме 1.0 м (СП 42.13330.2016, п. 9.6, табл. 9.1; ППМ 743-ПП, табл. 3.6.1)";"ассортимент для озеленения Москвы, категория «дворовые территории (тип участка не определён)»; в приоритете базовый ассортимент ППМ 515-ПП; без инвазивных видов ППМ 369-ПП";проезжая часть;3.55;1.0;"СП 42.13330.2016, п. 9.6, табл. 9.1; ППМ 743-ПП, табл. 3.6.1"
bush_path_corridor_005_022;посажено;bush;Жимолость золотистая;NEW_BUSH;96.51;82.836;408.729;226.122;Линейная посадка (живая изгородь/ряд вдоль полосы);19_2ya_pryadilnaya;"Линейная посадка (живая изгородь/ряд вдоль полосы) — по аналогии с проектом «19_2ya_pryadilnaya»; ближайшее ограничение — проезжая часть: 3.0 м при норме 1.0 м (СП 42.13330.2016, п. 9.6, табл. 9.1; ППМ 743-ПП, табл. 3.6.1)";"ассортимент для озеленения Москвы, категория «дворовые территории (тип участка не определён)»; в приоритете базовый ассортимент ППМ 515-ПП; без инвазивных видов ППМ 369-ПП";проезжая часть;3.0;1.0;"СП 42.13330.2016, п. 9.6, табл. 9.1; ППМ 743-ПП, табл. 3.6.1"
bush_path_corridor_005_023;посажено;bush;Жимолость золотистая;NEW_BUSH;97.905;82.713;410.123;225.999;Линейная посадка (живая изгородь/ряд вдоль полосы);19_2ya_pryadilnaya;"Линейная посадка (живая изгородь/ряд вдоль полосы) — по аналогии с проектом «19_2ya_pryadilnaya»; ближайшее ограничение — проезжая часть: 2.8 м при норме 1.0 м (СП 42.13330.2016, п. 9.6, табл. 9.1; ППМ 743-ПП, табл. 3.6.1)";"ассортимент для озеленения Москвы, категория «дворовые территории (тип участка не определён)»; в приоритете базовый ассортимент ППМ 515-ПП; без инвазивных видов ППМ 369-ПП";проезжая часть;2.8;1.0;"СП 42.13330.2016, п. 9.6, табл. 9.1; ППМ 743-ПП, табл. 3.6.1"
bush_path_corridor_005_024;посажено;bush;Жимолость золотистая;NEW_BUSH;99.3;82.591;411.518;225.877;Линейная посадка (живая изгородь/ряд вдоль полосы);19_2ya_pryadilnaya;"Линейная посадка (живая изгородь/ряд вдоль полосы) — по аналогии с проектом «19_2ya_pryadilnaya»; ближайшее ограничение — проезжая часть: 2.5 м при норме 1.0 м (СП 42.13330.2016, п. 9.6, табл. 9.1; ППМ 743-ПП, табл. 3.6.1)";"ассортимент для озеленения Москвы, категория «дворовые территории (тип участка не определён)»; в приоритете базовый ассортимент ППМ 515-ПП; без инвазивных видов ППМ 369-ПП";проезжая часть;2.55;1.0;"СП 42.13330.2016, п. 9.6, табл. 9.1; ППМ 743-ПП, табл. 3.6.1"
bush_path_corridor_005_025;посажено;bush;Жимолость золотистая;NEW_BUSH;100.694;82.468;412.913;225.754;Линейная посадка (живая изгородь/ряд вдоль полосы);19_2ya_pryadilnaya;"Линейная посадка (живая изгородь/ряд вдоль полосы) — по аналогии с проектом «19_2ya_pryadilnaya»; ближайшее ограничение — проезжая часть: 2.3 м при норме 1.0 м (СП 42.13330.2016, п. 9.6, табл. 9.1; ППМ 743-ПП, табл. 3.6.1)";"ассортимент для озеленения Москвы, категория «дворовые территории (тип участка не определён)»; в приоритете базовый ассортимент ППМ 515-ПП; без инвазивных видов ППМ 369-ПП";проезжая часть;2.31;1.0;"СП 42.13330.2016, п. 9.6, табл. 9.1; ППМ 743-ПП, табл. 3.6.1"
bush_path_corridor_005_026;посажено;bush;Жимолость золотистая;NEW_BUSH;102.089;82.346;414.307;225.631;Линейная посадка (живая изгородь/ряд вдоль полосы);19_2ya_pryadilnaya;"Линейная посадка (живая изгородь/ряд вдоль полосы) — по аналогии с проектом «19_2ya_pryadilnaya»; ближайшее ограничение — проезжая часть: 2.1 м при норме 1.0 м (СП 42.13330.2016, п. 9.6, табл. 9.1; ППМ 743-ПП, табл. 3.6.1)";"ассортимент для озеленения Москвы, категория «дворовые территории (тип участка не определён)»; в приоритете базовый ассортимент ППМ 515-ПП; без инвазивных видов ППМ 369-ПП";проезжая часть;2.11;1.0;"СП 42.13330.2016, п. 9.6, табл. 9.1; ППМ 743-ПП, табл. 3.6.1"
tree_path_corridor_006_001;посажено;tree;Липа мелколистная;NEW_TREE;214.701;57.075;526.919;200.361;Линейная посадка (живая изгородь/ряд вдоль полосы);19_2ya_pryadilnaya;"Линейная посадка (живая изгородь/ряд вдоль полосы) — по аналогии с проектом «19_2ya_pryadilnaya»; ближайшее ограничение — проезжая часть: 3.4 м при норме 2.0 м (СП 42.13330.2016, п. 9.6, табл. 9.1; ППМ 743-ПП, табл. 3.6.1)";"ассортимент для озеленения Москвы, категория «дворовые территории (тип участка не определён)»; в приоритете базовый ассортимент ППМ 515-ПП; без инвазивных видов ППМ 369-ПП";проезжая часть;3.44;2.0;"СП 42.13330.2016, п. 9.6, табл. 9.1; ППМ 743-ПП, табл. 3.6.1"
bush_path_corridor_006_001;посажено;bush;Жимолость золотистая;NEW_BUSH;212.667;57.599;524.885;200.885;Линейная посадка (живая изгородь/ряд вдоль полосы);19_2ya_pryadilnaya;"Линейная посадка (живая изгородь/ряд вдоль полосы) — по аналогии с проектом «19_2ya_pryadilnaya»; ближайшее ограничение — кабель связи: 3.3 м при норме 0.7 м (СП 42.13330.2016, п. 9.6, табл. 9.1; ППМ 743-ПП, табл. 3.6.1)";"ассортимент для озеленения Москвы, категория «дворовые территории (тип участка не определён)»; в приоритете базовый ассортимент ППМ 515-ПП; без инвазивных видов ППМ 369-ПП";кабель связи;3.34;0.7;"СП 42.13330.2016, п. 9.6, табл. 9.1; ППМ 743-ПП, табл. 3.6.1"
bush_path_corridor_006_002;посажено;bush;Жимолость золотистая;NEW_BUSH;216.734;56.552;528.953;199.838;Линейная посадка (живая изгородь/ряд вдоль полосы);19_2ya_pryadilnaya;"Линейная посадка (живая изгородь/ряд вдоль полосы) — по аналогии с проектом «19_2ya_pryadilnaya»; ближайшее ограничение — проезжая часть: 3.8 м при норме 1.0 м (СП 42.13330.2016, п. 9.6, табл. 9.1; ППМ 743-ПП, табл. 3.6.1)";"ассортимент для озеленения Москвы, категория «дворовые территории (тип участка не определён)»; в приоритете базовый ассортимент ППМ 515-ПП; без инвазивных видов ППМ 369-ПП";проезжая часть;3.76;1.0;"СП 42.13330.2016, п. 9.6, табл. 9.1; ППМ 743-ПП, табл. 3.6.1"
tree_path_corridor_007_001;посажено;tree;Липа мелколистная;NEW_TREE;-75.768;27.476;236.45;170.762;Линейная посадка (живая изгородь/ряд вдоль полосы);19_2ya_pryadilnaya;"Линейная посадка (живая изгородь/ряд вдоль полосы) — по аналогии с проектом «19_2ya_pryadilnaya»; ближайшее ограничение — проезжая часть: 3.5 м при норме 2.0 м (СП 42.13330.2016, п. 9.6, табл. 9.1; ППМ 743-ПП, табл. 3.6.1)";"ассортимент для озеленения Москвы, категория «дворовые территории (тип участка не определён)»; в приоритете базовый ассортимент ППМ 515-ПП; без инвазивных видов ППМ 369-ПП";проезжая часть;3.47;2.0;"СП 42.13330.2016, п. 9.6, табл. 9.1; ППМ 743-ПП, табл. 3.6.1"
tree_path_corridor_007_002;посажено;tree;Липа мелколистная;NEW_TREE;-78.46;15.884;233.759;159.17;Линейная посадка (живая изгородь/ряд вдоль полосы);19_2ya_pryadilnaya;"Линейная посадка (живая изгородь/ряд вдоль полосы) — по аналогии с проектом «19_2ya_pryadilnaya»; ближайшее ограничение — проезжая часть: 3.4 м при норме 2.0 м (СП 42.13330.2016, п. 9.6, табл. 9.1; ППМ 743-ПП, табл. 3.6.1)";"ассортимент для озеленения Москвы, категория «дворовые территории (тип участка не определён)»; в приоритете базовый ассортимент ППМ 515-ПП; без инвазивных видов ППМ 369-ПП";проезжая часть;3.44;2.0;"СП 42.13330.2016, п. 9.6, табл. 9.1; ППМ 743-ПП, табл. 3.6.1"
tree_path_corridor_007_003;посажено;tree;Липа мелколистная;NEW_TREE;-81.151;4.293;231.067;147.579;Линейная посадка (живая изгородь/ряд вдоль полосы);19_2ya_pryadilnaya;"Линейная посадка (живая изгородь/ряд вдоль полосы) — по аналогии с проектом «19_2ya_pryadilnaya»; ближайшее ограничение — проезжая часть: 3.5 м при норме 2.0 м (СП 42.13330.2016, п. 9.6, табл. 9.1; ППМ 743-ПП, табл. 3.6.1)";"ассортимент для озеленения Москвы, категория «дворовые территории (тип участка не определён)»; в приоритете базовый ассортимент ППМ 515-ПП; без инвазивных видов ППМ 369-ПП";проезжая часть;3.47;2.0;"СП 42.13330.2016, п. 9.6, табл. 9.1; ППМ 743-ПП, табл. 3.6.1"
tree_path_corridor_007_004;посажено;tree;Липа мелколистная;NEW_TREE;-86.534;-18.891;225.684;124.395;Линейная посадка (живая изгородь/ряд вдоль полосы);19_2ya_pryadilnaya;"Линейная посадка (живая изгородь/ряд вдоль полосы) — по аналогии с проектом «19_2ya_pryadilnaya»; ближайшее ограничение — проезжая часть: 3.5 м при норме 2.0 м (СП 42.13330.2016, п. 9.6, табл. 9.1; ППМ 743-ПП, табл. 3.6.1)";"ассортимент для озеленения Москвы, категория «дворовые территории (тип участка не определён)»; в приоритете базовый ассортимент ППМ 515-ПП; без инвазивных видов ППМ 369-ПП";проезжая часть;3.55;2.0;"СП 42.13330.2016, п. 9.6, табл. 9.1; ППМ 743-ПП, табл. 3.6.1"
tree_path_corridor_007_005;посажено;tree;Липа мелколистная;NEW_TREE;-89.226;-30.482;222.993;112.804;Линейная посадка (живая изгородь/ряд вдоль полосы);19_2ya_pryadilnaya;"Линейная посадка (живая изгородь/ряд вдоль полосы) — по аналогии с проектом «19_2ya_pryadilnaya»; ближайшее ограничение — проезжая часть: 3.5 м при норме 2.0 м (СП 42.13330.2016, п. 9.6, табл. 9.1; ППМ 743-ПП, табл. 3.6.1)";"ассортимент для озеленения Москвы, категория «дворовые территории (тип участка не определён)»; в приоритете базовый ассортимент ППМ 515-ПП; без инвазивных видов ППМ 369-ПП";проезжая часть;3.52;2.0;"СП 42.13330.2016, п. 9.6, табл. 9.1; ППМ 743-ПП, табл. 3.6.1"
tree_path_corridor_007_006;посажено;tree;Липа мелколистная;NEW_TREE;-94.609;-53.665;217.61;89.62;Линейная посадка (живая изгородь/ряд вдоль полосы);19_2ya_pryadilnaya;"Линейная посадка (живая изгородь/ряд вдоль полосы) — по аналогии с проектом «19_2ya_pryadilnaya»; ближайшее ограничение — проезжая часть: 3.5 м при норме 2.0 м (СП 42.13330.2016, п. 9.6, табл. 9.1; ППМ 743-ПП, табл. 3.6.1)";"ассортимент для озеленения Москвы, категория «дворовые территории (тип участка не определён)»; в приоритете базовый ассортимент ППМ 515-ПП; без инвазивных видов ППМ 369-ПП";проезжая часть;3.51;2.0;"СП 42.13330.2016, п. 9.6, табл. 9.1; ППМ 743-ПП, табл. 3.6.1"
bush_path_corridor_007_001;посажено;bush;Жимолость золотистая;NEW_BUSH;-69.198;55.773;243.021;199.059;Линейная посадка (живая изгородь/ряд вдоль полосы);19_2ya_pryadilnaya;"Линейная посадка (живая изгородь/ряд вдоль полосы) — по аналогии с проектом «19_2ya_pryadilnaya»; ближайшее ограничение — теплосеть: 3.3 м при норме 2.0 м (МГСН 1.02-02, п. 4.2.8)";"ассортимент для озеленения Москвы, категория «дворовые территории (тип участка не определён)»; в приоритете базовый ассортимент ППМ 515-ПП; без инвазивных видов ППМ 369-ПП";теплосеть;3.32;2.0;МГСН 1.02-02, п. 4.2.8
bush_path_corridor_007_002;посажено;bush;Жимолость золотистая;NEW_BUSH;-69.515;54.409;242.704;197.695;Линейная посадка (живая изгородь/ряд вдоль полосы);19_2ya_pryadilnaya;"Линейная посадка (живая изгородь/ряд вдоль полосы) — по аналогии с проектом «19_2ya_pryadilnaya»; ближайшее ограничение — проезжая часть: 3.5 м при норме 1.0 м (СП 42.13330.2016, п. 9.6, табл. 9.1; ППМ 743-ПП, табл. 3.6.1)";"ассортимент для озеленения Москвы, категория «дворовые территории (тип участка не определён)»; в приоритете базовый ассортимент ППМ 515-ПП; без инвазивных видов ППМ 369-ПП";проезжая часть;3.46;1.0;"СП 42.13330.2016, п. 9.6, табл. 9.1; ППМ 743-ПП, табл. 3.6.1"
bush_path_corridor_007_003;посажено;bush;Жимолость золотистая;NEW_BUSH;-69.831;53.046;242.387;196.332;Линейная посадка (живая изгородь/ряд вдоль полосы);19_2ya_pryadilnaya;"Линейная посадка (живая изгородь/ряд вдоль полосы) — по аналогии с проектом «19_2ya_pryadilnaya»; ближайшее ограничение — проезжая часть: 3.5 м при норме 1.0 м (СП 42.13330.2016, п. 9.6, табл. 9.1; ППМ 743-ПП, табл. 3.6.1)";"ассортимент для озеленения Москвы, категория «дворовые территории (тип участка не определён)»; в приоритете базовый ассортимент ППМ 515-ПП; без инвазивных видов ППМ 369-ПП";проезжая часть;3.47;1.0;"СП 42.13330.2016, п. 9.6, табл. 9.1; ППМ 743-ПП, табл. 3.6.1"
bush_path_corridor_007_004;посажено;bush;Жимолость золотистая;NEW_BUSH;-70.465;50.318;241.754;193.604;Линейная посадка (живая изгородь/ряд вдоль полосы);19_2ya_pryadilnaya;"Линейная посадка (живая изгородь/ряд вдоль полосы) — по аналогии с проектом «19_2ya_pryadilnaya»; ближайшее ограничение — проезжая часть: 3.5 м при норме 1.0 м (СП 42.13330.2016, п. 9.6, табл. 9.1; ППМ 743-ПП, табл. 3.6.1)";"ассортимент для озеленения Москвы, категория «дворовые территории (тип участка не определён)»; в приоритете базовый ассортимент ППМ 515-ПП; без инвазивных видов ППМ 369-ПП";проезжая часть;3.48;1.0;"СП 42.13330.2016, п. 9.6, табл. 9.1; ППМ 743-ПП, табл. 3.6.1"
bush_path_corridor_007_005;посажено;bush;Жимолость золотистая;NEW_BUSH;-70.781;48.955;241.437;192.241;Линейная посадка (живая изгородь/ряд вдоль полосы);19_2ya_pryadilnaya;"Линейная посадка (живая изгородь/ряд вдоль полосы) — по аналогии с проектом «19_2ya_pryadilnaya»; ближайшее ограничение — проезжая часть: 3.5 м при норме 1.0 м (СП 42.13330.2016, п. 9.6, табл. 9.1; ППМ 743-ПП, табл. 3.6.1)";"ассортимент для озеленения Москвы, категория «дворовые территории (тип участка не определён)»; в приоритете базовый ассортимент ППМ 515-ПП; без инвазивных видов ППМ 369-ПП";проезжая часть;3.49;1.0;"СП 42.13330.2016, п. 9.6, табл. 9.1; ППМ 743-ПП, табл. 3.6.1"
bush_path_corridor_007_006;посажено;bush;Жимолость золотистая;NEW_BUSH;-71.098;47.591;241.121;190.877;Линейная посадка (живая изгородь/ряд вдоль полосы);19_2ya_pryadilnaya;"Линейная посадка (живая изгородь/ряд вдоль полосы) — по аналогии с проектом «19_2ya_pryadilnaya»; ближайшее ограничение — проезжая часть: 3.5 м при норме 1.0 м (СП 42.13330.2016, п. 9.6, табл. 9.1; ППМ 743-ПП, табл. 3.6.1)";"ассортимент для озеленения Москвы, категория «дворовые территории (тип участка не определён)»; в приоритете базовый ассортимент ППМ 515-ПП; без инвазивных видов ППМ 369-ПП";проезжая часть;3.49;1.0;"СП 42.13330.2016, п. 9.6, табл. 9.1; ППМ 743-ПП, табл. 3.6.1"
bush_path_corridor_007_007;посажено;bush;Жимолость золотистая;NEW_BUSH;-71.414;46.227;240.804;189.513;Линейная посадка (живая изгородь/ряд вдоль полосы);19_2ya_pryadilnaya;"Линейная посадка (живая изгородь/ряд вдоль полосы) — по аналогии с проектом «19_2ya_pryadilnaya»; ближайшее ограничение — проезжая часть: 3.5 м при норме 1.0 м (СП 42.13330.2016, п. 9.6, табл. 9.1; ППМ 743-ПП, табл. 3.6.1)";"ассортимент для озеленения Москвы, категория «дворовые территории (тип участка не определён)»; в приоритете базовый ассортимент ППМ 515-ПП; без инвазивных видов ППМ 369-ПП";проезжая часть;3.49;1.0;"СП 42.13330.2016, п. 9.6, табл. 9.1; ППМ 743-ПП, табл. 3.6.1"
bush_path_corridor_007_008;посажено;bush;Жимолость золотистая;NEW_BUSH;-71.731;44.863;240.487;188.149;Линейная посадка (живая изгородь/ряд вдоль полосы);19_2ya_pryadilnaya;"Линейная посадка (живая изгородь/ряд вдоль полосы) — по аналогии с проектом «19_2ya_pryadilnaya»; ближайшее ограничение — проезжая часть: 3.5 м при норме 1.0 м (СП 42.13330.2016, п. 9.6, табл. 9.1; ППМ 743-ПП, табл. 3.6.1)";"ассортимент для озеленения Москвы, категория «дворовые территории (тип участка не определён)»; в приоритете базовый ассортимент ППМ 515-ПП; без инвазивных видов ППМ 369-ПП";проезжая часть;3.5;1.0;"СП 42.13330.2016, п. 9.6, табл. 9.1; ППМ 743-ПП, табл. 3.6.1"
bush_path_corridor_007_009;посажено;bush;Жимолость золотистая;NEW_BUSH;-72.048;43.5;240.171;186.786;Линейная посадка (живая изгородь/ряд вдоль полосы);19_2ya_pryadilnaya;"Линейная посадка (живая изгородь/ряд вдоль полосы) — по аналогии с проектом «19_2ya_pryadilnaya»; ближайшее ограничение — проезжая часть: 3.5 м при норме 1.0 м (СП 42.13330.2016, п. 9.6, табл. 9.1; ППМ 743-ПП, табл. 3.6.1)";"ассортимент для озеленения Москвы, категория «дворовые территории (тип участка не определён)»; в приоритете базовый ассортимент ППМ 515-ПП; без инвазивных видов ППМ 369-ПП";проезжая часть;3.5;1.0;"СП 42.13330.2016, п. 9.6, табл. 9.1; ППМ 743-ПП, табл. 3.6.1"
bush_path_corridor_007_010;посажено;bush;Жимолость золотистая;NEW_BUSH;-72.364;42.136;239.854;185.422;Линейная посадка (живая изгородь/ряд вдоль полосы);19_2ya_pryadilnaya;"Линейная посадка (живая изгородь/ряд вдоль полосы) — по аналогии с проектом «19_2ya_pryadilnaya»; ближайшее ограничение — проезжая часть: 3.5 м при норме 1.0 м (СП 42.13330.2016, п. 9.6, табл. 9.1; ППМ 743-ПП, табл. 3.6.1)";"ассортимент для озеленения Москвы, категория «дворовые территории (тип участка не определён)»; в приоритете базовый ассортимент ППМ 515-ПП; без инвазивных видов ППМ 369-ПП";проезжая часть;3.5;1.0;"СП 42.13330.2016, п. 9.6, табл. 9.1; ППМ 743-ПП, табл. 3.6.1"
bush_path_corridor_007_011;посажено;bush;Жимолость золотистая;NEW_BUSH;-72.681;40.772;239.537;184.058;Линейная посадка (живая изгородь/ряд вдоль полосы);19_2ya_pryadilnaya;"Линейная посадка (живая изгородь/ряд вдоль полосы) — по аналогии с проектом «19_2ya_pryadilnaya»; ближайшее ограничение — проезжая часть: 3.5 м при норме 1.0 м (СП 42.13330.2016, п. 9.6, табл. 9.1; ППМ 743-ПП, табл. 3.6.1)";"ассортимент для озеленения Москвы, категория «дворовые территории (тип участка не определён)»; в приоритете базовый ассортимент ППМ 515-ПП; без инвазивных видов ППМ 369-ПП";проезжая часть;3.49;1.0;"СП 42.13330.2016, п. 9.6, табл. 9.1; ППМ 743-ПП, табл. 3.6.1"
bush_path_corridor_007_012;посажено;bush;Жимолость золотистая;NEW_BUSH;-72.998;39.409;239.221;182.694;Линейная посадка (живая изгородь/ряд вдоль полосы);19_2ya_pryadilnaya;"Линейная посадка (живая изгородь/ряд вдоль полосы) — по аналогии с проектом «19_2ya_pryadilnaya»; ближайшее ограничение — проезжая часть: 3.5 м при норме 1.0 м (СП 42.13330.2016, п. 9.6, табл. 9.1; ППМ 743-ПП, табл. 3.6.1)";"ассортимент для озеленения Москвы, категория «дворовые территории (тип участка не определён)»; в приоритете базовый ассортимент ППМ 515-ПП; без инвазивных видов ППМ 369-ПП";проезжая часть;3.49;1.0;"СП 42.13330.2016, п. 9.6, табл. 9.1; ППМ 743-ПП, табл. 3.6.1"
bush_path_corridor_007_013;посажено;bush;Жимолость золотистая;NEW_BUSH;-73.314;38.045;238.904;181.331;Линейная посадка (живая изгородь/ряд вдоль полосы);19_2ya_pryadilnaya;"Линейная посадка (живая изгородь/ряд вдоль полосы) — по аналогии с проектом «19_2ya_pryadilnaya»; ближайшее ограничение — проезжая часть: 3.5 м при норме 1.0 м (СП 42.13330.2016, п. 9.6, табл. 9.1; ППМ 743-ПП, табл. 3.6.1)";"ассортимент для озеленения Москвы, категория «дворовые территории (тип участка не определён)»; в приоритете базовый ассортимент ППМ 515-ПП; без инвазивных видов ППМ 369-ПП";проезжая часть;3.49;1.0;"СП 42.13330.2016, п. 9.6, табл. 9.1; ППМ 743-ПП, табл. 3.6.1"
bush_path_corridor_007_014;посажено;bush;Жимолость золотистая;NEW_BUSH;-73.631;36.681;238.588;179.967;Линейная посадка (живая изгородь/ряд вдоль полосы);19_2ya_pryadilnaya;"Линейная посадка (живая изгородь/ряд вдоль полосы) — по аналогии с проектом «19_2ya_pryadilnaya»; ближайшее ограничение — проезжая часть: 3.5 м при норме 1.0 м (СП 42.13330.2016, п. 9.6, табл. 9.1; ППМ 743-ПП, табл. 3.6.1)";"ассортимент для озеленения Москвы, категория «дворовые территории (тип участка не определён)»; в приоритете базовый ассортимент ППМ 515-ПП; без инвазивных видов ППМ 369-ПП";проезжая часть;3.49;1.0;"СП 42.13330.2016, п. 9.6, табл. 9.1; ППМ 743-ПП, табл. 3.6.1"
bush_path_corridor_007_015;посажено;bush;Жимолость золотистая;NEW_BUSH;-73.948;35.317;238.271;178.603;Линейная посадка (живая изгородь/ряд вдоль полосы);19_2ya_pryadilnaya;"Линейная посадка (живая изгородь/ряд вдоль полосы) — по аналогии с проектом «19_2ya_pryadilnaya»; ближайшее ограничение — проезжая часть: 3.5 м при норме 1.0 м (СП 42.13330.2016, п. 9.6, табл. 9.1; ППМ 743-ПП, табл. 3.6.1)";"ассортимент для озеленения Москвы, категория «дворовые территории (тип участка не определён)»; в приоритете базовый ассортимент ППМ 515-ПП; без инвазивных видов ППМ 369-ПП";проезжая часть;3.48;1.0;"СП 42.13330.2016, п. 9.6, табл. 9.1; ППМ 743-ПП, табл. 3.6.1"
bush_path_corridor_007_016;посажено;bush;Жимолость золотистая;NEW_BUSH;-74.264;33.954;237.954;177.24;Линейная посадка (живая изгородь/ряд вдоль полосы);19_2ya_pryadilnaya;"Линейная посадка (живая изгородь/ряд вдоль полосы) — по аналогии с проектом «19_2ya_pryadilnaya»; ближайшее ограничение — проезжая часть: 3.5 м при норме 1.0 м (СП 42.13330.2016, п. 9.6, табл. 9.1; ППМ 743-ПП, табл. 3.6.1)";"ассортимент для озеленения Москвы, категория «дворовые территории (тип участка не определён)»; в приоритете базовый ассортимент ППМ 515-ПП; без инвазивных видов ППМ 369-ПП";проезжая часть;3.48;1.0;"СП 42.13330.2016, п. 9.6, табл. 9.1; ППМ 743-ПП, табл. 3.6.1"
bush_path_corridor_007_017;посажено;bush;Жимолость золотистая;NEW_BUSH;-74.581;32.59;237.638;175.876;Линейная посадка (живая изгородь/ряд вдоль полосы);19_2ya_pryadilnaya;"Линейная посадка (живая изгородь/ряд вдоль полосы) — по аналогии с проектом «19_2ya_pryadilnaya»; ближайшее ограничение — проезжая часть: 3.5 м при норме 1.0 м (СП 42.13330.2016, п. 9.6, табл. 9.1; ППМ 743-ПП, табл. 3.6.1)";"ассортимент для озеленения Москвы, категория «дворовые территории (тип участка не определён)»; в приоритете базовый ассортимент ППМ 515-ПП; без инвазивных видов ППМ 369-ПП";проезжая часть;3.48;1.0;"СП 42.13330.2016, п. 9.6, табл. 9.1; ППМ 743-ПП, табл. 3.6.1"
bush_path_corridor_007_018;посажено;bush;Жимолость золотистая;NEW_BUSH;-74.898;31.226;237.321;174.512;Линейная посадка (живая изгородь/ряд вдоль полосы);19_2ya_pryadilnaya;"Линейная посадка (живая изгородь/ряд вдоль полосы) — по аналогии с проектом «19_2ya_pryadilnaya»; ближайшее ограничение — проезжая часть: 3.5 м при норме 1.0 м (СП 42.13330.2016, п. 9.6, табл. 9.1; ППМ 743-ПП, табл. 3.6.1)";"ассортимент для озеленения Москвы, категория «дворовые территории (тип участка не определён)»; в приоритете базовый ассортимент ППМ 515-ПП; без инвазивных видов ППМ 369-ПП";проезжая часть;3.47;1.0;"СП 42.13330.2016, п. 9.6, табл. 9.1; ППМ 743-ПП, табл. 3.6.1"
bush_path_corridor_007_019;посажено;bush;Жимолость золотистая;NEW_BUSH;-75.214;29.862;237.004;173.148;Линейная посадка (живая изгородь/ряд вдоль полосы);19_2ya_pryadilnaya;"Линейная посадка (живая изгородь/ряд вдоль полосы) — по аналогии с проектом «19_2ya_pryadilnaya»; ближайшее ограничение — проезжая часть: 3.5 м при норме 1.0 м (СП 42.13330.2016, п. 9.6, табл. 9.1; ППМ 743-ПП, табл. 3.6.1)";"ассортимент для озеленения Москвы, категория «дворовые территории (тип участка не определён)»; в приоритете базовый ассортимент ППМ 515-ПП; без инвазивных видов ППМ 369-ПП";проезжая часть;3.47;1.0;"СП 42.13330.2016, п. 9.6, табл. 9.1; ППМ 743-ПП, табл. 3.6.1"
bush_path_corridor_007_020;посажено;bush;Жимолость золотистая;NEW_BUSH;-75.531;28.499;236.688;171.785;Линейная посадка (живая изгородь/ряд вдоль полосы);19_2ya_pryadilnaya;"Линейная посадка (живая изгородь/ряд вдоль полосы) — по аналогии с проектом «19_2ya_pryadilnaya»; ближайшее ограничение — проезжая часть: 3.5 м при норме 1.0 м (СП 42.13330.2016, п. 9.6, табл. 9.1; ППМ 743-ПП, табл. 3.6.1)";"ассортимент для озеленения Москвы, категория «дворовые территории (тип участка не определён)»; в приоритете базовый ассортимент ППМ 515-ПП; без инвазивных видов ППМ 369-ПП";проезжая часть;3.47;1.0;"СП 42.13330.2016, п. 9.6, табл. 9.1; ППМ 743-ПП, табл. 3.6.1"
bush_path_corridor_007_021;посажено;bush;Жимолость золотистая;NEW_BUSH;-76.164;25.771;236.054;169.057;Линейная посадка (живая изгородь/ряд вдоль полосы);19_2ya_pryadilnaya;"Линейная посадка (живая изгородь/ряд вдоль полосы) — по аналогии с проектом «19_2ya_pryadilnaya»; ближайшее ограничение — проезжая часть: 3.5 м при норме 1.0 м (СП 42.13330.2016, п. 9.6, табл. 9.1; ППМ 743-ПП, табл. 3.6.1)";"ассортимент для озеленения Москвы, категория «дворовые территории (тип участка не определён)»; в приоритете базовый ассортимент ППМ 515-ПП; без инвазивных видов ППМ 369-ПП";проезжая часть;3.46;1.0;"СП 42.13330.2016, п. 9.6, табл. 9.1; ППМ 743-ПП, табл. 3.6.1"
bush_path_corridor_007_022;посажено;bush;Жимолость золотистая;NEW_BUSH;-76.481;24.408;235.738;167.694;Линейная посадка (живая изгородь/ряд вдоль полосы);19_2ya_pryadilnaya;"Линейная посадка (живая изгородь/ряд вдоль полосы) — по аналогии с проектом «19_2ya_pryadilnaya»; ближайшее ограничение — проезжая часть: 3.5 м при норме 1.0 м (СП 42.13330.2016, п. 9.6, табл. 9.1; ППМ 743-ПП, табл. 3.6.1)";"ассортимент для озеленения Москвы, категория «дворовые территории (тип участка не определён)»; в приоритете базовый ассортимент ППМ 515-ПП; без инвазивных видов ППМ 369-ПП";проезжая часть;3.46;1.0;"СП 42.13330.2016, п. 9.6, табл. 9.1; ППМ 743-ПП, табл. 3.6.1"
bush_path_corridor_007_023;посажено;bush;Жимолость золотистая;NEW_BUSH;-76.797;23.044;235.421;166.33;Линейная посадка (живая изгородь/ряд вдоль полосы);19_2ya_pryadilnaya;"Линейная посадка (живая изгородь/ряд вдоль полосы) — по аналогии с проектом «19_2ya_pryadilnaya»; ближайшее ограничение — проезжая часть: 3.5 м при норме 1.0 м (СП 42.13330.2016, п. 9.6, табл. 9.1; ППМ 743-ПП, табл. 3.6.1)";"ассортимент для озеленения Москвы, категория «дворовые территории (тип участка не определён)»; в приоритете базовый ассортимент ППМ 515-ПП; без инвазивных видов ППМ 369-ПП";проезжая часть;3.46;1.0;"СП 42.13330.2016, п. 9.6, табл. 9.1; ППМ 743-ПП, табл. 3.6.1"
bush_path_corridor_007_024;посажено;bush;Жимолость золотистая;NEW_BUSH;-77.114;21.68;235.104;164.966;Линейная посадка (живая изгородь/ряд вдоль полосы);19_2ya_pryadilnaya;"Линейная посадка (живая изгородь/ряд вдоль полосы) — по аналогии с проектом «19_2ya_pryadilnaya»; ближайшее ограничение — проезжая часть: 3.5 м при норме 1.0 м (СП 42.13330.2016, п. 9.6, табл. 9.1; ППМ 743-ПП, табл. 3.6.1)";"ассортимент для озеленения Москвы, категория «дворовые территории (тип участка не определён)»; в приоритете базовый ассортимент ППМ 515-ПП; без инвазивных видов ППМ 369-ПП";проезжая часть;3.46;1.0;"СП 42.13330.2016, п. 9.6, табл. 9.1; ППМ 743-ПП, табл. 3.6.1"
bush_path_corridor_007_025;посажено;bush;Жимолость золотистая;NEW_BUSH;-77.431;20.316;234.788;163.602;Линейная посадка (живая изгородь/ряд вдоль полосы);19_2ya_pryadilnaya;"Линейная посадка (живая изгородь/ряд вдоль полосы) — по аналогии с проектом «19_2ya_pryadilnaya»; ближайшее ограничение — проезжая часть: 3.5 м при норме 1.0 м (СП 42.13330.2016, п. 9.6, табл. 9.1; ППМ 743-ПП, табл. 3.6.1)";"ассортимент для озеленения Москвы, категория «дворовые территории (тип участка не определён)»; в приоритете базовый ассортимент ППМ 515-ПП; без инвазивных видов ППМ 369-ПП";проезжая часть;3.45;1.0;"СП 42.13330.2016, п. 9.6, табл. 9.1; ППМ 743-ПП, табл. 3.6.1"
bush_path_corridor_007_026;посажено;bush;Жимолость золотистая;NEW_BUSH;-77.747;18.953;234.471;162.239;Линейная посадка (живая изгородь/ряд вдоль полосы);19_2ya_pryadilnaya;"Линейная посадка (живая изгородь/ряд вдоль полосы) — по аналогии с проектом «19_2ya_pryadilnaya»; ближайшее ограничение — проезжая часть: 3.5 м при норме 1.0 м (СП 42.13330.2016, п. 9.6, табл. 9.1; ППМ 743-ПП, табл. 3.6.1)";"ассортимент для озеленения Москвы, категория «дворовые территории (тип участка не определён)»; в приоритете базовый ассортимент ППМ 515-ПП; без инвазивных видов ППМ 369-ПП";проезжая часть;3.45;1.0;"СП 42.13330.2016, п. 9.6, табл. 9.1; ППМ 743-ПП, табл. 3.6.1"
bush_path_corridor_007_027;посажено;bush;Жимолость золотистая;NEW_BUSH;-78.064;17.589;234.155;160.875;Линейная посадка (живая изгородь/ряд вдоль полосы);19_2ya_pryadilnaya;"Линейная посадка (живая изгородь/ряд вдоль полосы) — по аналогии с проектом «19_2ya_pryadilnaya»; ближайшее ограничение — проезжая часть: 3.5 м при норме 1.0 м (СП 42.13330.2016, п. 9.6, табл. 9.1; ППМ 743-ПП, табл. 3.6.1)";"ассортимент для озеленения Москвы, категория «дворовые территории (тип участка не определён)»; в приоритете базовый ассортимент ППМ 515-ПП; без инвазивных видов ППМ 369-ПП";проезжая часть;3.45;1.0;"СП 42.13330.2016, п. 9.6, табл. 9.1; ППМ 743-ПП, табл. 3.6.1"
bush_path_corridor_007_028;посажено;bush;Жимолость золотистая;NEW_BUSH;-78.697;14.862;233.521;158.147;Линейная посадка (живая изгородь/ряд вдоль полосы);19_2ya_pryadilnaya;"Линейная посадка (живая изгородь/ряд вдоль полосы) — по аналогии с проектом «19_2ya_pryadilnaya»; ближайшее ограничение — проезжая часть: 3.4 м при норме 1.0 м (СП 42.13330.2016, п. 9.6, табл. 9.1; ППМ 743-ПП, табл. 3.6.1)";"ассортимент для озеленения Москвы, категория «дворовые территории (тип участка не определён)»; в приоритете базовый ассортимент ППМ 515-ПП; без инвазивных видов ППМ 369-ПП";проезжая часть;3.44;1.0;"СП 42.13330.2016, п. 9.6, табл. 9.1; ППМ 743-ПП, табл. 3.6.1"
bush_path_corridor_007_029;посажено;bush;Жимолость золотистая;NEW_BUSH;-79.014;13.498;233.205;156.784;Линейная посадка (живая изгородь/ряд вдоль полосы);19_2ya_pryadilnaya;"Линейная посадка (живая изгородь/ряд вдоль полосы) — по аналогии с проектом «19_2ya_pryadilnaya»; ближайшее ограничение — проезжая часть: 3.4 м при норме 1.0 м (СП 42.13330.2016, п. 9.6, табл. 9.1; ППМ 743-ПП, табл. 3.6.1)";"ассортимент для озеленения Москвы, категория «дворовые территории (тип участка не определён)»; в приоритете базовый ассортимент ППМ 515-ПП; без инвазивных видов ППМ 369-ПП";проезжая часть;3.44;1.0;"СП 42.13330.2016, п. 9.6, табл. 9.1; ППМ 743-ПП, табл. 3.6.1"
bush_path_corridor_007_030;посажено;bush;Жимолость золотистая;NEW_BUSH;-79.331;12.134;232.888;155.42;Линейная посадка (живая изгородь/ряд вдоль полосы);19_2ya_pryadilnaya;"Линейная посадка (живая изгородь/ряд вдоль полосы) — по аналогии с проектом «19_2ya_pryadilnaya»; ближайшее ограничение — проезжая часть: 3.4 м при норме 1.0 м (СП 42.13330.2016, п. 9.6, табл. 9.1; ППМ 743-ПП, табл. 3.6.1)";"ассортимент для озеленения Москвы, категория «дворовые территории (тип участка не определён)»; в приоритете базовый ассортимент ППМ 515-ПП; без инвазивных видов ППМ 369-ПП";проезжая часть;3.44;1.0;"СП 42.13330.2016, п. 9.6, табл. 9.1; ППМ 743-ПП, табл. 3.6.1"
bush_path_corridor_007_031;посажено;bush;Жимолость золотистая;NEW_BUSH;-79.647;10.77;232.571;154.056;Линейная посадка (живая изгородь/ряд вдоль полосы);19_2ya_pryadilnaya;"Линейная посадка (живая изгородь/ряд вдоль полосы) — по аналогии с проектом «19_2ya_pryadilnaya»; ближайшее ограничение — проезжая часть: 3.5 м при норме 1.0 м (СП 42.13330.2016, п. 9.6, табл. 9.1; ППМ 743-ПП, табл. 3.6.1)";"ассортимент для озеленения Москвы, категория «дворовые территории (тип участка не определён)»; в приоритете базовый ассортимент ППМ 515-ПП; без инвазивных видов ППМ 369-ПП";проезжая часть;3.45;1.0;"СП 42.13330.2016, п. 9.6, табл. 9.1; ППМ 743-ПП, табл. 3.6.1"
bush_path_corridor_007_032;посажено;bush;Жимолость золотистая;NEW_BUSH;-79.964;9.407;232.255;152.693;Линейная посадка (живая изгородь/ряд вдоль полосы);19_2ya_pryadilnaya;"Линейная посадка (живая изгородь/ряд вдоль полосы) — по аналогии с проектом «19_2ya_pryadilnaya»; ближайшее ограничение — проезжая часть: 3.5 м при норме 1.0 м (СП 42.13330.2016, п. 9.6, табл. 9.1; ППМ 743-ПП, табл. 3.6.1)";"ассортимент для озеленения Москвы, категория «дворовые территории (тип участка не определён)»; в приоритете базовый ассортимент ППМ 515-ПП; без инвазивных видов ППМ 369-ПП";проезжая часть;3.45;1.0;"СП 42.13330.2016, п. 9.6, табл. 9.1; ППМ 743-ПП, табл. 3.6.1"
bush_path_corridor_007_033;посажено;bush;Жимолость золотистая;NEW_BUSH;-80.28;8.043;231.938;151.329;Линейная посадка (живая изгородь/ряд вдоль полосы);19_2ya_pryadilnaya;"Линейная посадка (живая изгородь/ряд вдоль полосы) — по аналогии с проектом «19_2ya_pryadilnaya»; ближайшее ограничение — проезжая часть: 3.5 м при норме 1.0 м (СП 42.13330.2016, п. 9.6, табл. 9.1; ППМ 743-ПП, табл. 3.6.1)";"ассортимент для озеленения Москвы, категория «дворовые территории (тип участка не определён)»; в приоритете базовый ассортимент ППМ 515-ПП; без инвазивных видов ППМ 369-ПП";проезжая часть;3.46;1.0;"СП 42.13330.2016, п. 9.6, табл. 9.1; ППМ 743-ПП, табл. 3.6.1"
bush_path_corridor_007_034;посажено;bush;Жимолость золотистая;NEW_BUSH;-80.597;6.679;231.621;149.965;Линейная посадка (живая изгородь/ряд вдоль полосы);19_2ya_pryadilnaya;"Линейная посадка (живая изгородь/ряд вдоль полосы) — по аналогии с проектом «19_2ya_pryadilnaya»; ближайшее ограничение — проезжая часть: 3.5 м при норме 1.0 м (СП 42.13330.2016, п. 9.6, табл. 9.1; ППМ 743-ПП, табл. 3.6.1)";"ассортимент для озеленения Москвы, категория «дворовые территории (тип участка не определён)»; в приоритете базовый ассортимент ППМ 515-ПП; без инвазивных видов ППМ 369-ПП";проезжая часть;3.46;1.0;"СП 42.13330.2016, п. 9.6, табл. 9.1; ППМ 743-ПП, табл. 3.6.1"
bush_path_corridor_007_035;посажено;bush;Жимолость золотистая;NEW_BUSH;-80.914;5.315;231.305;148.601;Линейная посадка (живая изгородь/ряд вдоль полосы);19_2ya_pryadilnaya;"Линейная посадка (живая изгородь/ряд вдоль полосы) — по аналогии с проектом «19_2ya_pryadilnaya»; ближайшее ограничение — проезжая часть: 3.5 м при норме 1.0 м (СП 42.13330.2016, п. 9.6, табл. 9.1; ППМ 743-ПП, табл. 3.6.1)";"ассортимент для озеленения Москвы, категория «дворовые территории (тип участка не определён)»; в приоритете базовый ассортимент ППМ 515-ПП; без инвазивных видов ППМ 369-ПП";проезжая часть;3.47;1.0;"СП 42.13330.2016, п. 9.6, табл. 9.1; ППМ 743-ПП, табл. 3.6.1"
bush_path_corridor_007_036;посажено;bush;Жимолость золотистая;NEW_BUSH;-81.547;2.588;230.671;145.874;Линейная посадка (живая изгородь/ряд вдоль полосы);19_2ya_pryadilnaya;"Линейная посадка (живая изгородь/ряд вдоль полосы) — по аналогии с проектом «19_2ya_pryadilnaya»; ближайшее ограничение — проезжая часть: 3.5 м при норме 1.0 м (СП 42.13330.2016, п. 9.6, табл. 9.1; ППМ 743-ПП, табл. 3.6.1)";"ассортимент для озеленения Москвы, категория «дворовые территории (тип участка не определён)»; в приоритете базовый ассортимент ППМ 515-ПП; без инвазивных видов ППМ 369-ПП";проезжая часть;3.48;1.0;"СП 42.13330.2016, п. 9.6, табл. 9.1; ППМ 743-ПП, табл. 3.6.1"
bush_path_corridor_007_037;посажено;bush;Жимолость золотистая;NEW_BUSH;-81.864;1.224;230.355;144.51;Линейная посадка (живая изгородь/ряд вдоль полосы);19_2ya_pryadilnaya;"Линейная посадка (живая изгородь/ряд вдоль полосы) — по аналогии с проектом «19_2ya_pryadilnaya»; ближайшее ограничение — проезжая часть: 3.5 м при норме 1.0 м (СП 42.13330.2016, п. 9.6, табл. 9.1; ППМ 743-ПП, табл. 3.6.1)";"ассортимент для озеленения Москвы, категория «дворовые территории (тип участка не определён)»; в приоритете базовый ассортимент ППМ 515-ПП; без инвазивных видов ППМ 369-ПП";проезжая часть;3.49;1.0;"СП 42.13330.2016, п. 9.6, табл. 9.1; ППМ 743-ПП, табл. 3.6.1"
bush_path_corridor_007_038;посажено;bush;Жимолость золотистая;NEW_BUSH;-82.18;-0.139;230.038;143.147;Линейная посадка (живая изгородь/ряд вдоль полосы);19_2ya_pryadilnaya;"Линейная посадка (живая изгородь/ряд вдоль полосы) — по аналогии с проектом «19_2ya_pryadilnaya»; ближайшее ограничение — проезжая часть: 3.5 м при норме 1.0 м (СП 42.13330.2016, п. 9.6, табл. 9.1; ППМ 743-ПП, табл. 3.6.1)";"ассортимент для озеленения Москвы, категория «дворовые территории (тип участка не определён)»; в приоритете базовый ассортимент ППМ 515-ПП; без инвазивных видов ППМ 369-ПП";проезжая часть;3.49;1.0;"СП 42.13330.2016, п. 9.6, табл. 9.1; ППМ 743-ПП, табл. 3.6.1"
bush_path_corridor_007_039;посажено;bush;Жимолость золотистая;NEW_BUSH;-82.497;-1.503;229.722;141.783;Линейная посадка (живая изгородь/ряд вдоль полосы);19_2ya_pryadilnaya;"Линейная посадка (живая изгородь/ряд вдоль полосы) — по аналогии с проектом «19_2ya_pryadilnaya»; ближайшее ограничение — проезжая часть: 3.5 м при норме 1.0 м (СП 42.13330.2016, п. 9.6, табл. 9.1; ППМ 743-ПП, табл. 3.6.1)";"ассортимент для озеленения Москвы, категория «дворовые территории (тип участка не определён)»; в приоритете базовый ассортимент ППМ 515-ПП; без инвазивных видов ППМ 369-ПП";проезжая часть;3.5;1.0;"СП 42.13330.2016, п. 9.6, табл. 9.1; ППМ 743-ПП, табл. 3.6.1"
bush_path_corridor_007_040;посажено;bush;Жимолость золотистая;NEW_BUSH;-82.814;-2.867;229.405;140.419;Линейная посадка (живая изгородь/ряд вдоль полосы);19_2ya_pryadilnaya;"Линейная посадка (живая изгородь/ряд вдоль полосы) — по аналогии с проектом «19_2ya_pryadilnaya»; ближайшее ограничение — проезжая часть: 3.5 м при норме 1.0 м (СП 42.13330.2016, п. 9.6, табл. 9.1; ППМ 743-ПП, табл. 3.6.1)";"ассортимент для озеленения Москвы, категория «дворовые территории (тип участка не определён)»; в приоритете базовый ассортимент ППМ 515-ПП; без инвазивных видов ППМ 369-ПП";проезжая часть;3.5;1.0;"СП 42.13330.2016, п. 9.6, табл. 9.1; ППМ 743-ПП, табл. 3.6.1"
bush_path_corridor_007_041;посажено;bush;Жимолость золотистая;NEW_BUSH;-83.13;-4.231;229.088;139.055;Линейная посадка (живая изгородь/ряд вдоль полосы);19_2ya_pryadilnaya;"Линейная посадка (живая изгородь/ряд вдоль полосы) — по аналогии с проектом «19_2ya_pryadilnaya»; ближайшее ограничение — проезжая часть: 3.5 м при норме 1.0 м (СП 42.13330.2016, п. 9.6, табл. 9.1; ППМ 743-ПП, табл. 3.6.1)";"ассортимент для озеленения Москвы, категория «дворовые территории (тип участка не определён)»; в приоритете базовый ассортимент ППМ 515-ПП; без инвазивных видов ППМ 369-ПП";проезжая часть;3.51;1.0;"СП 42.13330.2016, п. 9.6, табл. 9.1; ППМ 743-ПП, табл. 3.6.1"
bush_path_corridor_007_042;посажено;bush;Жимолость золотистая;NEW_BUSH;-83.447;-5.594;228.772;137.692;Линейная посадка (живая изгородь/ряд вдоль полосы);19_2ya_pryadilnaya;"Линейная посадка (живая изгородь/ряд вдоль полосы) — по аналогии с проектом «19_2ya_pryadilnaya»; ближайшее ограничение — проезжая часть: 3.5 м при норме 1.0 м (СП 42.13330.2016, п. 9.6, табл. 9.1; ППМ 743-ПП, табл. 3.6.1)";"ассортимент для озеленения Москвы, категория «дворовые территории (тип участка не определён)»; в приоритете базовый ассортимент ППМ 515-ПП; без инвазивных видов ППМ 369-ПП";проезжая часть;3.51;1.0;"СП 42.13330.2016, п. 9.6, табл. 9.1; ППМ 743-ПП, табл. 3.6.1"
bush_path_corridor_007_043;посажено;bush;Жимолость золотистая;NEW_BUSH;-83.764;-6.958;228.455;136.328;Линейная посадка (живая изгородь/ряд вдоль полосы);19_2ya_pryadilnaya;"Линейная посадка (живая изгородь/ряд вдоль полосы) — по аналогии с проектом «19_2ya_pryadilnaya»; ближайшее ограничение — проезжая часть: 3.5 м при норме 1.0 м (СП 42.13330.2016, п. 9.6, табл. 9.1; ППМ 743-ПП, табл. 3.6.1)";"ассортимент для озеленения Москвы, категория «дворовые территории (тип участка не определён)»; в приоритете базовый ассортимент ППМ 515-ПП; без инвазивных видов ППМ 369-ПП";проезжая часть;3.52;1.0;"СП 42.13330.2016, п. 9.6, табл. 9.1; ППМ 743-ПП, табл. 3.6.1"
bush_path_corridor_007_044;посажено;bush;Жимолость золотистая;NEW_BUSH;-84.08;-8.322;228.138;134.964;Линейная посадка (живая изгородь/ряд вдоль полосы);19_2ya_pryadilnaya;"Линейная посадка (живая изгородь/ряд вдоль полосы) — по аналогии с проектом «19_2ya_pryadilnaya»; ближайшее ограничение — проезжая часть: 3.5 м при норме 1.0 м (СП 42.13330.2016, п. 9.6, табл. 9.1; ППМ 743-ПП, табл. 3.6.1)";"ассортимент для озеленения Москвы, категория «дворовые территории (тип участка не определён)»; в приоритете базовый ассортимент ППМ 515-ПП; без инвазивных видов ППМ 369-ПП";проезжая часть;3.53;1.0;"СП 42.13330.2016, п. 9.6, табл. 9.1; ППМ 743-ПП, табл. 3.6.1"
bush_path_corridor_007_045;посажено;bush;Жимолость золотистая;NEW_BUSH;-84.397;-9.685;227.822;133.6;Линейная посадка (живая изгородь/ряд вдоль полосы);19_2ya_pryadilnaya;"Линейная посадка (живая изгородь/ряд вдоль полосы) — по аналогии с проектом «19_2ya_pryadilnaya»; ближайшее ограничение — проезжая часть: 3.5 м при норме 1.0 м (СП 42.13330.2016, п. 9.6, табл. 9.1; ППМ 743-ПП, табл. 3.6.1)";"ассортимент для озеленения Москвы, категория «дворовые территории (тип участка не определён)»; в приоритете базовый ассортимент ППМ 515-ПП; без инвазивных видов ППМ 369-ПП";проезжая часть;3.53;1.0;"СП 42.13330.2016, п. 9.6, табл. 9.1; ППМ 743-ПП, табл. 3.6.1"
bush_path_corridor_007_046;посажено;bush;Жимолость золотистая;NEW_BUSH;-86.297;-17.868;225.922;125.418;Линейная посадка (живая изгородь/ряд вдоль полосы);19_2ya_pryadilnaya;"Линейная посадка (живая изгородь/ряд вдоль полосы) — по аналогии с проектом «19_2ya_pryadilnaya»; ближайшее ограничение — проезжая часть: 3.5 м при норме 1.0 м (СП 42.13330.2016, п. 9.6, табл. 9.1; ППМ 743-ПП, табл. 3.6.1)";"ассортимент для озеленения Москвы, категория «дворовые территории (тип участка не определён)»; в приоритете базовый ассортимент ППМ 515-ПП; без инвазивных видов ППМ 369-ПП";проезжая часть;3.55;1.0;"СП 42.13330.2016, п. 9.6, табл. 9.1; ППМ 743-ПП, табл. 3.6.1"
bush_path_corridor_007_047;посажено;bush;Жимолость золотистая;NEW_BUSH;-86.93;-20.595;225.289;122.691;Линейная посадка (живая изгородь/ряд вдоль полосы);19_2ya_pryadilnaya;"Линейная посадка (живая изгородь/ряд вдоль полосы) — по аналогии с проектом «19_2ya_pryadilnaya»; ближайшее ограничение — проезжая часть: 3.5 м при норме 1.0 м (СП 42.13330.2016, п. 9.6, табл. 9.1; ППМ 743-ПП, табл. 3.6.1)";"ассортимент для озеленения Москвы, категория «дворовые территории (тип участка не определён)»; в приоритете базовый ассортимент ППМ 515-ПП; без инвазивных видов ППМ 369-ПП";проезжая часть;3.55;1.0;"СП 42.13330.2016, п. 9.6, табл. 9.1; ППМ 743-ПП, табл. 3.6.1"
bush_path_corridor_007_048;посажено;bush;Жимолость золотистая;NEW_BUSH;-87.247;-21.959;224.972;121.327;Линейная посадка (живая изгородь/ряд вдоль полосы);19_2ya_pryadilnaya;"Линейная посадка (живая изгородь/ряд вдоль полосы) — по аналогии с проектом «19_2ya_pryadilnaya»; ближайшее ограничение — проезжая часть: 3.5 м при норме 1.0 м (СП 42.13330.2016, п. 9.6, табл. 9.1; ППМ 743-ПП, табл. 3.6.1)";"ассортимент для озеленения Москвы, категория «дворовые территории (тип участка не определён)»; в приоритете базовый ассортимент ППМ 515-ПП; без инвазивных видов ППМ 369-ПП";проезжая часть;3.55;1.0;"СП 42.13330.2016, п. 9.6, табл. 9.1; ППМ 743-ПП, табл. 3.6.1"
bush_path_corridor_007_049;посажено;bush;Жимолость золотистая;NEW_BUSH;-87.563;-23.323;224.655;119.963;Линейная посадка (живая изгородь/ряд вдоль полосы);19_2ya_pryadilnaya;"Линейная посадка (живая изгородь/ряд вдоль полосы) — по аналогии с проектом «19_2ya_pryadilnaya»; ближайшее ограничение — проезжая часть: 3.5 м при норме 1.0 м (СП 42.13330.2016, п. 9.6, табл. 9.1; ППМ 743-ПП, табл. 3.6.1)";"ассортимент для озеленения Москвы, категория «дворовые территории (тип участка не определён)»; в приоритете базовый ассортимент ППМ 515-ПП; без инвазивных видов ППМ 369-ПП";проезжая часть;3.55;1.0;"СП 42.13330.2016, п. 9.6, табл. 9.1; ППМ 743-ПП, табл. 3.6.1"
bush_path_corridor_007_050;посажено;bush;Жимолость золотистая;NEW_BUSH;-87.88;-24.686;224.339;118.6;Линейная посадка (живая изгородь/ряд вдоль полосы);19_2ya_pryadilnaya;"Линейная посадка (живая изгородь/ряд вдоль полосы) — по аналогии с проектом «19_2ya_pryadilnaya»; ближайшее ограничение — проезжая часть: 3.5 м при норме 1.0 м (СП 42.13330.2016, п. 9.6, табл. 9.1; ППМ 743-ПП, табл. 3.6.1)";"ассортимент для озеленения Москвы, категория «дворовые территории (тип участка не определён)»; в приоритете базовый ассортимент ППМ 515-ПП; без инвазивных видов ППМ 369-ПП";проезжая часть;3.54;1.0;"СП 42.13330.2016, п. 9.6, табл. 9.1; ППМ 743-ПП, табл. 3.6.1"
bush_path_corridor_007_051;посажено;bush;Жимолость золотистая;NEW_BUSH;-88.513;-27.414;223.705;115.872;Линейная посадка (живая изгородь/ряд вдоль полосы);19_2ya_pryadilnaya;"Линейная посадка (живая изгородь/ряд вдоль полосы) — по аналогии с проектом «19_2ya_pryadilnaya»; ближайшее ограничение — проезжая часть: 3.5 м при норме 1.0 м (СП 42.13330.2016, п. 9.6, табл. 9.1; ППМ 743-ПП, табл. 3.6.1)";"ассортимент для озеленения Москвы, категория «дворовые территории (тип участка не определён)»; в приоритете базовый ассортимент ППМ 515-ПП; без инвазивных видов ППМ 369-ПП";проезжая часть;3.53;1.0;"СП 42.13330.2016, п. 9.6, табл. 9.1; ППМ 743-ПП, табл. 3.6.1"
bush_path_corridor_007_052;посажено;bush;Жимолость золотистая;NEW_BUSH;-88.83;-28.778;223.389;114.508;Линейная посадка (живая изгородь/ряд вдоль полосы);19_2ya_pryadilnaya;"Линейная посадка (живая изгородь/ряд вдоль полосы) — по аналогии с проектом «19_2ya_pryadilnaya»; ближайшее ограничение — проезжая часть: 3.5 м при норме 1.0 м (СП 42.13330.2016, п. 9.6, табл. 9.1; ППМ 743-ПП, табл. 3.6.1)";"ассортимент для озеленения Москвы, категория «дворовые территории (тип участка не определён)»; в приоритете базовый ассортимент ППМ 515-ПП; без инвазивных видов ППМ 369-ПП";проезжая часть;3.53;1.0;"СП 42.13330.2016, п. 9.6, табл. 9.1; ППМ 743-ПП, табл. 3.6.1"
bush_path_corridor_007_053;посажено;bush;Жимолость золотистая;NEW_BUSH;-89.463;-31.505;222.755;111.781;Линейная посадка (живая изгородь/ряд вдоль полосы);19_2ya_pryadilnaya;"Линейная посадка (живая изгородь/ряд вдоль полосы) — по аналогии с проектом «19_2ya_pryadilnaya»; ближайшее ограничение — проезжая часть: 3.5 м при норме 1.0 м (СП 42.13330.2016, п. 9.6, табл. 9.1; ППМ 743-ПП, табл. 3.6.1)";"ассортимент для озеленения Москвы, категория «дворовые территории (тип участка не определён)»; в приоритете базовый ассортимент ППМ 515-ПП; без инвазивных видов ППМ 369-ПП";проезжая часть;3.52;1.0;"СП 42.13330.2016, п. 9.6, табл. 9.1; ППМ 743-ПП, табл. 3.6.1"
bush_path_corridor_007_054;посажено;bush;Жимолость золотистая;NEW_BUSH;-89.78;-32.869;222.439;110.417;Линейная посадка (живая изгородь/ряд вдоль полосы);19_2ya_pryadilnaya;"Линейная посадка (живая изгородь/ряд вдоль полосы) — по аналогии с проектом «19_2ya_pryadilnaya»; ближайшее ограничение — проезжая часть: 3.5 м при норме 1.0 м (СП 42.13330.2016, п. 9.6, табл. 9.1; ППМ 743-ПП, табл. 3.6.1)";"ассортимент для озеленения Москвы, категория «дворовые территории (тип участка не определён)»; в приоритете базовый ассортимент ППМ 515-ПП; без инвазивных видов ППМ 369-ПП";проезжая часть;3.52;1.0;"СП 42.13330.2016, п. 9.6, табл. 9.1; ППМ 743-ПП, табл. 3.6.1"
bush_path_corridor_007_055;посажено;bush;Жимолость золотистая;NEW_BUSH;-90.096;-34.232;222.122;109.053;Линейная посадка (живая изгородь/ряд вдоль полосы);19_2ya_pryadilnaya;"Линейная посадка (живая изгородь/ряд вдоль полосы) — по аналогии с проектом «19_2ya_pryadilnaya»; ближайшее ограничение — проезжая часть: 3.5 м при норме 1.0 м (СП 42.13330.2016, п. 9.6, табл. 9.1; ППМ 743-ПП, табл. 3.6.1)";"ассортимент для озеленения Москвы, категория «дворовые территории (тип участка не определён)»; в приоритете базовый ассортимент ППМ 515-ПП; без инвазивных видов ППМ 369-ПП";проезжая часть;3.51;1.0;"СП 42.13330.2016, п. 9.6, табл. 9.1; ППМ 743-ПП, табл. 3.6.1"
bush_path_corridor_007_056;посажено;bush;Жимолость золотистая;NEW_BUSH;-90.413;-35.596;221.805;107.69;Линейная посадка (живая изгородь/ряд вдоль полосы);19_2ya_pryadilnaya;"Линейная посадка (живая изгородь/ряд вдоль полосы) — по аналогии с проектом «19_2ya_pryadilnaya»; ближайшее ограничение — проезжая часть: 3.5 м при норме 1.0 м (СП 42.13330.2016, п. 9.6, табл. 9.1; ППМ 743-ПП, табл. 3.6.1)";"ассортимент для озеленения Москвы, категория «дворовые территории (тип участка не определён)»; в приоритете базовый ассортимент ППМ 515-ПП; без инвазивных видов ППМ 369-ПП";проезжая часть;3.51;1.0;"СП 42.13330.2016, п. 9.6, табл. 9.1; ППМ 743-ПП, табл. 3.6.1"
bush_path_corridor_007_057;посажено;bush;Жимолость золотистая;NEW_BUSH;-90.73;-36.96;221.489;106.326;Линейная посадка (живая изгородь/ряд вдоль полосы);19_2ya_pryadilnaya;"Линейная посадка (живая изгородь/ряд вдоль полосы) — по аналогии с проектом «19_2ya_pryadilnaya»; ближайшее ограничение — проезжая часть: 3.5 м при норме 1.0 м (СП 42.13330.2016, п. 9.6, табл. 9.1; ППМ 743-ПП, табл. 3.6.1)";"ассортимент для озеленения Москвы, категория «дворовые территории (тип участка не определён)»; в приоритете базовый ассортимент ППМ 515-ПП; без инвазивных видов ППМ 369-ПП";проезжая часть;3.51;1.0;"СП 42.13330.2016, п. 9.6, табл. 9.1; ППМ 743-ПП, табл. 3.6.1"
bush_path_corridor_007_058;посажено;bush;Жимолость золотистая;NEW_BUSH;-91.046;-38.324;221.172;104.962;Линейная посадка (живая изгородь/ряд вдоль полосы);19_2ya_pryadilnaya;"Линейная посадка (живая изгородь/ряд вдоль полосы) — по аналогии с проектом «19_2ya_pryadilnaya»; ближайшее ограничение — проезжая часть: 3.5 м при норме 1.0 м (СП 42.13330.2016, п. 9.6, табл. 9.1; ППМ 743-ПП, табл. 3.6.1)";"ассортимент для озеленения Москвы, категория «дворовые территории (тип участка не определён)»; в приоритете базовый ассортимент ППМ 515-ПП; без инвазивных видов ППМ 369-ПП";проезжая часть;3.5;1.0;"СП 42.13330.2016, п. 9.6, табл. 9.1; ППМ 743-ПП, табл. 3.6.1"
bush_path_corridor_007_059;посажено;bush;Жимолость золотистая;NEW_BUSH;-91.363;-39.687;220.855;103.599;Линейная посадка (живая изгородь/ряд вдоль полосы);19_2ya_pryadilnaya;"Линейная посадка (живая изгородь/ряд вдоль полосы) — по аналогии с проектом «19_2ya_pryadilnaya»; ближайшее ограничение — проезжая часть: 3.5 м при норме 1.0 м (СП 42.13330.2016, п. 9.6, табл. 9.1; ППМ 743-ПП, табл. 3.6.1)";"ассортимент для озеленения Москвы, категория «дворовые территории (тип участка не определён)»; в приоритете базовый ассортимент ППМ 515-ПП; без инвазивных видов ППМ 369-ПП";проезжая часть;3.5;1.0;"СП 42.13330.2016, п. 9.6, табл. 9.1; ППМ 743-ПП, табл. 3.6.1"
bush_path_corridor_007_060;посажено;bush;Жимолость золотистая;NEW_BUSH;-91.68;-41.051;220.539;102.235;Линейная посадка (живая изгородь/ряд вдоль полосы);19_2ya_pryadilnaya;"Линейная посадка (живая изгородь/ряд вдоль полосы) — по аналогии с проектом «19_2ya_pryadilnaya»; ближайшее ограничение — проезжая часть: 3.5 м при норме 1.0 м (СП 42.13330.2016, п. 9.6, табл. 9.1; ППМ 743-ПП, табл. 3.6.1)";"ассортимент для озеленения Москвы, категория «дворовые территории (тип участка не определён)»; в приоритете базовый ассортимент ППМ 515-ПП; без инвазивных видов ППМ 369-ПП";проезжая часть;3.49;1.0;"СП 42.13330.2016, п. 9.6, табл. 9.1; ППМ 743-ПП, табл. 3.6.1"
bush_path_corridor_007_061;посажено;bush;Жимолость золотистая;NEW_BUSH;-91.996;-42.415;220.222;100.871;Линейная посадка (живая изгородь/ряд вдоль полосы);19_2ya_pryadilnaya;"Линейная посадка (живая изгородь/ряд вдоль полосы) — по аналогии с проектом «19_2ya_pryadilnaya»; ближайшее ограничение — проезжая часть: 3.5 м при норме 1.0 м (СП 42.13330.2016, п. 9.6, табл. 9.1; ППМ 743-ПП, табл. 3.6.1)";"ассортимент для озеленения Москвы, категория «дворовые территории (тип участка не определён)»; в приоритете базовый ассортимент ППМ 515-ПП; без инвазивных видов ППМ 369-ПП";проезжая часть;3.5;1.0;"СП 42.13330.2016, п. 9.6, табл. 9.1; ППМ 743-ПП, табл. 3.6.1"
bush_path_corridor_007_062;посажено;bush;Жимолость золотистая;NEW_BUSH;-94.213;-51.961;218.006;91.325;Линейная посадка (живая изгородь/ряд вдоль полосы);19_2ya_pryadilnaya;"Линейная посадка (живая изгородь/ряд вдоль полосы) — по аналогии с проектом «19_2ya_pryadilnaya»; ближайшее ограничение — проезжая часть: 3.5 м при норме 1.0 м (СП 42.13330.2016, п. 9.6, табл. 9.1; ППМ 743-ПП, табл. 3.6.1)";"ассортимент для озеленения Москвы, категория «дворовые территории (тип участка не определён)»; в приоритете базовый ассортимент ППМ 515-ПП; без инвазивных видов ППМ 369-ПП";проезжая часть;3.51;1.0;"СП 42.13330.2016, п. 9.6, табл. 9.1; ППМ 743-ПП, табл. 3.6.1"
bush_path_corridor_007_063;посажено;bush;Жимолость золотистая;NEW_BUSH;-94.846;-54.688;217.372;88.598;Линейная посадка (живая изгородь/ряд вдоль полосы);19_2ya_pryadilnaya;"Линейная посадка (живая изгородь/ряд вдоль полосы) — по аналогии с проектом «19_2ya_pryadilnaya»; ближайшее ограничение — проезжая часть: 3.5 м при норме 1.0 м (СП 42.13330.2016, п. 9.6, табл. 9.1; ППМ 743-ПП, табл. 3.6.1)";"ассортимент для озеленения Москвы, категория «дворовые территории (тип участка не определён)»; в приоритете базовый ассортимент ППМ 515-ПП; без инвазивных видов ППМ 369-ПП";проезжая часть;3.52;1.0;"СП 42.13330.2016, п. 9.6, табл. 9.1; ППМ 743-ПП, табл. 3.6.1"
bush_path_corridor_007_064;посажено;bush;Жимолость золотистая;NEW_BUSH;-95.163;-56.052;217.056;87.234;Линейная посадка (живая изгородь/ряд вдоль полосы);19_2ya_pryadilnaya;"Линейная посадка (живая изгородь/ряд вдоль полосы) — по аналогии с проектом «19_2ya_pryadilnaya»; ближайшее ограничение — проезжая часть: 3.5 м при норме 1.0 м (СП 42.13330.2016, п. 9.6, табл. 9.1; ППМ 743-ПП, табл. 3.6.1)";"ассортимент для озеленения Москвы, категория «дворовые территории (тип участка не определён)»; в приоритете базовый ассортимент ППМ 515-ПП; без инвазивных видов ППМ 369-ПП";проезжая часть;3.52;1.0;"СП 42.13330.2016, п. 9.6, табл. 9.1; ППМ 743-ПП, табл. 3.6.1"
bush_path_corridor_007_065;посажено;bush;Жимолость золотистая;NEW_BUSH;-95.479;-57.416;216.739;85.87;Линейная посадка (живая изгородь/ряд вдоль полосы);19_2ya_pryadilnaya;"Линейная посадка (живая изгородь/ряд вдоль полосы) — по аналогии с проектом «19_2ya_pryadilnaya»; ближайшее ограничение — проезжая часть: 3.5 м при норме 1.0 м (СП 42.13330.2016, п. 9.6, табл. 9.1; ППМ 743-ПП, табл. 3.6.1)";"ассортимент для озеленения Москвы, категория «дворовые территории (тип участка не определён)»; в приоритете базовый ассортимент ППМ 515-ПП; без инвазивных видов ППМ 369-ПП";проезжая часть;3.52;1.0;"СП 42.13330.2016, п. 9.6, табл. 9.1; ППМ 743-ПП, табл. 3.6.1"
bush_path_corridor_007_066;посажено;bush;Жимолость золотистая;NEW_BUSH;-95.796;-58.779;216.422;84.506;Линейная посадка (живая изгородь/ряд вдоль полосы);19_2ya_pryadilnaya;"Линейная посадка (живая изгородь/ряд вдоль полосы) — по аналогии с проектом «19_2ya_pryadilnaya»; ближайшее ограничение — проезжая часть: 3.5 м при норме 1.0 м (СП 42.13330.2016, п. 9.6, табл. 9.1; ППМ 743-ПП, табл. 3.6.1)";"ассортимент для озеленения Москвы, категория «дворовые территории (тип участка не определён)»; в приоритете базовый ассортимент ППМ 515-ПП; без инвазивных видов ППМ 369-ПП";проезжая часть;3.52;1.0;"СП 42.13330.2016, п. 9.6, табл. 9.1; ППМ 743-ПП, табл. 3.6.1"
bush_path_corridor_007_067;посажено;bush;Жимолость золотистая;NEW_BUSH;-96.113;-60.143;216.106;83.143;Линейная посадка (живая изгородь/ряд вдоль полосы);19_2ya_pryadilnaya;"Линейная посадка (живая изгородь/ряд вдоль полосы) — по аналогии с проектом «19_2ya_pryadilnaya»; ближайшее ограничение — проезжая часть: 3.5 м при норме 1.0 м (СП 42.13330.2016, п. 9.6, табл. 9.1; ППМ 743-ПП, табл. 3.6.1)";"ассортимент для озеленения Москвы, категория «дворовые территории (тип участка не определён)»; в приоритете базовый ассортимент ППМ 515-ПП; без инвазивных видов ППМ 369-ПП";проезжая часть;3.52;1.0;"СП 42.13330.2016, п. 9.6, табл. 9.1; ППМ 743-ПП, табл. 3.6.1"
bush_path_corridor_007_068;посажено;bush;Жимолость золотистая;NEW_BUSH;-96.429;-61.507;215.789;81.779;Линейная посадка (живая изгородь/ряд вдоль полосы);19_2ya_pryadilnaya;"Линейная посадка (живая изгородь/ряд вдоль полосы) — по аналогии с проектом «19_2ya_pryadilnaya»; ближайшее ограничение — проезжая часть: 3.5 м при норме 1.0 м (СП 42.13330.2016, п. 9.6, табл. 9.1; ППМ 743-ПП, табл. 3.6.1)";"ассортимент для озеленения Москвы, категория «дворовые территории (тип участка не определён)»; в приоритете базовый ассортимент ППМ 515-ПП; без инвазивных видов ППМ 369-ПП";проезжая часть;3.52;1.0;"СП 42.13330.2016, п. 9.6, табл. 9.1; ППМ 743-ПП, табл. 3.6.1"
bush_path_corridor_007_069;посажено;bush;Жимолость золотистая;NEW_BUSH;-100.229;-77.872;211.989;65.414;Линейная посадка (живая изгородь/ряд вдоль полосы);19_2ya_pryadilnaya;"Линейная посадка (живая изгородь/ряд вдоль полосы) — по аналогии с проектом «19_2ya_pryadilnaya»; ближайшее ограничение — проезжая часть: 3.5 м при норме 1.0 м (СП 42.13330.2016, п. 9.6, табл. 9.1; ППМ 743-ПП, табл. 3.6.1)";"ассортимент для озеленения Москвы, категория «дворовые территории (тип участка не определён)»; в приоритете базовый ассортимент ППМ 515-ПП; без инвазивных видов ППМ 369-ПП";проезжая часть;3.49;1.0;"СП 42.13330.2016, п. 9.6, табл. 9.1; ППМ 743-ПП, табл. 3.6.1"
bush_path_corridor_007_070;посажено;bush;Жимолость золотистая;NEW_BUSH;-100.546;-79.235;211.673;64.051;Линейная посадка (живая изгородь/ряд вдоль полосы);19_2ya_pryadilnaya;"Линейная посадка (живая изгородь/ряд вдоль полосы) — по аналогии с проектом «19_2ya_pryadilnaya»; ближайшее ограничение — проезжая часть: 3.5 м при норме 1.0 м (СП 42.13330.2016, п. 9.6, табл. 9.1; ППМ 743-ПП, табл. 3.6.1)";"ассортимент для озеленения Москвы, категория «дворовые территории (тип участка не определён)»; в приоритете базовый ассортимент ППМ 515-ПП; без инвазивных видов ППМ 369-ПП";проезжая часть;3.48;1.0;"СП 42.13330.2016, п. 9.6, табл. 9.1; ППМ 743-ПП, табл. 3.6.1"
bush_path_corridor_007_071;посажено;bush;Жимолость золотистая;NEW_BUSH;-100.862;-80.599;211.356;62.687;Линейная посадка (живая изгородь/ряд вдоль полосы);19_2ya_pryadilnaya;"Линейная посадка (живая изгородь/ряд вдоль полосы) — по аналогии с проектом «19_2ya_pryadilnaya»; ближайшее ограничение — проезжая часть: 3.5 м при норме 1.0 м (СП 42.13330.2016, п. 9.6, табл. 9.1; ППМ 743-ПП, табл. 3.6.1)";"ассортимент для озеленения Москвы, категория «дворовые территории (тип участка не определён)»; в приоритете базовый ассортимент ППМ 515-ПП; без инвазивных видов ППМ 369-ПП";проезжая часть;3.47;1.0;"СП 42.13330.2016, п. 9.6, табл. 9.1; ППМ 743-ПП, табл. 3.6.1"
bush_path_corridor_007_072;посажено;bush;Жимолость золотистая;NEW_BUSH;-101.179;-81.963;211.04;61.323;Линейная посадка (живая изгородь/ряд вдоль полосы);19_2ya_pryadilnaya;"Линейная посадка (живая изгородь/ряд вдоль полосы) — по аналогии с проектом «19_2ya_pryadilnaya»; ближайшее ограничение — проезжая часть: 3.5 м при норме 1.0 м (СП 42.13330.2016, п. 9.6, табл. 9.1; ППМ 743-ПП, табл. 3.6.1)";"ассортимент для озеленения Москвы, категория «дворовые территории (тип участка не определён)»; в приоритете базовый ассортимент ППМ 515-ПП; без инвазивных видов ППМ 369-ПП";проезжая часть;3.45;1.0;"СП 42.13330.2016, п. 9.6, табл. 9.1; ППМ 743-ПП, табл. 3.6.1"
tree_path_corridor_008_001;посажено;tree;Липа мелколистная;NEW_TREE;-103.648;-92.847;208.57;50.439;Линейная посадка (живая изгородь/ряд вдоль полосы);19_2ya_pryadilnaya;"Линейная посадка (живая изгородь/ряд вдоль полосы) — по аналогии с проектом «19_2ya_pryadilnaya»; ближайшее ограничение — проезжая часть: 3.4 м при норме 2.0 м (СП 42.13330.2016, п. 9.6, табл. 9.1; ППМ 743-ПП, табл. 3.6.1)";"ассортимент для озеленения Москвы, категория «дворовые территории (тип участка не определён)»; в приоритете базовый ассортимент ППМ 515-ПП; без инвазивных видов ППМ 369-ПП";проезжая часть;3.41;2.0;"СП 42.13330.2016, п. 9.6, табл. 9.1; ППМ 743-ПП, табл. 3.6.1"
bush_path_corridor_008_001;посажено;bush;Жимолость золотистая;NEW_BUSH;-103.952;-94.214;208.267;49.072;Линейная посадка (живая изгородь/ряд вдоль полосы);19_2ya_pryadilnaya;"Линейная посадка (живая изгородь/ряд вдоль полосы) — по аналогии с проектом «19_2ya_pryadilnaya»; ближайшее ограничение — силовой кабель: 3.1 м при норме 0.7 м (СП 42.13330.2016, п. 9.6, табл. 9.1; ППМ 743-ПП, табл. 3.6.1)";"ассортимент для озеленения Москвы, категория «дворовые территории (тип участка не определён)»; в приоритете базовый ассортимент ППМ 515-ПП; без инвазивных видов ППМ 369-ПП";силовой кабель;3.11;0.7;"СП 42.13330.2016, п. 9.6, табл. 9.1; ППМ 743-ПП, табл. 3.6.1"
bush_path_corridor_008_002;посажено;bush;Жимолость золотистая;NEW_BUSH;-103.345;-91.48;208.874;51.806;Линейная посадка (живая изгородь/ряд вдоль полосы);19_2ya_pryadilnaya;"Линейная посадка (живая изгородь/ряд вдоль полосы) — по аналогии с проектом «19_2ya_pryadilnaya»; ближайшее ограничение — кабель связи: 3.0 м при норме 0.7 м (СП 42.13330.2016, п. 9.6, табл. 9.1; ППМ 743-ПП, табл. 3.6.1)";"ассортимент для озеленения Москвы, категория «дворовые территории (тип участка не определён)»; в приоритете базовый ассортимент ППМ 515-ПП; без инвазивных видов ППМ 369-ПП";кабель связи;3.04;0.7;"СП 42.13330.2016, п. 9.6, табл. 9.1; ППМ 743-ПП, табл. 3.6.1"
tree_path_corridor_009_001;посажено;tree;Липа мелколистная;NEW_TREE;-61.939;-123.046;250.28;20.24;Линейная посадка (живая изгородь/ряд вдоль полосы);19_2ya_pryadilnaya;"Линейная посадка (живая изгородь/ряд вдоль полосы) — по аналогии с проектом «19_2ya_pryadilnaya»; ближайшее ограничение — водопровод: 2.6 м при норме 2.0 м (СП 42.13330.2016, п. 9.6, табл. 9.1; ППМ 743-ПП, табл. 3.6.1)";"ассортимент для озеленения Москвы, категория «дворовые территории (тип участка не определён)»; в приоритете базовый ассортимент ППМ 515-ПП; без инвазивных видов ППМ 369-ПП";водопровод;2.63;2.0;"СП 42.13330.2016, п. 9.6, табл. 9.1; ППМ 743-ПП, табл. 3.6.1"
tree_path_corridor_011_001;посажено;tree;Липа мелколистная;NEW_TREE;-37.589;-127.221;274.629;16.065;Линейная посадка (живая изгородь/ряд вдоль полосы);19_2ya_pryadilnaya;"Линейная посадка (живая изгородь/ряд вдоль полосы) — по аналогии с проектом «19_2ya_pryadilnaya»; ближайшее ограничение — проезжая часть: 2.6 м при норме 2.0 м (СП 42.13330.2016, п. 9.6, табл. 9.1; ППМ 743-ПП, табл. 3.6.1)";"ассортимент для озеленения Москвы, категория «дворовые территории (тип участка не определён)»; в приоритете базовый ассортимент ППМ 515-ПП; без инвазивных видов ППМ 369-ПП";проезжая часть;2.65;2.0;"СП 42.13330.2016, п. 9.6, табл. 9.1; ППМ 743-ПП, табл. 3.6.1"
bush_path_corridor_011_001;посажено;bush;Жимолость золотистая;NEW_BUSH;-40.292;-126.491;271.926;16.795;Линейная посадка (живая изгородь/ряд вдоль полосы);19_2ya_pryadilnaya;"Линейная посадка (живая изгородь/ряд вдоль полосы) — по аналогии с проектом «19_2ya_pryadilnaya»; ближайшее ограничение — проезжая часть: 2.6 м при норме 1.0 м (СП 42.13330.2016, п. 9.6, табл. 9.1; ППМ 743-ПП, табл. 3.6.1)";"ассортимент для озеленения Москвы, категория «дворовые территории (тип участка не определён)»; в приоритете базовый ассортимент ППМ 515-ПП; без инвазивных видов ППМ 369-ПП";проезжая часть;2.65;1.0;"СП 42.13330.2016, п. 9.6, табл. 9.1; ППМ 743-ПП, табл. 3.6.1"
bush_path_corridor_011_002;посажено;bush;Жимолость золотистая;NEW_BUSH;-38.941;-126.856;273.278;16.43;Линейная посадка (живая изгородь/ряд вдоль полосы);19_2ya_pryadilnaya;"Линейная посадка (живая изгородь/ряд вдоль полосы) — по аналогии с проектом «19_2ya_pryadilnaya»; ближайшее ограничение — проезжая часть: 2.6 м при норме 1.0 м (СП 42.13330.2016, п. 9.6, табл. 9.1; ППМ 743-ПП, табл. 3.6.1)";"ассортимент для озеленения Москвы, категория «дворовые территории (тип участка не определён)»; в приоритете базовый ассортимент ППМ 515-ПП; без инвазивных видов ППМ 369-ПП";проезжая часть;2.65;1.0;"СП 42.13330.2016, п. 9.6, табл. 9.1; ППМ 743-ПП, табл. 3.6.1"
bush_path_corridor_011_003;посажено;bush;Жимолость золотистая;NEW_BUSH;-36.238;-127.586;275.981;15.7;Линейная посадка (живая изгородь/ряд вдоль полосы);19_2ya_pryadilnaya;"Линейная посадка (живая изгородь/ряд вдоль полосы) — по аналогии с проектом «19_2ya_pryadilnaya»; ближайшее ограничение — проезжая часть: 2.6 м при норме 1.0 м (СП 42.13330.2016, п. 9.6, табл. 9.1; ППМ 743-ПП, табл. 3.6.1)";"ассортимент для озеленения Москвы, категория «дворовые территории (тип участка не определён)»; в приоритете базовый ассортимент ППМ 515-ПП; без инвазивных видов ППМ 369-ПП";проезжая часть;2.65;1.0;"СП 42.13330.2016, п. 9.6, табл. 9.1; ППМ 743-ПП, табл. 3.6.1"
bush_path_corridor_011_004;посажено;bush;Жимолость золотистая;NEW_BUSH;-34.886;-127.951;277.333;15.335;Линейная посадка (живая изгородь/ряд вдоль полосы);19_2ya_pryadilnaya;"Линейная посадка (живая изгородь/ряд вдоль полосы) — по аналогии с проектом «19_2ya_pryadilnaya»; ближайшее ограничение — проезжая часть: 2.6 м при норме 1.0 м (СП 42.13330.2016, п. 9.6, табл. 9.1; ППМ 743-ПП, табл. 3.6.1)";"ассортимент для озеленения Москвы, категория «дворовые территории (тип участка не определён)»; в приоритете базовый ассортимент ППМ 515-ПП; без инвазивных видов ППМ 369-ПП";проезжая часть;2.65;1.0;"СП 42.13330.2016, п. 9.6, табл. 9.1; ППМ 743-ПП, табл. 3.6.1"
bush_path_corridor_012_001;посажено;bush;Жимолость золотистая;NEW_BUSH;-91.869;75.248;220.349;218.534;Линейная посадка (живая изгородь/ряд вдоль полосы);19_2ya_pryadilnaya;"Линейная посадка (живая изгородь/ряд вдоль полосы) — по аналогии с проектом «19_2ya_pryadilnaya»; ближайшее ограничение — проезжая часть: 2.6 м при норме 1.0 м (СП 42.13330.2016, п. 9.6, табл. 9.1; ППМ 743-ПП, табл. 3.6.1)";"ассортимент для озеленения Москвы, категория «дворовые территории (тип участка не определён)»; в приоритете базовый ассортимент ППМ 515-ПП; без инвазивных видов ППМ 369-ПП";проезжая часть;2.64;1.0;"СП 42.13330.2016, п. 9.6, табл. 9.1; ППМ 743-ПП, табл. 3.6.1"
bush_path_corridor_012_002;посажено;bush;Жимолость золотистая;NEW_BUSH;-91.583;76.619;220.635;219.905;Линейная посадка (живая изгородь/ряд вдоль полосы);19_2ya_pryadilnaya;"Линейная посадка (живая изгородь/ряд вдоль полосы) — по аналогии с проектом «19_2ya_pryadilnaya»; ближайшее ограничение — проезжая часть: 2.7 м при норме 1.0 м (СП 42.13330.2016, п. 9.6, табл. 9.1; ППМ 743-ПП, табл. 3.6.1)";"ассортимент для озеленения Москвы, категория «дворовые территории (тип участка не определён)»; в приоритете базовый ассортимент ППМ 515-ПП; без инвазивных видов ППМ 369-ПП";проезжая часть;2.68;1.0;"СП 42.13330.2016, п. 9.6, табл. 9.1; ППМ 743-ПП, табл. 3.6.1"
bush_path_corridor_012_003;посажено;bush;Жимолость золотистая;NEW_BUSH;-91.298;77.989;220.921;221.275;Линейная посадка (живая изгородь/ряд вдоль полосы);19_2ya_pryadilnaya;"Линейная посадка (живая изгородь/ряд вдоль полосы) — по аналогии с проектом «19_2ya_pryadilnaya»; ближайшее ограничение — проезжая часть: 2.7 м при норме 1.0 м (СП 42.13330.2016, п. 9.6, табл. 9.1; ППМ 743-ПП, табл. 3.6.1)";"ассортимент для озеленения Москвы, категория «дворовые территории (тип участка не определён)»; в приоритете базовый ассортимент ППМ 515-ПП; без инвазивных видов ППМ 369-ПП";проезжая часть;2.72;1.0;"СП 42.13330.2016, п. 9.6, табл. 9.1; ППМ 743-ПП, табл. 3.6.1"
bush_path_corridor_012_004;посажено;bush;Жимолость золотистая;NEW_BUSH;-91.012;79.36;221.207;222.646;Линейная посадка (живая изгородь/ряд вдоль полосы);19_2ya_pryadilnaya;"Линейная посадка (живая изгородь/ряд вдоль полосы) — по аналогии с проектом «19_2ya_pryadilnaya»; ближайшее ограничение — проезжая часть: 2.8 м при норме 1.0 м (СП 42.13330.2016, п. 9.6, табл. 9.1; ППМ 743-ПП, табл. 3.6.1)";"ассортимент для озеленения Москвы, категория «дворовые территории (тип участка не определён)»; в приоритете базовый ассортимент ППМ 515-ПП; без инвазивных видов ППМ 369-ПП";проезжая часть;2.76;1.0;"СП 42.13330.2016, п. 9.6, табл. 9.1; ППМ 743-ПП, табл. 3.6.1"
bush_path_corridor_012_005;посажено;bush;Жимолость золотистая;NEW_BUSH;-90.726;80.73;221.492;224.016;Линейная посадка (живая изгородь/ряд вдоль полосы);19_2ya_pryadilnaya;"Линейная посадка (живая изгородь/ряд вдоль полосы) — по аналогии с проектом «19_2ya_pryadilnaya»; ближайшее ограничение — проезжая часть: 2.8 м при норме 1.0 м (СП 42.13330.2016, п. 9.6, табл. 9.1; ППМ 743-ПП, табл. 3.6.1)";"ассортимент для озеленения Москвы, категория «дворовые территории (тип участка не определён)»; в приоритете базовый ассортимент ППМ 515-ПП; без инвазивных видов ППМ 369-ПП";проезжая часть;2.77;1.0;"СП 42.13330.2016, п. 9.6, табл. 9.1; ППМ 743-ПП, табл. 3.6.1"
bush_path_corridor_014_001;посажено;bush;Жимолость золотистая;NEW_BUSH;194.711;71.283;506.929;214.569;Линейная посадка (живая изгородь/ряд вдоль полосы);19_2ya_pryadilnaya;"Линейная посадка (живая изгородь/ряд вдоль полосы) — по аналогии с проектом «19_2ya_pryadilnaya»; ближайшее ограничение — проезжая часть: 2.1 м при норме 1.0 м (СП 42.13330.2016, п. 9.6, табл. 9.1; ППМ 743-ПП, табл. 3.6.1)";"ассортимент для озеленения Москвы, категория «дворовые территории (тип участка не определён)»; в приоритете базовый ассортимент ППМ 515-ПП; без инвазивных видов ППМ 369-ПП";проезжая часть;2.08;1.0;"СП 42.13330.2016, п. 9.6, табл. 9.1; ППМ 743-ПП, табл. 3.6.1"
bush_path_corridor_014_002;посажено;bush;Жимолость золотистая;NEW_BUSH;193.44;70.696;505.658;213.982;Линейная посадка (живая изгородь/ряд вдоль полосы);19_2ya_pryadilnaya;"Линейная посадка (живая изгородь/ряд вдоль полосы) — по аналогии с проектом «19_2ya_pryadilnaya»; ближайшее ограничение — проезжая часть: 2.2 м при норме 1.0 м (СП 42.13330.2016, п. 9.6, табл. 9.1; ППМ 743-ПП, табл. 3.6.1)";"ассортимент для озеленения Москвы, категория «дворовые территории (тип участка не определён)»; в приоритете базовый ассортимент ППМ 515-ПП; без инвазивных видов ППМ 369-ПП";проезжая часть;2.2;1.0;"СП 42.13330.2016, п. 9.6, табл. 9.1; ППМ 743-ПП, табл. 3.6.1"
bush_path_corridor_015_001;посажено;bush;Жимолость золотистая;NEW_BUSH;175.838;63.92;488.056;207.206;Линейная посадка (живая изгородь/ряд вдоль полосы);19_2ya_pryadilnaya;"Линейная посадка (живая изгородь/ряд вдоль полосы) — по аналогии с проектом «19_2ya_pryadilnaya»; ближайшее ограничение — воздушная ЛЭП: 2.6 м при норме 2.0 м (охранная зона по чертежу (отступ зоны))";"ассортимент для озеленения Москвы, категория «дворовые территории (тип участка не определён)»; в приоритете базовый ассортимент ППМ 515-ПП; без инвазивных видов ППМ 369-ПП";воздушная ЛЭП;2.65;2.0;охранная зона по чертежу (отступ зоны)
bush_path_corridor_015_002;посажено;bush;Жимолость золотистая;NEW_BUSH;173.061;63.557;485.28;206.843;Линейная посадка (живая изгородь/ряд вдоль полосы);19_2ya_pryadilnaya;"Линейная посадка (живая изгородь/ряд вдоль полосы) — по аналогии с проектом «19_2ya_pryadilnaya»; ближайшее ограничение — проезжая часть: 3.0 м при норме 1.0 м (СП 42.13330.2016, п. 9.6, табл. 9.1; ППМ 743-ПП, табл. 3.6.1)";"ассортимент для озеленения Москвы, категория «дворовые территории (тип участка не определён)»; в приоритете базовый ассортимент ППМ 515-ПП; без инвазивных видов ППМ 369-ПП";проезжая часть;3.05;1.0;"СП 42.13330.2016, п. 9.6, табл. 9.1; ППМ 743-ПП, табл. 3.6.1"
bush_path_corridor_015_003;посажено;bush;Жимолость золотистая;NEW_BUSH;171.673;63.375;483.892;206.661;Линейная посадка (живая изгородь/ряд вдоль полосы);19_2ya_pryadilnaya;"Линейная посадка (живая изгородь/ряд вдоль полосы) — по аналогии с проектом «19_2ya_pryadilnaya»; ближайшее ограничение — проезжая часть: 2.9 м при норме 1.0 м (СП 42.13330.2016, п. 9.6, табл. 9.1; ППМ 743-ПП, табл. 3.6.1)";"ассортимент для озеленения Москвы, категория «дворовые территории (тип участка не определён)»; в приоритете базовый ассортимент ППМ 515-ПП; без инвазивных видов ППМ 369-ПП";проезжая часть;2.89;1.0;"СП 42.13330.2016, п. 9.6, табл. 9.1; ППМ 743-ПП, табл. 3.6.1"
bush_path_corridor_015_004;посажено;bush;Жимолость золотистая;NEW_BUSH;168.897;63.012;481.115;206.298;Линейная посадка (живая изгородь/ряд вдоль полосы);19_2ya_pryadilnaya;"Линейная посадка (живая изгородь/ряд вдоль полосы) — по аналогии с проектом «19_2ya_pryadilnaya»; ближайшее ограничение — проезжая часть: 2.6 м при норме 1.0 м (СП 42.13330.2016, п. 9.6, табл. 9.1; ППМ 743-ПП, табл. 3.6.1)";"ассортимент для озеленения Москвы, категория «дворовые территории (тип участка не определён)»; в приоритете базовый ассортимент ППМ 515-ПП; без инвазивных видов ППМ 369-ПП";проезжая часть;2.57;1.0;"СП 42.13330.2016, п. 9.6, табл. 9.1; ППМ 743-ПП, табл. 3.6.1"
bush_path_corridor_015_005;посажено;bush;Жимолость золотистая;NEW_BUSH;167.509;62.83;479.727;206.116;Линейная посадка (живая изгородь/ряд вдоль полосы);19_2ya_pryadilnaya;"Линейная посадка (живая изгородь/ряд вдоль полосы) — по аналогии с проектом «19_2ya_pryadilnaya»; ближайшее ограничение — проезжая часть: 2.4 м при норме 1.0 м (СП 42.13330.2016, п. 9.6, табл. 9.1; ППМ 743-ПП, табл. 3.6.1)";"ассортимент для озеленения Москвы, категория «дворовые территории (тип участка не определён)»; в приоритете базовый ассортимент ППМ 515-ПП; без инвазивных видов ППМ 369-ПП";проезжая часть;2.41;1.0;"СП 42.13330.2016, п. 9.6, табл. 9.1; ППМ 743-ПП, табл. 3.6.1"
tree_site_edge_001_001;посажено;tree;Клен остролистный;NEW_TREE;217.914;52.033;530.133;195.319;Линейная посадка (живая изгородь/ряд вдоль полосы);25_classical_building_ring_primer;"Линейная посадка (живая изгородь/ряд вдоль полосы) — по аналогии с проектом «25_classical_building_ring_primer»; ближайшее ограничение — теплосеть: 5.4 м при норме 2.0 м (СП 42.13330.2016, п. 9.6, табл. 9.1; ППМ 743-ПП, табл. 3.6.1)";"ассортимент для озеленения Москвы, категория «дворовые территории (тип участка не определён)»; в приоритете базовый ассортимент ППМ 515-ПП; без инвазивных видов ППМ 369-ПП";теплосеть;5.44;2.0;"СП 42.13330.2016, п. 9.6, табл. 9.1; ППМ 743-ПП, табл. 3.6.1"
bush_site_edge_001_001;посажено;bush;Жимолость золотистая;NEW_BUSH;216.788;54.596;529.007;197.882;Линейная посадка (живая изгородь/ряд вдоль полосы);25_classical_building_ring_primer;"Линейная посадка (живая изгородь/ряд вдоль полосы) — по аналогии с проектом «25_classical_building_ring_primer»; ближайшее ограничение — проезжая часть: 5.7 м при норме 1.0 м (СП 42.13330.2016, п. 9.6, табл. 9.1; ППМ 743-ПП, табл. 3.6.1)";"ассортимент для озеленения Москвы, категория «дворовые территории (тип участка не определён)»; в приоритете базовый ассортимент ППМ 515-ПП; без инвазивных видов ППМ 369-ПП";проезжая часть;5.7;1.0;"СП 42.13330.2016, п. 9.6, табл. 9.1; ППМ 743-ПП, табл. 3.6.1"
bush_site_edge_001_002;посажено;bush;Жимолость золотистая;NEW_BUSH;217.351;53.315;529.57;196.601;Линейная посадка (живая изгородь/ряд вдоль полосы);25_classical_building_ring_primer;"Линейная посадка (живая изгородь/ряд вдоль полосы) — по аналогии с проектом «25_classical_building_ring_primer»; ближайшее ограничение — теплосеть: 6.8 м при норме 2.0 м (МГСН 1.02-02, п. 4.2.8)";"ассортимент для озеленения Москвы, категория «дворовые территории (тип участка не определён)»; в приоритете базовый ассортимент ППМ 515-ПП; без инвазивных видов ППМ 369-ПП";теплосеть;6.82;2.0;МГСН 1.02-02, п. 4.2.8
bush_site_edge_001_003;посажено;bush;Жимолость золотистая;NEW_BUSH;218.477;50.751;530.695;194.037;Линейная посадка (живая изгородь/ряд вдоль полосы);25_classical_building_ring_primer;"Линейная посадка (живая изгородь/ряд вдоль полосы) — по аналогии с проектом «25_classical_building_ring_primer»; ближайшее ограничение — теплосеть: 4.1 м при норме 2.0 м (МГСН 1.02-02, п. 4.2.8)";"ассортимент для озеленения Москвы, категория «дворовые территории (тип участка не определён)»; в приоритете базовый ассортимент ППМ 515-ПП; без инвазивных видов ППМ 369-ПП";теплосеть;4.07;2.0;МГСН 1.02-02, п. 4.2.8
bush_site_edge_001_004;посажено;bush;Жимолость золотистая;NEW_BUSH;219.04;49.469;531.258;192.755;Линейная посадка (живая изгородь/ряд вдоль полосы);25_classical_building_ring_primer;"Линейная посадка (живая изгородь/ряд вдоль полосы) — по аналогии с проектом «25_classical_building_ring_primer»; ближайшее ограничение — теплосеть: 2.7 м при норме 2.0 м (МГСН 1.02-02, п. 4.2.8)";"ассортимент для озеленения Москвы, категория «дворовые территории (тип участка не определён)»; в приоритете базовый ассортимент ППМ 515-ПП; без инвазивных видов ППМ 369-ПП";теплосеть;2.71;2.0;МГСН 1.02-02, п. 4.2.8
bush_site_edge_002_001;посажено;bush;Жимолость золотистая;NEW_BUSH;230.002;24.909;542.221;168.195;Линейная посадка (живая изгородь/ряд вдоль полосы);25_classical_building_ring_primer;"Линейная посадка (живая изгородь/ряд вдоль полосы) — по аналогии с проектом «25_classical_building_ring_primer»; ближайшее ограничение — воздушная ЛЭП: 3.3 м при норме 2.0 м (охранная зона по чертежу (отступ зоны))";"ассортимент для озеленения Москвы, категория «дворовые территории (тип участка не определён)»; в приоритете базовый ассортимент ППМ 515-ПП; без инвазивных видов ППМ 369-ПП";воздушная ЛЭП;3.27;2.0;охранная зона по чертежу (отступ зоны)
bush_site_edge_002_002;посажено;bush;Жимолость золотистая;NEW_BUSH;230.567;23.628;542.785;166.914;Линейная посадка (живая изгородь/ряд вдоль полосы);25_classical_building_ring_primer;"Линейная посадка (живая изгородь/ряд вдоль полосы) — по аналогии с проектом «25_classical_building_ring_primer»; ближайшее ограничение — воздушная ЛЭП: 4.6 м при норме 2.0 м (охранная зона по чертежу (отступ зоны))";"ассортимент для озеленения Москвы, категория «дворовые территории (тип участка не определён)»; в приоритете базовый ассортимент ППМ 515-ПП; без инвазивных видов ППМ 369-ПП";воздушная ЛЭП;4.63;2.0;охранная зона по чертежу (отступ зоны)
bush_site_edge_002_003;посажено;bush;Жимолость золотистая;NEW_BUSH;231.132;22.347;543.35;165.633;Линейная посадка (живая изгородь/ряд вдоль полосы);25_classical_building_ring_primer;"Линейная посадка (живая изгородь/ряд вдоль полосы) — по аналогии с проектом «25_classical_building_ring_primer»; ближайшее ограничение — воздушная ЛЭП: 6.0 м при норме 2.0 м (охранная зона по чертежу (отступ зоны))";"ассортимент для озеленения Москвы, категория «дворовые территории (тип участка не определён)»; в приоритете базовый ассортимент ППМ 515-ПП; без инвазивных видов ППМ 369-ПП";воздушная ЛЭП;6.0;2.0;охранная зона по чертежу (отступ зоны)
bush_site_edge_003_001;посажено;bush;Жимолость золотистая;NEW_BUSH;-99.105;79.984;213.113;223.27;Линейная посадка (живая изгородь/ряд вдоль полосы);25_classical_building_ring_primer;"Линейная посадка (живая изгородь/ряд вдоль полосы) — по аналогии с проектом «25_classical_building_ring_primer»; ближайшее ограничение — кабель связи: 4.1 м при норме 0.7 м (СП 42.13330.2016, п. 9.6, табл. 9.1; ППМ 743-ПП, табл. 3.6.1)";"ассортимент для озеленения Москвы, категория «дворовые территории (тип участка не определён)»; в приоритете базовый ассортимент ППМ 515-ПП; без инвазивных видов ППМ 369-ПП";кабель связи;4.13;0.7;"СП 42.13330.2016, п. 9.6, табл. 9.1; ППМ 743-ПП, табл. 3.6.1"
bush_site_edge_003_002;посажено;bush;Жимолость золотистая;NEW_BUSH;-97.763;79.587;214.456;222.873;Линейная посадка (живая изгородь/ряд вдоль полосы);25_classical_building_ring_primer;"Линейная посадка (живая изгородь/ряд вдоль полосы) — по аналогии с проектом «25_classical_building_ring_primer»; ближайшее ограничение — кабель связи: 2.8 м при норме 0.7 м (СП 42.13330.2016, п. 9.6, табл. 9.1; ППМ 743-ПП, табл. 3.6.1)";"ассортимент для озеленения Москвы, категория «дворовые территории (тип участка не определён)»; в приоритете базовый ассортимент ППМ 515-ПП; без инвазивных видов ППМ 369-ПП";кабель связи;2.76;0.7;"СП 42.13330.2016, п. 9.6, табл. 9.1; ППМ 743-ПП, табл. 3.6.1"
bush_site_edge_004_001;посажено;bush;Жимолость золотистая;NEW_BUSH;-141.832;87.51;170.386;230.796;Линейная посадка (живая изгородь/ряд вдоль полосы);25_classical_building_ring_primer;"Линейная посадка (живая изгородь/ряд вдоль полосы) — по аналогии с проектом «25_classical_building_ring_primer»; ближайшее ограничение — канализация: 4.3 м при норме 0.0 м (СП 42.13330.2016, п. 9.6, табл. 9.1; ППМ 743-ПП, табл. 3.6.1)";"ассортимент для озеленения Москвы, категория «дворовые территории (тип участка не определён)»; в приоритете базовый ассортимент ППМ 515-ПП; без инвазивных видов ППМ 369-ПП";канализация;4.31;0.0;"СП 42.13330.2016, п. 9.6, табл. 9.1; ППМ 743-ПП, табл. 3.6.1"
bush_site_edge_004_002;посажено;bush;Жимолость золотистая;NEW_BUSH;-135.953;85.928;176.265;229.214;Линейная посадка (живая изгородь/ряд вдоль полосы);25_classical_building_ring_primer;"Линейная посадка (живая изгородь/ряд вдоль полосы) — по аналогии с проектом «25_classical_building_ring_primer»; нормируемых ограничений ближе 5 м сверх нормы нет";"ассортимент для озеленения Москвы, категория «дворовые территории (тип участка не определён)»; в приоритете базовый ассортимент ППМ 515-ПП; без инвазивных видов ППМ 369-ПП";;;;
bush_site_edge_004_003;посажено;bush;Жимолость золотистая;NEW_BUSH;-134.601;85.564;177.617;228.85;Линейная посадка (живая изгородь/ряд вдоль полосы);25_classical_building_ring_primer;"Линейная посадка (живая изгородь/ряд вдоль полосы) — по аналогии с проектом «25_classical_building_ring_primer»; нормируемых ограничений ближе 5 м сверх нормы нет";"ассортимент для озеленения Москвы, категория «дворовые территории (тип участка не определён)»; в приоритете базовый ассортимент ППМ 515-ПП; без инвазивных видов ППМ 369-ПП";;;;
bush_site_edge_007_001;посажено;bush;Жимолость золотистая;NEW_BUSH;-142.204;-72.651;170.014;70.635;Линейная посадка (живая изгородь/ряд вдоль полосы);25_classical_building_ring_primer;"Линейная посадка (живая изгородь/ряд вдоль полосы) — по аналогии с проектом «25_classical_building_ring_primer»; ближайшее ограничение — кабель связи: 3.1 м при норме 0.7 м (СП 42.13330.2016, п. 9.6, табл. 9.1; ППМ 743-ПП, табл. 3.6.1)";"ассортимент для озеленения Москвы, категория «дворовые территории (тип участка не определён)»; в приоритете базовый ассортимент ППМ 515-ПП; без инвазивных видов ППМ 369-ПП";кабель связи;3.12;0.7;"СП 42.13330.2016, п. 9.6, табл. 9.1; ППМ 743-ПП, табл. 3.6.1"
tree_open_area_001_001;посажено;tree;Клен остролистный;NEW_TREE;-130.861;-69.799;181.358;73.487;Органичные рощи -- случайные группы по несколько деревьев;12_natashinsky_proezd;"Органичные рощи -- случайные группы по несколько деревьев — по аналогии с проектом «12_natashinsky_proezd»; ближайшее ограничение — здание: 11.6 м при норме 10.0 м (ППМ 743-ПП, табл. 3.6.1, прим. 3)";"ассортимент для озеленения Москвы, категория «дворовые территории (тип участка не определён)»; в приоритете базовый ассортимент ППМ 515-ПП; без инвазивных видов ППМ 369-ПП";здание;11.64;10.0;ППМ 743-ПП, табл. 3.6.1, прим. 3
tree_open_area_001_002;посажено;tree;Клен остролистный;NEW_TREE;-127.514;-72.698;184.705;70.588;Органичные рощи -- случайные группы по несколько деревьев;12_natashinsky_proezd;"Органичные рощи -- случайные группы по несколько деревьев — по аналогии с проектом «12_natashinsky_proezd»; ближайшее ограничение — кабель связи: 4.9 м при норме 2.0 м (СП 42.13330.2016, п. 9.6, табл. 9.1; ППМ 743-ПП, табл. 3.6.1)";"ассортимент для озеленения Москвы, категория «дворовые территории (тип участка не определён)»; в приоритете базовый ассортимент ППМ 515-ПП; без инвазивных видов ППМ 369-ПП";кабель связи;4.94;2.0;"СП 42.13330.2016, п. 9.6, табл. 9.1; ППМ 743-ПП, табл. 3.6.1"
tree_open_area_011_001;посажено;tree;Клен остролистный;NEW_TREE;210.238;48.569;522.456;191.855;Органичные рощи -- случайные группы по несколько деревьев;12_natashinsky_proezd;"Органичные рощи -- случайные группы по несколько деревьев — по аналогии с проектом «12_natashinsky_proezd»; ближайшее ограничение — теплосеть: 6.2 м при норме 2.0 м (СП 42.13330.2016, п. 9.6, табл. 9.1; ППМ 743-ПП, табл. 3.6.1)";"ассортимент для озеленения Москвы, категория «дворовые территории (тип участка не определён)»; в приоритете базовый ассортимент ППМ 515-ПП; без инвазивных видов ППМ 369-ПП";теплосеть;6.19;2.0;"СП 42.13330.2016, п. 9.6, табл. 9.1; ППМ 743-ПП, табл. 3.6.1"
tree_open_area_011_002;посажено;tree;Клен остролистный;NEW_TREE;210.238;45.179;522.456;188.465;Органичные рощи -- случайные группы по несколько деревьев;12_natashinsky_proezd;"Органичные рощи -- случайные группы по несколько деревьев — по аналогии с проектом «12_natashinsky_proezd»; ближайшее ограничение — теплосеть: 4.6 м при норме 2.0 м (СП 42.13330.2016, п. 9.6, табл. 9.1; ППМ 743-ПП, табл. 3.6.1)";"ассортимент для озеленения Москвы, категория «дворовые территории (тип участка не определён)»; в приоритете базовый ассортимент ППМ 515-ПП; без инвазивных видов ППМ 369-ПП";теплосеть;4.6;2.0;"СП 42.13330.2016, п. 9.6, табл. 9.1; ППМ 743-ПП, табл. 3.6.1"
tree_open_area_011_003;посажено;tree;Клен остролистный;NEW_TREE;210.238;51.959;522.456;195.245;Органичные рощи -- случайные группы по несколько деревьев;12_natashinsky_proezd;"Органичные рощи -- случайные группы по несколько деревьев — по аналогии с проектом «12_natashinsky_proezd»; ближайшее ограничение — водопровод: 6.8 м при норме 2.0 м (СП 42.13330.2016, п. 9.6, табл. 9.1; ППМ 743-ПП, табл. 3.6.1)";"ассортимент для озеленения Москвы, категория «дворовые территории (тип участка не определён)»; в приоритете базовый ассортимент ППМ 515-ПП; без инвазивных видов ППМ 369-ПП";водопровод;6.76;2.0;"СП 42.13330.2016, п. 9.6, табл. 9.1; ППМ 743-ПП, табл. 3.6.1"
tree_open_area_011_004;посажено;tree;Клен остролистный;NEW_TREE;213.174;50.264;525.392;193.55;Органичные рощи -- случайные группы по несколько деревьев;12_natashinsky_proezd;"Органичные рощи -- случайные группы по несколько деревьев — по аналогии с проектом «12_natashinsky_proezd»; ближайшее ограничение — теплосеть: 5.6 м при норме 2.0 м (СП 42.13330.2016, п. 9.6, табл. 9.1; ППМ 743-ПП, табл. 3.6.1)";"ассортимент для озеленения Москвы, категория «дворовые территории (тип участка не определён)»; в приоритете базовый ассортимент ППМ 515-ПП; без инвазивных видов ППМ 369-ПП";теплосеть;5.6;2.0;"СП 42.13330.2016, п. 9.6, табл. 9.1; ППМ 743-ПП, табл. 3.6.1"
tree_open_area_011_005;посажено;tree;Клен остролистный;NEW_TREE;213.174;53.654;525.392;196.94;Органичные рощи -- случайные группы по несколько деревьев;12_natashinsky_proezd;"Органичные рощи -- случайные группы по несколько деревьев — по аналогии с проектом «12_natashinsky_proezd»; ближайшее ограничение — водопровод: 6.3 м при норме 2.0 м (СП 42.13330.2016, п. 9.6, табл. 9.1; ППМ 743-ПП, табл. 3.6.1)";"ассортимент для озеленения Москвы, категория «дворовые территории (тип участка не определён)»; в приоритете базовый ассортимент ППМ 515-ПП; без инвазивных видов ППМ 369-ПП";водопровод;6.27;2.0;"СП 42.13330.2016, п. 9.6, табл. 9.1; ППМ 743-ПП, табл. 3.6.1"
tree_open_area_011_006;посажено;tree;Липа мелколистная;NEW_TREE;195.559;40.094;507.777;183.38;Органичные рощи -- случайные группы по несколько деревьев;12_natashinsky_proezd;"Органичные рощи -- случайные группы по несколько деревьев — по аналогии с проектом «12_natashinsky_proezd»; ближайшее ограничение — теплосеть: 6.0 м при норме 2.0 м (СП 42.13330.2016, п. 9.6, табл. 9.1; ППМ 743-ПП, табл. 3.6.1)";"ассортимент для озеленения Москвы, категория «дворовые территории (тип участка не определён)»; в приоритете базовый ассортимент ППМ 515-ПП; без инвазивных видов ППМ 369-ПП";теплосеть;5.99;2.0;"СП 42.13330.2016, п. 9.6, табл. 9.1; ППМ 743-ПП, табл. 3.6.1"
tree_open_area_011_007;посажено;tree;Липа мелколистная;NEW_TREE;198.495;38.399;510.713;181.685;Органичные рощи -- случайные группы по несколько деревьев;12_natashinsky_proezd;"Органичные рощи -- случайные группы по несколько деревьев — по аналогии с проектом «12_natashinsky_proezd»; ближайшее ограничение — теплосеть: 3.3 м при норме 2.0 м (СП 42.13330.2016, п. 9.6, табл. 9.1; ППМ 743-ПП, табл. 3.6.1)";"ассортимент для озеленения Москвы, категория «дворовые территории (тип участка не определён)»; в приоритете базовый ассортимент ППМ 515-ПП; без инвазивных видов ППМ 369-ПП";теплосеть;3.29;2.0;"СП 42.13330.2016, п. 9.6, табл. 9.1; ППМ 743-ПП, табл. 3.6.1"
tree_open_area_011_008;посажено;tree;Липа мелколистная;NEW_TREE;198.495;41.789;510.713;185.075;Органичные рощи -- случайные группы по несколько деревьев;12_natashinsky_proezd;"Органичные рощи -- случайные группы по несколько деревьев — по аналогии с проектом «12_natashinsky_proezd»; ближайшее ограничение — силовой кабель: 5.9 м при норме 2.0 м (СП 42.13330.2016, п. 9.6, табл. 9.1; ППМ 743-ПП, табл. 3.6.1)";"ассортимент для озеленения Москвы, категория «дворовые территории (тип участка не определён)»; в приоритете базовый ассортимент ППМ 515-ПП; без инвазивных видов ППМ 369-ПП";силовой кабель;5.89;2.0;"СП 42.13330.2016, п. 9.6, табл. 9.1; ППМ 743-ПП, табл. 3.6.1"
tree_open_area_011_009;посажено;tree;Липа мелколистная;NEW_TREE;195.559;36.704;507.777;179.99;Органичные рощи -- случайные группы по несколько деревьев;12_natashinsky_proezd;"Органичные рощи -- случайные группы по несколько деревьев — по аналогии с проектом «12_natashinsky_proezd»; ближайшее ограничение — теплосеть: 2.9 м при норме 2.0 м (СП 42.13330.2016, п. 9.6, табл. 9.1; ППМ 743-ПП, табл. 3.6.1)";"ассортимент для озеленения Москвы, категория «дворовые территории (тип участка не определён)»; в приоритете базовый ассортимент ППМ 515-ПП; без инвазивных видов ППМ 369-ПП";теплосеть;2.87;2.0;"СП 42.13330.2016, п. 9.6, табл. 9.1; ППМ 743-ПП, табл. 3.6.1"
tree_open_area_011_010;посажено;tree;Липа мелколистная;NEW_TREE;195.559;43.484;507.777;186.77;Органичные рощи -- случайные группы по несколько деревьев;12_natashinsky_proezd;"Органичные рощи -- случайные группы по несколько деревьев — по аналогии с проектом «12_natashinsky_proezd»; ближайшее ограничение — силовой кабель: 3.3 м при норме 2.0 м (СП 42.13330.2016, п. 9.6, табл. 9.1; ППМ 743-ПП, табл. 3.6.1)";"ассортимент для озеленения Москвы, категория «дворовые территории (тип участка не определён)»; в приоритете базовый ассортимент ППМ 515-ПП; без инвазивных видов ППМ 369-ПП";силовой кабель;3.28;2.0;"СП 42.13330.2016, п. 9.6, табл. 9.1; ППМ 743-ПП, табл. 3.6.1"
tree_open_area_014_001;посажено;tree;Клен остролистный;NEW_TREE;222.602;24.498;534.821;167.784;Органичные рощи -- случайные группы по несколько деревьев;12_natashinsky_proezd;"Органичные рощи -- случайные группы по несколько деревьев — по аналогии с проектом «12_natashinsky_proezd»; ближайшее ограничение — теплосеть: 3.4 м при норме 2.0 м (СП 42.13330.2016, п. 9.6, табл. 9.1; ППМ 743-ПП, табл. 3.6.1)";"ассортимент для озеленения Москвы, категория «дворовые территории (тип участка не определён)»; в приоритете базовый ассортимент ППМ 515-ПП; без инвазивных видов ППМ 369-ПП";теплосеть;3.35;2.0;"СП 42.13330.2016, п. 9.6, табл. 9.1; ППМ 743-ПП, табл. 3.6.1"
tree_open_area_014_002;посажено;tree;Клен остролистный;NEW_TREE;226.602;24.498;538.821;167.784;Органичные рощи -- случайные группы по несколько деревьев;12_natashinsky_proezd;"Органичные рощи -- случайные группы по несколько деревьев — по аналогии с проектом «12_natashinsky_proezd»; ближайшее ограничение — воздушная ЛЭП: 2.8 м при норме 2.0 м (охранная зона по чертежу (отступ зоны))";"ассортимент для озеленения Москвы, категория «дворовые территории (тип участка не определён)»; в приоритете базовый ассортимент ППМ 515-ПП; без инвазивных видов ППМ 369-ПП";воздушная ЛЭП;2.83;2.0;охранная зона по чертежу (отступ зоны)
tree_open_area_016_001;посажено;tree;Клен остролистный;NEW_TREE;-94.019;-95.547;218.2;47.739;Органичные рощи -- случайные группы по несколько деревьев;12_natashinsky_proezd;"Органичные рощи -- случайные группы по несколько деревьев — по аналогии с проектом «12_natashinsky_proezd»; ближайшее ограничение — силовой кабель: 3.1 м при норме 2.0 м (СП 42.13330.2016, п. 9.6, табл. 9.1; ППМ 743-ПП, табл. 3.6.1)";"ассортимент для озеленения Москвы, категория «дворовые территории (тип участка не определён)»; в приоритете базовый ассортимент ППМ 515-ПП; без инвазивных видов ППМ 369-ПП";силовой кабель;3.12;2.0;"СП 42.13330.2016, п. 9.6, табл. 9.1; ППМ 743-ПП, табл. 3.6.1"
tree_open_area_016_002;посажено;tree;Клен остролистный;NEW_TREE;-91.063;-94.523;221.155;48.763;Органичные рощи -- случайные группы по несколько деревьев;12_natashinsky_proezd;"Органичные рощи -- случайные группы по несколько деревьев — по аналогии с проектом «12_natashinsky_proezd»; ближайшее ограничение — силовой кабель: 4.5 м при норме 2.0 м (СП 42.13330.2016, п. 9.6, табл. 9.1; ППМ 743-ПП, табл. 3.6.1)";"ассортимент для озеленения Москвы, категория «дворовые территории (тип участка не определён)»; в приоритете базовый ассортимент ППМ 515-ПП; без инвазивных видов ППМ 369-ПП";силовой кабель;4.52;2.0;"СП 42.13330.2016, п. 9.6, табл. 9.1; ППМ 743-ПП, табл. 3.6.1"
tree_open_area_016_003;посажено;tree;Клен остролистный;NEW_TREE;-99.93;-95.547;212.289;47.739;Органичные рощи -- случайные группы по несколько деревьев;12_natashinsky_proezd;"Органичные рощи -- случайные группы по несколько деревьев — по аналогии с проектом «12_natashinsky_proezd»; ближайшее ограничение — силовой кабель: 2.3 м при норме 2.0 м (СП 42.13330.2016, п. 9.6, табл. 9.1; ППМ 743-ПП, табл. 3.6.1)";"ассортимент для озеленения Москвы, категория «дворовые территории (тип участка не определён)»; в приоритете базовый ассортимент ППМ 515-ПП; без инвазивных видов ППМ 369-ПП";силовой кабель;2.32;2.0;"СП 42.13330.2016, п. 9.6, табл. 9.1; ППМ 743-ПП, табл. 3.6.1"
tree_open_area_017_001;посажено;tree;Клен остролистный;NEW_TREE;-80.247;-20.88;231.972;122.406;Органичные рощи -- случайные группы по несколько деревьев;12_natashinsky_proezd;"Органичные рощи -- случайные группы по несколько деревьев — по аналогии с проектом «12_natashinsky_proezd»; нормируемых ограничений ближе 5 м сверх нормы нет";"ассортимент для озеленения Москвы, категория «дворовые территории (тип участка не определён)»; в приоритете базовый ассортимент ППМ 515-ПП; без инвазивных видов ППМ 369-ПП";tree tree_open_area_017_005;3.17;3.0;правило планировщика (не норма): зазор между объектами
tree_open_area_017_002;посажено;tree;Клен остролистный;NEW_TREE;-80.247;-24.052;231.972;119.234;Органичные рощи -- случайные группы по несколько деревьев;12_natashinsky_proezd;"Органичные рощи -- случайные группы по несколько деревьев — по аналогии с проектом «12_natashinsky_proezd»; нормируемых ограничений ближе 5 м сверх нормы нет";"ассортимент для озеленения Москвы, категория «дворовые территории (тип участка не определён)»; в приоритете базовый ассортимент ППМ 515-ПП; без инвазивных видов ППМ 369-ПП";tree tree_open_area_017_001;3.17;3.0;правило планировщика (не норма): зазор между объектами
tree_open_area_017_003;посажено;tree;Клен остролистный;NEW_TREE;-80.247;-17.708;231.972;125.578;Органичные рощи -- случайные группы по несколько деревьев;12_natashinsky_proezd;"Органичные рощи -- случайные группы по несколько деревьев — по аналогии с проектом «12_natashinsky_proezd»; нормируемых ограничений ближе 5 м сверх нормы нет";"ассортимент для озеленения Москвы, категория «дворовые территории (тип участка не определён)»; в приоритете базовый ассортимент ППМ 515-ПП; без инвазивных видов ППМ 369-ПП";tree tree_open_area_017_005;3.17;3.0;правило планировщика (не норма): зазор между объектами
tree_open_area_017_004;посажено;tree;Клен остролистный;NEW_TREE;-77.5;-22.466;234.719;120.82;Органичные рощи -- случайные группы по несколько деревьев;12_natashinsky_proezd;"Органичные рощи -- случайные группы по несколько деревьев — по аналогии с проектом «12_natashinsky_proezd»; нормируемых ограничений ближе 5 м сверх нормы нет";"ассортимент для озеленения Москвы, категория «дворовые территории (тип участка не определён)»; в приоритете базовый ассортимент ППМ 515-ПП; без инвазивных видов ППМ 369-ПП";tree tree_open_area_017_002;3.17;3.0;правило планировщика (не норма): зазор между объектами
tree_open_area_017_005;посажено;tree;Клен остролистный;NEW_TREE;-82.994;-19.294;229.224;123.992;Органичные рощи -- случайные группы по несколько деревьев;12_natashinsky_proezd;"Органичные рощи -- случайные группы по несколько деревьев — по аналогии с проектом «12_natashinsky_proezd»; нормируемых ограничений ближе 5 м сверх нормы нет";"ассортимент для озеленения Москвы, категория «дворовые территории (тип участка не определён)»; в приоритете базовый ассортимент ППМ 515-ПП; без инвазивных видов ППМ 369-ПП";tree tree_open_area_017_001;3.17;3.0;правило планировщика (не норма): зазор между объектами
tree_open_area_017_006;посажено;tree;Липа мелколистная;NEW_TREE;-57.353;50.498;254.866;193.783;Органичные рощи -- случайные группы по несколько деревьев;12_natashinsky_proezd;"Органичные рощи -- случайные группы по несколько деревьев — по аналогии с проектом «12_natashinsky_proezd»; ближайшее ограничение — теплосеть: 4.1 м при норме 2.0 м (СП 42.13330.2016, п. 9.6, табл. 9.1; ППМ 743-ПП, табл. 3.6.1)";"ассортимент для озеленения Москвы, категория «дворовые территории (тип участка не определён)»; в приоритете базовый ассортимент ППМ 515-ПП; без инвазивных видов ППМ 369-ПП";теплосеть;4.1;2.0;"СП 42.13330.2016, п. 9.6, табл. 9.1; ППМ 743-ПП, табл. 3.6.1"
tree_open_area_017_007;посажено;tree;Липа мелколистная;NEW_TREE;-60.1;48.911;252.119;192.197;Органичные рощи -- случайные группы по несколько деревьев;12_natashinsky_proezd;"Органичные рощи -- случайные группы по несколько деревьев — по аналогии с проектом «12_natashinsky_proezd»; ближайшее ограничение — теплосеть: 6.5 м при норме 2.0 м (СП 42.13330.2016, п. 9.6, табл. 9.1; ППМ 743-ПП, табл. 3.6.1)";"ассортимент для озеленения Москвы, категория «дворовые территории (тип участка не определён)»; в приоритете базовый ассортимент ППМ 515-ПП; без инвазивных видов ППМ 369-ПП";теплосеть;6.55;2.0;"СП 42.13330.2016, п. 9.6, табл. 9.1; ППМ 743-ПП, табл. 3.6.1"
tree_open_area_017_008;посажено;tree;Липа мелколистная;NEW_TREE;-60.1;52.084;252.119;195.37;Органичные рощи -- случайные группы по несколько деревьев;12_natashinsky_proezd;"Органичные рощи -- случайные группы по несколько деревьев — по аналогии с проектом «12_natashinsky_proezd»; ближайшее ограничение — теплосеть: 3.6 м при норме 2.0 м (СП 42.13330.2016, п. 9.6, табл. 9.1; ППМ 743-ПП, табл. 3.6.1)";"ассортимент для озеленения Москвы, категория «дворовые территории (тип участка не определён)»; в приоритете базовый ассортимент ППМ 515-ПП; без инвазивных видов ППМ 369-ПП";теплосеть;3.58;2.0;"СП 42.13330.2016, п. 9.6, табл. 9.1; ППМ 743-ПП, табл. 3.6.1"
tree_open_area_017_009;посажено;tree;Липа мелколистная;NEW_TREE;-53.69;50.498;258.529;193.783;Органичные рощи -- случайные группы по несколько деревьев;12_natashinsky_proezd;"Органичные рощи -- случайные группы по несколько деревьев — по аналогии с проектом «12_natashinsky_proezd»; ближайшее ограничение — теплосеть: 2.8 м при норме 2.0 м (СП 42.13330.2016, п. 9.6, табл. 9.1; ППМ 743-ПП, табл. 3.6.1)";"ассортимент для озеленения Москвы, категория «дворовые территории (тип участка не определён)»; в приоритете базовый ассортимент ППМ 515-ПП; без инвазивных видов ППМ 369-ПП";теплосеть;2.81;2.0;"СП 42.13330.2016, п. 9.6, табл. 9.1; ППМ 743-ПП, табл. 3.6.1"
tree_open_area_017_010;посажено;tree;Липа мелколистная;NEW_TREE;-51.858;47.325;260.36;190.611;Органичные рощи -- случайные группы по несколько деревьев;12_natashinsky_proezd;"Органичные рощи -- случайные группы по несколько деревьев — по аналогии с проектом «12_natashinsky_proezd»; ближайшее ограничение — кабель связи: 2.6 м при норме 2.0 м (СП 42.13330.2016, п. 9.6, табл. 9.1; ППМ 743-ПП, табл. 3.6.1)";"ассортимент для озеленения Москвы, категория «дворовые территории (тип участка не определён)»; в приоритете базовый ассортимент ППМ 515-ПП; без инвазивных видов ППМ 369-ПП";кабель связи;2.64;2.0;"СП 42.13330.2016, п. 9.6, табл. 9.1; ППМ 743-ПП, табл. 3.6.1"
tree_open_area_017_011;посажено;tree;Бархат Амурский;NEW_TREE;-88.489;-79.568;223.73;63.718;Органичные рощи -- случайные группы по несколько деревьев;12_natashinsky_proezd;"Органичные рощи -- случайные группы по несколько деревьев — по аналогии с проектом «12_natashinsky_proezd»; нормируемых ограничений ближе 5 м сверх нормы нет";"ассортимент для озеленения Москвы, категория «дворовые территории (тип участка не определён)»; в приоритете базовый ассортимент ППМ 515-ПП; без инвазивных видов ППМ 369-ПП";tree tree_open_area_017_013;3.17;3.0;правило планировщика (не норма): зазор между объектами
tree_open_area_017_012;посажено;tree;Бархат Амурский;NEW_TREE;-85.742;-81.154;226.477;62.132;Органичные рощи -- случайные группы по несколько деревьев;12_natashinsky_proezd;"Органичные рощи -- случайные группы по несколько деревьев — по аналогии с проектом «12_natashinsky_proezd»; ближайшее ограничение — кабель связи: 4.4 м при норме 2.0 м (СП 42.13330.2016, п. 9.6, табл. 9.1; ППМ 743-ПП, табл. 3.6.1)";"ассортимент для озеленения Москвы, категория «дворовые территории (тип участка не определён)»; в приоритете базовый ассортимент ППМ 515-ПП; без инвазивных видов ППМ 369-ПП";кабель связи;4.43;2.0;"СП 42.13330.2016, п. 9.6, табл. 9.1; ППМ 743-ПП, табл. 3.6.1"
tree_open_area_017_013;посажено;tree;Бархат Амурский;NEW_TREE;-88.489;-82.74;223.73;60.546;Органичные рощи -- случайные группы по несколько деревьев;12_natashinsky_proezd;"Органичные рощи -- случайные группы по несколько деревьев — по аналогии с проектом «12_natashinsky_proezd»; ближайшее ограничение — кабель связи: 5.2 м при норме 2.0 м (СП 42.13330.2016, п. 9.6, табл. 9.1; ППМ 743-ПП, табл. 3.6.1)";"ассортимент для озеленения Москвы, категория «дворовые территории (тип участка не определён)»; в приоритете базовый ассортимент ППМ 515-ПП; без инвазивных видов ППМ 369-ПП";кабель связи;5.17;2.0;"СП 42.13330.2016, п. 9.6, табл. 9.1; ППМ 743-ПП, табл. 3.6.1"
tree_open_area_017_014;посажено;tree;Бархат Амурский;NEW_TREE;-85.742;-84.326;226.477;58.96;Органичные рощи -- случайные группы по несколько деревьев;12_natashinsky_proezd;"Органичные рощи -- случайные группы по несколько деревьев — по аналогии с проектом «12_natashinsky_proezd»; ближайшее ограничение — кабель связи: 3.5 м при норме 2.0 м (СП 42.13330.2016, п. 9.6, табл. 9.1; ППМ 743-ПП, табл. 3.6.1)";"ассортимент для озеленения Москвы, категория «дворовые территории (тип участка не определён)»; в приоритете базовый ассортимент ППМ 515-ПП; без инвазивных видов ППМ 369-ПП";кабель связи;3.47;2.0;"СП 42.13330.2016, п. 9.6, табл. 9.1; ППМ 743-ПП, табл. 3.6.1"
tree_open_area_017_015;посажено;tree;Бархат Амурский;NEW_TREE;-91.236;-74.809;220.982;68.477;Органичные рощи -- случайные группы по несколько деревьев;12_natashinsky_proezd;"Органичные рощи -- случайные группы по несколько деревьев — по аналогии с проектом «12_natashinsky_proezd»; нормируемых ограничений ближе 5 м сверх нормы нет";"ассортимент для озеленения Москвы, категория «дворовые территории (тип участка не определён)»; в приоритете базовый ассортимент ППМ 515-ПП; без инвазивных видов ППМ 369-ПП";tree tree_075;3.84;3.0;правило планировщика (не норма): зазор между объектами
tree_open_area_017_016;посажено;tree;Клен остролистный;NEW_TREE;-69.258;14.016;242.961;157.302;Органичные рощи -- случайные группы по несколько деревьев;12_natashinsky_proezd;"Органичные рощи -- случайные группы по несколько деревьев — по аналогии с проектом «12_natashinsky_proezd»; нормируемых ограничений ближе 5 м сверх нормы нет";"ассортимент для озеленения Москвы, категория «дворовые территории (тип участка не определён)»; в приоритете базовый ассортимент ППМ 515-ПП; без инвазивных видов ППМ 369-ПП";tree tree_open_area_017_019;3.17;3.0;правило планировщика (не норма): зазор между объектами
tree_open_area_017_017;посажено;tree;Клен остролистный;NEW_TREE;-69.258;10.843;242.961;154.129;Органичные рощи -- случайные группы по несколько деревьев;12_natashinsky_proezd;"Органичные рощи -- случайные группы по несколько деревьев — по аналогии с проектом «12_natashinsky_proezd»; нормируемых ограничений ближе 5 м сверх нормы нет";"ассортимент для озеленения Москвы, категория «дворовые территории (тип участка не определён)»; в приоритете базовый ассортимент ППМ 515-ПП; без инвазивных видов ППМ 369-ПП";tree tree_091;3.04;3.0;правило планировщика (не норма): зазор между объектами
tree_open_area_017_018;посажено;tree;Клен остролистный;NEW_TREE;-69.258;17.188;242.961;160.474;Органичные рощи -- случайные группы по несколько деревьев;12_natashinsky_proezd;"Органичные рощи -- случайные группы по несколько деревьев — по аналогии с проектом «12_natashinsky_proezd»; нормируемых ограничений ближе 5 м сверх нормы нет";"ассортимент для озеленения Москвы, категория «дворовые территории (тип участка не определён)»; в приоритете базовый ассортимент ППМ 515-ПП; без инвазивных видов ППМ 369-ПП";tree tree_open_area_017_019;3.17;3.0;правило планировщика (не норма): зазор между объектами
tree_open_area_017_019;посажено;tree;Клен остролистный;NEW_TREE;-72.005;15.602;240.213;158.888;Органичные рощи -- случайные группы по несколько деревьев;12_natashinsky_proezd;"Органичные рощи -- случайные группы по несколько деревьев — по аналогии с проектом «12_natashinsky_proezd»; нормируемых ограничений ближе 5 м сверх нормы нет";"ассортимент для озеленения Москвы, категория «дворовые территории (тип участка не определён)»; в приоритете базовый ассортимент ППМ 515-ПП; без инвазивных видов ППМ 369-ПП";tree tree_open_area_017_016;3.17;3.0;правило планировщика (не норма): зазор между объектами
tree_open_area_017_020;посажено;tree;Клен остролистный;NEW_TREE;-66.51;9.257;245.708;152.543;Органичные рощи -- случайные группы по несколько деревьев;12_natashinsky_proezd;"Органичные рощи -- случайные группы по несколько деревьев — по аналогии с проектом «12_natashinsky_proezd»; нормируемых ограничений ближе 5 м сверх нормы нет";"ассортимент для озеленения Москвы, категория «дворовые территории (тип участка не определён)»; в приоритете базовый ассортимент ППМ 515-ПП; без инвазивных видов ППМ 369-ПП";tree tree_open_area_017_028;3.17;3.0;правило планировщика (не норма): зазор между объектами
tree_open_area_017_021;посажено;tree;Липа мелколистная;NEW_TREE;-89.405;-55.775;222.814;87.51;Органичные рощи -- случайные группы по несколько деревьев;12_natashinsky_proezd;"Органичные рощи -- случайные группы по несколько деревьев — по аналогии с проектом «12_natashinsky_proezd»; нормируемых ограничений ближе 5 м сверх нормы нет";"ассортимент для озеленения Москвы, категория «дворовые территории (тип участка не определён)»; в приоритете базовый ассортимент ППМ 515-ПП; без инвазивных видов ППМ 369-ПП";tree tree_open_area_017_024;3.17;3.0;правило планировщика (не норма): зазор между объектами
tree_open_area_017_022;посажено;tree;Липа мелколистная;NEW_TREE;-89.405;-58.948;222.814;84.338;Органичные рощи -- случайные группы по несколько деревьев;12_natashinsky_proezd;"Органичные рощи -- случайные группы по несколько деревьев — по аналогии с проектом «12_natashinsky_proezd»; нормируемых ограничений ближе 5 м сверх нормы нет";"ассортимент для озеленения Москвы, категория «дворовые территории (тип участка не определён)»; в приоритете базовый ассортимент ППМ 515-ПП; без инвазивных видов ППМ 369-ПП";tree tree_106;3.03;3.0;правило планировщика (не норма): зазор между объектами
tree_open_area_017_023;посажено;tree;Липа мелколистная;NEW_TREE;-89.405;-52.603;222.814;90.683;Органичные рощи -- случайные группы по несколько деревьев;12_natashinsky_proezd;"Органичные рощи -- случайные группы по несколько деревьев — по аналогии с проектом «12_natashinsky_proezd»; нормируемых ограничений ближе 5 м сверх нормы нет";"ассортимент для озеленения Москвы, категория «дворовые территории (тип участка не определён)»; в приоритете базовый ассортимент ППМ 515-ПП; без инвазивных видов ППМ 369-ПП";tree tree_open_area_017_021;3.17;3.0;правило планировщика (не норма): зазор между объектами
tree_open_area_017_024;посажено;tree;Липа мелколистная;NEW_TREE;-92.152;-57.362;220.066;85.924;Органичные рощи -- случайные группы по несколько деревьев;12_natashinsky_proezd;"Органичные рощи -- случайные группы по несколько деревьев — по аналогии с проектом «12_natashinsky_proezd»; ближайшее ограничение — проезжая часть: 6.8 м при норме 2.0 м (СП 42.13330.2016, п. 9.6, табл. 9.1; ППМ 743-ПП, табл. 3.6.1)";"ассортимент для озеленения Москвы, категория «дворовые территории (тип участка не определён)»; в приоритете базовый ассортимент ППМ 515-ПП; без инвазивных видов ППМ 369-ПП";проезжая часть;6.75;2.0;"СП 42.13330.2016, п. 9.6, табл. 9.1; ППМ 743-ПП, табл. 3.6.1"
tree_open_area_017_025;посажено;tree;Липа мелколистная;NEW_TREE;-86.657;-57.362;225.561;85.924;Органичные рощи -- случайные группы по несколько деревьев;12_natashinsky_proezd;"Органичные рощи -- случайные группы по несколько деревьев — по аналогии с проектом «12_natashinsky_proezd»; нормируемых ограничений ближе 5 м сверх нормы нет";"ассортимент для озеленения Москвы, категория «дворовые территории (тип участка не определён)»; в приоритете базовый ассортимент ППМ 515-ПП; без инвазивных видов ППМ 369-ПП";tree tree_open_area_017_022;3.17;3.0;правило планировщика (не норма): зазор между объектами
tree_open_area_017_026;посажено;tree;Бархат Амурский;NEW_TREE;-69.258;4.499;242.961;147.785;Органичные рощи -- случайные группы по несколько деревьев;12_natashinsky_proezd;"Органичные рощи -- случайные группы по несколько деревьев — по аналогии с проектом «12_natashinsky_proezd»; нормируемых ограничений ближе 5 м сверх нормы нет";"ассортимент для озеленения Москвы, категория «дворовые территории (тип участка не определён)»; в приоритете базовый ассортимент ППМ 515-ПП; без инвазивных видов ППМ 369-ПП";tree tree_open_area_017_029;3.17;3.0;правило планировщика (не норма): зазор между объектами
tree_open_area_017_027;посажено;tree;Бархат Амурский;NEW_TREE;-69.258;1.326;242.961;144.612;Органичные рощи -- случайные группы по несколько деревьев;12_natashinsky_proezd;"Органичные рощи -- случайные группы по несколько деревьев — по аналогии с проектом «12_natashinsky_proezd»; нормируемых ограничений ближе 5 м сверх нормы нет";"ассортимент для озеленения Москвы, категория «дворовые территории (тип участка не определён)»; в приоритете базовый ассортимент ППМ 515-ПП; без инвазивных видов ППМ 369-ПП";tree tree_open_area_017_026;3.17;3.0;правило планировщика (не норма): зазор между объектами
tree_open_area_017_028;посажено;tree;Бархат Амурский;NEW_TREE;-69.258;7.671;242.961;150.957;Органичные рощи -- случайные группы по несколько деревьев;12_natashinsky_proezd;"Органичные рощи -- случайные группы по несколько деревьев — по аналогии с проектом «12_natashinsky_proezd»; нормируемых ограничений ближе 5 м сверх нормы нет";"ассортимент для озеленения Москвы, категория «дворовые территории (тип участка не определён)»; в приоритете базовый ассортимент ППМ 515-ПП; без инвазивных видов ППМ 369-ПП";tree tree_open_area_017_029;3.17;3.0;правило планировщика (не норма): зазор между объектами
tree_open_area_017_029;посажено;tree;Бархат Амурский;NEW_TREE;-72.005;6.085;240.213;149.371;Органичные рощи -- случайные группы по несколько деревьев;12_natashinsky_proezd;"Органичные рощи -- случайные группы по несколько деревьев — по аналогии с проектом «12_natashinsky_proezd»; нормируемых ограничений ближе 5 м сверх нормы нет";"ассортимент для озеленения Москвы, категория «дворовые территории (тип участка не определён)»; в приоритете базовый ассортимент ППМ 515-ПП; без инвазивных видов ППМ 369-ПП";tree tree_open_area_017_026;3.17;3.0;правило планировщика (не норма): зазор между объектами
tree_open_area_017_030;посажено;tree;Бархат Амурский;NEW_TREE;-66.51;6.085;245.708;149.371;Органичные рощи -- случайные группы по несколько деревьев;12_natashinsky_proezd;"Органичные рощи -- случайные группы по несколько деревьев — по аналогии с проектом «12_natashinsky_proezd»; нормируемых ограничений ближе 5 м сверх нормы нет";"ассортимент для озеленения Москвы, категория «дворовые территории (тип участка не определён)»; в приоритете базовый ассортимент ППМ 515-ПП; без инвазивных видов ППМ 369-ПП";tree tree_open_area_017_026;3.17;3.0;правило планировщика (не норма): зазор между объектами
tree_open_area_017_031;посажено;tree;Клен остролистный;NEW_TREE;-59.184;37.808;253.034;181.094;Органичные рощи -- случайные группы по несколько деревьев;12_natashinsky_proezd;"Органичные рощи -- случайные группы по несколько деревьев — по аналогии с проектом «12_natashinsky_proezd»; нормируемых ограничений ближе 5 м сверх нормы нет";"ассортимент для озеленения Москвы, категория «дворовые территории (тип участка не определён)»; в приоритете базовый ассортимент ППМ 515-ПП; без инвазивных видов ППМ 369-ПП";tree tree_open_area_017_032;3.17;3.0;правило планировщика (не норма): зазор между объектами
tree_open_area_017_032;посажено;tree;Клен остролистный;NEW_TREE;-61.932;36.222;250.287;179.508;Органичные рощи -- случайные группы по несколько деревьев;12_natashinsky_proezd;"Органичные рощи -- случайные группы по несколько деревьев — по аналогии с проектом «12_natashinsky_proezd»; нормируемых ограничений ближе 5 м сверх нормы нет";"ассортимент для озеленения Москвы, категория «дворовые территории (тип участка не определён)»; в приоритете базовый ассортимент ППМ 515-ПП; без инвазивных видов ППМ 369-ПП";tree tree_open_area_017_031;3.17;3.0;правило планировщика (не норма): зазор между объектами
tree_open_area_017_033;посажено;tree;Клен остролистный;NEW_TREE;-55.521;37.808;256.697;181.094;Органичные рощи -- случайные группы по несколько деревьев;12_natashinsky_proezd;"Органичные рощи -- случайные группы по несколько деревьев — по аналогии с проектом «12_natashinsky_proezd»; ближайшее ограничение — кабель связи: 4.0 м при норме 2.0 м (СП 42.13330.2016, п. 9.6, табл. 9.1; ППМ 743-ПП, табл. 3.6.1)";"ассортимент для озеленения Москвы, категория «дворовые территории (тип участка не определён)»; в приоритете базовый ассортимент ППМ 515-ПП; без инвазивных видов ППМ 369-ПП";кабель связи;3.99;2.0;"СП 42.13330.2016, п. 9.6, табл. 9.1; ППМ 743-ПП, табл. 3.6.1"
tree_open_area_017_034;посажено;tree;Клен остролистный;NEW_TREE;-63.763;33.05;248.455;176.336;Органичные рощи -- случайные группы по несколько деревьев;12_natashinsky_proezd;"Органичные рощи -- случайные группы по несколько деревьев — по аналогии с проектом «12_natashinsky_proezd»; нормируемых ограничений ближе 5 м сверх нормы нет";"ассортимент для озеленения Москвы, категория «дворовые территории (тип участка не определён)»; в приоритете базовый ассортимент ППМ 515-ПП; без инвазивных видов ППМ 369-ПП";tree tree_022;3.27;3.0;правило планировщика (не норма): зазор между объектами
tree_open_area_017_035;посажено;tree;Клен остролистный;NEW_TREE;-52.774;42.567;259.445;185.853;Органичные рощи -- случайные группы по несколько деревьев;12_natashinsky_proezd;"Органичные рощи -- случайные группы по несколько деревьев — по аналогии с проектом «12_natashinsky_proezd»; ближайшее ограничение — кабель связи: 2.6 м при норме 2.0 м (СП 42.13330.2016, п. 9.6, табл. 9.1; ППМ 743-ПП, табл. 3.6.1)";"ассортимент для озеленения Москвы, категория «дворовые территории (тип участка не определён)»; в приоритете базовый ассортимент ППМ 515-ПП; без инвазивных видов ППМ 369-ПП";кабель связи;2.64;2.0;"СП 42.13330.2016, п. 9.6, табл. 9.1; ППМ 743-ПП, табл. 3.6.1"
tree_open_area_017_036;посажено;tree;Липа мелколистная;NEW_TREE;-65.595;23.533;246.624;166.819;Органичные рощи -- случайные группы по несколько деревьев;12_natashinsky_proezd;"Органичные рощи -- случайные группы по несколько деревьев — по аналогии с проектом «12_natashinsky_proezd»; нормируемых ограничений ближе 5 м сверх нормы нет";"ассортимент для озеленения Москвы, категория «дворовые территории (тип участка не определён)»; в приоритете базовый ассортимент ППМ 515-ПП; без инвазивных видов ППМ 369-ПП";tree tree_open_area_017_037;3.17;3.0;правило планировщика (не норма): зазор между объектами
tree_open_area_017_037;посажено;tree;Липа мелколистная;NEW_TREE;-65.595;20.36;246.624;163.646;Органичные рощи -- случайные группы по несколько деревьев;12_natashinsky_proezd;"Органичные рощи -- случайные группы по несколько деревьев — по аналогии с проектом «12_natashinsky_proezd»; нормируемых ограничений ближе 5 м сверх нормы нет";"ассортимент для озеленения Москвы, категория «дворовые территории (тип участка не определён)»; в приоритете базовый ассортимент ППМ 515-ПП; без инвазивных видов ППМ 369-ПП";tree tree_open_area_017_036;3.17;3.0;правило планировщика (не норма): зазор между объектами
tree_open_area_017_038;посажено;tree;Липа мелколистная;NEW_TREE;-62.847;21.947;249.371;165.233;Органичные рощи -- случайные группы по несколько деревьев;12_natashinsky_proezd;"Органичные рощи -- случайные группы по несколько деревьев — по аналогии с проектом «12_natashinsky_proezd»; нормируемых ограничений ближе 5 м сверх нормы нет";"ассортимент для озеленения Москвы, категория «дворовые территории (тип участка не определён)»; в приоритете базовый ассортимент ППМ 515-ПП; без инвазивных видов ППМ 369-ПП";tree tree_open_area_017_037;3.17;3.0;правило планировщика (не норма): зазор между объектами
tree_open_area_017_039;посажено;tree;Липа мелколистная;NEW_TREE;-67.426;26.705;244.792;169.991;Органичные рощи -- случайные группы по несколько деревьев;12_natashinsky_proezd;"Органичные рощи -- случайные группы по несколько деревьев — по аналогии с проектом «12_natashinsky_proezd»; нормируемых ограничений ближе 5 м сверх нормы нет";"ассортимент для озеленения Москвы, категория «дворовые территории (тип участка не определён)»; в приоритете базовый ассортимент ППМ 515-ПП; без инвазивных видов ППМ 369-ПП";tree tree_123;3.64;3.0;правило планировщика (не норма): зазор между объектами
tree_open_area_017_040;посажено;tree;Липа мелколистная;NEW_TREE;-65.595;29.877;246.624;173.163;Органичные рощи -- случайные группы по несколько деревьев;12_natashinsky_proezd;"Органичные рощи -- случайные группы по несколько деревьев — по аналогии с проектом «12_natashinsky_proezd»; нормируемых ограничений ближе 5 м сверх нормы нет";"ассортимент для озеленения Москвы, категория «дворовые территории (тип участка не определён)»; в приоритете базовый ассортимент ППМ 515-ПП; без инвазивных видов ППМ 369-ПП";tree tree_open_area_017_039;3.66;3.0;правило планировщика (не норма): зазор между объектами
tree_open_area_017_041;посажено;tree;Бархат Амурский;NEW_TREE;-76.584;-46.258;235.635;97.027;Органичные рощи -- случайные группы по несколько деревьев;12_natashinsky_proezd;"Органичные рощи -- случайные группы по несколько деревьев — по аналогии с проектом «12_natashinsky_proezd»; ближайшее ограничение — кабель связи: 4.2 м при норме 2.0 м (СП 42.13330.2016, п. 9.6, табл. 9.1; ППМ 743-ПП, табл. 3.6.1)";"ассортимент для озеленения Москвы, категория «дворовые территории (тип участка не определён)»; в приоритете базовый ассортимент ППМ 515-ПП; без инвазивных видов ППМ 369-ПП";кабель связи;4.24;2.0;"СП 42.13330.2016, п. 9.6, табл. 9.1; ППМ 743-ПП, табл. 3.6.1"
tree_open_area_017_042;посажено;tree;Бархат Амурский;NEW_TREE;-76.584;-49.431;235.635;93.855;Органичные рощи -- случайные группы по несколько деревьев;12_natashinsky_proezd;"Органичные рощи -- случайные группы по несколько деревьев — по аналогии с проектом «12_natashinsky_proezd»; ближайшее ограничение — кабель связи: 3.2 м при норме 2.0 м (СП 42.13330.2016, п. 9.6, табл. 9.1; ППМ 743-ПП, табл. 3.6.1)";"ассортимент для озеленения Москвы, категория «дворовые территории (тип участка не определён)»; в приоритете базовый ассортимент ППМ 515-ПП; без инвазивных видов ППМ 369-ПП";кабель связи;3.2;2.0;"СП 42.13330.2016, п. 9.6, табл. 9.1; ППМ 743-ПП, табл. 3.6.1"
tree_open_area_017_043;посажено;tree;Бархат Амурский;NEW_TREE;-76.584;-43.086;235.635;100.2;Органичные рощи -- случайные группы по несколько деревьев;12_natashinsky_proezd;"Органичные рощи -- случайные группы по несколько деревьев — по аналогии с проектом «12_natashinsky_proezd»; ближайшее ограничение — кабель связи: 5.0 м при норме 2.0 м (СП 42.13330.2016, п. 9.6, табл. 9.1; ППМ 743-ПП, табл. 3.6.1)";"ассортимент для озеленения Москвы, категория «дворовые территории (тип участка не определён)»; в приоритете базовый ассортимент ППМ 515-ПП; без инвазивных видов ППМ 369-ПП";кабель связи;5.02;2.0;"СП 42.13330.2016, п. 9.6, табл. 9.1; ППМ 743-ПП, табл. 3.6.1"
tree_open_area_017_044;посажено;tree;Бархат Амурский;NEW_TREE;-80.247;-49.431;231.972;93.855;Органичные рощи -- случайные группы по несколько деревьев;12_natashinsky_proezd;"Органичные рощи -- случайные группы по несколько деревьев — по аналогии с проектом «12_natashinsky_proezd»; ближайшее ограничение — кабель связи: 6.7 м при норме 2.0 м (СП 42.13330.2016, п. 9.6, табл. 9.1; ППМ 743-ПП, табл. 3.6.1)";"ассортимент для озеленения Москвы, категория «дворовые территории (тип участка не определён)»; в приоритете базовый ассортимент ППМ 515-ПП; без инвазивных видов ППМ 369-ПП";кабель связи;6.73;2.0;"СП 42.13330.2016, п. 9.6, табл. 9.1; ППМ 743-ПП, табл. 3.6.1"
tree_open_area_017_045;посажено;tree;Бархат Амурский;NEW_TREE;-73.837;-41.5;238.382;101.786;Органичные рощи -- случайные группы по несколько деревьев;12_natashinsky_proezd;"Органичные рощи -- случайные группы по несколько деревьев — по аналогии с проектом «12_natashinsky_proezd»; ближайшее ограничение — кабель связи: 2.5 м при норме 2.0 м (СП 42.13330.2016, п. 9.6, табл. 9.1; ППМ 743-ПП, табл. 3.6.1)";"ассортимент для озеленения Москвы, категория «дворовые территории (тип участка не определён)»; в приоритете базовый ассортимент ППМ 515-ПП; без инвазивных видов ППМ 369-ПП";кабель связи;2.47;2.0;"СП 42.13330.2016, п. 9.6, табл. 9.1; ППМ 743-ПП, табл. 3.6.1"
tree_open_area_017_046;посажено;tree;Клен остролистный;NEW_TREE;-84.826;-66.879;227.393;76.407;Органичные рощи -- случайные группы по несколько деревьев;12_natashinsky_proezd;"Органичные рощи -- случайные группы по несколько деревьев — по аналогии с проектом «12_natashinsky_proezd»; ближайшее ограничение — кабель связи: 6.9 м при норме 2.0 м (СП 42.13330.2016, п. 9.6, табл. 9.1; ППМ 743-ПП, табл. 3.6.1)";"ассортимент для озеленения Москвы, категория «дворовые территории (тип участка не определён)»; в приоритете базовый ассортимент ППМ 515-ПП; без инвазивных видов ППМ 369-ПП";кабель связи;6.9;2.0;"СП 42.13330.2016, п. 9.6, табл. 9.1; ППМ 743-ПП, табл. 3.6.1"
tree_open_area_017_047;посажено;tree;Клен остролистный;NEW_TREE;-84.826;-63.706;227.393;79.58;Органичные рощи -- случайные группы по несколько деревьев;12_natashinsky_proezd;"Органичные рощи -- случайные группы по несколько деревьев — по аналогии с проектом «12_natashinsky_proezd»; нормируемых ограничений ближе 5 м сверх нормы нет";"ассортимент для озеленения Москвы, категория «дворовые территории (тип участка не определён)»; в приоритете базовый ассортимент ППМ 515-ПП; без инвазивных видов ППМ 369-ПП";tree tree_open_area_017_046;3.17;3.0;правило планировщика (не норма): зазор между объектами
tree_open_area_017_048;посажено;tree;Клен остролистный;NEW_TREE;-87.573;-68.465;224.645;74.821;Органичные рощи -- случайные группы по несколько деревьев;12_natashinsky_proezd;"Органичные рощи -- случайные группы по несколько деревьев — по аналогии с проектом «12_natashinsky_proezd»; нормируемых ограничений ближе 5 м сверх нормы нет";"ассортимент для озеленения Москвы, категория «дворовые территории (тип участка не определён)»; в приоритете базовый ассортимент ППМ 515-ПП; без инвазивных видов ППМ 369-ПП";tree tree_open_area_017_046;3.17;3.0;правило планировщика (не норма): зазор между объектами
tree_open_area_017_049;посажено;tree;Клен остролистный;NEW_TREE;-82.079;-68.465;230.14;74.821;Органичные рощи -- случайные группы по несколько деревьев;12_natashinsky_proezd;"Органичные рощи -- случайные группы по несколько деревьев — по аналогии с проектом «12_natashinsky_proezd»; ближайшее ограничение — кабель связи: 4.0 м при норме 2.0 м (СП 42.13330.2016, п. 9.6, табл. 9.1; ППМ 743-ПП, табл. 3.6.1)";"ассортимент для озеленения Москвы, категория «дворовые территории (тип участка не определён)»; в приоритете базовый ассортимент ППМ 515-ПП; без инвазивных видов ППМ 369-ПП";кабель связи;4.04;2.0;"СП 42.13330.2016, п. 9.6, табл. 9.1; ППМ 743-ПП, табл. 3.6.1"
tree_open_area_017_050;посажено;tree;Клен остролистный;NEW_TREE;-82.079;-65.292;230.14;77.993;Органичные рощи -- случайные группы по несколько деревьев;12_natashinsky_proezd;"Органичные рощи -- случайные группы по несколько деревьев — по аналогии с проектом «12_natashinsky_proezd»; ближайшее ограничение — кабель связи: 4.7 м при норме 2.0 м (СП 42.13330.2016, п. 9.6, табл. 9.1; ППМ 743-ПП, табл. 3.6.1)";"ассортимент для озеленения Москвы, категория «дворовые территории (тип участка не определён)»; в приоритете базовый ассортимент ППМ 515-ПП; без инвазивных видов ППМ 369-ПП";кабель связи;4.67;2.0;"СП 42.13330.2016, п. 9.6, табл. 9.1; ППМ 743-ПП, табл. 3.6.1"
tree_open_area_017_051;посажено;tree;Липа мелколистная;NEW_TREE;-87.573;-36.741;224.645;106.544;Органичные рощи -- случайные группы по несколько деревьев;12_natashinsky_proezd;"Органичные рощи -- случайные группы по несколько деревьев — по аналогии с проектом «12_natashinsky_proezd»; ближайшее ограничение — проезжая часть: 6.5 м при норме 2.0 м (СП 42.13330.2016, п. 9.6, табл. 9.1; ППМ 743-ПП, табл. 3.6.1)";"ассортимент для озеленения Москвы, категория «дворовые территории (тип участка не определён)»; в приоритете базовый ассортимент ППМ 515-ПП; без инвазивных видов ППМ 369-ПП";проезжая часть;6.53;2.0;"СП 42.13330.2016, п. 9.6, табл. 9.1; ППМ 743-ПП, табл. 3.6.1"
tree_open_area_017_052;посажено;tree;Липа мелколистная;NEW_TREE;-87.573;-39.914;224.645;103.372;Органичные рощи -- случайные группы по несколько деревьев;12_natashinsky_proezd;"Органичные рощи -- случайные группы по несколько деревьев — по аналогии с проектом «12_natashinsky_proezd»; нормируемых ограничений ближе 5 м сверх нормы нет";"ассортимент для озеленения Москвы, категория «дворовые территории (тип участка не определён)»; в приоритете базовый ассортимент ППМ 515-ПП; без инвазивных видов ППМ 369-ПП";tree tree_open_area_017_051;3.17;3.0;правило планировщика (не норма): зазор между объектами
tree_open_area_017_053;посажено;tree;Липа мелколистная;NEW_TREE;-87.573;-33.569;224.645;109.717;Органичные рощи -- случайные группы по несколько деревьев;12_natashinsky_proezd;"Органичные рощи -- случайные группы по несколько деревьев — по аналогии с проектом «12_natashinsky_proezd»; ближайшее ограничение — проезжая часть: 5.8 м при норме 2.0 м (СП 42.13330.2016, п. 9.6, табл. 9.1; ППМ 743-ПП, табл. 3.6.1)";"ассортимент для озеленения Москвы, категория «дворовые территории (тип участка не определён)»; в приоритете базовый ассортимент ППМ 515-ПП; без инвазивных видов ППМ 369-ПП";проезжая часть;5.82;2.0;"СП 42.13330.2016, п. 9.6, табл. 9.1; ППМ 743-ПП, табл. 3.6.1"
tree_open_area_017_054;посажено;tree;Липа мелколистная;NEW_TREE;-82.079;-27.224;230.14;116.061;Органичные рощи -- случайные группы по несколько деревьев;12_natashinsky_proezd;"Органичные рощи -- случайные группы по несколько деревьев — по аналогии с проектом «12_natashinsky_proezd»; нормируемых ограничений ближе 5 м сверх нормы нет";"ассортимент для озеленения Москвы, категория «дворовые территории (тип участка не определён)»; в приоритете базовый ассортимент ППМ 515-ПП; без инвазивных видов ППМ 369-ПП";tree tree_092;3.2;3.0;правило планировщика (не норма): зазор между объектами
tree_open_area_017_055;посажено;tree;Бархат Амурский;NEW_TREE;-70.173;-9.777;242.045;133.509;Органичные рощи -- случайные группы по несколько деревьев;12_natashinsky_proezd;"Органичные рощи -- случайные группы по несколько деревьев — по аналогии с проектом «12_natashinsky_proezd»; ближайшее ограничение — кабель связи: 5.5 м при норме 2.0 м (СП 42.13330.2016, п. 9.6, табл. 9.1; ППМ 743-ПП, табл. 3.6.1)";"ассортимент для озеленения Москвы, категория «дворовые территории (тип участка не определён)»; в приоритете базовый ассортимент ППМ 515-ПП; без инвазивных видов ППМ 369-ПП";кабель связи;5.52;2.0;"СП 42.13330.2016, п. 9.6, табл. 9.1; ППМ 743-ПП, табл. 3.6.1"
tree_open_area_017_056;посажено;tree;Бархат Амурский;NEW_TREE;-70.173;-6.604;242.045;136.682;Органичные рощи -- случайные группы по несколько деревьев;12_natashinsky_proezd;"Органичные рощи -- случайные группы по несколько деревьев — по аналогии с проектом «12_natashinsky_proezd»; ближайшее ограничение — кабель связи: 6.6 м при норме 2.0 м (СП 42.13330.2016, п. 9.6, табл. 9.1; ППМ 743-ПП, табл. 3.6.1)";"ассортимент для озеленения Москвы, категория «дворовые территории (тип участка не определён)»; в приоритете базовый ассортимент ППМ 515-ПП; без инвазивных видов ППМ 369-ПП";кабель связи;6.59;2.0;"СП 42.13330.2016, п. 9.6, табл. 9.1; ППМ 743-ПП, табл. 3.6.1"
tree_open_area_017_057;посажено;tree;Бархат Амурский;NEW_TREE;-67.426;-11.363;244.792;131.923;Органичные рощи -- случайные группы по несколько деревьев;12_natashinsky_proezd;"Органичные рощи -- случайные группы по несколько деревьев — по аналогии с проектом «12_natashinsky_proezd»; ближайшее ограничение — кабель связи: 2.6 м при норме 2.0 м (СП 42.13330.2016, п. 9.6, табл. 9.1; ППМ 743-ПП, табл. 3.6.1)";"ассортимент для озеленения Москвы, категория «дворовые территории (тип участка не определён)»; в приоритете базовый ассортимент ППМ 515-ПП; без инвазивных видов ППМ 369-ПП";кабель связи;2.63;2.0;"СП 42.13330.2016, п. 9.6, табл. 9.1; ППМ 743-ПП, табл. 3.6.1"
tree_open_area_017_058;посажено;tree;Бархат Амурский;NEW_TREE;-72.921;-8.191;239.298;135.095;Органичные рощи -- случайные группы по несколько деревьев;12_natashinsky_proezd;"Органичные рощи -- случайные группы по несколько деревьев — по аналогии с проектом «12_natashinsky_proezd»; нормируемых ограничений ближе 5 м сверх нормы нет";"ассортимент для озеленения Москвы, категория «дворовые территории (тип участка не определён)»; в приоритете базовый ассортимент ППМ 515-ПП; без инвазивных видов ППМ 369-ПП";tree tree_open_area_017_055;3.17;3.0;правило планировщика (не норма): зазор между объектами
tree_open_area_017_059;посажено;tree;Бархат Амурский;NEW_TREE;-67.426;-8.191;244.792;135.095;Органичные рощи -- случайные группы по несколько деревьев;12_natashinsky_proezd;"Органичные рощи -- случайные группы по несколько деревьев — по аналогии с проектом «12_natashinsky_proezd»; ближайшее ограничение — кабель связи: 3.4 м при норме 2.0 м (СП 42.13330.2016, п. 9.6, табл. 9.1; ППМ 743-ПП, табл. 3.6.1)";"ассортимент для озеленения Москвы, категория «дворовые территории (тип участка не определён)»; в приоритете базовый ассортимент ППМ 515-ПП; без инвазивных видов ППМ 369-ПП";кабель связи;3.42;2.0;"СП 42.13330.2016, п. 9.6, табл. 9.1; ППМ 743-ПП, табл. 3.6.1"
tree_open_area_018_001;посажено;tree;Клен остролистный;NEW_TREE;-39.727;59.551;272.492;202.837;Органичные рощи -- случайные группы по несколько деревьев;12_natashinsky_proezd;"Органичные рощи -- случайные группы по несколько деревьев — по аналогии с проектом «12_natashinsky_proezd»; ближайшее ограничение — силовой кабель: 2.1 м при норме 2.0 м (СП 42.13330.2016, п. 9.6, табл. 9.1; ППМ 743-ПП, табл. 3.6.1)";"ассортимент для озеленения Москвы, категория «дворовые территории (тип участка не определён)»; в приоритете базовый ассортимент ППМ 515-ПП; без инвазивных видов ППМ 369-ПП";силовой кабель;2.13;2.0;"СП 42.13330.2016, п. 9.6, табл. 9.1; ППМ 743-ПП, табл. 3.6.1"
tree_open_area_018_002;посажено;tree;Клен остролистный;NEW_TREE;-38.227;65.613;273.992;208.899;Органичные рощи -- случайные группы по несколько деревьев;12_natashinsky_proezd;"Органичные рощи -- случайные группы по несколько деревьев — по аналогии с проектом «12_natashinsky_proezd»; ближайшее ограничение — силовой кабель: 2.8 м при норме 2.0 м (СП 42.13330.2016, п. 9.6, табл. 9.1; ППМ 743-ПП, табл. 3.6.1)";"ассортимент для озеленения Москвы, категория «дворовые территории (тип участка не определён)»; в приоритете базовый ассортимент ППМ 515-ПП; без инвазивных видов ППМ 369-ПП";силовой кабель;2.79;2.0;"СП 42.13330.2016, п. 9.6, табл. 9.1; ППМ 743-ПП, табл. 3.6.1"
tree_open_area_019_001;посажено;tree;Клен остролистный;NEW_TREE;-69.589;-54.336;242.63;88.95;Органичные рощи -- случайные группы по несколько деревьев;12_natashinsky_proezd;"Органичные рощи -- случайные группы по несколько деревьев — по аналогии с проектом «12_natashinsky_proezd»; ближайшее ограничение — кабель связи: 3.5 м при норме 2.0 м (СП 42.13330.2016, п. 9.6, табл. 9.1; ППМ 743-ПП, табл. 3.6.1)";"ассортимент для озеленения Москвы, категория «дворовые территории (тип участка не определён)»; в приоритете базовый ассортимент ППМ 515-ПП; без инвазивных видов ППМ 369-ПП";кабель связи;3.54;2.0;"СП 42.13330.2016, п. 9.6, табл. 9.1; ППМ 743-ПП, табл. 3.6.1"
tree_open_area_019_002;посажено;tree;Клен остролистный;NEW_TREE;-66.743;-52.693;245.475;90.593;Органичные рощи -- случайные группы по несколько деревьев;12_natashinsky_proezd;"Органичные рощи -- случайные группы по несколько деревьев — по аналогии с проектом «12_natashinsky_proezd»; ближайшее ограничение — теплосеть: 2.2 м при норме 2.0 м (СП 42.13330.2016, п. 9.6, табл. 9.1; ППМ 743-ПП, табл. 3.6.1)";"ассортимент для озеленения Москвы, категория «дворовые территории (тип участка не определён)»; в приоритете базовый ассортимент ППМ 515-ПП; без инвазивных видов ППМ 369-ПП";теплосеть;2.2;2.0;"СП 42.13330.2016, п. 9.6, табл. 9.1; ППМ 743-ПП, табл. 3.6.1"
tree_open_area_019_003;посажено;tree;Клен остролистный;NEW_TREE;-69.589;-57.622;242.63;85.664;Органичные рощи -- случайные группы по несколько деревьев;12_natashinsky_proezd;"Органичные рощи -- случайные группы по несколько деревьев — по аналогии с проектом «12_natashinsky_proezd»; ближайшее ограничение — теплосеть: 3.9 м при норме 2.0 м (СП 42.13330.2016, п. 9.6, табл. 9.1; ППМ 743-ПП, табл. 3.6.1)";"ассортимент для озеленения Москвы, категория «дворовые территории (тип участка не определён)»; в приоритете базовый ассортимент ППМ 515-ПП; без инвазивных видов ППМ 369-ПП";теплосеть;3.85;2.0;"СП 42.13330.2016, п. 9.6, табл. 9.1; ППМ 743-ПП, табл. 3.6.1"
tree_open_area_019_004;посажено;tree;Клен остролистный;NEW_TREE;-69.589;-51.05;242.63;92.236;Органичные рощи -- случайные группы по несколько деревьев;12_natashinsky_proezd;"Органичные рощи -- случайные группы по несколько деревьев — по аналогии с проектом «12_natashinsky_proezd»; ближайшее ограничение — кабель связи: 2.5 м при норме 2.0 м (СП 42.13330.2016, п. 9.6, табл. 9.1; ППМ 743-ПП, табл. 3.6.1)";"ассортимент для озеленения Москвы, категория «дворовые территории (тип участка не определён)»; в приоритете базовый ассортимент ППМ 515-ПП; без инвазивных видов ППМ 369-ПП";кабель связи;2.48;2.0;"СП 42.13330.2016, п. 9.6, табл. 9.1; ППМ 743-ПП, табл. 3.6.1"
tree_open_area_019_005;посажено;tree;Клен остролистный;NEW_TREE;-66.743;-49.407;245.475;93.879;Органичные рощи -- случайные группы по несколько деревьев;12_natashinsky_proezd;"Органичные рощи -- случайные группы по несколько деревьев — по аналогии с проектом «12_natashinsky_proezd»; ближайшее ограничение — теплосеть: 2.9 м при норме 2.0 м (СП 42.13330.2016, п. 9.6, табл. 9.1; ППМ 743-ПП, табл. 3.6.1)";"ассортимент для озеленения Москвы, категория «дворовые территории (тип участка не определён)»; в приоритете базовый ассортимент ППМ 515-ПП; без инвазивных видов ППМ 369-ПП";теплосеть;2.94;2.0;"СП 42.13330.2016, п. 9.6, табл. 9.1; ППМ 743-ПП, табл. 3.6.1"
tree_open_area_019_006;посажено;tree;Липа мелколистная;NEW_TREE;-48.721;24.524;263.498;167.81;Органичные рощи -- случайные группы по несколько деревьев;12_natashinsky_proezd;"Органичные рощи -- случайные группы по несколько деревьев — по аналогии с проектом «12_natashinsky_proezd»; ближайшее ограничение — теплосеть: 2.2 м при норме 2.0 м (СП 42.13330.2016, п. 9.6, табл. 9.1; ППМ 743-ПП, табл. 3.6.1)";"ассортимент для озеленения Москвы, категория «дворовые территории (тип участка не определён)»; в приоритете базовый ассортимент ППМ 515-ПП; без инвазивных видов ППМ 369-ПП";теплосеть;2.16;2.0;"СП 42.13330.2016, п. 9.6, табл. 9.1; ППМ 743-ПП, табл. 3.6.1"
tree_open_area_019_007;посажено;tree;Липа мелколистная;NEW_TREE;-51.567;22.881;260.652;166.167;Органичные рощи -- случайные группы по несколько деревьев;12_natashinsky_proezd;"Органичные рощи -- случайные группы по несколько деревьев — по аналогии с проектом «12_natashinsky_proezd»; ближайшее ограничение — кабель связи: 2.2 м при норме 2.0 м (СП 42.13330.2016, п. 9.6, табл. 9.1; ППМ 743-ПП, табл. 3.6.1)";"ассортимент для озеленения Москвы, категория «дворовые территории (тип участка не определён)»; в приоритете базовый ассортимент ППМ 515-ПП; без инвазивных видов ППМ 369-ПП";кабель связи;2.16;2.0;"СП 42.13330.2016, п. 9.6, табл. 9.1; ППМ 743-ПП, табл. 3.6.1"
tree_open_area_019_008;посажено;tree;Липа мелколистная;NEW_TREE;-51.567;19.595;260.652;162.881;Органичные рощи -- случайные группы по несколько деревьев;12_natashinsky_proezd;"Органичные рощи -- случайные группы по несколько деревьев — по аналогии с проектом «12_natashinsky_proezd»; ближайшее ограничение — кабель связи: 2.6 м при норме 2.0 м (СП 42.13330.2016, п. 9.6, табл. 9.1; ППМ 743-ПП, табл. 3.6.1)";"ассортимент для озеленения Москвы, категория «дворовые территории (тип участка не определён)»; в приоритете базовый ассортимент ППМ 515-ПП; без инвазивных видов ППМ 369-ПП";кабель связи;2.65;2.0;"СП 42.13330.2016, п. 9.6, табл. 9.1; ППМ 743-ПП, табл. 3.6.1"
tree_open_area_019_009;посажено;tree;Липа мелколистная;NEW_TREE;-51.567;16.309;260.652;159.595;Органичные рощи -- случайные группы по несколько деревьев;12_natashinsky_proezd;"Органичные рощи -- случайные группы по несколько деревьев — по аналогии с проектом «12_natashinsky_proezd»; ближайшее ограничение — теплосеть: 3.1 м при норме 2.0 м (СП 42.13330.2016, п. 9.6, табл. 9.1; ППМ 743-ПП, табл. 3.6.1)";"ассортимент для озеленения Москвы, категория «дворовые территории (тип участка не определён)»; в приоритете базовый ассортимент ППМ 515-ПП; без инвазивных видов ППМ 369-ПП";теплосеть;3.07;2.0;"СП 42.13330.2016, п. 9.6, табл. 9.1; ППМ 743-ПП, табл. 3.6.1"
tree_open_area_019_010;посажено;tree;Липа мелколистная;NEW_TREE;-51.567;13.023;260.652;156.309;Органичные рощи -- случайные группы по несколько деревьев;12_natashinsky_proezd;"Органичные рощи -- случайные группы по несколько деревьев — по аналогии с проектом «12_natashinsky_proezd»; ближайшее ограничение — теплосеть: 2.3 м при норме 2.0 м (СП 42.13330.2016, п. 9.6, табл. 9.1; ППМ 743-ПП, табл. 3.6.1)";"ассортимент для озеленения Москвы, категория «дворовые территории (тип участка не определён)»; в приоритете базовый ассортимент ППМ 515-ПП; без инвазивных видов ППМ 369-ПП";теплосеть;2.32;2.0;"СП 42.13330.2016, п. 9.6, табл. 9.1; ППМ 743-ПП, табл. 3.6.1"
tree_open_area_020_001;посажено;tree;Клен остролистный;NEW_TREE;-56.975;65.143;255.243;208.429;Органичные рощи -- случайные группы по несколько деревьев;12_natashinsky_proezd;"Органичные рощи -- случайные группы по несколько деревьев — по аналогии с проектом «12_natashinsky_proezd»; ближайшее ограничение — кабель связи: 2.3 м при норме 2.0 м (СП 42.13330.2016, п. 9.6, табл. 9.1; ППМ 743-ПП, табл. 3.6.1)";"ассортимент для озеленения Москвы, категория «дворовые территории (тип участка не определён)»; в приоритете базовый ассортимент ППМ 515-ПП; без инвазивных видов ППМ 369-ПП";кабель связи;2.33;2.0;"СП 42.13330.2016, п. 9.6, табл. 9.1; ППМ 743-ПП, табл. 3.6.1"
tree_open_area_020_002;посажено;tree;Клен остролистный;NEW_TREE;-61.475;67.742;250.743;211.027;Органичные рощи -- случайные группы по несколько деревьев;12_natashinsky_proezd;"Органичные рощи -- случайные группы по несколько деревьев — по аналогии с проектом «12_natashinsky_proezd»; ближайшее ограничение — кабель связи: 3.7 м при норме 2.0 м (СП 42.13330.2016, п. 9.6, табл. 9.1; ППМ 743-ПП, табл. 3.6.1)";"ассортимент для озеленения Москвы, категория «дворовые территории (тип участка не определён)»; в приоритете базовый ассортимент ППМ 515-ПП; без инвазивных видов ППМ 369-ПП";кабель связи;3.68;2.0;"СП 42.13330.2016, п. 9.6, табл. 9.1; ППМ 743-ПП, табл. 3.6.1"
tree_open_area_020_003;посажено;tree;Клен остролистный;NEW_TREE;-51.475;64.277;260.743;207.563;Органичные рощи -- случайные группы по несколько деревьев;12_natashinsky_proezd;"Органичные рощи -- случайные группы по несколько деревьев — по аналогии с проектом «12_natashinsky_proezd»; ближайшее ограничение — кабель связи: 2.6 м при норме 2.0 м (СП 42.13330.2016, п. 9.6, табл. 9.1; ППМ 743-ПП, табл. 3.6.1)";"ассортимент для озеленения Москвы, категория «дворовые территории (тип участка не определён)»; в приоритете базовый ассортимент ППМ 515-ПП; без инвазивных видов ППМ 369-ПП";кабель связи;2.64;2.0;"СП 42.13330.2016, п. 9.6, табл. 9.1; ППМ 743-ПП, табл. 3.6.1"
tree_open_area_022_001;посажено;tree;Клен остролистный;NEW_TREE;160.739;35.705;472.957;178.991;Органичные рощи -- случайные группы по несколько деревьев;12_natashinsky_proezd;"Органичные рощи -- случайные группы по несколько деревьев — по аналогии с проектом «12_natashinsky_proezd»; ближайшее ограничение — силовой кабель: 3.0 м при норме 2.0 м (СП 42.13330.2016, п. 9.6, табл. 9.1; ППМ 743-ПП, табл. 3.6.1)";"ассортимент для озеленения Москвы, категория «дворовые территории (тип участка не определён)»; в приоритете базовый ассортимент ППМ 515-ПП; без инвазивных видов ППМ 369-ПП";силовой кабель;2.97;2.0;"СП 42.13330.2016, п. 9.6, табл. 9.1; ППМ 743-ПП, табл. 3.6.1"
tree_open_area_022_002;посажено;tree;Клен остролистный;NEW_TREE;163.739;33.973;475.957;177.259;Органичные рощи -- случайные группы по несколько деревьев;12_natashinsky_proezd;"Органичные рощи -- случайные группы по несколько деревьев — по аналогии с проектом «12_natashinsky_proezd»; ближайшее ограничение — здание: 10.4 м при норме 10.0 м (ППМ 743-ПП, табл. 3.6.1, прим. 3)";"ассортимент для озеленения Москвы, категория «дворовые территории (тип участка не определён)»; в приоритете базовый ассортимент ППМ 515-ПП; без инвазивных видов ППМ 369-ПП";здание;10.45;10.0;ППМ 743-ПП, табл. 3.6.1, прим. 3
tree_open_area_022_003;посажено;tree;Клен остролистный;NEW_TREE;157.239;38.303;469.457;181.589;Органичные рощи -- случайные группы по несколько деревьев;12_natashinsky_proezd;"Органичные рощи -- случайные группы по несколько деревьев — по аналогии с проектом «12_natashinsky_proezd»; ближайшее ограничение — кабель связи: 2.6 м при норме 2.0 м (СП 42.13330.2016, п. 9.6, табл. 9.1; ППМ 743-ПП, табл. 3.6.1)";"ассортимент для озеленения Москвы, категория «дворовые территории (тип участка не определён)»; в приоритете базовый ассортимент ППМ 515-ПП; без инвазивных видов ППМ 369-ПП";кабель связи;2.63;2.0;"СП 42.13330.2016, п. 9.6, табл. 9.1; ППМ 743-ПП, табл. 3.6.1"
;отклонено;tree;Черемуха Маака;;67.835;35.596;;;building_ring;;ближе нормы к объекту «здание»;;;5.0;5.0;"СП 42.13330.2016, п. 9.6, табл. 9.1; ППМ 743-ПП, табл. 3.6.1"
;отклонено;tree;Черемуха Маака;;56.226;38.209;;;building_ring;;ближе нормы к объекту «здание»;;;5.0;5.0;"СП 42.13330.2016, п. 9.6, табл. 9.1; ППМ 743-ПП, табл. 3.6.1"
;отклонено;tree;Черемуха Маака;;33.007;43.436;;;building_ring;;ближе нормы к объекту «здание»;;;5.0;5.0;"СП 42.13330.2016, п. 9.6, табл. 9.1; ППМ 743-ПП, табл. 3.6.1"
;отклонено;tree;Черемуха Маака;;-102.319;48.791;;;building_ring;;ближе нормы к объекту «здание»;;;5.0;5.0;"СП 42.13330.2016, п. 9.6, табл. 9.1; ППМ 743-ПП, табл. 3.6.1"
;отклонено;tree;Черемуха Маака;;-105.487;32.974;;;building_ring;;ближе нормы к объекту «здание»;;;5.0;5.0;"СП 42.13330.2016, п. 9.6, табл. 9.1; ППМ 743-ПП, табл. 3.6.1"
;отклонено;tree;Черемуха Маака;;-103.15;44.643;;;building_ring;;ближе нормы к объекту «здание»;;;5.0;5.0;"СП 42.13330.2016, п. 9.6, табл. 9.1; ППМ 743-ПП, табл. 3.6.1"
;отклонено;tree;Черемуха Маака;;227.249;15.737;;;building_ring;;ближе нормы к объекту «здание»;;;5.0;5.0;"СП 42.13330.2016, п. 9.6, табл. 9.1; ППМ 743-ПП, табл. 3.6.1"
;отклонено;bush;Жимолость золотистая;;225.202;14.425;;;building_ring;;ближе нормы к объекту «теплосеть»;;;2.0;2.0;МГСН 1.02-02, п. 4.2.8
;отклонено;bush;Жимолость золотистая;;224.624;15.7;;;building_ring;;ближе нормы к объекту «теплосеть»;;;2.0;2.0;МГСН 1.02-02, п. 4.2.8
;отклонено;bush;Жимолость золотистая;;224.046;16.975;;;building_ring;;ближе нормы к объекту «теплосеть»;;;2.0;2.0;МГСН 1.02-02, п. 4.2.8
;отклонено;tree;Черемуха Маака;;147.265;33.749;;;building_ring;;ближе нормы к объекту «кабель связи»;;;2.0;2.0;"СП 42.13330.2016, п. 9.6, табл. 9.1; ППМ 743-ПП, табл. 3.6.1"
;отклонено;bush;Жимолость золотистая;;166.263;29.809;;;building_ring;;ближе нормы к объекту «теплосеть»;;;2.0;2.0;МГСН 1.02-02, п. 4.2.8
;отклонено;bush;Жимолость золотистая;;166.774;28.54;;;building_ring;;ближе нормы к объекту «теплосеть»;;;2.0;2.0;МГСН 1.02-02, п. 4.2.8
;отклонено;bush;Жимолость золотистая;;193.765;22.921;;;building_ring;;ближе нормы к объекту «теплосеть»;;;2.0;2.0;МГСН 1.02-02, п. 4.2.8
;отклонено;bush;Жимолость золотистая;;194.318;21.642;;;building_ring;;ближе нормы к объекту «теплосеть»;;;2.0;2.0;МГСН 1.02-02, п. 4.2.8
;отклонено;bush;Жимолость золотистая;;195.243;20.629;;;building_ring;;ближе нормы к объекту «теплосеть»;;;2.0;2.0;МГСН 1.02-02, п. 4.2.8
;отклонено;bush;Жимолость золотистая;;191.495;22.873;;;building_ring;;ближе нормы к объекту «теплосеть»;;;2.0;2.0;МГСН 1.02-02, п. 4.2.8
;отклонено;bush;Жимолость золотистая;;192.785;23.415;;;building_ring;;ближе нормы к объекту «теплосеть»;;;2.0;2.0;МГСН 1.02-02, п. 4.2.8
;отклонено;tree;Черемуха Маака;;88.224;32.724;;;building_ring;;ближе нормы к объекту «кабель связи»;;;2.0;2.0;"СП 42.13330.2016, п. 9.6, табл. 9.1; ППМ 743-ПП, табл. 3.6.1"
;отклонено;tree;Черемуха Маака;;99.628;29.734;;;building_ring;;ближе нормы к объекту «кабель связи»;;;2.0;2.0;"СП 42.13330.2016, п. 9.6, табл. 9.1; ППМ 743-ПП, табл. 3.6.1"
;отклонено;tree;Черемуха Маака;;115.4;24.932;;;building_ring;;ближе нормы к объекту «канализация»;;;1.5;1.5;"СП 42.13330.2016, п. 9.6, табл. 9.1; ППМ 743-ПП, табл. 3.6.1"
;отклонено;bush;Жимолость золотистая;;210.259;16.832;;;building_ring;;ближе нормы к объекту «теплосеть»;;;2.0;2.0;МГСН 1.02-02, п. 4.2.8
;отклонено;tree;Липа мелколистная;;-99.689;38.952;;;linear_hedge_row;;ближе нормы к объекту «здание»;;;9.51;10.0;ППМ 743-ПП, табл. 3.6.1, прим. 3
;отклонено;tree;Липа мелколистная;;-98.021;51.374;;;linear_hedge_row;;ближе нормы к объекту «здание»;;;8.71;10.0;ППМ 743-ПП, табл. 3.6.1, прим. 3
;отклонено;tree;Липа мелколистная;;-105.52;10.978;;;linear_hedge_row;;ближе нормы к объекту «здание»;;;9.29;10.0;ППМ 743-ПП, табл. 3.6.1, прим. 3
;отклонено;tree;Липа мелколистная;;-108.126;-0.634;;;linear_hedge_row;;ближе нормы к объекту «здание»;;;9.01;10.0;ППМ 743-ПП, табл. 3.6.1, прим. 3
;отклонено;tree;Клен остролистный;;-142.204;-72.651;;;linear_hedge_row;;ближе нормы к объекту «здание»;;;9.01;10.0;ППМ 743-ПП, табл. 3.6.1, прим. 3
;отклонено;tree;Клен остролистный;;-133.371;-68.35;;;grove_clusters;;ближе нормы к объекту «здание»;;;8.76;10.0;ППМ 743-ПП, табл. 3.6.1, прим. 3
;отклонено;tree;Клен остролистный;;224.102;18.436;;;grove_clusters;;ближе нормы к объекту «здание»;;;8.97;10.0;ППМ 743-ПП, табл. 3.6.1, прим. 3
;отклонено;tree;Клен остролистный;;161.739;33.973;;;grove_clusters;;ближе нормы к объекту «здание»;;;9.94;10.0;ППМ 743-ПП, табл. 3.6.1, прим. 3
building_001;запрет посадки;дерево;;;;;;;;;полоса вокруг объекта «здание», где деревья не ставятся;;здание;;5.0;"СП 42.13330.2016, п. 9.6, табл. 9.1; ППМ 743-ПП, табл. 3.6.1"
building_001;запрет посадки;кустарник;;;;;;;;;полоса вокруг объекта «здание», где кустарники не ставятся;;здание;;1.5;"СП 42.13330.2016, п. 9.6, табл. 9.1; ППМ 743-ПП, табл. 3.6.1"
building_002;запрет посадки;дерево;;;;;;;;;полоса вокруг объекта «здание», где деревья не ставятся;;здание;;5.0;"СП 42.13330.2016, п. 9.6, табл. 9.1; ППМ 743-ПП, табл. 3.6.1"
building_002;запрет посадки;кустарник;;;;;;;;;полоса вокруг объекта «здание», где кустарники не ставятся;;здание;;1.5;"СП 42.13330.2016, п. 9.6, табл. 9.1; ППМ 743-ПП, табл. 3.6.1"
building_003;запрет посадки;дерево;;;;;;;;;полоса вокруг объекта «здание», где деревья не ставятся;;здание;;5.0;"СП 42.13330.2016, п. 9.6, табл. 9.1; ППМ 743-ПП, табл. 3.6.1"
building_003;запрет посадки;кустарник;;;;;;;;;полоса вокруг объекта «здание», где кустарники не ставятся;;здание;;1.5;"СП 42.13330.2016, п. 9.6, табл. 9.1; ППМ 743-ПП, табл. 3.6.1"
building_004;запрет посадки;дерево;;;;;;;;;полоса вокруг объекта «здание», где деревья не ставятся;;здание;;5.0;"СП 42.13330.2016, п. 9.6, табл. 9.1; ППМ 743-ПП, табл. 3.6.1"
building_004;запрет посадки;кустарник;;;;;;;;;полоса вокруг объекта «здание», где кустарники не ставятся;;здание;;1.5;"СП 42.13330.2016, п. 9.6, табл. 9.1; ППМ 743-ПП, табл. 3.6.1"
building_005;запрет посадки;дерево;;;;;;;;;полоса вокруг объекта «здание», где деревья не ставятся;;здание;;5.0;"СП 42.13330.2016, п. 9.6, табл. 9.1; ППМ 743-ПП, табл. 3.6.1"
building_005;запрет посадки;кустарник;;;;;;;;;полоса вокруг объекта «здание», где кустарники не ставятся;;здание;;1.5;"СП 42.13330.2016, п. 9.6, табл. 9.1; ППМ 743-ПП, табл. 3.6.1"
building_006;запрет посадки;дерево;;;;;;;;;полоса вокруг объекта «здание», где деревья не ставятся;;здание;;5.0;"СП 42.13330.2016, п. 9.6, табл. 9.1; ППМ 743-ПП, табл. 3.6.1"
building_006;запрет посадки;кустарник;;;;;;;;;полоса вокруг объекта «здание», где кустарники не ставятся;;здание;;1.5;"СП 42.13330.2016, п. 9.6, табл. 9.1; ППМ 743-ПП, табл. 3.6.1"
building_007;запрет посадки;дерево;;;;;;;;;полоса вокруг объекта «здание», где деревья не ставятся;;здание;;5.0;"СП 42.13330.2016, п. 9.6, табл. 9.1; ППМ 743-ПП, табл. 3.6.1"
building_007;запрет посадки;кустарник;;;;;;;;;полоса вокруг объекта «здание», где кустарники не ставятся;;здание;;1.5;"СП 42.13330.2016, п. 9.6, табл. 9.1; ППМ 743-ПП, табл. 3.6.1"
building_008;запрет посадки;дерево;;;;;;;;;полоса вокруг объекта «здание», где деревья не ставятся;;здание;;5.0;"СП 42.13330.2016, п. 9.6, табл. 9.1; ППМ 743-ПП, табл. 3.6.1"
building_008;запрет посадки;кустарник;;;;;;;;;полоса вокруг объекта «здание», где кустарники не ставятся;;здание;;1.5;"СП 42.13330.2016, п. 9.6, табл. 9.1; ППМ 743-ПП, табл. 3.6.1"
building_009;запрет посадки;дерево;;;;;;;;;полоса вокруг объекта «здание», где деревья не ставятся;;здание;;5.0;"СП 42.13330.2016, п. 9.6, табл. 9.1; ППМ 743-ПП, табл. 3.6.1"
building_009;запрет посадки;кустарник;;;;;;;;;полоса вокруг объекта «здание», где кустарники не ставятся;;здание;;1.5;"СП 42.13330.2016, п. 9.6, табл. 9.1; ППМ 743-ПП, табл. 3.6.1"
building_010;запрет посадки;дерево;;;;;;;;;полоса вокруг объекта «здание», где деревья не ставятся;;здание;;5.0;"СП 42.13330.2016, п. 9.6, табл. 9.1; ППМ 743-ПП, табл. 3.6.1"
building_010;запрет посадки;кустарник;;;;;;;;;полоса вокруг объекта «здание», где кустарники не ставятся;;здание;;1.5;"СП 42.13330.2016, п. 9.6, табл. 9.1; ППМ 743-ПП, табл. 3.6.1"
building_011;запрет посадки;дерево;;;;;;;;;полоса вокруг объекта «здание», где деревья не ставятся;;здание;;5.0;"СП 42.13330.2016, п. 9.6, табл. 9.1; ППМ 743-ПП, табл. 3.6.1"
building_011;запрет посадки;кустарник;;;;;;;;;полоса вокруг объекта «здание», где кустарники не ставятся;;здание;;1.5;"СП 42.13330.2016, п. 9.6, табл. 9.1; ППМ 743-ПП, табл. 3.6.1"
building_012;запрет посадки;дерево;;;;;;;;;полоса вокруг объекта «здание», где деревья не ставятся;;здание;;5.0;"СП 42.13330.2016, п. 9.6, табл. 9.1; ППМ 743-ПП, табл. 3.6.1"
building_012;запрет посадки;кустарник;;;;;;;;;полоса вокруг объекта «здание», где кустарники не ставятся;;здание;;1.5;"СП 42.13330.2016, п. 9.6, табл. 9.1; ППМ 743-ПП, табл. 3.6.1"
overhead_power_line_001;запрет посадки;дерево;;;;;;;;;полоса вокруг объекта «воздушная ЛЭП», где деревья не ставятся;;воздушная ЛЭП;;2.0;охранная зона по чертежу (отступ зоны)
overhead_power_line_001;запрет посадки;кустарник;;;;;;;;;полоса вокруг объекта «воздушная ЛЭП», где кустарники не ставятся;;воздушная ЛЭП;;2.0;охранная зона по чертежу (отступ зоны)
overhead_power_line_002;запрет посадки;дерево;;;;;;;;;полоса вокруг объекта «воздушная ЛЭП», где деревья не ставятся;;воздушная ЛЭП;;2.0;охранная зона по чертежу (отступ зоны)
overhead_power_line_002;запрет посадки;кустарник;;;;;;;;;полоса вокруг объекта «воздушная ЛЭП», где кустарники не ставятся;;воздушная ЛЭП;;2.0;охранная зона по чертежу (отступ зоны)
overhead_power_line_003;запрет посадки;дерево;;;;;;;;;полоса вокруг объекта «воздушная ЛЭП», где деревья не ставятся;;воздушная ЛЭП;;2.0;охранная зона по чертежу (отступ зоны)
overhead_power_line_003;запрет посадки;кустарник;;;;;;;;;полоса вокруг объекта «воздушная ЛЭП», где кустарники не ставятся;;воздушная ЛЭП;;2.0;охранная зона по чертежу (отступ зоны)
overhead_power_line_004;запрет посадки;дерево;;;;;;;;;полоса вокруг объекта «воздушная ЛЭП», где деревья не ставятся;;воздушная ЛЭП;;2.0;охранная зона по чертежу (отступ зоны)
overhead_power_line_004;запрет посадки;кустарник;;;;;;;;;полоса вокруг объекта «воздушная ЛЭП», где кустарники не ставятся;;воздушная ЛЭП;;2.0;охранная зона по чертежу (отступ зоны)
overhead_power_line_005;запрет посадки;дерево;;;;;;;;;полоса вокруг объекта «воздушная ЛЭП», где деревья не ставятся;;воздушная ЛЭП;;2.0;охранная зона по чертежу (отступ зоны)
overhead_power_line_005;запрет посадки;кустарник;;;;;;;;;полоса вокруг объекта «воздушная ЛЭП», где кустарники не ставятся;;воздушная ЛЭП;;2.0;охранная зона по чертежу (отступ зоны)
overhead_power_line_006;запрет посадки;дерево;;;;;;;;;полоса вокруг объекта «воздушная ЛЭП», где деревья не ставятся;;воздушная ЛЭП;;2.0;охранная зона по чертежу (отступ зоны)
overhead_power_line_006;запрет посадки;кустарник;;;;;;;;;полоса вокруг объекта «воздушная ЛЭП», где кустарники не ставятся;;воздушная ЛЭП;;2.0;охранная зона по чертежу (отступ зоны)
overhead_power_line_007;запрет посадки;дерево;;;;;;;;;полоса вокруг объекта «воздушная ЛЭП», где деревья не ставятся;;воздушная ЛЭП;;2.0;охранная зона по чертежу (отступ зоны)
overhead_power_line_007;запрет посадки;кустарник;;;;;;;;;полоса вокруг объекта «воздушная ЛЭП», где кустарники не ставятся;;воздушная ЛЭП;;2.0;охранная зона по чертежу (отступ зоны)
overhead_power_line_008;запрет посадки;дерево;;;;;;;;;полоса вокруг объекта «воздушная ЛЭП», где деревья не ставятся;;воздушная ЛЭП;;2.0;охранная зона по чертежу (отступ зоны)
overhead_power_line_008;запрет посадки;кустарник;;;;;;;;;полоса вокруг объекта «воздушная ЛЭП», где кустарники не ставятся;;воздушная ЛЭП;;2.0;охранная зона по чертежу (отступ зоны)
overhead_power_line_009;запрет посадки;дерево;;;;;;;;;полоса вокруг объекта «воздушная ЛЭП», где деревья не ставятся;;воздушная ЛЭП;;2.0;охранная зона по чертежу (отступ зоны)
overhead_power_line_009;запрет посадки;кустарник;;;;;;;;;полоса вокруг объекта «воздушная ЛЭП», где кустарники не ставятся;;воздушная ЛЭП;;2.0;охранная зона по чертежу (отступ зоны)
electrical_001;запрет посадки;дерево;;;;;;;;;полоса вокруг объекта «силовой кабель», где деревья не ставятся;;силовой кабель;;2.0;"СП 42.13330.2016, п. 9.6, табл. 9.1; ППМ 743-ПП, табл. 3.6.1"
electrical_001;запрет посадки;кустарник;;;;;;;;;полоса вокруг объекта «силовой кабель», где кустарники не ставятся;;силовой кабель;;0.7;"СП 42.13330.2016, п. 9.6, табл. 9.1; ППМ 743-ПП, табл. 3.6.1"
electrical_002;запрет посадки;дерево;;;;;;;;;полоса вокруг объекта «силовой кабель», где деревья не ставятся;;силовой кабель;;2.0;"СП 42.13330.2016, п. 9.6, табл. 9.1; ППМ 743-ПП, табл. 3.6.1"
electrical_002;запрет посадки;кустарник;;;;;;;;;полоса вокруг объекта «силовой кабель», где кустарники не ставятся;;силовой кабель;;0.7;"СП 42.13330.2016, п. 9.6, табл. 9.1; ППМ 743-ПП, табл. 3.6.1"
electrical_003;запрет посадки;дерево;;;;;;;;;полоса вокруг объекта «силовой кабель», где деревья не ставятся;;силовой кабель;;2.0;"СП 42.13330.2016, п. 9.6, табл. 9.1; ППМ 743-ПП, табл. 3.6.1"
electrical_003;запрет посадки;кустарник;;;;;;;;;полоса вокруг объекта «силовой кабель», где кустарники не ставятся;;силовой кабель;;0.7;"СП 42.13330.2016, п. 9.6, табл. 9.1; ППМ 743-ПП, табл. 3.6.1"
electrical_004;запрет посадки;дерево;;;;;;;;;полоса вокруг объекта «силовой кабель», где деревья не ставятся;;силовой кабель;;2.0;"СП 42.13330.2016, п. 9.6, табл. 9.1; ППМ 743-ПП, табл. 3.6.1"
electrical_004;запрет посадки;кустарник;;;;;;;;;полоса вокруг объекта «силовой кабель», где кустарники не ставятся;;силовой кабель;;0.7;"СП 42.13330.2016, п. 9.6, табл. 9.1; ППМ 743-ПП, табл. 3.6.1"
electrical_005;запрет посадки;дерево;;;;;;;;;полоса вокруг объекта «силовой кабель», где деревья не ставятся;;силовой кабель;;2.0;"СП 42.13330.2016, п. 9.6, табл. 9.1; ППМ 743-ПП, табл. 3.6.1"
electrical_005;запрет посадки;кустарник;;;;;;;;;полоса вокруг объекта «силовой кабель», где кустарники не ставятся;;силовой кабель;;0.7;"СП 42.13330.2016, п. 9.6, табл. 9.1; ППМ 743-ПП, табл. 3.6.1"
electrical_006;запрет посадки;дерево;;;;;;;;;полоса вокруг объекта «силовой кабель», где деревья не ставятся;;силовой кабель;;2.0;"СП 42.13330.2016, п. 9.6, табл. 9.1; ППМ 743-ПП, табл. 3.6.1"
electrical_006;запрет посадки;кустарник;;;;;;;;;полоса вокруг объекта «силовой кабель», где кустарники не ставятся;;силовой кабель;;0.7;"СП 42.13330.2016, п. 9.6, табл. 9.1; ППМ 743-ПП, табл. 3.6.1"
electrical_007;запрет посадки;дерево;;;;;;;;;полоса вокруг объекта «силовой кабель», где деревья не ставятся;;силовой кабель;;2.0;"СП 42.13330.2016, п. 9.6, табл. 9.1; ППМ 743-ПП, табл. 3.6.1"
electrical_007;запрет посадки;кустарник;;;;;;;;;полоса вокруг объекта «силовой кабель», где кустарники не ставятся;;силовой кабель;;0.7;"СП 42.13330.2016, п. 9.6, табл. 9.1; ППМ 743-ПП, табл. 3.6.1"
electrical_008;запрет посадки;дерево;;;;;;;;;полоса вокруг объекта «силовой кабель», где деревья не ставятся;;силовой кабель;;2.0;"СП 42.13330.2016, п. 9.6, табл. 9.1; ППМ 743-ПП, табл. 3.6.1"
electrical_008;запрет посадки;кустарник;;;;;;;;;полоса вокруг объекта «силовой кабель», где кустарники не ставятся;;силовой кабель;;0.7;"СП 42.13330.2016, п. 9.6, табл. 9.1; ППМ 743-ПП, табл. 3.6.1"
electrical_009;запрет посадки;дерево;;;;;;;;;полоса вокруг объекта «силовой кабель», где деревья не ставятся;;силовой кабель;;2.0;"СП 42.13330.2016, п. 9.6, табл. 9.1; ППМ 743-ПП, табл. 3.6.1"
electrical_009;запрет посадки;кустарник;;;;;;;;;полоса вокруг объекта «силовой кабель», где кустарники не ставятся;;силовой кабель;;0.7;"СП 42.13330.2016, п. 9.6, табл. 9.1; ППМ 743-ПП, табл. 3.6.1"
electrical_010;запрет посадки;дерево;;;;;;;;;полоса вокруг объекта «силовой кабель», где деревья не ставятся;;силовой кабель;;2.0;"СП 42.13330.2016, п. 9.6, табл. 9.1; ППМ 743-ПП, табл. 3.6.1"
electrical_010;запрет посадки;кустарник;;;;;;;;;полоса вокруг объекта «силовой кабель», где кустарники не ставятся;;силовой кабель;;0.7;"СП 42.13330.2016, п. 9.6, табл. 9.1; ППМ 743-ПП, табл. 3.6.1"
electrical_011;запрет посадки;дерево;;;;;;;;;полоса вокруг объекта «силовой кабель», где деревья не ставятся;;силовой кабель;;2.0;"СП 42.13330.2016, п. 9.6, табл. 9.1; ППМ 743-ПП, табл. 3.6.1"
electrical_011;запрет посадки;кустарник;;;;;;;;;полоса вокруг объекта «силовой кабель», где кустарники не ставятся;;силовой кабель;;0.7;"СП 42.13330.2016, п. 9.6, табл. 9.1; ППМ 743-ПП, табл. 3.6.1"
electrical_012;запрет посадки;дерево;;;;;;;;;полоса вокруг объекта «силовой кабель», где деревья не ставятся;;силовой кабель;;2.0;"СП 42.13330.2016, п. 9.6, табл. 9.1; ППМ 743-ПП, табл. 3.6.1"
electrical_012;запрет посадки;кустарник;;;;;;;;;полоса вокруг объекта «силовой кабель», где кустарники не ставятся;;силовой кабель;;0.7;"СП 42.13330.2016, п. 9.6, табл. 9.1; ППМ 743-ПП, табл. 3.6.1"
electrical_013;запрет посадки;дерево;;;;;;;;;полоса вокруг объекта «силовой кабель», где деревья не ставятся;;силовой кабель;;2.0;"СП 42.13330.2016, п. 9.6, табл. 9.1; ППМ 743-ПП, табл. 3.6.1"
electrical_013;запрет посадки;кустарник;;;;;;;;;полоса вокруг объекта «силовой кабель», где кустарники не ставятся;;силовой кабель;;0.7;"СП 42.13330.2016, п. 9.6, табл. 9.1; ППМ 743-ПП, табл. 3.6.1"
electrical_014;запрет посадки;дерево;;;;;;;;;полоса вокруг объекта «силовой кабель», где деревья не ставятся;;силовой кабель;;2.0;"СП 42.13330.2016, п. 9.6, табл. 9.1; ППМ 743-ПП, табл. 3.6.1"
electrical_014;запрет посадки;кустарник;;;;;;;;;полоса вокруг объекта «силовой кабель», где кустарники не ставятся;;силовой кабель;;0.7;"СП 42.13330.2016, п. 9.6, табл. 9.1; ППМ 743-ПП, табл. 3.6.1"
electrical_015;запрет посадки;дерево;;;;;;;;;полоса вокруг объекта «силовой кабель», где деревья не ставятся;;силовой кабель;;2.0;"СП 42.13330.2016, п. 9.6, табл. 9.1; ППМ 743-ПП, табл. 3.6.1"
electrical_015;запрет посадки;кустарник;;;;;;;;;полоса вокруг объекта «силовой кабель», где кустарники не ставятся;;силовой кабель;;0.7;"СП 42.13330.2016, п. 9.6, табл. 9.1; ППМ 743-ПП, табл. 3.6.1"
electrical_016;запрет посадки;дерево;;;;;;;;;полоса вокруг объекта «силовой кабель», где деревья не ставятся;;силовой кабель;;2.0;"СП 42.13330.2016, п. 9.6, табл. 9.1; ППМ 743-ПП, табл. 3.6.1"
electrical_016;запрет посадки;кустарник;;;;;;;;;полоса вокруг объекта «силовой кабель», где кустарники не ставятся;;силовой кабель;;0.7;"СП 42.13330.2016, п. 9.6, табл. 9.1; ППМ 743-ПП, табл. 3.6.1"
electrical_017;запрет посадки;дерево;;;;;;;;;полоса вокруг объекта «силовой кабель», где деревья не ставятся;;силовой кабель;;2.0;"СП 42.13330.2016, п. 9.6, табл. 9.1; ППМ 743-ПП, табл. 3.6.1"
electrical_017;запрет посадки;кустарник;;;;;;;;;полоса вокруг объекта «силовой кабель», где кустарники не ставятся;;силовой кабель;;0.7;"СП 42.13330.2016, п. 9.6, табл. 9.1; ППМ 743-ПП, табл. 3.6.1"
electrical_018;запрет посадки;дерево;;;;;;;;;полоса вокруг объекта «силовой кабель», где деревья не ставятся;;силовой кабель;;2.0;"СП 42.13330.2016, п. 9.6, табл. 9.1; ППМ 743-ПП, табл. 3.6.1"
electrical_018;запрет посадки;кустарник;;;;;;;;;полоса вокруг объекта «силовой кабель», где кустарники не ставятся;;силовой кабель;;0.7;"СП 42.13330.2016, п. 9.6, табл. 9.1; ППМ 743-ПП, табл. 3.6.1"
electrical_019;запрет посадки;дерево;;;;;;;;;полоса вокруг объекта «силовой кабель», где деревья не ставятся;;силовой кабель;;2.0;"СП 42.13330.2016, п. 9.6, табл. 9.1; ППМ 743-ПП, табл. 3.6.1"
electrical_019;запрет посадки;кустарник;;;;;;;;;полоса вокруг объекта «силовой кабель», где кустарники не ставятся;;силовой кабель;;0.7;"СП 42.13330.2016, п. 9.6, табл. 9.1; ППМ 743-ПП, табл. 3.6.1"
electrical_020;запрет посадки;дерево;;;;;;;;;полоса вокруг объекта «силовой кабель», где деревья не ставятся;;силовой кабель;;2.0;"СП 42.13330.2016, п. 9.6, табл. 9.1; ППМ 743-ПП, табл. 3.6.1"
electrical_020;запрет посадки;кустарник;;;;;;;;;полоса вокруг объекта «силовой кабель», где кустарники не ставятся;;силовой кабель;;0.7;"СП 42.13330.2016, п. 9.6, табл. 9.1; ППМ 743-ПП, табл. 3.6.1"
electrical_021;запрет посадки;дерево;;;;;;;;;полоса вокруг объекта «силовой кабель», где деревья не ставятся;;силовой кабель;;2.0;"СП 42.13330.2016, п. 9.6, табл. 9.1; ППМ 743-ПП, табл. 3.6.1"
electrical_021;запрет посадки;кустарник;;;;;;;;;полоса вокруг объекта «силовой кабель», где кустарники не ставятся;;силовой кабель;;0.7;"СП 42.13330.2016, п. 9.6, табл. 9.1; ППМ 743-ПП, табл. 3.6.1"
electrical_022;запрет посадки;дерево;;;;;;;;;полоса вокруг объекта «силовой кабель», где деревья не ставятся;;силовой кабель;;2.0;"СП 42.13330.2016, п. 9.6, табл. 9.1; ППМ 743-ПП, табл. 3.6.1"
electrical_022;запрет посадки;кустарник;;;;;;;;;полоса вокруг объекта «силовой кабель», где кустарники не ставятся;;силовой кабель;;0.7;"СП 42.13330.2016, п. 9.6, табл. 9.1; ППМ 743-ПП, табл. 3.6.1"
electrical_023;запрет посадки;дерево;;;;;;;;;полоса вокруг объекта «силовой кабель», где деревья не ставятся;;силовой кабель;;2.0;"СП 42.13330.2016, п. 9.6, табл. 9.1; ППМ 743-ПП, табл. 3.6.1"
electrical_023;запрет посадки;кустарник;;;;;;;;;полоса вокруг объекта «силовой кабель», где кустарники не ставятся;;силовой кабель;;0.7;"СП 42.13330.2016, п. 9.6, табл. 9.1; ППМ 743-ПП, табл. 3.6.1"
electrical_024;запрет посадки;дерево;;;;;;;;;полоса вокруг объекта «силовой кабель», где деревья не ставятся;;силовой кабель;;2.0;"СП 42.13330.2016, п. 9.6, табл. 9.1; ППМ 743-ПП, табл. 3.6.1"
electrical_024;запрет посадки;кустарник;;;;;;;;;полоса вокруг объекта «силовой кабель», где кустарники не ставятся;;силовой кабель;;0.7;"СП 42.13330.2016, п. 9.6, табл. 9.1; ППМ 743-ПП, табл. 3.6.1"
electrical_025;запрет посадки;дерево;;;;;;;;;полоса вокруг объекта «силовой кабель», где деревья не ставятся;;силовой кабель;;2.0;"СП 42.13330.2016, п. 9.6, табл. 9.1; ППМ 743-ПП, табл. 3.6.1"
electrical_025;запрет посадки;кустарник;;;;;;;;;полоса вокруг объекта «силовой кабель», где кустарники не ставятся;;силовой кабель;;0.7;"СП 42.13330.2016, п. 9.6, табл. 9.1; ППМ 743-ПП, табл. 3.6.1"
electrical_026;запрет посадки;дерево;;;;;;;;;полоса вокруг объекта «силовой кабель», где деревья не ставятся;;силовой кабель;;2.0;"СП 42.13330.2016, п. 9.6, табл. 9.1; ППМ 743-ПП, табл. 3.6.1"
electrical_026;запрет посадки;кустарник;;;;;;;;;полоса вокруг объекта «силовой кабель», где кустарники не ставятся;;силовой кабель;;0.7;"СП 42.13330.2016, п. 9.6, табл. 9.1; ППМ 743-ПП, табл. 3.6.1"
electrical_027;запрет посадки;дерево;;;;;;;;;полоса вокруг объекта «силовой кабель», где деревья не ставятся;;силовой кабель;;2.0;"СП 42.13330.2016, п. 9.6, табл. 9.1; ППМ 743-ПП, табл. 3.6.1"
electrical_027;запрет посадки;кустарник;;;;;;;;;полоса вокруг объекта «силовой кабель», где кустарники не ставятся;;силовой кабель;;0.7;"СП 42.13330.2016, п. 9.6, табл. 9.1; ППМ 743-ПП, табл. 3.6.1"
electrical_028;запрет посадки;дерево;;;;;;;;;полоса вокруг объекта «силовой кабель», где деревья не ставятся;;силовой кабель;;2.0;"СП 42.13330.2016, п. 9.6, табл. 9.1; ППМ 743-ПП, табл. 3.6.1"
electrical_028;запрет посадки;кустарник;;;;;;;;;полоса вокруг объекта «силовой кабель», где кустарники не ставятся;;силовой кабель;;0.7;"СП 42.13330.2016, п. 9.6, табл. 9.1; ППМ 743-ПП, табл. 3.6.1"
electrical_029;запрет посадки;дерево;;;;;;;;;полоса вокруг объекта «силовой кабель», где деревья не ставятся;;силовой кабель;;2.0;"СП 42.13330.2016, п. 9.6, табл. 9.1; ППМ 743-ПП, табл. 3.6.1"
electrical_029;запрет посадки;кустарник;;;;;;;;;полоса вокруг объекта «силовой кабель», где кустарники не ставятся;;силовой кабель;;0.7;"СП 42.13330.2016, п. 9.6, табл. 9.1; ППМ 743-ПП, табл. 3.6.1"
electrical_030;запрет посадки;дерево;;;;;;;;;полоса вокруг объекта «силовой кабель», где деревья не ставятся;;силовой кабель;;2.0;"СП 42.13330.2016, п. 9.6, табл. 9.1; ППМ 743-ПП, табл. 3.6.1"
electrical_030;запрет посадки;кустарник;;;;;;;;;полоса вокруг объекта «силовой кабель», где кустарники не ставятся;;силовой кабель;;0.7;"СП 42.13330.2016, п. 9.6, табл. 9.1; ППМ 743-ПП, табл. 3.6.1"
electrical_031;запрет посадки;дерево;;;;;;;;;полоса вокруг объекта «силовой кабель», где деревья не ставятся;;силовой кабель;;2.0;"СП 42.13330.2016, п. 9.6, табл. 9.1; ППМ 743-ПП, табл. 3.6.1"
electrical_031;запрет посадки;кустарник;;;;;;;;;полоса вокруг объекта «силовой кабель», где кустарники не ставятся;;силовой кабель;;0.7;"СП 42.13330.2016, п. 9.6, табл. 9.1; ППМ 743-ПП, табл. 3.6.1"
electrical_032;запрет посадки;дерево;;;;;;;;;полоса вокруг объекта «силовой кабель», где деревья не ставятся;;силовой кабель;;2.0;"СП 42.13330.2016, п. 9.6, табл. 9.1; ППМ 743-ПП, табл. 3.6.1"
electrical_032;запрет посадки;кустарник;;;;;;;;;полоса вокруг объекта «силовой кабель», где кустарники не ставятся;;силовой кабель;;0.7;"СП 42.13330.2016, п. 9.6, табл. 9.1; ППМ 743-ПП, табл. 3.6.1"
electrical_033;запрет посадки;дерево;;;;;;;;;полоса вокруг объекта «силовой кабель», где деревья не ставятся;;силовой кабель;;2.0;"СП 42.13330.2016, п. 9.6, табл. 9.1; ППМ 743-ПП, табл. 3.6.1"
electrical_033;запрет посадки;кустарник;;;;;;;;;полоса вокруг объекта «силовой кабель», где кустарники не ставятся;;силовой кабель;;0.7;"СП 42.13330.2016, п. 9.6, табл. 9.1; ППМ 743-ПП, табл. 3.6.1"
electrical_034;запрет посадки;дерево;;;;;;;;;полоса вокруг объекта «силовой кабель», где деревья не ставятся;;силовой кабель;;2.0;"СП 42.13330.2016, п. 9.6, табл. 9.1; ППМ 743-ПП, табл. 3.6.1"
electrical_034;запрет посадки;кустарник;;;;;;;;;полоса вокруг объекта «силовой кабель», где кустарники не ставятся;;силовой кабель;;0.7;"СП 42.13330.2016, п. 9.6, табл. 9.1; ППМ 743-ПП, табл. 3.6.1"
electrical_035;запрет посадки;дерево;;;;;;;;;полоса вокруг объекта «силовой кабель», где деревья не ставятся;;силовой кабель;;2.0;"СП 42.13330.2016, п. 9.6, табл. 9.1; ППМ 743-ПП, табл. 3.6.1"
electrical_035;запрет посадки;кустарник;;;;;;;;;полоса вокруг объекта «силовой кабель», где кустарники не ставятся;;силовой кабель;;0.7;"СП 42.13330.2016, п. 9.6, табл. 9.1; ППМ 743-ПП, табл. 3.6.1"
electrical_036;запрет посадки;дерево;;;;;;;;;полоса вокруг объекта «силовой кабель», где деревья не ставятся;;силовой кабель;;2.0;"СП 42.13330.2016, п. 9.6, табл. 9.1; ППМ 743-ПП, табл. 3.6.1"
electrical_036;запрет посадки;кустарник;;;;;;;;;полоса вокруг объекта «силовой кабель», где кустарники не ставятся;;силовой кабель;;0.7;"СП 42.13330.2016, п. 9.6, табл. 9.1; ППМ 743-ПП, табл. 3.6.1"
electrical_037;запрет посадки;дерево;;;;;;;;;полоса вокруг объекта «силовой кабель», где деревья не ставятся;;силовой кабель;;2.0;"СП 42.13330.2016, п. 9.6, табл. 9.1; ППМ 743-ПП, табл. 3.6.1"
electrical_037;запрет посадки;кустарник;;;;;;;;;полоса вокруг объекта «силовой кабель», где кустарники не ставятся;;силовой кабель;;0.7;"СП 42.13330.2016, п. 9.6, табл. 9.1; ППМ 743-ПП, табл. 3.6.1"
electrical_038;запрет посадки;дерево;;;;;;;;;полоса вокруг объекта «силовой кабель», где деревья не ставятся;;силовой кабель;;2.0;"СП 42.13330.2016, п. 9.6, табл. 9.1; ППМ 743-ПП, табл. 3.6.1"
electrical_038;запрет посадки;кустарник;;;;;;;;;полоса вокруг объекта «силовой кабель», где кустарники не ставятся;;силовой кабель;;0.7;"СП 42.13330.2016, п. 9.6, табл. 9.1; ППМ 743-ПП, табл. 3.6.1"
electrical_039;запрет посадки;дерево;;;;;;;;;полоса вокруг объекта «силовой кабель», где деревья не ставятся;;силовой кабель;;2.0;"СП 42.13330.2016, п. 9.6, табл. 9.1; ППМ 743-ПП, табл. 3.6.1"
electrical_039;запрет посадки;кустарник;;;;;;;;;полоса вокруг объекта «силовой кабель», где кустарники не ставятся;;силовой кабель;;0.7;"СП 42.13330.2016, п. 9.6, табл. 9.1; ППМ 743-ПП, табл. 3.6.1"
electrical_040;запрет посадки;дерево;;;;;;;;;полоса вокруг объекта «силовой кабель», где деревья не ставятся;;силовой кабель;;2.0;"СП 42.13330.2016, п. 9.6, табл. 9.1; ППМ 743-ПП, табл. 3.6.1"
electrical_040;запрет посадки;кустарник;;;;;;;;;полоса вокруг объекта «силовой кабель», где кустарники не ставятся;;силовой кабель;;0.7;"СП 42.13330.2016, п. 9.6, табл. 9.1; ППМ 743-ПП, табл. 3.6.1"
electrical_041;запрет посадки;дерево;;;;;;;;;полоса вокруг объекта «силовой кабель», где деревья не ставятся;;силовой кабель;;2.0;"СП 42.13330.2016, п. 9.6, табл. 9.1; ППМ 743-ПП, табл. 3.6.1"
electrical_041;запрет посадки;кустарник;;;;;;;;;полоса вокруг объекта «силовой кабель», где кустарники не ставятся;;силовой кабель;;0.7;"СП 42.13330.2016, п. 9.6, табл. 9.1; ППМ 743-ПП, табл. 3.6.1"
electrical_042;запрет посадки;дерево;;;;;;;;;полоса вокруг объекта «силовой кабель», где деревья не ставятся;;силовой кабель;;2.0;"СП 42.13330.2016, п. 9.6, табл. 9.1; ППМ 743-ПП, табл. 3.6.1"
electrical_042;запрет посадки;кустарник;;;;;;;;;полоса вокруг объекта «силовой кабель», где кустарники не ставятся;;силовой кабель;;0.7;"СП 42.13330.2016, п. 9.6, табл. 9.1; ППМ 743-ПП, табл. 3.6.1"
electrical_043;запрет посадки;дерево;;;;;;;;;полоса вокруг объекта «силовой кабель», где деревья не ставятся;;силовой кабель;;2.0;"СП 42.13330.2016, п. 9.6, табл. 9.1; ППМ 743-ПП, табл. 3.6.1"
electrical_043;запрет посадки;кустарник;;;;;;;;;полоса вокруг объекта «силовой кабель», где кустарники не ставятся;;силовой кабель;;0.7;"СП 42.13330.2016, п. 9.6, табл. 9.1; ППМ 743-ПП, табл. 3.6.1"
electrical_044;запрет посадки;дерево;;;;;;;;;полоса вокруг объекта «силовой кабель», где деревья не ставятся;;силовой кабель;;2.0;"СП 42.13330.2016, п. 9.6, табл. 9.1; ППМ 743-ПП, табл. 3.6.1"
electrical_044;запрет посадки;кустарник;;;;;;;;;полоса вокруг объекта «силовой кабель», где кустарники не ставятся;;силовой кабель;;0.7;"СП 42.13330.2016, п. 9.6, табл. 9.1; ППМ 743-ПП, табл. 3.6.1"
electrical_045;запрет посадки;дерево;;;;;;;;;полоса вокруг объекта «силовой кабель», где деревья не ставятся;;силовой кабель;;2.0;"СП 42.13330.2016, п. 9.6, табл. 9.1; ППМ 743-ПП, табл. 3.6.1"
electrical_045;запрет посадки;кустарник;;;;;;;;;полоса вокруг объекта «силовой кабель», где кустарники не ставятся;;силовой кабель;;0.7;"СП 42.13330.2016, п. 9.6, табл. 9.1; ППМ 743-ПП, табл. 3.6.1"
electrical_046;запрет посадки;дерево;;;;;;;;;полоса вокруг объекта «силовой кабель», где деревья не ставятся;;силовой кабель;;2.0;"СП 42.13330.2016, п. 9.6, табл. 9.1; ППМ 743-ПП, табл. 3.6.1"
electrical_046;запрет посадки;кустарник;;;;;;;;;полоса вокруг объекта «силовой кабель», где кустарники не ставятся;;силовой кабель;;0.7;"СП 42.13330.2016, п. 9.6, табл. 9.1; ППМ 743-ПП, табл. 3.6.1"
electrical_047;запрет посадки;дерево;;;;;;;;;полоса вокруг объекта «силовой кабель», где деревья не ставятся;;силовой кабель;;2.0;"СП 42.13330.2016, п. 9.6, табл. 9.1; ППМ 743-ПП, табл. 3.6.1"
electrical_047;запрет посадки;кустарник;;;;;;;;;полоса вокруг объекта «силовой кабель», где кустарники не ставятся;;силовой кабель;;0.7;"СП 42.13330.2016, п. 9.6, табл. 9.1; ППМ 743-ПП, табл. 3.6.1"
electrical_048;запрет посадки;дерево;;;;;;;;;полоса вокруг объекта «силовой кабель», где деревья не ставятся;;силовой кабель;;2.0;"СП 42.13330.2016, п. 9.6, табл. 9.1; ППМ 743-ПП, табл. 3.6.1"
electrical_048;запрет посадки;кустарник;;;;;;;;;полоса вокруг объекта «силовой кабель», где кустарники не ставятся;;силовой кабель;;0.7;"СП 42.13330.2016, п. 9.6, табл. 9.1; ППМ 743-ПП, табл. 3.6.1"
electrical_049;запрет посадки;дерево;;;;;;;;;полоса вокруг объекта «силовой кабель», где деревья не ставятся;;силовой кабель;;2.0;"СП 42.13330.2016, п. 9.6, табл. 9.1; ППМ 743-ПП, табл. 3.6.1"
electrical_049;запрет посадки;кустарник;;;;;;;;;полоса вокруг объекта «силовой кабель», где кустарники не ставятся;;силовой кабель;;0.7;"СП 42.13330.2016, п. 9.6, табл. 9.1; ППМ 743-ПП, табл. 3.6.1"
electrical_050;запрет посадки;дерево;;;;;;;;;полоса вокруг объекта «силовой кабель», где деревья не ставятся;;силовой кабель;;2.0;"СП 42.13330.2016, п. 9.6, табл. 9.1; ППМ 743-ПП, табл. 3.6.1"
electrical_050;запрет посадки;кустарник;;;;;;;;;полоса вокруг объекта «силовой кабель», где кустарники не ставятся;;силовой кабель;;0.7;"СП 42.13330.2016, п. 9.6, табл. 9.1; ППМ 743-ПП, табл. 3.6.1"
electrical_051;запрет посадки;дерево;;;;;;;;;полоса вокруг объекта «силовой кабель», где деревья не ставятся;;силовой кабель;;2.0;"СП 42.13330.2016, п. 9.6, табл. 9.1; ППМ 743-ПП, табл. 3.6.1"
electrical_051;запрет посадки;кустарник;;;;;;;;;полоса вокруг объекта «силовой кабель», где кустарники не ставятся;;силовой кабель;;0.7;"СП 42.13330.2016, п. 9.6, табл. 9.1; ППМ 743-ПП, табл. 3.6.1"
electrical_052;запрет посадки;дерево;;;;;;;;;полоса вокруг объекта «силовой кабель», где деревья не ставятся;;силовой кабель;;2.0;"СП 42.13330.2016, п. 9.6, табл. 9.1; ППМ 743-ПП, табл. 3.6.1"
electrical_052;запрет посадки;кустарник;;;;;;;;;полоса вокруг объекта «силовой кабель», где кустарники не ставятся;;силовой кабель;;0.7;"СП 42.13330.2016, п. 9.6, табл. 9.1; ППМ 743-ПП, табл. 3.6.1"
electrical_053;запрет посадки;дерево;;;;;;;;;полоса вокруг объекта «силовой кабель», где деревья не ставятся;;силовой кабель;;2.0;"СП 42.13330.2016, п. 9.6, табл. 9.1; ППМ 743-ПП, табл. 3.6.1"
electrical_053;запрет посадки;кустарник;;;;;;;;;полоса вокруг объекта «силовой кабель», где кустарники не ставятся;;силовой кабель;;0.7;"СП 42.13330.2016, п. 9.6, табл. 9.1; ППМ 743-ПП, табл. 3.6.1"
electrical_054;запрет посадки;дерево;;;;;;;;;полоса вокруг объекта «силовой кабель», где деревья не ставятся;;силовой кабель;;2.0;"СП 42.13330.2016, п. 9.6, табл. 9.1; ППМ 743-ПП, табл. 3.6.1"
electrical_054;запрет посадки;кустарник;;;;;;;;;полоса вокруг объекта «силовой кабель», где кустарники не ставятся;;силовой кабель;;0.7;"СП 42.13330.2016, п. 9.6, табл. 9.1; ППМ 743-ПП, табл. 3.6.1"
electrical_055;запрет посадки;дерево;;;;;;;;;полоса вокруг объекта «силовой кабель», где деревья не ставятся;;силовой кабель;;2.0;"СП 42.13330.2016, п. 9.6, табл. 9.1; ППМ 743-ПП, табл. 3.6.1"
electrical_055;запрет посадки;кустарник;;;;;;;;;полоса вокруг объекта «силовой кабель», где кустарники не ставятся;;силовой кабель;;0.7;"СП 42.13330.2016, п. 9.6, табл. 9.1; ППМ 743-ПП, табл. 3.6.1"
electrical_056;запрет посадки;дерево;;;;;;;;;полоса вокруг объекта «силовой кабель», где деревья не ставятся;;силовой кабель;;2.0;"СП 42.13330.2016, п. 9.6, табл. 9.1; ППМ 743-ПП, табл. 3.6.1"
electrical_056;запрет посадки;кустарник;;;;;;;;;полоса вокруг объекта «силовой кабель», где кустарники не ставятся;;силовой кабель;;0.7;"СП 42.13330.2016, п. 9.6, табл. 9.1; ППМ 743-ПП, табл. 3.6.1"
electrical_057;запрет посадки;дерево;;;;;;;;;полоса вокруг объекта «силовой кабель», где деревья не ставятся;;силовой кабель;;2.0;"СП 42.13330.2016, п. 9.6, табл. 9.1; ППМ 743-ПП, табл. 3.6.1"
electrical_057;запрет посадки;кустарник;;;;;;;;;полоса вокруг объекта «силовой кабель», где кустарники не ставятся;;силовой кабель;;0.7;"СП 42.13330.2016, п. 9.6, табл. 9.1; ППМ 743-ПП, табл. 3.6.1"
electrical_058;запрет посадки;дерево;;;;;;;;;полоса вокруг объекта «силовой кабель», где деревья не ставятся;;силовой кабель;;2.0;"СП 42.13330.2016, п. 9.6, табл. 9.1; ППМ 743-ПП, табл. 3.6.1"
electrical_058;запрет посадки;кустарник;;;;;;;;;полоса вокруг объекта «силовой кабель», где кустарники не ставятся;;силовой кабель;;0.7;"СП 42.13330.2016, п. 9.6, табл. 9.1; ППМ 743-ПП, табл. 3.6.1"
electrical_059;запрет посадки;дерево;;;;;;;;;полоса вокруг объекта «силовой кабель», где деревья не ставятся;;силовой кабель;;2.0;"СП 42.13330.2016, п. 9.6, табл. 9.1; ППМ 743-ПП, табл. 3.6.1"
electrical_059;запрет посадки;кустарник;;;;;;;;;полоса вокруг объекта «силовой кабель», где кустарники не ставятся;;силовой кабель;;0.7;"СП 42.13330.2016, п. 9.6, табл. 9.1; ППМ 743-ПП, табл. 3.6.1"
electrical_060;запрет посадки;дерево;;;;;;;;;полоса вокруг объекта «силовой кабель», где деревья не ставятся;;силовой кабель;;2.0;"СП 42.13330.2016, п. 9.6, табл. 9.1; ППМ 743-ПП, табл. 3.6.1"
electrical_060;запрет посадки;кустарник;;;;;;;;;полоса вокруг объекта «силовой кабель», где кустарники не ставятся;;силовой кабель;;0.7;"СП 42.13330.2016, п. 9.6, табл. 9.1; ППМ 743-ПП, табл. 3.6.1"
electrical_061;запрет посадки;дерево;;;;;;;;;полоса вокруг объекта «силовой кабель», где деревья не ставятся;;силовой кабель;;2.0;"СП 42.13330.2016, п. 9.6, табл. 9.1; ППМ 743-ПП, табл. 3.6.1"
electrical_061;запрет посадки;кустарник;;;;;;;;;полоса вокруг объекта «силовой кабель», где кустарники не ставятся;;силовой кабель;;0.7;"СП 42.13330.2016, п. 9.6, табл. 9.1; ППМ 743-ПП, табл. 3.6.1"
electrical_062;запрет посадки;дерево;;;;;;;;;полоса вокруг объекта «силовой кабель», где деревья не ставятся;;силовой кабель;;2.0;"СП 42.13330.2016, п. 9.6, табл. 9.1; ППМ 743-ПП, табл. 3.6.1"
electrical_062;запрет посадки;кустарник;;;;;;;;;полоса вокруг объекта «силовой кабель», где кустарники не ставятся;;силовой кабель;;0.7;"СП 42.13330.2016, п. 9.6, табл. 9.1; ППМ 743-ПП, табл. 3.6.1"
heat_network_001;запрет посадки;дерево;;;;;;;;;полоса вокруг объекта «теплосеть», где деревья не ставятся;;теплосеть;;2.0;"СП 42.13330.2016, п. 9.6, табл. 9.1; ППМ 743-ПП, табл. 3.6.1"
heat_network_001;запрет посадки;кустарник;;;;;;;;;полоса вокруг объекта «теплосеть», где кустарники не ставятся;;теплосеть;;1.0;"СП 42.13330.2016, п. 9.6, табл. 9.1; ППМ 743-ПП, табл. 3.6.1"
heat_network_002;запрет посадки;дерево;;;;;;;;;полоса вокруг объекта «теплосеть», где деревья не ставятся;;теплосеть;;2.0;"СП 42.13330.2016, п. 9.6, табл. 9.1; ППМ 743-ПП, табл. 3.6.1"
heat_network_002;запрет посадки;кустарник;;;;;;;;;полоса вокруг объекта «теплосеть», где кустарники не ставятся;;теплосеть;;1.0;"СП 42.13330.2016, п. 9.6, табл. 9.1; ППМ 743-ПП, табл. 3.6.1"
heat_network_003;запрет посадки;дерево;;;;;;;;;полоса вокруг объекта «теплосеть», где деревья не ставятся;;теплосеть;;2.0;"СП 42.13330.2016, п. 9.6, табл. 9.1; ППМ 743-ПП, табл. 3.6.1"
heat_network_003;запрет посадки;кустарник;;;;;;;;;полоса вокруг объекта «теплосеть», где кустарники не ставятся;;теплосеть;;1.0;"СП 42.13330.2016, п. 9.6, табл. 9.1; ППМ 743-ПП, табл. 3.6.1"
heat_network_004;запрет посадки;дерево;;;;;;;;;полоса вокруг объекта «теплосеть», где деревья не ставятся;;теплосеть;;2.0;"СП 42.13330.2016, п. 9.6, табл. 9.1; ППМ 743-ПП, табл. 3.6.1"
heat_network_004;запрет посадки;кустарник;;;;;;;;;полоса вокруг объекта «теплосеть», где кустарники не ставятся;;теплосеть;;1.0;"СП 42.13330.2016, п. 9.6, табл. 9.1; ППМ 743-ПП, табл. 3.6.1"
heat_network_005;запрет посадки;дерево;;;;;;;;;полоса вокруг объекта «теплосеть», где деревья не ставятся;;теплосеть;;2.0;"СП 42.13330.2016, п. 9.6, табл. 9.1; ППМ 743-ПП, табл. 3.6.1"
heat_network_005;запрет посадки;кустарник;;;;;;;;;полоса вокруг объекта «теплосеть», где кустарники не ставятся;;теплосеть;;1.0;"СП 42.13330.2016, п. 9.6, табл. 9.1; ППМ 743-ПП, табл. 3.6.1"
heat_network_006;запрет посадки;дерево;;;;;;;;;полоса вокруг объекта «теплосеть», где деревья не ставятся;;теплосеть;;2.0;"СП 42.13330.2016, п. 9.6, табл. 9.1; ППМ 743-ПП, табл. 3.6.1"
heat_network_006;запрет посадки;кустарник;;;;;;;;;полоса вокруг объекта «теплосеть», где кустарники не ставятся;;теплосеть;;1.0;"СП 42.13330.2016, п. 9.6, табл. 9.1; ППМ 743-ПП, табл. 3.6.1"
heat_network_007;запрет посадки;дерево;;;;;;;;;полоса вокруг объекта «теплосеть», где деревья не ставятся;;теплосеть;;2.0;"СП 42.13330.2016, п. 9.6, табл. 9.1; ППМ 743-ПП, табл. 3.6.1"
heat_network_007;запрет посадки;кустарник;;;;;;;;;полоса вокруг объекта «теплосеть», где кустарники не ставятся;;теплосеть;;1.0;"СП 42.13330.2016, п. 9.6, табл. 9.1; ППМ 743-ПП, табл. 3.6.1"
heat_network_008;запрет посадки;дерево;;;;;;;;;полоса вокруг объекта «теплосеть», где деревья не ставятся;;теплосеть;;2.0;"СП 42.13330.2016, п. 9.6, табл. 9.1; ППМ 743-ПП, табл. 3.6.1"
heat_network_008;запрет посадки;кустарник;;;;;;;;;полоса вокруг объекта «теплосеть», где кустарники не ставятся;;теплосеть;;1.0;"СП 42.13330.2016, п. 9.6, табл. 9.1; ППМ 743-ПП, табл. 3.6.1"
heat_network_009;запрет посадки;дерево;;;;;;;;;полоса вокруг объекта «теплосеть», где деревья не ставятся;;теплосеть;;2.0;"СП 42.13330.2016, п. 9.6, табл. 9.1; ППМ 743-ПП, табл. 3.6.1"
heat_network_009;запрет посадки;кустарник;;;;;;;;;полоса вокруг объекта «теплосеть», где кустарники не ставятся;;теплосеть;;1.0;"СП 42.13330.2016, п. 9.6, табл. 9.1; ППМ 743-ПП, табл. 3.6.1"
heat_network_010;запрет посадки;дерево;;;;;;;;;полоса вокруг объекта «теплосеть», где деревья не ставятся;;теплосеть;;2.0;"СП 42.13330.2016, п. 9.6, табл. 9.1; ППМ 743-ПП, табл. 3.6.1"
heat_network_010;запрет посадки;кустарник;;;;;;;;;полоса вокруг объекта «теплосеть», где кустарники не ставятся;;теплосеть;;1.0;"СП 42.13330.2016, п. 9.6, табл. 9.1; ППМ 743-ПП, табл. 3.6.1"
heat_network_011;запрет посадки;дерево;;;;;;;;;полоса вокруг объекта «теплосеть», где деревья не ставятся;;теплосеть;;2.0;"СП 42.13330.2016, п. 9.6, табл. 9.1; ППМ 743-ПП, табл. 3.6.1"
heat_network_011;запрет посадки;кустарник;;;;;;;;;полоса вокруг объекта «теплосеть», где кустарники не ставятся;;теплосеть;;1.0;"СП 42.13330.2016, п. 9.6, табл. 9.1; ППМ 743-ПП, табл. 3.6.1"
heat_network_012;запрет посадки;дерево;;;;;;;;;полоса вокруг объекта «теплосеть», где деревья не ставятся;;теплосеть;;2.0;"СП 42.13330.2016, п. 9.6, табл. 9.1; ППМ 743-ПП, табл. 3.6.1"
heat_network_012;запрет посадки;кустарник;;;;;;;;;полоса вокруг объекта «теплосеть», где кустарники не ставятся;;теплосеть;;1.0;"СП 42.13330.2016, п. 9.6, табл. 9.1; ППМ 743-ПП, табл. 3.6.1"
heat_network_013;запрет посадки;дерево;;;;;;;;;полоса вокруг объекта «теплосеть», где деревья не ставятся;;теплосеть;;2.0;"СП 42.13330.2016, п. 9.6, табл. 9.1; ППМ 743-ПП, табл. 3.6.1"
heat_network_013;запрет посадки;кустарник;;;;;;;;;полоса вокруг объекта «теплосеть», где кустарники не ставятся;;теплосеть;;1.0;"СП 42.13330.2016, п. 9.6, табл. 9.1; ППМ 743-ПП, табл. 3.6.1"
heat_network_014;запрет посадки;дерево;;;;;;;;;полоса вокруг объекта «теплосеть», где деревья не ставятся;;теплосеть;;2.0;"СП 42.13330.2016, п. 9.6, табл. 9.1; ППМ 743-ПП, табл. 3.6.1"
heat_network_014;запрет посадки;кустарник;;;;;;;;;полоса вокруг объекта «теплосеть», где кустарники не ставятся;;теплосеть;;1.0;"СП 42.13330.2016, п. 9.6, табл. 9.1; ППМ 743-ПП, табл. 3.6.1"
heat_network_015;запрет посадки;дерево;;;;;;;;;полоса вокруг объекта «теплосеть», где деревья не ставятся;;теплосеть;;2.0;"СП 42.13330.2016, п. 9.6, табл. 9.1; ППМ 743-ПП, табл. 3.6.1"
heat_network_015;запрет посадки;кустарник;;;;;;;;;полоса вокруг объекта «теплосеть», где кустарники не ставятся;;теплосеть;;1.0;"СП 42.13330.2016, п. 9.6, табл. 9.1; ППМ 743-ПП, табл. 3.6.1"
heat_network_016;запрет посадки;дерево;;;;;;;;;полоса вокруг объекта «теплосеть», где деревья не ставятся;;теплосеть;;2.0;"СП 42.13330.2016, п. 9.6, табл. 9.1; ППМ 743-ПП, табл. 3.6.1"
heat_network_016;запрет посадки;кустарник;;;;;;;;;полоса вокруг объекта «теплосеть», где кустарники не ставятся;;теплосеть;;1.0;"СП 42.13330.2016, п. 9.6, табл. 9.1; ППМ 743-ПП, табл. 3.6.1"
heat_network_017;запрет посадки;дерево;;;;;;;;;полоса вокруг объекта «теплосеть», где деревья не ставятся;;теплосеть;;2.0;"СП 42.13330.2016, п. 9.6, табл. 9.1; ППМ 743-ПП, табл. 3.6.1"
heat_network_017;запрет посадки;кустарник;;;;;;;;;полоса вокруг объекта «теплосеть», где кустарники не ставятся;;теплосеть;;1.0;"СП 42.13330.2016, п. 9.6, табл. 9.1; ППМ 743-ПП, табл. 3.6.1"
heat_network_018;запрет посадки;дерево;;;;;;;;;полоса вокруг объекта «теплосеть», где деревья не ставятся;;теплосеть;;2.0;"СП 42.13330.2016, п. 9.6, табл. 9.1; ППМ 743-ПП, табл. 3.6.1"
heat_network_018;запрет посадки;кустарник;;;;;;;;;полоса вокруг объекта «теплосеть», где кустарники не ставятся;;теплосеть;;1.0;"СП 42.13330.2016, п. 9.6, табл. 9.1; ППМ 743-ПП, табл. 3.6.1"
heat_network_019;запрет посадки;дерево;;;;;;;;;полоса вокруг объекта «теплосеть», где деревья не ставятся;;теплосеть;;2.0;"СП 42.13330.2016, п. 9.6, табл. 9.1; ППМ 743-ПП, табл. 3.6.1"
heat_network_019;запрет посадки;кустарник;;;;;;;;;полоса вокруг объекта «теплосеть», где кустарники не ставятся;;теплосеть;;1.0;"СП 42.13330.2016, п. 9.6, табл. 9.1; ППМ 743-ПП, табл. 3.6.1"
heat_network_020;запрет посадки;дерево;;;;;;;;;полоса вокруг объекта «теплосеть», где деревья не ставятся;;теплосеть;;2.0;"СП 42.13330.2016, п. 9.6, табл. 9.1; ППМ 743-ПП, табл. 3.6.1"
heat_network_020;запрет посадки;кустарник;;;;;;;;;полоса вокруг объекта «теплосеть», где кустарники не ставятся;;теплосеть;;1.0;"СП 42.13330.2016, п. 9.6, табл. 9.1; ППМ 743-ПП, табл. 3.6.1"
heat_network_021;запрет посадки;дерево;;;;;;;;;полоса вокруг объекта «теплосеть», где деревья не ставятся;;теплосеть;;2.0;"СП 42.13330.2016, п. 9.6, табл. 9.1; ППМ 743-ПП, табл. 3.6.1"
heat_network_021;запрет посадки;кустарник;;;;;;;;;полоса вокруг объекта «теплосеть», где кустарники не ставятся;;теплосеть;;1.0;"СП 42.13330.2016, п. 9.6, табл. 9.1; ППМ 743-ПП, табл. 3.6.1"
heat_network_022;запрет посадки;дерево;;;;;;;;;полоса вокруг объекта «теплосеть», где деревья не ставятся;;теплосеть;;2.0;"СП 42.13330.2016, п. 9.6, табл. 9.1; ППМ 743-ПП, табл. 3.6.1"
heat_network_022;запрет посадки;кустарник;;;;;;;;;полоса вокруг объекта «теплосеть», где кустарники не ставятся;;теплосеть;;1.0;"СП 42.13330.2016, п. 9.6, табл. 9.1; ППМ 743-ПП, табл. 3.6.1"
heat_network_023;запрет посадки;дерево;;;;;;;;;полоса вокруг объекта «теплосеть», где деревья не ставятся;;теплосеть;;2.0;"СП 42.13330.2016, п. 9.6, табл. 9.1; ППМ 743-ПП, табл. 3.6.1"
heat_network_023;запрет посадки;кустарник;;;;;;;;;полоса вокруг объекта «теплосеть», где кустарники не ставятся;;теплосеть;;1.0;"СП 42.13330.2016, п. 9.6, табл. 9.1; ППМ 743-ПП, табл. 3.6.1"
heat_network_024;запрет посадки;дерево;;;;;;;;;полоса вокруг объекта «теплосеть», где деревья не ставятся;;теплосеть;;2.0;"СП 42.13330.2016, п. 9.6, табл. 9.1; ППМ 743-ПП, табл. 3.6.1"
heat_network_024;запрет посадки;кустарник;;;;;;;;;полоса вокруг объекта «теплосеть», где кустарники не ставятся;;теплосеть;;1.0;"СП 42.13330.2016, п. 9.6, табл. 9.1; ППМ 743-ПП, табл. 3.6.1"
heat_network_025;запрет посадки;дерево;;;;;;;;;полоса вокруг объекта «теплосеть», где деревья не ставятся;;теплосеть;;2.0;"СП 42.13330.2016, п. 9.6, табл. 9.1; ППМ 743-ПП, табл. 3.6.1"
heat_network_025;запрет посадки;кустарник;;;;;;;;;полоса вокруг объекта «теплосеть», где кустарники не ставятся;;теплосеть;;1.0;"СП 42.13330.2016, п. 9.6, табл. 9.1; ППМ 743-ПП, табл. 3.6.1"
heat_network_026;запрет посадки;дерево;;;;;;;;;полоса вокруг объекта «теплосеть», где деревья не ставятся;;теплосеть;;2.0;"СП 42.13330.2016, п. 9.6, табл. 9.1; ППМ 743-ПП, табл. 3.6.1"
heat_network_026;запрет посадки;кустарник;;;;;;;;;полоса вокруг объекта «теплосеть», где кустарники не ставятся;;теплосеть;;1.0;"СП 42.13330.2016, п. 9.6, табл. 9.1; ППМ 743-ПП, табл. 3.6.1"
heat_network_027;запрет посадки;дерево;;;;;;;;;полоса вокруг объекта «теплосеть», где деревья не ставятся;;теплосеть;;2.0;"СП 42.13330.2016, п. 9.6, табл. 9.1; ППМ 743-ПП, табл. 3.6.1"
heat_network_027;запрет посадки;кустарник;;;;;;;;;полоса вокруг объекта «теплосеть», где кустарники не ставятся;;теплосеть;;1.0;"СП 42.13330.2016, п. 9.6, табл. 9.1; ППМ 743-ПП, табл. 3.6.1"
heat_network_028;запрет посадки;дерево;;;;;;;;;полоса вокруг объекта «теплосеть», где деревья не ставятся;;теплосеть;;2.0;"СП 42.13330.2016, п. 9.6, табл. 9.1; ППМ 743-ПП, табл. 3.6.1"
heat_network_028;запрет посадки;кустарник;;;;;;;;;полоса вокруг объекта «теплосеть», где кустарники не ставятся;;теплосеть;;1.0;"СП 42.13330.2016, п. 9.6, табл. 9.1; ППМ 743-ПП, табл. 3.6.1"
heat_network_029;запрет посадки;дерево;;;;;;;;;полоса вокруг объекта «теплосеть», где деревья не ставятся;;теплосеть;;2.0;"СП 42.13330.2016, п. 9.6, табл. 9.1; ППМ 743-ПП, табл. 3.6.1"
heat_network_029;запрет посадки;кустарник;;;;;;;;;полоса вокруг объекта «теплосеть», где кустарники не ставятся;;теплосеть;;1.0;"СП 42.13330.2016, п. 9.6, табл. 9.1; ППМ 743-ПП, табл. 3.6.1"
water_pipeline_001;запрет посадки;дерево;;;;;;;;;полоса вокруг объекта «водопровод», где деревья не ставятся;;водопровод;;2.0;"СП 42.13330.2016, п. 9.6, табл. 9.1; ППМ 743-ПП, табл. 3.6.1"
water_pipeline_001;запрет посадки;кустарник;;;;;;;;;полоса вокруг объекта «водопровод», где кустарники не ставятся;;водопровод;;0.0;"СП 42.13330.2016, п. 9.6, табл. 9.1; ППМ 743-ПП, табл. 3.6.1"
water_pipeline_002;запрет посадки;дерево;;;;;;;;;полоса вокруг объекта «водопровод», где деревья не ставятся;;водопровод;;2.0;"СП 42.13330.2016, п. 9.6, табл. 9.1; ППМ 743-ПП, табл. 3.6.1"
water_pipeline_002;запрет посадки;кустарник;;;;;;;;;полоса вокруг объекта «водопровод», где кустарники не ставятся;;водопровод;;0.0;"СП 42.13330.2016, п. 9.6, табл. 9.1; ППМ 743-ПП, табл. 3.6.1"
water_pipeline_003;запрет посадки;дерево;;;;;;;;;полоса вокруг объекта «водопровод», где деревья не ставятся;;водопровод;;2.0;"СП 42.13330.2016, п. 9.6, табл. 9.1; ППМ 743-ПП, табл. 3.6.1"
water_pipeline_003;запрет посадки;кустарник;;;;;;;;;полоса вокруг объекта «водопровод», где кустарники не ставятся;;водопровод;;0.0;"СП 42.13330.2016, п. 9.6, табл. 9.1; ППМ 743-ПП, табл. 3.6.1"
water_pipeline_004;запрет посадки;дерево;;;;;;;;;полоса вокруг объекта «водопровод», где деревья не ставятся;;водопровод;;2.0;"СП 42.13330.2016, п. 9.6, табл. 9.1; ППМ 743-ПП, табл. 3.6.1"
water_pipeline_004;запрет посадки;кустарник;;;;;;;;;полоса вокруг объекта «водопровод», где кустарники не ставятся;;водопровод;;0.0;"СП 42.13330.2016, п. 9.6, табл. 9.1; ППМ 743-ПП, табл. 3.6.1"
water_pipeline_005;запрет посадки;дерево;;;;;;;;;полоса вокруг объекта «водопровод», где деревья не ставятся;;водопровод;;2.0;"СП 42.13330.2016, п. 9.6, табл. 9.1; ППМ 743-ПП, табл. 3.6.1"
water_pipeline_005;запрет посадки;кустарник;;;;;;;;;полоса вокруг объекта «водопровод», где кустарники не ставятся;;водопровод;;0.0;"СП 42.13330.2016, п. 9.6, табл. 9.1; ППМ 743-ПП, табл. 3.6.1"
water_pipeline_006;запрет посадки;дерево;;;;;;;;;полоса вокруг объекта «водопровод», где деревья не ставятся;;водопровод;;2.0;"СП 42.13330.2016, п. 9.6, табл. 9.1; ППМ 743-ПП, табл. 3.6.1"
water_pipeline_006;запрет посадки;кустарник;;;;;;;;;полоса вокруг объекта «водопровод», где кустарники не ставятся;;водопровод;;0.0;"СП 42.13330.2016, п. 9.6, табл. 9.1; ППМ 743-ПП, табл. 3.6.1"
water_pipeline_007;запрет посадки;дерево;;;;;;;;;полоса вокруг объекта «водопровод», где деревья не ставятся;;водопровод;;2.0;"СП 42.13330.2016, п. 9.6, табл. 9.1; ППМ 743-ПП, табл. 3.6.1"
water_pipeline_007;запрет посадки;кустарник;;;;;;;;;полоса вокруг объекта «водопровод», где кустарники не ставятся;;водопровод;;0.0;"СП 42.13330.2016, п. 9.6, табл. 9.1; ППМ 743-ПП, табл. 3.6.1"
water_pipeline_008;запрет посадки;дерево;;;;;;;;;полоса вокруг объекта «водопровод», где деревья не ставятся;;водопровод;;2.0;"СП 42.13330.2016, п. 9.6, табл. 9.1; ППМ 743-ПП, табл. 3.6.1"
water_pipeline_008;запрет посадки;кустарник;;;;;;;;;полоса вокруг объекта «водопровод», где кустарники не ставятся;;водопровод;;0.0;"СП 42.13330.2016, п. 9.6, табл. 9.1; ППМ 743-ПП, табл. 3.6.1"
water_pipeline_009;запрет посадки;дерево;;;;;;;;;полоса вокруг объекта «водопровод», где деревья не ставятся;;водопровод;;2.0;"СП 42.13330.2016, п. 9.6, табл. 9.1; ППМ 743-ПП, табл. 3.6.1"
water_pipeline_009;запрет посадки;кустарник;;;;;;;;;полоса вокруг объекта «водопровод», где кустарники не ставятся;;водопровод;;0.0;"СП 42.13330.2016, п. 9.6, табл. 9.1; ППМ 743-ПП, табл. 3.6.1"
water_pipeline_010;запрет посадки;дерево;;;;;;;;;полоса вокруг объекта «водопровод», где деревья не ставятся;;водопровод;;2.0;"СП 42.13330.2016, п. 9.6, табл. 9.1; ППМ 743-ПП, табл. 3.6.1"
water_pipeline_010;запрет посадки;кустарник;;;;;;;;;полоса вокруг объекта «водопровод», где кустарники не ставятся;;водопровод;;0.0;"СП 42.13330.2016, п. 9.6, табл. 9.1; ППМ 743-ПП, табл. 3.6.1"
water_pipeline_011;запрет посадки;дерево;;;;;;;;;полоса вокруг объекта «водопровод», где деревья не ставятся;;водопровод;;2.0;"СП 42.13330.2016, п. 9.6, табл. 9.1; ППМ 743-ПП, табл. 3.6.1"
water_pipeline_011;запрет посадки;кустарник;;;;;;;;;полоса вокруг объекта «водопровод», где кустарники не ставятся;;водопровод;;0.0;"СП 42.13330.2016, п. 9.6, табл. 9.1; ППМ 743-ПП, табл. 3.6.1"
water_pipeline_012;запрет посадки;дерево;;;;;;;;;полоса вокруг объекта «водопровод», где деревья не ставятся;;водопровод;;2.0;"СП 42.13330.2016, п. 9.6, табл. 9.1; ППМ 743-ПП, табл. 3.6.1"
water_pipeline_012;запрет посадки;кустарник;;;;;;;;;полоса вокруг объекта «водопровод», где кустарники не ставятся;;водопровод;;0.0;"СП 42.13330.2016, п. 9.6, табл. 9.1; ППМ 743-ПП, табл. 3.6.1"
water_pipeline_013;запрет посадки;дерево;;;;;;;;;полоса вокруг объекта «водопровод», где деревья не ставятся;;водопровод;;2.0;"СП 42.13330.2016, п. 9.6, табл. 9.1; ППМ 743-ПП, табл. 3.6.1"
water_pipeline_013;запрет посадки;кустарник;;;;;;;;;полоса вокруг объекта «водопровод», где кустарники не ставятся;;водопровод;;0.0;"СП 42.13330.2016, п. 9.6, табл. 9.1; ППМ 743-ПП, табл. 3.6.1"
water_pipeline_014;запрет посадки;дерево;;;;;;;;;полоса вокруг объекта «водопровод», где деревья не ставятся;;водопровод;;2.0;"СП 42.13330.2016, п. 9.6, табл. 9.1; ППМ 743-ПП, табл. 3.6.1"
water_pipeline_014;запрет посадки;кустарник;;;;;;;;;полоса вокруг объекта «водопровод», где кустарники не ставятся;;водопровод;;0.0;"СП 42.13330.2016, п. 9.6, табл. 9.1; ППМ 743-ПП, табл. 3.6.1"
water_pipeline_015;запрет посадки;дерево;;;;;;;;;полоса вокруг объекта «водопровод», где деревья не ставятся;;водопровод;;2.0;"СП 42.13330.2016, п. 9.6, табл. 9.1; ППМ 743-ПП, табл. 3.6.1"
water_pipeline_015;запрет посадки;кустарник;;;;;;;;;полоса вокруг объекта «водопровод», где кустарники не ставятся;;водопровод;;0.0;"СП 42.13330.2016, п. 9.6, табл. 9.1; ППМ 743-ПП, табл. 3.6.1"
water_pipeline_016;запрет посадки;дерево;;;;;;;;;полоса вокруг объекта «водопровод», где деревья не ставятся;;водопровод;;2.0;"СП 42.13330.2016, п. 9.6, табл. 9.1; ППМ 743-ПП, табл. 3.6.1"
water_pipeline_016;запрет посадки;кустарник;;;;;;;;;полоса вокруг объекта «водопровод», где кустарники не ставятся;;водопровод;;0.0;"СП 42.13330.2016, п. 9.6, табл. 9.1; ППМ 743-ПП, табл. 3.6.1"
water_pipeline_017;запрет посадки;дерево;;;;;;;;;полоса вокруг объекта «водопровод», где деревья не ставятся;;водопровод;;2.0;"СП 42.13330.2016, п. 9.6, табл. 9.1; ППМ 743-ПП, табл. 3.6.1"
water_pipeline_017;запрет посадки;кустарник;;;;;;;;;полоса вокруг объекта «водопровод», где кустарники не ставятся;;водопровод;;0.0;"СП 42.13330.2016, п. 9.6, табл. 9.1; ППМ 743-ПП, табл. 3.6.1"
water_pipeline_018;запрет посадки;дерево;;;;;;;;;полоса вокруг объекта «водопровод», где деревья не ставятся;;водопровод;;2.0;"СП 42.13330.2016, п. 9.6, табл. 9.1; ППМ 743-ПП, табл. 3.6.1"
water_pipeline_018;запрет посадки;кустарник;;;;;;;;;полоса вокруг объекта «водопровод», где кустарники не ставятся;;водопровод;;0.0;"СП 42.13330.2016, п. 9.6, табл. 9.1; ППМ 743-ПП, табл. 3.6.1"
water_pipeline_019;запрет посадки;дерево;;;;;;;;;полоса вокруг объекта «водопровод», где деревья не ставятся;;водопровод;;2.0;"СП 42.13330.2016, п. 9.6, табл. 9.1; ППМ 743-ПП, табл. 3.6.1"
water_pipeline_019;запрет посадки;кустарник;;;;;;;;;полоса вокруг объекта «водопровод», где кустарники не ставятся;;водопровод;;0.0;"СП 42.13330.2016, п. 9.6, табл. 9.1; ППМ 743-ПП, табл. 3.6.1"
water_pipeline_020;запрет посадки;дерево;;;;;;;;;полоса вокруг объекта «водопровод», где деревья не ставятся;;водопровод;;2.0;"СП 42.13330.2016, п. 9.6, табл. 9.1; ППМ 743-ПП, табл. 3.6.1"
water_pipeline_020;запрет посадки;кустарник;;;;;;;;;полоса вокруг объекта «водопровод», где кустарники не ставятся;;водопровод;;0.0;"СП 42.13330.2016, п. 9.6, табл. 9.1; ППМ 743-ПП, табл. 3.6.1"
water_pipeline_021;запрет посадки;дерево;;;;;;;;;полоса вокруг объекта «водопровод», где деревья не ставятся;;водопровод;;2.0;"СП 42.13330.2016, п. 9.6, табл. 9.1; ППМ 743-ПП, табл. 3.6.1"
water_pipeline_021;запрет посадки;кустарник;;;;;;;;;полоса вокруг объекта «водопровод», где кустарники не ставятся;;водопровод;;0.0;"СП 42.13330.2016, п. 9.6, табл. 9.1; ППМ 743-ПП, табл. 3.6.1"
water_pipeline_022;запрет посадки;дерево;;;;;;;;;полоса вокруг объекта «водопровод», где деревья не ставятся;;водопровод;;2.0;"СП 42.13330.2016, п. 9.6, табл. 9.1; ППМ 743-ПП, табл. 3.6.1"
water_pipeline_022;запрет посадки;кустарник;;;;;;;;;полоса вокруг объекта «водопровод», где кустарники не ставятся;;водопровод;;0.0;"СП 42.13330.2016, п. 9.6, табл. 9.1; ППМ 743-ПП, табл. 3.6.1"
water_pipeline_023;запрет посадки;дерево;;;;;;;;;полоса вокруг объекта «водопровод», где деревья не ставятся;;водопровод;;2.0;"СП 42.13330.2016, п. 9.6, табл. 9.1; ППМ 743-ПП, табл. 3.6.1"
water_pipeline_023;запрет посадки;кустарник;;;;;;;;;полоса вокруг объекта «водопровод», где кустарники не ставятся;;водопровод;;0.0;"СП 42.13330.2016, п. 9.6, табл. 9.1; ППМ 743-ПП, табл. 3.6.1"
water_pipeline_024;запрет посадки;дерево;;;;;;;;;полоса вокруг объекта «водопровод», где деревья не ставятся;;водопровод;;2.0;"СП 42.13330.2016, п. 9.6, табл. 9.1; ППМ 743-ПП, табл. 3.6.1"
water_pipeline_024;запрет посадки;кустарник;;;;;;;;;полоса вокруг объекта «водопровод», где кустарники не ставятся;;водопровод;;0.0;"СП 42.13330.2016, п. 9.6, табл. 9.1; ППМ 743-ПП, табл. 3.6.1"
water_pipeline_025;запрет посадки;дерево;;;;;;;;;полоса вокруг объекта «водопровод», где деревья не ставятся;;водопровод;;2.0;"СП 42.13330.2016, п. 9.6, табл. 9.1; ППМ 743-ПП, табл. 3.6.1"
water_pipeline_025;запрет посадки;кустарник;;;;;;;;;полоса вокруг объекта «водопровод», где кустарники не ставятся;;водопровод;;0.0;"СП 42.13330.2016, п. 9.6, табл. 9.1; ППМ 743-ПП, табл. 3.6.1"
water_pipeline_026;запрет посадки;дерево;;;;;;;;;полоса вокруг объекта «водопровод», где деревья не ставятся;;водопровод;;2.0;"СП 42.13330.2016, п. 9.6, табл. 9.1; ППМ 743-ПП, табл. 3.6.1"
water_pipeline_026;запрет посадки;кустарник;;;;;;;;;полоса вокруг объекта «водопровод», где кустарники не ставятся;;водопровод;;0.0;"СП 42.13330.2016, п. 9.6, табл. 9.1; ППМ 743-ПП, табл. 3.6.1"
water_pipeline_027;запрет посадки;дерево;;;;;;;;;полоса вокруг объекта «водопровод», где деревья не ставятся;;водопровод;;2.0;"СП 42.13330.2016, п. 9.6, табл. 9.1; ППМ 743-ПП, табл. 3.6.1"
water_pipeline_027;запрет посадки;кустарник;;;;;;;;;полоса вокруг объекта «водопровод», где кустарники не ставятся;;водопровод;;0.0;"СП 42.13330.2016, п. 9.6, табл. 9.1; ППМ 743-ПП, табл. 3.6.1"
water_pipeline_028;запрет посадки;дерево;;;;;;;;;полоса вокруг объекта «водопровод», где деревья не ставятся;;водопровод;;2.0;"СП 42.13330.2016, п. 9.6, табл. 9.1; ППМ 743-ПП, табл. 3.6.1"
water_pipeline_028;запрет посадки;кустарник;;;;;;;;;полоса вокруг объекта «водопровод», где кустарники не ставятся;;водопровод;;0.0;"СП 42.13330.2016, п. 9.6, табл. 9.1; ППМ 743-ПП, табл. 3.6.1"
water_pipeline_029;запрет посадки;дерево;;;;;;;;;полоса вокруг объекта «водопровод», где деревья не ставятся;;водопровод;;2.0;"СП 42.13330.2016, п. 9.6, табл. 9.1; ППМ 743-ПП, табл. 3.6.1"
water_pipeline_029;запрет посадки;кустарник;;;;;;;;;полоса вокруг объекта «водопровод», где кустарники не ставятся;;водопровод;;0.0;"СП 42.13330.2016, п. 9.6, табл. 9.1; ППМ 743-ПП, табл. 3.6.1"
water_pipeline_030;запрет посадки;дерево;;;;;;;;;полоса вокруг объекта «водопровод», где деревья не ставятся;;водопровод;;2.0;"СП 42.13330.2016, п. 9.6, табл. 9.1; ППМ 743-ПП, табл. 3.6.1"
water_pipeline_030;запрет посадки;кустарник;;;;;;;;;полоса вокруг объекта «водопровод», где кустарники не ставятся;;водопровод;;0.0;"СП 42.13330.2016, п. 9.6, табл. 9.1; ППМ 743-ПП, табл. 3.6.1"
water_pipeline_031;запрет посадки;дерево;;;;;;;;;полоса вокруг объекта «водопровод», где деревья не ставятся;;водопровод;;2.0;"СП 42.13330.2016, п. 9.6, табл. 9.1; ППМ 743-ПП, табл. 3.6.1"
water_pipeline_031;запрет посадки;кустарник;;;;;;;;;полоса вокруг объекта «водопровод», где кустарники не ставятся;;водопровод;;0.0;"СП 42.13330.2016, п. 9.6, табл. 9.1; ППМ 743-ПП, табл. 3.6.1"
water_pipeline_032;запрет посадки;дерево;;;;;;;;;полоса вокруг объекта «водопровод», где деревья не ставятся;;водопровод;;2.0;"СП 42.13330.2016, п. 9.6, табл. 9.1; ППМ 743-ПП, табл. 3.6.1"
water_pipeline_032;запрет посадки;кустарник;;;;;;;;;полоса вокруг объекта «водопровод», где кустарники не ставятся;;водопровод;;0.0;"СП 42.13330.2016, п. 9.6, табл. 9.1; ППМ 743-ПП, табл. 3.6.1"
water_pipeline_033;запрет посадки;дерево;;;;;;;;;полоса вокруг объекта «водопровод», где деревья не ставятся;;водопровод;;2.0;"СП 42.13330.2016, п. 9.6, табл. 9.1; ППМ 743-ПП, табл. 3.6.1"
water_pipeline_033;запрет посадки;кустарник;;;;;;;;;полоса вокруг объекта «водопровод», где кустарники не ставятся;;водопровод;;0.0;"СП 42.13330.2016, п. 9.6, табл. 9.1; ППМ 743-ПП, табл. 3.6.1"
water_pipeline_034;запрет посадки;дерево;;;;;;;;;полоса вокруг объекта «водопровод», где деревья не ставятся;;водопровод;;2.0;"СП 42.13330.2016, п. 9.6, табл. 9.1; ППМ 743-ПП, табл. 3.6.1"
water_pipeline_034;запрет посадки;кустарник;;;;;;;;;полоса вокруг объекта «водопровод», где кустарники не ставятся;;водопровод;;0.0;"СП 42.13330.2016, п. 9.6, табл. 9.1; ППМ 743-ПП, табл. 3.6.1"
water_pipeline_035;запрет посадки;дерево;;;;;;;;;полоса вокруг объекта «водопровод», где деревья не ставятся;;водопровод;;2.0;"СП 42.13330.2016, п. 9.6, табл. 9.1; ППМ 743-ПП, табл. 3.6.1"
water_pipeline_035;запрет посадки;кустарник;;;;;;;;;полоса вокруг объекта «водопровод», где кустарники не ставятся;;водопровод;;0.0;"СП 42.13330.2016, п. 9.6, табл. 9.1; ППМ 743-ПП, табл. 3.6.1"
water_pipeline_036;запрет посадки;дерево;;;;;;;;;полоса вокруг объекта «водопровод», где деревья не ставятся;;водопровод;;2.0;"СП 42.13330.2016, п. 9.6, табл. 9.1; ППМ 743-ПП, табл. 3.6.1"
water_pipeline_036;запрет посадки;кустарник;;;;;;;;;полоса вокруг объекта «водопровод», где кустарники не ставятся;;водопровод;;0.0;"СП 42.13330.2016, п. 9.6, табл. 9.1; ППМ 743-ПП, табл. 3.6.1"
water_pipeline_037;запрет посадки;дерево;;;;;;;;;полоса вокруг объекта «водопровод», где деревья не ставятся;;водопровод;;2.0;"СП 42.13330.2016, п. 9.6, табл. 9.1; ППМ 743-ПП, табл. 3.6.1"
water_pipeline_037;запрет посадки;кустарник;;;;;;;;;полоса вокруг объекта «водопровод», где кустарники не ставятся;;водопровод;;0.0;"СП 42.13330.2016, п. 9.6, табл. 9.1; ППМ 743-ПП, табл. 3.6.1"
water_pipeline_038;запрет посадки;дерево;;;;;;;;;полоса вокруг объекта «водопровод», где деревья не ставятся;;водопровод;;2.0;"СП 42.13330.2016, п. 9.6, табл. 9.1; ППМ 743-ПП, табл. 3.6.1"
water_pipeline_038;запрет посадки;кустарник;;;;;;;;;полоса вокруг объекта «водопровод», где кустарники не ставятся;;водопровод;;0.0;"СП 42.13330.2016, п. 9.6, табл. 9.1; ППМ 743-ПП, табл. 3.6.1"
water_pipeline_039;запрет посадки;дерево;;;;;;;;;полоса вокруг объекта «водопровод», где деревья не ставятся;;водопровод;;2.0;"СП 42.13330.2016, п. 9.6, табл. 9.1; ППМ 743-ПП, табл. 3.6.1"
water_pipeline_039;запрет посадки;кустарник;;;;;;;;;полоса вокруг объекта «водопровод», где кустарники не ставятся;;водопровод;;0.0;"СП 42.13330.2016, п. 9.6, табл. 9.1; ППМ 743-ПП, табл. 3.6.1"
water_pipeline_040;запрет посадки;дерево;;;;;;;;;полоса вокруг объекта «водопровод», где деревья не ставятся;;водопровод;;2.0;"СП 42.13330.2016, п. 9.6, табл. 9.1; ППМ 743-ПП, табл. 3.6.1"
water_pipeline_040;запрет посадки;кустарник;;;;;;;;;полоса вокруг объекта «водопровод», где кустарники не ставятся;;водопровод;;0.0;"СП 42.13330.2016, п. 9.6, табл. 9.1; ППМ 743-ПП, табл. 3.6.1"
water_pipeline_041;запрет посадки;дерево;;;;;;;;;полоса вокруг объекта «водопровод», где деревья не ставятся;;водопровод;;2.0;"СП 42.13330.2016, п. 9.6, табл. 9.1; ППМ 743-ПП, табл. 3.6.1"
water_pipeline_041;запрет посадки;кустарник;;;;;;;;;полоса вокруг объекта «водопровод», где кустарники не ставятся;;водопровод;;0.0;"СП 42.13330.2016, п. 9.6, табл. 9.1; ППМ 743-ПП, табл. 3.6.1"
water_pipeline_042;запрет посадки;дерево;;;;;;;;;полоса вокруг объекта «водопровод», где деревья не ставятся;;водопровод;;2.0;"СП 42.13330.2016, п. 9.6, табл. 9.1; ППМ 743-ПП, табл. 3.6.1"
water_pipeline_042;запрет посадки;кустарник;;;;;;;;;полоса вокруг объекта «водопровод», где кустарники не ставятся;;водопровод;;0.0;"СП 42.13330.2016, п. 9.6, табл. 9.1; ППМ 743-ПП, табл. 3.6.1"
water_pipeline_043;запрет посадки;дерево;;;;;;;;;полоса вокруг объекта «водопровод», где деревья не ставятся;;водопровод;;2.0;"СП 42.13330.2016, п. 9.6, табл. 9.1; ППМ 743-ПП, табл. 3.6.1"
water_pipeline_043;запрет посадки;кустарник;;;;;;;;;полоса вокруг объекта «водопровод», где кустарники не ставятся;;водопровод;;0.0;"СП 42.13330.2016, п. 9.6, табл. 9.1; ППМ 743-ПП, табл. 3.6.1"
water_pipeline_044;запрет посадки;дерево;;;;;;;;;полоса вокруг объекта «водопровод», где деревья не ставятся;;водопровод;;2.0;"СП 42.13330.2016, п. 9.6, табл. 9.1; ППМ 743-ПП, табл. 3.6.1"
water_pipeline_044;запрет посадки;кустарник;;;;;;;;;полоса вокруг объекта «водопровод», где кустарники не ставятся;;водопровод;;0.0;"СП 42.13330.2016, п. 9.6, табл. 9.1; ППМ 743-ПП, табл. 3.6.1"
water_pipeline_045;запрет посадки;дерево;;;;;;;;;полоса вокруг объекта «водопровод», где деревья не ставятся;;водопровод;;2.0;"СП 42.13330.2016, п. 9.6, табл. 9.1; ППМ 743-ПП, табл. 3.6.1"
water_pipeline_045;запрет посадки;кустарник;;;;;;;;;полоса вокруг объекта «водопровод», где кустарники не ставятся;;водопровод;;0.0;"СП 42.13330.2016, п. 9.6, табл. 9.1; ППМ 743-ПП, табл. 3.6.1"
water_pipeline_046;запрет посадки;дерево;;;;;;;;;полоса вокруг объекта «водопровод», где деревья не ставятся;;водопровод;;2.0;"СП 42.13330.2016, п. 9.6, табл. 9.1; ППМ 743-ПП, табл. 3.6.1"
water_pipeline_046;запрет посадки;кустарник;;;;;;;;;полоса вокруг объекта «водопровод», где кустарники не ставятся;;водопровод;;0.0;"СП 42.13330.2016, п. 9.6, табл. 9.1; ППМ 743-ПП, табл. 3.6.1"
water_pipeline_047;запрет посадки;дерево;;;;;;;;;полоса вокруг объекта «водопровод», где деревья не ставятся;;водопровод;;2.0;"СП 42.13330.2016, п. 9.6, табл. 9.1; ППМ 743-ПП, табл. 3.6.1"
water_pipeline_047;запрет посадки;кустарник;;;;;;;;;полоса вокруг объекта «водопровод», где кустарники не ставятся;;водопровод;;0.0;"СП 42.13330.2016, п. 9.6, табл. 9.1; ППМ 743-ПП, табл. 3.6.1"
water_pipeline_048;запрет посадки;дерево;;;;;;;;;полоса вокруг объекта «водопровод», где деревья не ставятся;;водопровод;;2.0;"СП 42.13330.2016, п. 9.6, табл. 9.1; ППМ 743-ПП, табл. 3.6.1"
water_pipeline_048;запрет посадки;кустарник;;;;;;;;;полоса вокруг объекта «водопровод», где кустарники не ставятся;;водопровод;;0.0;"СП 42.13330.2016, п. 9.6, табл. 9.1; ППМ 743-ПП, табл. 3.6.1"
water_pipeline_049;запрет посадки;дерево;;;;;;;;;полоса вокруг объекта «водопровод», где деревья не ставятся;;водопровод;;2.0;"СП 42.13330.2016, п. 9.6, табл. 9.1; ППМ 743-ПП, табл. 3.6.1"
water_pipeline_049;запрет посадки;кустарник;;;;;;;;;полоса вокруг объекта «водопровод», где кустарники не ставятся;;водопровод;;0.0;"СП 42.13330.2016, п. 9.6, табл. 9.1; ППМ 743-ПП, табл. 3.6.1"
water_pipeline_050;запрет посадки;дерево;;;;;;;;;полоса вокруг объекта «водопровод», где деревья не ставятся;;водопровод;;2.0;"СП 42.13330.2016, п. 9.6, табл. 9.1; ППМ 743-ПП, табл. 3.6.1"
water_pipeline_050;запрет посадки;кустарник;;;;;;;;;полоса вокруг объекта «водопровод», где кустарники не ставятся;;водопровод;;0.0;"СП 42.13330.2016, п. 9.6, табл. 9.1; ППМ 743-ПП, табл. 3.6.1"
water_pipeline_051;запрет посадки;дерево;;;;;;;;;полоса вокруг объекта «водопровод», где деревья не ставятся;;водопровод;;2.0;"СП 42.13330.2016, п. 9.6, табл. 9.1; ППМ 743-ПП, табл. 3.6.1"
water_pipeline_051;запрет посадки;кустарник;;;;;;;;;полоса вокруг объекта «водопровод», где кустарники не ставятся;;водопровод;;0.0;"СП 42.13330.2016, п. 9.6, табл. 9.1; ППМ 743-ПП, табл. 3.6.1"
water_pipeline_052;запрет посадки;дерево;;;;;;;;;полоса вокруг объекта «водопровод», где деревья не ставятся;;водопровод;;2.0;"СП 42.13330.2016, п. 9.6, табл. 9.1; ППМ 743-ПП, табл. 3.6.1"
water_pipeline_052;запрет посадки;кустарник;;;;;;;;;полоса вокруг объекта «водопровод», где кустарники не ставятся;;водопровод;;0.0;"СП 42.13330.2016, п. 9.6, табл. 9.1; ППМ 743-ПП, табл. 3.6.1"
water_pipeline_053;запрет посадки;дерево;;;;;;;;;полоса вокруг объекта «водопровод», где деревья не ставятся;;водопровод;;2.0;"СП 42.13330.2016, п. 9.6, табл. 9.1; ППМ 743-ПП, табл. 3.6.1"
water_pipeline_053;запрет посадки;кустарник;;;;;;;;;полоса вокруг объекта «водопровод», где кустарники не ставятся;;водопровод;;0.0;"СП 42.13330.2016, п. 9.6, табл. 9.1; ППМ 743-ПП, табл. 3.6.1"
water_pipeline_054;запрет посадки;дерево;;;;;;;;;полоса вокруг объекта «водопровод», где деревья не ставятся;;водопровод;;2.0;"СП 42.13330.2016, п. 9.6, табл. 9.1; ППМ 743-ПП, табл. 3.6.1"
water_pipeline_054;запрет посадки;кустарник;;;;;;;;;полоса вокруг объекта «водопровод», где кустарники не ставятся;;водопровод;;0.0;"СП 42.13330.2016, п. 9.6, табл. 9.1; ППМ 743-ПП, табл. 3.6.1"
water_pipeline_055;запрет посадки;дерево;;;;;;;;;полоса вокруг объекта «водопровод», где деревья не ставятся;;водопровод;;2.0;"СП 42.13330.2016, п. 9.6, табл. 9.1; ППМ 743-ПП, табл. 3.6.1"
water_pipeline_055;запрет посадки;кустарник;;;;;;;;;полоса вокруг объекта «водопровод», где кустарники не ставятся;;водопровод;;0.0;"СП 42.13330.2016, п. 9.6, табл. 9.1; ППМ 743-ПП, табл. 3.6.1"
water_pipeline_056;запрет посадки;дерево;;;;;;;;;полоса вокруг объекта «водопровод», где деревья не ставятся;;водопровод;;2.0;"СП 42.13330.2016, п. 9.6, табл. 9.1; ППМ 743-ПП, табл. 3.6.1"
water_pipeline_056;запрет посадки;кустарник;;;;;;;;;полоса вокруг объекта «водопровод», где кустарники не ставятся;;водопровод;;0.0;"СП 42.13330.2016, п. 9.6, табл. 9.1; ППМ 743-ПП, табл. 3.6.1"
water_pipeline_057;запрет посадки;дерево;;;;;;;;;полоса вокруг объекта «водопровод», где деревья не ставятся;;водопровод;;2.0;"СП 42.13330.2016, п. 9.6, табл. 9.1; ППМ 743-ПП, табл. 3.6.1"
water_pipeline_057;запрет посадки;кустарник;;;;;;;;;полоса вокруг объекта «водопровод», где кустарники не ставятся;;водопровод;;0.0;"СП 42.13330.2016, п. 9.6, табл. 9.1; ППМ 743-ПП, табл. 3.6.1"
water_pipeline_058;запрет посадки;дерево;;;;;;;;;полоса вокруг объекта «водопровод», где деревья не ставятся;;водопровод;;2.0;"СП 42.13330.2016, п. 9.6, табл. 9.1; ППМ 743-ПП, табл. 3.6.1"
water_pipeline_058;запрет посадки;кустарник;;;;;;;;;полоса вокруг объекта «водопровод», где кустарники не ставятся;;водопровод;;0.0;"СП 42.13330.2016, п. 9.6, табл. 9.1; ППМ 743-ПП, табл. 3.6.1"
water_pipeline_059;запрет посадки;дерево;;;;;;;;;полоса вокруг объекта «водопровод», где деревья не ставятся;;водопровод;;2.0;"СП 42.13330.2016, п. 9.6, табл. 9.1; ППМ 743-ПП, табл. 3.6.1"
water_pipeline_059;запрет посадки;кустарник;;;;;;;;;полоса вокруг объекта «водопровод», где кустарники не ставятся;;водопровод;;0.0;"СП 42.13330.2016, п. 9.6, табл. 9.1; ППМ 743-ПП, табл. 3.6.1"
water_pipeline_060;запрет посадки;дерево;;;;;;;;;полоса вокруг объекта «водопровод», где деревья не ставятся;;водопровод;;2.0;"СП 42.13330.2016, п. 9.6, табл. 9.1; ППМ 743-ПП, табл. 3.6.1"
water_pipeline_060;запрет посадки;кустарник;;;;;;;;;полоса вокруг объекта «водопровод», где кустарники не ставятся;;водопровод;;0.0;"СП 42.13330.2016, п. 9.6, табл. 9.1; ППМ 743-ПП, табл. 3.6.1"
water_pipeline_061;запрет посадки;дерево;;;;;;;;;полоса вокруг объекта «водопровод», где деревья не ставятся;;водопровод;;2.0;"СП 42.13330.2016, п. 9.6, табл. 9.1; ППМ 743-ПП, табл. 3.6.1"
water_pipeline_061;запрет посадки;кустарник;;;;;;;;;полоса вокруг объекта «водопровод», где кустарники не ставятся;;водопровод;;0.0;"СП 42.13330.2016, п. 9.6, табл. 9.1; ППМ 743-ПП, табл. 3.6.1"
water_pipeline_062;запрет посадки;дерево;;;;;;;;;полоса вокруг объекта «водопровод», где деревья не ставятся;;водопровод;;2.0;"СП 42.13330.2016, п. 9.6, табл. 9.1; ППМ 743-ПП, табл. 3.6.1"
water_pipeline_062;запрет посадки;кустарник;;;;;;;;;полоса вокруг объекта «водопровод», где кустарники не ставятся;;водопровод;;0.0;"СП 42.13330.2016, п. 9.6, табл. 9.1; ППМ 743-ПП, табл. 3.6.1"
water_pipeline_063;запрет посадки;дерево;;;;;;;;;полоса вокруг объекта «водопровод», где деревья не ставятся;;водопровод;;2.0;"СП 42.13330.2016, п. 9.6, табл. 9.1; ППМ 743-ПП, табл. 3.6.1"
water_pipeline_063;запрет посадки;кустарник;;;;;;;;;полоса вокруг объекта «водопровод», где кустарники не ставятся;;водопровод;;0.0;"СП 42.13330.2016, п. 9.6, табл. 9.1; ППМ 743-ПП, табл. 3.6.1"
water_pipeline_064;запрет посадки;дерево;;;;;;;;;полоса вокруг объекта «водопровод», где деревья не ставятся;;водопровод;;2.0;"СП 42.13330.2016, п. 9.6, табл. 9.1; ППМ 743-ПП, табл. 3.6.1"
water_pipeline_064;запрет посадки;кустарник;;;;;;;;;полоса вокруг объекта «водопровод», где кустарники не ставятся;;водопровод;;0.0;"СП 42.13330.2016, п. 9.6, табл. 9.1; ППМ 743-ПП, табл. 3.6.1"
water_pipeline_065;запрет посадки;дерево;;;;;;;;;полоса вокруг объекта «водопровод», где деревья не ставятся;;водопровод;;2.0;"СП 42.13330.2016, п. 9.6, табл. 9.1; ППМ 743-ПП, табл. 3.6.1"
water_pipeline_065;запрет посадки;кустарник;;;;;;;;;полоса вокруг объекта «водопровод», где кустарники не ставятся;;водопровод;;0.0;"СП 42.13330.2016, п. 9.6, табл. 9.1; ППМ 743-ПП, табл. 3.6.1"
water_pipeline_066;запрет посадки;дерево;;;;;;;;;полоса вокруг объекта «водопровод», где деревья не ставятся;;водопровод;;2.0;"СП 42.13330.2016, п. 9.6, табл. 9.1; ППМ 743-ПП, табл. 3.6.1"
water_pipeline_066;запрет посадки;кустарник;;;;;;;;;полоса вокруг объекта «водопровод», где кустарники не ставятся;;водопровод;;0.0;"СП 42.13330.2016, п. 9.6, табл. 9.1; ППМ 743-ПП, табл. 3.6.1"
water_pipeline_067;запрет посадки;дерево;;;;;;;;;полоса вокруг объекта «водопровод», где деревья не ставятся;;водопровод;;2.0;"СП 42.13330.2016, п. 9.6, табл. 9.1; ППМ 743-ПП, табл. 3.6.1"
water_pipeline_067;запрет посадки;кустарник;;;;;;;;;полоса вокруг объекта «водопровод», где кустарники не ставятся;;водопровод;;0.0;"СП 42.13330.2016, п. 9.6, табл. 9.1; ППМ 743-ПП, табл. 3.6.1"
water_pipeline_068;запрет посадки;дерево;;;;;;;;;полоса вокруг объекта «водопровод», где деревья не ставятся;;водопровод;;2.0;"СП 42.13330.2016, п. 9.6, табл. 9.1; ППМ 743-ПП, табл. 3.6.1"
water_pipeline_068;запрет посадки;кустарник;;;;;;;;;полоса вокруг объекта «водопровод», где кустарники не ставятся;;водопровод;;0.0;"СП 42.13330.2016, п. 9.6, табл. 9.1; ППМ 743-ПП, табл. 3.6.1"
water_pipeline_069;запрет посадки;дерево;;;;;;;;;полоса вокруг объекта «водопровод», где деревья не ставятся;;водопровод;;2.0;"СП 42.13330.2016, п. 9.6, табл. 9.1; ППМ 743-ПП, табл. 3.6.1"
water_pipeline_069;запрет посадки;кустарник;;;;;;;;;полоса вокруг объекта «водопровод», где кустарники не ставятся;;водопровод;;0.0;"СП 42.13330.2016, п. 9.6, табл. 9.1; ППМ 743-ПП, табл. 3.6.1"
water_pipeline_070;запрет посадки;дерево;;;;;;;;;полоса вокруг объекта «водопровод», где деревья не ставятся;;водопровод;;2.0;"СП 42.13330.2016, п. 9.6, табл. 9.1; ППМ 743-ПП, табл. 3.6.1"
water_pipeline_070;запрет посадки;кустарник;;;;;;;;;полоса вокруг объекта «водопровод», где кустарники не ставятся;;водопровод;;0.0;"СП 42.13330.2016, п. 9.6, табл. 9.1; ППМ 743-ПП, табл. 3.6.1"
water_pipeline_071;запрет посадки;дерево;;;;;;;;;полоса вокруг объекта «водопровод», где деревья не ставятся;;водопровод;;2.0;"СП 42.13330.2016, п. 9.6, табл. 9.1; ППМ 743-ПП, табл. 3.6.1"
water_pipeline_071;запрет посадки;кустарник;;;;;;;;;полоса вокруг объекта «водопровод», где кустарники не ставятся;;водопровод;;0.0;"СП 42.13330.2016, п. 9.6, табл. 9.1; ППМ 743-ПП, табл. 3.6.1"
water_pipeline_072;запрет посадки;дерево;;;;;;;;;полоса вокруг объекта «водопровод», где деревья не ставятся;;водопровод;;2.0;"СП 42.13330.2016, п. 9.6, табл. 9.1; ППМ 743-ПП, табл. 3.6.1"
water_pipeline_072;запрет посадки;кустарник;;;;;;;;;полоса вокруг объекта «водопровод», где кустарники не ставятся;;водопровод;;0.0;"СП 42.13330.2016, п. 9.6, табл. 9.1; ППМ 743-ПП, табл. 3.6.1"
water_pipeline_073;запрет посадки;дерево;;;;;;;;;полоса вокруг объекта «водопровод», где деревья не ставятся;;водопровод;;2.0;"СП 42.13330.2016, п. 9.6, табл. 9.1; ППМ 743-ПП, табл. 3.6.1"
water_pipeline_073;запрет посадки;кустарник;;;;;;;;;полоса вокруг объекта «водопровод», где кустарники не ставятся;;водопровод;;0.0;"СП 42.13330.2016, п. 9.6, табл. 9.1; ППМ 743-ПП, табл. 3.6.1"
water_pipeline_074;запрет посадки;дерево;;;;;;;;;полоса вокруг объекта «водопровод», где деревья не ставятся;;водопровод;;2.0;"СП 42.13330.2016, п. 9.6, табл. 9.1; ППМ 743-ПП, табл. 3.6.1"
water_pipeline_074;запрет посадки;кустарник;;;;;;;;;полоса вокруг объекта «водопровод», где кустарники не ставятся;;водопровод;;0.0;"СП 42.13330.2016, п. 9.6, табл. 9.1; ППМ 743-ПП, табл. 3.6.1"
water_pipeline_075;запрет посадки;дерево;;;;;;;;;полоса вокруг объекта «водопровод», где деревья не ставятся;;водопровод;;2.0;"СП 42.13330.2016, п. 9.6, табл. 9.1; ППМ 743-ПП, табл. 3.6.1"
water_pipeline_075;запрет посадки;кустарник;;;;;;;;;полоса вокруг объекта «водопровод», где кустарники не ставятся;;водопровод;;0.0;"СП 42.13330.2016, п. 9.6, табл. 9.1; ППМ 743-ПП, табл. 3.6.1"
water_pipeline_076;запрет посадки;дерево;;;;;;;;;полоса вокруг объекта «водопровод», где деревья не ставятся;;водопровод;;2.0;"СП 42.13330.2016, п. 9.6, табл. 9.1; ППМ 743-ПП, табл. 3.6.1"
water_pipeline_076;запрет посадки;кустарник;;;;;;;;;полоса вокруг объекта «водопровод», где кустарники не ставятся;;водопровод;;0.0;"СП 42.13330.2016, п. 9.6, табл. 9.1; ППМ 743-ПП, табл. 3.6.1"
water_pipeline_077;запрет посадки;дерево;;;;;;;;;полоса вокруг объекта «водопровод», где деревья не ставятся;;водопровод;;2.0;"СП 42.13330.2016, п. 9.6, табл. 9.1; ППМ 743-ПП, табл. 3.6.1"
water_pipeline_077;запрет посадки;кустарник;;;;;;;;;полоса вокруг объекта «водопровод», где кустарники не ставятся;;водопровод;;0.0;"СП 42.13330.2016, п. 9.6, табл. 9.1; ППМ 743-ПП, табл. 3.6.1"
water_pipeline_078;запрет посадки;дерево;;;;;;;;;полоса вокруг объекта «водопровод», где деревья не ставятся;;водопровод;;2.0;"СП 42.13330.2016, п. 9.6, табл. 9.1; ППМ 743-ПП, табл. 3.6.1"
water_pipeline_078;запрет посадки;кустарник;;;;;;;;;полоса вокруг объекта «водопровод», где кустарники не ставятся;;водопровод;;0.0;"СП 42.13330.2016, п. 9.6, табл. 9.1; ППМ 743-ПП, табл. 3.6.1"
water_pipeline_079;запрет посадки;дерево;;;;;;;;;полоса вокруг объекта «водопровод», где деревья не ставятся;;водопровод;;2.0;"СП 42.13330.2016, п. 9.6, табл. 9.1; ППМ 743-ПП, табл. 3.6.1"
water_pipeline_079;запрет посадки;кустарник;;;;;;;;;полоса вокруг объекта «водопровод», где кустарники не ставятся;;водопровод;;0.0;"СП 42.13330.2016, п. 9.6, табл. 9.1; ППМ 743-ПП, табл. 3.6.1"
water_pipeline_080;запрет посадки;дерево;;;;;;;;;полоса вокруг объекта «водопровод», где деревья не ставятся;;водопровод;;2.0;"СП 42.13330.2016, п. 9.6, табл. 9.1; ППМ 743-ПП, табл. 3.6.1"
water_pipeline_080;запрет посадки;кустарник;;;;;;;;;полоса вокруг объекта «водопровод», где кустарники не ставятся;;водопровод;;0.0;"СП 42.13330.2016, п. 9.6, табл. 9.1; ППМ 743-ПП, табл. 3.6.1"
water_pipeline_081;запрет посадки;дерево;;;;;;;;;полоса вокруг объекта «водопровод», где деревья не ставятся;;водопровод;;2.0;"СП 42.13330.2016, п. 9.6, табл. 9.1; ППМ 743-ПП, табл. 3.6.1"
water_pipeline_081;запрет посадки;кустарник;;;;;;;;;полоса вокруг объекта «водопровод», где кустарники не ставятся;;водопровод;;0.0;"СП 42.13330.2016, п. 9.6, табл. 9.1; ППМ 743-ПП, табл. 3.6.1"
water_pipeline_082;запрет посадки;дерево;;;;;;;;;полоса вокруг объекта «водопровод», где деревья не ставятся;;водопровод;;2.0;"СП 42.13330.2016, п. 9.6, табл. 9.1; ППМ 743-ПП, табл. 3.6.1"
water_pipeline_082;запрет посадки;кустарник;;;;;;;;;полоса вокруг объекта «водопровод», где кустарники не ставятся;;водопровод;;0.0;"СП 42.13330.2016, п. 9.6, табл. 9.1; ППМ 743-ПП, табл. 3.6.1"
water_pipeline_083;запрет посадки;дерево;;;;;;;;;полоса вокруг объекта «водопровод», где деревья не ставятся;;водопровод;;2.0;"СП 42.13330.2016, п. 9.6, табл. 9.1; ППМ 743-ПП, табл. 3.6.1"
water_pipeline_083;запрет посадки;кустарник;;;;;;;;;полоса вокруг объекта «водопровод», где кустарники не ставятся;;водопровод;;0.0;"СП 42.13330.2016, п. 9.6, табл. 9.1; ППМ 743-ПП, табл. 3.6.1"
water_pipeline_084;запрет посадки;дерево;;;;;;;;;полоса вокруг объекта «водопровод», где деревья не ставятся;;водопровод;;2.0;"СП 42.13330.2016, п. 9.6, табл. 9.1; ППМ 743-ПП, табл. 3.6.1"
water_pipeline_084;запрет посадки;кустарник;;;;;;;;;полоса вокруг объекта «водопровод», где кустарники не ставятся;;водопровод;;0.0;"СП 42.13330.2016, п. 9.6, табл. 9.1; ППМ 743-ПП, табл. 3.6.1"
water_pipeline_085;запрет посадки;дерево;;;;;;;;;полоса вокруг объекта «водопровод», где деревья не ставятся;;водопровод;;2.0;"СП 42.13330.2016, п. 9.6, табл. 9.1; ППМ 743-ПП, табл. 3.6.1"
water_pipeline_085;запрет посадки;кустарник;;;;;;;;;полоса вокруг объекта «водопровод», где кустарники не ставятся;;водопровод;;0.0;"СП 42.13330.2016, п. 9.6, табл. 9.1; ППМ 743-ПП, табл. 3.6.1"
water_pipeline_086;запрет посадки;дерево;;;;;;;;;полоса вокруг объекта «водопровод», где деревья не ставятся;;водопровод;;2.0;"СП 42.13330.2016, п. 9.6, табл. 9.1; ППМ 743-ПП, табл. 3.6.1"
water_pipeline_086;запрет посадки;кустарник;;;;;;;;;полоса вокруг объекта «водопровод», где кустарники не ставятся;;водопровод;;0.0;"СП 42.13330.2016, п. 9.6, табл. 9.1; ППМ 743-ПП, табл. 3.6.1"
water_pipeline_087;запрет посадки;дерево;;;;;;;;;полоса вокруг объекта «водопровод», где деревья не ставятся;;водопровод;;2.0;"СП 42.13330.2016, п. 9.6, табл. 9.1; ППМ 743-ПП, табл. 3.6.1"
water_pipeline_087;запрет посадки;кустарник;;;;;;;;;полоса вокруг объекта «водопровод», где кустарники не ставятся;;водопровод;;0.0;"СП 42.13330.2016, п. 9.6, табл. 9.1; ППМ 743-ПП, табл. 3.6.1"
water_pipeline_088;запрет посадки;дерево;;;;;;;;;полоса вокруг объекта «водопровод», где деревья не ставятся;;водопровод;;2.0;"СП 42.13330.2016, п. 9.6, табл. 9.1; ППМ 743-ПП, табл. 3.6.1"
water_pipeline_088;запрет посадки;кустарник;;;;;;;;;полоса вокруг объекта «водопровод», где кустарники не ставятся;;водопровод;;0.0;"СП 42.13330.2016, п. 9.6, табл. 9.1; ППМ 743-ПП, табл. 3.6.1"
water_pipeline_089;запрет посадки;дерево;;;;;;;;;полоса вокруг объекта «водопровод», где деревья не ставятся;;водопровод;;2.0;"СП 42.13330.2016, п. 9.6, табл. 9.1; ППМ 743-ПП, табл. 3.6.1"
water_pipeline_089;запрет посадки;кустарник;;;;;;;;;полоса вокруг объекта «водопровод», где кустарники не ставятся;;водопровод;;0.0;"СП 42.13330.2016, п. 9.6, табл. 9.1; ППМ 743-ПП, табл. 3.6.1"
water_pipeline_090;запрет посадки;дерево;;;;;;;;;полоса вокруг объекта «водопровод», где деревья не ставятся;;водопровод;;2.0;"СП 42.13330.2016, п. 9.6, табл. 9.1; ППМ 743-ПП, табл. 3.6.1"
water_pipeline_090;запрет посадки;кустарник;;;;;;;;;полоса вокруг объекта «водопровод», где кустарники не ставятся;;водопровод;;0.0;"СП 42.13330.2016, п. 9.6, табл. 9.1; ППМ 743-ПП, табл. 3.6.1"
water_pipeline_091;запрет посадки;дерево;;;;;;;;;полоса вокруг объекта «водопровод», где деревья не ставятся;;водопровод;;2.0;"СП 42.13330.2016, п. 9.6, табл. 9.1; ППМ 743-ПП, табл. 3.6.1"
water_pipeline_091;запрет посадки;кустарник;;;;;;;;;полоса вокруг объекта «водопровод», где кустарники не ставятся;;водопровод;;0.0;"СП 42.13330.2016, п. 9.6, табл. 9.1; ППМ 743-ПП, табл. 3.6.1"
water_pipeline_092;запрет посадки;дерево;;;;;;;;;полоса вокруг объекта «водопровод», где деревья не ставятся;;водопровод;;2.0;"СП 42.13330.2016, п. 9.6, табл. 9.1; ППМ 743-ПП, табл. 3.6.1"
water_pipeline_092;запрет посадки;кустарник;;;;;;;;;полоса вокруг объекта «водопровод», где кустарники не ставятся;;водопровод;;0.0;"СП 42.13330.2016, п. 9.6, табл. 9.1; ППМ 743-ПП, табл. 3.6.1"
water_pipeline_093;запрет посадки;дерево;;;;;;;;;полоса вокруг объекта «водопровод», где деревья не ставятся;;водопровод;;2.0;"СП 42.13330.2016, п. 9.6, табл. 9.1; ППМ 743-ПП, табл. 3.6.1"
water_pipeline_093;запрет посадки;кустарник;;;;;;;;;полоса вокруг объекта «водопровод», где кустарники не ставятся;;водопровод;;0.0;"СП 42.13330.2016, п. 9.6, табл. 9.1; ППМ 743-ПП, табл. 3.6.1"
water_pipeline_094;запрет посадки;дерево;;;;;;;;;полоса вокруг объекта «водопровод», где деревья не ставятся;;водопровод;;2.0;"СП 42.13330.2016, п. 9.6, табл. 9.1; ППМ 743-ПП, табл. 3.6.1"
water_pipeline_094;запрет посадки;кустарник;;;;;;;;;полоса вокруг объекта «водопровод», где кустарники не ставятся;;водопровод;;0.0;"СП 42.13330.2016, п. 9.6, табл. 9.1; ППМ 743-ПП, табл. 3.6.1"
water_pipeline_095;запрет посадки;дерево;;;;;;;;;полоса вокруг объекта «водопровод», где деревья не ставятся;;водопровод;;2.0;"СП 42.13330.2016, п. 9.6, табл. 9.1; ППМ 743-ПП, табл. 3.6.1"
water_pipeline_095;запрет посадки;кустарник;;;;;;;;;полоса вокруг объекта «водопровод», где кустарники не ставятся;;водопровод;;0.0;"СП 42.13330.2016, п. 9.6, табл. 9.1; ППМ 743-ПП, табл. 3.6.1"
water_pipeline_096;запрет посадки;дерево;;;;;;;;;полоса вокруг объекта «водопровод», где деревья не ставятся;;водопровод;;2.0;"СП 42.13330.2016, п. 9.6, табл. 9.1; ППМ 743-ПП, табл. 3.6.1"
water_pipeline_096;запрет посадки;кустарник;;;;;;;;;полоса вокруг объекта «водопровод», где кустарники не ставятся;;водопровод;;0.0;"СП 42.13330.2016, п. 9.6, табл. 9.1; ППМ 743-ПП, табл. 3.6.1"
water_pipeline_097;запрет посадки;дерево;;;;;;;;;полоса вокруг объекта «водопровод», где деревья не ставятся;;водопровод;;2.0;"СП 42.13330.2016, п. 9.6, табл. 9.1; ППМ 743-ПП, табл. 3.6.1"
water_pipeline_097;запрет посадки;кустарник;;;;;;;;;полоса вокруг объекта «водопровод», где кустарники не ставятся;;водопровод;;0.0;"СП 42.13330.2016, п. 9.6, табл. 9.1; ППМ 743-ПП, табл. 3.6.1"
water_pipeline_098;запрет посадки;дерево;;;;;;;;;полоса вокруг объекта «водопровод», где деревья не ставятся;;водопровод;;2.0;"СП 42.13330.2016, п. 9.6, табл. 9.1; ППМ 743-ПП, табл. 3.6.1"
water_pipeline_098;запрет посадки;кустарник;;;;;;;;;полоса вокруг объекта «водопровод», где кустарники не ставятся;;водопровод;;0.0;"СП 42.13330.2016, п. 9.6, табл. 9.1; ППМ 743-ПП, табл. 3.6.1"
water_pipeline_099;запрет посадки;дерево;;;;;;;;;полоса вокруг объекта «водопровод», где деревья не ставятся;;водопровод;;2.0;"СП 42.13330.2016, п. 9.6, табл. 9.1; ППМ 743-ПП, табл. 3.6.1"
water_pipeline_099;запрет посадки;кустарник;;;;;;;;;полоса вокруг объекта «водопровод», где кустарники не ставятся;;водопровод;;0.0;"СП 42.13330.2016, п. 9.6, табл. 9.1; ППМ 743-ПП, табл. 3.6.1"
water_pipeline_100;запрет посадки;дерево;;;;;;;;;полоса вокруг объекта «водопровод», где деревья не ставятся;;водопровод;;2.0;"СП 42.13330.2016, п. 9.6, табл. 9.1; ППМ 743-ПП, табл. 3.6.1"
water_pipeline_100;запрет посадки;кустарник;;;;;;;;;полоса вокруг объекта «водопровод», где кустарники не ставятся;;водопровод;;0.0;"СП 42.13330.2016, п. 9.6, табл. 9.1; ППМ 743-ПП, табл. 3.6.1"
water_pipeline_101;запрет посадки;дерево;;;;;;;;;полоса вокруг объекта «водопровод», где деревья не ставятся;;водопровод;;2.0;"СП 42.13330.2016, п. 9.6, табл. 9.1; ППМ 743-ПП, табл. 3.6.1"
water_pipeline_101;запрет посадки;кустарник;;;;;;;;;полоса вокруг объекта «водопровод», где кустарники не ставятся;;водопровод;;0.0;"СП 42.13330.2016, п. 9.6, табл. 9.1; ППМ 743-ПП, табл. 3.6.1"
water_pipeline_102;запрет посадки;дерево;;;;;;;;;полоса вокруг объекта «водопровод», где деревья не ставятся;;водопровод;;2.0;"СП 42.13330.2016, п. 9.6, табл. 9.1; ППМ 743-ПП, табл. 3.6.1"
water_pipeline_102;запрет посадки;кустарник;;;;;;;;;полоса вокруг объекта «водопровод», где кустарники не ставятся;;водопровод;;0.0;"СП 42.13330.2016, п. 9.6, табл. 9.1; ППМ 743-ПП, табл. 3.6.1"
water_pipeline_103;запрет посадки;дерево;;;;;;;;;полоса вокруг объекта «водопровод», где деревья не ставятся;;водопровод;;2.0;"СП 42.13330.2016, п. 9.6, табл. 9.1; ППМ 743-ПП, табл. 3.6.1"
water_pipeline_103;запрет посадки;кустарник;;;;;;;;;полоса вокруг объекта «водопровод», где кустарники не ставятся;;водопровод;;0.0;"СП 42.13330.2016, п. 9.6, табл. 9.1; ППМ 743-ПП, табл. 3.6.1"
water_pipeline_104;запрет посадки;дерево;;;;;;;;;полоса вокруг объекта «водопровод», где деревья не ставятся;;водопровод;;2.0;"СП 42.13330.2016, п. 9.6, табл. 9.1; ППМ 743-ПП, табл. 3.6.1"
water_pipeline_104;запрет посадки;кустарник;;;;;;;;;полоса вокруг объекта «водопровод», где кустарники не ставятся;;водопровод;;0.0;"СП 42.13330.2016, п. 9.6, табл. 9.1; ППМ 743-ПП, табл. 3.6.1"
water_pipeline_105;запрет посадки;дерево;;;;;;;;;полоса вокруг объекта «водопровод», где деревья не ставятся;;водопровод;;2.0;"СП 42.13330.2016, п. 9.6, табл. 9.1; ППМ 743-ПП, табл. 3.6.1"
water_pipeline_105;запрет посадки;кустарник;;;;;;;;;полоса вокруг объекта «водопровод», где кустарники не ставятся;;водопровод;;0.0;"СП 42.13330.2016, п. 9.6, табл. 9.1; ППМ 743-ПП, табл. 3.6.1"
water_pipeline_106;запрет посадки;дерево;;;;;;;;;полоса вокруг объекта «водопровод», где деревья не ставятся;;водопровод;;2.0;"СП 42.13330.2016, п. 9.6, табл. 9.1; ППМ 743-ПП, табл. 3.6.1"
water_pipeline_106;запрет посадки;кустарник;;;;;;;;;полоса вокруг объекта «водопровод», где кустарники не ставятся;;водопровод;;0.0;"СП 42.13330.2016, п. 9.6, табл. 9.1; ППМ 743-ПП, табл. 3.6.1"
water_pipeline_107;запрет посадки;дерево;;;;;;;;;полоса вокруг объекта «водопровод», где деревья не ставятся;;водопровод;;2.0;"СП 42.13330.2016, п. 9.6, табл. 9.1; ППМ 743-ПП, табл. 3.6.1"
water_pipeline_107;запрет посадки;кустарник;;;;;;;;;полоса вокруг объекта «водопровод», где кустарники не ставятся;;водопровод;;0.0;"СП 42.13330.2016, п. 9.6, табл. 9.1; ППМ 743-ПП, табл. 3.6.1"
water_pipeline_108;запрет посадки;дерево;;;;;;;;;полоса вокруг объекта «водопровод», где деревья не ставятся;;водопровод;;2.0;"СП 42.13330.2016, п. 9.6, табл. 9.1; ППМ 743-ПП, табл. 3.6.1"
water_pipeline_108;запрет посадки;кустарник;;;;;;;;;полоса вокруг объекта «водопровод», где кустарники не ставятся;;водопровод;;0.0;"СП 42.13330.2016, п. 9.6, табл. 9.1; ППМ 743-ПП, табл. 3.6.1"
water_pipeline_109;запрет посадки;дерево;;;;;;;;;полоса вокруг объекта «водопровод», где деревья не ставятся;;водопровод;;2.0;"СП 42.13330.2016, п. 9.6, табл. 9.1; ППМ 743-ПП, табл. 3.6.1"
water_pipeline_109;запрет посадки;кустарник;;;;;;;;;полоса вокруг объекта «водопровод», где кустарники не ставятся;;водопровод;;0.0;"СП 42.13330.2016, п. 9.6, табл. 9.1; ППМ 743-ПП, табл. 3.6.1"
water_pipeline_110;запрет посадки;дерево;;;;;;;;;полоса вокруг объекта «водопровод», где деревья не ставятся;;водопровод;;2.0;"СП 42.13330.2016, п. 9.6, табл. 9.1; ППМ 743-ПП, табл. 3.6.1"
water_pipeline_110;запрет посадки;кустарник;;;;;;;;;полоса вокруг объекта «водопровод», где кустарники не ставятся;;водопровод;;0.0;"СП 42.13330.2016, п. 9.6, табл. 9.1; ППМ 743-ПП, табл. 3.6.1"
water_pipeline_111;запрет посадки;дерево;;;;;;;;;полоса вокруг объекта «водопровод», где деревья не ставятся;;водопровод;;2.0;"СП 42.13330.2016, п. 9.6, табл. 9.1; ППМ 743-ПП, табл. 3.6.1"
water_pipeline_111;запрет посадки;кустарник;;;;;;;;;полоса вокруг объекта «водопровод», где кустарники не ставятся;;водопровод;;0.0;"СП 42.13330.2016, п. 9.6, табл. 9.1; ППМ 743-ПП, табл. 3.6.1"
water_pipeline_112;запрет посадки;дерево;;;;;;;;;полоса вокруг объекта «водопровод», где деревья не ставятся;;водопровод;;2.0;"СП 42.13330.2016, п. 9.6, табл. 9.1; ППМ 743-ПП, табл. 3.6.1"
water_pipeline_112;запрет посадки;кустарник;;;;;;;;;полоса вокруг объекта «водопровод», где кустарники не ставятся;;водопровод;;0.0;"СП 42.13330.2016, п. 9.6, табл. 9.1; ППМ 743-ПП, табл. 3.6.1"
water_pipeline_113;запрет посадки;дерево;;;;;;;;;полоса вокруг объекта «водопровод», где деревья не ставятся;;водопровод;;2.0;"СП 42.13330.2016, п. 9.6, табл. 9.1; ППМ 743-ПП, табл. 3.6.1"
water_pipeline_113;запрет посадки;кустарник;;;;;;;;;полоса вокруг объекта «водопровод», где кустарники не ставятся;;водопровод;;0.0;"СП 42.13330.2016, п. 9.6, табл. 9.1; ППМ 743-ПП, табл. 3.6.1"
water_pipeline_114;запрет посадки;дерево;;;;;;;;;полоса вокруг объекта «водопровод», где деревья не ставятся;;водопровод;;2.0;"СП 42.13330.2016, п. 9.6, табл. 9.1; ППМ 743-ПП, табл. 3.6.1"
water_pipeline_114;запрет посадки;кустарник;;;;;;;;;полоса вокруг объекта «водопровод», где кустарники не ставятся;;водопровод;;0.0;"СП 42.13330.2016, п. 9.6, табл. 9.1; ППМ 743-ПП, табл. 3.6.1"
water_pipeline_115;запрет посадки;дерево;;;;;;;;;полоса вокруг объекта «водопровод», где деревья не ставятся;;водопровод;;2.0;"СП 42.13330.2016, п. 9.6, табл. 9.1; ППМ 743-ПП, табл. 3.6.1"
water_pipeline_115;запрет посадки;кустарник;;;;;;;;;полоса вокруг объекта «водопровод», где кустарники не ставятся;;водопровод;;0.0;"СП 42.13330.2016, п. 9.6, табл. 9.1; ППМ 743-ПП, табл. 3.6.1"
water_pipeline_116;запрет посадки;дерево;;;;;;;;;полоса вокруг объекта «водопровод», где деревья не ставятся;;водопровод;;2.0;"СП 42.13330.2016, п. 9.6, табл. 9.1; ППМ 743-ПП, табл. 3.6.1"
water_pipeline_116;запрет посадки;кустарник;;;;;;;;;полоса вокруг объекта «водопровод», где кустарники не ставятся;;водопровод;;0.0;"СП 42.13330.2016, п. 9.6, табл. 9.1; ППМ 743-ПП, табл. 3.6.1"
water_pipeline_117;запрет посадки;дерево;;;;;;;;;полоса вокруг объекта «водопровод», где деревья не ставятся;;водопровод;;2.0;"СП 42.13330.2016, п. 9.6, табл. 9.1; ППМ 743-ПП, табл. 3.6.1"
water_pipeline_117;запрет посадки;кустарник;;;;;;;;;полоса вокруг объекта «водопровод», где кустарники не ставятся;;водопровод;;0.0;"СП 42.13330.2016, п. 9.6, табл. 9.1; ППМ 743-ПП, табл. 3.6.1"
water_pipeline_118;запрет посадки;дерево;;;;;;;;;полоса вокруг объекта «водопровод», где деревья не ставятся;;водопровод;;2.0;"СП 42.13330.2016, п. 9.6, табл. 9.1; ППМ 743-ПП, табл. 3.6.1"
water_pipeline_118;запрет посадки;кустарник;;;;;;;;;полоса вокруг объекта «водопровод», где кустарники не ставятся;;водопровод;;0.0;"СП 42.13330.2016, п. 9.6, табл. 9.1; ППМ 743-ПП, табл. 3.6.1"
water_pipeline_119;запрет посадки;дерево;;;;;;;;;полоса вокруг объекта «водопровод», где деревья не ставятся;;водопровод;;2.0;"СП 42.13330.2016, п. 9.6, табл. 9.1; ППМ 743-ПП, табл. 3.6.1"
water_pipeline_119;запрет посадки;кустарник;;;;;;;;;полоса вокруг объекта «водопровод», где кустарники не ставятся;;водопровод;;0.0;"СП 42.13330.2016, п. 9.6, табл. 9.1; ППМ 743-ПП, табл. 3.6.1"
water_pipeline_120;запрет посадки;дерево;;;;;;;;;полоса вокруг объекта «водопровод», где деревья не ставятся;;водопровод;;2.0;"СП 42.13330.2016, п. 9.6, табл. 9.1; ППМ 743-ПП, табл. 3.6.1"
water_pipeline_120;запрет посадки;кустарник;;;;;;;;;полоса вокруг объекта «водопровод», где кустарники не ставятся;;водопровод;;0.0;"СП 42.13330.2016, п. 9.6, табл. 9.1; ППМ 743-ПП, табл. 3.6.1"
water_pipeline_121;запрет посадки;дерево;;;;;;;;;полоса вокруг объекта «водопровод», где деревья не ставятся;;водопровод;;2.0;"СП 42.13330.2016, п. 9.6, табл. 9.1; ППМ 743-ПП, табл. 3.6.1"
water_pipeline_121;запрет посадки;кустарник;;;;;;;;;полоса вокруг объекта «водопровод», где кустарники не ставятся;;водопровод;;0.0;"СП 42.13330.2016, п. 9.6, табл. 9.1; ППМ 743-ПП, табл. 3.6.1"
water_pipeline_122;запрет посадки;дерево;;;;;;;;;полоса вокруг объекта «водопровод», где деревья не ставятся;;водопровод;;2.0;"СП 42.13330.2016, п. 9.6, табл. 9.1; ППМ 743-ПП, табл. 3.6.1"
water_pipeline_122;запрет посадки;кустарник;;;;;;;;;полоса вокруг объекта «водопровод», где кустарники не ставятся;;водопровод;;0.0;"СП 42.13330.2016, п. 9.6, табл. 9.1; ППМ 743-ПП, табл. 3.6.1"
water_pipeline_123;запрет посадки;дерево;;;;;;;;;полоса вокруг объекта «водопровод», где деревья не ставятся;;водопровод;;2.0;"СП 42.13330.2016, п. 9.6, табл. 9.1; ППМ 743-ПП, табл. 3.6.1"
water_pipeline_123;запрет посадки;кустарник;;;;;;;;;полоса вокруг объекта «водопровод», где кустарники не ставятся;;водопровод;;0.0;"СП 42.13330.2016, п. 9.6, табл. 9.1; ППМ 743-ПП, табл. 3.6.1"
water_pipeline_124;запрет посадки;дерево;;;;;;;;;полоса вокруг объекта «водопровод», где деревья не ставятся;;водопровод;;2.0;"СП 42.13330.2016, п. 9.6, табл. 9.1; ППМ 743-ПП, табл. 3.6.1"
water_pipeline_124;запрет посадки;кустарник;;;;;;;;;полоса вокруг объекта «водопровод», где кустарники не ставятся;;водопровод;;0.0;"СП 42.13330.2016, п. 9.6, табл. 9.1; ППМ 743-ПП, табл. 3.6.1"
water_pipeline_125;запрет посадки;дерево;;;;;;;;;полоса вокруг объекта «водопровод», где деревья не ставятся;;водопровод;;2.0;"СП 42.13330.2016, п. 9.6, табл. 9.1; ППМ 743-ПП, табл. 3.6.1"
water_pipeline_125;запрет посадки;кустарник;;;;;;;;;полоса вокруг объекта «водопровод», где кустарники не ставятся;;водопровод;;0.0;"СП 42.13330.2016, п. 9.6, табл. 9.1; ППМ 743-ПП, табл. 3.6.1"
water_pipeline_126;запрет посадки;дерево;;;;;;;;;полоса вокруг объекта «водопровод», где деревья не ставятся;;водопровод;;2.0;"СП 42.13330.2016, п. 9.6, табл. 9.1; ППМ 743-ПП, табл. 3.6.1"
water_pipeline_126;запрет посадки;кустарник;;;;;;;;;полоса вокруг объекта «водопровод», где кустарники не ставятся;;водопровод;;0.0;"СП 42.13330.2016, п. 9.6, табл. 9.1; ППМ 743-ПП, табл. 3.6.1"
water_pipeline_127;запрет посадки;дерево;;;;;;;;;полоса вокруг объекта «водопровод», где деревья не ставятся;;водопровод;;2.0;"СП 42.13330.2016, п. 9.6, табл. 9.1; ППМ 743-ПП, табл. 3.6.1"
water_pipeline_127;запрет посадки;кустарник;;;;;;;;;полоса вокруг объекта «водопровод», где кустарники не ставятся;;водопровод;;0.0;"СП 42.13330.2016, п. 9.6, табл. 9.1; ППМ 743-ПП, табл. 3.6.1"
water_pipeline_128;запрет посадки;дерево;;;;;;;;;полоса вокруг объекта «водопровод», где деревья не ставятся;;водопровод;;2.0;"СП 42.13330.2016, п. 9.6, табл. 9.1; ППМ 743-ПП, табл. 3.6.1"
water_pipeline_128;запрет посадки;кустарник;;;;;;;;;полоса вокруг объекта «водопровод», где кустарники не ставятся;;водопровод;;0.0;"СП 42.13330.2016, п. 9.6, табл. 9.1; ППМ 743-ПП, табл. 3.6.1"
water_pipeline_129;запрет посадки;дерево;;;;;;;;;полоса вокруг объекта «водопровод», где деревья не ставятся;;водопровод;;2.0;"СП 42.13330.2016, п. 9.6, табл. 9.1; ППМ 743-ПП, табл. 3.6.1"
water_pipeline_129;запрет посадки;кустарник;;;;;;;;;полоса вокруг объекта «водопровод», где кустарники не ставятся;;водопровод;;0.0;"СП 42.13330.2016, п. 9.6, табл. 9.1; ППМ 743-ПП, табл. 3.6.1"
water_pipeline_130;запрет посадки;дерево;;;;;;;;;полоса вокруг объекта «водопровод», где деревья не ставятся;;водопровод;;2.0;"СП 42.13330.2016, п. 9.6, табл. 9.1; ППМ 743-ПП, табл. 3.6.1"
water_pipeline_130;запрет посадки;кустарник;;;;;;;;;полоса вокруг объекта «водопровод», где кустарники не ставятся;;водопровод;;0.0;"СП 42.13330.2016, п. 9.6, табл. 9.1; ППМ 743-ПП, табл. 3.6.1"
water_pipeline_131;запрет посадки;дерево;;;;;;;;;полоса вокруг объекта «водопровод», где деревья не ставятся;;водопровод;;2.0;"СП 42.13330.2016, п. 9.6, табл. 9.1; ППМ 743-ПП, табл. 3.6.1"
water_pipeline_131;запрет посадки;кустарник;;;;;;;;;полоса вокруг объекта «водопровод», где кустарники не ставятся;;водопровод;;0.0;"СП 42.13330.2016, п. 9.6, табл. 9.1; ППМ 743-ПП, табл. 3.6.1"
water_pipeline_132;запрет посадки;дерево;;;;;;;;;полоса вокруг объекта «водопровод», где деревья не ставятся;;водопровод;;2.0;"СП 42.13330.2016, п. 9.6, табл. 9.1; ППМ 743-ПП, табл. 3.6.1"
water_pipeline_132;запрет посадки;кустарник;;;;;;;;;полоса вокруг объекта «водопровод», где кустарники не ставятся;;водопровод;;0.0;"СП 42.13330.2016, п. 9.6, табл. 9.1; ППМ 743-ПП, табл. 3.6.1"
water_pipeline_133;запрет посадки;дерево;;;;;;;;;полоса вокруг объекта «водопровод», где деревья не ставятся;;водопровод;;2.0;"СП 42.13330.2016, п. 9.6, табл. 9.1; ППМ 743-ПП, табл. 3.6.1"
water_pipeline_133;запрет посадки;кустарник;;;;;;;;;полоса вокруг объекта «водопровод», где кустарники не ставятся;;водопровод;;0.0;"СП 42.13330.2016, п. 9.6, табл. 9.1; ППМ 743-ПП, табл. 3.6.1"
water_pipeline_134;запрет посадки;дерево;;;;;;;;;полоса вокруг объекта «водопровод», где деревья не ставятся;;водопровод;;2.0;"СП 42.13330.2016, п. 9.6, табл. 9.1; ППМ 743-ПП, табл. 3.6.1"
water_pipeline_134;запрет посадки;кустарник;;;;;;;;;полоса вокруг объекта «водопровод», где кустарники не ставятся;;водопровод;;0.0;"СП 42.13330.2016, п. 9.6, табл. 9.1; ППМ 743-ПП, табл. 3.6.1"
water_pipeline_135;запрет посадки;дерево;;;;;;;;;полоса вокруг объекта «водопровод», где деревья не ставятся;;водопровод;;2.0;"СП 42.13330.2016, п. 9.6, табл. 9.1; ППМ 743-ПП, табл. 3.6.1"
water_pipeline_135;запрет посадки;кустарник;;;;;;;;;полоса вокруг объекта «водопровод», где кустарники не ставятся;;водопровод;;0.0;"СП 42.13330.2016, п. 9.6, табл. 9.1; ППМ 743-ПП, табл. 3.6.1"
water_pipeline_136;запрет посадки;дерево;;;;;;;;;полоса вокруг объекта «водопровод», где деревья не ставятся;;водопровод;;2.0;"СП 42.13330.2016, п. 9.6, табл. 9.1; ППМ 743-ПП, табл. 3.6.1"
water_pipeline_136;запрет посадки;кустарник;;;;;;;;;полоса вокруг объекта «водопровод», где кустарники не ставятся;;водопровод;;0.0;"СП 42.13330.2016, п. 9.6, табл. 9.1; ППМ 743-ПП, табл. 3.6.1"
water_pipeline_137;запрет посадки;дерево;;;;;;;;;полоса вокруг объекта «водопровод», где деревья не ставятся;;водопровод;;2.0;"СП 42.13330.2016, п. 9.6, табл. 9.1; ППМ 743-ПП, табл. 3.6.1"
water_pipeline_137;запрет посадки;кустарник;;;;;;;;;полоса вокруг объекта «водопровод», где кустарники не ставятся;;водопровод;;0.0;"СП 42.13330.2016, п. 9.6, табл. 9.1; ППМ 743-ПП, табл. 3.6.1"
water_pipeline_138;запрет посадки;дерево;;;;;;;;;полоса вокруг объекта «водопровод», где деревья не ставятся;;водопровод;;2.0;"СП 42.13330.2016, п. 9.6, табл. 9.1; ППМ 743-ПП, табл. 3.6.1"
water_pipeline_138;запрет посадки;кустарник;;;;;;;;;полоса вокруг объекта «водопровод», где кустарники не ставятся;;водопровод;;0.0;"СП 42.13330.2016, п. 9.6, табл. 9.1; ППМ 743-ПП, табл. 3.6.1"
water_pipeline_139;запрет посадки;дерево;;;;;;;;;полоса вокруг объекта «водопровод», где деревья не ставятся;;водопровод;;2.0;"СП 42.13330.2016, п. 9.6, табл. 9.1; ППМ 743-ПП, табл. 3.6.1"
water_pipeline_139;запрет посадки;кустарник;;;;;;;;;полоса вокруг объекта «водопровод», где кустарники не ставятся;;водопровод;;0.0;"СП 42.13330.2016, п. 9.6, табл. 9.1; ППМ 743-ПП, табл. 3.6.1"
water_pipeline_140;запрет посадки;дерево;;;;;;;;;полоса вокруг объекта «водопровод», где деревья не ставятся;;водопровод;;2.0;"СП 42.13330.2016, п. 9.6, табл. 9.1; ППМ 743-ПП, табл. 3.6.1"
water_pipeline_140;запрет посадки;кустарник;;;;;;;;;полоса вокруг объекта «водопровод», где кустарники не ставятся;;водопровод;;0.0;"СП 42.13330.2016, п. 9.6, табл. 9.1; ППМ 743-ПП, табл. 3.6.1"
water_pipeline_141;запрет посадки;дерево;;;;;;;;;полоса вокруг объекта «водопровод», где деревья не ставятся;;водопровод;;2.0;"СП 42.13330.2016, п. 9.6, табл. 9.1; ППМ 743-ПП, табл. 3.6.1"
water_pipeline_141;запрет посадки;кустарник;;;;;;;;;полоса вокруг объекта «водопровод», где кустарники не ставятся;;водопровод;;0.0;"СП 42.13330.2016, п. 9.6, табл. 9.1; ППМ 743-ПП, табл. 3.6.1"
water_pipeline_142;запрет посадки;дерево;;;;;;;;;полоса вокруг объекта «водопровод», где деревья не ставятся;;водопровод;;2.0;"СП 42.13330.2016, п. 9.6, табл. 9.1; ППМ 743-ПП, табл. 3.6.1"
water_pipeline_142;запрет посадки;кустарник;;;;;;;;;полоса вокруг объекта «водопровод», где кустарники не ставятся;;водопровод;;0.0;"СП 42.13330.2016, п. 9.6, табл. 9.1; ППМ 743-ПП, табл. 3.6.1"
water_pipeline_143;запрет посадки;дерево;;;;;;;;;полоса вокруг объекта «водопровод», где деревья не ставятся;;водопровод;;2.0;"СП 42.13330.2016, п. 9.6, табл. 9.1; ППМ 743-ПП, табл. 3.6.1"
water_pipeline_143;запрет посадки;кустарник;;;;;;;;;полоса вокруг объекта «водопровод», где кустарники не ставятся;;водопровод;;0.0;"СП 42.13330.2016, п. 9.6, табл. 9.1; ППМ 743-ПП, табл. 3.6.1"
water_pipeline_144;запрет посадки;дерево;;;;;;;;;полоса вокруг объекта «водопровод», где деревья не ставятся;;водопровод;;2.0;"СП 42.13330.2016, п. 9.6, табл. 9.1; ППМ 743-ПП, табл. 3.6.1"
water_pipeline_144;запрет посадки;кустарник;;;;;;;;;полоса вокруг объекта «водопровод», где кустарники не ставятся;;водопровод;;0.0;"СП 42.13330.2016, п. 9.6, табл. 9.1; ППМ 743-ПП, табл. 3.6.1"
water_pipeline_145;запрет посадки;дерево;;;;;;;;;полоса вокруг объекта «водопровод», где деревья не ставятся;;водопровод;;2.0;"СП 42.13330.2016, п. 9.6, табл. 9.1; ППМ 743-ПП, табл. 3.6.1"
water_pipeline_145;запрет посадки;кустарник;;;;;;;;;полоса вокруг объекта «водопровод», где кустарники не ставятся;;водопровод;;0.0;"СП 42.13330.2016, п. 9.6, табл. 9.1; ППМ 743-ПП, табл. 3.6.1"
water_pipeline_146;запрет посадки;дерево;;;;;;;;;полоса вокруг объекта «водопровод», где деревья не ставятся;;водопровод;;2.0;"СП 42.13330.2016, п. 9.6, табл. 9.1; ППМ 743-ПП, табл. 3.6.1"
water_pipeline_146;запрет посадки;кустарник;;;;;;;;;полоса вокруг объекта «водопровод», где кустарники не ставятся;;водопровод;;0.0;"СП 42.13330.2016, п. 9.6, табл. 9.1; ППМ 743-ПП, табл. 3.6.1"
water_pipeline_147;запрет посадки;дерево;;;;;;;;;полоса вокруг объекта «водопровод», где деревья не ставятся;;водопровод;;2.0;"СП 42.13330.2016, п. 9.6, табл. 9.1; ППМ 743-ПП, табл. 3.6.1"
water_pipeline_147;запрет посадки;кустарник;;;;;;;;;полоса вокруг объекта «водопровод», где кустарники не ставятся;;водопровод;;0.0;"СП 42.13330.2016, п. 9.6, табл. 9.1; ППМ 743-ПП, табл. 3.6.1"
water_pipeline_148;запрет посадки;дерево;;;;;;;;;полоса вокруг объекта «водопровод», где деревья не ставятся;;водопровод;;2.0;"СП 42.13330.2016, п. 9.6, табл. 9.1; ППМ 743-ПП, табл. 3.6.1"
water_pipeline_148;запрет посадки;кустарник;;;;;;;;;полоса вокруг объекта «водопровод», где кустарники не ставятся;;водопровод;;0.0;"СП 42.13330.2016, п. 9.6, табл. 9.1; ППМ 743-ПП, табл. 3.6.1"
water_pipeline_149;запрет посадки;дерево;;;;;;;;;полоса вокруг объекта «водопровод», где деревья не ставятся;;водопровод;;2.0;"СП 42.13330.2016, п. 9.6, табл. 9.1; ППМ 743-ПП, табл. 3.6.1"
water_pipeline_149;запрет посадки;кустарник;;;;;;;;;полоса вокруг объекта «водопровод», где кустарники не ставятся;;водопровод;;0.0;"СП 42.13330.2016, п. 9.6, табл. 9.1; ППМ 743-ПП, табл. 3.6.1"
water_pipeline_150;запрет посадки;дерево;;;;;;;;;полоса вокруг объекта «водопровод», где деревья не ставятся;;водопровод;;2.0;"СП 42.13330.2016, п. 9.6, табл. 9.1; ППМ 743-ПП, табл. 3.6.1"
water_pipeline_150;запрет посадки;кустарник;;;;;;;;;полоса вокруг объекта «водопровод», где кустарники не ставятся;;водопровод;;0.0;"СП 42.13330.2016, п. 9.6, табл. 9.1; ППМ 743-ПП, табл. 3.6.1"
water_pipeline_151;запрет посадки;дерево;;;;;;;;;полоса вокруг объекта «водопровод», где деревья не ставятся;;водопровод;;2.0;"СП 42.13330.2016, п. 9.6, табл. 9.1; ППМ 743-ПП, табл. 3.6.1"
water_pipeline_151;запрет посадки;кустарник;;;;;;;;;полоса вокруг объекта «водопровод», где кустарники не ставятся;;водопровод;;0.0;"СП 42.13330.2016, п. 9.6, табл. 9.1; ППМ 743-ПП, табл. 3.6.1"
water_pipeline_152;запрет посадки;дерево;;;;;;;;;полоса вокруг объекта «водопровод», где деревья не ставятся;;водопровод;;2.0;"СП 42.13330.2016, п. 9.6, табл. 9.1; ППМ 743-ПП, табл. 3.6.1"
water_pipeline_152;запрет посадки;кустарник;;;;;;;;;полоса вокруг объекта «водопровод», где кустарники не ставятся;;водопровод;;0.0;"СП 42.13330.2016, п. 9.6, табл. 9.1; ППМ 743-ПП, табл. 3.6.1"
water_pipeline_153;запрет посадки;дерево;;;;;;;;;полоса вокруг объекта «водопровод», где деревья не ставятся;;водопровод;;2.0;"СП 42.13330.2016, п. 9.6, табл. 9.1; ППМ 743-ПП, табл. 3.6.1"
water_pipeline_153;запрет посадки;кустарник;;;;;;;;;полоса вокруг объекта «водопровод», где кустарники не ставятся;;водопровод;;0.0;"СП 42.13330.2016, п. 9.6, табл. 9.1; ППМ 743-ПП, табл. 3.6.1"
water_pipeline_154;запрет посадки;дерево;;;;;;;;;полоса вокруг объекта «водопровод», где деревья не ставятся;;водопровод;;2.0;"СП 42.13330.2016, п. 9.6, табл. 9.1; ППМ 743-ПП, табл. 3.6.1"
water_pipeline_154;запрет посадки;кустарник;;;;;;;;;полоса вокруг объекта «водопровод», где кустарники не ставятся;;водопровод;;0.0;"СП 42.13330.2016, п. 9.6, табл. 9.1; ППМ 743-ПП, табл. 3.6.1"
signal_cable_001;запрет посадки;дерево;;;;;;;;;полоса вокруг объекта «кабель связи», где деревья не ставятся;;кабель связи;;2.0;"СП 42.13330.2016, п. 9.6, табл. 9.1; ППМ 743-ПП, табл. 3.6.1"
signal_cable_001;запрет посадки;кустарник;;;;;;;;;полоса вокруг объекта «кабель связи», где кустарники не ставятся;;кабель связи;;0.7;"СП 42.13330.2016, п. 9.6, табл. 9.1; ППМ 743-ПП, табл. 3.6.1"
signal_cable_002;запрет посадки;дерево;;;;;;;;;полоса вокруг объекта «кабель связи», где деревья не ставятся;;кабель связи;;2.0;"СП 42.13330.2016, п. 9.6, табл. 9.1; ППМ 743-ПП, табл. 3.6.1"
signal_cable_002;запрет посадки;кустарник;;;;;;;;;полоса вокруг объекта «кабель связи», где кустарники не ставятся;;кабель связи;;0.7;"СП 42.13330.2016, п. 9.6, табл. 9.1; ППМ 743-ПП, табл. 3.6.1"
signal_cable_003;запрет посадки;дерево;;;;;;;;;полоса вокруг объекта «кабель связи», где деревья не ставятся;;кабель связи;;2.0;"СП 42.13330.2016, п. 9.6, табл. 9.1; ППМ 743-ПП, табл. 3.6.1"
signal_cable_003;запрет посадки;кустарник;;;;;;;;;полоса вокруг объекта «кабель связи», где кустарники не ставятся;;кабель связи;;0.7;"СП 42.13330.2016, п. 9.6, табл. 9.1; ППМ 743-ПП, табл. 3.6.1"
signal_cable_004;запрет посадки;дерево;;;;;;;;;полоса вокруг объекта «кабель связи», где деревья не ставятся;;кабель связи;;2.0;"СП 42.13330.2016, п. 9.6, табл. 9.1; ППМ 743-ПП, табл. 3.6.1"
signal_cable_004;запрет посадки;кустарник;;;;;;;;;полоса вокруг объекта «кабель связи», где кустарники не ставятся;;кабель связи;;0.7;"СП 42.13330.2016, п. 9.6, табл. 9.1; ППМ 743-ПП, табл. 3.6.1"
signal_cable_005;запрет посадки;дерево;;;;;;;;;полоса вокруг объекта «кабель связи», где деревья не ставятся;;кабель связи;;2.0;"СП 42.13330.2016, п. 9.6, табл. 9.1; ППМ 743-ПП, табл. 3.6.1"
signal_cable_005;запрет посадки;кустарник;;;;;;;;;полоса вокруг объекта «кабель связи», где кустарники не ставятся;;кабель связи;;0.7;"СП 42.13330.2016, п. 9.6, табл. 9.1; ППМ 743-ПП, табл. 3.6.1"
signal_cable_006;запрет посадки;дерево;;;;;;;;;полоса вокруг объекта «кабель связи», где деревья не ставятся;;кабель связи;;2.0;"СП 42.13330.2016, п. 9.6, табл. 9.1; ППМ 743-ПП, табл. 3.6.1"
signal_cable_006;запрет посадки;кустарник;;;;;;;;;полоса вокруг объекта «кабель связи», где кустарники не ставятся;;кабель связи;;0.7;"СП 42.13330.2016, п. 9.6, табл. 9.1; ППМ 743-ПП, табл. 3.6.1"
signal_cable_007;запрет посадки;дерево;;;;;;;;;полоса вокруг объекта «кабель связи», где деревья не ставятся;;кабель связи;;2.0;"СП 42.13330.2016, п. 9.6, табл. 9.1; ППМ 743-ПП, табл. 3.6.1"
signal_cable_007;запрет посадки;кустарник;;;;;;;;;полоса вокруг объекта «кабель связи», где кустарники не ставятся;;кабель связи;;0.7;"СП 42.13330.2016, п. 9.6, табл. 9.1; ППМ 743-ПП, табл. 3.6.1"
signal_cable_008;запрет посадки;дерево;;;;;;;;;полоса вокруг объекта «кабель связи», где деревья не ставятся;;кабель связи;;2.0;"СП 42.13330.2016, п. 9.6, табл. 9.1; ППМ 743-ПП, табл. 3.6.1"
signal_cable_008;запрет посадки;кустарник;;;;;;;;;полоса вокруг объекта «кабель связи», где кустарники не ставятся;;кабель связи;;0.7;"СП 42.13330.2016, п. 9.6, табл. 9.1; ППМ 743-ПП, табл. 3.6.1"
signal_cable_009;запрет посадки;дерево;;;;;;;;;полоса вокруг объекта «кабель связи», где деревья не ставятся;;кабель связи;;2.0;"СП 42.13330.2016, п. 9.6, табл. 9.1; ППМ 743-ПП, табл. 3.6.1"
signal_cable_009;запрет посадки;кустарник;;;;;;;;;полоса вокруг объекта «кабель связи», где кустарники не ставятся;;кабель связи;;0.7;"СП 42.13330.2016, п. 9.6, табл. 9.1; ППМ 743-ПП, табл. 3.6.1"
signal_cable_010;запрет посадки;дерево;;;;;;;;;полоса вокруг объекта «кабель связи», где деревья не ставятся;;кабель связи;;2.0;"СП 42.13330.2016, п. 9.6, табл. 9.1; ППМ 743-ПП, табл. 3.6.1"
signal_cable_010;запрет посадки;кустарник;;;;;;;;;полоса вокруг объекта «кабель связи», где кустарники не ставятся;;кабель связи;;0.7;"СП 42.13330.2016, п. 9.6, табл. 9.1; ППМ 743-ПП, табл. 3.6.1"
signal_cable_011;запрет посадки;дерево;;;;;;;;;полоса вокруг объекта «кабель связи», где деревья не ставятся;;кабель связи;;2.0;"СП 42.13330.2016, п. 9.6, табл. 9.1; ППМ 743-ПП, табл. 3.6.1"
signal_cable_011;запрет посадки;кустарник;;;;;;;;;полоса вокруг объекта «кабель связи», где кустарники не ставятся;;кабель связи;;0.7;"СП 42.13330.2016, п. 9.6, табл. 9.1; ППМ 743-ПП, табл. 3.6.1"
signal_cable_012;запрет посадки;дерево;;;;;;;;;полоса вокруг объекта «кабель связи», где деревья не ставятся;;кабель связи;;2.0;"СП 42.13330.2016, п. 9.6, табл. 9.1; ППМ 743-ПП, табл. 3.6.1"
signal_cable_012;запрет посадки;кустарник;;;;;;;;;полоса вокруг объекта «кабель связи», где кустарники не ставятся;;кабель связи;;0.7;"СП 42.13330.2016, п. 9.6, табл. 9.1; ППМ 743-ПП, табл. 3.6.1"
signal_cable_013;запрет посадки;дерево;;;;;;;;;полоса вокруг объекта «кабель связи», где деревья не ставятся;;кабель связи;;2.0;"СП 42.13330.2016, п. 9.6, табл. 9.1; ППМ 743-ПП, табл. 3.6.1"
signal_cable_013;запрет посадки;кустарник;;;;;;;;;полоса вокруг объекта «кабель связи», где кустарники не ставятся;;кабель связи;;0.7;"СП 42.13330.2016, п. 9.6, табл. 9.1; ППМ 743-ПП, табл. 3.6.1"
signal_cable_014;запрет посадки;дерево;;;;;;;;;полоса вокруг объекта «кабель связи», где деревья не ставятся;;кабель связи;;2.0;"СП 42.13330.2016, п. 9.6, табл. 9.1; ППМ 743-ПП, табл. 3.6.1"
signal_cable_014;запрет посадки;кустарник;;;;;;;;;полоса вокруг объекта «кабель связи», где кустарники не ставятся;;кабель связи;;0.7;"СП 42.13330.2016, п. 9.6, табл. 9.1; ППМ 743-ПП, табл. 3.6.1"
signal_cable_015;запрет посадки;дерево;;;;;;;;;полоса вокруг объекта «кабель связи», где деревья не ставятся;;кабель связи;;2.0;"СП 42.13330.2016, п. 9.6, табл. 9.1; ППМ 743-ПП, табл. 3.6.1"
signal_cable_015;запрет посадки;кустарник;;;;;;;;;полоса вокруг объекта «кабель связи», где кустарники не ставятся;;кабель связи;;0.7;"СП 42.13330.2016, п. 9.6, табл. 9.1; ППМ 743-ПП, табл. 3.6.1"
signal_cable_016;запрет посадки;дерево;;;;;;;;;полоса вокруг объекта «кабель связи», где деревья не ставятся;;кабель связи;;2.0;"СП 42.13330.2016, п. 9.6, табл. 9.1; ППМ 743-ПП, табл. 3.6.1"
signal_cable_016;запрет посадки;кустарник;;;;;;;;;полоса вокруг объекта «кабель связи», где кустарники не ставятся;;кабель связи;;0.7;"СП 42.13330.2016, п. 9.6, табл. 9.1; ППМ 743-ПП, табл. 3.6.1"
signal_cable_017;запрет посадки;дерево;;;;;;;;;полоса вокруг объекта «кабель связи», где деревья не ставятся;;кабель связи;;2.0;"СП 42.13330.2016, п. 9.6, табл. 9.1; ППМ 743-ПП, табл. 3.6.1"
signal_cable_017;запрет посадки;кустарник;;;;;;;;;полоса вокруг объекта «кабель связи», где кустарники не ставятся;;кабель связи;;0.7;"СП 42.13330.2016, п. 9.6, табл. 9.1; ППМ 743-ПП, табл. 3.6.1"
signal_cable_018;запрет посадки;дерево;;;;;;;;;полоса вокруг объекта «кабель связи», где деревья не ставятся;;кабель связи;;2.0;"СП 42.13330.2016, п. 9.6, табл. 9.1; ППМ 743-ПП, табл. 3.6.1"
signal_cable_018;запрет посадки;кустарник;;;;;;;;;полоса вокруг объекта «кабель связи», где кустарники не ставятся;;кабель связи;;0.7;"СП 42.13330.2016, п. 9.6, табл. 9.1; ППМ 743-ПП, табл. 3.6.1"
signal_cable_019;запрет посадки;дерево;;;;;;;;;полоса вокруг объекта «кабель связи», где деревья не ставятся;;кабель связи;;2.0;"СП 42.13330.2016, п. 9.6, табл. 9.1; ППМ 743-ПП, табл. 3.6.1"
signal_cable_019;запрет посадки;кустарник;;;;;;;;;полоса вокруг объекта «кабель связи», где кустарники не ставятся;;кабель связи;;0.7;"СП 42.13330.2016, п. 9.6, табл. 9.1; ППМ 743-ПП, табл. 3.6.1"
signal_cable_020;запрет посадки;дерево;;;;;;;;;полоса вокруг объекта «кабель связи», где деревья не ставятся;;кабель связи;;2.0;"СП 42.13330.2016, п. 9.6, табл. 9.1; ППМ 743-ПП, табл. 3.6.1"
signal_cable_020;запрет посадки;кустарник;;;;;;;;;полоса вокруг объекта «кабель связи», где кустарники не ставятся;;кабель связи;;0.7;"СП 42.13330.2016, п. 9.6, табл. 9.1; ППМ 743-ПП, табл. 3.6.1"
signal_cable_021;запрет посадки;дерево;;;;;;;;;полоса вокруг объекта «кабель связи», где деревья не ставятся;;кабель связи;;2.0;"СП 42.13330.2016, п. 9.6, табл. 9.1; ППМ 743-ПП, табл. 3.6.1"
signal_cable_021;запрет посадки;кустарник;;;;;;;;;полоса вокруг объекта «кабель связи», где кустарники не ставятся;;кабель связи;;0.7;"СП 42.13330.2016, п. 9.6, табл. 9.1; ППМ 743-ПП, табл. 3.6.1"
signal_cable_022;запрет посадки;дерево;;;;;;;;;полоса вокруг объекта «кабель связи», где деревья не ставятся;;кабель связи;;2.0;"СП 42.13330.2016, п. 9.6, табл. 9.1; ППМ 743-ПП, табл. 3.6.1"
signal_cable_022;запрет посадки;кустарник;;;;;;;;;полоса вокруг объекта «кабель связи», где кустарники не ставятся;;кабель связи;;0.7;"СП 42.13330.2016, п. 9.6, табл. 9.1; ППМ 743-ПП, табл. 3.6.1"
signal_cable_023;запрет посадки;дерево;;;;;;;;;полоса вокруг объекта «кабель связи», где деревья не ставятся;;кабель связи;;2.0;"СП 42.13330.2016, п. 9.6, табл. 9.1; ППМ 743-ПП, табл. 3.6.1"
signal_cable_023;запрет посадки;кустарник;;;;;;;;;полоса вокруг объекта «кабель связи», где кустарники не ставятся;;кабель связи;;0.7;"СП 42.13330.2016, п. 9.6, табл. 9.1; ППМ 743-ПП, табл. 3.6.1"
signal_cable_024;запрет посадки;дерево;;;;;;;;;полоса вокруг объекта «кабель связи», где деревья не ставятся;;кабель связи;;2.0;"СП 42.13330.2016, п. 9.6, табл. 9.1; ППМ 743-ПП, табл. 3.6.1"
signal_cable_024;запрет посадки;кустарник;;;;;;;;;полоса вокруг объекта «кабель связи», где кустарники не ставятся;;кабель связи;;0.7;"СП 42.13330.2016, п. 9.6, табл. 9.1; ППМ 743-ПП, табл. 3.6.1"
signal_cable_025;запрет посадки;дерево;;;;;;;;;полоса вокруг объекта «кабель связи», где деревья не ставятся;;кабель связи;;2.0;"СП 42.13330.2016, п. 9.6, табл. 9.1; ППМ 743-ПП, табл. 3.6.1"
signal_cable_025;запрет посадки;кустарник;;;;;;;;;полоса вокруг объекта «кабель связи», где кустарники не ставятся;;кабель связи;;0.7;"СП 42.13330.2016, п. 9.6, табл. 9.1; ППМ 743-ПП, табл. 3.6.1"
signal_cable_026;запрет посадки;дерево;;;;;;;;;полоса вокруг объекта «кабель связи», где деревья не ставятся;;кабель связи;;2.0;"СП 42.13330.2016, п. 9.6, табл. 9.1; ППМ 743-ПП, табл. 3.6.1"
signal_cable_026;запрет посадки;кустарник;;;;;;;;;полоса вокруг объекта «кабель связи», где кустарники не ставятся;;кабель связи;;0.7;"СП 42.13330.2016, п. 9.6, табл. 9.1; ППМ 743-ПП, табл. 3.6.1"
signal_cable_027;запрет посадки;дерево;;;;;;;;;полоса вокруг объекта «кабель связи», где деревья не ставятся;;кабель связи;;2.0;"СП 42.13330.2016, п. 9.6, табл. 9.1; ППМ 743-ПП, табл. 3.6.1"
signal_cable_027;запрет посадки;кустарник;;;;;;;;;полоса вокруг объекта «кабель связи», где кустарники не ставятся;;кабель связи;;0.7;"СП 42.13330.2016, п. 9.6, табл. 9.1; ППМ 743-ПП, табл. 3.6.1"
signal_cable_028;запрет посадки;дерево;;;;;;;;;полоса вокруг объекта «кабель связи», где деревья не ставятся;;кабель связи;;2.0;"СП 42.13330.2016, п. 9.6, табл. 9.1; ППМ 743-ПП, табл. 3.6.1"
signal_cable_028;запрет посадки;кустарник;;;;;;;;;полоса вокруг объекта «кабель связи», где кустарники не ставятся;;кабель связи;;0.7;"СП 42.13330.2016, п. 9.6, табл. 9.1; ППМ 743-ПП, табл. 3.6.1"
signal_cable_029;запрет посадки;дерево;;;;;;;;;полоса вокруг объекта «кабель связи», где деревья не ставятся;;кабель связи;;2.0;"СП 42.13330.2016, п. 9.6, табл. 9.1; ППМ 743-ПП, табл. 3.6.1"
signal_cable_029;запрет посадки;кустарник;;;;;;;;;полоса вокруг объекта «кабель связи», где кустарники не ставятся;;кабель связи;;0.7;"СП 42.13330.2016, п. 9.6, табл. 9.1; ППМ 743-ПП, табл. 3.6.1"
signal_cable_030;запрет посадки;дерево;;;;;;;;;полоса вокруг объекта «кабель связи», где деревья не ставятся;;кабель связи;;2.0;"СП 42.13330.2016, п. 9.6, табл. 9.1; ППМ 743-ПП, табл. 3.6.1"
signal_cable_030;запрет посадки;кустарник;;;;;;;;;полоса вокруг объекта «кабель связи», где кустарники не ставятся;;кабель связи;;0.7;"СП 42.13330.2016, п. 9.6, табл. 9.1; ППМ 743-ПП, табл. 3.6.1"
signal_cable_031;запрет посадки;дерево;;;;;;;;;полоса вокруг объекта «кабель связи», где деревья не ставятся;;кабель связи;;2.0;"СП 42.13330.2016, п. 9.6, табл. 9.1; ППМ 743-ПП, табл. 3.6.1"
signal_cable_031;запрет посадки;кустарник;;;;;;;;;полоса вокруг объекта «кабель связи», где кустарники не ставятся;;кабель связи;;0.7;"СП 42.13330.2016, п. 9.6, табл. 9.1; ППМ 743-ПП, табл. 3.6.1"
signal_cable_032;запрет посадки;дерево;;;;;;;;;полоса вокруг объекта «кабель связи», где деревья не ставятся;;кабель связи;;2.0;"СП 42.13330.2016, п. 9.6, табл. 9.1; ППМ 743-ПП, табл. 3.6.1"
signal_cable_032;запрет посадки;кустарник;;;;;;;;;полоса вокруг объекта «кабель связи», где кустарники не ставятся;;кабель связи;;0.7;"СП 42.13330.2016, п. 9.6, табл. 9.1; ППМ 743-ПП, табл. 3.6.1"
signal_cable_033;запрет посадки;дерево;;;;;;;;;полоса вокруг объекта «кабель связи», где деревья не ставятся;;кабель связи;;2.0;"СП 42.13330.2016, п. 9.6, табл. 9.1; ППМ 743-ПП, табл. 3.6.1"
signal_cable_033;запрет посадки;кустарник;;;;;;;;;полоса вокруг объекта «кабель связи», где кустарники не ставятся;;кабель связи;;0.7;"СП 42.13330.2016, п. 9.6, табл. 9.1; ППМ 743-ПП, табл. 3.6.1"
signal_cable_034;запрет посадки;дерево;;;;;;;;;полоса вокруг объекта «кабель связи», где деревья не ставятся;;кабель связи;;2.0;"СП 42.13330.2016, п. 9.6, табл. 9.1; ППМ 743-ПП, табл. 3.6.1"
signal_cable_034;запрет посадки;кустарник;;;;;;;;;полоса вокруг объекта «кабель связи», где кустарники не ставятся;;кабель связи;;0.7;"СП 42.13330.2016, п. 9.6, табл. 9.1; ППМ 743-ПП, табл. 3.6.1"
signal_cable_035;запрет посадки;дерево;;;;;;;;;полоса вокруг объекта «кабель связи», где деревья не ставятся;;кабель связи;;2.0;"СП 42.13330.2016, п. 9.6, табл. 9.1; ППМ 743-ПП, табл. 3.6.1"
signal_cable_035;запрет посадки;кустарник;;;;;;;;;полоса вокруг объекта «кабель связи», где кустарники не ставятся;;кабель связи;;0.7;"СП 42.13330.2016, п. 9.6, табл. 9.1; ППМ 743-ПП, табл. 3.6.1"
signal_cable_036;запрет посадки;дерево;;;;;;;;;полоса вокруг объекта «кабель связи», где деревья не ставятся;;кабель связи;;2.0;"СП 42.13330.2016, п. 9.6, табл. 9.1; ППМ 743-ПП, табл. 3.6.1"
signal_cable_036;запрет посадки;кустарник;;;;;;;;;полоса вокруг объекта «кабель связи», где кустарники не ставятся;;кабель связи;;0.7;"СП 42.13330.2016, п. 9.6, табл. 9.1; ППМ 743-ПП, табл. 3.6.1"
signal_cable_037;запрет посадки;дерево;;;;;;;;;полоса вокруг объекта «кабель связи», где деревья не ставятся;;кабель связи;;2.0;"СП 42.13330.2016, п. 9.6, табл. 9.1; ППМ 743-ПП, табл. 3.6.1"
signal_cable_037;запрет посадки;кустарник;;;;;;;;;полоса вокруг объекта «кабель связи», где кустарники не ставятся;;кабель связи;;0.7;"СП 42.13330.2016, п. 9.6, табл. 9.1; ППМ 743-ПП, табл. 3.6.1"
signal_cable_038;запрет посадки;дерево;;;;;;;;;полоса вокруг объекта «кабель связи», где деревья не ставятся;;кабель связи;;2.0;"СП 42.13330.2016, п. 9.6, табл. 9.1; ППМ 743-ПП, табл. 3.6.1"
signal_cable_038;запрет посадки;кустарник;;;;;;;;;полоса вокруг объекта «кабель связи», где кустарники не ставятся;;кабель связи;;0.7;"СП 42.13330.2016, п. 9.6, табл. 9.1; ППМ 743-ПП, табл. 3.6.1"
signal_cable_039;запрет посадки;дерево;;;;;;;;;полоса вокруг объекта «кабель связи», где деревья не ставятся;;кабель связи;;2.0;"СП 42.13330.2016, п. 9.6, табл. 9.1; ППМ 743-ПП, табл. 3.6.1"
signal_cable_039;запрет посадки;кустарник;;;;;;;;;полоса вокруг объекта «кабель связи», где кустарники не ставятся;;кабель связи;;0.7;"СП 42.13330.2016, п. 9.6, табл. 9.1; ППМ 743-ПП, табл. 3.6.1"
signal_cable_040;запрет посадки;дерево;;;;;;;;;полоса вокруг объекта «кабель связи», где деревья не ставятся;;кабель связи;;2.0;"СП 42.13330.2016, п. 9.6, табл. 9.1; ППМ 743-ПП, табл. 3.6.1"
signal_cable_040;запрет посадки;кустарник;;;;;;;;;полоса вокруг объекта «кабель связи», где кустарники не ставятся;;кабель связи;;0.7;"СП 42.13330.2016, п. 9.6, табл. 9.1; ППМ 743-ПП, табл. 3.6.1"
signal_cable_041;запрет посадки;дерево;;;;;;;;;полоса вокруг объекта «кабель связи», где деревья не ставятся;;кабель связи;;2.0;"СП 42.13330.2016, п. 9.6, табл. 9.1; ППМ 743-ПП, табл. 3.6.1"
signal_cable_041;запрет посадки;кустарник;;;;;;;;;полоса вокруг объекта «кабель связи», где кустарники не ставятся;;кабель связи;;0.7;"СП 42.13330.2016, п. 9.6, табл. 9.1; ППМ 743-ПП, табл. 3.6.1"
signal_cable_042;запрет посадки;дерево;;;;;;;;;полоса вокруг объекта «кабель связи», где деревья не ставятся;;кабель связи;;2.0;"СП 42.13330.2016, п. 9.6, табл. 9.1; ППМ 743-ПП, табл. 3.6.1"
signal_cable_042;запрет посадки;кустарник;;;;;;;;;полоса вокруг объекта «кабель связи», где кустарники не ставятся;;кабель связи;;0.7;"СП 42.13330.2016, п. 9.6, табл. 9.1; ППМ 743-ПП, табл. 3.6.1"
signal_cable_043;запрет посадки;дерево;;;;;;;;;полоса вокруг объекта «кабель связи», где деревья не ставятся;;кабель связи;;2.0;"СП 42.13330.2016, п. 9.6, табл. 9.1; ППМ 743-ПП, табл. 3.6.1"
signal_cable_043;запрет посадки;кустарник;;;;;;;;;полоса вокруг объекта «кабель связи», где кустарники не ставятся;;кабель связи;;0.7;"СП 42.13330.2016, п. 9.6, табл. 9.1; ППМ 743-ПП, табл. 3.6.1"
signal_cable_044;запрет посадки;дерево;;;;;;;;;полоса вокруг объекта «кабель связи», где деревья не ставятся;;кабель связи;;2.0;"СП 42.13330.2016, п. 9.6, табл. 9.1; ППМ 743-ПП, табл. 3.6.1"
signal_cable_044;запрет посадки;кустарник;;;;;;;;;полоса вокруг объекта «кабель связи», где кустарники не ставятся;;кабель связи;;0.7;"СП 42.13330.2016, п. 9.6, табл. 9.1; ППМ 743-ПП, табл. 3.6.1"
signal_cable_045;запрет посадки;дерево;;;;;;;;;полоса вокруг объекта «кабель связи», где деревья не ставятся;;кабель связи;;2.0;"СП 42.13330.2016, п. 9.6, табл. 9.1; ППМ 743-ПП, табл. 3.6.1"
signal_cable_045;запрет посадки;кустарник;;;;;;;;;полоса вокруг объекта «кабель связи», где кустарники не ставятся;;кабель связи;;0.7;"СП 42.13330.2016, п. 9.6, табл. 9.1; ППМ 743-ПП, табл. 3.6.1"
signal_cable_046;запрет посадки;дерево;;;;;;;;;полоса вокруг объекта «кабель связи», где деревья не ставятся;;кабель связи;;2.0;"СП 42.13330.2016, п. 9.6, табл. 9.1; ППМ 743-ПП, табл. 3.6.1"
signal_cable_046;запрет посадки;кустарник;;;;;;;;;полоса вокруг объекта «кабель связи», где кустарники не ставятся;;кабель связи;;0.7;"СП 42.13330.2016, п. 9.6, табл. 9.1; ППМ 743-ПП, табл. 3.6.1"
signal_cable_047;запрет посадки;дерево;;;;;;;;;полоса вокруг объекта «кабель связи», где деревья не ставятся;;кабель связи;;2.0;"СП 42.13330.2016, п. 9.6, табл. 9.1; ППМ 743-ПП, табл. 3.6.1"
signal_cable_047;запрет посадки;кустарник;;;;;;;;;полоса вокруг объекта «кабель связи», где кустарники не ставятся;;кабель связи;;0.7;"СП 42.13330.2016, п. 9.6, табл. 9.1; ППМ 743-ПП, табл. 3.6.1"
signal_cable_048;запрет посадки;дерево;;;;;;;;;полоса вокруг объекта «кабель связи», где деревья не ставятся;;кабель связи;;2.0;"СП 42.13330.2016, п. 9.6, табл. 9.1; ППМ 743-ПП, табл. 3.6.1"
signal_cable_048;запрет посадки;кустарник;;;;;;;;;полоса вокруг объекта «кабель связи», где кустарники не ставятся;;кабель связи;;0.7;"СП 42.13330.2016, п. 9.6, табл. 9.1; ППМ 743-ПП, табл. 3.6.1"
signal_cable_049;запрет посадки;дерево;;;;;;;;;полоса вокруг объекта «кабель связи», где деревья не ставятся;;кабель связи;;2.0;"СП 42.13330.2016, п. 9.6, табл. 9.1; ППМ 743-ПП, табл. 3.6.1"
signal_cable_049;запрет посадки;кустарник;;;;;;;;;полоса вокруг объекта «кабель связи», где кустарники не ставятся;;кабель связи;;0.7;"СП 42.13330.2016, п. 9.6, табл. 9.1; ППМ 743-ПП, табл. 3.6.1"
signal_cable_050;запрет посадки;дерево;;;;;;;;;полоса вокруг объекта «кабель связи», где деревья не ставятся;;кабель связи;;2.0;"СП 42.13330.2016, п. 9.6, табл. 9.1; ППМ 743-ПП, табл. 3.6.1"
signal_cable_050;запрет посадки;кустарник;;;;;;;;;полоса вокруг объекта «кабель связи», где кустарники не ставятся;;кабель связи;;0.7;"СП 42.13330.2016, п. 9.6, табл. 9.1; ППМ 743-ПП, табл. 3.6.1"
signal_cable_051;запрет посадки;дерево;;;;;;;;;полоса вокруг объекта «кабель связи», где деревья не ставятся;;кабель связи;;2.0;"СП 42.13330.2016, п. 9.6, табл. 9.1; ППМ 743-ПП, табл. 3.6.1"
signal_cable_051;запрет посадки;кустарник;;;;;;;;;полоса вокруг объекта «кабель связи», где кустарники не ставятся;;кабель связи;;0.7;"СП 42.13330.2016, п. 9.6, табл. 9.1; ППМ 743-ПП, табл. 3.6.1"
signal_cable_052;запрет посадки;дерево;;;;;;;;;полоса вокруг объекта «кабель связи», где деревья не ставятся;;кабель связи;;2.0;"СП 42.13330.2016, п. 9.6, табл. 9.1; ППМ 743-ПП, табл. 3.6.1"
signal_cable_052;запрет посадки;кустарник;;;;;;;;;полоса вокруг объекта «кабель связи», где кустарники не ставятся;;кабель связи;;0.7;"СП 42.13330.2016, п. 9.6, табл. 9.1; ППМ 743-ПП, табл. 3.6.1"
signal_cable_053;запрет посадки;дерево;;;;;;;;;полоса вокруг объекта «кабель связи», где деревья не ставятся;;кабель связи;;2.0;"СП 42.13330.2016, п. 9.6, табл. 9.1; ППМ 743-ПП, табл. 3.6.1"
signal_cable_053;запрет посадки;кустарник;;;;;;;;;полоса вокруг объекта «кабель связи», где кустарники не ставятся;;кабель связи;;0.7;"СП 42.13330.2016, п. 9.6, табл. 9.1; ППМ 743-ПП, табл. 3.6.1"
signal_cable_054;запрет посадки;дерево;;;;;;;;;полоса вокруг объекта «кабель связи», где деревья не ставятся;;кабель связи;;2.0;"СП 42.13330.2016, п. 9.6, табл. 9.1; ППМ 743-ПП, табл. 3.6.1"
signal_cable_054;запрет посадки;кустарник;;;;;;;;;полоса вокруг объекта «кабель связи», где кустарники не ставятся;;кабель связи;;0.7;"СП 42.13330.2016, п. 9.6, табл. 9.1; ППМ 743-ПП, табл. 3.6.1"
signal_cable_055;запрет посадки;дерево;;;;;;;;;полоса вокруг объекта «кабель связи», где деревья не ставятся;;кабель связи;;2.0;"СП 42.13330.2016, п. 9.6, табл. 9.1; ППМ 743-ПП, табл. 3.6.1"
signal_cable_055;запрет посадки;кустарник;;;;;;;;;полоса вокруг объекта «кабель связи», где кустарники не ставятся;;кабель связи;;0.7;"СП 42.13330.2016, п. 9.6, табл. 9.1; ППМ 743-ПП, табл. 3.6.1"
signal_cable_056;запрет посадки;дерево;;;;;;;;;полоса вокруг объекта «кабель связи», где деревья не ставятся;;кабель связи;;2.0;"СП 42.13330.2016, п. 9.6, табл. 9.1; ППМ 743-ПП, табл. 3.6.1"
signal_cable_056;запрет посадки;кустарник;;;;;;;;;полоса вокруг объекта «кабель связи», где кустарники не ставятся;;кабель связи;;0.7;"СП 42.13330.2016, п. 9.6, табл. 9.1; ППМ 743-ПП, табл. 3.6.1"
signal_cable_057;запрет посадки;дерево;;;;;;;;;полоса вокруг объекта «кабель связи», где деревья не ставятся;;кабель связи;;2.0;"СП 42.13330.2016, п. 9.6, табл. 9.1; ППМ 743-ПП, табл. 3.6.1"
signal_cable_057;запрет посадки;кустарник;;;;;;;;;полоса вокруг объекта «кабель связи», где кустарники не ставятся;;кабель связи;;0.7;"СП 42.13330.2016, п. 9.6, табл. 9.1; ППМ 743-ПП, табл. 3.6.1"
signal_cable_058;запрет посадки;дерево;;;;;;;;;полоса вокруг объекта «кабель связи», где деревья не ставятся;;кабель связи;;2.0;"СП 42.13330.2016, п. 9.6, табл. 9.1; ППМ 743-ПП, табл. 3.6.1"
signal_cable_058;запрет посадки;кустарник;;;;;;;;;полоса вокруг объекта «кабель связи», где кустарники не ставятся;;кабель связи;;0.7;"СП 42.13330.2016, п. 9.6, табл. 9.1; ППМ 743-ПП, табл. 3.6.1"
signal_cable_059;запрет посадки;дерево;;;;;;;;;полоса вокруг объекта «кабель связи», где деревья не ставятся;;кабель связи;;2.0;"СП 42.13330.2016, п. 9.6, табл. 9.1; ППМ 743-ПП, табл. 3.6.1"
signal_cable_059;запрет посадки;кустарник;;;;;;;;;полоса вокруг объекта «кабель связи», где кустарники не ставятся;;кабель связи;;0.7;"СП 42.13330.2016, п. 9.6, табл. 9.1; ППМ 743-ПП, табл. 3.6.1"
signal_cable_060;запрет посадки;дерево;;;;;;;;;полоса вокруг объекта «кабель связи», где деревья не ставятся;;кабель связи;;2.0;"СП 42.13330.2016, п. 9.6, табл. 9.1; ППМ 743-ПП, табл. 3.6.1"
signal_cable_060;запрет посадки;кустарник;;;;;;;;;полоса вокруг объекта «кабель связи», где кустарники не ставятся;;кабель связи;;0.7;"СП 42.13330.2016, п. 9.6, табл. 9.1; ППМ 743-ПП, табл. 3.6.1"
signal_cable_061;запрет посадки;дерево;;;;;;;;;полоса вокруг объекта «кабель связи», где деревья не ставятся;;кабель связи;;2.0;"СП 42.13330.2016, п. 9.6, табл. 9.1; ППМ 743-ПП, табл. 3.6.1"
signal_cable_061;запрет посадки;кустарник;;;;;;;;;полоса вокруг объекта «кабель связи», где кустарники не ставятся;;кабель связи;;0.7;"СП 42.13330.2016, п. 9.6, табл. 9.1; ППМ 743-ПП, табл. 3.6.1"
signal_cable_062;запрет посадки;дерево;;;;;;;;;полоса вокруг объекта «кабель связи», где деревья не ставятся;;кабель связи;;2.0;"СП 42.13330.2016, п. 9.6, табл. 9.1; ППМ 743-ПП, табл. 3.6.1"
signal_cable_062;запрет посадки;кустарник;;;;;;;;;полоса вокруг объекта «кабель связи», где кустарники не ставятся;;кабель связи;;0.7;"СП 42.13330.2016, п. 9.6, табл. 9.1; ППМ 743-ПП, табл. 3.6.1"
signal_cable_063;запрет посадки;дерево;;;;;;;;;полоса вокруг объекта «кабель связи», где деревья не ставятся;;кабель связи;;2.0;"СП 42.13330.2016, п. 9.6, табл. 9.1; ППМ 743-ПП, табл. 3.6.1"
signal_cable_063;запрет посадки;кустарник;;;;;;;;;полоса вокруг объекта «кабель связи», где кустарники не ставятся;;кабель связи;;0.7;"СП 42.13330.2016, п. 9.6, табл. 9.1; ППМ 743-ПП, табл. 3.6.1"
signal_cable_064;запрет посадки;дерево;;;;;;;;;полоса вокруг объекта «кабель связи», где деревья не ставятся;;кабель связи;;2.0;"СП 42.13330.2016, п. 9.6, табл. 9.1; ППМ 743-ПП, табл. 3.6.1"
signal_cable_064;запрет посадки;кустарник;;;;;;;;;полоса вокруг объекта «кабель связи», где кустарники не ставятся;;кабель связи;;0.7;"СП 42.13330.2016, п. 9.6, табл. 9.1; ППМ 743-ПП, табл. 3.6.1"
signal_cable_065;запрет посадки;дерево;;;;;;;;;полоса вокруг объекта «кабель связи», где деревья не ставятся;;кабель связи;;2.0;"СП 42.13330.2016, п. 9.6, табл. 9.1; ППМ 743-ПП, табл. 3.6.1"
signal_cable_065;запрет посадки;кустарник;;;;;;;;;полоса вокруг объекта «кабель связи», где кустарники не ставятся;;кабель связи;;0.7;"СП 42.13330.2016, п. 9.6, табл. 9.1; ППМ 743-ПП, табл. 3.6.1"
signal_cable_066;запрет посадки;дерево;;;;;;;;;полоса вокруг объекта «кабель связи», где деревья не ставятся;;кабель связи;;2.0;"СП 42.13330.2016, п. 9.6, табл. 9.1; ППМ 743-ПП, табл. 3.6.1"
signal_cable_066;запрет посадки;кустарник;;;;;;;;;полоса вокруг объекта «кабель связи», где кустарники не ставятся;;кабель связи;;0.7;"СП 42.13330.2016, п. 9.6, табл. 9.1; ППМ 743-ПП, табл. 3.6.1"
signal_cable_067;запрет посадки;дерево;;;;;;;;;полоса вокруг объекта «кабель связи», где деревья не ставятся;;кабель связи;;2.0;"СП 42.13330.2016, п. 9.6, табл. 9.1; ППМ 743-ПП, табл. 3.6.1"
signal_cable_067;запрет посадки;кустарник;;;;;;;;;полоса вокруг объекта «кабель связи», где кустарники не ставятся;;кабель связи;;0.7;"СП 42.13330.2016, п. 9.6, табл. 9.1; ППМ 743-ПП, табл. 3.6.1"
signal_cable_068;запрет посадки;дерево;;;;;;;;;полоса вокруг объекта «кабель связи», где деревья не ставятся;;кабель связи;;2.0;"СП 42.13330.2016, п. 9.6, табл. 9.1; ППМ 743-ПП, табл. 3.6.1"
signal_cable_068;запрет посадки;кустарник;;;;;;;;;полоса вокруг объекта «кабель связи», где кустарники не ставятся;;кабель связи;;0.7;"СП 42.13330.2016, п. 9.6, табл. 9.1; ППМ 743-ПП, табл. 3.6.1"
signal_cable_069;запрет посадки;дерево;;;;;;;;;полоса вокруг объекта «кабель связи», где деревья не ставятся;;кабель связи;;2.0;"СП 42.13330.2016, п. 9.6, табл. 9.1; ППМ 743-ПП, табл. 3.6.1"
signal_cable_069;запрет посадки;кустарник;;;;;;;;;полоса вокруг объекта «кабель связи», где кустарники не ставятся;;кабель связи;;0.7;"СП 42.13330.2016, п. 9.6, табл. 9.1; ППМ 743-ПП, табл. 3.6.1"
signal_cable_070;запрет посадки;дерево;;;;;;;;;полоса вокруг объекта «кабель связи», где деревья не ставятся;;кабель связи;;2.0;"СП 42.13330.2016, п. 9.6, табл. 9.1; ППМ 743-ПП, табл. 3.6.1"
signal_cable_070;запрет посадки;кустарник;;;;;;;;;полоса вокруг объекта «кабель связи», где кустарники не ставятся;;кабель связи;;0.7;"СП 42.13330.2016, п. 9.6, табл. 9.1; ППМ 743-ПП, табл. 3.6.1"
signal_cable_071;запрет посадки;дерево;;;;;;;;;полоса вокруг объекта «кабель связи», где деревья не ставятся;;кабель связи;;2.0;"СП 42.13330.2016, п. 9.6, табл. 9.1; ППМ 743-ПП, табл. 3.6.1"
signal_cable_071;запрет посадки;кустарник;;;;;;;;;полоса вокруг объекта «кабель связи», где кустарники не ставятся;;кабель связи;;0.7;"СП 42.13330.2016, п. 9.6, табл. 9.1; ППМ 743-ПП, табл. 3.6.1"
signal_cable_072;запрет посадки;дерево;;;;;;;;;полоса вокруг объекта «кабель связи», где деревья не ставятся;;кабель связи;;2.0;"СП 42.13330.2016, п. 9.6, табл. 9.1; ППМ 743-ПП, табл. 3.6.1"
signal_cable_072;запрет посадки;кустарник;;;;;;;;;полоса вокруг объекта «кабель связи», где кустарники не ставятся;;кабель связи;;0.7;"СП 42.13330.2016, п. 9.6, табл. 9.1; ППМ 743-ПП, табл. 3.6.1"
signal_cable_073;запрет посадки;дерево;;;;;;;;;полоса вокруг объекта «кабель связи», где деревья не ставятся;;кабель связи;;2.0;"СП 42.13330.2016, п. 9.6, табл. 9.1; ППМ 743-ПП, табл. 3.6.1"
signal_cable_073;запрет посадки;кустарник;;;;;;;;;полоса вокруг объекта «кабель связи», где кустарники не ставятся;;кабель связи;;0.7;"СП 42.13330.2016, п. 9.6, табл. 9.1; ППМ 743-ПП, табл. 3.6.1"
signal_cable_074;запрет посадки;дерево;;;;;;;;;полоса вокруг объекта «кабель связи», где деревья не ставятся;;кабель связи;;2.0;"СП 42.13330.2016, п. 9.6, табл. 9.1; ППМ 743-ПП, табл. 3.6.1"
signal_cable_074;запрет посадки;кустарник;;;;;;;;;полоса вокруг объекта «кабель связи», где кустарники не ставятся;;кабель связи;;0.7;"СП 42.13330.2016, п. 9.6, табл. 9.1; ППМ 743-ПП, табл. 3.6.1"
signal_cable_075;запрет посадки;дерево;;;;;;;;;полоса вокруг объекта «кабель связи», где деревья не ставятся;;кабель связи;;2.0;"СП 42.13330.2016, п. 9.6, табл. 9.1; ППМ 743-ПП, табл. 3.6.1"
signal_cable_075;запрет посадки;кустарник;;;;;;;;;полоса вокруг объекта «кабель связи», где кустарники не ставятся;;кабель связи;;0.7;"СП 42.13330.2016, п. 9.6, табл. 9.1; ППМ 743-ПП, табл. 3.6.1"
signal_cable_076;запрет посадки;дерево;;;;;;;;;полоса вокруг объекта «кабель связи», где деревья не ставятся;;кабель связи;;2.0;"СП 42.13330.2016, п. 9.6, табл. 9.1; ППМ 743-ПП, табл. 3.6.1"
signal_cable_076;запрет посадки;кустарник;;;;;;;;;полоса вокруг объекта «кабель связи», где кустарники не ставятся;;кабель связи;;0.7;"СП 42.13330.2016, п. 9.6, табл. 9.1; ППМ 743-ПП, табл. 3.6.1"
signal_cable_077;запрет посадки;дерево;;;;;;;;;полоса вокруг объекта «кабель связи», где деревья не ставятся;;кабель связи;;2.0;"СП 42.13330.2016, п. 9.6, табл. 9.1; ППМ 743-ПП, табл. 3.6.1"
signal_cable_077;запрет посадки;кустарник;;;;;;;;;полоса вокруг объекта «кабель связи», где кустарники не ставятся;;кабель связи;;0.7;"СП 42.13330.2016, п. 9.6, табл. 9.1; ППМ 743-ПП, табл. 3.6.1"
signal_cable_078;запрет посадки;дерево;;;;;;;;;полоса вокруг объекта «кабель связи», где деревья не ставятся;;кабель связи;;2.0;"СП 42.13330.2016, п. 9.6, табл. 9.1; ППМ 743-ПП, табл. 3.6.1"
signal_cable_078;запрет посадки;кустарник;;;;;;;;;полоса вокруг объекта «кабель связи», где кустарники не ставятся;;кабель связи;;0.7;"СП 42.13330.2016, п. 9.6, табл. 9.1; ППМ 743-ПП, табл. 3.6.1"
signal_cable_079;запрет посадки;дерево;;;;;;;;;полоса вокруг объекта «кабель связи», где деревья не ставятся;;кабель связи;;2.0;"СП 42.13330.2016, п. 9.6, табл. 9.1; ППМ 743-ПП, табл. 3.6.1"
signal_cable_079;запрет посадки;кустарник;;;;;;;;;полоса вокруг объекта «кабель связи», где кустарники не ставятся;;кабель связи;;0.7;"СП 42.13330.2016, п. 9.6, табл. 9.1; ППМ 743-ПП, табл. 3.6.1"
signal_cable_080;запрет посадки;дерево;;;;;;;;;полоса вокруг объекта «кабель связи», где деревья не ставятся;;кабель связи;;2.0;"СП 42.13330.2016, п. 9.6, табл. 9.1; ППМ 743-ПП, табл. 3.6.1"
signal_cable_080;запрет посадки;кустарник;;;;;;;;;полоса вокруг объекта «кабель связи», где кустарники не ставятся;;кабель связи;;0.7;"СП 42.13330.2016, п. 9.6, табл. 9.1; ППМ 743-ПП, табл. 3.6.1"
signal_cable_081;запрет посадки;дерево;;;;;;;;;полоса вокруг объекта «кабель связи», где деревья не ставятся;;кабель связи;;2.0;"СП 42.13330.2016, п. 9.6, табл. 9.1; ППМ 743-ПП, табл. 3.6.1"
signal_cable_081;запрет посадки;кустарник;;;;;;;;;полоса вокруг объекта «кабель связи», где кустарники не ставятся;;кабель связи;;0.7;"СП 42.13330.2016, п. 9.6, табл. 9.1; ППМ 743-ПП, табл. 3.6.1"
signal_cable_082;запрет посадки;дерево;;;;;;;;;полоса вокруг объекта «кабель связи», где деревья не ставятся;;кабель связи;;2.0;"СП 42.13330.2016, п. 9.6, табл. 9.1; ППМ 743-ПП, табл. 3.6.1"
signal_cable_082;запрет посадки;кустарник;;;;;;;;;полоса вокруг объекта «кабель связи», где кустарники не ставятся;;кабель связи;;0.7;"СП 42.13330.2016, п. 9.6, табл. 9.1; ППМ 743-ПП, табл. 3.6.1"
signal_cable_083;запрет посадки;дерево;;;;;;;;;полоса вокруг объекта «кабель связи», где деревья не ставятся;;кабель связи;;2.0;"СП 42.13330.2016, п. 9.6, табл. 9.1; ППМ 743-ПП, табл. 3.6.1"
signal_cable_083;запрет посадки;кустарник;;;;;;;;;полоса вокруг объекта «кабель связи», где кустарники не ставятся;;кабель связи;;0.7;"СП 42.13330.2016, п. 9.6, табл. 9.1; ППМ 743-ПП, табл. 3.6.1"
signal_cable_084;запрет посадки;дерево;;;;;;;;;полоса вокруг объекта «кабель связи», где деревья не ставятся;;кабель связи;;2.0;"СП 42.13330.2016, п. 9.6, табл. 9.1; ППМ 743-ПП, табл. 3.6.1"
signal_cable_084;запрет посадки;кустарник;;;;;;;;;полоса вокруг объекта «кабель связи», где кустарники не ставятся;;кабель связи;;0.7;"СП 42.13330.2016, п. 9.6, табл. 9.1; ППМ 743-ПП, табл. 3.6.1"
signal_cable_085;запрет посадки;дерево;;;;;;;;;полоса вокруг объекта «кабель связи», где деревья не ставятся;;кабель связи;;2.0;"СП 42.13330.2016, п. 9.6, табл. 9.1; ППМ 743-ПП, табл. 3.6.1"
signal_cable_085;запрет посадки;кустарник;;;;;;;;;полоса вокруг объекта «кабель связи», где кустарники не ставятся;;кабель связи;;0.7;"СП 42.13330.2016, п. 9.6, табл. 9.1; ППМ 743-ПП, табл. 3.6.1"
signal_cable_086;запрет посадки;дерево;;;;;;;;;полоса вокруг объекта «кабель связи», где деревья не ставятся;;кабель связи;;2.0;"СП 42.13330.2016, п. 9.6, табл. 9.1; ППМ 743-ПП, табл. 3.6.1"
signal_cable_086;запрет посадки;кустарник;;;;;;;;;полоса вокруг объекта «кабель связи», где кустарники не ставятся;;кабель связи;;0.7;"СП 42.13330.2016, п. 9.6, табл. 9.1; ППМ 743-ПП, табл. 3.6.1"
signal_cable_087;запрет посадки;дерево;;;;;;;;;полоса вокруг объекта «кабель связи», где деревья не ставятся;;кабель связи;;2.0;"СП 42.13330.2016, п. 9.6, табл. 9.1; ППМ 743-ПП, табл. 3.6.1"
signal_cable_087;запрет посадки;кустарник;;;;;;;;;полоса вокруг объекта «кабель связи», где кустарники не ставятся;;кабель связи;;0.7;"СП 42.13330.2016, п. 9.6, табл. 9.1; ППМ 743-ПП, табл. 3.6.1"
signal_cable_088;запрет посадки;дерево;;;;;;;;;полоса вокруг объекта «кабель связи», где деревья не ставятся;;кабель связи;;2.0;"СП 42.13330.2016, п. 9.6, табл. 9.1; ППМ 743-ПП, табл. 3.6.1"
signal_cable_088;запрет посадки;кустарник;;;;;;;;;полоса вокруг объекта «кабель связи», где кустарники не ставятся;;кабель связи;;0.7;"СП 42.13330.2016, п. 9.6, табл. 9.1; ППМ 743-ПП, табл. 3.6.1"
signal_cable_089;запрет посадки;дерево;;;;;;;;;полоса вокруг объекта «кабель связи», где деревья не ставятся;;кабель связи;;2.0;"СП 42.13330.2016, п. 9.6, табл. 9.1; ППМ 743-ПП, табл. 3.6.1"
signal_cable_089;запрет посадки;кустарник;;;;;;;;;полоса вокруг объекта «кабель связи», где кустарники не ставятся;;кабель связи;;0.7;"СП 42.13330.2016, п. 9.6, табл. 9.1; ППМ 743-ПП, табл. 3.6.1"
signal_cable_090;запрет посадки;дерево;;;;;;;;;полоса вокруг объекта «кабель связи», где деревья не ставятся;;кабель связи;;2.0;"СП 42.13330.2016, п. 9.6, табл. 9.1; ППМ 743-ПП, табл. 3.6.1"
signal_cable_090;запрет посадки;кустарник;;;;;;;;;полоса вокруг объекта «кабель связи», где кустарники не ставятся;;кабель связи;;0.7;"СП 42.13330.2016, п. 9.6, табл. 9.1; ППМ 743-ПП, табл. 3.6.1"
signal_cable_091;запрет посадки;дерево;;;;;;;;;полоса вокруг объекта «кабель связи», где деревья не ставятся;;кабель связи;;2.0;"СП 42.13330.2016, п. 9.6, табл. 9.1; ППМ 743-ПП, табл. 3.6.1"
signal_cable_091;запрет посадки;кустарник;;;;;;;;;полоса вокруг объекта «кабель связи», где кустарники не ставятся;;кабель связи;;0.7;"СП 42.13330.2016, п. 9.6, табл. 9.1; ППМ 743-ПП, табл. 3.6.1"
signal_cable_092;запрет посадки;дерево;;;;;;;;;полоса вокруг объекта «кабель связи», где деревья не ставятся;;кабель связи;;2.0;"СП 42.13330.2016, п. 9.6, табл. 9.1; ППМ 743-ПП, табл. 3.6.1"
signal_cable_092;запрет посадки;кустарник;;;;;;;;;полоса вокруг объекта «кабель связи», где кустарники не ставятся;;кабель связи;;0.7;"СП 42.13330.2016, п. 9.6, табл. 9.1; ППМ 743-ПП, табл. 3.6.1"
signal_cable_093;запрет посадки;дерево;;;;;;;;;полоса вокруг объекта «кабель связи», где деревья не ставятся;;кабель связи;;2.0;"СП 42.13330.2016, п. 9.6, табл. 9.1; ППМ 743-ПП, табл. 3.6.1"
signal_cable_093;запрет посадки;кустарник;;;;;;;;;полоса вокруг объекта «кабель связи», где кустарники не ставятся;;кабель связи;;0.7;"СП 42.13330.2016, п. 9.6, табл. 9.1; ППМ 743-ПП, табл. 3.6.1"
signal_cable_094;запрет посадки;дерево;;;;;;;;;полоса вокруг объекта «кабель связи», где деревья не ставятся;;кабель связи;;2.0;"СП 42.13330.2016, п. 9.6, табл. 9.1; ППМ 743-ПП, табл. 3.6.1"
signal_cable_094;запрет посадки;кустарник;;;;;;;;;полоса вокруг объекта «кабель связи», где кустарники не ставятся;;кабель связи;;0.7;"СП 42.13330.2016, п. 9.6, табл. 9.1; ППМ 743-ПП, табл. 3.6.1"
signal_cable_095;запрет посадки;дерево;;;;;;;;;полоса вокруг объекта «кабель связи», где деревья не ставятся;;кабель связи;;2.0;"СП 42.13330.2016, п. 9.6, табл. 9.1; ППМ 743-ПП, табл. 3.6.1"
signal_cable_095;запрет посадки;кустарник;;;;;;;;;полоса вокруг объекта «кабель связи», где кустарники не ставятся;;кабель связи;;0.7;"СП 42.13330.2016, п. 9.6, табл. 9.1; ППМ 743-ПП, табл. 3.6.1"
signal_cable_096;запрет посадки;дерево;;;;;;;;;полоса вокруг объекта «кабель связи», где деревья не ставятся;;кабель связи;;2.0;"СП 42.13330.2016, п. 9.6, табл. 9.1; ППМ 743-ПП, табл. 3.6.1"
signal_cable_096;запрет посадки;кустарник;;;;;;;;;полоса вокруг объекта «кабель связи», где кустарники не ставятся;;кабель связи;;0.7;"СП 42.13330.2016, п. 9.6, табл. 9.1; ППМ 743-ПП, табл. 3.6.1"
signal_cable_097;запрет посадки;дерево;;;;;;;;;полоса вокруг объекта «кабель связи», где деревья не ставятся;;кабель связи;;2.0;"СП 42.13330.2016, п. 9.6, табл. 9.1; ППМ 743-ПП, табл. 3.6.1"
signal_cable_097;запрет посадки;кустарник;;;;;;;;;полоса вокруг объекта «кабель связи», где кустарники не ставятся;;кабель связи;;0.7;"СП 42.13330.2016, п. 9.6, табл. 9.1; ППМ 743-ПП, табл. 3.6.1"
signal_cable_098;запрет посадки;дерево;;;;;;;;;полоса вокруг объекта «кабель связи», где деревья не ставятся;;кабель связи;;2.0;"СП 42.13330.2016, п. 9.6, табл. 9.1; ППМ 743-ПП, табл. 3.6.1"
signal_cable_098;запрет посадки;кустарник;;;;;;;;;полоса вокруг объекта «кабель связи», где кустарники не ставятся;;кабель связи;;0.7;"СП 42.13330.2016, п. 9.6, табл. 9.1; ППМ 743-ПП, табл. 3.6.1"
signal_cable_099;запрет посадки;дерево;;;;;;;;;полоса вокруг объекта «кабель связи», где деревья не ставятся;;кабель связи;;2.0;"СП 42.13330.2016, п. 9.6, табл. 9.1; ППМ 743-ПП, табл. 3.6.1"
signal_cable_099;запрет посадки;кустарник;;;;;;;;;полоса вокруг объекта «кабель связи», где кустарники не ставятся;;кабель связи;;0.7;"СП 42.13330.2016, п. 9.6, табл. 9.1; ППМ 743-ПП, табл. 3.6.1"
signal_cable_100;запрет посадки;дерево;;;;;;;;;полоса вокруг объекта «кабель связи», где деревья не ставятся;;кабель связи;;2.0;"СП 42.13330.2016, п. 9.6, табл. 9.1; ППМ 743-ПП, табл. 3.6.1"
signal_cable_100;запрет посадки;кустарник;;;;;;;;;полоса вокруг объекта «кабель связи», где кустарники не ставятся;;кабель связи;;0.7;"СП 42.13330.2016, п. 9.6, табл. 9.1; ППМ 743-ПП, табл. 3.6.1"
signal_cable_101;запрет посадки;дерево;;;;;;;;;полоса вокруг объекта «кабель связи», где деревья не ставятся;;кабель связи;;2.0;"СП 42.13330.2016, п. 9.6, табл. 9.1; ППМ 743-ПП, табл. 3.6.1"
signal_cable_101;запрет посадки;кустарник;;;;;;;;;полоса вокруг объекта «кабель связи», где кустарники не ставятся;;кабель связи;;0.7;"СП 42.13330.2016, п. 9.6, табл. 9.1; ППМ 743-ПП, табл. 3.6.1"
signal_cable_102;запрет посадки;дерево;;;;;;;;;полоса вокруг объекта «кабель связи», где деревья не ставятся;;кабель связи;;2.0;"СП 42.13330.2016, п. 9.6, табл. 9.1; ППМ 743-ПП, табл. 3.6.1"
signal_cable_102;запрет посадки;кустарник;;;;;;;;;полоса вокруг объекта «кабель связи», где кустарники не ставятся;;кабель связи;;0.7;"СП 42.13330.2016, п. 9.6, табл. 9.1; ППМ 743-ПП, табл. 3.6.1"
signal_cable_103;запрет посадки;дерево;;;;;;;;;полоса вокруг объекта «кабель связи», где деревья не ставятся;;кабель связи;;2.0;"СП 42.13330.2016, п. 9.6, табл. 9.1; ППМ 743-ПП, табл. 3.6.1"
signal_cable_103;запрет посадки;кустарник;;;;;;;;;полоса вокруг объекта «кабель связи», где кустарники не ставятся;;кабель связи;;0.7;"СП 42.13330.2016, п. 9.6, табл. 9.1; ППМ 743-ПП, табл. 3.6.1"
signal_cable_104;запрет посадки;дерево;;;;;;;;;полоса вокруг объекта «кабель связи», где деревья не ставятся;;кабель связи;;2.0;"СП 42.13330.2016, п. 9.6, табл. 9.1; ППМ 743-ПП, табл. 3.6.1"
signal_cable_104;запрет посадки;кустарник;;;;;;;;;полоса вокруг объекта «кабель связи», где кустарники не ставятся;;кабель связи;;0.7;"СП 42.13330.2016, п. 9.6, табл. 9.1; ППМ 743-ПП, табл. 3.6.1"
signal_cable_105;запрет посадки;дерево;;;;;;;;;полоса вокруг объекта «кабель связи», где деревья не ставятся;;кабель связи;;2.0;"СП 42.13330.2016, п. 9.6, табл. 9.1; ППМ 743-ПП, табл. 3.6.1"
signal_cable_105;запрет посадки;кустарник;;;;;;;;;полоса вокруг объекта «кабель связи», где кустарники не ставятся;;кабель связи;;0.7;"СП 42.13330.2016, п. 9.6, табл. 9.1; ППМ 743-ПП, табл. 3.6.1"
signal_cable_106;запрет посадки;дерево;;;;;;;;;полоса вокруг объекта «кабель связи», где деревья не ставятся;;кабель связи;;2.0;"СП 42.13330.2016, п. 9.6, табл. 9.1; ППМ 743-ПП, табл. 3.6.1"
signal_cable_106;запрет посадки;кустарник;;;;;;;;;полоса вокруг объекта «кабель связи», где кустарники не ставятся;;кабель связи;;0.7;"СП 42.13330.2016, п. 9.6, табл. 9.1; ППМ 743-ПП, табл. 3.6.1"
signal_cable_107;запрет посадки;дерево;;;;;;;;;полоса вокруг объекта «кабель связи», где деревья не ставятся;;кабель связи;;2.0;"СП 42.13330.2016, п. 9.6, табл. 9.1; ППМ 743-ПП, табл. 3.6.1"
signal_cable_107;запрет посадки;кустарник;;;;;;;;;полоса вокруг объекта «кабель связи», где кустарники не ставятся;;кабель связи;;0.7;"СП 42.13330.2016, п. 9.6, табл. 9.1; ППМ 743-ПП, табл. 3.6.1"
signal_cable_108;запрет посадки;дерево;;;;;;;;;полоса вокруг объекта «кабель связи», где деревья не ставятся;;кабель связи;;2.0;"СП 42.13330.2016, п. 9.6, табл. 9.1; ППМ 743-ПП, табл. 3.6.1"
signal_cable_108;запрет посадки;кустарник;;;;;;;;;полоса вокруг объекта «кабель связи», где кустарники не ставятся;;кабель связи;;0.7;"СП 42.13330.2016, п. 9.6, табл. 9.1; ППМ 743-ПП, табл. 3.6.1"
signal_cable_109;запрет посадки;дерево;;;;;;;;;полоса вокруг объекта «кабель связи», где деревья не ставятся;;кабель связи;;2.0;"СП 42.13330.2016, п. 9.6, табл. 9.1; ППМ 743-ПП, табл. 3.6.1"
signal_cable_109;запрет посадки;кустарник;;;;;;;;;полоса вокруг объекта «кабель связи», где кустарники не ставятся;;кабель связи;;0.7;"СП 42.13330.2016, п. 9.6, табл. 9.1; ППМ 743-ПП, табл. 3.6.1"
signal_cable_110;запрет посадки;дерево;;;;;;;;;полоса вокруг объекта «кабель связи», где деревья не ставятся;;кабель связи;;2.0;"СП 42.13330.2016, п. 9.6, табл. 9.1; ППМ 743-ПП, табл. 3.6.1"
signal_cable_110;запрет посадки;кустарник;;;;;;;;;полоса вокруг объекта «кабель связи», где кустарники не ставятся;;кабель связи;;0.7;"СП 42.13330.2016, п. 9.6, табл. 9.1; ППМ 743-ПП, табл. 3.6.1"
signal_cable_111;запрет посадки;дерево;;;;;;;;;полоса вокруг объекта «кабель связи», где деревья не ставятся;;кабель связи;;2.0;"СП 42.13330.2016, п. 9.6, табл. 9.1; ППМ 743-ПП, табл. 3.6.1"
signal_cable_111;запрет посадки;кустарник;;;;;;;;;полоса вокруг объекта «кабель связи», где кустарники не ставятся;;кабель связи;;0.7;"СП 42.13330.2016, п. 9.6, табл. 9.1; ППМ 743-ПП, табл. 3.6.1"
signal_cable_112;запрет посадки;дерево;;;;;;;;;полоса вокруг объекта «кабель связи», где деревья не ставятся;;кабель связи;;2.0;"СП 42.13330.2016, п. 9.6, табл. 9.1; ППМ 743-ПП, табл. 3.6.1"
signal_cable_112;запрет посадки;кустарник;;;;;;;;;полоса вокруг объекта «кабель связи», где кустарники не ставятся;;кабель связи;;0.7;"СП 42.13330.2016, п. 9.6, табл. 9.1; ППМ 743-ПП, табл. 3.6.1"
signal_cable_113;запрет посадки;дерево;;;;;;;;;полоса вокруг объекта «кабель связи», где деревья не ставятся;;кабель связи;;2.0;"СП 42.13330.2016, п. 9.6, табл. 9.1; ППМ 743-ПП, табл. 3.6.1"
signal_cable_113;запрет посадки;кустарник;;;;;;;;;полоса вокруг объекта «кабель связи», где кустарники не ставятся;;кабель связи;;0.7;"СП 42.13330.2016, п. 9.6, табл. 9.1; ППМ 743-ПП, табл. 3.6.1"
signal_cable_114;запрет посадки;дерево;;;;;;;;;полоса вокруг объекта «кабель связи», где деревья не ставятся;;кабель связи;;2.0;"СП 42.13330.2016, п. 9.6, табл. 9.1; ППМ 743-ПП, табл. 3.6.1"
signal_cable_114;запрет посадки;кустарник;;;;;;;;;полоса вокруг объекта «кабель связи», где кустарники не ставятся;;кабель связи;;0.7;"СП 42.13330.2016, п. 9.6, табл. 9.1; ППМ 743-ПП, табл. 3.6.1"
signal_cable_115;запрет посадки;дерево;;;;;;;;;полоса вокруг объекта «кабель связи», где деревья не ставятся;;кабель связи;;2.0;"СП 42.13330.2016, п. 9.6, табл. 9.1; ППМ 743-ПП, табл. 3.6.1"
signal_cable_115;запрет посадки;кустарник;;;;;;;;;полоса вокруг объекта «кабель связи», где кустарники не ставятся;;кабель связи;;0.7;"СП 42.13330.2016, п. 9.6, табл. 9.1; ППМ 743-ПП, табл. 3.6.1"
signal_cable_116;запрет посадки;дерево;;;;;;;;;полоса вокруг объекта «кабель связи», где деревья не ставятся;;кабель связи;;2.0;"СП 42.13330.2016, п. 9.6, табл. 9.1; ППМ 743-ПП, табл. 3.6.1"
signal_cable_116;запрет посадки;кустарник;;;;;;;;;полоса вокруг объекта «кабель связи», где кустарники не ставятся;;кабель связи;;0.7;"СП 42.13330.2016, п. 9.6, табл. 9.1; ППМ 743-ПП, табл. 3.6.1"
signal_cable_117;запрет посадки;дерево;;;;;;;;;полоса вокруг объекта «кабель связи», где деревья не ставятся;;кабель связи;;2.0;"СП 42.13330.2016, п. 9.6, табл. 9.1; ППМ 743-ПП, табл. 3.6.1"
signal_cable_117;запрет посадки;кустарник;;;;;;;;;полоса вокруг объекта «кабель связи», где кустарники не ставятся;;кабель связи;;0.7;"СП 42.13330.2016, п. 9.6, табл. 9.1; ППМ 743-ПП, табл. 3.6.1"
signal_cable_118;запрет посадки;дерево;;;;;;;;;полоса вокруг объекта «кабель связи», где деревья не ставятся;;кабель связи;;2.0;"СП 42.13330.2016, п. 9.6, табл. 9.1; ППМ 743-ПП, табл. 3.6.1"
signal_cable_118;запрет посадки;кустарник;;;;;;;;;полоса вокруг объекта «кабель связи», где кустарники не ставятся;;кабель связи;;0.7;"СП 42.13330.2016, п. 9.6, табл. 9.1; ППМ 743-ПП, табл. 3.6.1"
signal_cable_119;запрет посадки;дерево;;;;;;;;;полоса вокруг объекта «кабель связи», где деревья не ставятся;;кабель связи;;2.0;"СП 42.13330.2016, п. 9.6, табл. 9.1; ППМ 743-ПП, табл. 3.6.1"
signal_cable_119;запрет посадки;кустарник;;;;;;;;;полоса вокруг объекта «кабель связи», где кустарники не ставятся;;кабель связи;;0.7;"СП 42.13330.2016, п. 9.6, табл. 9.1; ППМ 743-ПП, табл. 3.6.1"
signal_cable_120;запрет посадки;дерево;;;;;;;;;полоса вокруг объекта «кабель связи», где деревья не ставятся;;кабель связи;;2.0;"СП 42.13330.2016, п. 9.6, табл. 9.1; ППМ 743-ПП, табл. 3.6.1"
signal_cable_120;запрет посадки;кустарник;;;;;;;;;полоса вокруг объекта «кабель связи», где кустарники не ставятся;;кабель связи;;0.7;"СП 42.13330.2016, п. 9.6, табл. 9.1; ППМ 743-ПП, табл. 3.6.1"
signal_cable_121;запрет посадки;дерево;;;;;;;;;полоса вокруг объекта «кабель связи», где деревья не ставятся;;кабель связи;;2.0;"СП 42.13330.2016, п. 9.6, табл. 9.1; ППМ 743-ПП, табл. 3.6.1"
signal_cable_121;запрет посадки;кустарник;;;;;;;;;полоса вокруг объекта «кабель связи», где кустарники не ставятся;;кабель связи;;0.7;"СП 42.13330.2016, п. 9.6, табл. 9.1; ППМ 743-ПП, табл. 3.6.1"
signal_cable_122;запрет посадки;дерево;;;;;;;;;полоса вокруг объекта «кабель связи», где деревья не ставятся;;кабель связи;;2.0;"СП 42.13330.2016, п. 9.6, табл. 9.1; ППМ 743-ПП, табл. 3.6.1"
signal_cable_122;запрет посадки;кустарник;;;;;;;;;полоса вокруг объекта «кабель связи», где кустарники не ставятся;;кабель связи;;0.7;"СП 42.13330.2016, п. 9.6, табл. 9.1; ППМ 743-ПП, табл. 3.6.1"
signal_cable_123;запрет посадки;дерево;;;;;;;;;полоса вокруг объекта «кабель связи», где деревья не ставятся;;кабель связи;;2.0;"СП 42.13330.2016, п. 9.6, табл. 9.1; ППМ 743-ПП, табл. 3.6.1"
signal_cable_123;запрет посадки;кустарник;;;;;;;;;полоса вокруг объекта «кабель связи», где кустарники не ставятся;;кабель связи;;0.7;"СП 42.13330.2016, п. 9.6, табл. 9.1; ППМ 743-ПП, табл. 3.6.1"
signal_cable_124;запрет посадки;дерево;;;;;;;;;полоса вокруг объекта «кабель связи», где деревья не ставятся;;кабель связи;;2.0;"СП 42.13330.2016, п. 9.6, табл. 9.1; ППМ 743-ПП, табл. 3.6.1"
signal_cable_124;запрет посадки;кустарник;;;;;;;;;полоса вокруг объекта «кабель связи», где кустарники не ставятся;;кабель связи;;0.7;"СП 42.13330.2016, п. 9.6, табл. 9.1; ППМ 743-ПП, табл. 3.6.1"
signal_cable_125;запрет посадки;дерево;;;;;;;;;полоса вокруг объекта «кабель связи», где деревья не ставятся;;кабель связи;;2.0;"СП 42.13330.2016, п. 9.6, табл. 9.1; ППМ 743-ПП, табл. 3.6.1"
signal_cable_125;запрет посадки;кустарник;;;;;;;;;полоса вокруг объекта «кабель связи», где кустарники не ставятся;;кабель связи;;0.7;"СП 42.13330.2016, п. 9.6, табл. 9.1; ППМ 743-ПП, табл. 3.6.1"
signal_cable_126;запрет посадки;дерево;;;;;;;;;полоса вокруг объекта «кабель связи», где деревья не ставятся;;кабель связи;;2.0;"СП 42.13330.2016, п. 9.6, табл. 9.1; ППМ 743-ПП, табл. 3.6.1"
signal_cable_126;запрет посадки;кустарник;;;;;;;;;полоса вокруг объекта «кабель связи», где кустарники не ставятся;;кабель связи;;0.7;"СП 42.13330.2016, п. 9.6, табл. 9.1; ППМ 743-ПП, табл. 3.6.1"
signal_cable_127;запрет посадки;дерево;;;;;;;;;полоса вокруг объекта «кабель связи», где деревья не ставятся;;кабель связи;;2.0;"СП 42.13330.2016, п. 9.6, табл. 9.1; ППМ 743-ПП, табл. 3.6.1"
signal_cable_127;запрет посадки;кустарник;;;;;;;;;полоса вокруг объекта «кабель связи», где кустарники не ставятся;;кабель связи;;0.7;"СП 42.13330.2016, п. 9.6, табл. 9.1; ППМ 743-ПП, табл. 3.6.1"
signal_cable_128;запрет посадки;дерево;;;;;;;;;полоса вокруг объекта «кабель связи», где деревья не ставятся;;кабель связи;;2.0;"СП 42.13330.2016, п. 9.6, табл. 9.1; ППМ 743-ПП, табл. 3.6.1"
signal_cable_128;запрет посадки;кустарник;;;;;;;;;полоса вокруг объекта «кабель связи», где кустарники не ставятся;;кабель связи;;0.7;"СП 42.13330.2016, п. 9.6, табл. 9.1; ППМ 743-ПП, табл. 3.6.1"
signal_cable_129;запрет посадки;дерево;;;;;;;;;полоса вокруг объекта «кабель связи», где деревья не ставятся;;кабель связи;;2.0;"СП 42.13330.2016, п. 9.6, табл. 9.1; ППМ 743-ПП, табл. 3.6.1"
signal_cable_129;запрет посадки;кустарник;;;;;;;;;полоса вокруг объекта «кабель связи», где кустарники не ставятся;;кабель связи;;0.7;"СП 42.13330.2016, п. 9.6, табл. 9.1; ППМ 743-ПП, табл. 3.6.1"
signal_cable_130;запрет посадки;дерево;;;;;;;;;полоса вокруг объекта «кабель связи», где деревья не ставятся;;кабель связи;;2.0;"СП 42.13330.2016, п. 9.6, табл. 9.1; ППМ 743-ПП, табл. 3.6.1"
signal_cable_130;запрет посадки;кустарник;;;;;;;;;полоса вокруг объекта «кабель связи», где кустарники не ставятся;;кабель связи;;0.7;"СП 42.13330.2016, п. 9.6, табл. 9.1; ППМ 743-ПП, табл. 3.6.1"
signal_cable_131;запрет посадки;дерево;;;;;;;;;полоса вокруг объекта «кабель связи», где деревья не ставятся;;кабель связи;;2.0;"СП 42.13330.2016, п. 9.6, табл. 9.1; ППМ 743-ПП, табл. 3.6.1"
signal_cable_131;запрет посадки;кустарник;;;;;;;;;полоса вокруг объекта «кабель связи», где кустарники не ставятся;;кабель связи;;0.7;"СП 42.13330.2016, п. 9.6, табл. 9.1; ППМ 743-ПП, табл. 3.6.1"
signal_cable_132;запрет посадки;дерево;;;;;;;;;полоса вокруг объекта «кабель связи», где деревья не ставятся;;кабель связи;;2.0;"СП 42.13330.2016, п. 9.6, табл. 9.1; ППМ 743-ПП, табл. 3.6.1"
signal_cable_132;запрет посадки;кустарник;;;;;;;;;полоса вокруг объекта «кабель связи», где кустарники не ставятся;;кабель связи;;0.7;"СП 42.13330.2016, п. 9.6, табл. 9.1; ППМ 743-ПП, табл. 3.6.1"
signal_cable_133;запрет посадки;дерево;;;;;;;;;полоса вокруг объекта «кабель связи», где деревья не ставятся;;кабель связи;;2.0;"СП 42.13330.2016, п. 9.6, табл. 9.1; ППМ 743-ПП, табл. 3.6.1"
signal_cable_133;запрет посадки;кустарник;;;;;;;;;полоса вокруг объекта «кабель связи», где кустарники не ставятся;;кабель связи;;0.7;"СП 42.13330.2016, п. 9.6, табл. 9.1; ППМ 743-ПП, табл. 3.6.1"
signal_cable_134;запрет посадки;дерево;;;;;;;;;полоса вокруг объекта «кабель связи», где деревья не ставятся;;кабель связи;;2.0;"СП 42.13330.2016, п. 9.6, табл. 9.1; ППМ 743-ПП, табл. 3.6.1"
signal_cable_134;запрет посадки;кустарник;;;;;;;;;полоса вокруг объекта «кабель связи», где кустарники не ставятся;;кабель связи;;0.7;"СП 42.13330.2016, п. 9.6, табл. 9.1; ППМ 743-ПП, табл. 3.6.1"
signal_cable_135;запрет посадки;дерево;;;;;;;;;полоса вокруг объекта «кабель связи», где деревья не ставятся;;кабель связи;;2.0;"СП 42.13330.2016, п. 9.6, табл. 9.1; ППМ 743-ПП, табл. 3.6.1"
signal_cable_135;запрет посадки;кустарник;;;;;;;;;полоса вокруг объекта «кабель связи», где кустарники не ставятся;;кабель связи;;0.7;"СП 42.13330.2016, п. 9.6, табл. 9.1; ППМ 743-ПП, табл. 3.6.1"
signal_cable_136;запрет посадки;дерево;;;;;;;;;полоса вокруг объекта «кабель связи», где деревья не ставятся;;кабель связи;;2.0;"СП 42.13330.2016, п. 9.6, табл. 9.1; ППМ 743-ПП, табл. 3.6.1"
signal_cable_136;запрет посадки;кустарник;;;;;;;;;полоса вокруг объекта «кабель связи», где кустарники не ставятся;;кабель связи;;0.7;"СП 42.13330.2016, п. 9.6, табл. 9.1; ППМ 743-ПП, табл. 3.6.1"
signal_cable_137;запрет посадки;дерево;;;;;;;;;полоса вокруг объекта «кабель связи», где деревья не ставятся;;кабель связи;;2.0;"СП 42.13330.2016, п. 9.6, табл. 9.1; ППМ 743-ПП, табл. 3.6.1"
signal_cable_137;запрет посадки;кустарник;;;;;;;;;полоса вокруг объекта «кабель связи», где кустарники не ставятся;;кабель связи;;0.7;"СП 42.13330.2016, п. 9.6, табл. 9.1; ППМ 743-ПП, табл. 3.6.1"
signal_cable_138;запрет посадки;дерево;;;;;;;;;полоса вокруг объекта «кабель связи», где деревья не ставятся;;кабель связи;;2.0;"СП 42.13330.2016, п. 9.6, табл. 9.1; ППМ 743-ПП, табл. 3.6.1"
signal_cable_138;запрет посадки;кустарник;;;;;;;;;полоса вокруг объекта «кабель связи», где кустарники не ставятся;;кабель связи;;0.7;"СП 42.13330.2016, п. 9.6, табл. 9.1; ППМ 743-ПП, табл. 3.6.1"
signal_cable_139;запрет посадки;дерево;;;;;;;;;полоса вокруг объекта «кабель связи», где деревья не ставятся;;кабель связи;;2.0;"СП 42.13330.2016, п. 9.6, табл. 9.1; ППМ 743-ПП, табл. 3.6.1"
signal_cable_139;запрет посадки;кустарник;;;;;;;;;полоса вокруг объекта «кабель связи», где кустарники не ставятся;;кабель связи;;0.7;"СП 42.13330.2016, п. 9.6, табл. 9.1; ППМ 743-ПП, табл. 3.6.1"
signal_cable_140;запрет посадки;дерево;;;;;;;;;полоса вокруг объекта «кабель связи», где деревья не ставятся;;кабель связи;;2.0;"СП 42.13330.2016, п. 9.6, табл. 9.1; ППМ 743-ПП, табл. 3.6.1"
signal_cable_140;запрет посадки;кустарник;;;;;;;;;полоса вокруг объекта «кабель связи», где кустарники не ставятся;;кабель связи;;0.7;"СП 42.13330.2016, п. 9.6, табл. 9.1; ППМ 743-ПП, табл. 3.6.1"
signal_cable_141;запрет посадки;дерево;;;;;;;;;полоса вокруг объекта «кабель связи», где деревья не ставятся;;кабель связи;;2.0;"СП 42.13330.2016, п. 9.6, табл. 9.1; ППМ 743-ПП, табл. 3.6.1"
signal_cable_141;запрет посадки;кустарник;;;;;;;;;полоса вокруг объекта «кабель связи», где кустарники не ставятся;;кабель связи;;0.7;"СП 42.13330.2016, п. 9.6, табл. 9.1; ППМ 743-ПП, табл. 3.6.1"
signal_cable_142;запрет посадки;дерево;;;;;;;;;полоса вокруг объекта «кабель связи», где деревья не ставятся;;кабель связи;;2.0;"СП 42.13330.2016, п. 9.6, табл. 9.1; ППМ 743-ПП, табл. 3.6.1"
signal_cable_142;запрет посадки;кустарник;;;;;;;;;полоса вокруг объекта «кабель связи», где кустарники не ставятся;;кабель связи;;0.7;"СП 42.13330.2016, п. 9.6, табл. 9.1; ППМ 743-ПП, табл. 3.6.1"
signal_cable_143;запрет посадки;дерево;;;;;;;;;полоса вокруг объекта «кабель связи», где деревья не ставятся;;кабель связи;;2.0;"СП 42.13330.2016, п. 9.6, табл. 9.1; ППМ 743-ПП, табл. 3.6.1"
signal_cable_143;запрет посадки;кустарник;;;;;;;;;полоса вокруг объекта «кабель связи», где кустарники не ставятся;;кабель связи;;0.7;"СП 42.13330.2016, п. 9.6, табл. 9.1; ППМ 743-ПП, табл. 3.6.1"
signal_cable_144;запрет посадки;дерево;;;;;;;;;полоса вокруг объекта «кабель связи», где деревья не ставятся;;кабель связи;;2.0;"СП 42.13330.2016, п. 9.6, табл. 9.1; ППМ 743-ПП, табл. 3.6.1"
signal_cable_144;запрет посадки;кустарник;;;;;;;;;полоса вокруг объекта «кабель связи», где кустарники не ставятся;;кабель связи;;0.7;"СП 42.13330.2016, п. 9.6, табл. 9.1; ППМ 743-ПП, табл. 3.6.1"
signal_cable_145;запрет посадки;дерево;;;;;;;;;полоса вокруг объекта «кабель связи», где деревья не ставятся;;кабель связи;;2.0;"СП 42.13330.2016, п. 9.6, табл. 9.1; ППМ 743-ПП, табл. 3.6.1"
signal_cable_145;запрет посадки;кустарник;;;;;;;;;полоса вокруг объекта «кабель связи», где кустарники не ставятся;;кабель связи;;0.7;"СП 42.13330.2016, п. 9.6, табл. 9.1; ППМ 743-ПП, табл. 3.6.1"
signal_cable_146;запрет посадки;дерево;;;;;;;;;полоса вокруг объекта «кабель связи», где деревья не ставятся;;кабель связи;;2.0;"СП 42.13330.2016, п. 9.6, табл. 9.1; ППМ 743-ПП, табл. 3.6.1"
signal_cable_146;запрет посадки;кустарник;;;;;;;;;полоса вокруг объекта «кабель связи», где кустарники не ставятся;;кабель связи;;0.7;"СП 42.13330.2016, п. 9.6, табл. 9.1; ППМ 743-ПП, табл. 3.6.1"
signal_cable_147;запрет посадки;дерево;;;;;;;;;полоса вокруг объекта «кабель связи», где деревья не ставятся;;кабель связи;;2.0;"СП 42.13330.2016, п. 9.6, табл. 9.1; ППМ 743-ПП, табл. 3.6.1"
signal_cable_147;запрет посадки;кустарник;;;;;;;;;полоса вокруг объекта «кабель связи», где кустарники не ставятся;;кабель связи;;0.7;"СП 42.13330.2016, п. 9.6, табл. 9.1; ППМ 743-ПП, табл. 3.6.1"
signal_cable_148;запрет посадки;дерево;;;;;;;;;полоса вокруг объекта «кабель связи», где деревья не ставятся;;кабель связи;;2.0;"СП 42.13330.2016, п. 9.6, табл. 9.1; ППМ 743-ПП, табл. 3.6.1"
signal_cable_148;запрет посадки;кустарник;;;;;;;;;полоса вокруг объекта «кабель связи», где кустарники не ставятся;;кабель связи;;0.7;"СП 42.13330.2016, п. 9.6, табл. 9.1; ППМ 743-ПП, табл. 3.6.1"
signal_cable_149;запрет посадки;дерево;;;;;;;;;полоса вокруг объекта «кабель связи», где деревья не ставятся;;кабель связи;;2.0;"СП 42.13330.2016, п. 9.6, табл. 9.1; ППМ 743-ПП, табл. 3.6.1"
signal_cable_149;запрет посадки;кустарник;;;;;;;;;полоса вокруг объекта «кабель связи», где кустарники не ставятся;;кабель связи;;0.7;"СП 42.13330.2016, п. 9.6, табл. 9.1; ППМ 743-ПП, табл. 3.6.1"
signal_cable_150;запрет посадки;дерево;;;;;;;;;полоса вокруг объекта «кабель связи», где деревья не ставятся;;кабель связи;;2.0;"СП 42.13330.2016, п. 9.6, табл. 9.1; ППМ 743-ПП, табл. 3.6.1"
signal_cable_150;запрет посадки;кустарник;;;;;;;;;полоса вокруг объекта «кабель связи», где кустарники не ставятся;;кабель связи;;0.7;"СП 42.13330.2016, п. 9.6, табл. 9.1; ППМ 743-ПП, табл. 3.6.1"
signal_cable_151;запрет посадки;дерево;;;;;;;;;полоса вокруг объекта «кабель связи», где деревья не ставятся;;кабель связи;;2.0;"СП 42.13330.2016, п. 9.6, табл. 9.1; ППМ 743-ПП, табл. 3.6.1"
signal_cable_151;запрет посадки;кустарник;;;;;;;;;полоса вокруг объекта «кабель связи», где кустарники не ставятся;;кабель связи;;0.7;"СП 42.13330.2016, п. 9.6, табл. 9.1; ППМ 743-ПП, табл. 3.6.1"
signal_cable_152;запрет посадки;дерево;;;;;;;;;полоса вокруг объекта «кабель связи», где деревья не ставятся;;кабель связи;;2.0;"СП 42.13330.2016, п. 9.6, табл. 9.1; ППМ 743-ПП, табл. 3.6.1"
signal_cable_152;запрет посадки;кустарник;;;;;;;;;полоса вокруг объекта «кабель связи», где кустарники не ставятся;;кабель связи;;0.7;"СП 42.13330.2016, п. 9.6, табл. 9.1; ППМ 743-ПП, табл. 3.6.1"
signal_cable_153;запрет посадки;дерево;;;;;;;;;полоса вокруг объекта «кабель связи», где деревья не ставятся;;кабель связи;;2.0;"СП 42.13330.2016, п. 9.6, табл. 9.1; ППМ 743-ПП, табл. 3.6.1"
signal_cable_153;запрет посадки;кустарник;;;;;;;;;полоса вокруг объекта «кабель связи», где кустарники не ставятся;;кабель связи;;0.7;"СП 42.13330.2016, п. 9.6, табл. 9.1; ППМ 743-ПП, табл. 3.6.1"
signal_cable_154;запрет посадки;дерево;;;;;;;;;полоса вокруг объекта «кабель связи», где деревья не ставятся;;кабель связи;;2.0;"СП 42.13330.2016, п. 9.6, табл. 9.1; ППМ 743-ПП, табл. 3.6.1"
signal_cable_154;запрет посадки;кустарник;;;;;;;;;полоса вокруг объекта «кабель связи», где кустарники не ставятся;;кабель связи;;0.7;"СП 42.13330.2016, п. 9.6, табл. 9.1; ППМ 743-ПП, табл. 3.6.1"
signal_cable_155;запрет посадки;дерево;;;;;;;;;полоса вокруг объекта «кабель связи», где деревья не ставятся;;кабель связи;;2.0;"СП 42.13330.2016, п. 9.6, табл. 9.1; ППМ 743-ПП, табл. 3.6.1"
signal_cable_155;запрет посадки;кустарник;;;;;;;;;полоса вокруг объекта «кабель связи», где кустарники не ставятся;;кабель связи;;0.7;"СП 42.13330.2016, п. 9.6, табл. 9.1; ППМ 743-ПП, табл. 3.6.1"
signal_cable_156;запрет посадки;дерево;;;;;;;;;полоса вокруг объекта «кабель связи», где деревья не ставятся;;кабель связи;;2.0;"СП 42.13330.2016, п. 9.6, табл. 9.1; ППМ 743-ПП, табл. 3.6.1"
signal_cable_156;запрет посадки;кустарник;;;;;;;;;полоса вокруг объекта «кабель связи», где кустарники не ставятся;;кабель связи;;0.7;"СП 42.13330.2016, п. 9.6, табл. 9.1; ППМ 743-ПП, табл. 3.6.1"
signal_cable_157;запрет посадки;дерево;;;;;;;;;полоса вокруг объекта «кабель связи», где деревья не ставятся;;кабель связи;;2.0;"СП 42.13330.2016, п. 9.6, табл. 9.1; ППМ 743-ПП, табл. 3.6.1"
signal_cable_157;запрет посадки;кустарник;;;;;;;;;полоса вокруг объекта «кабель связи», где кустарники не ставятся;;кабель связи;;0.7;"СП 42.13330.2016, п. 9.6, табл. 9.1; ППМ 743-ПП, табл. 3.6.1"
signal_cable_158;запрет посадки;дерево;;;;;;;;;полоса вокруг объекта «кабель связи», где деревья не ставятся;;кабель связи;;2.0;"СП 42.13330.2016, п. 9.6, табл. 9.1; ППМ 743-ПП, табл. 3.6.1"
signal_cable_158;запрет посадки;кустарник;;;;;;;;;полоса вокруг объекта «кабель связи», где кустарники не ставятся;;кабель связи;;0.7;"СП 42.13330.2016, п. 9.6, табл. 9.1; ППМ 743-ПП, табл. 3.6.1"
signal_cable_159;запрет посадки;дерево;;;;;;;;;полоса вокруг объекта «кабель связи», где деревья не ставятся;;кабель связи;;2.0;"СП 42.13330.2016, п. 9.6, табл. 9.1; ППМ 743-ПП, табл. 3.6.1"
signal_cable_159;запрет посадки;кустарник;;;;;;;;;полоса вокруг объекта «кабель связи», где кустарники не ставятся;;кабель связи;;0.7;"СП 42.13330.2016, п. 9.6, табл. 9.1; ППМ 743-ПП, табл. 3.6.1"
signal_cable_160;запрет посадки;дерево;;;;;;;;;полоса вокруг объекта «кабель связи», где деревья не ставятся;;кабель связи;;2.0;"СП 42.13330.2016, п. 9.6, табл. 9.1; ППМ 743-ПП, табл. 3.6.1"
signal_cable_160;запрет посадки;кустарник;;;;;;;;;полоса вокруг объекта «кабель связи», где кустарники не ставятся;;кабель связи;;0.7;"СП 42.13330.2016, п. 9.6, табл. 9.1; ППМ 743-ПП, табл. 3.6.1"
signal_cable_161;запрет посадки;дерево;;;;;;;;;полоса вокруг объекта «кабель связи», где деревья не ставятся;;кабель связи;;2.0;"СП 42.13330.2016, п. 9.6, табл. 9.1; ППМ 743-ПП, табл. 3.6.1"
signal_cable_161;запрет посадки;кустарник;;;;;;;;;полоса вокруг объекта «кабель связи», где кустарники не ставятся;;кабель связи;;0.7;"СП 42.13330.2016, п. 9.6, табл. 9.1; ППМ 743-ПП, табл. 3.6.1"
signal_cable_162;запрет посадки;дерево;;;;;;;;;полоса вокруг объекта «кабель связи», где деревья не ставятся;;кабель связи;;2.0;"СП 42.13330.2016, п. 9.6, табл. 9.1; ППМ 743-ПП, табл. 3.6.1"
signal_cable_162;запрет посадки;кустарник;;;;;;;;;полоса вокруг объекта «кабель связи», где кустарники не ставятся;;кабель связи;;0.7;"СП 42.13330.2016, п. 9.6, табл. 9.1; ППМ 743-ПП, табл. 3.6.1"
signal_cable_163;запрет посадки;дерево;;;;;;;;;полоса вокруг объекта «кабель связи», где деревья не ставятся;;кабель связи;;2.0;"СП 42.13330.2016, п. 9.6, табл. 9.1; ППМ 743-ПП, табл. 3.6.1"
signal_cable_163;запрет посадки;кустарник;;;;;;;;;полоса вокруг объекта «кабель связи», где кустарники не ставятся;;кабель связи;;0.7;"СП 42.13330.2016, п. 9.6, табл. 9.1; ППМ 743-ПП, табл. 3.6.1"
signal_cable_164;запрет посадки;дерево;;;;;;;;;полоса вокруг объекта «кабель связи», где деревья не ставятся;;кабель связи;;2.0;"СП 42.13330.2016, п. 9.6, табл. 9.1; ППМ 743-ПП, табл. 3.6.1"
signal_cable_164;запрет посадки;кустарник;;;;;;;;;полоса вокруг объекта «кабель связи», где кустарники не ставятся;;кабель связи;;0.7;"СП 42.13330.2016, п. 9.6, табл. 9.1; ППМ 743-ПП, табл. 3.6.1"
signal_cable_165;запрет посадки;дерево;;;;;;;;;полоса вокруг объекта «кабель связи», где деревья не ставятся;;кабель связи;;2.0;"СП 42.13330.2016, п. 9.6, табл. 9.1; ППМ 743-ПП, табл. 3.6.1"
signal_cable_165;запрет посадки;кустарник;;;;;;;;;полоса вокруг объекта «кабель связи», где кустарники не ставятся;;кабель связи;;0.7;"СП 42.13330.2016, п. 9.6, табл. 9.1; ППМ 743-ПП, табл. 3.6.1"
signal_cable_166;запрет посадки;дерево;;;;;;;;;полоса вокруг объекта «кабель связи», где деревья не ставятся;;кабель связи;;2.0;"СП 42.13330.2016, п. 9.6, табл. 9.1; ППМ 743-ПП, табл. 3.6.1"
signal_cable_166;запрет посадки;кустарник;;;;;;;;;полоса вокруг объекта «кабель связи», где кустарники не ставятся;;кабель связи;;0.7;"СП 42.13330.2016, п. 9.6, табл. 9.1; ППМ 743-ПП, табл. 3.6.1"
signal_cable_167;запрет посадки;дерево;;;;;;;;;полоса вокруг объекта «кабель связи», где деревья не ставятся;;кабель связи;;2.0;"СП 42.13330.2016, п. 9.6, табл. 9.1; ППМ 743-ПП, табл. 3.6.1"
signal_cable_167;запрет посадки;кустарник;;;;;;;;;полоса вокруг объекта «кабель связи», где кустарники не ставятся;;кабель связи;;0.7;"СП 42.13330.2016, п. 9.6, табл. 9.1; ППМ 743-ПП, табл. 3.6.1"
signal_cable_168;запрет посадки;дерево;;;;;;;;;полоса вокруг объекта «кабель связи», где деревья не ставятся;;кабель связи;;2.0;"СП 42.13330.2016, п. 9.6, табл. 9.1; ППМ 743-ПП, табл. 3.6.1"
signal_cable_168;запрет посадки;кустарник;;;;;;;;;полоса вокруг объекта «кабель связи», где кустарники не ставятся;;кабель связи;;0.7;"СП 42.13330.2016, п. 9.6, табл. 9.1; ППМ 743-ПП, табл. 3.6.1"
signal_cable_169;запрет посадки;дерево;;;;;;;;;полоса вокруг объекта «кабель связи», где деревья не ставятся;;кабель связи;;2.0;"СП 42.13330.2016, п. 9.6, табл. 9.1; ППМ 743-ПП, табл. 3.6.1"
signal_cable_169;запрет посадки;кустарник;;;;;;;;;полоса вокруг объекта «кабель связи», где кустарники не ставятся;;кабель связи;;0.7;"СП 42.13330.2016, п. 9.6, табл. 9.1; ППМ 743-ПП, табл. 3.6.1"
signal_cable_170;запрет посадки;дерево;;;;;;;;;полоса вокруг объекта «кабель связи», где деревья не ставятся;;кабель связи;;2.0;"СП 42.13330.2016, п. 9.6, табл. 9.1; ППМ 743-ПП, табл. 3.6.1"
signal_cable_170;запрет посадки;кустарник;;;;;;;;;полоса вокруг объекта «кабель связи», где кустарники не ставятся;;кабель связи;;0.7;"СП 42.13330.2016, п. 9.6, табл. 9.1; ППМ 743-ПП, табл. 3.6.1"
signal_cable_171;запрет посадки;дерево;;;;;;;;;полоса вокруг объекта «кабель связи», где деревья не ставятся;;кабель связи;;2.0;"СП 42.13330.2016, п. 9.6, табл. 9.1; ППМ 743-ПП, табл. 3.6.1"
signal_cable_171;запрет посадки;кустарник;;;;;;;;;полоса вокруг объекта «кабель связи», где кустарники не ставятся;;кабель связи;;0.7;"СП 42.13330.2016, п. 9.6, табл. 9.1; ППМ 743-ПП, табл. 3.6.1"
signal_cable_172;запрет посадки;дерево;;;;;;;;;полоса вокруг объекта «кабель связи», где деревья не ставятся;;кабель связи;;2.0;"СП 42.13330.2016, п. 9.6, табл. 9.1; ППМ 743-ПП, табл. 3.6.1"
signal_cable_172;запрет посадки;кустарник;;;;;;;;;полоса вокруг объекта «кабель связи», где кустарники не ставятся;;кабель связи;;0.7;"СП 42.13330.2016, п. 9.6, табл. 9.1; ППМ 743-ПП, табл. 3.6.1"
signal_cable_173;запрет посадки;дерево;;;;;;;;;полоса вокруг объекта «кабель связи», где деревья не ставятся;;кабель связи;;2.0;"СП 42.13330.2016, п. 9.6, табл. 9.1; ППМ 743-ПП, табл. 3.6.1"
signal_cable_173;запрет посадки;кустарник;;;;;;;;;полоса вокруг объекта «кабель связи», где кустарники не ставятся;;кабель связи;;0.7;"СП 42.13330.2016, п. 9.6, табл. 9.1; ППМ 743-ПП, табл. 3.6.1"
signal_cable_174;запрет посадки;дерево;;;;;;;;;полоса вокруг объекта «кабель связи», где деревья не ставятся;;кабель связи;;2.0;"СП 42.13330.2016, п. 9.6, табл. 9.1; ППМ 743-ПП, табл. 3.6.1"
signal_cable_174;запрет посадки;кустарник;;;;;;;;;полоса вокруг объекта «кабель связи», где кустарники не ставятся;;кабель связи;;0.7;"СП 42.13330.2016, п. 9.6, табл. 9.1; ППМ 743-ПП, табл. 3.6.1"
signal_cable_175;запрет посадки;дерево;;;;;;;;;полоса вокруг объекта «кабель связи», где деревья не ставятся;;кабель связи;;2.0;"СП 42.13330.2016, п. 9.6, табл. 9.1; ППМ 743-ПП, табл. 3.6.1"
signal_cable_175;запрет посадки;кустарник;;;;;;;;;полоса вокруг объекта «кабель связи», где кустарники не ставятся;;кабель связи;;0.7;"СП 42.13330.2016, п. 9.6, табл. 9.1; ППМ 743-ПП, табл. 3.6.1"
signal_cable_176;запрет посадки;дерево;;;;;;;;;полоса вокруг объекта «кабель связи», где деревья не ставятся;;кабель связи;;2.0;"СП 42.13330.2016, п. 9.6, табл. 9.1; ППМ 743-ПП, табл. 3.6.1"
signal_cable_176;запрет посадки;кустарник;;;;;;;;;полоса вокруг объекта «кабель связи», где кустарники не ставятся;;кабель связи;;0.7;"СП 42.13330.2016, п. 9.6, табл. 9.1; ППМ 743-ПП, табл. 3.6.1"
signal_cable_177;запрет посадки;дерево;;;;;;;;;полоса вокруг объекта «кабель связи», где деревья не ставятся;;кабель связи;;2.0;"СП 42.13330.2016, п. 9.6, табл. 9.1; ППМ 743-ПП, табл. 3.6.1"
signal_cable_177;запрет посадки;кустарник;;;;;;;;;полоса вокруг объекта «кабель связи», где кустарники не ставятся;;кабель связи;;0.7;"СП 42.13330.2016, п. 9.6, табл. 9.1; ППМ 743-ПП, табл. 3.6.1"
signal_cable_178;запрет посадки;дерево;;;;;;;;;полоса вокруг объекта «кабель связи», где деревья не ставятся;;кабель связи;;2.0;"СП 42.13330.2016, п. 9.6, табл. 9.1; ППМ 743-ПП, табл. 3.6.1"
signal_cable_178;запрет посадки;кустарник;;;;;;;;;полоса вокруг объекта «кабель связи», где кустарники не ставятся;;кабель связи;;0.7;"СП 42.13330.2016, п. 9.6, табл. 9.1; ППМ 743-ПП, табл. 3.6.1"
signal_cable_179;запрет посадки;дерево;;;;;;;;;полоса вокруг объекта «кабель связи», где деревья не ставятся;;кабель связи;;2.0;"СП 42.13330.2016, п. 9.6, табл. 9.1; ППМ 743-ПП, табл. 3.6.1"
signal_cable_179;запрет посадки;кустарник;;;;;;;;;полоса вокруг объекта «кабель связи», где кустарники не ставятся;;кабель связи;;0.7;"СП 42.13330.2016, п. 9.6, табл. 9.1; ППМ 743-ПП, табл. 3.6.1"
signal_cable_180;запрет посадки;дерево;;;;;;;;;полоса вокруг объекта «кабель связи», где деревья не ставятся;;кабель связи;;2.0;"СП 42.13330.2016, п. 9.6, табл. 9.1; ППМ 743-ПП, табл. 3.6.1"
signal_cable_180;запрет посадки;кустарник;;;;;;;;;полоса вокруг объекта «кабель связи», где кустарники не ставятся;;кабель связи;;0.7;"СП 42.13330.2016, п. 9.6, табл. 9.1; ППМ 743-ПП, табл. 3.6.1"
signal_cable_181;запрет посадки;дерево;;;;;;;;;полоса вокруг объекта «кабель связи», где деревья не ставятся;;кабель связи;;2.0;"СП 42.13330.2016, п. 9.6, табл. 9.1; ППМ 743-ПП, табл. 3.6.1"
signal_cable_181;запрет посадки;кустарник;;;;;;;;;полоса вокруг объекта «кабель связи», где кустарники не ставятся;;кабель связи;;0.7;"СП 42.13330.2016, п. 9.6, табл. 9.1; ППМ 743-ПП, табл. 3.6.1"
signal_cable_182;запрет посадки;дерево;;;;;;;;;полоса вокруг объекта «кабель связи», где деревья не ставятся;;кабель связи;;2.0;"СП 42.13330.2016, п. 9.6, табл. 9.1; ППМ 743-ПП, табл. 3.6.1"
signal_cable_182;запрет посадки;кустарник;;;;;;;;;полоса вокруг объекта «кабель связи», где кустарники не ставятся;;кабель связи;;0.7;"СП 42.13330.2016, п. 9.6, табл. 9.1; ППМ 743-ПП, табл. 3.6.1"
signal_cable_183;запрет посадки;дерево;;;;;;;;;полоса вокруг объекта «кабель связи», где деревья не ставятся;;кабель связи;;2.0;"СП 42.13330.2016, п. 9.6, табл. 9.1; ППМ 743-ПП, табл. 3.6.1"
signal_cable_183;запрет посадки;кустарник;;;;;;;;;полоса вокруг объекта «кабель связи», где кустарники не ставятся;;кабель связи;;0.7;"СП 42.13330.2016, п. 9.6, табл. 9.1; ППМ 743-ПП, табл. 3.6.1"
signal_cable_184;запрет посадки;дерево;;;;;;;;;полоса вокруг объекта «кабель связи», где деревья не ставятся;;кабель связи;;2.0;"СП 42.13330.2016, п. 9.6, табл. 9.1; ППМ 743-ПП, табл. 3.6.1"
signal_cable_184;запрет посадки;кустарник;;;;;;;;;полоса вокруг объекта «кабель связи», где кустарники не ставятся;;кабель связи;;0.7;"СП 42.13330.2016, п. 9.6, табл. 9.1; ППМ 743-ПП, табл. 3.6.1"
signal_cable_185;запрет посадки;дерево;;;;;;;;;полоса вокруг объекта «кабель связи», где деревья не ставятся;;кабель связи;;2.0;"СП 42.13330.2016, п. 9.6, табл. 9.1; ППМ 743-ПП, табл. 3.6.1"
signal_cable_185;запрет посадки;кустарник;;;;;;;;;полоса вокруг объекта «кабель связи», где кустарники не ставятся;;кабель связи;;0.7;"СП 42.13330.2016, п. 9.6, табл. 9.1; ППМ 743-ПП, табл. 3.6.1"
signal_cable_186;запрет посадки;дерево;;;;;;;;;полоса вокруг объекта «кабель связи», где деревья не ставятся;;кабель связи;;2.0;"СП 42.13330.2016, п. 9.6, табл. 9.1; ППМ 743-ПП, табл. 3.6.1"
signal_cable_186;запрет посадки;кустарник;;;;;;;;;полоса вокруг объекта «кабель связи», где кустарники не ставятся;;кабель связи;;0.7;"СП 42.13330.2016, п. 9.6, табл. 9.1; ППМ 743-ПП, табл. 3.6.1"
signal_cable_187;запрет посадки;дерево;;;;;;;;;полоса вокруг объекта «кабель связи», где деревья не ставятся;;кабель связи;;2.0;"СП 42.13330.2016, п. 9.6, табл. 9.1; ППМ 743-ПП, табл. 3.6.1"
signal_cable_187;запрет посадки;кустарник;;;;;;;;;полоса вокруг объекта «кабель связи», где кустарники не ставятся;;кабель связи;;0.7;"СП 42.13330.2016, п. 9.6, табл. 9.1; ППМ 743-ПП, табл. 3.6.1"
signal_cable_188;запрет посадки;дерево;;;;;;;;;полоса вокруг объекта «кабель связи», где деревья не ставятся;;кабель связи;;2.0;"СП 42.13330.2016, п. 9.6, табл. 9.1; ППМ 743-ПП, табл. 3.6.1"
signal_cable_188;запрет посадки;кустарник;;;;;;;;;полоса вокруг объекта «кабель связи», где кустарники не ставятся;;кабель связи;;0.7;"СП 42.13330.2016, п. 9.6, табл. 9.1; ППМ 743-ПП, табл. 3.6.1"
signal_cable_189;запрет посадки;дерево;;;;;;;;;полоса вокруг объекта «кабель связи», где деревья не ставятся;;кабель связи;;2.0;"СП 42.13330.2016, п. 9.6, табл. 9.1; ППМ 743-ПП, табл. 3.6.1"
signal_cable_189;запрет посадки;кустарник;;;;;;;;;полоса вокруг объекта «кабель связи», где кустарники не ставятся;;кабель связи;;0.7;"СП 42.13330.2016, п. 9.6, табл. 9.1; ППМ 743-ПП, табл. 3.6.1"
signal_cable_190;запрет посадки;дерево;;;;;;;;;полоса вокруг объекта «кабель связи», где деревья не ставятся;;кабель связи;;2.0;"СП 42.13330.2016, п. 9.6, табл. 9.1; ППМ 743-ПП, табл. 3.6.1"
signal_cable_190;запрет посадки;кустарник;;;;;;;;;полоса вокруг объекта «кабель связи», где кустарники не ставятся;;кабель связи;;0.7;"СП 42.13330.2016, п. 9.6, табл. 9.1; ППМ 743-ПП, табл. 3.6.1"
signal_cable_191;запрет посадки;дерево;;;;;;;;;полоса вокруг объекта «кабель связи», где деревья не ставятся;;кабель связи;;2.0;"СП 42.13330.2016, п. 9.6, табл. 9.1; ППМ 743-ПП, табл. 3.6.1"
signal_cable_191;запрет посадки;кустарник;;;;;;;;;полоса вокруг объекта «кабель связи», где кустарники не ставятся;;кабель связи;;0.7;"СП 42.13330.2016, п. 9.6, табл. 9.1; ППМ 743-ПП, табл. 3.6.1"
signal_cable_192;запрет посадки;дерево;;;;;;;;;полоса вокруг объекта «кабель связи», где деревья не ставятся;;кабель связи;;2.0;"СП 42.13330.2016, п. 9.6, табл. 9.1; ППМ 743-ПП, табл. 3.6.1"
signal_cable_192;запрет посадки;кустарник;;;;;;;;;полоса вокруг объекта «кабель связи», где кустарники не ставятся;;кабель связи;;0.7;"СП 42.13330.2016, п. 9.6, табл. 9.1; ППМ 743-ПП, табл. 3.6.1"
signal_cable_193;запрет посадки;дерево;;;;;;;;;полоса вокруг объекта «кабель связи», где деревья не ставятся;;кабель связи;;2.0;"СП 42.13330.2016, п. 9.6, табл. 9.1; ППМ 743-ПП, табл. 3.6.1"
signal_cable_193;запрет посадки;кустарник;;;;;;;;;полоса вокруг объекта «кабель связи», где кустарники не ставятся;;кабель связи;;0.7;"СП 42.13330.2016, п. 9.6, табл. 9.1; ППМ 743-ПП, табл. 3.6.1"
signal_cable_194;запрет посадки;дерево;;;;;;;;;полоса вокруг объекта «кабель связи», где деревья не ставятся;;кабель связи;;2.0;"СП 42.13330.2016, п. 9.6, табл. 9.1; ППМ 743-ПП, табл. 3.6.1"
signal_cable_194;запрет посадки;кустарник;;;;;;;;;полоса вокруг объекта «кабель связи», где кустарники не ставятся;;кабель связи;;0.7;"СП 42.13330.2016, п. 9.6, табл. 9.1; ППМ 743-ПП, табл. 3.6.1"
signal_cable_195;запрет посадки;дерево;;;;;;;;;полоса вокруг объекта «кабель связи», где деревья не ставятся;;кабель связи;;2.0;"СП 42.13330.2016, п. 9.6, табл. 9.1; ППМ 743-ПП, табл. 3.6.1"
signal_cable_195;запрет посадки;кустарник;;;;;;;;;полоса вокруг объекта «кабель связи», где кустарники не ставятся;;кабель связи;;0.7;"СП 42.13330.2016, п. 9.6, табл. 9.1; ППМ 743-ПП, табл. 3.6.1"
signal_cable_196;запрет посадки;дерево;;;;;;;;;полоса вокруг объекта «кабель связи», где деревья не ставятся;;кабель связи;;2.0;"СП 42.13330.2016, п. 9.6, табл. 9.1; ППМ 743-ПП, табл. 3.6.1"
signal_cable_196;запрет посадки;кустарник;;;;;;;;;полоса вокруг объекта «кабель связи», где кустарники не ставятся;;кабель связи;;0.7;"СП 42.13330.2016, п. 9.6, табл. 9.1; ППМ 743-ПП, табл. 3.6.1"
signal_cable_197;запрет посадки;дерево;;;;;;;;;полоса вокруг объекта «кабель связи», где деревья не ставятся;;кабель связи;;2.0;"СП 42.13330.2016, п. 9.6, табл. 9.1; ППМ 743-ПП, табл. 3.6.1"
signal_cable_197;запрет посадки;кустарник;;;;;;;;;полоса вокруг объекта «кабель связи», где кустарники не ставятся;;кабель связи;;0.7;"СП 42.13330.2016, п. 9.6, табл. 9.1; ППМ 743-ПП, табл. 3.6.1"
signal_cable_198;запрет посадки;дерево;;;;;;;;;полоса вокруг объекта «кабель связи», где деревья не ставятся;;кабель связи;;2.0;"СП 42.13330.2016, п. 9.6, табл. 9.1; ППМ 743-ПП, табл. 3.6.1"
signal_cable_198;запрет посадки;кустарник;;;;;;;;;полоса вокруг объекта «кабель связи», где кустарники не ставятся;;кабель связи;;0.7;"СП 42.13330.2016, п. 9.6, табл. 9.1; ППМ 743-ПП, табл. 3.6.1"
signal_cable_199;запрет посадки;дерево;;;;;;;;;полоса вокруг объекта «кабель связи», где деревья не ставятся;;кабель связи;;2.0;"СП 42.13330.2016, п. 9.6, табл. 9.1; ППМ 743-ПП, табл. 3.6.1"
signal_cable_199;запрет посадки;кустарник;;;;;;;;;полоса вокруг объекта «кабель связи», где кустарники не ставятся;;кабель связи;;0.7;"СП 42.13330.2016, п. 9.6, табл. 9.1; ППМ 743-ПП, табл. 3.6.1"
signal_cable_200;запрет посадки;дерево;;;;;;;;;полоса вокруг объекта «кабель связи», где деревья не ставятся;;кабель связи;;2.0;"СП 42.13330.2016, п. 9.6, табл. 9.1; ППМ 743-ПП, табл. 3.6.1"
signal_cable_200;запрет посадки;кустарник;;;;;;;;;полоса вокруг объекта «кабель связи», где кустарники не ставятся;;кабель связи;;0.7;"СП 42.13330.2016, п. 9.6, табл. 9.1; ППМ 743-ПП, табл. 3.6.1"
signal_cable_201;запрет посадки;дерево;;;;;;;;;полоса вокруг объекта «кабель связи», где деревья не ставятся;;кабель связи;;2.0;"СП 42.13330.2016, п. 9.6, табл. 9.1; ППМ 743-ПП, табл. 3.6.1"
signal_cable_201;запрет посадки;кустарник;;;;;;;;;полоса вокруг объекта «кабель связи», где кустарники не ставятся;;кабель связи;;0.7;"СП 42.13330.2016, п. 9.6, табл. 9.1; ППМ 743-ПП, табл. 3.6.1"
signal_cable_202;запрет посадки;дерево;;;;;;;;;полоса вокруг объекта «кабель связи», где деревья не ставятся;;кабель связи;;2.0;"СП 42.13330.2016, п. 9.6, табл. 9.1; ППМ 743-ПП, табл. 3.6.1"
signal_cable_202;запрет посадки;кустарник;;;;;;;;;полоса вокруг объекта «кабель связи», где кустарники не ставятся;;кабель связи;;0.7;"СП 42.13330.2016, п. 9.6, табл. 9.1; ППМ 743-ПП, табл. 3.6.1"
signal_cable_203;запрет посадки;дерево;;;;;;;;;полоса вокруг объекта «кабель связи», где деревья не ставятся;;кабель связи;;2.0;"СП 42.13330.2016, п. 9.6, табл. 9.1; ППМ 743-ПП, табл. 3.6.1"
signal_cable_203;запрет посадки;кустарник;;;;;;;;;полоса вокруг объекта «кабель связи», где кустарники не ставятся;;кабель связи;;0.7;"СП 42.13330.2016, п. 9.6, табл. 9.1; ППМ 743-ПП, табл. 3.6.1"
signal_cable_204;запрет посадки;дерево;;;;;;;;;полоса вокруг объекта «кабель связи», где деревья не ставятся;;кабель связи;;2.0;"СП 42.13330.2016, п. 9.6, табл. 9.1; ППМ 743-ПП, табл. 3.6.1"
signal_cable_204;запрет посадки;кустарник;;;;;;;;;полоса вокруг объекта «кабель связи», где кустарники не ставятся;;кабель связи;;0.7;"СП 42.13330.2016, п. 9.6, табл. 9.1; ППМ 743-ПП, табл. 3.6.1"
signal_cable_205;запрет посадки;дерево;;;;;;;;;полоса вокруг объекта «кабель связи», где деревья не ставятся;;кабель связи;;2.0;"СП 42.13330.2016, п. 9.6, табл. 9.1; ППМ 743-ПП, табл. 3.6.1"
signal_cable_205;запрет посадки;кустарник;;;;;;;;;полоса вокруг объекта «кабель связи», где кустарники не ставятся;;кабель связи;;0.7;"СП 42.13330.2016, п. 9.6, табл. 9.1; ППМ 743-ПП, табл. 3.6.1"
signal_cable_206;запрет посадки;дерево;;;;;;;;;полоса вокруг объекта «кабель связи», где деревья не ставятся;;кабель связи;;2.0;"СП 42.13330.2016, п. 9.6, табл. 9.1; ППМ 743-ПП, табл. 3.6.1"
signal_cable_206;запрет посадки;кустарник;;;;;;;;;полоса вокруг объекта «кабель связи», где кустарники не ставятся;;кабель связи;;0.7;"СП 42.13330.2016, п. 9.6, табл. 9.1; ППМ 743-ПП, табл. 3.6.1"
signal_cable_207;запрет посадки;дерево;;;;;;;;;полоса вокруг объекта «кабель связи», где деревья не ставятся;;кабель связи;;2.0;"СП 42.13330.2016, п. 9.6, табл. 9.1; ППМ 743-ПП, табл. 3.6.1"
signal_cable_207;запрет посадки;кустарник;;;;;;;;;полоса вокруг объекта «кабель связи», где кустарники не ставятся;;кабель связи;;0.7;"СП 42.13330.2016, п. 9.6, табл. 9.1; ППМ 743-ПП, табл. 3.6.1"
signal_cable_208;запрет посадки;дерево;;;;;;;;;полоса вокруг объекта «кабель связи», где деревья не ставятся;;кабель связи;;2.0;"СП 42.13330.2016, п. 9.6, табл. 9.1; ППМ 743-ПП, табл. 3.6.1"
signal_cable_208;запрет посадки;кустарник;;;;;;;;;полоса вокруг объекта «кабель связи», где кустарники не ставятся;;кабель связи;;0.7;"СП 42.13330.2016, п. 9.6, табл. 9.1; ППМ 743-ПП, табл. 3.6.1"
signal_cable_209;запрет посадки;дерево;;;;;;;;;полоса вокруг объекта «кабель связи», где деревья не ставятся;;кабель связи;;2.0;"СП 42.13330.2016, п. 9.6, табл. 9.1; ППМ 743-ПП, табл. 3.6.1"
signal_cable_209;запрет посадки;кустарник;;;;;;;;;полоса вокруг объекта «кабель связи», где кустарники не ставятся;;кабель связи;;0.7;"СП 42.13330.2016, п. 9.6, табл. 9.1; ППМ 743-ПП, табл. 3.6.1"
signal_cable_210;запрет посадки;дерево;;;;;;;;;полоса вокруг объекта «кабель связи», где деревья не ставятся;;кабель связи;;2.0;"СП 42.13330.2016, п. 9.6, табл. 9.1; ППМ 743-ПП, табл. 3.6.1"
signal_cable_210;запрет посадки;кустарник;;;;;;;;;полоса вокруг объекта «кабель связи», где кустарники не ставятся;;кабель связи;;0.7;"СП 42.13330.2016, п. 9.6, табл. 9.1; ППМ 743-ПП, табл. 3.6.1"
signal_cable_211;запрет посадки;дерево;;;;;;;;;полоса вокруг объекта «кабель связи», где деревья не ставятся;;кабель связи;;2.0;"СП 42.13330.2016, п. 9.6, табл. 9.1; ППМ 743-ПП, табл. 3.6.1"
signal_cable_211;запрет посадки;кустарник;;;;;;;;;полоса вокруг объекта «кабель связи», где кустарники не ставятся;;кабель связи;;0.7;"СП 42.13330.2016, п. 9.6, табл. 9.1; ППМ 743-ПП, табл. 3.6.1"
signal_cable_212;запрет посадки;дерево;;;;;;;;;полоса вокруг объекта «кабель связи», где деревья не ставятся;;кабель связи;;2.0;"СП 42.13330.2016, п. 9.6, табл. 9.1; ППМ 743-ПП, табл. 3.6.1"
signal_cable_212;запрет посадки;кустарник;;;;;;;;;полоса вокруг объекта «кабель связи», где кустарники не ставятся;;кабель связи;;0.7;"СП 42.13330.2016, п. 9.6, табл. 9.1; ППМ 743-ПП, табл. 3.6.1"
signal_cable_213;запрет посадки;дерево;;;;;;;;;полоса вокруг объекта «кабель связи», где деревья не ставятся;;кабель связи;;2.0;"СП 42.13330.2016, п. 9.6, табл. 9.1; ППМ 743-ПП, табл. 3.6.1"
signal_cable_213;запрет посадки;кустарник;;;;;;;;;полоса вокруг объекта «кабель связи», где кустарники не ставятся;;кабель связи;;0.7;"СП 42.13330.2016, п. 9.6, табл. 9.1; ППМ 743-ПП, табл. 3.6.1"
signal_cable_214;запрет посадки;дерево;;;;;;;;;полоса вокруг объекта «кабель связи», где деревья не ставятся;;кабель связи;;2.0;"СП 42.13330.2016, п. 9.6, табл. 9.1; ППМ 743-ПП, табл. 3.6.1"
signal_cable_214;запрет посадки;кустарник;;;;;;;;;полоса вокруг объекта «кабель связи», где кустарники не ставятся;;кабель связи;;0.7;"СП 42.13330.2016, п. 9.6, табл. 9.1; ППМ 743-ПП, табл. 3.6.1"
signal_cable_215;запрет посадки;дерево;;;;;;;;;полоса вокруг объекта «кабель связи», где деревья не ставятся;;кабель связи;;2.0;"СП 42.13330.2016, п. 9.6, табл. 9.1; ППМ 743-ПП, табл. 3.6.1"
signal_cable_215;запрет посадки;кустарник;;;;;;;;;полоса вокруг объекта «кабель связи», где кустарники не ставятся;;кабель связи;;0.7;"СП 42.13330.2016, п. 9.6, табл. 9.1; ППМ 743-ПП, табл. 3.6.1"
signal_cable_216;запрет посадки;дерево;;;;;;;;;полоса вокруг объекта «кабель связи», где деревья не ставятся;;кабель связи;;2.0;"СП 42.13330.2016, п. 9.6, табл. 9.1; ППМ 743-ПП, табл. 3.6.1"
signal_cable_216;запрет посадки;кустарник;;;;;;;;;полоса вокруг объекта «кабель связи», где кустарники не ставятся;;кабель связи;;0.7;"СП 42.13330.2016, п. 9.6, табл. 9.1; ППМ 743-ПП, табл. 3.6.1"
signal_cable_217;запрет посадки;дерево;;;;;;;;;полоса вокруг объекта «кабель связи», где деревья не ставятся;;кабель связи;;2.0;"СП 42.13330.2016, п. 9.6, табл. 9.1; ППМ 743-ПП, табл. 3.6.1"
signal_cable_217;запрет посадки;кустарник;;;;;;;;;полоса вокруг объекта «кабель связи», где кустарники не ставятся;;кабель связи;;0.7;"СП 42.13330.2016, п. 9.6, табл. 9.1; ППМ 743-ПП, табл. 3.6.1"
signal_cable_218;запрет посадки;дерево;;;;;;;;;полоса вокруг объекта «кабель связи», где деревья не ставятся;;кабель связи;;2.0;"СП 42.13330.2016, п. 9.6, табл. 9.1; ППМ 743-ПП, табл. 3.6.1"
signal_cable_218;запрет посадки;кустарник;;;;;;;;;полоса вокруг объекта «кабель связи», где кустарники не ставятся;;кабель связи;;0.7;"СП 42.13330.2016, п. 9.6, табл. 9.1; ППМ 743-ПП, табл. 3.6.1"
signal_cable_219;запрет посадки;дерево;;;;;;;;;полоса вокруг объекта «кабель связи», где деревья не ставятся;;кабель связи;;2.0;"СП 42.13330.2016, п. 9.6, табл. 9.1; ППМ 743-ПП, табл. 3.6.1"
signal_cable_219;запрет посадки;кустарник;;;;;;;;;полоса вокруг объекта «кабель связи», где кустарники не ставятся;;кабель связи;;0.7;"СП 42.13330.2016, п. 9.6, табл. 9.1; ППМ 743-ПП, табл. 3.6.1"
signal_cable_220;запрет посадки;дерево;;;;;;;;;полоса вокруг объекта «кабель связи», где деревья не ставятся;;кабель связи;;2.0;"СП 42.13330.2016, п. 9.6, табл. 9.1; ППМ 743-ПП, табл. 3.6.1"
signal_cable_220;запрет посадки;кустарник;;;;;;;;;полоса вокруг объекта «кабель связи», где кустарники не ставятся;;кабель связи;;0.7;"СП 42.13330.2016, п. 9.6, табл. 9.1; ППМ 743-ПП, табл. 3.6.1"
signal_cable_221;запрет посадки;дерево;;;;;;;;;полоса вокруг объекта «кабель связи», где деревья не ставятся;;кабель связи;;2.0;"СП 42.13330.2016, п. 9.6, табл. 9.1; ППМ 743-ПП, табл. 3.6.1"
signal_cable_221;запрет посадки;кустарник;;;;;;;;;полоса вокруг объекта «кабель связи», где кустарники не ставятся;;кабель связи;;0.7;"СП 42.13330.2016, п. 9.6, табл. 9.1; ППМ 743-ПП, табл. 3.6.1"
signal_cable_222;запрет посадки;дерево;;;;;;;;;полоса вокруг объекта «кабель связи», где деревья не ставятся;;кабель связи;;2.0;"СП 42.13330.2016, п. 9.6, табл. 9.1; ППМ 743-ПП, табл. 3.6.1"
signal_cable_222;запрет посадки;кустарник;;;;;;;;;полоса вокруг объекта «кабель связи», где кустарники не ставятся;;кабель связи;;0.7;"СП 42.13330.2016, п. 9.6, табл. 9.1; ППМ 743-ПП, табл. 3.6.1"
signal_cable_223;запрет посадки;дерево;;;;;;;;;полоса вокруг объекта «кабель связи», где деревья не ставятся;;кабель связи;;2.0;"СП 42.13330.2016, п. 9.6, табл. 9.1; ППМ 743-ПП, табл. 3.6.1"
signal_cable_223;запрет посадки;кустарник;;;;;;;;;полоса вокруг объекта «кабель связи», где кустарники не ставятся;;кабель связи;;0.7;"СП 42.13330.2016, п. 9.6, табл. 9.1; ППМ 743-ПП, табл. 3.6.1"
signal_cable_224;запрет посадки;дерево;;;;;;;;;полоса вокруг объекта «кабель связи», где деревья не ставятся;;кабель связи;;2.0;"СП 42.13330.2016, п. 9.6, табл. 9.1; ППМ 743-ПП, табл. 3.6.1"
signal_cable_224;запрет посадки;кустарник;;;;;;;;;полоса вокруг объекта «кабель связи», где кустарники не ставятся;;кабель связи;;0.7;"СП 42.13330.2016, п. 9.6, табл. 9.1; ППМ 743-ПП, табл. 3.6.1"
signal_cable_225;запрет посадки;дерево;;;;;;;;;полоса вокруг объекта «кабель связи», где деревья не ставятся;;кабель связи;;2.0;"СП 42.13330.2016, п. 9.6, табл. 9.1; ППМ 743-ПП, табл. 3.6.1"
signal_cable_225;запрет посадки;кустарник;;;;;;;;;полоса вокруг объекта «кабель связи», где кустарники не ставятся;;кабель связи;;0.7;"СП 42.13330.2016, п. 9.6, табл. 9.1; ППМ 743-ПП, табл. 3.6.1"
signal_cable_226;запрет посадки;дерево;;;;;;;;;полоса вокруг объекта «кабель связи», где деревья не ставятся;;кабель связи;;2.0;"СП 42.13330.2016, п. 9.6, табл. 9.1; ППМ 743-ПП, табл. 3.6.1"
signal_cable_226;запрет посадки;кустарник;;;;;;;;;полоса вокруг объекта «кабель связи», где кустарники не ставятся;;кабель связи;;0.7;"СП 42.13330.2016, п. 9.6, табл. 9.1; ППМ 743-ПП, табл. 3.6.1"
signal_cable_227;запрет посадки;дерево;;;;;;;;;полоса вокруг объекта «кабель связи», где деревья не ставятся;;кабель связи;;2.0;"СП 42.13330.2016, п. 9.6, табл. 9.1; ППМ 743-ПП, табл. 3.6.1"
signal_cable_227;запрет посадки;кустарник;;;;;;;;;полоса вокруг объекта «кабель связи», где кустарники не ставятся;;кабель связи;;0.7;"СП 42.13330.2016, п. 9.6, табл. 9.1; ППМ 743-ПП, табл. 3.6.1"
signal_cable_228;запрет посадки;дерево;;;;;;;;;полоса вокруг объекта «кабель связи», где деревья не ставятся;;кабель связи;;2.0;"СП 42.13330.2016, п. 9.6, табл. 9.1; ППМ 743-ПП, табл. 3.6.1"
signal_cable_228;запрет посадки;кустарник;;;;;;;;;полоса вокруг объекта «кабель связи», где кустарники не ставятся;;кабель связи;;0.7;"СП 42.13330.2016, п. 9.6, табл. 9.1; ППМ 743-ПП, табл. 3.6.1"
signal_cable_229;запрет посадки;дерево;;;;;;;;;полоса вокруг объекта «кабель связи», где деревья не ставятся;;кабель связи;;2.0;"СП 42.13330.2016, п. 9.6, табл. 9.1; ППМ 743-ПП, табл. 3.6.1"
signal_cable_229;запрет посадки;кустарник;;;;;;;;;полоса вокруг объекта «кабель связи», где кустарники не ставятся;;кабель связи;;0.7;"СП 42.13330.2016, п. 9.6, табл. 9.1; ППМ 743-ПП, табл. 3.6.1"
signal_cable_230;запрет посадки;дерево;;;;;;;;;полоса вокруг объекта «кабель связи», где деревья не ставятся;;кабель связи;;2.0;"СП 42.13330.2016, п. 9.6, табл. 9.1; ППМ 743-ПП, табл. 3.6.1"
signal_cable_230;запрет посадки;кустарник;;;;;;;;;полоса вокруг объекта «кабель связи», где кустарники не ставятся;;кабель связи;;0.7;"СП 42.13330.2016, п. 9.6, табл. 9.1; ППМ 743-ПП, табл. 3.6.1"
signal_cable_231;запрет посадки;дерево;;;;;;;;;полоса вокруг объекта «кабель связи», где деревья не ставятся;;кабель связи;;2.0;"СП 42.13330.2016, п. 9.6, табл. 9.1; ППМ 743-ПП, табл. 3.6.1"
signal_cable_231;запрет посадки;кустарник;;;;;;;;;полоса вокруг объекта «кабель связи», где кустарники не ставятся;;кабель связи;;0.7;"СП 42.13330.2016, п. 9.6, табл. 9.1; ППМ 743-ПП, табл. 3.6.1"
signal_cable_232;запрет посадки;дерево;;;;;;;;;полоса вокруг объекта «кабель связи», где деревья не ставятся;;кабель связи;;2.0;"СП 42.13330.2016, п. 9.6, табл. 9.1; ППМ 743-ПП, табл. 3.6.1"
signal_cable_232;запрет посадки;кустарник;;;;;;;;;полоса вокруг объекта «кабель связи», где кустарники не ставятся;;кабель связи;;0.7;"СП 42.13330.2016, п. 9.6, табл. 9.1; ППМ 743-ПП, табл. 3.6.1"
signal_cable_233;запрет посадки;дерево;;;;;;;;;полоса вокруг объекта «кабель связи», где деревья не ставятся;;кабель связи;;2.0;"СП 42.13330.2016, п. 9.6, табл. 9.1; ППМ 743-ПП, табл. 3.6.1"
signal_cable_233;запрет посадки;кустарник;;;;;;;;;полоса вокруг объекта «кабель связи», где кустарники не ставятся;;кабель связи;;0.7;"СП 42.13330.2016, п. 9.6, табл. 9.1; ППМ 743-ПП, табл. 3.6.1"
signal_cable_234;запрет посадки;дерево;;;;;;;;;полоса вокруг объекта «кабель связи», где деревья не ставятся;;кабель связи;;2.0;"СП 42.13330.2016, п. 9.6, табл. 9.1; ППМ 743-ПП, табл. 3.6.1"
signal_cable_234;запрет посадки;кустарник;;;;;;;;;полоса вокруг объекта «кабель связи», где кустарники не ставятся;;кабель связи;;0.7;"СП 42.13330.2016, п. 9.6, табл. 9.1; ППМ 743-ПП, табл. 3.6.1"
signal_cable_235;запрет посадки;дерево;;;;;;;;;полоса вокруг объекта «кабель связи», где деревья не ставятся;;кабель связи;;2.0;"СП 42.13330.2016, п. 9.6, табл. 9.1; ППМ 743-ПП, табл. 3.6.1"
signal_cable_235;запрет посадки;кустарник;;;;;;;;;полоса вокруг объекта «кабель связи», где кустарники не ставятся;;кабель связи;;0.7;"СП 42.13330.2016, п. 9.6, табл. 9.1; ППМ 743-ПП, табл. 3.6.1"
signal_cable_236;запрет посадки;дерево;;;;;;;;;полоса вокруг объекта «кабель связи», где деревья не ставятся;;кабель связи;;2.0;"СП 42.13330.2016, п. 9.6, табл. 9.1; ППМ 743-ПП, табл. 3.6.1"
signal_cable_236;запрет посадки;кустарник;;;;;;;;;полоса вокруг объекта «кабель связи», где кустарники не ставятся;;кабель связи;;0.7;"СП 42.13330.2016, п. 9.6, табл. 9.1; ППМ 743-ПП, табл. 3.6.1"
signal_cable_237;запрет посадки;дерево;;;;;;;;;полоса вокруг объекта «кабель связи», где деревья не ставятся;;кабель связи;;2.0;"СП 42.13330.2016, п. 9.6, табл. 9.1; ППМ 743-ПП, табл. 3.6.1"
signal_cable_237;запрет посадки;кустарник;;;;;;;;;полоса вокруг объекта «кабель связи», где кустарники не ставятся;;кабель связи;;0.7;"СП 42.13330.2016, п. 9.6, табл. 9.1; ППМ 743-ПП, табл. 3.6.1"
signal_cable_238;запрет посадки;дерево;;;;;;;;;полоса вокруг объекта «кабель связи», где деревья не ставятся;;кабель связи;;2.0;"СП 42.13330.2016, п. 9.6, табл. 9.1; ППМ 743-ПП, табл. 3.6.1"
signal_cable_238;запрет посадки;кустарник;;;;;;;;;полоса вокруг объекта «кабель связи», где кустарники не ставятся;;кабель связи;;0.7;"СП 42.13330.2016, п. 9.6, табл. 9.1; ППМ 743-ПП, табл. 3.6.1"
signal_cable_239;запрет посадки;дерево;;;;;;;;;полоса вокруг объекта «кабель связи», где деревья не ставятся;;кабель связи;;2.0;"СП 42.13330.2016, п. 9.6, табл. 9.1; ППМ 743-ПП, табл. 3.6.1"
signal_cable_239;запрет посадки;кустарник;;;;;;;;;полоса вокруг объекта «кабель связи», где кустарники не ставятся;;кабель связи;;0.7;"СП 42.13330.2016, п. 9.6, табл. 9.1; ППМ 743-ПП, табл. 3.6.1"
signal_cable_240;запрет посадки;дерево;;;;;;;;;полоса вокруг объекта «кабель связи», где деревья не ставятся;;кабель связи;;2.0;"СП 42.13330.2016, п. 9.6, табл. 9.1; ППМ 743-ПП, табл. 3.6.1"
signal_cable_240;запрет посадки;кустарник;;;;;;;;;полоса вокруг объекта «кабель связи», где кустарники не ставятся;;кабель связи;;0.7;"СП 42.13330.2016, п. 9.6, табл. 9.1; ППМ 743-ПП, табл. 3.6.1"
signal_cable_241;запрет посадки;дерево;;;;;;;;;полоса вокруг объекта «кабель связи», где деревья не ставятся;;кабель связи;;2.0;"СП 42.13330.2016, п. 9.6, табл. 9.1; ППМ 743-ПП, табл. 3.6.1"
signal_cable_241;запрет посадки;кустарник;;;;;;;;;полоса вокруг объекта «кабель связи», где кустарники не ставятся;;кабель связи;;0.7;"СП 42.13330.2016, п. 9.6, табл. 9.1; ППМ 743-ПП, табл. 3.6.1"
signal_cable_242;запрет посадки;дерево;;;;;;;;;полоса вокруг объекта «кабель связи», где деревья не ставятся;;кабель связи;;2.0;"СП 42.13330.2016, п. 9.6, табл. 9.1; ППМ 743-ПП, табл. 3.6.1"
signal_cable_242;запрет посадки;кустарник;;;;;;;;;полоса вокруг объекта «кабель связи», где кустарники не ставятся;;кабель связи;;0.7;"СП 42.13330.2016, п. 9.6, табл. 9.1; ППМ 743-ПП, табл. 3.6.1"
signal_cable_243;запрет посадки;дерево;;;;;;;;;полоса вокруг объекта «кабель связи», где деревья не ставятся;;кабель связи;;2.0;"СП 42.13330.2016, п. 9.6, табл. 9.1; ППМ 743-ПП, табл. 3.6.1"
signal_cable_243;запрет посадки;кустарник;;;;;;;;;полоса вокруг объекта «кабель связи», где кустарники не ставятся;;кабель связи;;0.7;"СП 42.13330.2016, п. 9.6, табл. 9.1; ППМ 743-ПП, табл. 3.6.1"
signal_cable_244;запрет посадки;дерево;;;;;;;;;полоса вокруг объекта «кабель связи», где деревья не ставятся;;кабель связи;;2.0;"СП 42.13330.2016, п. 9.6, табл. 9.1; ППМ 743-ПП, табл. 3.6.1"
signal_cable_244;запрет посадки;кустарник;;;;;;;;;полоса вокруг объекта «кабель связи», где кустарники не ставятся;;кабель связи;;0.7;"СП 42.13330.2016, п. 9.6, табл. 9.1; ППМ 743-ПП, табл. 3.6.1"
signal_cable_245;запрет посадки;дерево;;;;;;;;;полоса вокруг объекта «кабель связи», где деревья не ставятся;;кабель связи;;2.0;"СП 42.13330.2016, п. 9.6, табл. 9.1; ППМ 743-ПП, табл. 3.6.1"
signal_cable_245;запрет посадки;кустарник;;;;;;;;;полоса вокруг объекта «кабель связи», где кустарники не ставятся;;кабель связи;;0.7;"СП 42.13330.2016, п. 9.6, табл. 9.1; ППМ 743-ПП, табл. 3.6.1"
signal_cable_246;запрет посадки;дерево;;;;;;;;;полоса вокруг объекта «кабель связи», где деревья не ставятся;;кабель связи;;2.0;"СП 42.13330.2016, п. 9.6, табл. 9.1; ППМ 743-ПП, табл. 3.6.1"
signal_cable_246;запрет посадки;кустарник;;;;;;;;;полоса вокруг объекта «кабель связи», где кустарники не ставятся;;кабель связи;;0.7;"СП 42.13330.2016, п. 9.6, табл. 9.1; ППМ 743-ПП, табл. 3.6.1"
signal_cable_247;запрет посадки;дерево;;;;;;;;;полоса вокруг объекта «кабель связи», где деревья не ставятся;;кабель связи;;2.0;"СП 42.13330.2016, п. 9.6, табл. 9.1; ППМ 743-ПП, табл. 3.6.1"
signal_cable_247;запрет посадки;кустарник;;;;;;;;;полоса вокруг объекта «кабель связи», где кустарники не ставятся;;кабель связи;;0.7;"СП 42.13330.2016, п. 9.6, табл. 9.1; ППМ 743-ПП, табл. 3.6.1"
signal_cable_248;запрет посадки;дерево;;;;;;;;;полоса вокруг объекта «кабель связи», где деревья не ставятся;;кабель связи;;2.0;"СП 42.13330.2016, п. 9.6, табл. 9.1; ППМ 743-ПП, табл. 3.6.1"
signal_cable_248;запрет посадки;кустарник;;;;;;;;;полоса вокруг объекта «кабель связи», где кустарники не ставятся;;кабель связи;;0.7;"СП 42.13330.2016, п. 9.6, табл. 9.1; ППМ 743-ПП, табл. 3.6.1"
sewer_001;запрет посадки;дерево;;;;;;;;;полоса вокруг объекта «канализация», где деревья не ставятся;;канализация;;1.5;"СП 42.13330.2016, п. 9.6, табл. 9.1; ППМ 743-ПП, табл. 3.6.1"
sewer_001;запрет посадки;кустарник;;;;;;;;;полоса вокруг объекта «канализация», где кустарники не ставятся;;канализация;;0.0;"СП 42.13330.2016, п. 9.6, табл. 9.1; ППМ 743-ПП, табл. 3.6.1"
sewer_002;запрет посадки;дерево;;;;;;;;;полоса вокруг объекта «канализация», где деревья не ставятся;;канализация;;1.5;"СП 42.13330.2016, п. 9.6, табл. 9.1; ППМ 743-ПП, табл. 3.6.1"
sewer_002;запрет посадки;кустарник;;;;;;;;;полоса вокруг объекта «канализация», где кустарники не ставятся;;канализация;;0.0;"СП 42.13330.2016, п. 9.6, табл. 9.1; ППМ 743-ПП, табл. 3.6.1"
sewer_003;запрет посадки;дерево;;;;;;;;;полоса вокруг объекта «канализация», где деревья не ставятся;;канализация;;1.5;"СП 42.13330.2016, п. 9.6, табл. 9.1; ППМ 743-ПП, табл. 3.6.1"
sewer_003;запрет посадки;кустарник;;;;;;;;;полоса вокруг объекта «канализация», где кустарники не ставятся;;канализация;;0.0;"СП 42.13330.2016, п. 9.6, табл. 9.1; ППМ 743-ПП, табл. 3.6.1"
sewer_004;запрет посадки;дерево;;;;;;;;;полоса вокруг объекта «канализация», где деревья не ставятся;;канализация;;1.5;"СП 42.13330.2016, п. 9.6, табл. 9.1; ППМ 743-ПП, табл. 3.6.1"
sewer_004;запрет посадки;кустарник;;;;;;;;;полоса вокруг объекта «канализация», где кустарники не ставятся;;канализация;;0.0;"СП 42.13330.2016, п. 9.6, табл. 9.1; ППМ 743-ПП, табл. 3.6.1"
sewer_005;запрет посадки;дерево;;;;;;;;;полоса вокруг объекта «канализация», где деревья не ставятся;;канализация;;1.5;"СП 42.13330.2016, п. 9.6, табл. 9.1; ППМ 743-ПП, табл. 3.6.1"
sewer_005;запрет посадки;кустарник;;;;;;;;;полоса вокруг объекта «канализация», где кустарники не ставятся;;канализация;;0.0;"СП 42.13330.2016, п. 9.6, табл. 9.1; ППМ 743-ПП, табл. 3.6.1"
sewer_006;запрет посадки;дерево;;;;;;;;;полоса вокруг объекта «канализация», где деревья не ставятся;;канализация;;1.5;"СП 42.13330.2016, п. 9.6, табл. 9.1; ППМ 743-ПП, табл. 3.6.1"
sewer_006;запрет посадки;кустарник;;;;;;;;;полоса вокруг объекта «канализация», где кустарники не ставятся;;канализация;;0.0;"СП 42.13330.2016, п. 9.6, табл. 9.1; ППМ 743-ПП, табл. 3.6.1"
sewer_007;запрет посадки;дерево;;;;;;;;;полоса вокруг объекта «канализация», где деревья не ставятся;;канализация;;1.5;"СП 42.13330.2016, п. 9.6, табл. 9.1; ППМ 743-ПП, табл. 3.6.1"
sewer_007;запрет посадки;кустарник;;;;;;;;;полоса вокруг объекта «канализация», где кустарники не ставятся;;канализация;;0.0;"СП 42.13330.2016, п. 9.6, табл. 9.1; ППМ 743-ПП, табл. 3.6.1"
sewer_008;запрет посадки;дерево;;;;;;;;;полоса вокруг объекта «канализация», где деревья не ставятся;;канализация;;1.5;"СП 42.13330.2016, п. 9.6, табл. 9.1; ППМ 743-ПП, табл. 3.6.1"
sewer_008;запрет посадки;кустарник;;;;;;;;;полоса вокруг объекта «канализация», где кустарники не ставятся;;канализация;;0.0;"СП 42.13330.2016, п. 9.6, табл. 9.1; ППМ 743-ПП, табл. 3.6.1"
sewer_009;запрет посадки;дерево;;;;;;;;;полоса вокруг объекта «канализация», где деревья не ставятся;;канализация;;1.5;"СП 42.13330.2016, п. 9.6, табл. 9.1; ППМ 743-ПП, табл. 3.6.1"
sewer_009;запрет посадки;кустарник;;;;;;;;;полоса вокруг объекта «канализация», где кустарники не ставятся;;канализация;;0.0;"СП 42.13330.2016, п. 9.6, табл. 9.1; ППМ 743-ПП, табл. 3.6.1"
sewer_010;запрет посадки;дерево;;;;;;;;;полоса вокруг объекта «канализация», где деревья не ставятся;;канализация;;1.5;"СП 42.13330.2016, п. 9.6, табл. 9.1; ППМ 743-ПП, табл. 3.6.1"
sewer_010;запрет посадки;кустарник;;;;;;;;;полоса вокруг объекта «канализация», где кустарники не ставятся;;канализация;;0.0;"СП 42.13330.2016, п. 9.6, табл. 9.1; ППМ 743-ПП, табл. 3.6.1"
sewer_011;запрет посадки;дерево;;;;;;;;;полоса вокруг объекта «канализация», где деревья не ставятся;;канализация;;1.5;"СП 42.13330.2016, п. 9.6, табл. 9.1; ППМ 743-ПП, табл. 3.6.1"
sewer_011;запрет посадки;кустарник;;;;;;;;;полоса вокруг объекта «канализация», где кустарники не ставятся;;канализация;;0.0;"СП 42.13330.2016, п. 9.6, табл. 9.1; ППМ 743-ПП, табл. 3.6.1"
sewer_012;запрет посадки;дерево;;;;;;;;;полоса вокруг объекта «канализация», где деревья не ставятся;;канализация;;1.5;"СП 42.13330.2016, п. 9.6, табл. 9.1; ППМ 743-ПП, табл. 3.6.1"
sewer_012;запрет посадки;кустарник;;;;;;;;;полоса вокруг объекта «канализация», где кустарники не ставятся;;канализация;;0.0;"СП 42.13330.2016, п. 9.6, табл. 9.1; ППМ 743-ПП, табл. 3.6.1"
sewer_013;запрет посадки;дерево;;;;;;;;;полоса вокруг объекта «канализация», где деревья не ставятся;;канализация;;1.5;"СП 42.13330.2016, п. 9.6, табл. 9.1; ППМ 743-ПП, табл. 3.6.1"
sewer_013;запрет посадки;кустарник;;;;;;;;;полоса вокруг объекта «канализация», где кустарники не ставятся;;канализация;;0.0;"СП 42.13330.2016, п. 9.6, табл. 9.1; ППМ 743-ПП, табл. 3.6.1"
sewer_014;запрет посадки;дерево;;;;;;;;;полоса вокруг объекта «канализация», где деревья не ставятся;;канализация;;1.5;"СП 42.13330.2016, п. 9.6, табл. 9.1; ППМ 743-ПП, табл. 3.6.1"
sewer_014;запрет посадки;кустарник;;;;;;;;;полоса вокруг объекта «канализация», где кустарники не ставятся;;канализация;;0.0;"СП 42.13330.2016, п. 9.6, табл. 9.1; ППМ 743-ПП, табл. 3.6.1"
sewer_015;запрет посадки;дерево;;;;;;;;;полоса вокруг объекта «канализация», где деревья не ставятся;;канализация;;1.5;"СП 42.13330.2016, п. 9.6, табл. 9.1; ППМ 743-ПП, табл. 3.6.1"
sewer_015;запрет посадки;кустарник;;;;;;;;;полоса вокруг объекта «канализация», где кустарники не ставятся;;канализация;;0.0;"СП 42.13330.2016, п. 9.6, табл. 9.1; ППМ 743-ПП, табл. 3.6.1"
sewer_016;запрет посадки;дерево;;;;;;;;;полоса вокруг объекта «канализация», где деревья не ставятся;;канализация;;1.5;"СП 42.13330.2016, п. 9.6, табл. 9.1; ППМ 743-ПП, табл. 3.6.1"
sewer_016;запрет посадки;кустарник;;;;;;;;;полоса вокруг объекта «канализация», где кустарники не ставятся;;канализация;;0.0;"СП 42.13330.2016, п. 9.6, табл. 9.1; ППМ 743-ПП, табл. 3.6.1"
sewer_017;запрет посадки;дерево;;;;;;;;;полоса вокруг объекта «канализация», где деревья не ставятся;;канализация;;1.5;"СП 42.13330.2016, п. 9.6, табл. 9.1; ППМ 743-ПП, табл. 3.6.1"
sewer_017;запрет посадки;кустарник;;;;;;;;;полоса вокруг объекта «канализация», где кустарники не ставятся;;канализация;;0.0;"СП 42.13330.2016, п. 9.6, табл. 9.1; ППМ 743-ПП, табл. 3.6.1"
sewer_018;запрет посадки;дерево;;;;;;;;;полоса вокруг объекта «канализация», где деревья не ставятся;;канализация;;1.5;"СП 42.13330.2016, п. 9.6, табл. 9.1; ППМ 743-ПП, табл. 3.6.1"
sewer_018;запрет посадки;кустарник;;;;;;;;;полоса вокруг объекта «канализация», где кустарники не ставятся;;канализация;;0.0;"СП 42.13330.2016, п. 9.6, табл. 9.1; ППМ 743-ПП, табл. 3.6.1"
sewer_019;запрет посадки;дерево;;;;;;;;;полоса вокруг объекта «канализация», где деревья не ставятся;;канализация;;1.5;"СП 42.13330.2016, п. 9.6, табл. 9.1; ППМ 743-ПП, табл. 3.6.1"
sewer_019;запрет посадки;кустарник;;;;;;;;;полоса вокруг объекта «канализация», где кустарники не ставятся;;канализация;;0.0;"СП 42.13330.2016, п. 9.6, табл. 9.1; ППМ 743-ПП, табл. 3.6.1"
sewer_020;запрет посадки;дерево;;;;;;;;;полоса вокруг объекта «канализация», где деревья не ставятся;;канализация;;1.5;"СП 42.13330.2016, п. 9.6, табл. 9.1; ППМ 743-ПП, табл. 3.6.1"
sewer_020;запрет посадки;кустарник;;;;;;;;;полоса вокруг объекта «канализация», где кустарники не ставятся;;канализация;;0.0;"СП 42.13330.2016, п. 9.6, табл. 9.1; ППМ 743-ПП, табл. 3.6.1"
sewer_021;запрет посадки;дерево;;;;;;;;;полоса вокруг объекта «канализация», где деревья не ставятся;;канализация;;1.5;"СП 42.13330.2016, п. 9.6, табл. 9.1; ППМ 743-ПП, табл. 3.6.1"
sewer_021;запрет посадки;кустарник;;;;;;;;;полоса вокруг объекта «канализация», где кустарники не ставятся;;канализация;;0.0;"СП 42.13330.2016, п. 9.6, табл. 9.1; ППМ 743-ПП, табл. 3.6.1"
sewer_022;запрет посадки;дерево;;;;;;;;;полоса вокруг объекта «канализация», где деревья не ставятся;;канализация;;1.5;"СП 42.13330.2016, п. 9.6, табл. 9.1; ППМ 743-ПП, табл. 3.6.1"
sewer_022;запрет посадки;кустарник;;;;;;;;;полоса вокруг объекта «канализация», где кустарники не ставятся;;канализация;;0.0;"СП 42.13330.2016, п. 9.6, табл. 9.1; ППМ 743-ПП, табл. 3.6.1"
sewer_023;запрет посадки;дерево;;;;;;;;;полоса вокруг объекта «канализация», где деревья не ставятся;;канализация;;1.5;"СП 42.13330.2016, п. 9.6, табл. 9.1; ППМ 743-ПП, табл. 3.6.1"
sewer_023;запрет посадки;кустарник;;;;;;;;;полоса вокруг объекта «канализация», где кустарники не ставятся;;канализация;;0.0;"СП 42.13330.2016, п. 9.6, табл. 9.1; ППМ 743-ПП, табл. 3.6.1"
sewer_024;запрет посадки;дерево;;;;;;;;;полоса вокруг объекта «канализация», где деревья не ставятся;;канализация;;1.5;"СП 42.13330.2016, п. 9.6, табл. 9.1; ППМ 743-ПП, табл. 3.6.1"
sewer_024;запрет посадки;кустарник;;;;;;;;;полоса вокруг объекта «канализация», где кустарники не ставятся;;канализация;;0.0;"СП 42.13330.2016, п. 9.6, табл. 9.1; ППМ 743-ПП, табл. 3.6.1"
sewer_025;запрет посадки;дерево;;;;;;;;;полоса вокруг объекта «канализация», где деревья не ставятся;;канализация;;1.5;"СП 42.13330.2016, п. 9.6, табл. 9.1; ППМ 743-ПП, табл. 3.6.1"
sewer_025;запрет посадки;кустарник;;;;;;;;;полоса вокруг объекта «канализация», где кустарники не ставятся;;канализация;;0.0;"СП 42.13330.2016, п. 9.6, табл. 9.1; ППМ 743-ПП, табл. 3.6.1"
sewer_026;запрет посадки;дерево;;;;;;;;;полоса вокруг объекта «канализация», где деревья не ставятся;;канализация;;1.5;"СП 42.13330.2016, п. 9.6, табл. 9.1; ППМ 743-ПП, табл. 3.6.1"
sewer_026;запрет посадки;кустарник;;;;;;;;;полоса вокруг объекта «канализация», где кустарники не ставятся;;канализация;;0.0;"СП 42.13330.2016, п. 9.6, табл. 9.1; ППМ 743-ПП, табл. 3.6.1"
sewer_027;запрет посадки;дерево;;;;;;;;;полоса вокруг объекта «канализация», где деревья не ставятся;;канализация;;1.5;"СП 42.13330.2016, п. 9.6, табл. 9.1; ППМ 743-ПП, табл. 3.6.1"
sewer_027;запрет посадки;кустарник;;;;;;;;;полоса вокруг объекта «канализация», где кустарники не ставятся;;канализация;;0.0;"СП 42.13330.2016, п. 9.6, табл. 9.1; ППМ 743-ПП, табл. 3.6.1"
sewer_028;запрет посадки;дерево;;;;;;;;;полоса вокруг объекта «канализация», где деревья не ставятся;;канализация;;1.5;"СП 42.13330.2016, п. 9.6, табл. 9.1; ППМ 743-ПП, табл. 3.6.1"
sewer_028;запрет посадки;кустарник;;;;;;;;;полоса вокруг объекта «канализация», где кустарники не ставятся;;канализация;;0.0;"СП 42.13330.2016, п. 9.6, табл. 9.1; ППМ 743-ПП, табл. 3.6.1"
sewer_029;запрет посадки;дерево;;;;;;;;;полоса вокруг объекта «канализация», где деревья не ставятся;;канализация;;1.5;"СП 42.13330.2016, п. 9.6, табл. 9.1; ППМ 743-ПП, табл. 3.6.1"
sewer_029;запрет посадки;кустарник;;;;;;;;;полоса вокруг объекта «канализация», где кустарники не ставятся;;канализация;;0.0;"СП 42.13330.2016, п. 9.6, табл. 9.1; ППМ 743-ПП, табл. 3.6.1"
sewer_030;запрет посадки;дерево;;;;;;;;;полоса вокруг объекта «канализация», где деревья не ставятся;;канализация;;1.5;"СП 42.13330.2016, п. 9.6, табл. 9.1; ППМ 743-ПП, табл. 3.6.1"
sewer_030;запрет посадки;кустарник;;;;;;;;;полоса вокруг объекта «канализация», где кустарники не ставятся;;канализация;;0.0;"СП 42.13330.2016, п. 9.6, табл. 9.1; ППМ 743-ПП, табл. 3.6.1"
sewer_031;запрет посадки;дерево;;;;;;;;;полоса вокруг объекта «канализация», где деревья не ставятся;;канализация;;1.5;"СП 42.13330.2016, п. 9.6, табл. 9.1; ППМ 743-ПП, табл. 3.6.1"
sewer_031;запрет посадки;кустарник;;;;;;;;;полоса вокруг объекта «канализация», где кустарники не ставятся;;канализация;;0.0;"СП 42.13330.2016, п. 9.6, табл. 9.1; ППМ 743-ПП, табл. 3.6.1"
sewer_032;запрет посадки;дерево;;;;;;;;;полоса вокруг объекта «канализация», где деревья не ставятся;;канализация;;1.5;"СП 42.13330.2016, п. 9.6, табл. 9.1; ППМ 743-ПП, табл. 3.6.1"
sewer_032;запрет посадки;кустарник;;;;;;;;;полоса вокруг объекта «канализация», где кустарники не ставятся;;канализация;;0.0;"СП 42.13330.2016, п. 9.6, табл. 9.1; ППМ 743-ПП, табл. 3.6.1"
sewer_033;запрет посадки;дерево;;;;;;;;;полоса вокруг объекта «канализация», где деревья не ставятся;;канализация;;1.5;"СП 42.13330.2016, п. 9.6, табл. 9.1; ППМ 743-ПП, табл. 3.6.1"
sewer_033;запрет посадки;кустарник;;;;;;;;;полоса вокруг объекта «канализация», где кустарники не ставятся;;канализация;;0.0;"СП 42.13330.2016, п. 9.6, табл. 9.1; ППМ 743-ПП, табл. 3.6.1"
sewer_034;запрет посадки;дерево;;;;;;;;;полоса вокруг объекта «канализация», где деревья не ставятся;;канализация;;1.5;"СП 42.13330.2016, п. 9.6, табл. 9.1; ППМ 743-ПП, табл. 3.6.1"
sewer_034;запрет посадки;кустарник;;;;;;;;;полоса вокруг объекта «канализация», где кустарники не ставятся;;канализация;;0.0;"СП 42.13330.2016, п. 9.6, табл. 9.1; ППМ 743-ПП, табл. 3.6.1"
sewer_035;запрет посадки;дерево;;;;;;;;;полоса вокруг объекта «канализация», где деревья не ставятся;;канализация;;1.5;"СП 42.13330.2016, п. 9.6, табл. 9.1; ППМ 743-ПП, табл. 3.6.1"
sewer_035;запрет посадки;кустарник;;;;;;;;;полоса вокруг объекта «канализация», где кустарники не ставятся;;канализация;;0.0;"СП 42.13330.2016, п. 9.6, табл. 9.1; ППМ 743-ПП, табл. 3.6.1"
sewer_036;запрет посадки;дерево;;;;;;;;;полоса вокруг объекта «канализация», где деревья не ставятся;;канализация;;1.5;"СП 42.13330.2016, п. 9.6, табл. 9.1; ППМ 743-ПП, табл. 3.6.1"
sewer_036;запрет посадки;кустарник;;;;;;;;;полоса вокруг объекта «канализация», где кустарники не ставятся;;канализация;;0.0;"СП 42.13330.2016, п. 9.6, табл. 9.1; ППМ 743-ПП, табл. 3.6.1"
sewer_037;запрет посадки;дерево;;;;;;;;;полоса вокруг объекта «канализация», где деревья не ставятся;;канализация;;1.5;"СП 42.13330.2016, п. 9.6, табл. 9.1; ППМ 743-ПП, табл. 3.6.1"
sewer_037;запрет посадки;кустарник;;;;;;;;;полоса вокруг объекта «канализация», где кустарники не ставятся;;канализация;;0.0;"СП 42.13330.2016, п. 9.6, табл. 9.1; ППМ 743-ПП, табл. 3.6.1"
sewer_038;запрет посадки;дерево;;;;;;;;;полоса вокруг объекта «канализация», где деревья не ставятся;;канализация;;1.5;"СП 42.13330.2016, п. 9.6, табл. 9.1; ППМ 743-ПП, табл. 3.6.1"
sewer_038;запрет посадки;кустарник;;;;;;;;;полоса вокруг объекта «канализация», где кустарники не ставятся;;канализация;;0.0;"СП 42.13330.2016, п. 9.6, табл. 9.1; ППМ 743-ПП, табл. 3.6.1"
sewer_039;запрет посадки;дерево;;;;;;;;;полоса вокруг объекта «канализация», где деревья не ставятся;;канализация;;1.5;"СП 42.13330.2016, п. 9.6, табл. 9.1; ППМ 743-ПП, табл. 3.6.1"
sewer_039;запрет посадки;кустарник;;;;;;;;;полоса вокруг объекта «канализация», где кустарники не ставятся;;канализация;;0.0;"СП 42.13330.2016, п. 9.6, табл. 9.1; ППМ 743-ПП, табл. 3.6.1"
sewer_040;запрет посадки;дерево;;;;;;;;;полоса вокруг объекта «канализация», где деревья не ставятся;;канализация;;1.5;"СП 42.13330.2016, п. 9.6, табл. 9.1; ППМ 743-ПП, табл. 3.6.1"
sewer_040;запрет посадки;кустарник;;;;;;;;;полоса вокруг объекта «канализация», где кустарники не ставятся;;канализация;;0.0;"СП 42.13330.2016, п. 9.6, табл. 9.1; ППМ 743-ПП, табл. 3.6.1"
sewer_041;запрет посадки;дерево;;;;;;;;;полоса вокруг объекта «канализация», где деревья не ставятся;;канализация;;1.5;"СП 42.13330.2016, п. 9.6, табл. 9.1; ППМ 743-ПП, табл. 3.6.1"
sewer_041;запрет посадки;кустарник;;;;;;;;;полоса вокруг объекта «канализация», где кустарники не ставятся;;канализация;;0.0;"СП 42.13330.2016, п. 9.6, табл. 9.1; ППМ 743-ПП, табл. 3.6.1"
sewer_042;запрет посадки;дерево;;;;;;;;;полоса вокруг объекта «канализация», где деревья не ставятся;;канализация;;1.5;"СП 42.13330.2016, п. 9.6, табл. 9.1; ППМ 743-ПП, табл. 3.6.1"
sewer_042;запрет посадки;кустарник;;;;;;;;;полоса вокруг объекта «канализация», где кустарники не ставятся;;канализация;;0.0;"СП 42.13330.2016, п. 9.6, табл. 9.1; ППМ 743-ПП, табл. 3.6.1"
sewer_043;запрет посадки;дерево;;;;;;;;;полоса вокруг объекта «канализация», где деревья не ставятся;;канализация;;1.5;"СП 42.13330.2016, п. 9.6, табл. 9.1; ППМ 743-ПП, табл. 3.6.1"
sewer_043;запрет посадки;кустарник;;;;;;;;;полоса вокруг объекта «канализация», где кустарники не ставятся;;канализация;;0.0;"СП 42.13330.2016, п. 9.6, табл. 9.1; ППМ 743-ПП, табл. 3.6.1"
sewer_044;запрет посадки;дерево;;;;;;;;;полоса вокруг объекта «канализация», где деревья не ставятся;;канализация;;1.5;"СП 42.13330.2016, п. 9.6, табл. 9.1; ППМ 743-ПП, табл. 3.6.1"
sewer_044;запрет посадки;кустарник;;;;;;;;;полоса вокруг объекта «канализация», где кустарники не ставятся;;канализация;;0.0;"СП 42.13330.2016, п. 9.6, табл. 9.1; ППМ 743-ПП, табл. 3.6.1"
road_001;запрет посадки;дерево;;;;;;;;;полоса вокруг объекта «проезжая часть», где деревья не ставятся;;проезжая часть;;2.0;"СП 42.13330.2016, п. 9.6, табл. 9.1; ППМ 743-ПП, табл. 3.6.1"
road_001;запрет посадки;кустарник;;;;;;;;;полоса вокруг объекта «проезжая часть», где кустарники не ставятся;;проезжая часть;;1.0;"СП 42.13330.2016, п. 9.6, табл. 9.1; ППМ 743-ПП, табл. 3.6.1"
