  0
SECTION
  2
HEADER
  9
$ACADVER
  1
AC1024
  9
$ACADMAINTVER
 70
6
  9
$DWGCODEPAGE
  3
ANSI_1252
  9
$LASTSAVEDBY
  1
ezdxf
  9
$INSBASE
 10
0.0
 20
0.0
 30
0.0
  9
$EXTMIN
 10
1e+20
 20
1e+20
 30
1e+20
  9
$EXTMAX
 10
-1e+20
 20
-1e+20
 30
-1e+20
  9
$LIMMIN
 10
0.0
 20
0.0
  9
$LIMMAX
 10
420.0
 20
297.0
  9
$ORTHOMODE
 70
0
  9
$REGENMODE
 70
1
  9
$FILLMODE
 70
1
  9
$QTEXTMODE
 70
0
  9
$MIRRTEXT
 70
1
  9
$LTSCALE
 40
1.0
  9
$ATTMODE
 70
1
  9
$TEXTSIZE
 40
2.5
  9
$TRACEWID
 40
1.0
  9
$TEXTSTYLE
  7
OpenSans
  9
$CLAYER
  8
0
  9
$CELTYPE
  6
ByLayer
  9
$CECOLOR
 62
256
  9
$CELTSCALE
 40
1.0
  9
$DISPSILH
 70
0
  9
$DIMSCALE
 40
1.0
  9
$DIMASZ
 40
0.175
  9
$DIMEXO
 40
0.125
  9
$DIMDLI
 40
3.75
  9
$DIMRND
 40
0.0
  9
$DIMDLE
 40
0.0
  9
$DIMEXE
 40
0.375
  9
$DIMTP
 40
0.0
  9
$DIMTM
 40
0.0
  9
$DIMTXT
 40
0.25
  9
$DIMCEN
 40
2.5
  9
$DIMTSZ
 40
0.0
  9
$DIMTOL
 70
0
  9
$DIMLIM
 70
0
  9
$DIMTIH
 70
0
  9
$DIMTOH
 70
0
  9
$DIMSE1
 70
0
  9
$DIMSE2
 70
0
  9
$DIMTAD
 70
1
  9
$DIMZIN
 70
12
  9
$DIMBLK
  1
ARCHTICK
  9
$DIMASO
 70
1
  9
$DIMSHO
 70
1
  9
$DIMPOST
  1

  9
$DIMAPOST
  1

  9
$DIMALT
 70
0
  9
$DIMALTD
 70
3
  9
$DIMALTF
 40
0.03937007874
  9
$DIMLFAC
 40
100.0
  9
$DIMTOFL
 70
1
  9
$DIMTVP
 40
0.0
  9
$DIMTIX
 70
0
  9
$DIMSOXD
 70
0
  9
$DIMSAH
 70
0
  9
$DIMBLK1
  1

  9
$DIMBLK2
  1

  9
$DIMSTYLE
  2
EZDXF
  9
$DIMCLRD
 70
0
  9
$DIMCLRE
 70
0
  9
$DIMCLRT
 70
0
  9
$DIMTFAC
 40
0.5
  9
$DIMGAP
 40
0.1
  9
$DIMJUST
 70
0
  9
$DIMSD1
 70
0
  9
$DIMSD2
 70
0
  9
$DIMTOLJ
 70
0
  9
$DIMTZIN
 70
8
  9
$DIMALTZ
 70
0
  9
$DIMALTTZ
 70
0
  9
$DIMUPT
 70
1
  9
$DIMDEC
 70
2
  9
$DIMTDEC
 70
2
  9
$DIMALTU
 70
2
  9
$DIMALTTD
 70
3
  9
$DIMTXSTY
  7
OpenSansCondensed-Light
  9
$DIMAUNIT
 70
0
  9
$DIMADEC
 70
2
  9
$DIMALTRND
 40
0.0
  9
$DIMAZIN
 70
3
  9
$DIMDSEP
 70
46
  9
$DIMATFIT
 70
3
  9
$DIMFRAC
 70
0
  9
$DIMLDRBLK
  1

  9
$DIMLUNIT
 70
2
  9
$DIMLWD
 70
-2
  9
$DIMLWE
 70
-2
  9
$DIMTMOVE
 70
2
  9
$DIMFXL
 40
1.0
  9
$DIMFXLON
 70
0
  9
$DIMJOGANG
 40
0.785398163397
  9
$DIMTFILL
 70
0
  9
$DIMTFILLCLR
 70
0
  9
$DIMARCSYM
 70
0
  9
$DIMLTYPE
  6

  9
$DIMLTEX1
  6

  9
$DIMLTEX2
  6

  9
$DIMTXTDIRECTION
 70
0
  9
$LUNITS
 70
2
  9
$LUPREC
 70
4
  9
$SKETCHINC
 40
1.0
  9
$FILLETRAD
 40
10.0
  9
$AUNITS
 70
0
  9
$AUPREC
 70
2
  9
$MENU
  1
.
  9
$ELEVATION
 40
0.0
  9
$PELEVATION
 40
0.0
  9
$THICKNESS
 40
0.0
  9
$LIMCHECK
 70
0
  9
$CHAMFERA
 40
0.0
  9
$CHAMFERB
 40
0.0
  9
$CHAMFERC
 40
0.0
  9
$CHAMFERD
 40
0.0
  9
$SKPOLY
 70
0
  9
$TDCREATE
 40
2461302.904837963
  9
$TDUCREATE
 40
2458532.153996898
  9
$TDUPDATE
 40
2461302.904837963
  9
$TDUUPDATE
 40
2458532.1544311
  9
$TDINDWG
 40
0.0
  9
$TDUSRTIMER
 40
0.0
  9
$USRTIMER
 70
1
  9
$ANGBASE
 50
0.0
  9
$ANGDIR
 70
0
  9
$PDMODE
 70
0
  9
$PDSIZE
 40
0.0
  9
$PLINEWID
 40
0.0
  9
$SPLFRAME
 70
0
  9
$SPLINETYPE
 70
6
  9
$SPLINESEGS
 70
8
  9
$HANDSEED
  5
4C42
  9
$SURFTAB1
 70
6
  9
$SURFTAB2
 70
6
  9
$SURFTYPE
 70
6
  9
$SURFU
 70
6
  9
$SURFV
 70
6
  9
$UCSBASE
  2

  9
$UCSNAME
  2

  9
$UCSORG
 10
0.0
 20
0.0
 30
0.0
  9
$UCSXDIR
 10
1.0
 20
0.0
 30
0.0
  9
$UCSYDIR
 10
0.0
 20
1.0
 30
0.0
  9
$UCSORTHOREF
  2

  9
$UCSORTHOVIEW
 70
0
  9
$UCSORGTOP
 10
0.0
 20
0.0
 30
0.0
  9
$UCSORGBOTTOM
 10
0.0
 20
0.0
 30
0.0
  9
$UCSORGLEFT
 10
0.0
 20
0.0
 30
0.0
  9
$UCSORGRIGHT
 10
0.0
 20
0.0
 30
0.0
  9
$UCSORGFRONT
 10
0.0
 20
0.0
 30
0.0
  9
$UCSORGBACK
 10
0.0
 20
0.0
 30
0.0
  9
$PUCSBASE
  2

  9
$PUCSNAME
  2

  9
$PUCSORG
 10
0.0
 20
0.0
 30
0.0
  9
$PUCSXDIR
 10
1.0
 20
0.0
 30
0.0
  9
$PUCSYDIR
 10
0.0
 20
1.0
 30
0.0
  9
$PUCSORTHOREF
  2

  9
$PUCSORTHOVIEW
 70
0
  9
$PUCSORGTOP
 10
0.0
 20
0.0
 30
0.0
  9
$PUCSORGBOTTOM
 10
0.0
 20
0.0
 30
0.0
  9
$PUCSORGLEFT
 10
0.0
 20
0.0
 30
0.0
  9
$PUCSORGRIGHT
 10
0.0
 20
0.0
 30
0.0
  9
$PUCSORGFRONT
 10
0.0
 20
0.0
 30
0.0
  9
$PUCSORGBACK
 10
0.0
 20
0.0
 30
0.0
  9
$USERI1
 70
0
  9
$USERI2
 70
0
  9
$USERI3
 70
0
  9
$USERI4
 70
0
  9
$USERI5
 70
0
  9
$USERR1
 40
0.0
  9
$USERR2
 40
0.0
  9
$USERR3
 40
0.0
  9
$USERR4
 40
0.0
  9
$USERR5
 40
0.0
  9
$WORLDVIEW
 70
1
  9
$SHADEDGE
 70
3
  9
$SHADEDIF
 70
70
  9
$TILEMODE
 70
1
  9
$MAXACTVP
 70
64
  9
$PINSBASE
 10
0.0
 20
0.0
 30
0.0
  9
$PLIMCHECK
 70
0
  9
$PEXTMIN
 10
1e+20
 20
1e+20
 30
1e+20
  9
$PEXTMAX
 10
-1e+20
 20
-1e+20
 30
-1e+20
  9
$PLIMMIN
 10
0.0
 20
0.0
  9
$PLIMMAX
 10
420.0
 20
297.0
  9
$UNITMODE
 70
0
  9
$VISRETAIN
 70
1
  9
$PLINEGEN
 70
0
  9
$PSLTSCALE
 70
1
  9
$TREEDEPTH
 70
3020
  9
$CMLSTYLE
  2
Standard
  9
$CMLJUST
 70
0
  9
$CMLSCALE
 40
20.0
  9
$PROXYGRAPHICS
 70
1
  9
$MEASUREMENT
 70
1
  9
$CELWEIGHT
370
-1
  9
$ENDCAPS
280
0
  9
$JOINSTYLE
280
0
  9
$LWDISPLAY
290
0
  9
$INSUNITS
 70
6
  9
$HYPERLINKBASE
  1

  9
$STYLESHEET
  1

  9
$XEDIT
290
1
  9
$CEPSNTYPE
380
0
  9
$PSTYLEMODE
290
1
  9
$FINGERPRINTGUID
  2
{C47C0143-A324-45D7-910E-A27FFAA703A8}
  9
$VERSIONGUID
  2
{98BB481B-B420-437C-926A-EA3015A2EC65}
  9
$EXTNAMES
290
1
  9
$PSVPSCALE
 40
0.0
  9
$OLESTARTUP
290
0
  9
$SORTENTS
280
127
  9
$INDEXCTL
280
0
  9
$HIDETEXT
280
1
  9
$XCLIPFRAME
280
1
  9
$HALOGAP
280
0
  9
$OBSCOLOR
 70
257
  9
$OBSLTYPE
280
0
  9
$INTERSECTIONDISPLAY
280
0
  9
$INTERSECTIONCOLOR
 70
257
  9
$DIMASSOC
280
2
  9
$PROJECTNAME
  1

  9
$CAMERADISPLAY
290
0
  9
$LENSLENGTH
 40
50.0
  9
$CAMERAHEIGHT
 40
0.0
  9
$STEPSPERSEC
 40
24.0
  9
$STEPSIZE
 40
100.0
  9
$3DDWFPREC
 40
2.0
  9
$PSOLWIDTH
 40
0.005
  9
$PSOLHEIGHT
 40
0.08
  9
$LOFTANG1
 40
1.570796326795
  9
$LOFTANG2
 40
1.570796326795
  9
$LOFTMAG1
 40
0.0
  9
$LOFTMAG2
 40
0.0
  9
$LOFTPARAM
 70
7
  9
$LOFTNORMALS
280
1
  9
$LATITUDE
 40
37.795
  9
$LONGITUDE
 40
-122.394
  9
$NORTHDIRECTION
 40
0.0
  9
$TIMEZONE
 70
-8000
  9
$LIGHTGLYPHDISPLAY
280
1
  9
$TILEMODELIGHTSYNCH
280
1
  9
$CMATERIAL
347
20
  9
$SOLIDHIST
280
0
  9
$SHOWHIST
280
1
  9
$DWFFRAME
280
2
  9
$DGNFRAME
280
2
  9
$REALWORLDSCALE
290
1
  9
$INTERFERECOLOR
 62
256
  9
$CSHADOW
280
0
  9
$SHADOWPLANELOCATION
 40
0.0
  0
ENDSEC
  0
SECTION
  2
CLASSES
  0
CLASS
  1
ACDBDICTIONARYWDFLT
  2
AcDbDictionaryWithDefault
  3
ObjectDBX Classes
 90
0
 91
0
280
0
281
0
  0
CLASS
  1
SUN
  2
AcDbSun
  3
SCENEOE
 90
1153
 91
0
280
0
281
0
  0
CLASS
  1
VISUALSTYLE
  2
AcDbVisualStyle
  3
ObjectDBX Classes
 90
4095
 91
0
280
0
281
0
  0
CLASS
  1
MATERIAL
  2
AcDbMaterial
  3
ObjectDBX Classes
 90
1153
 91
0
280
0
281
0
  0
CLASS
  1
SCALE
  2
AcDbScale
  3
ObjectDBX Classes
 90
1153
 91
0
280
0
281
0
  0
CLASS
  1
TABLESTYLE
  2
AcDbTableStyle
  3
ObjectDBX Classes
 90
4095
 91
0
280
0
281
0
  0
CLASS
  1
MLEADERSTYLE
  2
AcDbMLeaderStyle
  3
ACDB_MLEADERSTYLE_CLASS
 90
4095
 91
0
280
0
281
0
  0
CLASS
  1
DICTIONARYVAR
  2
AcDbDictionaryVar
  3
ObjectDBX Classes
 90
0
 91
0
280
0
281
0
  0
CLASS
  1
CELLSTYLEMAP
  2
AcDbCellStyleMap
  3
ObjectDBX Classes
 90
1152
 91
0
280
0
281
0
  0
CLASS
  1
MENTALRAYRENDERSETTINGS
  2
AcDbMentalRayRenderSettings
  3
SCENEOE
 90
1024
 91
0
280
0
281
0
  0
CLASS
  1
ACDBDETAILVIEWSTYLE
  2
AcDbDetailViewStyle
  3
ObjectDBX Classes
 90
1025
 91
0
280
0
281
0
  0
CLASS
  1
ACDBSECTIONVIEWSTYLE
  2
AcDbSectionViewStyle
  3
ObjectDBX Classes
 90
1025
 91
0
280
0
281
0
  0
CLASS
  1
RASTERVARIABLES
  2
AcDbRasterVariables
  3
ISM
 90
0
 91
0
280
0
281
0
  0
CLASS
  1
LAYOUT
  2
AcDbLayout
  3
ObjectDBX Classes
 90
0
 91
0
280
0
281
0
  0
CLASS
  1
ACDBPLACEHOLDER
  2
AcDbPlaceHolder
  3
ObjectDBX Classes
 90
0
 91
0
280
0
281
0
  0
ENDSEC
  0
SECTION
  2
TABLES
  0
TABLE
  2
VPORT
  5
8
330
0
100
AcDbSymbolTable
 70
1
  0
VPORT
  5
23
330
8
100
AcDbSymbolTableRecord
100
AcDbViewportTableRecord
  2
*Active
 70
0
 10
0.0
 20
0.0
 11
1.0
 21
1.0
 12
0.0
 22
0.0
 13
0.0
 23
0.0
 14
0.5
 24
0.5
 15
0.5
 25
0.5
 16
0.0
 26
0.0
 36
1.0
 17
0.0
 27
0.0
 37
0.0
 40
1000.0
 41
1.34
 42
50.0
 43
0.0
 44
0.0
 50
0.0
 51
0.0
 71
0
 72
1000
 73
1
 74
3
 75
0
 76
0
 77
0
 78
0
281
0
 65
0
146
0.0
  0
ENDTAB
  0
TABLE
  2
LTYPE
  5
2
330
0
100
AcDbSymbolTable
 70
21
  0
LTYPE
  5
24
330
2
100
AcDbSymbolTableRecord
100
AcDbLinetypeTableRecord
  2
ByBlock
 70
0
  3

 72
65
 73
0
 40
0.0
  0
LTYPE
  5
25
330
2
100
AcDbSymbolTableRecord
100
AcDbLinetypeTableRecord
  2
ByLayer
 70
0
  3

 72
65
 73
0
 40
0.0
  0
LTYPE
  5
26
330
2
100
AcDbSymbolTableRecord
100
AcDbLinetypeTableRecord
  2
Continuous
 70
0
  3

 72
65
 73
0
 40
0.0
  0
LTYPE
  5
2F
330
2
100
AcDbSymbolTableRecord
100
AcDbLinetypeTableRecord
  2
CENTER
 70
0
  3
Center ____ _ ____ _ ____ _ ____ _ ____ _ ____
 72
65
 73
4
 40
5.08
 49
3.175
 74
0
 49
-0.635
 74
0
 49
0.635
 74
0
 49
-0.635
 74
0
  0
LTYPE
  5
30
330
2
100
AcDbSymbolTableRecord
100
AcDbLinetypeTableRecord
  2
CENTERX2
 70
0
  3
Center (2x) ________  __  ________  __  ________
 72
65
 73
4
 40
8.89
 49
6.35
 74
0
 49
-0.635
 74
0
 49
1.27
 74
0
 49
-0.635
 74
0
  0
LTYPE
  5
31
330
2
100
AcDbSymbolTableRecord
100
AcDbLinetypeTableRecord
  2
CENTER2
 70
0
  3
Center (.5x) ____ _ ____ _ ____ _ ____ _ ____
 72
65
 73
4
 40
2.54
 49
1.587
 74
0
 49
-0.318
 74
0
 49
0.318
 74
0
 49
-0.318
 74
0
  0
LTYPE
  5
32
330
2
100
AcDbSymbolTableRecord
100
AcDbLinetypeTableRecord
  2
DASHED
 70
0
  3
Dashed __ __ __ __ __ __ __ __ __ __ __ __ __ _
 72
65
 73
2
 40
1.524
 49
1.27
 74
0
 49
-0.254
 74
0
  0
LTYPE
  5
33
330
2
100
AcDbSymbolTableRecord
100
AcDbLinetypeTableRecord
  2
DASHEDX2
 70
0
  3
Dashed (2x) ____  ____  ____  ____  ____  ____
 72
65
 73
2
 40
3.048
 49
2.54
 74
0
 49
-0.508
 74
0
  0
LTYPE
  5
34
330
2
100
AcDbSymbolTableRecord
100
AcDbLinetypeTableRecord
  2
DASHED2
 70
0
  3
Dashed (.5x) _ _ _ _ _ _ _ _ _ _ _ _ _ _
 72
65
 73
2
 40
0.762
 49
0.635
 74
0
 49
-0.127
 74
0
  0
LTYPE
  5
35
330
2
100
AcDbSymbolTableRecord
100
AcDbLinetypeTableRecord
  2
PHANTOM
 70
0
  3
Phantom ______  __  __  ______  __  __  ______
 72
65
 73
6
 40
6.35
 49
3.175
 74
0
 49
-0.635
 74
0
 49
0.635
 74
0
 49
-0.635
 74
0
 49
0.635
 74
0
 49
-0.635
 74
0
  0
LTYPE
  5
36
330
2
100
AcDbSymbolTableRecord
100
AcDbLinetypeTableRecord
  2
PHANTOMX2
 70
0
  3
Phantom (2x)____________    ____    ____    ____________
 72
65
 73
6
 40
10.795
 49
6.35
 74
0
 49
-0.635
 74
0
 49
1.27
 74
0
 49
-0.635
 74
0
 49
1.27
 74
0
 49
-0.635
 74
0
  0
LTYPE
  5
37
330
2
100
AcDbSymbolTableRecord
100
AcDbLinetypeTableRecord
  2
PHANTOM2
 70
0
  3
Phantom (.5x) ___ _ _ ___ _ _ ___ _ _ ___ _ _ ___
 72
65
 73
6
 40
3.175
 49
1.587
 74
0
 49
-0.318
 74
0
 49
0.318
 74
0
 49
-0.318
 74
0
 49
0.318
 74
0
 49
-0.318
 74
0
  0
LTYPE
  5
38
330
2
100
AcDbSymbolTableRecord
100
AcDbLinetypeTableRecord
  2
DASHDOT
 70
0
  3
Dash dot __ . __ . __ . __ . __ . __ . __ . __
 72
65
 73
4
 40
3.556
 49
2.54
 74
0
 49
-0.508
 74
0
 49
0.0
 74
0
 49
-0.508
 74
0
  0
LTYPE
  5
39
330
2
100
AcDbSymbolTableRecord
100
AcDbLinetypeTableRecord
  2
DASHDOTX2
 70
0
  3
Dash dot (2x) ____  .  ____  .  ____  .  ____
 72
65
 73
4
 40
6.096
 49
5.08
 74
0
 49
-0.508
 74
0
 49
0.0
 74
0
 49
-0.508
 74
0
  0
LTYPE
  5
3A
330
2
100
AcDbSymbolTableRecord
100
AcDbLinetypeTableRecord
  2
DASHDOT2
 70
0
  3
Dash dot (.5x) _ . _ . _ . _ . _ . _ . _ . _
 72
65
 73
4
 40
1.778
 49
1.27
 74
0
 49
-0.254
 74
0
 49
0.0
 74
0
 49
-0.254
 74
0
  0
LTYPE
  5
3B
330
2
100
AcDbSymbolTableRecord
100
AcDbLinetypeTableRecord
  2
DOT
 70
0
  3
Dot .  .  .  .  .  .  .  .  .  .  .  .  .  .  .  .
 72
65
 73
2
 40
0.508
 49
0.0
 74
0
 49
-0.508
 74
0
  0
LTYPE
  5
3C
330
2
100
AcDbSymbolTableRecord
100
AcDbLinetypeTableRecord
  2
DOTX2
 70
0
  3
Dot (2x) .    .    .    .    .    .    .    . 
 72
65
 73
2
 40
1.016
 49
0.0
 74
0
 49
-1.016
 74
0
  0
LTYPE
  5
3D
330
2
100
AcDbSymbolTableRecord
100
AcDbLinetypeTableRecord
  2
DOT2
 70
0
  3
Dot (.5) . . . . . . . . . . . . . . . . . . . 
 72
65
 73
2
 40
0.254
 49
0.0
 74
0
 49
-0.254
 74
0
  0
LTYPE
  5
3E
330
2
100
AcDbSymbolTableRecord
100
AcDbLinetypeTableRecord
  2
DIVIDE
 70
0
  3
Divide __ . . __ . . __ . . __ . . __ . . __
 72
65
 73
6
 40
4.064
 49
2.54
 74
0
 49
-0.508
 74
0
 49
0.0
 74
0
 49
-0.508
 74
0
 49
0.0
 74
0
 49
-0.508
 74
0
  0
LTYPE
  5
3F
330
2
100
AcDbSymbolTableRecord
100
AcDbLinetypeTableRecord
  2
DIVIDEX2
 70
0
  3
Divide (2x) ____  . .  ____  . .  ____  . .  ____
 72
65
 73
6
 40
6.604
 49
5.08
 74
0
 49
-0.508
 74
0
 49
0.0
 74
0
 49
-0.508
 74
0
 49
0.0
 74
0
 49
-0.508
 74
0
  0
LTYPE
  5
40
330
2
100
AcDbSymbolTableRecord
100
AcDbLinetypeTableRecord
  2
DIVIDE2
 70
0
  3
Divide(.5x) _ . _ . _ . _ . _ . _ . _ . _
 72
65
 73
6
 40
2.032
 49
1.27
 74
0
 49
-0.254
 74
0
 49
0.0
 74
0
 49
-0.254
 74
0
 49
0.0
 74
0
 49
-0.254
 74
0
  0
ENDTAB
  0
TABLE
  2
LAYER
  5
1
330
0
100
AcDbSymbolTable
 70
15
  0
LAYER
  5
27
330
1
100
AcDbSymbolTableRecord
100
AcDbLayerTableRecord
  2
0
 70
0
 62
7
  6
Continuous
370
-3
390
13
347
21
  0
LAYER
  5
28
330
1
100
AcDbSymbolTableRecord
100
AcDbLayerTableRecord
  2
Defpoints
 70
0
 62
7
  6
Continuous
290
0
370
-3
390
13
347
21
  0
LAYER
  5
8A
330
1
100
AcDbSymbolTableRecord
100
AcDbLayerTableRecord
  2
BOUNDARY
 70
0
 62
7
  6
Continuous
370
-3
390
13
347
21
  0
LAYER
  5
8B
330
1
100
AcDbSymbolTableRecord
100
AcDbLayerTableRecord
  2
BUILDING
 70
0
 62
7
  6
Continuous
370
-3
390
13
347
21
  0
LAYER
  5
8C
330
1
100
AcDbSymbolTableRecord
100
AcDbLayerTableRecord
  2
WATER_PIPELINE
 70
0
 62
7
  6
Continuous
370
-3
390
13
347
21
  0
LAYER
  5
8D
330
1
100
AcDbSymbolTableRecord
100
AcDbLayerTableRecord
  2
CURB
 70
0
 62
7
  6
Continuous
370
-3
390
13
347
21
  0
LAYER
  5
8E
330
1
100
AcDbSymbolTableRecord
100
AcDbLayerTableRecord
  2
ROAD
 70
0
 62
7
  6
Continuous
370
-3
390
13
347
21
  0
LAYER
  5
8F
330
1
100
AcDbSymbolTableRecord
100
AcDbLayerTableRecord
  2
SEWER
 70
0
 62
7
  6
Continuous
370
-3
390
13
347
21
  0
LAYER
  5
90
330
1
100
AcDbSymbolTableRecord
100
AcDbLayerTableRecord
  2
HEAT
 70
0
 62
7
  6
Continuous
370
-3
390
13
347
21
  0
LAYER
  5
91
330
1
100
AcDbSymbolTableRecord
100
AcDbLayerTableRecord
  2
ELECTR_CABLE_COMM
 70
0
 62
7
  6
Continuous
370
-3
390
13
347
21
  0
LAYER
  5
92
330
1
100
AcDbSymbolTableRecord
100
AcDbLayerTableRecord
  2
OVERHEAD_POWER_LINE
 70
0
 62
7
  6
Continuous
370
-3
390
13
347
21
  0
LAYER
  5
93
330
1
100
AcDbSymbolTableRecord
100
AcDbLayerTableRecord
  2
SIDEWALK_PATH
 70
0
 62
7
  6
Continuous
370
-3
390
13
347
21
  0
LAYER
  5
94
330
1
100
AcDbSymbolTableRecord
100
AcDbLayerTableRecord
  2
TREE
 70
0
 62
7
  6
Continuous
370
-3
390
13
347
21
  0
LAYER
  5
95
330
1
100
AcDbSymbolTableRecord
100
AcDbLayerTableRecord
  2
GRASS
 70
0
 62
7
  6
Continuous
370
-3
390
13
347
21
  0
LAYER
  5
96
330
1
100
AcDbSymbolTableRecord
100
AcDbLayerTableRecord
  2
ELECTR_CABLE
 70
0
 62
7
  6
Continuous
370
-3
390
13
347
21
  0
ENDTAB
  0
TABLE
  2
STYLE
  5
5
330
0
100
AcDbSymbolTable
 70
26
  0
STYLE
  5
29
330
5
100
AcDbSymbolTableRecord
100
AcDbTextStyleTableRecord
  2
Standard
 70
0
 40
0.0
 41
1.0
 50
0.0
 71
0
 42
2.5
  3
txt
  4

  0
STYLE
  5
41
330
5
100
AcDbSymbolTableRecord
100
AcDbTextStyleTableRecord
  2
OpenSans-Light
 70
0
 40
0.0
 41
1.0
 50
0.0
 71
0
 42
2.5
  3
OpenSans-Light.ttf
  4

  0
STYLE
  5
42
330
5
100
AcDbSymbolTableRecord
100
AcDbTextStyleTableRecord
  2
OpenSans-Light-Italic
 70
0
 40
0.0
 41
1.0
 50
0.0
 71
0
 42
2.5
  3
OpenSans-LightItalic.ttf
  4

  0
STYLE
  5
43
330
5
100
AcDbSymbolTableRecord
100
AcDbTextStyleTableRecord
  2
OpenSans
 70
0
 40
0.0
 41
1.0
 50
0.0
 71
0
 42
2.5
  3
OpenSans-Regular.ttf
  4

  0
STYLE
  5
44
330
5
100
AcDbSymbolTableRecord
100
AcDbTextStyleTableRecord
  2
OpenSans-Italic
 70
0
 40
0.0
 41
1.0
 50
0.0
 71
0
 42
2.5
  3
OpenSans-Italic.ttf
  4

  0
STYLE
  5
45
330
5
100
AcDbSymbolTableRecord
100
AcDbTextStyleTableRecord
  2
OpenSans-SemiBold
 70
0
 40
0.0
 41
1.0
 50
0.0
 71
0
 42
2.5
  3
OpenSans-SemiBold.ttf
  4

  0
STYLE
  5
46
330
5
100
AcDbSymbolTableRecord
100
AcDbTextStyleTableRecord
  2
OpenSans-SemiBoldItalic
 70
0
 40
0.0
 41
1.0
 50
0.0
 71
0
 42
2.5
  3
OpenSans-SemiBoldItalic.ttf
  4

  0
STYLE
  5
47
330
5
100
AcDbSymbolTableRecord
100
AcDbTextStyleTableRecord
  2
OpenSans-Bold
 70
0
 40
0.0
 41
1.0
 50
0.0
 71
0
 42
2.5
  3
OpenSans-Bold.ttf
  4

  0
STYLE
  5
48
330
5
100
AcDbSymbolTableRecord
100
AcDbTextStyleTableRecord
  2
OpenSans-BoldItalic
 70
0
 40
0.0
 41
1.0
 50
0.0
 71
0
 42
2.5
  3
OpenSans-BoldItalic.ttf
  4

  0
STYLE
  5
49
330
5
100
AcDbSymbolTableRecord
100
AcDbTextStyleTableRecord
  2
OpenSans-ExtraBold
 70
0
 40
0.0
 41
1.0
 50
0.0
 71
0
 42
2.5
  3
OpenSans-ExtraBold.ttf
  4

  0
STYLE
  5
4A
330
5
100
AcDbSymbolTableRecord
100
AcDbTextStyleTableRecord
  2
OpenSans-ExtraBoldItalic
 70
0
 40
0.0
 41
1.0
 50
0.0
 71
0
 42
2.5
  3
OpenSans-ExtraBoldItalic.ttf
  4

  0
STYLE
  5
4B
330
5
100
AcDbSymbolTableRecord
100
AcDbTextStyleTableRecord
  2
OpenSansCondensed-Bold
 70
0
 40
0.0
 41
1.0
 50
0.0
 71
0
 42
2.5
  3
OpenSansCondensed-Bold.ttf
  4

  0
STYLE
  5
4C
330
5
100
AcDbSymbolTableRecord
100
AcDbTextStyleTableRecord
  2
OpenSansCondensed-Light
 70
0
 40
0.0
 41
1.0
 50
0.0
 71
0
 42
2.5
  3
OpenSansCondensed-Light.ttf
  4

  0
STYLE
  5
4D
330
5
100
AcDbSymbolTableRecord
100
AcDbTextStyleTableRecord
  2
OpenSansCondensed-Italic
 70
0
 40
0.0
 41
1.0
 50
0.0
 71
0
 42
2.5
  3
OpenSansCondensed-LightItalic.ttf
  4

  0
STYLE
  5
4E
330
5
100
AcDbSymbolTableRecord
100
AcDbTextStyleTableRecord
  2
LiberationSans
 70
0
 40
0.0
 41
1.0
 50
0.0
 71
0
 42
2.5
  3
LiberationSans-Regular.ttf
  4

  0
STYLE
  5
4F
330
5
100
AcDbSymbolTableRecord
100
AcDbTextStyleTableRecord
  2
LiberationSans-Bold
 70
0
 40
0.0
 41
1.0
 50
0.0
 71
0
 42
2.5
  3
LiberationSans-Bold.ttf
  4

  0
STYLE
  5
50
330
5
100
AcDbSymbolTableRecord
100
AcDbTextStyleTableRecord
  2
LiberationSans-BoldItalic
 70
0
 40
0.0
 41
1.0
 50
0.0
 71
0
 42
2.5
  3
LiberationSans-BoldItalic.ttf
  4

  0
STYLE
  5
51
330
5
100
AcDbSymbolTableRecord
100
AcDbTextStyleTableRecord
  2
LiberationSans-Italic
 70
0
 40
0.0
 41
1.0
 50
0.0
 71
0
 42
2.5
  3
LiberationSans-Italic.ttf
  4

  0
STYLE
  5
52
330
5
100
AcDbSymbolTableRecord
100
AcDbTextStyleTableRecord
  2
LiberationSerif
 70
0
 40
0.0
 41
1.0
 50
0.0
 71
0
 42
2.5
  3
LiberationSerif-Regular.ttf
  4

  0
STYLE
  5
53
330
5
100
AcDbSymbolTableRecord
100
AcDbTextStyleTableRecord
  2
LiberationSerif-Bold
 70
0
 40
0.0
 41
1.0
 50
0.0
 71
0
 42
2.5
  3
LiberationSerif-Bold.ttf
  4

  0
STYLE
  5
54
330
5
100
AcDbSymbolTableRecord
100
AcDbTextStyleTableRecord
  2
LiberationSerif-BoldItalic
 70
0
 40
0.0
 41
1.0
 50
0.0
 71
0
 42
2.5
  3
LiberationSerif-BoldItalic.ttf
  4

  0
STYLE
  5
55
330
5
100
AcDbSymbolTableRecord
100
AcDbTextStyleTableRecord
  2
LiberationSerif-Italic
 70
0
 40
0.0
 41
1.0
 50
0.0
 71
0
 42
2.5
  3
LiberationSerif-Italic.ttf
  4

  0
STYLE
  5
56
330
5
100
AcDbSymbolTableRecord
100
AcDbTextStyleTableRecord
  2
LiberationMono
 70
0
 40
0.0
 41
1.0
 50
0.0
 71
0
 42
2.5
  3
LiberationMono-Regular.ttf
  4

  0
STYLE
  5
57
330
5
100
AcDbSymbolTableRecord
100
AcDbTextStyleTableRecord
  2
LiberationMono-Bold
 70
0
 40
0.0
 41
1.0
 50
0.0
 71
0
 42
2.5
  3
LiberationMono-Bold.ttf
  4

  0
STYLE
  5
58
330
5
100
AcDbSymbolTableRecord
100
AcDbTextStyleTableRecord
  2
LiberationMono-BoldItalic
 70
0
 40
0.0
 41
1.0
 50
0.0
 71
0
 42
2.5
  3
LiberationMono-BoldItalic.ttf
  4

  0
STYLE
  5
59
330
5
100
AcDbSymbolTableRecord
100
AcDbTextStyleTableRecord
  2
LiberationMono-Italic
 70
0
 40
0.0
 41
1.0
 50
0.0
 71
0
 42
2.5
  3
LiberationMono-Italic.ttf
  4

  0
ENDTAB
  0
TABLE
  2
VIEW
  5
7
330
0
100
AcDbSymbolTable
 70
0
  0
ENDTAB
  0
TABLE
  2
UCS
  5
6
330
0
100
AcDbSymbolTable
 70
0
  0
ENDTAB
  0
TABLE
  2
APPID
  5
3
330
0
100
AcDbSymbolTable
 70
3
  0
APPID
  5
2A
330
3
100
AcDbSymbolTableRecord
100
AcDbRegAppTableRecord
  2
ACAD
 70
0
  0
APPID
  5
4763
330
3
100
AcDbSymbolTableRecord
100
AcDbRegAppTableRecord
  2
HATCHBACKGROUNDCOLOR
 70
0
  0
APPID
  5
4764
330
3
100
AcDbSymbolTableRecord
100
AcDbRegAppTableRecord
  2
EZDXF
 70
0
  0
ENDTAB
  0
TABLE
  2
DIMSTYLE
  5
4
330
0
100
AcDbSymbolTable
 70
12
100
AcDbDimStyleTable
  0
DIMSTYLE
105
2B
330
4
100
AcDbSymbolTableRecord
100
AcDbDimStyleTableRecord
  2
Standard
 70
0
 40
1.0
 41
2.5
 42
0.625
 43
3.75
 44
1.25
 45
0.0
 46
0.0
 47
0.0
 48
0.0
 49
2.5
140
2.5
141
2.5
142
0.0
143
0.03937007874
144
1.0
145
0.0
146
1.0
147
0.625
148
0.0
 69
0
 70
0
 71
0
 72
0
 73
0
 74
0
 75
0
 76
0
 77
1
 78
8
 79
3
170
0
171
3
172
1
173
0
174
0
175
0
176
0
177
0
178
0
179
2
271
2
272
2
273
2
274
3
275
0
276
0
277
2
278
44
279
0
280
0
281
0
282
0
283
0
284
8
285
0
286
0
288
0
289
3
290
0
371
-2
372
-2
  0
DIMSTYLE
105
73
330
4
100
AcDbSymbolTableRecord
100
AcDbDimStyleTableRecord
  2
EZDXF
 70
0
 40
1.0
 41
0.175
 42
0.125
 43
3.75
 44
0.375
 45
0.0
 46
0.0
 47
0.0
 48
0.0
 49
2.5
140
0.25
141
2.5
142
0.0
143
0.03937007874
144
100.0
145
0.0
146
0.5
147
0.1
148
0.0
 69
0
 70
0
 71
0
 72
0
 73
0
 74
0
 75
0
 76
0
 77
1
 78
12
 79
3
170
0
171
3
172
1
173
0
174
0
175
0
176
0
177
0
178
0
179
2
271
2
272
2
273
2
274
3
275
0
276
0
277
2
278
46
279
2
280
0
281
0
282
0
283
0
284
8
285
0
286
0
288
1
289
3
290
0
340
4C
342
74
371
-2
372
-2
  0
DIMSTYLE
105
7C
330
4
100
AcDbSymbolTableRecord
100
AcDbDimStyleTableRecord
  2
EZ_M_100_H25_CM
 70
0
 40
1.0
 41
0.25
 42
0.125
 43
3.75
 44
0.375
 45
0.0
 46
0.0
 47
0.0
 48
0.0
 49
2.5
140
0.25
141
2.5
142
0.125
143
0.03937007874
144
100.0
145
0.0
146
0.5
147
0.1
148
0.0
 69
0
 70
0
 71
0
 72
0
 73
0
 74
0
 75
0
 76
0
 77
1
 78
12
 79
3
170
0
171
3
172
1
173
0
174
0
175
0
176
0
177
0
178
0
179
2
271
2
272
2
273
2
274
3
275
0
276
0
277
2
278
46
279
2
280
0
281
0
282
0
283
0
284
8
285
0
286
0
288
1
289
3
290
0
340
4C
371
-2
372
-2
  0
DIMSTYLE
105
7D
330
4
100
AcDbSymbolTableRecord
100
AcDbDimStyleTableRecord
  2
EZ_M_50_H25_CM
 70
0
 40
1.0
 41
0.125
 42
0.0625
 43
3.75
 44
0.1875
 45
0.0
 46
0.0
 47
0.0
 48
0.0
 49
2.5
140
0.125
141
2.5
142
0.0625
143
0.03937007874
144
100.0
145
0.0
146
0.5
147
0.05
148
0.0
 69
0
 70
0
 71
0
 72
0
 73
0
 74
0
 75
0
 76
0
 77
1
 78
12
 79
3
170
0
171
3
172
1
173
0
174
0
175
0
176
0
177
0
178
0
179
2
271
2
272
2
273
2
274
3
275
0
276
0
277
2
278
46
279
2
280
0
281
0
282
0
283
0
284
8
285
0
286
0
288
1
289
3
290
0
340
4C
371
-2
372
-2
  0
DIMSTYLE
105
7E
330
4
100
AcDbSymbolTableRecord
100
AcDbDimStyleTableRecord
  2
EZ_M_25_H25_CM
 70
0
 40
1.0
 41
0.0625
 42
0.03125
 43
3.75
 44
0.09375
 45
0.0
 46
0.0
 47
0.0
 48
0.0
 49
2.5
140
0.0625
141
2.5
142
0.03125
143
0.03937007874
144
100.0
145
0.0
146
0.5
147
0.025
148
0.0
 69
0
 70
0
 71
0
 72
0
 73
0
 74
0
 75
0
 76
0
 77
1
 78
12
 79
3
170
0
171
3
172
1
173
0
174
0
175
0
176
0
177
0
178
0
179
2
271
2
272
2
273
2
274
3
275
0
276
0
277
2
278
46
279
2
280
0
281
0
282
0
283
0
284
8
285
0
286
0
288
1
289
3
290
0
340
4C
371
-2
372
-2
  0
DIMSTYLE
105
7F
330
4
100
AcDbSymbolTableRecord
100
AcDbDimStyleTableRecord
  2
EZ_M_20_H25_CM
 70
0
 40
1.0
 41
0.05
 42
0.025
 43
3.75
 44
0.07500000000000001
 45
0.0
 46
0.0
 47
0.0
 48
0.0
 49
2.5
140
0.05
141
2.5
142
0.025
143
0.03937007874
144
100.0
145
0.0
146
0.5
147
0.020000000000000004
148
0.0
 69
0
 70
0
 71
0
 72
0
 73
0
 74
0
 75
0
 76
0
 77
1
 78
12
 79
3
170
0
171
3
172
1
173
0
174
0
175
0
176
0
177
0
178
0
179
2
271
2
272
2
273
2
274
3
275
0
276
0
277
2
278
46
279
2
280
0
281
0
282
0
283
0
284
8
285
0
286
0
288
1
289
3
290
0
340
4C
371
-2
372
-2
  0
DIMSTYLE
105
80
330
4
100
AcDbSymbolTableRecord
100
AcDbDimStyleTableRecord
  2
EZ_M_10_H25_CM
 70
0
 40
1.0
 41
0.025
 42
0.0125
 43
3.75
 44
0.037500000000000006
 45
0.0
 46
0.0
 47
0.0
 48
0.0
 49
2.5
140
0.025
141
2.5
142
0.0125
143
0.03937007874
144
100.0
145
0.0
146
0.5
147
0.010000000000000002
148
0.0
 69
0
 70
0
 71
0
 72
0
 73
0
 74
0
 75
0
 76
0
 77
1
 78
12
 79
3
170
0
171
3
172
1
173
0
174
0
175
0
176
0
177
0
178
0
179
2
271
2
272
2
273
2
274
3
275
0
276
0
277
2
278
46
279
2
280
0
281
0
282
0
283
0
284
8
285
0
286
0
288
1
289
3
290
0
340
4C
371
-2
372
-2
  0
DIMSTYLE
105
81
330
4
100
AcDbSymbolTableRecord
100
AcDbDimStyleTableRecord
  2
EZ_M_5_H25_CM
 70
0
 40
1.0
 41
0.0125
 42
0.00625
 43
3.75
 44
0.018750000000000003
 45
0.0
 46
0.0
 47
0.0
 48
0.0
 49
2.5
140
0.0125
141
2.5
142
0.00625
143
0.03937007874
144
100.0
145
0.0
146
0.5
147
0.005000000000000001
148
0.0
 69
0
 70
0
 71
0
 72
0
 73
0
 74
0
 75
0
 76
0
 77
1
 78
12
 79
3
170
0
171
3
172
1
173
0
174
0
175
0
176
0
177
0
178
0
179
2
271
2
272
2
273
2
274
3
275
0
276
0
277
2
278
46
279
2
280
0
281
0
282
0
283
0
284
8
285
0
286
0
288
1
289
3
290
0
340
4C
371
-2
372
-2
  0
DIMSTYLE
105
82
330
4
100
AcDbSymbolTableRecord
100
AcDbDimStyleTableRecord
  2
EZ_M_1_H25_CM
 70
0
 40
1.0
 41
0.0025
 42
0.00125
 43
3.75
 44
0.00375
 45
0.0
 46
0.0
 47
0.0
 48
0.0
 49
2.5
140
0.0025
141
2.5
142
0.00125
143
0.03937007874
144
100.0
145
0.0
146
0.5
147
0.001
148
0.0
 69
0
 70
0
 71
0
 72
0
 73
0
 74
0
 75
0
 76
0
 77
1
 78
12
 79
3
170
0
171
3
172
1
173
0
174
0
175
0
176
0
177
0
178
0
179
2
271
2
272
2
273
2
274
3
275
0
276
0
277
2
278
46
279
2
280
0
281
0
282
0
283
0
284
8
285
0
286
0
288
1
289
3
290
0
340
4C
371
-2
372
-2
  0
DIMSTYLE
105
83
330
4
100
AcDbSymbolTableRecord
100
AcDbDimStyleTableRecord
  2
EZ_RADIUS
 70
0
 40
1.0
 41
0.25
 42
0.125
 43
3.75
 44
0.375
 45
0.0
 46
0.0
 47
0.0
 48
0.0
 49
2.5
140
0.25
141
0.0
142
0.0
143
0.03937007874
144
100.0
145
0.0
146
0.5
147
0.1
148
0.0
 69
0
 70
0
 71
0
 72
0
 73
0
 74
0
 75
0
 76
0
 77
1
 78
12
 79
3
170
0
171
3
172
0
173
0
174
0
175
0
176
0
177
0
178
0
179
2
271
2
272
2
273
2
274
3
275
0
276
0
277
2
278
46
279
1
280
0
281
0
282
0
283
0
284
8
285
0
286
0
288
1
289
3
290
0
340
4C
342
84
371
-2
372
-2
  0
DIMSTYLE
105
88
330
4
100
AcDbSymbolTableRecord
100
AcDbDimStyleTableRecord
  2
EZ_RADIUS_INSIDE
 70
0
 40
1.0
 41
0.25
 42
0.125
 43
3.75
 44
0.375
 45
0.0
 46
0.0
 47
0.0
 48
0.0
 49
2.5
140
0.25
141
0.0
142
0.0
143
0.03937007874
144
100.0
145
0.0
146
0.5
147
0.1
148
0.0
 69
0
 70
0
 71
0
 72
0
 73
0
 74
0
 75
0
 76
0
 77
0
 78
12
 79
3
170
0
171
3
172
0
173
0
174
1
175
0
176
0
177
0
178
0
179
2
271
2
272
2
273
2
274
3
275
0
276
0
277
2
278
46
279
0
280
0
281
0
282
0
283
0
284
8
285
0
286
0
288
1
289
0
290
0
340
4C
342
84
371
-2
372
-2
  0
DIMSTYLE
105
89
330
4
100
AcDbSymbolTableRecord
100
AcDbDimStyleTableRecord
  2
EZ_CURVED
 70
0
 40
1.0
 41
0.25
 42
0.125
 43
3.75
 44
0.375
 45
0.0
 46
0.0
 47
0.0
 48
0.0
 49
2.5
140
0.25
141
2.5
142
0.0
143
0.03937007874
144
100.0
145
0.0
146
0.5
147
0.1
148
0.0
 69
0
 70
0
 71
0
 72
0
 73
0
 74
0
 75
0
 76
0
 77
1
 78
12
 79
2
 90
2
170
0
171
3
172
1
173
0
174
0
175
0
176
0
177
0
178
0
179
2
271
2
272
2
273
2
274
3
275
0
276
0
277
2
278
46
279
2
280
0
281
0
282
0
283
0
284
8
285
0
286
0
288
1
289
3
290
0
340
4C
371
-2
372
-2
  0
ENDTAB
  0
TABLE
  2
BLOCK_RECORD
  5
9
330
0
100
AcDbSymbolTable
 70
10
  0
BLOCK_RECORD
  5
17
330
9
100
AcDbSymbolTableRecord
100
AcDbBlockTableRecord
  2
*Model_Space
340
1A
 70
0
280
1
281
0
  0
BLOCK_RECORD
  5
1B
330
9
100
AcDbSymbolTableRecord
100
AcDbBlockTableRecord
  2
*Paper_Space
340
1E
 70
0
280
1
281
0
  0
BLOCK_RECORD
  5
74
330
9
100
AcDbSymbolTableRecord
100
AcDbBlockTableRecord
  2
_ARCHTICK
340
0
 70
0
280
1
281
0
  0
BLOCK_RECORD
  5
78
330
9
100
AcDbSymbolTableRecord
100
AcDbBlockTableRecord
  2
_CLOSEDFILLED
340
0
 70
0
280
1
281
0
  0
BLOCK_RECORD
  5
84
330
9
100
AcDbSymbolTableRecord
100
AcDbBlockTableRecord
  2
_CLOSEDBLANK
340
0
 70
0
280
1
281
0
  0
BLOCK_RECORD
  5
47AC
330
9
100
AcDbSymbolTableRecord
100
AcDbBlockTableRecord
  2
BEREZA
340
0
 70
0
280
1
281
0
  0
BLOCK_RECORD
  5
47B0
330
9
100
AcDbSymbolTableRecord
100
AcDbBlockTableRecord
  2
СПИРЕЯ_СЕРАЯ
340
0
 70
0
280
1
281
0
  0
BLOCK_RECORD
  5
47B4
330
9
100
AcDbSymbolTableRecord
100
AcDbBlockTableRecord
  2
МИСКАНТУС_КИТАЙСКИЙ
340
0
 70
0
280
1
281
0
  0
BLOCK_RECORD
  5
47B8
330
9
100
AcDbSymbolTableRecord
100
AcDbBlockTableRecord
  2
ДЕРЕН_FLAVIRAMEA
340
0
 70
0
280
1
281
0
  0
BLOCK_RECORD
  5
47BC
330
9
100
AcDbSymbolTableRecord
100
AcDbBlockTableRecord
  2
ДЕРЕН_SIBIRICA
340
0
 70
0
280
1
281
0
  0
ENDTAB
  0
ENDSEC
  0
SECTION
  2
BLOCKS
  0
BLOCK
  5
18
330
17
100
AcDbEntity
  8
0
100
AcDbBlockBegin
  2
*Model_Space
 70
0
 10
0.0
 20
0.0
 30
0.0
  3
*Model_Space
  1

  0
ENDBLK
  5
19
330
17
100
AcDbEntity
  8
0
100
AcDbBlockEnd
  0
BLOCK
  5
1C
330
1B
100
AcDbEntity
  8
0
100
AcDbBlockBegin
  2
*Paper_Space
 70
0
 10
0.0
 20
0.0
 30
0.0
  3
*Paper_Space
  1

  0
ENDBLK
  5
1D
330
1B
100
AcDbEntity
  8
0
100
AcDbBlockEnd
  0
BLOCK
  5
75
330
74
100
AcDbEntity
  8
0
100
AcDbBlockBegin
  2
_ARCHTICK
 70
0
 10
0.0
 20
0.0
 30
0.0
  3
_ARCHTICK
  1

  0
LWPOLYLINE
  5
77
330
74
100
AcDbEntity
  8
0
  6
BYBLOCK
 62
0
100
AcDbPolyline
 90
2
 70
0
 43
0.15
 10
-0.5
 20
-0.5
 10
0.5
 20
0.5
  0
ENDBLK
  5
76
330
74
100
AcDbEntity
  8
0
100
AcDbBlockEnd
  0
BLOCK
  5
79
330
78
100
AcDbEntity
  8
0
100
AcDbBlockBegin
  2
_CLOSEDFILLED
 70
0
 10
0.0
 20
0.0
 30
0.0
  3
_CLOSEDFILLED
  1

  0
SOLID
  5
7B
330
78
100
AcDbEntity
  8
0
  6
BYBLOCK
 62
0
100
AcDbTrace
 10
-1.0
 20
0.16439898372402537
 30
0.0
 11
0.0
 21
0.0
 31
0.0
 12
-1.0
 22
-0.16439898372402537
 32
0.0
 13
-1.0
 23
-0.16439898372402537
 33
0.0
  0
ENDBLK
  5
7A
330
78
100
AcDbEntity
  8
0
100
AcDbBlockEnd
  0
BLOCK
  5
85
330
84
100
AcDbEntity
  8
0
100
AcDbBlockBegin
  2
_CLOSEDBLANK
 70
0
 10
0.0
 20
0.0
 30
0.0
  3
_CLOSEDBLANK
  1

  0
LWPOLYLINE
  5
87
330
84
100
AcDbEntity
  8
0
  6
BYBLOCK
 62
0
100
AcDbPolyline
 90
3
 70
1
 10
-1.0
 20
0.16439898372402537
 10
0.0
 20
0.0
 10
-1.0
 20
-0.16439898372402537
  0
ENDBLK
  5
86
330
84
100
AcDbEntity
  8
0
100
AcDbBlockEnd
  0
BLOCK
  5
47AD
330
47AC
100
AcDbEntity
  8
0
100
AcDbBlockBegin
  2
BEREZA
 70
0
 10
0.0
 20
0.0
 30
0.0
  3
BEREZA
  1

  0
CIRCLE
  5
47AF
330
47AC
100
AcDbEntity
  8
0
100
AcDbCircle
 10
0.0
 20
0.0
 30
0.0
 40
0.2
  0
ENDBLK
  5
47AE
330
47AC
100
AcDbEntity
  8
0
100
AcDbBlockEnd
  0
BLOCK
  5
47B1
330
47B0
100
AcDbEntity
  8
0
100
AcDbBlockBegin
  2
СПИРЕЯ_СЕРАЯ
 70
0
 10
0.0
 20
0.0
 30
0.0
  3
СПИРЕЯ_СЕРАЯ
  1

  0
CIRCLE
  5
47B3
330
47B0
100
AcDbEntity
  8
0
100
AcDbCircle
 10
0.0
 20
0.0
 30
0.0
 40
0.2
  0
ENDBLK
  5
47B2
330
47B0
100
AcDbEntity
  8
0
100
AcDbBlockEnd
  0
BLOCK
  5
47B5
330
47B4
100
AcDbEntity
  8
0
100
AcDbBlockBegin
  2
МИСКАНТУС_КИТАЙСКИЙ
 70
0
 10
0.0
 20
0.0
 30
0.0
  3
МИСКАНТУС_КИТАЙСКИЙ
  1

  0
CIRCLE
  5
47B7
330
47B4
100
AcDbEntity
  8
0
100
AcDbCircle
 10
0.0
 20
0.0
 30
0.0
 40
0.2
  0
ENDBLK
  5
47B6
330
47B4
100
AcDbEntity
  8
0
100
AcDbBlockEnd
  0
BLOCK
  5
47B9
330
47B8
100
AcDbEntity
  8
0
100
AcDbBlockBegin
  2
ДЕРЕН_FLAVIRAMEA
 70
0
 10
0.0
 20
0.0
 30
0.0
  3
ДЕРЕН_FLAVIRAMEA
  1

  0
CIRCLE
  5
47BB
330
47B8
100
AcDbEntity
  8
0
100
AcDbCircle
 10
0.0
 20
0.0
 30
0.0
 40
0.2
  0
ENDBLK
  5
47BA
330
47B8
100
AcDbEntity
  8
0
100
AcDbBlockEnd
  0
BLOCK
  5
47BD
330
47BC
100
AcDbEntity
  8
0
100
AcDbBlockBegin
  2
ДЕРЕН_SIBIRICA
 70
0
 10
0.0
 20
0.0
 30
0.0
  3
ДЕРЕН_SIBIRICA
  1

  0
CIRCLE
  5
47BF
330
47BC
100
AcDbEntity
  8
0
100
AcDbCircle
 10
0.0
 20
0.0
 30
0.0
 40
0.2
  0
ENDBLK
  5
47BE
330
47BC
100
AcDbEntity
  8
0
100
AcDbBlockEnd
  0
ENDSEC
  0
SECTION
  2
ENTITIES
  0
LWPOLYLINE
  5
2579
330
17
100
AcDbEntity
  8
BUILDING
100
AcDbPolyline
 90
4
 70
1
 10
83.1988175991834
 20
290.41616875637555
 10
105.01925890812238
 20
290.5107667164091
 10
105.08492950432544
 20
275.3628566592196
 10
83.26448819538646
 20
275.26825869918605
  0
LWPOLYLINE
  5
257A
330
17
100
AcDbEntity
  8
BUILDING
100
AcDbPolyline
 90
4
 70
1
 10
97.8467113519681
 20
556.4818065994388
 10
97.05533177477602
 20
575.5046444997812
 10
103.80889633767897
 20
575.7856032660957
 10
104.6002759148711
 20
556.7627653657531
  0
LWPOLYLINE
  5
257B
330
17
100
AcDbEntity
  8
BUILDING
100
AcDbPolyline
 90
12
 70
1
 10
98.7276697922628
 20
406.67315190658337
 10
98.57669381422406
 20
406.7544466639888
 10
98.6231479613129
 20
406.77767373753323
 10
98.6828747218557
 20
406.82246880794037
 10
98.7276697922628
 20
406.9120589487545
 10
98.8321916232127
 20
406.9120589487545
 10
99.87739865500009
 20
406.97178570929736
 10
99.7280817536431
 20
406.837400498076
 10
99.68329796094757
 20
406.7627420473975
 10
98.7575331725342
 20
406.1057927922731
 10
98.45021476665842
 20
406.0926085975606
 10
98.45021476665842
 20
406.4209391158682
  0
LWPOLYLINE
  5
257C
330
17
100
AcDbEntity
  8
BUILDING
100
AcDbPolyline
 90
70
 70
1
 10
162.20185600608193
 20
481.1668577742793
 10
161.15664897429454
 20
481.10713101373653
 10
160.51458629845945
 20
481.8387838303858
 10
160.48472291818806
 20
482.3912563654067
 10
160.99240038280183
 20
482.4211197456781
 10
159.94719335101445
 20
482.3613929851353
 10
159.96212504115013
 20
481.80892045011444
 10
161.00733207293754
 20
481.8537155205215
 10
161.12678559402312
 20
481.65960354875745
 10
161.73897361187522
 20
481.33110636577203
 10
161.5000778474156
 20
481.12206270387225
 10
162.17199262581053
 20
481.71933030930023
 10
161.97788065404643
 20
481.8238521402501
 10
161.91815389350364
 20
481.86864721065723
 10
161.91815389350364
 20
481.86864721065723
 10
161.87335882309654
 20
481.8238521402501
 10
161.87335882309654
 20
481.8238521402501
 10
161.91815389350364
 20
481.779057069843
 10
161.91815389350364
 20
481.779057069843
 10
161.97788065404643
 20
481.79398875997873
 10
161.97788065404643
 20
481.79398875997873
 10
162.06747079486064
 20
481.8387838303858
 10
162.06747079486064
 20
481.8387838303858
 10
162.11226586526772
 20
481.86864721065723
 10
162.11226586526772
 20
481.86864721065723
 10
162.17199262581053
 20
481.95823735147144
 10
162.17199262581053
 20
481.95823735147144
 10
162.15706093567482
 20
482.077690872557
 10
162.15706093567482
 20
482.077690872557
 10
162.09733417513203
 20
482.1971443936426
 10
162.09733417513203
 20
482.1971443936426
 10
162.00774403431782
 20
482.227007773914
 10
162.00774403431782
 20
482.227007773914
 10
161.90322220336793
 20
482.227007773914
 10
161.90322220336793
 20
482.227007773914
 10
161.79870037241804
 20
482.18221270350693
 10
161.79870037241804
 20
482.18221270350693
 10
161.75390530201093
 20
482.1374176330998
 10
161.75390530201093
 20
482.1374176330998
 10
161.70911023160383
 20
482.0478274922856
 10
161.70911023160383
 20
482.0478274922856
 10
161.6195313685012
 20
481.9731690416071
 10
161.6195313685012
 20
481.9731690416071
 10
161.47021446714422
 20
481.95823735147144
 10
162.24665107648903
 20
482.3165979147282
 10
162.27651445676042
 20
481.7641253797073
 10
162.27651445676042
 20
481.7641253797073
 10
162.7543285411028
 20
482.18221270350693
 10
162.7543285411028
 20
482.18221270350693
 10
162.9036454424598
 20
482.2718028443211
 10
162.9036454424598
 20
482.2718028443211
 10
163.0081672734097
 20
482.3165979147282
 10
163.0081672734097
 20
482.3165979147282
 10
163.0977574142239
 20
482.3165979147282
 10
163.0977574142239
 20
482.3165979147282
 10
163.2022792451738
 20
482.2867345344568
 10
163.2022792451738
 20
482.2867345344568
 10
163.2470743155809
 20
482.25687115418543
 10
163.2470743155809
 20
482.25687115418543
 10
163.3068010761237
 20
482.1672810133712
 10
163.3068010761237
 20
482.1672810133712
 10
163.3217327662594
 20
482.0179641120142
 10
163.3217327662594
 20
482.0179641120142
 10
163.2769376958523
 20
481.9283739712
 10
163.2769376958523
 20
481.9283739712
 10
163.2172109353095
 20
481.88357890079294
 10
163.2172109353095
 20
481.88357890079294
 10
163.1276207944953
 20
481.8387838303858
 10
163.1276207944953
 20
481.8387838303858
 10
163.0678940339525
 20
481.8387838303858
  0
LWPOLYLINE
  5
257D
330
17
100
AcDbEntity
  8
BUILDING
100
AcDbPolyline
 90
4
 70
1
 10
156.66224407658368
 20
65.75510338145149
 10
162.8737820621884
 20
52.54064783304996
 10
157.86043157976013
 20
50.18409089109419
 10
151.64889359415554
 20
63.39854643949564
  0
LWPOLYLINE
  5
257E
330
17
100
AcDbEntity
  8
BUILDING
100
AcDbPolyline
 90
16
 70
1
 10
184.34540586707396
 20
153.50805986795612
 10
173.10319567514827
 20
153.36392896806
 10
173.0863796607375
 20
154.67557809209967
 10
173.8112160061608
 20
154.68098734904717
 10
173.92315381862508
 20
154.6814050239909
 10
174.86718623677805
 20
154.6814050239909
 10
176.79668924238206
 20
154.6959127301606
 10
176.90946929034186
 20
154.6963367141266
 10
177.85392284396343
 20
154.6963367141266
 10
179.7428273927607
 20
154.71043309618338
 10
180.68728150370558
 20
154.72452958510638
 10
180.9111396912862
 20
154.726200094398
 10
182.78510787486613
 20
154.726200094398
 10
183.67359697542236
 20
154.7394612752421
 10
183.89745516300297
 20
154.7411317845337
 10
184.3295972527588
 20
154.7411317845337
  0
LWPOLYLINE
  5
257F
330
17
100
AcDbEntity
  8
BUILDING
100
AcDbPolyline
 90
14
 70
1
 10
156.880950222348
 20
208.521359755571
 10
162.67837569143202
 20
216.03978954012837
 10
178.13783141103866
 20
204.11907671906712
 10
176.13342028714248
 20
201.51964281952633
 10
175.47772799796928
 20
201.1768962769784
 10
174.08038899809333
 20
200.61674314852922
 10
172.6339400300939
 20
200.19947442113752
 10
172.07726143631623
 20
200.0979178734363
 10
172.07864965103667
 20
200.0049074871673
 10
172.07990245243616
 20
199.89298900413056
 10
172.09441648119005
 20
197.9481091511085
 10
172.10851288067406
 20
197.0036929729915
 10
172.10975952860758
 20
196.89260598324591
 10
172.11062249193597
 20
196.77783186057218
  0
LWPOLYLINE
  5
2580
330
17
100
AcDbEntity
  8
BUILDING
100
AcDbPolyline
 90
16
 70
1
 10
172.12511519307878
 20
194.4835129944451
 10
172.12511519307878
 20
193.84945855900153
 10
172.1392115892585
 20
191.9605414709195
 10
172.15330810171517
 20
191.0160751363224
 10
172.15455457975335
 20
190.90500080055858
 10
172.16906867036124
 20
188.97467059892674
 10
172.1831714819866
 20
188.02978222002923
 10
172.18442428338608
 20
187.91786373699188
 10
172.1993559735218
 20
185.91701725880813
 10
172.19977364375728
 20
185.80508007724285
 10
172.19977364375728
 20
184.9174349794456
 10
172.2279412653335
 20
183.04433069390416
 10
172.22963702402868
 20
182.81878716094923
 10
172.22963702402868
 20
182.44932955492973
 10
169.17712783559057
 20
178.33375712264737
 10
163.3515961465308
 20
182.65453856945655
  0
LWPOLYLINE
  5
2581
330
17
100
AcDbEntity
  8
BUILDING
100
AcDbPolyline
 90
11
 70
1
 10
194.53541997829336
 20
154.7987505030638
 10
194.75940097936237
 20
154.800434570741
 10
194.8721797464727
 20
154.8008585450765
 10
195.81663298462624
 20
154.8008585450765
 10
197.76148846495454
 20
154.8153725555602
 10
197.87342690832517
 20
154.8157902352122
 10
198.79959343090016
 20
154.8157902352122
 10
200.2334185021843
 20
154.82998673537207
 10
201.6364804266184
 20
154.77454260959198
 10
207.73299516868408
 20
140.73774250743116
 10
201.7677206480646
 20
138.14688249726197
  0
LWPOLYLINE
  5
2582
330
17
100
AcDbEntity
  8
BUILDING
100
AcDbPolyline
 90
4
 70
1
 10
161.6941898191797
 20
153.28408451592063
 10
156.3785419640054
 20
137.75521699648564
 10
151.3851381406803
 20
139.46449658755856
 10
156.7007859958546
 20
154.99336410699348
  0
LWPOLYLINE
  5
2583
330
17
100
AcDbEntity
  8
BUILDING
100
AcDbPolyline
 90
4
 70
1
 10
201.20324198098868
 20
581.1790924224839
 10
191.99038610570585
 20
573.7576367539043
 10
189.22553103256124
 20
577.1898759860034
 10
198.4383869078387
 20
584.6113316545809
  0
LWPOLYLINE
  5
2584
330
17
100
AcDbEntity
  8
BUILDING
100
AcDbPolyline
 90
4
 70
1
 10
100.63891485192077
 20
184.86438359869376
 10
105.56633876356692
 20
192.10620820366177
 10
108.88174126056622
 20
189.85036876656395
 10
103.95431734891864
 20
182.60854416159384
  0
LWPOLYLINE
  5
2585
330
17
100
AcDbEntity
  8
BUILDING
100
AcDbPolyline
 90
40
 70
1
 10
156.9011398410433
 20
221.0735066235338
 10
157.90156308013516
 20
221.0585749333981
 10
157.90156308013516
 20
221.0585749333981
 10
160.00692011155724
 20
221.0585749333981
 10
160.00692011155724
 20
221.0585749333981
 10
160.18608911547406
 20
221.0585749333981
 10
160.18608911547406
 20
221.0585749333981
 10
160.82815179130912
 20
221.0585749333981
 10
160.82815179130912
 20
221.0585749333981
 10
161.02226376307323
 20
221.0585749333981
 10
161.02226376307323
 20
221.0585749333981
 10
161.44035108687282
 20
221.0585749333981
 10
161.44035108687282
 20
221.0585749333981
 10
164.96420740347477
 20
221.04364324326238
 10
164.96420740347477
 20
221.04364324326238
 10
165.75557570295527
 20
221.04364324326238
 10
165.75557570295527
 20
221.04364324326238
 10
166.17366302675487
 20
221.04364324326238
 10
166.17366302675487
 20
221.04364324326238
 10
166.26325316756908
 20
221.04364324326238
 10
166.26325316756908
 20
221.04364324326238
 10
166.27818485770476
 20
224.627203764984
 10
166.27818485770476
 20
224.627203764984
 10
163.60542360112612
 20
224.64213545511967
 10
163.60542360112612
 20
224.64213545511967
 10
163.5904919109904
 20
228.2705361580947
 10
163.5904919109904
 20
228.2705361580947
 10
161.00733207293754
 20
228.2705361580947
 10
161.00733207293754
 20
228.2705361580947
 10
160.79828841103773
 20
228.2705361580947
 10
160.79828841103773
 20
228.2705361580947
 10
160.08156728452417
 20
228.255604467959
 10
160.08156728452417
 20
228.255604467959
 10
159.66349123843614
 20
228.255604467959
 10
159.66349123843614
 20
228.255604467959
 10
157.84183631959237
 20
228.255604467959
 10
157.84183631959237
 20
228.255604467959
 10
156.916071531179
 20
228.255604467959
 10
156.916071531179
 20
228.255604467959
 10
156.9011398410433
 20
221.0735066235338
  0
LWPOLYLINE
  5
2586
330
17
100
AcDbEntity
  8
BUILDING
100
AcDbPolyline
 90
4
 70
1
 10
102.77413526361424
 20
574.4892895705536
 10
102.84879371429274
 20
561.424150923509
 10
96.23406011570921
 20
561.3863521847886
 10
96.1594016650307
 20
574.4514908318332
  0
LWPOLYLINE
  5
2587
330
17
100
AcDbEntity
  8
BUILDING
100
AcDbPolyline
 90
28
 70
1
 10
158.66306799934426
 20
549.6580693182703
 10
158.61827292893716
 20
549.6580693182703
 10
158.61827292893716
 20
549.6580693182703
 10
158.18526519271347
 20
549.6580693182703
 10
158.18526519271347
 20
549.6580693182703
 10
156.6771644890078
 20
549.6580693182703
 10
156.6771644890078
 20
549.6580693182703
 10
155.3930504150492
 20
549.6580693182703
 10
155.3930504150492
 20
549.6580693182703
 10
155.37811872491352
 20
542.4162447133024
 10
155.37811872491352
 20
542.4162447133024
 10
156.6920961791435
 20
542.431176403438
 10
156.6920961791435
 20
542.431176403438
 10
158.61827292893716
 20
542.4461080935738
 10
158.61827292893716
 20
542.4461080935738
 10
158.63320461907287
 20
542.4461080935738
 10
158.63320461907287
 20
542.4461080935738
 10
159.46937926667206
 20
542.4461080935738
 10
159.46937926667206
 20
542.4461080935738
 10
159.88746659047163
 20
542.4610397837095
 10
159.88746659047163
 20
542.4610397837095
 10
162.12719755540343
 20
542.4759714738452
 10
162.12719755540343
 20
542.4759714738452
 10
162.15706093567482
 20
549.6431376281347
 10
162.15706093567482
 20
549.6431376281347
 10
159.45444757653635
 20
549.6580693182703
 10
159.45444757653635
 20
549.6580693182703
 10
158.66306799934426
 20
549.6580693182703
  0
LWPOLYLINE
  5
2588
330
17
100
AcDbEntity
  8
BUILDING
100
AcDbPolyline
 90
4
 70
1
 10
204.7120958796293
 20
520.8102244194839
 10
199.4263001270148
 20
520.7952927293483
 10
199.30381003747385
 20
564.156599396611
 10
204.58960579008834
 20
564.1715310867465
  0
LWPOLYLINE
  5
2589
330
17
100
AcDbEntity
  8
BUILDING
100
AcDbPolyline
 90
4
 70
1
 10
154.82216053156125
 20
594.9391010318507
 10
198.99517341372643
 20
587.531719773912
 10
196.74125973724426
 20
574.0907810130232
 10
152.56824685507908
 20
581.4981622709619
  0
LWPOLYLINE
  5
258A
330
17
100
AcDbEntity
  8
BUILDING
100
AcDbPolyline
 90
4
 70
1
 10
82.34771849051609
 20
289.3556519502019
 10
103.970464522014
 20
289.45483954589514
 10
104.03030816066045
 20
276.409016719223
 10
82.40756212916169
 20
276.3098291235277
  0
LWPOLYLINE
  5
258B
330
17
100
AcDbEntity
  8
BUILDING
100
AcDbPolyline
 90
26
 70
1
 10
170.53368271324442
 20
207.59028065268964
 10
168.04011301600573
 20
207.59028065268964
 10
168.04011301600573
 20
207.59028065268964
 10
160.87294686171623
 20
207.57534896255396
 10
160.87294686171623
 20
207.57534896255396
 10
157.99115322094937
 20
207.56041727241825
 10
157.99115322094937
 20
207.56041727241825
 10
156.9459349114504
 20
207.56041727241825
 10
156.9459349114504
 20
207.56041727241825
 10
157.065388432536
 20
191.00126313362
 10
157.065388432536
 20
191.00126313362
 10
157.12511519307878
 20
183.66989349868413
 10
157.12511519307878
 20
183.66989349868413
 10
158.20019688284916
 20
183.66989349868413
 10
158.20019688284916
 20
183.66989349868413
 10
160.96253700253044
 20
183.6847800779735
 10
160.96253700253044
 20
183.6847800779735
 10
169.21970525901443
 20
183.72957514838058
 10
169.21970525901443
 20
183.72957514838058
 10
171.07122355812962
 20
183.72957514838058
 10
171.07122355812962
 20
183.72957514838058
 10
171.3549256707079
 20
183.72957514838058
 10
171.3549256707079
 20
183.72957514838058
 10
171.2354721496223
 20
207.59028065268964
 10
171.2354721496223
 20
207.59028065268964
 10
170.53368271324442
 20
207.59028065268964
  0
LWPOLYLINE
  5
258C
330
17
100
AcDbEntity
  8
BUILDING
100
AcDbPolyline
 90
82
 70
1
 10
200.78508392936345
 20
148.32680850171468
 10
200.77015223922774
 20
151.37282817855106
 10
200.77015223922774
 20
151.37282817855106
 10
199.7995923804073
 20
151.37282817855106
 10
199.7995923804073
 20
151.37282817855106
 10
199.62041209877887
 20
151.37282817855106
 10
199.62041209877887
 20
151.37282817855106
 10
197.81370014778238
 20
151.35789648841538
 10
197.81370014778238
 20
151.35789648841538
 10
197.81370014778238
 20
152.31352465710015
 10
197.81370014778238
 20
152.31352465710015
 10
197.81370014778238
 20
152.64202184008553
 10
197.81370014778238
 20
152.64202184008553
 10
193.43873749344556
 20
152.62709014994985
 10
193.43873749344556
 20
152.62709014994985
 10
186.16706078591773
 20
152.58229507954275
 10
186.16706078591773
 20
152.58229507954275
 10
181.73238264874968
 20
152.56736338940703
 10
181.73238264874968
 20
152.56736338940703
 10
181.73238264874968
 20
152.25379789655736
 10
181.73238264874968
 20
152.25379789655736
 10
181.73238264874968
 20
151.28323803773688
 10
181.73238264874968
 20
151.28323803773688
 10
178.53701223742152
 20
151.26830634760117
 10
178.53701223742152
 20
151.26830634760117
 10
176.52125662452525
 20
151.25337465746549
 10
176.52125662452525
 20
151.25337465746549
 10
176.50632493438954
 20
152.50763662886425
 10
176.50632493438954
 20
152.50763662886425
 10
172.1313622800527
 20
152.47777324859285
 10
172.1313622800527
 20
152.47777324859285
 10
171.78793340693161
 20
152.47777324859285
 10
171.78793340693161
 20
152.47777324859285
 10
164.74023205143928
 20
152.43297817818575
 10
164.74023205143928
 20
152.43297817818575
 10
160.42499615764524
 20
152.41804648805004
 10
160.42499615764524
 20
152.41804648805004
 10
160.42499615764524
 20
151.83571057275776
 10
160.42499615764524
 20
151.83571057275776
 10
160.42499615764524
 20
151.178716206787
 10
160.42499615764524
 20
151.178716206787
 10
158.76758983029416
 20
151.16378451665128
 10
158.76758983029416
 20
151.16378451665128
 10
158.28978702366337
 20
151.16378451665128
 10
158.28978702366337
 20
151.16378451665128
 10
157.49840744647128
 20
151.16378451665128
 10
157.49840744647128
 20
151.16378451665128
 10
157.49840744647128
 20
146.1766451221739
 10
157.49840744647128
 20
146.1766451221739
 10
157.52827082674267
 20
138.02398741892824
 10
157.52827082674267
 20
138.02398741892824
 10
157.94635815054227
 20
138.02398741892824
 10
157.94635815054227
 20
138.02398741892824
 10
157.94635815054227
 20
139.5918148831767
 10
157.94635815054227
 20
139.5918148831767
 10
158.48388771771587
 20
139.5918148831767
 10
158.48388771771587
 20
139.5918148831767
 10
161.11185390388744
 20
139.6067465733124
 10
161.11185390388744
 20
139.6067465733124
 10
168.68216441412926
 20
139.6515416437195
 10
168.68216441412926
 20
139.6515416437195
 10
169.50340737159274
 20
139.6515416437195
 10
169.50340737159274
 20
139.6515416437195
 10
170.87711158636552
 20
139.6664733338552
 10
170.87711158636552
 20
139.6664733338552
 10
171.41465243125072
 20
139.6664733338552
 10
171.41465243125072
 20
139.6664733338552
 10
171.698354543829
 20
139.6664733338552
 10
171.698354543829
 20
139.6664733338552
 10
172.0716355195099
 20
139.6664733338552
 10
172.0716355195099
 20
139.6664733338552
 10
200.03849942257847
 20
139.8307219253479
 10
200.03849942257847
 20
139.8307219253479
 10
200.38192829569957
 20
139.8307219253479
 10
200.38192829569957
 20
139.8307219253479
 10
200.38192829569957
 20
138.27782615123513
 10
200.38192829569957
 20
138.27782615123513
 10
200.80001561949916
 20
138.27782615123513
 10
200.80001561949916
 20
138.27782615123513
 10
200.80001561949916
 20
143.0708986847947
 10
200.80001561949916
 20
143.0708986847947
 10
200.78508392936345
 20
148.32680850171468
  0
LWPOLYLINE
  5
258D
330
17
100
AcDbEntity
  8
BUILDING
100
AcDbPolyline
 90
31
 70
1
 10
172.4449277729024
 20
53.914363325534325
 10
165.2628299284772
 20
53.884499945262924
 10
160.88787855185194
 20
53.85463656499153
 10
160.87294686171623
 20
54.22792881838402
 10
160.87294686171623
 20
55.0342400857118
 10
158.64813630920858
 20
55.019308395576104
 10
158.00608491108505
 20
55.0043767054404
 10
157.96128984067798
 20
61.82811398660882
 10
157.93142646040656
 20
65.4863329590089
 10
157.93142646040656
 20
66.68086816986488
 10
157.91649477027087
 20
68.18896887357054
 10
158.33458209407047
 20
68.18896887357054
 10
158.3495025064946
 20
66.93470690217177
 10
161.58966798822982
 20
66.94963859230747
 10
172.93051902126203
 20
67.0084608485464
 10
172.93142646040656
 20
66.84511676135757
 10
172.93142646040656
 20
65.9010837027559
 10
172.94593417620678
 20
63.97155750132798
 10
172.94635815054227
 20
63.85877873421764
 10
172.94635815054227
 20
62.91436997597782
 10
172.96044189255224
 20
61.02714854664263
 10
172.9745000641184
 20
60.09930922327592
 10
172.97622153081366
 20
59.872062578832164
 10
172.97622153081366
 20
57.98315016570551
 10
172.98948274931436
 20
57.09464852615916
 10
172.9906732207871
 20
56.9907919218345
 10
173.00560491092278
 20
55.12437576571837
 10
173.00608491108505
 20
55.0043767054404
 10
173.00608491108505
 20
54.98362133677352
 10
173.01847318386578
 20
54.165995333246855
 10
173.02398443394262
 20
53.91982616314801
  0
LWPOLYLINE
  5
258E
330
17
100
AcDbEntity
  8
BUILDING
100
AcDbPolyline
 90
4
 70
1
 10
93.65092897925966
 20
61.574275254301924
 10
106.37570115371136
 20
61.658212331674285
 10
106.46123986064264
 20
48.69063480968865
 10
93.73646768619057
 20
48.60669773231618
  0
LWPOLYLINE
  5
2B1F
330
17
100
AcDbEntity
  8
SIDEWALK_PATH
100
AcDbPolyline
 90
6
 70
1
 10
143.26859696884216
 20
169.9925555560759
 10
142.92517937343266
 20
169.9776238659402
 10
142.92517937343266
 20
169.9776238659402
 10
142.94011106356834
 20
169.5744682322763
 10
142.94011106356834
 20
169.5744682322763
 10
143.26859696884216
 20
169.9925555560759
  0
LWPOLYLINE
  5
2B20
330
17
100
AcDbEntity
  8
SIDEWALK_PATH
100
AcDbPolyline
 90
12
 70
1
 10
142.92517937343266
 20
169.9776238659402
 10
142.94011106356834
 20
169.5744682322763
 10
142.94011106356834
 20
169.5744682322763
 10
142.53695542990445
 20
169.96269217580448
 10
142.53695542990445
 20
169.96269217580448
 10
142.92517937343266
 20
169.9776238659402
 10
142.94011106356834
 20
169.5744682322763
 10
142.53695542990445
 20
169.96269217580448
 10
142.53695542990445
 20
169.96269217580448
 10
142.58175050031156
 20
169.1862442887481
 10
142.58175050031156
 20
169.1862442887481
 10
142.94011106356834
 20
169.5744682322763
  0
LWPOLYLINE
  5
2B21
330
17
100
AcDbEntity
  8
SIDEWALK_PATH
100
AcDbPolyline
 90
12
 70
1
 10
142.53695542990445
 20
169.96269217580448
 10
142.58175050031156
 20
169.1862442887481
 10
142.58175050031156
 20
169.1862442887481
 10
142.11886810610488
 20
169.9477604856688
 10
142.11886810610488
 20
169.9477604856688
 10
142.53695542990445
 20
169.96269217580448
 10
142.58175050031156
 20
169.1862442887481
 10
142.11886810610488
 20
169.9477604856688
 10
142.11886810610488
 20
169.9477604856688
 10
142.17859486664767
 20
168.82788372549132
 10
142.17859486664767
 20
168.82788372549132
 10
142.58175050031156
 20
169.1862442887481
  0
LWPOLYLINE
  5
2B22
330
17
100
AcDbEntity
  8
SIDEWALK_PATH
100
AcDbPolyline
 90
12
 70
1
 10
142.11886810610488
 20
169.9477604856688
 10
142.17859486664767
 20
168.82788372549132
 10
142.17859486664767
 20
168.82788372549132
 10
141.6709174020339
 20
169.93282879553308
 10
141.6709174020339
 20
169.93282879553308
 10
142.11886810610488
 20
169.9477604856688
 10
142.17859486664767
 20
168.82788372549132
 10
141.6709174020339
 20
169.93282879553308
 10
141.6709174020339
 20
169.93282879553308
 10
141.7455758527124
 20
168.49938654250593
 10
141.7455758527124
 20
168.49938654250593
 10
142.17859486664767
 20
168.82788372549132
  0
LWPOLYLINE
  5
2B23
330
17
100
AcDbEntity
  8
SIDEWALK_PATH
100
AcDbPolyline
 90
12
 70
1
 10
141.6709174020339
 20
169.93282879553308
 10
141.7455758527124
 20
168.49938654250593
 10
141.7455758527124
 20
168.49938654250593
 10
141.20804628553879
 20
169.9178971053974
 10
141.20804628553879
 20
169.9178971053974
 10
141.6709174020339
 20
169.93282879553308
 10
141.7455758527124
 20
168.49938654250593
 10
141.20804628553879
 20
169.9178971053974
 10
141.20804628553879
 20
169.9178971053974
 10
141.29763642635297
 20
168.21568442992762
 10
141.29763642635297
 20
168.21568442992762
 10
141.7455758527124
 20
168.49938654250593
  0
LWPOLYLINE
  5
2B24
330
17
100
AcDbEntity
  8
SIDEWALK_PATH
100
AcDbPolyline
 90
12
 70
1
 10
141.20804628553879
 20
169.9178971053974
 10
141.29763642635297
 20
168.21568442992762
 10
141.29763642635297
 20
168.21568442992762
 10
140.7153005110607
 20
169.9029654152617
 10
140.7153005110607
 20
169.9029654152617
 10
141.20804628553879
 20
169.9178971053974
 10
141.29763642635297
 20
168.21568442992762
 10
140.7153005110607
 20
169.9029654152617
 10
140.7153005110607
 20
169.9029654152617
 10
140.81982234201058
 20
167.97677738775644
 10
140.81982234201058
 20
167.97677738775644
 10
141.29763642635297
 20
168.21568442992762
  0
LWPOLYLINE
  5
2B25
330
17
100
AcDbEntity
  8
SIDEWALK_PATH
100
AcDbPolyline
 90
12
 70
1
 10
140.7153005110607
 20
169.9029654152617
 10
140.81982234201058
 20
167.97677738775644
 10
140.81982234201058
 20
167.97677738775644
 10
140.2225547365826
 20
169.8731020349903
 10
140.2225547365826
 20
169.8731020349903
 10
140.7153005110607
 20
169.9029654152617
 10
140.81982234201058
 20
167.97677738775644
 10
140.2225547365826
 20
169.8731020349903
 10
140.2225547365826
 20
169.8731020349903
 10
140.3270765675325
 20
167.76773372585663
 10
140.3270765675325
 20
167.76773372585663
 10
140.81982234201058
 20
167.97677738775644
  0
LWPOLYLINE
  5
2B26
330
17
100
AcDbEntity
  8
SIDEWALK_PATH
100
AcDbPolyline
 90
12
 70
1
 10
140.2225547365826
 20
169.8731020349903
 10
140.3270765675325
 20
167.76773372585663
 10
140.3270765675325
 20
167.76773372585663
 10
139.90900052144448
 20
169.8731020349903
 10
139.90900052144448
 20
169.8731020349903
 10
140.2225547365826
 20
169.8731020349903
 10
140.3270765675325
 20
167.76773372585663
 10
139.90900052144448
 20
169.8731020349903
 10
139.90900052144448
 20
169.8731020349903
 10
140.0135110746828
 20
167.70800696531384
 10
140.0135110746828
 20
167.70800696531384
 10
140.3270765675325
 20
167.76773372585663
  0
LWPOLYLINE
  5
2B27
330
17
100
AcDbEntity
  8
SIDEWALK_PATH
100
AcDbPolyline
 90
12
 70
1
 10
139.90900052144448
 20
169.8731020349903
 10
140.0135110746828
 20
167.70800696531384
 10
140.0135110746828
 20
167.70800696531384
 10
139.6999568595447
 20
169.85817034485459
 10
139.6999568595447
 20
169.85817034485459
 10
139.90900052144448
 20
169.8731020349903
 10
140.0135110746828
 20
167.70800696531384
 10
139.6999568595447
 20
169.85817034485459
 10
139.6999568595447
 20
169.85817034485459
 10
139.8044786904946
 20
167.70800696531384
 10
139.8044786904946
 20
167.70800696531384
 10
140.0135110746828
 20
167.70800696531384
  0
LWPOLYLINE
  5
2B28
330
17
100
AcDbEntity
  8
SIDEWALK_PATH
100
AcDbPolyline
 90
12
 70
1
 10
139.6999568595447
 20
169.85817034485459
 10
139.8044786904946
 20
167.70800696531384
 10
139.8044786904946
 20
167.70800696531384
 10
139.4759815075092
 20
169.8432386547189
 10
139.4759815075092
 20
169.8432386547189
 10
139.6999568595447
 20
169.85817034485459
 10
139.8044786904946
 20
167.70800696531384
 10
139.4759815075092
 20
169.8432386547189
 10
139.4759815075092
 20
169.8432386547189
 10
139.59543502859478
 20
167.69307527517813
 10
139.59543502859478
 20
167.69307527517813
 10
139.8044786904946
 20
167.70800696531384
  0
LWPOLYLINE
  5
2B29
330
17
100
AcDbEntity
  8
SIDEWALK_PATH
100
AcDbPolyline
 90
12
 70
1
 10
139.4759815075092
 20
169.8432386547189
 10
139.59543502859478
 20
167.69307527517813
 10
139.59543502859478
 20
167.69307527517813
 10
138.95337235275971
 20
169.8283069645832
 10
138.95337235275971
 20
169.8283069645832
 10
139.4759815075092
 20
169.8432386547189
 10
139.59543502859478
 20
167.69307527517813
 10
138.95337235275971
 20
169.8283069645832
 10
138.95337235275971
 20
169.8283069645832
 10
139.07282587384532
 20
167.66321189490674
 10
139.07282587384532
 20
167.66321189490674
 10
139.59543502859478
 20
167.69307527517813
  0
LWPOLYLINE
  5
2B2A
330
17
100
AcDbEntity
  8
SIDEWALK_PATH
100
AcDbPolyline
 90
12
 70
1
 10
138.95337235275971
 20
169.8283069645832
 10
139.07282587384532
 20
167.66321189490674
 10
139.07282587384532
 20
167.66321189490674
 10
138.221730813822
 20
169.7984435843118
 10
138.221730813822
 20
169.7984435843118
 10
138.95337235275971
 20
169.8283069645832
 10
139.07282587384532
 20
167.66321189490674
 10
138.221730813822
 20
169.7984435843118
 10
138.221730813822
 20
169.7984435843118
 10
138.32624136706033
 20
167.66321189490674
 10
138.32624136706033
 20
167.66321189490674
 10
139.07282587384532
 20
167.66321189490674
  0
LWPOLYLINE
  5
2B2B
330
17
100
AcDbEntity
  8
SIDEWALK_PATH
100
AcDbPolyline
 90
12
 70
1
 10
138.221730813822
 20
169.7984435843118
 10
138.32624136706033
 20
167.66321189490674
 10
138.32624136706033
 20
167.66321189490674
 10
137.923097011108
 20
169.7835118941761
 10
137.923097011108
 20
169.7835118941761
 10
138.221730813822
 20
169.7984435843118
 10
138.32624136706033
 20
167.66321189490674
 10
137.923097011108
 20
169.7835118941761
 10
137.923097011108
 20
169.7835118941761
 10
138.0276188420579
 20
167.67814358504245
 10
138.0276188420579
 20
167.67814358504245
 10
138.32624136706033
 20
167.66321189490674
  0
LWPOLYLINE
  5
2B2C
330
17
100
AcDbEntity
  8
SIDEWALK_PATH
100
AcDbPolyline
 90
12
 70
1
 10
137.923097011108
 20
169.7835118941761
 10
138.0276188420579
 20
167.67814358504245
 10
138.0276188420579
 20
167.67814358504245
 10
137.74391672947962
 20
169.7984435843118
 10
137.74391672947962
 20
169.7984435843118
 10
137.923097011108
 20
169.7835118941761
 10
138.0276188420579
 20
167.67814358504245
 10
137.74391672947962
 20
169.7984435843118
 10
137.74391672947962
 20
169.7984435843118
 10
137.8484385604295
 20
167.69307527517813
 10
137.8484385604295
 20
167.69307527517813
 10
138.0276188420579
 20
167.67814358504245
  0
LWPOLYLINE
  5
2B2D
330
17
100
AcDbEntity
  8
SIDEWALK_PATH
100
AcDbPolyline
 90
12
 70
1
 10
137.74391672947962
 20
169.7984435843118
 10
137.8484385604295
 20
167.69307527517813
 10
137.8484385604295
 20
167.69307527517813
 10
137.69912165907252
 20
169.81337527444748
 10
137.69912165907252
 20
169.81337527444748
 10
137.74391672947962
 20
169.7984435843118
 10
137.8484385604295
 20
167.69307527517813
 10
137.69912165907252
 20
169.81337527444748
 10
137.69912165907252
 20
169.81337527444748
 10
137.8036434900224
 20
167.70800696531384
 10
137.8036434900224
 20
167.70800696531384
 10
137.8484385604295
 20
167.69307527517813
  0
LWPOLYLINE
  5
2B2E
330
17
100
AcDbEntity
  8
SIDEWALK_PATH
100
AcDbPolyline
 90
12
 70
1
 10
137.69912165907252
 20
169.81337527444748
 10
137.8036434900224
 20
167.70800696531384
 10
137.8036434900224
 20
167.70800696531384
 10
137.56473644785123
 20
169.8432386547189
 10
137.56473644785123
 20
169.8432386547189
 10
137.69912165907252
 20
169.81337527444748
 10
137.8036434900224
 20
167.70800696531384
 10
137.56473644785123
 20
169.8432386547189
 10
137.56473644785123
 20
169.8432386547189
 10
137.66925827880112
 20
167.70800696531384
 10
137.66925827880112
 20
167.70800696531384
 10
137.8036434900224
 20
167.70800696531384
  0
LWPOLYLINE
  5
2B2F
330
17
100
AcDbEntity
  8
SIDEWALK_PATH
100
AcDbPolyline
 90
12
 70
1
 10
137.56473644785123
 20
169.8432386547189
 10
137.66925827880112
 20
167.70800696531384
 10
137.66925827880112
 20
167.70800696531384
 10
137.3855561662228
 20
169.9178971053974
 10
137.3855561662228
 20
169.9178971053974
 10
137.56473644785123
 20
169.8432386547189
 10
137.66925827880112
 20
167.70800696531384
 10
137.3855561662228
 20
169.9178971053974
 10
137.3855561662228
 20
169.9178971053974
 10
137.49007799717273
 20
167.73787034558524
 10
137.49007799717273
 20
167.73787034558524
 10
137.66925827880112
 20
167.70800696531384
  0
LWPOLYLINE
  5
2B30
330
17
100
AcDbEntity
  8
SIDEWALK_PATH
100
AcDbPolyline
 90
12
 70
1
 10
137.3855561662228
 20
169.9178971053974
 10
137.49007799717273
 20
167.73787034558524
 10
137.49007799717273
 20
167.73787034558524
 10
137.23623926486582
 20
170.00748724621158
 10
137.23623926486582
 20
170.00748724621158
 10
137.3855561662228
 20
169.9178971053974
 10
137.49007799717273
 20
167.73787034558524
 10
137.23623926486582
 20
170.00748724621158
 10
137.23623926486582
 20
170.00748724621158
 10
137.34076109581574
 20
167.73787034558524
 10
137.34076109581574
 20
167.73787034558524
 10
137.49007799717273
 20
167.73787034558524
  0
LWPOLYLINE
  5
2B31
330
17
100
AcDbEntity
  8
SIDEWALK_PATH
100
AcDbPolyline
 90
12
 70
1
 10
137.23623926486582
 20
170.00748724621158
 10
137.34076109581574
 20
167.73787034558524
 10
137.34076109581574
 20
167.73787034558524
 10
137.10185405364453
 20
170.1418724574329
 10
137.10185405364453
 20
170.1418724574329
 10
137.23623926486582
 20
170.00748724621158
 10
137.34076109581574
 20
167.73787034558524
 10
137.10185405364453
 20
170.1418724574329
 10
137.10185405364453
 20
170.1418724574329
 10
137.22130757473013
 20
167.75280203572095
 10
137.22130757473013
 20
167.75280203572095
 10
137.34076109581574
 20
167.73787034558524
  0
LWPOLYLINE
  5
2B32
330
17
100
AcDbEntity
  8
SIDEWALK_PATH
100
AcDbPolyline
 90
12
 70
1
 10
137.10185405364453
 20
170.1418724574329
 10
137.22130757473013
 20
167.75280203572095
 10
137.22130757473013
 20
167.75280203572095
 10
136.99733222269464
 20
170.29114424794355
 10
136.99733222269464
 20
170.29114424794355
 10
137.10185405364453
 20
170.1418724574329
 10
137.22130757473013
 20
167.75280203572095
 10
136.99733222269464
 20
170.29114424794355
 10
136.99733222269464
 20
170.29114424794355
 10
137.11678574378024
 20
167.76773372585663
 10
137.11678574378024
 20
167.76773372585663
 10
137.22130757473013
 20
167.75280203572095
  0
LWPOLYLINE
  5
2B33
330
17
100
AcDbEntity
  8
SIDEWALK_PATH
100
AcDbPolyline
 90
12
 70
1
 10
136.99733222269464
 20
170.29114424794355
 10
137.11678574378024
 20
167.76773372585663
 10
137.11678574378024
 20
167.76773372585663
 10
136.95253715228753
 20
170.36580269862205
 10
136.95253715228753
 20
170.36580269862205
 10
136.99733222269464
 20
170.29114424794355
 10
137.11678574378024
 20
167.76773372585663
 10
136.95253715228753
 20
170.36580269862205
 10
136.95253715228753
 20
170.36580269862205
 10
137.07199067337314
 20
167.76773372585663
 10
137.07199067337314
 20
167.76773372585663
 10
137.11678574378024
 20
167.76773372585663
  0
LWPOLYLINE
  5
2B34
330
17
100
AcDbEntity
  8
SIDEWALK_PATH
100
AcDbPolyline
 90
12
 70
1
 10
136.95253715228753
 20
170.36580269862205
 10
137.07199067337314
 20
167.76773372585663
 10
137.07199067337314
 20
167.76773372585663
 10
136.90774208188043
 20
170.45539283943626
 10
136.90774208188043
 20
170.45539283943626
 10
136.95253715228753
 20
170.36580269862205
 10
137.07199067337314
 20
167.76773372585663
 10
136.90774208188043
 20
170.45539283943626
 10
136.90774208188043
 20
170.45539283943626
 10
137.04212729310174
 20
167.76773372585663
 10
137.04212729310174
 20
167.76773372585663
 10
137.07199067337314
 20
167.76773372585663
  0
LWPOLYLINE
  5
2B35
330
17
100
AcDbEntity
  8
SIDEWALK_PATH
100
AcDbPolyline
 90
12
 70
1
 10
136.90774208188043
 20
170.45539283943626
 10
137.04212729310174
 20
167.76773372585663
 10
137.04212729310174
 20
167.76773372585663
 10
136.84801532133764
 20
170.61964143092894
 10
136.84801532133764
 20
170.61964143092894
 10
136.90774208188043
 20
170.45539283943626
 10
137.04212729310174
 20
167.76773372585663
 10
136.84801532133764
 20
170.61964143092894
 10
136.84801532133764
 20
170.61964143092894
 10
136.99733222269464
 20
167.78266541599234
 10
136.99733222269464
 20
167.78266541599234
 10
137.04212729310174
 20
167.76773372585663
  0
LWPOLYLINE
  5
2B36
330
17
100
AcDbEntity
  8
SIDEWALK_PATH
100
AcDbPolyline
 90
12
 70
1
 10
136.99733222269464
 20
167.78266541599234
 10
136.98240053255893
 20
167.78266541599234
 10
136.98240053255893
 20
167.78266541599234
 10
136.83308363120193
 20
170.81375340269304
 10
136.83308363120193
 20
170.81375340269304
 10
136.99733222269464
 20
167.78266541599234
 10
136.98240053255893
 20
167.78266541599234
 10
136.83308363120193
 20
170.81375340269304
 10
136.83308363120193
 20
170.81375340269304
 10
136.87787870160903
 20
167.78266541599234
 10
136.87787870160903
 20
167.78266541599234
 10
136.98240053255893
 20
167.78266541599234
  0
LWPOLYLINE
  5
2B37
330
17
100
AcDbEntity
  8
SIDEWALK_PATH
100
AcDbPolyline
 90
6
 70
1
 10
136.99733222269464
 20
167.78266541599234
 10
136.84801532133764
 20
170.61964143092894
 10
136.84801532133764
 20
170.61964143092894
 10
136.83308363120193
 20
170.81375340269304
 10
136.83308363120193
 20
170.81375340269304
 10
136.99733222269464
 20
167.78266541599234
  0
LWPOLYLINE
  5
2B38
330
17
100
AcDbEntity
  8
SIDEWALK_PATH
100
AcDbPolyline
 90
6
 70
1
 10
137.9977554617865
 20
175.39778227435283
 10
137.9828237716508
 20
175.59189424611694
 10
137.9828237716508
 20
175.59189424611694
 10
137.9977554617865
 20
175.33805551381005
 10
137.9977554617865
 20
175.33805551381005
 10
137.9977554617865
 20
175.39778227435283
  0
LWPOLYLINE
  5
2B39
330
17
100
AcDbEntity
  8
SIDEWALK_PATH
100
AcDbPolyline
 90
12
 70
1
 10
137.9828237716508
 20
175.59189424611694
 10
137.9977554617865
 20
175.33805551381005
 10
137.9977554617865
 20
175.33805551381005
 10
137.96789208151512
 20
175.66655269679543
 10
137.96789208151512
 20
175.66655269679543
 10
137.9828237716508
 20
175.59189424611694
 10
137.9977554617865
 20
175.33805551381005
 10
137.96789208151512
 20
175.66655269679543
 10
137.96789208151512
 20
175.66655269679543
 10
137.9828237716508
 20
175.20367030258873
 10
137.9828237716508
 20
175.20367030258873
 10
137.9977554617865
 20
175.33805551381005
  0
LWPOLYLINE
  5
2B3A
330
17
100
AcDbEntity
  8
SIDEWALK_PATH
100
AcDbPolyline
 90
12
 70
1
 10
137.96789208151512
 20
175.66655269679543
 10
137.9828237716508
 20
175.20367030258873
 10
137.9828237716508
 20
175.20367030258873
 10
137.923097011108
 20
175.78600621788104
 10
137.923097011108
 20
175.78600621788104
 10
137.96789208151512
 20
175.66655269679543
 10
137.9828237716508
 20
175.20367030258873
 10
137.923097011108
 20
175.78600621788104
 10
137.923097011108
 20
175.78600621788104
 10
137.96789208151512
 20
175.12901185191024
 10
137.96789208151512
 20
175.12901185191024
 10
137.9828237716508
 20
175.20367030258873
  0
LWPOLYLINE
  5
2B3B
330
17
100
AcDbEntity
  8
SIDEWALK_PATH
100
AcDbPolyline
 90
12
 70
1
 10
137.923097011108
 20
175.78600621788104
 10
137.96789208151512
 20
175.12901185191024
 10
137.96789208151512
 20
175.12901185191024
 10
137.89323363083662
 20
175.86066466855954
 10
137.89323363083662
 20
175.86066466855954
 10
137.923097011108
 20
175.78600621788104
 10
137.96789208151512
 20
175.12901185191024
 10
137.89323363083662
 20
175.86066466855954
 10
137.89323363083662
 20
175.86066466855954
 10
137.93802870124372
 20
175.02449002096034
 10
137.93802870124372
 20
175.02449002096034
 10
137.96789208151512
 20
175.12901185191024
  0
LWPOLYLINE
  5
2B3C
330
17
100
AcDbEntity
  8
SIDEWALK_PATH
100
AcDbPolyline
 90
12
 70
1
 10
137.89323363083662
 20
175.86066466855954
 10
137.93802870124372
 20
175.02449002096034
 10
137.93802870124372
 20
175.02449002096034
 10
137.8335068702938
 20
175.96518649950943
 10
137.8335068702938
 20
175.96518649950943
 10
137.89323363083662
 20
175.86066466855954
 10
137.93802870124372
 20
175.02449002096034
 10
137.8335068702938
 20
175.96518649950943
 10
137.8335068702938
 20
175.96518649950943
 10
137.89323363083662
 20
174.93489988014613
 10
137.89323363083662
 20
174.93489988014613
 10
137.93802870124372
 20
175.02449002096034
  0
LWPOLYLINE
  5
2B3D
330
17
100
AcDbEntity
  8
SIDEWALK_PATH
100
AcDbPolyline
 90
12
 70
1
 10
137.8335068702938
 20
175.96518649950943
 10
137.89323363083662
 20
174.93489988014613
 10
137.89323363083662
 20
174.93489988014613
 10
137.78871179988673
 20
176.02491326005222
 10
137.78871179988673
 20
176.02491326005222
 10
137.8335068702938
 20
175.96518649950943
 10
137.89323363083662
 20
174.93489988014613
 10
137.78871179988673
 20
176.02491326005222
 10
137.78871179988673
 20
176.02491326005222
 10
137.8484385604295
 20
174.84530973933195
 10
137.8484385604295
 20
174.84530973933195
 10
137.89323363083662
 20
174.93489988014613
  0
LWPOLYLINE
  5
2B3E
330
17
100
AcDbEntity
  8
SIDEWALK_PATH
100
AcDbPolyline
 90
12
 70
1
 10
137.78871179988673
 20
176.02491326005222
 10
137.8484385604295
 20
174.84530973933195
 10
137.8484385604295
 20
174.84530973933195
 10
137.71405334920823
 20
176.11450340086643
 10
137.71405334920823
 20
176.11450340086643
 10
137.78871179988673
 20
176.02491326005222
 10
137.8484385604295
 20
174.84530973933195
 10
137.71405334920823
 20
176.11450340086643
 10
137.71405334920823
 20
176.11450340086643
 10
137.78871179988673
 20
174.77065128865345
 10
137.78871179988673
 20
174.77065128865345
 10
137.8484385604295
 20
174.84530973933195
  0
LWPOLYLINE
  5
2B3F
330
17
100
AcDbEntity
  8
SIDEWALK_PATH
100
AcDbPolyline
 90
12
 70
1
 10
137.71405334920823
 20
176.11450340086643
 10
137.78871179988673
 20
174.77065128865345
 10
137.78871179988673
 20
174.77065128865345
 10
137.6543265886654
 20
176.1742301614092
 10
137.6543265886654
 20
176.1742301614092
 10
137.71405334920823
 20
176.11450340086643
 10
137.78871179988673
 20
174.77065128865345
 10
137.6543265886654
 20
176.1742301614092
 10
137.6543265886654
 20
176.1742301614092
 10
137.7289850393439
 20
174.68106114783924
 10
137.7289850393439
 20
174.68106114783924
 10
137.78871179988673
 20
174.77065128865345
  0
LWPOLYLINE
  5
2B40
330
17
100
AcDbEntity
  8
SIDEWALK_PATH
100
AcDbPolyline
 90
12
 70
1
 10
137.6543265886654
 20
176.1742301614092
 10
137.7289850393439
 20
174.68106114783924
 10
137.7289850393439
 20
174.68106114783924
 10
137.5796681379869
 20
176.2488886120877
 10
137.5796681379869
 20
176.2488886120877
 10
137.6543265886654
 20
176.1742301614092
 10
137.7289850393439
 20
174.68106114783924
 10
137.5796681379869
 20
176.2488886120877
 10
137.5796681379869
 20
176.2488886120877
 10
137.6543265886654
 20
174.62133438729646
 10
137.6543265886654
 20
174.62133438729646
 10
137.7289850393439
 20
174.68106114783924
  0
LWPOLYLINE
  5
2B41
330
17
100
AcDbEntity
  8
SIDEWALK_PATH
100
AcDbPolyline
 90
12
 70
1
 10
137.5796681379869
 20
176.2488886120877
 10
137.6543265886654
 20
174.62133438729646
 10
137.6543265886654
 20
174.62133438729646
 10
137.49007799717273
 20
176.29368368249482
 10
137.49007799717273
 20
176.29368368249482
 10
137.5796681379869
 20
176.2488886120877
 10
137.6543265886654
 20
174.62133438729646
 10
137.49007799717273
 20
176.29368368249482
 10
137.49007799717273
 20
176.29368368249482
 10
137.5796681379869
 20
174.56160762675364
 10
137.5796681379869
 20
174.56160762675364
 10
137.6543265886654
 20
174.62133438729646
  0
LWPOLYLINE
  5
2B42
330
17
100
AcDbEntity
  8
SIDEWALK_PATH
100
AcDbPolyline
 90
12
 70
1
 10
137.49007799717273
 20
176.29368368249482
 10
137.5796681379869
 20
174.56160762675364
 10
137.5796681379869
 20
174.56160762675364
 10
137.40048785635852
 20
176.33847875290192
 10
137.40048785635852
 20
176.33847875290192
 10
137.49007799717273
 20
176.29368368249482
 10
137.5796681379869
 20
174.56160762675364
 10
137.40048785635852
 20
176.33847875290192
 10
137.40048785635852
 20
176.33847875290192
 10
137.49007799717273
 20
174.50188086621085
 10
137.49007799717273
 20
174.50188086621085
 10
137.5796681379869
 20
174.56160762675364
  0
LWPOLYLINE
  5
2B43
330
17
100
AcDbEntity
  8
SIDEWALK_PATH
100
AcDbPolyline
 90
12
 70
1
 10
137.40048785635852
 20
176.33847875290192
 10
137.49007799717273
 20
174.50188086621085
 10
137.49007799717273
 20
174.50188086621085
 10
137.31089771554431
 20
176.3982055134447
 10
137.31089771554431
 20
176.3982055134447
 10
137.40048785635852
 20
176.33847875290192
 10
137.49007799717273
 20
174.50188086621085
 10
137.31089771554431
 20
176.3982055134447
 10
137.31089771554431
 20
176.3982055134447
 10
137.41541954649423
 20
174.45708579580375
 10
137.41541954649423
 20
174.45708579580375
 10
137.49007799717273
 20
174.50188086621085
  0
LWPOLYLINE
  5
2B44
330
17
100
AcDbEntity
  8
SIDEWALK_PATH
100
AcDbPolyline
 90
12
 70
1
 10
137.31089771554431
 20
176.3982055134447
 10
137.41541954649423
 20
174.45708579580375
 10
137.41541954649423
 20
174.45708579580375
 10
137.23623926486582
 20
176.4430005838518
 10
137.23623926486582
 20
176.4430005838518
 10
137.31089771554431
 20
176.3982055134447
 10
137.41541954649423
 20
174.45708579580375
 10
137.23623926486582
 20
176.4430005838518
 10
137.23623926486582
 20
176.4430005838518
 10
137.34076109581574
 20
174.41229072539664
 10
137.34076109581574
 20
174.41229072539664
 10
137.41541954649423
 20
174.45708579580375
  0
LWPOLYLINE
  5
2B45
330
17
100
AcDbEntity
  8
SIDEWALK_PATH
100
AcDbPolyline
 90
12
 70
1
 10
137.23623926486582
 20
176.4430005838518
 10
137.34076109581574
 20
174.41229072539664
 10
137.34076109581574
 20
174.41229072539664
 10
137.13171743391592
 20
176.53259072466602
 10
137.13171743391592
 20
176.53259072466602
 10
137.23623926486582
 20
176.4430005838518
 10
137.34076109581574
 20
174.41229072539664
 10
137.13171743391592
 20
176.53259072466602
 10
137.13171743391592
 20
176.53259072466602
 10
137.25117095500153
 20
174.35256396485386
 10
137.25117095500153
 20
174.35256396485386
 10
137.34076109581574
 20
174.41229072539664
  0
LWPOLYLINE
  5
2B46
330
17
100
AcDbEntity
  8
SIDEWALK_PATH
100
AcDbPolyline
 90
12
 70
1
 10
137.13171743391592
 20
176.53259072466602
 10
137.25117095500153
 20
174.35256396485386
 10
137.25117095500153
 20
174.35256396485386
 10
137.08692236350882
 20
176.5773857950731
 10
137.08692236350882
 20
176.5773857950731
 10
137.13171743391592
 20
176.53259072466602
 10
137.25117095500153
 20
174.35256396485386
 10
137.08692236350882
 20
176.5773857950731
 10
137.08692236350882
 20
176.5773857950731
 10
137.20637588459442
 20
174.32270058458246
 10
137.20637588459442
 20
174.32270058458246
 10
137.25117095500153
 20
174.35256396485386
  0
LWPOLYLINE
  5
2B47
330
17
100
AcDbEntity
  8
SIDEWALK_PATH
100
AcDbPolyline
 90
12
 70
1
 10
137.08692236350882
 20
176.5773857950731
 10
137.20637588459442
 20
174.32270058458246
 10
137.20637588459442
 20
174.32270058458246
 10
136.98240053255893
 20
176.7267026964301
 10
136.98240053255893
 20
176.7267026964301
 10
137.08692236350882
 20
176.5773857950731
 10
137.20637588459442
 20
174.32270058458246
 10
136.98240053255893
 20
176.7267026964301
 10
136.98240053255893
 20
176.7267026964301
 10
137.10185405364453
 20
174.21817875363257
 10
137.10185405364453
 20
174.21817875363257
 10
137.20637588459442
 20
174.32270058458246
  0
LWPOLYLINE
  5
2B48
330
17
100
AcDbEntity
  8
SIDEWALK_PATH
100
AcDbPolyline
 90
12
 70
1
 10
136.96746884242324
 20
176.7267026964301
 10
136.96746884242324
 20
176.7267026964301
 10
136.96746884242324
 20
176.7267026964301
 10
137.10185405364453
 20
174.21817875363257
 10
137.10185405364453
 20
174.21817875363257
 10
136.96746884242324
 20
176.7267026964301
 10
136.96746884242324
 20
176.7267026964301
 10
137.10185405364453
 20
174.21817875363257
 10
137.10185405364453
 20
174.21817875363257
 10
136.98240053255893
 20
176.7267026964301
 10
136.98240053255893
 20
176.7267026964301
 10
136.96746884242324
 20
176.7267026964301
  0
LWPOLYLINE
  5
2B49
330
17
100
AcDbEntity
  8
SIDEWALK_PATH
100
AcDbPolyline
 90
12
 70
1
 10
136.96746884242324
 20
176.7267026964301
 10
137.10185405364453
 20
174.21817875363257
 10
137.10185405364453
 20
174.21817875363257
 10
136.87787870160903
 20
176.90588297805851
 10
136.87787870160903
 20
176.90588297805851
 10
136.96746884242324
 20
176.7267026964301
 10
137.10185405364453
 20
174.21817875363257
 10
136.87787870160903
 20
176.90588297805851
 10
136.87787870160903
 20
176.90588297805851
 10
137.02719560296603
 20
174.11365692268265
 10
137.02719560296603
 20
174.11365692268265
 10
137.10185405364453
 20
174.21817875363257
  0
LWPOLYLINE
  5
2B4A
330
17
100
AcDbEntity
  8
SIDEWALK_PATH
100
AcDbPolyline
 90
6
 70
1
 10
136.80322025093054
 20
177.96598786684686
 10
136.78828856079483
 20
177.96598786684686
 10
136.78828856079483
 20
177.96598786684686
 10
136.80322025093054
 20
177.59269561345437
 10
136.80322025093054
 20
177.59269561345437
 10
136.80322025093054
 20
177.96598786684686
  0
LWPOLYLINE
  5
2B4B
330
17
100
AcDbEntity
  8
SIDEWALK_PATH
100
AcDbPolyline
 90
12
 70
1
 10
136.87787870160903
 20
176.90588297805851
 10
137.02719560296603
 20
174.11365692268265
 10
137.02719560296603
 20
174.11365692268265
 10
136.83308363120193
 20
177.07008645870488
 10
136.83308363120193
 20
177.07008645870488
 10
136.87787870160903
 20
176.90588297805851
 10
137.02719560296603
 20
174.11365692268265
 10
136.83308363120193
 20
177.07008645870488
 10
136.83308363120193
 20
177.07008645870488
 10
136.98240053255893
 20
174.06886185227557
 10
136.98240053255893
 20
174.06886185227557
 10
137.02719560296603
 20
174.11365692268265
  0
LWPOLYLINE
  5
2B4C
330
17
100
AcDbEntity
  8
SIDEWALK_PATH
100
AcDbPolyline
 90
12
 70
1
 10
136.83308363120193
 20
177.07008645870488
 10
136.98240053255893
 20
174.06886185227557
 10
136.98240053255893
 20
174.06886185227557
 10
136.83308363120193
 20
177.08501814884056
 10
136.83308363120193
 20
177.08501814884056
 10
136.83308363120193
 20
177.07008645870488
 10
136.98240053255893
 20
174.06886185227557
 10
136.83308363120193
 20
177.08501814884056
 10
136.83308363120193
 20
177.08501814884056
 10
136.98240053255893
 20
174.05393016213986
 10
136.98240053255893
 20
174.05393016213986
 10
136.98240053255893
 20
174.06886185227557
  0
LWPOLYLINE
  5
2B4D
330
17
100
AcDbEntity
  8
SIDEWALK_PATH
100
AcDbPolyline
 90
12
 70
1
 10
136.78828856079483
 20
177.96598786684686
 10
136.80322025093054
 20
177.59269561345437
 10
136.80322025093054
 20
177.59269561345437
 10
136.78828856079483
 20
177.62255899372576
 10
136.78828856079483
 20
177.62255899372576
 10
136.78828856079483
 20
177.96598786684686
 10
136.80322025093054
 20
177.59269561345437
 10
136.78828856079483
 20
177.62255899372576
 10
136.78828856079483
 20
177.62255899372576
 10
136.80322025093054
 20
177.27913012060466
 10
136.80322025093054
 20
177.27913012060466
 10
136.80322025093054
 20
177.59269561345437
  0
LWPOLYLINE
  5
2B4E
330
17
100
AcDbEntity
  8
SIDEWALK_PATH
100
AcDbPolyline
 90
12
 70
1
 10
136.83308363120193
 20
177.08501814884056
 10
136.98240053255893
 20
174.05393016213986
 10
136.98240053255893
 20
174.05393016213986
 10
136.80322025093054
 20
177.27913012060466
 10
136.80322025093054
 20
177.27913012060466
 10
136.83308363120193
 20
177.08501814884056
 10
136.98240053255893
 20
174.05393016213986
 10
136.80322025093054
 20
177.27913012060466
 10
136.80322025093054
 20
177.27913012060466
 10
136.96746884242324
 20
174.03899847200415
 10
136.96746884242324
 20
174.03899847200415
 10
136.98240053255893
 20
174.05393016213986
  0
LWPOLYLINE
  5
2B4F
330
17
100
AcDbEntity
  8
SIDEWALK_PATH
100
AcDbPolyline
 90
12
 70
1
 10
136.78828856079483
 20
177.62255899372576
 10
136.96746884242324
 20
174.03899847200415
 10
136.96746884242324
 20
174.03899847200415
 10
136.80322025093054
 20
176.6968393161587
 10
136.80322025093054
 20
176.6968393161587
 10
136.78828856079483
 20
177.62255899372576
 10
136.96746884242324
 20
174.03899847200415
 10
136.80322025093054
 20
176.6968393161587
 10
136.80322025093054
 20
176.6968393161587
 10
136.93760546215182
 20
173.97927171146137
 10
136.93760546215182
 20
173.97927171146137
 10
136.96746884242324
 20
174.03899847200415
  0
LWPOLYLINE
  5
2B50
330
17
100
AcDbEntity
  8
SIDEWALK_PATH
100
AcDbPolyline
 90
12
 70
1
 10
136.80322025093054
 20
176.6968393161587
 10
136.93760546215182
 20
173.97927171146137
 10
136.93760546215182
 20
173.97927171146137
 10
136.80322025093054
 20
175.63668931652404
 10
136.80322025093054
 20
175.63668931652404
 10
136.80322025093054
 20
176.6968393161587
 10
136.93760546215182
 20
173.97927171146137
 10
136.80322025093054
 20
175.63668931652404
 10
136.80322025093054
 20
175.63668931652404
 10
136.89281039174475
 20
173.88968157064716
 10
136.89281039174475
 20
173.88968157064716
 10
136.93760546215182
 20
173.97927171146137
  0
LWPOLYLINE
  5
2B51
330
17
100
AcDbEntity
  8
SIDEWALK_PATH
100
AcDbPolyline
 90
12
 70
1
 10
136.89281039174475
 20
173.88968157064716
 10
136.84801532133764
 20
173.71050128901877
 10
136.84801532133764
 20
173.71050128901877
 10
136.81815194106625
 20
174.14352030295407
 10
136.81815194106625
 20
174.14352030295407
 10
136.89281039174475
 20
173.88968157064716
 10
136.84801532133764
 20
173.71050128901877
 10
136.81815194106625
 20
174.14352030295407
 10
136.81815194106625
 20
174.14352030295407
 10
136.81815194106625
 20
173.5163893172547
 10
136.81815194106625
 20
173.5163893172547
 10
136.84801532133764
 20
173.71050128901877
  0
LWPOLYLINE
  5
2B52
330
17
100
AcDbEntity
  8
SIDEWALK_PATH
100
AcDbPolyline
 90
6
 70
1
 10
136.89281039174475
 20
173.88968157064716
 10
136.80322025093054
 20
175.63668931652404
 10
136.80322025093054
 20
175.63668931652404
 10
136.81815194106625
 20
174.14352030295407
 10
136.81815194106625
 20
174.14352030295407
 10
136.89281039174475
 20
173.88968157064716
  0
LWPOLYLINE
  5
33B1
330
17
100
AcDbEntity
  8
SIDEWALK_PATH
100
AcDbPolyline
 90
6
 70
1
 10
115.1076210940095
 20
298.09064556873983
 10
114.52529645642879
 20
298.0757138786042
 10
114.52529645642879
 20
298.0757138786042
 10
115.0478943334667
 20
287.3846914077127
 10
115.0478943334667
 20
287.3846914077127
 10
115.1076210940095
 20
298.09064556873983
  0
LWPOLYLINE
  5
33B2
330
17
100
AcDbEntity
  8
SIDEWALK_PATH
100
AcDbPolyline
 90
12
 70
1
 10
114.52529645642879
 20
298.0757138786042
 10
114.67461335778579
 20
294.9699448858018
 10
114.67461335778579
 20
294.9699448858018
 10
114.5103647662931
 20
298.0757138786042
 10
114.5103647662931
 20
298.0757138786042
 10
114.52529645642879
 20
298.0757138786042
 10
114.67461335778579
 20
294.9699448858018
 10
114.5103647662931
 20
298.0757138786042
 10
114.5103647662931
 20
298.0757138786042
 10
114.6447499775144
 20
295.37310051946565
 10
114.6447499775144
 20
295.37310051946565
 10
114.67461335778579
 20
294.9699448858018
  0
LWPOLYLINE
  5
33B3
330
17
100
AcDbEntity
  8
SIDEWALK_PATH
100
AcDbPolyline
 90
12
 70
1
 10
114.67461335778579
 20
294.9699448858018
 10
115.0478943334667
 20
287.3846914077127
 10
115.0478943334667
 20
287.3846914077127
 10
114.6895450479215
 20
294.5667892521379
 10
114.6895450479215
 20
294.5667892521379
 10
114.67461335778579
 20
294.9699448858018
 10
115.0478943334667
 20
287.3846914077127
 10
114.6895450479215
 20
294.5667892521379
 10
114.6895450479215
 20
294.5667892521379
 10
115.0478943334667
 20
287.1457843655415
 10
115.0478943334667
 20
287.1457843655415
 10
115.0478943334667
 20
287.3846914077127
  0
LWPOLYLINE
  5
33B4
330
17
100
AcDbEntity
  8
SIDEWALK_PATH
100
AcDbPolyline
 90
12
 70
1
 10
114.5103647662931
 20
298.0757138786042
 10
114.6447499775144
 20
295.37310051946565
 10
114.6447499775144
 20
295.37310051946565
 10
114.4357063156146
 20
298.0757138786042
 10
114.4357063156146
 20
298.0757138786042
 10
114.5103647662931
 20
298.0757138786042
 10
114.6447499775144
 20
295.37310051946565
 10
114.4357063156146
 20
298.0757138786042
 10
114.4357063156146
 20
298.0757138786042
 10
114.5551598367002
 20
295.77625615312957
 10
114.5551598367002
 20
295.77625615312957
 10
114.6447499775144
 20
295.37310051946565
  0
LWPOLYLINE
  5
33B5
330
17
100
AcDbEntity
  8
SIDEWALK_PATH
100
AcDbPolyline
 90
12
 70
1
 10
114.6895450479215
 20
294.5667892521379
 10
115.0478943334667
 20
287.1457843655415
 10
115.0478943334667
 20
287.1457843655415
 10
114.71940842819289
 20
292.0732195548992
 10
114.71940842819289
 20
292.0732195548992
 10
114.6895450479215
 20
294.5667892521379
 10
115.0478943334667
 20
287.1457843655415
 10
114.71940842819289
 20
292.0732195548992
 10
114.71940842819289
 20
292.0732195548992
 10
115.0478943334667
 20
285.6526379073947
 10
115.0478943334667
 20
285.6526379073947
 10
115.0478943334667
 20
287.1457843655415
  0
LWPOLYLINE
  5
33B6
330
17
100
AcDbEntity
  8
SIDEWALK_PATH
100
AcDbPolyline
 90
12
 70
1
 10
114.4357063156146
 20
298.0757138786042
 10
114.5551598367002
 20
295.77625615312957
 10
114.5551598367002
 20
295.77625615312957
 10
114.3311844846647
 20
298.0757138786042
 10
114.3311844846647
 20
298.0757138786042
 10
114.4357063156146
 20
298.0757138786042
 10
114.5551598367002
 20
295.77625615312957
 10
114.3311844846647
 20
298.0757138786042
 10
114.3311844846647
 20
298.0757138786042
 10
114.4207746254789
 20
296.1495258510989
 10
114.4207746254789
 20
296.1495258510989
 10
114.5551598367002
 20
295.77625615312957
  0
LWPOLYLINE
  5
33B7
330
17
100
AcDbEntity
  8
SIDEWALK_PATH
100
AcDbPolyline
 90
12
 70
1
 10
114.3311844846647
 20
298.0757138786042
 10
114.4207746254789
 20
296.1495258510989
 10
114.4207746254789
 20
296.1495258510989
 10
114.1520042030363
 20
298.0757138786042
 10
114.1520042030363
 20
298.0757138786042
 10
114.3311844846647
 20
298.0757138786042
 10
114.4207746254789
 20
296.1495258510989
 10
114.1520042030363
 20
298.0757138786042
 10
114.1520042030363
 20
298.0757138786042
 10
114.2266626537148
 20
296.52281810449136
 10
114.2266626537148
 20
296.52281810449136
 10
114.4207746254789
 20
296.1495258510989
  0
LWPOLYLINE
  5
33B8
330
17
100
AcDbEntity
  8
SIDEWALK_PATH
100
AcDbPolyline
 90
12
 70
1
 10
114.1520042030363
 20
298.0757138786042
 10
114.2266626537148
 20
296.52281810449136
 10
114.2266626537148
 20
296.52281810449136
 10
113.94296054113651
 20
298.0757138786042
 10
113.94296054113651
 20
298.0757138786042
 10
114.1520042030363
 20
298.0757138786042
 10
114.2266626537148
 20
296.52281810449136
 10
113.94296054113651
 20
298.0757138786042
 10
113.94296054113651
 20
298.0757138786042
 10
114.00268730167932
 20
296.8513152874768
 10
114.00268730167932
 20
296.8513152874768
 10
114.2266626537148
 20
296.52281810449136
  0
LWPOLYLINE
  5
33B9
330
17
100
AcDbEntity
  8
SIDEWALK_PATH
100
AcDbPolyline
 90
12
 70
1
 10
114.71940842819289
 20
292.0732195548992
 10
115.0478943334667
 20
285.6526379073947
 10
115.0478943334667
 20
285.6526379073947
 10
115.032962643331
 20
273.2892661413049
 10
115.032962643331
 20
273.2892661413049
 10
114.71940842819289
 20
292.0732195548992
 10
115.0478943334667
 20
285.6526379073947
 10
115.032962643331
 20
273.2892661413049
 10
115.032962643331
 20
273.2892661413049
 10
115.2569379953665
 20
268.974052802934
 10
115.2569379953665
 20
268.974052802934
 10
115.0478943334667
 20
285.6526379073947
  0
LWPOLYLINE
  5
33BA
330
17
100
AcDbEntity
  8
SIDEWALK_PATH
100
AcDbPolyline
 90
12
 70
1
 10
115.032962643331
 20
273.2892661413049
 10
115.2569379953665
 20
268.974052802934
 10
115.2569379953665
 20
268.974052802934
 10
115.07775771373811
 20
270.5717210920307
 10
115.07775771373811
 20
270.5717210920307
 10
115.032962643331
 20
273.2892661413049
 10
115.2569379953665
 20
268.974052802934
 10
115.07775771373811
 20
270.5717210920307
 10
115.07775771373811
 20
270.5717210920307
 10
115.1673478545523
 20
268.974052802934
 10
115.1673478545523
 20
268.974052802934
 10
115.2569379953665
 20
268.974052802934
  0
LWPOLYLINE
  5
33BB
330
17
100
AcDbEntity
  8
SIDEWALK_PATH
100
AcDbPolyline
 90
12
 70
1
 10
115.07775771373811
 20
270.5717210920307
 10
115.1673478545523
 20
268.974052802934
 10
115.1673478545523
 20
268.974052802934
 10
115.0628260236024
 20
270.3925408104023
 10
115.0628260236024
 20
270.3925408104023
 10
115.07775771373811
 20
270.5717210920307
 10
115.1673478545523
 20
268.974052802934
 10
115.0628260236024
 20
270.3925408104023
 10
115.0628260236024
 20
270.3925408104023
 10
115.1374844742809
 20
268.974052802934
 10
115.1374844742809
 20
268.974052802934
 10
115.1673478545523
 20
268.974052802934
  0
LWPOLYLINE
  5
33BC
330
17
100
AcDbEntity
  8
SIDEWALK_PATH
100
AcDbPolyline
 90
12
 70
1
 10
113.94296054113651
 20
298.0757138786042
 10
114.00268730167932
 20
296.8513152874768
 10
114.00268730167932
 20
296.8513152874768
 10
113.68912180882961
 20
298.0757138786042
 10
113.68912180882961
 20
298.0757138786042
 10
113.94296054113651
 20
298.0757138786042
 10
114.00268730167932
 20
296.8513152874768
 10
113.68912180882961
 20
298.0757138786042
 10
113.68912180882961
 20
298.0757138786042
 10
113.73391687923672
 20
297.1648807803265
 10
113.73391687923672
 20
297.1648807803265
 10
114.00268730167932
 20
296.8513152874768
  0
LWPOLYLINE
  5
33BD
330
17
100
AcDbEntity
  8
SIDEWALK_PATH
100
AcDbPolyline
 90
12
 70
1
 10
115.0628260236024
 20
270.3925408104023
 10
115.1374844742809
 20
268.974052802934
 10
115.1374844742809
 20
268.974052802934
 10
115.01803095319531
 20
270.2133605287739
 10
115.01803095319531
 20
270.2133605287739
 10
115.0628260236024
 20
270.3925408104023
 10
115.1374844742809
 20
268.974052802934
 10
115.01803095319531
 20
270.2133605287739
 10
115.01803095319531
 20
270.2133605287739
 10
115.0926894038738
 20
268.974052802934
 10
115.0926894038738
 20
268.974052802934
 10
115.1374844742809
 20
268.974052802934
  0
LWPOLYLINE
  5
33BE
330
17
100
AcDbEntity
  8
SIDEWALK_PATH
100
AcDbPolyline
 90
12
 70
1
 10
115.01803095319531
 20
270.2133605287739
 10
115.0926894038738
 20
268.974052802934
 10
115.0926894038738
 20
268.974052802934
 10
114.94337250251681
 20
270.0491119372812
 10
114.94337250251681
 20
270.0491119372812
 10
115.01803095319531
 20
270.2133605287739
 10
115.0926894038738
 20
268.974052802934
 10
114.94337250251681
 20
270.0491119372812
 10
114.94337250251681
 20
270.0491119372812
 10
115.00309926305961
 20
268.974052802934
 10
115.00309926305961
 20
268.974052802934
 10
115.0926894038738
 20
268.974052802934
  0
LWPOLYLINE
  5
33BF
330
17
100
AcDbEntity
  8
SIDEWALK_PATH
100
AcDbPolyline
 90
12
 70
1
 10
114.94337250251681
 20
270.0491119372812
 10
115.00309926305961
 20
268.974052802934
 10
115.00309926305961
 20
268.974052802934
 10
114.85378236170261
 20
269.8997950359242
 10
114.85378236170261
 20
269.8997950359242
 10
114.94337250251681
 20
270.0491119372812
 10
115.00309926305961
 20
268.974052802934
 10
114.85378236170261
 20
269.8997950359242
 10
114.85378236170261
 20
269.8997950359242
 10
114.8985774321097
 20
268.974052802934
 10
114.8985774321097
 20
268.974052802934
 10
115.00309926305961
 20
268.974052802934
  0
LWPOLYLINE
  5
33C0
330
17
100
AcDbEntity
  8
SIDEWALK_PATH
100
AcDbPolyline
 90
12
 70
1
 10
113.68912180882961
 20
298.0757138786042
 10
113.73391687923672
 20
297.1648807803265
 10
113.73391687923672
 20
297.1648807803265
 10
113.39048800611562
 20
298.0757138786042
 10
113.39048800611562
 20
298.0757138786042
 10
113.68912180882961
 20
298.0757138786042
 10
113.73391687923672
 20
297.1648807803265
 10
113.39048800611562
 20
298.0757138786042
 10
113.39048800611562
 20
298.0757138786042
 10
113.42035138638703
 20
297.43365120276906
 10
113.42035138638703
 20
297.43365120276906
 10
113.73391687923672
 20
297.1648807803265
  0
LWPOLYLINE
  5
33C1
330
17
100
AcDbEntity
  8
SIDEWALK_PATH
100
AcDbPolyline
 90
12
 70
1
 10
114.85378236170261
 20
269.8997950359242
 10
114.8985774321097
 20
268.974052802934
 10
114.8985774321097
 20
268.974052802934
 10
114.71940842819289
 20
269.7654098247029
 10
114.71940842819289
 20
269.7654098247029
 10
114.85378236170261
 20
269.8997950359242
 10
114.8985774321097
 20
268.974052802934
 10
114.71940842819289
 20
269.7654098247029
 10
114.71940842819289
 20
269.7654098247029
 10
114.7642034986
 20
268.974052802934
 10
114.7642034986
 20
268.974052802934
 10
114.8985774321097
 20
268.974052802934
  0
LWPOLYLINE
  5
33C2
330
17
100
AcDbEntity
  8
SIDEWALK_PATH
100
AcDbPolyline
 90
12
 70
1
 10
114.71940842819289
 20
269.7654098247029
 10
114.7642034986
 20
268.974052802934
 10
114.7642034986
 20
268.974052802934
 10
114.5700915268359
 20
269.660887993753
 10
114.5700915268359
 20
269.660887993753
 10
114.71940842819289
 20
269.7654098247029
 10
114.7642034986
 20
268.974052802934
 10
114.5700915268359
 20
269.660887993753
 10
114.5700915268359
 20
269.660887993753
 10
114.59995490710729
 20
268.974052802934
 10
114.59995490710729
 20
268.974052802934
 10
114.7642034986
 20
268.974052802934
  0
LWPOLYLINE
  5
33C3
330
17
100
AcDbEntity
  8
SIDEWALK_PATH
100
AcDbPolyline
 90
12
 70
1
 10
113.39048800611562
 20
298.0757138786042
 10
113.42035138638703
 20
297.43365120276906
 10
113.42035138638703
 20
297.43365120276906
 10
113.04707041070611
 20
298.0757138786042
 10
113.04707041070611
 20
298.0757138786042
 10
113.39048800611562
 20
298.0757138786042
 10
113.42035138638703
 20
297.43365120276906
 10
113.04707041070611
 20
298.0757138786042
 10
113.04707041070611
 20
298.0757138786042
 10
113.0769337909775
 20
297.65762655480455
 10
113.0769337909775
 20
297.65762655480455
 10
113.42035138638703
 20
297.43365120276906
  0
LWPOLYLINE
  5
33C4
330
17
100
AcDbEntity
  8
SIDEWALK_PATH
100
AcDbPolyline
 90
12
 70
1
 10
114.5700915268359
 20
269.660887993753
 10
114.59995490710729
 20
268.974052802934
 10
114.59995490710729
 20
268.974052802934
 10
114.4058429353432
 20
269.5712978529388
 10
114.4058429353432
 20
269.5712978529388
 10
114.5700915268359
 20
269.660887993753
 10
114.59995490710729
 20
268.974052802934
 10
114.4058429353432
 20
269.5712978529388
 10
114.4058429353432
 20
269.5712978529388
 10
114.4357063156146
 20
268.974052802934
 10
114.4357063156146
 20
268.974052802934
 10
114.59995490710729
 20
268.974052802934
  0
LWPOLYLINE
  5
33C5
330
17
100
AcDbEntity
  8
SIDEWALK_PATH
100
AcDbPolyline
 90
12
 70
1
 10
114.4058429353432
 20
269.5712978529388
 10
114.4357063156146
 20
268.974052802934
 10
114.4357063156146
 20
268.974052802934
 10
114.2266626537148
 20
269.52650278253174
 10
114.2266626537148
 20
269.52650278253174
 10
114.4058429353432
 20
269.5712978529388
 10
114.4357063156146
 20
268.974052802934
 10
114.2266626537148
 20
269.52650278253174
 10
114.2266626537148
 20
269.52650278253174
 10
114.2565260339862
 20
268.974052802934
 10
114.2565260339862
 20
268.974052802934
 10
114.4357063156146
 20
268.974052802934
  0
LWPOLYLINE
  5
33C6
330
17
100
AcDbEntity
  8
SIDEWALK_PATH
100
AcDbPolyline
 90
12
 70
1
 10
113.04707041070611
 20
298.0757138786042
 10
113.0769337909775
 20
297.65762655480455
 10
113.0769337909775
 20
297.65762655480455
 10
112.68870984744932
 20
298.06078218846847
 10
112.68870984744932
 20
298.06078218846847
 10
113.04707041070611
 20
298.0757138786042
 10
113.0769337909775
 20
297.65762655480455
 10
112.68870984744932
 20
298.06078218846847
 10
112.68870984744932
 20
298.06078218846847
 10
112.70364153758501
 20
297.82187514629726
 10
112.70364153758501
 20
297.82187514629726
 10
113.0769337909775
 20
297.65762655480455
  0
LWPOLYLINE
  5
33C7
330
17
100
AcDbEntity
  8
SIDEWALK_PATH
100
AcDbPolyline
 90
12
 70
1
 10
114.2266626537148
 20
269.52650278253174
 10
114.2565260339862
 20
268.974052802934
 10
114.2565260339862
 20
268.974052802934
 10
114.0474823720864
 20
269.511571092396
 10
114.0474823720864
 20
269.511571092396
 10
114.2266626537148
 20
269.52650278253174
 10
114.2565260339862
 20
268.974052802934
 10
114.0474823720864
 20
269.511571092396
 10
114.0474823720864
 20
269.511571092396
 10
114.07734575235781
 20
268.9591211127983
 10
114.07734575235781
 20
268.9591211127983
 10
114.2565260339862
 20
268.974052802934
  0
LWPOLYLINE
  5
33C8
330
17
100
AcDbEntity
  8
SIDEWALK_PATH
100
AcDbPolyline
 90
12
 70
1
 10
112.68870984744932
 20
298.06078218846847
 10
112.70364153758501
 20
297.82187514629726
 10
112.70364153758501
 20
297.82187514629726
 10
112.31541759405683
 20
298.06078218846847
 10
112.31541759405683
 20
298.06078218846847
 10
112.68870984744932
 20
298.06078218846847
 10
112.70364153758501
 20
297.82187514629726
 10
112.31541759405683
 20
298.06078218846847
 10
112.31541759405683
 20
298.06078218846847
 10
112.31541759405683
 20
297.95626035751854
 10
112.31541759405683
 20
297.95626035751854
 10
112.70364153758501
 20
297.82187514629726
  0
LWPOLYLINE
  5
33C9
330
17
100
AcDbEntity
  8
SIDEWALK_PATH
100
AcDbPolyline
 90
12
 70
1
 10
112.31541759405683
 20
297.95626035751854
 10
111.91226196039294
 20
298.03091880819704
 10
111.91226196039294
 20
298.03091880819704
 10
111.91226196039294
 20
298.06078218846847
 10
111.91226196039294
 20
298.06078218846847
 10
112.31541759405683
 20
297.95626035751854
 10
111.91226196039294
 20
298.03091880819704
 10
111.91226196039294
 20
298.06078218846847
 10
111.91226196039294
 20
298.06078218846847
 10
111.50910632672905
 20
298.06078218846847
 10
111.50910632672905
 20
298.06078218846847
 10
111.91226196039294
 20
298.03091880819704
  0
LWPOLYLINE
  5
33CA
330
17
100
AcDbEntity
  8
SIDEWALK_PATH
100
AcDbPolyline
 90
6
 70
1
 10
112.31541759405683
 20
297.95626035751854
 10
112.31541759405683
 20
298.06078218846847
 10
112.31541759405683
 20
298.06078218846847
 10
111.91226196039294
 20
298.06078218846847
 10
111.91226196039294
 20
298.06078218846847
 10
112.31541759405683
 20
297.95626035751854
  0
LWPOLYLINE
  5
33CB
330
17
100
AcDbEntity
  8
SIDEWALK_PATH
100
AcDbPolyline
 90
12
 70
1
 10
114.07734575235781
 20
268.9591211127983
 10
104.07318102770853
 20
268.8545992818484
 10
104.07318102770853
 20
268.8545992818484
 10
104.05824933757283
 20
269.4219809515818
 10
104.05824933757283
 20
269.4219809515818
 10
114.07734575235781
 20
268.9591211127983
 10
104.07318102770853
 20
268.8545992818484
 10
104.05824933757283
 20
269.4219809515818
 10
104.05824933757283
 20
269.4219809515818
 10
104.05824933757283
 20
268.8545992818484
 10
104.05824933757283
 20
268.8545992818484
 10
104.07318102770853
 20
268.8545992818484
  0
LWPOLYLINE
  5
33CC
330
17
100
AcDbEntity
  8
SIDEWALK_PATH
100
AcDbPolyline
 90
6
 70
1
 10
114.07734575235781
 20
268.9591211127983
 10
114.0474823720864
 20
269.511571092396
 10
114.0474823720864
 20
269.511571092396
 10
104.05824933757283
 20
269.4219809515818
 10
104.05824933757283
 20
269.4219809515818
 10
114.07734575235781
 20
268.9591211127983
  0
LWPOLYLINE
  5
33CD
330
17
100
AcDbEntity
  8
SIDEWALK_PATH
100
AcDbPolyline
 90
14
 70
1
 10
114.4954330761574
 20
315.41129334903565
 10
114.4357063156146
 20
315.3664982786285
 10
114.4357063156146
 20
315.3664982786285
 10
115.1374844742809
 20
301.2412096319493
 10
115.1374844742809
 20
301.2412096319493
 10
114.4954330761574
 20
315.41129334903565
 10
114.4357063156146
 20
315.3664982786285
 10
115.1374844742809
 20
301.2412096319493
 10
115.1374844742809
 20
301.2412096319493
 10
114.4357063156146
 20
315.3664982786285
 10
115.1374844742809
 20
301.2412096319493
 10
114.4357063156146
 20
315.3664982786285
 10
114.4357063156146
 20
315.3664982786285
 10
115.1374844742809
 20
301.2412096319493
  0
LWPOLYLINE
  5
33CE
330
17
100
AcDbEntity
  8
SIDEWALK_PATH
100
AcDbPolyline
 90
12
 70
1
 10
114.4357063156146
 20
315.3664982786285
 10
115.1374844742809
 20
301.2412096319493
 10
115.1374844742809
 20
301.2412096319493
 10
114.2714577241219
 20
315.24704475754294
 10
114.2714577241219
 20
315.24704475754294
 10
114.4357063156146
 20
315.3664982786285
 10
115.1374844742809
 20
301.2412096319493
 10
114.2714577241219
 20
315.24704475754294
 10
114.2714577241219
 20
315.24704475754294
 10
114.9732358827882
 20
301.2412096319493
 10
114.9732358827882
 20
301.2412096319493
 10
115.1374844742809
 20
301.2412096319493
  0
LWPOLYLINE
  5
33CF
330
17
100
AcDbEntity
  8
SIDEWALK_PATH
100
AcDbPolyline
 90
12
 70
1
 10
114.2714577241219
 20
315.24704475754294
 10
114.3759795550718
 20
313.21633489908777
 10
114.3759795550718
 20
313.21633489908777
 10
114.2565260339862
 20
315.2321130674072
 10
114.2565260339862
 20
315.2321130674072
 10
114.2714577241219
 20
315.24704475754294
 10
114.3759795550718
 20
313.21633489908777
 10
114.2565260339862
 20
315.2321130674072
 10
114.2565260339862
 20
315.2321130674072
 10
114.3461161748004
 20
313.3955151807162
 10
114.3461161748004
 20
313.3955151807162
 10
114.3759795550718
 20
313.21633489908777
  0
LWPOLYLINE
  5
33D0
330
17
100
AcDbEntity
  8
SIDEWALK_PATH
100
AcDbPolyline
 90
12
 70
1
 10
114.3759795550718
 20
313.21633489908777
 10
114.9732358827882
 20
301.2412096319493
 10
114.9732358827882
 20
301.2412096319493
 10
114.3759795550718
 20
312.857974335831
 10
114.3759795550718
 20
312.857974335831
 10
114.3759795550718
 20
313.21633489908777
 10
114.9732358827882
 20
301.2412096319493
 10
114.3759795550718
 20
312.857974335831
 10
114.3759795550718
 20
312.857974335831
 10
114.9583041926525
 20
301.2412096319493
 10
114.9583041926525
 20
301.2412096319493
 10
114.9732358827882
 20
301.2412096319493
  0
LWPOLYLINE
  5
33D1
330
17
100
AcDbEntity
  8
SIDEWALK_PATH
100
AcDbPolyline
 90
12
 70
1
 10
114.2565260339862
 20
315.2321130674072
 10
114.3461161748004
 20
313.3955151807162
 10
114.3461161748004
 20
313.3955151807162
 10
114.2117309635791
 20
315.20224968713586
 10
114.2117309635791
 20
315.20224968713586
 10
114.2565260339862
 20
315.2321130674072
 10
114.3461161748004
 20
313.3955151807162
 10
114.2117309635791
 20
315.20224968713586
 10
114.2117309635791
 20
315.20224968713586
 10
114.3013211043933
 20
313.58962715248026
 10
114.3013211043933
 20
313.58962715248026
 10
114.3461161748004
 20
313.3955151807162
  0
LWPOLYLINE
  5
33D2
330
17
100
AcDbEntity
  8
SIDEWALK_PATH
100
AcDbPolyline
 90
12
 70
1
 10
114.2117309635791
 20
315.20224968713586
 10
114.3013211043933
 20
313.58962715248026
 10
114.3013211043933
 20
313.58962715248026
 10
114.1370725129006
 20
315.142522926593
 10
114.1370725129006
 20
315.142522926593
 10
114.2117309635791
 20
315.20224968713586
 10
114.3013211043933
 20
313.58962715248026
 10
114.1370725129006
 20
315.142522926593
 10
114.1370725129006
 20
315.142522926593
 10
114.2117309635791
 20
313.75387574397297
 10
114.2117309635791
 20
313.75387574397297
 10
114.3013211043933
 20
313.58962715248026
  0
LWPOLYLINE
  5
33D3
330
17
100
AcDbEntity
  8
SIDEWALK_PATH
100
AcDbPolyline
 90
12
 70
1
 10
114.1370725129006
 20
315.142522926593
 10
114.2117309635791
 20
313.75387574397297
 10
114.2117309635791
 20
313.75387574397297
 10
114.03255068195071
 20
315.0678644759145
 10
114.03255068195071
 20
315.0678644759145
 10
114.1370725129006
 20
315.142522926593
 10
114.2117309635791
 20
313.75387574397297
 10
114.03255068195071
 20
315.0678644759145
 10
114.03255068195071
 20
315.0678644759145
 10
114.09227744249351
 20
313.90319264532997
 10
114.09227744249351
 20
313.90319264532997
 10
114.2117309635791
 20
313.75387574397297
  0
LWPOLYLINE
  5
33D4
330
17
100
AcDbEntity
  8
SIDEWALK_PATH
100
AcDbPolyline
 90
12
 70
1
 10
114.3759795550718
 20
312.857974335831
 10
114.9583041926525
 20
301.2412096319493
 10
114.9583041926525
 20
301.2412096319493
 10
114.52529645642879
 20
304.3917736951588
 10
114.52529645642879
 20
304.3917736951588
 10
114.3759795550718
 20
312.857974335831
 10
114.9583041926525
 20
301.2412096319493
 10
114.52529645642879
 20
304.3917736951588
 10
114.52529645642879
 20
304.3917736951588
 10
114.67461335778579
 20
301.2412096319493
 10
114.67461335778579
 20
301.2412096319493
 10
114.9583041926525
 20
301.2412096319493
  0
LWPOLYLINE
  5
33D5
330
17
100
AcDbEntity
  8
SIDEWALK_PATH
100
AcDbPolyline
 90
12
 70
1
 10
114.52529645642879
 20
304.3917736951588
 10
114.67461335778579
 20
301.2412096319493
 10
114.67461335778579
 20
301.2412096319493
 10
114.4954330761574
 20
303.9736863713592
 10
114.4954330761574
 20
303.9736863713592
 10
114.52529645642879
 20
304.3917736951588
 10
114.67461335778579
 20
301.2412096319493
 10
114.4954330761574
 20
303.9736863713592
 10
114.4954330761574
 20
303.9736863713592
 10
114.6298182873787
 20
301.2412096319493
 10
114.6298182873787
 20
301.2412096319493
 10
114.67461335778579
 20
301.2412096319493
  0
LWPOLYLINE
  5
33D6
330
17
100
AcDbEntity
  8
SIDEWALK_PATH
100
AcDbPolyline
 90
12
 70
1
 10
114.03255068195071
 20
315.0678644759145
 10
114.09227744249351
 20
313.90319264532997
 10
114.09227744249351
 20
313.90319264532997
 10
113.89816547072941
 20
314.96334264496465
 10
113.89816547072941
 20
314.96334264496465
 10
114.03255068195071
 20
315.0678644759145
 10
114.09227744249351
 20
313.90319264532997
 10
113.89816547072941
 20
314.96334264496465
 10
113.89816547072941
 20
314.96334264496465
 10
113.94296054113651
 20
314.03757785655125
 10
113.94296054113651
 20
314.03757785655125
 10
114.09227744249351
 20
313.90319264532997
  0
LWPOLYLINE
  5
33D7
330
17
100
AcDbEntity
  8
SIDEWALK_PATH
100
AcDbPolyline
 90
12
 70
1
 10
114.4954330761574
 20
303.9736863713592
 10
114.6298182873787
 20
301.2412096319493
 10
114.6298182873787
 20
301.2412096319493
 10
114.4207746254789
 20
303.5705307376953
 10
114.4207746254789
 20
303.5705307376953
 10
114.4954330761574
 20
303.9736863713592
 10
114.6298182873787
 20
301.2412096319493
 10
114.4207746254789
 20
303.5705307376953
 10
114.4207746254789
 20
303.5705307376953
 10
114.5402281465645
 20
301.2412096319493
 10
114.5402281465645
 20
301.2412096319493
 10
114.6298182873787
 20
301.2412096319493
  0
LWPOLYLINE
  5
33D8
330
17
100
AcDbEntity
  8
SIDEWALK_PATH
100
AcDbPolyline
 90
12
 70
1
 10
113.89816547072941
 20
314.96334264496465
 10
113.94296054113651
 20
314.03757785655125
 10
113.94296054113651
 20
314.03757785655125
 10
113.74884856937241
 20
314.85882081401473
 10
113.74884856937241
 20
314.85882081401473
 10
113.89816547072941
 20
314.96334264496465
 10
113.94296054113651
 20
314.03757785655125
 10
113.74884856937241
 20
314.85882081401473
 10
113.74884856937241
 20
314.85882081401473
 10
113.77871194964382
 20
314.1420996875012
 10
113.77871194964382
 20
314.1420996875012
 10
113.94296054113651
 20
314.03757785655125
  0
LWPOLYLINE
  5
33D9
330
17
100
AcDbEntity
  8
SIDEWALK_PATH
100
AcDbPolyline
 90
12
 70
1
 10
114.4207746254789
 20
303.5705307376953
 10
114.5402281465645
 20
301.2412096319493
 10
114.5402281465645
 20
301.2412096319493
 10
114.3013211043933
 20
303.1823067941671
 10
114.3013211043933
 20
303.1823067941671
 10
114.4207746254789
 20
303.5705307376953
 10
114.5402281465645
 20
301.2412096319493
 10
114.3013211043933
 20
303.1823067941671
 10
114.3013211043933
 20
303.1823067941671
 10
114.3909112452075
 20
301.2412096319493
 10
114.3909112452075
 20
301.2412096319493
 10
114.5402281465645
 20
301.2412096319493
  0
LWPOLYLINE
  5
33DA
330
17
100
AcDbEntity
  8
SIDEWALK_PATH
100
AcDbPolyline
 90
12
 70
1
 10
113.74884856937241
 20
314.85882081401473
 10
113.77871194964382
 20
314.1420996875012
 10
113.77871194964382
 20
314.1420996875012
 10
113.56966828774402
 20
314.72443560279345
 10
113.56966828774402
 20
314.72443560279345
 10
113.74884856937241
 20
314.85882081401473
 10
113.77871194964382
 20
314.1420996875012
 10
113.56966828774402
 20
314.72443560279345
 10
113.56966828774402
 20
314.72443560279345
 10
113.59953166801542
 20
314.20182644804396
 10
113.59953166801542
 20
314.20182644804396
 10
113.77871194964382
 20
314.1420996875012
  0
LWPOLYLINE
  5
33DB
330
17
100
AcDbEntity
  8
SIDEWALK_PATH
100
AcDbPolyline
 90
12
 70
1
 10
114.3013211043933
 20
303.1823067941671
 10
114.3909112452075
 20
301.2412096319493
 10
114.3909112452075
 20
301.2412096319493
 10
114.1221408227649
 20
302.8090145407746
 10
114.1221408227649
 20
302.8090145407746
 10
114.3013211043933
 20
303.1823067941671
 10
114.3909112452075
 20
301.2412096319493
 10
114.1221408227649
 20
302.8090145407746
 10
114.1221408227649
 20
302.8090145407746
 10
114.1967992734434
 20
301.22627794181363
 10
114.1967992734434
 20
301.22627794181363
 10
114.3909112452075
 20
301.2412096319493
  0
LWPOLYLINE
  5
33DC
330
17
100
AcDbEntity
  8
SIDEWALK_PATH
100
AcDbPolyline
 90
12
 70
1
 10
113.56966828774402
 20
314.72443560279345
 10
113.59953166801542
 20
314.20182644804396
 10
113.59953166801542
 20
314.20182644804396
 10
113.39048800611562
 20
314.59005039157216
 10
113.39048800611562
 20
314.59005039157216
 10
113.56966828774402
 20
314.72443560279345
 10
113.59953166801542
 20
314.20182644804396
 10
113.39048800611562
 20
314.59005039157216
 10
113.39048800611562
 20
314.59005039157216
 10
113.40541969625133
 20
314.2316898283154
 10
113.40541969625133
 20
314.2316898283154
 10
113.59953166801542
 20
314.20182644804396
  0
LWPOLYLINE
  5
33DD
330
17
100
AcDbEntity
  8
SIDEWALK_PATH
100
AcDbPolyline
 90
12
 70
1
 10
114.1221408227649
 20
302.8090145407746
 10
114.1967992734434
 20
301.22627794181363
 10
114.1967992734434
 20
301.22627794181363
 10
113.89816547072941
 20
302.4656082230767
 10
113.89816547072941
 20
302.4656082230767
 10
114.1221408227649
 20
302.8090145407746
 10
114.1967992734434
 20
301.22627794181363
 10
113.89816547072941
 20
302.4656082230767
 10
113.89816547072941
 20
302.4656082230767
 10
113.95789223127221
 20
301.22627794181363
 10
113.95789223127221
 20
301.22627794181363
 10
114.1967992734434
 20
301.22627794181363
  0
LWPOLYLINE
  5
33DE
330
17
100
AcDbEntity
  8
SIDEWALK_PATH
100
AcDbPolyline
 90
12
 70
1
 10
113.39048800611562
 20
314.59005039157216
 10
113.40541969625133
 20
314.2316898283154
 10
113.40541969625133
 20
314.2316898283154
 10
113.21130772448723
 20
314.4556651803509
 10
113.21130772448723
 20
314.4556651803509
 10
113.39048800611562
 20
314.59005039157216
 10
113.40541969625133
 20
314.2316898283154
 10
113.21130772448723
 20
314.4556651803509
 10
113.21130772448723
 20
314.4556651803509
 10
113.21130772448723
 20
314.2316898283154
 10
113.21130772448723
 20
314.2316898283154
 10
113.40541969625133
 20
314.2316898283154
  0
LWPOLYLINE
  5
33DF
330
17
100
AcDbEntity
  8
SIDEWALK_PATH
100
AcDbPolyline
 90
12
 70
1
 10
113.89816547072941
 20
302.4656082230767
 10
113.95789223127221
 20
301.22627794181363
 10
113.95789223127221
 20
301.22627794181363
 10
113.62939504828682
 20
302.152042730227
 10
113.62939504828682
 20
302.152042730227
 10
113.89816547072941
 20
302.4656082230767
 10
113.95789223127221
 20
301.22627794181363
 10
113.62939504828682
 20
302.152042730227
 10
113.62939504828682
 20
302.152042730227
 10
113.67419011869391
 20
301.22627794181363
 10
113.67419011869391
 20
301.22627794181363
 10
113.95789223127221
 20
301.22627794181363
  0
LWPOLYLINE
  5
33E0
330
17
100
AcDbEntity
  8
SIDEWALK_PATH
100
AcDbPolyline
 90
12
 70
1
 10
113.21130772448723
 20
314.4556651803509
 10
113.21130772448723
 20
314.2316898283154
 10
113.21130772448723
 20
314.2316898283154
 10
113.01720703043472
 20
314.3063482789939
 10
113.01720703043472
 20
314.3063482789939
 10
113.21130772448723
 20
314.4556651803509
 10
113.21130772448723
 20
314.2316898283154
 10
113.01720703043472
 20
314.3063482789939
 10
113.01720703043472
 20
314.3063482789939
 10
113.03213872057042
 20
314.20182644804396
 10
113.03213872057042
 20
314.20182644804396
 10
113.21130772448723
 20
314.2316898283154
  0
LWPOLYLINE
  5
33E1
330
17
100
AcDbEntity
  8
SIDEWALK_PATH
100
AcDbPolyline
 90
12
 70
1
 10
113.01720703043472
 20
314.3063482789939
 10
113.03213872057042
 20
314.20182644804396
 10
113.03213872057042
 20
314.20182644804396
 10
112.85295843894201
 20
314.18689475790825
 10
112.85295843894201
 20
314.18689475790825
 10
113.01720703043472
 20
314.3063482789939
 10
113.03213872057042
 20
314.20182644804396
 10
112.85295843894201
 20
314.18689475790825
 10
112.85295843894201
 20
314.18689475790825
 10
112.85295843894201
 20
314.12716799736546
 10
112.85295843894201
 20
314.12716799736546
 10
113.03213872057042
 20
314.20182644804396
  0
LWPOLYLINE
  5
33E2
330
17
100
AcDbEntity
  8
SIDEWALK_PATH
100
AcDbPolyline
 90
12
 70
1
 10
113.62939504828682
 20
302.152042730227
 10
113.67419011869391
 20
301.22627794181363
 10
113.67419011869391
 20
301.22627794181363
 10
113.31582955543712
 20
301.8683406176487
 10
113.31582955543712
 20
301.8683406176487
 10
113.62939504828682
 20
302.152042730227
 10
113.67419011869391
 20
301.22627794181363
 10
113.31582955543712
 20
301.8683406176487
 10
113.31582955543712
 20
301.8683406176487
 10
113.36062462584422
 20
301.22627794181363
 10
113.36062462584422
 20
301.22627794181363
 10
113.67419011869391
 20
301.22627794181363
  0
LWPOLYLINE
  5
33E3
330
17
100
AcDbEntity
  8
SIDEWALK_PATH
100
AcDbPolyline
 90
12
 70
1
 10
112.85295843894201
 20
314.18689475790825
 10
112.85295843894201
 20
314.12716799736546
 10
112.85295843894201
 20
314.12716799736546
 10
112.68870984744932
 20
314.0674412368227
 10
112.68870984744932
 20
314.0674412368227
 10
112.85295843894201
 20
314.18689475790825
 10
112.85295843894201
 20
314.12716799736546
 10
112.68870984744932
 20
314.0674412368227
 10
112.68870984744932
 20
314.0674412368227
 10
112.68870984744932
 20
314.02264616641554
 10
112.68870984744932
 20
314.02264616641554
 10
112.85295843894201
 20
314.12716799736546
  0
LWPOLYLINE
  5
33E4
330
17
100
AcDbEntity
  8
SIDEWALK_PATH
100
AcDbPolyline
 90
12
 70
1
 10
113.31582955543712
 20
301.8683406176487
 10
113.36062462584422
 20
301.22627794181363
 10
113.36062462584422
 20
301.22627794181363
 10
112.98734365016331
 20
301.6294335754775
 10
112.98734365016331
 20
301.6294335754775
 10
113.31582955543712
 20
301.8683406176487
 10
113.36062462584422
 20
301.22627794181363
 10
112.98734365016331
 20
301.6294335754775
 10
112.98734365016331
 20
301.6294335754775
 10
113.00227534029901
 20
301.2113462516779
 10
113.00227534029901
 20
301.2113462516779
 10
113.36062462584422
 20
301.22627794181363
  0
LWPOLYLINE
  5
33E5
330
17
100
AcDbEntity
  8
SIDEWALK_PATH
100
AcDbPolyline
 90
12
 70
1
 10
112.98734365016331
 20
301.6294335754775
 10
113.00227534029901
 20
301.2113462516779
 10
113.00227534029901
 20
301.2113462516779
 10
112.61405139677082
 20
301.45025329384913
 10
112.61405139677082
 20
301.45025329384913
 10
112.98734365016331
 20
301.6294335754775
 10
113.00227534029901
 20
301.2113462516779
 10
112.61405139677082
 20
301.45025329384913
 10
112.61405139677082
 20
301.45025329384913
 10
112.62898308690653
 20
301.2113462516779
 10
112.62898308690653
 20
301.2113462516779
 10
113.00227534029901
 20
301.2113462516779
  0
LWPOLYLINE
  5
33E6
330
17
100
AcDbEntity
  8
SIDEWALK_PATH
100
AcDbPolyline
 90
12
 70
1
 10
112.61405139677082
 20
301.45025329384913
 10
112.62898308690653
 20
301.2113462516779
 10
112.62898308690653
 20
301.2113462516779
 10
112.22582745324263
 20
301.3158680826278
 10
112.22582745324263
 20
301.3158680826278
 10
112.61405139677082
 20
301.45025329384913
 10
112.62898308690653
 20
301.2113462516779
 10
112.22582745324263
 20
301.3158680826278
 10
112.22582745324263
 20
301.3158680826278
 10
112.22582745324263
 20
301.1964145615422
 10
112.22582745324263
 20
301.1964145615422
 10
112.62898308690653
 20
301.2113462516779
  0
LWPOLYLINE
  5
33E7
330
17
100
AcDbEntity
  8
SIDEWALK_PATH
100
AcDbPolyline
 90
12
 70
1
 10
112.22582745324263
 20
301.3158680826278
 10
112.22582745324263
 20
301.1964145615422
 10
112.22582745324263
 20
301.1964145615422
 10
111.82267181957874
 20
301.22627794181363
 10
111.82267181957874
 20
301.22627794181363
 10
112.22582745324263
 20
301.3158680826278
 10
112.22582745324263
 20
301.1964145615422
 10
111.82267181957874
 20
301.22627794181363
 10
111.82267181957874
 20
301.22627794181363
 10
111.82267181957874
 20
301.1964145615422
 10
111.82267181957874
 20
301.1964145615422
 10
112.22582745324263
 20
301.1964145615422
  0
LWPOLYLINE
  5
33E8
330
17
100
AcDbEntity
  8
SIDEWALK_PATH
100
AcDbPolyline
 90
12
 70
1
 10
112.68870984744932
 20
314.0674412368227
 10
112.68870984744932
 20
314.02264616641554
 10
112.68870984744932
 20
314.02264616641554
 10
110.86705492860554
 20
312.69374829976147
 10
110.86705492860554
 20
312.69374829976147
 10
112.68870984744932
 20
314.0674412368227
 10
112.68870984744932
 20
314.02264616641554
 10
110.86705492860554
 20
312.69374829976147
 10
110.86705492860554
 20
312.69374829976147
 10
110.86705492860554
 20
312.61908984908297
 10
110.86705492860554
 20
312.61908984908297
 10
112.68870984744932
 20
314.02264616641554
  0
LWPOLYLINE
  5
33E9
330
17
100
AcDbEntity
  8
SIDEWALK_PATH
100
AcDbPolyline
 90
12
 70
1
 10
111.40459577349073
 20
301.1964145615422
 10
111.40459577349073
 20
301.1964145615422
 10
111.40459577349073
 20
301.1964145615422
 10
111.82267181957874
 20
301.1964145615422
 10
111.82267181957874
 20
301.1964145615422
 10
111.40459577349073
 20
301.1964145615422
 10
111.40459577349073
 20
301.1964145615422
 10
111.82267181957874
 20
301.1964145615422
 10
111.82267181957874
 20
301.1964145615422
 10
111.82267181957874
 20
301.22627794181363
 10
111.82267181957874
 20
301.22627794181363
 10
111.40459577349073
 20
301.1964145615422
  0
LWPOLYLINE
  5
33EA
330
17
100
AcDbEntity
  8
SIDEWALK_PATH
100
AcDbPolyline
 90
12
 70
1
 10
110.86705492860554
 20
312.69374829976147
 10
110.86705492860554
 20
312.61908984908297
 10
110.86705492860554
 20
312.61908984908297
 10
101.14659231653457
 20
305.2876751033008
 10
101.14659231653457
 20
305.2876751033008
 10
110.86705492860554
 20
312.69374829976147
 10
110.86705492860554
 20
312.61908984908297
 10
101.14659231653457
 20
305.2876751033008
 10
101.14659231653457
 20
305.2876751033008
 10
101.14659231653457
 20
305.16822158221515
 10
101.14659231653457
 20
305.16822158221515
 10
110.86705492860554
 20
312.61908984908297
  0
LWPOLYLINE
  5
33EB
330
17
100
AcDbEntity
  8
SIDEWALK_PATH
100
AcDbPolyline
 90
12
 70
1
 10
98.92178176402689
 20
301.07696104045664
 10
98.92178176402689
 20
301.00230258977814
 10
98.92178176402689
 20
301.00230258977814
 10
98.7276697922628
 20
301.0918927305923
 10
98.7276697922628
 20
301.0918927305923
 10
98.92178176402689
 20
301.07696104045664
 10
98.92178176402689
 20
301.00230258977814
 10
98.7276697922628
 20
301.0918927305923
 10
98.7276697922628
 20
301.0918927305923
 10
98.7276697922628
 20
301.00230258977814
 10
98.7276697922628
 20
301.00230258977814
 10
98.92178176402689
 20
301.00230258977814
  0
LWPOLYLINE
  5
33EC
330
17
100
AcDbEntity
  8
SIDEWALK_PATH
100
AcDbPolyline
 90
12
 70
1
 10
98.7276697922628
 20
301.0918927305923
 10
98.7276697922628
 20
301.00230258977814
 10
98.7276697922628
 20
301.00230258977814
 10
98.5335578204987
 20
301.15161949113514
 10
98.5335578204987
 20
301.15161949113514
 10
98.7276697922628
 20
301.0918927305923
 10
98.7276697922628
 20
301.00230258977814
 10
98.5335578204987
 20
301.15161949113514
 10
98.5335578204987
 20
301.15161949113514
 10
98.5335578204987
 20
301.00230258977814
 10
98.5335578204987
 20
301.00230258977814
 10
98.7276697922628
 20
301.00230258977814
  0
LWPOLYLINE
  5
33ED
330
17
100
AcDbEntity
  8
SIDEWALK_PATH
100
AcDbPolyline
 90
12
 70
1
 10
101.14659231653457
 20
305.2876751033008
 10
101.14659231653457
 20
305.16822158221515
 10
101.14659231653457
 20
305.16822158221515
 10
98.27971908819181
 20
303.0180582026744
 10
98.27971908819181
 20
303.0180582026744
 10
101.14659231653457
 20
305.2876751033008
 10
101.14659231653457
 20
305.16822158221515
 10
98.27971908819181
 20
303.0180582026744
 10
98.27971908819181
 20
303.0180582026744
 10
98.27971908819181
 20
302.9583314421316
 10
98.27971908819181
 20
302.9583314421316
 10
101.14659231653457
 20
305.16822158221515
  0
LWPOLYLINE
  5
33EE
330
17
100
AcDbEntity
  8
SIDEWALK_PATH
100
AcDbPolyline
 90
12
 70
1
 10
98.5335578204987
 20
301.15161949113514
 10
98.5335578204987
 20
301.00230258977814
 10
98.5335578204987
 20
301.00230258977814
 10
98.35437753887031
 20
301.2412096319493
 10
98.35437753887031
 20
301.2412096319493
 10
98.5335578204987
 20
301.15161949113514
 10
98.5335578204987
 20
301.00230258977814
 10
98.35437753887031
 20
301.2412096319493
 10
98.35437753887031
 20
301.2412096319493
 10
98.369309229006
 20
300.9873708996424
 10
98.369309229006
 20
300.9873708996424
 10
98.5335578204987
 20
301.00230258977814
  0
LWPOLYLINE
  5
33EF
330
17
100
AcDbEntity
  8
SIDEWALK_PATH
100
AcDbPolyline
 90
12
 70
1
 10
98.27971908819181
 20
303.0180582026744
 10
98.27971908819181
 20
302.9583314421316
 10
98.27971908819181
 20
302.9583314421316
 10
98.13040218683481
 20
302.89860468158884
 10
98.13040218683481
 20
302.89860468158884
 10
98.27971908819181
 20
303.0180582026744
 10
98.27971908819181
 20
302.9583314421316
 10
98.13040218683481
 20
302.89860468158884
 10
98.13040218683481
 20
302.89860468158884
 10
98.13040218683481
 20
302.82394623091034
 10
98.13040218683481
 20
302.82394623091034
 10
98.27971908819181
 20
302.9583314421316
  0
LWPOLYLINE
  5
33F0
330
17
100
AcDbEntity
  8
SIDEWALK_PATH
100
AcDbPolyline
 90
12
 70
1
 10
98.35437753887031
 20
301.2412096319493
 10
98.369309229006
 20
300.9873708996424
 10
98.369309229006
 20
300.9873708996424
 10
98.19012894737762
 20
301.3606631530349
 10
98.19012894737762
 20
301.3606631530349
 10
98.35437753887031
 20
301.2412096319493
 10
98.369309229006
 20
300.9873708996424
 10
98.19012894737762
 20
301.3606631530349
 10
98.19012894737762
 20
301.3606631530349
 10
98.21999232764901
 20
300.9873708996424
 10
98.21999232764901
 20
300.9873708996424
 10
98.369309229006
 20
300.9873708996424
  0
LWPOLYLINE
  5
33F1
330
17
100
AcDbEntity
  8
SIDEWALK_PATH
100
AcDbPolyline
 90
12
 70
1
 10
98.13040218683481
 20
302.89860468158884
 10
98.13040218683481
 20
302.82394623091034
 10
98.13040218683481
 20
302.82394623091034
 10
98.01095994346079
 20
302.8090145407746
 10
98.01095994346079
 20
302.8090145407746
 10
98.13040218683481
 20
302.89860468158884
 10
98.13040218683481
 20
302.82394623091034
 10
98.01095994346079
 20
302.8090145407746
 10
98.01095994346079
 20
302.8090145407746
 10
98.01095994346079
 20
302.65969763941763
 10
98.01095994346079
 20
302.65969763941763
 10
98.13040218683481
 20
302.82394623091034
  0
LWPOLYLINE
  5
33F2
330
17
100
AcDbEntity
  8
SIDEWALK_PATH
100
AcDbPolyline
 90
12
 70
1
 10
98.19012894737762
 20
301.3606631530349
 10
98.21999232764901
 20
300.9873708996424
 10
98.21999232764901
 20
300.9873708996424
 10
98.05574373615632
 20
301.5099800543919
 10
98.05574373615632
 20
301.5099800543919
 10
98.19012894737762
 20
301.3606631530349
 10
98.21999232764901
 20
300.9873708996424
 10
98.05574373615632
 20
301.5099800543919
 10
98.05574373615632
 20
301.5099800543919
 10
98.08560711642771
 20
300.9873708996424
 10
98.08560711642771
 20
300.9873708996424
 10
98.21999232764901
 20
300.9873708996424
  0
LWPOLYLINE
  5
33F3
330
17
100
AcDbEntity
  8
SIDEWALK_PATH
100
AcDbPolyline
 90
12
 70
1
 10
98.01095994346079
 20
302.8090145407746
 10
98.01095994346079
 20
302.65969763941763
 10
98.01095994346079
 20
302.65969763941763
 10
97.9213698026466
 20
302.7343560900961
 10
97.9213698026466
 20
302.7343560900961
 10
98.01095994346079
 20
302.8090145407746
 10
98.01095994346079
 20
302.65969763941763
 10
97.9213698026466
 20
302.7343560900961
 10
97.9213698026466
 20
302.7343560900961
 10
97.9213698026466
 20
302.4805399132124
 10
97.9213698026466
 20
302.4805399132124
 10
98.01095994346079
 20
302.65969763941763
  0
LWPOLYLINE
  5
33F4
330
17
100
AcDbEntity
  8
SIDEWALK_PATH
100
AcDbPolyline
 90
12
 70
1
 10
98.05574373615632
 20
301.5099800543919
 10
98.08560711642771
 20
300.9873708996424
 10
98.08560711642771
 20
300.9873708996424
 10
97.9661648730537
 20
301.6891603360203
 10
97.9661648730537
 20
301.6891603360203
 10
98.05574373615632
 20
301.5099800543919
 10
98.08560711642771
 20
300.9873708996424
 10
97.9661648730537
 20
301.6891603360203
 10
97.9661648730537
 20
301.6891603360203
 10
97.9960282533251
 20
300.9873708996424
 10
97.9960282533251
 20
300.9873708996424
 10
98.08560711642771
 20
300.9873708996424
  0
LWPOLYLINE
  5
33F5
330
17
100
AcDbEntity
  8
SIDEWALK_PATH
100
AcDbPolyline
 90
12
 70
1
 10
97.9213698026466
 20
302.7343560900961
 10
97.9213698026466
 20
302.4805399132124
 10
97.9213698026466
 20
302.4805399132124
 10
97.8616430421038
 20
302.689561019689
 10
97.8616430421038
 20
302.689561019689
 10
97.9213698026466
 20
302.7343560900961
 10
97.9213698026466
 20
302.4805399132124
 10
97.8616430421038
 20
302.689561019689
 10
97.8616430421038
 20
302.689561019689
 10
97.8765747322395
 20
302.2714962513126
 10
97.8765747322395
 20
302.2714962513126
 10
97.9213698026466
 20
302.4805399132124
  0
LWPOLYLINE
  5
33F6
330
17
100
AcDbEntity
  8
SIDEWALK_PATH
100
AcDbPolyline
 90
12
 70
1
 10
97.9661648730537
 20
301.6891603360203
 10
97.9960282533251
 20
300.9873708996424
 10
97.9960282533251
 20
300.9873708996424
 10
97.8915064223752
 20
301.8832723077844
 10
97.8915064223752
 20
301.8832723077844
 10
97.9661648730537
 20
301.6891603360203
 10
97.9960282533251
 20
300.9873708996424
 10
97.8915064223752
 20
301.8832723077844
 10
97.8915064223752
 20
301.8832723077844
 10
97.93630149278229
 20
300.9873708996424
 10
97.93630149278229
 20
300.9873708996424
 10
97.9960282533251
 20
300.9873708996424
  0
LWPOLYLINE
  5
33F7
330
17
100
AcDbEntity
  8
SIDEWALK_PATH
100
AcDbPolyline
 90
6
 70
1
 10
97.9213698026466
 20
300.9873708996424
 10
97.8317796618324
 20
302.67462932955334
 10
97.8317796618324
 20
302.67462932955334
 10
95.66669586986754
 20
300.957507519371
 10
95.66669586986754
 20
300.957507519371
 10
97.9213698026466
 20
300.9873708996424
  0
LWPOLYLINE
  5
33F8
330
17
100
AcDbEntity
  8
SIDEWALK_PATH
100
AcDbPolyline
 90
12
 70
1
 10
97.8616430421038
 20
302.689561019689
 10
97.8765747322395
 20
302.2714962513126
 10
97.8765747322395
 20
302.2714962513126
 10
97.8317796618324
 20
302.67462932955334
 10
97.8317796618324
 20
302.67462932955334
 10
97.8616430421038
 20
302.689561019689
 10
97.8765747322395
 20
302.2714962513126
 10
97.8317796618324
 20
302.67462932955334
 10
97.8317796618324
 20
302.67462932955334
 10
97.8616430421038
 20
302.0773842795485
 10
97.8616430421038
 20
302.0773842795485
 10
97.8765747322395
 20
302.2714962513126
  0
LWPOLYLINE
  5
33F9
330
17
100
AcDbEntity
  8
SIDEWALK_PATH
100
AcDbPolyline
 90
12
 70
1
 10
97.8915064223752
 20
301.8832723077844
 10
97.93630149278229
 20
300.9873708996424
 10
97.93630149278229
 20
300.9873708996424
 10
97.8616430421038
 20
302.0773842795485
 10
97.8616430421038
 20
302.0773842795485
 10
97.8915064223752
 20
301.8832723077844
 10
97.93630149278229
 20
300.9873708996424
 10
97.8616430421038
 20
302.0773842795485
 10
97.8616430421038
 20
302.0773842795485
 10
97.9213698026466
 20
300.9873708996424
 10
97.9213698026466
 20
300.9873708996424
 10
97.93630149278229
 20
300.9873708996424
  0
LWPOLYLINE
  5
33FA
330
17
100
AcDbEntity
  8
SIDEWALK_PATH
100
AcDbPolyline
 90
6
 70
1
 10
139.64023009900188
 20
286.623175210792
 10
139.5805033384591
 20
286.623175210792
 10
139.5805033384591
 20
286.623175210792
 10
139.64023009900188
 20
285.3092090342736
 10
139.64023009900188
 20
285.3092090342736
 10
139.64023009900188
 20
286.623175210792
  0
LWPOLYLINE
  5
33FB
330
17
100
AcDbEntity
  8
SIDEWALK_PATH
100
AcDbPolyline
 90
12
 70
1
 10
139.5805033384591
 20
286.623175210792
 10
139.64023009900188
 20
285.3092090342736
 10
139.64023009900188
 20
285.3092090342736
 10
139.535708268052
 20
286.623175210792
 10
139.535708268052
 20
286.623175210792
 10
139.5805033384591
 20
286.623175210792
 10
139.64023009900188
 20
285.3092090342736
 10
139.535708268052
 20
286.623175210792
 10
139.535708268052
 20
286.623175210792
 10
139.6551617891376
 20
284.2191956543675
 10
139.6551617891376
 20
284.2191956543675
 10
139.64023009900188
 20
285.3092090342736
  0
LWPOLYLINE
  5
33FC
330
17
100
AcDbEntity
  8
SIDEWALK_PATH
100
AcDbPolyline
 90
12
 70
1
 10
139.535708268052
 20
286.623175210792
 10
139.6551617891376
 20
284.2191956543675
 10
139.6551617891376
 20
284.2191956543675
 10
139.3266646061522
 20
286.6530385910634
 10
139.3266646061522
 20
286.6530385910634
 10
139.535708268052
 20
286.623175210792
 10
139.6551617891376
 20
284.2191956543675
 10
139.3266646061522
 20
286.6530385910634
 10
139.3266646061522
 20
286.6530385910634
 10
139.44611812723778
 20
284.2191956543675
 10
139.44611812723778
 20
284.2191956543675
 10
139.6551617891376
 20
284.2191956543675
  0
LWPOLYLINE
  5
33FD
330
17
100
AcDbEntity
  8
SIDEWALK_PATH
100
AcDbPolyline
 90
12
 70
1
 10
139.3266646061522
 20
286.6530385910634
 10
139.44611812723778
 20
284.2191956543675
 10
139.44611812723778
 20
284.2191956543675
 10
139.1176209442524
 20
286.6829019713348
 10
139.1176209442524
 20
286.6829019713348
 10
139.3266646061522
 20
286.6530385910634
 10
139.44611812723778
 20
284.2191956543675
 10
139.1176209442524
 20
286.6829019713348
 10
139.1176209442524
 20
286.6829019713348
 10
139.2520061554737
 20
284.2042639642318
 10
139.2520061554737
 20
284.2042639642318
 10
139.44611812723778
 20
284.2191956543675
  0
LWPOLYLINE
  5
33FE
330
17
100
AcDbEntity
  8
SIDEWALK_PATH
100
AcDbPolyline
 90
12
 70
1
 10
139.1176209442524
 20
286.6829019713348
 10
139.2520061554737
 20
284.2042639642318
 10
139.2520061554737
 20
284.2042639642318
 10
138.9832357330311
 20
286.6978336614705
 10
138.9832357330311
 20
286.6978336614705
 10
139.1176209442524
 20
286.6829019713348
 10
139.2520061554737
 20
284.2042639642318
 10
138.9832357330311
 20
286.6978336614705
 10
138.9832357330311
 20
286.6978336614705
 10
139.1026892541167
 20
284.15946889382474
 10
139.1026892541167
 20
284.15946889382474
 10
139.2520061554737
 20
284.2042639642318
  0
LWPOLYLINE
  5
33FF
330
17
100
AcDbEntity
  8
SIDEWALK_PATH
100
AcDbPolyline
 90
12
 70
1
 10
138.9832357330311
 20
286.6978336614705
 10
139.1026892541167
 20
284.15946889382474
 10
139.1026892541167
 20
284.15946889382474
 10
138.92350897248832
 20
286.6978336614705
 10
138.92350897248832
 20
286.6978336614705
 10
138.9832357330311
 20
286.6978336614705
 10
139.1026892541167
 20
284.15946889382474
 10
138.92350897248832
 20
286.6978336614705
 10
138.92350897248832
 20
286.6978336614705
 10
139.0429624935739
 20
284.144537203689
 10
139.0429624935739
 20
284.144537203689
 10
139.1026892541167
 20
284.15946889382474
  0
LWPOLYLINE
  5
3400
330
17
100
AcDbEntity
  8
SIDEWALK_PATH
100
AcDbPolyline
 90
12
 70
1
 10
138.92350897248832
 20
286.6978336614705
 10
139.0429624935739
 20
284.144537203689
 10
139.0429624935739
 20
284.144537203689
 10
138.72939700072422
 20
286.7276970417419
 10
138.72939700072422
 20
286.7276970417419
 10
138.92350897248832
 20
286.6978336614705
 10
139.0429624935739
 20
284.144537203689
 10
138.72939700072422
 20
286.7276970417419
 10
138.72939700072422
 20
286.7276970417419
 10
138.8637822119455
 20
284.0400153727391
 10
138.8637822119455
 20
284.0400153727391
 10
139.0429624935739
 20
284.144537203689
  0
LWPOLYLINE
  5
3401
330
17
100
AcDbEntity
  8
SIDEWALK_PATH
100
AcDbPolyline
 90
12
 70
1
 10
138.72939700072422
 20
286.7276970417419
 10
138.8637822119455
 20
284.0400153727391
 10
138.8637822119455
 20
284.0400153727391
 10
138.5651484092315
 20
286.7575604220133
 10
138.5651484092315
 20
286.7575604220133
 10
138.72939700072422
 20
286.7276970417419
 10
138.8637822119455
 20
284.0400153727391
 10
138.5651484092315
 20
286.7575604220133
 10
138.5651484092315
 20
286.7575604220133
 10
138.7144653105885
 20
283.9056301615178
 10
138.7144653105885
 20
283.9056301615178
 10
138.8637822119455
 20
284.0400153727391
  0
LWPOLYLINE
  5
3402
330
17
100
AcDbEntity
  8
SIDEWALK_PATH
100
AcDbPolyline
 90
12
 70
1
 10
138.5651484092315
 20
286.7575604220133
 10
138.7144653105885
 20
283.9056301615178
 10
138.7144653105885
 20
283.9056301615178
 10
138.43076319801023
 20
286.772492112149
 10
138.43076319801023
 20
286.772492112149
 10
138.5651484092315
 20
286.7575604220133
 10
138.7144653105885
 20
283.9056301615178
 10
138.43076319801023
 20
286.772492112149
 10
138.43076319801023
 20
286.772492112149
 10
138.58008009936722
 20
283.7563132601608
 10
138.58008009936722
 20
283.7563132601608
 10
138.7144653105885
 20
283.9056301615178
  0
LWPOLYLINE
  5
3403
330
17
100
AcDbEntity
  8
SIDEWALK_PATH
100
AcDbPolyline
 90
12
 70
1
 10
138.43076319801023
 20
286.772492112149
 10
138.58008009936722
 20
283.7563132601608
 10
138.58008009936722
 20
283.7563132601608
 10
138.32624136706033
 20
286.8023554924204
 10
138.32624136706033
 20
286.8023554924204
 10
138.43076319801023
 20
286.772492112149
 10
138.58008009936722
 20
283.7563132601608
 10
138.32624136706033
 20
286.8023554924204
 10
138.32624136706033
 20
286.8023554924204
 10
138.490489958553
 20
283.57713297853246
 10
138.490489958553
 20
283.57713297853246
 10
138.58008009936722
 20
283.7563132601608
  0
LWPOLYLINE
  5
3404
330
17
100
AcDbEntity
  8
SIDEWALK_PATH
100
AcDbPolyline
 90
12
 70
1
 10
138.32624136706033
 20
286.8023554924204
 10
138.490489958553
 20
283.57713297853246
 10
138.490489958553
 20
283.57713297853246
 10
138.25158291638184
 20
286.8023554924204
 10
138.25158291638184
 20
286.8023554924204
 10
138.32624136706033
 20
286.8023554924204
 10
138.490489958553
 20
283.57713297853246
 10
138.25158291638184
 20
286.8023554924204
 10
138.25158291638184
 20
286.8023554924204
 10
138.43076319801023
 20
283.3680893166326
 10
138.43076319801023
 20
283.3680893166326
 10
138.490489958553
 20
283.57713297853246
  0
LWPOLYLINE
  5
3405
330
17
100
AcDbEntity
  8
SIDEWALK_PATH
100
AcDbPolyline
 90
12
 70
1
 10
138.25158291638184
 20
286.8023554924204
 10
138.43076319801023
 20
283.3680893166326
 10
138.43076319801023
 20
283.3680893166326
 10
138.23666250395772
 20
286.81728718255613
 10
138.23666250395772
 20
286.81728718255613
 10
138.25158291638184
 20
286.8023554924204
 10
138.43076319801023
 20
283.3680893166326
 10
138.23666250395772
 20
286.81728718255613
 10
138.23666250395772
 20
286.81728718255613
 10
138.41583150787451
 20
283.17397734486855
 10
138.41583150787451
 20
283.17397734486855
 10
138.43076319801023
 20
283.3680893166326
  0
LWPOLYLINE
  5
3406
330
17
100
AcDbEntity
  8
SIDEWALK_PATH
100
AcDbPolyline
 90
12
 70
1
 10
138.23666250395772
 20
286.81728718255613
 10
138.41583150787451
 20
283.17397734486855
 10
138.41583150787451
 20
283.17397734486855
 10
138.04255053219362
 20
286.8322188726918
 10
138.04255053219362
 20
286.8322188726918
 10
138.23666250395772
 20
286.81728718255613
 10
138.41583150787451
 20
283.17397734486855
 10
138.04255053219362
 20
286.8322188726918
 10
138.04255053219362
 20
286.8322188726918
 10
138.43076319801023
 20
279.08273935853316
 10
138.43076319801023
 20
279.08273935853316
 10
138.41583150787451
 20
283.17397734486855
  0
LWPOLYLINE
  5
3407
330
17
100
AcDbEntity
  8
SIDEWALK_PATH
100
AcDbPolyline
 90
6
 70
1
 10
137.54980475771552
 20
291.46102025933556
 10
137.4602146169013
 20
292.4913068786988
 10
137.4602146169013
 20
292.4913068786988
 10
137.5348730675798
 20
291.11759138621443
 10
137.5348730675798
 20
291.11759138621443
 10
137.54980475771552
 20
291.46102025933556
  0
LWPOLYLINE
  5
3408
330
17
100
AcDbEntity
  8
SIDEWALK_PATH
100
AcDbPolyline
 90
12
 70
1
 10
137.4602146169013
 20
292.4913068786988
 10
137.5348730675798
 20
291.11759138621443
 10
137.5348730675798
 20
291.11759138621443
 10
137.34076109581574
 20
293.5215709426389
 10
137.34076109581574
 20
293.5215709426389
 10
137.4602146169013
 20
292.4913068786988
 10
137.5348730675798
 20
291.11759138621443
 10
137.34076109581574
 20
293.5215709426389
 10
137.34076109581574
 20
293.5215709426389
 10
137.50500968730842
 20
290.2664850484796
 10
137.50500968730842
 20
290.2664850484796
 10
137.5348730675798
 20
291.11759138621443
  0
LWPOLYLINE
  5
3409
330
17
100
AcDbEntity
  8
SIDEWALK_PATH
100
AcDbPolyline
 90
12
 70
1
 10
137.34076109581574
 20
293.5215709426389
 10
137.50500968730842
 20
290.2664850484796
 10
137.50500968730842
 20
290.2664850484796
 10
137.22130757473013
 20
294.1188385480669
 10
137.22130757473013
 20
294.1188385480669
 10
137.34076109581574
 20
293.5215709426389
 10
137.50500968730842
 20
290.2664850484796
 10
137.22130757473013
 20
294.1188385480669
 10
137.22130757473013
 20
294.1188385480669
 10
137.4602146169013
 20
289.2809934995234
 10
137.4602146169013
 20
289.2809934995234
 10
137.50500968730842
 20
290.2664850484796
  0
LWPOLYLINE
  5
340A
330
17
100
AcDbEntity
  8
SIDEWALK_PATH
100
AcDbPolyline
 90
12
 70
1
 10
137.22130757473013
 20
294.1188385480669
 10
137.4602146169013
 20
289.2809934995234
 10
137.4602146169013
 20
289.2809934995234
 10
136.98240053255893
 20
295.0296716463446
 10
136.98240053255893
 20
295.0296716463446
 10
137.22130757473013
 20
294.1188385480669
 10
137.4602146169013
 20
289.2809934995234
 10
136.98240053255893
 20
295.0296716463446
 10
136.98240053255893
 20
295.0296716463446
 10
137.37062447608713
 20
287.2055111260843
 10
137.37062447608713
 20
287.2055111260843
 10
137.4602146169013
 20
289.2809934995234
  0
LWPOLYLINE
  5
340B
330
17
100
AcDbEntity
  8
SIDEWALK_PATH
100
AcDbPolyline
 90
12
 70
1
 10
136.98240053255893
 20
295.0296716463446
 10
137.37062447608713
 20
287.2055111260843
 10
137.37062447608713
 20
287.2055111260843
 10
136.96746884242324
 20
295.0296716463446
 10
136.96746884242324
 20
295.0296716463446
 10
136.98240053255893
 20
295.0296716463446
 10
137.37062447608713
 20
287.2055111260843
 10
136.96746884242324
 20
295.0296716463446
 10
136.96746884242324
 20
295.0296716463446
 10
137.37062447608713
 20
286.9367407036417
 10
137.37062447608713
 20
286.9367407036417
 10
137.37062447608713
 20
287.2055111260843
  0
LWPOLYLINE
  5
340C
330
17
100
AcDbEntity
  8
SIDEWALK_PATH
100
AcDbPolyline
 90
12
 70
1
 10
138.04255053219362
 20
286.8322188726918
 10
138.43076319801023
 20
279.08273935853316
 10
138.43076319801023
 20
279.08273935853316
 10
137.37062447608713
 20
286.9367407036417
 10
137.37062447608713
 20
286.9367407036417
 10
138.04255053219362
 20
286.8322188726918
 10
138.43076319801023
 20
279.08273935853316
 10
137.37062447608713
 20
286.9367407036417
 10
137.37062447608713
 20
286.9367407036417
 10
137.7588484196153
 20
279.06780766839745
 10
137.7588484196153
 20
279.06780766839745
 10
138.43076319801023
 20
279.08273935853316
  0
LWPOLYLINE
  5
340D
330
17
100
AcDbEntity
  8
SIDEWALK_PATH
100
AcDbPolyline
 90
12
 70
1
 10
136.96746884242324
 20
295.0296716463446
 10
137.7588484196153
 20
279.06780766839745
 10
137.7588484196153
 20
279.06780766839745
 10
136.25075899362125
 20
295.0296716463446
 10
136.25075899362125
 20
295.0296716463446
 10
136.96746884242324
 20
295.0296716463446
 10
137.7588484196153
 20
279.06780766839745
 10
136.25075899362125
 20
295.0296716463446
 10
136.25075899362125
 20
295.0296716463446
 10
137.04212729310174
 20
279.06780766839745
 10
137.04212729310174
 20
279.06780766839745
 10
137.7588484196153
 20
279.06780766839745
  0
LWPOLYLINE
  5
340E
330
17
100
AcDbEntity
  8
SIDEWALK_PATH
100
AcDbPolyline
 90
12
 70
1
 10
136.25075899362125
 20
295.0296716463446
 10
137.04212729310174
 20
279.06780766839745
 10
137.04212729310174
 20
279.06780766839745
 10
136.26569068375693
 20
293.8202047453529
 10
136.26569068375693
 20
293.8202047453529
 10
136.25075899362125
 20
295.0296716463446
 10
137.04212729310174
 20
279.06780766839745
 10
136.26569068375693
 20
293.8202047453529
 10
136.26569068375693
 20
293.8202047453529
 10
136.99733222269464
 20
279.06780766839745
 10
136.99733222269464
 20
279.06780766839745
 10
137.04212729310174
 20
279.06780766839745
  0
LWPOLYLINE
  5
340F
330
17
100
AcDbEntity
  8
SIDEWALK_PATH
100
AcDbPolyline
 90
12
 70
1
 10
136.99733222269464
 20
279.06780766839745
 10
136.42993927524964
 20
279.06780766839745
 10
136.42993927524964
 20
279.06780766839745
 10
136.32541744429975
 20
281.1582217319723
 10
136.32541744429975
 20
281.1582217319723
 10
136.99733222269464
 20
279.06780766839745
 10
136.42993927524964
 20
279.06780766839745
 10
136.32541744429975
 20
281.1582217319723
 10
136.32541744429975
 20
281.1582217319723
 10
136.34034913443543
 20
279.06780766839745
 10
136.34034913443543
 20
279.06780766839745
 10
136.42993927524964
 20
279.06780766839745
  0
LWPOLYLINE
  5
3410
330
17
100
AcDbEntity
  8
SIDEWALK_PATH
100
AcDbPolyline
 90
6
 70
1
 10
136.99733222269464
 20
279.06780766839745
 10
136.26569068375693
 20
293.8202047453529
 10
136.26569068375693
 20
293.8202047453529
 10
136.32541744429975
 20
281.1582217319723
 10
136.32541744429975
 20
281.1582217319723
 10
136.99733222269464
 20
279.06780766839745
  0
LWPOLYLINE
  5
3411
330
17
100
AcDbEntity
  8
SIDEWALK_PATH
100
AcDbPolyline
 90
6
 70
1
 10
120.40833725904814
 20
37.26561904592186
 10
120.42326894918384
 20
32.696566975244096
 10
120.42326894918384
 20
32.696566975244096
 10
120.45313232945523
 20
32.06943598954471
 10
120.45313232945523
 20
32.06943598954471
 10
120.40833725904814
 20
37.26561904592186
  0
LWPOLYLINE
  5
3412
330
17
100
AcDbEntity
  8
SIDEWALK_PATH
100
AcDbPolyline
 90
12
 70
1
 10
120.55765416040514
 20
18.571278328564876
 10
120.45313232945523
 20
32.06943598954471
 10
120.45313232945523
 20
32.06943598954471
 10
120.45313232945523
 20
18.571278328564876
 10
120.45313232945523
 20
18.571278328564876
 10
120.55765416040514
 20
18.571278328564876
 10
120.45313232945523
 20
32.06943598954471
 10
120.45313232945523
 20
18.571278328564876
 10
120.45313232945523
 20
18.571278328564876
 10
120.42326894918384
 20
32.696566975244096
 10
120.42326894918384
 20
32.696566975244096
 10
120.45313232945523
 20
32.06943598954471
  0
LWPOLYLINE
  5
3413
330
17
100
AcDbEntity
  8
SIDEWALK_PATH
100
AcDbPolyline
 90
6
 70
1
 10
117.48174854787416
 20
36.95205355307217
 10
117.49668023800986
 20
34.26439443949256
 10
117.49668023800986
 20
34.26439443949256
 10
117.51161192814557
 20
33.93589725650717
 10
117.51161192814557
 20
33.93589725650717
 10
117.48174854787416
 20
36.95205355307217
  0
LWPOLYLINE
  5
3414
330
17
100
AcDbEntity
  8
SIDEWALK_PATH
100
AcDbPolyline
 90
12
 70
1
 10
117.63106544923116
 20
18.571278328564876
 10
117.61613375909546
 20
18.705663539786173
 10
117.61613375909546
 20
18.705663539786173
 10
117.70572389990966
 20
18.571278328564876
 10
117.70572389990966
 20
18.571278328564876
 10
117.63106544923116
 20
18.571278328564876
 10
117.61613375909546
 20
18.705663539786173
 10
117.70572389990966
 20
18.571278328564876
 10
117.70572389990966
 20
18.571278328564876
 10
117.51161192814557
 20
33.93589725650717
 10
117.51161192814557
 20
33.93589725650717
 10
117.61613375909546
 20
18.705663539786173
  0
LWPOLYLINE
  5
3415
330
17
100
AcDbEntity
  8
SIDEWALK_PATH
100
AcDbPolyline
 90
6
 70
1
 10
117.51161192814557
 20
33.93589725650717
 10
117.49668023800986
 20
34.26439443949256
 10
117.49668023800986
 20
34.26439443949256
 10
117.61613375909546
 20
18.705663539786173
 10
117.61613375909546
 20
18.705663539786173
 10
117.51161192814557
 20
33.93589725650717
  0
LWPOLYLINE
  5
3416
330
17
100
AcDbEntity
  8
SIDEWALK_PATH
100
AcDbPolyline
 90
6
 70
1
 10
117.61613375909546
 20
18.571278328564876
 10
117.63106544923116
 20
18.571278328564876
 10
117.63106544923116
 20
18.571278328564876
 10
117.61613375909546
 20
18.705663539786173
 10
117.61613375909546
 20
18.705663539786173
 10
117.61613375909546
 20
18.571278328564876
  0
LWPOLYLINE
  5
3417
330
17
100
AcDbEntity
  8
SIDEWALK_PATH
100
AcDbPolyline
 90
6
 70
1
 10
119.51244712861774
 20
411.6304279207893
 10
119.45272036807494
 20
411.67526810204276
 10
119.45272036807494
 20
411.67526810204276
 10
119.45272036807494
 20
411.5408377799751
 10
119.45272036807494
 20
411.5408377799751
 10
119.51244712861774
 20
411.6304279207893
  0
LWPOLYLINE
  5
3418
330
17
100
AcDbEntity
  8
SIDEWALK_PATH
100
AcDbPolyline
 90
6
 70
1
 10
119.24367670617514
 20
415.9456863700065
 10
119.03463304427535
 20
415.9456863700065
 10
119.03463304427535
 20
415.9456863700065
 10
119.03463304427535
 20
415.9307546798708
 10
119.03463304427535
 20
415.9307546798708
 10
119.24367670617514
 20
415.9456863700065
  0
LWPOLYLINE
  5
3419
330
17
100
AcDbEntity
  8
SIDEWALK_PATH
100
AcDbPolyline
 90
12
 70
1
 10
119.45272036807494
 20
411.67526810204276
 10
119.45272036807494
 20
411.5408377799751
 10
119.45272036807494
 20
411.5408377799751
 10
119.16901825549664
 20
411.8394715826891
 10
119.16901825549664
 20
411.8394715826891
 10
119.45272036807494
 20
411.67526810204276
 10
119.45272036807494
 20
411.5408377799751
 10
119.16901825549664
 20
411.8394715826891
 10
119.16901825549664
 20
411.8394715826891
 10
119.19888163576805
 20
411.10786387688614
 10
119.19888163576805
 20
411.10786387688614
 10
119.45272036807494
 20
411.5408377799751
  0
LWPOLYLINE
  5
341A
330
17
100
AcDbEntity
  8
SIDEWALK_PATH
100
AcDbPolyline
 90
12
 70
1
 10
119.03463304427535
 20
415.9456863700065
 10
119.03463304427535
 20
415.9307546798708
 10
119.03463304427535
 20
415.9307546798708
 10
118.84052107251125
 20
415.9456863700065
 10
118.84052107251125
 20
415.9456863700065
 10
119.03463304427535
 20
415.9456863700065
 10
119.03463304427535
 20
415.9307546798708
 10
118.84052107251125
 20
415.9456863700065
 10
118.84052107251125
 20
415.9456863700065
 10
118.84052107251125
 20
415.871027919328
 10
118.84052107251125
 20
415.871027919328
 10
119.03463304427535
 20
415.9307546798708
  0
LWPOLYLINE
  5
341B
330
17
100
AcDbEntity
  8
SIDEWALK_PATH
100
AcDbPolyline
 90
12
 70
1
 10
118.84052107251125
 20
415.9456863700065
 10
118.84052107251125
 20
415.871027919328
 10
118.84052107251125
 20
415.871027919328
 10
118.64640910074715
 20
415.9456863700065
 10
118.64640910074715
 20
415.9456863700065
 10
118.84052107251125
 20
415.9456863700065
 10
118.84052107251125
 20
415.871027919328
 10
118.64640910074715
 20
415.9456863700065
 10
118.64640910074715
 20
415.9456863700065
 10
118.66134079088286
 20
415.7665060883781
 10
118.66134079088286
 20
415.7665060883781
 10
118.84052107251125
 20
415.871027919328
  0
LWPOLYLINE
  5
341C
330
17
100
AcDbEntity
  8
SIDEWALK_PATH
100
AcDbPolyline
 90
12
 70
1
 10
119.16901825549664
 20
411.8394715826891
 10
119.19888163576805
 20
411.10786387688614
 10
119.19888163576805
 20
411.10786387688614
 10
118.72106755142565
 20
412.09335542584233
 10
118.72106755142565
 20
412.09335542584233
 10
119.16901825549664
 20
411.8394715826891
 10
119.19888163576805
 20
411.10786387688614
 10
118.72106755142565
 20
412.09335542584233
 10
118.72106755142565
 20
412.09335542584233
 10
118.78079431196845
 20
410.9137067942757
 10
118.78079431196845
 20
410.9137067942757
 10
119.19888163576805
 20
411.10786387688614
  0
LWPOLYLINE
  5
341D
330
17
100
AcDbEntity
  8
SIDEWALK_PATH
100
AcDbPolyline
 90
12
 70
1
 10
118.64640910074715
 20
415.9456863700065
 10
118.66134079088286
 20
415.7665060883781
 10
118.66134079088286
 20
415.7665060883781
 10
118.49709219939015
 20
415.9456863700065
 10
118.49709219939015
 20
415.9456863700065
 10
118.64640910074715
 20
415.9456863700065
 10
118.66134079088286
 20
415.7665060883781
 10
118.49709219939015
 20
415.9456863700065
 10
118.49709219939015
 20
415.9456863700065
 10
118.51202388952586
 20
415.6321208771568
 10
118.51202388952586
 20
415.6321208771568
 10
118.66134079088286
 20
415.7665060883781
  0
LWPOLYLINE
  5
341E
330
17
100
AcDbEntity
  8
SIDEWALK_PATH
100
AcDbPolyline
 90
12
 70
1
 10
118.72106755142565
 20
412.09335542584233
 10
118.78079431196845
 20
410.9137067942757
 10
118.78079431196845
 20
410.9137067942757
 10
118.57175065006865
 20
412.1978321459459
 10
118.57175065006865
 20
412.1978321459459
 10
118.72106755142565
 20
412.09335542584233
 10
118.78079431196845
 20
410.9137067942757
 10
118.57175065006865
 20
412.1978321459459
 10
118.57175065006865
 20
412.1978321459459
 10
118.64640910074715
 20
410.8539800337329
 10
118.64640910074715
 20
410.8539800337329
 10
118.78079431196845
 20
410.9137067942757
  0
LWPOLYLINE
  5
341F
330
17
100
AcDbEntity
  8
SIDEWALK_PATH
100
AcDbPolyline
 90
12
 70
1
 10
118.49709219939015
 20
415.9456863700065
 10
118.51202388952586
 20
415.6321208771568
 10
118.51202388952586
 20
415.6321208771568
 10
118.34777529803317
 20
415.9307546798708
 10
118.34777529803317
 20
415.9307546798708
 10
118.49709219939015
 20
415.9456863700065
 10
118.51202388952586
 20
415.6321208771568
 10
118.34777529803317
 20
415.9307546798708
 10
118.34777529803317
 20
415.9307546798708
 10
118.37763867830456
 20
415.4828039757998
 10
118.37763867830456
 20
415.4828039757998
 10
118.51202388952586
 20
415.6321208771568
  0
LWPOLYLINE
  5
3420
330
17
100
AcDbEntity
  8
SIDEWALK_PATH
100
AcDbPolyline
 90
12
 70
1
 10
118.57175065006865
 20
412.1978321459459
 10
118.64640910074715
 20
410.8539800337329
 10
118.64640910074715
 20
410.8539800337329
 10
118.45229712898306
 20
412.3172856670315
 10
118.45229712898306
 20
412.3172856670315
 10
118.57175065006865
 20
412.1978321459459
 10
118.64640910074715
 20
410.8539800337329
 10
118.45229712898306
 20
412.3172856670315
 10
118.45229712898306
 20
412.3172856670315
 10
118.52695557966156
 20
410.7942532731901
 10
118.52695557966156
 20
410.7942532731901
 10
118.64640910074715
 20
410.8539800337329
  0
LWPOLYLINE
  5
3421
330
17
100
AcDbEntity
  8
SIDEWALK_PATH
100
AcDbPolyline
 90
12
 70
1
 10
118.34777529803317
 20
415.9307546798708
 10
118.37763867830456
 20
415.4828039757998
 10
118.37763867830456
 20
415.4828039757998
 10
118.24325346708326
 20
415.9307546798708
 10
118.24325346708326
 20
415.9307546798708
 10
118.34777529803317
 20
415.9307546798708
 10
118.37763867830456
 20
415.4828039757998
 10
118.24325346708326
 20
415.9307546798708
 10
118.24325346708326
 20
415.9307546798708
 10
118.28804853749037
 20
415.30362369417145
 10
118.28804853749037
 20
415.30362369417145
 10
118.37763867830456
 20
415.4828039757998
  0
LWPOLYLINE
  5
3422
330
17
100
AcDbEntity
  8
SIDEWALK_PATH
100
AcDbPolyline
 90
12
 70
1
 10
118.24325346708326
 20
415.9307546798708
 10
118.28804853749037
 20
415.30362369417145
 10
118.28804853749037
 20
415.30362369417145
 10
118.18352670654046
 20
415.9307546798708
 10
118.18352670654046
 20
415.9307546798708
 10
118.24325346708326
 20
415.9307546798708
 10
118.28804853749037
 20
415.30362369417145
 10
118.18352670654046
 20
415.9307546798708
 10
118.18352670654046
 20
415.9307546798708
 10
118.22832177694757
 20
415.1095117224073
 10
118.22832177694757
 20
415.1095117224073
 10
118.28804853749037
 20
415.30362369417145
  0
LWPOLYLINE
  5
3423
330
17
100
AcDbEntity
  8
SIDEWALK_PATH
100
AcDbPolyline
 90
12
 70
1
 10
118.45229712898306
 20
412.3172856670315
 10
118.52695557966156
 20
410.7942532731901
 10
118.52695557966156
 20
410.7942532731901
 10
118.34777529803317
 20
412.4666025683885
 10
118.34777529803317
 20
412.4666025683885
 10
118.45229712898306
 20
412.3172856670315
 10
118.52695557966156
 20
410.7942532731901
 10
118.34777529803317
 20
412.4666025683885
 10
118.34777529803317
 20
412.4666025683885
 10
118.42243374871165
 20
410.7643898929187
 10
118.42243374871165
 20
410.7643898929187
 10
118.52695557966156
 20
410.7942532731901
  0
LWPOLYLINE
  5
3424
330
17
100
AcDbEntity
  8
SIDEWALK_PATH
100
AcDbPolyline
 90
12
 70
1
 10
118.18352670654046
 20
415.9307546798708
 10
118.22832177694757
 20
415.1095117224073
 10
118.22832177694757
 20
415.1095117224073
 10
118.15366332626907
 20
415.9307546798708
 10
118.15366332626907
 20
415.9307546798708
 10
118.18352670654046
 20
415.9307546798708
 10
118.22832177694757
 20
415.1095117224073
 10
118.15366332626907
 20
415.9307546798708
 10
118.15366332626907
 20
415.9307546798708
 10
118.19845839667617
 20
414.90046806050754
 10
118.19845839667617
 20
414.90046806050754
 10
118.22832177694757
 20
415.1095117224073
  0
LWPOLYLINE
  5
3425
330
17
100
AcDbEntity
  8
SIDEWALK_PATH
100
AcDbPolyline
 90
12
 70
1
 10
118.34777529803317
 20
412.4666025683885
 10
118.42243374871165
 20
410.7643898929187
 10
118.42243374871165
 20
410.7643898929187
 10
118.27311684735467
 20
412.63089627072753
 10
118.27311684735467
 20
412.63089627072753
 10
118.34777529803317
 20
412.4666025683885
 10
118.42243374871165
 20
410.7643898929187
 10
118.27311684735467
 20
412.63089627072753
 10
118.27311684735467
 20
412.63089627072753
 10
118.36270698816887
 20
410.73452651264734
 10
118.36270698816887
 20
410.73452651264734
 10
118.42243374871165
 20
410.7643898929187
  0
LWPOLYLINE
  5
3426
330
17
100
AcDbEntity
  8
SIDEWALK_PATH
100
AcDbPolyline
 90
12
 70
1
 10
118.15366332626907
 20
415.9307546798708
 10
118.19845839667617
 20
414.90046806050754
 10
118.19845839667617
 20
414.90046806050754
 10
118.07901615330215
 20
415.9307546798708
 10
118.07901615330215
 20
415.9307546798708
 10
118.15366332626907
 20
415.9307546798708
 10
118.19845839667617
 20
414.90046806050754
 10
118.07901615330215
 20
415.9307546798708
 10
118.07901615330215
 20
415.9307546798708
 10
118.19845839667617
 20
413.48195749761607
 10
118.19845839667617
 20
413.48195749761607
 10
118.19845839667617
 20
414.90046806050754
  0
LWPOLYLINE
  5
3427
330
17
100
AcDbEntity
  8
SIDEWALK_PATH
100
AcDbPolyline
 90
12
 70
1
 10
118.27311684735467
 20
412.63089627072753
 10
118.36270698816887
 20
410.73452651264734
 10
118.36270698816887
 20
410.73452651264734
 10
118.21339008681187
 20
412.8100765523559
 10
118.21339008681187
 20
412.8100765523559
 10
118.27311684735467
 20
412.63089627072753
 10
118.36270698816887
 20
410.73452651264734
 10
118.21339008681187
 20
412.8100765523559
 10
118.21339008681187
 20
412.8100765523559
 10
118.31791191776176
 20
410.7046631323759
 10
118.31791191776176
 20
410.7046631323759
 10
118.36270698816887
 20
410.73452651264734
  0
LWPOLYLINE
  5
3428
330
17
100
AcDbEntity
  8
SIDEWALK_PATH
100
AcDbPolyline
 90
6
 70
1
 10
118.31791191776176
 20
410.7046631323759
 10
118.10887953357356
 20
415.0199215815931
 10
118.10887953357356
 20
415.0199215815931
 10
118.19845839667617
 20
410.65991317281515
 10
118.19845839667617
 20
410.65991317281515
 10
118.31791191776176
 20
410.7046631323759
  0
LWPOLYLINE
  5
3429
330
17
100
AcDbEntity
  8
SIDEWALK_PATH
100
AcDbPolyline
 90
12
 70
1
 10
118.07901615330215
 20
415.9307546798708
 10
118.19845839667617
 20
413.48195749761607
 10
118.19845839667617
 20
413.48195749761607
 10
118.10887953357356
 20
415.0199215815931
 10
118.10887953357356
 20
415.0199215815931
 10
118.07901615330215
 20
415.9307546798708
 10
118.19845839667617
 20
413.48195749761607
 10
118.10887953357356
 20
415.0199215815931
 10
118.10887953357356
 20
415.0199215815931
 10
118.19845839667617
 20
412.9892568339843
 10
118.19845839667617
 20
412.9892568339843
 10
118.19845839667617
 20
413.48195749761607
  0
LWPOLYLINE
  5
342A
330
17
100
AcDbEntity
  8
SIDEWALK_PATH
100
AcDbPolyline
 90
12
 70
1
 10
118.19845839667617
 20
412.9892568339843
 10
118.19845839667617
 20
412.9892568339843
 10
118.19845839667617
 20
412.9892568339843
 10
118.31791191776176
 20
410.7046631323759
 10
118.31791191776176
 20
410.7046631323759
 10
118.19845839667617
 20
412.9892568339843
 10
118.19845839667617
 20
412.9892568339843
 10
118.31791191776176
 20
410.7046631323759
 10
118.31791191776176
 20
410.7046631323759
 10
118.21339008681187
 20
412.8100765523559
 10
118.21339008681187
 20
412.8100765523559
 10
118.19845839667617
 20
412.9892568339843
  0
LWPOLYLINE
  5
342B
330
17
100
AcDbEntity
  8
SIDEWALK_PATH
100
AcDbPolyline
 90
6
 70
1
 10
113.97282392140791
 20
509.61154703940184
 10
113.95789223127221
 20
509.40250337750206
 10
113.95789223127221
 20
509.40250337750206
 10
113.97282392140791
 20
508.9246892931597
 10
113.97282392140791
 20
508.9246892931597
 10
113.97282392140791
 20
509.61154703940184
  0
LWPOLYLINE
  5
342C
330
17
100
AcDbEntity
  8
SIDEWALK_PATH
100
AcDbPolyline
 90
12
 70
1
 10
113.95789223127221
 20
509.40250337750206
 10
113.97282392140791
 20
508.9246892931597
 10
113.97282392140791
 20
508.9246892931597
 10
113.89816547072941
 20
509.208391405738
 10
113.89816547072941
 20
509.208391405738
 10
113.95789223127221
 20
509.40250337750206
 10
113.97282392140791
 20
508.9246892931597
 10
113.89816547072941
 20
509.208391405738
 10
113.89816547072941
 20
509.208391405738
 10
113.9877556115436
 20
507.35686182891124
 10
113.9877556115436
 20
507.35686182891124
 10
113.97282392140791
 20
508.9246892931597
  0
LWPOLYLINE
  5
342D
330
17
100
AcDbEntity
  8
SIDEWALK_PATH
100
AcDbPolyline
 90
18
 70
1
 10
113.89816547072941
 20
509.208391405738
 10
113.9877556115436
 20
507.35686182891124
 10
113.9877556115436
 20
507.35686182891124
 10
113.79364363977952
 20
509.02921112410957
 10
113.79364363977952
 20
509.02921112410957
 10
113.89816547072941
 20
509.208391405738
 10
113.9877556115436
 20
507.35686182891124
 10
113.79364363977952
 20
509.02921112410957
 10
113.79364363977952
 20
509.02921112410957
 10
114.00268730167932
 20
504.9528597170636
 10
114.00268730167932
 20
504.9528597170636
 10
113.9877556115436
 20
507.35686182891124
 10
113.79364363977952
 20
509.02921112410957
 10
114.00268730167932
 20
504.9528597170636
 10
114.00268730167932
 20
504.9528597170636
 10
114.00268730167932
 20
504.9081097575028
 10
114.00268730167932
 20
504.9081097575028
 10
113.79364363977952
 20
509.02921112410957
  0
LWPOLYLINE
  5
342E
330
17
100
AcDbEntity
  8
SIDEWALK_PATH
100
AcDbPolyline
 90
12
 70
1
 10
113.79364363977952
 20
509.02921112410957
 10
114.00268730167932
 20
504.9081097575028
 10
114.00268730167932
 20
504.9081097575028
 10
113.77871194964382
 20
509.01427943397385
 10
113.77871194964382
 20
509.01427943397385
 10
113.79364363977952
 20
509.02921112410957
 10
114.00268730167932
 20
504.9081097575028
 10
113.77871194964382
 20
509.01427943397385
 10
113.77871194964382
 20
509.01427943397385
 10
113.97282392140791
 20
505.1171534194026
 10
113.97282392140791
 20
505.1171534194026
 10
114.00268730167932
 20
504.9081097575028
  0
LWPOLYLINE
  5
342F
330
17
100
AcDbEntity
  8
SIDEWALK_PATH
100
AcDbPolyline
 90
12
 70
1
 10
113.77871194964382
 20
509.01427943397385
 10
113.97282392140791
 20
505.1171534194026
 10
113.97282392140791
 20
505.1171534194026
 10
113.73391687923672
 20
508.95455267343107
 10
113.73391687923672
 20
508.95455267343107
 10
113.77871194964382
 20
509.01427943397385
 10
113.97282392140791
 20
505.1171534194026
 10
113.73391687923672
 20
508.95455267343107
 10
113.73391687923672
 20
508.95455267343107
 10
113.9130971608651
 20
505.31122028032036
 10
113.9130971608651
 20
505.31122028032036
 10
113.97282392140791
 20
505.1171534194026
  0
LWPOLYLINE
  5
3430
330
17
100
AcDbEntity
  8
SIDEWALK_PATH
100
AcDbPolyline
 90
12
 70
1
 10
113.73391687923672
 20
508.95455267343107
 10
113.9130971608651
 20
505.31122028032036
 10
113.9130971608651
 20
505.31122028032036
 10
113.67419011869391
 20
508.87989422275257
 10
113.67419011869391
 20
508.87989422275257
 10
113.73391687923672
 20
508.95455267343107
 10
113.9130971608651
 20
505.31122028032036
 10
113.67419011869391
 20
508.87989422275257
 10
113.67419011869391
 20
508.87989422275257
 10
113.83843871018661
 20
505.445650602388
 10
113.83843871018661
 20
505.445650602388
 10
113.9130971608651
 20
505.31122028032036
  0
LWPOLYLINE
  5
3431
330
17
100
AcDbEntity
  8
SIDEWALK_PATH
100
AcDbPolyline
 90
12
 70
1
 10
113.67419011869391
 20
508.87989422275257
 10
113.83843871018661
 20
505.445650602388
 10
113.83843871018661
 20
505.445650602388
 10
113.65925842855822
 20
508.86496253261686
 10
113.65925842855822
 20
508.86496253261686
 10
113.67419011869391
 20
508.87989422275257
 10
113.83843871018661
 20
505.445650602388
 10
113.65925842855822
 20
508.86496253261686
 10
113.65925842855822
 20
508.86496253261686
 10
113.82350702005091
 20
505.4904005619488
 10
113.82350702005091
 20
505.4904005619488
 10
113.83843871018661
 20
505.445650602388
  0
LWPOLYLINE
  5
3432
330
17
100
AcDbEntity
  8
SIDEWALK_PATH
100
AcDbPolyline
 90
12
 70
1
 10
113.65925842855822
 20
508.86496253261686
 10
113.82350702005091
 20
505.4904005619488
 10
113.82350702005091
 20
505.4904005619488
 10
113.53980490747261
 20
508.760440701667
 10
113.53980490747261
 20
508.760440701667
 10
113.65925842855822
 20
508.86496253261686
 10
113.82350702005091
 20
505.4904005619488
 10
113.53980490747261
 20
508.760440701667
 10
113.53980490747261
 20
508.760440701667
 10
113.68912180882961
 20
505.6397174633058
 10
113.68912180882961
 20
505.6397174633058
 10
113.82350702005091
 20
505.4904005619488
  0
LWPOLYLINE
  5
3433
330
17
100
AcDbEntity
  8
SIDEWALK_PATH
100
AcDbPolyline
 90
12
 70
1
 10
113.53980490747261
 20
508.760440701667
 10
113.68912180882961
 20
505.6397174633058
 10
113.68912180882961
 20
505.6397174633058
 10
113.50994152720122
 20
508.7455090115313
 10
113.50994152720122
 20
508.7455090115313
 10
113.53980490747261
 20
508.760440701667
 10
113.68912180882961
 20
505.6397174633058
 10
113.50994152720122
 20
508.7455090115313
 10
113.50994152720122
 20
508.7455090115313
 10
113.65925842855822
 20
505.66958084357714
 10
113.65925842855822
 20
505.66958084357714
 10
113.68912180882961
 20
505.6397174633058
  0
LWPOLYLINE
  5
3434
330
17
100
AcDbEntity
  8
SIDEWALK_PATH
100
AcDbPolyline
 90
12
 70
1
 10
113.50994152720122
 20
508.7455090115313
 10
113.65925842855822
 20
505.66958084357714
 10
113.65925842855822
 20
505.66958084357714
 10
113.39048800611562
 20
508.6708505608528
 10
113.39048800611562
 20
508.6708505608528
 10
113.50994152720122
 20
508.7455090115313
 10
113.65925842855822
 20
505.66958084357714
 10
113.39048800611562
 20
508.6708505608528
 10
113.39048800611562
 20
508.6708505608528
 10
113.52487321733692
 20
505.7741477853734
 10
113.52487321733692
 20
505.7741477853734
 10
113.65925842855822
 20
505.66958084357714
  0
LWPOLYLINE
  5
3435
330
17
100
AcDbEntity
  8
SIDEWALK_PATH
100
AcDbPolyline
 90
12
 70
1
 10
113.39048800611562
 20
508.6708505608528
 10
113.52487321733692
 20
505.7741477853734
 10
113.52487321733692
 20
505.7741477853734
 10
113.33076124557283
 20
508.6409871805814
 10
113.33076124557283
 20
508.6409871805814
 10
113.39048800611562
 20
508.6708505608528
 10
113.52487321733692
 20
505.7741477853734
 10
113.33076124557283
 20
508.6409871805814
 10
113.33076124557283
 20
508.6409871805814
 10
113.48007814692983
 20
505.8040111656448
 10
113.48007814692983
 20
505.8040111656448
 10
113.52487321733692
 20
505.7741477853734
  0
LWPOLYLINE
  5
3436
330
17
100
AcDbEntity
  8
SIDEWALK_PATH
100
AcDbPolyline
 90
12
 70
1
 10
113.33076124557283
 20
508.6409871805814
 10
113.48007814692983
 20
505.8040111656448
 10
113.48007814692983
 20
505.8040111656448
 10
113.21130772448723
 20
508.61112380031
 10
113.21130772448723
 20
508.61112380031
 10
113.33076124557283
 20
508.6409871805814
 10
113.48007814692983
 20
505.8040111656448
 10
113.21130772448723
 20
508.61112380031
 10
113.21130772448723
 20
508.61112380031
 10
113.34569293570853
 20
505.8637379261876
 10
113.34569293570853
 20
505.8637379261876
 10
113.48007814692983
 20
505.8040111656448
  0
LWPOLYLINE
  5
3437
330
17
100
AcDbEntity
  8
SIDEWALK_PATH
100
AcDbPolyline
 90
12
 70
1
 10
113.21130772448723
 20
508.61112380031
 10
113.34569293570853
 20
505.8637379261876
 10
113.34569293570853
 20
505.8637379261876
 10
113.13664927380873
 20
508.5812604200386
 10
113.13664927380873
 20
508.5812604200386
 10
113.21130772448723
 20
508.61112380031
 10
113.34569293570853
 20
505.8637379261876
 10
113.13664927380873
 20
508.5812604200386
 10
113.13664927380873
 20
508.5812604200386
 10
113.27103448503003
 20
505.893601306459
 10
113.27103448503003
 20
505.893601306459
 10
113.34569293570853
 20
505.8637379261876
  0
LWPOLYLINE
  5
3438
330
17
100
AcDbEntity
  8
SIDEWALK_PATH
100
AcDbPolyline
 90
12
 70
1
 10
113.13664927380873
 20
508.5812604200386
 10
113.27103448503003
 20
505.893601306459
 10
113.27103448503003
 20
505.893601306459
 10
113.03213872057042
 20
508.5812604200386
 10
113.03213872057042
 20
508.5812604200386
 10
113.13664927380873
 20
508.5812604200386
 10
113.27103448503003
 20
505.893601306459
 10
113.03213872057042
 20
508.5812604200386
 10
113.03213872057042
 20
508.5812604200386
 10
113.15158096394443
 20
505.92346468673037
 10
113.15158096394443
 20
505.92346468673037
 10
113.27103448503003
 20
505.893601306459
  0
LWPOLYLINE
  5
3439
330
17
100
AcDbEntity
  8
SIDEWALK_PATH
100
AcDbPolyline
 90
12
 70
1
 10
113.03213872057042
 20
508.5812604200386
 10
113.15158096394443
 20
505.92346468673037
 10
113.15158096394443
 20
505.92346468673037
 10
112.92761688962051
 20
508.5663287299029
 10
112.92761688962051
 20
508.5663287299029
 10
113.03213872057042
 20
508.5812604200386
 10
113.15158096394443
 20
505.92346468673037
 10
112.92761688962051
 20
508.5663287299029
 10
112.92761688962051
 20
508.5663287299029
 10
113.06200210084181
 20
505.93835126601977
 10
113.06200210084181
 20
505.93835126601977
 10
113.15158096394443
 20
505.92346468673037
  0
LWPOLYLINE
  5
343A
330
17
100
AcDbEntity
  8
SIDEWALK_PATH
100
AcDbPolyline
 90
12
 70
1
 10
112.92761688962051
 20
508.5663287299029
 10
113.06200210084181
 20
505.93835126601977
 10
113.06200210084181
 20
505.93835126601977
 10
112.91268519948481
 20
506.7894576037546
 10
112.91268519948481
 20
506.7894576037546
 10
112.92761688962051
 20
508.5663287299029
 10
113.06200210084181
 20
505.93835126601977
 10
112.91268519948481
 20
506.7894576037546
 10
112.91268519948481
 20
506.7894576037546
 10
112.95748026989192
 20
505.93835126601977
 10
112.95748026989192
 20
505.93835126601977
 10
113.06200210084181
 20
505.93835126601977
  0
LWPOLYLINE
  5
343B
330
17
100
AcDbEntity
  8
SIDEWALK_PATH
100
AcDbPolyline
 90
12
 70
1
 10
112.91268519948481
 20
506.7894576037546
 10
112.95748026989192
 20
505.93835126601977
 10
112.95748026989192
 20
505.93835126601977
 10
112.89775350934912
 20
506.027941406834
 10
112.89775350934912
 20
506.027941406834
 10
112.91268519948481
 20
506.7894576037546
 10
112.95748026989192
 20
505.93835126601977
 10
112.89775350934912
 20
506.027941406834
 10
112.89775350934912
 20
506.027941406834
 10
112.91268519948481
 20
505.93835126601977
 10
112.91268519948481
 20
505.93835126601977
 10
112.95748026989192
 20
505.93835126601977
  0
LWPOLYLINE
  5
343C
330
17
100
AcDbEntity
  8
SIDEWALK_PATH
100
AcDbPolyline
 90
12
 70
1
 10
112.89775350934912
 20
506.027941406834
 10
112.91268519948481
 20
505.93835126601977
 10
112.91268519948481
 20
505.93835126601977
 10
94.99476981376105
 20
506.042918207816
 10
94.99476981376105
 20
506.042918207816
 10
112.89775350934912
 20
506.027941406834
 10
112.91268519948481
 20
505.93835126601977
 10
94.99476981376105
 20
506.042918207816
 10
94.99476981376105
 20
506.042918207816
 10
94.99476981376105
 20
505.9533280670018
 10
94.99476981376105
 20
505.9533280670018
 10
112.91268519948481
 20
505.93835126601977
  0
LWPOLYLINE
  5
343D
330
17
100
AcDbEntity
  8
SIDEWALK_PATH
100
AcDbPolyline
 90
12
 70
1
 10
94.99476981376105
 20
506.042918207816
 10
94.99476981376105
 20
505.9533280670018
 10
94.99476981376105
 20
505.9533280670018
 10
78.65961358242144
 20
506.07278158808737
 10
78.65961358242144
 20
506.07278158808737
 10
94.99476981376105
 20
506.042918207816
 10
94.99476981376105
 20
505.9533280670018
 10
78.65961358242144
 20
506.07278158808737
 10
78.65961358242144
 20
506.07278158808737
 10
78.65961358242144
 20
505.9533280670018
 10
78.65961358242144
 20
505.9533280670018
 10
94.99476981376105
 20
505.9533280670018
  0
LWPOLYLINE
  5
343E
330
17
100
AcDbEntity
  8
SIDEWALK_PATH
100
AcDbPolyline
 90
6
 70
1
 10
57.42689118085131
 20
508.5812604200386
 10
57.337306678892894
 20
508.5812604200386
 10
57.337306678892894
 20
508.5812604200386
 10
57.471686251258404
 20
506.042918207816
 10
57.471686251258404
 20
506.042918207816
 10
57.42689118085131
 20
508.5812604200386
  0
LWPOLYLINE
  5
343F
330
17
100
AcDbEntity
  8
SIDEWALK_PATH
100
AcDbPolyline
 90
12
 70
1
 10
78.65961358242144
 20
506.07278158808737
 10
78.65961358242144
 20
505.9533280670018
 10
78.65961358242144
 20
505.9533280670018
 10
57.471686251258404
 20
506.042918207816
 10
57.471686251258404
 20
506.042918207816
 10
78.65961358242144
 20
506.07278158808737
 10
78.65961358242144
 20
505.9533280670018
 10
57.471686251258404
 20
506.042918207816
 10
57.471686251258404
 20
506.042918207816
 10
57.471686251258404
 20
505.96821464629113
 10
57.471686251258404
 20
505.96821464629113
 10
78.65961358242144
 20
505.9533280670018
  0
LWPOLYLINE
  5
3440
330
17
100
AcDbEntity
  8
SIDEWALK_PATH
100
AcDbPolyline
 90
12
 70
1
 10
57.471686251258404
 20
505.96821464629113
 10
54.90345246448543
 20
505.96821464629113
 10
54.90345246448543
 20
505.96821464629113
 10
54.76907289211993
 20
508.5812604200386
 10
54.76907289211993
 20
508.5812604200386
 10
57.471686251258404
 20
505.96821464629113
 10
54.90345246448543
 20
505.96821464629113
 10
54.76907289211993
 20
508.5812604200386
 10
54.76907289211993
 20
508.5812604200386
 10
54.784004582255626
 20
505.96821464629113
 10
54.784004582255626
 20
505.96821464629113
 10
54.90345246448543
 20
505.96821464629113
  0
LWPOLYLINE
  5
3441
330
17
100
AcDbEntity
  8
SIDEWALK_PATH
100
AcDbPolyline
 90
6
 70
1
 10
57.471686251258404
 20
505.96821464629113
 10
57.337306678892894
 20
508.5812604200386
 10
57.337306678892894
 20
508.5812604200386
 10
54.76907289211993
 20
508.5812604200386
 10
54.76907289211993
 20
508.5812604200386
 10
57.471686251258404
 20
505.96821464629113
  0
LWPOLYLINE
  5
3442
330
17
100
AcDbEntity
  8
SIDEWALK_PATH
100
AcDbPolyline
 90
6
 70
1
 10
114.2117309635791
 20
546.4626876292307
 10
113.9877556115436
 20
546.4477559390949
 10
113.9877556115436
 20
546.4477559390949
 10
114.24159434385051
 20
541.1619827419036
 10
114.24159434385051
 20
541.1619827419036
 10
114.2117309635791
 20
546.4626876292307
  0
LWPOLYLINE
  5
3443
330
17
100
AcDbEntity
  8
SIDEWALK_PATH
100
AcDbPolyline
 90
12
 70
1
 10
113.9877556115436
 20
546.4477559390949
 10
114.24159434385051
 20
541.1619827419036
 10
114.24159434385051
 20
541.1619827419036
 10
113.9877556115436
 20
538.4892553184596
 10
113.9877556115436
 20
538.4892553184596
 10
113.9877556115436
 20
546.4477559390949
 10
114.24159434385051
 20
541.1619827419036
 10
113.9877556115436
 20
538.4892553184596
 10
113.9877556115436
 20
538.4892553184596
 10
114.316252794529
 20
531.7700398682412
 10
114.316252794529
 20
531.7700398682412
 10
114.24159434385051
 20
541.1619827419036
  0
LWPOLYLINE
  5
3444
330
17
100
AcDbEntity
  8
SIDEWALK_PATH
100
AcDbPolyline
 90
12
 70
1
 10
114.316252794529
 20
531.7700398682412
 10
114.2117309635791
 20
519.5559624480852
 10
114.2117309635791
 20
519.5559624480852
 10
113.97282392140791
 20
524.2594448408306
 10
113.97282392140791
 20
524.2594448408306
 10
114.316252794529
 20
531.7700398682412
 10
114.2117309635791
 20
519.5559624480852
 10
113.97282392140791
 20
524.2594448408306
 10
113.97282392140791
 20
524.2594448408306
 10
113.97282392140791
 20
519.5709392490672
 10
113.97282392140791
 20
519.5709392490672
 10
114.2117309635791
 20
519.5559624480852
  0
LWPOLYLINE
  5
3445
330
17
100
AcDbEntity
  8
SIDEWALK_PATH
100
AcDbPolyline
 90
6
 70
1
 10
114.316252794529
 20
531.7700398682412
 10
113.9877556115436
 20
538.4892553184596
 10
113.9877556115436
 20
538.4892553184596
 10
113.97282392140791
 20
524.2594448408306
 10
113.97282392140791
 20
524.2594448408306
 10
114.316252794529
 20
531.7700398682412
  0
LWPOLYLINE
  5
3446
330
17
100
AcDbEntity
  8
SIDEWALK_PATH
100
AcDbPolyline
 90
6
 70
1
 10
114.2117309635791
 20
511.3883730547038
 10
113.97282392140791
 20
511.3883730547038
 10
113.97282392140791
 20
511.3883730547038
 10
114.2266626537148
 20
506.43109704049783
 10
114.2266626537148
 20
506.43109704049783
 10
114.2117309635791
 20
511.3883730547038
  0
LWPOLYLINE
  5
3447
330
17
100
AcDbEntity
  8
SIDEWALK_PATH
100
AcDbPolyline
 90
12
 70
1
 10
113.97282392140791
 20
511.3883730547038
 10
114.2266626537148
 20
506.43109704049783
 10
114.2266626537148
 20
506.43109704049783
 10
113.97282392140791
 20
509.61154703940184
 10
113.97282392140791
 20
509.61154703940184
 10
113.97282392140791
 20
511.3883730547038
 10
114.2266626537148
 20
506.43109704049783
 10
113.97282392140791
 20
509.61154703940184
 10
113.97282392140791
 20
509.61154703940184
 10
114.2266626537148
 20
504.5198858139746
 10
114.2266626537148
 20
504.5198858139746
 10
114.2266626537148
 20
506.43109704049783
  0
LWPOLYLINE
  5
3448
330
17
100
AcDbEntity
  8
SIDEWALK_PATH
100
AcDbPolyline
 90
12
 70
1
 10
113.97282392140791
 20
509.61154703940184
 10
114.2266626537148
 20
504.5198858139746
 10
114.2266626537148
 20
504.5198858139746
 10
114.00268730167932
 20
504.9081097575028
 10
114.00268730167932
 20
504.9081097575028
 10
113.97282392140791
 20
509.61154703940184
 10
114.2266626537148
 20
504.5198858139746
 10
114.00268730167932
 20
504.9081097575028
 10
114.00268730167932
 20
504.9081097575028
 10
114.24159434385051
 20
500.1150372239432
 10
114.24159434385051
 20
500.1150372239432
 10
114.2266626537148
 20
504.5198858139746
  0
LWPOLYLINE
  5
3449
330
17
100
AcDbEntity
  8
SIDEWALK_PATH
100
AcDbPolyline
 90
12
 70
1
 10
114.00268730167932
 20
504.9081097575028
 10
114.24159434385051
 20
500.1150372239432
 10
114.24159434385051
 20
500.1150372239432
 10
114.00268730167932
 20
504.8931329565208
 10
114.00268730167932
 20
504.8931329565208
 10
114.00268730167932
 20
504.9081097575028
 10
114.24159434385051
 20
500.1150372239432
 10
114.00268730167932
 20
504.8931329565208
 10
114.00268730167932
 20
504.8931329565208
 10
114.24159434385051
 20
500.1001055338075
 10
114.24159434385051
 20
500.1001055338075
 10
114.24159434385051
 20
500.1150372239432
  0
LWPOLYLINE
  5
344A
330
17
100
AcDbEntity
  8
SIDEWALK_PATH
100
AcDbPolyline
 90
12
 70
1
 10
114.00268730167932
 20
504.8931329565208
 10
114.24159434385051
 20
500.1001055338075
 10
114.24159434385051
 20
500.1001055338075
 10
114.00268730167932
 20
494.30665487200235
 10
114.00268730167932
 20
494.30665487200235
 10
114.00268730167932
 20
504.8931329565208
 10
114.24159434385051
 20
500.1001055338075
 10
114.00268730167932
 20
494.30665487200235
 10
114.00268730167932
 20
494.30665487200235
 10
114.2714577241219
 20
488.8864964635897
 10
114.2714577241219
 20
488.8864964635897
 10
114.24159434385051
 20
500.1001055338075
  0
LWPOLYLINE
  5
344B
330
17
100
AcDbEntity
  8
SIDEWALK_PATH
100
AcDbPolyline
 90
12
 70
1
 10
114.00268730167932
 20
494.30665487200235
 10
114.2714577241219
 20
488.8864964635897
 10
114.2714577241219
 20
488.8864964635897
 10
114.00268730167932
 20
493.85870416793136
 10
114.00268730167932
 20
493.85870416793136
 10
114.00268730167932
 20
494.30665487200235
 10
114.2714577241219
 20
488.8864964635897
 10
114.00268730167932
 20
493.85870416793136
 10
114.00268730167932
 20
493.85870416793136
 10
114.2714577241219
 20
488.4385457595187
 10
114.2714577241219
 20
488.4385457595187
 10
114.2714577241219
 20
488.8864964635897
  0
LWPOLYLINE
  5
344C
330
17
100
AcDbEntity
  8
SIDEWALK_PATH
100
AcDbPolyline
 90
12
 70
1
 10
114.00268730167932
 20
493.85870416793136
 10
114.2714577241219
 20
488.4385457595187
 10
114.2714577241219
 20
488.4385457595187
 10
114.00268730167932
 20
473.52187753564743
 10
114.00268730167932
 20
473.52187753564743
 10
114.00268730167932
 20
493.85870416793136
 10
114.2714577241219
 20
488.4385457595187
 10
114.00268730167932
 20
473.52187753564743
 10
114.00268730167932
 20
473.52187753564743
 10
114.2714577241219
 20
467.99719729628487
 10
114.2714577241219
 20
467.99719729628487
 10
114.2714577241219
 20
488.4385457595187
  0
LWPOLYLINE
  5
344D
330
17
100
AcDbEntity
  8
SIDEWALK_PATH
100
AcDbPolyline
 90
12
 70
1
 10
114.00268730167932
 20
473.52187753564743
 10
114.2714577241219
 20
467.99719729628487
 10
114.2714577241219
 20
467.99719729628487
 10
114.00268730167932
 20
454.5289030155765
 10
114.00268730167932
 20
454.5289030155765
 10
114.00268730167932
 20
473.52187753564743
 10
114.2714577241219
 20
467.99719729628487
 10
114.00268730167932
 20
454.5289030155765
 10
114.00268730167932
 20
454.5289030155765
 10
114.316252794529
 20
448.1829798187504
 10
114.316252794529
 20
448.1829798187504
 10
114.2714577241219
 20
467.99719729628487
  0
LWPOLYLINE
  5
344E
330
17
100
AcDbEntity
  8
SIDEWALK_PATH
100
AcDbPolyline
 90
12
 70
1
 10
114.316252794529
 20
448.1829798187504
 10
114.3610478649361
 20
426.27837083306434
 10
114.3610478649361
 20
426.27837083306434
 10
114.00268730167932
 20
433.4604235666432
 10
114.00268730167932
 20
433.4604235666432
 10
114.316252794529
 20
448.1829798187504
 10
114.3610478649361
 20
426.27837083306434
 10
114.00268730167932
 20
433.4604235666432
 10
114.00268730167932
 20
433.4604235666432
 10
114.00268730167932
 20
426.2485074527929
 10
114.00268730167932
 20
426.2485074527929
 10
114.3610478649361
 20
426.27837083306434
  0
LWPOLYLINE
  5
344F
330
17
100
AcDbEntity
  8
SIDEWALK_PATH
100
AcDbPolyline
 90
6
 70
1
 10
114.316252794529
 20
448.1829798187504
 10
114.00268730167932
 20
454.5289030155765
 10
114.00268730167932
 20
454.5289030155765
 10
114.00268730167932
 20
433.4604235666432
 10
114.00268730167932
 20
433.4604235666432
 10
114.316252794529
 20
448.1829798187504
  0
LWPOLYLINE
  5
3450
330
17
100
AcDbEntity
  8
SIDEWALK_PATH
100
AcDbPolyline
 90
6
 70
1
 10
115.2121429249594
 20
262.9566042336702
 10
115.1524161644166
 20
262.9566042336702
 10
115.1524161644166
 20
262.9566042336702
 10
115.2270746150951
 20
261.4186627051163
 10
115.2270746150951
 20
261.4186627051163
 10
115.2121429249594
 20
262.9566042336702
  0
LWPOLYLINE
  5
3451
330
17
100
AcDbEntity
  8
SIDEWALK_PATH
100
AcDbPolyline
 90
12
 70
1
 10
115.1524161644166
 20
262.9566042336702
 10
115.2270746150951
 20
261.4186627051163
 10
115.2270746150951
 20
261.4186627051163
 10
115.1673478545523
 20
257.8948063885143
 10
115.1673478545523
 20
257.8948063885143
 10
115.1524161644166
 20
262.9566042336702
 10
115.2270746150951
 20
261.4186627051163
 10
115.1673478545523
 20
257.8948063885143
 10
115.1673478545523
 20
257.8948063885143
 10
115.28680137563789
 20
255.52069021236127
 10
115.28680137563789
 20
255.52069021236127
 10
115.2270746150951
 20
261.4186627051163
  0
LWPOLYLINE
  5
3452
330
17
100
AcDbEntity
  8
SIDEWALK_PATH
100
AcDbPolyline
 90
12
 70
1
 10
115.1673478545523
 20
257.8948063885143
 10
115.28680137563789
 20
255.52069021236127
 10
115.28680137563789
 20
255.52069021236127
 10
115.2121429249594
 20
247.89064166386507
 10
115.2121429249594
 20
247.89064166386507
 10
115.1673478545523
 20
257.8948063885143
 10
115.28680137563789
 20
255.52069021236127
 10
115.2121429249594
 20
247.89064166386507
 10
115.2121429249594
 20
247.89064166386507
 10
115.3913232065878
 20
244.24730927075436
 10
115.3913232065878
 20
244.24730927075436
 10
115.28680137563789
 20
255.52069021236127
  0
LWPOLYLINE
  5
3453
330
17
100
AcDbEntity
  8
SIDEWALK_PATH
100
AcDbPolyline
 90
12
 70
1
 10
115.2121429249594
 20
247.89064166386507
 10
115.3913232065878
 20
244.24730927075436
 10
115.3913232065878
 20
244.24730927075436
 10
115.2270746150951
 20
245.8002050448671
 10
115.2270746150951
 20
245.8002050448671
 10
115.2121429249594
 20
247.89064166386507
 10
115.3913232065878
 20
244.24730927075436
 10
115.2270746150951
 20
245.8002050448671
 10
115.2270746150951
 20
245.8002050448671
 10
115.4062548967235
 20
242.15691776260272
 10
115.4062548967235
 20
242.15691776260272
 10
115.3913232065878
 20
244.24730927075436
  0
LWPOLYLINE
  5
3454
330
17
100
AcDbEntity
  8
SIDEWALK_PATH
100
AcDbPolyline
 90
12
 70
1
 10
115.2270746150951
 20
245.8002050448671
 10
115.4062548967235
 20
242.15691776260272
 10
115.4062548967235
 20
242.15691776260272
 10
115.2718696855022
 20
228.67369179175859
 10
115.2718696855022
 20
228.67369179175859
 10
115.2270746150951
 20
245.8002050448671
 10
115.4062548967235
 20
242.15691776260272
 10
115.2718696855022
 20
228.67369179175859
 10
115.2718696855022
 20
228.67369179175859
 10
115.480913347402
 20
224.4330917932199
 10
115.480913347402
 20
224.4330917932199
 10
115.4062548967235
 20
242.15691776260272
  0
LWPOLYLINE
  5
3455
330
17
100
AcDbEntity
  8
SIDEWALK_PATH
100
AcDbPolyline
 90
12
 70
1
 10
115.2718696855022
 20
228.67369179175859
 10
115.480913347402
 20
224.4330917932199
 10
115.480913347402
 20
224.4330917932199
 10
115.331596446045
 20
211.30822638563254
 10
115.331596446045
 20
211.30822638563254
 10
115.2718696855022
 20
228.67369179175859
 10
115.480913347402
 20
224.4330917932199
 10
115.331596446045
 20
211.30822638563254
 10
115.331596446045
 20
211.30822638563254
 10
115.4510499671306
 20
208.99385952544543
 10
115.4510499671306
 20
208.99385952544543
 10
115.480913347402
 20
224.4330917932199
  0
LWPOLYLINE
  5
3456
330
17
100
AcDbEntity
  8
SIDEWALK_PATH
100
AcDbPolyline
 90
12
 70
1
 10
115.331596446045
 20
211.30822638563254
 10
115.4510499671306
 20
208.99385952544543
 10
115.4510499671306
 20
208.99385952544543
 10
115.331596446045
 20
209.7255123420947
 10
115.331596446045
 20
209.7255123420947
 10
115.331596446045
 20
211.30822638563254
 10
115.4510499671306
 20
208.99385952544543
 10
115.331596446045
 20
209.7255123420947
 10
115.331596446045
 20
209.7255123420947
 10
115.3763915164521
 20
208.97892783530972
 10
115.3763915164521
 20
208.97892783530972
 10
115.4510499671306
 20
208.99385952544543
  0
LWPOLYLINE
  5
3457
330
17
100
AcDbEntity
  8
SIDEWALK_PATH
100
AcDbPolyline
 90
12
 70
1
 10
115.331596446045
 20
209.7255123420947
 10
115.3763915164521
 20
208.97892783530972
 10
115.3763915164521
 20
208.97892783530972
 10
115.331596446045
 20
209.5463320604663
 10
115.331596446045
 20
209.5463320604663
 10
115.331596446045
 20
209.7255123420947
 10
115.3763915164521
 20
208.97892783530972
 10
115.331596446045
 20
209.5463320604663
 10
115.331596446045
 20
209.5463320604663
 10
115.3465281361807
 20
208.97892783530972
 10
115.3465281361807
 20
208.97892783530972
 10
115.3763915164521
 20
208.97892783530972
  0
LWPOLYLINE
  5
3458
330
17
100
AcDbEntity
  8
SIDEWALK_PATH
100
AcDbPolyline
 90
12
 70
1
 10
115.331596446045
 20
209.5463320604663
 10
115.3465281361807
 20
208.97892783530972
 10
115.3465281361807
 20
208.97892783530972
 10
115.28680137563789
 20
209.3820834689736
 10
115.28680137563789
 20
209.3820834689736
 10
115.331596446045
 20
209.5463320604663
 10
115.3465281361807
 20
208.97892783530972
 10
115.28680137563789
 20
209.3820834689736
 10
115.28680137563789
 20
209.3820834689736
 10
115.3017330657736
 20
208.97892783530972
 10
115.3017330657736
 20
208.97892783530972
 10
115.3465281361807
 20
208.97892783530972
  0
LWPOLYLINE
  5
3459
330
17
100
AcDbEntity
  8
SIDEWALK_PATH
100
AcDbPolyline
 90
12
 70
1
 10
115.28680137563789
 20
209.3820834689736
 10
115.3017330657736
 20
208.97892783530972
 10
115.3017330657736
 20
208.97892783530972
 10
115.2270746150951
 20
209.2327665676166
 10
115.2270746150951
 20
209.2327665676166
 10
115.28680137563789
 20
209.3820834689736
 10
115.3017330657736
 20
208.97892783530972
 10
115.2270746150951
 20
209.2327665676166
 10
115.2270746150951
 20
209.2327665676166
 10
115.2270746150951
 20
208.97892783530972
 10
115.2270746150951
 20
208.97892783530972
 10
115.3017330657736
 20
208.97892783530972
  0
LWPOLYLINE
  5
345A
330
17
100
AcDbEntity
  8
SIDEWALK_PATH
100
AcDbPolyline
 90
12
 70
1
 10
115.2270746150951
 20
208.97892783530972
 10
115.1374844742809
 20
208.97892783530972
 10
115.1374844742809
 20
208.97892783530972
 10
115.1374844742809
 20
209.09838135639532
 10
115.1374844742809
 20
209.09838135639532
 10
115.2270746150951
 20
208.97892783530972
 10
115.1374844742809
 20
208.97892783530972
 10
115.1374844742809
 20
209.09838135639532
 10
115.1374844742809
 20
209.09838135639532
 10
115.01803095319531
 20
208.96399614517404
 10
115.01803095319531
 20
208.96399614517404
 10
115.1374844742809
 20
208.97892783530972
  0
LWPOLYLINE
  5
345B
330
17
100
AcDbEntity
  8
SIDEWALK_PATH
100
AcDbPolyline
 90
6
 70
1
 10
115.2270746150951
 20
208.97892783530972
 10
115.2270746150951
 20
209.2327665676166
 10
115.2270746150951
 20
209.2327665676166
 10
115.1374844742809
 20
209.09838135639532
 10
115.1374844742809
 20
209.09838135639532
 10
115.2270746150951
 20
208.97892783530972
  0
LWPOLYLINE
  5
345C
330
17
100
AcDbEntity
  8
SIDEWALK_PATH
100
AcDbPolyline
 90
6
 70
1
 10
115.5257084178091
 20
202.5284828075338
 10
115.3465281361807
 20
202.5135511173981
 10
115.3465281361807
 20
202.5135511173981
 10
115.5406401079448
 20
198.52678985116628
 10
115.5406401079448
 20
198.52678985116628
 10
115.5257084178091
 20
202.5284828075338
  0
LWPOLYLINE
  5
345D
330
17
100
AcDbEntity
  8
SIDEWALK_PATH
100
AcDbPolyline
 90
12
 70
1
 10
115.3465281361807
 20
202.5135511173981
 10
115.5406401079448
 20
198.52678985116628
 10
115.5406401079448
 20
198.52678985116628
 10
115.36145982631639
 20
190.94153637307718
 10
115.36145982631639
 20
190.94153637307718
 10
115.3465281361807
 20
202.5135511173981
 10
115.5406401079448
 20
198.52678985116628
 10
115.36145982631639
 20
190.94153637307718
 10
115.36145982631639
 20
190.94153637307718
 10
115.6152985586233
 20
185.79014838710714
 10
115.6152985586233
 20
185.79014838710714
 10
115.5406401079448
 20
198.52678985116628
  0
LWPOLYLINE
  5
345E
330
17
100
AcDbEntity
  8
SIDEWALK_PATH
100
AcDbPolyline
 90
12
 70
1
 10
115.36145982631639
 20
190.94153637307718
 10
115.6152985586233
 20
185.79014838710714
 10
115.6152985586233
 20
185.79014838710714
 10
115.3763915164521
 20
167.90211893707794
 10
115.3763915164521
 20
167.90211893707794
 10
115.36145982631639
 20
190.94153637307718
 10
115.6152985586233
 20
185.79014838710714
 10
115.3763915164521
 20
167.90211893707794
 10
115.3763915164521
 20
167.90211893707794
 10
115.51077672767339
 20
165.0501661211593
 10
115.51077672767339
 20
165.0501661211593
 10
115.6152985586233
 20
185.79014838710714
  0
LWPOLYLINE
  5
345F
330
17
100
AcDbEntity
  8
SIDEWALK_PATH
100
AcDbPolyline
 90
12
 70
1
 10
115.3763915164521
 20
167.90211893707794
 10
115.51077672767339
 20
165.0501661211593
 10
115.51077672767339
 20
165.0501661211593
 10
115.3913232065878
 20
148.01324300886498
 10
115.3913232065878
 20
148.01324300886498
 10
115.3763915164521
 20
167.90211893707794
 10
115.51077672767339
 20
165.0501661211593
 10
115.3913232065878
 20
148.01324300886498
 10
115.3913232065878
 20
148.01324300886498
 10
115.55557179808049
 20
144.62374934806115
 10
115.55557179808049
 20
144.62374934806115
 10
115.51077672767339
 20
165.0501661211593
  0
LWPOLYLINE
  5
3460
330
17
100
AcDbEntity
  8
SIDEWALK_PATH
100
AcDbPolyline
 90
12
 70
1
 10
115.3913232065878
 20
148.01324300886498
 10
115.55557179808049
 20
144.62374934806115
 10
115.55557179808049
 20
144.62374934806115
 10
115.3913232065878
 20
129.79671637585037
 10
115.3913232065878
 20
129.79671637585037
 10
115.3913232065878
 20
148.01324300886498
 10
115.55557179808049
 20
144.62374934806115
 10
115.3913232065878
 20
129.79671637585037
 10
115.3913232065878
 20
129.79671637585037
 10
115.480913347402
 20
128.0497086299735
 10
115.480913347402
 20
128.0497086299735
 10
115.55557179808049
 20
144.62374934806115
  0
LWPOLYLINE
  5
3461
330
17
100
AcDbEntity
  8
SIDEWALK_PATH
100
AcDbPolyline
 90
12
 70
1
 10
115.480913347402
 20
128.0497086299735
 10
115.4659816572663
 20
124.495966377677
 10
115.4659816572663
 20
124.495966377677
 10
115.42118658685919
 20
125.36200440554758
 10
115.42118658685919
 20
125.36200440554758
 10
115.480913347402
 20
128.0497086299735
 10
115.4659816572663
 20
124.495966377677
 10
115.42118658685919
 20
125.36200440554758
 10
115.42118658685919
 20
125.36200440554758
 10
115.43611827699489
 20
124.4661029974056
 10
115.43611827699489
 20
124.4661029974056
 10
115.4659816572663
 20
124.495966377677
  0
LWPOLYLINE
  5
3462
330
17
100
AcDbEntity
  8
SIDEWALK_PATH
100
AcDbPolyline
 90
6
 70
1
 10
115.480913347402
 20
128.0497086299735
 10
115.3913232065878
 20
129.79671637585037
 10
115.3913232065878
 20
129.79671637585037
 10
115.42118658685919
 20
125.36200440554758
 10
115.42118658685919
 20
125.36200440554758
 10
115.480913347402
 20
128.0497086299735
  0
LWPOLYLINE
  5
3463
330
17
100
AcDbEntity
  8
SIDEWALK_PATH
100
AcDbPolyline
 90
6
 70
1
 10
138.0276188420579
 20
37.63891129931435
 10
137.86337025056523
 20
37.57918453877156
 10
137.86337025056523
 20
37.57918453877156
 10
138.04255053219362
 20
33.78658035515017
 10
138.04255053219362
 20
33.78658035515017
 10
138.0276188420579
 20
37.63891129931435
  0
LWPOLYLINE
  5
3464
330
17
100
AcDbEntity
  8
SIDEWALK_PATH
100
AcDbPolyline
 90
12
 70
1
 10
137.86337025056523
 20
37.57918453877156
 10
138.04255053219362
 20
33.78658035515017
 10
138.04255053219362
 20
33.78658035515017
 10
137.8036434900224
 20
27.81394941171664
 10
137.8036434900224
 20
27.81394941171664
 10
137.86337025056523
 20
37.57918453877156
 10
138.04255053219362
 20
33.78658035515017
 10
137.8036434900224
 20
27.81394941171664
 10
137.8036434900224
 20
27.81394941171664
 10
138.1022772927364
 20
21.736796637333203
 10
138.1022772927364
 20
21.736796637333203
 10
138.04255053219362
 20
33.78658035515017
  0
LWPOLYLINE
  5
3465
330
17
100
AcDbEntity
  8
SIDEWALK_PATH
100
AcDbPolyline
 90
12
 70
1
 10
137.93802870124372
 20
18.571278328564876
 10
137.77378010975102
 20
21.9010452288259
 10
137.77378010975102
 20
21.9010452288259
 10
138.1321406730078
 20
18.571278328564876
 10
138.1321406730078
 20
18.571278328564876
 10
137.93802870124372
 20
18.571278328564876
 10
137.77378010975102
 20
21.9010452288259
 10
138.1321406730078
 20
18.571278328564876
 10
138.1321406730078
 20
18.571278328564876
 10
138.1022772927364
 20
21.736796637333203
 10
138.1022772927364
 20
21.736796637333203
 10
137.77378010975102
 20
21.9010452288259
  0
LWPOLYLINE
  5
3466
330
17
100
AcDbEntity
  8
SIDEWALK_PATH
100
AcDbPolyline
 90
6
 70
1
 10
138.1022772927364
 20
21.736796637333203
 10
137.8036434900224
 20
27.81394941171664
 10
137.8036434900224
 20
27.81394941171664
 10
137.77378010975102
 20
21.9010452288259
 10
137.77378010975102
 20
21.9010452288259
 10
138.1022772927364
 20
21.736796637333203
  0
LWPOLYLINE
  5
3467
330
17
100
AcDbEntity
  8
SIDEWALK_PATH
100
AcDbPolyline
 90
6
 70
1
 10
137.78871179988673
 20
18.571278328564876
 10
137.93802870124372
 20
18.571278328564876
 10
137.93802870124372
 20
18.571278328564876
 10
137.77378010975102
 20
21.9010452288259
 10
137.77378010975102
 20
21.9010452288259
 10
137.78871179988673
 20
18.571278328564876
  0
LWPOLYLINE
  5
3468
330
17
100
AcDbEntity
  8
SIDEWALK_PATH
100
AcDbPolyline
 90
12
 70
1
 10
171.698354543829
 20
138.11357755974242
 10
171.549037642472
 20
134.54494872815653
 10
171.549037642472
 20
134.54494872815653
 10
171.7282179241004
 20
131.06586492653852
 10
171.7282179241004
 20
131.06586492653852
 10
171.698354543829
 20
138.11357755974242
 10
171.549037642472
 20
134.54494872815653
 10
171.7282179241004
 20
131.06586492653852
 10
171.7282179241004
 20
131.06586492653852
 10
171.399720741115
 20
131.06586492653852
 10
171.399720741115
 20
131.06586492653852
 10
171.549037642472
 20
134.54494872815653
  0
LWPOLYLINE
  5
3469
330
17
100
AcDbEntity
  8
SIDEWALK_PATH
100
AcDbPolyline
 90
6
 70
1
 10
157.4088173056571
 20
160.55577250116002
 10
157.39388561552138
 20
160.55577250116002
 10
157.39388561552138
 20
160.55577250116002
 10
157.42374899579278
 20
160.12275348722474
 10
157.42374899579278
 20
160.12275348722474
 10
157.4088173056571
 20
160.55577250116002
  0
LWPOLYLINE
  5
346A
330
17
100
AcDbEntity
  8
SIDEWALK_PATH
100
AcDbPolyline
 90
12
 70
1
 10
157.39388561552138
 20
160.55577250116002
 10
157.42374899579278
 20
160.12275348722474
 10
157.42374899579278
 20
160.12275348722474
 10
148.5693131338808
 20
160.12275348722474
 10
148.5693131338808
 20
160.12275348722474
 10
157.39388561552138
 20
160.55577250116002
 10
157.42374899579278
 20
160.12275348722474
 10
148.5693131338808
 20
160.12275348722474
 10
148.5693131338808
 20
160.12275348722474
 10
148.58424482401648
 20
159.77932461410364
 10
148.58424482401648
 20
159.77932461410364
 10
157.42374899579278
 20
160.12275348722474
  0
LWPOLYLINE
  5
346B
330
17
100
AcDbEntity
  8
SIDEWALK_PATH
100
AcDbPolyline
 90
12
 70
1
 10
148.5693131338808
 20
160.12275348722474
 10
148.58424482401648
 20
159.77932461410364
 10
148.58424482401648
 20
159.77932461410364
 10
148.3752011621167
 20
160.10782179708903
 10
148.3752011621167
 20
160.10782179708903
 10
148.5693131338808
 20
160.12275348722474
 10
148.58424482401648
 20
159.77932461410364
 10
148.3752011621167
 20
160.10782179708903
 10
148.3752011621167
 20
160.10782179708903
 10
148.3901328522524
 20
159.76439292396796
 10
148.3901328522524
 20
159.76439292396796
 10
148.58424482401648
 20
159.77932461410364
  0
LWPOLYLINE
  5
346C
330
17
100
AcDbEntity
  8
SIDEWALK_PATH
100
AcDbPolyline
 90
12
 70
1
 10
148.3752011621167
 20
160.10782179708903
 10
148.3901328522524
 20
159.76439292396796
 10
148.3901328522524
 20
159.76439292396796
 10
148.1811004680642
 20
160.09289010695335
 10
148.1811004680642
 20
160.09289010695335
 10
148.3752011621167
 20
160.10782179708903
 10
148.3901328522524
 20
159.76439292396796
 10
148.1811004680642
 20
160.09289010695335
 10
148.1811004680642
 20
160.09289010695335
 10
148.1960321581999
 20
159.68973447328946
 10
148.1960321581999
 20
159.68973447328946
 10
148.3901328522524
 20
159.76439292396796
  0
LWPOLYLINE
  5
346D
330
17
100
AcDbEntity
  8
SIDEWALK_PATH
100
AcDbPolyline
 90
12
 70
1
 10
148.1811004680642
 20
160.09289010695335
 10
148.1960321581999
 20
159.68973447328946
 10
148.1960321581999
 20
159.68973447328946
 10
148.0019201864358
 20
160.09289010695335
 10
148.0019201864358
 20
160.09289010695335
 10
148.1811004680642
 20
160.09289010695335
 10
148.1960321581999
 20
159.68973447328946
 10
148.0019201864358
 20
160.09289010695335
 10
148.0019201864358
 20
160.09289010695335
 10
148.01685187657148
 20
159.60014433247525
 10
148.01685187657148
 20
159.60014433247525
 10
148.1960321581999
 20
159.68973447328946
  0
LWPOLYLINE
  5
346E
330
17
100
AcDbEntity
  8
SIDEWALK_PATH
100
AcDbPolyline
 90
12
 70
1
 10
148.0019201864358
 20
160.09289010695335
 10
148.01685187657148
 20
159.60014433247525
 10
148.01685187657148
 20
159.60014433247525
 10
147.8376715949431
 20
160.07795841681764
 10
147.8376715949431
 20
160.07795841681764
 10
148.0019201864358
 20
160.09289010695335
 10
148.01685187657148
 20
159.60014433247525
 10
147.8376715949431
 20
160.07795841681764
 10
147.8376715949431
 20
160.07795841681764
 10
147.86753497521448
 20
159.46575912125397
 10
147.86753497521448
 20
159.46575912125397
 10
148.01685187657148
 20
159.60014433247525
  0
LWPOLYLINE
  5
346F
330
17
100
AcDbEntity
  8
SIDEWALK_PATH
100
AcDbPolyline
 90
12
 70
1
 10
147.8376715949431
 20
160.07795841681764
 10
147.86753497521448
 20
159.46575912125397
 10
147.86753497521448
 20
159.46575912125397
 10
147.7032863837218
 20
160.07795841681764
 10
147.7032863837218
 20
160.07795841681764
 10
147.8376715949431
 20
160.07795841681764
 10
147.86753497521448
 20
159.46575912125397
 10
147.7032863837218
 20
160.07795841681764
 10
147.7032863837218
 20
160.07795841681764
 10
147.7480814541289
 20
159.31644221989697
 10
147.7480814541289
 20
159.31644221989697
 10
147.86753497521448
 20
159.46575912125397
  0
LWPOLYLINE
  5
3470
330
17
100
AcDbEntity
  8
SIDEWALK_PATH
100
AcDbPolyline
 90
12
 70
1
 10
147.7032863837218
 20
160.07795841681764
 10
147.7480814541289
 20
159.31644221989697
 10
147.7480814541289
 20
159.31644221989697
 10
147.6136962429076
 20
160.07795841681764
 10
147.6136962429076
 20
160.07795841681764
 10
147.7032863837218
 20
160.07795841681764
 10
147.7480814541289
 20
159.31644221989697
 10
147.6136962429076
 20
160.07795841681764
 10
147.6136962429076
 20
160.07795841681764
 10
147.6584913133147
 20
159.13726193826855
 10
147.6584913133147
 20
159.13726193826855
 10
147.7480814541289
 20
159.31644221989697
  0
LWPOLYLINE
  5
3471
330
17
100
AcDbEntity
  8
SIDEWALK_PATH
100
AcDbPolyline
 90
12
 70
1
 10
147.6136962429076
 20
160.07795841681764
 10
147.6584913133147
 20
159.13726193826855
 10
147.6584913133147
 20
159.13726193826855
 10
147.5539694823648
 20
160.06302672668195
 10
147.5539694823648
 20
160.06302672668195
 10
147.6136962429076
 20
160.07795841681764
 10
147.6584913133147
 20
159.13726193826855
 10
147.5539694823648
 20
160.06302672668195
 10
147.5539694823648
 20
160.06302672668195
 10
147.5987645527719
 20
158.97301334677587
 10
147.5987645527719
 20
158.97301334677587
 10
147.6584913133147
 20
159.13726193826855
  0
LWPOLYLINE
  5
3472
330
17
100
AcDbEntity
  8
SIDEWALK_PATH
100
AcDbPolyline
 90
12
 70
1
 10
147.5539694823648
 20
160.06302672668195
 10
147.5987645527719
 20
158.97301334677587
 10
147.5987645527719
 20
158.97301334677587
 10
147.5539694823648
 20
159.91370982532496
 10
147.5539694823648
 20
159.91370982532496
 10
147.5539694823648
 20
160.06302672668195
 10
147.5987645527719
 20
158.97301334677587
 10
147.5539694823648
 20
159.91370982532496
 10
147.5539694823648
 20
159.91370982532496
 10
147.5987645527719
 20
158.94314996650448
 10
147.5987645527719
 20
158.94314996650448
 10
147.5987645527719
 20
158.97301334677587
  0
LWPOLYLINE
  5
3473
330
17
100
AcDbEntity
  8
SIDEWALK_PATH
100
AcDbPolyline
 90
12
 70
1
 10
147.5539694823648
 20
159.91370982532496
 10
147.5987645527719
 20
158.94314996650448
 10
147.5987645527719
 20
158.94314996650448
 10
147.5390377922291
 20
159.37616898043976
 10
147.5390377922291
 20
159.37616898043976
 10
147.5539694823648
 20
159.91370982532496
 10
147.5987645527719
 20
158.94314996650448
 10
147.5390377922291
 20
159.37616898043976
 10
147.5390377922291
 20
159.37616898043976
 10
147.5838328626362
 20
158.74903799474038
 10
147.5838328626362
 20
158.74903799474038
 10
147.5987645527719
 20
158.94314996650448
  0
LWPOLYLINE
  5
3474
330
17
100
AcDbEntity
  8
SIDEWALK_PATH
100
AcDbPolyline
 90
12
 70
1
 10
147.5838328626362
 20
158.74903799474038
 10
147.4793110316863
 20
130.66270929287464
 10
147.4793110316863
 20
130.66270929287464
 10
147.37478920073642
 20
132.88753112309388
 10
147.37478920073642
 20
132.88753112309388
 10
147.5838328626362
 20
158.74903799474038
 10
147.4793110316863
 20
130.66270929287464
 10
147.37478920073642
 20
132.88753112309388
 10
147.37478920073642
 20
132.88753112309388
 10
147.3598575106007
 20
130.66270929287464
 10
147.3598575106007
 20
130.66270929287464
 10
147.4793110316863
 20
130.66270929287464
  0
LWPOLYLINE
  5
3475
330
17
100
AcDbEntity
  8
SIDEWALK_PATH
100
AcDbPolyline
 90
6
 70
1
 10
147.5838328626362
 20
158.74903799474038
 10
147.5390377922291
 20
159.37616898043976
 10
147.5390377922291
 20
159.37616898043976
 10
147.37478920073642
 20
132.88753112309388
 10
147.37478920073642
 20
132.88753112309388
 10
147.5838328626362
 20
158.74903799474038
  0
LWPOLYLINE
  5
3476
330
17
100
AcDbEntity
  8
SIDEWALK_PATH
100
AcDbPolyline
 90
6
 70
1
 10
136.98240053255893
 20
157.1961422206276
 10
136.89281039174475
 20
156.59891972604595
 10
136.89281039174475
 20
156.59891972604595
 10
136.99733222269464
 20
154.4487563465052
 10
136.99733222269464
 20
154.4487563465052
 10
136.98240053255893
 20
157.1961422206276
  0
LWPOLYLINE
  5
3477
330
17
100
AcDbEntity
  8
SIDEWALK_PATH
100
AcDbPolyline
 90
12
 70
1
 10
136.89281039174475
 20
156.59891972604595
 10
136.99733222269464
 20
154.4487563465052
 10
136.99733222269464
 20
154.4487563465052
 10
136.89281039174475
 20
153.03024578361374
 10
136.89281039174475
 20
153.03024578361374
 10
136.89281039174475
 20
156.59891972604595
 10
136.99733222269464
 20
154.4487563465052
 10
136.89281039174475
 20
153.03024578361374
 10
136.89281039174475
 20
153.03024578361374
 10
137.01226391283032
 20
150.3574732493235
 10
137.01226391283032
 20
150.3574732493235
 10
136.99733222269464
 20
154.4487563465052
  0
LWPOLYLINE
  5
3478
330
17
100
AcDbEntity
  8
SIDEWALK_PATH
100
AcDbPolyline
 90
12
 70
1
 10
136.89281039174475
 20
153.03024578361374
 10
137.01226391283032
 20
150.3574732493235
 10
137.01226391283032
 20
150.3574732493235
 10
136.87787870160903
 20
149.64079723365623
 10
136.87787870160903
 20
149.64079723365623
 10
136.89281039174475
 20
153.03024578361374
 10
137.01226391283032
 20
150.3574732493235
 10
136.87787870160903
 20
149.64079723365623
 10
136.87787870160903
 20
149.64079723365623
 10
137.04212729310174
 20
146.4304838544808
 10
137.04212729310174
 20
146.4304838544808
 10
137.01226391283032
 20
150.3574732493235
  0
LWPOLYLINE
  5
3479
330
17
100
AcDbEntity
  8
SIDEWALK_PATH
100
AcDbPolyline
 90
12
 70
1
 10
137.04212729310174
 20
146.4304838544808
 10
137.13171743391592
 20
130.60298253233182
 10
137.13171743391592
 20
130.60298253233182
 10
136.98240053255893
 20
133.58932055947176
 10
136.98240053255893
 20
133.58932055947176
 10
137.04212729310174
 20
146.4304838544808
 10
137.13171743391592
 20
130.60298253233182
 10
136.98240053255893
 20
133.58932055947176
 10
136.98240053255893
 20
133.58932055947176
 10
136.99733222269464
 20
130.63284591260322
 10
136.99733222269464
 20
130.63284591260322
 10
137.13171743391592
 20
130.60298253233182
  0
LWPOLYLINE
  5
347A
330
17
100
AcDbEntity
  8
SIDEWALK_PATH
100
AcDbPolyline
 90
6
 70
1
 10
137.04212729310174
 20
146.4304838544808
 10
136.87787870160903
 20
149.64079723365623
 10
136.87787870160903
 20
149.64079723365623
 10
136.98240053255893
 20
133.58932055947176
 10
136.98240053255893
 20
133.58932055947176
 10
137.04212729310174
 20
146.4304838544808
  0
LWPOLYLINE
  5
347B
330
17
100
AcDbEntity
  8
SIDEWALK_PATH
100
AcDbPolyline
 90
6
 70
1
 10
144.64231246132653
 20
159.98836827600346
 10
144.55272232051234
 20
160.00329996613914
 10
144.55272232051234
 20
160.00329996613914
 10
144.64231246132653
 20
158.13683869917668
 10
144.64231246132653
 20
158.13683869917668
 10
144.64231246132653
 20
159.98836827600346
  0
LWPOLYLINE
  5
347C
330
17
100
AcDbEntity
  8
SIDEWALK_PATH
100
AcDbPolyline
 90
12
 70
1
 10
144.55272232051234
 20
160.00329996613914
 10
144.62738077119084
 20
158.40560912161928
 10
144.62738077119084
 20
158.40560912161928
 10
144.50792725010524
 20
160.00329996613914
 10
144.50792725010524
 20
160.00329996613914
 10
144.55272232051234
 20
160.00329996613914
 10
144.62738077119084
 20
158.40560912161928
 10
144.50792725010524
 20
160.00329996613914
 10
144.50792725010524
 20
160.00329996613914
 10
144.58258570078374
 20
158.59972109338338
 10
144.58258570078374
 20
158.59972109338338
 10
144.62738077119084
 20
158.40560912161928
  0
LWPOLYLINE
  5
347D
330
17
100
AcDbEntity
  8
SIDEWALK_PATH
100
AcDbPolyline
 90
12
 70
1
 10
144.50792725010524
 20
160.00329996613914
 10
144.58258570078374
 20
158.59972109338338
 10
144.58258570078374
 20
158.59972109338338
 10
144.43326879942674
 20
160.00329996613914
 10
144.43326879942674
 20
160.00329996613914
 10
144.50792725010524
 20
160.00329996613914
 10
144.58258570078374
 20
158.59972109338338
 10
144.43326879942674
 20
160.00329996613914
 10
144.43326879942674
 20
160.00329996613914
 10
144.49299555996953
 20
158.76396968487606
 10
144.49299555996953
 20
158.76396968487606
 10
144.58258570078374
 20
158.59972109338338
  0
LWPOLYLINE
  5
347E
330
17
100
AcDbEntity
  8
SIDEWALK_PATH
100
AcDbPolyline
 90
12
 70
1
 10
144.43326879942674
 20
160.00329996613914
 10
144.49299555996953
 20
158.76396968487606
 10
144.49299555996953
 20
158.76396968487606
 10
144.32874696847685
 20
160.00329996613914
 10
144.32874696847685
 20
160.00329996613914
 10
144.43326879942674
 20
160.00329996613914
 10
144.49299555996953
 20
158.76396968487606
 10
144.32874696847685
 20
160.00329996613914
 10
144.32874696847685
 20
160.00329996613914
 10
144.38847372901964
 20
158.91328658623306
 10
144.38847372901964
 20
158.91328658623306
 10
144.49299555996953
 20
158.76396968487606
  0
LWPOLYLINE
  5
347F
330
17
100
AcDbEntity
  8
SIDEWALK_PATH
100
AcDbPolyline
 90
12
 70
1
 10
144.32874696847685
 20
160.00329996613914
 10
144.38847372901964
 20
158.91328658623306
 10
144.38847372901964
 20
158.91328658623306
 10
144.20929344739125
 20
160.00329996613914
 10
144.20929344739125
 20
160.00329996613914
 10
144.32874696847685
 20
160.00329996613914
 10
144.38847372901964
 20
158.91328658623306
 10
144.20929344739125
 20
160.00329996613914
 10
144.20929344739125
 20
160.00329996613914
 10
144.25408851779835
 20
159.04767179745437
 10
144.25408851779835
 20
159.04767179745437
 10
144.38847372901964
 20
158.91328658623306
  0
LWPOLYLINE
  5
3480
330
17
100
AcDbEntity
  8
SIDEWALK_PATH
100
AcDbPolyline
 90
12
 70
1
 10
144.20929344739125
 20
160.00329996613914
 10
144.25408851779835
 20
159.04767179745437
 10
144.25408851779835
 20
159.04767179745437
 10
144.05997654603425
 20
160.00329996613914
 10
144.05997654603425
 20
160.00329996613914
 10
144.20929344739125
 20
160.00329996613914
 10
144.25408851779835
 20
159.04767179745437
 10
144.05997654603425
 20
160.00329996613914
 10
144.05997654603425
 20
160.00329996613914
 10
144.08983992630564
 20
159.15219362840426
 10
144.08983992630564
 20
159.15219362840426
 10
144.25408851779835
 20
159.04767179745437
  0
LWPOLYLINE
  5
3481
330
17
100
AcDbEntity
  8
SIDEWALK_PATH
100
AcDbPolyline
 90
12
 70
1
 10
144.05997654603425
 20
160.00329996613914
 10
144.08983992630564
 20
159.15219362840426
 10
144.08983992630564
 20
159.15219362840426
 10
143.88079626440586
 20
160.00329996613914
 10
143.88079626440586
 20
160.00329996613914
 10
144.05997654603425
 20
160.00329996613914
 10
144.08983992630564
 20
159.15219362840426
 10
143.88079626440586
 20
160.00329996613914
 10
143.88079626440586
 20
160.00329996613914
 10
143.92559133481294
 20
159.22685207908276
 10
143.92559133481294
 20
159.22685207908276
 10
144.08983992630564
 20
159.15219362840426
  0
LWPOLYLINE
  5
3482
330
17
100
AcDbEntity
  8
SIDEWALK_PATH
100
AcDbPolyline
 90
12
 70
1
 10
143.88079626440586
 20
160.00329996613914
 10
143.92559133481294
 20
159.22685207908276
 10
143.92559133481294
 20
159.22685207908276
 10
143.70161598277744
 20
160.00329996613914
 10
143.70161598277744
 20
160.00329996613914
 10
143.88079626440586
 20
160.00329996613914
 10
143.92559133481294
 20
159.22685207908276
 10
143.70161598277744
 20
160.00329996613914
 10
143.70161598277744
 20
160.00329996613914
 10
143.74641105318454
 20
159.27164714948987
 10
143.74641105318454
 20
159.27164714948987
 10
143.92559133481294
 20
159.22685207908276
  0
LWPOLYLINE
  5
3483
330
17
100
AcDbEntity
  8
SIDEWALK_PATH
100
AcDbPolyline
 90
12
 70
1
 10
143.70161598277744
 20
160.00329996613914
 10
143.74641105318454
 20
159.27164714948987
 10
143.74641105318454
 20
159.27164714948987
 10
143.52243570114905
 20
160.00329996613914
 10
143.52243570114905
 20
160.00329996613914
 10
143.70161598277744
 20
160.00329996613914
 10
143.74641105318454
 20
159.27164714948987
 10
143.52243570114905
 20
160.00329996613914
 10
143.52243570114905
 20
160.00329996613914
 10
143.55229908142044
 20
159.27164714948987
 10
143.55229908142044
 20
159.27164714948987
 10
143.74641105318454
 20
159.27164714948987
  0
LWPOLYLINE
  5
3484
330
17
100
AcDbEntity
  8
SIDEWALK_PATH
100
AcDbPolyline
 90
12
 70
1
 10
144.64231246132653
 20
158.13683869917668
 10
144.62738077119084
 20
130.61791422246753
 10
144.62738077119084
 20
130.61791422246753
 10
144.55272232051234
 20
132.1110832360375
 10
144.55272232051234
 20
132.1110832360375
 10
144.64231246132653
 20
158.13683869917668
 10
144.62738077119084
 20
130.61791422246753
 10
144.55272232051234
 20
132.1110832360375
 10
144.55272232051234
 20
132.1110832360375
 10
144.55272232051234
 20
130.61791422246753
 10
144.55272232051234
 20
130.61791422246753
 10
144.62738077119084
 20
130.61791422246753
  0
LWPOLYLINE
  5
3485
330
17
100
AcDbEntity
  8
SIDEWALK_PATH
100
AcDbPolyline
 90
6
 70
1
 10
144.64231246132653
 20
158.13683869917668
 10
144.64231246132653
 20
158.2264288399909
 10
144.64231246132653
 20
158.2264288399909
 10
144.55272232051234
 20
132.1110832360375
 10
144.55272232051234
 20
132.1110832360375
 10
144.64231246132653
 20
158.13683869917668
  0
LWPOLYLINE
  5
3486
330
17
100
AcDbEntity
  8
SIDEWALK_PATH
100
AcDbPolyline
 90
12
 70
1
 10
143.52243570114905
 20
160.00329996613914
 10
143.55229908142044
 20
159.27164714948987
 10
143.55229908142044
 20
159.27164714948987
 10
141.87996106393368
 20
160.01823165627485
 10
141.87996106393368
 20
160.01823165627485
 10
143.52243570114905
 20
160.00329996613914
 10
143.55229908142044
 20
159.27164714948987
 10
141.87996106393368
 20
160.01823165627485
 10
141.87996106393368
 20
160.01823165627485
 10
141.90982444420507
 20
159.21192038894705
 10
141.90982444420507
 20
159.21192038894705
 10
143.55229908142044
 20
159.27164714948987
  0
LWPOLYLINE
  5
3487
330
17
100
AcDbEntity
  8
SIDEWALK_PATH
100
AcDbPolyline
 90
12
 70
1
 10
141.87996106393368
 20
160.01823165627485
 10
141.90982444420507
 20
159.21192038894705
 10
141.90982444420507
 20
159.21192038894705
 10
140.58091529983938
 20
160.03316334641053
 10
140.58091529983938
 20
160.03316334641053
 10
141.87996106393368
 20
160.01823165627485
 10
141.90982444420507
 20
159.21192038894705
 10
140.58091529983938
 20
160.03316334641053
 10
140.58091529983938
 20
160.03316334641053
 10
140.62571037024648
 20
159.16712531853997
 10
140.62571037024648
 20
159.16712531853997
 10
141.90982444420507
 20
159.21192038894705
  0
LWPOLYLINE
  5
3488
330
17
100
AcDbEntity
  8
SIDEWALK_PATH
100
AcDbPolyline
 90
12
 70
1
 10
140.58091529983938
 20
160.03316334641053
 10
140.62571037024648
 20
159.16712531853997
 10
140.62571037024648
 20
159.16712531853997
 10
140.0583061450899
 20
160.03316334641053
 10
140.0583061450899
 20
160.03316334641053
 10
140.58091529983938
 20
160.03316334641053
 10
140.62571037024648
 20
159.16712531853997
 10
140.0583061450899
 20
160.03316334641053
 10
140.0583061450899
 20
160.03316334641053
 10
140.103101215497
 20
159.13726193826855
 10
140.103101215497
 20
159.13726193826855
 10
140.62571037024648
 20
159.16712531853997
  0
LWPOLYLINE
  5
3489
330
17
100
AcDbEntity
  8
SIDEWALK_PATH
100
AcDbPolyline
 90
12
 70
1
 10
140.0583061450899
 20
160.03316334641053
 10
140.103101215497
 20
159.13726193826855
 10
140.103101215497
 20
159.13726193826855
 10
138.01268715192222
 20
159.73452954369654
 10
138.01268715192222
 20
159.73452954369654
 10
140.0583061450899
 20
160.03316334641053
 10
140.103101215497
 20
159.13726193826855
 10
138.01268715192222
 20
159.73452954369654
 10
138.01268715192222
 20
159.73452954369654
 10
138.04255053219362
 20
159.06260348759005
 10
138.04255053219362
 20
159.06260348759005
 10
140.103101215497
 20
159.13726193826855
  0
LWPOLYLINE
  5
348A
330
17
100
AcDbEntity
  8
SIDEWALK_PATH
100
AcDbPolyline
 90
12
 70
1
 10
138.01268715192222
 20
159.73452954369654
 10
138.04255053219362
 20
159.06260348759005
 10
138.04255053219362
 20
159.06260348759005
 10
137.9529603913794
 20
159.71959785356086
 10
137.9529603913794
 20
159.71959785356086
 10
138.01268715192222
 20
159.73452954369654
 10
138.04255053219362
 20
159.06260348759005
 10
137.9529603913794
 20
159.71959785356086
 10
137.9529603913794
 20
159.71959785356086
 10
137.9828237716508
 20
159.06260348759005
 10
137.9828237716508
 20
159.06260348759005
 10
138.04255053219362
 20
159.06260348759005
  0
LWPOLYLINE
  5
348B
330
17
100
AcDbEntity
  8
SIDEWALK_PATH
100
AcDbPolyline
 90
12
 70
1
 10
137.9529603913794
 20
159.71959785356086
 10
137.9828237716508
 20
159.06260348759005
 10
137.9828237716508
 20
159.06260348759005
 10
137.78871179988673
 20
159.68973447328946
 10
137.78871179988673
 20
159.68973447328946
 10
137.9529603913794
 20
159.71959785356086
 10
137.9828237716508
 20
159.06260348759005
 10
137.78871179988673
 20
159.68973447328946
 10
137.78871179988673
 20
159.68973447328946
 10
137.81857518015812
 20
159.03274010731866
 10
137.81857518015812
 20
159.03274010731866
 10
137.9828237716508
 20
159.06260348759005
  0
LWPOLYLINE
  5
348C
330
17
100
AcDbEntity
  8
SIDEWALK_PATH
100
AcDbPolyline
 90
12
 70
1
 10
137.78871179988673
 20
159.68973447328946
 10
137.81857518015812
 20
159.03274010731866
 10
137.81857518015812
 20
159.03274010731866
 10
137.6095315182583
 20
159.67480278315375
 10
137.6095315182583
 20
159.67480278315375
 10
137.78871179988673
 20
159.68973447328946
 10
137.81857518015812
 20
159.03274010731866
 10
137.6095315182583
 20
159.67480278315375
 10
137.6095315182583
 20
159.67480278315375
 10
137.63939489852973
 20
158.98794503691155
 10
137.63939489852973
 20
158.98794503691155
 10
137.81857518015812
 20
159.03274010731866
  0
LWPOLYLINE
  5
348D
330
17
100
AcDbEntity
  8
SIDEWALK_PATH
100
AcDbPolyline
 90
12
 70
1
 10
137.6095315182583
 20
159.67480278315375
 10
137.63939489852973
 20
158.98794503691155
 10
137.63939489852973
 20
158.98794503691155
 10
137.44528292676563
 20
159.64493940288236
 10
137.44528292676563
 20
159.64493940288236
 10
137.6095315182583
 20
159.67480278315375
 10
137.63939489852973
 20
158.98794503691155
 10
137.44528292676563
 20
159.64493940288236
 10
137.44528292676563
 20
159.64493940288236
 10
137.49007799717273
 20
158.91328658623306
 10
137.49007799717273
 20
158.91328658623306
 10
137.63939489852973
 20
158.98794503691155
  0
LWPOLYLINE
  5
348E
330
17
100
AcDbEntity
  8
SIDEWALK_PATH
100
AcDbPolyline
 90
12
 70
1
 10
137.44528292676563
 20
159.64493940288236
 10
137.49007799717273
 20
158.91328658623306
 10
137.49007799717273
 20
158.91328658623306
 10
137.37062447608713
 20
159.63000771274665
 10
137.37062447608713
 20
159.63000771274665
 10
137.44528292676563
 20
159.64493940288236
 10
137.49007799717273
 20
158.91328658623306
 10
137.37062447608713
 20
159.63000771274665
 10
137.37062447608713
 20
159.63000771274665
 10
137.41541954649423
 20
158.85355982569027
 10
137.41541954649423
 20
158.85355982569027
 10
137.49007799717273
 20
158.91328658623306
  0
LWPOLYLINE
  5
348F
330
17
100
AcDbEntity
  8
SIDEWALK_PATH
100
AcDbPolyline
 90
12
 70
1
 10
137.41541954649423
 20
158.85355982569027
 10
137.34076109581574
 20
158.80876475528316
 10
137.34076109581574
 20
158.80876475528316
 10
137.32582940568003
 20
159.30151052976126
 10
137.32582940568003
 20
159.30151052976126
 10
137.41541954649423
 20
158.85355982569027
 10
137.34076109581574
 20
158.80876475528316
 10
137.32582940568003
 20
159.30151052976126
 10
137.32582940568003
 20
159.30151052976126
 10
137.22130757473013
 20
158.67437954406188
 10
137.22130757473013
 20
158.67437954406188
 10
137.34076109581574
 20
158.80876475528316
  0
LWPOLYLINE
  5
3490
330
17
100
AcDbEntity
  8
SIDEWALK_PATH
100
AcDbPolyline
 90
6
 70
1
 10
137.41541954649423
 20
158.85355982569027
 10
137.37062447608713
 20
159.63000771274665
 10
137.37062447608713
 20
159.63000771274665
 10
137.32582940568003
 20
159.30151052976126
 10
137.32582940568003
 20
159.30151052976126
 10
137.41541954649423
 20
158.85355982569027
  0
LWPOLYLINE
  5
3491
330
17
100
AcDbEntity
  8
SIDEWALK_PATH
100
AcDbPolyline
 90
6
 70
1
 10
137.08692236350882
 20
257.8201479378358
 10
136.93760546215182
 20
257.8201479378358
 10
136.93760546215182
 20
257.8201479378358
 10
136.93760546215182
 20
257.74548948715733
 10
136.93760546215182
 20
257.74548948715733
 10
137.08692236350882
 20
257.8201479378358
  0
LWPOLYLINE
  5
3492
330
17
100
AcDbEntity
  8
SIDEWALK_PATH
100
AcDbPolyline
 90
12
 70
1
 10
136.93760546215182
 20
257.8201479378358
 10
136.93760546215182
 20
257.74548948715733
 10
136.93760546215182
 20
257.74548948715733
 10
136.78828856079483
 20
257.83507962797154
 10
136.78828856079483
 20
257.83507962797154
 10
136.93760546215182
 20
257.8201479378358
 10
136.93760546215182
 20
257.74548948715733
 10
136.78828856079483
 20
257.83507962797154
 10
136.78828856079483
 20
257.83507962797154
 10
136.78828856079483
 20
257.64096765620747
 10
136.78828856079483
 20
257.64096765620747
 10
136.93760546215182
 20
257.74548948715733
  0
LWPOLYLINE
  5
3493
330
17
100
AcDbEntity
  8
SIDEWALK_PATH
100
AcDbPolyline
 90
12
 70
1
 10
136.78828856079483
 20
257.83507962797154
 10
136.78828856079483
 20
257.64096765620747
 10
136.78828856079483
 20
257.64096765620747
 10
136.65390334957354
 20
257.83507962797154
 10
136.65390334957354
 20
257.83507962797154
 10
136.78828856079483
 20
257.83507962797154
 10
136.78828856079483
 20
257.64096765620747
 10
136.65390334957354
 20
257.83507962797154
 10
136.65390334957354
 20
257.83507962797154
 10
136.66883503970925
 20
257.5065824449862
 10
136.66883503970925
 20
257.5065824449862
 10
136.78828856079483
 20
257.64096765620747
  0
LWPOLYLINE
  5
3494
330
17
100
AcDbEntity
  8
SIDEWALK_PATH
100
AcDbPolyline
 90
12
 70
1
 10
136.65390334957354
 20
257.83507962797154
 10
136.66883503970925
 20
257.5065824449862
 10
136.66883503970925
 20
257.5065824449862
 10
136.5493927963352
 20
257.83507962797154
 10
136.5493927963352
 20
257.83507962797154
 10
136.65390334957354
 20
257.83507962797154
 10
136.66883503970925
 20
257.5065824449862
 10
136.5493927963352
 20
257.83507962797154
 10
136.5493927963352
 20
257.83507962797154
 10
136.57924489889504
 20
257.3572655436292
 10
136.57924489889504
 20
257.3572655436292
 10
136.66883503970925
 20
257.5065824449862
  0
LWPOLYLINE
  5
3495
330
17
100
AcDbEntity
  8
SIDEWALK_PATH
100
AcDbPolyline
 90
12
 70
1
 10
136.5493927963352
 20
257.83507962797154
 10
136.57924489889504
 20
257.3572655436292
 10
136.57924489889504
 20
257.3572655436292
 10
136.47473434565674
 20
257.83507962797154
 10
136.47473434565674
 20
257.83507962797154
 10
136.5493927963352
 20
257.83507962797154
 10
136.57924489889504
 20
257.3572655436292
 10
136.47473434565674
 20
257.83507962797154
 10
136.47473434565674
 20
257.83507962797154
 10
136.50459772592814
 20
257.1930169521365
 10
136.50459772592814
 20
257.1930169521365
 10
136.57924489889504
 20
257.3572655436292
  0
LWPOLYLINE
  5
3496
330
17
100
AcDbEntity
  8
SIDEWALK_PATH
100
AcDbPolyline
 90
12
 70
1
 10
136.47473434565674
 20
257.83507962797154
 10
136.50459772592814
 20
257.1930169521365
 10
136.50459772592814
 20
257.1930169521365
 10
136.41500758511393
 20
257.85001131810725
 10
136.41500758511393
 20
257.85001131810725
 10
136.47473434565674
 20
257.83507962797154
 10
136.50459772592814
 20
257.1930169521365
 10
136.41500758511393
 20
257.85001131810725
 10
136.41500758511393
 20
257.85001131810725
 10
136.45980265552103
 20
257.02876836064377
 10
136.45980265552103
 20
257.02876836064377
 10
136.50459772592814
 20
257.1930169521365
  0
LWPOLYLINE
  5
3497
330
17
100
AcDbEntity
  8
SIDEWALK_PATH
100
AcDbPolyline
 90
12
 70
1
 10
136.41500758511393
 20
257.85001131810725
 10
136.45980265552103
 20
257.02876836064377
 10
136.45980265552103
 20
257.02876836064377
 10
136.38514420484253
 20
257.85001131810725
 10
136.38514420484253
 20
257.85001131810725
 10
136.41500758511393
 20
257.85001131810725
 10
136.45980265552103
 20
257.02876836064377
 10
136.38514420484253
 20
257.85001131810725
 10
136.38514420484253
 20
257.85001131810725
 10
136.44487096538532
 20
256.84958807901535
 10
136.44487096538532
 20
256.84958807901535
 10
136.45980265552103
 20
257.02876836064377
  0
LWPOLYLINE
  5
3498
330
17
100
AcDbEntity
  8
SIDEWALK_PATH
100
AcDbPolyline
 90
12
 70
1
 10
136.38514420484253
 20
257.85001131810725
 10
136.44487096538532
 20
256.84958807901535
 10
136.44487096538532
 20
256.84958807901535
 10
136.11637378239993
 20
257.85001131810725
 10
136.11637378239993
 20
257.85001131810725
 10
136.38514420484253
 20
257.85001131810725
 10
136.44487096538532
 20
256.84958807901535
 10
136.11637378239993
 20
257.85001131810725
 10
136.11637378239993
 20
257.85001131810725
 10
136.47473434565674
 20
250.83216206517474
 10
136.47473434565674
 20
250.83216206517474
 10
136.44487096538532
 20
256.84958807901535
  0
LWPOLYLINE
  5
3499
330
17
100
AcDbEntity
  8
SIDEWALK_PATH
100
AcDbPolyline
 90
12
 70
1
 10
136.11637378239993
 20
257.85001131810725
 10
136.47473434565674
 20
250.83216206517474
 10
136.47473434565674
 20
250.83216206517474
 10
136.05664702185715
 20
255.38630500113996
 10
136.05664702185715
 20
255.38630500113996
 10
136.11637378239993
 20
257.85001131810725
 10
136.47473434565674
 20
250.83216206517474
 10
136.05664702185715
 20
255.38630500113996
 10
136.05664702185715
 20
255.38630500113996
 10
136.48966603579242
 20
246.501994481245
 10
136.48966603579242
 20
246.501994481245
 10
136.47473434565674
 20
250.83216206517474
  0
LWPOLYLINE
  5
349A
330
17
100
AcDbEntity
  8
SIDEWALK_PATH
100
AcDbPolyline
 90
12
 70
1
 10
136.48966603579242
 20
246.501994481245
 10
136.14623716267133
 20
246.60651631219488
 10
136.14623716267133
 20
246.60651631219488
 10
135.92226181063583
 20
250.96654727639603
 10
135.92226181063583
 20
250.96654727639603
 10
136.48966603579242
 20
246.501994481245
 10
136.14623716267133
 20
246.60651631219488
 10
135.92226181063583
 20
250.96654727639603
 10
135.92226181063583
 20
250.96654727639603
 10
135.80280828955026
 20
246.75583321355188
 10
135.80280828955026
 20
246.75583321355188
 10
136.14623716267133
 20
246.60651631219488
  0
LWPOLYLINE
  5
349B
330
17
100
AcDbEntity
  8
SIDEWALK_PATH
100
AcDbPolyline
 90
6
 70
1
 10
136.48966603579242
 20
246.501994481245
 10
136.05664702185715
 20
255.38630500113996
 10
136.05664702185715
 20
255.38630500113996
 10
135.92226181063583
 20
250.96654727639603
 10
135.92226181063583
 20
250.96654727639603
 10
136.48966603579242
 20
246.501994481245
  0
LWPOLYLINE
  5
349C
330
17
100
AcDbEntity
  8
SIDEWALK_PATH
100
AcDbPolyline
 90
6
 70
1
 10
120.63231261108363
 20
349.75393255149004
 10
120.61738092094792
 20
349.75393255149004
 10
120.61738092094792
 20
349.75393255149004
 10
120.63231261108363
 20
349.45532130419923
 10
120.63231261108363
 20
349.45532130419923
 10
120.63231261108363
 20
349.75393255149004
  0
LWPOLYLINE
  5
349D
330
17
100
AcDbEntity
  8
SIDEWALK_PATH
100
AcDbPolyline
 90
12
 70
1
 10
120.61738092094792
 20
349.75393255149004
 10
120.63231261108363
 20
349.45532130419923
 10
120.63231261108363
 20
349.45532130419923
 10
118.24325346708326
 20
349.7390008613543
 10
118.24325346708326
 20
349.7390008613543
 10
120.61738092094792
 20
349.75393255149004
 10
120.63231261108363
 20
349.45532130419923
 10
118.24325346708326
 20
349.7390008613543
 10
118.24325346708326
 20
349.7390008613543
 10
118.25818515721896
 20
349.4105262337921
 10
118.25818515721896
 20
349.4105262337921
 10
120.63231261108363
 20
349.45532130419923
  0
LWPOLYLINE
  5
349E
330
17
100
AcDbEntity
  8
SIDEWALK_PATH
100
AcDbPolyline
 90
12
 70
1
 10
118.24325346708326
 20
349.7390008613543
 10
118.25818515721896
 20
349.4105262337921
 10
118.25818515721896
 20
349.4105262337921
 10
118.04915277303076
 20
349.76886424162575
 10
118.04915277303076
 20
349.76886424162575
 10
118.24325346708326
 20
349.7390008613543
 10
118.25818515721896
 20
349.4105262337921
 10
118.04915277303076
 20
349.76886424162575
 10
118.04915277303076
 20
349.76886424162575
 10
118.06408446316645
 20
349.39559454365644
 10
118.06408446316645
 20
349.39559454365644
 10
118.25818515721896
 20
349.4105262337921
  0
LWPOLYLINE
  5
349F
330
17
100
AcDbEntity
  8
SIDEWALK_PATH
100
AcDbPolyline
 90
12
 70
1
 10
118.04915277303076
 20
349.76886424162575
 10
118.06408446316645
 20
349.39559454365644
 10
118.06408446316645
 20
349.39559454365644
 10
117.84010911113096
 20
349.82859100216854
 10
117.84010911113096
 20
349.82859100216854
 10
118.04915277303076
 20
349.76886424162575
 10
118.06408446316645
 20
349.39559454365644
 10
117.84010911113096
 20
349.82859100216854
 10
117.84010911113096
 20
349.82859100216854
 10
117.86997249140235
 20
349.39559454365644
 10
117.86997249140235
 20
349.39559454365644
 10
118.06408446316645
 20
349.39559454365644
  0
LWPOLYLINE
  5
34A0
330
17
100
AcDbEntity
  8
SIDEWALK_PATH
100
AcDbPolyline
 90
12
 70
1
 10
117.84010911113096
 20
349.82859100216854
 10
117.86997249140235
 20
349.39559454365644
 10
117.86997249140235
 20
349.39559454365644
 10
117.66092882950257
 20
349.91818114298275
 10
117.66092882950257
 20
349.91818114298275
 10
117.84010911113096
 20
349.82859100216854
 10
117.86997249140235
 20
349.39559454365644
 10
117.66092882950257
 20
349.91818114298275
 10
117.66092882950257
 20
349.91818114298275
 10
117.69079220977396
 20
349.39559454365644
 10
117.69079220977396
 20
349.39559454365644
 10
117.86997249140235
 20
349.39559454365644
  0
LWPOLYLINE
  5
34A1
330
17
100
AcDbEntity
  8
SIDEWALK_PATH
100
AcDbPolyline
 90
12
 70
1
 10
117.66092882950257
 20
349.91818114298275
 10
117.69079220977396
 20
349.39559454365644
 10
117.69079220977396
 20
349.39559454365644
 10
117.51161192814557
 20
350.05256635420403
 10
117.51161192814557
 20
350.05256635420403
 10
117.66092882950257
 20
349.91818114298275
 10
117.69079220977396
 20
349.39559454365644
 10
117.51161192814557
 20
350.05256635420403
 10
117.51161192814557
 20
350.05256635420403
 10
117.54147530841696
 20
349.39559454365644
 10
117.54147530841696
 20
349.39559454365644
 10
117.69079220977396
 20
349.39559454365644
  0
LWPOLYLINE
  5
34A2
330
17
100
AcDbEntity
  8
SIDEWALK_PATH
100
AcDbPolyline
 90
12
 70
1
 10
117.51161192814557
 20
350.05256635420403
 10
117.54147530841696
 20
349.39559454365644
 10
117.54147530841696
 20
349.39559454365644
 10
117.37722671692427
 20
350.20188325556103
 10
117.37722671692427
 20
350.20188325556103
 10
117.51161192814557
 20
350.05256635420403
 10
117.54147530841696
 20
349.39559454365644
 10
117.37722671692427
 20
350.20188325556103
 10
117.37722671692427
 20
350.20188325556103
 10
117.42202178733136
 20
349.38066285352073
 10
117.42202178733136
 20
349.38066285352073
 10
117.54147530841696
 20
349.39559454365644
  0
LWPOLYLINE
  5
34A3
330
17
100
AcDbEntity
  8
SIDEWALK_PATH
100
AcDbPolyline
 90
12
 70
1
 10
117.37722671692427
 20
350.20188325556103
 10
117.42202178733136
 20
349.38066285352073
 10
117.42202178733136
 20
349.38066285352073
 10
117.27270488597436
 20
350.38106353718945
 10
117.27270488597436
 20
350.38106353718945
 10
117.37722671692427
 20
350.20188325556103
 10
117.42202178733136
 20
349.38066285352073
 10
117.27270488597436
 20
350.38106353718945
 10
117.27270488597436
 20
350.38106353718945
 10
117.33243164651716
 20
349.38066285352073
 10
117.33243164651716
 20
349.38066285352073
 10
117.42202178733136
 20
349.38066285352073
  0
LWPOLYLINE
  5
34A4
330
17
100
AcDbEntity
  8
SIDEWALK_PATH
100
AcDbPolyline
 90
12
 70
1
 10
117.27270488597436
 20
350.38106353718945
 10
117.33243164651716
 20
349.38066285352073
 10
117.33243164651716
 20
349.38066285352073
 10
117.21297812543158
 20
350.59010719908923
 10
117.21297812543158
 20
350.59010719908923
 10
117.27270488597436
 20
350.38106353718945
 10
117.33243164651716
 20
349.38066285352073
 10
117.21297812543158
 20
350.59010719908923
 10
117.21297812543158
 20
350.59010719908923
 10
117.27270488597436
 20
349.38066285352073
 10
117.27270488597436
 20
349.38066285352073
 10
117.33243164651716
 20
349.38066285352073
  0
LWPOLYLINE
  5
34A5
330
17
100
AcDbEntity
  8
SIDEWALK_PATH
100
AcDbPolyline
 90
16
 70
1
 10
117.21297812543158
 20
350.59010719908923
 10
117.19804643529586
 20
350.7842191708533
 10
117.19804643529586
 20
350.7842191708533
 10
117.27270488597436
 20
349.38066285352073
 10
117.27270488597436
 20
349.38066285352073
 10
117.21297812543158
 20
350.59010719908923
 10
117.19804643529586
 20
350.7842191708533
 10
117.27270488597436
 20
349.38066285352073
 10
117.27270488597436
 20
349.38066285352073
 10
117.19804643529586
 20
350.7842191708533
 10
117.27270488597436
 20
349.38066285352073
 10
117.19804643529586
 20
350.7842191708533
 10
117.19804643529586
 20
350.7842191708533
 10
117.19804643529586
 20
349.38066285352073
 10
117.19804643529586
 20
349.38066285352073
 10
117.27270488597436
 20
349.38066285352073
  0
LWPOLYLINE
  5
34A6
330
17
100
AcDbEntity
  8
SIDEWALK_PATH
100
AcDbPolyline
 90
6
 70
1
 10
119.52737881875343
 20
257.08849512118655
 10
118.61654572047576
 20
257.59617258580033
 10
118.61654572047576
 20
257.59617258580033
 10
118.67627248101856
 20
256.5061592058943
 10
118.67627248101856
 20
256.5061592058943
 10
119.52737881875343
 20
257.08849512118655
  0
LWPOLYLINE
  5
34A7
330
17
100
AcDbEntity
  8
SIDEWALK_PATH
100
AcDbPolyline
 90
12
 70
1
 10
118.61654572047576
 20
257.59617258580033
 10
118.67627248101856
 20
256.5061592058943
 10
118.67627248101856
 20
256.5061592058943
 10
118.46722881911876
 20
257.70069441675025
 10
118.46722881911876
 20
257.70069441675025
 10
118.61654572047576
 20
257.59617258580033
 10
118.67627248101856
 20
256.5061592058943
 10
118.46722881911876
 20
257.70069441675025
 10
118.46722881911876
 20
257.70069441675025
 10
118.54188726979726
 20
256.40163737494436
 10
118.54188726979726
 20
256.40163737494436
 10
118.67627248101856
 20
256.5061592058943
  0
LWPOLYLINE
  5
34A8
330
17
100
AcDbEntity
  8
SIDEWALK_PATH
100
AcDbPolyline
 90
12
 70
1
 10
118.46722881911876
 20
257.70069441675025
 10
118.54188726979726
 20
256.40163737494436
 10
118.54188726979726
 20
256.40163737494436
 10
118.34777529803317
 20
257.83507962797154
 10
118.34777529803317
 20
257.83507962797154
 10
118.46722881911876
 20
257.70069441675025
 10
118.54188726979726
 20
256.40163737494436
 10
118.34777529803317
 20
257.83507962797154
 10
118.34777529803317
 20
257.83507962797154
 10
118.42243374871165
 20
256.32697892426586
 10
118.42243374871165
 20
256.32697892426586
 10
118.54188726979726
 20
256.40163737494436
  0
LWPOLYLINE
  5
34A9
330
17
100
AcDbEntity
  8
SIDEWALK_PATH
100
AcDbPolyline
 90
12
 70
1
 10
118.34777529803317
 20
257.83507962797154
 10
118.42243374871165
 20
256.32697892426586
 10
118.42243374871165
 20
256.32697892426586
 10
118.24325346708326
 20
257.98439652932854
 10
118.24325346708326
 20
257.98439652932854
 10
118.34777529803317
 20
257.83507962797154
 10
118.42243374871165
 20
256.32697892426586
 10
118.24325346708326
 20
257.98439652932854
 10
118.24325346708326
 20
257.98439652932854
 10
118.31791191776176
 20
256.25232047358736
 10
118.31791191776176
 20
256.25232047358736
 10
118.42243374871165
 20
256.32697892426586
  0
LWPOLYLINE
  5
34AA
330
17
100
AcDbEntity
  8
SIDEWALK_PATH
100
AcDbPolyline
 90
12
 70
1
 10
118.24325346708326
 20
257.98439652932854
 10
118.31791191776176
 20
256.25232047358736
 10
118.31791191776176
 20
256.25232047358736
 10
118.15366332626907
 20
258.14864512082124
 10
118.15366332626907
 20
258.14864512082124
 10
118.24325346708326
 20
257.98439652932854
 10
118.31791191776176
 20
256.25232047358736
 10
118.15366332626907
 20
258.14864512082124
 10
118.15366332626907
 20
258.14864512082124
 10
118.25818515721896
 20
256.2075254031803
 10
118.25818515721896
 20
256.2075254031803
 10
118.31791191776176
 20
256.25232047358736
  0
LWPOLYLINE
  5
34AB
330
17
100
AcDbEntity
  8
SIDEWALK_PATH
100
AcDbPolyline
 90
12
 70
1
 10
118.15366332626907
 20
258.14864512082124
 10
118.25818515721896
 20
256.2075254031803
 10
118.25818515721896
 20
256.2075254031803
 10
118.10887953357356
 20
258.3278254024496
 10
118.10887953357356
 20
258.3278254024496
 10
118.15366332626907
 20
258.14864512082124
 10
118.25818515721896
 20
256.2075254031803
 10
118.10887953357356
 20
258.3278254024496
 10
118.10887953357356
 20
258.3278254024496
 10
118.21339008681187
 20
256.17766202290886
 10
118.21339008681187
 20
256.17766202290886
 10
118.25818515721896
 20
256.2075254031803
  0
LWPOLYLINE
  5
34AC
330
17
100
AcDbEntity
  8
SIDEWALK_PATH
100
AcDbPolyline
 90
16
 70
1
 10
118.10887953357356
 20
258.3278254024496
 10
118.09394784343785
 20
258.507005684078
 10
118.09394784343785
 20
258.507005684078
 10
118.21339008681187
 20
256.17766202290886
 10
118.21339008681187
 20
256.17766202290886
 10
118.10887953357356
 20
258.3278254024496
 10
118.09394784343785
 20
258.507005684078
 10
118.21339008681187
 20
256.17766202290886
 10
118.21339008681187
 20
256.17766202290886
 10
118.09394784343785
 20
258.507005684078
 10
118.21339008681187
 20
256.17766202290886
 10
118.09394784343785
 20
258.507005684078
 10
118.09394784343785
 20
258.507005684078
 10
118.10887953357356
 20
256.10300357223036
 10
118.10887953357356
 20
256.10300357223036
 10
118.21339008681187
 20
256.17766202290886
  0
LWPOLYLINE
  5
34AD
330
17
100
AcDbEntity
  8
SIDEWALK_PATH
100
AcDbPolyline
 90
6
 70
1
 10
114.3461161748004
 20
419.7382905536279
 10
114.2117309635791
 20
419.7382905536279
 10
114.2117309635791
 20
419.7382905536279
 10
114.3461161748004
 20
417.11031308974475
 10
114.3461161748004
 20
417.11031308974475
 10
114.3461161748004
 20
419.7382905536279
  0
LWPOLYLINE
  5
34AE
330
17
100
AcDbEntity
  8
SIDEWALK_PATH
100
AcDbPolyline
 90
10
 70
1
 10
114.2117309635791
 20
419.7382905536279
 10
114.2266626537148
 20
419.21572650972473
 10
114.2266626537148
 20
419.21572650972473
 10
114.2117309635791
 20
419.7382905536279
 10
114.2266626537148
 20
419.21572650972473
 10
114.2117309635791
 20
419.7382905536279
 10
114.2117309635791
 20
419.7382905536279
 10
114.2266626537148
 20
419.30531665053894
 10
114.2266626537148
 20
419.30531665053894
 10
114.2266626537148
 20
419.21572650972473
  0
LWPOLYLINE
  5
34AF
330
17
100
AcDbEntity
  8
SIDEWALK_PATH
100
AcDbPolyline
 90
12
 70
1
 10
114.2266626537148
 20
419.21572650972473
 10
114.3461161748004
 20
417.11031308974475
 10
114.3461161748004
 20
417.11031308974475
 10
114.2266626537148
 20
419.1410229481999
 10
114.2266626537148
 20
419.1410229481999
 10
114.2266626537148
 20
419.21572650972473
 10
114.3461161748004
 20
417.11031308974475
 10
114.2266626537148
 20
419.1410229481999
 10
114.2266626537148
 20
419.1410229481999
 10
114.3311844846647
 20
417.03569974991257
 10
114.3311844846647
 20
417.03569974991257
 10
114.3461161748004
 20
417.11031308974475
  0
LWPOLYLINE
  5
34B0
330
17
100
AcDbEntity
  8
SIDEWALK_PATH
100
AcDbPolyline
 90
12
 70
1
 10
114.2117309635791
 20
419.7382905536279
 10
114.2266626537148
 20
419.30531665053894
 10
114.2266626537148
 20
419.30531665053894
 10
114.1818675833077
 20
419.7382905536279
 10
114.1818675833077
 20
419.7382905536279
 10
114.2117309635791
 20
419.7382905536279
 10
114.2266626537148
 20
419.30531665053894
 10
114.1818675833077
 20
419.7382905536279
 10
114.1818675833077
 20
419.7382905536279
 10
114.1967992734434
 20
419.39490679135315
 10
114.1967992734434
 20
419.39490679135315
 10
114.2266626537148
 20
419.30531665053894
  0
LWPOLYLINE
  5
34B1
330
17
100
AcDbEntity
  8
SIDEWALK_PATH
100
AcDbPolyline
 90
12
 70
1
 10
114.1818675833077
 20
419.7382905536279
 10
114.1967992734434
 20
419.39490679135315
 10
114.1967992734434
 20
419.39490679135315
 10
114.1520042030363
 20
419.7382905536279
 10
114.1520042030363
 20
419.7382905536279
 10
114.1818675833077
 20
419.7382905536279
 10
114.1967992734434
 20
419.39490679135315
 10
114.1520042030363
 20
419.7382905536279
 10
114.1520042030363
 20
419.7382905536279
 10
114.16693589317201
 20
419.4844969321673
 10
114.16693589317201
 20
419.4844969321673
 10
114.1967992734434
 20
419.39490679135315
  0
LWPOLYLINE
  5
34B2
330
17
100
AcDbEntity
  8
SIDEWALK_PATH
100
AcDbPolyline
 90
12
 70
1
 10
114.1520042030363
 20
419.7382905536279
 10
114.16693589317201
 20
419.4844969321673
 10
114.16693589317201
 20
419.4844969321673
 10
114.10720913262921
 20
419.7382905536279
 10
114.10720913262921
 20
419.7382905536279
 10
114.1520042030363
 20
419.7382905536279
 10
114.16693589317201
 20
419.4844969321673
 10
114.10720913262921
 20
419.7382905536279
 10
114.10720913262921
 20
419.7382905536279
 10
114.10720913262921
 20
419.5591102719995
 10
114.10720913262921
 20
419.5591102719995
 10
114.16693589317201
 20
419.4844969321673
  0
LWPOLYLINE
  5
34B3
330
17
100
AcDbEntity
  8
SIDEWALK_PATH
100
AcDbPolyline
 90
12
 70
1
 10
114.10720913262921
 20
419.7382905536279
 10
114.10720913262921
 20
419.5591102719995
 10
114.10720913262921
 20
419.5591102719995
 10
114.0474823720864
 20
419.7382905536279
 10
114.0474823720864
 20
419.7382905536279
 10
114.10720913262921
 20
419.7382905536279
 10
114.10720913262921
 20
419.5591102719995
 10
114.0474823720864
 20
419.7382905536279
 10
114.0474823720864
 20
419.7382905536279
 10
114.0474823720864
 20
419.6188370325423
 10
114.0474823720864
 20
419.6188370325423
 10
114.10720913262921
 20
419.5591102719995
  0
LWPOLYLINE
  5
34B4
330
17
100
AcDbEntity
  8
SIDEWALK_PATH
100
AcDbPolyline
 90
12
 70
1
 10
114.0474823720864
 20
419.7382905536279
 10
114.0474823720864
 20
419.6188370325423
 10
114.0474823720864
 20
419.6188370325423
 10
113.97282392140791
 20
419.7382905536279
 10
113.97282392140791
 20
419.7382905536279
 10
114.0474823720864
 20
419.7382905536279
 10
114.0474823720864
 20
419.6188370325423
 10
113.97282392140791
 20
419.7382905536279
 10
113.97282392140791
 20
419.7382905536279
 10
113.97282392140791
 20
419.6636772137957
 10
113.97282392140791
 20
419.6636772137957
 10
114.0474823720864
 20
419.6188370325423
  0
LWPOLYLINE
  5
34B5
330
17
100
AcDbEntity
  8
SIDEWALK_PATH
100
AcDbPolyline
 90
12
 70
1
 10
113.97282392140791
 20
419.7382905536279
 10
113.97282392140791
 20
419.6636772137957
 10
113.97282392140791
 20
419.6636772137957
 10
113.88323378059371
 20
419.7382905536279
 10
113.88323378059371
 20
419.7382905536279
 10
113.97282392140791
 20
419.7382905536279
 10
113.97282392140791
 20
419.6636772137957
 10
113.88323378059371
 20
419.7382905536279
 10
113.88323378059371
 20
419.7382905536279
 10
113.88323378059371
 20
419.7084271733565
 10
113.88323378059371
 20
419.7084271733565
 10
113.97282392140791
 20
419.6636772137957
  0
LWPOLYLINE
  5
34B6
330
17
100
AcDbEntity
  8
SIDEWALK_PATH
100
AcDbPolyline
 90
12
 70
1
 10
114.2266626537148
 20
419.1410229481999
 10
114.3311844846647
 20
417.03569974991257
 10
114.3311844846647
 20
417.03569974991257
 10
114.2266626537148
 20
412.6607596509989
 10
114.2266626537148
 20
412.6607596509989
 10
114.2266626537148
 20
419.1410229481999
 10
114.3311844846647
 20
417.03569974991257
 10
114.2266626537148
 20
412.6607596509989
 10
114.2266626537148
 20
412.6607596509989
 10
114.3311844846647
 20
410.67479975210455
 10
114.3311844846647
 20
410.67479975210455
 10
114.3311844846647
 20
417.03569974991257
  0
LWPOLYLINE
  5
34B7
330
17
100
AcDbEntity
  8
SIDEWALK_PATH
100
AcDbPolyline
 90
12
 70
1
 10
113.79364363977952
 20
419.7382905536279
 10
113.79364363977952
 20
419.7382905536279
 10
113.79364363977952
 20
419.7382905536279
 10
113.88323378059371
 20
419.7084271733565
 10
113.88323378059371
 20
419.7084271733565
 10
113.79364363977952
 20
419.7382905536279
 10
113.79364363977952
 20
419.7382905536279
 10
113.88323378059371
 20
419.7084271733565
 10
113.88323378059371
 20
419.7084271733565
 10
113.88323378059371
 20
419.7382905536279
 10
113.88323378059371
 20
419.7382905536279
 10
113.79364363977952
 20
419.7382905536279
  0
LWPOLYLINE
  5
34B8
330
17
100
AcDbEntity
  8
SIDEWALK_PATH
100
AcDbPolyline
 90
12
 70
1
 10
114.2266626537148
 20
412.6607596509989
 10
114.3311844846647
 20
410.67479975210455
 10
114.3311844846647
 20
410.67479975210455
 10
114.2266626537148
 20
392.951018893568
 10
114.2266626537148
 20
392.951018893568
 10
114.2266626537148
 20
412.6607596509989
 10
114.3311844846647
 20
410.67479975210455
 10
114.2266626537148
 20
392.951018893568
 10
114.2266626537148
 20
392.951018893568
 10
114.3759795550718
 20
389.9348174861567
 10
114.3759795550718
 20
389.9348174861567
 10
114.3311844846647
 20
410.67479975210455
  0
LWPOLYLINE
  5
34B9
330
17
100
AcDbEntity
  8
SIDEWALK_PATH
100
AcDbPolyline
 90
12
 70
1
 10
114.2266626537148
 20
392.951018893568
 10
114.3759795550718
 20
389.9348174861567
 10
114.3759795550718
 20
389.9348174861567
 10
114.2266626537148
 20
372.53955636602876
 10
114.2266626537148
 20
372.53955636602876
 10
114.2266626537148
 20
392.951018893568
 10
114.3759795550718
 20
389.9348174861567
 10
114.2266626537148
 20
372.53955636602876
 10
114.2266626537148
 20
372.53955636602876
 10
114.3759795550718
 20
369.41885568309067
 10
114.3759795550718
 20
369.41885568309067
 10
114.3759795550718
 20
389.9348174861567
  0
LWPOLYLINE
  5
34BA
330
17
100
AcDbEntity
  8
SIDEWALK_PATH
100
AcDbPolyline
 90
12
 70
1
 10
114.2266626537148
 20
372.53955636602876
 10
114.3759795550718
 20
369.41885568309067
 10
114.3759795550718
 20
369.41885568309067
 10
114.2266626537148
 20
367.8659599089779
 10
114.2266626537148
 20
367.8659599089779
 10
114.2266626537148
 20
372.53955636602876
 10
114.3759795550718
 20
369.41885568309067
 10
114.2266626537148
 20
367.8659599089779
 10
114.2266626537148
 20
367.8659599089779
 10
114.3909112452075
 20
364.46155711346154
 10
114.3909112452075
 20
364.46155711346154
 10
114.3759795550718
 20
369.41885568309067
  0
LWPOLYLINE
  5
34BB
330
17
100
AcDbEntity
  8
SIDEWALK_PATH
100
AcDbPolyline
 90
12
 70
1
 10
114.2266626537148
 20
367.8659599089779
 10
114.3909112452075
 20
364.46155711346154
 10
114.3909112452075
 20
364.46155711346154
 10
114.2565260339862
 20
352.7552022687657
 10
114.2565260339862
 20
352.7552022687657
 10
114.2266626537148
 20
367.8659599089779
 10
114.3909112452075
 20
364.46155711346154
 10
114.2565260339862
 20
352.7552022687657
 10
114.2565260339862
 20
352.7552022687657
 10
114.4357063156146
 20
349.09696074094245
 10
114.4357063156146
 20
349.09696074094245
 10
114.3909112452075
 20
364.46155711346154
  0
LWPOLYLINE
  5
34BC
330
17
100
AcDbEntity
  8
SIDEWALK_PATH
100
AcDbPolyline
 90
12
 70
1
 10
114.2565260339862
 20
352.7552022687657
 10
114.4357063156146
 20
349.09696074094245
 10
114.4357063156146
 20
349.09696074094245
 10
114.3013211043933
 20
331.31343056643993
 10
114.3013211043933
 20
331.31343056643993
 10
114.2565260339862
 20
352.7552022687657
 10
114.4357063156146
 20
349.09696074094245
 10
114.3013211043933
 20
331.31343056643993
 10
114.3013211043933
 20
331.31343056643993
 10
114.465569695886
 20
328.14793481309476
 10
114.465569695886
 20
328.14793481309476
 10
114.4357063156146
 20
349.09696074094245
  0
LWPOLYLINE
  5
34BD
330
17
100
AcDbEntity
  8
SIDEWALK_PATH
100
AcDbPolyline
 90
12
 70
1
 10
114.3013211043933
 20
331.31343056643993
 10
114.465569695886
 20
328.14793481309476
 10
114.465569695886
 20
328.14793481309476
 10
114.3311844846647
 20
321.5033778135548
 10
114.3311844846647
 20
321.5033778135548
 10
114.3013211043933
 20
331.31343056643993
 10
114.465569695886
 20
328.14793481309476
 10
114.3311844846647
 20
321.5033778135548
 10
114.3311844846647
 20
321.5033778135548
 10
114.4954330761574
 20
318.1885651588526
 10
114.4954330761574
 20
318.1885651588526
 10
114.465569695886
 20
328.14793481309476
  0
LWPOLYLINE
  5
34BE
330
17
100
AcDbEntity
  8
SIDEWALK_PATH
100
AcDbPolyline
 90
12
 70
1
 10
114.3311844846647
 20
321.5033778135548
 10
114.4954330761574
 20
318.1885651588526
 10
114.4954330761574
 20
318.1885651588526
 10
114.3311844846647
 20
319.4875996452353
 10
114.3311844846647
 20
319.4875996452353
 10
114.3311844846647
 20
321.5033778135548
 10
114.4954330761574
 20
318.1885651588526
 10
114.3311844846647
 20
319.4875996452353
 10
114.3311844846647
 20
319.4875996452353
 10
114.3909112452075
 20
318.1139067081741
 10
114.3909112452075
 20
318.1139067081741
 10
114.4954330761574
 20
318.1885651588526
  0
LWPOLYLINE
  5
34BF
330
17
100
AcDbEntity
  8
SIDEWALK_PATH
100
AcDbPolyline
 90
12
 70
1
 10
114.3311844846647
 20
319.4875996452353
 10
114.3909112452075
 20
318.1139067081741
 10
114.3909112452075
 20
318.1139067081741
 10
114.3013211043933
 20
319.0695348768589
 10
114.3013211043933
 20
319.0695348768589
 10
114.3311844846647
 20
319.4875996452353
 10
114.3909112452075
 20
318.1139067081741
 10
114.3013211043933
 20
319.0695348768589
 10
114.3013211043933
 20
319.0695348768589
 10
114.3461161748004
 20
318.0840433279027
 10
114.3461161748004
 20
318.0840433279027
 10
114.3909112452075
 20
318.1139067081741
  0
LWPOLYLINE
  5
34C0
330
17
100
AcDbEntity
  8
SIDEWALK_PATH
100
AcDbPolyline
 90
12
 70
1
 10
114.3013211043933
 20
319.0695348768589
 10
114.3461161748004
 20
318.0840433279027
 10
114.3461161748004
 20
318.0840433279027
 10
114.2266626537148
 20
318.6514475530593
 10
114.2266626537148
 20
318.6514475530593
 10
114.3013211043933
 20
319.0695348768589
 10
114.3461161748004
 20
318.0840433279027
 10
114.2266626537148
 20
318.6514475530593
 10
114.2266626537148
 20
318.6514475530593
 10
114.2565260339862
 20
318.0093848772242
 10
114.2565260339862
 20
318.0093848772242
 10
114.3461161748004
 20
318.0840433279027
  0
LWPOLYLINE
  5
34C1
330
17
100
AcDbEntity
  8
SIDEWALK_PATH
100
AcDbPolyline
 90
12
 70
1
 10
114.2266626537148
 20
318.6514475530593
 10
114.2565260339862
 20
318.0093848772242
 10
114.2565260339862
 20
318.0093848772242
 10
114.07734575235781
 20
318.2482919193954
 10
114.07734575235781
 20
318.2482919193954
 10
114.2266626537148
 20
318.6514475530593
 10
114.2565260339862
 20
318.0093848772242
 10
114.07734575235781
 20
318.2482919193954
 10
114.07734575235781
 20
318.2482919193954
 10
114.10720913262921
 20
317.8899313561386
 10
114.10720913262921
 20
317.8899313561386
 10
114.2565260339862
 20
318.0093848772242
  0
LWPOLYLINE
  5
34C2
330
17
100
AcDbEntity
  8
SIDEWALK_PATH
100
AcDbPolyline
 90
12
 70
1
 10
114.10720913262921
 20
317.8899313561386
 10
113.89816547072941
 20
317.7256827646459
 10
113.89816547072941
 20
317.7256827646459
 10
113.89816547072941
 20
317.8749996660029
 10
113.89816547072941
 20
317.8749996660029
 10
114.10720913262921
 20
317.8899313561386
 10
113.89816547072941
 20
317.7256827646459
 10
113.89816547072941
 20
317.8749996660029
 10
113.89816547072941
 20
317.8749996660029
 10
113.65925842855822
 20
317.53157079288184
 10
113.65925842855822
 20
317.53157079288184
 10
113.89816547072941
 20
317.7256827646459
  0
LWPOLYLINE
  5
34C3
330
17
100
AcDbEntity
  8
SIDEWALK_PATH
100
AcDbPolyline
 90
6
 70
1
 10
114.10720913262921
 20
317.8899313561386
 10
114.07734575235781
 20
318.2482919193954
 10
114.07734575235781
 20
318.2482919193954
 10
113.89816547072941
 20
317.8749996660029
 10
113.89816547072941
 20
317.8749996660029
 10
114.10720913262921
 20
317.8899313561386
  0
LWPOLYLINE
  5
34C4
330
17
100
AcDbEntity
  8
SIDEWALK_PATH
100
AcDbPolyline
 90
6
 70
1
 10
92.48626842638667
 20
301.2710730122207
 10
92.09804448285848
 20
301.1217561108637
 10
92.09804448285848
 20
301.1217561108637
 10
92.09804448285848
 20
300.9724392095067
 10
92.09804448285848
 20
300.9724392095067
 10
92.48626842638667
 20
301.2710730122207
  0
LWPOLYLINE
  5
34C5
330
17
100
AcDbEntity
  8
SIDEWALK_PATH
100
AcDbPolyline
 90
12
 70
1
 10
92.09804448285848
 20
301.1217561108637
 10
92.09804448285848
 20
300.9724392095067
 10
92.09804448285848
 20
300.9724392095067
 10
92.03831772231568
 20
301.106824420728
 10
92.03831772231568
 20
301.106824420728
 10
92.09804448285848
 20
301.1217561108637
 10
92.09804448285848
 20
300.9724392095067
 10
92.03831772231568
 20
301.106824420728
 10
92.03831772231568
 20
301.106824420728
 10
92.03831772231568
 20
300.92764413909964
 10
92.03831772231568
 20
300.92764413909964
 10
92.09804448285848
 20
300.9724392095067
  0
LWPOLYLINE
  5
34C6
330
17
100
AcDbEntity
  8
SIDEWALK_PATH
100
AcDbPolyline
 90
12
 70
1
 10
92.03831772231568
 20
301.106824420728
 10
92.03831772231568
 20
300.92764413909964
 10
92.03831772231568
 20
300.92764413909964
 10
91.67996279791468
 20
301.0321659700495
 10
91.67996279791468
 20
301.0321659700495
 10
92.03831772231568
 20
301.106824420728
 10
92.03831772231568
 20
300.92764413909964
 10
91.67996279791468
 20
301.0321659700495
 10
91.67996279791468
 20
301.0321659700495
 10
91.67996279791468
 20
300.92764413909964
 10
91.67996279791468
 20
300.92764413909964
 10
92.03831772231568
 20
300.92764413909964
  0
LWPOLYLINE
  5
34C7
330
17
100
AcDbEntity
  8
SIDEWALK_PATH
100
AcDbPolyline
 90
12
 70
1
 10
91.67996279791468
 20
301.0321659700495
 10
91.67996279791468
 20
300.92764413909964
 10
91.67996279791468
 20
300.92764413909964
 10
91.26187547411509
 20
301.00230258977814
 10
91.26187547411509
 20
301.00230258977814
 10
91.67996279791468
 20
301.0321659700495
 10
91.67996279791468
 20
300.92764413909964
 10
91.26187547411509
 20
301.00230258977814
 10
91.26187547411509
 20
301.00230258977814
 10
91.26187547411509
 20
300.92764413909964
 10
91.26187547411509
 20
300.92764413909964
 10
91.67996279791468
 20
300.92764413909964
  0
LWPOLYLINE
  5
34C8
330
17
100
AcDbEntity
  8
SIDEWALK_PATH
100
AcDbPolyline
 90
12
 70
1
 10
88.21583324185552
 20
300.9724392095067
 10
88.21583324185552
 20
300.9724392095067
 10
88.21583324185552
 20
300.9724392095067
 10
88.21583324185552
 20
300.91271244896393
 10
88.21583324185552
 20
300.91271244896393
 10
88.21583324185552
 20
300.9724392095067
 10
88.21583324185552
 20
300.9724392095067
 10
88.21583324185552
 20
300.91271244896393
 10
88.21583324185552
 20
300.91271244896393
 10
91.26187547411509
 20
300.92764413909964
 10
91.26187547411509
 20
300.92764413909964
 10
88.21583324185552
 20
300.9724392095067
  0
LWPOLYLINE
  5
34C9
330
17
100
AcDbEntity
  8
SIDEWALK_PATH
100
AcDbPolyline
 90
6
 70
1
 10
91.26187547411509
 20
300.92764413909964
 10
91.26187547411509
 20
301.00230258977814
 10
91.26187547411509
 20
301.00230258977814
 10
88.21583324185552
 20
300.9724392095067
 10
88.21583324185552
 20
300.9724392095067
 10
91.26187547411509
 20
300.92764413909964
  0
LWPOLYLINE
  5
34CA
330
17
100
AcDbEntity
  8
SIDEWALK_PATH
100
AcDbPolyline
 90
6
 70
1
 10
117.82517742099526
 20
370.1803493245882
 10
117.58627037882407
 20
369.8667838317385
 10
117.58627037882407
 20
369.8667838317385
 10
117.58627037882407
 20
369.8219887613314
 10
117.58627037882407
 20
369.8219887613314
 10
117.82517742099526
 20
370.1803493245882
  0
LWPOLYLINE
  5
34CB
330
17
100
AcDbEntity
  8
SIDEWALK_PATH
100
AcDbPolyline
 90
12
 70
1
 10
117.58627037882407
 20
369.8667838317385
 10
117.58627037882407
 20
369.8219887613314
 10
117.58627037882407
 20
369.8219887613314
 10
117.39215840705997
 20
369.62789934499045
 10
117.39215840705997
 20
369.62789934499045
 10
117.58627037882407
 20
369.8667838317385
 10
117.58627037882407
 20
369.8219887613314
 10
117.39215840705997
 20
369.62789934499045
 10
117.39215840705997
 20
369.62789934499045
 10
117.40709009719566
 20
369.46365075349775
 10
117.40709009719566
 20
369.46365075349775
 10
117.58627037882407
 20
369.8219887613314
  0
LWPOLYLINE
  5
34CC
330
17
100
AcDbEntity
  8
SIDEWALK_PATH
100
AcDbPolyline
 90
12
 70
1
 10
117.39215840705997
 20
369.62789934499045
 10
117.40709009719566
 20
369.46365075349775
 10
117.40709009719566
 20
369.46365075349775
 10
117.24284150570297
 20
369.4337873732264
 10
117.24284150570297
 20
369.4337873732264
 10
117.39215840705997
 20
369.62789934499045
 10
117.40709009719566
 20
369.46365075349775
 10
117.24284150570297
 20
369.4337873732264
 10
117.24284150570297
 20
369.4337873732264
 10
117.27270488597436
 20
369.0604951198339
 10
117.27270488597436
 20
369.0604951198339
 10
117.40709009719566
 20
369.46365075349775
  0
LWPOLYLINE
  5
34CD
330
17
100
AcDbEntity
  8
SIDEWALK_PATH
100
AcDbPolyline
 90
12
 70
1
 10
117.24284150570297
 20
369.4337873732264
 10
117.27270488597436
 20
369.0604951198339
 10
117.27270488597436
 20
369.0604951198339
 10
117.15325136488877
 20
369.31433385214075
 10
117.15325136488877
 20
369.31433385214075
 10
117.24284150570297
 20
369.4337873732264
 10
117.27270488597436
 20
369.0604951198339
 10
117.15325136488877
 20
369.31433385214075
 10
117.15325136488877
 20
369.31433385214075
 10
117.18311474516017
 20
368.6722711763057
 10
117.18311474516017
 20
368.6722711763057
 10
117.27270488597436
 20
369.0604951198339
  0
LWPOLYLINE
  5
34CE
330
17
100
AcDbEntity
  8
SIDEWALK_PATH
100
AcDbPolyline
 90
12
 70
1
 10
117.18311474516017
 20
368.6722711763057
 10
117.18311474516017
 20
368.65733948617
 10
117.18311474516017
 20
368.65733948617
 10
117.15325136488877
 20
369.23967540146225
 10
117.15325136488877
 20
369.23967540146225
 10
117.18311474516017
 20
368.6722711763057
 10
117.18311474516017
 20
368.65733948617
 10
117.15325136488877
 20
369.23967540146225
 10
117.15325136488877
 20
369.23967540146225
 10
117.15325136488877
 20
368.2392521623704
 10
117.15325136488877
 20
368.2392521623704
 10
117.18311474516017
 20
368.65733948617
  0
LWPOLYLINE
  5
34CF
330
17
100
AcDbEntity
  8
SIDEWALK_PATH
100
AcDbPolyline
 90
6
 70
1
 10
117.18311474516017
 20
368.6722711763057
 10
117.15325136488877
 20
369.31433385214075
 10
117.15325136488877
 20
369.31433385214075
 10
117.15325136488877
 20
369.23967540146225
 10
117.15325136488877
 20
369.23967540146225
 10
117.18311474516017
 20
368.6722711763057
  0
LWPOLYLINE
  5
34D0
330
17
100
AcDbEntity
  8
SIDEWALK_PATH
100
AcDbPolyline
 90
6
 70
1
 10
113.15158096394443
 20
583.3885317805842
 10
112.97241196002761
 20
583.3736000904486
 10
112.97241196002761
 20
583.3736000904486
 10
113.42035138638703
 20
574.5340846409607
 10
113.42035138638703
 20
574.5340846409607
 10
113.15158096394443
 20
583.3885317805842
  0
LWPOLYLINE
  5
34D1
330
17
100
AcDbEntity
  8
SIDEWALK_PATH
100
AcDbPolyline
 90
12
 70
1
 10
112.97241196002761
 20
583.3736000904486
 10
113.12171758367303
 20
580.2827402323587
 10
113.12171758367303
 20
580.2827402323587
 10
112.95748026989192
 20
583.3736000904486
 10
112.95748026989192
 20
583.3736000904486
 10
112.97241196002761
 20
583.3736000904486
 10
113.12171758367303
 20
580.2827402323587
 10
112.95748026989192
 20
583.3736000904486
 10
112.95748026989192
 20
583.3736000904486
 10
113.09186548111322
 20
580.6858958660226
 10
113.09186548111322
 20
580.6858958660226
 10
113.12171758367303
 20
580.2827402323587
  0
LWPOLYLINE
  5
34D2
330
17
100
AcDbEntity
  8
SIDEWALK_PATH
100
AcDbPolyline
 90
12
 70
1
 10
113.12171758367303
 20
580.2827402323587
 10
113.42035138638703
 20
574.5340846409607
 10
113.42035138638703
 20
574.5340846409607
 10
113.15158096394443
 20
579.3420437538097
 10
113.15158096394443
 20
579.3420437538097
 10
113.12171758367303
 20
580.2827402323587
 10
113.42035138638703
 20
574.5340846409607
 10
113.15158096394443
 20
579.3420437538097
 10
113.15158096394443
 20
579.3420437538097
 10
113.43528307652272
 20
573.623251542683
 10
113.43528307652272
 20
573.623251542683
 10
113.42035138638703
 20
574.5340846409607
  0
LWPOLYLINE
  5
34D3
330
17
100
AcDbEntity
  8
SIDEWALK_PATH
100
AcDbPolyline
 90
12
 70
1
 10
112.95748026989192
 20
583.3736000904486
 10
113.09186548111322
 20
580.6858958660226
 10
113.09186548111322
 20
580.6858958660226
 10
112.88282181921342
 20
583.3736000904486
 10
112.88282181921342
 20
583.3736000904486
 10
112.95748026989192
 20
583.3736000904486
 10
113.09186548111322
 20
580.6858958660226
 10
112.88282181921342
 20
583.3736000904486
 10
112.88282181921342
 20
583.3736000904486
 10
113.00227534029901
 20
581.0890514996865
 10
113.00227534029901
 20
581.0890514996865
 10
113.09186548111322
 20
580.6858958660226
  0
LWPOLYLINE
  5
34D4
330
17
100
AcDbEntity
  8
SIDEWALK_PATH
100
AcDbPolyline
 90
12
 70
1
 10
112.88282181921342
 20
583.3736000904486
 10
113.00227534029901
 20
581.0890514996865
 10
113.00227534029901
 20
581.0890514996865
 10
112.76336829812782
 20
583.3736000904486
 10
112.76336829812782
 20
583.3736000904486
 10
112.88282181921342
 20
583.3736000904486
 10
113.00227534029901
 20
581.0890514996865
 10
112.76336829812782
 20
583.3736000904486
 10
112.76336829812782
 20
583.3736000904486
 10
112.85295843894201
 20
581.462343753079
 10
112.85295843894201
 20
581.462343753079
 10
113.00227534029901
 20
581.0890514996865
  0
LWPOLYLINE
  5
34D5
330
17
100
AcDbEntity
  8
SIDEWALK_PATH
100
AcDbPolyline
 90
12
 70
1
 10
113.15158096394443
 20
579.3420437538097
 10
113.43528307652272
 20
573.623251542683
 10
113.43528307652272
 20
573.623251542683
 10
113.49500983706552
 20
568.0836396131848
 10
113.49500983706552
 20
568.0836396131848
 10
113.15158096394443
 20
579.3420437538097
 10
113.43528307652272
 20
573.623251542683
 10
113.49500983706552
 20
568.0836396131848
 10
113.49500983706552
 20
568.0836396131848
 10
113.74884856937241
 20
562.8725248666719
 10
113.74884856937241
 20
562.8725248666719
 10
113.43528307652272
 20
573.623251542683
  0
LWPOLYLINE
  5
34D6
330
17
100
AcDbEntity
  8
SIDEWALK_PATH
100
AcDbPolyline
 90
12
 70
1
 10
112.76336829812782
 20
583.3736000904486
 10
112.85295843894201
 20
581.462343753079
 10
112.85295843894201
 20
581.462343753079
 10
112.58418801649943
 20
583.3736000904486
 10
112.58418801649943
 20
583.3736000904486
 10
112.76336829812782
 20
583.3736000904486
 10
112.85295843894201
 20
581.462343753079
 10
112.58418801649943
 20
583.3736000904486
 10
112.58418801649943
 20
583.3736000904486
 10
112.67377815731362
 20
581.8356360064715
 10
112.67377815731362
 20
581.8356360064715
 10
112.85295843894201
 20
581.462343753079
  0
LWPOLYLINE
  5
34D7
330
17
100
AcDbEntity
  8
SIDEWALK_PATH
100
AcDbPolyline
 90
12
 70
1
 10
113.49500983706552
 20
568.0836396131848
 10
113.74884856937241
 20
562.8725248666719
 10
113.74884856937241
 20
562.8725248666719
 10
113.76378025950811
 20
559.1843974031541
 10
113.76378025950811
 20
559.1843974031541
 10
113.49500983706552
 20
568.0836396131848
 10
113.74884856937241
 20
562.8725248666719
 10
113.76378025950811
 20
559.1843974031541
 10
113.76378025950811
 20
559.1843974031541
 10
114.0624140622221
 20
552.9728594175493
 10
114.0624140622221
 20
552.9728594175493
 10
113.74884856937241
 20
562.8725248666719
  0
LWPOLYLINE
  5
34D8
330
17
100
AcDbEntity
  8
SIDEWALK_PATH
100
AcDbPolyline
 90
12
 70
1
 10
113.76378025950811
 20
559.1843974031541
 10
114.0624140622221
 20
552.9728594175493
 10
114.0624140622221
 20
552.9728594175493
 10
113.9130971608651
 20
554.0330094171841
 10
113.9130971608651
 20
554.0330094171841
 10
113.76378025950811
 20
559.1843974031541
 10
114.0624140622221
 20
552.9728594175493
 10
113.9130971608651
 20
554.0330094171841
 10
113.9130971608651
 20
554.0330094171841
 10
113.97282392140791
 20
552.9728594175493
 10
113.97282392140791
 20
552.9728594175493
 10
114.0624140622221
 20
552.9728594175493
  0
LWPOLYLINE
  5
34D9
330
17
100
AcDbEntity
  8
SIDEWALK_PATH
100
AcDbPolyline
 90
12
 70
1
 10
113.9130971608651
 20
554.0330094171841
 10
113.97282392140791
 20
552.9728594175493
 10
113.97282392140791
 20
552.9728594175493
 10
113.89816547072941
 20
553.8538291355557
 10
113.89816547072941
 20
553.8538291355557
 10
113.9130971608651
 20
554.0330094171841
 10
113.97282392140791
 20
552.9728594175493
 10
113.89816547072941
 20
553.8538291355557
 10
113.89816547072941
 20
553.8538291355557
 10
113.94296054113651
 20
552.9728594175493
 10
113.94296054113651
 20
552.9728594175493
 10
113.97282392140791
 20
552.9728594175493
  0
LWPOLYLINE
  5
34DA
330
17
100
AcDbEntity
  8
SIDEWALK_PATH
100
AcDbPolyline
 90
12
 70
1
 10
113.89816547072941
 20
553.8538291355557
 10
113.94296054113651
 20
552.9728594175493
 10
113.94296054113651
 20
552.9728594175493
 10
113.85337040032232
 20
553.6597171637916
 10
113.85337040032232
 20
553.6597171637916
 10
113.89816547072941
 20
553.8538291355557
 10
113.94296054113651
 20
552.9728594175493
 10
113.85337040032232
 20
553.6597171637916
 10
113.85337040032232
 20
553.6597171637916
 10
113.89816547072941
 20
552.9728594175493
 10
113.89816547072941
 20
552.9728594175493
 10
113.94296054113651
 20
552.9728594175493
  0
LWPOLYLINE
  5
34DB
330
17
100
AcDbEntity
  8
SIDEWALK_PATH
100
AcDbPolyline
 90
12
 70
1
 10
112.58418801649943
 20
583.3736000904486
 10
112.67377815731362
 20
581.8356360064715
 10
112.67377815731362
 20
581.8356360064715
 10
112.37514435459963
 20
583.3736000904486
 10
112.37514435459963
 20
583.3736000904486
 10
112.58418801649943
 20
583.3736000904486
 10
112.67377815731362
 20
581.8356360064715
 10
112.37514435459963
 20
583.3736000904486
 10
112.37514435459963
 20
583.3736000904486
 10
112.43487111514243
 20
582.164133189457
 10
112.43487111514243
 20
582.164133189457
 10
112.67377815731362
 20
581.8356360064715
  0
LWPOLYLINE
  5
34DC
330
17
100
AcDbEntity
  8
SIDEWALK_PATH
100
AcDbPolyline
 90
12
 70
1
 10
113.85337040032232
 20
553.6597171637916
 10
113.89816547072941
 20
552.9728594175493
 10
113.89816547072941
 20
552.9728594175493
 10
113.77871194964382
 20
553.4954685722988
 10
113.77871194964382
 20
553.4954685722988
 10
113.85337040032232
 20
553.6597171637916
 10
113.89816547072941
 20
552.9728594175493
 10
113.77871194964382
 20
553.4954685722988
 10
113.77871194964382
 20
553.4954685722988
 10
113.80857532991521
 20
552.9728594175493
 10
113.80857532991521
 20
552.9728594175493
 10
113.89816547072941
 20
552.9728594175493
  0
LWPOLYLINE
  5
34DD
330
17
100
AcDbEntity
  8
SIDEWALK_PATH
100
AcDbPolyline
 90
12
 70
1
 10
113.77871194964382
 20
553.4954685722988
 10
113.80857532991521
 20
552.9728594175493
 10
113.80857532991521
 20
552.9728594175493
 10
113.67419011869391
 20
553.3312199808062
 10
113.67419011869391
 20
553.3312199808062
 10
113.77871194964382
 20
553.4954685722988
 10
113.80857532991521
 20
552.9728594175493
 10
113.67419011869391
 20
553.3312199808062
 10
113.67419011869391
 20
553.3312199808062
 10
113.68912180882961
 20
552.9728594175493
 10
113.68912180882961
 20
552.9728594175493
 10
113.80857532991521
 20
552.9728594175493
  0
LWPOLYLINE
  5
34DE
330
17
100
AcDbEntity
  8
SIDEWALK_PATH
100
AcDbPolyline
 90
12
 70
1
 10
112.37514435459963
 20
583.3736000904486
 10
112.43487111514243
 20
582.164133189457
 10
112.43487111514243
 20
582.164133189457
 10
112.10637393215704
 20
583.3736000904486
 10
112.10637393215704
 20
583.3736000904486
 10
112.37514435459963
 20
583.3736000904486
 10
112.43487111514243
 20
582.164133189457
 10
112.10637393215704
 20
583.3736000904486
 10
112.10637393215704
 20
583.3736000904486
 10
112.15116900256413
 20
582.4627669921709
 10
112.15116900256413
 20
582.4627669921709
 10
112.43487111514243
 20
582.164133189457
  0
LWPOLYLINE
  5
34DF
330
17
100
AcDbEntity
  8
SIDEWALK_PATH
100
AcDbPolyline
 90
12
 70
1
 10
113.67419011869391
 20
553.3312199808062
 10
113.68912180882961
 20
552.9728594175493
 10
113.68912180882961
 20
552.9728594175493
 10
113.53980490747261
 20
553.1968347695848
 10
113.53980490747261
 20
553.1968347695848
 10
113.67419011869391
 20
553.3312199808062
 10
113.68912180882961
 20
552.9728594175493
 10
113.53980490747261
 20
553.1968347695848
 10
113.53980490747261
 20
553.1968347695848
 10
113.53980490747261
 20
552.9728594175493
 10
113.53980490747261
 20
552.9728594175493
 10
113.68912180882961
 20
552.9728594175493
  0
LWPOLYLINE
  5
34E0
330
17
100
AcDbEntity
  8
SIDEWALK_PATH
100
AcDbPolyline
 90
12
 70
1
 10
113.53980490747261
 20
553.1968347695848
 10
113.53980490747261
 20
552.9728594175493
 10
113.53980490747261
 20
552.9728594175493
 10
113.37555631597992
 20
553.092312938635
 10
113.37555631597992
 20
553.092312938635
 10
113.53980490747261
 20
553.1968347695848
 10
113.53980490747261
 20
552.9728594175493
 10
113.37555631597992
 20
553.092312938635
 10
113.37555631597992
 20
553.092312938635
 10
113.37555631597992
 20
552.9579277274137
 10
113.37555631597992
 20
552.9579277274137
 10
113.53980490747261
 20
552.9728594175493
  0
LWPOLYLINE
  5
34E1
330
17
100
AcDbEntity
  8
SIDEWALK_PATH
100
AcDbPolyline
 90
12
 70
1
 10
112.10637393215704
 20
583.3736000904486
 10
112.15116900256413
 20
582.4627669921709
 10
112.15116900256413
 20
582.4627669921709
 10
111.80774012944305
 20
583.3586684003129
 10
111.80774012944305
 20
583.3586684003129
 10
112.10637393215704
 20
583.3736000904486
 10
112.15116900256413
 20
582.4627669921709
 10
111.80774012944305
 20
583.3586684003129
 10
111.80774012944305
 20
583.3586684003129
 10
111.83760350971444
 20
582.7166057244777
 10
111.83760350971444
 20
582.7166057244777
 10
112.15116900256413
 20
582.4627669921709
  0
LWPOLYLINE
  5
34E2
330
17
100
AcDbEntity
  8
SIDEWALK_PATH
100
AcDbPolyline
 90
12
 70
1
 10
113.37555631597992
 20
553.092312938635
 10
113.37555631597992
 20
552.9579277274137
 10
113.37555631597992
 20
552.9579277274137
 10
113.19637603435153
 20
553.0176544879565
 10
113.19637603435153
 20
553.0176544879565
 10
113.37555631597992
 20
553.092312938635
 10
113.37555631597992
 20
552.9579277274137
 10
113.19637603435153
 20
553.0176544879565
 10
113.19637603435153
 20
553.0176544879565
 10
113.19637603435153
 20
552.9579277274137
 10
113.19637603435153
 20
552.9579277274137
 10
113.37555631597992
 20
552.9579277274137
  0
LWPOLYLINE
  5
34E3
330
17
100
AcDbEntity
  8
SIDEWALK_PATH
100
AcDbPolyline
 90
12
 70
1
 10
113.01720703043472
 20
552.9728594175493
 10
113.01720703043472
 20
552.9728594175493
 10
113.01720703043472
 20
552.9728594175493
 10
113.01720703043472
 20
552.9579277274137
 10
113.01720703043472
 20
552.9579277274137
 10
113.01720703043472
 20
552.9728594175493
 10
113.01720703043472
 20
552.9728594175493
 10
113.01720703043472
 20
552.9579277274137
 10
113.01720703043472
 20
552.9579277274137
 10
113.19637603435153
 20
552.9579277274137
 10
113.19637603435153
 20
552.9579277274137
 10
113.01720703043472
 20
552.9728594175493
  0
LWPOLYLINE
  5
34E4
330
17
100
AcDbEntity
  8
SIDEWALK_PATH
100
AcDbPolyline
 90
6
 70
1
 10
113.19637603435153
 20
552.9579277274137
 10
113.19637603435153
 20
553.0176544879565
 10
113.19637603435153
 20
553.0176544879565
 10
113.01720703043472
 20
552.9728594175493
 10
113.01720703043472
 20
552.9728594175493
 10
113.19637603435153
 20
552.9579277274137
  0
LWPOLYLINE
  5
34E5
330
17
100
AcDbEntity
  8
SIDEWALK_PATH
100
AcDbPolyline
 90
12
 70
1
 10
111.80774012944305
 20
583.3586684003129
 10
111.83760350971444
 20
582.7166057244777
 10
111.83760350971444
 20
582.7166057244777
 10
111.47924294645765
 20
583.3586684003129
 10
111.47924294645765
 20
583.3586684003129
 10
111.80774012944305
 20
583.3586684003129
 10
111.83760350971444
 20
582.7166057244777
 10
111.47924294645765
 20
583.3586684003129
 10
111.47924294645765
 20
583.3586684003129
 10
111.49417463659334
 20
582.9405810765132
 10
111.49417463659334
 20
582.9405810765132
 10
111.83760350971444
 20
582.7166057244777
  0
LWPOLYLINE
  5
34E6
330
17
100
AcDbEntity
  8
SIDEWALK_PATH
100
AcDbPolyline
 90
12
 70
1
 10
111.47924294645765
 20
583.3586684003129
 10
111.49417463659334
 20
582.9405810765132
 10
111.49417463659334
 20
582.9405810765132
 10
111.12089366091244
 20
583.3437367101772
 10
111.12089366091244
 20
583.3437367101772
 10
111.47924294645765
 20
583.3586684003129
 10
111.49417463659334
 20
582.9405810765132
 10
111.12089366091244
 20
583.3437367101772
 10
111.12089366091244
 20
583.3437367101772
 10
111.13582535104814
 20
583.1197613581417
 10
111.13582535104814
 20
583.1197613581417
 10
111.49417463659334
 20
582.9405810765132
  0
LWPOLYLINE
  5
34E7
330
17
100
AcDbEntity
  8
SIDEWALK_PATH
100
AcDbPolyline
 90
12
 70
1
 10
111.12089366091244
 20
583.3437367101772
 10
111.13582535104814
 20
583.1197613581417
 10
111.13582535104814
 20
583.1197613581417
 10
110.73266971738425
 20
583.3437367101772
 10
110.73266971738425
 20
583.3437367101772
 10
111.12089366091244
 20
583.3437367101772
 10
111.13582535104814
 20
583.1197613581417
 10
110.73266971738425
 20
583.3437367101772
 10
110.73266971738425
 20
583.3437367101772
 10
110.74760140751995
 20
583.2392148792272
 10
110.74760140751995
 20
583.2392148792272
 10
111.13582535104814
 20
583.1197613581417
  0
LWPOLYLINE
  5
34E8
330
17
100
AcDbEntity
  8
SIDEWALK_PATH
100
AcDbPolyline
 90
12
 70
1
 10
110.74760140751995
 20
583.2392148792272
 10
110.34444577385605
 20
583.3138733299057
 10
110.34444577385605
 20
583.3138733299057
 10
110.34444577385605
 20
583.3437367101772
 10
110.34444577385605
 20
583.3437367101772
 10
110.74760140751995
 20
583.2392148792272
 10
110.34444577385605
 20
583.3138733299057
 10
110.34444577385605
 20
583.3437367101772
 10
110.34444577385605
 20
583.3437367101772
 10
109.94129014019217
 20
583.3288050200415
 10
109.94129014019217
 20
583.3288050200415
 10
110.34444577385605
 20
583.3138733299057
  0
LWPOLYLINE
  5
34E9
330
17
100
AcDbEntity
  8
SIDEWALK_PATH
100
AcDbPolyline
 90
6
 70
1
 10
110.74760140751995
 20
583.2392148792272
 10
110.73266971738425
 20
583.3437367101772
 10
110.73266971738425
 20
583.3437367101772
 10
110.34444577385605
 20
583.3437367101772
 10
110.34444577385605
 20
583.3437367101772
 10
110.74760140751995
 20
583.2392148792272
  0
LWPOLYLINE
  5
34EA
330
17
100
AcDbEntity
  8
SIDEWALK_PATH
100
AcDbPolyline
 90
6
 70
1
 10
112.52446125595662
 20
600.4403865830143
 10
112.80816336853492
 20
590.7498099066379
 10
112.80816336853492
 20
590.7498099066379
 10
112.95748026989192
 20
587.7186768090909
 10
112.95748026989192
 20
587.7186768090909
 10
112.52446125595662
 20
600.4403865830143
  0
LWPOLYLINE
  5
34EB
330
17
100
AcDbEntity
  8
SIDEWALK_PATH
100
AcDbPolyline
 90
12
 70
1
 10
112.80816336853492
 20
590.7498099066379
 10
112.95748026989192
 20
587.7186768090909
 10
112.95748026989192
 20
587.7186768090909
 10
112.80816336853492
 20
590.7050148362308
 10
112.80816336853492
 20
590.7050148362308
 10
112.80816336853492
 20
590.7498099066379
 10
112.95748026989192
 20
587.7186768090909
 10
112.80816336853492
 20
590.7050148362308
 10
112.80816336853492
 20
590.7050148362308
 10
112.97241196002761
 20
587.4051113162411
 10
112.97241196002761
 20
587.4051113162411
 10
112.95748026989192
 20
587.7186768090909
  0
LWPOLYLINE
  5
34EC
330
17
100
AcDbEntity
  8
SIDEWALK_PATH
100
AcDbPolyline
 90
12
 70
1
 10
112.80816336853492
 20
590.7050148362308
 10
112.97241196002761
 20
587.4051113162411
 10
112.97241196002761
 20
587.4051113162411
 10
112.79323167839922
 20
590.346654272974
 10
112.79323167839922
 20
590.346654272974
 10
112.80816336853492
 20
590.7050148362308
 10
112.97241196002761
 20
587.4051113162411
 10
112.79323167839922
 20
590.346654272974
 10
112.79323167839922
 20
590.346654272974
 10
112.94254857975622
 20
587.4051113162411
 10
112.94254857975622
 20
587.4051113162411
 10
112.97241196002761
 20
587.4051113162411
  0
LWPOLYLINE
  5
34ED
330
17
100
AcDbEntity
  8
SIDEWALK_PATH
100
AcDbPolyline
 90
12
 70
1
 10
112.79323167839922
 20
590.346654272974
 10
112.94254857975622
 20
587.4051113162411
 10
112.94254857975622
 20
587.4051113162411
 10
112.73350491785642
 20
589.9285669491744
 10
112.73350491785642
 20
589.9285669491744
 10
112.79323167839922
 20
590.346654272974
 10
112.94254857975622
 20
587.4051113162411
 10
112.73350491785642
 20
589.9285669491744
 10
112.73350491785642
 20
589.9285669491744
 10
112.85295843894201
 20
587.4200430063769
 10
112.85295843894201
 20
587.4200430063769
 10
112.94254857975622
 20
587.4051113162411
  0
LWPOLYLINE
  5
34EE
330
17
100
AcDbEntity
  8
SIDEWALK_PATH
100
AcDbPolyline
 90
12
 70
1
 10
112.73350491785642
 20
589.9285669491744
 10
112.85295843894201
 20
587.4200430063769
 10
112.85295843894201
 20
587.4200430063769
 10
112.59911970663512
 20
589.5403430056462
 10
112.59911970663512
 20
589.5403430056462
 10
112.73350491785642
 20
589.9285669491744
 10
112.85295843894201
 20
587.4200430063769
 10
112.59911970663512
 20
589.5403430056462
 10
112.59911970663512
 20
589.5403430056462
 10
112.71857322772073
 20
587.4200430063769
 10
112.71857322772073
 20
587.4200430063769
 10
112.85295843894201
 20
587.4200430063769
  0
LWPOLYLINE
  5
34EF
330
17
100
AcDbEntity
  8
SIDEWALK_PATH
100
AcDbPolyline
 90
12
 70
1
 10
112.59911970663512
 20
589.5403430056462
 10
112.71857322772073
 20
587.4200430063769
 10
112.71857322772073
 20
587.4200430063769
 10
112.43487111514243
 20
589.152119062118
 10
112.43487111514243
 20
589.152119062118
 10
112.59911970663512
 20
589.5403430056462
 10
112.71857322772073
 20
587.4200430063769
 10
112.43487111514243
 20
589.152119062118
 10
112.43487111514243
 20
589.152119062118
 10
112.52446125595662
 20
587.4200430063769
 10
112.52446125595662
 20
587.4200430063769
 10
112.71857322772073
 20
587.4200430063769
  0
LWPOLYLINE
  5
34F0
330
17
100
AcDbEntity
  8
SIDEWALK_PATH
100
AcDbPolyline
 90
12
 70
1
 10
112.43487111514243
 20
589.152119062118
 10
112.52446125595662
 20
587.4200430063769
 10
112.52446125595662
 20
587.4200430063769
 10
112.21089576310693
 20
588.8086901889969
 10
112.21089576310693
 20
588.8086901889969
 10
112.43487111514243
 20
589.152119062118
 10
112.52446125595662
 20
587.4200430063769
 10
112.21089576310693
 20
588.8086901889969
 10
112.21089576310693
 20
588.8086901889969
 10
112.28555421378543
 20
587.4349746965125
 10
112.28555421378543
 20
587.4349746965125
 10
112.52446125595662
 20
587.4200430063769
  0
LWPOLYLINE
  5
34F1
330
17
100
AcDbEntity
  8
SIDEWALK_PATH
100
AcDbPolyline
 90
12
 70
1
 10
112.21089576310693
 20
588.8086901889969
 10
112.28555421378543
 20
587.4349746965125
 10
112.28555421378543
 20
587.4349746965125
 10
111.94212534066433
 20
588.4951246961472
 10
111.94212534066433
 20
588.4951246961472
 10
112.21089576310693
 20
588.8086901889969
 10
112.28555421378543
 20
587.4349746965125
 10
111.94212534066433
 20
588.4951246961472
 10
111.94212534066433
 20
588.4951246961472
 10
112.00185210120713
 20
587.4349746965125
 10
112.00185210120713
 20
587.4349746965125
 10
112.28555421378543
 20
587.4349746965125
  0
LWPOLYLINE
  5
34F2
330
17
100
AcDbEntity
  8
SIDEWALK_PATH
100
AcDbPolyline
 90
12
 70
1
 10
111.94212534066433
 20
588.4951246961472
 10
112.00185210120713
 20
587.4349746965125
 10
112.00185210120713
 20
587.4349746965125
 10
111.64349153795034
 20
588.211422583569
 10
111.64349153795034
 20
588.211422583569
 10
111.94212534066433
 20
588.4951246961472
 10
112.00185210120713
 20
587.4349746965125
 10
111.64349153795034
 20
588.211422583569
 10
111.64349153795034
 20
588.211422583569
 10
111.67335491822175
 20
587.4499063866482
 10
111.67335491822175
 20
587.4499063866482
 10
112.00185210120713
 20
587.4349746965125
  0
LWPOLYLINE
  5
34F3
330
17
100
AcDbEntity
  8
SIDEWALK_PATH
100
AcDbPolyline
 90
12
 70
1
 10
111.64349153795034
 20
588.211422583569
 10
111.67335491822175
 20
587.4499063866482
 10
111.67335491822175
 20
587.4499063866482
 10
111.30007394254083
 20
587.9725155413977
 10
111.30007394254083
 20
587.9725155413977
 10
111.64349153795034
 20
588.211422583569
 10
111.67335491822175
 20
587.4499063866482
 10
111.30007394254083
 20
587.9725155413977
 10
111.30007394254083
 20
587.9725155413977
 10
111.32993732281223
 20
587.4499063866482
 10
111.32993732281223
 20
587.4499063866482
 10
111.67335491822175
 20
587.4499063866482
  0
LWPOLYLINE
  5
34F4
330
17
100
AcDbEntity
  8
SIDEWALK_PATH
100
AcDbPolyline
 90
12
 70
1
 10
111.30007394254083
 20
587.9725155413977
 10
111.32993732281223
 20
587.4499063866482
 10
111.32993732281223
 20
587.4499063866482
 10
110.92678168914834
 20
587.7784035696336
 10
110.92678168914834
 20
587.7784035696336
 10
111.30007394254083
 20
587.9725155413977
 10
111.32993732281223
 20
587.4499063866482
 10
110.92678168914834
 20
587.7784035696336
 10
110.92678168914834
 20
587.7784035696336
 10
110.94171337928404
 20
587.464838076784
 10
110.94171337928404
 20
587.464838076784
 10
111.32993732281223
 20
587.4499063866482
  0
LWPOLYLINE
  5
34F5
330
17
100
AcDbEntity
  8
SIDEWALK_PATH
100
AcDbPolyline
 90
12
 70
1
 10
110.92678168914834
 20
587.7784035696336
 10
110.94171337928404
 20
587.464838076784
 10
110.94171337928404
 20
587.464838076784
 10
110.53855774562015
 20
587.6440183584124
 10
110.53855774562015
 20
587.6440183584124
 10
110.92678168914834
 20
587.7784035696336
 10
110.94171337928404
 20
587.464838076784
 10
110.53855774562015
 20
587.6440183584124
 10
110.53855774562015
 20
587.6440183584124
 10
110.55348943575585
 20
587.4797697669196
 10
110.55348943575585
 20
587.4797697669196
 10
110.94171337928404
 20
587.464838076784
  0
LWPOLYLINE
  5
34F6
330
17
100
AcDbEntity
  8
SIDEWALK_PATH
100
AcDbPolyline
 90
12
 70
1
 10
110.53855774562015
 20
587.6440183584124
 10
110.55348943575585
 20
587.4797697669196
 10
110.55348943575585
 20
587.4797697669196
 10
110.34444577385605
 20
587.5992232880052
 10
110.34444577385605
 20
587.5992232880052
 10
110.53855774562015
 20
587.6440183584124
 10
110.55348943575585
 20
587.4797697669196
 10
110.34444577385605
 20
587.5992232880052
 10
110.34444577385605
 20
587.5992232880052
 10
110.34444577385605
 20
587.4797697669196
 10
110.34444577385605
 20
587.4797697669196
 10
110.55348943575585
 20
587.4797697669196
  0
LWPOLYLINE
  5
34F7
330
17
100
AcDbEntity
  8
SIDEWALK_PATH
100
AcDbPolyline
 90
12
 70
1
 10
110.34444577385605
 20
587.5992232880052
 10
110.34444577385605
 20
587.4797697669196
 10
110.34444577385605
 20
587.4797697669196
 10
110.13540211195627
 20
587.5992232880052
 10
110.13540211195627
 20
587.5992232880052
 10
110.34444577385605
 20
587.5992232880052
 10
110.34444577385605
 20
587.4797697669196
 10
110.13540211195627
 20
587.5992232880052
 10
110.13540211195627
 20
587.5992232880052
 10
110.15033380209196
 20
587.4947014570554
 10
110.15033380209196
 20
587.4947014570554
 10
110.34444577385605
 20
587.4797697669196
  0
LWPOLYLINE
  5
34F8
330
17
100
AcDbEntity
  8
SIDEWALK_PATH
100
AcDbPolyline
 90
12
 70
1
 10
110.13540211195627
 20
587.5992232880052
 10
110.15033380209196
 20
587.4947014570554
 10
110.15033380209196
 20
587.4947014570554
 10
109.98608521059927
 20
587.6440183584124
 10
109.98608521059927
 20
587.6440183584124
 10
110.13540211195627
 20
587.5992232880052
 10
110.15033380209196
 20
587.4947014570554
 10
109.98608521059927
 20
587.6440183584124
 10
109.98608521059927
 20
587.6440183584124
 10
109.98608521059927
 20
587.4947014570554
 10
109.98608521059927
 20
587.4947014570554
 10
110.15033380209196
 20
587.4947014570554
  0
LWPOLYLINE
  5
34F9
330
17
100
AcDbEntity
  8
SIDEWALK_PATH
100
AcDbPolyline
 90
12
 70
1
 10
109.98608521059927
 20
587.6440183584124
 10
109.98608521059927
 20
587.4947014570554
 10
109.98608521059927
 20
587.4947014570554
 10
109.94129014019217
 20
587.6440183584124
 10
109.94129014019217
 20
587.6440183584124
 10
109.98608521059927
 20
587.6440183584124
 10
109.98608521059927
 20
587.4947014570554
 10
109.94129014019217
 20
587.6440183584124
 10
109.94129014019217
 20
587.6440183584124
 10
109.94129014019217
 20
587.5245648373267
 10
109.94129014019217
 20
587.5245648373267
 10
109.98608521059927
 20
587.4947014570554
  0
LWPOLYLINE
  5
34FA
330
17
100
AcDbEntity
  8
SIDEWALK_PATH
100
AcDbPolyline
 90
12
 70
1
 10
109.94129014019217
 20
587.5245648373267
 10
109.76210985856378
 20
587.6888134288195
 10
109.76210985856378
 20
587.6888134288195
 10
109.74718944613966
 20
587.7186768090909
 10
109.74718944613966
 20
587.7186768090909
 10
109.94129014019217
 20
587.5245648373267
 10
109.76210985856378
 20
587.6888134288195
 10
109.74718944613966
 20
587.7186768090909
 10
109.74718944613966
 20
587.7186768090909
 10
109.58294085464696
 20
587.8381303301765
 10
109.58294085464696
 20
587.8381303301765
 10
109.76210985856378
 20
587.6888134288195
  0
LWPOLYLINE
  5
34FB
330
17
100
AcDbEntity
  8
SIDEWALK_PATH
100
AcDbPolyline
 90
6
 70
1
 10
109.94129014019217
 20
587.5245648373267
 10
109.94129014019217
 20
587.6440183584124
 10
109.94129014019217
 20
587.6440183584124
 10
109.74718944613966
 20
587.7186768090909
 10
109.74718944613966
 20
587.7186768090909
 10
109.94129014019217
 20
587.5245648373267
  0
LWPOLYLINE
  5
34FC
330
17
100
AcDbEntity
  8
SIDEWALK_PATH
100
AcDbPolyline
 90
6
 70
1
 10
122.4987626003345
 20
583.9559360057409
 10
122.4390358397917
 20
584.5830669914402
 10
122.4390358397917
 20
584.5830669914402
 10
122.4838309101988
 20
583.9559360057409
 10
122.4838309101988
 20
583.9559360057409
 10
122.4987626003345
 20
583.9559360057409
  0
LWPOLYLINE
  5
34FD
330
17
100
AcDbEntity
  8
SIDEWALK_PATH
100
AcDbPolyline
 90
12
 70
1
 10
122.4390358397917
 20
584.5830669914402
 10
122.4838309101988
 20
583.9559360057409
 10
122.4838309101988
 20
583.9559360057409
 10
117.98942601248795
 20
586.0165092444674
 10
117.98942601248795
 20
586.0165092444674
 10
122.4390358397917
 20
584.5830669914402
 10
122.4838309101988
 20
583.9559360057409
 10
117.98942601248795
 20
586.0165092444674
 10
117.98942601248795
 20
586.0165092444674
 10
118.01928939275935
 20
585.3595148784966
 10
118.01928939275935
 20
585.3595148784966
 10
122.4838309101988
 20
583.9559360057409
  0
LWPOLYLINE
  5
34FE
330
17
100
AcDbEntity
  8
SIDEWALK_PATH
100
AcDbPolyline
 90
12
 70
1
 10
117.98942601248795
 20
586.0165092444674
 10
118.01928939275935
 20
585.3595148784966
 10
118.01928939275935
 20
585.3595148784966
 10
117.58627037882407
 20
586.1807127251137
 10
117.58627037882407
 20
586.1807127251137
 10
117.98942601248795
 20
586.0165092444674
 10
118.01928939275935
 20
585.3595148784966
 10
117.58627037882407
 20
586.1807127251137
 10
117.58627037882407
 20
586.1807127251137
 10
117.61613375909546
 20
585.4789683995822
 10
117.61613375909546
 20
585.4789683995822
 10
118.01928939275935
 20
585.3595148784966
  0
LWPOLYLINE
  5
34FF
330
17
100
AcDbEntity
  8
SIDEWALK_PATH
100
AcDbPolyline
 90
12
 70
1
 10
117.58627037882407
 20
586.1807127251137
 10
117.61613375909546
 20
585.4789683995822
 10
117.61613375909546
 20
585.4789683995822
 10
117.27270488597436
 20
586.3598930067421
 10
117.27270488597436
 20
586.3598930067421
 10
117.58627037882407
 20
586.1807127251137
 10
117.61613375909546
 20
585.4789683995822
 10
117.27270488597436
 20
586.3598930067421
 10
117.27270488597436
 20
586.3598930067421
 10
117.31749995638147
 20
585.5685585403965
 10
117.31749995638147
 20
585.5685585403965
 10
117.61613375909546
 20
585.4789683995822
  0
LWPOLYLINE
  5
3500
330
17
100
AcDbEntity
  8
SIDEWALK_PATH
100
AcDbPolyline
 90
12
 70
1
 10
117.27270488597436
 20
586.3598930067421
 10
117.31749995638147
 20
585.5685585403965
 10
117.31749995638147
 20
585.5685585403965
 10
117.21297812543158
 20
586.3897563870136
 10
117.21297812543158
 20
586.3897563870136
 10
117.27270488597436
 20
586.3598930067421
 10
117.31749995638147
 20
585.5685585403965
 10
117.21297812543158
 20
586.3897563870136
 10
117.21297812543158
 20
586.3897563870136
 10
117.25777319583867
 20
585.5984219206679
 10
117.25777319583867
 20
585.5984219206679
 10
117.31749995638147
 20
585.5685585403965
  0
LWPOLYLINE
  5
3501
330
17
100
AcDbEntity
  8
SIDEWALK_PATH
100
AcDbPolyline
 90
12
 70
1
 10
117.21297812543158
 20
586.3897563870136
 10
117.25777319583867
 20
585.5984219206679
 10
117.25777319583867
 20
585.5984219206679
 10
116.86954925231048
 20
586.6435951193205
 10
116.86954925231048
 20
586.6435951193205
 10
117.21297812543158
 20
586.3897563870136
 10
117.25777319583867
 20
585.5984219206679
 10
116.86954925231048
 20
586.6435951193205
 10
116.86954925231048
 20
586.6435951193205
 10
116.91434432271758
 20
585.7327620210427
 10
116.91434432271758
 20
585.7327620210427
 10
117.25777319583867
 20
585.5984219206679
  0
LWPOLYLINE
  5
3502
330
17
100
AcDbEntity
  8
SIDEWALK_PATH
100
AcDbPolyline
 90
12
 70
1
 10
116.86954925231048
 20
586.6435951193205
 10
116.91434432271758
 20
585.7327620210427
 10
116.91434432271758
 20
585.7327620210427
 10
116.77995911149628
 20
586.7481169502704
 10
116.77995911149628
 20
586.7481169502704
 10
116.86954925231048
 20
586.6435951193205
 10
116.91434432271758
 20
585.7327620210427
 10
116.77995911149628
 20
586.7481169502704
 10
116.77995911149628
 20
586.7481169502704
 10
116.82475418190339
 20
585.7626254013142
 10
116.82475418190339
 20
585.7626254013142
 10
116.91434432271758
 20
585.7327620210427
  0
LWPOLYLINE
  5
3503
330
17
100
AcDbEntity
  8
SIDEWALK_PATH
100
AcDbPolyline
 90
12
 70
1
 10
116.77995911149628
 20
586.7481169502704
 10
116.82475418190339
 20
585.7626254013142
 10
116.82475418190339
 20
585.7626254013142
 10
116.57091544959648
 20
586.9571606121701
 10
116.57091544959648
 20
586.9571606121701
 10
116.77995911149628
 20
586.7481169502704
 10
116.82475418190339
 20
585.7626254013142
 10
116.57091544959648
 20
586.9571606121701
 10
116.57091544959648
 20
586.9571606121701
 10
116.61571052000359
 20
585.9119423026712
 10
116.61571052000359
 20
585.9119423026712
 10
116.82475418190339
 20
585.7626254013142
  0
LWPOLYLINE
  5
3504
330
17
100
AcDbEntity
  8
SIDEWALK_PATH
100
AcDbPolyline
 90
12
 70
1
 10
116.57091544959648
 20
586.9571606121701
 10
116.61571052000359
 20
585.9119423026712
 10
116.61571052000359
 20
585.9119423026712
 10
116.33201968513687
 20
587.2707261050199
 10
116.33201968513687
 20
587.2707261050199
 10
116.57091544959648
 20
586.9571606121701
 10
116.61571052000359
 20
585.9119423026712
 10
116.33201968513687
 20
587.2707261050199
 10
116.33201968513687
 20
587.2707261050199
 10
116.39174644567967
 20
586.0761908941639
 10
116.39174644567967
 20
586.0761908941639
 10
116.61571052000359
 20
585.9119423026712
  0
LWPOLYLINE
  5
3505
330
17
100
AcDbEntity
  8
SIDEWALK_PATH
100
AcDbPolyline
 90
12
 70
1
 10
116.33201968513687
 20
587.2707261050199
 10
116.39174644567967
 20
586.0761908941639
 10
116.39174644567967
 20
586.0761908941639
 10
116.31708799500117
 20
587.3005894852912
 10
116.31708799500117
 20
587.3005894852912
 10
116.33201968513687
 20
587.2707261050199
 10
116.39174644567967
 20
586.0761908941639
 10
116.31708799500117
 20
587.3005894852912
 10
116.31708799500117
 20
587.3005894852912
 10
116.37681475554398
 20
586.0911225842996
 10
116.37681475554398
 20
586.0911225842996
 10
116.39174644567967
 20
586.0761908941639
  0
LWPOLYLINE
  5
3506
330
17
100
AcDbEntity
  8
SIDEWALK_PATH
100
AcDbPolyline
 90
12
 70
1
 10
116.31708799500117
 20
587.3005894852912
 10
116.37681475554398
 20
586.0911225842996
 10
116.37681475554398
 20
586.0911225842996
 10
116.18270278377987
 20
587.5245648373267
 10
116.18270278377987
 20
587.5245648373267
 10
116.31708799500117
 20
587.3005894852912
 10
116.37681475554398
 20
586.0911225842996
 10
116.18270278377987
 20
587.5245648373267
 10
116.18270278377987
 20
587.5245648373267
 10
116.25736123445837
 20
586.2255077955209
 10
116.25736123445837
 20
586.2255077955209
 10
116.37681475554398
 20
586.0911225842996
  0
LWPOLYLINE
  5
3507
330
17
100
AcDbEntity
  8
SIDEWALK_PATH
100
AcDbPolyline
 90
12
 70
1
 10
116.18270278377987
 20
587.5245648373267
 10
116.25736123445837
 20
586.2255077955209
 10
116.25736123445837
 20
586.2255077955209
 10
116.10804433310138
 20
587.6738817386837
 10
116.10804433310138
 20
587.6738817386837
 10
116.18270278377987
 20
587.5245648373267
 10
116.25736123445837
 20
586.2255077955209
 10
116.10804433310138
 20
587.6738817386837
 10
116.10804433310138
 20
587.6738817386837
 10
116.16777109364418
 20
586.3748246968779
 10
116.16777109364418
 20
586.3748246968779
 10
116.25736123445837
 20
586.2255077955209
  0
LWPOLYLINE
  5
3508
330
17
100
AcDbEntity
  8
SIDEWALK_PATH
100
AcDbPolyline
 90
6
 70
1
 10
115.4659816572663
 20
600.306001371793
 10
115.4062548967235
 20
600.306001371793
 10
115.4062548967235
 20
600.306001371793
 10
115.55557179808049
 20
597.3645035259065
 10
115.55557179808049
 20
597.3645035259065
 10
115.4659816572663
 20
600.306001371793
  0
LWPOLYLINE
  5
3509
330
17
100
AcDbEntity
  8
SIDEWALK_PATH
100
AcDbPolyline
 90
12
 70
1
 10
116.10804433310138
 20
587.6738817386837
 10
116.16777109364418
 20
586.3748246968779
 10
116.16777109364418
 20
586.3748246968779
 10
115.94379574160868
 20
588.0770373723476
 10
115.94379574160868
 20
588.0770373723476
 10
116.10804433310138
 20
587.6738817386837
 10
116.16777109364418
 20
586.3748246968779
 10
115.94379574160868
 20
588.0770373723476
 10
115.94379574160868
 20
588.0770373723476
 10
116.01845419228718
 20
586.6585268094561
 10
116.01845419228718
 20
586.6585268094561
 10
116.16777109364418
 20
586.3748246968779
  0
LWPOLYLINE
  5
350A
330
17
100
AcDbEntity
  8
SIDEWALK_PATH
100
AcDbPolyline
 90
12
 70
1
 10
115.94379574160868
 20
588.0770373723476
 10
116.01845419228718
 20
586.6585268094561
 10
116.01845419228718
 20
586.6585268094561
 10
115.92886405147298
 20
588.1367641328904
 10
115.92886405147298
 20
588.1367641328904
 10
115.94379574160868
 20
588.0770373723476
 10
116.01845419228718
 20
586.6585268094561
 10
115.92886405147298
 20
588.1367641328904
 10
115.92886405147298
 20
588.1367641328904
 10
116.00352250215148
 20
586.6734584995919
 10
116.00352250215148
 20
586.6734584995919
 10
116.01845419228718
 20
586.6585268094561
  0
LWPOLYLINE
  5
350B
330
17
100
AcDbEntity
  8
SIDEWALK_PATH
100
AcDbPolyline
 90
12
 70
1
 10
115.92886405147298
 20
588.1367641328904
 10
116.00352250215148
 20
586.6734584995919
 10
116.00352250215148
 20
586.6734584995919
 10
115.83927391065879
 20
588.4951246961472
 10
115.83927391065879
 20
588.4951246961472
 10
115.92886405147298
 20
588.1367641328904
 10
116.00352250215148
 20
586.6734584995919
 10
115.83927391065879
 20
588.4951246961472
 10
115.83927391065879
 20
588.4951246961472
 10
115.91393236133729
 20
587.0019556825772
 10
115.91393236133729
 20
587.0019556825772
 10
116.00352250215148
 20
586.6734584995919
  0
LWPOLYLINE
  5
350C
330
17
100
AcDbEntity
  8
SIDEWALK_PATH
100
AcDbPolyline
 90
6
 70
1
 10
115.89900067120158
 20
587.1064775135271
 10
115.73475207970888
 20
590.3167908927026
 10
115.73475207970888
 20
590.3167908927026
 10
115.83927391065879
 20
587.3453845556984
 10
115.83927391065879
 20
587.3453845556984
 10
115.89900067120158
 20
587.1064775135271
  0
LWPOLYLINE
  5
350D
330
17
100
AcDbEntity
  8
SIDEWALK_PATH
100
AcDbPolyline
 90
12
 70
1
 10
115.4062548967235
 20
600.306001371793
 10
115.55557179808049
 20
597.3645035259065
 10
115.55557179808049
 20
597.3645035259065
 10
115.73475207970888
 20
590.3167908927026
 10
115.73475207970888
 20
590.3167908927026
 10
115.4062548967235
 20
600.306001371793
 10
115.55557179808049
 20
597.3645035259065
 10
115.73475207970888
 20
590.3167908927026
 10
115.73475207970888
 20
590.3167908927026
 10
115.80941053038738
 20
588.9132120199469
 10
115.80941053038738
 20
588.9132120199469
 10
115.55557179808049
 20
597.3645035259065
  0
LWPOLYLINE
  5
350E
330
17
100
AcDbEntity
  8
SIDEWALK_PATH
100
AcDbPolyline
 90
12
 70
1
 10
115.83927391065879
 20
588.4951246961472
 10
115.91393236133729
 20
587.0019556825772
 10
115.91393236133729
 20
587.0019556825772
 10
115.80941053038738
 20
588.9132120199469
 10
115.80941053038738
 20
588.9132120199469
 10
115.83927391065879
 20
588.4951246961472
 10
115.91393236133729
 20
587.0019556825772
 10
115.80941053038738
 20
588.9132120199469
 10
115.80941053038738
 20
588.9132120199469
 10
115.89900067120158
 20
587.1064775135271
 10
115.89900067120158
 20
587.1064775135271
 10
115.91393236133729
 20
587.0019556825772
  0
LWPOLYLINE
  5
350F
330
17
100
AcDbEntity
  8
SIDEWALK_PATH
100
AcDbPolyline
 90
6
 70
1
 10
106.64140917562571
 20
587.464838076784
 10
105.20797820031012
 20
588.7937584988612
 10
105.20797820031012
 20
588.7937584988612
 10
105.26770496085292
 20
587.464838076784
 10
105.26770496085292
 20
587.464838076784
 10
106.64140917562571
 20
587.464838076784
  0
LWPOLYLINE
  5
3510
330
17
100
AcDbEntity
  8
SIDEWALK_PATH
100
AcDbPolyline
 90
12
 70
1
 10
105.20797820031012
 20
588.7937584988612
 10
105.22290989044582
 20
588.4652613158759
 10
105.22290989044582
 20
588.4652613158759
 10
105.19304651017443
 20
588.8086901889969
 10
105.19304651017443
 20
588.8086901889969
 10
105.20797820031012
 20
588.7937584988612
 10
105.22290989044582
 20
588.4652613158759
 10
105.19304651017443
 20
588.8086901889969
 10
105.19304651017443
 20
588.8086901889969
 10
105.20797820031012
 20
588.6593732876399
 10
105.20797820031012
 20
588.6593732876399
 10
105.22290989044582
 20
588.4652613158759
  0
LWPOLYLINE
  5
3511
330
17
100
AcDbEntity
  8
SIDEWALK_PATH
100
AcDbPolyline
 90
12
 70
1
 10
105.22290989044582
 20
588.4204662454687
 10
105.22290989044582
 20
588.4204662454687
 10
105.22290989044582
 20
588.4204662454687
 10
105.26770496085292
 20
587.464838076784
 10
105.26770496085292
 20
587.464838076784
 10
105.22290989044582
 20
588.4204662454687
 10
105.22290989044582
 20
588.4204662454687
 10
105.26770496085292
 20
587.464838076784
 10
105.26770496085292
 20
587.464838076784
 10
105.22290989044582
 20
588.4652613158759
 10
105.22290989044582
 20
588.4652613158759
 10
105.22290989044582
 20
588.4204662454687
  0
LWPOLYLINE
  5
3512
330
17
100
AcDbEntity
  8
SIDEWALK_PATH
100
AcDbPolyline
 90
12
 70
1
 10
105.20797820031012
 20
588.6593732876399
 10
105.17811482003872
 20
588.7638951185899
 10
105.17811482003872
 20
588.7638951185899
 10
105.17811482003872
 20
588.8236218791326
 10
105.17811482003872
 20
588.8236218791326
 10
105.20797820031012
 20
588.6593732876399
 10
105.17811482003872
 20
588.7638951185899
 10
105.17811482003872
 20
588.8236218791326
 10
105.17811482003872
 20
588.8236218791326
 10
105.14825143976732
 20
588.853485259404
 10
105.14825143976732
 20
588.853485259404
 10
105.17811482003872
 20
588.7638951185899
  0
LWPOLYLINE
  5
3513
330
17
100
AcDbEntity
  8
SIDEWALK_PATH
100
AcDbPolyline
 90
6
 70
1
 10
105.20797820031012
 20
588.6593732876399
 10
105.19304651017443
 20
588.8086901889969
 10
105.19304651017443
 20
588.8086901889969
 10
105.17811482003872
 20
588.8236218791326
 10
105.17811482003872
 20
588.8236218791326
 10
105.20797820031012
 20
588.6593732876399
  0
LWPOLYLINE
  5
3514
330
17
100
AcDbEntity
  8
SIDEWALK_PATH
100
AcDbPolyline
 90
12
 70
1
 10
105.22290989044582
 20
588.4204662454687
 10
105.26770496085292
 20
587.464838076784
 10
105.26770496085292
 20
587.464838076784
 10
105.19304651017443
 20
588.2711493441117
 10
105.19304651017443
 20
588.2711493441117
 10
105.22290989044582
 20
588.4204662454687
 10
105.26770496085292
 20
587.464838076784
 10
105.19304651017443
 20
588.2711493441117
 10
105.19304651017443
 20
588.2711493441117
 10
105.23784158058152
 20
587.464838076784
 10
105.23784158058152
 20
587.464838076784
 10
105.26770496085292
 20
587.464838076784
  0
LWPOLYLINE
  5
3515
330
17
100
AcDbEntity
  8
SIDEWALK_PATH
100
AcDbPolyline
 90
12
 70
1
 10
105.19304651017443
 20
588.2711493441117
 10
105.23784158058152
 20
587.464838076784
 10
105.23784158058152
 20
587.464838076784
 10
105.14825143976732
 20
588.0919690624834
 10
105.14825143976732
 20
588.0919690624834
 10
105.19304651017443
 20
588.2711493441117
 10
105.23784158058152
 20
587.464838076784
 10
105.14825143976732
 20
588.0919690624834
 10
105.14825143976732
 20
588.0919690624834
 10
105.17811482003872
 20
587.464838076784
 10
105.17811482003872
 20
587.464838076784
 10
105.23784158058152
 20
587.464838076784
  0
LWPOLYLINE
  5
3516
330
17
100
AcDbEntity
  8
SIDEWALK_PATH
100
AcDbPolyline
 90
12
 70
1
 10
105.14825143976732
 20
588.0919690624834
 10
105.17811482003872
 20
587.464838076784
 10
105.17811482003872
 20
587.464838076784
 10
105.05866129895313
 20
587.912788780855
 10
105.05866129895313
 20
587.912788780855
 10
105.14825143976732
 20
588.0919690624834
 10
105.17811482003872
 20
587.464838076784
 10
105.05866129895313
 20
587.912788780855
 10
105.05866129895313
 20
587.912788780855
 10
105.07359298908882
 20
587.464838076784
 10
105.07359298908882
 20
587.464838076784
 10
105.17811482003872
 20
587.464838076784
  0
LWPOLYLINE
  5
3517
330
17
100
AcDbEntity
  8
SIDEWALK_PATH
100
AcDbPolyline
 90
12
 70
1
 10
105.05866129895313
 20
587.912788780855
 10
105.07359298908882
 20
587.464838076784
 10
105.07359298908882
 20
587.464838076784
 10
104.93920777786752
 20
587.763471879498
 10
104.93920777786752
 20
587.763471879498
 10
105.05866129895313
 20
587.912788780855
 10
105.07359298908882
 20
587.464838076784
 10
104.93920777786752
 20
587.763471879498
 10
104.93920777786752
 20
587.763471879498
 10
104.95413946800322
 20
587.464838076784
 10
104.95413946800322
 20
587.464838076784
 10
105.07359298908882
 20
587.464838076784
  0
LWPOLYLINE
  5
3518
330
17
100
AcDbEntity
  8
SIDEWALK_PATH
100
AcDbPolyline
 90
12
 70
1
 10
104.93920777786752
 20
587.763471879498
 10
104.95413946800322
 20
587.464838076784
 10
104.95413946800322
 20
587.464838076784
 10
104.78989087651053
 20
587.6290866682766
 10
104.78989087651053
 20
587.6290866682766
 10
104.93920777786752
 20
587.763471879498
 10
104.95413946800322
 20
587.464838076784
 10
104.78989087651053
 20
587.6290866682766
 10
104.78989087651053
 20
587.6290866682766
 10
104.78989087651053
 20
587.464838076784
 10
104.78989087651053
 20
587.464838076784
 10
104.95413946800322
 20
587.464838076784
  0
LWPOLYLINE
  5
3519
330
17
100
AcDbEntity
  8
SIDEWALK_PATH
100
AcDbPolyline
 90
12
 70
1
 10
104.78989087651053
 20
587.464838076784
 10
104.62565356272941
 20
587.464838076784
 10
104.62565356272941
 20
587.464838076784
 10
104.62565356272941
 20
587.5245648373267
 10
104.62565356272941
 20
587.5245648373267
 10
104.78989087651053
 20
587.464838076784
 10
104.62565356272941
 20
587.464838076784
 10
104.62565356272941
 20
587.5245648373267
 10
104.62565356272941
 20
587.5245648373267
 10
104.43154159096532
 20
587.464838076784
 10
104.43154159096532
 20
587.464838076784
 10
104.62565356272941
 20
587.464838076784
  0
LWPOLYLINE
  5
351A
330
17
100
AcDbEntity
  8
SIDEWALK_PATH
100
AcDbPolyline
 90
6
 70
1
 10
104.78989087651053
 20
587.464838076784
 10
104.78989087651053
 20
587.6290866682766
 10
104.78989087651053
 20
587.6290866682766
 10
104.62565356272941
 20
587.5245648373267
 10
104.62565356272941
 20
587.5245648373267
 10
104.78989087651053
 20
587.464838076784
  0
LWPOLYLINE
  5
351B
330
17
100
AcDbEntity
  8
SIDEWALK_PATH
100
AcDbPolyline
 90
10
 70
1
 10
103.52070849268765
 20
590.3615859631096
 10
102.68454512280005
 20
591.138033850166
 10
102.68454512280005
 20
591.138033850166
 10
102.68454512280005
 20
591.0484437093519
 10
102.68454512280005
 20
591.0484437093519
 10
103.52070849268765
 20
590.3615859631096
 10
102.68454512280005
 20
591.138033850166
 10
102.68454512280005
 20
591.0484437093519
 10
102.68454512280005
 20
591.0484437093519
 10
102.68454512280005
 20
591.138033850166
  0
LWPOLYLINE
  5
351C
330
17
100
AcDbEntity
  8
SIDEWALK_PATH
100
AcDbPolyline
 90
6
 70
1
 10
119.36313022726074
 20
152.91079226252813
 10
119.16901825549664
 20
152.92572395266384
 10
119.16901825549664
 20
152.92572395266384
 10
119.16901825549664
 20
152.91079226252813
 10
119.16901825549664
 20
152.91079226252813
 10
119.36313022726074
 20
152.91079226252813
  0
LWPOLYLINE
  5
351D
330
17
100
AcDbEntity
  8
SIDEWALK_PATH
100
AcDbPolyline
 90
12
 70
1
 10
119.16901825549664
 20
152.92572395266384
 10
119.16901825549664
 20
152.91079226252813
 10
119.16901825549664
 20
152.91079226252813
 10
118.98983797386825
 20
152.98545071320663
 10
118.98983797386825
 20
152.98545071320663
 10
119.16901825549664
 20
152.92572395266384
 10
119.16901825549664
 20
152.91079226252813
 10
118.98983797386825
 20
152.98545071320663
 10
118.98983797386825
 20
152.98545071320663
 10
118.98983797386825
 20
152.91079226252813
 10
118.98983797386825
 20
152.91079226252813
 10
119.16901825549664
 20
152.91079226252813
  0
LWPOLYLINE
  5
351E
330
17
100
AcDbEntity
  8
SIDEWALK_PATH
100
AcDbPolyline
 90
12
 70
1
 10
118.98983797386825
 20
152.98545071320663
 10
118.98983797386825
 20
152.91079226252813
 10
118.98983797386825
 20
152.91079226252813
 10
118.81065769223986
 20
153.06010916388513
 10
118.81065769223986
 20
153.06010916388513
 10
118.98983797386825
 20
152.98545071320663
 10
118.98983797386825
 20
152.91079226252813
 10
118.81065769223986
 20
153.06010916388513
 10
118.81065769223986
 20
153.06010916388513
 10
118.82558938237555
 20
152.91079226252813
 10
118.82558938237555
 20
152.91079226252813
 10
118.98983797386825
 20
152.91079226252813
  0
LWPOLYLINE
  5
351F
330
17
100
AcDbEntity
  8
SIDEWALK_PATH
100
AcDbPolyline
 90
12
 70
1
 10
118.81065769223986
 20
153.06010916388513
 10
118.82558938237555
 20
152.91079226252813
 10
118.82558938237555
 20
152.91079226252813
 10
118.66134079088286
 20
153.17956268497073
 10
118.66134079088286
 20
153.17956268497073
 10
118.81065769223986
 20
153.06010916388513
 10
118.82558938237555
 20
152.91079226252813
 10
118.66134079088286
 20
153.17956268497073
 10
118.66134079088286
 20
153.17956268497073
 10
118.67627248101856
 20
152.91079226252813
 10
118.67627248101856
 20
152.91079226252813
 10
118.82558938237555
 20
152.91079226252813
  0
LWPOLYLINE
  5
3520
330
17
100
AcDbEntity
  8
SIDEWALK_PATH
100
AcDbPolyline
 90
12
 70
1
 10
118.66134079088286
 20
153.17956268497073
 10
118.67627248101856
 20
152.91079226252813
 10
118.67627248101856
 20
152.91079226252813
 10
118.52695557966156
 20
153.32887958632773
 10
118.52695557966156
 20
153.32887958632773
 10
118.66134079088286
 20
153.17956268497073
 10
118.67627248101856
 20
152.91079226252813
 10
118.52695557966156
 20
153.32887958632773
 10
118.52695557966156
 20
153.32887958632773
 10
118.54188726979726
 20
152.91079226252813
 10
118.54188726979726
 20
152.91079226252813
 10
118.67627248101856
 20
152.91079226252813
  0
LWPOLYLINE
  5
3521
330
17
100
AcDbEntity
  8
SIDEWALK_PATH
100
AcDbPolyline
 90
12
 70
1
 10
118.52695557966156
 20
153.32887958632773
 10
118.54188726979726
 20
152.91079226252813
 10
118.54188726979726
 20
152.91079226252813
 10
118.42243374871165
 20
153.4931281778204
 10
118.42243374871165
 20
153.4931281778204
 10
118.52695557966156
 20
153.32887958632773
 10
118.54188726979726
 20
152.91079226252813
 10
118.42243374871165
 20
153.4931281778204
 10
118.42243374871165
 20
153.4931281778204
 10
118.45229712898306
 20
152.91079226252813
 10
118.45229712898306
 20
152.91079226252813
 10
118.54188726979726
 20
152.91079226252813
  0
LWPOLYLINE
  5
3522
330
17
100
AcDbEntity
  8
SIDEWALK_PATH
100
AcDbPolyline
 90
12
 70
1
 10
118.42243374871165
 20
153.4931281778204
 10
118.45229712898306
 20
152.91079226252813
 10
118.45229712898306
 20
152.91079226252813
 10
118.34777529803317
 20
153.67230845944883
 10
118.34777529803317
 20
153.67230845944883
 10
118.42243374871165
 20
153.4931281778204
 10
118.45229712898306
 20
152.91079226252813
 10
118.34777529803317
 20
153.67230845944883
 10
118.34777529803317
 20
153.67230845944883
 10
118.39257036844026
 20
152.91079226252813
 10
118.39257036844026
 20
152.91079226252813
 10
118.45229712898306
 20
152.91079226252813
  0
LWPOLYLINE
  5
3523
330
17
100
AcDbEntity
  8
SIDEWALK_PATH
100
AcDbPolyline
 90
12
 70
1
 10
118.39257036844026
 20
152.91079226252813
 10
118.36270698816887
 20
152.91079226252813
 10
118.36270698816887
 20
152.91079226252813
 10
118.31791191776176
 20
153.85148874107722
 10
118.31791191776176
 20
153.85148874107722
 10
118.39257036844026
 20
152.91079226252813
 10
118.36270698816887
 20
152.91079226252813
 10
118.31791191776176
 20
153.85148874107722
 10
118.31791191776176
 20
153.85148874107722
 10
118.31791191776176
 20
152.91079226252813
 10
118.31791191776176
 20
152.91079226252813
 10
118.36270698816887
 20
152.91079226252813
  0
LWPOLYLINE
  5
3524
330
17
100
AcDbEntity
  8
SIDEWALK_PATH
100
AcDbPolyline
 90
6
 70
1
 10
118.39257036844026
 20
152.91079226252813
 10
118.34777529803317
 20
153.67230845944883
 10
118.34777529803317
 20
153.67230845944883
 10
118.31791191776176
 20
153.85148874107722
 10
118.31791191776176
 20
153.85148874107722
 10
118.39257036844026
 20
152.91079226252813
  0
LWPOLYLINE
  5
3525
330
17
100
AcDbEntity
  8
SIDEWALK_PATH
100
AcDbPolyline
 90
6
 70
1
 10
120.72190275189783
 20
193.55458214682463
 10
120.37847387877673
 20
193.53965045668895
 10
120.37847387877673
 20
193.53965045668895
 10
120.37847387877673
 20
193.45006031587474
 10
120.37847387877673
 20
193.45006031587474
 10
120.72190275189783
 20
193.55458214682463
  0
LWPOLYLINE
  5
3526
330
17
100
AcDbEntity
  8
SIDEWALK_PATH
100
AcDbPolyline
 90
12
 70
1
 10
120.37847387877673
 20
193.53965045668895
 10
120.37847387877673
 20
193.45006031587474
 10
120.37847387877673
 20
193.45006031587474
 10
120.03504500565565
 20
193.53965045668895
 10
120.03504500565565
 20
193.53965045668895
 10
120.37847387877673
 20
193.53965045668895
 10
120.37847387877673
 20
193.45006031587474
 10
120.03504500565565
 20
193.53965045668895
 10
120.03504500565565
 20
193.53965045668895
 10
120.04997669579134
 20
193.31567510465345
 10
120.04997669579134
 20
193.31567510465345
 10
120.37847387877673
 20
193.45006031587474
  0
LWPOLYLINE
  5
3527
330
17
100
AcDbEntity
  8
SIDEWALK_PATH
100
AcDbPolyline
 90
12
 70
1
 10
120.03504500565565
 20
193.53965045668895
 10
120.04997669579134
 20
193.31567510465345
 10
120.04997669579134
 20
193.31567510465345
 10
119.72149079051754
 20
193.52471876655324
 10
119.72149079051754
 20
193.52471876655324
 10
120.03504500565565
 20
193.53965045668895
 10
120.04997669579134
 20
193.31567510465345
 10
119.72149079051754
 20
193.52471876655324
 10
119.72149079051754
 20
193.52471876655324
 10
119.73642248065323
 20
193.13649482302503
 10
119.73642248065323
 20
193.13649482302503
 10
120.04997669579134
 20
193.31567510465345
  0
LWPOLYLINE
  5
3528
330
17
100
AcDbEntity
  8
SIDEWALK_PATH
100
AcDbPolyline
 90
12
 70
1
 10
119.72149079051754
 20
193.52471876655324
 10
119.73642248065323
 20
193.13649482302503
 10
119.73642248065323
 20
193.13649482302503
 10
119.42285698780354
 20
193.52471876655324
 10
119.42285698780354
 20
193.52471876655324
 10
119.72149079051754
 20
193.52471876655324
 10
119.73642248065323
 20
193.13649482302503
 10
119.42285698780354
 20
193.52471876655324
 10
119.42285698780354
 20
193.52471876655324
 10
119.45272036807494
 20
192.92745116112525
 10
119.45272036807494
 20
192.92745116112525
 10
119.73642248065323
 20
193.13649482302503
  0
LWPOLYLINE
  5
3529
330
17
100
AcDbEntity
  8
SIDEWALK_PATH
100
AcDbPolyline
 90
12
 70
1
 10
119.45272036807494
 20
192.92745116112525
 10
119.22874501603944
 20
192.73333918936115
 10
119.22874501603944
 20
192.73333918936115
 10
119.18394994563235
 20
193.50978707641752
 10
119.18394994563235
 20
193.50978707641752
 10
119.45272036807494
 20
192.92745116112525
 10
119.22874501603944
 20
192.73333918936115
 10
119.18394994563235
 20
193.50978707641752
 10
119.18394994563235
 20
193.50978707641752
 10
119.18394994563235
 20
192.68854411895404
 10
119.18394994563235
 20
192.68854411895404
 10
119.22874501603944
 20
192.73333918936115
  0
LWPOLYLINE
  5
352A
330
17
100
AcDbEntity
  8
SIDEWALK_PATH
100
AcDbPolyline
 90
6
 70
1
 10
119.45272036807494
 20
192.92745116112525
 10
119.42285698780354
 20
193.52471876655324
 10
119.42285698780354
 20
193.52471876655324
 10
119.18394994563235
 20
193.50978707641752
 10
119.18394994563235
 20
193.50978707641752
 10
119.45272036807494
 20
192.92745116112525
  0
LWPOLYLINE
  5
352B
330
17
100
AcDbEntity
  8
SIDEWALK_PATH
100
AcDbPolyline
 90
6
 70
1
 10
120.46806401959093
 20
197.9743173161454
 10
120.07984007606274
 20
198.1236342175024
 10
120.07984007606274
 20
198.1236342175024
 10
120.09477176619843
 20
197.9593856260097
 10
120.09477176619843
 20
197.9593856260097
 10
120.46806401959093
 20
197.9743173161454
  0
LWPOLYLINE
  5
352C
330
17
100
AcDbEntity
  8
SIDEWALK_PATH
100
AcDbPolyline
 90
12
 70
1
 10
120.07984007606274
 20
198.1236342175024
 10
120.09477176619843
 20
197.9593856260097
 10
120.09477176619843
 20
197.9593856260097
 10
119.72149079051754
 20
198.3177461892665
 10
119.72149079051754
 20
198.3177461892665
 10
120.07984007606274
 20
198.1236342175024
 10
120.09477176619843
 20
197.9593856260097
 10
119.72149079051754
 20
198.3177461892665
 10
119.72149079051754
 20
198.3177461892665
 10
119.73642248065323
 20
197.9593856260097
 10
119.73642248065323
 20
197.9593856260097
 10
120.09477176619843
 20
197.9593856260097
  0
LWPOLYLINE
  5
352D
330
17
100
AcDbEntity
  8
SIDEWALK_PATH
100
AcDbPolyline
 90
12
 70
1
 10
119.72149079051754
 20
198.3177461892665
 10
119.73642248065323
 20
197.9593856260097
 10
119.73642248065323
 20
197.9593856260097
 10
119.39299360753213
 20
198.5715849215734
 10
119.39299360753213
 20
198.5715849215734
 10
119.72149079051754
 20
198.3177461892665
 10
119.73642248065323
 20
197.9593856260097
 10
119.39299360753213
 20
198.5715849215734
 10
119.39299360753213
 20
198.5715849215734
 10
119.42285698780354
 20
197.944453935874
 10
119.42285698780354
 20
197.944453935874
 10
119.73642248065323
 20
197.9593856260097
  0
LWPOLYLINE
  5
352E
330
17
100
AcDbEntity
  8
SIDEWALK_PATH
100
AcDbPolyline
 90
12
 70
1
 10
119.39299360753213
 20
198.5715849215734
 10
119.42285698780354
 20
197.944453935874
 10
119.42285698780354
 20
197.944453935874
 10
119.21381332590374
 20
198.75076520320178
 10
119.21381332590374
 20
198.75076520320178
 10
119.39299360753213
 20
198.5715849215734
 10
119.42285698780354
 20
197.944453935874
 10
119.21381332590374
 20
198.75076520320178
 10
119.21381332590374
 20
198.75076520320178
 10
119.24367670617514
 20
197.944453935874
 10
119.24367670617514
 20
197.944453935874
 10
119.42285698780354
 20
197.944453935874
  0
LWPOLYLINE
  5
352F
330
17
100
AcDbEntity
  8
SIDEWALK_PATH
100
AcDbPolyline
 90
12
 70
1
 10
119.21381332590374
 20
198.75076520320178
 10
119.24367670617514
 20
197.944453935874
 10
119.24367670617514
 20
197.944453935874
 10
119.15408656536094
 20
198.79556027360888
 10
119.15408656536094
 20
198.79556027360888
 10
119.21381332590374
 20
198.75076520320178
 10
119.24367670617514
 20
197.944453935874
 10
119.15408656536094
 20
198.79556027360888
 10
119.15408656536094
 20
198.79556027360888
 10
119.18394994563235
 20
198.1833609780452
 10
119.18394994563235
 20
198.1833609780452
 10
119.24367670617514
 20
197.944453935874
  0
LWPOLYLINE
  5
3530
330
17
100
AcDbEntity
  8
SIDEWALK_PATH
100
AcDbPolyline
 90
12
 70
1
 10
119.15408656536094
 20
198.79556027360888
 10
119.18394994563235
 20
198.1833609780452
 10
119.18394994563235
 20
198.1833609780452
 10
119.09435980481814
 20
198.85528703415167
 10
119.09435980481814
 20
198.85528703415167
 10
119.15408656536094
 20
198.79556027360888
 10
119.18394994563235
 20
198.1833609780452
 10
119.09435980481814
 20
198.85528703415167
 10
119.09435980481814
 20
198.85528703415167
 10
119.12422318508955
 20
198.1982926681809
 10
119.12422318508955
 20
198.1982926681809
 10
119.18394994563235
 20
198.1833609780452
  0
LWPOLYLINE
  5
3531
330
17
100
AcDbEntity
  8
SIDEWALK_PATH
100
AcDbPolyline
 90
12
 70
1
 10
119.09435980481814
 20
198.85528703415167
 10
119.12422318508955
 20
198.1982926681809
 10
119.12422318508955
 20
198.1982926681809
 10
119.00476966400394
 20
198.9598088651016
 10
119.00476966400394
 20
198.9598088651016
 10
119.09435980481814
 20
198.85528703415167
 10
119.12422318508955
 20
198.1982926681809
 10
119.00476966400394
 20
198.9598088651016
 10
119.00476966400394
 20
198.9598088651016
 10
119.04956473441105
 20
198.1982926681809
 10
119.04956473441105
 20
198.1982926681809
 10
119.12422318508955
 20
198.1982926681809
  0
LWPOLYLINE
  5
3532
330
17
100
AcDbEntity
  8
SIDEWALK_PATH
100
AcDbPolyline
 90
12
 70
1
 10
119.00476966400394
 20
198.9598088651016
 10
119.04956473441105
 20
198.1982926681809
 10
119.04956473441105
 20
198.1982926681809
 10
118.84052107251125
 20
199.1837842171371
 10
118.84052107251125
 20
199.1837842171371
 10
119.00476966400394
 20
198.9598088651016
 10
119.04956473441105
 20
198.1982926681809
 10
118.84052107251125
 20
199.1837842171371
 10
118.84052107251125
 20
199.1837842171371
 10
118.88531614291836
 20
198.3028144991308
 10
118.88531614291836
 20
198.3028144991308
 10
119.04956473441105
 20
198.1982926681809
  0
LWPOLYLINE
  5
3533
330
17
100
AcDbEntity
  8
SIDEWALK_PATH
100
AcDbPolyline
 90
12
 70
1
 10
118.84052107251125
 20
199.1837842171371
 10
118.88531614291836
 20
198.3028144991308
 10
118.88531614291836
 20
198.3028144991308
 10
118.63147741061145
 20
199.52721309025816
 10
118.63147741061145
 20
199.52721309025816
 10
118.84052107251125
 20
199.1837842171371
 10
118.88531614291836
 20
198.3028144991308
 10
118.63147741061145
 20
199.52721309025816
 10
118.63147741061145
 20
199.52721309025816
 10
118.67627248101856
 20
198.4371997103521
 10
118.67627248101856
 20
198.4371997103521
 10
118.88531614291836
 20
198.3028144991308
  0
LWPOLYLINE
  5
3534
330
17
100
AcDbEntity
  8
SIDEWALK_PATH
100
AcDbPolyline
 90
12
 70
1
 10
118.63147741061145
 20
199.52721309025816
 10
118.67627248101856
 20
198.4371997103521
 10
118.67627248101856
 20
198.4371997103521
 10
118.46722881911876
 20
199.91543703378636
 10
118.46722881911876
 20
199.91543703378636
 10
118.63147741061145
 20
199.52721309025816
 10
118.67627248101856
 20
198.4371997103521
 10
118.46722881911876
 20
199.91543703378636
 10
118.46722881911876
 20
199.91543703378636
 10
118.52695557966156
 20
198.52678985116628
 10
118.52695557966156
 20
198.52678985116628
 10
118.67627248101856
 20
198.4371997103521
  0
LWPOLYLINE
  5
3535
330
17
100
AcDbEntity
  8
SIDEWALK_PATH
100
AcDbPolyline
 90
12
 70
1
 10
118.52695557966156
 20
198.52678985116628
 10
118.43736543884737
 20
198.5865166117091
 10
118.43736543884737
 20
198.5865166117091
 10
118.34777529803317
 20
200.30366097731456
 10
118.34777529803317
 20
200.30366097731456
 10
118.52695557966156
 20
198.52678985116628
 10
118.43736543884737
 20
198.5865166117091
 10
118.34777529803317
 20
200.30366097731456
 10
118.34777529803317
 20
200.30366097731456
 10
118.34777529803317
 20
198.6462433722519
 10
118.34777529803317
 20
198.6462433722519
 10
118.43736543884737
 20
198.5865166117091
  0
LWPOLYLINE
  5
3536
330
17
100
AcDbEntity
  8
SIDEWALK_PATH
100
AcDbPolyline
 90
6
 70
1
 10
118.52695557966156
 20
198.52678985116628
 10
118.46722881911876
 20
199.91543703378636
 10
118.46722881911876
 20
199.91543703378636
 10
118.34777529803317
 20
200.30366097731456
 10
118.34777529803317
 20
200.30366097731456
 10
118.52695557966156
 20
198.52678985116628
  0
LWPOLYLINE
  5
3537
330
17
100
AcDbEntity
  8
SIDEWALK_PATH
100
AcDbPolyline
 90
6
 70
1
 10
145.12011526795735
 20
485.7359098449571
 10
145.07532019755024
 20
485.7359098449571
 10
145.07532019755024
 20
485.7359098449571
 10
145.12011526795735
 20
484.9295985776293
 10
145.12011526795735
 20
484.9295985776293
 10
145.12011526795735
 20
485.7359098449571
  0
LWPOLYLINE
  5
3538
330
17
100
AcDbEntity
  8
SIDEWALK_PATH
100
AcDbPolyline
 90
12
 70
1
 10
145.07532019755024
 20
485.7359098449571
 10
145.12011526795735
 20
484.9295985776293
 10
145.12011526795735
 20
484.9295985776293
 10
137.01226391283032
 20
485.7807500262105
 10
137.01226391283032
 20
485.7807500262105
 10
145.07532019755024
 20
485.7359098449571
 10
145.12011526795735
 20
484.9295985776293
 10
137.01226391283032
 20
485.7807500262105
 10
137.01226391283032
 20
485.7807500262105
 10
137.05705898323743
 20
485.06402889969695
 10
137.05705898323743
 20
485.06402889969695
 10
145.12011526795735
 20
484.9295985776293
  0
LWPOLYLINE
  5
3539
330
17
100
AcDbEntity
  8
SIDEWALK_PATH
100
AcDbPolyline
 90
12
 70
1
 10
137.01226391283032
 20
485.7807500262105
 10
137.05705898323743
 20
485.06402889969695
 10
137.05705898323743
 20
485.06402889969695
 10
136.84801532133764
 20
485.7807500262105
 10
136.84801532133764
 20
485.7807500262105
 10
137.01226391283032
 20
485.7807500262105
 10
137.05705898323743
 20
485.06402889969695
 10
136.84801532133764
 20
485.7807500262105
 10
136.84801532133764
 20
485.7807500262105
 10
136.87787870160903
 20
485.0490520987149
 10
136.87787870160903
 20
485.0490520987149
 10
137.05705898323743
 20
485.06402889969695
  0
LWPOLYLINE
  5
353A
330
17
100
AcDbEntity
  8
SIDEWALK_PATH
100
AcDbPolyline
 90
12
 70
1
 10
136.84801532133764
 20
485.7807500262105
 10
136.87787870160903
 20
485.0490520987149
 10
136.87787870160903
 20
485.0490520987149
 10
136.68376672984493
 20
485.7807500262105
 10
136.68376672984493
 20
485.7807500262105
 10
136.84801532133764
 20
485.7807500262105
 10
136.87787870160903
 20
485.0490520987149
 10
136.68376672984493
 20
485.7807500262105
 10
136.68376672984493
 20
485.7807500262105
 10
136.72856180025204
 20
485.0191887184435
 10
136.72856180025204
 20
485.0191887184435
 10
136.87787870160903
 20
485.0490520987149
  0
LWPOLYLINE
  5
353B
330
17
100
AcDbEntity
  8
SIDEWALK_PATH
100
AcDbPolyline
 90
12
 70
1
 10
136.68376672984493
 20
485.7807500262105
 10
136.72856180025204
 20
485.0191887184435
 10
136.72856180025204
 20
485.0191887184435
 10
136.51952941606382
 20
485.7807500262105
 10
136.51952941606382
 20
485.7807500262105
 10
136.68376672984493
 20
485.7807500262105
 10
136.72856180025204
 20
485.0191887184435
 10
136.51952941606382
 20
485.7807500262105
 10
136.51952941606382
 20
485.7807500262105
 10
136.56431320875933
 20
484.9594619579007
 10
136.56431320875933
 20
484.9594619579007
 10
136.72856180025204
 20
485.0191887184435
  0
LWPOLYLINE
  5
353C
330
17
100
AcDbEntity
  8
SIDEWALK_PATH
100
AcDbPolyline
 90
12
 70
1
 10
136.51952941606382
 20
485.7807500262105
 10
136.56431320875933
 20
484.9594619579007
 10
136.56431320875933
 20
484.9594619579007
 10
136.38514420484253
 20
485.7807500262105
 10
136.38514420484253
 20
485.7807500262105
 10
136.51952941606382
 20
485.7807500262105
 10
136.56431320875933
 20
484.9594619579007
 10
136.38514420484253
 20
485.7807500262105
 10
136.38514420484253
 20
485.7807500262105
 10
136.42993927524964
 20
484.8698718170865
 10
136.42993927524964
 20
484.8698718170865
 10
136.56431320875933
 20
484.9594619579007
  0
LWPOLYLINE
  5
353D
330
17
100
AcDbEntity
  8
SIDEWALK_PATH
100
AcDbPolyline
 90
12
 70
1
 10
136.38514420484253
 20
485.7807500262105
 10
136.42993927524964
 20
484.8698718170865
 10
136.42993927524964
 20
484.8698718170865
 10
136.25075899362125
 20
485.7807500262105
 10
136.25075899362125
 20
485.7807500262105
 10
136.38514420484253
 20
485.7807500262105
 10
136.42993927524964
 20
484.8698718170865
 10
136.25075899362125
 20
485.7807500262105
 10
136.25075899362125
 20
485.7807500262105
 10
136.29555406402832
 20
484.76539509698296
 10
136.29555406402832
 20
484.76539509698296
 10
136.42993927524964
 20
484.8698718170865
  0
LWPOLYLINE
  5
353E
330
17
100
AcDbEntity
  8
SIDEWALK_PATH
100
AcDbPolyline
 90
12
 70
1
 10
136.25075899362125
 20
485.7807500262105
 10
136.29555406402832
 20
484.76539509698296
 10
136.29555406402832
 20
484.76539509698296
 10
135.92226181063583
 20
485.7807500262105
 10
135.92226181063583
 20
485.7807500262105
 10
136.25075899362125
 20
485.7807500262105
 10
136.29555406402832
 20
484.76539509698296
 10
135.92226181063583
 20
485.7807500262105
 10
135.92226181063583
 20
485.7807500262105
 10
135.99692026131433
 20
484.46676129426896
 10
135.99692026131433
 20
484.46676129426896
 10
136.29555406402832
 20
484.76539509698296
  0
LWPOLYLINE
  5
353F
330
17
100
AcDbEntity
  8
SIDEWALK_PATH
100
AcDbPolyline
 90
12
 70
1
 10
135.92226181063583
 20
485.7807500262105
 10
135.99692026131433
 20
484.46676129426896
 10
135.99692026131433
 20
484.46676129426896
 10
135.90733012050015
 20
485.7807500262105
 10
135.90733012050015
 20
485.7807500262105
 10
135.92226181063583
 20
485.7807500262105
 10
135.99692026131433
 20
484.46676129426896
 10
135.90733012050015
 20
485.7807500262105
 10
135.90733012050015
 20
485.7807500262105
 10
135.98198857117865
 20
484.45178449328694
 10
135.98198857117865
 20
484.45178449328694
 10
135.99692026131433
 20
484.46676129426896
  0
LWPOLYLINE
  5
3540
330
17
100
AcDbEntity
  8
SIDEWALK_PATH
100
AcDbPolyline
 90
12
 70
1
 10
135.90733012050015
 20
485.7807500262105
 10
135.98198857117865
 20
484.45178449328694
 10
135.98198857117865
 20
484.45178449328694
 10
135.59376462765044
 20
485.7807500262105
 10
135.59376462765044
 20
485.7807500262105
 10
135.90733012050015
 20
485.7807500262105
 10
135.98198857117865
 20
484.45178449328694
 10
135.59376462765044
 20
485.7807500262105
 10
135.59376462765044
 20
485.7807500262105
 10
135.66842307832894
 20
484.13826411128355
 10
135.66842307832894
 20
484.13826411128355
 10
135.98198857117865
 20
484.45178449328694
  0
LWPOLYLINE
  5
3541
330
17
100
AcDbEntity
  8
SIDEWALK_PATH
100
AcDbPolyline
 90
12
 70
1
 10
135.59376462765044
 20
485.7807500262105
 10
135.66842307832894
 20
484.13826411128355
 10
135.66842307832894
 20
484.13826411128355
 10
135.47431110656484
 20
485.7807500262105
 10
135.47431110656484
 20
485.7807500262105
 10
135.59376462765044
 20
485.7807500262105
 10
135.66842307832894
 20
484.13826411128355
 10
135.47431110656484
 20
485.7807500262105
 10
135.47431110656484
 20
485.7807500262105
 10
135.56390124737905
 20
484.018810590198
 10
135.56390124737905
 20
484.018810590198
 10
135.66842307832894
 20
484.13826411128355
  0
LWPOLYLINE
  5
3542
330
17
100
AcDbEntity
  8
SIDEWALK_PATH
100
AcDbPolyline
 90
12
 70
1
 10
135.47431110656484
 20
485.7807500262105
 10
135.56390124737905
 20
484.018810590198
 10
135.56390124737905
 20
484.018810590198
 10
135.36978927561495
 20
485.7807500262105
 10
135.36978927561495
 20
485.7807500262105
 10
135.47431110656484
 20
485.7807500262105
 10
135.56390124737905
 20
484.018810590198
 10
135.36978927561495
 20
485.7807500262105
 10
135.36978927561495
 20
485.7807500262105
 10
135.47431110656484
 20
483.869493688841
 10
135.47431110656484
 20
483.869493688841
 10
135.56390124737905
 20
484.018810590198
  0
LWPOLYLINE
  5
3543
330
17
100
AcDbEntity
  8
SIDEWALK_PATH
100
AcDbPolyline
 90
12
 70
1
 10
135.36978927561495
 20
485.7807500262105
 10
135.47431110656484
 20
483.869493688841
 10
135.47431110656484
 20
483.869493688841
 10
135.31006251507216
 20
485.7807500262105
 10
135.31006251507216
 20
485.7807500262105
 10
135.36978927561495
 20
485.7807500262105
 10
135.47431110656484
 20
483.869493688841
 10
135.31006251507216
 20
485.7807500262105
 10
135.31006251507216
 20
485.7807500262105
 10
135.38472096575066
 20
484.1830591816907
 10
135.38472096575066
 20
484.1830591816907
 10
135.47431110656484
 20
483.869493688841
  0
LWPOLYLINE
  5
3544
330
17
100
AcDbEntity
  8
SIDEWALK_PATH
100
AcDbPolyline
 90
12
 70
1
 10
135.31006251507216
 20
485.7807500262105
 10
135.38472096575066
 20
484.1830591816907
 10
135.38472096575066
 20
484.1830591816907
 10
135.25033575452935
 20
485.7807500262105
 10
135.25033575452935
 20
485.7807500262105
 10
135.31006251507216
 20
485.7807500262105
 10
135.38472096575066
 20
484.1830591816907
 10
135.25033575452935
 20
485.7807500262105
 10
135.25033575452935
 20
485.7807500262105
 10
135.29513082493645
 20
484.61607819562596
 10
135.29513082493645
 20
484.61607819562596
 10
135.38472096575066
 20
484.1830591816907
  0
LWPOLYLINE
  5
3545
330
17
100
AcDbEntity
  8
SIDEWALK_PATH
100
AcDbPolyline
 90
12
 70
1
 10
135.29513082493645
 20
484.61607819562596
 10
135.25033575452935
 20
484.85498523779717
 10
135.25033575452935
 20
484.85498523779717
 10
135.22047237425795
 20
485.4821162234965
 10
135.22047237425795
 20
485.4821162234965
 10
135.29513082493645
 20
484.61607819562596
 10
135.25033575452935
 20
484.85498523779717
 10
135.22047237425795
 20
485.4821162234965
 10
135.22047237425795
 20
485.4821162234965
 10
135.22047237425795
 20
485.45225284322515
 10
135.22047237425795
 20
485.45225284322515
 10
135.25033575452935
 20
484.85498523779717
  0
LWPOLYLINE
  5
3546
330
17
100
AcDbEntity
  8
SIDEWALK_PATH
100
AcDbPolyline
 90
6
 70
1
 10
135.29513082493645
 20
484.61607819562596
 10
135.25033575452935
 20
485.7807500262105
 10
135.25033575452935
 20
485.7807500262105
 10
135.22047237425795
 20
485.4821162234965
 10
135.22047237425795
 20
485.4821162234965
 10
135.29513082493645
 20
484.61607819562596
  0
LWPOLYLINE
  5
3547
330
17
100
AcDbEntity
  8
SIDEWALK_PATH
100
AcDbPolyline
 90
6
 70
1
 10
139.64023009900188
 20
287.1009892951344
 10
139.6252984088662
 20
287.1009892951344
 10
139.6252984088662
 20
287.1009892951344
 10
139.64023009900188
 20
286.623175210792
 10
139.64023009900188
 20
286.623175210792
 10
139.64023009900188
 20
287.1009892951344
  0
LWPOLYLINE
  5
3548
330
17
100
AcDbEntity
  8
SIDEWALK_PATH
100
AcDbPolyline
 90
12
 70
1
 10
139.6252984088662
 20
287.1009892951344
 10
139.64023009900188
 20
286.623175210792
 10
139.64023009900188
 20
286.623175210792
 10
139.5506399581877
 20
287.1009892951344
 10
139.5506399581877
 20
287.1009892951344
 10
139.6252984088662
 20
287.1009892951344
 10
139.64023009900188
 20
286.623175210792
 10
139.5506399581877
 20
287.1009892951344
 10
139.5506399581877
 20
287.1009892951344
 10
139.5805033384591
 20
286.623175210792
 10
139.5805033384591
 20
286.623175210792
 10
139.64023009900188
 20
286.623175210792
  0
LWPOLYLINE
  5
3549
330
17
100
AcDbEntity
  8
SIDEWALK_PATH
100
AcDbPolyline
 90
12
 70
1
 10
139.5506399581877
 20
287.1009892951344
 10
139.5805033384591
 20
286.623175210792
 10
139.5805033384591
 20
286.623175210792
 10
139.44611812723778
 20
287.1009892951344
 10
139.44611812723778
 20
287.1009892951344
 10
139.5506399581877
 20
287.1009892951344
 10
139.5805033384591
 20
286.623175210792
 10
139.44611812723778
 20
287.1009892951344
 10
139.44611812723778
 20
287.1009892951344
 10
139.4610498173735
 20
286.6381069009277
 10
139.4610498173735
 20
286.6381069009277
 10
139.5805033384591
 20
286.623175210792
  0
LWPOLYLINE
  5
354A
330
17
100
AcDbEntity
  8
SIDEWALK_PATH
100
AcDbPolyline
 90
12
 70
1
 10
139.44611812723778
 20
287.1009892951344
 10
139.4610498173735
 20
286.6381069009277
 10
139.4610498173735
 20
286.6381069009277
 10
139.2669378456094
 20
287.1159209852701
 10
139.2669378456094
 20
287.1159209852701
 10
139.44611812723778
 20
287.1009892951344
 10
139.4610498173735
 20
286.6381069009277
 10
139.2669378456094
 20
287.1159209852701
 10
139.2669378456094
 20
287.1159209852701
 10
139.2818695357451
 20
286.6530385910634
 10
139.2818695357451
 20
286.6530385910634
 10
139.4610498173735
 20
286.6381069009277
  0
LWPOLYLINE
  5
354B
330
17
100
AcDbEntity
  8
SIDEWALK_PATH
100
AcDbPolyline
 90
12
 70
1
 10
139.2669378456094
 20
287.1159209852701
 10
139.2818695357451
 20
286.6530385910634
 10
139.2818695357451
 20
286.6530385910634
 10
139.087757563981
 20
287.1607160556772
 10
139.087757563981
 20
287.1607160556772
 10
139.2669378456094
 20
287.1159209852701
 10
139.2818695357451
 20
286.6530385910634
 10
139.087757563981
 20
287.1607160556772
 10
139.087757563981
 20
287.1607160556772
 10
139.1026892541167
 20
286.6829019713348
 10
139.1026892541167
 20
286.6829019713348
 10
139.2818695357451
 20
286.6530385910634
  0
LWPOLYLINE
  5
354C
330
17
100
AcDbEntity
  8
SIDEWALK_PATH
100
AcDbPolyline
 90
12
 70
1
 10
139.087757563981
 20
287.1607160556772
 10
139.1026892541167
 20
286.6829019713348
 10
139.1026892541167
 20
286.6829019713348
 10
138.95337235275971
 20
287.22044281622
 10
138.95337235275971
 20
287.22044281622
 10
139.087757563981
 20
287.1607160556772
 10
139.1026892541167
 20
286.6829019713348
 10
138.95337235275971
 20
287.22044281622
 10
138.95337235275971
 20
287.22044281622
 10
138.9832357330311
 20
286.6978336614705
 10
138.9832357330311
 20
286.6978336614705
 10
139.1026892541167
 20
286.6829019713348
  0
LWPOLYLINE
  5
354D
330
17
100
AcDbEntity
  8
SIDEWALK_PATH
100
AcDbPolyline
 90
12
 70
1
 10
138.95337235275971
 20
287.22044281622
 10
138.9832357330311
 20
286.6978336614705
 10
138.9832357330311
 20
286.6978336614705
 10
138.92350897248832
 20
287.2353745063557
 10
138.92350897248832
 20
287.2353745063557
 10
138.95337235275971
 20
287.22044281622
 10
138.9832357330311
 20
286.6978336614705
 10
138.92350897248832
 20
287.2353745063557
 10
138.92350897248832
 20
287.2353745063557
 10
138.938440662624
 20
286.6978336614705
 10
138.938440662624
 20
286.6978336614705
 10
138.9832357330311
 20
286.6978336614705
  0
LWPOLYLINE
  5
354E
330
17
100
AcDbEntity
  8
SIDEWALK_PATH
100
AcDbPolyline
 90
12
 70
1
 10
138.92350897248832
 20
287.2353745063557
 10
138.938440662624
 20
286.6978336614705
 10
138.938440662624
 20
286.6978336614705
 10
138.7592603809956
 20
287.3398963373056
 10
138.7592603809956
 20
287.3398963373056
 10
138.92350897248832
 20
287.2353745063557
 10
138.938440662624
 20
286.6978336614705
 10
138.7592603809956
 20
287.3398963373056
 10
138.7592603809956
 20
287.3398963373056
 10
138.80405545140272
 20
286.7276970417419
 10
138.80405545140272
 20
286.7276970417419
 10
138.938440662624
 20
286.6978336614705
  0
LWPOLYLINE
  5
354F
330
17
100
AcDbEntity
  8
SIDEWALK_PATH
100
AcDbPolyline
 90
6
 70
1
 10
138.32624136706033
 20
295.1341934772945
 10
138.32624136706033
 20
295.14912516743016
 10
138.32624136706033
 20
295.14912516743016
 10
138.35610474733173
 20
294.5966526324093
 10
138.35610474733173
 20
294.5966526324093
 10
138.32624136706033
 20
295.1341934772945
  0
LWPOLYLINE
  5
3550
330
17
100
AcDbEntity
  8
SIDEWALK_PATH
100
AcDbPolyline
 90
12
 70
1
 10
138.32624136706033
 20
295.14912516743016
 10
138.35610474733173
 20
294.5966526324093
 10
138.35610474733173
 20
294.5966526324093
 10
138.25158291638184
 20
295.656802632044
 10
138.25158291638184
 20
295.656802632044
 10
138.32624136706033
 20
295.14912516743016
 10
138.35610474733173
 20
294.5966526324093
 10
138.25158291638184
 20
295.656802632044
 10
138.25158291638184
 20
295.656802632044
 10
138.35610474733173
 20
293.64102446372453
 10
138.35610474733173
 20
293.64102446372453
 10
138.35610474733173
 20
294.5966526324093
  0
LWPOLYLINE
  5
3551
330
17
100
AcDbEntity
  8
SIDEWALK_PATH
100
AcDbPolyline
 90
12
 70
1
 10
138.7592603809956
 20
287.3398963373056
 10
138.80405545140272
 20
286.7276970417419
 10
138.80405545140272
 20
286.7276970417419
 10
138.63980685991
 20
287.4742815485269
 10
138.63980685991
 20
287.4742815485269
 10
138.7592603809956
 20
287.3398963373056
 10
138.80405545140272
 20
286.7276970417419
 10
138.63980685991
 20
287.4742815485269
 10
138.63980685991
 20
287.4742815485269
 10
138.6696702401814
 20
286.74262873187763
 10
138.6696702401814
 20
286.74262873187763
 10
138.80405545140272
 20
286.7276970417419
  0
LWPOLYLINE
  5
3552
330
17
100
AcDbEntity
  8
SIDEWALK_PATH
100
AcDbPolyline
 90
12
 70
1
 10
138.25158291638184
 20
295.656802632044
 10
138.35610474733173
 20
293.64102446372453
 10
138.35610474733173
 20
293.64102446372453
 10
138.221730813822
 20
295.85091460380806
 10
138.221730813822
 20
295.85091460380806
 10
138.25158291638184
 20
295.656802632044
 10
138.35610474733173
 20
293.64102446372453
 10
138.221730813822
 20
295.85091460380806
 10
138.221730813822
 20
295.85091460380806
 10
138.35610474733173
 20
292.90937164707526
 10
138.35610474733173
 20
292.90937164707526
 10
138.35610474733173
 20
293.64102446372453
  0
LWPOLYLINE
  5
3553
330
17
100
AcDbEntity
  8
SIDEWALK_PATH
100
AcDbPolyline
 90
12
 70
1
 10
138.221730813822
 20
295.85091460380806
 10
138.35610474733173
 20
292.90937164707526
 10
138.35610474733173
 20
292.90937164707526
 10
138.1470723631435
 20
296.1793892313703
 10
138.1470723631435
 20
296.1793892313703
 10
138.221730813822
 20
295.85091460380806
 10
138.35610474733173
 20
292.90937164707526
 10
138.1470723631435
 20
296.1793892313703
 10
138.1470723631435
 20
296.1793892313703
 10
138.3710364374674
 20
291.6402005409639
 10
138.3710364374674
 20
291.6402005409639
 10
138.35610474733173
 20
292.90937164707526
  0
LWPOLYLINE
  5
3554
330
17
100
AcDbEntity
  8
SIDEWALK_PATH
100
AcDbPolyline
 90
12
 70
1
 10
138.63980685991
 20
287.4742815485269
 10
138.6696702401814
 20
286.74262873187763
 10
138.6696702401814
 20
286.74262873187763
 10
138.53528502896012
 20
287.6235984498839
 10
138.53528502896012
 20
287.6235984498839
 10
138.63980685991
 20
287.4742815485269
 10
138.6696702401814
 20
286.74262873187763
 10
138.53528502896012
 20
287.6235984498839
 10
138.53528502896012
 20
287.6235984498839
 10
138.5651484092315
 20
286.7575604220133
 10
138.5651484092315
 20
286.7575604220133
 10
138.6696702401814
 20
286.74262873187763
  0
LWPOLYLINE
  5
3555
330
17
100
AcDbEntity
  8
SIDEWALK_PATH
100
AcDbPolyline
 90
12
 70
1
 10
138.53528502896012
 20
287.6235984498839
 10
138.5651484092315
 20
286.7575604220133
 10
138.5651484092315
 20
286.7575604220133
 10
138.4456948881459
 20
287.7878470413766
 10
138.4456948881459
 20
287.7878470413766
 10
138.53528502896012
 20
287.6235984498839
 10
138.5651484092315
 20
286.7575604220133
 10
138.4456948881459
 20
287.7878470413766
 10
138.4456948881459
 20
287.7878470413766
 10
138.50542164868872
 20
286.772492112149
 10
138.50542164868872
 20
286.772492112149
 10
138.5651484092315
 20
286.7575604220133
  0
LWPOLYLINE
  5
3556
330
17
100
AcDbEntity
  8
SIDEWALK_PATH
100
AcDbPolyline
 90
12
 70
1
 10
138.1470723631435
 20
296.1793892313703
 10
138.3710364374674
 20
291.6402005409639
 10
138.3710364374674
 20
291.6402005409639
 10
137.9828237716508
 20
296.6870666959841
 10
137.9828237716508
 20
296.6870666959841
 10
138.1470723631435
 20
296.1793892313703
 10
138.3710364374674
 20
291.6402005409639
 10
137.9828237716508
 20
296.6870666959841
 10
137.9828237716508
 20
296.6870666959841
 10
138.38596812760312
 20
288.6688167593829
 10
138.38596812760312
 20
288.6688167593829
 10
138.3710364374674
 20
291.6402005409639
  0
LWPOLYLINE
  5
3557
330
17
100
AcDbEntity
  8
SIDEWALK_PATH
100
AcDbPolyline
 90
12
 70
1
 10
138.4456948881459
 20
287.7878470413766
 10
138.50542164868872
 20
286.772492112149
 10
138.50542164868872
 20
286.772492112149
 10
138.40089981773883
 20
287.96702732300497
 10
138.40089981773883
 20
287.96702732300497
 10
138.4456948881459
 20
287.7878470413766
 10
138.50542164868872
 20
286.772492112149
 10
138.40089981773883
 20
287.96702732300497
 10
138.40089981773883
 20
287.96702732300497
 10
138.46062657828162
 20
286.772492112149
 10
138.46062657828162
 20
286.772492112149
 10
138.50542164868872
 20
286.772492112149
  0
LWPOLYLINE
  5
3558
330
17
100
AcDbEntity
  8
SIDEWALK_PATH
100
AcDbPolyline
 90
12
 70
1
 10
137.9828237716508
 20
296.6870666959841
 10
138.38596812760312
 20
288.6688167593829
 10
138.38596812760312
 20
288.6688167593829
 10
137.9529603913794
 20
296.76172514666257
 10
137.9529603913794
 20
296.76172514666257
 10
137.9828237716508
 20
296.6870666959841
 10
138.38596812760312
 20
288.6688167593829
 10
137.9529603913794
 20
296.76172514666257
 10
137.9529603913794
 20
296.76172514666257
 10
138.38596812760312
 20
288.1462076046334
 10
138.38596812760312
 20
288.1462076046334
 10
138.38596812760312
 20
288.6688167593829
  0
LWPOLYLINE
  5
3559
330
17
100
AcDbEntity
  8
SIDEWALK_PATH
100
AcDbPolyline
 90
12
 70
1
 10
138.38596812760312
 20
288.1462076046334
 10
138.38596812760312
 20
288.1462076046334
 10
138.38596812760312
 20
288.1462076046334
 10
138.46062657828162
 20
286.772492112149
 10
138.46062657828162
 20
286.772492112149
 10
138.38596812760312
 20
288.1462076046334
 10
138.38596812760312
 20
288.1462076046334
 10
138.46062657828162
 20
286.772492112149
 10
138.46062657828162
 20
286.772492112149
 10
138.40089981773883
 20
287.96702732300497
 10
138.40089981773883
 20
287.96702732300497
 10
138.38596812760312
 20
288.1462076046334
  0
LWPOLYLINE
  5
355A
330
17
100
AcDbEntity
  8
SIDEWALK_PATH
100
AcDbPolyline
 90
12
 70
1
 10
137.9529603913794
 20
296.76172514666257
 10
138.46062657828162
 20
286.772492112149
 10
138.46062657828162
 20
286.772492112149
 10
137.78871179988673
 20
297.1798124704622
 10
137.78871179988673
 20
297.1798124704622
 10
137.9529603913794
 20
296.76172514666257
 10
138.46062657828162
 20
286.772492112149
 10
137.78871179988673
 20
297.1798124704622
 10
137.78871179988673
 20
297.1798124704622
 10
138.2963779867889
 20
286.8023554924204
 10
138.2963779867889
 20
286.8023554924204
 10
138.46062657828162
 20
286.772492112149
  0
LWPOLYLINE
  5
355B
330
17
100
AcDbEntity
  8
SIDEWALK_PATH
100
AcDbPolyline
 90
12
 70
1
 10
137.78871179988673
 20
297.1798124704622
 10
138.2963779867889
 20
286.8023554924204
 10
138.2963779867889
 20
286.8023554924204
 10
137.54980475771552
 20
297.65762655480455
 10
137.54980475771552
 20
297.65762655480455
 10
137.78871179988673
 20
297.1798124704622
 10
138.2963779867889
 20
286.8023554924204
 10
137.54980475771552
 20
297.65762655480455
 10
137.54980475771552
 20
297.65762655480455
 10
138.08734560260072
 20
286.8322188726918
 10
138.08734560260072
 20
286.8322188726918
 10
138.2963779867889
 20
286.8023554924204
  0
LWPOLYLINE
  5
355C
330
17
100
AcDbEntity
  8
SIDEWALK_PATH
100
AcDbPolyline
 90
12
 70
1
 10
137.54980475771552
 20
297.65762655480455
 10
138.08734560260072
 20
286.8322188726918
 10
138.08734560260072
 20
286.8322188726918
 10
137.26610264513724
 20
298.10557725887554
 10
137.26610264513724
 20
298.10557725887554
 10
137.54980475771552
 20
297.65762655480455
 10
138.08734560260072
 20
286.8322188726918
 10
137.26610264513724
 20
298.10557725887554
 10
137.26610264513724
 20
298.10557725887554
 10
137.81857518015812
 20
286.8770139430989
 10
137.81857518015812
 20
286.8770139430989
 10
138.08734560260072
 20
286.8322188726918
  0
LWPOLYLINE
  5
355D
330
17
100
AcDbEntity
  8
SIDEWALK_PATH
100
AcDbPolyline
 90
12
 70
1
 10
137.26610264513724
 20
298.10557725887554
 10
137.81857518015812
 20
286.8770139430989
 10
137.81857518015812
 20
286.8770139430989
 10
137.20637588459442
 20
298.18023570955404
 10
137.20637588459442
 20
298.18023570955404
 10
137.26610264513724
 20
298.10557725887554
 10
137.81857518015812
 20
286.8770139430989
 10
137.20637588459442
 20
298.18023570955404
 10
137.20637588459442
 20
298.18023570955404
 10
137.77378010975102
 20
286.8770139430989
 10
137.77378010975102
 20
286.8770139430989
 10
137.81857518015812
 20
286.8770139430989
  0
LWPOLYLINE
  5
355E
330
17
100
AcDbEntity
  8
SIDEWALK_PATH
100
AcDbPolyline
 90
12
 70
1
 10
137.20637588459442
 20
298.18023570955404
 10
137.54980475771552
 20
291.46102025933556
 10
137.54980475771552
 20
291.46102025933556
 10
137.19144419445874
 20
298.21009908982546
 10
137.19144419445874
 20
298.21009908982546
 10
137.20637588459442
 20
298.18023570955404
 10
137.54980475771552
 20
291.46102025933556
 10
137.19144419445874
 20
298.21009908982546
 10
137.19144419445874
 20
298.21009908982546
 10
137.49007799717273
 20
292.1478780055777
 10
137.49007799717273
 20
292.1478780055777
 10
137.54980475771552
 20
291.46102025933556
  0
LWPOLYLINE
  5
355F
330
17
100
AcDbEntity
  8
SIDEWALK_PATH
100
AcDbPolyline
 90
12
 70
1
 10
137.54980475771552
 20
291.46102025933556
 10
137.77378010975102
 20
286.8770139430989
 10
137.77378010975102
 20
286.8770139430989
 10
137.5348730675798
 20
291.23704490730006
 10
137.5348730675798
 20
291.23704490730006
 10
137.54980475771552
 20
291.46102025933556
 10
137.77378010975102
 20
286.8770139430989
 10
137.5348730675798
 20
291.23704490730006
 10
137.5348730675798
 20
291.23704490730006
 10
137.7588484196153
 20
286.8770139430989
 10
137.7588484196153
 20
286.8770139430989
 10
137.77378010975102
 20
286.8770139430989
  0
LWPOLYLINE
  5
3560
330
17
100
AcDbEntity
  8
SIDEWALK_PATH
100
AcDbPolyline
 90
12
 70
1
 10
137.19144419445874
 20
298.21009908982546
 10
137.49007799717273
 20
292.1478780055777
 10
137.49007799717273
 20
292.1478780055777
 10
137.17651250432303
 20
298.2399624700968
 10
137.17651250432303
 20
298.2399624700968
 10
137.19144419445874
 20
298.21009908982546
 10
137.49007799717273
 20
292.1478780055777
 10
137.17651250432303
 20
298.2399624700968
 10
137.17651250432303
 20
298.2399624700968
 10
137.4602146169013
 20
292.4913068786988
 10
137.4602146169013
 20
292.4913068786988
 10
137.49007799717273
 20
292.1478780055777
  0
LWPOLYLINE
  5
3561
330
17
100
AcDbEntity
  8
SIDEWALK_PATH
100
AcDbPolyline
 90
12
 70
1
 10
137.17651250432303
 20
298.2399624700968
 10
137.4602146169013
 20
292.4913068786988
 10
137.4602146169013
 20
292.4913068786988
 10
137.16158081418732
 20
298.26982585036825
 10
137.16158081418732
 20
298.26982585036825
 10
137.17651250432303
 20
298.2399624700968
 10
137.4602146169013
 20
292.4913068786988
 10
137.16158081418732
 20
298.26982585036825
 10
137.16158081418732
 20
298.26982585036825
 10
137.43035123662992
 20
292.80484981612534
 10
137.43035123662992
 20
292.80484981612534
 10
137.4602146169013
 20
292.4913068786988
  0
LWPOLYLINE
  5
3562
330
17
100
AcDbEntity
  8
SIDEWALK_PATH
100
AcDbPolyline
 90
12
 70
1
 10
137.5348730675798
 20
291.23704490730006
 10
137.7588484196153
 20
286.8770139430989
 10
137.7588484196153
 20
286.8770139430989
 10
137.50500968730842
 20
290.35607518929373
 10
137.50500968730842
 20
290.35607518929373
 10
137.5348730675798
 20
291.23704490730006
 10
137.7588484196153
 20
286.8770139430989
 10
137.50500968730842
 20
290.35607518929373
 10
137.50500968730842
 20
290.35607518929373
 10
137.66925827880112
 20
286.8919456332346
 10
137.66925827880112
 20
286.8919456332346
 10
137.7588484196153
 20
286.8770139430989
  0
LWPOLYLINE
  5
3563
330
17
100
AcDbEntity
  8
SIDEWALK_PATH
100
AcDbPolyline
 90
12
 70
1
 10
137.16158081418732
 20
298.26982585036825
 10
137.43035123662992
 20
292.80484981612534
 10
137.43035123662992
 20
292.80484981612534
 10
137.10185405364453
 20
298.37434768131817
 10
137.10185405364453
 20
298.37434768131817
 10
137.16158081418732
 20
298.26982585036825
 10
137.43035123662992
 20
292.80484981612534
 10
137.10185405364453
 20
298.37434768131817
 10
137.10185405364453
 20
298.37434768131817
 10
137.34076109581574
 20
293.5215709426389
 10
137.34076109581574
 20
293.5215709426389
 10
137.43035123662992
 20
292.80484981612534
  0
LWPOLYLINE
  5
3564
330
17
100
AcDbEntity
  8
SIDEWALK_PATH
100
AcDbPolyline
 90
12
 70
1
 10
137.10185405364453
 20
298.37434768131817
 10
137.34076109581574
 20
293.5215709426389
 10
137.34076109581574
 20
293.5215709426389
 10
136.99733222269464
 20
298.5385962728108
 10
136.99733222269464
 20
298.5385962728108
 10
137.10185405364453
 20
298.37434768131817
 10
137.34076109581574
 20
293.5215709426389
 10
136.99733222269464
 20
298.5385962728108
 10
136.99733222269464
 20
298.5385962728108
 10
137.22130757473013
 20
294.1188385480669
 10
137.22130757473013
 20
294.1188385480669
 10
137.34076109581574
 20
293.5215709426389
  0
LWPOLYLINE
  5
3565
330
17
100
AcDbEntity
  8
SIDEWALK_PATH
100
AcDbPolyline
 90
6
 70
1
 10
136.13130547253564
 20
314.63484546197924
 10
136.11637378239993
 20
314.39593841980803
 10
136.11637378239993
 20
314.39593841980803
 10
136.13130547253564
 20
313.87332926505854
 10
136.13130547253564
 20
313.87332926505854
 10
136.13130547253564
 20
314.63484546197924
  0
LWPOLYLINE
  5
3566
330
17
100
AcDbEntity
  8
SIDEWALK_PATH
100
AcDbPolyline
 90
6
 70
1
 10
137.44528292676563
 20
286.921809013506
 10
137.40048785635852
 20
287.8923688723265
 10
137.40048785635852
 20
287.8923688723265
 10
137.37062447608713
 20
286.9367407036417
 10
137.37062447608713
 20
286.9367407036417
 10
137.44528292676563
 20
286.921809013506
  0
LWPOLYLINE
  5
3567
330
17
100
AcDbEntity
  8
SIDEWALK_PATH
100
AcDbPolyline
 90
12
 70
1
 10
136.99733222269464
 20
298.5385962728108
 10
137.22130757473013
 20
294.1188385480669
 10
137.22130757473013
 20
294.1188385480669
 10
136.86294701147332
 20
298.777503314982
 10
136.86294701147332
 20
298.777503314982
 10
136.99733222269464
 20
298.5385962728108
 10
137.22130757473013
 20
294.1188385480669
 10
136.86294701147332
 20
298.777503314982
 10
136.86294701147332
 20
298.777503314982
 10
137.05705898323743
 20
294.7310378436306
 10
137.05705898323743
 20
294.7310378436306
 10
137.22130757473013
 20
294.1188385480669
  0
LWPOLYLINE
  5
3568
330
17
100
AcDbEntity
  8
SIDEWALK_PATH
100
AcDbPolyline
 90
12
 70
1
 10
137.50500968730842
 20
290.35607518929373
 10
137.66925827880112
 20
286.8919456332346
 10
137.66925827880112
 20
286.8919456332346
 10
137.40048785635852
 20
287.8923688723265
 10
137.40048785635852
 20
287.8923688723265
 10
137.50500968730842
 20
290.35607518929373
 10
137.66925827880112
 20
286.8919456332346
 10
137.40048785635852
 20
287.8923688723265
 10
137.40048785635852
 20
287.8923688723265
 10
137.44528292676563
 20
286.921809013506
 10
137.44528292676563
 20
286.921809013506
 10
137.66925827880112
 20
286.8919456332346
  0
LWPOLYLINE
  5
3569
330
17
100
AcDbEntity
  8
SIDEWALK_PATH
100
AcDbPolyline
 90
12
 70
1
 10
136.86294701147332
 20
298.777503314982
 10
137.05705898323743
 20
294.7310378436306
 10
137.05705898323743
 20
294.7310378436306
 10
136.71363011011633
 20
299.10600049796744
 10
136.71363011011633
 20
299.10600049796744
 10
136.86294701147332
 20
298.777503314982
 10
137.05705898323743
 20
294.7310378436306
 10
136.71363011011633
 20
299.10600049796744
 10
136.71363011011633
 20
299.10600049796744
 10
136.90774208188043
 20
295.3432371391943
 10
136.90774208188043
 20
295.3432371391943
 10
137.05705898323743
 20
294.7310378436306
  0
LWPOLYLINE
  5
356A
330
17
100
AcDbEntity
  8
SIDEWALK_PATH
100
AcDbPolyline
 90
12
 70
1
 10
136.71363011011633
 20
299.10600049796744
 10
136.90774208188043
 20
295.3432371391943
 10
136.90774208188043
 20
295.3432371391943
 10
136.62403996930215
 20
299.32995329457975
 10
136.62403996930215
 20
299.32995329457975
 10
136.71363011011633
 20
299.10600049796744
 10
136.90774208188043
 20
295.3432371391943
 10
136.62403996930215
 20
299.32995329457975
 10
136.62403996930215
 20
299.32995329457975
 10
136.78828856079483
 20
295.74639277285814
 10
136.78828856079483
 20
295.74639277285814
 10
136.90774208188043
 20
295.3432371391943
  0
LWPOLYLINE
  5
356B
330
17
100
AcDbEntity
  8
SIDEWALK_PATH
100
AcDbPolyline
 90
12
 70
1
 10
136.62403996930215
 20
299.32995329457975
 10
136.78828856079483
 20
295.74639277285814
 10
136.78828856079483
 20
295.74639277285814
 10
136.59417658903075
 20
299.40461174525825
 10
136.59417658903075
 20
299.40461174525825
 10
136.62403996930215
 20
299.32995329457975
 10
136.78828856079483
 20
295.74639277285814
 10
136.59417658903075
 20
299.40461174525825
 10
136.59417658903075
 20
299.40461174525825
 10
136.77335687065914
 20
295.85091460380806
 10
136.77335687065914
 20
295.85091460380806
 10
136.78828856079483
 20
295.74639277285814
  0
LWPOLYLINE
  5
356C
330
17
100
AcDbEntity
  8
SIDEWALK_PATH
100
AcDbPolyline
 90
12
 70
1
 10
136.59417658903075
 20
299.40461174525825
 10
136.77335687065914
 20
295.85091460380806
 10
136.77335687065914
 20
295.85091460380806
 10
136.56431320875933
 20
299.47927019593675
 10
136.56431320875933
 20
299.47927019593675
 10
136.59417658903075
 20
299.40461174525825
 10
136.77335687065914
 20
295.85091460380806
 10
136.56431320875933
 20
299.47927019593675
 10
136.56431320875933
 20
299.47927019593675
 10
136.74349349038775
 20
295.9554138793348
 10
136.74349349038775
 20
295.9554138793348
 10
136.77335687065914
 20
295.85091460380806
  0
LWPOLYLINE
  5
356D
330
17
100
AcDbEntity
  8
SIDEWALK_PATH
100
AcDbPolyline
 90
12
 70
1
 10
136.56431320875933
 20
299.47927019593675
 10
136.74349349038775
 20
295.9554138793348
 10
136.74349349038775
 20
295.9554138793348
 10
136.42993927524964
 20
299.88242582960066
 10
136.42993927524964
 20
299.88242582960066
 10
136.56431320875933
 20
299.47927019593675
 10
136.74349349038775
 20
295.9554138793348
 10
136.42993927524964
 20
299.88242582960066
 10
136.42993927524964
 20
299.88242582960066
 10
136.59417658903075
 20
296.3884328932701
 10
136.59417658903075
 20
296.3884328932701
 10
136.74349349038775
 20
295.9554138793348
  0
LWPOLYLINE
  5
356E
330
17
100
AcDbEntity
  8
SIDEWALK_PATH
100
AcDbPolyline
 90
12
 70
1
 10
136.42993927524964
 20
299.88242582960066
 10
136.59417658903075
 20
296.3884328932701
 10
136.59417658903075
 20
296.3884328932701
 10
136.37021251470682
 20
300.12133287177187
 10
136.37021251470682
 20
300.12133287177187
 10
136.42993927524964
 20
299.88242582960066
 10
136.59417658903075
 20
296.3884328932701
 10
136.37021251470682
 20
300.12133287177187
 10
136.37021251470682
 20
300.12133287177187
 10
136.5493927963352
 20
296.5526814847628
 10
136.5493927963352
 20
296.5526814847628
 10
136.59417658903075
 20
296.3884328932701
  0
LWPOLYLINE
  5
356F
330
17
100
AcDbEntity
  8
SIDEWALK_PATH
100
AcDbPolyline
 90
12
 70
1
 10
136.37021251470682
 20
300.12133287177187
 10
136.5493927963352
 20
296.5526814847628
 10
136.5493927963352
 20
296.5526814847628
 10
136.28062237389264
 20
300.44983005475723
 10
136.28062237389264
 20
300.44983005475723
 10
136.37021251470682
 20
300.12133287177187
 10
136.5493927963352
 20
296.5526814847628
 10
136.28062237389264
 20
300.44983005475723
 10
136.28062237389264
 20
300.44983005475723
 10
136.47473434565674
 20
296.791588526934
 10
136.47473434565674
 20
296.791588526934
 10
136.5493927963352
 20
296.5526814847628
  0
LWPOLYLINE
  5
3570
330
17
100
AcDbEntity
  8
SIDEWALK_PATH
100
AcDbPolyline
 90
12
 70
1
 10
136.28062237389264
 20
300.44983005475723
 10
136.47473434565674
 20
296.791588526934
 10
136.47473434565674
 20
296.791588526934
 10
136.20596392321414
 20
301.0470976601852
 10
136.20596392321414
 20
301.0470976601852
 10
136.28062237389264
 20
300.44983005475723
 10
136.47473434565674
 20
296.791588526934
 10
136.20596392321414
 20
301.0470976601852
 10
136.20596392321414
 20
301.0470976601852
 10
136.40007589497824
 20
297.0006321888338
 10
136.40007589497824
 20
297.0006321888338
 10
136.47473434565674
 20
296.791588526934
  0
LWPOLYLINE
  5
3571
330
17
100
AcDbEntity
  8
SIDEWALK_PATH
100
AcDbPolyline
 90
12
 70
1
 10
136.11637378239993
 20
314.39593841980803
 10
136.13130547253564
 20
313.87332926505854
 10
136.13130547253564
 20
313.87332926505854
 10
136.11637378239993
 20
302.7044927098247
 10
136.11637378239993
 20
302.7044927098247
 10
136.11637378239993
 20
314.39593841980803
 10
136.13130547253564
 20
313.87332926505854
 10
136.11637378239993
 20
302.7044927098247
 10
136.11637378239993
 20
302.7044927098247
 10
136.17610054294275
 20
301.6294335754775
 10
136.17610054294275
 20
301.6294335754775
 10
136.13130547253564
 20
313.87332926505854
  0
LWPOLYLINE
  5
3572
330
17
100
AcDbEntity
  8
SIDEWALK_PATH
100
AcDbPolyline
 90
12
 70
1
 10
136.17610054294275
 20
301.6294335754775
 10
136.17610054294275
 20
301.6294335754775
 10
136.17610054294275
 20
301.6294335754775
 10
136.40007589497824
 20
297.0006321888338
 10
136.40007589497824
 20
297.0006321888338
 10
136.17610054294275
 20
301.6294335754775
 10
136.17610054294275
 20
301.6294335754775
 10
136.40007589497824
 20
297.0006321888338
 10
136.40007589497824
 20
297.0006321888338
 10
136.20596392321414
 20
301.0470976601852
 10
136.20596392321414
 20
301.0470976601852
 10
136.17610054294275
 20
301.6294335754775
  0
LWPOLYLINE
  5
3573
330
17
100
AcDbEntity
  8
SIDEWALK_PATH
100
AcDbPolyline
 90
12
 70
1
 10
136.40007589497824
 20
297.0006321888338
 10
136.25075899362125
 20
297.4635145830405
 10
136.25075899362125
 20
297.4635145830405
 10
136.11637378239993
 20
300.03174273095766
 10
136.11637378239993
 20
300.03174273095766
 10
136.40007589497824
 20
297.0006321888338
 10
136.25075899362125
 20
297.4635145830405
 10
136.11637378239993
 20
300.03174273095766
 10
136.11637378239993
 20
300.03174273095766
 10
136.19103223307843
 20
297.65762655480455
 10
136.19103223307843
 20
297.65762655480455
 10
136.25075899362125
 20
297.4635145830405
  0
LWPOLYLINE
  5
3574
330
17
100
AcDbEntity
  8
SIDEWALK_PATH
100
AcDbPolyline
 90
6
 70
1
 10
136.40007589497824
 20
297.0006321888338
 10
136.11637378239993
 20
302.7044927098247
 10
136.11637378239993
 20
302.7044927098247
 10
136.11637378239993
 20
300.03174273095766
 10
136.11637378239993
 20
300.03174273095766
 10
136.40007589497824
 20
297.0006321888338
  0
LWPOLYLINE
  5
3575
330
17
100
AcDbEntity
  8
SIDEWALK_PATH
100
AcDbPolyline
 90
20
 70
1
 10
138.072413912465
 20
323.44447497577255
 10
138.08734560260072
 20
323.23543131387277
 10
138.08734560260072
 20
323.23543131387277
 10
138.0276188420579
 20
323.6385869475367
 10
138.0276188420579
 20
323.6385869475367
 10
138.072413912465
 20
323.44447497577255
 10
138.08734560260072
 20
323.23543131387277
 10
138.0276188420579
 20
323.6385869475367
 10
138.0276188420579
 20
323.6385869475367
 10
138.0574822223293
 20
323.0413193421087
 10
138.0574822223293
 20
323.0413193421087
 10
138.08734560260072
 20
323.23543131387277
 10
138.0276188420579
 20
323.6385869475367
 10
138.0574822223293
 20
323.0413193421087
 10
138.0574822223293
 20
323.0413193421087
 10
138.0276188420579
 20
323.6385869475367
 10
138.0574822223293
 20
323.0413193421087
 10
138.0276188420579
 20
323.6385869475367
 10
138.0276188420579
 20
323.6385869475367
 10
138.0574822223293
 20
323.0413193421087
  0
LWPOLYLINE
  5
3576
330
17
100
AcDbEntity
  8
SIDEWALK_PATH
100
AcDbPolyline
 90
12
 70
1
 10
138.0276188420579
 20
323.6385869475367
 10
138.0574822223293
 20
323.0413193421087
 10
138.0574822223293
 20
323.0413193421087
 10
137.93802870124372
 20
323.81776722916504
 10
137.93802870124372
 20
323.81776722916504
 10
138.0276188420579
 20
323.6385869475367
 10
138.0574822223293
 20
323.0413193421087
 10
137.93802870124372
 20
323.81776722916504
 10
137.93802870124372
 20
323.81776722916504
 10
137.9977554617865
 20
322.84720737034456
 10
137.9977554617865
 20
322.84720737034456
 10
138.0574822223293
 20
323.0413193421087
  0
LWPOLYLINE
  5
3577
330
17
100
AcDbEntity
  8
SIDEWALK_PATH
100
AcDbPolyline
 90
12
 70
1
 10
137.93802870124372
 20
323.81776722916504
 10
137.9977554617865
 20
322.84720737034456
 10
137.9977554617865
 20
322.84720737034456
 10
137.93802870124372
 20
323.83269891930075
 10
137.93802870124372
 20
323.83269891930075
 10
137.93802870124372
 20
323.81776722916504
 10
137.9977554617865
 20
322.84720737034456
 10
137.93802870124372
 20
323.83269891930075
 10
137.93802870124372
 20
323.83269891930075
 10
137.9828237716508
 20
322.84720737034456
 10
137.9828237716508
 20
322.84720737034456
 10
137.9977554617865
 20
322.84720737034456
  0
LWPOLYLINE
  5
3578
330
17
100
AcDbEntity
  8
SIDEWALK_PATH
100
AcDbPolyline
 90
18
 70
1
 10
137.93802870124372
 20
323.83269891930075
 10
137.9828237716508
 20
322.84720737034456
 10
137.9828237716508
 20
322.84720737034456
 10
137.81857518015812
 20
323.99694751079346
 10
137.81857518015812
 20
323.99694751079346
 10
137.93802870124372
 20
323.83269891930075
 10
137.9828237716508
 20
322.84720737034456
 10
137.81857518015812
 20
323.99694751079346
 10
137.81857518015812
 20
323.99694751079346
 10
137.89323363083662
 20
322.68298133427504
 10
137.89323363083662
 20
322.68298133427504
 10
137.9828237716508
 20
322.84720737034456
 10
137.81857518015812
 20
323.99694751079346
 10
137.89323363083662
 20
322.68298133427504
 10
137.89323363083662
 20
322.68298133427504
 10
137.8783019407009
 20
322.66804964413933
 10
137.8783019407009
 20
322.66804964413933
 10
137.81857518015812
 20
323.99694751079346
  0
LWPOLYLINE
  5
3579
330
17
100
AcDbEntity
  8
SIDEWALK_PATH
100
AcDbPolyline
 90
18
 70
1
 10
137.81857518015812
 20
323.99694751079346
 10
137.8783019407009
 20
322.66804964413933
 10
137.8783019407009
 20
322.66804964413933
 10
137.66925827880112
 20
324.13133272201475
 10
137.66925827880112
 20
324.13133272201475
 10
137.81857518015812
 20
323.99694751079346
 10
137.8783019407009
 20
322.66804964413933
 10
137.66925827880112
 20
324.13133272201475
 10
137.66925827880112
 20
324.13133272201475
 10
137.7588484196153
 20
322.51873274278233
 10
137.7588484196153
 20
322.51873274278233
 10
137.8783019407009
 20
322.66804964413933
 10
137.66925827880112
 20
324.13133272201475
 10
137.7588484196153
 20
322.51873274278233
 10
137.7588484196153
 20
322.51873274278233
 10
137.74391672947962
 20
322.51873274278233
 10
137.74391672947962
 20
322.51873274278233
 10
137.66925827880112
 20
324.13133272201475
  0
LWPOLYLINE
  5
357A
330
17
100
AcDbEntity
  8
SIDEWALK_PATH
100
AcDbPolyline
 90
12
 70
1
 10
137.66925827880112
 20
324.13133272201475
 10
137.74391672947962
 20
322.51873274278233
 10
137.74391672947962
 20
322.51873274278233
 10
137.50500968730842
 20
324.23585455296467
 10
137.50500968730842
 20
324.23585455296467
 10
137.66925827880112
 20
324.13133272201475
 10
137.74391672947962
 20
322.51873274278233
 10
137.50500968730842
 20
324.23585455296467
 10
137.50500968730842
 20
324.23585455296467
 10
137.59459982812263
 20
322.39927922169676
 10
137.59459982812263
 20
322.39927922169676
 10
137.74391672947962
 20
322.51873274278233
  0
LWPOLYLINE
  5
357B
330
17
100
AcDbEntity
  8
SIDEWALK_PATH
100
AcDbPolyline
 90
12
 70
1
 10
137.50500968730842
 20
324.23585455296467
 10
137.59459982812263
 20
322.39927922169676
 10
137.59459982812263
 20
322.39927922169676
 10
137.49007799717273
 20
324.23585455296467
 10
137.49007799717273
 20
324.23585455296467
 10
137.50500968730842
 20
324.23585455296467
 10
137.59459982812263
 20
322.39927922169676
 10
137.49007799717273
 20
324.23585455296467
 10
137.49007799717273
 20
324.23585455296467
 10
137.5796681379869
 20
322.39927922169676
 10
137.5796681379869
 20
322.39927922169676
 10
137.59459982812263
 20
322.39927922169676
  0
LWPOLYLINE
  5
357C
330
17
100
AcDbEntity
  8
SIDEWALK_PATH
100
AcDbPolyline
 90
12
 70
1
 10
137.49007799717273
 20
324.23585455296467
 10
137.5796681379869
 20
322.39927922169676
 10
137.5796681379869
 20
322.39927922169676
 10
137.31089771554431
 20
324.31051300364317
 10
137.31089771554431
 20
324.31051300364317
 10
137.49007799717273
 20
324.23585455296467
 10
137.5796681379869
 20
322.39927922169676
 10
137.31089771554431
 20
324.31051300364317
 10
137.31089771554431
 20
324.31051300364317
 10
137.40048785635852
 20
322.30968908088255
 10
137.40048785635852
 20
322.30968908088255
 10
137.5796681379869
 20
322.39927922169676
  0
LWPOLYLINE
  5
357D
330
17
100
AcDbEntity
  8
SIDEWALK_PATH
100
AcDbPolyline
 90
12
 70
1
 10
137.29596602540863
 20
324.31051300364317
 10
137.29596602540863
 20
324.31051300364317
 10
137.29596602540863
 20
324.31051300364317
 10
137.40048785635852
 20
322.30968908088255
 10
137.40048785635852
 20
322.30968908088255
 10
137.29596602540863
 20
324.31051300364317
 10
137.29596602540863
 20
324.31051300364317
 10
137.40048785635852
 20
322.30968908088255
 10
137.40048785635852
 20
322.30968908088255
 10
137.31089771554431
 20
324.31051300364317
 10
137.31089771554431
 20
324.31051300364317
 10
137.29596602540863
 20
324.31051300364317
  0
LWPOLYLINE
  5
357E
330
17
100
AcDbEntity
  8
SIDEWALK_PATH
100
AcDbPolyline
 90
12
 70
1
 10
137.29596602540863
 20
324.31051300364317
 10
137.40048785635852
 20
322.30968908088255
 10
137.40048785635852
 20
322.30968908088255
 10
137.17651250432303
 20
324.3254446937788
 10
137.17651250432303
 20
324.3254446937788
 10
137.29596602540863
 20
324.31051300364317
 10
137.40048785635852
 20
322.30968908088255
 10
137.17651250432303
 20
324.3254446937788
 10
137.17651250432303
 20
324.3254446937788
 10
137.28103433527292
 20
322.2798257006111
 10
137.28103433527292
 20
322.2798257006111
 10
137.40048785635852
 20
322.30968908088255
  0
LWPOLYLINE
  5
357F
330
17
100
AcDbEntity
  8
SIDEWALK_PATH
100
AcDbPolyline
 90
12
 70
1
 10
137.17651250432303
 20
324.3254446937788
 10
137.28103433527292
 20
322.2798257006111
 10
137.28103433527292
 20
322.2798257006111
 10
137.10185405364453
 20
324.34037638391453
 10
137.10185405364453
 20
324.34037638391453
 10
137.17651250432303
 20
324.3254446937788
 10
137.28103433527292
 20
322.2798257006111
 10
137.10185405364453
 20
324.34037638391453
 10
137.10185405364453
 20
324.34037638391453
 10
137.20637588459442
 20
322.2648940104755
 10
137.20637588459442
 20
322.2648940104755
 10
137.28103433527292
 20
322.2798257006111
  0
LWPOLYLINE
  5
3580
330
17
100
AcDbEntity
  8
SIDEWALK_PATH
100
AcDbPolyline
 90
12
 70
1
 10
137.10185405364453
 20
324.34037638391453
 10
137.20637588459442
 20
322.2648940104755
 10
137.20637588459442
 20
322.2648940104755
 10
137.05705898323743
 20
324.23585455296467
 10
137.05705898323743
 20
324.23585455296467
 10
137.10185405364453
 20
324.34037638391453
 10
137.20637588459442
 20
322.2648940104755
 10
137.05705898323743
 20
324.23585455296467
 10
137.05705898323743
 20
324.23585455296467
 10
137.14664912405163
 20
322.2648940104755
 10
137.14664912405163
 20
322.2648940104755
 10
137.20637588459442
 20
322.2648940104755
  0
LWPOLYLINE
  5
3581
330
17
100
AcDbEntity
  8
SIDEWALK_PATH
100
AcDbPolyline
 90
12
 70
1
 10
137.05705898323743
 20
324.23585455296467
 10
137.14664912405163
 20
322.2648940104755
 10
137.14664912405163
 20
322.2648940104755
 10
136.92267377201614
 20
323.98201582065775
 10
136.92267377201614
 20
323.98201582065775
 10
137.05705898323743
 20
324.23585455296467
 10
137.14664912405163
 20
322.2648940104755
 10
136.92267377201614
 20
323.98201582065775
 10
136.92267377201614
 20
323.98201582065775
 10
137.01226391283032
 20
322.24996232033976
 10
137.01226391283032
 20
322.24996232033976
 10
137.14664912405163
 20
322.2648940104755
  0
LWPOLYLINE
  5
3582
330
17
100
AcDbEntity
  8
SIDEWALK_PATH
100
AcDbPolyline
 90
20
 70
1
 10
136.92267377201614
 20
323.98201582065775
 10
137.01226391283032
 20
322.24996232033976
 10
137.01226391283032
 20
322.24996232033976
 10
136.78828856079483
 20
323.72817708835083
 10
136.78828856079483
 20
323.72817708835083
 10
136.92267377201614
 20
323.98201582065775
 10
137.01226391283032
 20
322.24996232033976
 10
136.78828856079483
 20
323.72817708835083
 10
136.78828856079483
 20
323.72817708835083
 10
136.86294701147332
 20
322.20516724993263
 10
136.86294701147332
 20
322.20516724993263
 10
137.01226391283032
 20
322.24996232033976
 10
136.78828856079483
 20
323.72817708835083
 10
136.86294701147332
 20
322.20516724993263
 10
136.86294701147332
 20
322.20516724993263
 10
136.78828856079483
 20
323.72817708835083
 10
136.86294701147332
 20
322.20516724993263
 10
136.78828856079483
 20
323.72817708835083
 10
136.78828856079483
 20
323.72817708835083
 10
136.86294701147332
 20
322.20516724993263
  0
LWPOLYLINE
  5
3583
330
17
100
AcDbEntity
  8
SIDEWALK_PATH
100
AcDbPolyline
 90
12
 70
1
 10
136.78828856079483
 20
323.72817708835083
 10
136.86294701147332
 20
322.20516724993263
 10
136.86294701147332
 20
322.20516724993263
 10
136.62403996930215
 20
323.2652946941442
 10
136.62403996930215
 20
323.2652946941442
 10
136.78828856079483
 20
323.72817708835083
 10
136.86294701147332
 20
322.20516724993263
 10
136.62403996930215
 20
323.2652946941442
 10
136.62403996930215
 20
323.2652946941442
 10
136.68376672984493
 20
322.13050879925413
 10
136.68376672984493
 20
322.13050879925413
 10
136.86294701147332
 20
322.20516724993263
  0
LWPOLYLINE
  5
3584
330
17
100
AcDbEntity
  8
SIDEWALK_PATH
100
AcDbPolyline
 90
12
 70
1
 10
136.62403996930215
 20
323.2652946941442
 10
136.68376672984493
 20
322.13050879925413
 10
136.68376672984493
 20
322.13050879925413
 10
136.45980265552103
 20
322.84720737034456
 10
136.45980265552103
 20
322.84720737034456
 10
136.62403996930215
 20
323.2652946941442
 10
136.68376672984493
 20
322.13050879925413
 10
136.45980265552103
 20
322.84720737034456
 10
136.45980265552103
 20
322.84720737034456
 10
136.50459772592814
 20
322.01105527816856
 10
136.50459772592814
 20
322.01105527816856
 10
136.68376672984493
 20
322.13050879925413
  0
LWPOLYLINE
  5
3585
330
17
100
AcDbEntity
  8
SIDEWALK_PATH
100
AcDbPolyline
 90
12
 70
1
 10
136.45980265552103
 20
322.84720737034456
 10
136.50459772592814
 20
322.01105527816856
 10
136.50459772592814
 20
322.01105527816856
 10
136.38514420484253
 20
322.60832288359654
 10
136.38514420484253
 20
322.60832288359654
 10
136.45980265552103
 20
322.84720737034456
 10
136.50459772592814
 20
322.01105527816856
 10
136.38514420484253
 20
322.60832288359654
 10
136.38514420484253
 20
322.60832288359654
 10
136.41500758511393
 20
321.92146513735435
 10
136.41500758511393
 20
321.92146513735435
 10
136.50459772592814
 20
322.01105527816856
  0
LWPOLYLINE
  5
3586
330
17
100
AcDbEntity
  8
SIDEWALK_PATH
100
AcDbPolyline
 90
12
 70
1
 10
136.38514420484253
 20
322.60832288359654
 10
136.41500758511393
 20
321.92146513735435
 10
136.41500758511393
 20
321.92146513735435
 10
136.34034913443543
 20
322.44407429210383
 10
136.34034913443543
 20
322.44407429210383
 10
136.38514420484253
 20
322.60832288359654
 10
136.41500758511393
 20
321.92146513735435
 10
136.34034913443543
 20
322.44407429210383
 10
136.34034913443543
 20
322.44407429210383
 10
136.37021251470682
 20
321.87667006694727
 10
136.37021251470682
 20
321.87667006694727
 10
136.41500758511393
 20
321.92146513735435
  0
LWPOLYLINE
  5
3587
330
17
100
AcDbEntity
  8
SIDEWALK_PATH
100
AcDbPolyline
 90
12
 70
1
 10
136.34034913443543
 20
322.44407429210383
 10
136.37021251470682
 20
321.87667006694727
 10
136.37021251470682
 20
321.87667006694727
 10
136.23582730348554
 20
322.04091865844
 10
136.23582730348554
 20
322.04091865844
 10
136.34034913443543
 20
322.44407429210383
 10
136.37021251470682
 20
321.87667006694727
 10
136.23582730348554
 20
322.04091865844
 10
136.23582730348554
 20
322.04091865844
 10
136.26569068375693
 20
321.7273531655903
 10
136.26569068375693
 20
321.7273531655903
 10
136.37021251470682
 20
321.87667006694727
  0
LWPOLYLINE
  5
3588
330
17
100
AcDbEntity
  8
SIDEWALK_PATH
100
AcDbPolyline
 90
12
 70
1
 10
136.26569068375693
 20
321.7273531655903
 10
136.25075899362125
 20
321.71242147545456
 10
136.25075899362125
 20
321.71242147545456
 10
136.23582730348554
 20
321.99612358803284
 10
136.23582730348554
 20
321.99612358803284
 10
136.26569068375693
 20
321.7273531655903
 10
136.25075899362125
 20
321.71242147545456
 10
136.23582730348554
 20
321.99612358803284
 10
136.23582730348554
 20
321.99612358803284
 10
136.17610054294275
 20
321.5183095036905
 10
136.17610054294275
 20
321.5183095036905
 10
136.25075899362125
 20
321.71242147545456
  0
LWPOLYLINE
  5
3589
330
17
100
AcDbEntity
  8
SIDEWALK_PATH
100
AcDbPolyline
 90
6
 70
1
 10
136.26569068375693
 20
321.7273531655903
 10
136.23582730348554
 20
322.04091865844
 10
136.23582730348554
 20
322.04091865844
 10
136.23582730348554
 20
321.99612358803284
 10
136.23582730348554
 20
321.99612358803284
 10
136.26569068375693
 20
321.7273531655903
  0
LWPOLYLINE
  5
358A
330
17
100
AcDbEntity
  8
SIDEWALK_PATH
100
AcDbPolyline
 90
6
 70
1
 10
138.0574822223293
 20
316.8895081170467
 10
138.04255053219362
 20
317.08362008881085
 10
138.04255053219362
 20
317.08362008881085
 10
138.0574822223293
 20
316.8148496663682
 10
138.0574822223293
 20
316.8148496663682
 10
138.0574822223293
 20
316.8895081170467
  0
LWPOLYLINE
  5
358B
330
17
100
AcDbEntity
  8
SIDEWALK_PATH
100
AcDbPolyline
 90
12
 70
1
 10
138.04255053219362
 20
317.08362008881085
 10
138.0574822223293
 20
316.8148496663682
 10
138.0574822223293
 20
316.8148496663682
 10
138.0276188420579
 20
317.15827853948934
 10
138.0276188420579
 20
317.15827853948934
 10
138.04255053219362
 20
317.08362008881085
 10
138.0574822223293
 20
316.8148496663682
 10
138.0276188420579
 20
317.15827853948934
 10
138.0276188420579
 20
317.15827853948934
 10
138.04255053219362
 20
316.69539614528264
 10
138.04255053219362
 20
316.69539614528264
 10
138.0574822223293
 20
316.8148496663682
  0
LWPOLYLINE
  5
358C
330
17
100
AcDbEntity
  8
SIDEWALK_PATH
100
AcDbPolyline
 90
12
 70
1
 10
138.0276188420579
 20
317.15827853948934
 10
138.04255053219362
 20
316.69539614528264
 10
138.04255053219362
 20
316.69539614528264
 10
137.9828237716508
 20
317.2628003704392
 10
137.9828237716508
 20
317.2628003704392
 10
138.0276188420579
 20
317.15827853948934
 10
138.04255053219362
 20
316.69539614528264
 10
137.9828237716508
 20
317.2628003704392
 10
137.9828237716508
 20
317.2628003704392
 10
138.0276188420579
 20
316.60580600446843
 10
138.0276188420579
 20
316.60580600446843
 10
138.04255053219362
 20
316.69539614528264
  0
LWPOLYLINE
  5
358D
330
17
100
AcDbEntity
  8
SIDEWALK_PATH
100
AcDbPolyline
 90
12
 70
1
 10
137.9828237716508
 20
317.2628003704392
 10
138.0276188420579
 20
316.60580600446843
 10
138.0276188420579
 20
316.60580600446843
 10
137.9529603913794
 20
317.3374588211177
 10
137.9529603913794
 20
317.3374588211177
 10
137.9828237716508
 20
317.2628003704392
 10
138.0276188420579
 20
316.60580600446843
 10
137.9529603913794
 20
317.3374588211177
 10
137.9529603913794
 20
317.3374588211177
 10
137.9977554617865
 20
316.50128417351857
 10
137.9977554617865
 20
316.50128417351857
 10
138.0276188420579
 20
316.60580600446843
  0
LWPOLYLINE
  5
358E
330
17
100
AcDbEntity
  8
SIDEWALK_PATH
100
AcDbPolyline
 90
12
 70
1
 10
137.9529603913794
 20
317.3374588211177
 10
137.9977554617865
 20
316.50128417351857
 10
137.9977554617865
 20
316.50128417351857
 10
137.9081653209723
 20
317.4419806520676
 10
137.9081653209723
 20
317.4419806520676
 10
137.9529603913794
 20
317.3374588211177
 10
137.9977554617865
 20
316.50128417351857
 10
137.9081653209723
 20
317.4419806520676
 10
137.9081653209723
 20
317.4419806520676
 10
137.9529603913794
 20
316.4266257228401
 10
137.9529603913794
 20
316.4266257228401
 10
137.9977554617865
 20
316.50128417351857
  0
LWPOLYLINE
  5
358F
330
17
100
AcDbEntity
  8
SIDEWALK_PATH
100
AcDbPolyline
 90
12
 70
1
 10
137.9081653209723
 20
317.4419806520676
 10
137.9529603913794
 20
316.4266257228401
 10
137.9529603913794
 20
316.4266257228401
 10
137.8484385604295
 20
317.5166391027461
 10
137.8484385604295
 20
317.5166391027461
 10
137.9081653209723
 20
317.4419806520676
 10
137.9529603913794
 20
316.4266257228401
 10
137.8484385604295
 20
317.5166391027461
 10
137.8484385604295
 20
317.5166391027461
 10
137.9081653209723
 20
316.32210389189015
 10
137.9081653209723
 20
316.32210389189015
 10
137.9529603913794
 20
316.4266257228401
  0
LWPOLYLINE
  5
3590
330
17
100
AcDbEntity
  8
SIDEWALK_PATH
100
AcDbPolyline
 90
12
 70
1
 10
137.8484385604295
 20
317.5166391027461
 10
137.9081653209723
 20
316.32210389189015
 10
137.9081653209723
 20
316.32210389189015
 10
137.78871179988673
 20
317.5912975534246
 10
137.78871179988673
 20
317.5912975534246
 10
137.8484385604295
 20
317.5166391027461
 10
137.9081653209723
 20
316.32210389189015
 10
137.78871179988673
 20
317.5912975534246
 10
137.78871179988673
 20
317.5912975534246
 10
137.8484385604295
 20
316.24744544121165
 10
137.8484385604295
 20
316.24744544121165
 10
137.9081653209723
 20
316.32210389189015
  0
LWPOLYLINE
  5
3591
330
17
100
AcDbEntity
  8
SIDEWALK_PATH
100
AcDbPolyline
 90
12
 70
1
 10
137.78871179988673
 20
317.5912975534246
 10
137.8484385604295
 20
316.24744544121165
 10
137.8484385604295
 20
316.24744544121165
 10
137.71405334920823
 20
317.6510243139674
 10
137.71405334920823
 20
317.6510243139674
 10
137.78871179988673
 20
317.5912975534246
 10
137.8484385604295
 20
316.24744544121165
 10
137.71405334920823
 20
317.6510243139674
 10
137.71405334920823
 20
317.6510243139674
 10
137.78871179988673
 20
316.17278699053315
 10
137.78871179988673
 20
316.17278699053315
 10
137.8484385604295
 20
316.24744544121165
  0
LWPOLYLINE
  5
3592
330
17
100
AcDbEntity
  8
SIDEWALK_PATH
100
AcDbPolyline
 90
12
 70
1
 10
137.71405334920823
 20
317.6510243139674
 10
137.78871179988673
 20
316.17278699053315
 10
137.78871179988673
 20
316.17278699053315
 10
137.63939489852973
 20
317.7256827646459
 10
137.63939489852973
 20
317.7256827646459
 10
137.71405334920823
 20
317.6510243139674
 10
137.78871179988673
 20
316.17278699053315
 10
137.63939489852973
 20
317.7256827646459
 10
137.63939489852973
 20
317.7256827646459
 10
137.71405334920823
 20
316.11306022999037
 10
137.71405334920823
 20
316.11306022999037
 10
137.78871179988673
 20
316.17278699053315
  0
LWPOLYLINE
  5
3593
330
17
100
AcDbEntity
  8
SIDEWALK_PATH
100
AcDbPolyline
 90
12
 70
1
 10
137.63939489852973
 20
317.7256827646459
 10
137.71405334920823
 20
316.11306022999037
 10
137.71405334920823
 20
316.11306022999037
 10
137.54980475771552
 20
317.77047783505304
 10
137.54980475771552
 20
317.77047783505304
 10
137.63939489852973
 20
317.7256827646459
 10
137.71405334920823
 20
316.11306022999037
 10
137.54980475771552
 20
317.77047783505304
 10
137.54980475771552
 20
317.77047783505304
 10
137.63939489852973
 20
316.038424334735
 10
137.63939489852973
 20
316.038424334735
 10
137.71405334920823
 20
316.11306022999037
  0
LWPOLYLINE
  5
3594
330
17
100
AcDbEntity
  8
SIDEWALK_PATH
100
AcDbPolyline
 90
12
 70
1
 10
137.54980475771552
 20
317.77047783505304
 10
137.63939489852973
 20
316.038424334735
 10
137.63939489852973
 20
316.038424334735
 10
137.47514630703702
 20
317.83020459559583
 10
137.47514630703702
 20
317.83020459559583
 10
137.54980475771552
 20
317.77047783505304
 10
137.63939489852973
 20
316.038424334735
 10
137.47514630703702
 20
317.83020459559583
 10
137.47514630703702
 20
317.83020459559583
 10
137.56473644785123
 20
315.9936292643279
 10
137.56473644785123
 20
315.9936292643279
 10
137.63939489852973
 20
316.038424334735
  0
LWPOLYLINE
  5
3595
330
17
100
AcDbEntity
  8
SIDEWALK_PATH
100
AcDbPolyline
 90
12
 70
1
 10
137.47514630703702
 20
317.83020459559583
 10
137.56473644785123
 20
315.9936292643279
 10
137.56473644785123
 20
315.9936292643279
 10
137.3855561662228
 20
317.8600679758672
 10
137.3855561662228
 20
317.8600679758672
 10
137.47514630703702
 20
317.83020459559583
 10
137.56473644785123
 20
315.9936292643279
 10
137.3855561662228
 20
317.8600679758672
 10
137.3855561662228
 20
317.8600679758672
 10
137.47514630703702
 20
315.93390250378513
 10
137.47514630703702
 20
315.93390250378513
 10
137.56473644785123
 20
315.9936292643279
  0
LWPOLYLINE
  5
3596
330
17
100
AcDbEntity
  8
SIDEWALK_PATH
100
AcDbPolyline
 90
12
 70
1
 10
137.3855561662228
 20
317.8600679758672
 10
137.47514630703702
 20
315.93390250378513
 10
137.47514630703702
 20
315.93390250378513
 10
137.28103433527292
 20
317.8899313561386
 10
137.28103433527292
 20
317.8899313561386
 10
137.3855561662228
 20
317.8600679758672
 10
137.47514630703702
 20
315.93390250378513
 10
137.28103433527292
 20
317.8899313561386
 10
137.28103433527292
 20
317.8899313561386
 10
137.3855561662228
 20
315.9040391235137
 10
137.3855561662228
 20
315.9040391235137
 10
137.47514630703702
 20
315.93390250378513
  0
LWPOLYLINE
  5
3597
330
17
100
AcDbEntity
  8
SIDEWALK_PATH
100
AcDbPolyline
 90
12
 70
1
 10
137.28103433527292
 20
317.8899313561386
 10
137.3855561662228
 20
315.9040391235137
 10
137.3855561662228
 20
315.9040391235137
 10
137.19144419445874
 20
317.90486304627433
 10
137.19144419445874
 20
317.90486304627433
 10
137.28103433527292
 20
317.8899313561386
 10
137.3855561662228
 20
315.9040391235137
 10
137.19144419445874
 20
317.90486304627433
 10
137.19144419445874
 20
317.90486304627433
 10
137.29596602540863
 20
315.87417574324235
 10
137.29596602540863
 20
315.87417574324235
 10
137.3855561662228
 20
315.9040391235137
  0
LWPOLYLINE
  5
3598
330
17
100
AcDbEntity
  8
SIDEWALK_PATH
100
AcDbPolyline
 90
12
 70
1
 10
137.19144419445874
 20
317.90486304627433
 10
137.29596602540863
 20
315.87417574324235
 10
137.29596602540863
 20
315.87417574324235
 10
137.08692236350882
 20
317.91979473641004
 10
137.08692236350882
 20
317.91979473641004
 10
137.19144419445874
 20
317.90486304627433
 10
137.29596602540863
 20
315.87417574324235
 10
137.08692236350882
 20
317.91979473641004
 10
137.08692236350882
 20
317.91979473641004
 10
137.19144419445874
 20
315.85924405310664
 10
137.19144419445874
 20
315.85924405310664
 10
137.29596602540863
 20
315.87417574324235
  0
LWPOLYLINE
  5
3599
330
17
100
AcDbEntity
  8
SIDEWALK_PATH
100
AcDbPolyline
 90
12
 70
1
 10
137.08692236350882
 20
317.91979473641004
 10
137.19144419445874
 20
315.85924405310664
 10
137.19144419445874
 20
315.85924405310664
 10
136.99733222269464
 20
317.9347264265457
 10
136.99733222269464
 20
317.9347264265457
 10
137.08692236350882
 20
317.91979473641004
 10
137.19144419445874
 20
315.85924405310664
 10
136.99733222269464
 20
317.9347264265457
 10
136.99733222269464
 20
317.9347264265457
 10
137.10185405364453
 20
315.8293806728352
 10
137.10185405364453
 20
315.8293806728352
 10
137.19144419445874
 20
315.85924405310664
  0
LWPOLYLINE
  5
359A
330
17
100
AcDbEntity
  8
SIDEWALK_PATH
100
AcDbPolyline
 90
12
 70
1
 10
136.99733222269464
 20
317.9347264265457
 10
137.10185405364453
 20
315.8293806728352
 10
137.10185405364453
 20
315.8293806728352
 10
136.90774208188043
 20
317.9645898068171
 10
136.90774208188043
 20
317.9645898068171
 10
136.99733222269464
 20
317.9347264265457
 10
137.10185405364453
 20
315.8293806728352
 10
136.90774208188043
 20
317.9645898068171
 10
136.90774208188043
 20
317.9645898068171
 10
137.01226391283032
 20
315.8144489826995
 10
137.01226391283032
 20
315.8144489826995
 10
137.10185405364453
 20
315.8293806728352
  0
LWPOLYLINE
  5
359B
330
17
100
AcDbEntity
  8
SIDEWALK_PATH
100
AcDbPolyline
 90
12
 70
1
 10
136.90774208188043
 20
317.9645898068171
 10
137.01226391283032
 20
315.8144489826995
 10
137.01226391283032
 20
315.8144489826995
 10
136.81815194106625
 20
317.99445318708854
 10
136.81815194106625
 20
317.99445318708854
 10
136.90774208188043
 20
317.9645898068171
 10
137.01226391283032
 20
315.8144489826995
 10
136.81815194106625
 20
317.99445318708854
 10
136.81815194106625
 20
317.99445318708854
 10
136.92267377201614
 20
315.79951729256385
 10
136.92267377201614
 20
315.79951729256385
 10
137.01226391283032
 20
315.8144489826995
  0
LWPOLYLINE
  5
359C
330
17
100
AcDbEntity
  8
SIDEWALK_PATH
100
AcDbPolyline
 90
12
 70
1
 10
136.81815194106625
 20
317.99445318708854
 10
136.92267377201614
 20
315.79951729256385
 10
136.92267377201614
 20
315.79951729256385
 10
136.71363011011633
 20
318.0243165673599
 10
136.71363011011633
 20
318.0243165673599
 10
136.81815194106625
 20
317.99445318708854
 10
136.92267377201614
 20
315.79951729256385
 10
136.71363011011633
 20
318.0243165673599
 10
136.71363011011633
 20
318.0243165673599
 10
136.83308363120193
 20
315.7696539122924
 10
136.83308363120193
 20
315.7696539122924
 10
136.92267377201614
 20
315.79951729256385
  0
LWPOLYLINE
  5
359D
330
17
100
AcDbEntity
  8
SIDEWALK_PATH
100
AcDbPolyline
 90
12
 70
1
 10
136.71363011011633
 20
318.0243165673599
 10
136.83308363120193
 20
315.7696539122924
 10
136.83308363120193
 20
315.7696539122924
 10
136.65390334957354
 20
318.06911163776704
 10
136.65390334957354
 20
318.06911163776704
 10
136.71363011011633
 20
318.0243165673599
 10
136.83308363120193
 20
315.7696539122924
 10
136.65390334957354
 20
318.06911163776704
 10
136.65390334957354
 20
318.06911163776704
 10
136.77335687065914
 20
315.7547222221567
 10
136.77335687065914
 20
315.7547222221567
 10
136.83308363120193
 20
315.7696539122924
  0
LWPOLYLINE
  5
359E
330
17
100
AcDbEntity
  8
SIDEWALK_PATH
100
AcDbPolyline
 90
12
 70
1
 10
136.69869841998064
 20
317.1284151592179
 10
136.77335687065914
 20
315.7547222221567
 10
136.77335687065914
 20
315.7547222221567
 10
136.69869841998064
 20
316.84471304663964
 10
136.69869841998064
 20
316.84471304663964
 10
136.69869841998064
 20
317.1284151592179
 10
136.77335687065914
 20
315.7547222221567
 10
136.69869841998064
 20
316.84471304663964
 10
136.69869841998064
 20
316.84471304663964
 10
136.75842518052343
 20
315.7547222221567
 10
136.75842518052343
 20
315.7547222221567
 10
136.77335687065914
 20
315.7547222221567
  0
LWPOLYLINE
  5
359F
330
17
100
AcDbEntity
  8
SIDEWALK_PATH
100
AcDbPolyline
 90
12
 70
1
 10
136.69869841998064
 20
316.84471304663964
 10
136.75842518052343
 20
315.7547222221567
 10
136.75842518052343
 20
315.7547222221567
 10
136.69869841998064
 20
316.60580600446843
 10
136.69869841998064
 20
316.60580600446843
 10
136.69869841998064
 20
316.84471304663964
 10
136.75842518052343
 20
315.7547222221567
 10
136.69869841998064
 20
316.60580600446843
 10
136.69869841998064
 20
316.60580600446843
 10
136.74349349038775
 20
315.739790532021
 10
136.74349349038775
 20
315.739790532021
 10
136.75842518052343
 20
315.7547222221567
  0
LWPOLYLINE
  5
35A0
330
17
100
AcDbEntity
  8
SIDEWALK_PATH
100
AcDbPolyline
 90
12
 70
1
 10
136.69869841998064
 20
316.60580600446843
 10
136.74349349038775
 20
315.739790532021
 10
136.74349349038775
 20
315.739790532021
 10
136.68376672984493
 20
316.50128417351857
 10
136.68376672984493
 20
316.50128417351857
 10
136.69869841998064
 20
316.60580600446843
 10
136.74349349038775
 20
315.739790532021
 10
136.68376672984493
 20
316.50128417351857
 10
136.68376672984493
 20
316.50128417351857
 10
136.72856180025204
 20
315.72485884188535
 10
136.72856180025204
 20
315.72485884188535
 10
136.74349349038775
 20
315.739790532021
  0
LWPOLYLINE
  5
35A1
330
17
100
AcDbEntity
  8
SIDEWALK_PATH
100
AcDbPolyline
 90
12
 70
1
 10
136.65390334957354
 20
318.06911163776704
 10
136.69869841998064
 20
317.1284151592179
 10
136.69869841998064
 20
317.1284151592179
 10
136.59417658903075
 20
318.0989750180384
 10
136.59417658903075
 20
318.0989750180384
 10
136.65390334957354
 20
318.06911163776704
 10
136.69869841998064
 20
317.1284151592179
 10
136.59417658903075
 20
318.0989750180384
 10
136.59417658903075
 20
318.0989750180384
 10
136.63897165943783
 20
317.32252713098205
 10
136.63897165943783
 20
317.32252713098205
 10
136.69869841998064
 20
317.1284151592179
  0
LWPOLYLINE
  5
35A2
330
17
100
AcDbEntity
  8
SIDEWALK_PATH
100
AcDbPolyline
 90
12
 70
1
 10
136.59417658903075
 20
318.0989750180384
 10
136.63897165943783
 20
317.32252713098205
 10
136.63897165943783
 20
317.32252713098205
 10
136.5493927963352
 20
318.1288383983098
 10
136.5493927963352
 20
318.1288383983098
 10
136.59417658903075
 20
318.0989750180384
 10
136.63897165943783
 20
317.32252713098205
 10
136.5493927963352
 20
318.1288383983098
 10
136.5493927963352
 20
318.1288383983098
 10
136.57924489889504
 20
317.39718558166055
 10
136.57924489889504
 20
317.39718558166055
 10
136.63897165943783
 20
317.32252713098205
  0
LWPOLYLINE
  5
35A3
330
17
100
AcDbEntity
  8
SIDEWALK_PATH
100
AcDbPolyline
 90
12
 70
1
 10
136.68376672984493
 20
316.50128417351857
 10
136.72856180025204
 20
315.72485884188535
 10
136.72856180025204
 20
315.72485884188535
 10
136.56431320875933
 20
316.23251375107594
 10
136.56431320875933
 20
316.23251375107594
 10
136.68376672984493
 20
316.50128417351857
 10
136.72856180025204
 20
315.72485884188535
 10
136.56431320875933
 20
316.23251375107594
 10
136.56431320875933
 20
316.23251375107594
 10
136.59417658903075
 20
315.6651320813425
 10
136.59417658903075
 20
315.6651320813425
 10
136.72856180025204
 20
315.72485884188535
  0
LWPOLYLINE
  5
35A4
330
17
100
AcDbEntity
  8
SIDEWALK_PATH
100
AcDbPolyline
 90
12
 70
1
 10
136.5493927963352
 20
318.1288383983098
 10
136.57924489889504
 20
317.39718558166055
 10
136.57924489889504
 20
317.39718558166055
 10
136.40007589497824
 20
318.2632236095311
 10
136.40007589497824
 20
318.2632236095311
 10
136.5493927963352
 20
318.1288383983098
 10
136.57924489889504
 20
317.39718558166055
 10
136.40007589497824
 20
318.2632236095311
 10
136.40007589497824
 20
318.2632236095311
 10
136.42993927524964
 20
317.6659560041031
 10
136.42993927524964
 20
317.6659560041031
 10
136.57924489889504
 20
317.39718558166055
  0
LWPOLYLINE
  5
35A5
330
17
100
AcDbEntity
  8
SIDEWALK_PATH
100
AcDbPolyline
 90
12
 70
1
 10
136.40007589497824
 20
318.2632236095311
 10
136.42993927524964
 20
317.6659560041031
 10
136.42993927524964
 20
317.6659560041031
 10
136.34034913443543
 20
318.3528137503453
 10
136.34034913443543
 20
318.3528137503453
 10
136.40007589497824
 20
318.2632236095311
 10
136.42993927524964
 20
317.6659560041031
 10
136.34034913443543
 20
318.3528137503453
 10
136.34034913443543
 20
318.3528137503453
 10
136.37021251470682
 20
317.7854095251887
 10
136.37021251470682
 20
317.7854095251887
 10
136.42993927524964
 20
317.6659560041031
  0
LWPOLYLINE
  5
35A6
330
17
100
AcDbEntity
  8
SIDEWALK_PATH
100
AcDbPolyline
 90
12
 70
1
 10
136.56431320875933
 20
316.23251375107594
 10
136.59417658903075
 20
315.6651320813425
 10
136.59417658903075
 20
315.6651320813425
 10
136.44487096538532
 20
315.9189708136494
 10
136.44487096538532
 20
315.9189708136494
 10
136.56431320875933
 20
316.23251375107594
 10
136.59417658903075
 20
315.6651320813425
 10
136.44487096538532
 20
315.9189708136494
 10
136.44487096538532
 20
315.9189708136494
 10
136.45980265552103
 20
315.54567856025693
 10
136.45980265552103
 20
315.54567856025693
 10
136.59417658903075
 20
315.6651320813425
  0
LWPOLYLINE
  5
35A7
330
17
100
AcDbEntity
  8
SIDEWALK_PATH
100
AcDbPolyline
 90
12
 70
1
 10
136.44487096538532
 20
315.9040391235137
 10
136.44487096538532
 20
315.9040391235137
 10
136.44487096538532
 20
315.9040391235137
 10
136.45980265552103
 20
315.54567856025693
 10
136.45980265552103
 20
315.54567856025693
 10
136.44487096538532
 20
315.9040391235137
 10
136.44487096538532
 20
315.9040391235137
 10
136.45980265552103
 20
315.54567856025693
 10
136.45980265552103
 20
315.54567856025693
 10
136.44487096538532
 20
315.9189708136494
 10
136.44487096538532
 20
315.9189708136494
 10
136.44487096538532
 20
315.9040391235137
  0
LWPOLYLINE
  5
35A8
330
17
100
AcDbEntity
  8
SIDEWALK_PATH
100
AcDbPolyline
 90
12
 70
1
 10
136.34034913443543
 20
318.3528137503453
 10
136.37021251470682
 20
317.7854095251887
 10
136.37021251470682
 20
317.7854095251887
 10
136.28062237389264
 20
318.4125405108881
 10
136.28062237389264
 20
318.4125405108881
 10
136.34034913443543
 20
318.3528137503453
 10
136.37021251470682
 20
317.7854095251887
 10
136.28062237389264
 20
318.4125405108881
 10
136.28062237389264
 20
318.4125405108881
 10
136.31048575416403
 20
317.91979473641004
 10
136.31048575416403
 20
317.91979473641004
 10
136.37021251470682
 20
317.7854095251887
  0
LWPOLYLINE
  5
35A9
330
17
100
AcDbEntity
  8
SIDEWALK_PATH
100
AcDbPolyline
 90
6
 70
1
 10
136.11637378239993
 20
321.10022217989086
 10
136.08651040212854
 20
320.86131513771966
 10
136.08651040212854
 20
320.86131513771966
 10
136.11637378239993
 20
320.26404753229167
 10
136.11637378239993
 20
320.26404753229167
 10
136.11637378239993
 20
321.10022217989086
  0
LWPOLYLINE
  5
35AA
330
17
100
AcDbEntity
  8
SIDEWALK_PATH
100
AcDbPolyline
 90
12
 70
1
 10
136.28062237389264
 20
318.4125405108881
 10
136.31048575416403
 20
317.91979473641004
 10
136.31048575416403
 20
317.91979473641004
 10
136.19103223307843
 20
318.5917207925165
 10
136.19103223307843
 20
318.5917207925165
 10
136.28062237389264
 20
318.4125405108881
 10
136.31048575416403
 20
317.91979473641004
 10
136.19103223307843
 20
318.5917207925165
 10
136.19103223307843
 20
318.5917207925165
 10
136.22089561334982
 20
318.1587017785812
 10
136.22089561334982
 20
318.1587017785812
 10
136.31048575416403
 20
317.91979473641004
  0
LWPOLYLINE
  5
35AB
330
17
100
AcDbEntity
  8
SIDEWALK_PATH
100
AcDbPolyline
 90
12
 70
1
 10
136.44487096538532
 20
315.9040391235137
 10
136.45980265552103
 20
315.54567856025693
 10
136.45980265552103
 20
315.54567856025693
 10
136.32541744429975
 20
315.62033701093543
 10
136.32541744429975
 20
315.62033701093543
 10
136.44487096538532
 20
315.9040391235137
 10
136.45980265552103
 20
315.54567856025693
 10
136.32541744429975
 20
315.62033701093543
 10
136.32541744429975
 20
315.62033701093543
 10
136.34034913443543
 20
315.41129334903565
 10
136.34034913443543
 20
315.41129334903565
 10
136.45980265552103
 20
315.54567856025693
  0
LWPOLYLINE
  5
35AC
330
17
100
AcDbEntity
  8
SIDEWALK_PATH
100
AcDbPolyline
 90
12
 70
1
 10
136.19103223307843
 20
318.5917207925165
 10
136.22089561334982
 20
318.1587017785812
 10
136.22089561334982
 20
318.1587017785812
 10
136.14623716267133
 20
318.7559693840092
 10
136.14623716267133
 20
318.7559693840092
 10
136.19103223307843
 20
318.5917207925165
 10
136.22089561334982
 20
318.1587017785812
 10
136.14623716267133
 20
318.7559693840092
 10
136.14623716267133
 20
318.7559693840092
 10
136.17610054294275
 20
318.2781552996668
 10
136.17610054294275
 20
318.2781552996668
 10
136.22089561334982
 20
318.1587017785812
  0
LWPOLYLINE
  5
35AD
330
17
100
AcDbEntity
  8
SIDEWALK_PATH
100
AcDbPolyline
 90
12
 70
1
 10
136.14623716267133
 20
318.7559693840092
 10
136.17610054294275
 20
318.2781552996668
 10
136.17610054294275
 20
318.2781552996668
 10
136.14623716267133
 20
318.7709010741449
 10
136.14623716267133
 20
318.7709010741449
 10
136.14623716267133
 20
318.7559693840092
 10
136.17610054294275
 20
318.2781552996668
 10
136.14623716267133
 20
318.7709010741449
 10
136.14623716267133
 20
318.7709010741449
 10
136.16116885280704
 20
318.36774544048103
 10
136.16116885280704
 20
318.36774544048103
 10
136.17610054294275
 20
318.2781552996668
  0
LWPOLYLINE
  5
35AE
330
17
100
AcDbEntity
  8
SIDEWALK_PATH
100
AcDbPolyline
 90
12
 70
1
 10
136.08651040212854
 20
320.86131513771966
 10
136.11637378239993
 20
320.26404753229167
 10
136.11637378239993
 20
320.26404753229167
 10
136.07157871199283
 20
320.1893890816132
 10
136.07157871199283
 20
320.1893890816132
 10
136.08651040212854
 20
320.86131513771966
 10
136.11637378239993
 20
320.26404753229167
 10
136.07157871199283
 20
320.1893890816132
 10
136.07157871199283
 20
320.1893890816132
 10
136.11637378239993
 20
319.0098081163161
 10
136.11637378239993
 20
319.0098081163161
 10
136.11637378239993
 20
320.26404753229167
  0
LWPOLYLINE
  5
35AF
330
17
100
AcDbEntity
  8
SIDEWALK_PATH
100
AcDbPolyline
 90
12
 70
1
 10
136.14623716267133
 20
318.5021306517023
 10
136.11637378239993
 20
318.965013045909
 10
136.11637378239993
 20
318.965013045909
 10
136.11637378239993
 20
318.8007644544163
 10
136.11637378239993
 20
318.8007644544163
 10
136.14623716267133
 20
318.5021306517023
 10
136.11637378239993
 20
318.965013045909
 10
136.11637378239993
 20
318.8007644544163
 10
136.11637378239993
 20
318.8007644544163
 10
136.07157871199283
 20
320.0550038703919
 10
136.07157871199283
 20
320.0550038703919
 10
136.11637378239993
 20
318.965013045909
  0
LWPOLYLINE
  5
35B0
330
17
100
AcDbEntity
  8
SIDEWALK_PATH
100
AcDbPolyline
 90
12
 70
1
 10
136.07157871199283
 20
320.1893890816132
 10
136.11637378239993
 20
319.0098081163161
 10
136.11637378239993
 20
319.0098081163161
 10
136.07157871199283
 20
320.0550038703919
 10
136.07157871199283
 20
320.0550038703919
 10
136.07157871199283
 20
320.1893890816132
 10
136.11637378239993
 20
319.0098081163161
 10
136.07157871199283
 20
320.0550038703919
 10
136.07157871199283
 20
320.0550038703919
 10
136.11637378239993
 20
318.965013045909
 10
136.11637378239993
 20
318.965013045909
 10
136.11637378239993
 20
319.0098081163161
  0
LWPOLYLINE
  5
35B1
330
17
100
AcDbEntity
  8
SIDEWALK_PATH
100
AcDbPolyline
 90
12
 70
1
 10
136.14623716267133
 20
318.7709010741449
 10
136.16116885280704
 20
318.36774544048103
 10
136.16116885280704
 20
318.36774544048103
 10
136.11637378239993
 20
318.965013045909
 10
136.11637378239993
 20
318.965013045909
 10
136.14623716267133
 20
318.7709010741449
 10
136.16116885280704
 20
318.36774544048103
 10
136.11637378239993
 20
318.965013045909
 10
136.11637378239993
 20
318.965013045909
 10
136.14623716267133
 20
318.5021306517023
 10
136.14623716267133
 20
318.5021306517023
 10
136.16116885280704
 20
318.36774544048103
  0
LWPOLYLINE
  5
35B2
330
17
100
AcDbEntity
  8
SIDEWALK_PATH
100
AcDbPolyline
 90
12
 70
1
 10
136.32541744429975
 20
315.62033701093543
 10
136.34034913443543
 20
315.41129334903565
 10
136.34034913443543
 20
315.41129334903565
 10
136.25075899362125
 20
315.42622503917136
 10
136.25075899362125
 20
315.42622503917136
 10
136.32541744429975
 20
315.62033701093543
 10
136.34034913443543
 20
315.41129334903565
 10
136.25075899362125
 20
315.42622503917136
 10
136.25075899362125
 20
315.42622503917136
 10
136.26569068375693
 20
315.29183982795
 10
136.26569068375693
 20
315.29183982795
 10
136.34034913443543
 20
315.41129334903565
  0
LWPOLYLINE
  5
35B3
330
17
100
AcDbEntity
  8
SIDEWALK_PATH
100
AcDbPolyline
 90
12
 70
1
 10
136.25075899362125
 20
315.42622503917136
 10
136.26569068375693
 20
315.29183982795
 10
136.26569068375693
 20
315.29183982795
 10
136.23582730348554
 20
315.3664982786285
 10
136.23582730348554
 20
315.3664982786285
 10
136.25075899362125
 20
315.42622503917136
 10
136.26569068375693
 20
315.29183982795
 10
136.23582730348554
 20
315.3664982786285
 10
136.23582730348554
 20
315.3664982786285
 10
136.25075899362125
 20
315.26197644767865
 10
136.25075899362125
 20
315.26197644767865
 10
136.26569068375693
 20
315.29183982795
  0
LWPOLYLINE
  5
35B4
330
17
100
AcDbEntity
  8
SIDEWALK_PATH
100
AcDbPolyline
 90
12
 70
1
 10
136.25075899362125
 20
315.26197644767865
 10
136.19103223307843
 20
315.11265954632165
 10
136.19103223307843
 20
315.11265954632165
 10
136.19103223307843
 20
315.142522926593
 10
136.19103223307843
 20
315.142522926593
 10
136.25075899362125
 20
315.26197644767865
 10
136.19103223307843
 20
315.11265954632165
 10
136.19103223307843
 20
315.142522926593
 10
136.19103223307843
 20
315.142522926593
 10
136.17610054294275
 20
315.09772785618594
 10
136.17610054294275
 20
315.09772785618594
 10
136.19103223307843
 20
315.11265954632165
  0
LWPOLYLINE
  5
35B5
330
17
100
AcDbEntity
  8
SIDEWALK_PATH
100
AcDbPolyline
 90
6
 70
1
 10
136.25075899362125
 20
315.26197644767865
 10
136.23582730348554
 20
315.3664982786285
 10
136.23582730348554
 20
315.3664982786285
 10
136.19103223307843
 20
315.142522926593
 10
136.19103223307843
 20
315.142522926593
 10
136.25075899362125
 20
315.26197644767865
  0
LWPOLYLINE
  5
35B6
330
17
100
AcDbEntity
  8
SIDEWALK_PATH
100
AcDbPolyline
 90
6
 70
1
 10
137.26610264513724
 20
329.6858763416487
 10
137.25117095500153
 20
329.7754664824629
 10
137.25117095500153
 20
329.7754664824629
 10
137.26610264513724
 20
329.5066960600203
 10
137.26610264513724
 20
329.5066960600203
 10
137.26610264513724
 20
329.6858763416487
  0
LWPOLYLINE
  5
35B7
330
17
100
AcDbEntity
  8
SIDEWALK_PATH
100
AcDbPolyline
 90
12
 70
1
 10
137.25117095500153
 20
329.7754664824629
 10
137.26610264513724
 20
329.5066960600203
 10
137.26610264513724
 20
329.5066960600203
 10
137.23623926486582
 20
329.8799883134128
 10
137.23623926486582
 20
329.8799883134128
 10
137.25117095500153
 20
329.7754664824629
 10
137.26610264513724
 20
329.5066960600203
 10
137.23623926486582
 20
329.8799883134128
 10
137.23623926486582
 20
329.8799883134128
 10
137.26610264513724
 20
329.44699185490066
 10
137.26610264513724
 20
329.44699185490066
 10
137.26610264513724
 20
329.5066960600203
  0
LWPOLYLINE
  5
35B8
330
17
100
AcDbEntity
  8
SIDEWALK_PATH
100
AcDbPolyline
 90
12
 70
1
 10
137.23623926486582
 20
329.8799883134128
 10
137.26610264513724
 20
329.44699185490066
 10
137.26610264513724
 20
329.44699185490066
 10
137.19144419445874
 20
329.9845101443627
 10
137.19144419445874
 20
329.9845101443627
 10
137.23623926486582
 20
329.8799883134128
 10
137.26610264513724
 20
329.44699185490066
 10
137.19144419445874
 20
329.9845101443627
 10
137.19144419445874
 20
329.9845101443627
 10
137.23623926486582
 20
329.3126066436794
 10
137.23623926486582
 20
329.3126066436794
 10
137.26610264513724
 20
329.44699185490066
  0
LWPOLYLINE
  5
35B9
330
17
100
AcDbEntity
  8
SIDEWALK_PATH
100
AcDbPolyline
 90
12
 70
1
 10
137.19144419445874
 20
329.9845101443627
 10
137.23623926486582
 20
329.3126066436794
 10
137.23623926486582
 20
329.3126066436794
 10
137.17651250432303
 20
330.05916859504117
 10
137.17651250432303
 20
330.05916859504117
 10
137.19144419445874
 20
329.9845101443627
 10
137.23623926486582
 20
329.3126066436794
 10
137.17651250432303
 20
330.05916859504117
 10
137.17651250432303
 20
330.05916859504117
 10
137.20637588459442
 20
329.37233340422216
 10
137.20637588459442
 20
329.37233340422216
 10
137.23623926486582
 20
329.3126066436794
  0
LWPOLYLINE
  5
35BA
330
17
100
AcDbEntity
  8
SIDEWALK_PATH
100
AcDbPolyline
 90
12
 70
1
 10
137.17651250432303
 20
330.05916859504117
 10
137.20637588459442
 20
329.37233340422216
 10
137.20637588459442
 20
329.37233340422216
 10
137.07199067337314
 20
330.2234171865339
 10
137.07199067337314
 20
330.2234171865339
 10
137.17651250432303
 20
330.05916859504117
 10
137.20637588459442
 20
329.37233340422216
 10
137.07199067337314
 20
330.2234171865339
 10
137.07199067337314
 20
330.2234171865339
 10
137.10185405364453
 20
329.6112178909702
 10
137.10185405364453
 20
329.6112178909702
 10
137.20637588459442
 20
329.37233340422216
  0
LWPOLYLINE
  5
35BB
330
17
100
AcDbEntity
  8
SIDEWALK_PATH
100
AcDbPolyline
 90
12
 70
1
 10
137.07199067337314
 20
330.2234171865339
 10
137.10185405364453
 20
329.6112178909702
 10
137.10185405364453
 20
329.6112178909702
 10
136.99733222269464
 20
330.3130073273481
 10
136.99733222269464
 20
330.3130073273481
 10
137.07199067337314
 20
330.2234171865339
 10
137.10185405364453
 20
329.6112178909702
 10
136.99733222269464
 20
330.3130073273481
 10
136.99733222269464
 20
330.3130073273481
 10
137.02719560296603
 20
329.8053298627343
 10
137.02719560296603
 20
329.8053298627343
 10
137.10185405364453
 20
329.6112178909702
  0
LWPOLYLINE
  5
35BC
330
17
100
AcDbEntity
  8
SIDEWALK_PATH
100
AcDbPolyline
 90
12
 70
1
 10
136.99733222269464
 20
330.3130073273481
 10
137.02719560296603
 20
329.8053298627343
 10
137.02719560296603
 20
329.8053298627343
 10
136.93760546215182
 20
330.3727340878909
 10
136.93760546215182
 20
330.3727340878909
 10
136.99733222269464
 20
330.3130073273481
 10
137.02719560296603
 20
329.8053298627343
 10
136.93760546215182
 20
330.3727340878909
 10
136.93760546215182
 20
330.3727340878909
 10
136.96746884242324
 20
329.9098516936842
 10
136.96746884242324
 20
329.9098516936842
 10
137.02719560296603
 20
329.8053298627343
  0
LWPOLYLINE
  5
35BD
330
17
100
AcDbEntity
  8
SIDEWALK_PATH
100
AcDbPolyline
 90
12
 70
1
 10
136.96746884242324
 20
329.9098516936842
 10
136.80322025093054
 20
330.2234171865339
 10
136.80322025093054
 20
330.2234171865339
 10
136.78828856079483
 20
330.49218760897645
 10
136.78828856079483
 20
330.49218760897645
 10
136.96746884242324
 20
329.9098516936842
 10
136.80322025093054
 20
330.2234171865339
 10
136.78828856079483
 20
330.49218760897645
 10
136.78828856079483
 20
330.49218760897645
 10
136.62403996930215
 20
330.58177774979066
 10
136.62403996930215
 20
330.58177774979066
 10
136.80322025093054
 20
330.2234171865339
  0
LWPOLYLINE
  5
35BE
330
17
100
AcDbEntity
  8
SIDEWALK_PATH
100
AcDbPolyline
 90
6
 70
1
 10
136.96746884242324
 20
329.9098516936842
 10
136.93760546215182
 20
330.3727340878909
 10
136.93760546215182
 20
330.3727340878909
 10
136.78828856079483
 20
330.49218760897645
 10
136.78828856079483
 20
330.49218760897645
 10
136.96746884242324
 20
329.9098516936842
  0
LWPOLYLINE
  5
35BF
330
17
100
AcDbEntity
  8
SIDEWALK_PATH
100
AcDbPolyline
 90
6
 70
1
 10
135.80280828955026
 20
362.50552826110805
 10
135.78787659941455
 20
362.41593812029384
 10
135.78787659941455
 20
362.41593812029384
 10
135.81773997968594
 20
361.7888071345945
 10
135.81773997968594
 20
361.7888071345945
 10
135.80280828955026
 20
362.50552826110805
  0
LWPOLYLINE
  5
35C0
330
17
100
AcDbEntity
  8
SIDEWALK_PATH
100
AcDbPolyline
 90
12
 70
1
 10
135.78787659941455
 20
362.41593812029384
 10
135.81773997968594
 20
361.7888071345945
 10
135.81773997968594
 20
361.7888071345945
 10
135.74308152900744
 20
361.66935361350886
 10
135.74308152900744
 20
361.66935361350886
 10
135.78787659941455
 20
362.41593812029384
 10
135.81773997968594
 20
361.7888071345945
 10
135.74308152900744
 20
361.66935361350886
 10
135.74308152900744
 20
361.66935361350886
 10
135.83267166982165
 20
359.8924824873606
 10
135.83267166982165
 20
359.8924824873606
 10
135.81773997968594
 20
361.7888071345945
  0
LWPOLYLINE
  5
35C1
330
17
100
AcDbEntity
  8
SIDEWALK_PATH
100
AcDbPolyline
 90
12
 70
1
 10
135.74308152900744
 20
361.66935361350886
 10
135.83267166982165
 20
359.8924824873606
 10
135.83267166982165
 20
359.8924824873606
 10
135.87746674022875
 20
345.60296780461186
 10
135.87746674022875
 20
345.60296780461186
 10
135.74308152900744
 20
361.66935361350886
 10
135.83267166982165
 20
359.8924824873606
 10
135.87746674022875
 20
345.60296780461186
 10
135.87746674022875
 20
345.60296780461186
 10
135.93719350077154
 20
344.5577494951129
 10
135.93719350077154
 20
344.5577494951129
 10
135.83267166982165
 20
359.8924824873606
  0
LWPOLYLINE
  5
35C2
330
17
100
AcDbEntity
  8
SIDEWALK_PATH
100
AcDbPolyline
 90
12
 70
1
 10
135.93719350077154
 20
344.5577494951129
 10
135.95212519090725
 20
342.7361058539807
 10
135.95212519090725
 20
342.7361058539807
 10
135.90733012050015
 20
343.706643157378
 10
135.90733012050015
 20
343.706643157378
 10
135.93719350077154
 20
344.5577494951129
 10
135.95212519090725
 20
342.7361058539807
 10
135.90733012050015
 20
343.706643157378
 10
135.90733012050015
 20
343.706643157378
 10
135.96705688104294
 20
340.03346993941904
 10
135.96705688104294
 20
340.03346993941904
 10
135.95212519090725
 20
342.7361058539807
  0
LWPOLYLINE
  5
35C3
330
17
100
AcDbEntity
  8
SIDEWALK_PATH
100
AcDbPolyline
 90
6
 70
1
 10
135.93719350077154
 20
344.5577494951129
 10
135.87746674022875
 20
345.60296780461186
 10
135.87746674022875
 20
345.60296780461186
 10
135.90733012050015
 20
343.706643157378
 10
135.90733012050015
 20
343.706643157378
 10
135.93719350077154
 20
344.5577494951129
  0
LWPOLYLINE
  5
35C4
330
17
100
AcDbEntity
  8
SIDEWALK_PATH
100
AcDbPolyline
 90
6
 70
1
 10
137.17651250432303
 20
371.82283523951514
 10
136.71363011011633
 20
371.82283523951514
 10
136.71363011011633
 20
371.82283523951514
 10
136.71363011011633
 20
371.7929718592438
 10
136.71363011011633
 20
371.7929718592438
 10
137.17651250432303
 20
371.82283523951514
  0
LWPOLYLINE
  5
35C5
330
17
100
AcDbEntity
  8
SIDEWALK_PATH
100
AcDbPolyline
 90
12
 70
1
 10
136.71363011011633
 20
371.82283523951514
 10
136.71363011011633
 20
371.7929718592438
 10
136.71363011011633
 20
371.7929718592438
 10
136.53446110619953
 20
371.80790354937943
 10
136.53446110619953
 20
371.80790354937943
 10
136.71363011011633
 20
371.82283523951514
 10
136.71363011011633
 20
371.7929718592438
 10
136.53446110619953
 20
371.80790354937943
 10
136.53446110619953
 20
371.80790354937943
 10
136.53446110619953
 20
371.76310847897236
 10
136.53446110619953
 20
371.76310847897236
 10
136.71363011011633
 20
371.7929718592438
  0
LWPOLYLINE
  5
35C6
330
17
100
AcDbEntity
  8
SIDEWALK_PATH
100
AcDbPolyline
 90
12
 70
1
 10
136.53446110619953
 20
371.80790354937943
 10
136.53446110619953
 20
371.76310847897236
 10
136.53446110619953
 20
371.76310847897236
 10
136.35528082457114
 20
371.80790354937943
 10
136.35528082457114
 20
371.80790354937943
 10
136.53446110619953
 20
371.80790354937943
 10
136.53446110619953
 20
371.76310847897236
 10
136.35528082457114
 20
371.80790354937943
 10
136.35528082457114
 20
371.80790354937943
 10
136.37021251470682
 20
371.70338171842957
 10
136.37021251470682
 20
371.70338171842957
 10
136.53446110619953
 20
371.76310847897236
  0
LWPOLYLINE
  5
35C7
330
17
100
AcDbEntity
  8
SIDEWALK_PATH
100
AcDbPolyline
 90
12
 70
1
 10
136.35528082457114
 20
371.80790354937943
 10
136.37021251470682
 20
371.70338171842957
 10
136.37021251470682
 20
371.70338171842957
 10
136.20596392321414
 20
371.80790354937943
 10
136.20596392321414
 20
371.80790354937943
 10
136.35528082457114
 20
371.80790354937943
 10
136.37021251470682
 20
371.70338171842957
 10
136.20596392321414
 20
371.80790354937943
 10
136.20596392321414
 20
371.80790354937943
 10
136.20596392321414
 20
371.62872326775107
 10
136.20596392321414
 20
371.62872326775107
 10
136.37021251470682
 20
371.70338171842957
  0
LWPOLYLINE
  5
35C8
330
17
100
AcDbEntity
  8
SIDEWALK_PATH
100
AcDbPolyline
 90
12
 70
1
 10
136.20596392321414
 20
371.80790354937943
 10
136.20596392321414
 20
371.62872326775107
 10
136.20596392321414
 20
371.62872326775107
 10
136.05664702185715
 20
371.7929718592438
 10
136.05664702185715
 20
371.7929718592438
 10
136.20596392321414
 20
371.80790354937943
 10
136.20596392321414
 20
371.62872326775107
 10
136.05664702185715
 20
371.7929718592438
 10
136.05664702185715
 20
371.7929718592438
 10
136.07157871199283
 20
371.50926974666544
 10
136.07157871199283
 20
371.50926974666544
 10
136.20596392321414
 20
371.62872326775107
  0
LWPOLYLINE
  5
35C9
330
17
100
AcDbEntity
  8
SIDEWALK_PATH
100
AcDbPolyline
 90
12
 70
1
 10
136.05664702185715
 20
371.7929718592438
 10
136.07157871199283
 20
371.50926974666544
 10
136.07157871199283
 20
371.50926974666544
 10
135.92226181063583
 20
371.7929718592438
 10
135.92226181063583
 20
371.7929718592438
 10
136.05664702185715
 20
371.7929718592438
 10
136.07157871199283
 20
371.50926974666544
 10
135.92226181063583
 20
371.7929718592438
 10
135.92226181063583
 20
371.7929718592438
 10
135.95212519090725
 20
371.37488453544415
 10
135.95212519090725
 20
371.37488453544415
 10
136.07157871199283
 20
371.50926974666544
  0
LWPOLYLINE
  5
35CA
330
17
100
AcDbEntity
  8
SIDEWALK_PATH
100
AcDbPolyline
 90
12
 70
1
 10
135.92226181063583
 20
371.7929718592438
 10
135.95212519090725
 20
371.37488453544415
 10
135.95212519090725
 20
371.37488453544415
 10
135.83267166982165
 20
371.7929718592438
 10
135.83267166982165
 20
371.7929718592438
 10
135.92226181063583
 20
371.7929718592438
 10
135.95212519090725
 20
371.37488453544415
 10
135.83267166982165
 20
371.7929718592438
 10
135.83267166982165
 20
371.7929718592438
 10
135.86253505009304
 20
371.22556763408716
 10
135.86253505009304
 20
371.22556763408716
 10
135.95212519090725
 20
371.37488453544415
  0
LWPOLYLINE
  5
35CB
330
17
100
AcDbEntity
  8
SIDEWALK_PATH
100
AcDbPolyline
 90
12
 70
1
 10
135.83267166982165
 20
371.7929718592438
 10
135.86253505009304
 20
371.22556763408716
 10
135.86253505009304
 20
371.22556763408716
 10
135.75801321914315
 20
371.7929718592438
 10
135.75801321914315
 20
371.7929718592438
 10
135.83267166982165
 20
371.7929718592438
 10
135.86253505009304
 20
371.22556763408716
 10
135.75801321914315
 20
371.7929718592438
 10
135.75801321914315
 20
371.7929718592438
 10
135.78787659941455
 20
371.06131904259445
 10
135.78787659941455
 20
371.06131904259445
 10
135.86253505009304
 20
371.22556763408716
  0
LWPOLYLINE
  5
35CC
330
17
100
AcDbEntity
  8
SIDEWALK_PATH
100
AcDbPolyline
 90
12
 70
1
 10
135.78787659941455
 20
371.06131904259445
 10
135.75801321914315
 20
371.16584087354437
 10
135.75801321914315
 20
371.16584087354437
 10
135.72814983887176
 20
371.7929718592438
 10
135.72814983887176
 20
371.7929718592438
 10
135.78787659941455
 20
371.06131904259445
 10
135.75801321914315
 20
371.16584087354437
 10
135.72814983887176
 20
371.7929718592438
 10
135.72814983887176
 20
371.7929718592438
 10
135.65349138819326
 20
371.77804016910807
 10
135.65349138819326
 20
371.77804016910807
 10
135.75801321914315
 20
371.16584087354437
  0
LWPOLYLINE
  5
35CD
330
17
100
AcDbEntity
  8
SIDEWALK_PATH
100
AcDbPolyline
 90
6
 70
1
 10
135.78787659941455
 20
371.06131904259445
 10
135.75801321914315
 20
371.7929718592438
 10
135.75801321914315
 20
371.7929718592438
 10
135.72814983887176
 20
371.7929718592438
 10
135.72814983887176
 20
371.7929718592438
 10
135.78787659941455
 20
371.06131904259445
  0
LWPOLYLINE
  5
35CE
330
17
100
AcDbEntity
  8
SIDEWALK_PATH
100
AcDbPolyline
 90
12
 70
1
 10
144.10477161644135
 20
284.2639907247746
 10
144.10477161644135
 20
284.2639907247746
 10
144.10477161644135
 20
284.2639907247746
 10
144.10477161644135
 20
284.3685125557245
 10
144.10477161644135
 20
284.3685125557245
 10
144.10477161644135
 20
284.2639907247746
 10
144.10477161644135
 20
284.2639907247746
 10
144.10477161644135
 20
284.3685125557245
 10
144.10477161644135
 20
284.3685125557245
 10
141.98448289488357
 20
284.24905903463895
 10
141.98448289488357
 20
284.24905903463895
 10
144.10477161644135
 20
284.2639907247746
  0
LWPOLYLINE
  5
35CF
330
17
100
AcDbEntity
  8
SIDEWALK_PATH
100
AcDbPolyline
 90
6
 70
1
 10
135.11595054330806
 20
536.8766327838041
 10
135.02636040249385
 20
536.9064961640755
 10
135.02636040249385
 20
536.9064961640755
 10
135.13088223344377
 20
534.9504447562989
 10
135.13088223344377
 20
534.9504447562989
 10
135.11595054330806
 20
536.8766327838041
  0
LWPOLYLINE
  5
35D0
330
17
100
AcDbEntity
  8
SIDEWALK_PATH
100
AcDbPolyline
 90
12
 70
1
 10
135.13088223344377
 20
534.9504447562989
 10
135.14581392357945
 20
528.5746581792015
 10
135.14581392357945
 20
528.5746581792015
 10
135.08608716303667
 20
529.7542616999217
 10
135.08608716303667
 20
529.7542616999217
 10
135.13088223344377
 20
534.9504447562989
 10
135.14581392357945
 20
528.5746581792015
 10
135.08608716303667
 20
529.7542616999217
 10
135.08608716303667
 20
529.7542616999217
 10
135.08608716303667
 20
528.7239750805585
 10
135.08608716303667
 20
528.7239750805585
 10
135.14581392357945
 20
528.5746581792015
  0
LWPOLYLINE
  5
35D1
330
17
100
AcDbEntity
  8
SIDEWALK_PATH
100
AcDbPolyline
 90
6
 70
1
 10
135.13088223344377
 20
534.9504447562989
 10
135.02636040249385
 20
536.9064961640755
 10
135.02636040249385
 20
536.9064961640755
 10
135.08608716303667
 20
529.7542616999217
 10
135.08608716303667
 20
529.7542616999217
 10
135.13088223344377
 20
534.9504447562989
  0
LWPOLYLINE
  5
35D2
330
17
100
AcDbEntity
  8
SIDEWALK_PATH
100
AcDbPolyline
 90
6
 70
1
 10
145.49340752134984
 20
495.71023374475817
 10
145.35902231012852
 20
496.15818444882916
 10
145.35902231012852
 20
496.15818444882916
 10
145.38888569039992
 20
495.68037036448675
 10
145.38888569039992
 20
495.68037036448675
 10
145.49340752134984
 20
495.71023374475817
  0
LWPOLYLINE
  5
35D3
330
17
100
AcDbEntity
  8
SIDEWALK_PATH
100
AcDbPolyline
 90
12
 70
1
 10
145.35902231012852
 20
496.15818444882916
 10
145.38888569039992
 20
495.68037036448675
 10
145.38888569039992
 20
495.68037036448675
 10
145.28436385945002
 20
496.12832106855774
 10
145.28436385945002
 20
496.12832106855774
 10
145.35902231012852
 20
496.15818444882916
 10
145.38888569039992
 20
495.68037036448675
 10
145.28436385945002
 20
496.12832106855774
 10
145.28436385945002
 20
496.12832106855774
 10
145.29929554958574
 20
495.6505069842153
 10
145.29929554958574
 20
495.6505069842153
 10
145.38888569039992
 20
495.68037036448675
  0
LWPOLYLINE
  5
35D4
330
17
100
AcDbEntity
  8
SIDEWALK_PATH
100
AcDbPolyline
 90
12
 70
1
 10
145.28436385945002
 20
496.12832106855774
 10
145.29929554958574
 20
495.6505069842153
 10
145.29929554958574
 20
495.6505069842153
 10
142.83558923261845
 20
495.42653163217983
 10
142.83558923261845
 20
495.42653163217983
 10
145.28436385945002
 20
496.12832106855774
 10
145.29929554958574
 20
495.6505069842153
 10
142.83558923261845
 20
495.42653163217983
 10
142.83558923261845
 20
495.42653163217983
 10
142.86545261288984
 20
494.874059097159
 10
142.86545261288984
 20
494.874059097159
 10
145.29929554958574
 20
495.6505069842153
  0
LWPOLYLINE
  5
35D5
330
17
100
AcDbEntity
  8
SIDEWALK_PATH
100
AcDbPolyline
 90
12
 70
1
 10
142.83558923261845
 20
495.42653163217983
 10
142.86545261288984
 20
494.874059097159
 10
142.86545261288984
 20
494.874059097159
 10
141.40215825730286
 20
495.023375998516
 10
141.40215825730286
 20
495.023375998516
 10
142.83558923261845
 20
495.42653163217983
 10
142.86545261288984
 20
494.874059097159
 10
141.40215825730286
 20
495.023375998516
 10
141.40215825730286
 20
495.023375998516
 10
141.43202163757428
 20
494.39624501281656
 10
141.43202163757428
 20
494.39624501281656
 10
142.86545261288984
 20
494.874059097159
  0
LWPOLYLINE
  5
35D6
330
17
100
AcDbEntity
  8
SIDEWALK_PATH
100
AcDbPolyline
 90
12
 70
1
 10
141.40215825730286
 20
495.023375998516
 10
141.43202163757428
 20
494.39624501281656
 10
141.43202163757428
 20
494.39624501281656
 10
139.83434207076598
 20
494.575425294445
 10
139.83434207076598
 20
494.575425294445
 10
141.40215825730286
 20
495.023375998516
 10
141.43202163757428
 20
494.39624501281656
 10
139.83434207076598
 20
494.575425294445
 10
139.83434207076598
 20
494.575425294445
 10
139.8791371411731
 20
493.4704802244032
 10
139.8791371411731
 20
493.4704802244032
 10
141.43202163757428
 20
494.39624501281656
  0
LWPOLYLINE
  5
35D7
330
17
100
AcDbEntity
  8
SIDEWALK_PATH
100
AcDbPolyline
 90
12
 70
1
 10
139.83434207076598
 20
494.575425294445
 10
139.8791371411731
 20
493.4704802244032
 10
139.8791371411731
 20
493.4704802244032
 10
139.1325526343881
 20
494.3663816325452
 10
139.1325526343881
 20
494.3663816325452
 10
139.83434207076598
 20
494.575425294445
 10
139.8791371411731
 20
493.4704802244032
 10
139.1325526343881
 20
494.3663816325452
 10
139.1325526343881
 20
494.3663816325452
 10
139.1922793949309
 20
493.0673245907393
 10
139.1922793949309
 20
493.0673245907393
 10
139.8791371411731
 20
493.4704802244032
  0
LWPOLYLINE
  5
35D8
330
17
100
AcDbEntity
  8
SIDEWALK_PATH
100
AcDbPolyline
 90
12
 70
1
 10
139.1325526343881
 20
494.3663816325452
 10
139.1922793949309
 20
493.0673245907393
 10
139.1922793949309
 20
493.0673245907393
 10
137.923097011108
 20
494.0229527594241
 10
137.923097011108
 20
494.0229527594241
 10
139.1325526343881
 20
494.3663816325452
 10
139.1922793949309
 20
493.0673245907393
 10
137.923097011108
 20
494.0229527594241
 10
137.923097011108
 20
494.0229527594241
 10
138.01268715192222
 20
492.24612674412214
 10
138.01268715192222
 20
492.24612674412214
 10
139.1922793949309
 20
493.0673245907393
  0
LWPOLYLINE
  5
35D9
330
17
100
AcDbEntity
  8
SIDEWALK_PATH
100
AcDbPolyline
 90
12
 70
1
 10
137.923097011108
 20
494.0229527594241
 10
138.01268715192222
 20
492.24612674412214
 10
138.01268715192222
 20
492.24612674412214
 10
137.8335068702938
 20
494.00802106928836
 10
137.8335068702938
 20
494.00802106928836
 10
137.923097011108
 20
494.0229527594241
 10
138.01268715192222
 20
492.24612674412214
 10
137.8335068702938
 20
494.00802106928836
 10
137.8335068702938
 20
494.00802106928836
 10
137.923097011108
 20
492.18639998357935
 10
137.923097011108
 20
492.18639998357935
 10
138.01268715192222
 20
492.24612674412214
  0
LWPOLYLINE
  5
35DA
330
17
100
AcDbEntity
  8
SIDEWALK_PATH
100
AcDbPolyline
 90
12
 70
1
 10
137.8335068702938
 20
494.00802106928836
 10
137.923097011108
 20
492.18639998357935
 10
137.923097011108
 20
492.18639998357935
 10
137.40048785635852
 20
493.8736358580671
 10
137.40048785635852
 20
493.8736358580671
 10
137.8335068702938
 20
494.00802106928836
 10
137.923097011108
 20
492.18639998357935
 10
137.40048785635852
 20
493.8736358580671
 10
137.40048785635852
 20
493.8736358580671
 10
137.50500968730842
 20
491.88776618086536
 10
137.50500968730842
 20
491.88776618086536
 10
137.923097011108
 20
492.18639998357935
  0
LWPOLYLINE
  5
35DB
330
17
100
AcDbEntity
  8
SIDEWALK_PATH
100
AcDbPolyline
 90
12
 70
1
 10
137.40048785635852
 20
493.8736358580671
 10
137.50500968730842
 20
491.88776618086536
 10
137.50500968730842
 20
491.88776618086536
 10
137.22130757473013
 20
493.8437724777957
 10
137.22130757473013
 20
493.8437724777957
 10
137.40048785635852
 20
493.8736358580671
 10
137.50500968730842
 20
491.88776618086536
 10
137.22130757473013
 20
493.8437724777957
 10
137.22130757473013
 20
493.8437724777957
 10
137.32582940568003
 20
491.7683126597798
 10
137.32582940568003
 20
491.7683126597798
 10
137.50500968730842
 20
491.88776618086536
  0
LWPOLYLINE
  5
35DC
330
17
100
AcDbEntity
  8
SIDEWALK_PATH
100
AcDbPolyline
 90
12
 70
1
 10
137.22130757473013
 20
493.8437724777957
 10
137.32582940568003
 20
491.7683126597798
 10
137.32582940568003
 20
491.7683126597798
 10
137.04212729310174
 20
493.8437724777957
 10
137.04212729310174
 20
493.8437724777957
 10
137.22130757473013
 20
493.8437724777957
 10
137.32582940568003
 20
491.7683126597798
 10
137.04212729310174
 20
493.8437724777957
 10
137.04212729310174
 20
493.8437724777957
 10
137.14664912405163
 20
491.64885913869415
 10
137.14664912405163
 20
491.64885913869415
 10
137.32582940568003
 20
491.7683126597798
  0
LWPOLYLINE
  5
35DD
330
17
100
AcDbEntity
  8
SIDEWALK_PATH
100
AcDbPolyline
 90
12
 70
1
 10
137.04212729310174
 20
493.8437724777957
 10
137.14664912405163
 20
491.64885913869415
 10
137.14664912405163
 20
491.64885913869415
 10
136.84801532133764
 20
493.8736358580671
 10
136.84801532133764
 20
493.8736358580671
 10
137.04212729310174
 20
493.8437724777957
 10
137.14664912405163
 20
491.64885913869415
 10
136.84801532133764
 20
493.8736358580671
 10
136.84801532133764
 20
493.8736358580671
 10
136.96746884242324
 20
491.51442881662655
 10
136.96746884242324
 20
491.51442881662655
 10
137.14664912405163
 20
491.64885913869415
  0
LWPOLYLINE
  5
35DE
330
17
100
AcDbEntity
  8
SIDEWALK_PATH
100
AcDbPolyline
 90
12
 70
1
 10
136.84801532133764
 20
493.8736358580671
 10
136.96746884242324
 20
491.51442881662655
 10
136.96746884242324
 20
491.51442881662655
 10
136.68376672984493
 20
493.93336261860986
 10
136.68376672984493
 20
493.93336261860986
 10
136.84801532133764
 20
493.8736358580671
 10
136.96746884242324
 20
491.51442881662655
 10
136.68376672984493
 20
493.93336261860986
 10
136.68376672984493
 20
493.93336261860986
 10
136.80322025093054
 20
491.409952096523
 10
136.80322025093054
 20
491.409952096523
 10
136.96746884242324
 20
491.51442881662655
  0
LWPOLYLINE
  5
35DF
330
17
100
AcDbEntity
  8
SIDEWALK_PATH
100
AcDbPolyline
 90
12
 70
1
 10
136.68376672984493
 20
493.93336261860986
 10
136.80322025093054
 20
491.409952096523
 10
136.80322025093054
 20
491.409952096523
 10
136.65390334957354
 20
493.9482943087456
 10
136.65390334957354
 20
493.9482943087456
 10
136.68376672984493
 20
493.93336261860986
 10
136.80322025093054
 20
491.409952096523
 10
136.65390334957354
 20
493.9482943087456
 10
136.65390334957354
 20
493.9482943087456
 10
136.77335687065914
 20
491.3800887162516
 10
136.77335687065914
 20
491.3800887162516
 10
136.80322025093054
 20
491.409952096523
  0
LWPOLYLINE
  5
35E0
330
17
100
AcDbEntity
  8
SIDEWALK_PATH
100
AcDbPolyline
 90
12
 70
1
 10
136.65390334957354
 20
493.9482943087456
 10
136.77335687065914
 20
491.3800887162516
 10
136.77335687065914
 20
491.3800887162516
 10
136.51952941606382
 20
494.0229527594241
 10
136.51952941606382
 20
494.0229527594241
 10
136.65390334957354
 20
493.9482943087456
 10
136.77335687065914
 20
491.3800887162516
 10
136.51952941606382
 20
494.0229527594241
 10
136.51952941606382
 20
494.0229527594241
 10
136.63897165943783
 20
491.3949752955409
 10
136.63897165943783
 20
491.3949752955409
 10
136.77335687065914
 20
491.3800887162516
  0
LWPOLYLINE
  5
35E1
330
17
100
AcDbEntity
  8
SIDEWALK_PATH
100
AcDbPolyline
 90
6
 70
1
 10
135.16074561371516
 20
516.9578934753198
 10
135.08608716303667
 20
516.64432798247
 10
135.08608716303667
 20
516.64432798247
 10
135.17567730385085
 20
514.9421153070003
 10
135.17567730385085
 20
514.9421153070003
 10
135.16074561371516
 20
516.9578934753198
  0
LWPOLYLINE
  5
35E2
330
17
100
AcDbEntity
  8
SIDEWALK_PATH
100
AcDbPolyline
 90
12
 70
1
 10
136.51952941606382
 20
494.0229527594241
 10
136.63897165943783
 20
491.3949752955409
 10
136.63897165943783
 20
491.3949752955409
 10
136.14623716267133
 20
494.2917231818667
 10
136.14623716267133
 20
494.2917231818667
 10
136.51952941606382
 20
494.0229527594241
 10
136.63897165943783
 20
491.3949752955409
 10
136.14623716267133
 20
494.2917231818667
 10
136.14623716267133
 20
494.2917231818667
 10
136.29555406402832
 20
491.45470205608376
 10
136.29555406402832
 20
491.45470205608376
 10
136.63897165943783
 20
491.3949752955409
  0
LWPOLYLINE
  5
35E3
330
17
100
AcDbEntity
  8
SIDEWALK_PATH
100
AcDbPolyline
 90
12
 70
1
 10
136.14623716267133
 20
494.2917231818667
 10
136.29555406402832
 20
491.45470205608376
 10
136.29555406402832
 20
491.45470205608376
 10
136.08651040212854
 20
494.3365182522738
 10
136.08651040212854
 20
494.3365182522738
 10
136.14623716267133
 20
494.2917231818667
 10
136.29555406402832
 20
491.45470205608376
 10
136.08651040212854
 20
494.3365182522738
 10
136.08651040212854
 20
494.3365182522738
 10
136.22089561334982
 20
491.45470205608376
 10
136.22089561334982
 20
491.45470205608376
 10
136.29555406402832
 20
491.45470205608376
  0
LWPOLYLINE
  5
35E4
330
17
100
AcDbEntity
  8
SIDEWALK_PATH
100
AcDbPolyline
 90
12
 70
1
 10
136.08651040212854
 20
494.3365182522738
 10
136.22089561334982
 20
491.45470205608376
 10
136.22089561334982
 20
491.45470205608376
 10
136.07157871199283
 20
494.3365182522738
 10
136.07157871199283
 20
494.3365182522738
 10
136.08651040212854
 20
494.3365182522738
 10
136.22089561334982
 20
491.45470205608376
 10
136.07157871199283
 20
494.3365182522738
 10
136.07157871199283
 20
494.3365182522738
 10
136.20596392321414
 20
491.45470205608376
 10
136.20596392321414
 20
491.45470205608376
 10
136.22089561334982
 20
491.45470205608376
  0
LWPOLYLINE
  5
35E5
330
17
100
AcDbEntity
  8
SIDEWALK_PATH
100
AcDbPolyline
 90
12
 70
1
 10
136.07157871199283
 20
494.3365182522738
 10
136.20596392321414
 20
491.45470205608376
 10
136.20596392321414
 20
491.45470205608376
 10
135.66842307832894
 20
494.62022036485206
 10
135.66842307832894
 20
494.62022036485206
 10
136.07157871199283
 20
494.3365182522738
 10
136.20596392321414
 20
491.45470205608376
 10
135.66842307832894
 20
494.62022036485206
 10
135.66842307832894
 20
494.62022036485206
 10
135.81773997968594
 20
491.51442881662655
 10
135.81773997968594
 20
491.51442881662655
 10
136.20596392321414
 20
491.45470205608376
  0
LWPOLYLINE
  5
35E6
330
17
100
AcDbEntity
  8
SIDEWALK_PATH
100
AcDbPolyline
 90
12
 70
1
 10
135.66842307832894
 20
494.62022036485206
 10
135.81773997968594
 20
491.51442881662655
 10
135.81773997968594
 20
491.51442881662655
 10
135.54896955724334
 20
494.724742195802
 10
135.54896955724334
 20
494.724742195802
 10
135.66842307832894
 20
494.62022036485206
 10
135.81773997968594
 20
491.51442881662655
 10
135.54896955724334
 20
494.724742195802
 10
135.54896955724334
 20
494.724742195802
 10
135.71321814873605
 20
491.5294056176086
 10
135.71321814873605
 20
491.5294056176086
 10
135.81773997968594
 20
491.51442881662655
  0
LWPOLYLINE
  5
35E7
330
17
100
AcDbEntity
  8
SIDEWALK_PATH
100
AcDbPolyline
 90
12
 70
1
 10
135.54896955724334
 20
494.724742195802
 10
135.71321814873605
 20
491.5294056176086
 10
135.71321814873605
 20
491.5294056176086
 10
135.50417448683626
 20
494.75460557607335
 10
135.50417448683626
 20
494.75460557607335
 10
135.54896955724334
 20
494.724742195802
 10
135.71321814873605
 20
491.5294056176086
 10
135.50417448683626
 20
494.75460557607335
 10
135.50417448683626
 20
494.75460557607335
 10
135.66842307832894
 20
491.5294056176086
 10
135.66842307832894
 20
491.5294056176086
 10
135.71321814873605
 20
491.5294056176086
  0
LWPOLYLINE
  5
35E8
330
17
100
AcDbEntity
  8
SIDEWALK_PATH
100
AcDbPolyline
 90
12
 70
1
 10
135.50417448683626
 20
494.75460557607335
 10
135.66842307832894
 20
491.5294056176086
 10
135.66842307832894
 20
491.5294056176086
 10
135.38472096575066
 20
494.91885416756605
 10
135.38472096575066
 20
494.91885416756605
 10
135.50417448683626
 20
494.75460557607335
 10
135.66842307832894
 20
491.5294056176086
 10
135.38472096575066
 20
494.91885416756605
 10
135.38472096575066
 20
494.91885416756605
 10
135.54896955724334
 20
491.5442921968979
 10
135.54896955724334
 20
491.5442921968979
 10
135.66842307832894
 20
491.5294056176086
  0
LWPOLYLINE
  5
35E9
330
17
100
AcDbEntity
  8
SIDEWALK_PATH
100
AcDbPolyline
 90
12
 70
1
 10
135.38472096575066
 20
494.91885416756605
 10
135.54896955724334
 20
491.5442921968979
 10
135.54896955724334
 20
491.5442921968979
 10
135.29513082493645
 20
495.08310275905876
 10
135.29513082493645
 20
495.08310275905876
 10
135.38472096575066
 20
494.91885416756605
 10
135.54896955724334
 20
491.5442921968979
 10
135.29513082493645
 20
495.08310275905876
 10
135.29513082493645
 20
495.08310275905876
 10
135.45937941642916
 20
491.55926899788
 10
135.45937941642916
 20
491.55926899788
 10
135.54896955724334
 20
491.5442921968979
  0
LWPOLYLINE
  5
35EA
330
17
100
AcDbEntity
  8
SIDEWALK_PATH
100
AcDbPolyline
 90
12
 70
1
 10
135.29513082493645
 20
495.08310275905876
 10
135.45937941642916
 20
491.55926899788
 10
135.45937941642916
 20
491.55926899788
 10
135.23540406439366
 20
495.27721473082283
 10
135.23540406439366
 20
495.27721473082283
 10
135.29513082493645
 20
495.08310275905876
 10
135.45937941642916
 20
491.55926899788
 10
135.23540406439366
 20
495.27721473082283
 10
135.23540406439366
 20
495.27721473082283
 10
135.41458434602205
 20
491.55926899788
 10
135.41458434602205
 20
491.55926899788
 10
135.45937941642916
 20
491.55926899788
  0
LWPOLYLINE
  5
35EB
330
17
100
AcDbEntity
  8
SIDEWALK_PATH
100
AcDbPolyline
 90
6
 70
1
 10
135.41458434602205
 20
491.55926899788
 10
135.14581392357945
 20
496.88983726547843
 10
135.14581392357945
 20
496.88983726547843
 10
135.16074561371516
 20
491.58913237815136
 10
135.16074561371516
 20
491.58913237815136
 10
135.41458434602205
 20
491.55926899788
  0
LWPOLYLINE
  5
35EC
330
17
100
AcDbEntity
  8
SIDEWALK_PATH
100
AcDbPolyline
 90
12
 70
1
 10
135.08608716303667
 20
516.64432798247
 10
135.17567730385085
 20
514.9421153070003
 10
135.17567730385085
 20
514.9421153070003
 10
135.14581392357945
 20
496.88983726547843
 10
135.14581392357945
 20
496.88983726547843
 10
135.08608716303667
 20
516.64432798247
 10
135.17567730385085
 20
514.9421153070003
 10
135.14581392357945
 20
496.88983726547843
 10
135.14581392357945
 20
496.88983726547843
 10
135.22047237425795
 20
495.4862583927227
 10
135.22047237425795
 20
495.4862583927227
 10
135.17567730385085
 20
514.9421153070003
  0
LWPOLYLINE
  5
35ED
330
17
100
AcDbEntity
  8
SIDEWALK_PATH
100
AcDbPolyline
 90
12
 70
1
 10
135.22047237425795
 20
495.4862583927227
 10
135.22047237425795
 20
495.4862583927227
 10
135.22047237425795
 20
495.4862583927227
 10
135.41458434602205
 20
491.55926899788
 10
135.41458434602205
 20
491.55926899788
 10
135.22047237425795
 20
495.4862583927227
 10
135.22047237425795
 20
495.4862583927227
 10
135.41458434602205
 20
491.55926899788
 10
135.41458434602205
 20
491.55926899788
 10
135.23540406439366
 20
495.27721473082283
 10
135.23540406439366
 20
495.27721473082283
 10
135.22047237425795
 20
495.4862583927227
  0
LWPOLYLINE
  5
35EE
330
17
100
AcDbEntity
  8
SIDEWALK_PATH
100
AcDbPolyline
 90
6
 70
1
 10
137.08692236350882
 20
573.2648909794262
 10
136.69869841998064
 20
573.4440712610547
 10
136.69869841998064
 20
573.4440712610547
 10
136.71363011011633
 20
573.2798226695619
 10
136.71363011011633
 20
573.2798226695619
 10
137.08692236350882
 20
573.2648909794262
  0
LWPOLYLINE
  5
35EF
330
17
100
AcDbEntity
  8
SIDEWALK_PATH
100
AcDbPolyline
 90
6
 70
1
 10
135.05622378276527
 20
603.5909732016469
 10
134.86212308871274
 20
603.5909732016469
 10
134.86212308871274
 20
603.5909732016469
 10
135.01142871235817
 20
600.6344985547784
 10
135.01142871235817
 20
600.6344985547784
 10
135.05622378276527
 20
603.5909732016469
  0
LWPOLYLINE
  5
35F0
330
17
100
AcDbEntity
  8
SIDEWALK_PATH
100
AcDbPolyline
 90
12
 70
1
 10
136.69869841998064
 20
573.4440712610547
 10
136.71363011011633
 20
573.2798226695619
 10
136.71363011011633
 20
573.2798226695619
 10
136.35528082457114
 20
573.6680466130902
 10
136.35528082457114
 20
573.6680466130902
 10
136.69869841998064
 20
573.4440712610547
 10
136.71363011011633
 20
573.2798226695619
 10
136.35528082457114
 20
573.6680466130902
 10
136.35528082457114
 20
573.6680466130902
 10
136.37021251470682
 20
573.2798226695619
 10
136.37021251470682
 20
573.2798226695619
 10
136.71363011011633
 20
573.2798226695619
  0
LWPOLYLINE
  5
35F1
330
17
100
AcDbEntity
  8
SIDEWALK_PATH
100
AcDbPolyline
 90
12
 70
1
 10
134.86212308871274
 20
603.5909732016469
 10
135.01142871235817
 20
600.6344985547784
 10
135.01142871235817
 20
600.6344985547784
 10
134.78746463803424
 20
603.5909732016469
 10
134.78746463803424
 20
603.5909732016469
 10
134.86212308871274
 20
603.5909732016469
 10
135.01142871235817
 20
600.6344985547784
 10
134.78746463803424
 20
603.5909732016469
 10
134.78746463803424
 20
603.5909732016469
 10
134.99649702222246
 20
599.3802365833797
 10
134.99649702222246
 20
599.3802365833797
 10
135.01142871235817
 20
600.6344985547784
  0
LWPOLYLINE
  5
35F2
330
17
100
AcDbEntity
  8
SIDEWALK_PATH
100
AcDbPolyline
 90
12
 70
1
 10
136.35528082457114
 20
573.6680466130902
 10
136.37021251470682
 20
573.2798226695619
 10
136.37021251470682
 20
573.2798226695619
 10
136.02678364158575
 20
573.9368170355327
 10
136.02678364158575
 20
573.9368170355327
 10
136.35528082457114
 20
573.6680466130902
 10
136.37021251470682
 20
573.2798226695619
 10
136.02678364158575
 20
573.9368170355327
 10
136.02678364158575
 20
573.9368170355327
 10
136.07157871199283
 20
573.2798226695619
 10
136.07157871199283
 20
573.2798226695619
 10
136.37021251470682
 20
573.2798226695619
  0
LWPOLYLINE
  5
35F3
330
17
100
AcDbEntity
  8
SIDEWALK_PATH
100
AcDbPolyline
 90
12
 70
1
 10
134.78746463803424
 20
603.5909732016469
 10
134.99649702222246
 20
599.3802365833797
 10
134.99649702222246
 20
599.3802365833797
 10
134.81732801830566
 20
597.4690253568564
 10
134.81732801830566
 20
597.4690253568564
 10
134.78746463803424
 20
603.5909732016469
 10
134.99649702222246
 20
599.3802365833797
 10
134.81732801830566
 20
597.4690253568564
 10
134.81732801830566
 20
597.4690253568564
 10
134.93677026167967
 20
595.0799549351444
 10
134.93677026167967
 20
595.0799549351444
 10
134.99649702222246
 20
599.3802365833797
  0
LWPOLYLINE
  5
35F4
330
17
100
AcDbEntity
  8
SIDEWALK_PATH
100
AcDbPolyline
 90
12
 70
1
 10
136.02678364158575
 20
573.9368170355327
 10
136.07157871199283
 20
573.2798226695619
 10
136.07157871199283
 20
573.2798226695619
 10
135.75801321914315
 20
574.2503825283824
 10
135.75801321914315
 20
574.2503825283824
 10
136.02678364158575
 20
573.9368170355327
 10
136.07157871199283
 20
573.2798226695619
 10
135.75801321914315
 20
574.2503825283824
 10
135.75801321914315
 20
574.2503825283824
 10
135.80280828955026
 20
573.2947543596977
 10
135.80280828955026
 20
573.2947543596977
 10
136.07157871199283
 20
573.2798226695619
  0
LWPOLYLINE
  5
35F5
330
17
100
AcDbEntity
  8
SIDEWALK_PATH
100
AcDbPolyline
 90
12
 70
1
 10
134.81732801830566
 20
597.4690253568564
 10
134.93677026167967
 20
595.0799549351444
 10
134.93677026167967
 20
595.0799549351444
 10
134.84719139857705
 20
591.2574873712516
 10
134.84719139857705
 20
591.2574873712516
 10
134.81732801830566
 20
597.4690253568564
 10
134.93677026167967
 20
595.0799549351444
 10
134.84719139857705
 20
591.2574873712516
 10
134.84719139857705
 20
591.2574873712516
 10
134.98156533208677
 20
588.5996465270971
 10
134.98156533208677
 20
588.5996465270971
 10
134.93677026167967
 20
595.0799549351444
  0
LWPOLYLINE
  5
35F6
330
17
100
AcDbEntity
  8
SIDEWALK_PATH
100
AcDbPolyline
 90
12
 70
1
 10
135.75801321914315
 20
574.2503825283824
 10
135.80280828955026
 20
573.2947543596977
 10
135.80280828955026
 20
573.2947543596977
 10
135.51910617697195
 20
574.5938114015034
 10
135.51910617697195
 20
574.5938114015034
 10
135.75801321914315
 20
574.2503825283824
 10
135.80280828955026
 20
573.2947543596977
 10
135.51910617697195
 20
574.5938114015034
 10
135.51910617697195
 20
574.5938114015034
 10
135.57883293751476
 20
573.2947543596977
 10
135.57883293751476
 20
573.2947543596977
 10
135.80280828955026
 20
573.2947543596977
  0
LWPOLYLINE
  5
35F7
330
17
100
AcDbEntity
  8
SIDEWALK_PATH
100
AcDbPolyline
 90
12
 70
1
 10
135.51910617697195
 20
574.5938114015034
 10
135.57883293751476
 20
573.2947543596977
 10
135.57883293751476
 20
573.2947543596977
 10
135.32499420520784
 20
574.9671036548959
 10
135.32499420520784
 20
574.9671036548959
 10
135.51910617697195
 20
574.5938114015034
 10
135.57883293751476
 20
573.2947543596977
 10
135.32499420520784
 20
574.9671036548959
 10
135.32499420520784
 20
574.9671036548959
 10
135.41458434602205
 20
573.2947543596977
 10
135.41458434602205
 20
573.2947543596977
 10
135.57883293751476
 20
573.2947543596977
  0
LWPOLYLINE
  5
35F8
330
17
100
AcDbEntity
  8
SIDEWALK_PATH
100
AcDbPolyline
 90
12
 70
1
 10
135.32499420520784
 20
574.9671036548959
 10
135.41458434602205
 20
573.2947543596977
 10
135.41458434602205
 20
573.2947543596977
 10
135.19060899398656
 20
575.3553275984242
 10
135.19060899398656
 20
575.3553275984242
 10
135.32499420520784
 20
574.9671036548959
 10
135.41458434602205
 20
573.2947543596977
 10
135.19060899398656
 20
575.3553275984242
 10
135.19060899398656
 20
575.3553275984242
 10
135.29513082493645
 20
573.2947543596977
 10
135.29513082493645
 20
573.2947543596977
 10
135.41458434602205
 20
573.2947543596977
  0
LWPOLYLINE
  5
35F9
330
17
100
AcDbEntity
  8
SIDEWALK_PATH
100
AcDbPolyline
 90
12
 70
1
 10
135.19060899398656
 20
575.3553275984242
 10
135.29513082493645
 20
573.2947543596977
 10
135.29513082493645
 20
573.2947543596977
 10
135.10101885317235
 20
575.7584832320881
 10
135.10101885317235
 20
575.7584832320881
 10
135.19060899398656
 20
575.3553275984242
 10
135.29513082493645
 20
573.2947543596977
 10
135.10101885317235
 20
575.7584832320881
 10
135.10101885317235
 20
575.7584832320881
 10
135.22047237425795
 20
573.2947543596977
 10
135.22047237425795
 20
573.2947543596977
 10
135.29513082493645
 20
573.2947543596977
  0
LWPOLYLINE
  5
35FA
330
17
100
AcDbEntity
  8
SIDEWALK_PATH
100
AcDbPolyline
 90
6
 70
1
 10
135.22047237425795
 20
573.2947543596977
 10
135.01142871235817
 20
577.4606959075578
 10
135.01142871235817
 20
577.4606959075578
 10
135.05622378276527
 20
573.3096860498333
 10
135.05622378276527
 20
573.3096860498333
 10
135.22047237425795
 20
573.2947543596977
  0
LWPOLYLINE
  5
35FB
330
17
100
AcDbEntity
  8
SIDEWALK_PATH
100
AcDbPolyline
 90
12
 70
1
 10
134.84719139857705
 20
591.2574873712516
 10
134.98156533208677
 20
588.5996465270971
 10
134.98156533208677
 20
588.5996465270971
 10
135.01142871235817
 20
577.4606959075578
 10
135.01142871235817
 20
577.4606959075578
 10
134.84719139857705
 20
591.2574873712516
 10
134.98156533208677
 20
588.5996465270971
 10
135.01142871235817
 20
577.4606959075578
 10
135.01142871235817
 20
577.4606959075578
 10
135.07115547290095
 20
576.1765705558877
 10
135.07115547290095
 20
576.1765705558877
 10
134.98156533208677
 20
588.5996465270971
  0
LWPOLYLINE
  5
35FC
330
17
100
AcDbEntity
  8
SIDEWALK_PATH
100
AcDbPolyline
 90
12
 70
1
 10
135.07115547290095
 20
576.1765705558877
 10
135.07115547290095
 20
576.1765705558877
 10
135.07115547290095
 20
576.1765705558877
 10
135.22047237425795
 20
573.2947543596977
 10
135.22047237425795
 20
573.2947543596977
 10
135.07115547290095
 20
576.1765705558877
 10
135.07115547290095
 20
576.1765705558877
 10
135.22047237425795
 20
573.2947543596977
 10
135.22047237425795
 20
573.2947543596977
 10
135.10101885317235
 20
575.7584832320881
 10
135.10101885317235
 20
575.7584832320881
 10
135.07115547290095
 20
576.1765705558877
  0
LWPOLYLINE
  5
35FD
330
17
100
AcDbEntity
  8
SIDEWALK_PATH
100
AcDbPolyline
 90
6
 70
1
 10
161.41048770660143
 20
574.1458606974325
 10
161.39555601646572
 20
573.9666804158041
 10
161.39555601646572
 20
573.9666804158041
 10
161.41048770660143
 20
573.6083198525473
 10
161.41048770660143
 20
573.6083198525473
 10
161.41048770660143
 20
574.1458606974325
  0
LWPOLYLINE
  5
35FE
330
17
100
AcDbEntity
  8
SIDEWALK_PATH
100
AcDbPolyline
 90
12
 70
1
 10
161.39555601646572
 20
573.9666804158041
 10
161.41048770660143
 20
573.6083198525473
 10
161.41048770660143
 20
573.6083198525473
 10
161.38062432633004
 20
573.8920219651257
 10
161.38062432633004
 20
573.8920219651257
 10
161.39555601646572
 20
573.9666804158041
 10
161.41048770660143
 20
573.6083198525473
 10
161.38062432633004
 20
573.8920219651257
 10
161.38062432633004
 20
573.8920219651257
 10
161.41048770660143
 20
573.0857106977978
 10
161.41048770660143
 20
573.0857106977978
 10
161.41048770660143
 20
573.6083198525473
  0
LWPOLYLINE
  5
35FF
330
17
100
AcDbEntity
  8
SIDEWALK_PATH
100
AcDbPolyline
 90
12
 70
1
 10
161.38062432633004
 20
573.8920219651257
 10
161.41048770660143
 20
573.0857106977978
 10
161.41048770660143
 20
573.0857106977978
 10
161.3507609460586
 20
573.7875001341757
 10
161.3507609460586
 20
573.7875001341757
 10
161.38062432633004
 20
573.8920219651257
 10
161.41048770660143
 20
573.0857106977978
 10
161.3507609460586
 20
573.7875001341757
 10
161.3507609460586
 20
573.7875001341757
 10
161.38062432633004
 20
573.0857106977978
 10
161.38062432633004
 20
573.0857106977978
 10
161.41048770660143
 20
573.0857106977978
  0
LWPOLYLINE
  5
3600
330
17
100
AcDbEntity
  8
SIDEWALK_PATH
100
AcDbPolyline
 90
12
 70
1
 10
161.3507609460586
 20
573.7875001341757
 10
161.38062432633004
 20
573.0857106977978
 10
161.38062432633004
 20
573.0857106977978
 10
161.27610249538012
 20
573.623251542683
 10
161.27610249538012
 20
573.623251542683
 10
161.3507609460586
 20
573.7875001341757
 10
161.38062432633004
 20
573.0857106977978
 10
161.27610249538012
 20
573.623251542683
 10
161.27610249538012
 20
573.623251542683
 10
161.30596587565154
 20
573.0857106977978
 10
161.30596587565154
 20
573.0857106977978
 10
161.38062432633004
 20
573.0857106977978
  0
LWPOLYLINE
  5
3601
330
17
100
AcDbEntity
  8
SIDEWALK_PATH
100
AcDbPolyline
 90
12
 70
1
 10
161.27610249538012
 20
573.623251542683
 10
161.30596587565154
 20
573.0857106977978
 10
161.30596587565154
 20
573.0857106977978
 10
161.17158066443022
 20
573.473934641326
 10
161.17158066443022
 20
573.473934641326
 10
161.27610249538012
 20
573.623251542683
 10
161.30596587565154
 20
573.0857106977978
 10
161.17158066443022
 20
573.473934641326
 10
161.17158066443022
 20
573.473934641326
 10
161.18651235456593
 20
573.0857106977978
 10
161.18651235456593
 20
573.0857106977978
 10
161.30596587565154
 20
573.0857106977978
  0
LWPOLYLINE
  5
3602
330
17
100
AcDbEntity
  8
SIDEWALK_PATH
100
AcDbPolyline
 90
12
 70
1
 10
161.17158066443022
 20
573.473934641326
 10
161.18651235456593
 20
573.0857106977978
 10
161.18651235456593
 20
573.0857106977978
 10
161.03719545320894
 20
573.3395494301047
 10
161.03719545320894
 20
573.3395494301047
 10
161.17158066443022
 20
573.473934641326
 10
161.18651235456593
 20
573.0857106977978
 10
161.03719545320894
 20
573.3395494301047
 10
161.03719545320894
 20
573.3395494301047
 10
161.05212714334462
 20
573.0857106977978
 10
161.05212714334462
 20
573.0857106977978
 10
161.18651235456593
 20
573.0857106977978
  0
LWPOLYLINE
  5
3603
330
17
100
AcDbEntity
  8
SIDEWALK_PATH
100
AcDbPolyline
 90
12
 70
1
 10
161.03719545320894
 20
573.3395494301047
 10
161.05212714334462
 20
573.0857106977978
 10
161.05212714334462
 20
573.0857106977978
 10
160.88787855185194
 20
573.2350275991548
 10
160.88787855185194
 20
573.2350275991548
 10
161.03719545320894
 20
573.3395494301047
 10
161.05212714334462
 20
573.0857106977978
 10
160.88787855185194
 20
573.2350275991548
 10
160.88787855185194
 20
573.2350275991548
 10
160.90281024198762
 20
573.0857106977978
 10
160.90281024198762
 20
573.0857106977978
 10
161.05212714334462
 20
573.0857106977978
  0
LWPOLYLINE
  5
3604
330
17
100
AcDbEntity
  8
SIDEWALK_PATH
100
AcDbPolyline
 90
12
 70
1
 10
160.88787855185194
 20
573.2350275991548
 10
160.90281024198762
 20
573.0857106977978
 10
160.90281024198762
 20
573.0857106977978
 10
160.72362996035923
 20
573.1603691484763
 10
160.72362996035923
 20
573.1603691484763
 10
160.88787855185194
 20
573.2350275991548
 10
160.90281024198762
 20
573.0857106977978
 10
160.72362996035923
 20
573.1603691484763
 10
160.72362996035923
 20
573.1603691484763
 10
160.72362996035923
 20
573.0707790076622
 10
160.72362996035923
 20
573.0707790076622
 10
160.90281024198762
 20
573.0857106977978
  0
LWPOLYLINE
  5
3605
330
17
100
AcDbEntity
  8
SIDEWALK_PATH
100
AcDbPolyline
 90
12
 70
1
 10
160.72362996035923
 20
573.1603691484763
 10
160.72362996035923
 20
573.0707790076622
 10
160.72362996035923
 20
573.0707790076622
 10
160.54444967873084
 20
573.1155740780692
 10
160.54444967873084
 20
573.1155740780692
 10
160.72362996035923
 20
573.1603691484763
 10
160.72362996035923
 20
573.0707790076622
 10
160.54444967873084
 20
573.1155740780692
 10
160.54444967873084
 20
573.1155740780692
 10
160.54444967873084
 20
573.0707790076622
 10
160.54444967873084
 20
573.0707790076622
 10
160.72362996035923
 20
573.0707790076622
  0
LWPOLYLINE
  5
3606
330
17
100
AcDbEntity
  8
SIDEWALK_PATH
100
AcDbPolyline
 90
12
 70
1
 10
160.54444967873084
 20
573.1155740780692
 10
160.54444967873084
 20
573.0707790076622
 10
160.54444967873084
 20
573.0707790076622
 10
160.36526939710245
 20
573.1006423879335
 10
160.36526939710245
 20
573.1006423879335
 10
160.54444967873084
 20
573.1155740780692
 10
160.54444967873084
 20
573.0707790076622
 10
160.36526939710245
 20
573.1006423879335
 10
160.36526939710245
 20
573.1006423879335
 10
160.36526939710245
 20
573.0707790076622
 10
160.36526939710245
 20
573.0707790076622
 10
160.54444967873084
 20
573.0707790076622
  0
LWPOLYLINE
  5
3607
330
17
100
AcDbEntity
  8
SIDEWALK_PATH
100
AcDbPolyline
 90
12
 70
1
 10
160.36526939710245
 20
573.0707790076622
 10
155.5423673164062
 20
572.9513254865765
 10
155.5423673164062
 20
572.9513254865765
 10
155.5423673164062
 20
573.0857106977978
 10
155.5423673164062
 20
573.0857106977978
 10
160.36526939710245
 20
573.0707790076622
 10
155.5423673164062
 20
572.9513254865765
 10
155.5423673164062
 20
573.0857106977978
 10
155.5423673164062
 20
573.0857106977978
 10
149.24123918998728
 20
573.0707790076622
 10
149.24123918998728
 20
573.0707790076622
 10
155.5423673164062
 20
572.9513254865765
  0
LWPOLYLINE
  5
3608
330
17
100
AcDbEntity
  8
SIDEWALK_PATH
100
AcDbPolyline
 90
6
 70
1
 10
160.36526939710245
 20
573.0707790076622
 10
160.36526939710245
 20
573.1006423879335
 10
160.36526939710245
 20
573.1006423879335
 10
155.5423673164062
 20
573.0857106977978
 10
155.5423673164062
 20
573.0857106977978
 10
160.36526939710245
 20
573.0707790076622
  0
LWPOLYLINE
  5
3609
330
17
100
AcDbEntity
  8
SIDEWALK_PATH
100
AcDbPolyline
 90
6
 70
1
 10
135.38472096575066
 20
475.1494317604387
 10
135.29513082493645
 20
474.7612078169105
 10
135.29513082493645
 20
474.7612078169105
 10
135.39965265588634
 20
472.6409529284875
 10
135.39965265588634
 20
472.6409529284875
 10
135.38472096575066
 20
475.1494317604387
  0
LWPOLYLINE
  5
360A
330
17
100
AcDbEntity
  8
SIDEWALK_PATH
100
AcDbPolyline
 90
12
 70
1
 10
135.29513082493645
 20
474.7612078169105
 10
135.39965265588634
 20
472.6409529284875
 10
135.39965265588634
 20
472.6409529284875
 10
135.23540406439366
 20
474.37298387338234
 10
135.23540406439366
 20
474.37298387338234
 10
135.29513082493645
 20
474.7612078169105
 10
135.39965265588634
 20
472.6409529284875
 10
135.23540406439366
 20
474.37298387338234
 10
135.23540406439366
 20
474.37298387338234
 10
135.39965265588634
 20
470.9088768727463
 10
135.39965265588634
 20
470.9088768727463
 10
135.39965265588634
 20
472.6409529284875
  0
LWPOLYLINE
  5
360B
330
17
100
AcDbEntity
  8
SIDEWALK_PATH
100
AcDbPolyline
 90
12
 70
1
 10
135.23540406439366
 20
474.37298387338234
 10
135.39965265588634
 20
470.9088768727463
 10
135.39965265588634
 20
470.9088768727463
 10
135.17567730385085
 20
473.8653064087685
 10
135.17567730385085
 20
473.8653064087685
 10
135.23540406439366
 20
474.37298387338234
 10
135.39965265588634
 20
470.9088768727463
 10
135.17567730385085
 20
473.8653064087685
 10
135.17567730385085
 20
473.8653064087685
 10
135.41458434602205
 20
469.29625433809076
 10
135.41458434602205
 20
469.29625433809076
 10
135.39965265588634
 20
470.9088768727463
  0
LWPOLYLINE
  5
360C
330
17
100
AcDbEntity
  8
SIDEWALK_PATH
100
AcDbPolyline
 90
12
 70
1
 10
135.17567730385085
 20
473.8653064087685
 10
135.41458434602205
 20
469.29625433809076
 10
135.41458434602205
 20
469.29625433809076
 10
135.16074561371516
 20
473.5666726060545
 10
135.16074561371516
 20
473.5666726060545
 10
135.17567730385085
 20
473.8653064087685
 10
135.41458434602205
 20
469.29625433809076
 10
135.16074561371516
 20
473.5666726060545
 10
135.16074561371516
 20
473.5666726060545
 10
135.41458434602205
 20
468.489943070763
 10
135.41458434602205
 20
468.489943070763
 10
135.41458434602205
 20
469.29625433809076
  0
LWPOLYLINE
  5
360D
330
17
100
AcDbEntity
  8
SIDEWALK_PATH
100
AcDbPolyline
 90
12
 70
1
 10
135.16074561371516
 20
473.5666726060545
 10
135.41458434602205
 20
468.489943070763
 10
135.41458434602205
 20
468.489943070763
 10
135.16074561371516
 20
473.44721908496894
 10
135.16074561371516
 20
473.44721908496894
 10
135.16074561371516
 20
473.5666726060545
 10
135.41458434602205
 20
468.489943070763
 10
135.16074561371516
 20
473.44721908496894
 10
135.16074561371516
 20
473.44721908496894
 10
135.41458434602205
 20
468.2510360285918
 10
135.41458434602205
 20
468.2510360285918
 10
135.41458434602205
 20
468.489943070763
  0
LWPOLYLINE
  5
360E
330
17
100
AcDbEntity
  8
SIDEWALK_PATH
100
AcDbPolyline
 90
12
 70
1
 10
135.16074561371516
 20
473.44721908496894
 10
135.31006251507216
 20
470.22201912650416
 10
135.31006251507216
 20
470.22201912650416
 10
135.14581392357945
 20
473.1187219019835
 10
135.14581392357945
 20
473.1187219019835
 10
135.16074561371516
 20
473.44721908496894
 10
135.31006251507216
 20
470.22201912650416
 10
135.14581392357945
 20
473.1187219019835
 10
135.14581392357945
 20
473.1187219019835
 10
135.23540406439366
 20
471.2075106754603
 10
135.23540406439366
 20
471.2075106754603
 10
135.31006251507216
 20
470.22201912650416
  0
LWPOLYLINE
  5
360F
330
17
100
AcDbEntity
  8
SIDEWALK_PATH
100
AcDbPolyline
 90
12
 70
1
 10
135.31006251507216
 20
470.22201912650416
 10
135.41458434602205
 20
468.2510360285918
 10
135.41458434602205
 20
468.2510360285918
 10
135.32499420520784
 20
469.49036630985483
 10
135.32499420520784
 20
469.49036630985483
 10
135.31006251507216
 20
470.22201912650416
 10
135.41458434602205
 20
468.2510360285918
 10
135.32499420520784
 20
469.49036630985483
 10
135.32499420520784
 20
469.49036630985483
 10
135.41458434602205
 20
467.5641782823496
 10
135.41458434602205
 20
467.5641782823496
 10
135.41458434602205
 20
468.2510360285918
  0
LWPOLYLINE
  5
3610
330
17
100
AcDbEntity
  8
SIDEWALK_PATH
100
AcDbPolyline
 90
12
 70
1
 10
135.14581392357945
 20
473.1187219019835
 10
135.23540406439366
 20
471.2075106754603
 10
135.23540406439366
 20
471.2075106754603
 10
135.14581392357945
 20
473.01420007103366
 10
135.14581392357945
 20
473.01420007103366
 10
135.14581392357945
 20
473.1187219019835
 10
135.23540406439366
 20
471.2075106754603
 10
135.14581392357945
 20
473.01420007103366
 10
135.14581392357945
 20
473.01420007103366
 10
135.22047237425795
 20
471.32696419654593
 10
135.22047237425795
 20
471.32696419654593
 10
135.23540406439366
 20
471.2075106754603
  0
LWPOLYLINE
  5
3611
330
17
100
AcDbEntity
  8
SIDEWALK_PATH
100
AcDbPolyline
 90
12
 70
1
 10
135.14581392357945
 20
473.01420007103366
 10
135.22047237425795
 20
471.32696419654593
 10
135.22047237425795
 20
471.32696419654593
 10
135.14581392357945
 20
472.59611274723403
 10
135.14581392357945
 20
472.59611274723403
 10
135.14581392357945
 20
473.01420007103366
 10
135.22047237425795
 20
471.32696419654593
 10
135.14581392357945
 20
472.59611274723403
 10
135.14581392357945
 20
472.59611274723403
 10
135.17567730385085
 20
471.84952824044905
 10
135.17567730385085
 20
471.84952824044905
 10
135.22047237425795
 20
471.32696419654593
  0
LWPOLYLINE
  5
3612
330
17
100
AcDbEntity
  8
SIDEWALK_PATH
100
AcDbPolyline
 90
16
 70
1
 10
135.14581392357945
 20
472.59611274723403
 10
135.14581392357945
 20
472.5812261679447
 10
135.14581392357945
 20
472.5812261679447
 10
135.17567730385085
 20
471.84952824044905
 10
135.17567730385085
 20
471.84952824044905
 10
135.14581392357945
 20
472.59611274723403
 10
135.14581392357945
 20
472.5812261679447
 10
135.17567730385085
 20
471.84952824044905
 10
135.17567730385085
 20
471.84952824044905
 10
135.14581392357945
 20
472.5812261679447
 10
135.17567730385085
 20
471.84952824044905
 10
135.14581392357945
 20
472.5812261679447
 10
135.14581392357945
 20
472.5812261679447
 10
135.14581392357945
 20
472.2527289849593
 10
135.14581392357945
 20
472.2527289849593
 10
135.17567730385085
 20
471.84952824044905
  0
LWPOLYLINE
  5
3613
330
17
100
AcDbEntity
  8
SIDEWALK_PATH
100
AcDbPolyline
 90
12
 70
1
 10
135.32499420520784
 20
469.49036630985483
 10
135.41458434602205
 20
467.5641782823496
 10
135.41458434602205
 20
467.5641782823496
 10
135.36978927561495
 20
460.93455297294526
 10
135.36978927561495
 20
460.93455297294526
 10
135.32499420520784
 20
469.49036630985483
 10
135.41458434602205
 20
467.5641782823496
 10
135.36978927561495
 20
460.93455297294526
 10
135.36978927561495
 20
460.93455297294526
 10
135.44444772629345
 20
459.5309741001895
 10
135.44444772629345
 20
459.5309741001895
 10
135.41458434602205
 20
467.5641782823496
  0
LWPOLYLINE
  5
3614
330
17
100
AcDbEntity
  8
SIDEWALK_PATH
100
AcDbPolyline
 90
12
 70
1
 10
135.44444772629345
 20
459.5309741001895
 10
135.45937941642916
 20
450.4227333391054
 10
135.45937941642916
 20
450.4227333391054
 10
135.44444772629345
 20
450.91547911358344
 10
135.44444772629345
 20
450.91547911358344
 10
135.44444772629345
 20
459.5309741001895
 10
135.45937941642916
 20
450.4227333391054
 10
135.44444772629345
 20
450.91547911358344
 10
135.44444772629345
 20
450.91547911358344
 10
135.44444772629345
 20
450.48246009964816
 10
135.44444772629345
 20
450.48246009964816
 10
135.45937941642916
 20
450.4227333391054
  0
LWPOLYLINE
  5
3615
330
17
100
AcDbEntity
  8
SIDEWALK_PATH
100
AcDbPolyline
 90
6
 70
1
 10
135.44444772629345
 20
459.5309741001895
 10
135.36978927561495
 20
460.93455297294526
 10
135.36978927561495
 20
460.93455297294526
 10
135.44444772629345
 20
450.91547911358344
 10
135.44444772629345
 20
450.91547911358344
 10
135.44444772629345
 20
459.5309741001895
  0
LWPOLYLINE
  5
3616
330
17
100
AcDbEntity
  8
SIDEWALK_PATH
100
AcDbPolyline
 90
6
 70
1
 10
135.48924279670055
 20
440.0601854957761
 10
135.39965265588634
 20
439.62716648184085
 10
135.39965265588634
 20
439.62716648184085
 10
135.50417448683626
 20
437.4770482131464
 10
135.50417448683626
 20
437.4770482131464
 10
135.48924279670055
 20
440.0601854957761
  0
LWPOLYLINE
  5
3617
330
17
100
AcDbEntity
  8
SIDEWALK_PATH
100
AcDbPolyline
 90
12
 70
1
 10
135.39965265588634
 20
439.62716648184085
 10
135.50417448683626
 20
437.4770482131464
 10
135.50417448683626
 20
437.4770482131464
 10
135.54896955724334
 20
420.1713095675632
 10
135.54896955724334
 20
420.1713095675632
 10
135.39965265588634
 20
439.62716648184085
 10
135.50417448683626
 20
437.4770482131464
 10
135.54896955724334
 20
420.1713095675632
 10
135.54896955724334
 20
420.1713095675632
 10
135.57883293751476
 20
419.5591102719995
 10
135.57883293751476
 20
419.5591102719995
 10
135.50417448683626
 20
437.4770482131464
  0
LWPOLYLINE
  5
3618
330
17
100
AcDbEntity
  8
SIDEWALK_PATH
100
AcDbPolyline
 90
12
 70
1
 10
135.54896955724334
 20
420.1713095675632
 10
135.57883293751476
 20
419.5591102719995
 10
135.57883293751476
 20
419.5591102719995
 10
135.56390124737905
 20
415.60225749688544
 10
135.56390124737905
 20
415.60225749688544
 10
135.54896955724334
 20
420.1713095675632
 10
135.57883293751476
 20
419.5591102719995
 10
135.56390124737905
 20
415.60225749688544
 10
135.56390124737905
 20
415.60225749688544
 10
135.59376462765044
 20
415.1841701730858
 10
135.59376462765044
 20
415.1841701730858
 10
135.57883293751476
 20
419.5591102719995
  0
LWPOLYLINE
  5
3619
330
17
100
AcDbEntity
  8
SIDEWALK_PATH
100
AcDbPolyline
 90
6
 70
1
 10
135.59376462765044
 20
415.1841701730858
 10
135.56390124737905
 20
415.60225749688544
 10
135.56390124737905
 20
415.60225749688544
 10
135.59376462765044
 20
411.37663429932877
 10
135.59376462765044
 20
411.37663429932877
 10
135.59376462765044
 20
415.1841701730858
  0
LWPOLYLINE
  5
361A
330
17
100
AcDbEntity
  8
SIDEWALK_PATH
100
AcDbPolyline
 90
6
 70
1
 10
136.57924489889504
 20
239.88730086197637
 10
136.53446110619953
 20
239.88730086197637
 10
136.53446110619953
 20
239.88730086197637
 10
136.57924489889504
 20
239.1407163551914
 10
136.57924489889504
 20
239.1407163551914
 10
136.57924489889504
 20
239.88730086197637
  0
LWPOLYLINE
  5
361B
330
17
100
AcDbEntity
  8
SIDEWALK_PATH
100
AcDbPolyline
 90
12
 70
1
 10
136.53446110619953
 20
239.88730086197637
 10
136.57924489889504
 20
239.1407163551914
 10
136.57924489889504
 20
239.1407163551914
 10
136.51952941606382
 20
226.98641080642452
 10
136.51952941606382
 20
226.98641080642452
 10
136.53446110619953
 20
239.88730086197637
 10
136.57924489889504
 20
239.1407163551914
 10
136.51952941606382
 20
226.98641080642452
 10
136.51952941606382
 20
226.98641080642452
 10
136.60910827916643
 20
225.17967630000487
 10
136.60910827916643
 20
225.17967630000487
 10
136.57924489889504
 20
239.1407163551914
  0
LWPOLYLINE
  5
361C
330
17
100
AcDbEntity
  8
SIDEWALK_PATH
100
AcDbPolyline
 90
12
 70
1
 10
136.51952941606382
 20
226.98641080642452
 10
136.60910827916643
 20
225.17967630000487
 10
136.60910827916643
 20
225.17967630000487
 10
136.51952941606382
 20
225.09008615919066
 10
136.51952941606382
 20
225.09008615919066
 10
136.51952941606382
 20
226.98641080642452
 10
136.60910827916643
 20
225.17967630000487
 10
136.51952941606382
 20
225.09008615919066
 10
136.51952941606382
 20
225.09008615919066
 10
136.62403996930215
 20
222.99969465103905
 10
136.62403996930215
 20
222.99969465103905
 10
136.60910827916643
 20
225.17967630000487
  0
LWPOLYLINE
  5
361D
330
17
100
AcDbEntity
  8
SIDEWALK_PATH
100
AcDbPolyline
 90
12
 70
1
 10
136.51952941606382
 20
225.09008615919066
 10
136.62403996930215
 20
222.99969465103905
 10
136.62403996930215
 20
222.99969465103905
 10
136.62403996930215
 20
210.96479751251144
 10
136.62403996930215
 20
210.96479751251144
 10
136.51952941606382
 20
225.09008615919066
 10
136.62403996930215
 20
222.99969465103905
 10
136.62403996930215
 20
210.96479751251144
 10
136.62403996930215
 20
210.96479751251144
 10
136.68376672984493
 20
209.6956489618233
 10
136.68376672984493
 20
209.6956489618233
 10
136.62403996930215
 20
222.99969465103905
  0
LWPOLYLINE
  5
361E
330
17
100
AcDbEntity
  8
SIDEWALK_PATH
100
AcDbPolyline
 90
12
 70
1
 10
136.62403996930215
 20
210.96479751251144
 10
136.68376672984493
 20
209.6956489618233
 10
136.68376672984493
 20
209.6956489618233
 10
136.62403996930215
 20
210.4720968488797
 10
136.62403996930215
 20
210.4720968488797
 10
136.62403996930215
 20
210.96479751251144
 10
136.68376672984493
 20
209.6956489618233
 10
136.62403996930215
 20
210.4720968488797
 10
136.62403996930215
 20
210.4720968488797
 10
136.68376672984493
 20
209.2327665676166
 10
136.68376672984493
 20
209.2327665676166
 10
136.68376672984493
 20
209.6956489618233
  0
LWPOLYLINE
  5
361F
330
17
100
AcDbEntity
  8
SIDEWALK_PATH
100
AcDbPolyline
 90
12
 70
1
 10
136.68376672984493
 20
209.2327665676166
 10
136.68376672984493
 20
209.17303980707382
 10
136.68376672984493
 20
209.17303980707382
 10
136.62403996930215
 20
210.4123700883369
 10
136.62403996930215
 20
210.4123700883369
 10
136.68376672984493
 20
209.2327665676166
 10
136.68376672984493
 20
209.17303980707382
 10
136.62403996930215
 20
210.4123700883369
 10
136.62403996930215
 20
210.4123700883369
 10
136.63897165943783
 20
209.3820834689736
 10
136.63897165943783
 20
209.3820834689736
 10
136.68376672984493
 20
209.17303980707382
  0
LWPOLYLINE
  5
3620
330
17
100
AcDbEntity
  8
SIDEWALK_PATH
100
AcDbPolyline
 90
6
 70
1
 10
136.68376672984493
 20
209.2327665676166
 10
136.62403996930215
 20
210.4720968488797
 10
136.62403996930215
 20
210.4720968488797
 10
136.62403996930215
 20
210.4123700883369
 10
136.62403996930215
 20
210.4123700883369
 10
136.68376672984493
 20
209.2327665676166
  0
LWPOLYLINE
  5
3621
330
17
100
AcDbEntity
  8
SIDEWALK_PATH
100
AcDbPolyline
 90
6
 70
1
 10
200.99412759126324
 20
501.5484794769704
 10
200.82987899977056
 20
501.8620449698201
 10
200.82987899977056
 20
501.8620449698201
 10
200.84481068990624
 20
501.5484794769704
 10
200.84481068990624
 20
501.5484794769704
 10
200.99412759126324
 20
501.5484794769704
  0
LWPOLYLINE
  5
3622
330
17
100
AcDbEntity
  8
SIDEWALK_PATH
100
AcDbPolyline
 90
12
 70
1
 10
200.82987899977056
 20
501.8620449698201
 10
200.84481068990624
 20
501.5484794769704
 10
200.84481068990624
 20
501.5484794769704
 10
200.08329449298557
 20
503.20589708203306
 10
200.08329449298557
 20
503.20589708203306
 10
200.82987899977056
 20
501.8620449698201
 10
200.84481068990624
 20
501.5484794769704
 10
200.08329449298557
 20
503.20589708203306
 10
200.08329449298557
 20
503.20589708203306
 10
200.09822618312128
 20
503.10137525108314
 10
200.09822618312128
 20
503.10137525108314
 10
200.84481068990624
 20
501.5484794769704
  0
LWPOLYLINE
  5
3623
330
17
100
AcDbEntity
  8
SIDEWALK_PATH
100
AcDbPolyline
 90
12
 70
1
 10
200.08329449298557
 20
503.20589708203306
 10
200.09822618312128
 20
503.10137525108314
 10
200.09822618312128
 20
503.10137525108314
 10
200.06836280284986
 20
503.26562384257585
 10
200.06836280284986
 20
503.26562384257585
 10
200.08329449298557
 20
503.20589708203306
 10
200.09822618312128
 20
503.10137525108314
 10
200.06836280284986
 20
503.26562384257585
 10
200.06836280284986
 20
503.26562384257585
 10
200.06836280284986
 20
503.1461703214902
 10
200.06836280284986
 20
503.1461703214902
 10
200.09822618312128
 20
503.10137525108314
  0
LWPOLYLINE
  5
3624
330
17
100
AcDbEntity
  8
SIDEWALK_PATH
100
AcDbPolyline
 90
12
 70
1
 10
200.06836280284986
 20
503.26562384257585
 10
200.06836280284986
 20
503.1461703214902
 10
200.06836280284986
 20
503.1461703214902
 10
199.99370435217136
 20
503.3701456735257
 10
199.99370435217136
 20
503.3701456735257
 10
200.06836280284986
 20
503.26562384257585
 10
200.06836280284986
 20
503.1461703214902
 10
199.99370435217136
 20
503.3701456735257
 10
199.99370435217136
 20
503.3701456735257
 10
200.00863604230707
 20
503.25069215244014
 10
200.00863604230707
 20
503.25069215244014
 10
200.06836280284986
 20
503.1461703214902
  0
LWPOLYLINE
  5
3625
330
17
100
AcDbEntity
  8
SIDEWALK_PATH
100
AcDbPolyline
 90
12
 70
1
 10
199.99370435217136
 20
503.3701456735257
 10
200.00863604230707
 20
503.25069215244014
 10
200.00863604230707
 20
503.25069215244014
 10
199.36659592189514
 20
504.4452273632961
 10
199.36659592189514
 20
504.4452273632961
 10
199.99370435217136
 20
503.3701456735257
 10
200.00863604230707
 20
503.25069215244014
 10
199.36659592189514
 20
504.4452273632961
 10
199.36659592189514
 20
504.4452273632961
 10
199.36659592189514
 20
504.3556372224819
 10
199.36659592189514
 20
504.3556372224819
 10
200.00863604230707
 20
503.25069215244014
  0
LWPOLYLINE
  5
3626
330
17
100
AcDbEntity
  8
SIDEWALK_PATH
100
AcDbPolyline
 90
12
 70
1
 10
199.36659592189514
 20
504.4452273632961
 10
199.36659592189514
 20
504.3556372224819
 10
199.36659592189514
 20
504.3556372224819
 10
199.35166423175946
 20
504.4601590534318
 10
199.35166423175946
 20
504.4601590534318
 10
199.36659592189514
 20
504.4452273632961
 10
199.36659592189514
 20
504.3556372224819
 10
199.35166423175946
 20
504.4601590534318
 10
199.35166423175946
 20
504.4601590534318
 10
199.35166423175946
 20
504.3705689126176
 10
199.35166423175946
 20
504.3705689126176
 10
199.36659592189514
 20
504.3556372224819
  0
LWPOLYLINE
  5
3627
330
17
100
AcDbEntity
  8
SIDEWALK_PATH
100
AcDbPolyline
 90
12
 70
1
 10
199.35166423175946
 20
504.4601590534318
 10
199.35166423175946
 20
504.3705689126176
 10
199.35166423175946
 20
504.3705689126176
 10
198.66480648551726
 20
505.53524074320217
 10
198.66480648551726
 20
505.53524074320217
 10
199.35166423175946
 20
504.4601590534318
 10
199.35166423175946
 20
504.3705689126176
 10
198.66480648551726
 20
505.53524074320217
 10
198.66480648551726
 20
505.53524074320217
 10
198.67973817565297
 20
505.46053718167735
 10
198.67973817565297
 20
505.46053718167735
 10
199.35166423175946
 20
504.3705689126176
  0
LWPOLYLINE
  5
3628
330
17
100
AcDbEntity
  8
SIDEWALK_PATH
100
AcDbPolyline
 90
12
 70
1
 10
198.66480648551726
 20
505.53524074320217
 10
198.67973817565297
 20
505.46053718167735
 10
198.67973817565297
 20
505.46053718167735
 10
198.62001141511016
 20
505.60985408303435
 10
198.62001141511016
 20
505.60985408303435
 10
198.66480648551726
 20
505.53524074320217
 10
198.67973817565297
 20
505.46053718167735
 10
198.62001141511016
 20
505.60985408303435
 10
198.62001141511016
 20
505.60985408303435
 10
198.62001141511016
 20
505.55012732249156
 10
198.62001141511016
 20
505.55012732249156
 10
198.67973817565297
 20
505.46053718167735
  0
LWPOLYLINE
  5
3629
330
17
100
AcDbEntity
  8
SIDEWALK_PATH
100
AcDbPolyline
 90
12
 70
1
 10
198.62001141511016
 20
505.60985408303435
 10
198.62001141511016
 20
505.55012732249156
 10
198.62001141511016
 20
505.55012732249156
 10
197.96301704913938
 20
506.59534563199054
 10
197.96301704913938
 20
506.59534563199054
 10
198.62001141511016
 20
505.60985408303435
 10
198.62001141511016
 20
505.55012732249156
 10
197.96301704913938
 20
506.59534563199054
 10
197.96301704913938
 20
506.59534563199054
 10
197.96301704913938
 20
506.52068718131204
 10
197.96301704913938
 20
506.52068718131204
 10
198.62001141511016
 20
505.55012732249156
  0
LWPOLYLINE
  5
362A
330
17
100
AcDbEntity
  8
SIDEWALK_PATH
100
AcDbPolyline
 90
12
 70
1
 10
197.96301704913938
 20
506.59534563199054
 10
197.96301704913938
 20
506.52068718131204
 10
197.96301704913938
 20
506.52068718131204
 10
197.84356352805378
 20
506.75959422348325
 10
197.84356352805378
 20
506.75959422348325
 10
197.96301704913938
 20
506.59534563199054
 10
197.96301704913938
 20
506.52068718131204
 10
197.84356352805378
 20
506.75959422348325
 10
197.84356352805378
 20
506.75959422348325
 10
197.84356352805378
 20
506.69986746294046
 10
197.84356352805378
 20
506.69986746294046
 10
197.96301704913938
 20
506.52068718131204
  0
LWPOLYLINE
  5
362B
330
17
100
AcDbEntity
  8
SIDEWALK_PATH
100
AcDbPolyline
 90
12
 70
1
 10
197.84356352805378
 20
506.75959422348325
 10
197.84356352805378
 20
506.69986746294046
 10
197.84356352805378
 20
506.69986746294046
 10
197.5299980352041
 20
507.22247661768995
 10
197.5299980352041
 20
507.22247661768995
 10
197.84356352805378
 20
506.75959422348325
 10
197.84356352805378
 20
506.69986746294046
 10
197.5299980352041
 20
507.22247661768995
 10
197.5299980352041
 20
507.22247661768995
 10
197.5299980352041
 20
507.14781816701145
 10
197.5299980352041
 20
507.14781816701145
 10
197.84356352805378
 20
506.69986746294046
  0
LWPOLYLINE
  5
362C
330
17
100
AcDbEntity
  8
SIDEWALK_PATH
100
AcDbPolyline
 90
12
 70
1
 10
197.5299980352041
 20
507.22247661768995
 10
197.5299980352041
 20
507.14781816701145
 10
197.5299980352041
 20
507.14781816701145
 10
197.2313642324901
 20
507.6256322513538
 10
197.2313642324901
 20
507.6256322513538
 10
197.5299980352041
 20
507.22247661768995
 10
197.5299980352041
 20
507.14781816701145
 10
197.2313642324901
 20
507.6256322513538
 10
197.2313642324901
 20
507.6256322513538
 10
197.2313642324901
 20
507.565905490811
 10
197.2313642324901
 20
507.565905490811
 10
197.5299980352041
 20
507.14781816701145
  0
LWPOLYLINE
  5
362D
330
17
100
AcDbEntity
  8
SIDEWALK_PATH
100
AcDbPolyline
 90
12
 70
1
 10
197.2313642324901
 20
507.6256322513538
 10
197.2313642324901
 20
507.565905490811
 10
197.2313642324901
 20
507.565905490811
 10
197.0223205705903
 20
507.8794709836607
 10
197.0223205705903
 20
507.8794709836607
 10
197.2313642324901
 20
507.6256322513538
 10
197.2313642324901
 20
507.565905490811
 10
197.0223205705903
 20
507.8794709836607
 10
197.0223205705903
 20
507.8794709836607
 10
197.0223205705903
 20
507.8346759132536
 10
197.0223205705903
 20
507.8346759132536
 10
197.2313642324901
 20
507.565905490811
  0
LWPOLYLINE
  5
362E
330
17
100
AcDbEntity
  8
SIDEWALK_PATH
100
AcDbPolyline
 90
12
 70
1
 10
197.0223205705903
 20
507.8794709836607
 10
197.0223205705903
 20
507.8346759132536
 10
197.0223205705903
 20
507.8346759132536
 10
196.45491634543373
 20
508.6409871805814
 10
196.45491634543373
 20
508.6409871805814
 10
197.0223205705903
 20
507.8794709836607
 10
197.0223205705903
 20
507.8346759132536
 10
196.45491634543373
 20
508.6409871805814
 10
196.45491634543373
 20
508.6409871805814
 10
196.4698480355694
 20
508.5663287299029
 10
196.4698480355694
 20
508.5663287299029
 10
197.0223205705903
 20
507.8346759132536
  0
LWPOLYLINE
  5
362F
330
17
100
AcDbEntity
  8
SIDEWALK_PATH
100
AcDbPolyline
 90
12
 70
1
 10
196.45491634543373
 20
508.6409871805814
 10
196.4698480355694
 20
508.5663287299029
 10
196.4698480355694
 20
508.5663287299029
 10
196.17121423285542
 20
508.9993477438382
 10
196.17121423285542
 20
508.9993477438382
 10
196.45491634543373
 20
508.6409871805814
 10
196.4698480355694
 20
508.5663287299029
 10
196.17121423285542
 20
508.9993477438382
 10
196.17121423285542
 20
508.9993477438382
 10
196.17121423285542
 20
508.93962098329536
 10
196.17121423285542
 20
508.93962098329536
 10
196.4698480355694
 20
508.5663287299029
  0
LWPOLYLINE
  5
3630
330
17
100
AcDbEntity
  8
SIDEWALK_PATH
100
AcDbPolyline
 90
12
 70
1
 10
196.17121423285542
 20
508.9993477438382
 10
196.17121423285542
 20
508.93962098329536
 10
196.17121423285542
 20
508.93962098329536
 10
195.6635593236648
 20
509.62647872953755
 10
195.6635593236648
 20
509.62647872953755
 10
196.17121423285542
 20
508.9993477438382
 10
196.17121423285542
 20
508.93962098329536
 10
195.6635593236648
 20
509.62647872953755
 10
195.6635593236648
 20
509.62647872953755
 10
195.6784910138005
 20
509.55182027885905
 10
195.6784910138005
 20
509.55182027885905
 10
196.17121423285542
 20
508.93962098329536
  0
LWPOLYLINE
  5
3631
330
17
100
AcDbEntity
  8
SIDEWALK_PATH
100
AcDbPolyline
 90
12
 70
1
 10
195.6635593236648
 20
509.62647872953755
 10
195.6784910138005
 20
509.55182027885905
 10
195.6784910138005
 20
509.55182027885905
 10
195.2753353801366
 20
510.08936112374425
 10
195.2753353801366
 20
510.08936112374425
 10
195.6635593236648
 20
509.62647872953755
 10
195.6784910138005
 20
509.55182027885905
 10
195.2753353801366
 20
510.08936112374425
 10
195.2753353801366
 20
510.08936112374425
 10
195.2753353801366
 20
510.02963436320147
 10
195.2753353801366
 20
510.02963436320147
 10
195.6784910138005
 20
509.55182027885905
  0
LWPOLYLINE
  5
3632
330
17
100
AcDbEntity
  8
SIDEWALK_PATH
100
AcDbPolyline
 90
12
 70
1
 10
195.2753353801366
 20
510.08936112374425
 10
195.2753353801366
 20
510.02963436320147
 10
195.2753353801366
 20
510.02963436320147
 10
194.85724805633703
 20
510.59703858835803
 10
194.85724805633703
 20
510.59703858835803
 10
195.2753353801366
 20
510.08936112374425
 10
195.2753353801366
 20
510.02963436320147
 10
194.85724805633703
 20
510.59703858835803
 10
194.85724805633703
 20
510.59703858835803
 10
194.85724805633703
 20
510.5074484475438
 10
194.85724805633703
 20
510.5074484475438
 10
195.2753353801366
 20
510.02963436320147
  0
LWPOLYLINE
  5
3633
330
17
100
AcDbEntity
  8
SIDEWALK_PATH
100
AcDbPolyline
 90
12
 70
1
 10
194.85724805633703
 20
510.59703858835803
 10
194.85724805633703
 20
510.5074484475438
 10
194.85724805633703
 20
510.5074484475438
 10
194.34957059172322
 20
511.14951112337894
 10
194.34957059172322
 20
511.14951112337894
 10
194.85724805633703
 20
510.59703858835803
 10
194.85724805633703
 20
510.5074484475438
 10
194.34957059172322
 20
511.14951112337894
 10
194.34957059172322
 20
511.14951112337894
 10
194.34957059172322
 20
511.07485267270044
 10
194.34957059172322
 20
511.07485267270044
 10
194.85724805633703
 20
510.5074484475438
  0
LWPOLYLINE
  5
3634
330
17
100
AcDbEntity
  8
SIDEWALK_PATH
100
AcDbPolyline
 90
12
 70
1
 10
194.34957059172322
 20
511.14951112337894
 10
194.34957059172322
 20
511.07485267270044
 10
194.34957059172322
 20
511.07485267270044
 10
194.00614171860215
 20
511.5376899560608
 10
194.00614171860215
 20
511.5376899560608
 10
194.34957059172322
 20
511.14951112337894
 10
194.34957059172322
 20
511.07485267270044
 10
194.00614171860215
 20
511.5376899560608
 10
194.00614171860215
 20
511.5376899560608
 10
194.00614171860215
 20
511.46307661622865
 10
194.00614171860215
 20
511.46307661622865
 10
194.34957059172322
 20
511.07485267270044
  0
LWPOLYLINE
  5
3635
330
17
100
AcDbEntity
  8
SIDEWALK_PATH
100
AcDbPolyline
 90
12
 70
1
 10
194.00614171860215
 20
511.46307661622865
 10
193.84189312710944
 20
511.642256897857
 10
193.84189312710944
 20
511.642256897857
 10
193.84189312710944
 20
511.7168702376892
 10
193.84189312710944
 20
511.7168702376892
 10
194.00614171860215
 20
511.46307661622865
 10
193.84189312710944
 20
511.642256897857
 10
193.84189312710944
 20
511.7168702376892
 10
193.84189312710944
 20
511.7168702376892
 10
193.34914735263135
 20
512.239524503285
 10
193.34914735263135
 20
512.239524503285
 10
193.84189312710944
 20
511.642256897857
  0
LWPOLYLINE
  5
3636
330
17
100
AcDbEntity
  8
SIDEWALK_PATH
100
AcDbPolyline
 90
6
 70
1
 10
194.00614171860215
 20
511.46307661622865
 10
194.00614171860215
 20
511.5376899560608
 10
194.00614171860215
 20
511.5376899560608
 10
193.84189312710944
 20
511.7168702376892
 10
193.84189312710944
 20
511.7168702376892
 10
194.00614171860215
 20
511.46307661622865
  0
LWPOLYLINE
  5
3637
330
17
100
AcDbEntity
  8
SIDEWALK_PATH
100
AcDbPolyline
 90
10
 70
1
 10
202.96508813375243
 20
496.7255886739857
 10
202.99495151402385
 20
496.6210668430358
 10
202.99495151402385
 20
496.6210668430358
 10
202.96508813375243
 20
496.7255886739857
 10
202.99495151402385
 20
496.6210668430358
 10
202.96508813375243
 20
496.7255886739857
 10
202.96508813375243
 20
496.7255886739857
 10
202.96508813375243
 20
496.71065698385
 10
202.96508813375243
 20
496.71065698385
 10
202.99495151402385
 20
496.6210668430358
  0
LWPOLYLINE
  5
3638
330
17
100
AcDbEntity
  8
SIDEWALK_PATH
100
AcDbPolyline
 90
12
 70
1
 10
202.96508813375243
 20
496.7255886739857
 10
202.96508813375243
 20
496.71065698385
 10
202.96508813375243
 20
496.71065698385
 10
202.74113533714012
 20
497.4124464202279
 10
202.74113533714012
 20
497.4124464202279
 10
202.96508813375243
 20
496.7255886739857
 10
202.96508813375243
 20
496.71065698385
 10
202.74113533714012
 20
497.4124464202279
 10
202.74113533714012
 20
497.4124464202279
 10
202.74113533714012
 20
497.3228562794137
 10
202.74113533714012
 20
497.3228562794137
 10
202.96508813375243
 20
496.71065698385
  0
LWPOLYLINE
  5
3639
330
17
100
AcDbEntity
  8
SIDEWALK_PATH
100
AcDbPolyline
 90
12
 70
1
 10
202.74113533714012
 20
497.4124464202279
 10
202.74113533714012
 20
497.3228562794137
 10
202.74113533714012
 20
497.3228562794137
 10
202.5320916752403
 20
497.9649189552488
 10
202.5320916752403
 20
497.9649189552488
 10
202.74113533714012
 20
497.4124464202279
 10
202.74113533714012
 20
497.3228562794137
 10
202.5320916752403
 20
497.9649189552488
 10
202.5320916752403
 20
497.9649189552488
 10
202.5320916752403
 20
497.87532881443457
 10
202.5320916752403
 20
497.87532881443457
 10
202.74113533714012
 20
497.3228562794137
  0
LWPOLYLINE
  5
363A
330
17
100
AcDbEntity
  8
SIDEWALK_PATH
100
AcDbPolyline
 90
12
 70
1
 10
202.5320916752403
 20
497.9649189552488
 10
202.5320916752403
 20
497.87532881443457
 10
202.5320916752403
 20
497.87532881443457
 10
202.06920928103364
 20
499.23406750593693
 10
202.06920928103364
 20
499.23406750593693
 10
202.5320916752403
 20
497.9649189552488
 10
202.5320916752403
 20
497.87532881443457
 10
202.06920928103364
 20
499.23406750593693
 10
202.06920928103364
 20
499.23406750593693
 10
202.06920928103364
 20
499.02502384403715
 10
202.06920928103364
 20
499.02502384403715
 10
202.5320916752403
 20
497.87532881443457
  0
LWPOLYLINE
  5
363B
330
17
100
AcDbEntity
  8
SIDEWALK_PATH
100
AcDbPolyline
 90
12
 70
1
 10
202.06920928103364
 20
499.23406750593693
 10
202.06920928103364
 20
499.02502384403715
 10
202.06920928103364
 20
499.02502384403715
 10
202.00948252049082
 20
499.38338440729393
 10
202.00948252049082
 20
499.38338440729393
 10
202.06920928103364
 20
499.23406750593693
 10
202.06920928103364
 20
499.02502384403715
 10
202.00948252049082
 20
499.38338440729393
 10
202.00948252049082
 20
499.38338440729393
 10
202.02441421062653
 20
499.1295907858334
 10
202.02441421062653
 20
499.1295907858334
 10
202.06920928103364
 20
499.02502384403715
  0
LWPOLYLINE
  5
363C
330
17
100
AcDbEntity
  8
SIDEWALK_PATH
100
AcDbPolyline
 90
12
 70
1
 10
202.02441421062653
 20
499.1295907858334
 10
201.71084871777683
 20
499.78654004095785
 10
201.71084871777683
 20
499.78654004095785
 10
201.68098533750543
 20
500.2792858154359
 10
201.68098533750543
 20
500.2792858154359
 10
202.02441421062653
 20
499.1295907858334
 10
201.71084871777683
 20
499.78654004095785
 10
201.68098533750543
 20
500.2792858154359
 10
201.68098533750543
 20
500.2792858154359
 10
201.45700998546994
 20
500.2792858154359
 10
201.45700998546994
 20
500.2792858154359
 10
201.71084871777683
 20
499.78654004095785
  0
LWPOLYLINE
  5
363D
330
17
100
AcDbEntity
  8
SIDEWALK_PATH
100
AcDbPolyline
 90
6
 70
1
 10
202.02441421062653
 20
499.1295907858334
 10
202.00948252049082
 20
499.38338440729393
 10
202.00948252049082
 20
499.38338440729393
 10
201.68098533750543
 20
500.2792858154359
 10
201.68098533750543
 20
500.2792858154359
 10
202.02441421062653
 20
499.1295907858334
  0
LWPOLYLINE
  5
363E
330
17
100
AcDbEntity
  8
SIDEWALK_PATH
100
AcDbPolyline
 90
6
 70
1
 10
145.881631464878
 20
494.3365182522738
 10
145.8368363944709
 20
494.4858351536308
 10
145.8368363944709
 20
494.4858351536308
 10
145.8368363944709
 20
494.32158656213807
 10
145.8368363944709
 20
494.32158656213807
 10
145.881631464878
 20
494.3365182522738
  0
LWPOLYLINE
  5
363F
330
17
100
AcDbEntity
  8
SIDEWALK_PATH
100
AcDbPolyline
 90
12
 70
1
 10
145.8368363944709
 20
494.4858351536308
 10
145.8368363944709
 20
494.32158656213807
 10
145.8368363944709
 20
494.32158656213807
 10
145.70245118324962
 20
494.45597177335935
 10
145.70245118324962
 20
494.45597177335935
 10
145.8368363944709
 20
494.4858351536308
 10
145.8368363944709
 20
494.32158656213807
 10
145.70245118324962
 20
494.45597177335935
 10
145.70245118324962
 20
494.45597177335935
 10
145.70245118324962
 20
494.276791491731
 10
145.70245118324962
 20
494.276791491731
 10
145.8368363944709
 20
494.32158656213807
  0
LWPOLYLINE
  5
3640
330
17
100
AcDbEntity
  8
SIDEWALK_PATH
100
AcDbPolyline
 90
12
 70
1
 10
145.70245118324962
 20
494.45597177335935
 10
145.70245118324962
 20
494.276791491731
 10
145.70245118324962
 20
494.276791491731
 10
145.5382025917569
 20
494.39624501281656
 10
145.5382025917569
 20
494.39624501281656
 10
145.70245118324962
 20
494.45597177335935
 10
145.70245118324962
 20
494.276791491731
 10
145.5382025917569
 20
494.39624501281656
 10
145.5382025917569
 20
494.39624501281656
 10
145.5382025917569
 20
494.17226966078107
 10
145.5382025917569
 20
494.17226966078107
 10
145.70245118324962
 20
494.276791491731
  0
LWPOLYLINE
  5
3641
330
17
100
AcDbEntity
  8
SIDEWALK_PATH
100
AcDbPolyline
 90
12
 70
1
 10
145.5382025917569
 20
494.39624501281656
 10
145.5382025917569
 20
494.17226966078107
 10
145.5382025917569
 20
494.17226966078107
 10
145.38888569039992
 20
494.3514499424095
 10
145.38888569039992
 20
494.3514499424095
 10
145.5382025917569
 20
494.39624501281656
 10
145.5382025917569
 20
494.17226966078107
 10
145.38888569039992
 20
494.3514499424095
 10
145.38888569039992
 20
494.3514499424095
 10
145.40381738053563
 20
494.0528161396955
 10
145.40381738053563
 20
494.0528161396955
 10
145.5382025917569
 20
494.17226966078107
  0
LWPOLYLINE
  5
3642
330
17
100
AcDbEntity
  8
SIDEWALK_PATH
100
AcDbPolyline
 90
12
 70
1
 10
145.38888569039992
 20
494.3514499424095
 10
145.40381738053563
 20
494.0528161396955
 10
145.40381738053563
 20
494.0528161396955
 10
145.26943216931434
 20
494.32158656213807
 10
145.26943216931434
 20
494.32158656213807
 10
145.38888569039992
 20
494.3514499424095
 10
145.40381738053563
 20
494.0528161396955
 10
145.26943216931434
 20
494.32158656213807
 10
145.26943216931434
 20
494.32158656213807
 10
145.28436385945002
 20
493.9034992383385
 10
145.28436385945002
 20
493.9034992383385
 10
145.40381738053563
 20
494.0528161396955
  0
LWPOLYLINE
  5
3643
330
17
100
AcDbEntity
  8
SIDEWALK_PATH
100
AcDbPolyline
 90
12
 70
1
 10
145.26943216931434
 20
494.32158656213807
 10
145.28436385945002
 20
493.9034992383385
 10
145.28436385945002
 20
493.9034992383385
 10
145.17984202850013
 20
494.2917231818667
 10
145.17984202850013
 20
494.2917231818667
 10
145.26943216931434
 20
494.32158656213807
 10
145.28436385945002
 20
493.9034992383385
 10
145.17984202850013
 20
494.2917231818667
 10
145.17984202850013
 20
494.2917231818667
 10
145.19477371863584
 20
493.7392506468458
 10
145.19477371863584
 20
493.7392506468458
 10
145.28436385945002
 20
493.9034992383385
  0
LWPOLYLINE
  5
3644
330
17
100
AcDbEntity
  8
SIDEWALK_PATH
100
AcDbPolyline
 90
12
 70
1
 10
145.17984202850013
 20
494.2917231818667
 10
145.19477371863584
 20
493.7392506468458
 10
145.19477371863584
 20
493.7392506468458
 10
145.10518357782163
 20
494.276791491731
 10
145.10518357782163
 20
494.276791491731
 10
145.17984202850013
 20
494.2917231818667
 10
145.19477371863584
 20
493.7392506468458
 10
145.10518357782163
 20
494.276791491731
 10
145.10518357782163
 20
494.276791491731
 10
145.14997864822874
 20
493.56007036521737
 10
145.14997864822874
 20
493.56007036521737
 10
145.19477371863584
 20
493.7392506468458
  0
LWPOLYLINE
  5
3645
330
17
100
AcDbEntity
  8
SIDEWALK_PATH
100
AcDbPolyline
 90
12
 70
1
 10
145.10518357782163
 20
494.276791491731
 10
145.14997864822874
 20
493.56007036521737
 10
145.14997864822874
 20
493.56007036521737
 10
145.09025188768595
 20
494.2618598015953
 10
145.09025188768595
 20
494.2618598015953
 10
145.10518357782163
 20
494.276791491731
 10
145.14997864822874
 20
493.56007036521737
 10
145.09025188768595
 20
494.2618598015953
 10
145.09025188768595
 20
494.2618598015953
 10
145.12011526795735
 20
493.56007036521737
 10
145.12011526795735
 20
493.56007036521737
 10
145.14997864822874
 20
493.56007036521737
  0
LWPOLYLINE
  5
3646
330
17
100
AcDbEntity
  8
SIDEWALK_PATH
100
AcDbPolyline
 90
12
 70
1
 10
145.09025188768595
 20
494.2618598015953
 10
145.12011526795735
 20
493.56007036521737
 10
145.12011526795735
 20
493.56007036521737
 10
144.97079836660035
 20
494.23199642132386
 10
144.97079836660035
 20
494.23199642132386
 10
145.09025188768595
 20
494.2618598015953
 10
145.12011526795735
 20
493.56007036521737
 10
144.97079836660035
 20
494.23199642132386
 10
144.97079836660035
 20
494.23199642132386
 10
145.12011526795735
 20
491.260635195166
 10
145.12011526795735
 20
491.260635195166
 10
145.12011526795735
 20
493.56007036521737
  0
LWPOLYLINE
  5
3647
330
17
100
AcDbEntity
  8
SIDEWALK_PATH
100
AcDbPolyline
 90
12
 70
1
 10
144.97079836660035
 20
494.23199642132386
 10
145.12011526795735
 20
491.260635195166
 10
145.12011526795735
 20
491.260635195166
 10
144.31381527834114
 20
494.0229527594241
 10
144.31381527834114
 20
494.0229527594241
 10
144.97079836660035
 20
494.23199642132386
 10
145.12011526795735
 20
491.260635195166
 10
144.31381527834114
 20
494.0229527594241
 10
144.31381527834114
 20
494.0229527594241
 10
144.44820048956242
 20
491.27552177445534
 10
144.44820048956242
 20
491.27552177445534
 10
145.12011526795735
 20
491.260635195166
  0
LWPOLYLINE
  5
3648
330
17
100
AcDbEntity
  8
SIDEWALK_PATH
100
AcDbPolyline
 90
12
 70
1
 10
144.31381527834114
 20
494.0229527594241
 10
144.44820048956242
 20
491.27552177445534
 10
144.44820048956242
 20
491.27552177445534
 10
143.44777725047055
 20
493.7691140271172
 10
143.44777725047055
 20
493.7691140271172
 10
144.31381527834114
 20
494.0229527594241
 10
144.44820048956242
 20
491.27552177445534
 10
143.44777725047055
 20
493.7691140271172
 10
143.44777725047055
 20
493.7691140271172
 10
143.56723077155615
 20
491.27552177445534
 10
143.56723077155615
 20
491.27552177445534
 10
144.44820048956242
 20
491.27552177445534
  0
LWPOLYLINE
  5
3649
330
17
100
AcDbEntity
  8
SIDEWALK_PATH
100
AcDbPolyline
 90
12
 70
1
 10
143.44777725047055
 20
493.7691140271172
 10
143.56723077155615
 20
491.27552177445534
 10
143.56723077155615
 20
491.27552177445534
 10
142.58175050031156
 20
493.4704802244032
 10
142.58175050031156
 20
493.4704802244032
 10
143.44777725047055
 20
493.7691140271172
 10
143.56723077155615
 20
491.27552177445534
 10
142.58175050031156
 20
493.4704802244032
 10
142.58175050031156
 20
493.4704802244032
 10
142.68627233126145
 20
491.29049857543737
 10
142.68627233126145
 20
491.29049857543737
 10
143.56723077155615
 20
491.27552177445534
  0
LWPOLYLINE
  5
364A
330
17
100
AcDbEntity
  8
SIDEWALK_PATH
100
AcDbPolyline
 90
12
 70
1
 10
142.68627233126145
 20
491.29049857543737
 10
142.07407303569778
 20
491.30538515472676
 10
142.07407303569778
 20
491.30538515472676
 10
141.98448289488357
 20
493.2465048723677
 10
141.98448289488357
 20
493.2465048723677
 10
142.68627233126145
 20
491.29049857543737
 10
142.07407303569778
 20
491.30538515472676
 10
141.98448289488357
 20
493.2465048723677
 10
141.98448289488357
 20
493.2465048723677
 10
138.84885052180982
 20
491.35022533598016
 10
138.84885052180982
 20
491.35022533598016
 10
142.07407303569778
 20
491.30538515472676
  0
LWPOLYLINE
  5
364B
330
17
100
AcDbEntity
  8
SIDEWALK_PATH
100
AcDbPolyline
 90
6
 70
1
 10
142.68627233126145
 20
491.29049857543737
 10
142.58175050031156
 20
493.4704802244032
 10
142.58175050031156
 20
493.4704802244032
 10
141.98448289488357
 20
493.2465048723677
 10
141.98448289488357
 20
493.2465048723677
 10
142.68627233126145
 20
491.29049857543737
  0
LWPOLYLINE
  5
364C
330
17
100
AcDbEntity
  8
SIDEWALK_PATH
100
AcDbPolyline
 90
6
 70
1
 10
191.72161568326325
 20
552.793679135921
 10
191.61709385231336
 20
552.9131326570066
 10
191.61709385231336
 20
552.9131326570066
 10
191.61709385231336
 20
552.793679135921
 10
191.61709385231336
 20
552.793679135921
 10
191.72161568326325
 20
552.793679135921
  0
LWPOLYLINE
  5
364D
330
17
100
AcDbEntity
  8
SIDEWALK_PATH
100
AcDbPolyline
 90
12
 70
1
 10
191.61709385231336
 20
552.9131326570066
 10
191.61709385231336
 20
552.793679135921
 10
191.61709385231336
 20
552.793679135921
 10
191.52750371149915
 20
553.0624495583636
 10
191.52750371149915
 20
553.0624495583636
 10
191.61709385231336
 20
552.9131326570066
 10
191.61709385231336
 20
552.793679135921
 10
191.52750371149915
 20
553.0624495583636
 10
191.52750371149915
 20
553.0624495583636
 10
191.54243540163486
 20
552.793679135921
 10
191.54243540163486
 20
552.793679135921
 10
191.61709385231336
 20
552.793679135921
  0
LWPOLYLINE
  5
364E
330
17
100
AcDbEntity
  8
SIDEWALK_PATH
100
AcDbPolyline
 90
12
 70
1
 10
191.52750371149915
 20
553.0624495583636
 10
191.54243540163486
 20
552.793679135921
 10
191.54243540163486
 20
552.793679135921
 10
191.46777695095636
 20
553.2117664597206
 10
191.46777695095636
 20
553.2117664597206
 10
191.52750371149915
 20
553.0624495583636
 10
191.54243540163486
 20
552.793679135921
 10
191.46777695095636
 20
553.2117664597206
 10
191.46777695095636
 20
553.2117664597206
 10
191.48270864109207
 20
552.8086108260567
 10
191.48270864109207
 20
552.8086108260567
 10
191.54243540163486
 20
552.793679135921
  0
LWPOLYLINE
  5
364F
330
17
100
AcDbEntity
  8
SIDEWALK_PATH
100
AcDbPolyline
 90
12
 70
1
 10
191.46777695095636
 20
553.2117664597206
 10
191.48270864109207
 20
552.8086108260567
 10
191.48270864109207
 20
552.8086108260567
 10
191.42298188054926
 20
553.3760150512132
 10
191.42298188054926
 20
553.3760150512132
 10
191.46777695095636
 20
553.2117664597206
 10
191.48270864109207
 20
552.8086108260567
 10
191.42298188054926
 20
553.3760150512132
 10
191.42298188054926
 20
553.3760150512132
 10
191.45284526082065
 20
552.8086108260567
 10
191.45284526082065
 20
552.8086108260567
 10
191.48270864109207
 20
552.8086108260567
  0
LWPOLYLINE
  5
3650
330
17
100
AcDbEntity
  8
SIDEWALK_PATH
100
AcDbPolyline
 90
12
 70
1
 10
191.40805019041358
 20
554.585481952205
 10
191.40805019041358
 20
554.3615066001695
 10
191.40805019041358
 20
554.3615066001695
 10
191.37818681014215
 20
554.1823263185411
 10
191.37818681014215
 20
554.1823263185411
 10
191.40805019041358
 20
554.585481952205
 10
191.40805019041358
 20
554.3615066001695
 10
191.37818681014215
 20
554.1823263185411
 10
191.37818681014215
 20
554.1823263185411
 10
191.40805019041358
 20
553.540263642706
 10
191.40805019041358
 20
553.540263642706
 10
191.40805019041358
 20
554.3615066001695
  0
LWPOLYLINE
  5
3651
330
17
100
AcDbEntity
  8
SIDEWALK_PATH
100
AcDbPolyline
 90
12
 70
1
 10
191.40805019041358
 20
553.540263642706
 10
191.40805019041358
 20
553.540263642706
 10
191.40805019041358
 20
553.540263642706
 10
191.45284526082065
 20
552.8086108260567
 10
191.45284526082065
 20
552.8086108260567
 10
191.40805019041358
 20
553.540263642706
 10
191.40805019041358
 20
553.540263642706
 10
191.45284526082065
 20
552.8086108260567
 10
191.45284526082065
 20
552.8086108260567
 10
191.42298188054926
 20
553.3760150512132
 10
191.42298188054926
 20
553.3760150512132
 10
191.40805019041358
 20
553.540263642706
  0
LWPOLYLINE
  5
3652
330
17
100
AcDbEntity
  8
SIDEWALK_PATH
100
AcDbPolyline
 90
12
 70
1
 10
191.37818681014215
 20
554.1823263185411
 10
191.45284526082065
 20
552.8086108260567
 10
191.45284526082065
 20
552.8086108260567
 10
191.37818681014215
 20
554.0479411073197
 10
191.37818681014215
 20
554.0479411073197
 10
191.37818681014215
 20
554.1823263185411
 10
191.45284526082065
 20
552.8086108260567
 10
191.37818681014215
 20
554.0479411073197
 10
191.37818681014215
 20
554.0479411073197
 10
191.43791357068497
 20
552.8086108260567
 10
191.43791357068497
 20
552.8086108260567
 10
191.45284526082065
 20
552.8086108260567
  0
LWPOLYLINE
  5
3653
330
17
100
AcDbEntity
  8
SIDEWALK_PATH
100
AcDbPolyline
 90
12
 70
1
 10
191.37818681014215
 20
554.0479411073197
 10
191.43791357068497
 20
552.8086108260567
 10
191.43791357068497
 20
552.8086108260567
 10
191.37818681014215
 20
553.689580544063
 10
191.37818681014215
 20
553.689580544063
 10
191.37818681014215
 20
554.0479411073197
 10
191.43791357068497
 20
552.8086108260567
 10
191.37818681014215
 20
553.689580544063
 10
191.37818681014215
 20
553.689580544063
 10
191.42298188054926
 20
552.8086108260567
 10
191.42298188054926
 20
552.8086108260567
 10
191.43791357068497
 20
552.8086108260567
  0
LWPOLYLINE
  5
3654
330
17
100
AcDbEntity
  8
SIDEWALK_PATH
100
AcDbPolyline
 90
12
 70
1
 10
191.42298188054926
 20
552.8086108260567
 10
191.40805019041358
 20
552.8086108260567
 10
191.40805019041358
 20
552.8086108260567
 10
191.37818681014215
 20
553.5551953328417
 10
191.37818681014215
 20
553.5551953328417
 10
191.42298188054926
 20
552.8086108260567
 10
191.40805019041358
 20
552.8086108260567
 10
191.37818681014215
 20
553.5551953328417
 10
191.37818681014215
 20
553.5551953328417
 10
191.37818681014215
 20
553.2864249103991
 10
191.37818681014215
 20
553.2864249103991
 10
191.40805019041358
 20
552.8086108260567
  0
LWPOLYLINE
  5
3655
330
17
100
AcDbEntity
  8
SIDEWALK_PATH
100
AcDbPolyline
 90
6
 70
1
 10
191.42298188054926
 20
552.8086108260567
 10
191.37818681014215
 20
553.689580544063
 10
191.37818681014215
 20
553.689580544063
 10
191.37818681014215
 20
553.5551953328417
 10
191.37818681014215
 20
553.5551953328417
 10
191.42298188054926
 20
552.8086108260567
  0
LWPOLYLINE
  5
3656
330
17
100
AcDbEntity
  8
SIDEWALK_PATH
100
AcDbPolyline
 90
6
 70
1
 10
203.09947334497375
 20
510.70156041930795
 10
202.7262036470044
 20
510.59703858835803
 10
202.7262036470044
 20
510.59703858835803
 10
202.7262036470044
 20
510.56717520808667
 10
202.7262036470044
 20
510.56717520808667
 10
203.09947334497375
 20
510.70156041930795
  0
LWPOLYLINE
  5
3657
330
17
100
AcDbEntity
  8
SIDEWALK_PATH
100
AcDbPolyline
 90
12
 70
1
 10
202.7262036470044
 20
510.59703858835803
 10
202.7262036470044
 20
510.56717520808667
 10
202.7262036470044
 20
510.56717520808667
 10
202.3379797034762
 20
510.53731182781524
 10
202.3379797034762
 20
510.53731182781524
 10
202.7262036470044
 20
510.59703858835803
 10
202.7262036470044
 20
510.56717520808667
 10
202.3379797034762
 20
510.53731182781524
 10
202.3379797034762
 20
510.53731182781524
 10
202.3379797034762
 20
510.41785830672967
 10
202.3379797034762
 20
510.41785830672967
 10
202.7262036470044
 20
510.56717520808667
  0
LWPOLYLINE
  5
3658
330
17
100
AcDbEntity
  8
SIDEWALK_PATH
100
AcDbPolyline
 90
12
 70
1
 10
202.3379797034762
 20
510.53731182781524
 10
202.3379797034762
 20
510.41785830672967
 10
202.3379797034762
 20
510.41785830672967
 10
201.93482406981232
 20
510.52238013767953
 10
201.93482406981232
 20
510.52238013767953
 10
202.3379797034762
 20
510.53731182781524
 10
202.3379797034762
 20
510.41785830672967
 10
201.93482406981232
 20
510.52238013767953
 10
201.93482406981232
 20
510.52238013767953
 10
201.94975575994803
 20
510.2834730955083
 10
201.94975575994803
 20
510.2834730955083
 10
202.3379797034762
 20
510.41785830672967
  0
LWPOLYLINE
  5
3659
330
17
100
AcDbEntity
  8
SIDEWALK_PATH
100
AcDbPolyline
 90
12
 70
1
 10
201.93482406981232
 20
510.52238013767953
 10
201.94975575994803
 20
510.2834730955083
 10
201.94975575994803
 20
510.2834730955083
 10
201.54660012628415
 20
510.56717520808667
 10
201.54660012628415
 20
510.56717520808667
 10
201.93482406981232
 20
510.52238013767953
 10
201.94975575994803
 20
510.2834730955083
 10
201.54660012628415
 20
510.56717520808667
 10
201.54660012628415
 20
510.56717520808667
 10
201.56153181641983
 20
510.13415619415133
 10
201.56153181641983
 20
510.13415619415133
 10
201.94975575994803
 20
510.2834730955083
  0
LWPOLYLINE
  5
365A
330
17
100
AcDbEntity
  8
SIDEWALK_PATH
100
AcDbPolyline
 90
12
 70
1
 10
201.54660012628415
 20
510.56717520808667
 10
201.56153181641983
 20
510.13415619415133
 10
201.56153181641983
 20
510.13415619415133
 10
201.27782970384155
 20
510.62690196862945
 10
201.27782970384155
 20
510.62690196862945
 10
201.54660012628415
 20
510.56717520808667
 10
201.56153181641983
 20
510.13415619415133
 10
201.27782970384155
 20
510.62690196862945
 10
201.27782970384155
 20
510.62690196862945
 10
201.29276139397723
 20
510.0445660533372
 10
201.29276139397723
 20
510.0445660533372
 10
201.56153181641983
 20
510.13415619415133
  0
LWPOLYLINE
  5
365B
330
17
100
AcDbEntity
  8
SIDEWALK_PATH
100
AcDbPolyline
 90
12
 70
1
 10
201.27782970384155
 20
510.62690196862945
 10
201.29276139397723
 20
510.0445660533372
 10
201.29276139397723
 20
510.0445660533372
 10
201.15837618275594
 20
510.64183365876517
 10
201.15837618275594
 20
510.64183365876517
 10
201.27782970384155
 20
510.62690196862945
 10
201.29276139397723
 20
510.0445660533372
 10
201.15837618275594
 20
510.64183365876517
 10
201.15837618275594
 20
510.64183365876517
 10
201.18823956302734
 20
510.16401957442275
 10
201.18823956302734
 20
510.16401957442275
 10
201.29276139397723
 20
510.0445660533372
  0
LWPOLYLINE
  5
365C
330
17
100
AcDbEntity
  8
SIDEWALK_PATH
100
AcDbPolyline
 90
12
 70
1
 10
201.18823956302734
 20
510.16401957442275
 10
200.80001561949916
 20
510.56717520808667
 10
200.80001561949916
 20
510.56717520808667
 10
200.80001561949916
 20
510.77621886998645
 10
200.80001561949916
 20
510.77621886998645
 10
201.18823956302734
 20
510.16401957442275
 10
200.80001561949916
 20
510.56717520808667
 10
200.80001561949916
 20
510.77621886998645
 10
200.80001561949916
 20
510.77621886998645
 10
200.44165505624235
 20
510.9553991516148
 10
200.44165505624235
 20
510.9553991516148
 10
200.80001561949916
 20
510.56717520808667
  0
LWPOLYLINE
  5
365D
330
17
100
AcDbEntity
  8
SIDEWALK_PATH
100
AcDbPolyline
 90
6
 70
1
 10
201.18823956302734
 20
510.16401957442275
 10
201.15837618275594
 20
510.64183365876517
 10
201.15837618275594
 20
510.64183365876517
 10
200.80001561949916
 20
510.77621886998645
 10
200.80001561949916
 20
510.77621886998645
 10
201.18823956302734
 20
510.16401957442275
  0
LWPOLYLINE
  5
365E
330
17
100
AcDbEntity
  8
SIDEWALK_PATH
100
AcDbPolyline
 90
6
 70
1
 10
195.6934227039362
 20
516.0619920671778
 10
195.30519876040802
 20
516.6293962923344
 10
195.30519876040802
 20
516.6293962923344
 10
195.3201304505437
 20
516.4651477008417
 10
195.3201304505437
 20
516.4651477008417
 10
195.6934227039362
 20
516.0619920671778
  0
LWPOLYLINE
  5
365F
330
17
100
AcDbEntity
  8
SIDEWALK_PATH
100
AcDbPolyline
 90
12
 70
1
 10
195.30519876040802
 20
516.6293962923344
 10
195.3201304505437
 20
516.4651477008417
 10
195.3201304505437
 20
516.4651477008417
 10
195.1409501689153
 20
516.8832350246413
 10
195.1409501689153
 20
516.8832350246413
 10
195.30519876040802
 20
516.6293962923344
 10
195.3201304505437
 20
516.4651477008417
 10
195.1409501689153
 20
516.8832350246413
 10
195.1409501689153
 20
516.8832350246413
 10
195.1409501689153
 20
516.6741913627415
 10
195.1409501689153
 20
516.6741913627415
 10
195.3201304505437
 20
516.4651477008417
  0
LWPOLYLINE
  5
3660
330
17
100
AcDbEntity
  8
SIDEWALK_PATH
100
AcDbPolyline
 90
12
 70
1
 10
195.1409501689153
 20
516.8832350246413
 10
195.1409501689153
 20
516.6741913627415
 10
195.1409501689153
 20
516.6741913627415
 10
194.6034093240301
 20
517.7194096722404
 10
194.6034093240301
 20
517.7194096722404
 10
195.1409501689153
 20
516.8832350246413
 10
195.1409501689153
 20
516.6741913627415
 10
194.6034093240301
 20
517.7194096722404
 10
194.6034093240301
 20
517.7194096722404
 10
194.63327270430153
 20
517.2565272780338
 10
194.63327270430153
 20
517.2565272780338
 10
195.1409501689153
 20
516.6741913627415
  0
LWPOLYLINE
  5
3661
330
17
100
AcDbEntity
  8
SIDEWALK_PATH
100
AcDbPolyline
 90
12
 70
1
 10
194.6034093240301
 20
517.7194096722404
 10
194.63327270430153
 20
517.2565272780338
 10
194.63327270430153
 20
517.2565272780338
 10
194.4540924226731
 20
518.0030666739724
 10
194.4540924226731
 20
518.0030666739724
 10
194.6034093240301
 20
517.7194096722404
 10
194.63327270430153
 20
517.2565272780338
 10
194.4540924226731
 20
518.0030666739724
 10
194.4540924226731
 20
518.0030666739724
 10
194.48395580294454
 20
517.4357075596622
 10
194.48395580294454
 20
517.4357075596622
 10
194.63327270430153
 20
517.2565272780338
  0
LWPOLYLINE
  5
3662
330
17
100
AcDbEntity
  8
SIDEWALK_PATH
100
AcDbPolyline
 90
12
 70
1
 10
194.4540924226731
 20
518.0030666739724
 10
194.48395580294454
 20
517.4357075596622
 10
194.48395580294454
 20
517.4357075596622
 10
194.14052692982344
 20
518.5555843198397
 10
194.14052692982344
 20
518.5555843198397
 10
194.4540924226731
 20
518.0030666739724
 10
194.48395580294454
 20
517.4357075596622
 10
194.14052692982344
 20
518.5555843198397
 10
194.14052692982344
 20
518.5555843198397
 10
194.17039031009483
 20
517.8836582637332
 10
194.17039031009483
 20
517.8836582637332
 10
194.48395580294454
 20
517.4357075596622
  0
LWPOLYLINE
  5
3663
330
17
100
AcDbEntity
  8
SIDEWALK_PATH
100
AcDbPolyline
 90
12
 70
1
 10
194.14052692982344
 20
518.5555843198397
 10
194.17039031009483
 20
517.8836582637332
 10
194.17039031009483
 20
517.8836582637332
 10
194.12559523968773
 20
518.585447700111
 10
194.12559523968773
 20
518.585447700111
 10
194.14052692982344
 20
518.5555843198397
 10
194.17039031009483
 20
517.8836582637332
 10
194.12559523968773
 20
518.585447700111
 10
194.12559523968773
 20
518.585447700111
 10
194.15545861995915
 20
517.9433850242759
 10
194.15545861995915
 20
517.9433850242759
 10
194.17039031009483
 20
517.8836582637332
  0
LWPOLYLINE
  5
3664
330
17
100
AcDbEntity
  8
SIDEWALK_PATH
100
AcDbPolyline
 90
12
 70
1
 10
194.12559523968773
 20
518.585447700111
 10
194.15545861995915
 20
517.9433850242759
 10
194.15545861995915
 20
517.9433850242759
 10
193.67764453561674
 20
519.4514857279817
 10
193.67764453561674
 20
519.4514857279817
 10
194.12559523968773
 20
518.585447700111
 10
194.15545861995915
 20
517.9433850242759
 10
193.67764453561674
 20
519.4514857279817
 10
193.67764453561674
 20
519.4514857279817
 10
193.70750791588816
 20
519.1229885449962
 10
193.70750791588816
 20
519.1229885449962
 10
194.15545861995915
 20
517.9433850242759
  0
LWPOLYLINE
  5
3665
330
17
100
AcDbEntity
  8
SIDEWALK_PATH
100
AcDbPolyline
 90
12
 70
1
 10
193.70750791588816
 20
519.1229885449962
 10
193.69257622575245
 20
519.167738504557
 10
193.69257622575245
 20
519.167738504557
 10
193.67764453561674
 20
519.481349108253
 10
193.67764453561674
 20
519.481349108253
 10
193.70750791588816
 20
519.1229885449962
 10
193.69257622575245
 20
519.167738504557
 10
193.67764453561674
 20
519.481349108253
 10
193.67764453561674
 20
519.481349108253
 10
193.25955721181717
 20
520.3772054055487
 10
193.25955721181717
 20
520.3772054055487
 10
193.69257622575245
 20
519.167738504557
  0
LWPOLYLINE
  5
3666
330
17
100
AcDbEntity
  8
SIDEWALK_PATH
100
AcDbPolyline
 90
6
 70
1
 10
193.70750791588816
 20
519.1229885449962
 10
193.67764453561674
 20
519.4514857279817
 10
193.67764453561674
 20
519.4514857279817
 10
193.67764453561674
 20
519.481349108253
 10
193.67764453561674
 20
519.481349108253
 10
193.70750791588816
 20
519.1229885449962
  0
LWPOLYLINE
  5
3667
330
17
100
AcDbEntity
  8
SIDEWALK_PATH
100
AcDbPolyline
 90
6
 70
1
 10
192.28901990841985
 20
550.3897221349197
 10
192.10983962679146
 20
550.3897221349197
 10
192.10983962679146
 20
550.3897221349197
 10
192.10983962679146
 20
550.3299953743768
 10
192.10983962679146
 20
550.3299953743768
 10
192.28901990841985
 20
550.3897221349197
  0
LWPOLYLINE
  5
3668
330
17
100
AcDbEntity
  8
SIDEWALK_PATH
100
AcDbPolyline
 90
12
 70
1
 10
192.10983962679146
 20
550.3897221349197
 10
192.10983962679146
 20
550.3299953743768
 10
192.10983962679146
 20
550.3299953743768
 10
191.93065934516304
 20
550.3897221349197
 10
191.93065934516304
 20
550.3897221349197
 10
192.10983962679146
 20
550.3897221349197
 10
192.10983962679146
 20
550.3299953743768
 10
191.93065934516304
 20
550.3897221349197
 10
191.93065934516304
 20
550.3897221349197
 10
191.94559103529875
 20
550.2553369236983
 10
191.94559103529875
 20
550.2553369236983
 10
192.10983962679146
 20
550.3299953743768
  0
LWPOLYLINE
  5
3669
330
17
100
AcDbEntity
  8
SIDEWALK_PATH
100
AcDbPolyline
 90
12
 70
1
 10
191.93065934516304
 20
550.3897221349197
 10
191.94559103529875
 20
550.2553369236983
 10
191.94559103529875
 20
550.2553369236983
 10
191.78134244380604
 20
550.3897221349197
 10
191.78134244380604
 20
550.3897221349197
 10
191.93065934516304
 20
550.3897221349197
 10
191.94559103529875
 20
550.2553369236983
 10
191.78134244380604
 20
550.3897221349197
 10
191.78134244380604
 20
550.3897221349197
 10
191.78134244380604
 20
550.1508150927484
 10
191.78134244380604
 20
550.1508150927484
 10
191.94559103529875
 20
550.2553369236983
  0
LWPOLYLINE
  5
366A
330
17
100
AcDbEntity
  8
SIDEWALK_PATH
100
AcDbPolyline
 90
12
 70
1
 10
191.78134244380604
 20
550.3897221349197
 10
191.78134244380604
 20
550.1508150927484
 10
191.78134244380604
 20
550.1508150927484
 10
191.64695723258475
 20
550.3897221349197
 10
191.64695723258475
 20
550.3897221349197
 10
191.78134244380604
 20
550.3897221349197
 10
191.78134244380604
 20
550.1508150927484
 10
191.64695723258475
 20
550.3897221349197
 10
191.64695723258475
 20
550.3897221349197
 10
191.66188892272046
 20
550.0313615716628
 10
191.66188892272046
 20
550.0313615716628
 10
191.78134244380604
 20
550.1508150927484
  0
LWPOLYLINE
  5
366B
330
17
100
AcDbEntity
  8
SIDEWALK_PATH
100
AcDbPolyline
 90
12
 70
1
 10
191.64695723258475
 20
550.3897221349197
 10
191.66188892272046
 20
550.0313615716628
 10
191.66188892272046
 20
550.0313615716628
 10
191.52750371149915
 20
550.3897221349197
 10
191.52750371149915
 20
550.3897221349197
 10
191.64695723258475
 20
550.3897221349197
 10
191.66188892272046
 20
550.0313615716628
 10
191.52750371149915
 20
550.3897221349197
 10
191.52750371149915
 20
550.3897221349197
 10
191.55736709177054
 20
549.8820446703058
 10
191.55736709177054
 20
549.8820446703058
 10
191.66188892272046
 20
550.0313615716628
  0
LWPOLYLINE
  5
366C
330
17
100
AcDbEntity
  8
SIDEWALK_PATH
100
AcDbPolyline
 90
12
 70
1
 10
191.52750371149915
 20
550.3897221349197
 10
191.55736709177054
 20
549.8820446703058
 10
191.55736709177054
 20
549.8820446703058
 10
191.43791357068497
 20
550.3897221349197
 10
191.43791357068497
 20
550.3897221349197
 10
191.52750371149915
 20
550.3897221349197
 10
191.55736709177054
 20
549.8820446703058
 10
191.43791357068497
 20
550.3897221349197
 10
191.43791357068497
 20
550.3897221349197
 10
191.46777695095636
 20
549.7177960788132
 10
191.46777695095636
 20
549.7177960788132
 10
191.55736709177054
 20
549.8820446703058
  0
LWPOLYLINE
  5
366D
330
17
100
AcDbEntity
  8
SIDEWALK_PATH
100
AcDbPolyline
 90
12
 70
1
 10
191.43791357068497
 20
550.3897221349197
 10
191.46777695095636
 20
549.7177960788132
 10
191.46777695095636
 20
549.7177960788132
 10
191.40805019041358
 20
550.3897221349197
 10
191.40805019041358
 20
550.3897221349197
 10
191.43791357068497
 20
550.3897221349197
 10
191.46777695095636
 20
549.7177960788132
 10
191.40805019041358
 20
550.3897221349197
 10
191.40805019041358
 20
550.3897221349197
 10
191.45284526082065
 20
549.6282059379989
 10
191.45284526082065
 20
549.6282059379989
 10
191.46777695095636
 20
549.7177960788132
  0
LWPOLYLINE
  5
366E
330
17
100
AcDbEntity
  8
SIDEWALK_PATH
100
AcDbPolyline
 90
12
 70
1
 10
191.40805019041358
 20
550.3897221349197
 10
191.45284526082065
 20
549.6282059379989
 10
191.45284526082065
 20
549.6282059379989
 10
191.40805019041358
 20
549.8969763604416
 10
191.40805019041358
 20
549.8969763604416
 10
191.40805019041358
 20
550.3897221349197
 10
191.45284526082065
 20
549.6282059379989
 10
191.40805019041358
 20
549.8969763604416
 10
191.40805019041358
 20
549.8969763604416
 10
191.42298188054926
 20
549.5386157971848
 10
191.42298188054926
 20
549.5386157971848
 10
191.45284526082065
 20
549.6282059379989
  0
LWPOLYLINE
  5
366F
330
17
100
AcDbEntity
  8
SIDEWALK_PATH
100
AcDbPolyline
 90
12
 70
1
 10
191.40805019041358
 20
549.8969763604416
 10
191.42298188054926
 20
549.5386157971848
 10
191.42298188054926
 20
549.5386157971848
 10
191.40805019041358
 20
549.4639573465063
 10
191.40805019041358
 20
549.4639573465063
 10
191.40805019041358
 20
549.8969763604416
 10
191.42298188054926
 20
549.5386157971848
 10
191.40805019041358
 20
549.4639573465063
 10
191.40805019041358
 20
549.4639573465063
 10
191.40805019041358
 20
549.3445038254207
 10
191.40805019041358
 20
549.3445038254207
 10
191.42298188054926
 20
549.5386157971848
  0
LWPOLYLINE
  5
3670
330
17
100
AcDbEntity
  8
SIDEWALK_PATH
100
AcDbPolyline
 90
12
 70
1
 10
191.40805019041358
 20
549.4639573465063
 10
191.40805019041358
 20
549.3445038254207
 10
191.40805019041358
 20
549.3445038254207
 10
191.31846004959937
 20
540.1615595028118
 10
191.31846004959937
 20
540.1615595028118
 10
191.40805019041358
 20
549.4639573465063
 10
191.40805019041358
 20
549.3445038254207
 10
191.31846004959937
 20
540.1615595028118
 10
191.31846004959937
 20
540.1615595028118
 10
191.40805019041358
 20
538.3698017973741
 10
191.40805019041358
 20
538.3698017973741
 10
191.40805019041358
 20
549.3445038254207
  0
LWPOLYLINE
  5
3671
330
17
100
AcDbEntity
  8
SIDEWALK_PATH
100
AcDbPolyline
 90
12
 70
1
 10
191.31846004959937
 20
540.1615595028118
 10
191.40805019041358
 20
538.3698017973741
 10
191.40805019041358
 20
538.3698017973741
 10
191.39311850027786
 20
529.6497398689718
 10
191.39311850027786
 20
529.6497398689718
 10
191.31846004959937
 20
540.1615595028118
 10
191.40805019041358
 20
538.3698017973741
 10
191.39311850027786
 20
529.6497398689718
 10
191.39311850027786
 20
529.6497398689718
 10
191.39311850027786
 20
529.4854912774791
 10
191.39311850027786
 20
529.4854912774791
 10
191.40805019041358
 20
538.3698017973741
  0
LWPOLYLINE
  5
3672
330
17
100
AcDbEntity
  8
SIDEWALK_PATH
100
AcDbPolyline
 90
12
 70
1
 10
191.39311850027786
 20
529.4854912774791
 10
191.40805019041358
 20
528.5746581792015
 10
191.40805019041358
 20
528.5746581792015
 10
191.39311850027786
 20
528.9927455030011
 10
191.39311850027786
 20
528.9927455030011
 10
191.39311850027786
 20
529.4854912774791
 10
191.40805019041358
 20
528.5746581792015
 10
191.39311850027786
 20
528.9927455030011
 10
191.39311850027786
 20
528.9927455030011
 10
191.39311850027786
 20
528.7239750805585
 10
191.39311850027786
 20
528.7239750805585
 10
191.40805019041358
 20
528.5746581792015
  0
LWPOLYLINE
  5
3673
330
17
100
AcDbEntity
  8
SIDEWALK_PATH
100
AcDbPolyline
 90
6
 70
1
 10
189.5714523037225
 20
518.3614272372292
 10
189.347476951687
 20
518.9438082633678
 10
189.347476951687
 20
518.9438082633678
 10
189.347476951687
 20
518.884081502825
 10
189.347476951687
 20
518.884081502825
 10
189.5714523037225
 20
518.3614272372292
  0
LWPOLYLINE
  5
3674
330
17
100
AcDbEntity
  8
SIDEWALK_PATH
100
AcDbPolyline
 90
12
 70
1
 10
189.347476951687
 20
518.9438082633678
 10
189.347476951687
 20
518.884081502825
 10
189.347476951687
 20
518.884081502825
 10
189.1533762576345
 20
519.4365089269996
 10
189.1533762576345
 20
519.4365089269996
 10
189.347476951687
 20
518.9438082633678
 10
189.347476951687
 20
518.884081502825
 10
189.1533762576345
 20
519.4365089269996
 10
189.1533762576345
 20
519.4365089269996
 10
189.1683079477702
 20
519.332032206896
 10
189.1683079477702
 20
519.332032206896
 10
189.347476951687
 20
518.884081502825
  0
LWPOLYLINE
  5
3675
330
17
100
AcDbEntity
  8
SIDEWALK_PATH
100
AcDbPolyline
 90
12
 70
1
 10
189.1533762576345
 20
519.4365089269996
 10
189.1683079477702
 20
519.332032206896
 10
189.1683079477702
 20
519.332032206896
 10
189.12351287736308
 20
519.5410758687958
 10
189.12351287736308
 20
519.5410758687958
 10
189.1533762576345
 20
519.4365089269996
 10
189.1683079477702
 20
519.332032206896
 10
189.12351287736308
 20
519.5410758687958
 10
189.12351287736308
 20
519.5410758687958
 10
189.12351287736308
 20
519.4066455467282
 10
189.12351287736308
 20
519.4066455467282
 10
189.1683079477702
 20
519.332032206896
  0
LWPOLYLINE
  5
3676
330
17
100
AcDbEntity
  8
SIDEWALK_PATH
100
AcDbPolyline
 90
12
 70
1
 10
189.12351287736308
 20
519.5410758687958
 10
189.12351287736308
 20
519.4066455467282
 10
189.12351287736308
 20
519.4066455467282
 10
189.0040593562775
 20
519.9143230113419
 10
189.0040593562775
 20
519.9143230113419
 10
189.12351287736308
 20
519.5410758687958
 10
189.12351287736308
 20
519.4066455467282
 10
189.0040593562775
 20
519.9143230113419
 10
189.0040593562775
 20
519.9143230113419
 10
189.0189910464132
 20
519.7202110395779
 10
189.0189910464132
 20
519.7202110395779
 10
189.12351287736308
 20
519.4066455467282
  0
LWPOLYLINE
  5
3677
330
17
100
AcDbEntity
  8
SIDEWALK_PATH
100
AcDbPolyline
 90
12
 70
1
 10
189.0040593562775
 20
519.9143230113419
 10
189.0189910464132
 20
519.7202110395779
 10
189.0189910464132
 20
519.7202110395779
 10
188.7651523141063
 20
520.6459758279913
 10
188.7651523141063
 20
520.6459758279913
 10
189.0040593562775
 20
519.9143230113419
 10
189.0189910464132
 20
519.7202110395779
 10
188.7651523141063
 20
520.6459758279913
 10
188.7651523141063
 20
520.6459758279913
 10
188.780084004242
 20
520.3324103351416
 10
188.780084004242
 20
520.3324103351416
 10
189.0189910464132
 20
519.7202110395779
  0
LWPOLYLINE
  5
3678
330
17
100
AcDbEntity
  8
SIDEWALK_PATH
100
AcDbPolyline
 90
12
 70
1
 10
188.7651523141063
 20
520.6459758279913
 10
188.780084004242
 20
520.3324103351416
 10
188.780084004242
 20
520.3324103351416
 10
188.7203572436992
 20
520.8102244194839
 10
188.7203572436992
 20
520.8102244194839
 10
188.7651523141063
 20
520.6459758279913
 10
188.780084004242
 20
520.3324103351416
 10
188.7203572436992
 20
520.8102244194839
 10
188.7203572436992
 20
520.8102244194839
 10
188.7352889338349
 20
520.4667955463628
 10
188.7352889338349
 20
520.4667955463628
 10
188.780084004242
 20
520.3324103351416
  0
LWPOLYLINE
  5
3679
330
17
100
AcDbEntity
  8
SIDEWALK_PATH
100
AcDbPolyline
 90
12
 70
1
 10
188.7203572436992
 20
520.8102244194839
 10
188.7352889338349
 20
520.4667955463628
 10
188.7352889338349
 20
520.4667955463628
 10
188.3769396482897
 20
522.0196913204757
 10
188.3769396482897
 20
522.0196913204757
 10
188.7203572436992
 20
520.8102244194839
 10
188.7352889338349
 20
520.4667955463628
 10
188.3769396482897
 20
522.0196913204757
 10
188.3769396482897
 20
522.0196913204757
 10
188.3918713384254
 20
521.4970821657262
 10
188.3918713384254
 20
521.4970821657262
 10
188.7352889338349
 20
520.4667955463628
  0
LWPOLYLINE
  5
367A
330
17
100
AcDbEntity
  8
SIDEWALK_PATH
100
AcDbPolyline
 90
12
 70
1
 10
188.3769396482897
 20
522.0196913204757
 10
188.3918713384254
 20
521.4970821657262
 10
188.3918713384254
 20
521.4970821657262
 10
188.362007958154
 20
522.0644863908827
 10
188.362007958154
 20
522.0644863908827
 10
188.3769396482897
 20
522.0196913204757
 10
188.3918713384254
 20
521.4970821657262
 10
188.362007958154
 20
522.0644863908827
 10
188.362007958154
 20
522.0644863908827
 10
188.3918713384254
 20
521.5418772361332
 10
188.3918713384254
 20
521.5418772361332
 10
188.3918713384254
 20
521.4970821657262
  0
LWPOLYLINE
  5
367B
330
17
100
AcDbEntity
  8
SIDEWALK_PATH
100
AcDbPolyline
 90
12
 70
1
 10
188.362007958154
 20
522.0644863908827
 10
188.3918713384254
 20
521.5418772361332
 10
188.3918713384254
 20
521.5418772361332
 10
188.2276227469327
 20
522.5721638554966
 10
188.2276227469327
 20
522.5721638554966
 10
188.362007958154
 20
522.0644863908827
 10
188.3918713384254
 20
521.5418772361332
 10
188.2276227469327
 20
522.5721638554966
 10
188.2276227469327
 20
522.5721638554966
 10
188.2574861272041
 20
522.0047596303399
 10
188.2574861272041
 20
522.0047596303399
 10
188.3918713384254
 20
521.5418772361332
  0
LWPOLYLINE
  5
367C
330
17
100
AcDbEntity
  8
SIDEWALK_PATH
100
AcDbPolyline
 90
12
 70
1
 10
188.2276227469327
 20
522.5721638554966
 10
188.2574861272041
 20
522.0047596303399
 10
188.2574861272041
 20
522.0047596303399
 10
188.0932375357114
 20
523.0947730102461
 10
188.0932375357114
 20
523.0947730102461
 10
188.2276227469327
 20
522.5721638554966
 10
188.2574861272041
 20
522.0047596303399
 10
188.0932375357114
 20
523.0947730102461
 10
188.0932375357114
 20
523.0947730102461
 10
188.13803260611851
 20
522.4377786442752
 10
188.13803260611851
 20
522.4377786442752
 10
188.2574861272041
 20
522.0047596303399
  0
LWPOLYLINE
  5
367D
330
17
100
AcDbEntity
  8
SIDEWALK_PATH
100
AcDbPolyline
 90
12
 70
1
 10
188.0932375357114
 20
523.0947730102461
 10
188.13803260611851
 20
522.4377786442752
 10
188.13803260611851
 20
522.4377786442752
 10
188.0484424653043
 20
523.3336800524172
 10
188.0484424653043
 20
523.3336800524172
 10
188.0932375357114
 20
523.0947730102461
 10
188.13803260611851
 20
522.4377786442752
 10
188.0484424653043
 20
523.3336800524172
 10
188.0484424653043
 20
523.3336800524172
 10
188.0783058455757
 20
522.6169589259036
 10
188.0783058455757
 20
522.6169589259036
 10
188.13803260611851
 20
522.4377786442752
  0
LWPOLYLINE
  5
367E
330
17
100
AcDbEntity
  8
SIDEWALK_PATH
100
AcDbPolyline
 90
12
 70
1
 10
188.0484424653043
 20
523.3336800524172
 10
188.0783058455757
 20
522.6169589259036
 10
188.0783058455757
 20
522.6169589259036
 10
187.9439206343544
 20
523.8114941367596
 10
187.9439206343544
 20
523.8114941367596
 10
188.0484424653043
 20
523.3336800524172
 10
188.0783058455757
 20
522.6169589259036
 10
187.9439206343544
 20
523.8114941367596
 10
187.9439206343544
 20
523.8114941367596
 10
187.9737840146258
 20
523.0499779398389
 10
187.9737840146258
 20
523.0499779398389
 10
188.0783058455757
 20
522.6169589259036
  0
LWPOLYLINE
  5
367F
330
17
100
AcDbEntity
  8
SIDEWALK_PATH
100
AcDbPolyline
 90
12
 70
1
 10
187.9439206343544
 20
523.8114941367596
 10
187.9737840146258
 20
523.0499779398389
 10
187.9737840146258
 20
523.0499779398389
 10
187.76474035272602
 20
524.6626004744945
 10
187.76474035272602
 20
524.6626004744945
 10
187.9439206343544
 20
523.8114941367596
 10
187.9737840146258
 20
523.0499779398389
 10
187.76474035272602
 20
524.6626004744945
 10
187.76474035272602
 20
524.6626004744945
 10
187.8244671132688
 20
523.7219039959454
 10
187.8244671132688
 20
523.7219039959454
 10
187.9737840146258
 20
523.0499779398389
  0
LWPOLYLINE
  5
3680
330
17
100
AcDbEntity
  8
SIDEWALK_PATH
100
AcDbPolyline
 90
12
 70
1
 10
187.76474035272602
 20
524.6626004744945
 10
187.8244671132688
 20
523.7219039959454
 10
187.8244671132688
 20
523.7219039959454
 10
187.69008190204752
 20
525.0657109973121
 10
187.69008190204752
 20
525.0657109973121
 10
187.76474035272602
 20
524.6626004744945
 10
187.8244671132688
 20
523.7219039959454
 10
187.69008190204752
 20
525.0657109973121
 10
187.69008190204752
 20
525.0657109973121
 10
187.7348769724546
 20
524.1101279394736
 10
187.7348769724546
 20
524.1101279394736
 10
187.8244671132688
 20
523.7219039959454
  0
LWPOLYLINE
  5
3681
330
17
100
AcDbEntity
  8
SIDEWALK_PATH
100
AcDbPolyline
 90
18
 70
1
 10
187.69008190204752
 20
525.0657109973121
 10
187.7348769724546
 20
524.1101279394736
 10
187.7348769724546
 20
524.1101279394736
 10
187.5556966908262
 20
525.8571356853504
 10
187.5556966908262
 20
525.8571356853504
 10
187.69008190204752
 20
525.0657109973121
 10
187.7348769724546
 20
524.1101279394736
 10
187.5556966908262
 20
525.8571356853504
 10
187.5556966908262
 20
525.8571356853504
 10
187.61542345136903
 20
524.7521906153087
 10
187.61542345136903
 20
524.7521906153087
 10
187.7348769724546
 20
524.1101279394736
 10
187.5556966908262
 20
525.8571356853504
 10
187.61542345136903
 20
524.7521906153087
 10
187.61542345136903
 20
524.7521906153087
 10
187.60049176123331
 20
524.8268039551408
 10
187.60049176123331
 20
524.8268039551408
 10
187.5556966908262
 20
525.8571356853504
  0
LWPOLYLINE
  5
3682
330
17
100
AcDbEntity
  8
SIDEWALK_PATH
100
AcDbPolyline
 90
12
 70
1
 10
187.5556966908262
 20
525.8571356853504
 10
187.60049176123331
 20
524.8268039551408
 10
187.60049176123331
 20
524.8268039551408
 10
187.49596993028342
 20
525.8869990656218
 10
187.49596993028342
 20
525.8869990656218
 10
187.5556966908262
 20
525.8571356853504
 10
187.60049176123331
 20
524.8268039551408
 10
187.49596993028342
 20
525.8869990656218
 10
187.49596993028342
 20
525.8869990656218
 10
187.52583331055482
 20
525.1702779391082
 10
187.52583331055482
 20
525.1702779391082
 10
187.60049176123331
 20
524.8268039551408
  0
LWPOLYLINE
  5
3683
330
17
100
AcDbEntity
  8
SIDEWALK_PATH
100
AcDbPolyline
 90
12
 70
1
 10
187.49596993028342
 20
525.8869990656218
 10
187.52583331055482
 20
525.1702779391082
 10
187.52583331055482
 20
525.1702779391082
 10
187.39144809933353
 20
525.9467258261647
 10
187.39144809933353
 20
525.9467258261647
 10
187.49596993028342
 20
525.8869990656218
 10
187.52583331055482
 20
525.1702779391082
 10
187.39144809933353
 20
525.9467258261647
 10
187.39144809933353
 20
525.9467258261647
 10
187.4063797894692
 20
525.4987751220937
 10
187.4063797894692
 20
525.4987751220937
 10
187.52583331055482
 20
525.1702779391082
  0
LWPOLYLINE
  5
3684
330
17
100
AcDbEntity
  8
SIDEWALK_PATH
100
AcDbPolyline
 90
12
 70
1
 10
187.4063797894692
 20
525.4987751220937
 10
187.25706288811222
 20
525.812295504097
 10
187.25706288811222
 20
525.812295504097
 10
187.24213119797653
 20
526.0213391659968
 10
187.24213119797653
 20
526.0213391659968
 10
187.4063797894692
 20
525.4987751220937
 10
187.25706288811222
 20
525.812295504097
 10
187.24213119797653
 20
526.0213391659968
 10
187.24213119797653
 20
526.0213391659968
 10
187.06295091634811
 20
526.110929306811
 10
187.06295091634811
 20
526.110929306811
 10
187.25706288811222
 20
525.812295504097
  0
LWPOLYLINE
  5
3685
330
17
100
AcDbEntity
  8
SIDEWALK_PATH
100
AcDbPolyline
 90
6
 70
1
 10
187.4063797894692
 20
525.4987751220937
 10
187.39144809933353
 20
525.9467258261647
 10
187.39144809933353
 20
525.9467258261647
 10
187.24213119797653
 20
526.0213391659968
 10
187.24213119797653
 20
526.0213391659968
 10
187.4063797894692
 20
525.4987751220937
  0
LWPOLYLINE
  5
3686
330
17
100
AcDbEntity
  8
SIDEWALK_PATH
100
AcDbPolyline
 90
6
 70
1
 10
204.1148282742013
 20
507.6107005612181
 10
203.95057968270862
 20
507.5360421105396
 10
203.95057968270862
 20
507.5360421105396
 10
203.95057968270862
 20
507.52111042040394
 10
203.95057968270862
 20
507.52111042040394
 10
204.1148282742013
 20
507.6107005612181
  0
LWPOLYLINE
  5
3687
330
17
100
AcDbEntity
  8
SIDEWALK_PATH
100
AcDbPolyline
 90
12
 70
1
 10
203.95057968270862
 20
507.5360421105396
 10
203.95057968270862
 20
507.52111042040394
 10
203.95057968270862
 20
507.52111042040394
 10
203.80126278135162
 20
507.4763153499968
 10
203.80126278135162
 20
507.4763153499968
 10
203.95057968270862
 20
507.5360421105396
 10
203.95057968270862
 20
507.52111042040394
 10
203.80126278135162
 20
507.4763153499968
 10
203.80126278135162
 20
507.4763153499968
 10
203.8161944714873
 20
507.3867252091826
 10
203.8161944714873
 20
507.3867252091826
 10
203.95057968270862
 20
507.52111042040394
  0
LWPOLYLINE
  5
3688
330
17
100
AcDbEntity
  8
SIDEWALK_PATH
100
AcDbPolyline
 90
12
 70
1
 10
203.80126278135162
 20
507.4763153499968
 10
203.8161944714873
 20
507.3867252091826
 10
203.8161944714873
 20
507.3867252091826
 10
203.68180926026602
 20
507.43152027958973
 10
203.68180926026602
 20
507.43152027958973
 10
203.80126278135162
 20
507.4763153499968
 10
203.8161944714873
 20
507.3867252091826
 10
203.68180926026602
 20
507.43152027958973
 10
203.68180926026602
 20
507.43152027958973
 10
203.69674095040173
 20
507.2374083078256
 10
203.69674095040173
 20
507.2374083078256
 10
203.8161944714873
 20
507.3867252091826
  0
LWPOLYLINE
  5
3689
330
17
100
AcDbEntity
  8
SIDEWALK_PATH
100
AcDbPolyline
 90
12
 70
1
 10
203.68180926026602
 20
507.43152027958973
 10
203.69674095040173
 20
507.2374083078256
 10
203.69674095040173
 20
507.2374083078256
 10
203.5922191194518
 20
507.3867252091826
 10
203.5922191194518
 20
507.3867252091826
 10
203.68180926026602
 20
507.43152027958973
 10
203.69674095040173
 20
507.2374083078256
 10
203.5922191194518
 20
507.3867252091826
 10
203.5922191194518
 20
507.3867252091826
 10
203.60715080958752
 20
507.07315971633295
 10
203.60715080958752
 20
507.07315971633295
 10
203.69674095040173
 20
507.2374083078256
  0
LWPOLYLINE
  5
368A
330
17
100
AcDbEntity
  8
SIDEWALK_PATH
100
AcDbPolyline
 90
12
 70
1
 10
203.5922191194518
 20
507.3867252091826
 10
203.60715080958752
 20
507.07315971633295
 10
203.60715080958752
 20
507.07315971633295
 10
203.5175606687733
 20
507.35686182891124
 10
203.5175606687733
 20
507.35686182891124
 10
203.5922191194518
 20
507.3867252091826
 10
203.60715080958752
 20
507.07315971633295
 10
203.5175606687733
 20
507.35686182891124
 10
203.5175606687733
 20
507.35686182891124
 10
203.54742404904474
 20
506.89397943470453
 10
203.54742404904474
 20
506.89397943470453
 10
203.60715080958752
 20
507.07315971633295
  0
LWPOLYLINE
  5
368B
330
17
100
AcDbEntity
  8
SIDEWALK_PATH
100
AcDbPolyline
 90
6
 70
1
 10
203.57728742931613
 20
506.3415068996836
 10
203.53249235890902
 20
506.52068718131204
 10
203.53249235890902
 20
506.52068718131204
 10
203.53249235890902
 20
506.40123366022647
 10
203.53249235890902
 20
506.40123366022647
 10
203.57728742931613
 20
506.3415068996836
  0
LWPOLYLINE
  5
368C
330
17
100
AcDbEntity
  8
SIDEWALK_PATH
100
AcDbPolyline
 90
12
 70
1
 10
203.5175606687733
 20
507.35686182891124
 10
203.54742404904474
 20
506.89397943470453
 10
203.54742404904474
 20
506.89397943470453
 10
203.48769728850192
 20
507.3419301387755
 10
203.48769728850192
 20
507.3419301387755
 10
203.5175606687733
 20
507.35686182891124
 10
203.54742404904474
 20
506.89397943470453
 10
203.48769728850192
 20
507.3419301387755
 10
203.48769728850192
 20
507.3419301387755
 10
203.5175606687733
 20
506.7147991530761
 10
203.5175606687733
 20
506.7147991530761
 10
203.54742404904474
 20
506.89397943470453
  0
LWPOLYLINE
  5
368D
330
17
100
AcDbEntity
  8
SIDEWALK_PATH
100
AcDbPolyline
 90
6
 70
1
 10
203.53249235890902
 20
506.40123366022647
 10
203.48769728850192
 20
507.3419301387755
 10
203.48769728850192
 20
507.3419301387755
 10
203.08454165483803
 20
507.1776815472828
 10
203.08454165483803
 20
507.1776815472828
 10
203.53249235890902
 20
506.40123366022647
  0
LWPOLYLINE
  5
368E
330
17
100
AcDbEntity
  8
SIDEWALK_PATH
100
AcDbPolyline
 90
10
 70
1
 10
203.48769728850192
 20
507.3419301387755
 10
203.5175606687733
 20
506.7147991530761
 10
203.5175606687733
 20
506.7147991530761
 10
203.48769728850192
 20
507.3419301387755
 10
203.5175606687733
 20
506.7147991530761
 10
203.48769728850192
 20
507.3419301387755
 10
203.48769728850192
 20
507.3419301387755
 10
203.53249235890902
 20
506.52068718131204
 10
203.53249235890902
 20
506.52068718131204
 10
203.5175606687733
 20
506.7147991530761
  0
LWPOLYLINE
  5
368F
330
17
100
AcDbEntity
  8
SIDEWALK_PATH
100
AcDbPolyline
 90
6
 70
1
 10
182.3893657370089
 20
574.1906557678396
 10
182.37443404687318
 20
573.9816121059398
 10
182.37443404687318
 20
573.9816121059398
 10
182.3893657370089
 20
573.623251542683
 10
182.3893657370089
 20
573.623251542683
 10
182.3893657370089
 20
574.1906557678396
  0
LWPOLYLINE
  5
3690
330
17
100
AcDbEntity
  8
SIDEWALK_PATH
100
AcDbPolyline
 90
12
 70
1
 10
182.37443404687318
 20
573.9816121059398
 10
182.3893657370089
 20
573.623251542683
 10
182.3893657370089
 20
573.623251542683
 10
182.34457066660178
 20
573.8920219651257
 10
182.34457066660178
 20
573.8920219651257
 10
182.37443404687318
 20
573.9816121059398
 10
182.3893657370089
 20
573.623251542683
 10
182.34457066660178
 20
573.8920219651257
 10
182.34457066660178
 20
573.8920219651257
 10
182.3893657370089
 20
573.0707790076622
 10
182.3893657370089
 20
573.0707790076622
 10
182.3893657370089
 20
573.623251542683
  0
LWPOLYLINE
  5
3691
330
17
100
AcDbEntity
  8
SIDEWALK_PATH
100
AcDbPolyline
 90
12
 70
1
 10
182.34457066660178
 20
573.8920219651257
 10
182.3893657370089
 20
573.0707790076622
 10
182.3893657370089
 20
573.0707790076622
 10
182.3147072863304
 20
573.7875001341757
 10
182.3147072863304
 20
573.7875001341757
 10
182.34457066660178
 20
573.8920219651257
 10
182.3893657370089
 20
573.0707790076622
 10
182.3147072863304
 20
573.7875001341757
 10
182.3147072863304
 20
573.7875001341757
 10
182.34457066660178
 20
573.0707790076622
 10
182.34457066660178
 20
573.0707790076622
 10
182.3893657370089
 20
573.0707790076622
  0
LWPOLYLINE
  5
3692
330
17
100
AcDbEntity
  8
SIDEWALK_PATH
100
AcDbPolyline
 90
12
 70
1
 10
182.3147072863304
 20
573.7875001341757
 10
182.34457066660178
 20
573.0707790076622
 10
182.34457066660178
 20
573.0707790076622
 10
182.21018545538047
 20
573.6083198525473
 10
182.21018545538047
 20
573.6083198525473
 10
182.3147072863304
 20
573.7875001341757
 10
182.34457066660178
 20
573.0707790076622
 10
182.21018545538047
 20
573.6083198525473
 10
182.21018545538047
 20
573.6083198525473
 10
182.2400488356519
 20
573.0707790076622
 10
182.2400488356519
 20
573.0707790076622
 10
182.34457066660178
 20
573.0707790076622
  0
LWPOLYLINE
  5
3693
330
17
100
AcDbEntity
  8
SIDEWALK_PATH
100
AcDbPolyline
 90
12
 70
1
 10
182.21018545538047
 20
573.6083198525473
 10
182.2400488356519
 20
573.0707790076622
 10
182.2400488356519
 20
573.0707790076622
 10
182.0907319342949
 20
573.4590029511903
 10
182.0907319342949
 20
573.4590029511903
 10
182.21018545538047
 20
573.6083198525473
 10
182.2400488356519
 20
573.0707790076622
 10
182.0907319342949
 20
573.4590029511903
 10
182.0907319342949
 20
573.4590029511903
 10
182.10566362443058
 20
573.0707790076622
 10
182.10566362443058
 20
573.0707790076622
 10
182.2400488356519
 20
573.0707790076622
  0
LWPOLYLINE
  5
3694
330
17
100
AcDbEntity
  8
SIDEWALK_PATH
100
AcDbPolyline
 90
12
 70
1
 10
182.0907319342949
 20
573.4590029511903
 10
182.10566362443058
 20
573.0707790076622
 10
182.10566362443058
 20
573.0707790076622
 10
181.9264833428022
 20
573.324617739969
 10
181.9264833428022
 20
573.324617739969
 10
182.0907319342949
 20
573.4590029511903
 10
182.10566362443058
 20
573.0707790076622
 10
181.9264833428022
 20
573.324617739969
 10
181.9264833428022
 20
573.324617739969
 10
181.9414150329379
 20
573.0707790076622
 10
181.9414150329379
 20
573.0707790076622
 10
182.10566362443058
 20
573.0707790076622
  0
LWPOLYLINE
  5
3695
330
17
100
AcDbEntity
  8
SIDEWALK_PATH
100
AcDbPolyline
 90
12
 70
1
 10
181.9264833428022
 20
573.324617739969
 10
181.9414150329379
 20
573.0707790076622
 10
181.9414150329379
 20
573.0707790076622
 10
181.7473143388854
 20
573.2350275991548
 10
181.7473143388854
 20
573.2350275991548
 10
181.9264833428022
 20
573.324617739969
 10
181.9414150329379
 20
573.0707790076622
 10
181.7473143388854
 20
573.2350275991548
 10
181.7473143388854
 20
573.2350275991548
 10
181.76224602902107
 20
573.0707790076622
 10
181.76224602902107
 20
573.0707790076622
 10
181.9414150329379
 20
573.0707790076622
  0
LWPOLYLINE
  5
3696
330
17
100
AcDbEntity
  8
SIDEWALK_PATH
100
AcDbPolyline
 90
12
 70
1
 10
181.7473143388854
 20
573.2350275991548
 10
181.76224602902107
 20
573.0707790076622
 10
181.76224602902107
 20
573.0707790076622
 10
181.5532023671213
 20
573.175300838612
 10
181.5532023671213
 20
573.175300838612
 10
181.7473143388854
 20
573.2350275991548
 10
181.76224602902107
 20
573.0707790076622
 10
181.5532023671213
 20
573.175300838612
 10
181.5532023671213
 20
573.175300838612
 10
181.5532023671213
 20
573.0707790076622
 10
181.5532023671213
 20
573.0707790076622
 10
181.76224602902107
 20
573.0707790076622
  0
LWPOLYLINE
  5
3697
330
17
100
AcDbEntity
  8
SIDEWALK_PATH
100
AcDbPolyline
 90
12
 70
1
 10
181.5532023671213
 20
573.175300838612
 10
181.5532023671213
 20
573.0707790076622
 10
181.5532023671213
 20
573.0707790076622
 10
181.34415870522147
 20
573.1454374583407
 10
181.34415870522147
 20
573.1454374583407
 10
181.5532023671213
 20
573.175300838612
 10
181.5532023671213
 20
573.0707790076622
 10
181.34415870522147
 20
573.1454374583407
 10
181.34415870522147
 20
573.1454374583407
 10
181.35909039535719
 20
573.0707790076622
 10
181.35909039535719
 20
573.0707790076622
 10
181.5532023671213
 20
573.0707790076622
  0
LWPOLYLINE
  5
3698
330
17
100
AcDbEntity
  8
SIDEWALK_PATH
100
AcDbPolyline
 90
12
 70
1
 10
181.34415870522147
 20
573.1454374583407
 10
181.35909039535719
 20
573.0707790076622
 10
181.35909039535719
 20
573.0707790076622
 10
172.02684044910282
 20
573.1305057682049
 10
172.02684044910282
 20
573.1305057682049
 10
181.34415870522147
 20
573.1454374583407
 10
181.35909039535719
 20
573.0707790076622
 10
172.02684044910282
 20
573.1305057682049
 10
172.02684044910282
 20
573.1305057682049
 10
172.02684044910282
 20
573.0707790076622
 10
172.02684044910282
 20
573.0707790076622
 10
181.35909039535719
 20
573.0707790076622
  0
LWPOLYLINE
  5
3699
330
17
100
AcDbEntity
  8
SIDEWALK_PATH
100
AcDbPolyline
 90
12
 70
1
 10
172.02684044910282
 20
573.1305057682049
 10
172.02684044910282
 20
573.0707790076622
 10
172.02684044910282
 20
573.0707790076622
 10
171.817796787203
 20
573.1454374583407
 10
171.817796787203
 20
573.1454374583407
 10
172.02684044910282
 20
573.1305057682049
 10
172.02684044910282
 20
573.0707790076622
 10
171.817796787203
 20
573.1454374583407
 10
171.817796787203
 20
573.1454374583407
 10
171.817796787203
 20
573.0857106977978
 10
171.817796787203
 20
573.0857106977978
 10
172.02684044910282
 20
573.0707790076622
  0
LWPOLYLINE
  5
369A
330
17
100
AcDbEntity
  8
SIDEWALK_PATH
100
AcDbPolyline
 90
12
 70
1
 10
171.817796787203
 20
573.1454374583407
 10
171.817796787203
 20
573.0857106977978
 10
171.817796787203
 20
573.0857106977978
 10
171.6236960931505
 20
573.2051642188834
 10
171.6236960931505
 20
573.2051642188834
 10
171.817796787203
 20
573.1454374583407
 10
171.817796787203
 20
573.0857106977978
 10
171.6236960931505
 20
573.2051642188834
 10
171.6236960931505
 20
573.2051642188834
 10
171.6236960931505
 20
573.0857106977978
 10
171.6236960931505
 20
573.0857106977978
 10
171.817796787203
 20
573.0857106977978
  0
LWPOLYLINE
  5
369B
330
17
100
AcDbEntity
  8
SIDEWALK_PATH
100
AcDbPolyline
 90
12
 70
1
 10
171.6236960931505
 20
573.2051642188834
 10
171.6236960931505
 20
573.0857106977978
 10
171.6236960931505
 20
573.0857106977978
 10
171.4445158115221
 20
573.2947543596977
 10
171.4445158115221
 20
573.2947543596977
 10
171.6236960931505
 20
573.2051642188834
 10
171.6236960931505
 20
573.0857106977978
 10
171.4445158115221
 20
573.2947543596977
 10
171.4445158115221
 20
573.2947543596977
 10
171.4594475016578
 20
573.0857106977978
 10
171.4594475016578
 20
573.0857106977978
 10
171.6236960931505
 20
573.0857106977978
  0
LWPOLYLINE
  5
369C
330
17
100
AcDbEntity
  8
SIDEWALK_PATH
100
AcDbPolyline
 90
12
 70
1
 10
171.4445158115221
 20
573.2947543596977
 10
171.4594475016578
 20
573.0857106977978
 10
171.4594475016578
 20
573.0857106977978
 10
171.2802672200294
 20
573.4291395709189
 10
171.2802672200294
 20
573.4291395709189
 10
171.4445158115221
 20
573.2947543596977
 10
171.4594475016578
 20
573.0857106977978
 10
171.2802672200294
 20
573.4291395709189
 10
171.2802672200294
 20
573.4291395709189
 10
171.2951989101651
 20
573.0857106977978
 10
171.2951989101651
 20
573.0857106977978
 10
171.4594475016578
 20
573.0857106977978
  0
LWPOLYLINE
  5
369D
330
17
100
AcDbEntity
  8
SIDEWALK_PATH
100
AcDbPolyline
 90
12
 70
1
 10
171.2802672200294
 20
573.4291395709189
 10
171.2951989101651
 20
573.0857106977978
 10
171.2951989101651
 20
573.0857106977978
 10
171.14588200880812
 20
573.5933881624117
 10
171.14588200880812
 20
573.5933881624117
 10
171.2802672200294
 20
573.4291395709189
 10
171.2951989101651
 20
573.0857106977978
 10
171.14588200880812
 20
573.5933881624117
 10
171.14588200880812
 20
573.5933881624117
 10
171.1757453890795
 20
573.0857106977978
 10
171.1757453890795
 20
573.0857106977978
 10
171.2951989101651
 20
573.0857106977978
  0
LWPOLYLINE
  5
369E
330
17
100
AcDbEntity
  8
SIDEWALK_PATH
100
AcDbPolyline
 90
12
 70
1
 10
171.14588200880812
 20
573.5933881624117
 10
171.1757453890795
 20
573.0857106977978
 10
171.1757453890795
 20
573.0857106977978
 10
171.0562918679939
 20
573.77256844404
 10
171.0562918679939
 20
573.77256844404
 10
171.14588200880812
 20
573.5933881624117
 10
171.1757453890795
 20
573.0857106977978
 10
171.0562918679939
 20
573.77256844404
 10
171.0562918679939
 20
573.77256844404
 10
171.0861552482653
 20
573.0857106977978
 10
171.0861552482653
 20
573.0857106977978
 10
171.1757453890795
 20
573.0857106977978
  0
LWPOLYLINE
  5
369F
330
17
100
AcDbEntity
  8
SIDEWALK_PATH
100
AcDbPolyline
 90
12
 70
1
 10
171.0562918679939
 20
573.77256844404
 10
171.0861552482653
 20
573.0857106977978
 10
171.0861552482653
 20
573.0857106977978
 10
170.99656510745112
 20
573.9666804158041
 10
170.99656510745112
 20
573.9666804158041
 10
171.0562918679939
 20
573.77256844404
 10
171.0861552482653
 20
573.0857106977978
 10
170.99656510745112
 20
573.9666804158041
 10
170.99656510745112
 20
573.9666804158041
 10
171.04136017785822
 20
573.0857106977978
 10
171.04136017785822
 20
573.0857106977978
 10
171.0861552482653
 20
573.0857106977978
  0
LWPOLYLINE
  5
36A0
330
17
100
AcDbEntity
  8
SIDEWALK_PATH
100
AcDbPolyline
 90
12
 70
1
 10
171.04136017785822
 20
573.0857106977978
 10
171.0264284877225
 20
573.0857106977978
 10
171.0264284877225
 20
573.0857106977978
 10
170.96670172717972
 20
574.1607923875682
 10
170.96670172717972
 20
574.1607923875682
 10
171.04136017785822
 20
573.0857106977978
 10
171.0264284877225
 20
573.0857106977978
 10
170.96670172717972
 20
574.1607923875682
 10
170.96670172717972
 20
574.1607923875682
 10
170.9816334173154
 20
573.0857106977978
 10
170.9816334173154
 20
573.0857106977978
 10
171.0264284877225
 20
573.0857106977978
  0
LWPOLYLINE
  5
36A1
330
17
100
AcDbEntity
  8
SIDEWALK_PATH
100
AcDbPolyline
 90
6
 70
1
 10
171.04136017785822
 20
573.0857106977978
 10
170.99656510745112
 20
573.9666804158041
 10
170.99656510745112
 20
573.9666804158041
 10
170.96670172717972
 20
574.1607923875682
 10
170.96670172717972
 20
574.1607923875682
 10
171.04136017785822
 20
573.0857106977978
  0
LWPOLYLINE
  5
36A2
330
17
100
AcDbEntity
  8
SIDEWALK_PATH
100
AcDbPolyline
 90
12
 70
1
 10
200.47151843651375
 20
573.2051642188834
 10
200.48645012664946
 20
572.9363937964408
 10
200.48645012664946
 20
572.9363937964408
 10
195.3649255209508
 20
573.1902325287477
 10
195.3649255209508
 20
573.1902325287477
 10
200.47151843651375
 20
573.2051642188834
 10
200.48645012664946
 20
572.9363937964408
 10
195.3649255209508
 20
573.1902325287477
 10
195.3649255209508
 20
573.1902325287477
 10
195.37985721108652
 20
572.8915987260337
 10
195.37985721108652
 20
572.8915987260337
 10
200.48645012664946
 20
572.9363937964408
  0
LWPOLYLINE
  5
36A3
330
17
100
AcDbEntity
  8
SIDEWALK_PATH
100
AcDbPolyline
 90
12
 70
1
 10
195.3649255209508
 20
573.1902325287477
 10
195.37985721108652
 20
572.8915987260337
 10
195.37985721108652
 20
572.8915987260337
 10
193.03558185978167
 20
573.175300838612
 10
193.03558185978167
 20
573.175300838612
 10
195.3649255209508
 20
573.1902325287477
 10
195.37985721108652
 20
572.8915987260337
 10
193.03558185978167
 20
573.175300838612
 10
193.03558185978167
 20
573.175300838612
 10
193.05051354991735
 20
572.8617353457623
 10
193.05051354991735
 20
572.8617353457623
 10
195.37985721108652
 20
572.8915987260337
  0
LWPOLYLINE
  5
36A4
330
17
100
AcDbEntity
  8
SIDEWALK_PATH
100
AcDbPolyline
 90
12
 70
1
 10
193.03558185978167
 20
573.175300838612
 10
193.05051354991735
 20
572.8617353457623
 10
193.05051354991735
 20
572.8617353457623
 10
192.84146988801757
 20
573.2051642188834
 10
192.84146988801757
 20
573.2051642188834
 10
193.03558185978167
 20
573.175300838612
 10
193.05051354991735
 20
572.8617353457623
 10
192.84146988801757
 20
573.2051642188834
 10
192.84146988801757
 20
573.2051642188834
 10
192.85640157815325
 20
572.8617353457623
 10
192.85640157815325
 20
572.8617353457623
 10
193.05051354991735
 20
572.8617353457623
  0
LWPOLYLINE
  5
36A5
330
17
100
AcDbEntity
  8
SIDEWALK_PATH
100
AcDbPolyline
 90
12
 70
1
 10
192.84146988801757
 20
573.2051642188834
 10
192.85640157815325
 20
572.8617353457623
 10
192.85640157815325
 20
572.8617353457623
 10
192.64738047167663
 20
573.2499592892905
 10
192.64738047167663
 20
573.2499592892905
 10
192.84146988801757
 20
573.2051642188834
 10
192.85640157815325
 20
572.8617353457623
 10
192.64738047167663
 20
573.2499592892905
 10
192.64738047167663
 20
573.2499592892905
 10
192.66231216181234
 20
572.8617353457623
 10
192.66231216181234
 20
572.8617353457623
 10
192.85640157815325
 20
572.8617353457623
  0
LWPOLYLINE
  5
36A6
330
17
100
AcDbEntity
  8
SIDEWALK_PATH
100
AcDbPolyline
 90
12
 70
1
 10
192.64738047167663
 20
573.2499592892905
 10
192.66231216181234
 20
572.8617353457623
 10
192.66231216181234
 20
572.8617353457623
 10
192.46820019004824
 20
573.3544811202404
 10
192.46820019004824
 20
573.3544811202404
 10
192.64738047167663
 20
573.2499592892905
 10
192.66231216181234
 20
572.8617353457623
 10
192.46820019004824
 20
573.3544811202404
 10
192.46820019004824
 20
573.3544811202404
 10
192.48313188018395
 20
572.8617353457623
 10
192.48313188018395
 20
572.8617353457623
 10
192.66231216181234
 20
572.8617353457623
  0
LWPOLYLINE
  5
36A7
330
17
100
AcDbEntity
  8
SIDEWALK_PATH
100
AcDbPolyline
 90
12
 70
1
 10
192.46820019004824
 20
573.3544811202404
 10
192.48313188018395
 20
572.8617353457623
 10
192.48313188018395
 20
572.8617353457623
 10
192.30395159855553
 20
573.473934641326
 10
192.30395159855553
 20
573.473934641326
 10
192.46820019004824
 20
573.3544811202404
 10
192.48313188018395
 20
572.8617353457623
 10
192.30395159855553
 20
573.473934641326
 10
192.30395159855553
 20
573.473934641326
 10
192.33381497882695
 20
572.8617353457623
 10
192.33381497882695
 20
572.8617353457623
 10
192.48313188018395
 20
572.8617353457623
  0
LWPOLYLINE
  5
36A8
330
17
100
AcDbEntity
  8
SIDEWALK_PATH
100
AcDbPolyline
 90
12
 70
1
 10
192.30395159855553
 20
573.473934641326
 10
192.33381497882695
 20
572.8617353457623
 10
192.33381497882695
 20
572.8617353457623
 10
192.16956638733424
 20
573.6381832328187
 10
192.16956638733424
 20
573.6381832328187
 10
192.30395159855553
 20
573.473934641326
 10
192.33381497882695
 20
572.8617353457623
 10
192.16956638733424
 20
573.6381832328187
 10
192.16956638733424
 20
573.6381832328187
 10
192.21436145774135
 20
572.8617353457623
 10
192.21436145774135
 20
572.8617353457623
 10
192.33381497882695
 20
572.8617353457623
  0
LWPOLYLINE
  5
36A9
330
17
100
AcDbEntity
  8
SIDEWALK_PATH
100
AcDbPolyline
 90
12
 70
1
 10
192.16956638733424
 20
573.6381832328187
 10
192.21436145774135
 20
572.8617353457623
 10
192.21436145774135
 20
572.8617353457623
 10
192.07997624652003
 20
573.8173635144472
 10
192.07997624652003
 20
573.8173635144472
 10
192.16956638733424
 20
573.6381832328187
 10
192.21436145774135
 20
572.8617353457623
 10
192.07997624652003
 20
573.8173635144472
 10
192.07997624652003
 20
573.8173635144472
 10
192.12477131692714
 20
572.8617353457623
 10
192.12477131692714
 20
572.8617353457623
 10
192.21436145774135
 20
572.8617353457623
  0
LWPOLYLINE
  5
36AA
330
17
100
AcDbEntity
  8
SIDEWALK_PATH
100
AcDbPolyline
 90
12
 70
1
 10
192.07997624652003
 20
573.8173635144472
 10
192.12477131692714
 20
572.8617353457623
 10
192.12477131692714
 20
572.8617353457623
 10
192.00531779584153
 20
574.0114754862112
 10
192.00531779584153
 20
574.0114754862112
 10
192.07997624652003
 20
573.8173635144472
 10
192.12477131692714
 20
572.8617353457623
 10
192.00531779584153
 20
574.0114754862112
 10
192.00531779584153
 20
574.0114754862112
 10
192.06504455638435
 20
572.8617353457623
 10
192.06504455638435
 20
572.8617353457623
 10
192.12477131692714
 20
572.8617353457623
  0
LWPOLYLINE
  5
36AB
330
17
100
AcDbEntity
  8
SIDEWALK_PATH
100
AcDbPolyline
 90
6
 70
1
 10
192.05011286624864
 20
572.8617353457623
 10
191.97545441557014
 20
574.5042212606893
 10
191.97545441557014
 20
574.5042212606893
 10
191.99038610570585
 20
572.8617353457623
 10
191.99038610570585
 20
572.8617353457623
 10
192.05011286624864
 20
572.8617353457623
  0
LWPOLYLINE
  5
36AC
330
17
100
AcDbEntity
  8
SIDEWALK_PATH
100
AcDbPolyline
 90
12
 70
1
 10
191.91572765502735
 20
578.7149578789566
 10
191.91572765502735
 20
578.6701628085495
 10
191.91572765502735
 20
578.6701628085495
 10
191.97545441557014
 20
574.5042212606893
 10
191.97545441557014
 20
574.5042212606893
 10
191.91572765502735
 20
578.7149578789566
 10
191.91572765502735
 20
578.6701628085495
 10
191.97545441557014
 20
574.5042212606893
 10
191.97545441557014
 20
574.5042212606893
 10
191.99038610570585
 20
574.2055874579753
 10
191.99038610570585
 20
574.2055874579753
 10
191.91572765502735
 20
578.6701628085495
  0
LWPOLYLINE
  5
36AD
330
17
100
AcDbEntity
  8
SIDEWALK_PATH
100
AcDbPolyline
 90
12
 70
1
 10
192.00531779584153
 20
574.0114754862112
 10
192.06504455638435
 20
572.8617353457623
 10
192.06504455638435
 20
572.8617353457623
 10
191.99038610570585
 20
574.2055874579753
 10
191.99038610570585
 20
574.2055874579753
 10
192.00531779584153
 20
574.0114754862112
 10
192.06504455638435
 20
572.8617353457623
 10
191.99038610570585
 20
574.2055874579753
 10
191.99038610570585
 20
574.2055874579753
 10
192.05011286624864
 20
572.8617353457623
 10
192.05011286624864
 20
572.8617353457623
 10
192.06504455638435
 20
572.8617353457623
  0
LWPOLYLINE
  5
36AE
330
17
100
AcDbEntity
  8
SIDEWALK_PATH
100
AcDbPolyline
 90
12
 70
1
 10
187.2122678177051
 20
558.945490360983
 10
187.22719950784082
 20
556.0039925150965
 10
187.22719950784082
 20
556.0039925150965
 10
187.24213119797653
 20
555.5112467406183
 10
187.24213119797653
 20
555.5112467406183
 10
187.2122678177051
 20
558.945490360983
 10
187.22719950784082
 20
556.0039925150965
 10
187.24213119797653
 20
555.5112467406183
 10
187.24213119797653
 20
555.5112467406183
 10
187.24213119797653
 20
555.4963150504826
 10
187.24213119797653
 20
555.4963150504826
 10
187.22719950784082
 20
556.0039925150965
  0
LWPOLYLINE
  5
36AF
330
17
100
AcDbEntity
  8
SIDEWALK_PATH
100
AcDbPolyline
 90
12
 70
1
 10
187.22719950784082
 20
556.0039925150965
 10
187.24213119797653
 20
555.4963150504826
 10
187.24213119797653
 20
555.4963150504826
 10
187.2122678177051
 20
545.9401235853275
 10
187.2122678177051
 20
545.9401235853275
 10
187.22719950784082
 20
556.0039925150965
 10
187.24213119797653
 20
555.4963150504826
 10
187.2122678177051
 20
545.9401235853275
 10
187.2122678177051
 20
545.9401235853275
 10
187.39144809933353
 20
542.3117228823525
 10
187.39144809933353
 20
542.3117228823525
 10
187.24213119797653
 20
555.4963150504826
  0
LWPOLYLINE
  5
36B0
330
17
100
AcDbEntity
  8
SIDEWALK_PATH
100
AcDbPolyline
 90
12
 70
1
 10
187.2122678177051
 20
545.9401235853275
 10
187.39144809933353
 20
542.3117228823525
 10
187.39144809933353
 20
542.3117228823525
 10
187.2122678177051
 20
529.6049447985647
 10
187.2122678177051
 20
529.6049447985647
 10
187.2122678177051
 20
545.9401235853275
 10
187.39144809933353
 20
542.3117228823525
 10
187.2122678177051
 20
529.6049447985647
 10
187.2122678177051
 20
529.6049447985647
 10
187.27199457824793
 20
528.1565708554018
 10
187.27199457824793
 20
528.1565708554018
 10
187.39144809933353
 20
542.3117228823525
  0
LWPOLYLINE
  5
36B1
330
17
100
AcDbEntity
  8
SIDEWALK_PATH
100
AcDbPolyline
 90
12
 70
1
 10
187.2122678177051
 20
529.6049447985647
 10
187.27199457824793
 20
528.1565708554018
 10
187.27199457824793
 20
528.1565708554018
 10
187.19733612756943
 20
529.5004229676148
 10
187.19733612756943
 20
529.5004229676148
 10
187.2122678177051
 20
529.6049447985647
 10
187.27199457824793
 20
528.1565708554018
 10
187.19733612756943
 20
529.5004229676148
 10
187.19733612756943
 20
529.5004229676148
 10
187.27199457824793
 20
528.0669807145877
 10
187.27199457824793
 20
528.0669807145877
 10
187.27199457824793
 20
528.1565708554018
  0
LWPOLYLINE
  5
36B2
330
17
100
AcDbEntity
  8
SIDEWALK_PATH
100
AcDbPolyline
 90
12
 70
1
 10
187.19733612756943
 20
529.4854912774791
 10
187.19733612756943
 20
529.4854912774791
 10
187.19733612756943
 20
529.4854912774791
 10
187.27199457824793
 20
528.0669807145877
 10
187.27199457824793
 20
528.0669807145877
 10
187.19733612756943
 20
529.4854912774791
 10
187.19733612756943
 20
529.4854912774791
 10
187.27199457824793
 20
528.0669807145877
 10
187.27199457824793
 20
528.0669807145877
 10
187.19733612756943
 20
529.5004229676148
 10
187.19733612756943
 20
529.5004229676148
 10
187.19733612756943
 20
529.4854912774791
  0
LWPOLYLINE
  5
36B3
330
17
100
AcDbEntity
  8
SIDEWALK_PATH
100
AcDbPolyline
 90
12
 70
1
 10
187.27199457824793
 20
528.0669807145877
 10
187.24213119797653
 20
528.0669807145877
 10
187.24213119797653
 20
528.0669807145877
 10
187.2122678177051
 20
528.7837018411012
 10
187.2122678177051
 20
528.7837018411012
 10
187.27199457824793
 20
528.0669807145877
 10
187.24213119797653
 20
528.0669807145877
 10
187.2122678177051
 20
528.7837018411012
 10
187.2122678177051
 20
528.7837018411012
 10
187.24213119797653
 20
528.0819124047233
 10
187.24213119797653
 20
528.0819124047233
 10
187.24213119797653
 20
528.0669807145877
  0
LWPOLYLINE
  5
36B4
330
17
100
AcDbEntity
  8
SIDEWALK_PATH
100
AcDbPolyline
 90
6
 70
1
 10
187.27199457824793
 20
528.0669807145877
 10
187.19733612756943
 20
529.4854912774791
 10
187.19733612756943
 20
529.4854912774791
 10
187.2122678177051
 20
528.7837018411012
 10
187.2122678177051
 20
528.7837018411012
 10
187.27199457824793
 20
528.0669807145877
  0
LWPOLYLINE
  5
36B5
330
17
100
AcDbEntity
  8
SIDEWALK_PATH
100
AcDbPolyline
 90
6
 70
1
 10
135.05622378276527
 20
564.8883030349914
 10
134.92183857154396
 20
564.8435079645843
 10
134.92183857154396
 20
564.8435079645843
 10
135.07115547290095
 20
561.8422382473086
 10
135.07115547290095
 20
561.8422382473086
 10
135.05622378276527
 20
564.8883030349914
  0
LWPOLYLINE
  5
36B6
330
17
100
AcDbEntity
  8
SIDEWALK_PATH
100
AcDbPolyline
 90
12
 70
1
 10
134.92183857154396
 20
564.8435079645843
 10
135.07115547290095
 20
561.8422382473086
 10
135.07115547290095
 20
561.8422382473086
 10
134.99649702222246
 20
558.7215601197937
 10
134.99649702222246
 20
558.7215601197937
 10
134.92183857154396
 20
564.8435079645843
 10
135.07115547290095
 20
561.8422382473086
 10
134.99649702222246
 20
558.7215601197937
 10
134.99649702222246
 20
558.7215601197937
 10
135.08608716303667
 20
556.9596206837812
 10
135.08608716303667
 20
556.9596206837812
 10
135.07115547290095
 20
561.8422382473086
  0
LWPOLYLINE
  5
36B7
330
17
100
AcDbEntity
  8
SIDEWALK_PATH
100
AcDbPolyline
 90
12
 70
1
 10
134.99649702222246
 20
558.7215601197937
 10
135.08608716303667
 20
556.9596206837812
 10
135.08608716303667
 20
556.9596206837812
 10
134.99649702222246
 20
553.5999904032487
 10
134.99649702222246
 20
553.5999904032487
 10
134.99649702222246
 20
558.7215601197937
 10
135.08608716303667
 20
556.9596206837812
 10
134.99649702222246
 20
553.5999904032487
 10
134.99649702222246
 20
553.5999904032487
 10
135.08608716303667
 20
551.7485059372683
 10
135.08608716303667
 20
551.7485059372683
 10
135.08608716303667
 20
556.9596206837812
  0
LWPOLYLINE
  5
36B8
330
17
100
AcDbEntity
  8
SIDEWALK_PATH
100
AcDbPolyline
 90
12
 70
1
 10
134.99649702222246
 20
553.5999904032487
 10
135.08608716303667
 20
551.7485059372683
 10
135.08608716303667
 20
551.7485059372683
 10
135.01142871235817
 20
548.5680559383643
 10
135.01142871235817
 20
548.5680559383643
 10
134.99649702222246
 20
553.5999904032487
 10
135.08608716303667
 20
551.7485059372683
 10
135.01142871235817
 20
548.5680559383643
 10
135.01142871235817
 20
548.5680559383643
 10
135.10101885317235
 20
546.6418679108591
 10
135.10101885317235
 20
546.6418679108591
 10
135.08608716303667
 20
551.7485059372683
  0
LWPOLYLINE
  5
36B9
330
17
100
AcDbEntity
  8
SIDEWALK_PATH
100
AcDbPolyline
 90
12
 70
1
 10
135.01142871235817
 20
548.5680559383643
 10
135.10101885317235
 20
546.6418679108591
 10
135.10101885317235
 20
546.6418679108591
 10
135.01142871235817
 20
543.5510531636155
 10
135.01142871235817
 20
543.5510531636155
 10
135.01142871235817
 20
548.5680559383643
 10
135.10101885317235
 20
546.6418679108591
 10
135.01142871235817
 20
543.5510531636155
 10
135.01142871235817
 20
543.5510531636155
 10
135.11595054330806
 20
541.5203433051604
 10
135.11595054330806
 20
541.5203433051604
 10
135.10101885317235
 20
546.6418679108591
  0
LWPOLYLINE
  5
36BA
330
17
100
AcDbEntity
  8
SIDEWALK_PATH
100
AcDbPolyline
 90
12
 70
1
 10
135.01142871235817
 20
543.5510531636155
 10
135.11595054330806
 20
541.5203433051604
 10
135.11595054330806
 20
541.5203433051604
 10
135.01142871235817
 20
541.6995235867888
 10
135.01142871235817
 20
541.6995235867888
 10
135.01142871235817
 20
543.5510531636155
 10
135.11595054330806
 20
541.5203433051604
 10
135.01142871235817
 20
541.6995235867888
 10
135.01142871235817
 20
541.6995235867888
 10
135.11595054330806
 20
539.6389503480623
 10
135.11595054330806
 20
539.6389503480623
 10
135.11595054330806
 20
541.5203433051604
  0
LWPOLYLINE
  5
36BB
330
17
100
AcDbEntity
  8
SIDEWALK_PATH
100
AcDbPolyline
 90
12
 70
1
 10
135.11595054330806
 20
539.6389503480623
 10
135.11595054330806
 20
538.2652799664241
 10
135.11595054330806
 20
538.2652799664241
 10
135.01142871235817
 20
540.3407397844401
 10
135.01142871235817
 20
540.3407397844401
 10
135.11595054330806
 20
539.6389503480623
 10
135.11595054330806
 20
538.2652799664241
 10
135.01142871235817
 20
540.3407397844401
 10
135.01142871235817
 20
540.3407397844401
 10
135.02636040249385
 20
538.325006726967
 10
135.02636040249385
 20
538.325006726967
 10
135.11595054330806
 20
538.2652799664241
  0
LWPOLYLINE
  5
36BC
330
17
100
AcDbEntity
  8
SIDEWALK_PATH
100
AcDbPolyline
 90
6
 70
1
 10
135.11595054330806
 20
539.6389503480623
 10
135.01142871235817
 20
541.6995235867888
 10
135.01142871235817
 20
541.6995235867888
 10
135.01142871235817
 20
540.3407397844401
 10
135.01142871235817
 20
540.3407397844401
 10
135.11595054330806
 20
539.6389503480623
  0
LWPOLYLINE
  5
36BD
330
17
100
AcDbEntity
  8
SIDEWALK_PATH
100
AcDbPolyline
 90
6
 70
1
 10
136.51952941606382
 20
409.8834652857588
 10
136.50459772592814
 20
410.0925089476586
 10
136.50459772592814
 20
410.0925089476586
 10
136.50459772592814
 20
409.8685335956231
 10
136.50459772592814
 20
409.8685335956231
 10
136.51952941606382
 20
409.8834652857588
  0
LWPOLYLINE
  5
36BE
330
17
100
AcDbEntity
  8
SIDEWALK_PATH
100
AcDbPolyline
 90
12
 70
1
 10
136.50459772592814
 20
410.0925089476586
 10
136.50459772592814
 20
409.8685335956231
 10
136.50459772592814
 20
409.8685335956231
 10
136.45980265552103
 20
410.2418258490156
 10
136.45980265552103
 20
410.2418258490156
 10
136.50459772592814
 20
410.0925089476586
 10
136.50459772592814
 20
409.8685335956231
 10
136.45980265552103
 20
410.2418258490156
 10
136.45980265552103
 20
410.2418258490156
 10
136.48966603579242
 20
409.6893533139947
 10
136.48966603579242
 20
409.6893533139947
 10
136.50459772592814
 20
409.8685335956231
  0
LWPOLYLINE
  5
36BF
330
17
100
AcDbEntity
  8
SIDEWALK_PATH
100
AcDbPolyline
 90
12
 70
1
 10
136.45980265552103
 20
410.2418258490156
 10
136.48966603579242
 20
409.6893533139947
 10
136.48966603579242
 20
409.6893533139947
 10
136.44487096538532
 20
410.28657580857634
 10
136.44487096538532
 20
410.28657580857634
 10
136.45980265552103
 20
410.2418258490156
 10
136.48966603579242
 20
409.6893533139947
 10
136.44487096538532
 20
410.28657580857634
 10
136.44487096538532
 20
410.28657580857634
 10
136.47473434565674
 20
409.67442162385896
 10
136.47473434565674
 20
409.67442162385896
 10
136.48966603579242
 20
409.6893533139947
  0
LWPOLYLINE
  5
36C0
330
17
100
AcDbEntity
  8
SIDEWALK_PATH
100
AcDbPolyline
 90
12
 70
1
 10
136.44487096538532
 20
410.28657580857634
 10
136.47473434565674
 20
409.67442162385896
 10
136.47473434565674
 20
409.67442162385896
 10
136.38514420484253
 20
410.43589270993334
 10
136.38514420484253
 20
410.43589270993334
 10
136.44487096538532
 20
410.28657580857634
 10
136.47473434565674
 20
409.67442162385896
 10
136.38514420484253
 20
410.43589270993334
 10
136.38514420484253
 20
410.43589270993334
 10
136.42993927524964
 20
409.4952413422306
 10
136.42993927524964
 20
409.4952413422306
 10
136.47473434565674
 20
409.67442162385896
  0
LWPOLYLINE
  5
36C1
330
17
100
AcDbEntity
  8
SIDEWALK_PATH
100
AcDbPolyline
 90
12
 70
1
 10
136.38514420484253
 20
410.43589270993334
 10
136.42993927524964
 20
409.4952413422306
 10
136.42993927524964
 20
409.4952413422306
 10
136.37021251470682
 20
410.4657560902047
 10
136.37021251470682
 20
410.4657560902047
 10
136.38514420484253
 20
410.43589270993334
 10
136.42993927524964
 20
409.4952413422306
 10
136.37021251470682
 20
410.4657560902047
 10
136.37021251470682
 20
410.4657560902047
 10
136.41500758511393
 20
409.4803096520949
 10
136.41500758511393
 20
409.4803096520949
 10
136.42993927524964
 20
409.4952413422306
  0
LWPOLYLINE
  5
36C2
330
17
100
AcDbEntity
  8
SIDEWALK_PATH
100
AcDbPolyline
 90
12
 70
1
 10
136.37021251470682
 20
410.4657560902047
 10
136.41500758511393
 20
409.4803096520949
 10
136.41500758511393
 20
409.4803096520949
 10
136.26569068375693
 20
410.60018641227236
 10
136.26569068375693
 20
410.60018641227236
 10
136.37021251470682
 20
410.4657560902047
 10
136.41500758511393
 20
409.4803096520949
 10
136.26569068375693
 20
410.60018641227236
 10
136.26569068375693
 20
410.60018641227236
 10
136.32541744429975
 20
409.3309927507379
 10
136.32541744429975
 20
409.3309927507379
 10
136.41500758511393
 20
409.4803096520949
  0
LWPOLYLINE
  5
36C3
330
17
100
AcDbEntity
  8
SIDEWALK_PATH
100
AcDbPolyline
 90
12
 70
1
 10
136.26569068375693
 20
410.60018641227236
 10
136.32541744429975
 20
409.3309927507379
 10
136.32541744429975
 20
409.3309927507379
 10
136.25075899362125
 20
410.6300497925438
 10
136.25075899362125
 20
410.6300497925438
 10
136.26569068375693
 20
410.60018641227236
 10
136.32541744429975
 20
409.3309927507379
 10
136.25075899362125
 20
410.6300497925438
 10
136.25075899362125
 20
410.6300497925438
 10
136.31048575416403
 20
409.3907195112807
 10
136.31048575416403
 20
409.3907195112807
 10
136.32541744429975
 20
409.3309927507379
  0
LWPOLYLINE
  5
36C4
330
17
100
AcDbEntity
  8
SIDEWALK_PATH
100
AcDbPolyline
 90
12
 70
1
 10
136.25075899362125
 20
410.6300497925438
 10
136.31048575416403
 20
409.3907195112807
 10
136.31048575416403
 20
409.3907195112807
 10
136.10144209226425
 20
410.7643898929187
 10
136.10144209226425
 20
410.7643898929187
 10
136.25075899362125
 20
410.6300497925438
 10
136.31048575416403
 20
409.3907195112807
 10
136.10144209226425
 20
410.7643898929187
 10
136.10144209226425
 20
410.7643898929187
 10
136.13130547253564
 20
409.91332866603017
 10
136.13130547253564
 20
409.91332866603017
 10
136.31048575416403
 20
409.3907195112807
  0
LWPOLYLINE
  5
36C5
330
17
100
AcDbEntity
  8
SIDEWALK_PATH
100
AcDbPolyline
 90
12
 70
1
 10
136.10144209226425
 20
410.7643898929187
 10
136.13130547253564
 20
409.91332866603017
 10
136.13130547253564
 20
409.91332866603017
 10
136.08651040212854
 20
410.7643898929187
 10
136.08651040212854
 20
410.7643898929187
 10
136.10144209226425
 20
410.7643898929187
 10
136.13130547253564
 20
409.91332866603017
 10
136.08651040212854
 20
410.7643898929187
 10
136.08651040212854
 20
410.7643898929187
 10
136.13130547253564
 20
409.92821524531956
 10
136.13130547253564
 20
409.92821524531956
 10
136.13130547253564
 20
409.91332866603017
  0
LWPOLYLINE
  5
36C6
330
17
100
AcDbEntity
  8
SIDEWALK_PATH
100
AcDbPolyline
 90
12
 70
1
 10
136.13130547253564
 20
409.92821524531956
 10
135.95212519090725
 20
410.4060293296619
 10
135.95212519090725
 20
410.4060293296619
 10
135.92226181063583
 20
410.86895683471494
 10
135.92226181063583
 20
410.86895683471494
 10
136.13130547253564
 20
409.92821524531956
 10
135.95212519090725
 20
410.4060293296619
 10
135.92226181063583
 20
410.86895683471494
 10
135.92226181063583
 20
410.86895683471494
 10
135.74308152900744
 20
410.9435701745471
 10
135.74308152900744
 20
410.9435701745471
 10
135.95212519090725
 20
410.4060293296619
  0
LWPOLYLINE
  5
36C7
330
17
100
AcDbEntity
  8
SIDEWALK_PATH
100
AcDbPolyline
 90
6
 70
1
 10
136.13130547253564
 20
409.92821524531956
 10
136.08651040212854
 20
410.7643898929187
 10
136.08651040212854
 20
410.7643898929187
 10
135.92226181063583
 20
410.86895683471494
 10
135.92226181063583
 20
410.86895683471494
 10
136.13130547253564
 20
409.92821524531956
  0
LWPOLYLINE
  5
36C8
330
17
100
AcDbEntity
  8
SIDEWALK_PATH
100
AcDbPolyline
 90
6
 70
1
 10
135.62362800792184
 20
401.6710808219703
 10
135.54896955724334
 20
401.02901814613523
 10
135.54896955724334
 20
401.02901814613523
 10
135.62362800792184
 20
399.5657125128366
 10
135.62362800792184
 20
399.5657125128366
 10
135.62362800792184
 20
401.6710808219703
  0
LWPOLYLINE
  5
36C9
330
17
100
AcDbEntity
  8
SIDEWALK_PATH
100
AcDbPolyline
 90
12
 70
1
 10
135.62362800792184
 20
399.5657125128366
 10
135.62362800792184
 20
398.6250611451339
 10
135.62362800792184
 20
398.6250611451339
 10
135.56390124737905
 20
399.89420969582204
 10
135.56390124737905
 20
399.89420969582204
 10
135.62362800792184
 20
399.5657125128366
 10
135.62362800792184
 20
398.6250611451339
 10
135.56390124737905
 20
399.89420969582204
 10
135.56390124737905
 20
399.89420969582204
 10
135.63855969805755
 20
392.7121118513968
 10
135.63855969805755
 20
392.7121118513968
 10
135.62362800792184
 20
398.6250611451339
  0
LWPOLYLINE
  5
36CA
330
17
100
AcDbEntity
  8
SIDEWALK_PATH
100
AcDbPolyline
 90
6
 70
1
 10
135.62362800792184
 20
399.5657125128366
 10
135.54896955724334
 20
401.02901814613523
 10
135.54896955724334
 20
401.02901814613523
 10
135.56390124737905
 20
399.89420969582204
 10
135.56390124737905
 20
399.89420969582204
 10
135.62362800792184
 20
399.5657125128366
  0
LWPOLYLINE
  5
36CB
330
17
100
AcDbEntity
  8
SIDEWALK_PATH
100
AcDbPolyline
 90
6
 70
1
 10
116.94420770298898
 20
494.70981050566627
 10
116.85461756217478
 20
494.724742195802
 10
116.85461756217478
 20
494.724742195802
 10
116.94420770298898
 20
493.0075978301965
 10
116.94420770298898
 20
493.0075978301965
 10
116.94420770298898
 20
494.70981050566627
  0
LWPOLYLINE
  5
36CC
330
17
100
AcDbEntity
  8
SIDEWALK_PATH
100
AcDbPolyline
 90
12
 70
1
 10
116.94420770298898
 20
493.0075978301965
 10
116.94420770298898
 20
488.9014281537254
 10
116.94420770298898
 20
488.9014281537254
 10
116.85461756217478
 20
490.514050688381
 10
116.85461756217478
 20
490.514050688381
 10
116.94420770298898
 20
493.0075978301965
 10
116.94420770298898
 20
488.9014281537254
 10
116.85461756217478
 20
490.514050688381
 10
116.85461756217478
 20
490.514050688381
 10
116.85461756217478
 20
488.87156477345405
 10
116.85461756217478
 20
488.87156477345405
 10
116.94420770298898
 20
488.9014281537254
  0
LWPOLYLINE
  5
36CD
330
17
100
AcDbEntity
  8
SIDEWALK_PATH
100
AcDbPolyline
 90
6
 70
1
 10
116.94420770298898
 20
493.0075978301965
 10
116.85461756217478
 20
494.724742195802
 10
116.85461756217478
 20
494.724742195802
 10
116.85461756217478
 20
490.514050688381
 10
116.85461756217478
 20
490.514050688381
 10
116.94420770298898
 20
493.0075978301965
  0
LWPOLYLINE
  5
36CE
330
17
100
AcDbEntity
  8
SIDEWALK_PATH
100
AcDbPolyline
 90
6
 70
1
 10
123.94712526578579
 20
294.8206279844448
 10
121.09519500529032
 20
295.3432371391943
 10
121.09519500529032
 20
295.3432371391943
 10
121.12505838556172
 20
294.77583291403766
 10
121.12505838556172
 20
294.77583291403766
 10
123.94712526578579
 20
294.8206279844448
  0
LWPOLYLINE
  5
36CF
330
17
100
AcDbEntity
  8
SIDEWALK_PATH
100
AcDbPolyline
 90
12
 70
1
 10
121.09519500529032
 20
295.3432371391943
 10
121.12505838556172
 20
294.77583291403766
 10
121.12505838556172
 20
294.77583291403766
 10
120.72190275189783
 20
295.4178955898728
 10
120.72190275189783
 20
295.4178955898728
 10
121.09519500529032
 20
295.3432371391943
 10
121.12505838556172
 20
294.77583291403766
 10
120.72190275189783
 20
295.4178955898728
 10
120.72190275189783
 20
295.4178955898728
 10
120.75176613216922
 20
294.760901223902
 10
120.75176613216922
 20
294.760901223902
 10
121.12505838556172
 20
294.77583291403766
  0
LWPOLYLINE
  5
36D0
330
17
100
AcDbEntity
  8
SIDEWALK_PATH
100
AcDbPolyline
 90
12
 70
1
 10
120.72190275189783
 20
295.4178955898728
 10
120.75176613216922
 20
294.760901223902
 10
120.75176613216922
 20
294.760901223902
 10
120.37847387877673
 20
295.4776223504156
 10
120.37847387877673
 20
295.4776223504156
 10
120.72190275189783
 20
295.4178955898728
 10
120.75176613216922
 20
294.760901223902
 10
120.37847387877673
 20
295.4776223504156
 10
120.37847387877673
 20
295.4776223504156
 10
120.40833725904814
 20
294.7310378436306
 10
120.40833725904814
 20
294.7310378436306
 10
120.75176613216922
 20
294.760901223902
  0
LWPOLYLINE
  5
36D1
330
17
100
AcDbEntity
  8
SIDEWALK_PATH
100
AcDbPolyline
 90
12
 70
1
 10
120.37847387877673
 20
295.4776223504156
 10
120.40833725904814
 20
294.7310378436306
 10
120.40833725904814
 20
294.7310378436306
 10
120.30381542809823
 20
295.4925540405513
 10
120.30381542809823
 20
295.4925540405513
 10
120.37847387877673
 20
295.4776223504156
 10
120.40833725904814
 20
294.7310378436306
 10
120.30381542809823
 20
295.4925540405513
 10
120.30381542809823
 20
295.4925540405513
 10
120.34861049850534
 20
294.7310378436306
 10
120.34861049850534
 20
294.7310378436306
 10
120.40833725904814
 20
294.7310378436306
  0
LWPOLYLINE
  5
36D2
330
17
100
AcDbEntity
  8
SIDEWALK_PATH
100
AcDbPolyline
 90
12
 70
1
 10
120.30381542809823
 20
295.4925540405513
 10
120.34861049850534
 20
294.7310378436306
 10
120.34861049850534
 20
294.7310378436306
 10
120.00518162538424
 20
295.52241742082265
 10
120.00518162538424
 20
295.52241742082265
 10
120.30381542809823
 20
295.4925540405513
 10
120.34861049850534
 20
294.7310378436306
 10
120.00518162538424
 20
295.52241742082265
 10
120.00518162538424
 20
295.52241742082265
 10
120.04997669579134
 20
294.6713110830878
 10
120.04997669579134
 20
294.6713110830878
 10
120.34861049850534
 20
294.7310378436306
  0
LWPOLYLINE
  5
36D3
330
17
100
AcDbEntity
  8
SIDEWALK_PATH
100
AcDbPolyline
 90
12
 70
1
 10
120.00518162538424
 20
295.52241742082265
 10
120.04997669579134
 20
294.6713110830878
 10
120.04997669579134
 20
294.6713110830878
 10
119.90065979443435
 20
295.507485730687
 10
119.90065979443435
 20
295.507485730687
 10
120.00518162538424
 20
295.52241742082265
 10
120.04997669579134
 20
294.6713110830878
 10
119.90065979443435
 20
295.507485730687
 10
119.90065979443435
 20
295.507485730687
 10
119.94545486484144
 20
294.6414477028164
 10
119.94545486484144
 20
294.6414477028164
 10
120.04997669579134
 20
294.6713110830878
  0
LWPOLYLINE
  5
36D4
330
17
100
AcDbEntity
  8
SIDEWALK_PATH
100
AcDbPolyline
 90
12
 70
1
 10
119.90065979443435
 20
295.507485730687
 10
119.94545486484144
 20
294.6414477028164
 10
119.94545486484144
 20
294.6414477028164
 10
119.51244712861774
 20
295.4925540405513
 10
119.51244712861774
 20
295.4925540405513
 10
119.90065979443435
 20
295.507485730687
 10
119.94545486484144
 20
294.6414477028164
 10
119.51244712861774
 20
295.4925540405513
 10
119.51244712861774
 20
295.4925540405513
 10
119.55724219902484
 20
294.5070624915951
 10
119.55724219902484
 20
294.5070624915951
 10
119.94545486484144
 20
294.6414477028164
  0
LWPOLYLINE
  5
36D5
330
17
100
AcDbEntity
  8
SIDEWALK_PATH
100
AcDbPolyline
 90
12
 70
1
 10
119.51244712861774
 20
295.4925540405513
 10
119.55724219902484
 20
294.5070624915951
 10
119.55724219902484
 20
294.5070624915951
 10
119.43778867793924
 20
295.4925540405513
 10
119.43778867793924
 20
295.4925540405513
 10
119.51244712861774
 20
295.4925540405513
 10
119.55724219902484
 20
294.5070624915951
 10
119.43778867793924
 20
295.4925540405513
 10
119.43778867793924
 20
295.4925540405513
 10
119.48258374834634
 20
294.462267421188
 10
119.48258374834634
 20
294.462267421188
 10
119.55724219902484
 20
294.5070624915951
  0
LWPOLYLINE
  5
36D6
330
17
100
AcDbEntity
  8
SIDEWALK_PATH
100
AcDbPolyline
 90
12
 70
1
 10
119.43778867793924
 20
295.4925540405513
 10
119.48258374834634
 20
294.462267421188
 10
119.48258374834634
 20
294.462267421188
 10
119.13915487522524
 20
295.4029638997371
 10
119.13915487522524
 20
295.4029638997371
 10
119.43778867793924
 20
295.4925540405513
 10
119.48258374834634
 20
294.462267421188
 10
119.13915487522524
 20
295.4029638997371
 10
119.13915487522524
 20
295.4029638997371
 10
119.19888163576805
 20
294.312950519831
 10
119.19888163576805
 20
294.312950519831
 10
119.48258374834634
 20
294.462267421188
  0
LWPOLYLINE
  5
36D7
330
17
100
AcDbEntity
  8
SIDEWALK_PATH
100
AcDbPolyline
 90
12
 70
1
 10
119.13915487522524
 20
295.4029638997371
 10
119.19888163576805
 20
294.312950519831
 10
119.19888163576805
 20
294.312950519831
 10
118.79572600210415
 20
295.29844206878715
 10
118.79572600210415
 20
295.29844206878715
 10
119.13915487522524
 20
295.4029638997371
 10
119.19888163576805
 20
294.312950519831
 10
118.79572600210415
 20
295.29844206878715
 10
118.79572600210415
 20
295.29844206878715
 10
118.85545276264695
 20
294.0889751677955
 10
118.85545276264695
 20
294.0889751677955
 10
119.19888163576805
 20
294.312950519831
  0
LWPOLYLINE
  5
36D8
330
17
100
AcDbEntity
  8
SIDEWALK_PATH
100
AcDbPolyline
 90
12
 70
1
 10
118.79572600210415
 20
295.29844206878715
 10
118.85545276264695
 20
294.0889751677955
 10
118.85545276264695
 20
294.0889751677955
 10
118.79572600210415
 20
295.2835103786515
 10
118.79572600210415
 20
295.2835103786515
 10
118.79572600210415
 20
295.29844206878715
 10
118.85545276264695
 20
294.0889751677955
 10
118.79572600210415
 20
295.2835103786515
 10
118.79572600210415
 20
295.2835103786515
 10
118.85545276264695
 20
294.0740434776598
 10
118.85545276264695
 20
294.0740434776598
 10
118.85545276264695
 20
294.0889751677955
  0
LWPOLYLINE
  5
36D9
330
17
100
AcDbEntity
  8
SIDEWALK_PATH
100
AcDbPolyline
 90
12
 70
1
 10
118.79572600210415
 20
295.2835103786515
 10
118.85545276264695
 20
294.0740434776598
 10
118.85545276264695
 20
294.0740434776598
 10
118.49709219939015
 20
295.1192617871588
 10
118.49709219939015
 20
295.1192617871588
 10
118.79572600210415
 20
295.2835103786515
 10
118.85545276264695
 20
294.0740434776598
 10
118.49709219939015
 20
295.1192617871588
 10
118.49709219939015
 20
295.1192617871588
 10
118.57175065006865
 20
293.8202047453529
 10
118.57175065006865
 20
293.8202047453529
 10
118.85545276264695
 20
294.0740434776598
  0
LWPOLYLINE
  5
36DA
330
17
100
AcDbEntity
  8
SIDEWALK_PATH
100
AcDbPolyline
 90
12
 70
1
 10
118.49709219939015
 20
295.1192617871588
 10
118.57175065006865
 20
293.8202047453529
 10
118.57175065006865
 20
293.8202047453529
 10
118.48216050925446
 20
295.1043300970231
 10
118.48216050925446
 20
295.1043300970231
 10
118.49709219939015
 20
295.1192617871588
 10
118.57175065006865
 20
293.8202047453529
 10
118.48216050925446
 20
295.1043300970231
 10
118.48216050925446
 20
295.1043300970231
 10
118.55681895993295
 20
293.80527305521724
 10
118.55681895993295
 20
293.80527305521724
 10
118.57175065006865
 20
293.8202047453529
  0
LWPOLYLINE
  5
36DB
330
17
100
AcDbEntity
  8
SIDEWALK_PATH
100
AcDbPolyline
 90
12
 70
1
 10
118.48216050925446
 20
295.1043300970231
 10
118.55681895993295
 20
293.80527305521724
 10
118.55681895993295
 20
293.80527305521724
 10
118.21339008681187
 20
294.8654230548519
 10
118.21339008681187
 20
294.8654230548519
 10
118.48216050925446
 20
295.1043300970231
 10
118.55681895993295
 20
293.80527305521724
 10
118.21339008681187
 20
294.8654230548519
 10
118.21339008681187
 20
294.8654230548519
 10
118.28804853749037
 20
293.49170756236754
 10
118.28804853749037
 20
293.49170756236754
 10
118.55681895993295
 20
293.80527305521724
  0
LWPOLYLINE
  5
36DC
330
17
100
AcDbEntity
  8
SIDEWALK_PATH
100
AcDbPolyline
 90
12
 70
1
 10
118.21339008681187
 20
294.8654230548519
 10
118.28804853749037
 20
293.49170756236754
 10
118.28804853749037
 20
293.49170756236754
 10
118.13873163613337
 20
294.8056962943091
 10
118.13873163613337
 20
294.8056962943091
 10
118.21339008681187
 20
294.8654230548519
 10
118.28804853749037
 20
293.49170756236754
 10
118.13873163613337
 20
294.8056962943091
 10
118.13873163613337
 20
294.8056962943091
 10
118.21339008681187
 20
293.3871857314176
 10
118.21339008681187
 20
293.3871857314176
 10
118.28804853749037
 20
293.49170756236754
  0
LWPOLYLINE
  5
36DD
330
17
100
AcDbEntity
  8
SIDEWALK_PATH
100
AcDbPolyline
 90
12
 70
1
 10
118.13873163613337
 20
294.8056962943091
 10
118.21339008681187
 20
293.3871857314176
 10
118.21339008681187
 20
293.3871857314176
 10
117.98942601248795
 20
294.5518575620022
 10
117.98942601248795
 20
294.5518575620022
 10
118.13873163613337
 20
294.8056962943091
 10
118.21339008681187
 20
293.3871857314176
 10
117.98942601248795
 20
294.5518575620022
 10
117.98942601248795
 20
294.5518575620022
 10
118.06408446316645
 20
293.1482786892464
 10
118.06408446316645
 20
293.1482786892464
 10
118.21339008681187
 20
293.3871857314176
  0
LWPOLYLINE
  5
36DE
330
17
100
AcDbEntity
  8
SIDEWALK_PATH
100
AcDbPolyline
 90
12
 70
1
 10
117.98942601248795
 20
294.5518575620022
 10
118.06408446316645
 20
293.1482786892464
 10
118.06408446316645
 20
293.1482786892464
 10
117.89983587167376
 20
294.40254066064523
 10
117.89983587167376
 20
294.40254066064523
 10
117.98942601248795
 20
294.5518575620022
 10
118.06408446316645
 20
293.1482786892464
 10
117.89983587167376
 20
294.40254066064523
 10
117.89983587167376
 20
294.40254066064523
 10
117.97449432235226
 20
292.95416671748234
 10
117.97449432235226
 20
292.95416671748234
 10
118.06408446316645
 20
293.1482786892464
  0
LWPOLYLINE
  5
36DF
330
17
100
AcDbEntity
  8
SIDEWALK_PATH
100
AcDbPolyline
 90
12
 70
1
 10
117.89983587167376
 20
294.40254066064523
 10
117.97449432235226
 20
292.95416671748234
 10
117.97449432235226
 20
292.95416671748234
 10
117.81024573085956
 20
294.163633618474
 10
117.81024573085956
 20
294.163633618474
 10
117.89983587167376
 20
294.40254066064523
 10
117.97449432235226
 20
292.95416671748234
 10
117.81024573085956
 20
294.163633618474
 10
117.81024573085956
 20
294.163633618474
 10
117.88490418153806
 20
292.7749864358539
 10
117.88490418153806
 20
292.7749864358539
 10
117.97449432235226
 20
292.95416671748234
  0
LWPOLYLINE
  5
36E0
330
17
100
AcDbEntity
  8
SIDEWALK_PATH
100
AcDbPolyline
 90
12
 70
1
 10
117.81024573085956
 20
294.163633618474
 10
117.88490418153806
 20
292.7749864358539
 10
117.88490418153806
 20
292.7749864358539
 10
117.79531404072385
 20
294.0889751677955
 10
117.79531404072385
 20
294.0889751677955
 10
117.81024573085956
 20
294.163633618474
 10
117.88490418153806
 20
292.7749864358539
 10
117.79531404072385
 20
294.0889751677955
 10
117.79531404072385
 20
294.0889751677955
 10
117.85504080126665
 20
292.7003279851754
 10
117.85504080126665
 20
292.7003279851754
 10
117.88490418153806
 20
292.7749864358539
  0
LWPOLYLINE
  5
36E1
330
17
100
AcDbEntity
  8
SIDEWALK_PATH
100
AcDbPolyline
 90
12
 70
1
 10
117.79531404072385
 20
294.0889751677955
 10
117.85504080126665
 20
292.7003279851754
 10
117.85504080126665
 20
292.7003279851754
 10
117.69079220977396
 20
293.7007512242673
 10
117.69079220977396
 20
293.7007512242673
 10
117.79531404072385
 20
294.0889751677955
 10
117.85504080126665
 20
292.7003279851754
 10
117.69079220977396
 20
293.7007512242673
 10
117.69079220977396
 20
293.7007512242673
 10
117.76545066045246
 20
292.3867850477489
 10
117.76545066045246
 20
292.3867850477489
 10
117.85504080126665
 20
292.7003279851754
  0
LWPOLYLINE
  5
36E2
330
17
100
AcDbEntity
  8
SIDEWALK_PATH
100
AcDbPolyline
 90
12
 70
1
 10
117.69079220977396
 20
293.7007512242673
 10
117.76545066045246
 20
292.3867850477489
 10
117.76545066045246
 20
292.3867850477489
 10
117.63106544923116
 20
293.4469124919604
 10
117.63106544923116
 20
293.4469124919604
 10
117.69079220977396
 20
293.7007512242673
 10
117.76545066045246
 20
292.3867850477489
 10
117.63106544923116
 20
293.4469124919604
 10
117.63106544923116
 20
293.4469124919604
 10
117.70572389990966
 20
292.0732195548992
 10
117.70572389990966
 20
292.0732195548992
 10
117.76545066045246
 20
292.3867850477489
  0
LWPOLYLINE
  5
36E3
330
17
100
AcDbEntity
  8
SIDEWALK_PATH
100
AcDbPolyline
 90
12
 70
1
 10
117.63106544923116
 20
293.4469124919604
 10
117.70572389990966
 20
292.0732195548992
 10
117.70572389990966
 20
292.0732195548992
 10
117.64599713936686
 20
292.9243033372109
 10
117.64599713936686
 20
292.9243033372109
 10
117.63106544923116
 20
293.4469124919604
 10
117.70572389990966
 20
292.0732195548992
 10
117.64599713936686
 20
292.9243033372109
 10
117.64599713936686
 20
292.9243033372109
 10
117.69079220977396
 20
291.98362941408504
 10
117.69079220977396
 20
291.98362941408504
 10
117.70572389990966
 20
292.0732195548992
  0
LWPOLYLINE
  5
36E4
330
17
100
AcDbEntity
  8
SIDEWALK_PATH
100
AcDbPolyline
 90
12
 70
1
 10
117.64599713936686
 20
292.9243033372109
 10
117.69079220977396
 20
291.98362941408504
 10
117.69079220977396
 20
291.98362941408504
 10
117.64599713936686
 20
291.9537660338136
 10
117.64599713936686
 20
291.9537660338136
 10
117.64599713936686
 20
292.9243033372109
 10
117.69079220977396
 20
291.98362941408504
 10
117.64599713936686
 20
291.9537660338136
 10
117.64599713936686
 20
291.9537660338136
 10
117.66092882950257
 20
291.5655420902854
 10
117.66092882950257
 20
291.5655420902854
 10
117.69079220977396
 20
291.98362941408504
  0
LWPOLYLINE
  5
36E5
330
17
100
AcDbEntity
  8
SIDEWALK_PATH
100
AcDbPolyline
 90
12
 70
1
 10
117.66092882950257
 20
291.5655420902854
 10
117.79531404072385
 20
283.4427477673111
 10
117.79531404072385
 20
283.4427477673111
 10
117.70572389990966
 20
285.4585259356306
 10
117.70572389990966
 20
285.4585259356306
 10
117.66092882950257
 20
291.5655420902854
 10
117.79531404072385
 20
283.4427477673111
 10
117.70572389990966
 20
285.4585259356306
 10
117.70572389990966
 20
285.4585259356306
 10
117.92969925194515
 20
276.2307865426145
 10
117.92969925194515
 20
276.2307865426145
 10
117.79531404072385
 20
283.4427477673111
  0
LWPOLYLINE
  5
36E6
330
17
100
AcDbEntity
  8
SIDEWALK_PATH
100
AcDbPolyline
 90
6
 70
1
 10
117.66092882950257
 20
291.5655420902854
 10
117.64599713936686
 20
291.9537660338136
 10
117.64599713936686
 20
291.9537660338136
 10
117.70572389990966
 20
285.4585259356306
 10
117.70572389990966
 20
285.4585259356306
 10
117.66092882950257
 20
291.5655420902854
  0
LWPOLYLINE
  5
36E7
330
17
100
AcDbEntity
  8
SIDEWALK_PATH
100
AcDbPolyline
 90
6
 70
1
 10
120.21422528728404
 20
580.8949395279225
 10
119.81106965362015
 20
581.0293247391437
 10
119.81106965362015
 20
581.0293247391437
 10
119.81106965362015
 20
580.9994613588723
 10
119.81106965362015
 20
580.9994613588723
 10
120.21422528728404
 20
580.8949395279225
  0
LWPOLYLINE
  5
36E8
330
17
100
AcDbEntity
  8
SIDEWALK_PATH
100
AcDbPolyline
 90
12
 70
1
 10
119.81106965362015
 20
581.0293247391437
 10
119.81106965362015
 20
580.9994613588723
 10
119.81106965362015
 20
580.9994613588723
 10
119.37806191739644
 20
581.163709950365
 10
119.37806191739644
 20
581.163709950365
 10
119.81106965362015
 20
581.0293247391437
 10
119.81106965362015
 20
580.9994613588723
 10
119.37806191739644
 20
581.163709950365
 10
119.37806191739644
 20
581.163709950365
 10
119.37806191739644
 20
581.0442564292795
 10
119.37806191739644
 20
581.0442564292795
 10
119.81106965362015
 20
580.9994613588723
  0
LWPOLYLINE
  5
36E9
330
17
100
AcDbEntity
  8
SIDEWALK_PATH
100
AcDbPolyline
 90
12
 70
1
 10
119.37806191739644
 20
581.163709950365
 10
119.37806191739644
 20
581.0442564292795
 10
119.37806191739644
 20
581.0442564292795
 10
118.94504290346114
 20
581.313026851722
 10
118.94504290346114
 20
581.313026851722
 10
119.37806191739644
 20
581.163709950365
 10
119.37806191739644
 20
581.0442564292795
 10
118.94504290346114
 20
581.313026851722
 10
118.94504290346114
 20
581.313026851722
 10
118.95997459359685
 20
581.0293247391437
 10
118.95997459359685
 20
581.0293247391437
 10
119.37806191739644
 20
581.0442564292795
  0
LWPOLYLINE
  5
36EA
330
17
100
AcDbEntity
  8
SIDEWALK_PATH
100
AcDbPolyline
 90
12
 70
1
 10
118.94504290346114
 20
581.313026851722
 10
118.95997459359685
 20
581.0293247391437
 10
118.95997459359685
 20
581.0293247391437
 10
118.51202388952586
 20
581.4474120629433
 10
118.51202388952586
 20
581.4474120629433
 10
118.94504290346114
 20
581.313026851722
 10
118.95997459359685
 20
581.0293247391437
 10
118.51202388952586
 20
581.4474120629433
 10
118.51202388952586
 20
581.4474120629433
 10
118.52695557966156
 20
580.9546662884652
 10
118.52695557966156
 20
580.9546662884652
 10
118.95997459359685
 20
581.0293247391437
  0
LWPOLYLINE
  5
36EB
330
17
100
AcDbEntity
  8
SIDEWALK_PATH
100
AcDbPolyline
 90
12
 70
1
 10
118.51202388952586
 20
581.4474120629433
 10
118.52695557966156
 20
580.9546662884652
 10
118.52695557966156
 20
580.9546662884652
 10
118.45229712898306
 20
581.462343753079
 10
118.45229712898306
 20
581.462343753079
 10
118.51202388952586
 20
581.4474120629433
 10
118.52695557966156
 20
580.9546662884652
 10
118.45229712898306
 20
581.462343753079
 10
118.45229712898306
 20
581.462343753079
 10
118.48216050925446
 20
580.9397345983296
 10
118.48216050925446
 20
580.9397345983296
 10
118.52695557966156
 20
580.9546662884652
  0
LWPOLYLINE
  5
36EC
330
17
100
AcDbEntity
  8
SIDEWALK_PATH
100
AcDbPolyline
 90
12
 70
1
 10
118.45229712898306
 20
581.462343753079
 10
118.48216050925446
 20
580.9397345983296
 10
118.48216050925446
 20
580.9397345983296
 10
118.09394784343785
 20
581.5817972741646
 10
118.09394784343785
 20
581.5817972741646
 10
118.45229712898306
 20
581.462343753079
 10
118.48216050925446
 20
580.9397345983296
 10
118.09394784343785
 20
581.5817972741646
 10
118.09394784343785
 20
581.5817972741646
 10
118.12381122370925
 20
580.820281077244
 10
118.12381122370925
 20
580.820281077244
 10
118.48216050925446
 20
580.9397345983296
  0
LWPOLYLINE
  5
36ED
330
17
100
AcDbEntity
  8
SIDEWALK_PATH
100
AcDbPolyline
 90
12
 70
1
 10
118.09394784343785
 20
581.5817972741646
 10
118.12381122370925
 20
580.820281077244
 10
118.12381122370925
 20
580.820281077244
 10
117.94463094208085
 20
581.6265923445717
 10
117.94463094208085
 20
581.6265923445717
 10
118.09394784343785
 20
581.5817972741646
 10
118.12381122370925
 20
580.820281077244
 10
117.94463094208085
 20
581.6265923445717
 10
117.94463094208085
 20
581.6265923445717
 10
117.98942601248795
 20
580.7605543167011
 10
117.98942601248795
 20
580.7605543167011
 10
118.12381122370925
 20
580.820281077244
  0
LWPOLYLINE
  5
36EE
330
17
100
AcDbEntity
  8
SIDEWALK_PATH
100
AcDbPolyline
 90
12
 70
1
 10
117.94463094208085
 20
581.6265923445717
 10
117.98942601248795
 20
580.7605543167011
 10
117.98942601248795
 20
580.7605543167011
 10
117.69079220977396
 20
581.611660654436
 10
117.69079220977396
 20
581.611660654436
 10
117.94463094208085
 20
581.6265923445717
 10
117.98942601248795
 20
580.7605543167011
 10
117.69079220977396
 20
581.611660654436
 10
117.69079220977396
 20
581.611660654436
 10
117.73558728018106
 20
580.6411007956156
 10
117.73558728018106
 20
580.6411007956156
 10
117.98942601248795
 20
580.7605543167011
  0
LWPOLYLINE
  5
36EF
330
17
100
AcDbEntity
  8
SIDEWALK_PATH
100
AcDbPolyline
 90
20
 70
1
 10
117.69079220977396
 20
581.611660654436
 10
117.73558728018106
 20
580.6411007956156
 10
117.73558728018106
 20
580.6411007956156
 10
117.31749995638147
 20
581.5967289643003
 10
117.31749995638147
 20
581.5967289643003
 10
117.69079220977396
 20
581.611660654436
 10
117.73558728018106
 20
580.6411007956156
 10
117.31749995638147
 20
581.5967289643003
 10
117.31749995638147
 20
581.5967289643003
 10
117.37722671692427
 20
580.4021937534443
 10
117.37722671692427
 20
580.4021937534443
 10
117.73558728018106
 20
580.6411007956156
 10
117.31749995638147
 20
581.5967289643003
 10
117.37722671692427
 20
580.4021937534443
 10
117.37722671692427
 20
580.4021937534443
 10
117.31749995638147
 20
581.5967289643003
 10
117.37722671692427
 20
580.4021937534443
 10
117.31749995638147
 20
581.5967289643003
 10
117.31749995638147
 20
581.5967289643003
 10
117.37722671692427
 20
580.4021937534443
  0
LWPOLYLINE
  5
36F0
330
17
100
AcDbEntity
  8
SIDEWALK_PATH
100
AcDbPolyline
 90
12
 70
1
 10
117.31749995638147
 20
581.5967289643003
 10
117.37722671692427
 20
580.4021937534443
 10
117.37722671692427
 20
580.4021937534443
 10
117.21297812543158
 20
581.5817972741646
 10
117.21297812543158
 20
581.5817972741646
 10
117.31749995638147
 20
581.5967289643003
 10
117.37722671692427
 20
580.4021937534443
 10
117.21297812543158
 20
581.5817972741646
 10
117.21297812543158
 20
581.5817972741646
 10
117.27270488597436
 20
580.3126036126301
 10
117.27270488597436
 20
580.3126036126301
 10
117.37722671692427
 20
580.4021937534443
  0
LWPOLYLINE
  5
36F1
330
17
100
AcDbEntity
  8
SIDEWALK_PATH
100
AcDbPolyline
 90
12
 70
1
 10
117.21297812543158
 20
581.5817972741646
 10
117.27270488597436
 20
580.3126036126301
 10
117.27270488597436
 20
580.3126036126301
 10
116.98900277339608
 20
581.5071388234861
 10
116.98900277339608
 20
581.5071388234861
 10
117.21297812543158
 20
581.5817972741646
 10
117.27270488597436
 20
580.3126036126301
 10
116.98900277339608
 20
581.5071388234861
 10
116.98900277339608
 20
581.5071388234861
 10
117.06366122407458
 20
580.1334233310017
 10
117.06366122407458
 20
580.1334233310017
 10
117.27270488597436
 20
580.3126036126301
  0
LWPOLYLINE
  5
36F2
330
17
100
AcDbEntity
  8
SIDEWALK_PATH
100
AcDbPolyline
 90
12
 70
1
 10
116.98900277339608
 20
581.5071388234861
 10
117.06366122407458
 20
580.1334233310017
 10
117.06366122407458
 20
580.1334233310017
 10
116.72023235095348
 20
581.417548682672
 10
116.72023235095348
 20
581.417548682672
 10
116.98900277339608
 20
581.5071388234861
 10
117.06366122407458
 20
580.1334233310017
 10
116.72023235095348
 20
581.417548682672
 10
116.72023235095348
 20
581.417548682672
 10
116.79489080163198
 20
579.8198578381521
 10
116.79489080163198
 20
579.8198578381521
 10
117.06366122407458
 20
580.1334233310017
  0
LWPOLYLINE
  5
36F3
330
17
100
AcDbEntity
  8
SIDEWALK_PATH
100
AcDbPolyline
 90
12
 70
1
 10
116.72023235095348
 20
581.417548682672
 10
116.79489080163198
 20
579.8198578381521
 10
116.79489080163198
 20
579.8198578381521
 10
116.70530066081778
 20
581.4026169925362
 10
116.70530066081778
 20
581.4026169925362
 10
116.72023235095348
 20
581.417548682672
 10
116.79489080163198
 20
579.8198578381521
 10
116.70530066081778
 20
581.4026169925362
 10
116.70530066081778
 20
581.4026169925362
 10
116.77995911149628
 20
579.8049261480163
 10
116.77995911149628
 20
579.8049261480163
 10
116.79489080163198
 20
579.8198578381521
  0
LWPOLYLINE
  5
36F4
330
17
100
AcDbEntity
  8
SIDEWALK_PATH
100
AcDbPolyline
 90
12
 70
1
 10
116.70530066081778
 20
581.4026169925362
 10
116.77995911149628
 20
579.8049261480163
 10
116.77995911149628
 20
579.8049261480163
 10
116.61571052000359
 20
581.3727536122648
 10
116.61571052000359
 20
581.3727536122648
 10
116.70530066081778
 20
581.4026169925362
 10
116.77995911149628
 20
579.8049261480163
 10
116.61571052000359
 20
581.3727536122648
 10
116.61571052000359
 20
581.3727536122648
 10
116.70530066081778
 20
579.6854726269307
 10
116.70530066081778
 20
579.6854726269307
 10
116.77995911149628
 20
579.8049261480163
  0
LWPOLYLINE
  5
36F5
330
17
100
AcDbEntity
  8
SIDEWALK_PATH
100
AcDbPolyline
 90
12
 70
1
 10
116.61571052000359
 20
581.3727536122648
 10
116.70530066081778
 20
579.6854726269307
 10
116.70530066081778
 20
579.6854726269307
 10
116.45147320622247
 20
581.268231781315
 10
116.45147320622247
 20
581.268231781315
 10
116.61571052000359
 20
581.3727536122648
 10
116.70530066081778
 20
579.6854726269307
 10
116.45147320622247
 20
581.268231781315
 10
116.45147320622247
 20
581.268231781315
 10
116.54105206932509
 20
579.4465655847596
 10
116.54105206932509
 20
579.4465655847596
 10
116.70530066081778
 20
579.6854726269307
  0
LWPOLYLINE
  5
36F6
330
17
100
AcDbEntity
  8
SIDEWALK_PATH
100
AcDbPolyline
 90
12
 70
1
 10
116.45147320622247
 20
581.268231781315
 10
116.54105206932509
 20
579.4465655847596
 10
116.54105206932509
 20
579.4465655847596
 10
116.43654151608678
 20
581.2533000911792
 10
116.43654151608678
 20
581.2533000911792
 10
116.45147320622247
 20
581.268231781315
 10
116.54105206932509
 20
579.4465655847596
 10
116.43654151608678
 20
581.2533000911792
 10
116.43654151608678
 20
581.2533000911792
 10
116.5261203791894
 20
579.4316338946238
 10
116.5261203791894
 20
579.4316338946238
 10
116.54105206932509
 20
579.4465655847596
  0
LWPOLYLINE
  5
36F7
330
17
100
AcDbEntity
  8
SIDEWALK_PATH
100
AcDbPolyline
 90
12
 70
1
 10
116.43654151608678
 20
581.2533000911792
 10
116.5261203791894
 20
579.4316338946238
 10
116.5261203791894
 20
579.4316338946238
 10
116.25736123445837
 20
581.0591881194151
 10
116.25736123445837
 20
581.0591881194151
 10
116.43654151608678
 20
581.2533000911792
 10
116.5261203791894
 20
579.4316338946238
 10
116.25736123445837
 20
581.0591881194151
 10
116.25736123445837
 20
581.0591881194151
 10
116.36188306540828
 20
579.0583416412313
 10
116.36188306540828
 20
579.0583416412313
 10
116.5261203791894
 20
579.4316338946238
  0
LWPOLYLINE
  5
36F8
330
17
100
AcDbEntity
  8
SIDEWALK_PATH
100
AcDbPolyline
 90
12
 70
1
 10
116.25736123445837
 20
581.0591881194151
 10
116.36188306540828
 20
579.0583416412313
 10
116.36188306540828
 20
579.0583416412313
 10
116.22749785418698
 20
581.0293247391437
 10
116.22749785418698
 20
581.0293247391437
 10
116.25736123445837
 20
581.0591881194151
 10
116.36188306540828
 20
579.0583416412313
 10
116.22749785418698
 20
581.0293247391437
 10
116.22749785418698
 20
581.0293247391437
 10
116.33201968513687
 20
578.9986148806886
 10
116.33201968513687
 20
578.9986148806886
 10
116.36188306540828
 20
579.0583416412313
  0
LWPOLYLINE
  5
36F9
330
17
100
AcDbEntity
  8
SIDEWALK_PATH
100
AcDbPolyline
 90
12
 70
1
 10
116.22749785418698
 20
581.0293247391437
 10
116.33201968513687
 20
578.9986148806886
 10
116.33201968513687
 20
578.9986148806886
 10
116.19763447391557
 20
580.9098712180581
 10
116.19763447391557
 20
580.9098712180581
 10
116.22749785418698
 20
581.0293247391437
 10
116.33201968513687
 20
578.9986148806886
 10
116.19763447391557
 20
580.9098712180581
 10
116.19763447391557
 20
580.9098712180581
 10
116.28722461472978
 20
578.8642747803136
 10
116.28722461472978
 20
578.8642747803136
 10
116.33201968513687
 20
578.9986148806886
  0
LWPOLYLINE
  5
36FA
330
17
100
AcDbEntity
  8
SIDEWALK_PATH
100
AcDbPolyline
 90
12
 70
1
 10
116.19763447391557
 20
580.9098712180581
 10
116.28722461472978
 20
578.8642747803136
 10
116.28722461472978
 20
578.8642747803136
 10
116.12297602323707
 20
580.7456226265655
 10
116.12297602323707
 20
580.7456226265655
 10
116.19763447391557
 20
580.9098712180581
 10
116.28722461472978
 20
578.8642747803136
 10
116.12297602323707
 20
580.7456226265655
 10
116.12297602323707
 20
580.7456226265655
 10
116.22749785418698
 20
578.6552311184138
 10
116.22749785418698
 20
578.6552311184138
 10
116.28722461472978
 20
578.8642747803136
  0
LWPOLYLINE
  5
36FB
330
17
100
AcDbEntity
  8
SIDEWALK_PATH
100
AcDbPolyline
 90
12
 70
1
 10
116.12297602323707
 20
580.7456226265655
 10
116.22749785418698
 20
578.6552311184138
 10
116.22749785418698
 20
578.6552311184138
 10
116.04831757255857
 20
580.5515106548013
 10
116.04831757255857
 20
580.5515106548013
 10
116.12297602323707
 20
580.7456226265655
 10
116.22749785418698
 20
578.6552311184138
 10
116.04831757255857
 20
580.5515106548013
 10
116.04831757255857
 20
580.5515106548013
 10
116.16777109364418
 20
578.296870555157
 10
116.16777109364418
 20
578.296870555157
 10
116.22749785418698
 20
578.6552311184138
  0
LWPOLYLINE
  5
36FC
330
17
100
AcDbEntity
  8
SIDEWALK_PATH
100
AcDbPolyline
 90
12
 70
1
 10
116.04831757255857
 20
580.5515106548013
 10
116.16777109364418
 20
578.296870555157
 10
116.16777109364418
 20
578.296870555157
 10
116.07818095282998
 20
579.8497212184235
 10
116.07818095282998
 20
579.8497212184235
 10
116.04831757255857
 20
580.5515106548013
 10
116.16777109364418
 20
578.296870555157
 10
116.07818095282998
 20
579.8497212184235
 10
116.07818095282998
 20
579.8497212184235
 10
116.15283940350848
 20
578.2371437946142
 10
116.15283940350848
 20
578.2371437946142
 10
116.16777109364418
 20
578.296870555157
  0
LWPOLYLINE
  5
36FD
330
17
100
AcDbEntity
  8
SIDEWALK_PATH
100
AcDbPolyline
 90
12
 70
1
 10
116.15283940350848
 20
578.2371437946142
 10
116.15283940350848
 20
578.1923487242071
 10
116.15283940350848
 20
578.1923487242071
 10
116.07818095282998
 20
579.6705409367951
 10
116.07818095282998
 20
579.6705409367951
 10
116.15283940350848
 20
578.2371437946142
 10
116.15283940350848
 20
578.1923487242071
 10
116.07818095282998
 20
579.6705409367951
 10
116.07818095282998
 20
579.6705409367951
 10
116.13790771337278
 20
577.8041247806789
 10
116.13790771337278
 20
577.8041247806789
 10
116.15283940350848
 20
578.1923487242071
  0
LWPOLYLINE
  5
36FE
330
17
100
AcDbEntity
  8
SIDEWALK_PATH
100
AcDbPolyline
 90
6
 70
1
 10
116.15283940350848
 20
578.2371437946142
 10
116.07818095282998
 20
579.8497212184235
 10
116.07818095282998
 20
579.8497212184235
 10
116.07818095282998
 20
579.6705409367951
 10
116.07818095282998
 20
579.6705409367951
 10
116.15283940350848
 20
578.2371437946142
  0
LWPOLYLINE
  5
36FF
330
17
100
AcDbEntity
  8
SIDEWALK_PATH
100
AcDbPolyline
 90
6
 70
1
 10
119.37806191739644
 20
126.31763257423236
 10
119.19888163576805
 20
126.31763257423236
 10
119.19888163576805
 20
126.31763257423236
 10
119.19888163576805
 20
126.30270088409665
 10
119.19888163576805
 20
126.30270088409665
 10
119.37806191739644
 20
126.31763257423236
  0
LWPOLYLINE
  5
3700
330
17
100
AcDbEntity
  8
SIDEWALK_PATH
100
AcDbPolyline
 90
12
 70
1
 10
119.19888163576805
 20
126.31763257423236
 10
119.19888163576805
 20
126.30270088409665
 10
119.19888163576805
 20
126.30270088409665
 10
119.00476966400394
 20
126.31763257423236
 10
119.00476966400394
 20
126.31763257423236
 10
119.19888163576805
 20
126.31763257423236
 10
119.19888163576805
 20
126.30270088409665
 10
119.00476966400394
 20
126.31763257423236
 10
119.00476966400394
 20
126.31763257423236
 10
119.00476966400394
 20
126.24297412355386
 10
119.00476966400394
 20
126.24297412355386
 10
119.19888163576805
 20
126.30270088409665
  0
LWPOLYLINE
  5
3701
330
17
100
AcDbEntity
  8
SIDEWALK_PATH
100
AcDbPolyline
 90
12
 70
1
 10
119.00476966400394
 20
126.31763257423236
 10
119.00476966400394
 20
126.24297412355386
 10
119.00476966400394
 20
126.24297412355386
 10
118.82558938237555
 20
126.31763257423236
 10
118.82558938237555
 20
126.31763257423236
 10
119.00476966400394
 20
126.31763257423236
 10
119.00476966400394
 20
126.24297412355386
 10
118.82558938237555
 20
126.31763257423236
 10
118.82558938237555
 20
126.31763257423236
 10
118.84052107251125
 20
126.16831567287537
 10
118.84052107251125
 20
126.16831567287537
 10
119.00476966400394
 20
126.24297412355386
  0
LWPOLYLINE
  5
3702
330
17
100
AcDbEntity
  8
SIDEWALK_PATH
100
AcDbPolyline
 90
12
 70
1
 10
118.82558938237555
 20
126.31763257423236
 10
118.84052107251125
 20
126.16831567287537
 10
118.84052107251125
 20
126.16831567287537
 10
118.66134079088286
 20
126.31763257423236
 10
118.66134079088286
 20
126.31763257423236
 10
118.82558938237555
 20
126.31763257423236
 10
118.84052107251125
 20
126.16831567287537
 10
118.66134079088286
 20
126.31763257423236
 10
118.66134079088286
 20
126.31763257423236
 10
118.67627248101856
 20
126.06379384192546
 10
118.67627248101856
 20
126.06379384192546
 10
118.84052107251125
 20
126.16831567287537
  0
LWPOLYLINE
  5
3703
330
17
100
AcDbEntity
  8
SIDEWALK_PATH
100
AcDbPolyline
 90
12
 70
1
 10
118.66134079088286
 20
126.31763257423236
 10
118.67627248101856
 20
126.06379384192546
 10
118.67627248101856
 20
126.06379384192546
 10
118.52695557966156
 20
126.33256426436806
 10
118.52695557966156
 20
126.33256426436806
 10
118.66134079088286
 20
126.31763257423236
 10
118.67627248101856
 20
126.06379384192546
 10
118.52695557966156
 20
126.33256426436806
 10
118.52695557966156
 20
126.33256426436806
 10
118.54188726979726
 20
125.91447694056846
 10
118.54188726979726
 20
125.91447694056846
 10
118.67627248101856
 20
126.06379384192546
  0
LWPOLYLINE
  5
3704
330
17
100
AcDbEntity
  8
SIDEWALK_PATH
100
AcDbPolyline
 90
12
 70
1
 10
118.52695557966156
 20
126.33256426436806
 10
118.54188726979726
 20
125.91447694056846
 10
118.54188726979726
 20
125.91447694056846
 10
118.40750205857596
 20
126.33256426436806
 10
118.40750205857596
 20
126.33256426436806
 10
118.52695557966156
 20
126.33256426436806
 10
118.54188726979726
 20
125.91447694056846
 10
118.40750205857596
 20
126.33256426436806
 10
118.40750205857596
 20
126.33256426436806
 10
118.43736543884737
 20
125.76516003921147
 10
118.43736543884737
 20
125.76516003921147
 10
118.54188726979726
 20
125.91447694056846
  0
LWPOLYLINE
  5
3705
330
17
100
AcDbEntity
  8
SIDEWALK_PATH
100
AcDbPolyline
 90
12
 70
1
 10
118.40750205857596
 20
126.33256426436806
 10
118.43736543884737
 20
125.76516003921147
 10
118.43736543884737
 20
125.76516003921147
 10
118.33284360789746
 20
126.33256426436806
 10
118.33284360789746
 20
126.33256426436806
 10
118.40750205857596
 20
126.33256426436806
 10
118.43736543884737
 20
125.76516003921147
 10
118.33284360789746
 20
126.33256426436806
 10
118.33284360789746
 20
126.33256426436806
 10
118.36270698816887
 20
125.58597975758308
 10
118.36270698816887
 20
125.58597975758308
 10
118.43736543884737
 20
125.76516003921147
  0
LWPOLYLINE
  5
3706
330
17
100
AcDbEntity
  8
SIDEWALK_PATH
100
AcDbPolyline
 90
16
 70
1
 10
118.33284360789746
 20
126.33256426436806
 10
118.33284360789746
 20
126.31763257423236
 10
118.33284360789746
 20
126.31763257423236
 10
118.36270698816887
 20
125.58597975758308
 10
118.36270698816887
 20
125.58597975758308
 10
118.33284360789746
 20
126.33256426436806
 10
118.33284360789746
 20
126.31763257423236
 10
118.36270698816887
 20
125.58597975758308
 10
118.36270698816887
 20
125.58597975758308
 10
118.33284360789746
 20
126.31763257423236
 10
118.36270698816887
 20
125.58597975758308
 10
118.33284360789746
 20
126.31763257423236
 10
118.33284360789746
 20
126.31763257423236
 10
118.33284360789746
 20
125.40679947595467
 10
118.33284360789746
 20
125.40679947595467
 10
118.36270698816887
 20
125.58597975758308
  0
LWPOLYLINE
  5
3707
330
17
100
AcDbEntity
  8
SIDEWALK_PATH
100
AcDbPolyline
 90
6
 70
1
 10
137.20637588459442
 20
335.628666460234
 10
136.13130547253564
 20
336.4498868622743
 10
136.13130547253564
 20
336.4498868622743
 10
136.23582730348554
 20
334.3296094184281
 10
136.23582730348554
 20
334.3296094184281
 10
137.20637588459442
 20
335.628666460234
  0
LWPOLYLINE
  5
3708
330
17
100
AcDbEntity
  8
SIDEWALK_PATH
100
AcDbPolyline
 90
12
 70
1
 10
136.13130547253564
 20
336.4498868622743
 10
136.23582730348554
 20
334.3296094184281
 10
136.23582730348554
 20
334.3296094184281
 10
136.04171533172143
 20
336.5096136228171
 10
136.04171533172143
 20
336.5096136228171
 10
136.13130547253564
 20
336.4498868622743
 10
136.23582730348554
 20
334.3296094184281
 10
136.04171533172143
 20
336.5096136228171
 10
136.04171533172143
 20
336.5096136228171
 10
136.14623716267133
 20
334.21015589734253
 10
136.14623716267133
 20
334.21015589734253
 10
136.23582730348554
 20
334.3296094184281
  0
LWPOLYLINE
  5
3709
330
17
100
AcDbEntity
  8
SIDEWALK_PATH
100
AcDbPolyline
 90
12
 70
1
 10
136.14623716267133
 20
334.21015589734253
 10
136.14623716267133
 20
334.1952242072068
 10
136.14623716267133
 20
334.1952242072068
 10
136.04171533172143
 20
336.3304333411887
 10
136.04171533172143
 20
336.3304333411887
 10
136.14623716267133
 20
334.21015589734253
 10
136.14623716267133
 20
334.1952242072068
 10
136.04171533172143
 20
336.3304333411887
 10
136.04171533172143
 20
336.3304333411887
 10
136.08651040212854
 20
334.06083899598553
 10
136.08651040212854
 20
334.06083899598553
 10
136.14623716267133
 20
334.1952242072068
  0
LWPOLYLINE
  5
370A
330
17
100
AcDbEntity
  8
SIDEWALK_PATH
100
AcDbPolyline
 90
6
 70
1
 10
136.14623716267133
 20
334.21015589734253
 10
136.04171533172143
 20
336.5096136228171
 10
136.04171533172143
 20
336.5096136228171
 10
136.04171533172143
 20
336.3304333411887
 10
136.04171533172143
 20
336.3304333411887
 10
136.14623716267133
 20
334.21015589734253
  0
POINT
  5
45F2
330
17
100
AcDbEntity
  8
TREE
100
AcDbPoint
 10
115.03879885907513
 20
23.976382401728358
 30
0.0
  0
POINT
  5
45F3
330
17
100
AcDbEntity
  8
TREE
100
AcDbPoint
 10
116.80964204838236
 20
23.910995639684916
 30
0.0
  0
POINT
  5
45F4
330
17
100
AcDbEntity
  8
TREE
100
AcDbPoint
 10
108.34944678912801
 20
23.96145071159266
 30
0.0
  0
POINT
  5
45F5
330
17
100
AcDbEntity
  8
TREE
100
AcDbPoint
 10
110.12028997843524
 20
23.896063949549216
 30
0.0
  0
POINT
  5
45F6
330
17
100
AcDbEntity
  8
TREE
100
AcDbPoint
 10
159.0458109750432
 20
601.335972215232
 30
0.0
  0
POINT
  5
45F7
330
17
100
AcDbEntity
  8
TREE
100
AcDbPoint
 10
159.96034316272005
 20
601.2614039862461
 30
0.0
  0
POINT
  5
45F8
330
17
100
AcDbEntity
  8
TREE
100
AcDbPoint
 10
158.61649105050708
 20
600.4550927189183
 30
0.0
  0
POINT
  5
45F9
330
17
100
AcDbEntity
  8
TREE
100
AcDbPoint
 10
158.52690090969287
 20
601.9930568028954
 30
0.0
  0
POINT
  5
45FA
330
17
100
AcDbEntity
  8
TREE
100
AcDbPoint
 10
157.3884046476921
 20
603.1277299206696
 30
0.0
  0
POINT
  5
45FB
330
17
100
AcDbEntity
  8
TREE
100
AcDbPoint
 10
158.31786852550468
 20
603.0531616916837
 30
0.0
  0
POINT
  5
45FC
330
17
100
AcDbEntity
  8
TREE
100
AcDbPoint
 10
156.9740164132917
 20
602.261827225338
 30
0.0
  0
POINT
  5
45FD
330
17
100
AcDbEntity
  8
TREE
100
AcDbPoint
 10
156.86949458234182
 20
603.784814508333
 30
0.0
  0
POINT
  5
45FE
330
17
100
AcDbEntity
  8
TREE
100
AcDbPoint
 10
143.02807157505882
 20
223.88051775879475
 30
0.0
  0
POINT
  5
45FF
330
17
100
AcDbEntity
  8
TREE
100
AcDbPoint
 10
144.7914376415866
 20
223.81511830932578
 30
0.0
  0
POINT
  5
4600
330
17
100
AcDbEntity
  8
TREE
100
AcDbPoint
 10
142.96834481451603
 20
227.67312194241615
 30
0.0
  0
POINT
  5
4601
330
17
100
AcDbEntity
  8
TREE
100
AcDbPoint
 10
144.73171088104382
 20
227.60772249294715
 30
0.0
  0
POINT
  5
4602
330
17
100
AcDbEntity
  8
TREE
100
AcDbPoint
 10
121.68335585861514
 20
270.556654069356
 30
0.0
  0
POINT
  5
4603
330
17
100
AcDbEntity
  8
TREE
100
AcDbPoint
 10
123.43926735778668
 20
270.4912658975986
 30
0.0
  0
POINT
  5
4604
330
17
100
AcDbEntity
  8
TREE
100
AcDbPoint
 10
121.11596291117014
 20
278.85116282889084
 30
0.0
  0
POINT
  5
4605
330
17
100
AcDbEntity
  8
TREE
100
AcDbPoint
 10
122.87186313263008
 20
278.7783088120656
 30
0.0
  0
POINT
  5
4606
330
17
100
AcDbEntity
  8
TREE
100
AcDbPoint
 10
121.37703065660165
 20
232.47294982521385
 30
0.0
  0
POINT
  5
4607
330
17
100
AcDbEntity
  8
TREE
100
AcDbPoint
 10
122.98845211497364
 20
233.1270796524426
 30
0.0
  0
POINT
  5
4608
330
17
100
AcDbEntity
  8
TREE
100
AcDbPoint
 10
123.03443134509693
 20
231.7103509679812
 30
0.0
  0
POINT
  5
4609
330
17
100
AcDbEntity
  8
TREE
100
AcDbPoint
 10
141.25545966465168
 20
306.50048020692094
 30
0.0
  0
POINT
  5
460A
330
17
100
AcDbEntity
  8
TREE
100
AcDbPoint
 10
143.04444117342135
 20
306.46145932484427
 30
0.0
  0
POINT
  5
460B
330
17
100
AcDbEntity
  8
TREE
100
AcDbPoint
 10
142.53906436197045
 20
307.68258737961264
 30
0.0
  0
POINT
  5
460C
330
17
100
AcDbEntity
  8
TREE
100
AcDbPoint
 10
142.29074043062758
 20
304.9238335722147
 30
0.0
  0
POINT
  5
460D
330
17
100
AcDbEntity
  8
TREE
100
AcDbPoint
 10
118.54772348554138
 20
556.7579075344103
 30
0.0
  0
POINT
  5
460E
330
17
100
AcDbEntity
  8
TREE
100
AcDbPoint
 10
120.30363498471291
 20
556.6850309621618
 30
0.0
  0
POINT
  5
460F
330
17
100
AcDbEntity
  8
TREE
100
AcDbPoint
 10
118.30881644337019
 20
558.4675860549479
 30
0.0
  0
POINT
  5
4610
330
17
100
AcDbEntity
  8
TREE
100
AcDbPoint
 10
120.07965963267742
 20
558.4021753277673
 30
0.0
  0
POINT
  5
4611
330
17
100
AcDbEntity
  8
TREE
100
AcDbPoint
 10
118.04005165978339
 20
566.8591282449415
 30
0.0
  0
POINT
  5
4612
330
17
100
AcDbEntity
  8
TREE
100
AcDbPoint
 10
119.79595752009912
 20
566.7937400731842
 30
0.0
  0
POINT
  5
4613
330
17
100
AcDbEntity
  8
TREE
100
AcDbPoint
 10
118.11408983632484
 20
569.9685399385852
 30
0.0
  0
POINT
  5
4614
330
17
100
AcDbEntity
  8
TREE
100
AcDbPoint
 10
119.91541104118473
 20
569.8845548204276
 30
0.0
  0
POINT
  5
4615
330
17
100
AcDbEntity
  8
TREE
100
AcDbPoint
 10
118.04005165978339
 20
573.0930637657499
 30
0.0
  0
POINT
  5
4616
330
17
100
AcDbEntity
  8
TREE
100
AcDbPoint
 10
119.79595752009912
 20
573.0202097489246
 30
0.0
  0
POINT
  5
4617
330
17
100
AcDbEntity
  8
TREE
100
AcDbPoint
 10
121.29514319279855
 20
574.3846549624878
 30
0.0
  0
POINT
  5
4618
330
17
100
AcDbEntity
  8
TREE
100
AcDbPoint
 10
123.06597510439418
 20
574.3192667907305
 30
0.0
  0
POINT
  5
4619
330
17
100
AcDbEntity
  8
TREE
100
AcDbPoint
 10
121.4967153707747
 20
578.0727598705826
 30
0.0
  0
POINT
  5
461A
330
17
100
AcDbEntity
  8
TREE
100
AcDbPoint
 10
123.26008707615829
 20
578.0073491434019
 30
0.0
  0
POINT
  5
461B
330
17
100
AcDbEntity
  8
TREE
100
AcDbPoint
 10
119.55137778900175
 20
570.9383441907296
 30
0.0
  0
POINT
  5
461C
330
17
100
AcDbEntity
  8
TREE
100
AcDbPoint
 10
150.865234169003
 20
517.380915925708
 30
0.0
  0
POINT
  5
461D
330
17
100
AcDbEntity
  8
TREE
100
AcDbPoint
 10
152.54092843345683
 20
517.2208445985856
 30
0.0
  0
POINT
  5
461E
330
17
100
AcDbEntity
  8
TREE
100
AcDbPoint
 10
149.41134091379146
 20
517.6485856435002
 30
0.0
  0
POINT
  5
461F
330
17
100
AcDbEntity
  8
TREE
100
AcDbPoint
 10
152.1253673170518
 20
516.0012728680157
 30
0.0
  0
POINT
  5
4620
330
17
100
AcDbEntity
  8
TREE
100
AcDbPoint
 10
158.22843063379685
 20
526.416916177477
 30
0.0
  0
POINT
  5
4621
330
17
100
AcDbEntity
  8
TREE
100
AcDbPoint
 10
159.99179670032464
 20
526.3440621606518
 30
0.0
  0
POINT
  5
4622
330
17
100
AcDbEntity
  8
TREE
100
AcDbPoint
 10
144.06581276177837
 20
457.9779655489609
 30
0.0
  0
POINT
  5
4623
330
17
100
AcDbEntity
  8
TREE
100
AcDbPoint
 10
145.83664467337402
 20
457.91257737720355
 30
0.0
  0
POINT
  5
4624
330
17
100
AcDbEntity
  8
TREE
100
AcDbPoint
 10
143.84930325481074
 20
453.97631770343975
 30
0.0
  0
POINT
  5
4625
330
17
100
AcDbEntity
  8
TREE
100
AcDbPoint
 10
145.6126805990501
 20
453.91092953168237
 30
0.0
  0
POINT
  5
4626
330
17
100
AcDbEntity
  8
TREE
100
AcDbPoint
 10
143.98368846603202
 20
450.0194423729025
 30
0.0
  0
POINT
  5
4627
330
17
100
AcDbEntity
  8
TREE
100
AcDbPoint
 10
145.74705453255982
 20
449.95403164572195
 30
0.0
  0
POINT
  5
4628
330
17
100
AcDbEntity
  8
TREE
100
AcDbPoint
 10
145.09749781737793
 20
416.34637218483374
 30
0.0
  0
POINT
  5
4629
330
17
100
AcDbEntity
  8
TREE
100
AcDbPoint
 10
146.81695975271367
 20
415.79785812657843
 30
0.0
  0
POINT
  5
462A
330
17
100
AcDbEntity
  8
TREE
100
AcDbPoint
 10
137.84680893110578
 20
523.341010564946
 30
0.0
  0
POINT
  5
462B
330
17
100
AcDbEntity
  8
TREE
100
AcDbPoint
 10
139.61017499763358
 20
523.2681339926977
 30
0.0
  0
POINT
  5
462C
330
17
100
AcDbEntity
  8
TREE
100
AcDbPoint
 10
137.787082170563
 20
526.9917862477015
 30
0.0
  0
POINT
  5
462D
330
17
100
AcDbEntity
  8
TREE
100
AcDbPoint
 10
139.5504482370908
 20
526.9263980759441
 30
0.0
  0
POINT
  5
462E
330
17
100
AcDbEntity
  8
TREE
100
AcDbPoint
 10
137.49591421291686
 20
530.7694812966103
 30
0.0
  0
POINT
  5
462F
330
17
100
AcDbEntity
  8
TREE
100
AcDbPoint
 10
139.26674612451248
 20
530.7040705694297
 30
0.0
  0
POINT
  5
4630
330
17
100
AcDbEntity
  8
TREE
100
AcDbPoint
 10
137.63391393070046
 20
512.3586171375999
 30
0.0
  0
POINT
  5
4631
330
17
100
AcDbEntity
  8
TREE
100
AcDbPoint
 10
138.54843484066572
 20
512.2840489086141
 30
0.0
  0
POINT
  5
4632
330
17
100
AcDbEntity
  8
TREE
100
AcDbPoint
 10
137.20459400616434
 20
511.49266933142206
 30
0.0
  0
POINT
  5
4633
330
17
100
AcDbEntity
  8
TREE
100
AcDbPoint
 10
137.11500386535013
 20
513.0157017252634
 30
0.0
  0
POINT
  5
4634
330
17
100
AcDbEntity
  8
TREE
100
AcDbPoint
 10
137.8819249055469
 20
541.9125595585889
 30
0.0
  0
POINT
  5
4635
330
17
100
AcDbEntity
  8
TREE
100
AcDbPoint
 10
139.59988972467002
 20
541.3227577982287
 30
0.0
  0
POINT
  5
4636
330
17
100
AcDbEntity
  8
TREE
100
AcDbPoint
 10
138.02213787422863
 20
549.6129133610926
 30
0.0
  0
POINT
  5
4637
330
17
100
AcDbEntity
  8
TREE
100
AcDbPoint
 10
138.93665878419392
 20
549.5383451321068
 30
0.0
  0
POINT
  5
4638
330
17
100
AcDbEntity
  8
TREE
100
AcDbPoint
 10
137.59281794969252
 20
548.7470106657611
 30
0.0
  0
POINT
  5
4639
330
17
100
AcDbEntity
  8
TREE
100
AcDbPoint
 10
137.50322780887834
 20
550.2849296388918
 30
0.0
  0
POINT
  5
463A
330
17
100
AcDbEntity
  8
TREE
100
AcDbPoint
 10
138.6407231739761
 20
556.3994793048839
 30
0.0
  0
POINT
  5
463B
330
17
100
AcDbEntity
  8
TREE
100
AcDbPoint
 10
140.46128133536845
 20
556.3117387087693
 30
0.0
  0
POINT
  5
463C
330
17
100
AcDbEntity
  8
TREE
100
AcDbPoint
 10
146.71838127576794
 20
416.97146190473666
 30
0.0
  0
POINT
  5
463D
330
17
100
AcDbEntity
  8
TREE
100
AcDbPoint
 10
139.48310902122955
 20
542.5946581105432
 30
0.0
  0
POINT
  5
463E
330
17
100
AcDbEntity
  8
TREE
100
AcDbPoint
 10
139.9744901926061
 20
557.5288744536374
 30
0.0
  0
POINT
  5
463F
330
17
100
AcDbEntity
  8
TREE
100
AcDbPoint
 10
144.93063561622589
 20
479.1268550814799
 30
0.0
  0
POINT
  5
4640
330
17
100
AcDbEntity
  8
TREE
100
AcDbPoint
 10
146.65332015764645
 20
478.5876902461268
 30
0.0
  0
POINT
  5
4641
330
17
100
AcDbEntity
  8
TREE
100
AcDbPoint
 10
143.69252050838588
 20
470.61010773749337
 30
0.0
  0
POINT
  5
4642
330
17
100
AcDbEntity
  8
TREE
100
AcDbPoint
 10
145.4633636976931
 20
470.5446970103128
 30
0.0
  0
POINT
  5
4643
330
17
100
AcDbEntity
  8
TREE
100
AcDbPoint
 10
143.97622262096417
 20
462.3753257385013
 30
0.0
  0
POINT
  5
4644
330
17
100
AcDbEntity
  8
TREE
100
AcDbPoint
 10
145.7321228424241
 20
462.30244916625287
 30
0.0
  0
POINT
  5
4645
330
17
100
AcDbEntity
  8
TREE
100
AcDbPoint
 10
141.23628003648645
 20
503.2356251297654
 30
0.0
  0
POINT
  5
4646
330
17
100
AcDbEntity
  8
TREE
100
AcDbPoint
 10
142.99964610301424
 20
503.1702144025849
 30
0.0
  0
POINT
  5
4647
330
17
100
AcDbEntity
  8
TREE
100
AcDbPoint
 10
141.109360670333
 20
495.97142554501704
 30
0.0
  0
POINT
  5
4648
330
17
100
AcDbEntity
  8
TREE
100
AcDbPoint
 10
142.86526089179296
 20
495.89857152819184
 30
0.0
  0
POINT
  5
4649
330
17
100
AcDbEntity
  8
TREE
100
AcDbPoint
 10
146.5614519190925
 20
479.7113112065498
 30
0.0
  0
POINT
  5
464A
330
17
100
AcDbEntity
  8
TREE
100
AcDbPoint
 10
75.35679477398764
 20
318.1337893136947
 30
0.0
  0
POINT
  5
464B
330
17
100
AcDbEntity
  8
TREE
100
AcDbPoint
 10
77.04075447326056
 20
317.6040639229364
 30
0.0
  0
POINT
  5
464C
330
17
100
AcDbEntity
  8
TREE
100
AcDbPoint
 10
79.53509669374266
 20
322.6080071076722
 30
0.0
  0
POINT
  5
464D
330
17
100
AcDbEntity
  8
TREE
100
AcDbPoint
 10
80.44962324256373
 20
322.5334388786864
 30
0.0
  0
POINT
  5
464E
330
17
100
AcDbEntity
  8
TREE
100
AcDbPoint
 10
79.12071409819804
 20
321.7271276113586
 30
0.0
  0
POINT
  5
464F
330
17
100
AcDbEntity
  8
TREE
100
AcDbPoint
 10
79.01619226724814
 20
323.2650691399125
 30
0.0
  0
POINT
  5
4650
330
17
100
AcDbEntity
  8
TREE
100
AcDbPoint
 10
106.75176722231973
 20
317.1357456717468
 30
0.0
  0
POINT
  5
4651
330
17
100
AcDbEntity
  8
TREE
100
AcDbPoint
 10
108.50767872149126
 20
317.06289165492154
 30
0.0
  0
POINT
  5
4652
330
17
100
AcDbEntity
  8
TREE
100
AcDbPoint
 10
98.52650737114082
 20
316.76557734446277
 30
0.0
  0
POINT
  5
4653
330
17
100
AcDbEntity
  8
TREE
100
AcDbPoint
 10
100.31023722555005
 20
316.7194627818005
 30
0.0
  0
POINT
  5
4654
330
17
100
AcDbEntity
  8
TREE
100
AcDbPoint
 10
99.85195613766916
 20
317.9380871845974
 30
0.0
  0
POINT
  5
4655
330
17
100
AcDbEntity
  8
TREE
100
AcDbPoint
 10
99.89447311033653
 20
315.5336114088633
 30
0.0
  0
POINT
  5
4656
330
17
100
AcDbEntity
  8
TREE
100
AcDbPoint
 10
86.75836946315687
 20
321.3837889599302
 30
0.0
  0
POINT
  5
4657
330
17
100
AcDbEntity
  8
TREE
100
AcDbPoint
 10
88.5142753234726
 20
321.31840078817277
 30
0.0
  0
POINT
  5
4658
330
17
100
AcDbEntity
  8
TREE
100
AcDbPoint
 10
85.33986735854909
 20
320.2191171293456
 30
0.0
  0
POINT
  5
4659
330
17
100
AcDbEntity
  8
TREE
100
AcDbPoint
 10
87.09577603829273
 20
320.1537289575882
 30
0.0
  0
POINT
  5
465A
330
17
100
AcDbEntity
  8
TREE
100
AcDbPoint
 10
82.95827969847237
 20
322.6305850862611
 30
0.0
  0
POINT
  5
465B
330
17
100
AcDbEntity
  8
TREE
100
AcDbPoint
 10
84.72165422328385
 20
322.5577310694359
 30
0.0
  0
POINT
  5
465C
330
17
100
AcDbEntity
  8
TREE
100
AcDbPoint
 10
88.01262297627196
 20
319.88315410129235
 30
0.0
  0
POINT
  5
465D
330
17
100
AcDbEntity
  8
TREE
100
AcDbPoint
 10
89.76853165601558
 20
319.81030008446714
 30
0.0
  0
POINT
  5
465E
330
17
100
AcDbEntity
  8
TREE
100
AcDbPoint
 10
89.63518117483201
 20
321.76451322525577
 30
0.0
  0
POINT
  5
465F
330
17
100
AcDbEntity
  8
TREE
100
AcDbPoint
 10
91.23017382685568
 20
322.53499520288483
 30
0.0
  0
POINT
  5
4660
330
17
100
AcDbEntity
  8
TREE
100
AcDbPoint
 10
90.92428281673813
 20
321.4285840303373
 30
0.0
  0
POINT
  5
4661
330
17
100
AcDbEntity
  8
TREE
100
AcDbPoint
 10
92.68018867705385
 20
321.3631958585799
 30
0.0
  0
POINT
  5
4662
330
17
100
AcDbEntity
  8
TREE
100
AcDbPoint
 10
90.88695359139888
 20
320.10712945332784
 30
0.0
  0
POINT
  5
4663
330
17
100
AcDbEntity
  8
TREE
100
AcDbPoint
 10
92.69363170926061
 20
319.8206003943794
 30
0.0
  0
POINT
  5
4664
330
17
100
AcDbEntity
  8
TREE
100
AcDbPoint
 10
94.51032819424513
 20
319.92638532902663
 30
0.0
  0
POINT
  5
4665
330
17
100
AcDbEntity
  8
TREE
100
AcDbPoint
 10
94.73184124591837
 20
321.18967698816607
 30
0.0
  0
POINT
  5
4666
330
17
100
AcDbEntity
  8
TREE
100
AcDbPoint
 10
96.5026787963698
 20
321.1242888164087
 30
0.0
  0
POINT
  5
4667
330
17
100
AcDbEntity
  8
TREE
100
AcDbPoint
 10
96.3682935851485
 20
319.616188112703
 30
0.0
  0
POINT
  5
4668
330
17
100
AcDbEntity
  8
TREE
100
AcDbPoint
 10
96.55349052590635
 20
323.92215372757596
 30
0.0
  0
POINT
  5
4669
330
17
100
AcDbEntity
  8
TREE
100
AcDbPoint
 10
98.30940202507789
 20
323.8567655558186
 30
0.0
  0
POINT
  5
466A
330
17
100
AcDbEntity
  8
TREE
100
AcDbPoint
 10
98.60797004114097
 20
325.149040933726
 30
0.0
  0
POINT
  5
466B
330
17
100
AcDbEntity
  8
TREE
100
AcDbPoint
 10
99.92744913900479
 20
326.2670155198831
 30
0.0
  0
POINT
  5
466C
330
17
100
AcDbEntity
  8
TREE
100
AcDbPoint
 10
100.36996398609286
 20
325.09609583708163
 30
0.0
  0
POINT
  5
466D
330
17
100
AcDbEntity
  8
TREE
100
AcDbPoint
 10
100.1103059546092
 20
324.0001729363061
 30
0.0
  0
POINT
  5
466E
330
17
100
AcDbEntity
  8
TREE
100
AcDbPoint
 10
98.87415034915671
 20
320.2103035977436
 30
0.0
  0
POINT
  5
466F
330
17
100
AcDbEntity
  8
TREE
100
AcDbPoint
 10
100.62379144068817
 20
320.213455718131
 30
0.0
  0
POINT
  5
4670
330
17
100
AcDbEntity
  8
TREE
100
AcDbPoint
 10
100.28531348295195
 20
319.05173864798115
 30
0.0
  0
POINT
  5
4671
330
17
100
AcDbEntity
  8
TREE
100
AcDbPoint
 10
103.67140691371354
 20
319.86100467574363
 30
0.0
  0
POINT
  5
4672
330
17
100
AcDbEntity
  8
TREE
100
AcDbPoint
 10
104.90038989459934
 20
321.1022296125526
 30
0.0
  0
POINT
  5
4673
330
17
100
AcDbEntity
  8
TREE
100
AcDbPoint
 10
105.49148859179151
 20
319.76550501406
 30
0.0
  0
POINT
  5
4674
330
17
100
AcDbEntity
  8
TREE
100
AcDbPoint
 10
108.8123291833347
 20
320.002607622378
 30
0.0
  0
POINT
  5
4675
330
17
100
AcDbEntity
  8
TREE
100
AcDbPoint
 10
110.56822940479465
 20
319.9297536055527
 30
0.0
  0
POINT
  5
4676
330
17
100
AcDbEntity
  8
TREE
100
AcDbPoint
 10
111.50001649119326
 20
323.5563273192513
 30
0.0
  0
POINT
  5
4677
330
17
100
AcDbEntity
  8
TREE
100
AcDbPoint
 10
113.255922351509
 20
323.4834733024261
 30
0.0
  0
POINT
  5
4678
330
17
100
AcDbEntity
  8
TREE
100
AcDbPoint
 10
111.58960099315168
 20
324.9375086568035
 30
0.0
  0
POINT
  5
4679
330
17
100
AcDbEntity
  8
TREE
100
AcDbPoint
 10
113.36044418245889
 20
324.87212048504614
 30
0.0
  0
POINT
  5
467A
330
17
100
AcDbEntity
  8
TREE
100
AcDbPoint
 10
104.18353907440256
 20
324.66127238929306
 30
0.0
  0
POINT
  5
467B
330
17
100
AcDbEntity
  8
TREE
100
AcDbPoint
 10
105.9394392958625
 20
324.58841837246786
 30
0.0
  0
POINT
  5
467C
330
17
100
AcDbEntity
  8
TREE
100
AcDbPoint
 10
102.98900950240237
 20
326.9980593401069
 30
0.0
  0
POINT
  5
467D
330
17
100
AcDbEntity
  8
TREE
100
AcDbPoint
 10
104.7449153627181
 20
326.93267116834954
 30
0.0
  0
POINT
  5
467E
330
17
100
AcDbEntity
  8
TREE
100
AcDbPoint
 10
101.6451630290452
 20
327.9536875087917
 30
0.0
  0
POINT
  5
467F
330
17
100
AcDbEntity
  8
TREE
100
AcDbPoint
 10
103.40107452821672
 20
327.8882993370343
 30
0.0
  0
POINT
  5
4680
330
17
100
AcDbEntity
  8
TREE
100
AcDbPoint
 10
101.6039824652004
 20
326.4752697419721
 30
0.0
  0
POINT
  5
4681
330
17
100
AcDbEntity
  8
TREE
100
AcDbPoint
 10
102.53344634301295
 20
326.40070151298625
 30
0.0
  0
POINT
  5
4682
330
17
100
AcDbEntity
  8
TREE
100
AcDbPoint
 10
101.18960550851156
 20
325.60934449121737
 30
0.0
  0
POINT
  5
4683
330
17
100
AcDbEntity
  8
TREE
100
AcDbPoint
 10
101.08508367756167
 20
327.1323543296356
 30
0.0
  0
POINT
  5
4684
330
17
100
AcDbEntity
  8
TREE
100
AcDbPoint
 10
121.04480055108233
 20
236.25954862741736
 30
0.0
  0
POINT
  5
4685
330
17
100
AcDbEntity
  8
TREE
100
AcDbPoint
 10
122.66233452913222
 20
236.89933884436851
 30
0.0
  0
POINT
  5
4686
330
17
100
AcDbEntity
  8
TREE
100
AcDbPoint
 10
122.75403360201243
 20
235.6324683914201
 30
0.0
  0
POINT
  5
4687
330
17
100
AcDbEntity
  8
TREE
100
AcDbPoint
 10
103.36591062350138
 20
222.70072251697758
 30
0.0
  0
POINT
  5
4688
330
17
100
AcDbEntity
  8
TREE
100
AcDbPoint
 10
104.38496464212812
 20
222.30512295007418
 30
0.0
  0
POINT
  5
4689
330
17
100
AcDbEntity
  8
TREE
100
AcDbPoint
 10
102.93660197667684
 20
221.81984302066394
 30
0.0
  0
POINT
  5
468A
330
17
100
AcDbEntity
  8
TREE
100
AcDbPoint
 10
102.84701183586265
 20
223.357807104641
 30
0.0
  0
POINT
  5
468B
330
17
100
AcDbEntity
  8
TREE
100
AcDbPoint
 10
105.00838526071676
 20
221.3270070244932
 30
0.0
  0
POINT
  5
468C
330
17
100
AcDbEntity
  8
TREE
100
AcDbPoint
 10
105.93784913852932
 20
221.25243879550737
 30
0.0
  0
POINT
  5
468D
330
17
100
AcDbEntity
  8
TREE
100
AcDbPoint
 10
104.59400830402792
 20
220.44617263902592
 30
0.0
  0
POINT
  5
468E
330
17
100
AcDbEntity
  8
TREE
100
AcDbPoint
 10
111.19783020933068
 20
492.2191842911507
 30
0.0
  0
POINT
  5
468F
330
17
100
AcDbEntity
  8
TREE
100
AcDbPoint
 10
112.9871519290664
 20
492.1357856139955
 30
0.0
  0
POINT
  5
4690
330
17
100
AcDbEntity
  8
TREE
100
AcDbPoint
 10
110.75343762326408
 20
486.82581044774736
 30
0.0
  0
POINT
  5
4691
330
17
100
AcDbEntity
  8
TREE
100
AcDbPoint
 10
112.50933784472402
 20
486.76042227599
 30
0.0
  0
POINT
  5
4692
330
17
100
AcDbEntity
  8
TREE
100
AcDbPoint
 10
110.79823269367117
 20
489.61054810263215
 30
0.0
  0
POINT
  5
4693
330
17
100
AcDbEntity
  8
TREE
100
AcDbPoint
 10
112.56906460526682
 20
489.53767153038376
 30
0.0
  0
POINT
  5
4694
330
17
100
AcDbEntity
  8
TREE
100
AcDbPoint
 10
110.73850593312838
 20
445.34584591585167
 30
0.0
  0
POINT
  5
4695
330
17
100
AcDbEntity
  8
TREE
100
AcDbPoint
 10
112.50933784472402
 20
445.2804577440943
 30
0.0
  0
POINT
  5
4696
330
17
100
AcDbEntity
  8
TREE
100
AcDbPoint
 10
110.90275452462107
 20
442.4939156553562
 30
0.0
  0
POINT
  5
4697
330
17
100
AcDbEntity
  8
TREE
100
AcDbPoint
 10
112.67358643621671
 20
442.42850492817564
 30
0.0
  0
POINT
  5
4698
330
17
100
AcDbEntity
  8
TREE
100
AcDbPoint
 10
112.73835433383705
 20
493.03827320570184
 30
0.0
  0
POINT
  5
4699
330
17
100
AcDbEntity
  8
TREE
100
AcDbPoint
 10
108.35306129569031
 20
377.37706308322475
 30
0.0
  0
POINT
  5
469A
330
17
100
AcDbEntity
  8
TREE
100
AcDbPoint
 10
109.26759348336718
 20
377.30249485423894
 30
0.0
  0
POINT
  5
469B
330
17
100
AcDbEntity
  8
TREE
100
AcDbPoint
 10
107.92375264886579
 20
376.51113783247
 30
0.0
  0
POINT
  5
469C
330
17
100
AcDbEntity
  8
TREE
100
AcDbPoint
 10
107.83416250805159
 20
378.0341476708882
 30
0.0
  0
POINT
  5
469D
330
17
100
AcDbEntity
  8
TREE
100
AcDbPoint
 10
108.7263535490828
 20
380.8112841481662
 30
0.0
  0
POINT
  5
469E
330
17
100
AcDbEntity
  8
TREE
100
AcDbPoint
 10
109.65581742689537
 20
380.73671591918037
 30
0.0
  0
POINT
  5
469F
330
17
100
AcDbEntity
  8
TREE
100
AcDbPoint
 10
108.3119653146824
 20
379.9304046518526
 30
0.0
  0
POINT
  5
46A0
330
17
100
AcDbEntity
  8
TREE
100
AcDbPoint
 10
108.20744348373249
 20
381.46841384667596
 30
0.0
  0
POINT
  5
46A1
330
17
100
AcDbEntity
  8
TREE
100
AcDbPoint
 10
103.16818414517498
 20
428.57767067057677
 30
0.0
  0
POINT
  5
46A2
330
17
100
AcDbEntity
  8
TREE
100
AcDbPoint
 10
104.92409564434651
 20
428.5122599433962
 30
0.0
  0
POINT
  5
46A3
330
17
100
AcDbEntity
  8
TREE
100
AcDbPoint
 10
111.39911480566147
 20
331.4624316918726
 30
0.0
  0
POINT
  5
46A4
330
17
100
AcDbEntity
  8
TREE
100
AcDbPoint
 10
112.32856740576244
 20
331.3878634628868
 30
0.0
  0
POINT
  5
46A5
330
17
100
AcDbEntity
  8
TREE
100
AcDbPoint
 10
110.98472657126105
 20
330.581552195559
 30
0.0
  0
POINT
  5
46A6
330
17
100
AcDbEntity
  8
TREE
100
AcDbPoint
 10
111.02592405167321
 20
332.3199550474981
 30
0.0
  0
POINT
  5
46A7
330
17
100
AcDbEntity
  8
TREE
100
AcDbPoint
 10
111.23486621416878
 20
334.4935422339965
 30
0.0
  0
POINT
  5
46A8
330
17
100
AcDbEntity
  8
TREE
100
AcDbPoint
 10
112.16431881426975
 20
334.4189740050107
 30
0.0
  0
POINT
  5
46A9
330
17
100
AcDbEntity
  8
TREE
100
AcDbPoint
 10
110.82047797976836
 20
333.61266273768285
 30
0.0
  0
POINT
  5
46AA
330
17
100
AcDbEntity
  8
TREE
100
AcDbPoint
 10
110.71595614881846
 20
335.15062682165996
 30
0.0
  0
POINT
  5
46AB
330
17
100
AcDbEntity
  8
TREE
100
AcDbPoint
 10
109.52930969721469
 20
333.19736100864424
 30
0.0
  0
POINT
  5
46AC
330
17
100
AcDbEntity
  8
TREE
100
AcDbPoint
 10
110.99234466543527
 20
337.18887019145245
 30
0.0
  0
POINT
  5
46AD
330
17
100
AcDbEntity
  8
TREE
100
AcDbPoint
 10
112.74824488689521
 20
337.1160161746272
 30
0.0
  0
POINT
  5
46AE
330
17
100
AcDbEntity
  8
TREE
100
AcDbPoint
 10
111.7148136656189
 20
338.95367792544425
 30
0.0
  0
POINT
  5
46AF
330
17
100
AcDbEntity
  8
TREE
100
AcDbPoint
 10
113.08527929754882
 20
340.01199717656533
 30
0.0
  0
POINT
  5
46B0
330
17
100
AcDbEntity
  8
TREE
100
AcDbPoint
 10
113.14915625595411
 20
337.76581536060814
 30
0.0
  0
POINT
  5
46B1
330
17
100
AcDbEntity
  8
TREE
100
AcDbPoint
 10
113.49482939368019
 20
338.89288730077544
 30
0.0
  0
POINT
  5
46B2
330
17
100
AcDbEntity
  8
TREE
100
AcDbPoint
 10
111.88785981195554
 20
342.54462158901543
 30
0.0
  0
POINT
  5
46B3
330
17
100
AcDbEntity
  8
TREE
100
AcDbPoint
 10
113.18453443718953
 20
341.26982290482425
 30
0.0
  0
POINT
  5
46B4
330
17
100
AcDbEntity
  8
TREE
100
AcDbPoint
 10
113.62921460490149
 20
342.5212654483273
 30
0.0
  0
POINT
  5
46B5
330
17
100
AcDbEntity
  8
TREE
100
AcDbPoint
 10
111.94049571134062
 20
349.82845566962953
 30
0.0
  0
POINT
  5
46B6
330
17
100
AcDbEntity
  8
TREE
100
AcDbPoint
 10
113.70387305557999
 20
349.76306749787216
 30
0.0
  0
POINT
  5
46B7
330
17
100
AcDbEntity
  8
TREE
100
AcDbPoint
 10
99.92201328202187
 20
345.74648796221527
 30
0.0
  0
POINT
  5
46B8
330
17
100
AcDbEntity
  8
TREE
100
AcDbPoint
 10
99.4476050665775
 20
346.9048217188903
 30
0.0
  0
POINT
  5
46B9
330
17
100
AcDbEntity
  8
TREE
100
AcDbPoint
 10
113.07195280169509
 20
353.1583391062436
 30
0.0
  0
POINT
  5
46BA
330
17
100
AcDbEntity
  8
TREE
100
AcDbPoint
 10
112.07488092256192
 20
353.21046092994237
 30
0.0
  0
POINT
  5
46BB
330
17
100
AcDbEntity
  8
TREE
100
AcDbPoint
 10
112.95996512567734
 20
355.42795224763273
 30
0.0
  0
POINT
  5
46BC
330
17
100
AcDbEntity
  8
TREE
100
AcDbPoint
 10
111.96289324654417
 20
355.4800778305687
 30
0.0
  0
POINT
  5
46BD
330
17
100
AcDbEntity
  8
TREE
100
AcDbPoint
 10
112.63644893197437
 20
358.3097458883996
 30
0.0
  0
POINT
  5
46BE
330
17
100
AcDbEntity
  8
TREE
100
AcDbPoint
 10
111.64186190862662
 20
358.3618714713356
 30
0.0
  0
POINT
  5
46BF
330
17
100
AcDbEntity
  8
TREE
100
AcDbPoint
 10
109.60732326708909
 20
361.68396952772025
 30
0.0
  0
POINT
  5
46C0
330
17
100
AcDbEntity
  8
TREE
100
AcDbPoint
 10
110.53677586719006
 20
361.60940129873444
 30
0.0
  0
POINT
  5
46C1
330
17
100
AcDbEntity
  8
TREE
100
AcDbPoint
 10
109.19293503268868
 20
360.80309003140667
 30
0.0
  0
POINT
  5
46C2
330
17
100
AcDbEntity
  8
TREE
100
AcDbPoint
 10
109.08841320173877
 20
362.3410541153837
 30
0.0
  0
POINT
  5
46C3
330
17
100
AcDbEntity
  8
TREE
100
AcDbPoint
 10
110.29055522905739
 20
366.71608443599
 30
0.0
  0
POINT
  5
46C4
330
17
100
AcDbEntity
  8
TREE
100
AcDbPoint
 10
112.0464667282289
 20
366.65069626423264
 30
0.0
  0
POINT
  5
46C5
330
17
100
AcDbEntity
  8
TREE
100
AcDbPoint
 10
111.81357634518717
 20
374.010169956433
 30
0.0
  0
POINT
  5
46C6
330
17
100
AcDbEntity
  8
TREE
100
AcDbPoint
 10
113.58441953449439
 20
373.93731593960774
 30
0.0
  0
POINT
  5
46C7
330
17
100
AcDbEntity
  8
TREE
100
AcDbPoint
 10
103.75052006046727
 20
372.82312314606804
 30
0.0
  0
POINT
  5
46C8
330
17
100
AcDbEntity
  8
TREE
100
AcDbPoint
 10
105.5064202819272
 20
372.75773497431067
 30
0.0
  0
POINT
  5
46C9
330
17
100
AcDbEntity
  8
TREE
100
AcDbPoint
 10
100.68484145272336
 20
372.7624941685986
 30
0.0
  0
POINT
  5
46CA
330
17
100
AcDbEntity
  8
TREE
100
AcDbPoint
 10
102.38571959898914
 20
372.60841807295367
 30
0.0
  0
POINT
  5
46CB
330
17
100
AcDbEntity
  8
TREE
100
AcDbPoint
 10
99.033273220735
 20
372.791680886175
 30
0.0
  0
POINT
  5
46CC
330
17
100
AcDbEntity
  8
TREE
100
AcDbPoint
 10
99.76686580377653
 20
371.57359781353404
 30
0.0
  0
POINT
  5
46CD
330
17
100
AcDbEntity
  8
TREE
100
AcDbPoint
 10
111.91131181319209
 20
383.2621677070638
 30
0.0
  0
POINT
  5
46CE
330
17
100
AcDbEntity
  8
TREE
100
AcDbPoint
 10
113.15744537396752
 20
381.9596258523788
 30
0.0
  0
POINT
  5
46CF
330
17
100
AcDbEntity
  8
TREE
100
AcDbPoint
 10
113.65907798517289
 20
383.2396912278791
 30
0.0
  0
POINT
  5
46D0
330
17
100
AcDbEntity
  8
TREE
100
AcDbPoint
 10
110.90636903118337
 20
386.2165559772895
 30
0.0
  0
POINT
  5
46D1
330
17
100
AcDbEntity
  8
TREE
100
AcDbPoint
 10
111.82088994114865
 20
386.1419877483036
 30
0.0
  0
POINT
  5
46D2
330
17
100
AcDbEntity
  8
TREE
100
AcDbPoint
 10
110.49198079678297
 20
385.35060817111156
 30
0.0
  0
POINT
  5
46D3
330
17
100
AcDbEntity
  8
TREE
100
AcDbPoint
 10
110.38745896583306
 20
386.8735954541066
 30
0.0
  0
POINT
  5
46D4
330
17
100
AcDbEntity
  8
TREE
100
AcDbPoint
 10
108.63245908168116
 20
387.8082621161961
 30
0.0
  0
POINT
  5
46D5
330
17
100
AcDbEntity
  8
TREE
100
AcDbPoint
 10
110.52343433438755
 20
387.6892897774713
 30
0.0
  0
POINT
  5
46D6
330
17
100
AcDbEntity
  8
TREE
100
AcDbPoint
 10
110.10192986397836
 20
388.80465545301564
 30
0.0
  0
POINT
  5
46D7
330
17
100
AcDbEntity
  8
TREE
100
AcDbPoint
 10
109.2901940173792
 20
389.4297113397838
 30
0.0
  0
POINT
  5
46D8
330
17
100
AcDbEntity
  8
TREE
100
AcDbPoint
 10
107.48342003896902
 20
392.69706738414527
 30
0.0
  0
POINT
  5
46D9
330
17
100
AcDbEntity
  8
TREE
100
AcDbPoint
 10
109.23932026042895
 20
392.6316792123879
 30
0.0
  0
POINT
  5
46DA
330
17
100
AcDbEntity
  8
TREE
100
AcDbPoint
 10
110.97741297529957
 20
390.03922653999075
 30
0.0
  0
POINT
  5
46DB
330
17
100
AcDbEntity
  8
TREE
100
AcDbPoint
 10
112.73331319675951
 20
389.9738383682334
 30
0.0
  0
POINT
  5
46DC
330
17
100
AcDbEntity
  8
TREE
100
AcDbPoint
 10
111.70905451423727
 20
392.45069449690624
 30
0.0
  0
POINT
  5
46DD
330
17
100
AcDbEntity
  8
TREE
100
AcDbPoint
 10
113.4649660134088
 20
392.37784048008103
 30
0.0
  0
POINT
  5
46DE
330
17
100
AcDbEntity
  8
TREE
100
AcDbPoint
 10
109.24534819726999
 20
396.13133355993307
 30
0.0
  0
POINT
  5
46DF
330
17
100
AcDbEntity
  8
TREE
100
AcDbPoint
 10
111.01618010886563
 20
396.0659228327525
 30
0.0
  0
POINT
  5
46E0
330
17
100
AcDbEntity
  8
TREE
100
AcDbPoint
 10
112.24659535912245
 20
397.19146100414457
 30
0.0
  0
POINT
  5
46E1
330
17
100
AcDbEntity
  8
TREE
100
AcDbPoint
 10
114.0024955805824
 20
397.1260728323872
 30
0.0
  0
POINT
  5
46E2
330
17
100
AcDbEntity
  8
TREE
100
AcDbPoint
 10
112.08234676762976
 20
401.04381450373194
 30
0.0
  0
POINT
  5
46E3
330
17
100
AcDbEntity
  8
TREE
100
AcDbPoint
 10
113.85317867922541
 20
400.9784037765514
 30
0.0
  0
POINT
  5
46E4
330
17
100
AcDbEntity
  8
TREE
100
AcDbPoint
 10
109.83573075977665
 20
403.56093206275557
 30
0.0
  0
POINT
  5
46E5
330
17
100
AcDbEntity
  8
TREE
100
AcDbPoint
 10
111.22800936552639
 20
402.36145721422633
 30
0.0
  0
POINT
  5
46E6
330
17
100
AcDbEntity
  8
TREE
100
AcDbPoint
 10
111.55372095375083
 20
403.5615861700274
 30
0.0
  0
POINT
  5
46E7
330
17
100
AcDbEntity
  8
TREE
100
AcDbPoint
 10
109.76119448430697
 20
407.79484061908846
 30
0.0
  0
POINT
  5
46E8
330
17
100
AcDbEntity
  8
TREE
100
AcDbPoint
 10
111.2545119877461
 20
406.73761530599097
 30
0.0
  0
POINT
  5
46E9
330
17
100
AcDbEntity
  8
TREE
100
AcDbPoint
 10
111.55372095375083
 20
407.742414297177
 30
0.0
  0
POINT
  5
46EA
330
17
100
AcDbEntity
  8
TREE
100
AcDbPoint
 10
111.0220557966003
 20
408.97556439249263
 30
0.0
  0
POINT
  5
46EB
330
17
100
AcDbEntity
  8
TREE
100
AcDbPoint
 10
112.15863860686919
 20
416.743381465685
 30
0.0
  0
POINT
  5
46EC
330
17
100
AcDbEntity
  8
TREE
100
AcDbPoint
 10
113.32842675927517
 20
418.18327456973753
 30
0.0
  0
POINT
  5
46ED
330
17
100
AcDbEntity
  8
TREE
100
AcDbPoint
 10
110.22512382607225
 20
416.76401215940723
 30
0.0
  0
POINT
  5
46EE
330
17
100
AcDbEntity
  8
TREE
100
AcDbPoint
 10
108.27020018945389
 20
416.5926210172454
 30
0.0
  0
POINT
  5
46EF
330
17
100
AcDbEntity
  8
TREE
100
AcDbPoint
 10
106.15374964907149
 20
416.7988377327751
 30
0.0
  0
POINT
  5
46F0
330
17
100
AcDbEntity
  8
TREE
100
AcDbPoint
 10
104.35917815459393
 20
416.49134716723137
 30
0.0
  0
POINT
  5
46F1
330
17
100
AcDbEntity
  8
TREE
100
AcDbPoint
 10
102.48159706401078
 20
416.19943488062074
 30
0.0
  0
POINT
  5
46F2
330
17
100
AcDbEntity
  8
TREE
100
AcDbPoint
 10
104.06021165938824
 20
415.41594970153665
 30
0.0
  0
POINT
  5
46F3
330
17
100
AcDbEntity
  8
TREE
100
AcDbPoint
 10
109.17815559165935
 20
428.5328981555928
 30
0.0
  0
POINT
  5
46F4
330
17
100
AcDbEntity
  8
TREE
100
AcDbPoint
 10
110.94152165818714
 20
428.46750998383544
 30
0.0
  0
POINT
  5
46F5
330
17
100
AcDbEntity
  8
TREE
100
AcDbPoint
 10
110.66255618447364
 20
427.5172838389989
 30
0.0
  0
POINT
  5
46F6
330
17
100
AcDbEntity
  8
TREE
100
AcDbPoint
 10
111.97027450877515
 20
426.27237109050225
 30
0.0
  0
POINT
  5
46F7
330
17
100
AcDbEntity
  8
TREE
100
AcDbPoint
 10
112.41974770390982
 20
427.49690501416865
 30
0.0
  0
POINT
  5
46F8
330
17
100
AcDbEntity
  8
TREE
100
AcDbPoint
 10
109.28267742260924
 20
435.77472276056085
 30
0.0
  0
POINT
  5
46F9
330
17
100
AcDbEntity
  8
TREE
100
AcDbPoint
 10
111.04604348913703
 20
435.7093345888035
 30
0.0
  0
POINT
  5
46FA
330
17
100
AcDbEntity
  8
TREE
100
AcDbPoint
 10
109.20055312686289
 20
462.09908947099086
 30
0.0
  0
POINT
  5
46FB
330
17
100
AcDbEntity
  8
TREE
100
AcDbPoint
 10
110.97138503845854
 20
462.0336787438103
 30
0.0
  0
POINT
  5
46FC
330
17
100
AcDbEntity
  8
TREE
100
AcDbPoint
 10
109.2901432676771
 20
465.4437880613876
 30
0.0
  0
POINT
  5
46FD
330
17
100
AcDbEntity
  8
TREE
100
AcDbPoint
 10
111.06097517927273
 20
465.378377334207
 30
0.0
  0
POINT
  5
46FE
330
17
100
AcDbEntity
  8
TREE
100
AcDbPoint
 10
109.61117460559463
 20
469.6395478786729
 30
0.0
  0
POINT
  5
46FF
330
17
100
AcDbEntity
  8
TREE
100
AcDbPoint
 10
111.37454067212242
 20
469.5741371514923
 30
0.0
  0
POINT
  5
4700
330
17
100
AcDbEntity
  8
TREE
100
AcDbPoint
 10
104.29925403409844
 20
502.08321217167145
 30
0.0
  0
POINT
  5
4701
330
17
100
AcDbEntity
  8
TREE
100
AcDbPoint
 10
106.13355126762659
 20
501.90102074105044
 30
0.0
  0
POINT
  5
4702
330
17
100
AcDbEntity
  8
TREE
100
AcDbPoint
 10
105.53803170749394
 20
503.39211465568917
 30
0.0
  0
POINT
  5
4703
330
17
100
AcDbEntity
  8
TREE
100
AcDbPoint
 10
104.75093766070334
 20
498.8307990951572
 30
0.0
  0
POINT
  5
4704
330
17
100
AcDbEntity
  8
TREE
100
AcDbPoint
 10
106.50684352101908
 20
498.7654109233998
 30
0.0
  0
POINT
  5
4705
330
17
100
AcDbEntity
  8
TREE
100
AcDbPoint
 10
101.7795482402665
 20
498.78602658017326
 30
0.0
  0
POINT
  5
4706
330
17
100
AcDbEntity
  8
TREE
100
AcDbPoint
 10
103.53545973943801
 20
498.72061585299275
 30
0.0
  0
POINT
  5
4707
330
17
100
AcDbEntity
  8
TREE
100
AcDbPoint
 10
100.53276339164715
 20
502.0261582287738
 30
0.0
  0
POINT
  5
4708
330
17
100
AcDbEntity
  8
TREE
100
AcDbPoint
 10
102.29612945817495
 20
501.96074750159323
 30
0.0
  0
POINT
  5
4709
330
17
100
AcDbEntity
  8
TREE
100
AcDbPoint
 10
97.86747925784793
 20
501.9888515588577
 30
0.0
  0
POINT
  5
470A
330
17
100
AcDbEntity
  8
TREE
100
AcDbPoint
 10
99.63831116944357
 20
501.91599754203247
 30
0.0
  0
POINT
  5
470B
330
17
100
AcDbEntity
  8
TREE
100
AcDbPoint
 10
98.46473558556433
 20
498.741208954343
 30
0.0
  0
POINT
  5
470C
330
17
100
AcDbEntity
  8
TREE
100
AcDbPoint
 10
100.22064708473586
 20
498.6758207825856
 30
0.0
  0
POINT
  5
470D
330
17
100
AcDbEntity
  8
TREE
100
AcDbPoint
 10
95.2109815891429
 20
501.9479269990659
 30
0.0
  0
POINT
  5
470E
330
17
100
AcDbEntity
  8
TREE
100
AcDbPoint
 10
96.890902739898
 20
501.5426601777936
 30
0.0
  0
POINT
  5
470F
330
17
100
AcDbEntity
  8
TREE
100
AcDbPoint
 10
96.95012200341957
 20
502.547368947287
 30
0.0
  0
POINT
  5
4710
330
17
100
AcDbEntity
  8
TREE
100
AcDbPoint
 10
93.39105855087453
 20
501.7993258564706
 30
0.0
  0
POINT
  5
4711
330
17
100
AcDbEntity
  8
TREE
100
AcDbPoint
 10
91.14825534934572
 20
501.7872511866026
 30
0.0
  0
POINT
  5
4712
330
17
100
AcDbEntity
  8
TREE
100
AcDbPoint
 10
89.71086871669245
 20
501.7944914774388
 30
0.0
  0
POINT
  5
4713
330
17
100
AcDbEntity
  8
TREE
100
AcDbPoint
 10
91.12358253583034
 20
500.7783922192467
 30
0.0
  0
POINT
  5
4714
330
17
100
AcDbEntity
  8
TREE
100
AcDbPoint
 10
90.12483967576429
 20
500.02801840136993
 30
0.0
  0
POINT
  5
4715
330
17
100
AcDbEntity
  8
TREE
100
AcDbPoint
 10
86.03964654283733
 20
501.58130513615083
 30
0.0
  0
POINT
  5
4716
330
17
100
AcDbEntity
  8
TREE
100
AcDbPoint
 10
88.03646687798602
 20
501.60238693833645
 30
0.0
  0
POINT
  5
4717
330
17
100
AcDbEntity
  8
TREE
100
AcDbPoint
 10
83.80938039735146
 20
501.47370824917607
 30
0.0
  0
POINT
  5
4718
330
17
100
AcDbEntity
  8
TREE
100
AcDbPoint
 10
80.82306210620679
 20
501.60807090497417
 30
0.0
  0
POINT
  5
4719
330
17
100
AcDbEntity
  8
TREE
100
AcDbPoint
 10
82.58643381159038
 20
501.5426601777936
 30
0.0
  0
POINT
  5
471A
330
17
100
AcDbEntity
  8
TREE
100
AcDbPoint
 10
77.19468677808284
 20
501.83206881243285
 30
0.0
  0
POINT
  5
471B
330
17
100
AcDbEntity
  8
TREE
100
AcDbPoint
 10
78.95806130289432
 20
501.7666806406755
 30
0.0
  0
POINT
  5
471C
330
17
100
AcDbEntity
  8
TREE
100
AcDbPoint
 10
67.134456789918
 20
501.78636400662475
 30
0.0
  0
POINT
  5
471D
330
17
100
AcDbEntity
  8
TREE
100
AcDbPoint
 10
68.53327176933931
 20
500.55955950369304
 30
0.0
  0
POINT
  5
471E
330
17
100
AcDbEntity
  8
TREE
100
AcDbPoint
 10
68.47392845099033
 20
502.86918972501536
 30
0.0
  0
POINT
  5
471F
330
17
100
AcDbEntity
  8
TREE
100
AcDbPoint
 10
68.90910150783795
 20
501.73681726040405
 30
0.0
  0
POINT
  5
4720
330
17
100
AcDbEntity
  8
TREE
100
AcDbPoint
 10
63.49495130027106
 20
501.52594660922784
 30
0.0
  0
POINT
  5
4721
330
17
100
AcDbEntity
  8
TREE
100
AcDbPoint
 10
65.25085998001468
 20
501.45307003697945
 30
0.0
  0
POINT
  5
4722
330
17
100
AcDbEntity
  8
TREE
100
AcDbPoint
 10
52.33522149714036
 20
501.5634111671061
 30
0.0
  0
POINT
  5
4723
330
17
100
AcDbEntity
  8
TREE
100
AcDbPoint
 10
54.14175582417943
 20
501.49791021823285
 30
0.0
  0
POINT
  5
4724
330
17
100
AcDbEntity
  8
TREE
100
AcDbPoint
 10
101.03709325553942
 20
354.84561633234046
 30
0.0
  0
POINT
  5
4725
330
17
100
AcDbEntity
  8
TREE
100
AcDbPoint
 10
100.04001761716906
 20
354.8977419152764
 30
0.0
  0
POINT
  5
4726
330
17
100
AcDbEntity
  8
TREE
100
AcDbPoint
 10
138.6083138503149
 20
116.49252407638406
 30
0.0
  0
POINT
  5
4727
330
17
100
AcDbEntity
  8
TREE
100
AcDbPoint
 10
140.37169119455427
 20
116.42711334920351
 30
0.0
  0
POINT
  5
4728
330
17
100
AcDbEntity
  8
TREE
100
AcDbPoint
 10
155.5995904249776
 20
174.5785580272627
 30
0.0
  0
POINT
  5
4729
330
17
100
AcDbEntity
  8
TREE
100
AcDbPoint
 10
157.34891010172896
 20
174.55577704986533
 30
0.0
  0
POINT
  5
472A
330
17
100
AcDbEntity
  8
TREE
100
AcDbPoint
 10
157.00735332873063
 20
173.43449057574
 30
0.0
  0
POINT
  5
472B
330
17
100
AcDbEntity
  8
TREE
100
AcDbPoint
 10
142.69486594748759
 20
220.46441997636697
 30
0.0
  0
POINT
  5
472C
330
17
100
AcDbEntity
  8
TREE
100
AcDbPoint
 10
142.59380637399363
 20
222.21821690461672
 30
0.0
  0
POINT
  5
472D
330
17
100
AcDbEntity
  8
TREE
100
AcDbPoint
 10
140.04921067069833
 20
154.31422452503332
 30
0.0
  0
POINT
  5
472E
330
17
100
AcDbEntity
  8
TREE
100
AcDbPoint
 10
141.80512216986986
 20
154.24881379785276
 30
0.0
  0
POINT
  5
472F
330
17
100
AcDbEntity
  8
TREE
100
AcDbPoint
 10
140.04921067069833
 20
156.77795339742377
 30
0.0
  0
POINT
  5
4730
330
17
100
AcDbEntity
  8
TREE
100
AcDbPoint
 10
141.82005386000554
 20
156.7125426702432
 30
0.0
  0
POINT
  5
4731
330
17
100
AcDbEntity
  8
TREE
100
AcDbPoint
 10
142.7555682300823
 20
179.61581557201424
 30
0.0
  0
POINT
  5
4732
330
17
100
AcDbEntity
  8
TREE
100
AcDbPoint
 10
144.51520137407618
 20
179.55042740025686
 30
0.0
  0
POINT
  5
4733
330
17
100
AcDbEntity
  8
TREE
100
AcDbPoint
 10
121.57488964803915
 20
219.92820990144855
 30
0.0
  0
POINT
  5
4734
330
17
100
AcDbEntity
  8
TREE
100
AcDbPoint
 10
123.17196303784985
 20
220.6221951614111
 30
0.0
  0
POINT
  5
4735
330
17
100
AcDbEntity
  8
TREE
100
AcDbPoint
 10
123.32327609415701
 20
219.47335723788888
 30
0.0
  0
POINT
  5
4736
330
17
100
AcDbEntity
  8
TREE
100
AcDbPoint
 10
109.88843714485911
 20
104.32147958420035
 30
0.0
  0
POINT
  5
4737
330
17
100
AcDbEntity
  8
TREE
100
AcDbPoint
 10
111.58862547109976
 20
103.73905626664329
 30
0.0
  0
POINT
  5
4738
330
17
100
AcDbEntity
  8
TREE
100
AcDbPoint
 10
111.53555256039084
 20
104.88936029267131
 30
0.0
  0
POINT
  5
4739
330
17
100
AcDbEntity
  8
TREE
100
AcDbPoint
 10
155.38395494065765
 20
81.821367954949
 30
0.0
  0
POINT
  5
473A
330
17
100
AcDbEntity
  8
TREE
100
AcDbPoint
 10
157.59182824998643
 20
81.48599794656315
 30
0.0
  0
POINT
  5
473B
330
17
100
AcDbEntity
  8
TREE
100
AcDbPoint
 10
159.57370937652504
 20
81.27814032399814
 30
0.0
  0
POINT
  5
473C
330
17
100
AcDbEntity
  8
TREE
100
AcDbPoint
 10
158.72314295923218
 20
117.98128773386698
 30
0.0
  0
POINT
  5
473D
330
17
100
AcDbEntity
  8
TREE
100
AcDbPoint
 10
158.7274975656171
 20
119.43964950035041
 30
0.0
  0
POINT
  5
473E
330
17
100
AcDbEntity
  8
TREE
100
AcDbPoint
 10
160.1915926387265
 20
116.99644606304076
 30
0.0
  0
POINT
  5
473F
330
17
100
AcDbEntity
  8
TREE
100
AcDbPoint
 10
160.42689081319116
 20
119.25247332120976
 30
0.0
  0
POINT
  5
4740
330
17
100
AcDbEntity
  8
TREE
100
AcDbPoint
 10
160.81302838007653
 20
118.17412109508037
 30
0.0
  0
POINT
  5
4741
330
17
100
AcDbEntity
  8
TREE
100
AcDbPoint
 10
169.1882122494193
 20
117.79902440783462
 30
0.0
  0
POINT
  5
4742
330
17
100
AcDbEntity
  8
TREE
100
AcDbPoint
 10
170.9515783159471
 20
117.72617039100938
 30
0.0
  0
POINT
  5
4743
330
17
100
AcDbEntity
  8
TREE
100
AcDbPoint
 10
198.401866639963
 20
119.31459095660813
 30
0.0
  0
POINT
  5
4744
330
17
100
AcDbEntity
  8
TREE
100
AcDbPoint
 10
200.17268163499128
 20
119.24920278485074
 30
0.0
  0
POINT
  5
4745
330
17
100
AcDbEntity
  8
TREE
100
AcDbPoint
 10
158.246539819171
 20
174.1625768161012
 30
0.0
  0
POINT
  5
4746
330
17
100
AcDbEntity
  8
TREE
100
AcDbPoint
 10
160.05152346086743
 20
174.07796296552294
 30
0.0
  0
POINT
  5
4747
330
17
100
AcDbEntity
  8
TREE
100
AcDbPoint
 10
159.5874794623677
 20
175.25650638135443
 30
0.0
  0
POINT
  5
4748
330
17
100
AcDbEntity
  8
TREE
100
AcDbPoint
 10
159.17793218566425
 20
170.31191779267917
 30
0.0
  0
POINT
  5
4749
330
17
100
AcDbEntity
  8
TREE
100
AcDbPoint
 10
160.99220866170492
 20
170.22563202135873
 30
0.0
  0
POINT
  5
474A
330
17
100
AcDbEntity
  8
TREE
100
AcDbPoint
 10
160.5798729708126
 20
171.34830565400878
 30
0.0
  0
LWPOLYLINE
  5
474B
330
17
100
AcDbEntity
  8
CURB
100
AcDbPolyline
 90
30
 70
0
 10
98.90685007389119
 20
267.49581547949975
 10
99.48918598918348
 20
267.5107471696354
 10
99.48918598918348
 20
267.5107471696354
 10
99.7280817536431
 20
267.5107471696354
 10
100.25069090839258
 20
267.5256788597711
 10
101.07193386585607
 20
267.5256788597711
 10
101.59453174289396
 20
267.54061054990683
 10
102.32618455954325
 20
267.55554224004254
 10
102.32618455954325
 20
267.55554224004254
 10
102.40084301022175
 20
267.55554224004254
 10
102.92345216497124
 20
267.55554224004254
 10
103.74468384472314
 20
267.54061054990683
 10
104.26729299947263
 20
267.54061054990683
 10
105.08852467922452
 20
267.54061054990683
 10
105.61113383397401
 20
267.54061054990683
 10
106.2830598900805
 20
267.5256788597711
 10
106.2830598900805
 20
267.5256788597711
 10
106.41743382359022
 20
267.5256788597711
 10
106.9400429783397
 20
267.54061054990683
 10
107.76128593580319
 20
267.54061054990683
 10
108.28388381284108
 20
267.55554224004254
 10
109.10512677030457
 20
267.57047393017825
 10
109.62773592505405
 20
267.57047393017825
 10
110.43403591467026
 20
267.5854056203139
 10
110.95664506941975
 20
267.5854056203139
 10
111.77787674917164
 20
267.6003373104496
 10
112.30048590392113
 20
267.6003373104496
 10
113.12171758367303
 20
267.61526900058533
 10
113.64432673842252
 20
267.61526900058533
 10
114.45063800575029
 20
267.63020069072104
  0
LWPOLYLINE
  5
474C
330
17
100
AcDbEntity
  8
CURB
100
AcDbPolyline
 90
24
 70
0
 10
114.2714577241219
 20
262.9416725435345
 10
113.46514645679412
 20
262.9416725435345
 10
112.94254857975622
 20
262.9416725435345
 10
112.12130562229274
 20
262.9416725435345
 10
111.59869646754325
 20
262.9416725435345
 10
110.77746478779135
 20
262.9566042336702
 10
110.25485563304186
 20
262.9715359238059
 10
109.44855564342566
 20
262.9864676139416
 10
108.92594648867617
 20
262.9864676139416
 10
108.10470353121269
 20
263.0013993040773
 10
107.58210565417478
 20
263.016330994213
 10
106.7608626967113
 20
263.0312626843487
 10
106.2382648196734
 20
263.0312626843487
 10
105.43195355234562
 20
263.0461943744844
 10
104.90934439759613
 20
263.0611260646201
 10
104.08811271784423
 20
263.0760577547558
 10
103.56550356309474
 20
263.0909894448915
 10
102.74427188334285
 20
263.1059211350272
 10
102.22166272859336
 20
263.1059211350272
 10
101.41535146126557
 20
263.1208528251629
 10
100.89275358422766
 20
263.1357845152986
 10
100.07151062676418
 20
263.1507162054343
 10
99.54891274972628
 20
263.1507162054343
 10
98.7276697922628
 20
263.1357845152986
  0
LWPOLYLINE
  5
474D
330
17
100
AcDbEntity
  8
CURB
100
AcDbPolyline
 90
6
 70
0
 10
101.41535146126557
 20
206.70931093468337
 10
100.84795851382057
 20
206.6943792445477
 10
100.32534935907108
 20
206.67944755441198
 10
99.19055218646949
 20
206.64958417414059
 10
98.66794303172
 20
206.63465248400487
 10
98.1005388065634
 20
206.6197207938692
  0
LWPOLYLINE
  5
474E
330
17
100
AcDbEntity
  8
CURB
100
AcDbPolyline
 90
8
 70
0
 10
99.74301344377879
 20
202.12532717386992
 10
99.74301344377879
 20
201.55792294871333
 10
99.75794513391449
 20
201.03531379396384
 10
99.77287682405019
 20
200.58736308989285
 10
99.77287682405019
 20
200.58736308989285
 10
99.8027402043216
 20
199.90050534365065
 10
99.96698879581429
 20
199.52721309025816
 10
100.53439302097087
 20
199.46748632971537
  0
LWPOLYLINE
  5
474F
330
17
100
AcDbEntity
  8
CURB
100
AcDbPolyline
 90
4
 70
0
 10
105.40209017207421
 20
206.81383276563326
 10
104.73016411596772
 20
206.79890107549758
 10
104.20756623892983
 20
206.78396938536187
 10
103.53564018282334
 20
206.7690376952262
  0
LWPOLYLINE
  5
4750
330
17
100
AcDbEntity
  8
CURB
100
AcDbPolyline
 90
4
 70
0
 10
104.08811271784423
 20
199.63173492120808
 10
104.67044863313652
 20
199.66159830147947
 10
105.19304651017443
 20
199.69146168175087
 10
105.760450735331
 20
199.70639337188658
  0
LWPOLYLINE
  5
4751
330
17
100
AcDbEntity
  8
CURB
100
AcDbPolyline
 90
4
 70
0
 10
98.11547049669912
 20
202.1103954837342
 10
98.66794303172
 20
202.1103954837342
 10
99.19055218646949
 20
202.12532717386992
 10
99.74301344377879
 20
202.12532717386992
  0
LWPOLYLINE
  5
4752
330
17
100
AcDbEntity
  8
CURB
100
AcDbPolyline
 90
2
 70
0
 10
97.9810965631894
 20
267.49581547949975
 10
98.3842409191417
 20
267.49581547949975
  0
LWPOLYLINE
  5
4753
330
17
100
AcDbEntity
  8
CURB
100
AcDbPolyline
 90
2
 70
0
 10
114.9732358827882
 20
267.63020069072104
 10
115.3913232065878
 20
267.63020069072104
  0
LWPOLYLINE
  5
4754
330
17
100
AcDbEntity
  8
CURB
100
AcDbPolyline
 90
2
 70
0
 10
118.12381122370925
 20
267.63020069072104
 10
118.51202388952586
 20
267.64513238085675
  0
LWPOLYLINE
  5
4755
330
17
100
AcDbEntity
  8
CURB
100
AcDbPolyline
 90
4
 70
0
 10
119.03463304427535
 20
267.6600640709924
 10
119.09435980481814
 20
267.6600640709924
 10
119.09435980481814
 20
267.6600640709924
 10
119.78121755106034
 20
267.8093809723494
  0
LWPOLYLINE
  5
4756
330
17
100
AcDbEntity
  8
CURB
100
AcDbPolyline
 90
2
 70
0
 10
120.28888373796254
 20
267.9139028032993
 10
120.66217599135503
 20
267.9885612539778
  0
LWPOLYLINE
  5
4757
330
17
100
AcDbEntity
  8
CURB
100
AcDbPolyline
 90
4
 70
0
 10
120.75176613216922
 20
262.2100422823084
 10
120.57258585054083
 20
262.31456411325826
 10
120.57258585054083
 20
262.31456411325826
 10
120.34861049850534
 20
262.38922256393676
  0
LWPOLYLINE
  5
4758
330
17
100
AcDbEntity
  8
CURB
100
AcDbPolyline
 90
2
 70
0
 10
119.87079641416294
 20
262.5982436704134
 10
119.01970135413964
 20
262.8371507125846
  0
LWPOLYLINE
  5
4759
330
17
100
AcDbEntity
  8
CURB
100
AcDbPolyline
 90
2
 70
0
 10
118.49709219939015
 20
262.9118091632631
 10
118.04915277303076
 20
262.9715359238059
  0
LWPOLYLINE
  5
475A
330
17
100
AcDbEntity
  8
CURB
100
AcDbPolyline
 90
2
 70
0
 10
105.71565566492391
 20
200.81133844192834
 10
105.73058735505961
 20
200.45297787867156
  0
LWPOLYLINE
  5
475B
330
17
100
AcDbEntity
  8
CURB
100
AcDbPolyline
 90
2
 70
0
 10
105.760450735331
 20
199.91543703378636
 10
105.760450735331
 20
199.70639337188658
  0
LWPOLYLINE
  5
475C
330
17
100
AcDbEntity
  8
CURB
100
AcDbPolyline
 90
2
 70
0
 10
105.73058735505961
 20
202.27464407522692
 10
105.73058735505961
 20
201.81176168102022
  0
LWPOLYLINE
  5
475D
330
17
100
AcDbEntity
  8
CURB
100
AcDbPolyline
 90
2
 70
0
 10
105.71565566492391
 20
201.28915252627073
 10
105.71565566492391
 20
200.81133844192834
  0
LWPOLYLINE
  5
475E
330
17
100
AcDbEntity
  8
CURB
100
AcDbPolyline
 90
2
 70
0
 10
99.54891274972628
 20
195.85406242772237
 10
99.11589373579099
 20
195.86899411785808
  0
LWPOLYLINE
  5
475F
330
17
100
AcDbEntity
  8
CURB
100
AcDbPolyline
 90
2
 70
0
 10
98.5932845810415
 20
195.8839258079938
 10
98.16026556710621
 20
195.89885749812947
  0
LWPOLYLINE
  5
4760
330
17
100
AcDbEntity
  8
CURB
100
AcDbPolyline
 90
2
 70
0
 10
115.2121429249594
 20
262.9566042336702
 10
114.79405560115981
 20
262.9566042336702
  0
LWPOLYLINE
  5
4761
330
17
100
AcDbEntity
  8
CURB
100
AcDbPolyline
 90
2
 70
0
 10
98.20506063751331
 20
263.1357845152986
 10
97.801916281561
 20
263.1357845152986
  0
LWPOLYLINE
  5
4762
330
17
100
AcDbEntity
  8
BOUNDARY
100
AcDbPolyline
 90
1536
 70
1
 10
153.21304621066022
 20
18.571278328564876
 10
153.21304621066022
 20
20.422807905391632
 10
153.21304621066022
 20
21.423231144483513
 10
153.21304621066022
 20
23.424032511820936
 10
153.21304621066022
 20
24.409524060777112
 10
153.21304621066022
 20
26.41037053896087
 10
154.12386803122632
 20
26.485028989639368
 10
156.1097715415628
 20
26.485028989639368
 10
157.1101835029431
 20
26.485028989639368
 10
158.64813630920858
 20
26.470097299503667
 10
158.64813630920858
 20
26.470097299503667
 10
158.63320461907287
 20
26.947911383846055
 10
158.60334123880148
 20
27.948334622937935
 10
158.55854616839437
 20
29.93420430013966
 10
158.54361447825866
 20
30.934627539231535
 10
158.49881940785158
 20
32.93547401741529
 10
158.46895602758016
 20
33.92096556637147
 10
158.4241609571731
 20
35.921812044555224
 10
158.40922926703738
 20
36.92219017280077
 10
158.36443419663027
 20
38.908104960848824
 10
158.33458209407047
 20
39.908528199940704
 10
158.28978702366337
 20
41.90937467812446
 10
158.27485533352765
 20
42.90979791721634
 10
158.23006026312055
 20
44.89566759441806
 10
158.20019688284916
 20
45.89609083350994
 10
158.15540181244205
 20
47.89693731169369
 10
158.14047012230637
 20
48.89736055078557
 10
158.09567505189926
 20
50.88323022798729
 10
158.06581167162787
 20
51.88365346707917
 10
158.02101660122077
 20
53.884499945262924
 10
158.00608491108505
 20
54.86999149421911
 10
158.00608491108505
 20
55.0043767054404
 10
158.00608491108505
 20
55.0043767054404
 10
157.99115322094937
 20
56.87079286155653
 10
157.97622153081366
 20
57.871216100648404
 10
157.97622153081366
 20
59.872062578832164
 10
157.96128984067798
 20
60.85755412778834
 10
157.94635815054227
 20
62.85840060597209
 10
157.94635815054227
 20
63.85877873421764
 10
157.93142646040656
 20
65.8446935222657
 10
157.93142646040656
 20
66.84511676135757
 10
157.91649477027087
 20
68.18896887357054
 10
157.91649477027087
 20
68.18896887357054
 10
157.2595004043001
 20
68.17403718343485
 10
156.2590884429198
 20
68.14417380316344
 10
154.27318493258332
 20
68.08444704262064
 10
153.76550746796954
 20
68.56226112696304
 10
153.73564408769812
 20
70.56306249430045
 10
153.72071239756244
 20
71.56348573339234
 10
153.70578070742673
 20
72.08609488814183
 10
153.70578070742673
 20
72.08609488814183
 10
152.24248635183974
 20
72.10102657827753
 10
151.24207439045946
 20
72.11595826841322
 10
149.24123918998728
 20
72.13088995854892
 10
148.24082722860697
 20
72.14582164868462
 10
146.2549237182705
 20
72.17568502895602
 10
145.25450047917863
 20
72.17568502895602
 10
143.25367655641804
 20
72.20554840922742
 10
142.25325331732617
 20
72.22048009936312
 10
140.2673498069897
 20
72.23541178949883
 10
139.2669378456094
 20
72.25034347963452
 10
138.38596812760312
 20
72.26527516977022
 10
138.38596812760312
 20
72.26527516977022
 10
138.38596812760312
 20
71.14539840959274
 10
138.38596812760312
 20
70.14497517050087
 10
138.38596812760312
 20
68.15910549329914
 10
138.38596812760312
 20
67.15868225420726
 10
138.38596812760312
 20
65.15783577602352
 10
138.38596812760312
 20
64.15741253693163
 10
138.38596812760312
 20
62.17154285972991
 10
138.40089981773883
 20
61.17111962063803
 10
138.40089981773883
 20
59.17027314245428
 10
138.40089981773883
 20
58.1698499033624
 10
138.40089981773883
 20
56.18398022616068
 10
138.40089981773883
 20
55.1835569870688
 10
138.40089981773883
 20
53.182710508885044
 10
138.40089981773883
 20
52.182287269793164
 10
138.40089981773883
 20
50.19637248174511
 10
138.40089981773883
 20
49.195994353499565
 10
138.40089981773883
 20
47.19514787531581
 10
138.23666250395772
 20
46.58294857975212
 10
137.86337025056523
 20
46.95624083314461
 10
137.86337025056523
 20
46.95624083314461
 10
137.34076109581574
 20
47.5236450583012
 10
137.34076109581574
 20
47.5236450583012
 10
136.90774208188043
 20
48.07611759332209
 10
136.35528082457114
 20
48.89736055078557
 10
136.04171533172143
 20
49.41996970553506
 10
136.04171533172143
 20
49.41996970553506
 10
135.69828645860034
 20
50.10678234093091
 10
135.69828645860034
 20
50.10678234093091
 10
135.44444772629345
 20
50.6741865660875
 10
135.13088223344377
 20
51.61488304463658
 10
135.11595054330806
 20
53.61572952282033
 10
135.11595054330806
 20
54.60122107177651
 10
135.10101885317235
 20
56.60202243911393
 10
135.08608716303667
 20
57.60244567820581
 10
135.07115547290095
 20
59.603292156389564
 10
135.07115547290095
 20
60.58878370534575
 10
135.05622378276527
 20
62.5896301835295
 10
135.04129209262956
 20
63.590008311775044
 10
135.02636040249385
 20
65.5908547899588
 10
135.02636040249385
 20
66.57634633891497
 10
135.01142871235817
 20
68.57719281709873
 10
134.99649702222246
 20
69.5776160561906
 10
134.98156533208677
 20
71.57841742352804
 10
134.98156533208677
 20
72.56390897248421
 10
134.96663364195106
 20
74.56475545066797
 10
134.95170195181535
 20
75.56517868975985
 10
134.93677026167967
 20
77.55104836696157
 10
134.36937731423467
 20
77.98406738089686
 10
134.36937731423467
 20
79.98491385908062
 10
134.38430900437035
 20
80.9853370981725
 10
134.38430900437035
 20
82.97125188622054
 10
134.38430900437035
 20
83.9716300144661
 10
134.38430900437035
 20
85.97247649264985
 10
134.38430900437035
 20
86.97289973174173
 10
134.38430900437035
 20
88.95881451978978
 10
134.38430900437035
 20
89.95919264803533
 10
134.38430900437035
 20
91.96003912621909
 10
134.38430900437035
 20
92.96046236531096
 10
134.38430900437035
 20
94.94637715335902
 10
134.38430900437035
 20
95.9468003924509
 10
134.38430900437035
 20
97.94760175978831
 10
134.38430900437035
 20
98.9480249988802
 10
134.38430900437035
 20
100.93393978692825
 10
134.38430900437035
 20
101.93436302602012
 10
134.38430900437035
 20
103.93516439335755
 10
134.38430900437035
 20
104.93558763244943
 10
134.39924069450606
 20
106.5332784769693
 10
134.39924069450606
 20
106.5332784769693
 10
134.78746463803424
 20
106.51834678683359
 10
134.86212308871274
 20
107.42917988511127
 10
134.84719139857705
 20
109.43002636329503
 10
134.84719139857705
 20
110.43040449154057
 10
134.83225970844134
 20
112.41631927958863
 10
134.83225970844134
 20
113.41674251868051
 10
134.81732801830566
 20
115.41758899686427
 10
134.80239632816995
 20
116.41801223595614
 10
134.80239632816995
 20
118.40388191315786
 10
134.78746463803424
 20
119.40430515224975
 10
134.77253294789855
 20
121.4051516304335
 10
134.77253294789855
 20
122.40557486952538
 10
134.77253294789855
 20
123.09243261576756
 10
134.77253294789855
 20
123.09243261576756
 10
134.78746463803424
 20
123.51047482872082
 10
134.78746463803424
 20
123.51047482872082
 10
134.87705477884845
 20
123.91363046238472
 10
134.87705477884845
 20
123.91363046238472
 10
135.01142871235817
 20
124.3167860960486
 10
135.01142871235817
 20
124.3167860960486
 10
135.02636040249385
 20
124.36158116645571
 10
135.56390124737905
 20
125.19775581405489
 10
135.69828645860034
 20
125.33214102527617
 10
135.69828645860034
 20
125.33214102527617
 10
136.01185195145004
 20
125.61584313785447
 10
136.01185195145004
 20
125.61584313785447
 10
136.35528082457114
 20
125.83981848988996
 10
136.35528082457114
 20
125.83981848988996
 10
136.72856180025204
 20
126.01899877151837
 10
136.72856180025204
 20
126.01899877151837
 10
137.11678574378024
 20
126.15338398273965
 10
137.11678574378024
 20
126.15338398273965
 10
137.26610264513724
 20
126.18324736301106
 10
138.25158291638184
 20
126.25790581368956
 10
140.252418116854
 20
126.22804243341815
 10
141.25284135594586
 20
126.22804243341815
 10
143.23874486628233
 20
126.19817905314676
 10
144.23915682766264
 20
126.18324736301106
 10
144.53779063037663
 20
126.18324736301106
 10
144.53779063037663
 20
126.18324736301106
 10
146.23999202813482
 20
126.28776919396095
 10
147.22547229937942
 20
126.33256426436806
 10
147.2851990599222
 20
126.34749595450376
 10
147.2851990599222
 20
126.34749595450376
 10
149.22630749985157
 20
126.34749595450376
 10
150.22671946123188
 20
126.34749595450376
 10
152.21262297156835
 20
126.34749595450376
 10
153.21304621066022
 20
126.36242764463945
 10
155.2138701334208
 20
126.36242764463945
 10
156.21429337251269
 20
126.36242764463945
 10
158.20019688284916
 20
126.37735933477515
 10
159.20060884422946
 20
126.37735933477515
 10
161.20144404470162
 20
126.39229102491086
 10
162.20185600608193
 20
126.39229102491086
 10
164.1877595164184
 20
126.40722271504656
 10
165.1881714777987
 20
126.40722271504656
 10
167.18900667827086
 20
126.42215440518225
 10
168.18942991736273
 20
126.42215440518225
 10
170.17532214998764
 20
126.43708609531795
 10
171.1757453890795
 20
126.43708609531795
 10
173.1765805895517
 20
126.45201778545365
 10
174.17699255093197
 20
126.45201778545365
 10
176.16289606126844
 20
126.46694947558936
 10
177.16330802264875
 20
126.46694947558936
 10
179.1641432231209
 20
126.48188116572506
 10
180.1645551845012
 20
126.48188116572506
 10
182.15045869483768
 20
126.49681285586075
 10
183.15088193392955
 20
126.51174454599645
 10
185.15171713440174
 20
126.51174454599645
 10
186.15212909578202
 20
126.52667623613215
 10
188.13803260611851
 20
126.52667623613215
 10
189.1384445674988
 20
126.54160792626786
 10
191.13927976797098
 20
126.55653961640355
 10
192.13970300706285
 20
126.55653961640355
 10
194.12559523968773
 20
126.57147130653925
 10
195.1260184787796
 20
126.57147130653925
 10
197.12684240154022
 20
126.58640299667495
 10
198.1272656406321
 20
126.58640299667495
 10
200.11315787325697
 20
126.60133468681065
 10
201.11358111234884
 20
126.60133468681065
 10
201.65112195723404
 20
126.61626637694636
 10
201.65112195723404
 20
126.61626637694636
 10
202.39770646401902
 20
127.87052834834512
 10
202.90536137320964
 20
128.72163468608
 10
203.92071630243723
 20
130.43873394083914
 10
204.3537353163725
 20
131.3197036588454
 10
204.3388036262368
 20
133.32055013702916
 10
204.3238719361011
 20
134.30604168598535
 10
204.3089402459654
 20
136.3068881641691
 10
204.3089402459654
 20
137.30726629241465
 10
204.29400855582972
 20
138.30768953150653
 10
204.29400855582972
 20
138.30768953150653
 10
203.30851700687353
 20
138.29275784137081
 10
202.3081163232048
 20
138.29275784137081
 10
200.80001561949916
 20
138.27782615123513
 10
200.80001561949916
 20
138.27782615123513
 10
200.38192829569957
 20
138.27782615123513
 10
200.38192829569957
 20
138.27782615123513
 10
200.38192829569957
 20
138.35248460191363
 10
200.38192829569957
 20
139.3529078410055
 10
200.38192829569957
 20
139.8307219253479
 10
200.38192829569957
 20
139.8307219253479
 10
198.87385014741707
 20
139.8157902352122
 10
197.87342690832517
 20
139.8157902352122
 10
195.87260298556458
 20
139.8008585450765
 10
194.8721797464727
 20
139.8008585450765
 10
192.88626495842468
 20
139.78592685494078
 10
191.88586427475596
 20
139.78592685494078
 10
189.88501779657219
 20
139.7709951648051
 10
188.8846058351919
 20
139.7709951648051
 10
186.89870232485544
 20
139.7560634746694
 10
185.89829036347513
 20
139.7411317845337
 10
183.89745516300297
 20
139.7411317845337
 10
182.89704320162267
 20
139.726200094398
 10
180.9111396912862
 20
139.726200094398
 10
179.9107277299059
 20
139.71126840426228
 10
177.90989252943373
 20
139.6963367141266
 10
176.90946929034186
 20
139.6963367141266
 10
174.92357705771695
 20
139.6814050239909
 10
173.92315381862508
 20
139.6814050239909
 10
171.9223186181529
 20
139.6664733338552
 10
171.698354543829
 20
138.8900254467988
 10
171.698354543829
 20
138.11357755974242
 10
171.698354543829
 20
138.11357755974242
 10
170.4888876428373
 20
138.09864586960674
 10
169.50340737159274
 20
138.09864586960674
 10
168.68216441412926
 20
138.09864586960674
 10
168.68216441412926
 20
138.09864586960674
 10
168.68216441412926
 20
139.278249390327
 10
168.05504470614144
 20
139.6515416437195
 10
166.05420950566926
 20
139.6366099535838
 10
165.0537862665774
 20
139.6216782634481
 10
163.0678940339525
 20
139.6216782634481
 10
162.06747079486064
 20
139.6067465733124
 10
160.06663559438846
 20
139.6067465733124
 10
159.06622363300815
 20
139.5918148831767
 10
157.94635815054227
 20
139.5918148831767
 10
157.94635815054227
 20
139.5918148831767
 10
157.94635815054227
 20
138.72577685530612
 10
157.6327926576926
 20
138.02398741892824
 10
157.52827082674267
 20
138.02398741892824
 10
157.52827082674267
 20
138.02398741892824
 10
157.513339136607
 20
139.9053803760264
 10
157.513339136607
 20
140.90580361511826
 10
157.513339136607
 20
142.90665009330203
 10
157.513339136607
 20
143.90702822154756
 10
157.513339136607
 20
145.89294300959563
 10
157.49840744647128
 20
146.8933662486875
 10
157.49840744647128
 20
148.89421272687125
 10
157.49840744647128
 20
149.89463596596315
 10
157.49840744647128
 20
151.16378451665128
 10
157.49840744647128
 20
151.16378451665128
 10
157.4834757563356
 20
151.88050564316487
 10
157.4834757563356
 20
152.88092888225674
 10
157.46854406619988
 20
154.88177536044049
 10
157.45361237606417
 20
155.88219859953236
 10
157.4386806859285
 20
157.86806827673408
 10
157.42374899579278
 20
158.86849151582598
 10
157.4088173056571
 20
160.86933799400973
 10
157.4088173056571
 20
161.85482954296592
 10
157.37895392538567
 20
163.85563091030332
 10
157.37895392538567
 20
164.8560541493952
 10
157.36402223525
 20
166.85690062757897
 10
157.34909054511428
 20
167.84239217653513
 10
157.3341588549786
 20
169.8432386547189
 10
157.31922716484289
 20
170.84361678296443
 10
157.30429547470717
 20
172.8444632611482
 10
157.30429547470717
 20
173.82995481010437
 10
157.2893637845715
 20
175.83080128828811
 10
157.27443209443578
 20
176.83122452738002
 10
157.2595004043001
 20
178.81709420458174
 10
157.2445687141644
 20
179.8175174436736
 10
157.22963702402868
 20
181.81836392185735
 10
157.22963702402868
 20
182.81878716094923
 10
157.19977364375728
 20
184.80465683815098
 10
157.19977364375728
 20
185.80508007724285
 10
157.1848419536216
 20
187.8059265554266
 10
157.1699102634859
 20
188.80634979451847
 10
157.15497857335018
 20
190.7922194717202
 10
157.1400468832145
 20
191.79264271081206
 10
157.12511519307878
 20
193.79348918899584
 10
157.12511519307878
 20
194.7939124280877
 10
157.1101835029431
 20
196.77982721613577
 10
157.0952518128074
 20
197.7802053443813
 10
157.08032012267168
 20
199.78105182256508
 10
157.065388432536
 20
200.78147506165695
 10
157.05045674240029
 20
202.76738984970498
 10
157.0355250522646
 20
203.76781308879688
 10
157.0205933621289
 20
205.7686144561343
 10
157.0205933621289
 20
206.7690376952262
 10
157.00566167199318
 20
208.60563558191723
 10
157.00566167199318
 20
208.60563558191723
 10
157.15497857335018
 20
208.62056727205294
 10
158.05087998149216
 20
208.71015741286712
 10
158.03594829135648
 20
210.71095878020455
 10
158.02101660122077
 20
211.71138201929642
 10
158.00608491108505
 20
213.7122284974802
 10
158.23006026312055
 20
214.47374469440086
 10
160.23088418588117
 20
214.53347145494368
 10
161.23130742497304
 20
214.56333483521507
 10
163.2172109353095
 20
214.62306159575786
 10
164.2176228966898
 20
214.65292497602925
 10
166.21845809716197
 20
214.71265173657207
 10
167.20393836840657
 20
214.74251511684346
 10
169.20477356887875
 20
214.80224187738625
 10
169.57806582227124
 20
215.42937286308566
 10
169.51833906172843
 20
217.43017423042306
 10
169.48847568145703
 20
218.41566577937925
 10
169.42874892091424
 20
220.416512257563
 10
169.39888554064282
 20
221.41693549665487
 10
169.33915878010004
 20
223.40285028470294
 10
169.30929539982864
 20
224.4032284129485
 10
169.24956863928583
 20
226.40407489113224
 10
169.21970525901443
 20
227.4044981302241
 10
169.20477356887875
 20
228.0913558764663
 10
169.20477356887875
 20
228.0913558764663
 10
167.89079611464874
 20
228.0465608060592
 10
167.36818695989925
 20
228.5243748904016
 10
167.30846019935646
 20
230.52522136858533
 10
167.27859681908507
 20
231.51066780669518
 10
167.21887005854225
 20
233.51151428487896
 10
166.45736513933318
 20
233.73548963691445
 10
165.03886585415327
 20
233.69069456650735
 10
165.03886585415327
 20
233.69069456650735
 10
165.03886585415327
 20
234.25809879166394
 10
165.03886585415327
 20
235.2585220307558
 10
165.0537862665774
 20
237.25936850893956
 10
165.0537862665774
 20
238.25974663718512
 10
165.0537862665774
 20
240.24566142523318
 10
165.0687179567131
 20
241.24608466432505
 10
165.0687179567131
 20
243.2469311425088
 10
165.0687179567131
 20
244.23237758061865
 10
165.08364964684878
 20
246.2332240588024
 10
165.08364964684878
 20
247.23364729789427
 10
165.08364964684878
 20
249.23447122065488
 10
165.08364964684878
 20
250.21996276961104
 10
165.0985813369845
 20
252.2208092477948
 10
165.0985813369845
 20
253.2212099314635
 10
165.0985813369845
 20
255.22205640964728
 10
165.1135130271202
 20
256.2075254031803
 10
165.1135130271202
 20
258.20837188136403
 10
165.1135130271202
 20
259.20877256503275
 10
165.1135130271202
 20
260.04494721263194
 10
165.1135130271202
 20
260.04494721263194
 10
163.9637841643829
 20
260.04494721263194
 10
162.96337220300262
 20
260.04494721263194
 10
160.96253700253044
 20
260.04494721263194
 10
159.96212504115013
 20
260.04494721263194
 10
159.15581377382236
 20
260.04494721263194
 10
159.15581377382236
 20
260.04494721263194
 10
157.97622153081366
 20
260.04494721263194
 10
157.5581342070141
 20
260.6272831279242
 10
157.5581342070141
 20
261.0901655221309
 10
157.5581342070141
 20
261.0901655221309
 10
156.7219595594149
 20
261.0752338319952
 10
156.7219595594149
 20
261.0752338319952
 10
156.7070278692792
 20
261.7770232683731
 10
156.7070278692792
 20
262.77742395204183
 10
156.6920961791435
 20
264.7782704302256
 10
156.6920961791435
 20
265.7637619791817
 10
156.6771644890078
 20
267.7645859019423
 10
156.66224407658368
 20
268.7650091410342
 10
156.647312386448
 20
270.7658330637948
 10
156.647312386448
 20
271.751324612751
 10
156.63238069631228
 20
273.75214853551154
 10
156.61744900617657
 20
274.75257177460344
 10
156.6025173160409
 20
276.73846400722834
 10
156.6025173160409
 20
277.7388872463202
 10
156.58758562590518
 20
279.7397111690808
 10
156.58758562590518
 20
280.74013440817265
 10
156.5726539357695
 20
282.72602664079756
 10
156.5726539357695
 20
283.72644987988946
 10
156.55772224563378
 20
285.7272963580732
 10
156.55772224563378
 20
286.7276970417419
 10
156.54279055549807
 20
288.71361182978995
 10
156.54279055549807
 20
289.71401251345867
 10
156.5278588653624
 20
291.7148589916424
 10
156.5278588653624
 20
292.71525967531113
 10
156.51292717522668
 20
294.70117446335917
 10
156.51292717522668
 20
295.70159770245107
 10
156.497995485091
 20
297.7024216252117
 10
156.497995485091
 20
298.70284486430353
 10
156.48306379495529
 20
300.68873709692843
 10
156.48306379495529
 20
301.6891603360203
 10
156.46813210481957
 20
303.6899842587809
 10
156.46813210481957
 20
304.6904074978728
 10
156.4532004146839
 20
306.67629973049765
 10
156.4532004146839
 20
307.67672296958955
 10
156.43826872454818
 20
309.6775468923501
 10
156.43826872454818
 20
310.677970131442
 10
156.4233370344125
 20
312.66388491949004
 10
156.4233370344125
 20
313.66428560315876
 10
156.4084053442768
 20
315.6651320813425
 10
156.39347365414108
 20
316.65060107487557
 10
156.39347365414108
 20
318.6514475530593
 10
156.3785419640054
 20
319.65184823672803
 10
156.3785419640054
 20
321.6526947149118
 10
156.36361027386968
 20
322.63818626386796
 10
156.36361027386968
 20
324.6390101866285
 10
156.348678583734
 20
325.6394334257204
 10
156.348678583734
 20
327.640257348481
 10
156.3337468935983
 20
328.6257488974372
 10
156.3337468935983
 20
330.6265728201978
 10
156.31881520346258
 20
331.62699605928964
 10
156.31881520346258
 20
333.62781998205026
 10
156.3038835133269
 20
334.6133115310064
 10
156.28895182319118
 20
336.614135453767
 10
156.28895182319118
 20
337.61455869285885
 10
156.2740201330555
 20
339.60045092548376
 10
156.2740201330555
 20
340.60087416457566
 10
156.2590884429198
 20
342.6017206427594
 10
156.2590884429198
 20
343.6021213264281
 10
156.24415675278408
 20
345.58803611447615
 10
156.24415675278408
 20
346.58843679814487
 10
156.2292250626484
 20
348.5892832763286
 10
156.2292250626484
 20
349.58968395999733
 10
156.21429337251269
 20
351.5755987480454
 10
156.21429337251269
 20
352.57602198713727
 10
156.21429337251269
 20
352.6805438180872
 10
156.21429337251269
 20
352.6805438180872
 10
156.199361682377
 20
354.5768459098979
 10
156.199361682377
 20
355.5772691489897
 10
156.1844299922413
 20
357.56316138161463
 10
156.1844299922413
 20
358.56358462070654
 10
156.16949830210558
 20
360.5644085434671
 10
156.16949830210558
 20
361.564831782559
 10
156.1545666119699
 20
363.55072401518385
 10
156.1545666119699
 20
364.55114725427575
 10
156.1396349218342
 20
365.83527260594593
 10
156.1396349218342
 20
365.83527260594593
 10
156.1396349218342
 20
366.55197117703636
 10
156.1396349218342
 20
367.5523944161282
 10
156.1247032316985
 20
369.53830920417624
 10
156.1247032316985
 20
370.53870988784496
 10
156.1097715415628
 20
372.53955636602876
 10
156.1097715415628
 20
373.5399570496975
 10
156.09483985142708
 20
375.5258718377455
 10
156.09483985142708
 20
376.5262725214142
 10
156.0799081612914
 20
378.5270964441748
 10
156.0799081612914
 20
379.527564794113
 10
156.0649764711557
 20
381.5134344713147
 10
156.0649764711557
 20
382.5138577104066
 10
156.05004478102
 20
384.51465907774406
 10
156.05004478102
 20
385.5001506267002
 10
156.0351130908843
 20
387.500997104884
 10
156.0351130908843
 20
388.50142034397584
 10
156.02018140074858
 20
390.50222171131327
 10
156.02018140074858
 20
391.48771326026946
 10
156.0052497106129
 20
393.4885597384532
 10
156.0052497106129
 20
394.4889829775451
 10
155.9903180204772
 20
396.48978434488254
 10
155.9903180204772
 20
397.47527589383867
 10
155.9903180204772
 20
397.5201160750921
 10
155.9903180204772
 20
397.5201160750921
 10
154.01934620027643
 20
397.5051392741101
 10
153.01893423889612
 20
397.5051392741101
 10
151.03303072855965
 20
397.4902526948207
 10
150.03260748946778
 20
397.4902526948207
 10
148.0317835667072
 20
397.47527589383867
 10
147.03136032761532
 20
397.47527589383867
 10
145.35902231012852
 20
397.46038931454933
 10
145.35902231012852
 20
397.46038931454933
 10
145.35902231012852
 20
397.7888864975347
 10
145.35902231012852
 20
398.7892646257803
 10
145.35902231012852
 20
400.7751794138283
 10
145.35902231012852
 20
401.7756026529202
 10
145.34409061999284
 20
403.77644913110396
 10
145.34409061999284
 20
404.7768272593495
 10
145.34409061999284
 20
406.7627420473975
 10
145.34409061999284
 20
407.7631652864894
 10
145.32915892985713
 20
409.76401176467317
 10
145.32915892985713
 20
410.7643898929187
 10
145.32915892985713
 20
412.7503497918131
 10
145.31422723972142
 20
413.75072792005864
 10
145.31422723972142
 20
415.75157439824244
 10
145.31422723972142
 20
416.7370659471986
 10
145.29929554958574
 20
418.7379124253823
 10
145.29929554958574
 20
419.7382905536279
 10
145.29929554958574
 20
421.73913703181165
 10
145.29929554958574
 20
422.72462858076784
 10
145.28436385945002
 20
424.7254750589516
 10
145.28436385945002
 20
425.7258531871971
 10
145.28436385945002
 20
427.72669966538086
 10
145.28436385945002
 20
428.71219121433705
 10
145.26943216931434
 20
430.7130376925208
 10
145.26943216931434
 20
431.7134158207664
 10
145.26943216931434
 20
433.71426229895013
 10
145.26943216931434
 20
434.6997538479063
 10
145.25450047917863
 20
436.70060032609007
 10
145.25450047917863
 20
437.7009784543356
 10
145.25450047917863
 20
439.68689324238363
 10
145.23956878904292
 20
440.68731648147553
 10
145.23956878904292
 20
442.6881629596593
 10
145.23956878904292
 20
443.6885861987512
 10
145.22463709890724
 20
445.6745009867992
 10
145.22463709890724
 20
446.67487911504475
 10
145.22463709890724
 20
448.6757255932285
 10
145.22463709890724
 20
449.6761488323204
 10
145.20970540877153
 20
451.66206362036843
 10
145.20970540877153
 20
452.662441748614
 10
145.20970540877153
 20
454.66328822679776
 10
145.20970540877153
 20
455.6637114658896
 10
145.19477371863584
 20
457.6496262539377
 10
145.19477371863584
 20
458.6500043821832
 10
145.19477371863584
 20
460.650850860367
 10
145.17984202850013
 20
461.6512740994589
 10
145.17984202850013
 20
463.6371888875069
 10
145.17984202850013
 20
464.63756701575244
 10
145.17984202850013
 20
466.63841349393624
 10
145.16491033836445
 20
467.6388367330281
 10
145.16491033836445
 20
469.6247515210762
 10
145.16491033836445
 20
470.625174760168
 10
145.14997864822874
 20
472.62597612750545
 10
145.14997864822874
 20
473.62639936659735
 10
145.14997864822874
 20
475.6123141546454
 10
145.14997864822874
 20
476.6127373937373
 10
145.13504695809303
 20
478.61353876107466
 10
145.13504695809303
 20
479.61396200016657
 10
145.13504695809303
 20
481.5998767882146
 10
145.13504695809303
 20
482.6003000273065
 10
145.12011526795735
 20
484.60110139464393
 10
145.12011526795735
 20
485.5865929436001
 10
145.12011526795735
 20
485.7359098449571
 10
145.12011526795735
 20
485.7359098449571
 10
145.12011526795735
 20
487.58743942178387
 10
145.12011526795735
 20
488.5878626608757
 10
145.12011526795735
 20
490.5887091390595
 10
145.12011526795735
 20
491.57415557716934
 10
145.12011526795735
 20
493.56007036521737
 10
145.12011526795735
 20
493.56007036521737
 10
145.14997864822874
 20
493.56007036521737
 10
146.1354701971849
 20
493.56007036521737
 10
148.13630539765708
 20
493.5750020553531
 10
149.1367173590374
 20
493.5750020553531
 10
151.13755255950954
 20
493.5899337454888
 10
152.12303283075414
 20
493.5899337454888
 10
154.12386803122632
 20
493.6048654356245
 10
155.1242799926066
 20
493.6048654356245
 10
157.12511519307878
 20
493.6197971257602
 10
158.11060674203497
 20
493.6197971257602
 10
160.11143066479556
 20
493.63472881589587
 10
161.11185390388744
 20
493.63472881589587
 10
163.11268910435962
 20
493.6496605060316
 10
164.0981693756042
 20
493.6496605060316
 10
166.09900457607637
 20
493.6645921961673
 10
167.09941653745668
 20
493.6645921961673
 10
169.10025173792883
 20
493.679523886303
 10
170.08573200917343
 20
493.679523886303
 10
172.0865672096456
 20
493.6944555764387
 10
173.08699044873748
 20
493.6944555764387
 10
175.08782564920966
 20
493.70938726657437
 10
176.07330592045426
 20
493.70938726657437
 10
177.99948267024791
 20
493.7243189567101
 10
177.99948267024791
 20
493.7243189567101
 10
178.0741411209264
 20
493.7243189567101
 10
179.07455308230672
 20
493.7243189567101
 10
181.0753882827789
 20
493.7392506468458
 10
182.06086855402347
 20
493.6645921961673
 10
184.00197699395287
 20
493.2017098019606
 10
184.97253685277335
 20
492.9777344499251
 10
185.13678544426602
 20
492.932939379518
 10
185.13678544426602
 20
492.932939379518
 10
186.4955579689031
 20
491.72347247852633
 10
187.24213119797653
 20
491.0665232234019
 10
187.98871570476152
 20
490.3945971672954
 10
187.98871570476152
 20
490.3945971672954
 10
188.9891276661418
 20
490.4095288574311
 10
189.9895396275221
 20
490.4095288574311
 10
191.99038610570585
 20
490.4244605475668
 10
192.97585509923886
 20
490.4244605475668
 10
194.9767015774226
 20
490.4393922377025
 10
195.9771248165145
 20
490.4393922377025
 10
197.9779487392751
 20
490.4543239278382
 10
198.96344028823125
 20
490.4543239278382
 10
200.96426421099184
 20
490.4692556179739
 10
201.96468745008372
 20
490.4692556179739
 10
203.9655113728443
 20
490.4841873081096
 10
204.9510029218005
 20
490.4841873081096
 10
206.95182684456108
 20
490.4991189982453
 10
207.95225008365296
 20
490.4991189982453
 10
209.95307400641354
 20
490.514050688381
 10
210.93856555536973
 20
490.514050688381
 10
212.93938947813032
 20
490.514050688381
 10
213.9398127172222
 20
490.514050688381
 10
214.67146553387147
 20
490.5289823785167
 10
214.67146553387147
 20
490.5289823785167
 10
214.67146553387147
 20
491.7831992390691
 10
214.6565338437358
 20
492.78366758900734
 10
214.6565338437358
 20
493.2017098019606
 10
214.6565338437358
 20
493.2017098019606
 10
214.6565338437358
 20
494.78446895634477
 10
214.64160215360008
 20
495.78489219543667
 10
214.6266704634644
 20
497.7708069834847
 10
214.61173877332868
 20
498.77123022257655
 10
214.59680708319297
 20
500.772031589914
 10
214.5818753930573
 20
501.75752313887017
 10
214.5520120127859
 20
503.7583696170539
 10
214.53708032265018
 20
504.7587928561458
 10
214.52214863251447
 20
506.75959422348325
 10
214.5072169423788
 20
507.74508577243944
 10
214.49228525224308
 20
509.7459322506232
 10
214.4773535621074
 20
510.74635548971503
 10
214.46242187197169
 20
511.4033498556858
 10
214.46242187197169
 20
511.4033498556858
 10
214.0144711679007
 20
512.6576118270846
 10
213.6710422947796
 20
513.5982631947874
 10
213.35747680192992
 20
514.4493695325223
 10
213.35747680192992
 20
514.4493695325223
 10
213.402271872337
 20
515.5393829124283
 10
213.43213525260842
 20
516.5248744613845
 10
213.5217253934226
 20
518.5257209395683
 10
213.5665204638297
 20
519.5260990678138
 10
213.6113155342368
 20
520.7803610392126
 10
213.6113155342368
 20
520.7803610392126
 10
212.8796627175875
 20
520.7803610392126
 10
211.87926203391882
 20
520.7952927293483
 10
209.89334724587076
 20
520.7952927293483
 10
208.89294656220204
 20
520.7952927293483
 10
206.8921000840183
 20
520.8102244194839
 10
205.89169940034958
 20
520.8102244194839
 10
204.7120958796293
 20
520.8102244194839
 10
204.7120958796293
 20
520.8102244194839
 10
203.90578461230152
 20
520.8102244194839
 10
203.7415360208088
 20
519.9740497718848
 10
203.7415360208088
 20
519.6903476593064
 10
203.7415360208088
 20
519.6903476593064
 10
202.02441421062653
 20
519.6754159691708
 10
201.63619026709833
 20
520.2876152647344
 10
201.63619026709833
 20
520.8102244194839
 10
201.63619026709833
 20
520.8102244194839
 10
200.15795294366407
 20
520.7952927293483
 10
199.4263001270148
 20
521.0491314616552
 10
199.4263001270148
 20
521.2133800531478
 10
199.4263001270148
 20
521.2133800531478
 10
200.63576702800646
 20
521.2133800531478
 10
200.63576702800646
 20
521.2133800531478
 10
200.63576702800646
 20
521.8405110388472
 10
200.62083533787074
 20
522.8409342779391
 10
200.62083533787074
 20
524.8417807561228
 10
200.62083533787074
 20
525.8272723050791
 10
200.62083533787074
 20
527.8280736724165
 10
200.60590364773506
 20
528.8284969115083
 10
200.60590364773506
 20
530.8293433896921
 10
200.60590364773506
 20
531.8148349386482
 10
200.60590364773506
 20
533.8156363059857
 10
200.59097195759935
 20
534.8160595450776
 10
200.59097195759935
 20
536.8019743331256
 10
200.59097195759935
 20
537.8023975722175
 10
200.59097195759935
 20
539.8031989395549
 10
200.57604026746367
 20
540.8036221786468
 10
200.57604026746367
 20
542.7895369666949
 10
200.57604026746367
 20
543.7899602057868
 10
200.57604026746367
 20
545.7908066839705
 10
200.57604026746367
 20
546.7911848122161
 10
200.56110857732796
 20
548.7770996002641
 10
200.56110857732796
 20
549.7775228393559
 10
200.56110857732796
 20
550.3897221349197
 10
200.56110857732796
 20
550.3897221349197
 10
199.47109519742187
 20
550.3897221349197
 10
199.47109519742187
 20
550.3897221349197
 10
199.47109519742187
 20
550.6734242474979
 10
199.4561635072862
 20
551.6738474865898
 10
199.4561635072862
 20
552.4950904440533
 10
199.4561635072862
 20
552.4950904440533
 10
200.56110857732796
 20
552.4950904440533
 10
200.56110857732796
 20
552.4950904440533
 10
200.56110857732796
 20
552.5846805848676
 10
200.54617688719225
 20
553.5850587131131
 10
200.54617688719225
 20
555.5709735011611
 10
200.54617688719225
 20
556.571396740253
 10
200.54617688719225
 20
558.5722432184367
 10
200.53124519705656
 20
559.5726213466824
 10
200.53124519705656
 20
561.5585361347304
 10
200.53124519705656
 20
562.5589593738222
 10
200.53124519705656
 20
563.6340410635926
 10
200.53124519705656
 20
563.6340410635926
 10
200.51631350692085
 20
564.559805852006
 10
200.51631350692085
 20
565.5601839802515
 10
200.50138181678517
 20
567.5460987682995
 10
200.50138181678517
 20
568.5465220073914
 10
200.48645012664946
 20
570.5473684855752
 10
200.48645012664946
 20
571.5477917246671
 10
200.47151843651375
 20
573.5336614018688
 10
200.47151843651375
 20
574.5340846409607
 10
200.45658674637806
 20
576.5349311191444
 10
200.45658674637806
 20
577.5204226681007
 10
200.44165505624235
 20
579.5212240354381
 10
200.44165505624235
 20
580.52164727453
 10
200.42672336610667
 20
582.0148162881
 10
200.42672336610667
 20
582.0148162881
 10
199.93397759162858
 20
582.0148162881
 10
198.93357690795986
 20
582.0148162881
 10
198.06753888008927
 20
581.9998845979642
 10
198.06753888008927
 20
581.9998845979642
 10
197.0223205705903
 20
581.9998845979642
 10
197.0223205705903
 20
581.9998845979642
 10
197.0223205705903
 20
581.91029445715
 10
197.0223205705903
 20
580.9098712180581
 10
197.0223205705903
 20
580.7456226265655
 10
197.0223205705903
 20
580.7456226265655
 10
195.2006769294581
 20
580.7306909364297
 10
194.21518538050194
 20
580.7306909364297
 10
192.21436145774135
 20
580.715759246294
 10
191.21393821864947
 20
580.715759246294
 10
190.7361241343071
 20
580.715759246294
 10
190.7361241343071
 20
580.715759246294
 10
190.76598751457848
 20
579.192771963299
 10
190.78091920471417
 20
578.1923487242071
 10
190.79585089484988
 20
576.2064339361591
 10
190.8107825849856
 20
575.2060106970672
 10
190.63160230335717
 20
575.1910790069314
 10
190.63160230335717
 20
575.1910790069314
 10
190.63160230335717
 20
573.473934641326
 10
190.63160230335717
 20
573.473934641326
 10
190.55694385267867
 20
573.473934641326
 10
189.5565206135868
 20
573.4291395709189
 10
188.4665297891039
 20
573.3992761906475
 10
188.4665297891039
 20
573.3992761906475
 10
188.4665297891039
 20
574.3101092889252
 10
187.49596993028342
 20
574.3250409790609
 10
185.49513472981124
 20
574.3101092889252
 10
184.49472276843096
 20
574.3101092889252
 10
183.61375305042466
 20
574.3101092889252
 10
183.61375305042466
 20
574.3101092889252
 10
183.59882136028898
 20
575.1164205562529
 10
183.59882136028898
 20
575.1164205562529
 10
183.52416290961048
 20
575.1164205562529
 10
183.52416290961048
 20
575.1164205562529
 10
183.52416290961048
 20
575.3403959082884
 10
183.53909459974616
 20
576.3258874572447
 10
183.55402628988188
 20
578.3267339354284
 10
183.55402628988188
 20
579.327112063674
 10
183.56895798001756
 20
580.6858958660226
 10
183.56895798001756
 20
580.6858958660226
 10
182.92690658189406
 20
580.6858958660226
 10
181.9264833428022
 20
580.6858958660226
 10
179.9405911101773
 20
580.670964175887
 10
178.94016787108544
 20
580.670964175887
 10
176.93933267061325
 20
580.6560324857512
 10
175.93892070923295
 20
580.6560324857512
 10
173.95301719889648
 20
580.6411007956156
 10
172.9526052375162
 20
580.6411007956156
 10
170.951770037044
 20
580.6261691054798
 10
169.95135807566373
 20
580.6261691054798
 10
169.47354399132132
 20
580.6261691054798
 10
169.47354399132132
 20
580.6261691054798
 10
169.47354399132132
 20
579.1180684017742
 10
169.48847568145703
 20
578.1176902735286
 10
169.48847568145703
 20
576.1168437953448
 10
169.50340737159274
 20
575.1313522463887
 10
169.50340737159274
 20
575.0865571759816
 10
169.50340737159274
 20
575.0865571759816
 10
169.36902216037143
 20
575.0865571759816
 10
169.36902216037143
 20
575.0865571759816
 10
169.38395385050714
 20
573.2648909794262
 10
168.87627638589333
 20
572.7572586256588
 10
167.24873343881367
 20
572.7273952453874
 10
167.24873343881367
 20
572.7273952453874
 10
167.24873343881367
 20
573.1006423879335
 10
167.24873343881367
 20
574.1010656270254
 10
167.23380174867796
 20
574.3549043593323
 10
167.23380174867796
 20
574.3549043593323
 10
165.50173697064838
 20
574.3399726691966
 10
164.5013250092681
 20
574.3399726691966
 10
162.51542149893163
 20
574.3250409790609
 10
162.23171938635332
 20
575.0566937957102
 10
162.23171938635332
 20
577.0426085837582
 10
162.23171938635332
 20
578.0430318228501
 10
162.21678769621764
 20
580.0438331901876
 10
161.78376868228233
 20
580.5963057252085
 10
159.78294475952174
 20
580.5963057252085
 10
158.78252152042987
 20
580.5963057252085
 10
157.94635815054227
 20
580.5963057252085
 10
157.94635815054227
 20
580.5963057252085
 10
157.94635815054227
 20
580.7008275561583
 10
157.94635815054227
 20
580.7008275561583
 10
156.9011398410433
 20
580.6858958660226
 10
155.900727879663
 20
580.6858958660226
 10
155.52743562627052
 20
580.6858958660226
 10
155.52743562627052
 20
580.6858958660226
 10
155.5125039361348
 20
581.8505676966072
 10
155.5125039361348
 20
581.8505676966072
 10
155.06455323206382
 20
581.8505676966072
 10
154.9301792985541
 20
582.7016740343421
 10
154.9152476084184
 20
584.7025205125259
 10
154.9003159182827
 20
585.7028986407714
 10
154.885384228147
 20
587.7037451189551
 10
154.8704525380113
 20
588.6892366679114
 10
154.8555208478756
 20
590.690083146095
 10
154.8555208478756
 20
591.690506385187
 10
154.8405891577399
 20
593.6913077525244
 10
154.8256574676042
 20
594.6767993014805
 10
154.81072577746852
 20
596.6776457796643
 10
154.81072577746852
 20
597.6780690187562
 10
154.7957940873328
 20
599.6788703860936
 10
154.7808623971971
 20
600.6643619350498
 10
154.76593070706141
 20
602.6652084132336
 10
154.7509990169257
 20
603.6656316523254
 10
154.7509990169257
 20
603.6954950325968
 10
154.7509990169257
 20
603.6954950325968
 10
152.79495888686063
 20
603.6805633424611
 10
151.79453564776875
 20
603.6805633424611
 10
149.79371172500817
 20
603.6656316523254
 10
148.80822017605198
 20
603.6656316523254
 10
146.80738497557982
 20
603.6506999621897
 10
145.8069730141995
 20
603.6506999621897
 10
143.80613781372736
 20
603.6357682720541
 10
142.82065754248276
 20
603.6208365819183
 10
140.81982234201058
 20
603.6208365819183
 10
139.81941038063027
 20
603.6059048917826
 10
139.5058448877806
 20
603.6059048917826
 10
139.5058448877806
 20
603.6059048917826
 10
137.81857518015812
 20
603.6059048917826
 10
136.83308363120193
 20
603.5909732016469
 10
134.83225970844134
 20
603.5909732016469
 10
133.83183646934947
 20
603.5909732016469
 10
132.65224422634077
 20
603.5760415115112
 10
132.65224422634077
 20
603.5760415115112
 10
131.8907280294201
 20
603.2923393989329
 10
130.9500428285826
 20
602.9489105258118
 10
129.08359283933171
 20
602.2620527795697
 10
128.14290763849422
 20
601.9036922163128
 10
126.27645764924335
 20
601.2168344700707
 10
125.33576117069427
 20
600.8734055969496
 10
123.4693111814434
 20
600.1716161605717
 10
122.4987626003345
 20
599.9924358789433
 10
120.51285908999803
 20
600.0820260197574
 10
119.51244712861774
 20
600.1268210901646
 10
117.52654361828127
 20
600.2164112309788
 10
116.5261203791894
 20
600.2612063013859
 10
114.52529645642879
 20
600.3507964422001
 10
113.53980490747261
 20
600.3955915126072
 10
112.64391477704223
 20
600.4403865830143
 10
112.64391477704223
 20
600.4403865830143
 10
111.53896970700045
 20
600.4553182731499
 10
110.53855774562015
 20
600.4851816534214
 10
108.53772254514799
 20
600.5299767238284
 10
107.55224227390339
 20
600.5598401040999
 10
105.5514070734312
 20
600.6046351745069
 10
104.55099511205091
 20
600.6195668646427
 10
102.62481836225724
 20
600.6643619350498
 10
102.62481836225724
 20
600.6643619350498
 10
102.62481836225724
 20
600.6046351745069
 10
102.63975005239294
 20
599.6042119354152
 10
102.63975005239294
 20
597.6034105680777
 10
102.65468174252864
 20
596.6029873289858
 10
102.65468174252864
 20
594.6170725409378
 10
102.66961343266435
 20
593.6166493018459
 10
102.68454512280005
 20
591.6158479345085
 10
102.68454512280005
 20
590.6154246954166
 10
102.69947681293574
 20
588.6295099073685
 10
102.69947681293574
 20
587.6290866682766
 10
102.71440850307144
 20
585.6282853009392
 10
102.71440850307144
 20
584.6278620618474
 10
102.72934019320714
 20
582.6419472737992
 10
102.72934019320714
 20
581.6415240347075
 10
102.74427188334285
 20
579.6406775565237
 10
102.74427188334285
 20
578.6552311184138
 10
102.75920357347854
 20
576.6543846402301
 10
102.75920357347854
 20
575.6539614011382
 10
102.77413526361424
 20
573.6531149229544
 10
102.78906695374994
 20
572.6676684848446
 10
102.78906695374994
 20
570.6668220066608
 10
102.80399864388563
 20
569.6663987675689
 10
102.80399864388563
 20
567.6655522893852
 10
102.81893033402135
 20
566.680060740429
 10
102.81893033402135
 20
564.6792593730916
 10
102.83386202415704
 20
563.6788361339997
 10
102.84879371429274
 20
561.677989655816
 10
103.58043525323043
 20
561.4390826136447
 10
105.56633876356692
 20
561.4838776840519
 10
106.56675072494721
 20
561.5137410643232
 10
108.56758592541938
 20
561.5585361347304
 10
109.56800916451125
 20
561.573467824866
 10
111.55390139713614
 20
561.6182628952731
 10
112.55432463622803
 20
561.6481262755445
 10
112.82309505867062
 20
561.6481262755445
 10
112.82309505867062
 20
561.6481262755445
 10
112.85295843894201
 20
559.9160502198034
 10
112.88282181921342
 20
558.9156269807115
 10
112.92761688962051
 20
556.9297573035097
 10
112.94254857975622
 20
555.929334064418
 10
112.98734365016331
 20
553.9284875862342
 10
113.01720703043472
 20
552.9280643471423
 10
113.06200210084181
 20
550.9421946699406
 10
113.0769337909775
 20
549.9417714308487
 10
113.12171758367303
 20
547.9409249526649
 10
113.15158096394443
 20
546.9554334037088
 10
113.19637603435153
 20
544.9546320363713
 10
113.21130772448723
 20
543.9542087972794
 10
113.27103448503003
 20
541.9682940092314
 10
113.28596617516573
 20
540.9678707701395
 10
113.31582955543712
 20
539.8031989395549
 10
113.31582955543712
 20
539.8031989395549
 10
112.47966618554953
 20
539.7882672494193
 10
111.47924294645765
 20
539.7882672494193
 10
109.47841902369706
 20
539.7584038691479
 10
108.49292747474088
 20
539.7434721790121
 10
106.49209227426871
 20
539.7285404888764
 10
105.49168031288842
 20
539.7136087987408
 10
103.49084511241624
 20
539.6837454184694
 10
102.50536484117164
 20
539.6837454184694
 10
102.29632117927186
 20
539.6837454184694
 10
102.29632117927186
 20
539.6837454184694
 10
102.28138948913615
 20
537.877056022896
 10
102.26645779900045
 20
536.8766327838041
 10
102.25152610886475
 20
534.8907179957561
 10
102.23659441872906
 20
533.8902947566642
 10
102.20673103845765
 20
531.8894482784805
 10
102.20673103845765
 20
530.8890701502349
 10
102.20673103845765
 20
530.7696166291493
 10
102.20673103845765
 20
530.7696166291493
 10
100.32534935907108
 20
530.7546849390136
 10
99.32493739769079
 20
530.739753248878
 10
97.3390338873543
 20
530.7248215587422
 10
96.33862192597401
 20
530.7248215587422
 10
94.33778108664605
 20
530.7696166291493
 10
93.33736912526575
 20
530.784548319285
 10
92.79982828038057
 20
530.7994800094207
 10
92.79982828038057
 20
530.7994800094207
 10
91.35146561492928
 20
530.8144116995564
 10
90.3510480146932
 20
530.8293433896921
 10
88.35021845307682
 20
530.8592067699635
 10
87.34980085284073
 20
530.8741384600992
 10
85.36389734250426
 20
530.9040018403706
 10
84.36347974226817
 20
530.9040018403706
 10
82.3626501806518
 20
530.933865220642
 10
81.36223258041571
 20
530.9487969107777
 10
79.37632907007924
 20
530.9786602910491
 10
78.37591146984315
 20
530.9935919811847
 10
76.37508190822676
 20
531.0085236713205
 10
75.37466430799068
 20
531.0234553614562
 10
73.38876079765421
 20
531.0533187417276
 10
72.38834883627392
 20
531.0682504318632
 10
70.38751363580174
 20
531.0981138121347
 10
69.38709603556566
 20
531.1130455022704
 10
67.40119816408497
 20
531.1279771924061
 10
66.40078056384888
 20
531.1429088825417
 10
64.39994536337672
 20
531.1727722628132
 10
63.39952776314063
 20
531.1877039529489
 10
61.41362989165995
 20
531.2175673332202
 10
60.41321229142386
 20
531.2175673332202
 10
58.41237709095169
 20
531.2474307134917
 10
57.4119594907156
 20
531.2623624036274
 10
55.42606161923492
 20
531.2922257838987
 10
54.604824300627236
 20
531.1130455022704
 10
54.61975599076293
 20
529.1271307142223
 10
54.63468768089863
 20
528.1267074751305
 10
54.64961937103433
 20
526.1259061077931
 10
54.64961937103433
 20
525.1254377578548
 10
54.66455106117003
 20
523.1395680806531
 10
54.679482751305734
 20
522.1391448415612
 10
54.679482751305734
 20
520.1382983633774
 10
54.69441444144143
 20
519.1378751242856
 10
54.70934613157713
 20
517.1520054470839
 10
54.70934613157713
 20
516.151582207992
 10
54.72427782171283
 20
514.1507357298083
 10
54.73920951184853
 20
513.1503124907164
 10
54.75414120198423
 20
511.16444281351465
 10
54.75414120198423
 20
510.16401957442275
 10
54.76907289211993
 20
508.163173096239
 10
54.784004582255626
 20
507.1627498571471
 10
54.784004582255626
 20
505.1768801799454
 10
54.79893627239133
 20
504.17645694085354
 10
54.79893627239133
 20
503.86289144800384
 10
54.79893627239133
 20
503.86289144800384
 10
56.47127428987811
 20
503.86289144800384
 10
57.471686251258404
 20
503.86289144800384
 10
59.47252145173057
 20
503.87782313813955
 10
60.47293905196666
 20
503.87782313813955
 10
62.45883692344734
 20
503.8927548282752
 10
63.45925452368343
 20
503.8927548282752
 10
65.4600897241556
 20
503.8927548282752
 10
66.46050732439168
 20
503.9076865184109
 10
68.44640519587237
 20
503.9076865184109
 10
69.44682279610845
 20
503.9226182085466
 10
71.44765799658063
 20
503.9674132789537
 10
72.44807559681671
 20
503.9823449690894
 10
74.4339734682974
 20
504.02714003949654
 10
75.43439106853349
 20
504.0570034197679
 10
77.43522626900565
 20
504.10179849017504
 10
78.43563823038595
 20
504.1167301803107
 10
79.82427977415023
 20
504.1465935605821
 10
79.82427977415023
 20
504.1465935605821
 10
80.42154174072242
 20
504.16152525071783
 10
81.42195934095851
 20
504.1913886309892
 10
83.42278890257488
 20
504.2361837013963
 10
84.40827481267527
 20
504.2660470816677
 10
86.40911001314744
 20
504.3108421520748
 10
87.40952761338353
 20
504.3407055323462
 10
89.41035717499992
 20
504.3855006027533
 10
90.3958430851003
 20
504.4153639830247
 10
92.39667828557248
 20
504.4601590534318
 10
93.39709588580855
 20
504.4900224337032
 10
95.38299375728924
 20
504.5348175041103
 10
96.38340571866954
 20
504.5646357735354
 10
98.3842409191417
 20
504.6094759547888
 10
99.38466415823358
 20
504.6393393350602
 10
101.37056766857006
 20
504.684089294621
 10
102.37097962995036
 20
504.71395267489237
 10
102.84879371429274
 20
504.7289294758744
 10
102.84879371429274
 20
504.7289294758744
 10
104.37181483042252
 20
504.7587928561458
 10
105.37222679180282
 20
504.77367943543516
 10
107.35813030213929
 20
504.8035428157066
 10
108.35854226351958
 20
504.8185196166886
 10
110.35937746399176
 20
504.84838299696
 10
111.34486901294794
 20
504.86326957624937
 10
113.22623941462292
 20
504.8931329565208
 10
113.22623941462292
 20
504.8931329565208
 10
113.22623941462292
 20
504.77367943543516
 10
113.24117110475862
 20
503.7733013071896
 10
113.24117110475862
 20
501.7873865191416
 10
113.25610279489433
 20
500.7869632800497
 10
113.25610279489433
 20
498.78611680186594
 10
113.25610279489433
 20
497.7857386736204
 10
113.27103448503003
 20
495.7998238855723
 10
113.27103448503003
 20
494.7994006464805
 10
113.28596617516573
 20
492.79855416829673
 10
113.28596617516573
 20
491.79817604005115
 10
113.30089786530142
 20
489.8122612520031
 10
113.30089786530142
 20
488.8118380129112
 10
113.30089786530142
 20
487.24401054866274
 10
113.30089786530142
 20
487.24401054866274
 10
113.30089786530142
 20
486.81099153472746
 10
113.30089786530142
 20
485.81061340648193
 10
113.30089786530142
 20
483.8246986184339
 10
113.30089786530142
 20
482.824275379342
 10
113.30089786530142
 20
480.82342890115825
 10
113.30089786530142
 20
479.82300566206635
 10
113.30089786530142
 20
477.8370908740183
 10
113.30089786530142
 20
476.8367127457728
 10
113.30089786530142
 20
474.835866267589
 10
113.30089786530142
 20
473.85037471863285
 10
113.30089786530142
 20
471.84952824044905
 10
113.30089786530142
 20
470.8491501122035
 10
113.30089786530142
 20
469.22159588741226
 10
113.30089786530142
 20
469.22159588741226
 10
113.30089786530142
 20
468.84830363401977
 10
113.30089786530142
 20
467.8628120850636
 10
113.30089786530142
 20
465.86196560687983
 10
113.30089786530142
 20
464.8615874786343
 10
113.30089786530142
 20
462.86074100045056
 10
113.30089786530142
 20
461.87524945149437
 10
113.30089786530142
 20
459.8744029733106
 10
113.30089786530142
 20
458.87402484506504
 10
113.28596617516573
 20
456.8731783668813
 10
113.28596617516573
 20
455.8876868179251
 10
113.28596617516573
 20
453.88684033974135
 10
113.28596617516573
 20
452.8864171006495
 10
113.28596617516573
 20
450.9005474234478
 10
113.28596617516573
 20
449.9001241843559
 10
113.28596617516573
 20
447.89927770617214
 10
113.28596617516573
 20
446.89885446708024
 10
113.28596617516573
 20
444.9129396790322
 10
113.28596617516573
 20
443.9125615507867
 10
113.28596617516573
 20
441.9117150726029
 10
113.28596617516573
 20
440.91129183351103
 10
113.28596617516573
 20
438.925377045463
 10
113.28596617516573
 20
437.9249989172174
 10
113.28596617516573
 20
435.92415243903366
 10
113.28596617516573
 20
434.9237291999418
 10
113.28596617516573
 20
432.9378144118937
 10
113.28596617516573
 20
431.9374362836482
 10
113.28596617516573
 20
429.93658980546445
 10
113.28596617516573
 20
428.93616656637255
 10
113.28596617516573
 20
426.9502517783245
 10
113.28596617516573
 20
425.9498736500789
 10
113.33076124557283
 20
423.9490271718952
 10
113.36062462584422
 20
422.94860393280334
 10
113.40541969625133
 20
420.96268914475525
 10
113.43528307652272
 20
419.9622659056634
 10
113.43528307652272
 20
419.8278806944421
 10
113.43528307652272
 20
419.8278806944421
 10
113.43528307652272
 20
417.96146453832597
 10
113.43528307652272
 20
416.9759729893698
 10
113.43528307652272
 20
414.97512651118603
 10
113.43528307652272
 20
413.97470327209413
 10
113.43528307652272
 20
411.97390190475676
 10
113.45021476665842
 20
410.98841035580057
 10
113.45021476665842
 20
408.9875638776168
 10
113.45021476665842
 20
407.9871406385249
 10
113.45021476665842
 20
405.9863392711875
 10
113.45021476665842
 20
405.0008477222313
 10
113.45021476665842
 20
403.00000124404755
 10
113.45021476665842
 20
401.9995780049557
 10
113.45021476665842
 20
399.9987315267719
 10
113.45021476665842
 20
399.0132850886621
 10
113.46514645679412
 20
397.01243861047834
 10
113.46514645679412
 20
396.01201537138644
 10
113.46514645679412
 20
394.0261005833384
 10
113.46514645679412
 20
393.0257224550929
 10
113.46514645679412
 20
391.0248759769091
 10
113.46514645679412
 20
390.0244076269709
 10
113.46514645679412
 20
388.03853794976914
 10
113.46514645679412
 20
387.0381147106773
 10
113.46514645679412
 20
385.03731334333986
 10
113.46514645679412
 20
384.03684499340164
 10
113.48007814692983
 20
382.0509753161999
 10
113.48007814692983
 20
381.050552077108
 10
113.48007814692983
 20
379.04975070977065
 10
113.48007814692983
 20
378.04930491525556
 10
113.48007814692983
 20
376.0634126826307
 10
113.48007814692983
 20
375.0629894435388
 10
113.48007814692983
 20
373.06214296535506
 10
113.48007814692983
 20
372.06174228168635
 10
113.48007814692983
 20
370.0758274936383
 10
113.49500983706552
 20
369.0754268099696
 10
113.49500983706552
 20
367.07458033178585
 10
113.49500983706552
 20
366.07417964811714
 10
113.49500983706552
 20
364.08826486006905
 10
113.48007814692983
 20
363.0878416209772
 10
113.48007814692983
 20
361.0870176982166
 10
113.48007814692983
 20
360.08659445912474
 10
113.48007814692983
 20
358.10070222649983
 10
113.48007814692983
 20
357.10027898740793
 10
113.48007814692983
 20
355.0994550646474
 10
113.48007814692983
 20
354.09903182555547
 10
113.46514645679412
 20
352.11313959293057
 10
113.46514645679412
 20
351.1127163538387
 10
113.46514645679412
 20
349.1118924310781
 10
113.46514645679412
 20
348.11146919198626
 10
113.46514645679412
 20
346.12557695936135
 10
113.46514645679412
 20
345.12515372026945
 10
113.46514645679412
 20
343.1243072420857
 10
113.46514645679412
 20
342.1388382485527
 10
113.45021476665842
 20
340.13799177036896
 10
113.45021476665842
 20
339.13759108670024
 10
113.45021476665842
 20
337.1367446085165
 10
113.45021476665842
 20
336.1512756149835
 10
113.45021476665842
 20
334.15042913679974
 10
113.45021476665842
 20
333.15000589770784
 10
113.45021476665842
 20
332.70207774906004
 10
113.45021476665842
 20
332.70207774906004
 10
113.48007814692983
 20
331.1491819749473
 10
113.49500983706552
 20
330.1636904259911
 10
113.53980490747261
 20
328.1628665032305
 10
113.55473659760833
 20
327.16244326413863
 10
113.59953166801542
 20
325.1765510315137
 10
113.61446335815111
 20
324.1761277924218
 10
113.65925842855822
 20
322.17530386966126
 10
113.67419011869391
 20
321.17488063056936
 10
113.71898518910102
 20
319.1889883979445
 10
113.43528307652272
 20
318.4722672714309
 10
111.44937956618625
 20
318.4573355812952
 10
110.44896760480596
 20
318.4573355812952
 10
108.44813240433378
 20
318.44240389115953
 10
107.44772044295348
 20
318.44240389115953
 10
105.46181693261701
 20
318.4274722010238
 10
104.46140497123672
 20
318.4274722010238
 10
102.46056977076455
 20
318.4125405108881
 10
101.46014653167268
 20
318.4125405108881
 10
99.47425429904779
 20
318.3976088207524
 10
98.4738310599559
 20
318.3976088207524
 10
96.47299585948373
 20
318.3826771306167
 10
95.47258389810344
 20
318.3826771306167
 10
93.48668038776697
 20
318.36774544048103
 10
92.48626842638667
 20
318.36774544048103
 10
90.48543322591449
 20
318.3528137503453
 10
89.48501562567841
 20
318.3528137503453
 10
88.40993957476383
 20
318.3528137503453
 10
88.40993957476383
 20
318.3528137503453
 10
88.39500788462813
 20
317.4419806520676
 10
88.38008183334821
 20
316.4415574129757
 10
88.36515014321252
 20
314.44073349021517
 10
88.35021845307682
 20
313.455241941259
 10
88.32035507280541
 20
311.4544180184984
 10
88.32035507280541
 20
310.4539947794065
 10
88.29049169253402
 20
308.4531708566459
 10
88.29049169253402
 20
307.46767930768976
 10
88.26062831226263
 20
305.46685538492915
 10
88.24569662212691
 20
304.4664321458373
 10
88.23076493199122
 20
302.4805399132124
 10
88.21583324185552
 20
301.4801166741205
 10
88.20090155171982
 20
299.47927019593675
 10
88.18596986158413
 20
298.47886951226803
 10
88.17103817144842
 20
296.49295472422
 10
88.15610648131272
 20
295.4925540405513
 10
88.12624310104133
 20
293.49170756236754
 10
88.12624310104133
 20
292.4913068786988
 10
88.09637972076992
 20
290.50539209065073
 10
88.08144803063422
 20
289.5049688515589
 10
88.08144803063422
 20
289.38551533047325
 10
88.08144803063422
 20
289.38551533047325
 10
89.9628297100208
 20
289.38551533047325
 10
90.9632416714011
 20
289.40044702060896
 10
92.94914518173756
 20
289.40044702060896
 10
93.94956278197365
 20
289.4153787107447
 10
95.95039798244582
 20
289.4153787107447
 10
96.95080994382612
 20
289.4153787107447
 10
98.93671345416259
 20
289.4303104008804
 10
99.9371254155429
 20
289.4303104008804
 10
101.93796061601506
 20
289.4452420910161
 10
102.93838385510693
 20
289.4452420910161
 10
103.96865919675864
 20
289.4452420910161
 10
103.96865919675864
 20
289.4452420910161
 10
103.96865919675864
 20
288.48963647775446
 10
103.98359088689433
 20
287.4892132386626
 10
103.98359088689433
 20
285.5033210060377
 10
103.99852257703003
 20
284.5028977669458
 10
103.99852257703003
 20
282.50207384418525
 10
103.99852257703003
 20
281.50165060509335
 10
104.01345426716573
 20
279.5157358170453
 10
104.01345426716573
 20
278.5153351333766
 10
104.02838595730142
 20
276.51448865519285
 10
104.02838595730142
 20
275.51408797152413
 10
104.04331764743714
 20
273.52817318347604
 10
104.04331764743714
 20
272.5277499443842
 10
104.04331764743714
 20
270.5269260216236
 10
104.05824933757283
 20
269.52650278253174
 10
104.05824933757283
 20
267.54061054990683
 10
104.05824933757283
 20
266.54018731081493
 10
104.07318102770853
 20
264.53936338805437
 10
104.07318102770853
 20
263.53894014896247
 10
104.07318102770853
 20
261.5530479163376
 10
104.08811271784423
 20
260.5526246772457
 10
104.08811271784423
 20
258.5518007544851
 10
104.08811271784423
 20
257.55137751539326
 10
104.10304440797992
 20
255.56548528276835
 10
104.10304440797992
 20
254.56506204367648
 10
104.11797609811563
 20
252.68366908657833
 10
104.11797609811563
 20
252.68366908657833
 10
104.23742961920122
 20
252.68366908657833
 10
105.22290989044582
 20
252.68366908657833
 10
105.8351091860095
 20
252.66873739644262
 10
105.8351091860095
 20
252.66873739644262
 10
105.8351091860095
 20
251.28011276924573
 10
105.8351091860095
 20
250.29462122028954
 10
105.8500408761452
 20
248.29379729752895
 10
105.8500408761452
 20
247.29337405843708
 10
105.8500408761452
 20
245.2925501356765
 10
105.8500408761452
 20
244.3070585867203
 10
105.86497256628091
 20
242.3062346639597
 10
105.86497256628091
 20
241.30581142486784
 10
105.86497256628091
 20
239.31989663681978
 10
105.86497256628091
 20
238.3194733977279
 10
105.86497256628091
 20
236.31867203039047
 10
105.87990425641661
 20
235.3182487912986
 10
105.87990425641661
 20
233.33233400325057
 10
105.87990425641661
 20
232.33191076415866
 10
105.87990425641661
 20
230.33110939682126
 10
105.87990425641661
 20
229.3306861577294
 10
105.8948359465523
 20
227.34477136968133
 10
105.8948359465523
 20
226.34434813058945
 10
105.8948359465523
 20
224.49281855376267
 10
105.8948359465523
 20
224.49281855376267
 10
105.8948359465523
 20
224.34350165240568
 10
105.909767636688
 20
223.34312352416015
 10
105.9246993268237
 20
221.35720873611209
 10
105.93963101695941
 20
220.3567854970202
 10
105.9545627070951
 20
218.35593901883647
 10
105.9694943972308
 20
217.35551577974456
 10
105.9844260873665
 20
215.36964610254284
 10
105.9993577775022
 20
214.36922286345097
 10
106.01428946763791
 20
212.36837638526723
 10
106.0292211577736
 20
211.36795314617535
 10
106.0441528479093
 20
209.3820834689736
 10
106.059084538045
 20
208.38166022988173
 10
106.0740162281807
 20
206.94821797685458
 10
106.0740162281807
 20
206.94821797685458
 10
106.1188112985878
 20
206.38081375169799
 10
106.1934697492663
 20
205.3953222027418
 10
106.35771834075899
 20
203.40945252554008
 10
106.43236551372591
 20
202.4090292864482
 10
106.44729720386161
 20
202.2895757653626
 10
106.44729720386161
 20
202.2895757653626
 10
106.2531965098091
 20
200.42311449840014
 10
106.1486746788592
 20
199.43762294944398
 10
106.0889479183164
 20
198.87021872428738
 10
106.0889479183164
 20
198.87021872428738
 10
106.0889479183164
 20
197.4367764712602
 10
106.0889479183164
 20
196.43639834301467
 10
106.0889479183164
 20
194.4504835549666
 10
106.1038796084521
 20
193.45006031587474
 10
106.1038796084521
 20
191.449213837691
 10
106.1038796084521
 20
190.44879059859912
 10
106.1038796084521
 20
188.46292092139737
 10
106.1038796084521
 20
187.4624976823055
 10
106.1188112985878
 20
185.46165120412175
 10
106.1188112985878
 20
184.46122796502988
 10
106.1188112985878
 20
182.47535828782816
 10
106.1188112985878
 20
181.47493504873626
 10
106.1337429887235
 20
179.4740885705525
 10
106.1337429887235
 20
178.47366533146064
 10
106.1337429887235
 20
176.48779565425892
 10
106.1337429887235
 20
175.48737241516704
 10
106.1486746788592
 20
173.48652593698327
 10
106.1486746788592
 20
172.5010343880271
 10
106.1486746788592
 20
170.50018790984333
 10
106.1486746788592
 20
169.4998097815978
 10
106.1636063689949
 20
167.49896330341406
 10
106.1636063689949
 20
166.51347175445787
 10
106.1636063689949
 20
164.51262527627412
 10
106.1636063689949
 20
163.51224714802856
 10
106.1785380591306
 20
161.51140066984482
 10
106.1785380591306
 20
160.52590912088863
 10
106.1785380591306
 20
158.52506264270488
 10
106.1785380591306
 20
157.524639403613
 10
106.1785380591306
 20
155.52383803627558
 10
106.1934697492663
 20
154.5383464873194
 10
106.1934697492663
 20
152.53750000913564
 10
106.1934697492663
 20
151.53707677004377
 10
106.1934697492663
 20
149.55120709284205
 10
106.208401439402
 20
148.55078385375018
 10
106.208401439402
 20
146.5499373755664
 10
106.208401439402
 20
145.54951413647453
 10
106.208401439402
 20
143.56359934842646
 10
106.208401439402
 20
142.56322122018094
 10
106.22333312953769
 20
140.56237474199716
 10
106.22333312953769
 20
139.5619515029053
 10
106.22333312953769
 20
137.57603671485725
 10
106.22333312953769
 20
136.5756585866117
 10
106.2382648196734
 20
134.57481210842795
 10
106.2382648196734
 20
133.57438886933608
 10
106.2382648196734
 20
131.588474081288
 10
106.2382648196734
 20
130.58805084219614
 10
106.2531965098091
 20
128.5872494748587
 10
106.2531965098091
 20
127.58682623576682
 10
106.2531965098091
 20
125.60091144771877
 10
106.2531965098091
 20
124.6004882086269
 10
106.2681281999448
 20
122.59968684128947
 10
106.2681281999448
 20
121.5992636021976
 10
106.2681281999448
 20
119.61334881414953
 10
106.2681281999448
 20
118.61292557505766
 10
106.2681281999448
 20
118.58306219478627
 10
106.2681281999448
 20
118.58306219478627
 10
107.92553452729588
 20
119.64321219442094
 10
108.76169789718348
 20
120.18075303930613
 10
110.44896760480596
 20
121.2558347290765
 10
111.28514225240514
 20
121.79337557396168
 10
112.95748026989192
 20
122.88338895386777
 10
113.79364363977952
 20
123.42088468790662
 10
115.480913347402
 20
124.495966377677
 10
116.31708799500117
 20
125.03350722256218
 10
118.00435770262365
 20
126.10858891233256
 10
118.31791191776176
 20
125.73529665894007
 10
118.31791191776176
 20
125.27241426473338
 10
118.31791191776176
 20
125.27241426473338
 10
119.87079641416294
 20
125.25748257459767
 10
120.85628796311913
 20
125.24255088446198
 10
122.8571231635913
 20
125.19775581405489
 10
123.8426034348359
 20
125.18282412391918
 10
123.85753512497159
 20
123.18202275658176
 10
123.85753512497159
 20
122.18159951748989
 10
123.87246681510729
 20
120.19568472944182
 10
123.87246681510729
 20
119.19526149034995
 10
123.88739850524298
 20
117.19441501216619
 10
123.88739850524298
 20
116.20896857405634
 10
123.9023301953787
 20
114.2081220958726
 10
123.9023301953787
 20
113.20769885678071
 10
123.91726188551439
 20
111.20685237859696
 10
123.91726188551439
 20
110.22136082964079
 10
123.93219357565009
 20
108.22055946230336
 10
123.93219357565009
 20
107.22013622321148
 10
123.94712526578579
 20
105.21928974502772
 10
123.94712526578579
 20
104.23379819607155
 10
123.96205695592148
 20
102.23299682873412
 10
123.96205695592148
 20
101.23257358964224
 10
123.9769886460572
 20
99.75433626620797
 10
123.9769886460572
 20
99.75433626620797
 10
124.48466611067097
 20
99.73940457607227
 10
125.42535131150848
 20
99.67967781552947
 10
125.39548793123707
 20
97.67883133734573
 10
125.36562455096568
 20
96.69333978838955
 10
125.33576117069427
 20
94.69253842105212
 10
125.32082948055857
 20
93.69211518196025
 10
125.29096610028718
 20
91.69126870377649
 10
125.27603441015148
 20
90.70577715482031
 10
125.23123933974438
 20
88.7049757874829
 10
125.21630764960868
 20
87.704552548391
 10
125.18644426933727
 20
85.71863776034296
 10
125.17151257920158
 20
84.71821452125108
 10
125.12671750879448
 20
82.71741315391365
 10
125.11178581865877
 20
81.71698991482178
 10
125.08192243838738
 20
79.73107512677372
 10
125.06699074825168
 20
78.73065188768184
 10
125.03712736798028
 20
76.72980540949808
 10
125.00726398770888
 20
75.72942728125254
 10
124.99233229757318
 20
74.38557516903957
 10
124.99233229757318
 20
74.38557516903957
 10
124.35028089944969
 20
74.35571178876818
 10
123.439447801172
 20
74.20639488741118
 10
123.4991745617148
 20
73.1761082680479
 10
123.4991745617148
 20
73.1761082680479
 10
123.2453358294079
 20
72.98199629628381
 10
123.2453358294079
 20
72.98199629628381
 10
123.0064400649483
 20
72.72815756397691
 10
123.0064400649483
 20
72.72815756397691
 10
122.8421914734556
 20
72.48925052180572
 10
122.5584893608773
 20
71.54855404325663
 10
122.5435576707416
 20
71.50375897284954
 10
122.5435576707416
 20
71.50375897284954
 10
122.5584893608773
 20
71.17526178986414
 10
122.5584893608773
 20
71.17526178986414
 10
122.6331478115558
 20
70.84676460687875
 10
122.6331478115558
 20
70.84676460687875
 10
122.7376696425057
 20
70.53319911402906
 10
122.7376696425057
 20
70.53319911402906
 10
122.9168499241341
 20
70.23456531131507
 10
122.9168499241341
 20
70.23456531131507
 10
123.1258935860339
 20
69.98072657900818
 10
123.1258935860339
 20
69.98072657900818
 10
123.3349259702221
 20
69.78661460724408
 10
123.64849146307179
 20
68.96541676062692
 10
123.64849146307179
 20
66.96457028244318
 10
123.64849146307179
 20
65.96414704335129
 10
123.66342315320749
 20
63.97823225530324
 10
123.66342315320749
 20
62.97785412705769
 10
123.66342315320749
 20
60.977007648873936
 10
123.66342315320749
 20
59.976584409782056
 10
123.66342315320749
 20
57.990669621734
 10
123.6783548433432
 20
56.99024638264213
 10
123.6783548433432
 20
54.9894450153047
 10
123.6783548433432
 20
53.98902177621282
 10
123.6783548433432
 20
52.00310698816477
 10
123.6783548433432
 20
51.002683749072894
 10
123.6783548433432
 20
49.00188238173547
 10
123.6932865334789
 20
48.01639083277929
 10
123.6932865334789
 20
46.28431477703813
 10
123.6932865334789
 20
46.28431477703813
 10
123.6783548433432
 20
46.015544354595534
 10
123.439447801172
 20
45.044984495775054
 10
123.2751992096793
 20
44.731419002925364
 10
123.2751992096793
 20
44.731419002925364
 10
123.0512351353554
 20
44.38799012980427
 10
123.0512351353554
 20
44.38799012980427
 10
122.7973964030485
 20
44.08935632709028
 10
122.7973964030485
 20
44.08935632709028
 10
122.4987626003345
 20
43.80565421451198
 10
122.4987626003345
 20
43.80565421451198
 10
122.15533372721342
 20
43.58167886247649
 10
122.15533372721342
 20
43.58167886247649
 10
122.1404020370777
 20
43.56674717234079
 10
121.21464852637591
 20
43.2233182992197
 10
121.02053655461182
 20
43.1785232288126
 10
121.02053655461182
 20
43.1785232288126
 10
120.61738092094792
 20
43.133728158405496
 10
120.61738092094792
 20
43.133728158405496
 10
119.22874501603944
 20
43.1038647781341
 10
118.22832177694757
 20
43.0889330879984
 10
117.51161192814557
 20
43.0740013978627
 10
117.51161192814557
 20
43.0740013978627
 10
117.49668023800986
 20
43.71606407369779
 10
117.49668023800986
 20
43.71606407369779
 10
117.48174854787416
 20
44.35812674953287
 10
117.48174854787416
 20
45.34361829848905
 10
117.45188516760277
 20
47.34446477667281
 10
117.43695347746707
 20
48.34488801576468
 10
117.40709009719566
 20
50.33075769296641
 10
117.39215840705997
 20
51.33118093205828
 10
117.36229502678857
 20
53.33202741024204
 10
117.34736333665286
 20
54.332450649333914
 10
117.31749995638147
 20
56.31836543738197
 10
117.30256826624577
 20
57.31874356562752
 10
117.27270488597436
 20
59.319590043811274
 10
117.25777319583867
 20
60.32001328290315
 10
117.24284150570297
 20
61.72359215565892
 10
117.24284150570297
 20
61.72359215565892
 10
116.64557390027498
 20
61.70866046552322
 10
115.64516193889469
 20
61.70866046552322
 10
113.65925842855822
 20
61.69372877538752
 10
112.65884646717792
 20
61.67879708525182
 10
110.65801126670576
 20
61.66386539511612
 10
109.65759930532546
 20
61.66386539511612
 10
107.67169579498898
 20
61.64893370498042
 10
106.99976973888249
 20
61.30550483185933
 10
107.0296331191539
 20
59.319590043811274
 10
107.0445648092896
 20
58.319166804719394
 10
107.07442818956099
 20
56.31836543738197
 10
107.0893598796967
 20
55.3179421982901
 10
107.1192232599681
 20
53.33202741024204
 10
107.13415495010379
 20
52.33160417115016
 10
107.1640183303752
 20
50.33075769296641
 10
107.1789500205109
 20
49.33037956472086
 10
107.20881340078229
 20
47.34446477667281
 10
107.22374509091799
 20
46.34404153758093
 10
107.2536084711894
 20
44.343195059397175
 10
107.26854016132509
 20
43.35770351044099
 10
107.28347185146079
 20
41.80485284717456
 10
107.28347185146079
 20
41.80485284717456
 10
107.28347185146079
 20
41.35690214310357
 10
107.29840354159649
 20
40.356478904011695
 10
107.3282669218679
 20
38.355632425827935
 10
107.34319861200359
 20
37.37014087687176
 10
107.37306199227498
 20
35.369339509534335
 10
107.3879936824107
 20
34.36891627044246
 10
107.40292537254639
 20
32.383001482394405
 10
107.41785706268209
 20
31.382578243302525
 10
107.44772044295348
 20
29.3817768759651
 10
107.4626521330892
 20
28.381353636873225
 10
107.49251551336059
 20
26.39543884882517
 10
107.56717396403909
 20
25.45474237027609
 10
109.55307747437556
 20
25.42487899000469
 10
110.55348943575585
 20
25.409947299868993
 10
112.55432463622803
 20
25.380083919597592
 10
113.55473659760833
 20
25.36515222946189
 10
114.614886597243
 20
25.35022053932619
 10
114.614886597243
 20
25.35022053932619
 10
115.36145982631639
 20
24.782816314169605
 10
116.15283940350848
 20
24.185548708741617
 10
117.16818305502447
 20
23.409100821685236
 10
117.16818305502447
 20
23.409100821685236
 10
117.16818305502447
 20
22.692424806017982
 10
117.18311474516017
 20
21.692001566926105
 10
117.19804643529586
 20
19.69115508874235
  0
LINE
  5
4766
330
17
100
AcDbEntity
  8
ELECTR_CABLE
100
AcDbLine
 10
153.32940784932165
 20
321.51374890040563
 30
0.0
 11
163.92987904217998
 21
353.3457217317092
 31
0.0
  0
LINE
  5
4767
330
17
100
AcDbEntity
  8
ELECTR_CABLE
100
AcDbLine
 10
240.6824467769659
 20
400.7717147687635
 30
0.0
 11
144.38826034480087
 21
312.01628539987695
 31
0.0
  0
LINE
  5
4768
330
17
100
AcDbEntity
  8
ELECTR_CABLE
100
AcDbLine
 10
35.56087778983124
 20
171.45596010535678
 30
0.0
 11
146.60659386420554
 21
204.34240760428872
 31
0.0
  0
LINE
  5
4769
330
17
100
AcDbEntity
  8
ELECTR_CABLE
100
AcDbLine
 10
129.42397676029978
 20
387.14367955231927
 30
0.0
 11
187.24336687438208
 21
362.8334822268818
 31
0.0
  0
LINE
  5
476A
330
17
100
AcDbEntity
  8
ELECTR_CABLE
100
AcDbLine
 10
186.52806596848626
 20
187.30188779490484
 30
0.0
 11
132.50931400907223
 21
312.8282812847214
 31
0.0
  0
LINE
  5
476B
330
17
100
AcDbEntity
  8
ELECTR_CABLE
100
AcDbLine
 10
92.29865579096965
 20
297.2402698912028
 30
0.0
 11
52.622556309804295
 21
248.68564026171128
 31
0.0
  0
LINE
  5
476C
330
17
100
AcDbEntity
  8
ELECTR_CABLE
100
AcDbLine
 10
153.8949358283491
 20
184.90124027784566
 30
0.0
 11
235.70438953410223
 21
160.47194039758512
 31
0.0
  0
LINE
  5
476D
330
17
100
AcDbEntity
  8
ELECTR_CABLE
100
AcDbLine
 10
180.95111511824757
 20
486.8996147736706
 30
0.0
 11
220.42107936276335
 21
568.9659344875639
 31
0.0
  0
LINE
  5
476E
330
17
100
AcDbEntity
  8
OVERHEAD_POWER_LINE
100
AcDbLine
 10
238.78768415772055
 20
343.9366673704821
 30
0.0
 11
119.68621486285768
 21
313.8514433252679
 31
0.0
  0
LINE
  5
476F
330
17
100
AcDbEntity
  8
OVERHEAD_POWER_LINE
100
AcDbLine
 10
3.65372255569784
 20
325.32479635575555
 30
0.0
 11
132.9764468106327
 21
280.54733864890056
 31
0.0
  0
LINE
  5
4770
330
17
100
AcDbEntity
  8
OVERHEAD_POWER_LINE
100
AcDbLine
 10
115.46103770418877
 20
154.647403653809
 30
0.0
 11
32.48608131259151
 21
145.44685965546452
 31
0.0
  0
LINE
  5
4771
330
17
100
AcDbEntity
  8
OVERHEAD_POWER_LINE
100
AcDbLine
 10
121.76103380179919
 20
166.22006817315284
 30
0.0
 11
61.11599948949575
 21
128.63153764763572
 31
0.0
  0
LINE
  5
4772
330
17
100
AcDbEntity
  8
OVERHEAD_POWER_LINE
100
AcDbLine
 10
104.48170509689781
 20
562.6410997328384
 30
0.0
 11
78.01982824955469
 21
534.0678087210214
 31
0.0
  0
LINE
  5
4773
330
17
100
AcDbEntity
  8
OVERHEAD_POWER_LINE
100
AcDbLine
 10
174.3973283475744
 20
172.7905924013918
 30
0.0
 11
193.31898473055037
 21
87.17886824308896
 31
0.0
  0
LINE
  5
4774
330
17
100
AcDbEntity
  8
OVERHEAD_POWER_LINE
100
AcDbLine
 10
141.5070528996986
 20
283.0038960766865
 30
0.0
 11
103.30421067155842
 21
300.67354671328314
 31
0.0
  0
LINE
  5
4775
330
17
100
AcDbEntity
  8
OVERHEAD_POWER_LINE
100
AcDbLine
 10
147.4582538633377
 20
173.0818426988756
 30
0.0
 11
96.80974891044946
 21
190.02773313816377
 31
0.0
  0
LINE
  5
4776
330
17
100
AcDbEntity
  8
HEAT
100
AcDbLine
 10
168.4389841855681
 20
492.57803537970017
 30
0.0
 11
260.6742411398676
 21
522.9244930031701
 31
0.0
  0
LINE
  5
4777
330
17
100
AcDbEntity
  8
HEAT
100
AcDbLine
 10
124.27940703595215
 20
148.88809632311813
 30
0.0
 11
256.62599283866103
 21
82.87977697659721
 31
0.0
  0
LINE
  5
4778
330
17
100
AcDbEntity
  8
HEAT
100
AcDbLine
 10
59.06245669755081
 20
480.866956038523
 30
0.0
 11
135.04751743650579
 21
473.8329942302376
 31
0.0
  0
LINE
  5
4779
330
17
100
AcDbEntity
  8
HEAT
100
AcDbLine
 10
115.46446679207725
 20
134.42546684541807
 30
0.0
 11
69.04177676472864
 21
43.0142119699311
 31
0.0
  0
LINE
  5
477A
330
17
100
AcDbEntity
  8
HEAT
100
AcDbLine
 10
63.96177111433209
 20
158.0620794149388
 30
0.0
 11
163.54579736518667
 21
63.68346068332613
 31
0.0
  0
LINE
  5
477B
330
17
100
AcDbEntity
  8
HEAT
100
AcDbLine
 10
130.62487356601477
 20
191.05064718386842
 30
0.0
 11
240.16700392669352
 21
196.43942523094643
 31
0.0
  0
LINE
  5
477C
330
17
100
AcDbEntity
  8
HEAT
100
AcDbLine
 10
24.721332317169654
 20
106.85442213386742
 30
0.0
 11
127.47937154091632
 21
65.36835525159242
 31
0.0
  0
LINE
  5
477D
330
17
100
AcDbEntity
  8
HEAT
100
AcDbLine
 10
25.61464964475406
 20
532.802047436664
 30
0.0
 11
107.68306286736461
 21
537.7943825126035
 31
0.0
  0
LINE
  5
477E
330
17
100
AcDbEntity
  8
WATER_PIPELINE
100
AcDbLine
 10
255.3432916450887
 20
379.1902835595076
 30
0.0
 11
121.0480002024605
 21
339.633180727514
 31
0.0
  0
LINE
  5
477F
330
17
100
AcDbEntity
  8
WATER_PIPELINE
100
AcDbLine
 10
157.8261570897275
 20
190.2100303888738
 30
0.0
 11
239.15918609274232
 21
92.77426615614218
 31
0.0
  0
LINE
  5
4780
330
17
100
AcDbEntity
  8
WATER_PIPELINE
100
AcDbLine
 10
108.25573375320029
 20
590.0444532428612
 30
0.0
 11
50.431582364496606
 21
535.2899052856903
 31
0.0
  0
LINE
  5
4781
330
17
100
AcDbEntity
  8
WATER_PIPELINE
100
AcDbLine
 10
109.18214286289759
 20
579.8240119104854
 30
0.0
 11
106.3711299797136
 21
546.6043771860362
 31
0.0
  0
LINE
  5
4782
330
17
100
AcDbEntity
  8
WATER_PIPELINE
100
AcDbLine
 10
174.7600967214951
 20
263.1445954762469
 30
0.0
 11
128.51718194890103
 21
372.4899955678484
 31
0.0
  0
LINE
  5
4783
330
17
100
AcDbEntity
  8
WATER_PIPELINE
100
AcDbLine
 10
127.16402121910086
 20
446.40959160457476
 30
0.0
 11
154.4220326621052
 21
432.64479449857515
 31
0.0
  0
LINE
  5
4784
330
17
100
AcDbEntity
  8
WATER_PIPELINE
100
AcDbLine
 10
120.85271043852559
 20
504.97329078048966
 30
0.0
 11
139.83958507567957
 21
586.7747155195397
 31
0.0
  0
LINE
  5
4785
330
17
100
AcDbEntity
  8
WATER_PIPELINE
100
AcDbLine
 10
212.92652099892751
 20
412.01026588402135
 30
0.0
 11
158.287717752045
 21
504.15051950320105
 31
0.0
  0
LINE
  5
4786
330
17
100
AcDbEntity
  8
ELECTR_CABLE_COMM
100
AcDbLine
 10
113.36242315470236
 20
455.36650435737977
 30
0.0
 11
58.092416011184035
 21
396.6835230333098
 31
0.0
  0
LINE
  5
4787
330
17
100
AcDbEntity
  8
ELECTR_CABLE_COMM
100
AcDbLine
 10
112.57312175181266
 20
54.69950447270686
 30
0.0
 11
162.4520416779548
 21
41.21103872354071
 31
0.0
  0
LINE
  5
4788
330
17
100
AcDbEntity
  8
ELECTR_CABLE_COMM
100
AcDbLine
 10
94.41547338192223
 20
578.6928355594633
 30
0.0
 11
205.41828048322841
 21
570.2320845538801
 31
0.0
  0
LINE
  5
4789
330
17
100
AcDbEntity
  8
ELECTR_CABLE_COMM
100
AcDbLine
 10
222.34521062400566
 20
358.94836187692454
 30
0.0
 11
117.12797219319808
 21
268.910051384559
 31
0.0
  0
LINE
  5
478A
330
17
100
AcDbEntity
  8
ELECTR_CABLE_COMM
100
AcDbLine
 10
260.8247659995324
 20
473.12274711170994
 30
0.0
 11
135.61105774531833
 21
434.28142572805507
 31
0.0
  0
LINE
  5
478B
330
17
100
AcDbEntity
  8
ELECTR_CABLE_COMM
100
AcDbLine
 10
215.99693556682308
 20
187.4671603665865
 30
0.0
 11
93.85574744615013
 21
171.02262836364642
 31
0.0
  0
LINE
  5
478C
330
17
100
AcDbEntity
  8
ELECTR_CABLE_COMM
100
AcDbLine
 10
60.6930642652149
 20
387.9995761517098
 30
0.0
 11
122.55108094948127
 21
461.23666121220583
 31
0.0
  0
LINE
  5
478D
330
17
100
AcDbEntity
  8
ELECTR_CABLE_COMM
100
AcDbLine
 10
111.03581126332324
 20
509.10312050874745
 30
0.0
 11
132.67576078975543
 21
586.9252479133106
 31
0.0
  0
LINE
  5
478E
330
17
100
AcDbEntity
  8
SEWER
100
AcDbLine
 10
208.72170387240178
 20
514.2011910026598
 30
0.0
 11
174.75638242449682
 21
418.87721898235145
 31
0.0
  0
LINE
  5
478F
330
17
100
AcDbEntity
  8
SEWER
100
AcDbLine
 10
128.38911758566533
 20
176.13992427556946
 30
0.0
 11
51.42230714034682
 21
117.78045655313258
 31
0.0
  0
LINE
  5
4790
330
17
100
AcDbEntity
  8
SEWER
100
AcDbLine
 10
156.6939178073333
 20
418.92154703099754
 30
0.0
 11
176.43774800927943
 21
515.6823078111462
 31
0.0
  0
LINE
  5
4791
330
17
100
AcDbEntity
  8
SEWER
100
AcDbLine
 10
157.48544311925912
 20
224.00955834509284
 30
0.0
 11
202.2718278868457
 21
219.44766073763043
 31
0.0
  0
LINE
  5
4792
330
17
100
AcDbEntity
  8
SEWER
100
AcDbLine
 10
42.21655345517898
 20
640.6834518931772
 30
0.0
 11
100.77960023314488
 21
520.8192501347579
 31
0.0
  0
LINE
  5
4793
330
17
100
AcDbEntity
  8
SEWER
100
AcDbLine
 10
142.32395887263095
 20
320.6706417398792
 30
0.0
 11
193.31872755516991
 21
226.10006413183498
 31
0.0
  0
LINE
  5
4794
330
17
100
AcDbEntity
  8
SEWER
100
AcDbLine
 10
126.34295660945955
 20
307.09478943033787
 30
0.0
 11
131.63533879545602
 21
444.2874879618324
 31
0.0
  0
LINE
  5
4795
330
17
100
AcDbEntity
  8
SEWER
100
AcDbLine
 10
100.78287577677051
 20
560.4445403860994
 30
0.0
 11
117.3805638375135
 21
506.891093480912
 31
0.0
  0
LWPOLYLINE
  5
4796
330
17
100
AcDbEntity
  8
ROAD
100
AcDbPolyline
 90
140
 70
1
 10
57.64549664947696
 20
524.8257572084108
 10
106.89915133577823
 20
524.7990922930211
 10
111.89722340932533
 20
526.1346021929971
 10
115.55904488637458
 20
529.789102790278
 10
116.91094883692136
 20
539.164592671007
 10
113.23782974249836
 20
547.7351448191396
 10
113.31318422791519
 20
551.4079591827149
 10
120.94299672238806
 20
555.893086124788
 10
122.69964726852605
 20
562.0760142365929
 10
122.49126180072881
 20
584.1055340278194
 10
120.43319655465774
 20
599.8445314416374
 10
132.42703332855896
 20
603.2585197380241
 10
132.6166296211888
 20
581.3986362730169
 10
133.98590103288205
 20
576.4267799897179
 10
137.65036677208892
 20
572.7982885749784
 10
142.6354893254698
 20
571.4781324370792
 10
200.21136370851417
 20
571.3457736755516
 10
200.31082253610978
 20
566.6662687765076
 10
190.44146156825113
 20
565.2895493728687
 10
186.91070326983112
 20
562.2855795224907
 10
184.07196004246936
 20
553.5727974362176
 10
183.7822141831416
 20
543.6254602406226
 10
175.77380129758805
 20
540.6104500084097
 10
167.6387854463749
 20
535.1295979471619
 10
164.6859301255655
 20
531.2416656302848
 10
140.78839171157435
 20
532.2443749837192
 10
136.6485983921578
 20
530.3648468482744
 10
133.76881559857512
 20
526.8466987841362
 10
132.74430925763704
 20
522.4171501054565
 10
132.7809478651437
 20
500.6898357097574
 10
134.5982672892041
 20
494.9748548676776
 10
139.35835765948374
 20
491.3272261062522
 10
145.12011526795735
 20
489.94411021929204
 10
144.85080314425645
 20
487.61573743582545
 10
138.00703923942584
 20
486.08568244271424
 10
134.3145995560686
 20
482.4090608128114
 10
132.97306218563773
 20
477.3739903159426
 10
133.21674475734275
 20
397.39448979163666
 10
134.60472628348043
 20
392.34796583040145
 10
138.3518572963498
 20
388.6938030014332
 10
156.04015091024687
 20
386.15073904105384
 10
155.81986234675006
 20
376.0610318331111
 10
149.44383130982152
 20
370.5649665422896
 10
148.59253697739942
 20
366.18333658096526
 10
148.72828458650355
 20
355.78600671500465
 10
150.8082773945906
 20
349.7156099190461
 10
155.94508171818796
 20
346.29517400332094
 10
156.26647331818413
 20
342.6454994292129
 10
154.4228407821056
 20
335.76940211946646
 10
154.93970580221676
 20
293.1064798942166
 10
150.7638952238189
 20
288.75500664330525
 10
148.8505733431182
 20
282.7347584840714
 10
148.8349384108414
 20
260.1919495620682
 10
150.3528845329552
 20
255.3718985573903
 10
154.03375007472295
 20
251.9094888501541
 10
164.79212890148239
 20
250.55420261854886
 10
165.14920664443045
 20
235.00655021592138
 10
168.2141588680938
 20
225.7114775424196
 10
168.47769797335596
 20
217.14051528627814
 10
158.98661650603003
 20
211.78601970431922
 10
157.03021143168314
 20
205.75788323613702
 10
157.21843763255103
 20
183.92379557791995
 10
153.98294223032224
 20
177.652233967229
 10
154.12625299257653
 20
172.6165194259046
 10
157.35234793227778
 20
167.10045670604887
 10
157.11960271122464
 20
162.4635983718945
 10
140.62926828032943
 20
160.91386564765148
 10
136.2334296327731
 20
157.21009918396334
 10
134.60296870618095
 20
151.6980323665393
 10
134.6692892182916
 20
140.45842024096123
 10
136.09002509998854
 20
135.48002036584768
 10
139.80990777030686
 20
131.87926646129694
 10
144.83189872272013
 20
130.62126700344683
 10
203.94734531517585
 20
130.93662968099179
 10
201.52832936688762
 20
126.90931668676966
 10
158.0367211013069
 20
127.50661611489073
 10
142.0893678718302
 20
125.87493705770513
 10
136.8135816976325
 20
122.25730059504069
 10
134.809766711429
 20
116.1980182316173
 10
134.39774545846834
 20
104.78536110086552
 10
134.3788994307895
 20
82.00455463452536
 10
135.72350387811866
 20
76.97451024620119
 10
139.41451981262082
 20
73.30222090036527
 10
153.41598507294955
 20
71.78038299733295
 10
153.87422819332824
 20
52.41724484091954
 10
158.2612805722448
 20
43.241575769723816
 10
158.1077645618439
 20
38.54137370863357
 10
152.33159718365727
 20
34.20152740959078
 10
150.73179307754867
 20
28.706068820367776
 10
150.786943643988
 20
19.86067050655436
 10
149.49507792229417
 20
18.520730343192113
 10
125.4722462134557
 20
18.8458589994846
 10
124.06500744840451
 20
29.092268961924635
 10
121.28229718429253
 20
32.44745650588185
 10
116.13742259415538
 20
34.56729499057589
 10
111.21455012179466
 20
34.52032399574015
 10
107.44221173386423
 20
38.704133810894284
 10
107.45763782016954
 20
41.65839100857198
 10
119.85983660444168
 20
43.378746066993436
 10
123.43371380005988
 20
47.02884505866479
 10
124.98702457016205
 20
56.795634214221835
 10
123.66946016952073
 20
71.34046730208192
 10
125.03130179903721
 20
76.676102784799
 10
125.23278958461334
 20
88.18171120800422
 10
125.39205345397173
 20
98.1705063691782
 10
124.37183968572546
 20
192.8960471608246
 10
122.42963152644552
 20
198.7279445744009
 10
117.44308760481023
 20
202.3220480361913
 10
106.71574850328237
 20
202.58975738043347
 10
106.29787050804605
 20
205.41699951795724
 10
107.52372178429586
 20
206.84178747446538
 10
119.78310188320872
 20
208.71178094204063
 10
123.20063203065294
 20
212.36632340358733
 10
124.41996000270467
 20
217.21899609072688
 10
124.29194776667005
 20
236.76575872247182
 10
122.2216927172702
 20
242.796061719608
 10
118.45592169110566
 20
245.95181575436064
 10
117.07363923715187
 20
258.62078303302866
 10
114.16516363415984
 20
262.12543988314394
 10
110.00412454606186
 20
263.97681874161145
 10
104.07662984502477
 20
264.38509658330946
 10
104.32419754983016
 20
267.2695101122688
 10
119.63196392380628
 20
269.0818900303279
 10
123.27228578655966
 20
272.9425243194222
 10
124.42497607618189
 20
278.1220750214408
 10
123.4430710400286
 20
307.26872986796576
 10
120.64724430121933
 20
324.4905126874808
 10
120.6326475720101
 20
348.92769017091786
 10
122.529193224772
 20
364.4234925258401
 10
118.1984295478869
 20
371.86986354046047
 10
118.7581980100276
 20
415.4515084048349
 10
113.79013917031445
 20
421.85387406234236
 10
113.35072816226904
 20
424.8636775699127
 10
116.96809062446145
 20
434.279694639512
 10
116.94042484593935
 20
498.57843981577867
 10
115.59753962960903
 20
503.5730607794642
 10
111.93891419784698
 20
507.22874665562887
 10
106.94321546090232
 20
508.5676168527784
 10
56.83907325516564
 20
508.85947488336774
 10
56.560858791836516
 20
523.5312948003408
  0
LWPOLYLINE
  5
4797
330
17
100
AcDbEntity
  8
ROAD
100
AcDbPolyline
 90
3
 70
1
 10
198.96344028823125
 20
566.1335622235492
 10
198.96344028823125
 20
566.381426937715
 10
198.97296511185704
 20
566.133785120433
  0
LWPOLYLINE
  5
4798
330
17
100
AcDbEntity
  8
ROAD
100
AcDbPolyline
 90
3
 70
1
 10
184.09156713476705
 20
546.9554334037088
 10
184.1228686003709
 20
546.9555261492071
 10
184.12281364584643
 20
546.9550411831306
  0
LWPOLYLINE
  5
4799
330
17
100
AcDbEntity
  8
ROAD
100
AcDbPolyline
 90
3
 70
1
 10
154.73606732679002
 20
316.2773088214831
 10
154.76944012171467
 20
316.2779131614833
 10
154.76939671200827
 20
316.27747061580163
  0
LWPOLYLINE
  5
479A
330
17
100
AcDbEntity
  8
ROAD
100
AcDbPolyline
 90
3
 70
1
 10
125.21630764960791
 20
87.65975747798392
 10
125.18827559675935
 20
87.66024078923992
 10
125.18834471079892
 20
87.66075615436995
  0
LWPOLYLINE
  5
479B
330
17
100
AcDbEntity
  8
ROAD
100
AcDbPolyline
 90
3
 70
1
 10
125.23236811967288
 20
90.61646599889161
 10
125.23241364242811
 20
90.61682454906362
 10
125.26110272000896
 20
90.61618701400627
  0
LWPOLYLINE
  5
479C
330
17
100
AcDbEntity
  8
ROAD
100
AcDbPolyline
 90
3
 70
1
 10
116.8523991815202
 20
434.7699801630656
 10
116.85249284351174
 20
434.7744122985848
 10
116.94420770298898
 20
434.7744122985848
  0
LWPOLYLINE
  5
479D
330
17
100
AcDbEntity
  8
ROAD
100
AcDbPolyline
 90
3
 70
1
 10
201.42768136904647
 20
131.30148615706224
 10
201.4261638128238
 20
131.50639244974943
 10
201.43708635226173
 20
131.50630421298055
  0
LWPOLYLINE
  5
479E
330
17
100
AcDbEntity
  8
GROUND
100
AcDbPolyline
 90
19
 70
1
 10
152.24248635183974
 20
72.10102657827753
 10
153.70578070742673
 20
72.08609488814183
 10
153.72071239756244
 20
71.56348573339234
 10
153.73564408769812
 20
70.56306249430045
 10
153.76550746796954
 20
68.56226112696304
 10
154.27318493258332
 20
68.08444704262064
 10
156.2590884429198
 20
68.14417380316344
 10
157.2595004043001
 20
68.17403718343485
 10
157.91649477027087
 20
68.18896887357054
 10
157.93142646040656
 20
66.68086816986488
 10
157.93142646040656
 20
65.8446935222657
 10
157.93142646040656
 20
65.4863329590089
 10
157.94635815054227
 20
63.65722347280861
 10
157.94635815054227
 20
63.023272973470725
 10
156.66224407658368
 20
65.75510338145149
 10
153.59272387159828
 20
64.31225609341816
 10
153.41598507294955
 20
71.78038299733295
 10
150.26122489325243
 20
72.12327808203835
 10
151.24207439045946
 20
72.11595826841322
  0
LWPOLYLINE
  5
479F
330
17
100
AcDbEntity
  8
GROUND
100
AcDbPolyline
 90
36
 70
1
 10
158.14047012230637
 20
48.89736055078557
 10
158.15540181244205
 20
47.89693731169369
 10
158.20019688284916
 20
45.89609083350994
 10
158.23006026312055
 20
44.89566759441806
 10
158.27485533352765
 20
42.90979791721634
 10
158.28978702366337
 20
41.90937467812446
 10
158.33458209407047
 20
39.908528199940704
 10
158.36443419663027
 20
38.908104960848824
 10
158.40922926703738
 20
36.92219017280077
 10
158.4241609571731
 20
35.921812044555224
 10
158.46895602758016
 20
33.92096556637147
 10
158.49881940785158
 20
32.93547401741529
 10
158.54361447825866
 20
30.934627539231535
 10
158.55854616839437
 20
29.93420430013966
 10
158.60334123880148
 20
27.948334622937935
 10
158.63320461907287
 20
26.947911383846055
 10
158.64813630920858
 20
26.470097299503667
 10
157.1101835029431
 20
26.485028989639368
 10
156.1097715415628
 20
26.485028989639368
 10
154.12386803122632
 20
26.485028989639368
 10
153.21304621066022
 20
26.41037053896087
 10
153.21304621066022
 20
24.409524060777112
 10
153.21304621066022
 20
23.424032511820936
 10
153.21304621066022
 20
21.423231144483513
 10
153.21304621066022
 20
20.422807905391632
 10
153.21304621066022
 20
18.571278328564876
 10
149.6506109940186
 20
18.682051296318267
 10
150.786943643988
 20
19.86067050655436
 10
150.73179307754867
 20
28.706068820367776
 10
152.33159718365727
 20
34.20152740959078
 10
158.1077645618439
 20
38.54137370863357
 10
158.2612805722448
 20
43.241575769723816
 10
153.87422819332824
 20
52.41724484091954
 10
153.7185475799478
 20
58.99555467494288
 10
157.86043157976013
 20
50.18409089109419
 10
158.10881189035828
 20
50.300843619082535
  0
LWPOLYLINE
  5
47A0
330
17
100
AcDbEntity
  8
GROUND
100
AcDbPolyline
 90
7
 70
1
 10
134.38430900437035
 20
85.97247649264985
 10
134.38430900437035
 20
83.9716300144661
 10
134.38430900437035
 20
82.97125188622054
 10
134.38430900437035
 20
81.98431790595609
 10
134.3788994307895
 20
82.00455463452536
 10
134.38430900437035
 20
88.54356916379847
 10
134.38430900437035
 20
86.97289973174173
  0
LWPOLYLINE
  5
47A1
330
17
100
AcDbEntity
  8
GROUND
100
AcDbPolyline
 90
9
 70
1
 10
134.83225970844134
 20
113.41674251868051
 10
134.83225970844134
 20
112.41631927958863
 10
134.84719139857705
 20
110.43040449154057
 10
134.84719139857705
 20
109.43002636329503
 10
134.86212308871274
 20
107.42917988511127
 10
134.78746463803424
 20
106.51834678683359
 10
134.46076357491714
 20
106.53091221233811
 10
134.80687522250653
 20
116.1179263154055
 10
134.81732801830566
 20
115.41758899686427
  0
LWPOLYLINE
  5
47A2
330
17
100
AcDbEntity
  8
GROUND
100
AcDbPolyline
 90
150
 70
1
 10
157.22963702402868
 20
181.81836392185735
 10
157.2445687141644
 20
179.8175174436736
 10
157.2595004043001
 20
178.81709420458174
 10
157.27443209443578
 20
176.83122452738002
 10
157.2893637845715
 20
175.83080128828811
 10
157.30429547470717
 20
173.82995481010437
 10
157.30429547470717
 20
172.8444632611482
 10
157.31922716484289
 20
170.84361678296443
 10
157.3341588549786
 20
169.8432386547189
 10
157.34909054511428
 20
167.84239217653513
 10
157.36402223525
 20
166.85690062757897
 10
157.37895392538567
 20
164.8560541493952
 10
157.37895392538567
 20
163.85563091030332
 10
157.4088173056571
 20
161.85482954296592
 10
157.4088173056571
 20
160.86933799400973
 10
157.42374899579278
 20
158.86849151582598
 10
157.4386806859285
 20
157.86806827673408
 10
157.45361237606417
 20
155.88219859953236
 10
157.46854406619988
 20
154.88177536044049
 10
157.46967546835194
 20
154.73016747206654
 10
156.7007859958546
 20
154.99336410699348
 10
151.3851381406803
 20
139.46449658755856
 10
156.3785419640054
 20
137.75521699648564
 10
157.513339136607
 20
141.0703566435949
 10
157.513339136607
 20
140.90580361511826
 10
157.513339136607
 20
139.9053803760264
 10
157.52827082674267
 20
138.02398741892824
 10
157.6327926576926
 20
138.02398741892824
 10
157.94635815054227
 20
138.02398741892824
 10
157.94635815054227
 20
138.72577685530612
 10
157.94635815054227
 20
139.5918148831767
 10
158.48388771771587
 20
139.5918148831767
 10
159.06622363300815
 20
139.5918148831767
 10
159.42416919717175
 20
139.59715741450967
 10
161.11185390388744
 20
139.6067465733124
 10
162.06747079486064
 20
139.6067465733124
 10
162.69518767596338
 20
139.6161154819856
 10
163.63529074063632
 20
139.6216782634481
 10
165.0537862665774
 20
139.6216782634481
 10
165.9855546308828
 20
139.6355852539601
 10
168.061217369136
 20
139.64786737348157
 10
168.68216441412926
 20
139.278249390327
 10
168.68216441412926
 20
138.09864586960674
 10
169.50340737159274
 20
138.09864586960674
 10
170.4888876428373
 20
138.09864586960674
 10
171.698354543829
 20
138.11357755974242
 10
171.698354543829
 20
138.8900254467988
 10
171.9223186181529
 20
139.6664733338552
 10
172.0716355195099
 20
139.6664733338552
 10
174.6140776925135
 20
139.6814050239909
 10
174.92357705771695
 20
139.6814050239909
 10
176.0279386626007
 20
139.6897085890137
 10
177.15651986552191
 20
139.6963367141266
 10
177.90989252943373
 20
139.6963367141266
 10
179.9107277299059
 20
139.71126840426228
 10
180.0481134497636
 20
139.7133189605103
 10
182.24140421153396
 20
139.726200094398
 10
182.89704320162267
 20
139.726200094398
 10
183.32239744117388
 20
139.73254873670544
 10
184.7838463845424
 20
139.7411317845337
 10
185.89829036347513
 20
139.7411317845337
 10
186.62130024902007
 20
139.7519230985051
 10
189.8687307305544
 20
139.7709951648051
 10
189.88501779657219
 20
139.7709951648051
 10
189.94518799178107
 20
139.77144419611264
 10
192.411172903558
 20
139.78592685494078
 10
192.88626495842468
 20
139.78592685494078
 10
194.58158555349473
 20
139.7986736263323
 10
194.95361507656645
 20
139.8008585450765
 10
195.87260298556458
 20
139.8008585450765
 10
197.87342690832517
 20
139.8157902352122
 10
198.87385014741707
 20
139.8157902352122
 10
200.38192829569957
 20
139.8307219253479
 10
200.38192829569957
 20
139.3529078410055
 10
200.38192829569957
 20
138.35248460191363
 10
200.38192829569957
 20
138.27782615123513
 10
200.80001561949916
 20
138.27782615123513
 10
201.70694869288675
 20
138.2868056866152
 10
201.7677206480646
 20
138.14688249726197
 10
202.0988172026558
 20
138.29068557285052
 10
202.3081163232048
 20
138.29275784137081
 10
203.30851700687353
 20
138.29275784137081
 10
204.29400855582972
 20
138.30768953150653
 10
204.3089402459654
 20
137.30726629241465
 10
204.3089402459654
 20
136.3068881641691
 10
204.3238719361011
 20
134.30604168598535
 10
204.3388036262368
 20
133.32055013702916
 10
204.3537353163725
 20
131.3197036588454
 10
203.92071630243723
 20
130.43873394083914
 10
202.90536137320964
 20
128.72163468608
 10
202.39770646401902
 20
127.87052834834512
 10
201.65112195723404
 20
126.61626637694636
 10
201.11358111234884
 20
126.60133468681065
 10
200.11315787325697
 20
126.60133468681065
 10
198.1272656406321
 20
126.58640299667495
 10
197.12684240154022
 20
126.58640299667495
 10
195.1260184787796
 20
126.57147130653925
 10
194.12559523968773
 20
126.57147130653925
 10
192.13970300706285
 20
126.55653961640355
 10
191.13927976797098
 20
126.55653961640355
 10
189.1384445674988
 20
126.54160792626786
 10
188.13803260611851
 20
126.52667623613215
 10
186.15212909578202
 20
126.52667623613215
 10
185.15171713440174
 20
126.51174454599645
 10
183.15088193392955
 20
126.51174454599645
 10
182.15045869483768
 20
126.49681285586075
 10
180.1645551845012
 20
126.48188116572506
 10
179.1641432231209
 20
126.48188116572506
 10
177.16330802264875
 20
126.46694947558936
 10
176.16289606126844
 20
126.46694947558936
 10
174.17699255093197
 20
126.45201778545365
 10
173.1765805895517
 20
126.45201778545365
 10
171.1757453890795
 20
126.43708609531795
 10
170.17532214998764
 20
126.43708609531795
 10
168.18942991736273
 20
126.42215440518225
 10
167.18900667827086
 20
126.42215440518225
 10
165.1881714777987
 20
126.40722271504656
 10
164.1877595164184
 20
126.40722271504656
 10
162.20185600608193
 20
126.39229102491086
 10
161.20144404470162
 20
126.39229102491086
 10
159.20060884422946
 20
126.37735933477515
 10
158.20019688284916
 20
126.37735933477515
 10
156.21429337251269
 20
126.36242764463945
 10
155.2138701334208
 20
126.36242764463945
 10
153.21304621066022
 20
126.36242764463945
 10
152.21262297156835
 20
126.34749595450376
 10
150.22671946123188
 20
126.34749595450376
 10
149.22630749985157
 20
126.34749595450376
 10
147.2851990599222
 20
126.34749595450376
 10
147.22547229937942
 20
126.33256426436806
 10
146.23999202813482
 20
126.28776919396095
 10
145.95045740950954
 20
126.2699906346777
 10
158.0367211013069
 20
127.50661611489073
 10
201.52832936688762
 20
126.90931668676966
 10
203.94734531517585
 20
130.93662968099179
 10
144.83189872272013
 20
130.62126700344683
 10
139.80990777030686
 20
131.87926646129694
 10
136.09002509998854
 20
135.48002036584768
 10
134.6692892182916
 20
140.45842024096123
 10
134.60296870618095
 20
151.6980323665393
 10
136.2334296327731
 20
157.21009918396334
 10
140.62926828032943
 20
160.91386564765148
 10
157.11960271122464
 20
162.4635983718945
 10
157.35234793227778
 20
167.10045670604887
 10
154.12625299257653
 20
172.6165194259046
 10
153.98294223032224
 20
177.652233967229
 10
157.124529650978
 20
183.7417679070522
 10
157.12511519307878
 20
183.66989349868413
 10
157.21683814175208
 20
183.66989349868413
 10
157.22963702402868
 20
182.81878716094923
  0
LWPOLYLINE
  5
47A3
330
17
100
AcDbEntity
  8
GROUND
100
AcDbPolyline
 90
24
 70
1
 10
167.21887005854225
 20
233.51151428487896
 10
167.27859681908507
 20
231.51066780669518
 10
167.30846019935646
 20
230.52522136858533
 10
167.36818695989925
 20
228.5243748904016
 10
167.89079611464874
 20
228.0465608060592
 10
169.20477356887875
 20
228.0913558764663
 10
169.21970525901443
 20
227.4044981302241
 10
169.24956863928583
 20
226.40407489113224
 10
169.30929539982864
 20
224.4032284129485
 10
169.33915878010004
 20
223.40285028470294
 10
169.39888554064282
 20
221.41693549665487
 10
169.42874892091424
 20
220.416512257563
 10
169.48847568145703
 20
218.41566577937925
 10
169.51833906172843
 20
217.43017423042306
 10
169.57806582227124
 20
215.42937286308566
 10
169.20477356887875
 20
214.80224187738625
 10
167.20393836840657
 20
214.74251511684346
 10
166.21845809716197
 20
214.71265173657207
 10
164.46727558299165
 20
214.66037733702836
 10
164.3042992913456
 20
214.78604758083196
 10
168.47769797335596
 20
217.14051528627814
 10
168.2141588680938
 20
225.7114775424196
 10
165.5774875547331
 20
233.70770380807156
 10
166.45736513933318
 20
233.73548963691445
  0
LWPOLYLINE
  5
47A4
330
17
100
AcDbEntity
  8
GROUND
100
AcDbPolyline
 90
89
 70
1
 10
156.2740201330555
 20
340.60087416457566
 10
156.2740201330555
 20
339.60045092548376
 10
156.28895182319118
 20
337.61455869285885
 10
156.28895182319118
 20
336.614135453767
 10
156.3038835133269
 20
334.6133115310064
 10
156.31881520346258
 20
333.62781998205026
 10
156.31881520346258
 20
331.62699605928964
 10
156.3337468935983
 20
330.6265728201978
 10
156.3337468935983
 20
328.6257488974372
 10
156.348678583734
 20
327.640257348481
 10
156.348678583734
 20
325.6394334257204
 10
156.36361027386968
 20
324.6390101866285
 10
156.36361027386968
 20
322.63818626386796
 10
156.3785419640054
 20
321.6526947149118
 10
156.3785419640054
 20
319.65184823672803
 10
156.39347365414108
 20
318.6514475530593
 10
156.39347365414108
 20
316.65060107487557
 10
156.4084053442768
 20
315.6651320813425
 10
156.4233370344125
 20
313.66428560315876
 10
156.4233370344125
 20
312.66388491949004
 10
156.43826872454818
 20
310.677970131442
 10
156.43826872454818
 20
309.6775468923501
 10
156.4532004146839
 20
307.67672296958955
 10
156.4532004146839
 20
306.67629973049765
 10
156.46813210481957
 20
304.6904074978728
 10
156.46813210481957
 20
303.6899842587809
 10
156.48306379495529
 20
301.6891603360203
 10
156.48306379495529
 20
300.68873709692843
 10
156.497995485091
 20
298.70284486430353
 10
156.497995485091
 20
297.7024216252117
 10
156.51292717522668
 20
295.70159770245107
 10
156.51292717522668
 20
294.70117446335917
 10
156.5278588653624
 20
292.71525967531113
 10
156.5278588653624
 20
291.7148589916424
 10
156.54279055549807
 20
289.71401251345867
 10
156.54279055549807
 20
288.71361182978995
 10
156.55772224563378
 20
286.7276970417419
 10
156.55772224563378
 20
285.7272963580732
 10
156.5726539357695
 20
283.72644987988946
 10
156.5726539357695
 20
282.72602664079756
 10
156.58758562590518
 20
280.74013440817265
 10
156.58758562590518
 20
279.7397111690808
 10
156.6025173160409
 20
277.7388872463202
 10
156.6025173160409
 20
276.73846400722834
 10
156.61744900617657
 20
274.75257177460344
 10
156.63238069631228
 20
273.75214853551154
 10
156.647312386448
 20
271.751324612751
 10
156.647312386448
 20
270.7658330637948
 10
156.66224407658368
 20
268.7650091410342
 10
156.6771644890078
 20
267.7645859019423
 10
156.6920961791435
 20
265.7637619791817
 10
156.6920961791435
 20
264.7782704302256
 10
156.7070278692792
 20
262.77742395204183
 10
156.7070278692792
 20
261.7770232683731
 10
156.7219595594149
 20
261.0752338319952
 10
157.5581342070141
 20
261.0901655221309
 10
157.5581342070141
 20
260.6272831279242
 10
157.97622153081366
 20
260.04494721263194
 10
159.15581377382236
 20
260.04494721263194
 10
159.96212504115013
 20
260.04494721263194
 10
160.96253700253044
 20
260.04494721263194
 10
162.96337220300262
 20
260.04494721263194
 10
163.9637841643829
 20
260.04494721263194
 10
165.1135130271202
 20
260.04494721263194
 10
165.1135130271202
 20
259.20877256503275
 10
165.1135130271202
 20
258.20837188136403
 10
165.1135130271202
 20
256.2075254031803
 10
165.0985813369845
 20
255.22205640964728
 10
165.0985813369845
 20
253.2212099314635
 10
165.0985813369845
 20
252.2208092477948
 10
165.08364964684878
 20
250.21996276961104
 10
165.08364964684878
 20
249.23447122065488
 10
165.08364964684878
 20
247.23364729789427
 10
165.08364964684878
 20
246.2332240588024
 10
165.0687179567131
 20
244.23237758061865
 10
165.0687179567131
 20
243.2469311425088
 10
165.0687179567131
 20
241.24608466432505
 10
165.0537862665774
 20
240.24566142523318
 10
165.0537862665774
 20
239.16128373344148
 10
164.79212890148239
 20
250.55420261854886
 10
154.03375007472295
 20
251.9094888501541
 10
150.3528845329552
 20
255.3718985573903
 10
148.8349384108414
 20
260.1919495620682
 10
148.8505733431182
 20
282.7347584840714
 10
150.7638952238189
 20
288.75500664330525
 10
154.93970580221676
 20
293.1064798942166
 10
154.4228407821056
 20
335.76940211946646
 10
156.2590884429198
 20
342.6179564563351
 10
156.2590884429198
 20
342.6017206427594
  0
LWPOLYLINE
  5
47A5
330
17
100
AcDbEntity
  8
GROUND
100
AcDbPolyline
 90
126
 70
1
 10
145.12011526795735
 20
487.58743942178387
 10
145.12011526795735
 20
485.7359098449571
 10
145.12011526795735
 20
485.5865929436001
 10
145.12011526795735
 20
484.60110139464393
 10
145.13504695809303
 20
482.6003000273065
 10
145.13504695809303
 20
481.5998767882146
 10
145.13504695809303
 20
479.61396200016657
 10
145.13504695809303
 20
478.61353876107466
 10
145.14997864822874
 20
476.6127373937373
 10
145.14997864822874
 20
475.6123141546454
 10
145.14997864822874
 20
473.62639936659735
 10
145.14997864822874
 20
472.62597612750545
 10
145.16491033836445
 20
470.625174760168
 10
145.16491033836445
 20
469.6247515210762
 10
145.16491033836445
 20
467.6388367330281
 10
145.17984202850013
 20
466.63841349393624
 10
145.17984202850013
 20
464.63756701575244
 10
145.17984202850013
 20
463.6371888875069
 10
145.17984202850013
 20
461.6512740994589
 10
145.19477371863584
 20
460.650850860367
 10
145.19477371863584
 20
458.6500043821832
 10
145.19477371863584
 20
457.6496262539377
 10
145.20970540877153
 20
455.6637114658896
 10
145.20970540877153
 20
454.66328822679776
 10
145.20970540877153
 20
452.662441748614
 10
145.20970540877153
 20
451.66206362036843
 10
145.22463709890724
 20
449.6761488323204
 10
145.22463709890724
 20
448.6757255932285
 10
145.22463709890724
 20
446.67487911504475
 10
145.22463709890724
 20
445.6745009867992
 10
145.23956878904292
 20
443.6885861987512
 10
145.23956878904292
 20
442.6881629596593
 10
145.23956878904292
 20
440.68731648147553
 10
145.25450047917863
 20
439.68689324238363
 10
145.25450047917863
 20
437.7009784543356
 10
145.25450047917863
 20
436.70060032609007
 10
145.26943216931434
 20
434.6997538479063
 10
145.26943216931434
 20
433.71426229895013
 10
145.26943216931434
 20
431.7134158207664
 10
145.26943216931434
 20
430.7130376925208
 10
145.28436385945002
 20
428.71219121433705
 10
145.28436385945002
 20
427.72669966538086
 10
145.28436385945002
 20
425.7258531871971
 10
145.28436385945002
 20
424.7254750589516
 10
145.29929554958574
 20
422.72462858076784
 10
145.29929554958574
 20
421.73913703181165
 10
145.29929554958574
 20
419.7382905536279
 10
145.29929554958574
 20
418.7379124253823
 10
145.31422723972142
 20
416.7370659471986
 10
145.31422723972142
 20
415.75157439824244
 10
145.31422723972142
 20
413.75072792005864
 10
145.32915892985713
 20
412.7503497918131
 10
145.32915892985713
 20
410.7643898929187
 10
145.32915892985713
 20
409.76401176467317
 10
145.34409061999284
 20
407.7631652864894
 10
145.34409061999284
 20
406.7627420473975
 10
145.34409061999284
 20
404.7768272593495
 10
145.34409061999284
 20
403.77644913110396
 10
145.35902231012852
 20
401.7756026529202
 10
145.35902231012852
 20
400.7751794138283
 10
145.35902231012852
 20
398.7892646257803
 10
145.35902231012852
 20
397.7888864975347
 10
145.35902231012852
 20
397.46038931454933
 10
147.03136032761532
 20
397.47527589383867
 10
148.0317835667072
 20
397.47527589383867
 10
150.03260748946778
 20
397.4902526948207
 10
151.03303072855965
 20
397.4902526948207
 10
153.01893423889612
 20
397.5051392741101
 10
154.01934620027643
 20
397.5051392741101
 10
155.9903180204772
 20
397.5201160750921
 10
155.9903180204772
 20
397.47527589383867
 10
155.9903180204772
 20
396.48978434488254
 10
156.0052497106129
 20
394.4889829775451
 10
156.0052497106129
 20
393.4885597384532
 10
156.02018140074858
 20
391.48771326026946
 10
156.02018140074858
 20
390.50222171131327
 10
156.0351130908843
 20
388.50142034397584
 10
156.0351130908843
 20
387.500997104884
 10
156.05004478102
 20
385.5001506267002
 10
156.05004478102
 20
384.51465907774406
 10
156.0649764711557
 20
382.5138577104066
 10
156.0649764711557
 20
381.5134344713147
 10
156.0799081612914
 20
379.527564794113
 10
156.0799081612914
 20
378.5270964441748
 10
156.09483985142708
 20
376.5262725214142
 10
156.09483985142708
 20
375.5258718377455
 10
156.1097715415628
 20
373.5399570496975
 10
156.1097715415628
 20
372.53955636602876
 10
156.1247032316985
 20
370.53870988784496
 10
156.1247032316985
 20
369.53830920417624
 10
156.1396349218342
 20
367.5523944161282
 10
156.1396349218342
 20
366.55197117703636
 10
156.1396349218342
 20
365.83527260594593
 10
156.1545666119699
 20
364.55114725427575
 10
156.1545666119699
 20
363.55072401518385
 10
156.16949830210558
 20
361.564831782559
 10
156.16949830210558
 20
360.5644085434671
 10
156.1844299922413
 20
358.56358462070654
 10
156.1844299922413
 20
357.56316138161463
 10
156.199361682377
 20
355.5772691489897
 10
156.199361682377
 20
354.5768459098979
 10
156.21429337251269
 20
352.6805438180872
 10
156.21429337251269
 20
352.57602198713727
 10
156.21429337251269
 20
351.5755987480454
 10
156.2292250626484
 20
349.58968395999733
 10
156.2292250626484
 20
348.5892832763286
 10
156.24415675278408
 20
346.58843679814487
 10
156.24415675278408
 20
345.58803611447615
 10
156.2590884429198
 20
343.6021213264281
 10
156.2590884429198
 20
342.72936095977417
 10
155.94508171818796
 20
346.29517400332094
 10
150.8082773945906
 20
349.7156099190461
 10
148.72828458650355
 20
355.78600671500465
 10
148.59253697739942
 20
366.18333658096526
 10
149.44383130982152
 20
370.5649665422896
 10
155.81986234675006
 20
376.0610318331111
 10
156.04015091024687
 20
386.15073904105384
 10
138.3518572963498
 20
388.6938030014332
 10
134.60472628348043
 20
392.34796583040145
 10
133.21674475734275
 20
397.39448979163666
 10
132.97306218563773
 20
477.3739903159426
 10
134.3145995560686
 20
482.4090608128114
 10
138.00703923942584
 20
486.08568244271424
 10
144.85080314425645
 20
487.61573743582545
 10
145.12011526795735
 20
489.94411021929204
 10
145.12011526795735
 20
488.5878626608757
  0
LWPOLYLINE
  5
47A6
330
17
100
AcDbEntity
  8
GROUND
100
AcDbPolyline
 90
208
 70
1
 10
131.8907280294201
 20
603.2923393989329
 10
132.65224422634077
 20
603.5760415115112
 10
133.83183646934947
 20
603.5909732016469
 10
134.83225970844134
 20
603.5909732016469
 10
136.83308363120193
 20
603.5909732016469
 10
137.81857518015812
 20
603.6059048917826
 10
139.5058448877806
 20
603.6059048917826
 10
139.81941038063027
 20
603.6059048917826
 10
140.81982234201058
 20
603.6208365819183
 10
142.82065754248276
 20
603.6208365819183
 10
143.80613781372736
 20
603.6357682720541
 10
145.8069730141995
 20
603.6506999621897
 10
146.80738497557982
 20
603.6506999621897
 10
148.80822017605198
 20
603.6656316523254
 10
149.79371172500817
 20
603.6656316523254
 10
151.79453564776875
 20
603.6805633424611
 10
152.79495888686063
 20
603.6805633424611
 10
154.7509990169257
 20
603.6954950325968
 10
154.7509990169257
 20
603.6656316523254
 10
154.76593070706141
 20
602.6652084132336
 10
154.7808623971971
 20
600.6643619350498
 10
154.7957940873328
 20
599.6788703860936
 10
154.81072577746852
 20
597.6780690187562
 10
154.81072577746852
 20
596.6776457796643
 10
154.82370192092895
 20
594.938842555963
 10
154.82216053156125
 20
594.9391010318507
 10
152.56824685507908
 20
581.4981622709619
 10
155.52337510878075
 20
581.0026162302228
 10
155.52743562627052
 20
580.6858958660226
 10
155.900727879663
 20
580.6858958660226
 10
156.9011398410433
 20
580.6858958660226
 10
157.37198635665513
 20
580.692622244817
 10
157.94635815054227
 20
580.5963057252154
 10
157.94635815054227
 20
580.5963057252085
 10
157.94635815058373
 20
580.5963057252085
 10
162.21801042287848
 20
579.879991511672
 10
162.23171938635332
 20
578.0430318228501
 10
162.23171938635332
 20
577.0426085837582
 10
162.23171938635332
 20
575.0566937957102
 10
162.51542149893163
 20
574.3250409790609
 10
164.5013250092681
 20
574.3399726691966
 10
165.50173697064838
 20
574.3399726691966
 10
167.23380174867796
 20
574.3549043593323
 10
167.24873343881367
 20
574.1010656270254
 10
167.24873343881367
 20
573.1006423879335
 10
167.24873343881367
 20
572.7273952453874
 10
168.87627638589333
 20
572.7572586256588
 10
169.38395385050714
 20
573.2648909794262
 10
169.36902216037143
 20
575.0865571759816
 10
169.50340737159274
 20
575.0865571759816
 10
169.50340737159274
 20
575.1313522463887
 10
169.48847568145703
 20
576.1168437953448
 10
169.48847568145703
 20
578.1176902735286
 10
169.48034877342965
 20
578.6621685587712
 10
183.53877370651625
 20
576.3047085040705
 10
183.52416290961048
 20
575.3403959082884
 10
183.52416290961048
 20
575.1164205562529
 10
183.59882136028898
 20
575.1164205562529
 10
183.61375305042466
 20
574.3101092889252
 10
184.49472276843096
 20
574.3101092889252
 10
185.49513472981124
 20
574.3101092889252
 10
187.49596993028342
 20
574.3250409790609
 10
188.4665297891039
 20
574.3101092889252
 10
188.4665297891039
 20
573.3992761906475
 10
189.5565206135868
 20
573.4291395709189
 10
190.55694385267867
 20
573.473934641326
 10
190.63160230335717
 20
573.473934641326
 10
190.63160230335717
 20
575.1153106752612
 10
190.93811022046947
 20
575.0639123020807
 10
191.99038610570585
 20
573.7576367539043
 10
193.15126520598005
 20
574.6927879052839
 10
196.74125973724426
 20
574.0907810130232
 10
197.41866609507142
 20
578.1304110426888
 10
200.44121911274738
 20
580.5652416240285
 10
200.44165505624235
 20
580.52164727453
 10
200.44165505624235
 20
579.5212240354381
 10
200.45658674637806
 20
577.5204226681007
 10
200.45658674637806
 20
576.5349311191444
 10
200.47151843651375
 20
574.5340846409607
 10
200.47151843651375
 20
573.5336614018688
 10
200.48645012664946
 20
571.5477917246671
 10
200.48645012664946
 20
570.5473684855752
 10
200.50138181678517
 20
568.5465220073914
 10
200.50138181678517
 20
567.5460987682995
 10
200.51631350692085
 20
565.5601839802515
 10
200.51631350692085
 20
564.559805852006
 10
200.52276129846211
 20
564.1600427764484
 10
199.30381003747385
 20
564.156599396611
 10
199.4263001270148
 20
520.7952927293483
 10
200.1520437398133
 20
520.7973428612964
 10
200.15795294366407
 20
520.7952927293483
 10
200.44200807281928
 20
520.7981619730771
 10
201.63619026709833
 20
520.801535383501
 10
201.63619026709833
 20
520.2876152647344
 10
202.02441421062653
 20
519.6754159691708
 10
203.7415360208088
 20
519.6903476593064
 10
203.7415360208088
 20
519.9740497718848
 10
203.90533695360222
 20
520.8079454297421
 10
204.7120958796293
 20
520.8102244194839
 10
205.89169940034958
 20
520.8102244194839
 10
206.8921000840183
 20
520.8102244194839
 10
208.89294656220204
 20
520.7952927293483
 10
209.89334724587076
 20
520.7952927293483
 10
211.87926203391882
 20
520.7952927293483
 10
212.8796627175875
 20
520.7803610392126
 10
213.6113155342368
 20
520.7803610392126
 10
213.5665204638297
 20
519.5260990678138
 10
213.5217253934226
 20
518.5257209395683
 10
213.43213525260842
 20
516.5248744613845
 10
213.402271872337
 20
515.5393829124283
 10
213.35747680192992
 20
514.4493695325223
 10
213.6710422947796
 20
513.5982631947874
 10
214.0144711679007
 20
512.6576118270846
 10
214.46242187197169
 20
511.4033498556858
 10
214.4773535621074
 20
510.74635548971503
 10
214.49228525224308
 20
509.7459322506232
 10
214.5072169423788
 20
507.74508577243944
 10
214.52214863251447
 20
506.75959422348325
 10
214.53708032265018
 20
504.7587928561458
 10
214.5520120127859
 20
503.7583696170539
 10
214.5818753930573
 20
501.75752313887017
 10
214.59680708319297
 20
500.772031589914
 10
214.61173877332868
 20
498.77123022257655
 10
214.6266704634644
 20
497.7708069834847
 10
214.64160215360008
 20
495.78489219543667
 10
214.6565338437358
 20
494.78446895634477
 10
214.6565338437358
 20
493.2017098019606
 10
214.6565338437358
 20
492.78366758900734
 10
214.67146553387147
 20
491.7831992390691
 10
214.67146553387147
 20
490.5289823785167
 10
213.9398127172222
 20
490.514050688381
 10
212.93938947813032
 20
490.514050688381
 10
210.93856555536973
 20
490.514050688381
 10
209.95307400641354
 20
490.514050688381
 10
207.95225008365296
 20
490.4991189982453
 10
206.95182684456108
 20
490.4991189982453
 10
204.9510029218005
 20
490.4841873081096
 10
203.9655113728443
 20
490.4841873081096
 10
201.96468745008372
 20
490.4692556179739
 10
200.96426421099184
 20
490.4692556179739
 10
198.96344028823125
 20
490.4543239278382
 10
197.9779487392751
 20
490.4543239278382
 10
195.9771248165145
 20
490.4393922377025
 10
194.9767015774226
 20
490.4393922377025
 10
192.97585509923886
 20
490.4244605475668
 10
191.99038610570585
 20
490.4244605475668
 10
189.9895396275221
 20
490.4095288574311
 10
188.9891276661418
 20
490.4095288574311
 10
187.98871570476152
 20
490.3945971672954
 10
187.24213119797653
 20
491.0665232234019
 10
186.4955579689031
 20
491.72347247852633
 10
185.13678544426602
 20
492.932939379518
 10
184.97253685277335
 20
492.9777344499251
 10
184.00197699395287
 20
493.2017098019606
 10
182.06086855402347
 20
493.6645921961673
 10
181.0753882827789
 20
493.7392506468458
 10
179.07455308230672
 20
493.7243189567101
 10
178.0741411209264
 20
493.7243189567101
 10
177.99948267024791
 20
493.7243189567101
 10
176.07330592045426
 20
493.70938726657437
 10
175.08782564920966
 20
493.70938726657437
 10
173.08699044873748
 20
493.6944555764387
 10
172.0865672096456
 20
493.6944555764387
 10
170.08573200917343
 20
493.679523886303
 10
169.10025173792883
 20
493.679523886303
 10
167.09941653745668
 20
493.6645921961673
 10
166.09900457607637
 20
493.6645921961673
 10
164.0981693756042
 20
493.6496605060316
 10
163.11268910435962
 20
493.6496605060316
 10
161.11185390388744
 20
493.63472881589587
 10
160.11143066479556
 20
493.63472881589587
 10
158.11060674203497
 20
493.6197971257602
 10
157.12511519307878
 20
493.6197971257602
 10
155.1242799926066
 20
493.6048654356245
 10
154.12386803122632
 20
493.6048654356245
 10
152.12303283075414
 20
493.5899337454888
 10
151.13755255950954
 20
493.5899337454888
 10
149.1367173590374
 20
493.5750020553531
 10
148.13630539765708
 20
493.5750020553531
 10
146.1354701971849
 20
493.56007036521737
 10
145.14997864822874
 20
493.56007036521737
 10
145.12011526795735
 20
493.56007036521737
 10
145.12011526795735
 20
491.57415557716934
 10
145.12011526795735
 20
490.5887091390595
 10
145.12011526795735
 20
489.94411021929204
 10
139.35835765948374
 20
491.3272261062522
 10
134.5982672892041
 20
494.9748548676776
 10
132.7809478651437
 20
500.6898357097574
 10
132.74430925763704
 20
522.4171501054565
 10
133.76881559857512
 20
526.8466987841362
 10
136.6485983921578
 20
530.3648468482744
 10
140.78839171157435
 20
532.2443749837192
 10
164.6859301255655
 20
531.2416656302848
 10
167.6387854463749
 20
535.1295979471619
 10
175.77380129758805
 20
540.6104500084097
 10
183.7822141831416
 20
543.6254602406226
 10
184.07196004246936
 20
553.5727974362176
 10
186.91070326983112
 20
562.2855795224907
 10
190.44146156825113
 20
565.2895493728687
 10
200.31082253610978
 20
566.6662687765076
 10
200.21136370851417
 20
571.3457736755516
 10
142.6354893254698
 20
571.4781324370792
 10
137.65036677208892
 20
572.7982885749784
 10
133.98590103288205
 20
576.4267799897179
 10
132.6166296211888
 20
581.3986362730169
 10
132.42703332855896
 20
603.2585197380241
 10
129.6207115628717
 20
602.4597136641579
 10
130.9500428285826
 20
602.9489105258118
  0
LWPOLYLINE
  5
47A7
330
17
100
AcDbEntity
  8
GROUND
100
AcDbPolyline
 90
528
 70
1
 10
123.9769886460572
 20
99.75433626620797
 10
123.96205695592148
 20
101.23257358964224
 10
123.96205695592148
 20
102.23299682873412
 10
123.94712526578579
 20
104.23379819607155
 10
123.94712526578579
 20
105.21928974502772
 10
123.93219357565009
 20
107.22013622321148
 10
123.93219357565009
 20
108.22055946230336
 10
123.91726188551439
 20
110.22136082964079
 10
123.91726188551439
 20
111.20685237859696
 10
123.9023301953787
 20
113.20769885678071
 10
123.9023301953787
 20
114.2081220958726
 10
123.88739850524298
 20
116.20896857405634
 10
123.88739850524298
 20
117.19441501216619
 10
123.87246681510729
 20
119.19526149034995
 10
123.87246681510729
 20
120.19568472944182
 10
123.85753512497159
 20
122.18159951748989
 10
123.85753512497159
 20
123.18202275658176
 10
123.8426034348359
 20
125.18282412391918
 10
122.8571231635913
 20
125.19775581405489
 10
120.85628796311913
 20
125.24255088446198
 10
119.87079641416294
 20
125.25748257459767
 10
118.31791191776176
 20
125.27241426473338
 10
118.31791191776176
 20
125.73529665894007
 10
118.00435770262365
 20
126.10858891233256
 10
116.31708799500117
 20
125.03350722256218
 10
115.480913347402
 20
124.495966377677
 10
113.79364363977952
 20
123.42088468790662
 10
112.95748026989192
 20
122.88338895386777
 10
111.28514225240514
 20
121.79337557396168
 10
110.44896760480596
 20
121.2558347290765
 10
108.76169789718348
 20
120.18075303930613
 10
107.92553452729588
 20
119.64321219442094
 10
106.2681281999448
 20
118.58306219478627
 10
106.2681281999448
 20
118.61292557505766
 10
106.2681281999448
 20
119.61334881414953
 10
106.2681281999448
 20
121.5992636021976
 10
106.2681281999448
 20
122.59968684128947
 10
106.2531965098091
 20
124.6004882086269
 10
106.2531965098091
 20
125.60091144771877
 10
106.2531965098091
 20
127.58682623576682
 10
106.2531965098091
 20
128.5872494748587
 10
106.2382648196734
 20
130.58805084219614
 10
106.2382648196734
 20
131.588474081288
 10
106.2382648196734
 20
133.57438886933608
 10
106.2382648196734
 20
134.57481210842795
 10
106.22333312953769
 20
136.5756585866117
 10
106.22333312953769
 20
137.57603671485725
 10
106.22333312953769
 20
139.5619515029053
 10
106.22333312953769
 20
140.56237474199716
 10
106.208401439402
 20
142.56322122018094
 10
106.208401439402
 20
143.56359934842646
 10
106.208401439402
 20
145.54951413647453
 10
106.208401439402
 20
146.5499373755664
 10
106.208401439402
 20
148.55078385375018
 10
106.1934697492663
 20
149.55120709284205
 10
106.1934697492663
 20
151.53707677004377
 10
106.1934697492663
 20
152.53750000913564
 10
106.1934697492663
 20
154.5383464873194
 10
106.1785380591306
 20
155.52383803627558
 10
106.1785380591306
 20
157.524639403613
 10
106.1785380591306
 20
158.52506264270488
 10
106.1785380591306
 20
160.52590912088863
 10
106.1785380591306
 20
161.51140066984482
 10
106.1636063689949
 20
163.51224714802856
 10
106.1636063689949
 20
164.51262527627412
 10
106.1636063689949
 20
166.51347175445787
 10
106.1636063689949
 20
167.49896330341406
 10
106.1486746788592
 20
169.4998097815978
 10
106.1486746788592
 20
170.50018790984333
 10
106.1486746788592
 20
172.5010343880271
 10
106.1486746788592
 20
173.48652593698327
 10
106.1337429887235
 20
175.48737241516704
 10
106.1337429887235
 20
176.48779565425892
 10
106.1337429887235
 20
178.47366533146064
 10
106.1337429887235
 20
179.4740885705525
 10
106.1188112985878
 20
181.47493504873626
 10
106.1188112985878
 20
182.47535828782816
 10
106.1188112985878
 20
184.46122796502988
 10
106.1188112985878
 20
185.46165120412175
 10
106.11638975939533
 20
185.78613745591258
 10
108.88174126056622
 20
189.85036876656395
 10
106.1038796084521
 20
191.7404589958234
 10
106.1038796084521
 20
193.45006031587474
 10
106.0889479183164
 20
194.4504835549666
 10
106.0889479183164
 20
196.43639834301467
 10
106.0889479183164
 20
197.4367764712602
 10
106.0889479183164
 20
198.87021872428738
 10
106.1486746788592
 20
199.43762294944398
 10
106.2531965098091
 20
200.42311449840014
 10
106.44729720386161
 20
202.2895757653626
 10
106.43236551372591
 20
202.4090292864482
 10
106.35771834075899
 20
203.40945252554008
 10
106.1934697492663
 20
205.3953222027418
 10
106.1188112985878
 20
206.38081375169799
 10
106.0740162281807
 20
206.94821797685458
 10
106.059084538045
 20
208.38166022988173
 10
106.0441528479093
 20
209.3820834689736
 10
106.0292211577736
 20
211.36795314617535
 10
106.01428946763791
 20
212.36837638526723
 10
105.9993577775022
 20
214.36922286345097
 10
105.9844260873665
 20
215.36964610254284
 10
105.9694943972308
 20
217.35551577974456
 10
105.9545627070951
 20
218.35593901883647
 10
105.93963101695941
 20
220.3567854970202
 10
105.9246993268237
 20
221.35720873611209
 10
105.909767636688
 20
223.34312352416015
 10
105.8948359465523
 20
224.34350165240568
 10
105.8948359465523
 20
224.49281855376267
 10
105.8948359465523
 20
226.34434813058945
 10
105.8948359465523
 20
227.34477136968133
 10
105.87990425641661
 20
229.3306861577294
 10
105.87990425641661
 20
230.33110939682126
 10
105.87990425641661
 20
232.33191076415866
 10
105.87990425641661
 20
233.33233400325057
 10
105.87990425641661
 20
235.3182487912986
 10
105.86497256628091
 20
236.31867203039047
 10
105.86497256628091
 20
238.3194733977279
 10
105.86497256628091
 20
239.31989663681978
 10
105.86497256628091
 20
241.30581142486784
 10
105.86497256628091
 20
242.3062346639597
 10
105.8500408761452
 20
244.3070585867203
 10
105.8500408761452
 20
245.2925501356765
 10
105.8500408761452
 20
247.29337405843708
 10
105.8500408761452
 20
248.29379729752895
 10
105.8351091860095
 20
250.29462122028954
 10
105.8351091860095
 20
251.28011276924573
 10
105.8351091860095
 20
252.66873739644262
 10
105.22290989044582
 20
252.68366908657833
 10
104.23742961920122
 20
252.68366908657833
 10
104.11797609811563
 20
252.68366908657833
 10
104.10304440797992
 20
254.56506204367648
 10
104.10304440797992
 20
255.56548528276835
 10
104.08811271784423
 20
257.55137751539326
 10
104.08811271784423
 20
258.5518007544851
 10
104.08811271784423
 20
260.5526246772457
 10
104.07318102770853
 20
261.5530479163376
 10
104.07318102770853
 20
263.53894014896247
 10
104.07318102770853
 20
264.53936338805437
 10
104.05824933757283
 20
266.54018731081493
 10
104.05824933757283
 20
267.54061054990683
 10
104.05824933757283
 20
269.52650278253174
 10
104.04331764743714
 20
270.5269260216236
 10
104.04331764743714
 20
272.5277499443842
 10
104.04331764743714
 20
273.52817318347604
 10
104.02955743592699
 20
275.3582813143247
 10
105.08492950432544
 20
275.3628566592196
 10
105.01925890812238
 20
290.5107667164091
 10
88.09536486438766
 20
290.43739671303956
 10
88.09637972076992
 20
290.50539209065073
 10
88.12624310104133
 20
292.4913068786988
 10
88.12624310104133
 20
293.49170756236754
 10
88.15610648131272
 20
295.4925540405513
 10
88.17103817144842
 20
296.49295472422
 10
88.18596986158413
 20
298.47886951226803
 10
88.20090155171982
 20
299.47927019593675
 10
88.21583324185552
 20
301.4801166741205
 10
88.23076493199122
 20
302.4805399132124
 10
88.24569662212691
 20
304.4664321458373
 10
88.26062831226263
 20
305.46685538492915
 10
88.29049169253402
 20
307.46767930768976
 10
88.29049169253402
 20
308.4531708566459
 10
88.32035507280541
 20
310.4539947794065
 10
88.32035507280541
 20
311.4544180184984
 10
88.35021845307682
 20
313.455241941259
 10
88.36515014321252
 20
314.44073349021517
 10
88.38008183334821
 20
316.4415574129757
 10
88.39500788462813
 20
317.4419806520676
 10
88.40993957476383
 20
318.3528137503453
 10
89.48501562567841
 20
318.3528137503453
 10
90.48543322591449
 20
318.3528137503453
 10
92.48626842638667
 20
318.36774544048103
 10
93.48668038776697
 20
318.36774544048103
 10
95.47258389810344
 20
318.3826771306167
 10
96.47299585948373
 20
318.3826771306167
 10
98.4738310599559
 20
318.3976088207524
 10
99.47425429904779
 20
318.3976088207524
 10
101.46014653167268
 20
318.4125405108881
 10
102.46056977076455
 20
318.4125405108881
 10
104.46140497123672
 20
318.4274722010238
 10
105.46181693261701
 20
318.4274722010238
 10
107.44772044295348
 20
318.44240389115953
 10
108.44813240433378
 20
318.44240389115953
 10
110.44896760480596
 20
318.4573355812952
 10
111.44937956618625
 20
318.4573355812952
 10
113.43528307652272
 20
318.4722672714309
 10
113.71898518910102
 20
319.1889883979445
 10
113.67419011869391
 20
321.17488063056936
 10
113.65925842855822
 20
322.17530386966126
 10
113.61446335815111
 20
324.1761277924218
 10
113.59953166801542
 20
325.1765510315137
 10
113.55473659760833
 20
327.16244326413863
 10
113.53980490747261
 20
328.1628665032305
 10
113.49500983706552
 20
330.1636904259911
 10
113.48007814692983
 20
331.1491819749473
 10
113.45021476665842
 20
332.70207774906004
 10
113.45021476665842
 20
333.15000589770784
 10
113.45021476665842
 20
334.15042913679974
 10
113.45021476665842
 20
336.1512756149835
 10
113.45021476665842
 20
337.1367446085165
 10
113.45021476665842
 20
339.13759108670024
 10
113.45021476665842
 20
340.13799177036896
 10
113.46514645679412
 20
342.1388382485527
 10
113.46514645679412
 20
343.1243072420857
 10
113.46514645679412
 20
345.12515372026945
 10
113.46514645679412
 20
346.12557695936135
 10
113.46514645679412
 20
348.11146919198626
 10
113.46514645679412
 20
349.1118924310781
 10
113.46514645679412
 20
351.1127163538387
 10
113.46514645679412
 20
352.11313959293057
 10
113.48007814692983
 20
354.09903182555547
 10
113.48007814692983
 20
355.0994550646474
 10
113.48007814692983
 20
357.10027898740793
 10
113.48007814692983
 20
358.10070222649983
 10
113.48007814692983
 20
360.08659445912474
 10
113.48007814692983
 20
361.0870176982166
 10
113.48007814692983
 20
363.0878416209772
 10
113.49500983706552
 20
364.08826486006905
 10
113.49500983706552
 20
366.07417964811714
 10
113.49500983706552
 20
367.07458033178585
 10
113.49500983706552
 20
369.0754268099696
 10
113.48007814692983
 20
370.0758274936383
 10
113.48007814692983
 20
372.06174228168635
 10
113.48007814692983
 20
373.06214296535506
 10
113.48007814692983
 20
375.0629894435388
 10
113.48007814692983
 20
376.0634126826307
 10
113.48007814692983
 20
378.04930491525556
 10
113.48007814692983
 20
379.04975070977065
 10
113.48007814692983
 20
381.050552077108
 10
113.48007814692983
 20
382.0509753161999
 10
113.46514645679412
 20
384.03684499340164
 10
113.46514645679412
 20
385.03731334333986
 10
113.46514645679412
 20
387.0381147106773
 10
113.46514645679412
 20
388.03853794976914
 10
113.46514645679412
 20
390.0244076269709
 10
113.46514645679412
 20
391.0248759769091
 10
113.46514645679412
 20
393.0257224550929
 10
113.46514645679412
 20
394.0261005833384
 10
113.46514645679412
 20
396.01201537138644
 10
113.46514645679412
 20
397.01243861047834
 10
113.45021476665842
 20
399.0132850886621
 10
113.45021476665842
 20
399.9987315267719
 10
113.45021476665842
 20
401.9995780049557
 10
113.45021476665842
 20
403.00000124404755
 10
113.45021476665842
 20
405.0008477222313
 10
113.45021476665842
 20
405.9863392711875
 10
113.45021476665842
 20
407.9871406385249
 10
113.45021476665842
 20
408.9875638776168
 10
113.45021476665842
 20
410.98841035580057
 10
113.43528307652272
 20
411.97390190475676
 10
113.43528307652272
 20
413.97470327209413
 10
113.43528307652272
 20
414.97512651118603
 10
113.43528307652272
 20
416.9759729893698
 10
113.43528307652272
 20
417.96146453832597
 10
113.43528307652272
 20
419.8278806944421
 10
113.43528307652272
 20
419.9622659056634
 10
113.40541969625133
 20
420.96268914475525
 10
113.36062462584422
 20
422.94860393280334
 10
113.33076124557283
 20
423.9490271718952
 10
113.28596617516573
 20
425.9498736500789
 10
113.28596617516573
 20
426.9502517783245
 10
113.28596617516573
 20
428.93616656637255
 10
113.28596617516573
 20
429.93658980546445
 10
113.28596617516573
 20
431.9374362836482
 10
113.28596617516573
 20
432.9378144118937
 10
113.28596617516573
 20
434.9237291999418
 10
113.28596617516573
 20
435.92415243903366
 10
113.28596617516573
 20
437.9249989172174
 10
113.28596617516573
 20
438.925377045463
 10
113.28596617516573
 20
440.91129183351103
 10
113.28596617516573
 20
441.9117150726029
 10
113.28596617516573
 20
443.9125615507867
 10
113.28596617516573
 20
444.9129396790322
 10
113.28596617516573
 20
446.89885446708024
 10
113.28596617516573
 20
447.89927770617214
 10
113.28596617516573
 20
449.9001241843559
 10
113.28596617516573
 20
450.9005474234478
 10
113.28596617516573
 20
452.8864171006495
 10
113.28596617516573
 20
453.88684033974135
 10
113.28596617516573
 20
455.8876868179251
 10
113.28596617516573
 20
456.8731783668813
 10
113.30089786530142
 20
458.87402484506504
 10
113.30089786530142
 20
459.8744029733106
 10
113.30089786530142
 20
461.87524945149437
 10
113.30089786530142
 20
462.86074100045056
 10
113.30089786530142
 20
464.8615874786343
 10
113.30089786530142
 20
465.86196560687983
 10
113.30089786530142
 20
467.8628120850636
 10
113.30089786530142
 20
468.84830363401977
 10
113.30089786530142
 20
469.22159588741226
 10
113.30089786530142
 20
470.8491501122035
 10
113.30089786530142
 20
471.84952824044905
 10
113.30089786530142
 20
473.85037471863285
 10
113.30089786530142
 20
474.835866267589
 10
113.30089786530142
 20
476.8367127457728
 10
113.30089786530142
 20
477.8370908740183
 10
113.30089786530142
 20
479.82300566206635
 10
113.30089786530142
 20
480.82342890115825
 10
113.30089786530142
 20
482.824275379342
 10
113.30089786530142
 20
483.8246986184339
 10
113.30089786530142
 20
485.81061340648193
 10
113.30089786530142
 20
486.81099153472746
 10
113.30089786530142
 20
487.24401054866274
 10
113.30089786530142
 20
488.8118380129112
 10
113.30089786530142
 20
489.8122612520031
 10
113.28596617516573
 20
491.79817604005115
 10
113.28596617516573
 20
492.79855416829673
 10
113.27103448503003
 20
494.7994006464805
 10
113.27103448503003
 20
495.7998238855723
 10
113.25610279489433
 20
497.7857386736204
 10
113.25610279489433
 20
498.78611680186594
 10
113.25610279489433
 20
500.7869632800497
 10
113.24117110475862
 20
501.7873865191416
 10
113.24117110475862
 20
503.7733013071896
 10
113.22623941462292
 20
504.77367943543516
 10
113.22623941462292
 20
504.8931329565208
 10
111.34486901294794
 20
504.86326957624937
 10
110.35937746399176
 20
504.84838299696
 10
108.35854226351958
 20
504.8185196166886
 10
107.35813030213929
 20
504.8035428157066
 10
105.37222679180282
 20
504.77367943543516
 10
104.37181483042252
 20
504.7587928561458
 10
102.84879371429274
 20
504.7289294758744
 10
102.37097962995036
 20
504.71395267489237
 10
101.37056766857006
 20
504.684089294621
 10
99.38466415823358
 20
504.6393393350602
 10
98.3842409191417
 20
504.6094759547888
 10
96.38340571866954
 20
504.5646357735354
 10
95.38299375728924
 20
504.5348175041103
 10
93.39709588580855
 20
504.4900224337032
 10
92.39667828557248
 20
504.4601590534318
 10
90.3958430851003
 20
504.4153639830247
 10
89.41035717499992
 20
504.3855006027533
 10
87.40952761338353
 20
504.3407055323462
 10
86.40911001314744
 20
504.3108421520748
 10
84.40827481267527
 20
504.2660470816677
 10
83.42278890257488
 20
504.2361837013963
 10
81.42195934095851
 20
504.1913886309892
 10
80.42154174072242
 20
504.16152525071783
 10
79.82427977415023
 20
504.1465935605821
 10
78.43563823038595
 20
504.1167301803107
 10
77.43522626900565
 20
504.10179849017504
 10
75.43439106853349
 20
504.0570034197679
 10
74.4339734682974
 20
504.02714003949654
 10
72.44807559681671
 20
503.9823449690894
 10
71.44765799658063
 20
503.9674132789537
 10
69.44682279610845
 20
503.9226182085466
 10
68.44640519587237
 20
503.9076865184109
 10
66.46050732439168
 20
503.9076865184109
 10
65.4600897241556
 20
503.8927548282752
 10
63.45925452368343
 20
503.8927548282752
 10
62.45883692344734
 20
503.8927548282752
 10
60.47293905196666
 20
503.87782313813955
 10
59.47252145173057
 20
503.87782313813955
 10
57.471686251258404
 20
503.86289144800384
 10
56.47127428987811
 20
503.86289144800384
 10
54.79893627239133
 20
503.86289144800384
 10
54.79893627239133
 20
504.17645694085354
 10
54.784004582255626
 20
505.1768801799454
 10
54.784004582255626
 20
507.1627498571471
 10
54.76907289211993
 20
508.163173096239
 10
54.75414120198423
 20
510.16401957442275
 10
54.75414120198423
 20
511.16444281351465
 10
54.73920951184853
 20
513.1503124907164
 10
54.72427782171283
 20
514.1507357298083
 10
54.70934613157713
 20
516.151582207992
 10
54.70934613157713
 20
517.1520054470839
 10
54.69441444144143
 20
519.1378751242856
 10
54.679482751305734
 20
520.1382983633774
 10
54.679482751305734
 20
522.1391448415612
 10
54.66455106117003
 20
523.1395680806531
 10
54.64961937103433
 20
525.1254377578548
 10
54.64961937103433
 20
526.1259061077931
 10
54.63468768089863
 20
528.1267074751305
 10
54.61975599076293
 20
529.1271307142223
 10
54.604824300627236
 20
531.1130455022704
 10
55.42606161923492
 20
531.2922257838987
 10
57.4119594907156
 20
531.2623624036274
 10
58.41237709095169
 20
531.2474307134917
 10
60.41321229142386
 20
531.2175673332202
 10
61.41362989165995
 20
531.2175673332202
 10
63.39952776314063
 20
531.1877039529489
 10
64.39994536337672
 20
531.1727722628132
 10
66.40078056384888
 20
531.1429088825417
 10
67.40119816408497
 20
531.1279771924061
 10
69.38709603556566
 20
531.1130455022704
 10
70.38751363580174
 20
531.0981138121347
 10
72.38834883627392
 20
531.0682504318632
 10
73.38876079765421
 20
531.0533187417276
 10
75.37466430799068
 20
531.0234553614562
 10
76.37508190822676
 20
531.0085236713205
 10
78.37591146984315
 20
530.9935919811847
 10
79.37632907007924
 20
530.9786602910491
 10
81.36223258041571
 20
530.9487969107777
 10
82.3626501806518
 20
530.933865220642
 10
84.36347974226817
 20
530.9040018403706
 10
85.36389734250426
 20
530.9040018403706
 10
87.34980085284073
 20
530.8741384600992
 10
88.35021845307682
 20
530.8592067699635
 10
90.3510480146932
 20
530.8293433896921
 10
91.35146561492928
 20
530.8144116995564
 10
92.79982828038057
 20
530.7994800094207
 10
93.33736912526575
 20
530.784548319285
 10
94.33778108664605
 20
530.7696166291493
 10
96.33862192597401
 20
530.7248215587422
 10
97.3390338873543
 20
530.7248215587422
 10
99.32493739769079
 20
530.739753248878
 10
100.32534935907108
 20
530.7546849390136
 10
102.20673103845765
 20
530.7696166291493
 10
102.20673103845765
 20
530.8890701502349
 10
102.20673103845765
 20
531.8894482784805
 10
102.23659441872906
 20
533.8902947566642
 10
102.25152610886475
 20
534.8907179957561
 10
102.26645779900045
 20
536.8766327838041
 10
102.28138948913615
 20
537.877056022896
 10
102.29632117927186
 20
539.6837454184694
 10
102.50536484117164
 20
539.6837454184694
 10
103.49084511241624
 20
539.6837454184694
 10
105.49168031288842
 20
539.7136087987408
 10
106.49209227426871
 20
539.7285404888764
 10
108.49292747474088
 20
539.7434721790121
 10
109.47841902369706
 20
539.7584038691479
 10
111.47924294645765
 20
539.7882672494193
 10
112.47966618554953
 20
539.7882672494193
 10
113.31582955543712
 20
539.8031989395549
 10
113.28596617516573
 20
540.9678707701395
 10
113.27103448503003
 20
541.9682940092314
 10
113.21130772448723
 20
543.9542087972794
 10
113.19637603435153
 20
544.9546320363713
 10
113.15158096394443
 20
546.9554334037088
 10
113.12171758367303
 20
547.9409249526649
 10
113.0769337909775
 20
549.9417714308487
 10
113.06200210084181
 20
550.9421946699406
 10
113.01720703043472
 20
552.9280643471423
 10
112.98734365016331
 20
553.9284875862342
 10
112.94254857975622
 20
555.929334064418
 10
112.92761688962051
 20
556.9297573035097
 10
112.88282181921342
 20
558.9156269807115
 10
112.85295843894201
 20
559.9160502198034
 10
112.82309505867062
 20
561.6481262755445
 10
112.55432463622803
 20
561.6481262755445
 10
111.55390139713614
 20
561.6182628952731
 10
109.56800916451125
 20
561.573467824866
 10
108.56758592541938
 20
561.5585361347304
 10
106.56675072494721
 20
561.5137410643232
 10
105.56633876356692
 20
561.4838776840519
 10
104.40496013765775
 20
561.457681024926
 10
103.80889633767897
 20
575.7856032660957
 10
102.75920357347854
 20
575.7419344181426
 10
102.75920357347854
 20
576.6543846402301
 10
102.74427188334285
 20
578.6552311184138
 10
102.74427188334285
 20
579.6406775565237
 10
102.72934019320714
 20
581.6415240347075
 10
102.72934019320714
 20
582.6419472737992
 10
102.71440850307144
 20
584.6278620618474
 10
102.71440850307144
 20
585.6282853009392
 10
102.69947681293574
 20
587.6290866682766
 10
102.69947681293574
 20
588.6295099073685
 10
102.68454512280005
 20
590.6154246954166
 10
102.68454512280005
 20
591.6158479345085
 10
102.66961343266435
 20
593.6166493018459
 10
102.65468174252864
 20
594.6170725409378
 10
102.65468174252864
 20
596.6029873289858
 10
102.63975005239294
 20
597.6034105680777
 10
102.63975005239294
 20
599.6042119354152
 10
102.62481836225724
 20
600.6046351745069
 10
102.62481836225724
 20
600.6643619350498
 10
104.55099511205091
 20
600.6195668646427
 10
105.5514070734312
 20
600.6046351745069
 10
107.55224227390339
 20
600.5598401040999
 10
108.53772254514799
 20
600.5299767238284
 10
110.53855774562015
 20
600.4851816534214
 10
111.53896970700045
 20
600.4553182731499
 10
112.64391477704223
 20
600.4403865830143
 10
113.53980490747261
 20
600.3955915126072
 10
114.52529645642879
 20
600.3507964422001
 10
116.5261203791894
 20
600.2612063013859
 10
117.52654361828127
 20
600.2164112309788
 10
119.51244712861774
 20
600.1268210901646
 10
120.51285908999803
 20
600.0820260197574
 10
121.16430302983122
 20
600.0526374044504
 10
120.43319655465774
 20
599.8445314416374
 10
122.49126180072881
 20
584.1055340278194
 10
122.69964726852605
 20
562.0760142365929
 10
120.94299672238806
 20
555.893086124788
 10
113.31318422791519
 20
551.4079591827149
 10
113.23782974249836
 20
547.7351448191396
 10
116.91094883692136
 20
539.164592671007
 10
115.55904488637458
 20
529.789102790278
 10
111.89722340932533
 20
526.1346021929971
 10
106.89915133577823
 20
524.7990922930211
 10
57.64549664947696
 20
524.8257572084108
 10
56.560858791836516
 20
523.5312948003408
 10
56.83907325516564
 20
508.85947488336774
 10
106.94321546090232
 20
508.5676168527784
 10
111.93891419784698
 20
507.22874665562887
 10
115.59753962960903
 20
503.5730607794642
 10
116.94042484593935
 20
498.57843981577867
 10
116.96809062446145
 20
434.279694639512
 10
113.35072816226904
 20
424.8636775699127
 10
113.79013917031445
 20
421.85387406234236
 10
118.7581980100276
 20
415.4515084048349
 10
118.1984295478869
 20
371.86986354046047
 10
122.529193224772
 20
364.4234925258401
 10
120.6326475720101
 20
348.92769017091786
 10
120.64724430121933
 20
324.4905126874808
 10
123.4430710400286
 20
307.26872986796576
 10
124.42497607618189
 20
278.1220750214408
 10
123.27228578655966
 20
272.9425243194222
 10
119.63196392380628
 20
269.0818900303279
 10
104.32419754983016
 20
267.2695101122688
 10
104.07662984502477
 20
264.38509658330946
 10
110.00412454606186
 20
263.97681874161145
 10
114.16516363415984
 20
262.12543988314394
 10
117.07363923715187
 20
258.62078303302866
 10
118.45592169110566
 20
245.95181575436064
 10
122.2216927172702
 20
242.796061719608
 10
124.29194776667005
 20
236.76575872247182
 10
124.41996000270467
 20
217.21899609072688
 10
123.20063203065294
 20
212.36632340358733
 10
119.78310188320872
 20
208.71178094204063
 10
107.52372178429586
 20
206.84178747446538
 10
106.29787050804605
 20
205.41699951795724
 10
106.71574850328237
 20
202.58975738043347
 10
117.44308760481023
 20
202.3220480361913
 10
122.42963152644552
 20
198.7279445744009
 10
124.37183968572546
 20
192.8960471608246
 10
125.3757654553884
 20
99.68282616159908
 10
124.48466611067097
 20
99.73940457607227
  0
LWPOLYLINE
  5
47A8
330
17
100
AcDbEntity
  8
GROUND
100
AcDbPolyline
 90
4
 70
1
 10
125.36562455096568
 20
96.69333978838955
 10
125.37169535216817
 20
96.89367622807218
 10
125.32347542585248
 20
93.8693935166519
 10
125.33576117069427
 20
94.69253842105212
  0
LWPOLYLINE
  5
47A9
330
17
100
AcDbEntity
  8
GROUND
100
AcDbPolyline
 90
14
 70
1
 10
125.23123933974438
 20
88.7049757874829
 10
125.26561026086416
 20
90.24017565095285
 10
125.23278958461334
 20
88.18171120800422
 10
125.06531404231006
 20
78.61831258959312
 10
125.06699074825168
 20
78.73065188768184
 10
125.08192243838738
 20
79.73107512677372
 10
125.11178581865877
 20
81.71698991482178
 10
125.12671750879448
 20
82.71741315391365
 10
125.17151257920158
 20
84.71821452125108
 10
125.18644426933727
 20
85.71863776034296
 10
125.21563421412822
 20
87.65976908894046
 10
125.21630764960791
 20
87.65975747798392
 10
125.21563440110015
 20
87.65978152257348
 10
125.21630764960868
 20
87.704552548391
  0
LWPOLYLINE
  5
47AA
330
17
100
AcDbEntity
  8
GROUND
100
AcDbPolyline
 90
32
 70
1
 10
123.6783548433432
 20
51.002683749072894
 10
123.6783548433432
 20
52.00310698816477
 10
123.6783548433432
 20
53.98902177621282
 10
123.6783548433432
 20
54.9894450153047
 10
123.6783548433432
 20
56.99024638264213
 10
123.66342315320749
 20
57.990669621734
 10
123.66342315320749
 20
59.976584409782056
 10
123.66342315320749
 20
60.977007648873936
 10
123.66342315320749
 20
62.97785412705769
 10
123.66342315320749
 20
63.97823225530324
 10
123.64849146307179
 20
65.96414704335129
 10
123.64849146307179
 20
66.96457028244318
 10
123.64849146307179
 20
68.96541676062692
 10
123.3349259702221
 20
69.78661460724408
 10
123.1258935860339
 20
69.98072657900818
 10
122.9168499241341
 20
70.23456531131507
 10
122.7376696425057
 20
70.53319911402906
 10
122.6331478115558
 20
70.84676460687875
 10
122.5584893608773
 20
71.17526178986414
 10
122.5435576707416
 20
71.50375897284954
 10
122.5584893608773
 20
71.54855404325663
 10
122.8421914734556
 20
72.48925052180572
 10
123.0064400649483
 20
72.72815756397691
 10
123.2453358294079
 20
72.98199629628381
 10
123.4991745617148
 20
73.1761082680479
 10
123.439447801172
 20
74.20639488741118
 10
124.35028089944969
 20
74.35571178876818
 10
124.4401230668401
 20
74.35989056762767
 10
123.66946016952073
 20
71.34046730208192
 10
124.98702457016205
 20
56.795634214221835
 10
123.68436972361071
 20
48.604900284079484
 10
123.6783548433432
 20
49.00188238173547
  0
LWPOLYLINE
  5
47AB
330
17
100
AcDbEntity
  8
GROUND
100
AcDbPolyline
 90
67
 70
1
 10
117.18311474516017
 20
21.692001566926105
 10
117.16818305502447
 20
22.692424806017982
 10
117.16818305502447
 20
23.409100821685236
 10
116.15283940350848
 20
24.185548708741617
 10
115.36145982631639
 20
24.782816314169605
 10
114.614886597243
 20
25.35022053932619
 10
113.55473659760833
 20
25.36515222946189
 10
112.55432463622803
 20
25.380083919597592
 10
110.55348943575585
 20
25.409947299868993
 10
109.55307747437556
 20
25.42487899000469
 10
107.56717396403909
 20
25.45474237027609
 10
107.49251551336059
 20
26.39543884882517
 10
107.4626521330892
 20
28.381353636873225
 10
107.44772044295348
 20
29.3817768759651
 10
107.41785706268209
 20
31.382578243302525
 10
107.40292537254639
 20
32.383001482394405
 10
107.3879936824107
 20
34.36891627044246
 10
107.37306199227498
 20
35.369339509534335
 10
107.34319861200359
 20
37.37014087687176
 10
107.3282669218679
 20
38.355632425827935
 10
107.29840354159649
 20
40.356478904011695
 10
107.28347185146079
 20
41.35690214310357
 10
107.28347185146079
 20
41.80485284717456
 10
107.26854016132509
 20
43.35770351044099
 10
107.2536084711894
 20
44.343195059397175
 10
107.22374509091799
 20
46.34404153758093
 10
107.20881340078229
 20
47.34446477667281
 10
107.1789500205109
 20
49.33037956472086
 10
107.1640183303752
 20
50.33075769296641
 10
107.13415495010379
 20
52.33160417115016
 10
107.1192232599681
 20
53.33202741024204
 10
107.0893598796967
 20
55.3179421982901
 10
107.07442818956099
 20
56.31836543738197
 10
107.0445648092896
 20
58.319166804719394
 10
107.0296331191539
 20
59.319590043811274
 10
106.99976973888249
 20
61.30550483185933
 10
107.67169579498898
 20
61.64893370498042
 10
109.65759930532546
 20
61.66386539511612
 10
110.65801126670576
 20
61.66386539511612
 10
112.65884646717792
 20
61.67879708525182
 10
113.65925842855822
 20
61.69372877538752
 10
115.64516193889469
 20
61.70866046552322
 10
116.64557390027498
 20
61.70866046552322
 10
117.24284150570297
 20
61.72359215565892
 10
117.25777319583867
 20
60.32001328290315
 10
117.27270488597436
 20
59.319590043811274
 10
117.30256826624577
 20
57.31874356562752
 10
117.31749995638147
 20
56.31836543738197
 10
117.34736333665286
 20
54.332450649333914
 10
117.36229502678857
 20
53.33202741024204
 10
117.39215840705997
 20
51.33118093205828
 10
117.40709009719566
 20
50.33075769296641
 10
117.43695347746707
 20
48.34488801576468
 10
117.45188516760277
 20
47.34446477667281
 10
117.48174854787416
 20
45.34361829848905
 10
117.48174854787416
 20
44.35812674953287
 10
117.49668023800986
 20
43.71606407369779
 10
117.51161192814557
 20
43.0740013978627
 10
117.68964287649996
 20
43.07771043431565
 10
107.45763782016954
 20
41.65839100857198
 10
107.44221173386423
 20
38.704133810894284
 10
111.21455012179466
 20
34.52032399574015
 10
116.13742259415538
 20
34.56729499057589
 10
121.28229718429253
 20
32.44745650588185
 10
124.06500744840451
 20
29.092268961924635
 10
125.3911424618769
 20
19.436392964868986
 10
117.19804643529586
 20
19.69115508874235
  0
INSERT
  5
47C0
330
17
100
AcDbEntity
  8
BUSH
100
AcDbBlockReference
  2
СПИРЕЯ_СЕРАЯ
 10
151.93275085818775
 20
31.443144523169273
 30
0.0
  0
INSERT
  5
47C2
330
17
100
AcDbEntity
  8
BUSH
100
AcDbBlockReference
  2
СПИРЕЯ_СЕРАЯ
 10
153.06412170808622
 20
32.574515373067754
 30
0.0
  0
INSERT
  5
47C4
330
17
100
AcDbEntity
  8
BUSH
100
AcDbBlockReference
  2
СПИРЕЯ_СЕРАЯ
 10
154.1954925579847
 20
33.70588622296623
 30
0.0
  0
INSERT
  5
47C6
330
17
100
AcDbEntity
  8
BUSH
100
AcDbBlockReference
  2
СПИРЕЯ_СЕРАЯ
 10
155.32686340788317
 20
34.8372570728647
 30
0.0
  0
INSERT
  5
47C8
330
17
100
AcDbEntity
  8
BUSH
100
AcDbBlockReference
  2
СПИРЕЯ_СЕРАЯ
 10
156.45823425778164
 20
35.968627922763176
 30
0.0
  0
INSERT
  5
47CA
330
17
100
AcDbEntity
  8
BUSH
100
AcDbBlockReference
  2
МИСКАНТУС_КИТАЙСКИЙ
 10
157.58960510768011
 20
37.09999877266166
 30
0.0
  0
INSERT
  5
47CC
330
17
100
AcDbEntity
  8
BUSH
100
AcDbBlockReference
  2
МИСКАНТУС_КИТАЙСКИЙ
 10
118.55047227663388
 20
26.3451371890773
 30
0.0
  0
INSERT
  5
47CE
330
17
100
AcDbEntity
  8
BUSH
100
AcDbBlockReference
  2
МИСКАНТУС_КИТАЙСКИЙ
 10
119.68184312653236
 20
27.476508038975776
 30
0.0
  0
INSERT
  5
47D0
330
17
100
AcDbEntity
  8
BUSH
100
AcDbBlockReference
  2
МИСКАНТУС_КИТАЙСКИЙ
 10
121.94458482632932
 20
29.739249738772727
 30
0.0
  0
INSERT
  5
47D2
330
17
100
AcDbEntity
  8
TREE
100
AcDbBlockReference
  2
BEREZA
 10
121.23747804514277
 20
29.03214295758618
 30
0.0
  0
INSERT
  5
47D4
330
17
100
AcDbEntity
  8
BUSH
100
AcDbBlockReference
  2
ДЕРЕН_FLAVIRAMEA
 10
108.57905093749721
 20
30.515851473671614
 30
0.0
  0
INSERT
  5
47D6
330
17
100
AcDbEntity
  8
BUSH
100
AcDbBlockReference
  2
ДЕРЕН_FLAVIRAMEA
 10
109.71042178739569
 20
31.647222323570087
 30
0.0
  0
INSERT
  5
47D8
330
17
100
AcDbEntity
  8
BUSH
100
AcDbBlockReference
  2
ДЕРЕН_FLAVIRAMEA
 10
110.84179263729416
 20
32.778593173468565
 30
0.0
  0
INSERT
  5
47DA
330
17
100
AcDbEntity
  8
BUSH
100
AcDbBlockReference
  2
ДЕРЕН_FLAVIRAMEA
 10
111.97316348719265
 20
33.90996402336704
 30
0.0
  0
INSERT
  5
47DC
330
17
100
AcDbEntity
  8
BUSH
100
AcDbBlockReference
  2
ДЕРЕН_SIBIRICA
 10
108.40000841582818
 20
44.47894457573353
 30
0.0
  0
INSERT
  5
47DE
330
17
100
AcDbEntity
  8
BUSH
100
AcDbBlockReference
  2
ДЕРЕН_SIBIRICA
 10
109.53137926572666
 20
45.61031542563201
 30
0.0
  0
INSERT
  5
47E0
330
17
100
AcDbEntity
  8
BUSH
100
AcDbBlockReference
  2
ДЕРЕН_SIBIRICA
 10
110.66275011562514
 20
46.74168627553048
 30
0.0
  0
INSERT
  5
47E2
330
17
100
AcDbEntity
  8
BUSH
100
AcDbBlockReference
  2
ДЕРЕН_SIBIRICA
 10
111.79412096552362
 20
47.87305712542896
 30
0.0
  0
INSERT
  5
47E4
330
17
100
AcDbEntity
  8
BUSH
100
AcDbBlockReference
  2
СПИРЕЯ_СЕРАЯ
 10
112.92549181542209
 20
49.00442797532744
 30
0.0
  0
INSERT
  5
47E6
330
17
100
AcDbEntity
  8
BUSH
100
AcDbBlockReference
  2
СПИРЕЯ_СЕРАЯ
 10
114.05686266532057
 20
50.13579882522591
 30
0.0
  0
INSERT
  5
47E8
330
17
100
AcDbEntity
  8
BUSH
100
AcDbBlockReference
  2
СПИРЕЯ_СЕРАЯ
 10
115.18823351521904
 20
51.267169675124386
 30
0.0
  0
INSERT
  5
47EA
330
17
100
AcDbEntity
  8
BUSH
100
AcDbBlockReference
  2
СПИРЕЯ_СЕРАЯ
 10
116.31960436511751
 20
52.39854052502287
 30
0.0
  0
INSERT
  5
47EC
330
17
100
AcDbEntity
  8
BUSH
100
AcDbBlockReference
  2
СПИРЕЯ_СЕРАЯ
 10
194.99811181797892
 20
131.07704797788426
 30
0.0
  0
INSERT
  5
47EE
330
17
100
AcDbEntity
  8
BUSH
100
AcDbBlockReference
  2
МИСКАНТУС_КИТАЙСКИЙ
 10
196.1294826678774
 20
132.20841882778274
 30
0.0
  0
INSERT
  5
47F0
330
17
100
AcDbEntity
  8
BUSH
100
AcDbBlockReference
  2
МИСКАНТУС_КИТАЙСКИЙ
 10
197.2608535177759
 20
133.3397896776812
 30
0.0
  0
INSERT
  5
47F2
330
17
100
AcDbEntity
  8
BUSH
100
AcDbBlockReference
  2
МИСКАНТУС_КИТАЙСКИЙ
 10
198.39222436767437
 20
134.4711605275797
 30
0.0
  0
INSERT
  5
47F4
330
17
100
AcDbEntity
  8
BUSH
100
AcDbBlockReference
  2
МИСКАНТУС_КИТАЙСКИЙ
 10
108.19142909471417
 20
58.41250087835043
 30
0.0
  0
INSERT
  5
47F6
330
17
100
AcDbEntity
  8
BUSH
100
AcDbBlockReference
  2
ДЕРЕН_FLAVIRAMEA
 10
109.32279994461264
 20
59.5438717282489
 30
0.0
  0
INSERT
  5
47F8
330
17
100
AcDbEntity
  8
BUSH
100
AcDbBlockReference
  2
ДЕРЕН_FLAVIRAMEA
 10
110.45417079451113
 20
60.67524257814738
 30
0.0
  0
INSERT
  5
47FA
330
17
100
AcDbEntity
  8
BUSH
100
AcDbBlockReference
  2
ДЕРЕН_FLAVIRAMEA
 10
187.55958619093786
 20
137.7806579745741
 30
0.0
  0
INSERT
  5
47FC
330
17
100
AcDbEntity
  8
BUSH
100
AcDbBlockReference
  2
ДЕРЕН_FLAVIRAMEA
 10
167.68593786703602
 20
132.04914527440323
 30
0.0
  0
INSERT
  5
47FE
330
17
100
AcDbEntity
  8
BUSH
100
AcDbBlockReference
  2
ДЕРЕН_SIBIRICA
 10
168.81730871693452
 20
133.18051612430173
 30
0.0
  0
INSERT
  5
4800
330
17
100
AcDbEntity
  8
BUSH
100
AcDbBlockReference
  2
ДЕРЕН_SIBIRICA
 10
169.948679566833
 20
134.3118869742002
 30
0.0
  0
INSERT
  5
4802
330
17
100
AcDbEntity
  8
BUSH
100
AcDbBlockReference
  2
ДЕРЕН_SIBIRICA
 10
171.08005041673147
 20
135.44325782409868
 30
0.0
  0
INSERT
  5
4804
330
17
100
AcDbEntity
  8
BUSH
100
AcDbBlockReference
  2
ДЕРЕН_SIBIRICA
 10
172.21142126662994
 20
136.57462867399715
 30
0.0
  0
INSERT
  5
4806
330
17
100
AcDbEntity
  8
BUSH
100
AcDbBlockReference
  2
СПИРЕЯ_СЕРАЯ
 10
173.34279211652841
 20
137.70599952389563
 30
0.0
  0
INSERT
  5
4808
330
17
100
AcDbEntity
  8
BUSH
100
AcDbBlockReference
  2
СПИРЕЯ_СЕРАЯ
 10
125.01876935514146
 20
117.6662480099706
 30
0.0
  0
INSERT
  5
480A
330
17
100
AcDbEntity
  8
BUSH
100
AcDbBlockReference
  2
СПИРЕЯ_СЕРАЯ
 10
139.72659040382166
 20
132.3740690586508
 30
0.0
  0
INSERT
  5
480C
330
17
100
AcDbEntity
  8
BUSH
100
AcDbBlockReference
  2
СПИРЕЯ_СЕРАЯ
 10
140.85796125372013
 20
133.50543990854928
 30
0.0
  0
INSERT
  5
480E
330
17
100
AcDbEntity
  8
BUSH
100
AcDbBlockReference
  2
СПИРЕЯ_СЕРАЯ
 10
141.9893321036186
 20
134.63681075844775
 30
0.0
  0
INSERT
  5
4810
330
17
100
AcDbEntity
  8
BUSH
100
AcDbBlockReference
  2
МИСКАНТУС_КИТАЙСКИЙ
 10
148.77755720300945
 20
141.4250358578386
 30
0.0
  0
INSERT
  5
4812
330
17
100
AcDbEntity
  8
BUSH
100
AcDbBlockReference
  2
МИСКАНТУС_КИТАЙСКИЙ
 10
149.90892805290792
 20
142.5564067077371
 30
0.0
  0
INSERT
  5
4814
330
17
100
AcDbEntity
  8
BUSH
100
AcDbBlockReference
  2
МИСКАНТУС_КИТАЙСКИЙ
 10
151.0402989028064
 20
143.68777755763557
 30
0.0
  0
INSERT
  5
4816
330
17
100
AcDbEntity
  8
BUSH
100
AcDbBlockReference
  2
МИСКАНТУС_КИТАЙСКИЙ
 10
120.74397131211795
 20
127.533585590678
 30
0.0
  0
INSERT
  5
4818
330
17
100
AcDbEntity
  8
BUSH
100
AcDbBlockReference
  2
ДЕРЕН_FLAVIRAMEA
 10
121.87534216201644
 20
128.66495644057647
 30
0.0
  0
INSERT
  5
481A
330
17
100
AcDbEntity
  8
BUSH
100
AcDbBlockReference
  2
ДЕРЕН_FLAVIRAMEA
 10
123.00671301191491
 20
129.79632729047495
 30
0.0
  0
INSERT
  5
481C
330
17
100
AcDbEntity
  8
BUSH
100
AcDbBlockReference
  2
ДЕРЕН_FLAVIRAMEA
 10
124.13808386181339
 20
130.92769814037342
 30
0.0
  0
INSERT
  5
481E
330
17
100
AcDbEntity
  8
BUSH
100
AcDbBlockReference
  2
ДЕРЕН_FLAVIRAMEA
 10
139.97727576039205
 20
146.76689003895208
 30
0.0
  0
INSERT
  5
4820
330
17
100
AcDbEntity
  8
BUSH
100
AcDbBlockReference
  2
ДЕРЕН_SIBIRICA
 10
141.10864661029052
 20
147.89826088885056
 30
0.0
  0
INSERT
  5
4822
330
17
100
AcDbEntity
  8
BUSH
100
AcDbBlockReference
  2
ДЕРЕН_SIBIRICA
 10
142.240017460189
 20
149.02963173874906
 30
0.0
  0
INSERT
  5
4824
330
17
100
AcDbEntity
  8
BUSH
100
AcDbBlockReference
  2
ДЕРЕН_SIBIRICA
 10
143.37138831008747
 20
150.16100258864753
 30
0.0
  0
INSERT
  5
4826
330
17
100
AcDbEntity
  8
BUSH
100
AcDbBlockReference
  2
ДЕРЕН_SIBIRICA
 10
145.63413000988444
 20
152.42374428844448
 30
0.0
  0
INSERT
  5
4828
330
17
100
AcDbEntity
  8
BUSH
100
AcDbBlockReference
  2
СПИРЕЯ_СЕРАЯ
 10
146.76550085978292
 20
153.55511513834296
 30
0.0
  0
INSERT
  5
482A
330
17
100
AcDbEntity
  8
BUSH
100
AcDbBlockReference
  2
СПИРЕЯ_СЕРАЯ
 10
149.02824255957987
 20
155.8178568381399
 30
0.0
  0
INSERT
  5
482C
330
17
100
AcDbEntity
  8
BUSH
100
AcDbBlockReference
  2
СПИРЕЯ_СЕРАЯ
 10
150.15961340947834
 20
156.94922768803838
 30
0.0
  0
INSERT
  5
482E
330
17
100
AcDbEntity
  8
BUSH
100
AcDbBlockReference
  2
СПИРЕЯ_СЕРАЯ
 10
151.2909842593768
 20
158.08059853793685
 30
0.0
  0
INSERT
  5
4830
330
17
100
AcDbEntity
  8
BUSH
100
AcDbBlockReference
  2
СПИРЕЯ_СЕРАЯ
 10
152.4223551092753
 20
159.21196938783532
 30
0.0
  0
INSERT
  5
4832
330
17
100
AcDbEntity
  8
BUSH
100
AcDbBlockReference
  2
МИСКАНТУС_КИТАЙСКИЙ
 10
154.68509680907223
 20
161.47471108763227
 30
0.0
  0
INSERT
  5
4834
330
17
100
AcDbEntity
  8
BUSH
100
AcDbBlockReference
  2
МИСКАНТУС_КИТАЙСКИЙ
 10
107.38456735970757
 20
128.3163172619986
 30
0.0
  0
INSERT
  5
4836
330
17
100
AcDbEntity
  8
BUSH
100
AcDbBlockReference
  2
МИСКАНТУС_КИТАЙСКИЙ
 10
117.56690500879387
 20
138.49865491108486
 30
0.0
  0
INSERT
  5
4838
330
17
100
AcDbEntity
  8
BUSH
100
AcDbBlockReference
  2
МИСКАНТУС_КИТАЙСКИЙ
 10
118.69827585869234
 20
139.63002576098333
 30
0.0
  0
INSERT
  5
483A
330
17
100
AcDbEntity
  8
BUSH
100
AcDbBlockReference
  2
ДЕРЕН_FLAVIRAMEA
 10
119.82964670859081
 20
140.7613966108818
 30
0.0
  0
INSERT
  5
483C
330
17
100
AcDbEntity
  8
BUSH
100
AcDbBlockReference
  2
ДЕРЕН_FLAVIRAMEA
 10
120.96101755848929
 20
141.89276746078028
 30
0.0
  0
INSERT
  5
483E
330
17
100
AcDbEntity
  8
BUSH
100
AcDbBlockReference
  2
ДЕРЕН_FLAVIRAMEA
 10
122.09238840838776
 20
143.02413831067878
 30
0.0
  0
INSERT
  5
4840
330
17
100
AcDbEntity
  8
BUSH
100
AcDbBlockReference
  2
ДЕРЕН_FLAVIRAMEA
 10
123.22375925828624
 20
144.15550916057725
 30
0.0
  0
INSERT
  5
4842
330
17
100
AcDbEntity
  8
BUSH
100
AcDbBlockReference
  2
ДЕРЕН_SIBIRICA
 10
156.03351390534206
 20
176.96526380763305
 30
0.0
  0
INSERT
  5
4844
330
17
100
AcDbEntity
  8
BUSH
100
AcDbBlockReference
  2
ДЕРЕН_SIBIRICA
 10
157.16488475524054
 20
178.09663465753152
 30
0.0
  0
INSERT
  5
4846
330
17
100
AcDbEntity
  8
BUSH
100
AcDbBlockReference
  2
ДЕРЕН_SIBIRICA
 10
107.34926069118755
 20
142.42314621720956
 30
0.0
  0
INSERT
  5
4848
330
17
100
AcDbEntity
  8
BUSH
100
AcDbBlockReference
  2
ДЕРЕН_SIBIRICA
 10
108.48063154108603
 20
143.55451706710804
 30
0.0
  0
INSERT
  5
484A
330
17
100
AcDbEntity
  8
BUSH
100
AcDbBlockReference
  2
СПИРЕЯ_СЕРАЯ
 10
109.61200239098451
 20
144.6858879170065
 30
0.0
  0
INSERT
  5
484C
330
17
100
AcDbEntity
  8
BUSH
100
AcDbBlockReference
  2
СПИРЕЯ_СЕРАЯ
 10
110.74337324088299
 20
145.81725876690498
 30
0.0
  0
INSERT
  5
484E
330
17
100
AcDbEntity
  8
BUSH
100
AcDbBlockReference
  2
СПИРЕЯ_СЕРАЯ
 10
111.87474409078146
 20
146.94862961680346
 30
0.0
  0
INSERT
  5
4850
330
17
100
AcDbEntity
  8
BUSH
100
AcDbBlockReference
  2
СПИРЕЯ_СЕРАЯ
 10
113.00611494067994
 20
148.08000046670193
 30
0.0
  0
INSERT
  5
4852
330
17
100
AcDbEntity
  8
BUSH
100
AcDbBlockReference
  2
СПИРЕЯ_СЕРАЯ
 10
114.13748579057841
 20
149.21137131660043
 30
0.0
  0
INSERT
  5
4854
330
17
100
AcDbEntity
  8
BUSH
100
AcDbBlockReference
  2
МИСКАНТУС_КИТАЙСКИЙ
 10
119.7943400400708
 20
154.8682255660928
 30
0.0
  0
INSERT
  5
4856
330
17
100
AcDbEntity
  8
BUSH
100
AcDbBlockReference
  2
МИСКАНТУС_КИТАЙСКИЙ
 10
120.92571088996927
 20
155.99959641599128
 30
0.0
  0
INSERT
  5
4858
330
17
100
AcDbEntity
  8
BUSH
100
AcDbBlockReference
  2
МИСКАНТУС_КИТАЙСКИЙ
 10
122.05708173986775
 20
157.13096726588975
 30
0.0
  0
INSERT
  5
485A
330
17
100
AcDbEntity
  8
BUSH
100
AcDbBlockReference
  2
МИСКАНТУС_КИТАЙСКИЙ
 10
123.18845258976623
 20
158.26233811578822
 30
0.0
  0
INSERT
  5
485C
330
17
100
AcDbEntity
  8
BUSH
100
AcDbBlockReference
  2
ДЕРЕН_FLAVIRAMEA
 10
124.3198234396647
 20
159.3937089656867
 30
0.0
  0
INSERT
  5
485E
330
17
100
AcDbEntity
  8
TREE
100
AcDbBlockReference
  2
BEREZA
 10
111.16763730959491
 20
146.24152283561693
 30
0.0
  0
INSERT
  5
4860
330
17
100
AcDbEntity
  8
TREE
100
AcDbBlockReference
  2
BEREZA
 10
121.06713224620658
 20
156.1410177722286
 30
0.0
  0
INSERT
  5
4862
330
17
100
AcDbEntity
  8
BUSH
100
AcDbBlockReference
  2
ДЕРЕН_FLAVIRAMEA
 10
166.60579123043718
 20
215.82181238019015
 30
0.0
  0
INSERT
  5
4864
330
17
100
AcDbEntity
  8
BUSH
100
AcDbBlockReference
  2
ДЕРЕН_FLAVIRAMEA
 10
168.86853293023415
 20
218.0845540799871
 30
0.0
  0
INSERT
  5
4866
330
17
100
AcDbEntity
  8
BUSH
100
AcDbBlockReference
  2
ДЕРЕН_FLAVIRAMEA
 10
107.28004552875767
 20
170.63820230224152
 30
0.0
  0
INSERT
  5
4868
330
17
100
AcDbEntity
  8
BUSH
100
AcDbBlockReference
  2
ДЕРЕН_SIBIRICA
 10
108.41141637865614
 20
171.76957315214
 30
0.0
  0
INSERT
  5
486A
330
17
100
AcDbEntity
  8
BUSH
100
AcDbBlockReference
  2
ДЕРЕН_SIBIRICA
 10
111.80552892835158
 20
175.16368570183542
 30
0.0
  0
INSERT
  5
486C
330
17
100
AcDbEntity
  8
BUSH
100
AcDbBlockReference
  2
ДЕРЕН_SIBIRICA
 10
112.93689977825005
 20
176.2950565517339
 30
0.0
  0
INSERT
  5
486E
330
17
100
AcDbEntity
  8
BUSH
100
AcDbBlockReference
  2
ДЕРЕН_SIBIRICA
 10
114.06827062814853
 20
177.4264274016324
 30
0.0
  0
INSERT
  5
4870
330
17
100
AcDbEntity
  8
BUSH
100
AcDbBlockReference
  2
СПИРЕЯ_СЕРАЯ
 10
123.11923742733633
 20
186.47739420082019
 30
0.0
  0
INSERT
  5
4872
330
17
100
AcDbEntity
  8
BUSH
100
AcDbBlockReference
  2
СПИРЕЯ_СЕРАЯ
 10
124.25060827723482
 20
187.60876505071866
 30
0.0
  0
INSERT
  5
4874
330
17
100
AcDbEntity
  8
BUSH
100
AcDbBlockReference
  2
СПИРЕЯ_СЕРАЯ
 10
111.77566554808018
 20
189.27595794529498
 30
0.0
  0
INSERT
  5
4876
330
17
100
AcDbEntity
  8
BUSH
100
AcDbBlockReference
  2
СПИРЕЯ_СЕРАЯ
 10
112.90703639797866
 20
190.40732879519345
 30
0.0
  0
INSERT
  5
4878
330
17
100
AcDbEntity
  8
BUSH
100
AcDbBlockReference
  2
СПИРЕЯ_СЕРАЯ
 10
114.03840724787713
 20
191.53869964509195
 30
0.0
  0
INSERT
  5
487A
330
17
100
AcDbEntity
  8
BUSH
100
AcDbBlockReference
  2
МИСКАНТУС_КИТАЙСКИЙ
 10
107.22031876821488
 20
198.8627467891607
 30
0.0
  0
INSERT
  5
487C
330
17
100
AcDbEntity
  8
BUSH
100
AcDbBlockReference
  2
МИСКАНТУС_КИТАЙСКИЙ
 10
108.35168961811335
 20
199.99411763905917
 30
0.0
  0
INSERT
  5
487E
330
17
100
AcDbEntity
  8
BUSH
100
AcDbBlockReference
  2
МИСКАНТУС_КИТАЙСКИЙ
 10
109.48306046801184
 20
201.12548848895764
 30
0.0
  0
INSERT
  5
4880
330
17
100
AcDbEntity
  8
BUSH
100
AcDbBlockReference
  2
МИСКАНТУС_КИТАЙСКИЙ
 10
110.61443131791032
 20
202.25685933885612
 30
0.0
  0
INSERT
  5
4882
330
17
100
AcDbEntity
  8
BUSH
100
AcDbBlockReference
  2
ДЕРЕН_FLAVIRAMEA
 10
117.40265641730117
 20
209.045084438247
 30
0.0
  0
INSERT
  5
4884
330
17
100
AcDbEntity
  8
BUSH
100
AcDbBlockReference
  2
ДЕРЕН_FLAVIRAMEA
 10
118.53402726719965
 20
210.17645528814546
 30
0.0
  0
INSERT
  5
4886
330
17
100
AcDbEntity
  8
BUSH
100
AcDbBlockReference
  2
ДЕРЕН_FLAVIRAMEA
 10
119.66539811709812
 20
211.30782613804394
 30
0.0
  0
INSERT
  5
4888
330
17
100
AcDbEntity
  8
BUSH
100
AcDbBlockReference
  2
ДЕРЕН_FLAVIRAMEA
 10
120.7967689669966
 20
212.4391969879424
 30
0.0
  0
INSERT
  5
488A
330
17
100
AcDbEntity
  8
BUSH
100
AcDbBlockReference
  2
ДЕРЕН_SIBIRICA
 10
121.92813981689507
 20
213.57056783784088
 30
0.0
  0
INSERT
  5
488C
330
17
100
AcDbEntity
  8
BUSH
100
AcDbBlockReference
  2
ДЕРЕН_SIBIRICA
 10
123.05951066679356
 20
214.70193868773936
 30
0.0
  0
INSERT
  5
488E
330
17
100
AcDbEntity
  8
BUSH
100
AcDbBlockReference
  2
ДЕРЕН_SIBIRICA
 10
161.52611956334175
 20
253.16854758428755
 30
0.0
  0
INSERT
  5
4890
330
17
100
AcDbEntity
  8
BUSH
100
AcDbBlockReference
  2
ДЕРЕН_SIBIRICA
 10
162.65749041324023
 20
254.29991843418603
 30
0.0
  0
INSERT
  5
4892
330
17
100
AcDbEntity
  8
BUSH
100
AcDbBlockReference
  2
СПИРЕЯ_СЕРАЯ
 10
163.7888612631387
 20
255.4312892840845
 30
0.0
  0
INSERT
  5
4894
330
17
100
AcDbEntity
  8
BUSH
100
AcDbBlockReference
  2
СПИРЕЯ_СЕРАЯ
 10
164.92023211303717
 20
256.562660133983
 30
0.0
  0
INSERT
  5
4896
330
17
100
AcDbEntity
  8
BUSH
100
AcDbBlockReference
  2
СПИРЕЯ_СЕРАЯ
 10
107.15403565978568
 20
212.93859930446243
 30
0.0
  0
INSERT
  5
4898
330
17
100
AcDbEntity
  8
BUSH
100
AcDbBlockReference
  2
СПИРЕЯ_СЕРАЯ
 10
108.28540650968415
 20
214.0699701543609
 30
0.0
  0
INSERT
  5
489A
330
17
100
AcDbEntity
  8
BUSH
100
AcDbBlockReference
  2
СПИРЕЯ_СЕРАЯ
 10
109.41677735958262
 20
215.20134100425938
 30
0.0
  0
INSERT
  5
489C
330
17
100
AcDbEntity
  8
BUSH
100
AcDbBlockReference
  2
МИСКАНТУС_КИТАЙСКИЙ
 10
110.54814820948111
 20
216.33271185415785
 30
0.0
  0
INSERT
  5
489E
330
17
100
AcDbEntity
  8
BUSH
100
AcDbBlockReference
  2
МИСКАНТУС_КИТАЙСКИЙ
 10
111.67951905937959
 20
217.46408270405632
 30
0.0
  0
INSERT
  5
48A0
330
17
100
AcDbEntity
  8
BUSH
100
AcDbBlockReference
  2
МИСКАНТУС_КИТАЙСКИЙ
 10
112.81088990927806
 20
218.59545355395483
 30
0.0
  0
INSERT
  5
48A2
330
17
100
AcDbEntity
  8
BUSH
100
AcDbBlockReference
  2
МИСКАНТУС_КИТАЙСКИЙ
 10
113.94226075917653
 20
219.7268244038533
 30
0.0
  0
INSERT
  5
48A4
330
17
100
AcDbEntity
  8
BUSH
100
AcDbBlockReference
  2
ДЕРЕН_FLAVIRAMEA
 10
116.2050024589735
 20
221.98956610365025
 30
0.0
  0
INSERT
  5
48A6
330
17
100
AcDbEntity
  8
BUSH
100
AcDbBlockReference
  2
ДЕРЕН_FLAVIRAMEA
 10
117.33637330887197
 20
223.12093695354872
 30
0.0
  0
INSERT
  5
48A8
330
17
100
AcDbEntity
  8
BUSH
100
AcDbBlockReference
  2
ДЕРЕН_FLAVIRAMEA
 10
118.46774415877044
 20
224.2523078034472
 30
0.0
  0
INSERT
  5
48AA
330
17
100
AcDbEntity
  8
BUSH
100
AcDbBlockReference
  2
ДЕРЕН_FLAVIRAMEA
 10
119.59911500866892
 20
225.38367865334567
 30
0.0
  0
INSERT
  5
48AC
330
17
100
AcDbEntity
  8
BUSH
100
AcDbBlockReference
  2
ДЕРЕН_SIBIRICA
 10
120.73048585856739
 20
226.51504950324414
 30
0.0
  0
INSERT
  5
48AE
330
17
100
AcDbEntity
  8
BUSH
100
AcDbBlockReference
  2
ДЕРЕН_SIBIRICA
 10
121.86185670846587
 20
227.64642035314262
 30
0.0
  0
INSERT
  5
48B0
330
17
100
AcDbEntity
  8
BUSH
100
AcDbBlockReference
  2
ДЕРЕН_SIBIRICA
 10
122.99322755836434
 20
228.7777912030411
 30
0.0
  0
INSERT
  5
48B2
330
17
100
AcDbEntity
  8
BUSH
100
AcDbBlockReference
  2
ДЕРЕН_SIBIRICA
 10
124.12459840826283
 20
229.90916205293956
 30
0.0
  0
INSERT
  5
48B4
330
17
100
AcDbEntity
  8
BUSH
100
AcDbBlockReference
  2
СПИРЕЯ_СЕРАЯ
 10
151.27749880582624
 20
257.062062450503
 30
0.0
  0
INSERT
  5
48B6
330
17
100
AcDbEntity
  8
BUSH
100
AcDbBlockReference
  2
СПИРЕЯ_СЕРАЯ
 10
152.40886965572474
 20
258.19343330040147
 30
0.0
  0
INSERT
  5
48B8
330
17
100
AcDbEntity
  8
BUSH
100
AcDbBlockReference
  2
СПИРЕЯ_СЕРАЯ
 10
107.02620679645078
 20
226.95290606485844
 30
0.0
  0
INSERT
  5
48BA
330
17
100
AcDbEntity
  8
BUSH
100
AcDbBlockReference
  2
СПИРЕЯ_СЕРАЯ
 10
108.15757764634925
 20
228.0842769147569
 30
0.0
  0
INSERT
  5
48BC
330
17
100
AcDbEntity
  8
BUSH
100
AcDbBlockReference
  2
СПИРЕЯ_СЕРАЯ
 10
109.28894849624774
 20
229.2156477646554
 30
0.0
  0
INSERT
  5
48BE
330
17
100
AcDbEntity
  8
BUSH
100
AcDbBlockReference
  2
МИСКАНТУС_КИТАЙСКИЙ
 10
110.42031934614621
 20
230.34701861455386
 30
0.0
  0
INSERT
  5
48C0
330
17
100
AcDbEntity
  8
BUSH
100
AcDbBlockReference
  2
МИСКАНТУС_КИТАЙСКИЙ
 10
111.55169019604469
 20
231.47838946445233
 30
0.0
  0
INSERT
  5
48C2
330
17
100
AcDbEntity
  8
BUSH
100
AcDbBlockReference
  2
МИСКАНТУС_КИТАЙСКИЙ
 10
112.68306104594316
 20
232.60976031435084
 30
0.0
  0
INSERT
  5
48C4
330
17
100
AcDbEntity
  8
BUSH
100
AcDbBlockReference
  2
МИСКАНТУС_КИТАЙСКИЙ
 10
113.81443189584164
 20
233.7411311642493
 30
0.0
  0
INSERT
  5
48C6
330
17
100
AcDbEntity
  8
BUSH
100
AcDbBlockReference
  2
ДЕРЕН_FLAVIRAMEA
 10
116.07717359563858
 20
236.00387286404626
 30
0.0
  0
INSERT
  5
48C8
330
17
100
AcDbEntity
  8
BUSH
100
AcDbBlockReference
  2
ДЕРЕН_FLAVIRAMEA
 10
117.20854444553707
 20
237.13524371394473
 30
0.0
  0
INSERT
  5
48CA
330
17
100
AcDbEntity
  8
BUSH
100
AcDbBlockReference
  2
ДЕРЕН_FLAVIRAMEA
 10
118.33991529543555
 20
238.2666145638432
 30
0.0
  0
INSERT
  5
48CC
330
17
100
AcDbEntity
  8
BUSH
100
AcDbBlockReference
  2
ДЕРЕН_FLAVIRAMEA
 10
119.47128614533402
 20
239.39798541374168
 30
0.0
  0
INSERT
  5
48CE
330
17
100
AcDbEntity
  8
BUSH
100
AcDbBlockReference
  2
ДЕРЕН_SIBIRICA
 10
120.6026569952325
 20
240.52935626364015
 30
0.0
  0
INSERT
  5
48D0
330
17
100
AcDbEntity
  8
BUSH
100
AcDbBlockReference
  2
ДЕРЕН_SIBIRICA
 10
121.73402784513097
 20
241.66072711353863
 30
0.0
  0
INSERT
  5
48D2
330
17
100
AcDbEntity
  8
BUSH
100
AcDbBlockReference
  2
ДЕРЕН_SIBIRICA
 10
153.4124116422883
 20
273.339110910696
 30
0.0
  0
INSERT
  5
48D4
330
17
100
AcDbEntity
  8
BUSH
100
AcDbBlockReference
  2
ДЕРЕН_SIBIRICA
 10
154.54378249218678
 20
274.47048176059445
 30
0.0
  0
INSERT
  5
48D6
330
17
100
AcDbEntity
  8
BUSH
100
AcDbBlockReference
  2
СПИРЕЯ_СЕРАЯ
 10
155.67515334208525
 20
275.6018526104929
 30
0.0
  0
INSERT
  5
48D8
330
17
100
AcDbEntity
  8
TREE
100
AcDbBlockReference
  2
BEREZA
 10
110.84458341485814
 20
230.7712826832658
 30
0.0
  0
INSERT
  5
48DA
330
17
100
AcDbEntity
  8
TREE
100
AcDbBlockReference
  2
BEREZA
 10
120.7440783514698
 20
240.67077761987747
 30
0.0
  0
INSERT
  5
48DC
330
17
100
AcDbEntity
  8
BUSH
100
AcDbBlockReference
  2
СПИРЕЯ_СЕРАЯ
 10
106.99634341617939
 20
241.065178308318
 30
0.0
  0
INSERT
  5
48DE
330
17
100
AcDbEntity
  8
BUSH
100
AcDbBlockReference
  2
СПИРЕЯ_СЕРАЯ
 10
108.12771426607786
 20
242.19654915821647
 30
0.0
  0
INSERT
  5
48E0
330
17
100
AcDbEntity
  8
BUSH
100
AcDbBlockReference
  2
СПИРЕЯ_СЕРАЯ
 10
109.25908511597635
 20
243.32792000811494
 30
0.0
  0
INSERT
  5
48E2
330
17
100
AcDbEntity
  8
BUSH
100
AcDbBlockReference
  2
СПИРЕЯ_СЕРАЯ
 10
110.39045596587482
 20
244.45929085801342
 30
0.0
  0
INSERT
  5
48E4
330
17
100
AcDbEntity
  8
BUSH
100
AcDbBlockReference
  2
МИСКАНТУС_КИТАЙСКИЙ
 10
111.5218268157733
 20
245.5906617079119
 30
0.0
  0
INSERT
  5
48E6
330
17
100
AcDbEntity
  8
BUSH
100
AcDbBlockReference
  2
МИСКАНТУС_КИТАЙСКИЙ
 10
112.65319766567177
 20
246.7220325578104
 30
0.0
  0
INSERT
  5
48E8
330
17
100
AcDbEntity
  8
BUSH
100
AcDbBlockReference
  2
МИСКАНТУС_КИТАЙСКИЙ
 10
113.78456851557024
 20
247.85340340770887
 30
0.0
  0
INSERT
  5
48EA
330
17
100
AcDbEntity
  8
BUSH
100
AcDbBlockReference
  2
МИСКАНТУС_КИТАЙСКИЙ
 10
116.04731021536719
 20
250.11614510750582
 30
0.0
  0
INSERT
  5
48EC
330
17
100
AcDbEntity
  8
BUSH
100
AcDbBlockReference
  2
ДЕРЕН_FLAVIRAMEA
 10
117.17868106526566
 20
251.2475159574043
 30
0.0
  0
INSERT
  5
48EE
330
17
100
AcDbEntity
  8
BUSH
100
AcDbBlockReference
  2
ДЕРЕН_FLAVIRAMEA
 10
149.98843571232146
 20
284.0572706044601
 30
0.0
  0
INSERT
  5
48F0
330
17
100
AcDbEntity
  8
BUSH
100
AcDbBlockReference
  2
ДЕРЕН_FLAVIRAMEA
 10
151.11980656221994
 20
285.18864145435856
 30
0.0
  0
INSERT
  5
48F2
330
17
100
AcDbEntity
  8
BUSH
100
AcDbBlockReference
  2
ДЕРЕН_FLAVIRAMEA
 10
152.25117741211844
 20
286.32001230425703
 30
0.0
  0
INSERT
  5
48F4
330
17
100
AcDbEntity
  8
BUSH
100
AcDbBlockReference
  2
ДЕРЕН_SIBIRICA
 10
153.3825482620169
 20
287.4513831541555
 30
0.0
  0
INSERT
  5
48F6
330
17
100
AcDbEntity
  8
BUSH
100
AcDbBlockReference
  2
ДЕРЕН_SIBIRICA
 10
154.51391911191536
 20
288.582754004054
 30
0.0
  0
INSERT
  5
48F8
330
17
100
AcDbEntity
  8
BUSH
100
AcDbBlockReference
  2
ДЕРЕН_SIBIRICA
 10
105.6040694206072
 20
253.8150399364768
 30
0.0
  0
INSERT
  5
48FA
330
17
100
AcDbEntity
  8
BUSH
100
AcDbBlockReference
  2
ДЕРЕН_SIBIRICA
 10
106.73544027050568
 20
254.94641078637528
 30
0.0
  0
INSERT
  5
48FC
330
17
100
AcDbEntity
  8
BUSH
100
AcDbBlockReference
  2
СПИРЕЯ_СЕРАЯ
 10
107.86681112040417
 20
256.07778163627376
 30
0.0
  0
INSERT
  5
48FE
330
17
100
AcDbEntity
  8
BUSH
100
AcDbBlockReference
  2
СПИРЕЯ_СЕРАЯ
 10
108.99818197030264
 20
257.20915248617223
 30
0.0
  0
INSERT
  5
4900
330
17
100
AcDbEntity
  8
BUSH
100
AcDbBlockReference
  2
СПИРЕЯ_СЕРАЯ
 10
110.12955282020111
 20
258.3405233360707
 30
0.0
  0
INSERT
  5
4902
330
17
100
AcDbEntity
  8
BUSH
100
AcDbBlockReference
  2
СПИРЕЯ_СЕРАЯ
 10
111.26092367009959
 20
259.4718941859692
 30
0.0
  0
INSERT
  5
4904
330
17
100
AcDbEntity
  8
BUSH
100
AcDbBlockReference
  2
СПИРЕЯ_СЕРАЯ
 10
112.39229451999806
 20
260.60326503586765
 30
0.0
  0
INSERT
  5
4906
330
17
100
AcDbEntity
  8
BUSH
100
AcDbBlockReference
  2
МИСКАНТУС_КИТАЙСКИЙ
 10
113.52366536989655
 20
261.7346358857661
 30
0.0
  0
INSERT
  5
4908
330
17
100
AcDbEntity
  8
BUSH
100
AcDbBlockReference
  2
МИСКАНТУС_КИТАЙСКИЙ
 10
105.19057450802845
 20
267.543680647629
 30
0.0
  0
INSERT
  5
490A
330
17
100
AcDbEntity
  8
BUSH
100
AcDbBlockReference
  2
МИСКАНТУС_КИТАЙСКИЙ
 10
108.58468705772388
 20
270.9377931973244
 30
0.0
  0
INSERT
  5
490C
330
17
100
AcDbEntity
  8
BUSH
100
AcDbBlockReference
  2
МИСКАНТУС_КИТАЙСКИЙ
 10
109.71605790762236
 20
272.0691640472229
 30
0.0
  0
INSERT
  5
490E
330
17
100
AcDbEntity
  8
BUSH
100
AcDbBlockReference
  2
ДЕРЕН_FLAVIRAMEA
 10
110.84742875752083
 20
273.2005348971214
 30
0.0
  0
INSERT
  5
4910
330
17
100
AcDbEntity
  8
BUSH
100
AcDbBlockReference
  2
ДЕРЕН_FLAVIRAMEA
 10
111.9787996074193
 20
274.33190574701985
 30
0.0
  0
INSERT
  5
4912
330
17
100
AcDbEntity
  8
BUSH
100
AcDbBlockReference
  2
ДЕРЕН_FLAVIRAMEA
 10
113.11017045731778
 20
275.4632765969183
 30
0.0
  0
INSERT
  5
4914
330
17
100
AcDbEntity
  8
BUSH
100
AcDbBlockReference
  2
ДЕРЕН_FLAVIRAMEA
 10
114.24154130721625
 20
276.5946474468168
 30
0.0
  0
INSERT
  5
4916
330
17
100
AcDbEntity
  8
BUSH
100
AcDbBlockReference
  2
ДЕРЕН_SIBIRICA
 10
116.50428300701321
 20
278.85738914661374
 30
0.0
  0
INSERT
  5
4918
330
17
100
AcDbEntity
  8
BUSH
100
AcDbBlockReference
  2
ДЕРЕН_SIBIRICA
 10
117.63565385691169
 20
279.9887599965123
 30
0.0
  0
INSERT
  5
491A
330
17
100
AcDbEntity
  8
BUSH
100
AcDbBlockReference
  2
ДЕРЕН_SIBIRICA
 10
118.76702470681016
 20
281.1201308464107
 30
0.0
  0
INSERT
  5
491C
330
17
100
AcDbEntity
  8
BUSH
100
AcDbBlockReference
  2
ДЕРЕН_SIBIRICA
 10
156.10226275345988
 20
318.45536889306044
 30
0.0
  0
INSERT
  5
491E
330
17
100
AcDbEntity
  8
TREE
100
AcDbBlockReference
  2
BEREZA
 10
109.0089511264358
 20
271.36205726603635
 30
0.0
  0
INSERT
  5
4920
330
17
100
AcDbEntity
  8
BUSH
100
AcDbBlockReference
  2
СПИРЕЯ_СЕРАЯ
 10
107.40015666601451
 20
283.89539842934596
 30
0.0
  0
INSERT
  5
4922
330
17
100
AcDbEntity
  8
BUSH
100
AcDbBlockReference
  2
СПИРЕЯ_СЕРАЯ
 10
120.97660686479622
 20
297.47184862812765
 30
0.0
  0
INSERT
  5
4924
330
17
100
AcDbEntity
  8
BUSH
100
AcDbBlockReference
  2
СПИРЕЯ_СЕРАЯ
 10
122.1079777146947
 20
298.6032194780262
 30
0.0
  0
INSERT
  5
4926
330
17
100
AcDbEntity
  8
BUSH
100
AcDbBlockReference
  2
СПИРЕЯ_СЕРАЯ
 10
123.23934856459317
 20
299.73459032792465
 30
0.0
  0
INSERT
  5
4928
330
17
100
AcDbEntity
  8
BUSH
100
AcDbBlockReference
  2
СПИРЕЯ_СЕРАЯ
 10
104.44869801131762
 20
295.08607539838
 30
0.0
  0
INSERT
  5
492A
330
17
100
AcDbEntity
  8
BUSH
100
AcDbBlockReference
  2
МИСКАНТУС_КИТАЙСКИЙ
 10
111.23692311070847
 20
301.87430049777083
 30
0.0
  0
INSERT
  5
492C
330
17
100
AcDbEntity
  8
BUSH
100
AcDbBlockReference
  2
МИСКАНТУС_КИТАЙСКИЙ
 10
112.36829396060695
 20
303.00567134766936
 30
0.0
  0
INSERT
  5
492E
330
17
100
AcDbEntity
  8
BUSH
100
AcDbBlockReference
  2
МИСКАНТУС_КИТАЙСКИЙ
 10
113.49966481050542
 20
304.13704219756784
 30
0.0
  0
INSERT
  5
4930
330
17
100
AcDbEntity
  8
BUSH
100
AcDbBlockReference
  2
МИСКАНТУС_КИТАЙСКИЙ
 10
115.76240651030238
 20
306.3997838973648
 30
0.0
  0
INSERT
  5
4932
330
17
100
AcDbEntity
  8
BUSH
100
AcDbBlockReference
  2
ДЕРЕН_FLAVIRAMEA
 10
116.89377736020086
 20
307.53115474726326
 30
0.0
  0
INSERT
  5
4934
330
17
100
AcDbEntity
  8
BUSH
100
AcDbBlockReference
  2
ДЕРЕН_FLAVIRAMEA
 10
118.02514821009933
 20
308.66252559716173
 30
0.0
  0
INSERT
  5
4936
330
17
100
AcDbEntity
  8
BUSH
100
AcDbBlockReference
  2
ДЕРЕН_FLAVIRAMEA
 10
119.1565190599978
 20
309.7938964470602
 30
0.0
  0
INSERT
  5
4938
330
17
100
AcDbEntity
  8
BUSH
100
AcDbBlockReference
  2
ДЕРЕН_FLAVIRAMEA
 10
94.91446820043218
 20
299.6939812112256
 30
0.0
  0
INSERT
  5
493A
330
17
100
AcDbEntity
  8
BUSH
100
AcDbBlockReference
  2
ДЕРЕН_SIBIRICA
 10
101.70269329982304
 20
306.48220631061645
 30
0.0
  0
INSERT
  5
493C
330
17
100
AcDbEntity
  8
BUSH
100
AcDbBlockReference
  2
ДЕРЕН_SIBIRICA
 10
102.83406414972151
 20
307.6135771605149
 30
0.0
  0
INSERT
  5
493E
330
17
100
AcDbEntity
  8
BUSH
100
AcDbBlockReference
  2
ДЕРЕН_SIBIRICA
 10
103.96543499962
 20
308.7449480104134
 30
0.0
  0
INSERT
  5
4940
330
17
100
AcDbEntity
  8
BUSH
100
AcDbBlockReference
  2
ДЕРЕН_SIBIRICA
 10
105.09680584951847
 20
309.8763188603119
 30
0.0
  0
INSERT
  5
4942
330
17
100
AcDbEntity
  8
BUSH
100
AcDbBlockReference
  2
СПИРЕЯ_СЕРАЯ
 10
106.22817669941695
 20
311.00768971021034
 30
0.0
  0
INSERT
  5
4944
330
17
100
AcDbEntity
  8
BUSH
100
AcDbBlockReference
  2
СПИРЕЯ_СЕРАЯ
 10
107.35954754931544
 20
312.1390605601089
 30
0.0
  0
INSERT
  5
4946
330
17
100
AcDbEntity
  8
BUSH
100
AcDbBlockReference
  2
СПИРЕЯ_СЕРАЯ
 10
108.49091839921391
 20
313.27043141000735
 30
0.0
  0
INSERT
  5
4948
330
17
100
AcDbEntity
  8
BUSH
100
AcDbBlockReference
  2
СПИРЕЯ_СЕРАЯ
 10
109.62228924911238
 20
314.4018022599058
 30
0.0
  0
INSERT
  5
494A
330
17
100
AcDbEntity
  8
BUSH
100
AcDbBlockReference
  2
СПИРЕЯ_СЕРАЯ
 10
110.75366009901086
 20
315.5331731098043
 30
0.0
  0
INSERT
  5
494C
330
17
100
AcDbEntity
  8
BUSH
100
AcDbBlockReference
  2
МИСКАНТУС_КИТАЙСКИЙ
 10
111.88503094890933
 20
316.66454395970277
 30
0.0
  0
INSERT
  5
494E
330
17
100
AcDbEntity
  8
BUSH
100
AcDbBlockReference
  2
МИСКАНТУС_КИТАЙСКИЙ
 10
113.0164017988078
 20
317.79591480960124
 30
0.0
  0
INSERT
  5
4950
330
17
100
AcDbEntity
  8
BUSH
100
AcDbBlockReference
  2
МИСКАНТУС_КИТАЙСКИЙ
 10
115.27914349860477
 20
320.0586565093982
 30
0.0
  0
INSERT
  5
4952
330
17
100
AcDbEntity
  8
BUSH
100
AcDbBlockReference
  2
МИСКАНТУС_КИТАЙСКИЙ
 10
116.41051434850324
 20
321.19002735929666
 30
0.0
  0
INSERT
  5
4954
330
17
100
AcDbEntity
  8
BUSH
100
AcDbBlockReference
  2
ДЕРЕН_FLAVIRAMEA
 10
117.54188519840172
 20
322.32139820919514
 30
0.0
  0
INSERT
  5
4956
330
17
100
AcDbEntity
  8
BUSH
100
AcDbBlockReference
  2
ДЕРЕН_FLAVIRAMEA
 10
118.67325604830019
 20
323.4527690590936
 30
0.0
  0
INSERT
  5
4958
330
17
100
AcDbEntity
  8
BUSH
100
AcDbBlockReference
  2
ДЕРЕН_FLAVIRAMEA
 10
119.80462689819868
 20
324.5841399089921
 30
0.0
  0
INSERT
  5
495A
330
17
100
AcDbEntity
  8
BUSH
100
AcDbBlockReference
  2
ДЕРЕН_FLAVIRAMEA
 10
150.35163984545753
 20
355.13115285625094
 30
0.0
  0
INSERT
  5
495C
330
17
100
AcDbEntity
  8
BUSH
100
AcDbBlockReference
  2
ДЕРЕН_SIBIRICA
 10
151.48301069535603
 20
356.2625237061494
 30
0.0
  0
INSERT
  5
495E
330
17
100
AcDbEntity
  8
BUSH
100
AcDbBlockReference
  2
ДЕРЕН_SIBIRICA
 10
152.6143815452545
 20
357.3938945560479
 30
0.0
  0
INSERT
  5
4960
330
17
100
AcDbEntity
  8
BUSH
100
AcDbBlockReference
  2
ДЕРЕН_SIBIRICA
 10
153.74575239515298
 20
358.52526540594636
 30
0.0
  0
INSERT
  5
4962
330
17
100
AcDbEntity
  8
BUSH
100
AcDbBlockReference
  2
ДЕРЕН_SIBIRICA
 10
154.87712324505145
 20
359.65663625584483
 30
0.0
  0
INSERT
  5
4964
330
17
100
AcDbEntity
  8
BUSH
100
AcDbBlockReference
  2
СПИРЕЯ_СЕРАЯ
 10
156.00849409494992
 20
360.7880071057433
 30
0.0
  0
INSERT
  5
4966
330
17
100
AcDbEntity
  8
TREE
100
AcDbBlockReference
  2
BEREZA
 10
102.97548550595883
 20
307.75499851675227
 30
0.0
  0
INSERT
  5
4968
330
17
100
AcDbEntity
  8
TREE
100
AcDbBlockReference
  2
BEREZA
 10
112.87498044257049
 20
317.6544934533639
 30
0.0
  0
INSERT
  5
496A
330
17
100
AcDbEntity
  8
TREE
100
AcDbBlockReference
  2
BEREZA
 10
152.47296018901716
 20
357.25247319981054
 30
0.0
  0
INSERT
  5
496C
330
17
100
AcDbEntity
  8
BUSH
100
AcDbBlockReference
  2
СПИРЕЯ_СЕРАЯ
 10
89.41799069538723
 20
308.3396393299116
 30
0.0
  0
INSERT
  5
496E
330
17
100
AcDbEntity
  8
BUSH
100
AcDbBlockReference
  2
СПИРЕЯ_СЕРАЯ
 10
90.5493615452857
 20
309.4710101798101
 30
0.0
  0
INSERT
  5
4970
330
17
100
AcDbEntity
  8
BUSH
100
AcDbBlockReference
  2
СПИРЕЯ_СЕРАЯ
 10
91.6807323951842
 20
310.60238102970857
 30
0.0
  0
INSERT
  5
4972
330
17
100
AcDbEntity
  8
BUSH
100
AcDbBlockReference
  2
СПИРЕЯ_СЕРАЯ
 10
92.81210324508267
 20
311.73375187960704
 30
0.0
  0
INSERT
  5
4974
330
17
100
AcDbEntity
  8
BUSH
100
AcDbBlockReference
  2
МИСКАНТУС_КИТАЙСКИЙ
 10
93.94347409498114
 20
312.8651227295055
 30
0.0
  0
INSERT
  5
4976
330
17
100
AcDbEntity
  8
BUSH
100
AcDbBlockReference
  2
МИСКАНТУС_КИТАЙСКИЙ
 10
95.07484494487963
 20
313.996493579404
 30
0.0
  0
INSERT
  5
4978
330
17
100
AcDbEntity
  8
BUSH
100
AcDbBlockReference
  2
МИСКАНТУС_КИТАЙСКИЙ
 10
96.2062157947781
 20
315.12786442930246
 30
0.0
  0
INSERT
  5
497A
330
17
100
AcDbEntity
  8
BUSH
100
AcDbBlockReference
  2
МИСКАНТУС_КИТАЙСКИЙ
 10
115.71918692584929
 20
334.64083556037366
 30
0.0
  0
INSERT
  5
497C
330
17
100
AcDbEntity
  8
BUSH
100
AcDbBlockReference
  2
ДЕРЕН_FLAVIRAMEA
 10
116.85055777574777
 20
335.77220641027213
 30
0.0
  0
INSERT
  5
497E
330
17
100
AcDbEntity
  8
BUSH
100
AcDbBlockReference
  2
ДЕРЕН_FLAVIRAMEA
 10
117.98192862564625
 20
336.9035772601706
 30
0.0
  0
INSERT
  5
4980
330
17
100
AcDbEntity
  8
BUSH
100
AcDbBlockReference
  2
ДЕРЕН_FLAVIRAMEA
 10
149.66031242280357
 20
368.58196105732793
 30
0.0
  0
INSERT
  5
4982
330
17
100
AcDbEntity
  8
BUSH
100
AcDbBlockReference
  2
ДЕРЕН_FLAVIRAMEA
 10
150.79168327270207
 20
369.7133319072264
 30
0.0
  0
INSERT
  5
4984
330
17
100
AcDbEntity
  8
BUSH
100
AcDbBlockReference
  2
ДЕРЕН_SIBIRICA
 10
151.92305412260055
 20
370.8447027571249
 30
0.0
  0
INSERT
  5
4986
330
17
100
AcDbEntity
  8
BUSH
100
AcDbBlockReference
  2
ДЕРЕН_SIBIRICA
 10
153.05442497249902
 20
371.97607360702335
 30
0.0
  0
INSERT
  5
4988
330
17
100
AcDbEntity
  8
BUSH
100
AcDbBlockReference
  2
ДЕРЕН_SIBIRICA
 10
154.1857958223975
 20
373.1074444569218
 30
0.0
  0
INSERT
  5
498A
330
17
100
AcDbEntity
  8
BUSH
100
AcDbBlockReference
  2
ДЕРЕН_SIBIRICA
 10
115.72788815659106
 20
348.7916724148463
 30
0.0
  0
INSERT
  5
498C
330
17
100
AcDbEntity
  8
BUSH
100
AcDbBlockReference
  2
СПИРЕЯ_СЕРАЯ
 10
117.99062985638801
 20
351.05441411464324
 30
0.0
  0
INSERT
  5
498E
330
17
100
AcDbEntity
  8
BUSH
100
AcDbBlockReference
  2
СПИРЕЯ_СЕРАЯ
 10
119.12200070628649
 20
352.1857849645417
 30
0.0
  0
INSERT
  5
4990
330
17
100
AcDbEntity
  8
BUSH
100
AcDbBlockReference
  2
СПИРЕЯ_СЕРАЯ
 10
120.25337155618497
 20
353.3171558144402
 30
0.0
  0
INSERT
  5
4992
330
17
100
AcDbEntity
  8
BUSH
100
AcDbBlockReference
  2
СПИРЕЯ_СЕРАЯ
 10
154.19449705313923
 20
387.2582813113945
 30
0.0
  0
INSERT
  5
4994
330
17
100
AcDbEntity
  8
BUSH
100
AcDbBlockReference
  2
СПИРЕЯ_СЕРАЯ
 10
155.3258679030377
 20
388.389652161293
 30
0.0
  0
INSERT
  5
4996
330
17
100
AcDbEntity
  8
BUSH
100
AcDbBlockReference
  2
МИСКАНТУС_КИТАЙСКИЙ
 10
115.74281984672677
 20
362.94873972871295
 30
0.0
  0
INSERT
  5
4998
330
17
100
AcDbEntity
  8
BUSH
100
AcDbBlockReference
  2
МИСКАНТУС_КИТАЙСКИЙ
 10
116.87419069662525
 20
364.0801105786114
 30
0.0
  0
INSERT
  5
499A
330
17
100
AcDbEntity
  8
BUSH
100
AcDbBlockReference
  2
МИСКАНТУС_КИТАЙСКИЙ
 10
118.00556154652372
 20
365.2114814285099
 30
0.0
  0
INSERT
  5
499C
330
17
100
AcDbEntity
  8
BUSH
100
AcDbBlockReference
  2
МИСКАНТУС_КИТАЙСКИЙ
 10
119.13693239642221
 20
366.3428522784084
 30
0.0
  0
INSERT
  5
499E
330
17
100
AcDbEntity
  8
BUSH
100
AcDbBlockReference
  2
ДЕРЕН_FLAVIRAMEA
 10
120.26830324632068
 20
367.47422312830685
 30
0.0
  0
INSERT
  5
49A0
330
17
100
AcDbEntity
  8
BUSH
100
AcDbBlockReference
  2
ДЕРЕН_FLAVIRAMEA
 10
141.76434939439173
 20
388.9702692763779
 30
0.0
  0
INSERT
  5
49A2
330
17
100
AcDbEntity
  8
BUSH
100
AcDbBlockReference
  2
ДЕРЕН_FLAVIRAMEA
 10
142.8957202442902
 20
390.1016401262764
 30
0.0
  0
INSERT
  5
49A4
330
17
100
AcDbEntity
  8
BUSH
100
AcDbBlockReference
  2
ДЕРЕН_FLAVIRAMEA
 10
144.02709109418868
 20
391.23301097617485
 30
0.0
  0
INSERT
  5
49A6
330
17
100
AcDbEntity
  8
BUSH
100
AcDbBlockReference
  2
ДЕРЕН_SIBIRICA
 10
145.15846194408715
 20
392.3643818260733
 30
0.0
  0
INSERT
  5
49A8
330
17
100
AcDbEntity
  8
BUSH
100
AcDbBlockReference
  2
ДЕРЕН_SIBIRICA
 10
146.28983279398562
 20
393.4957526759718
 30
0.0
  0
INSERT
  5
49AA
330
17
100
AcDbEntity
  8
BUSH
100
AcDbBlockReference
  2
ДЕРЕН_SIBIRICA
 10
147.4212036438841
 20
394.6271235258703
 30
0.0
  0
INSERT
  5
49AC
330
17
100
AcDbEntity
  8
BUSH
100
AcDbBlockReference
  2
ДЕРЕН_SIBIRICA
 10
148.55257449378257
 20
395.75849437576875
 30
0.0
  0
INSERT
  5
49AE
330
17
100
AcDbEntity
  8
BUSH
100
AcDbBlockReference
  2
СПИРЕЯ_СЕРАЯ
 10
149.68394534368105
 20
396.8898652256672
 30
0.0
  0
INSERT
  5
49B0
330
17
100
AcDbEntity
  8
TREE
100
AcDbBlockReference
  2
BEREZA
 10
118.42982561523566
 20
365.6357454972218
 30
0.0
  0
INSERT
  5
49B2
330
17
100
AcDbEntity
  8
TREE
100
AcDbBlockReference
  2
BEREZA
 10
148.12831042507065
 20
395.3342303070568
 30
0.0
  0
INSERT
  5
49B4
330
17
100
AcDbEntity
  8
BUSH
100
AcDbBlockReference
  2
СПИРЕЯ_СЕРАЯ
 10
115.74281984672677
 20
377.09087535244396
 30
0.0
  0
INSERT
  5
49B6
330
17
100
AcDbEntity
  8
BUSH
100
AcDbBlockReference
  2
СПИРЕЯ_СЕРАЯ
 10
116.87419069662525
 20
378.22224620234243
 30
0.0
  0
INSERT
  5
49B8
330
17
100
AcDbEntity
  8
BUSH
100
AcDbBlockReference
  2
СПИРЕЯ_СЕРАЯ
 10
118.00556154652372
 20
379.3536170522409
 30
0.0
  0
INSERT
  5
49BA
330
17
100
AcDbEntity
  8
BUSH
100
AcDbBlockReference
  2
СПИРЕЯ_СЕРАЯ
 10
134.97612429500086
 20
396.32417980071807
 30
0.0
  0
INSERT
  5
49BC
330
17
100
AcDbEntity
  8
BUSH
100
AcDbBlockReference
  2
МИСКАНТУС_КИТАЙСКИЙ
 10
137.2388659947978
 20
398.586921500515
 30
0.0
  0
INSERT
  5
49BE
330
17
100
AcDbEntity
  8
BUSH
100
AcDbBlockReference
  2
МИСКАНТУС_КИТАЙСКИЙ
 10
138.37023684469628
 20
399.7182923504135
 30
0.0
  0
INSERT
  5
49C0
330
17
100
AcDbEntity
  8
BUSH
100
AcDbBlockReference
  2
МИСКАНТУС_КИТАЙСКИЙ
 10
139.50160769459478
 20
400.84966320031197
 30
0.0
  0
INSERT
  5
49C2
330
17
100
AcDbEntity
  8
BUSH
100
AcDbBlockReference
  2
МИСКАНТУС_КИТАЙСКИЙ
 10
140.63297854449326
 20
401.98103405021044
 30
0.0
  0
INSERT
  5
49C4
330
17
100
AcDbEntity
  8
BUSH
100
AcDbBlockReference
  2
ДЕРЕН_FLAVIRAMEA
 10
141.76434939439173
 20
403.1124049001089
 30
0.0
  0
INSERT
  5
49C6
330
17
100
AcDbEntity
  8
BUSH
100
AcDbBlockReference
  2
ДЕРЕН_FLAVIRAMEA
 10
142.8957202442902
 20
404.2437757500074
 30
0.0
  0
INSERT
  5
49C8
330
17
100
AcDbEntity
  8
BUSH
100
AcDbBlockReference
  2
ДЕРЕН_FLAVIRAMEA
 10
144.02709109418868
 20
405.37514659990586
 30
0.0
  0
INSERT
  5
49CA
330
17
100
AcDbEntity
  8
BUSH
100
AcDbBlockReference
  2
ДЕРЕН_FLAVIRAMEA
 10
145.15846194408715
 20
406.50651744980433
 30
0.0
  0
INSERT
  5
49CC
330
17
100
AcDbEntity
  8
BUSH
100
AcDbBlockReference
  2
ДЕРЕН_SIBIRICA
 10
115.72788815659106
 20
391.2180792860392
 30
0.0
  0
INSERT
  5
49CE
330
17
100
AcDbEntity
  8
BUSH
100
AcDbBlockReference
  2
ДЕРЕН_SIBIRICA
 10
116.85925900648954
 20
392.3494501359377
 30
0.0
  0
INSERT
  5
49D0
330
17
100
AcDbEntity
  8
BUSH
100
AcDbBlockReference
  2
ДЕРЕН_SIBIRICA
 10
117.99062985638803
 20
393.48082098583615
 30
0.0
  0
INSERT
  5
49D2
330
17
100
AcDbEntity
  8
BUSH
100
AcDbBlockReference
  2
ДЕРЕН_SIBIRICA
 10
133.8298217549667
 20
409.32001288441484
 30
0.0
  0
INSERT
  5
49D4
330
17
100
AcDbEntity
  8
BUSH
100
AcDbBlockReference
  2
СПИРЕЯ_СЕРАЯ
 10
134.96119260486518
 20
410.4513837343133
 30
0.0
  0
INSERT
  5
49D6
330
17
100
AcDbEntity
  8
BUSH
100
AcDbBlockReference
  2
СПИРЕЯ_СЕРАЯ
 10
137.22393430466212
 20
412.71412543411026
 30
0.0
  0
INSERT
  5
49D8
330
17
100
AcDbEntity
  8
BUSH
100
AcDbBlockReference
  2
СПИРЕЯ_СЕРАЯ
 10
138.3553051545606
 20
413.84549628400873
 30
0.0
  0
INSERT
  5
49DA
330
17
100
AcDbEntity
  8
BUSH
100
AcDbBlockReference
  2
СПИРЕЯ_СЕРАЯ
 10
139.48667600445907
 20
414.9768671339072
 30
0.0
  0
INSERT
  5
49DC
330
17
100
AcDbEntity
  8
BUSH
100
AcDbBlockReference
  2
СПИРЕЯ_СЕРАЯ
 10
140.61804685435754
 20
416.1082379838057
 30
0.0
  0
INSERT
  5
49DE
330
17
100
AcDbEntity
  8
BUSH
100
AcDbBlockReference
  2
МИСКАНТУС_КИТАЙСКИЙ
 10
141.74941770425602
 20
417.23960883370415
 30
0.0
  0
INSERT
  5
49E0
330
17
100
AcDbEntity
  8
BUSH
100
AcDbBlockReference
  2
МИСКАНТУС_КИТАЙСКИЙ
 10
142.8807885541545
 20
418.3709796836026
 30
0.0
  0
INSERT
  5
49E2
330
17
100
AcDbEntity
  8
BUSH
100
AcDbBlockReference
  2
МИСКАНТУС_КИТАЙСКИЙ
 10
144.01215940405297
 20
419.5023505335011
 30
0.0
  0
INSERT
  5
49E4
330
17
100
AcDbEntity
  8
BUSH
100
AcDbBlockReference
  2
МИСКАНТУС_КИТАЙСКИЙ
 10
145.14353025395144
 20
420.6337213833996
 30
0.0
  0
INSERT
  5
49E6
330
17
100
AcDbEntity
  8
BUSH
100
AcDbBlockReference
  2
ДЕРЕН_FLAVIRAMEA
 10
115.71295646645537
 20
405.34528321963444
 30
0.0
  0
INSERT
  5
49E8
330
17
100
AcDbEntity
  8
BUSH
100
AcDbBlockReference
  2
ДЕРЕН_FLAVIRAMEA
 10
116.84432731635385
 20
406.4766540695329
 30
0.0
  0
INSERT
  5
49EA
330
17
100
AcDbEntity
  8
BUSH
100
AcDbBlockReference
  2
ДЕРЕН_FLAVIRAMEA
 10
117.97569816625233
 20
407.6080249194314
 30
0.0
  0
INSERT
  5
49EC
330
17
100
AcDbEntity
  8
BUSH
100
AcDbBlockReference
  2
ДЕРЕН_FLAVIRAMEA
 10
134.94626091472946
 20
424.57858766790855
 30
0.0
  0
INSERT
  5
49EE
330
17
100
AcDbEntity
  8
BUSH
100
AcDbBlockReference
  2
ДЕРЕН_SIBIRICA
 10
136.07763176462794
 20
425.709958517807
 30
0.0
  0
INSERT
  5
49F0
330
17
100
AcDbEntity
  8
BUSH
100
AcDbBlockReference
  2
ДЕРЕН_SIBIRICA
 10
137.2090026145264
 20
426.8413293677055
 30
0.0
  0
INSERT
  5
49F2
330
17
100
AcDbEntity
  8
BUSH
100
AcDbBlockReference
  2
ДЕРЕН_SIBIRICA
 10
138.34037346442489
 20
427.972700217604
 30
0.0
  0
INSERT
  5
49F4
330
17
100
AcDbEntity
  8
BUSH
100
AcDbBlockReference
  2
ДЕРЕН_SIBIRICA
 10
139.4717443143234
 20
429.10407106750245
 30
0.0
  0
INSERT
  5
49F6
330
17
100
AcDbEntity
  8
BUSH
100
AcDbBlockReference
  2
СПИРЕЯ_СЕРАЯ
 10
140.60311516422186
 20
430.2354419174009
 30
0.0
  0
INSERT
  5
49F8
330
17
100
AcDbEntity
  8
BUSH
100
AcDbBlockReference
  2
СПИРЕЯ_СЕРАЯ
 10
141.73448601412034
 20
431.3668127672994
 30
0.0
  0
INSERT
  5
49FA
330
17
100
AcDbEntity
  8
BUSH
100
AcDbBlockReference
  2
СПИРЕЯ_СЕРАЯ
 10
142.8658568640188
 20
432.49818361719787
 30
0.0
  0
INSERT
  5
49FC
330
17
100
AcDbEntity
  8
BUSH
100
AcDbBlockReference
  2
СПИРЕЯ_СЕРАЯ
 10
143.99722771391728
 20
433.62955446709634
 30
0.0
  0
INSERT
  5
49FE
330
17
100
AcDbEntity
  8
TREE
100
AcDbBlockReference
  2
BEREZA
 10
118.39996223496425
 20
408.0322889881433
 30
0.0
  0
INSERT
  5
4A00
330
17
100
AcDbEntity
  8
TREE
100
AcDbBlockReference
  2
BEREZA
 10
138.1989521081876
 20
427.8312788613666
 30
0.0
  0
INSERT
  5
4A02
330
17
100
AcDbEntity
  8
BUSH
100
AcDbBlockReference
  2
СПИРЕЯ_СЕРАЯ
 10
205.3614548448966
 20
494.99378159807566
 30
0.0
  0
INSERT
  5
4A04
330
17
100
AcDbEntity
  8
BUSH
100
AcDbBlockReference
  2
МИСКАНТУС_КИТАЙСКИЙ
 10
206.49282569479507
 20
496.12515244797413
 30
0.0
  0
INSERT
  5
4A06
330
17
100
AcDbEntity
  8
BUSH
100
AcDbBlockReference
  2
МИСКАНТУС_КИТАЙСКИЙ
 10
207.62419654469358
 20
497.2565232978726
 30
0.0
  0
INSERT
  5
4A08
330
17
100
AcDbEntity
  8
BUSH
100
AcDbBlockReference
  2
МИСКАНТУС_КИТАЙСКИЙ
 10
208.75556739459205
 20
498.3878941477711
 30
0.0
  0
INSERT
  5
4A0A
330
17
100
AcDbEntity
  8
BUSH
100
AcDbBlockReference
  2
МИСКАНТУС_КИТАЙСКИЙ
 10
209.88693824449052
 20
499.51926499766955
 30
0.0
  0
INSERT
  5
4A0C
330
17
100
AcDbEntity
  8
BUSH
100
AcDbBlockReference
  2
ДЕРЕН_FLAVIRAMEA
 10
211.018309094389
 20
500.650635847568
 30
0.0
  0
INSERT
  5
4A0E
330
17
100
AcDbEntity
  8
BUSH
100
AcDbBlockReference
  2
ДЕРЕН_FLAVIRAMEA
 10
212.14967994428747
 20
501.7820066974665
 30
0.0
  0
INSERT
  5
4A10
330
17
100
AcDbEntity
  8
BUSH
100
AcDbBlockReference
  2
ДЕРЕН_FLAVIRAMEA
 10
213.28105079418594
 20
502.913377547365
 30
0.0
  0
INSERT
  5
4A12
330
17
100
AcDbEntity
  8
BUSH
100
AcDbBlockReference
  2
ДЕРЕН_FLAVIRAMEA
 10
140.58818347408618
 20
444.36264585099616
 30
0.0
  0
INSERT
  5
4A14
330
17
100
AcDbEntity
  8
BUSH
100
AcDbBlockReference
  2
ДЕРЕН_SIBIRICA
 10
141.71955432398462
 20
445.49401670089463
 30
0.0
  0
INSERT
  5
4A16
330
17
100
AcDbEntity
  8
BUSH
100
AcDbBlockReference
  2
ДЕРЕН_SIBIRICA
 10
142.85092517388313
 20
446.6253875507931
 30
0.0
  0
INSERT
  5
4A18
330
17
100
AcDbEntity
  8
BUSH
100
AcDbBlockReference
  2
ДЕРЕН_SIBIRICA
 10
143.9822960237816
 20
447.7567584006916
 30
0.0
  0
INSERT
  5
4A1A
330
17
100
AcDbEntity
  8
BUSH
100
AcDbBlockReference
  2
ДЕРЕН_SIBIRICA
 10
188.3997808102515
 20
492.1742431871615
 30
0.0
  0
INSERT
  5
4A1C
330
17
100
AcDbEntity
  8
BUSH
100
AcDbBlockReference
  2
СПИРЕЯ_СЕРАЯ
 10
189.53115166015
 20
493.30561403705997
 30
0.0
  0
INSERT
  5
4A1E
330
17
100
AcDbEntity
  8
BUSH
100
AcDbBlockReference
  2
СПИРЕЯ_СЕРАЯ
 10
190.66252251004846
 20
494.43698488695844
 30
0.0
  0
INSERT
  5
4A20
330
17
100
AcDbEntity
  8
BUSH
100
AcDbBlockReference
  2
СПИРЕЯ_СЕРАЯ
 10
191.79389335994694
 20
495.5683557368569
 30
0.0
  0
INSERT
  5
4A22
330
17
100
AcDbEntity
  8
BUSH
100
AcDbBlockReference
  2
СПИРЕЯ_СЕРАЯ
 10
212.15856865811952
 20
515.9330310350294
 30
0.0
  0
INSERT
  5
4A24
330
17
100
AcDbEntity
  8
BUSH
100
AcDbBlockReference
  2
СПИРЕЯ_СЕРАЯ
 10
213.289939508018
 20
517.064401884928
 30
0.0
  0
INSERT
  5
4A26
330
17
100
AcDbEntity
  8
BUSH
100
AcDbBlockReference
  2
МИСКАНТУС_КИТАЙСКИЙ
 10
115.54870787496267
 20
433.46530587560363
 30
0.0
  0
INSERT
  5
4A28
330
17
100
AcDbEntity
  8
BUSH
100
AcDbBlockReference
  2
МИСКАНТУС_КИТАЙСКИЙ
 10
116.68007872486115
 20
434.5966767255021
 30
0.0
  0
INSERT
  5
4A2A
330
17
100
AcDbEntity
  8
BUSH
100
AcDbBlockReference
  2
МИСКАНТУС_КИТАЙСКИЙ
 10
133.65064147333828
 20
451.56723947397927
 30
0.0
  0
INSERT
  5
4A2C
330
17
100
AcDbEntity
  8
BUSH
100
AcDbBlockReference
  2
МИСКАНТУС_КИТАЙСКИЙ
 10
134.78201232323676
 20
452.69861032387774
 30
0.0
  0
INSERT
  5
4A2E
330
17
100
AcDbEntity
  8
BUSH
100
AcDbBlockReference
  2
ДЕРЕН_FLAVIRAMEA
 10
137.04475402303373
 20
454.9613520236747
 30
0.0
  0
INSERT
  5
4A30
330
17
100
AcDbEntity
  8
BUSH
100
AcDbBlockReference
  2
ДЕРЕН_FLAVIRAMEA
 10
138.1761248729322
 20
456.09272287357317
 30
0.0
  0
INSERT
  5
4A32
330
17
100
AcDbEntity
  8
BUSH
100
AcDbBlockReference
  2
ДЕРЕН_FLAVIRAMEA
 10
139.30749572283068
 20
457.22409372347164
 30
0.0
  0
INSERT
  5
4A34
330
17
100
AcDbEntity
  8
BUSH
100
AcDbBlockReference
  2
ДЕРЕН_FLAVIRAMEA
 10
140.43886657272915
 20
458.3554645733701
 30
0.0
  0
INSERT
  5
4A36
330
17
100
AcDbEntity
  8
BUSH
100
AcDbBlockReference
  2
ДЕРЕН_SIBIRICA
 10
141.57023742262763
 20
459.4868354232686
 30
0.0
  0
INSERT
  5
4A38
330
17
100
AcDbEntity
  8
BUSH
100
AcDbBlockReference
  2
ДЕРЕН_SIBIRICA
 10
142.7016082725261
 20
460.61820627316706
 30
0.0
  0
INSERT
  5
4A3A
330
17
100
AcDbEntity
  8
BUSH
100
AcDbBlockReference
  2
ДЕРЕН_SIBIRICA
 10
184.8437560651212
 20
502.76035406576216
 30
0.0
  0
INSERT
  5
4A3C
330
17
100
AcDbEntity
  8
BUSH
100
AcDbBlockReference
  2
ДЕРЕН_SIBIRICA
 10
185.97512691501967
 20
503.8917249156607
 30
0.0
  0
INSERT
  5
4A3E
330
17
100
AcDbEntity
  8
BUSH
100
AcDbBlockReference
  2
СПИРЕЯ_СЕРАЯ
 10
198.4202062639029
 20
516.336804264544
 30
0.0
  0
INSERT
  5
4A40
330
17
100
AcDbEntity
  8
BUSH
100
AcDbBlockReference
  2
СПИРЕЯ_СЕРАЯ
 10
199.5515771138014
 20
517.4681751144424
 30
0.0
  0
INSERT
  5
4A42
330
17
100
AcDbEntity
  8
BUSH
100
AcDbBlockReference
  2
СПИРЕЯ_СЕРАЯ
 10
200.68294796369986
 20
518.5995459643409
 30
0.0
  0
INSERT
  5
4A44
330
17
100
AcDbEntity
  8
BUSH
100
AcDbBlockReference
  2
СПИРЕЯ_СЕРАЯ
 10
115.54870787496267
 20
447.60744149933464
 30
0.0
  0
INSERT
  5
4A46
330
17
100
AcDbEntity
  8
BUSH
100
AcDbBlockReference
  2
СПИРЕЯ_СЕРАЯ
 10
116.68007872486115
 20
448.7388123492331
 30
0.0
  0
INSERT
  5
4A48
330
17
100
AcDbEntity
  8
BUSH
100
AcDbBlockReference
  2
МИСКАНТУС_КИТАЙСКИЙ
 10
133.65064147333828
 20
465.7093750977103
 30
0.0
  0
INSERT
  5
4A4A
330
17
100
AcDbEntity
  8
BUSH
100
AcDbBlockReference
  2
МИСКАНТУС_КИТАЙСКИЙ
 10
134.78201232323676
 20
466.84074594760875
 30
0.0
  0
INSERT
  5
4A4C
330
17
100
AcDbEntity
  8
BUSH
100
AcDbBlockReference
  2
МИСКАНТУС_КИТАЙСКИЙ
 10
137.0447540230337
 20
469.1034876474057
 30
0.0
  0
INSERT
  5
4A4E
330
17
100
AcDbEntity
  8
BUSH
100
AcDbBlockReference
  2
МИСКАНТУС_КИТАЙСКИЙ
 10
138.17612487293218
 20
470.2348584973042
 30
0.0
  0
INSERT
  5
4A50
330
17
100
AcDbEntity
  8
BUSH
100
AcDbBlockReference
  2
ДЕРЕН_FLAVIRAMEA
 10
139.30749572283065
 20
471.36622934720265
 30
0.0
  0
INSERT
  5
4A52
330
17
100
AcDbEntity
  8
BUSH
100
AcDbBlockReference
  2
ДЕРЕН_FLAVIRAMEA
 10
140.43886657272915
 20
472.4976001971011
 30
0.0
  0
INSERT
  5
4A54
330
17
100
AcDbEntity
  8
BUSH
100
AcDbBlockReference
  2
ДЕРЕН_FLAVIRAMEA
 10
141.5702374226276
 20
473.6289710469996
 30
0.0
  0
INSERT
  5
4A56
330
17
100
AcDbEntity
  8
BUSH
100
AcDbBlockReference
  2
ДЕРЕН_FLAVIRAMEA
 10
142.7016082725261
 20
474.76034189689807
 30
0.0
  0
INSERT
  5
4A58
330
17
100
AcDbEntity
  8
BUSH
100
AcDbBlockReference
  2
ДЕРЕН_SIBIRICA
 10
143.83297912242458
 20
475.89171274679654
 30
0.0
  0
INSERT
  5
4A5A
330
17
100
AcDbEntity
  8
BUSH
100
AcDbBlockReference
  2
ДЕРЕН_SIBIRICA
 10
144.96434997232305
 20
477.023083596695
 30
0.0
  0
INSERT
  5
4A5C
330
17
100
AcDbEntity
  8
TREE
100
AcDbBlockReference
  2
BEREZA
 10
138.0347035166949
 20
470.0934371410669
 30
0.0
  0
INSERT
  5
4A5E
330
17
100
AcDbEntity
  8
BUSH
100
AcDbBlockReference
  2
ДЕРЕН_SIBIRICA
 10
166.10496839505345
 20
498.1637020194254
 30
0.0
  0
INSERT
  5
4A60
330
17
100
AcDbEntity
  8
BUSH
100
AcDbBlockReference
  2
ДЕРЕН_SIBIRICA
 10
167.23633924495192
 20
499.29507286932386
 30
0.0
  0
INSERT
  5
4A62
330
17
100
AcDbEntity
  8
BUSH
100
AcDbBlockReference
  2
СПИРЕЯ_СЕРАЯ
 10
168.3677100948504
 20
500.42644371922233
 30
0.0
  0
INSERT
  5
4A64
330
17
100
AcDbEntity
  8
BUSH
100
AcDbBlockReference
  2
СПИРЕЯ_СЕРАЯ
 10
169.49908094474887
 20
501.5578145691208
 30
0.0
  0
INSERT
  5
4A66
330
17
100
AcDbEntity
  8
BUSH
100
AcDbBlockReference
  2
СПИРЕЯ_СЕРАЯ
 10
170.63045179464737
 20
502.6891854190193
 30
0.0
  0
INSERT
  5
4A68
330
17
100
AcDbEntity
  8
BUSH
100
AcDbBlockReference
  2
СПИРЕЯ_СЕРАЯ
 10
178.5500477439367
 20
510.60878136830866
 30
0.0
  0
INSERT
  5
4A6A
330
17
100
AcDbEntity
  8
BUSH
100
AcDbBlockReference
  2
СПИРЕЯ_СЕРАЯ
 10
179.68141859383516
 20
511.74015221820713
 30
0.0
  0
INSERT
  5
4A6C
330
17
100
AcDbEntity
  8
BUSH
100
AcDbBlockReference
  2
МИСКАНТУС_КИТАЙСКИЙ
 10
180.81278944373364
 20
512.8715230681056
 30
0.0
  0
INSERT
  5
4A6E
330
17
100
AcDbEntity
  8
BUSH
100
AcDbBlockReference
  2
МИСКАНТУС_КИТАЙСКИЙ
 10
181.9441602936321
 20
514.002893918004
 30
0.0
  0
INSERT
  5
4A70
330
17
100
AcDbEntity
  8
BUSH
100
AcDbBlockReference
  2
МИСКАНТУС_КИТАЙСКИЙ
 10
183.07553114353058
 20
515.1342647679026
 30
0.0
  0
INSERT
  5
4A72
330
17
100
AcDbEntity
  8
BUSH
100
AcDbBlockReference
  2
МИСКАНТУС_КИТАЙСКИЙ
 10
184.20690199342906
 20
516.265635617801
 30
0.0
  0
INSERT
  5
4A74
330
17
100
AcDbEntity
  8
BUSH
100
AcDbBlockReference
  2
ДЕРЕН_FLAVIRAMEA
 10
185.33827284332753
 20
517.3970064676995
 30
0.0
  0
INSERT
  5
4A76
330
17
100
AcDbEntity
  8
BUSH
100
AcDbBlockReference
  2
ДЕРЕН_FLAVIRAMEA
 10
186.46964369322603
 20
518.528377317598
 30
0.0
  0
INSERT
  5
4A78
330
17
100
AcDbEntity
  8
BUSH
100
AcDbBlockReference
  2
ДЕРЕН_FLAVIRAMEA
 10
187.6010145431245
 20
519.6597481674964
 30
0.0
  0
INSERT
  5
4A7A
330
17
100
AcDbEntity
  8
BUSH
100
AcDbBlockReference
  2
ДЕРЕН_FLAVIRAMEA
 10
189.86375624292145
 20
521.9224898672934
 30
0.0
  0
INSERT
  5
4A7C
330
17
100
AcDbEntity
  8
BUSH
100
AcDbBlockReference
  2
ДЕРЕН_SIBIRICA
 10
190.99512709281993
 20
523.0538607171919
 30
0.0
  0
INSERT
  5
4A7E
330
17
100
AcDbEntity
  8
BUSH
100
AcDbBlockReference
  2
ДЕРЕН_SIBIRICA
 10
192.1264979427184
 20
524.1852315670903
 30
0.0
  0
INSERT
  5
4A80
330
17
100
AcDbEntity
  8
BUSH
100
AcDbBlockReference
  2
ДЕРЕН_SIBIRICA
 10
193.25786879261688
 20
525.3166024169889
 30
0.0
  0
INSERT
  5
4A82
330
17
100
AcDbEntity
  8
BUSH
100
AcDbBlockReference
  2
ДЕРЕН_SIBIRICA
 10
194.38923964251535
 20
526.4479732668873
 30
0.0
  0
INSERT
  5
4A84
330
17
100
AcDbEntity
  8
BUSH
100
AcDbBlockReference
  2
СПИРЕЯ_СЕРАЯ
 10
195.52061049241382
 20
527.5793441167858
 30
0.0
  0
INSERT
  5
4A86
330
17
100
AcDbEntity
  8
BUSH
100
AcDbBlockReference
  2
СПИРЕЯ_СЕРАЯ
 10
196.6519813423123
 20
528.7107149666842
 30
0.0
  0
INSERT
  5
4A88
330
17
100
AcDbEntity
  8
BUSH
100
AcDbBlockReference
  2
СПИРЕЯ_СЕРАЯ
 10
197.78335219221077
 20
529.8420858165828
 30
0.0
  0
INSERT
  5
4A8A
330
17
100
AcDbEntity
  8
TREE
100
AcDbBlockReference
  2
BEREZA
 10
186.32822233698872
 20
518.3869559613606
 30
0.0
  0
INSERT
  5
4A8C
330
17
100
AcDbEntity
  8
BUSH
100
AcDbBlockReference
  2
СПИРЕЯ_СЕРАЯ
 10
115.56363956509837
 20
461.76450881320125
 30
0.0
  0
INSERT
  5
4A8E
330
17
100
AcDbEntity
  8
BUSH
100
AcDbBlockReference
  2
СПИРЕЯ_СЕРАЯ
 10
116.69501041499686
 20
462.8958796630997
 30
0.0
  0
INSERT
  5
4A90
330
17
100
AcDbEntity
  8
BUSH
100
AcDbBlockReference
  2
МИСКАНТУС_КИТАЙСКИЙ
 10
134.79694401337247
 20
480.99781326147536
 30
0.0
  0
INSERT
  5
4A92
330
17
100
AcDbEntity
  8
BUSH
100
AcDbBlockReference
  2
МИСКАНТУС_КИТАЙСКИЙ
 10
135.92831486327094
 20
482.12918411137383
 30
0.0
  0
INSERT
  5
4A94
330
17
100
AcDbEntity
  8
BUSH
100
AcDbBlockReference
  2
МИСКАНТУС_КИТАЙСКИЙ
 10
137.05968571316942
 20
483.2605549612723
 30
0.0
  0
INSERT
  5
4A96
330
17
100
AcDbEntity
  8
BUSH
100
AcDbBlockReference
  2
МИСКАНТУС_КИТАЙСКИЙ
 10
138.19105656306792
 20
484.3919258111708
 30
0.0
  0
INSERT
  5
4A98
330
17
100
AcDbEntity
  8
BUSH
100
AcDbBlockReference
  2
ДЕРЕН_FLAVIRAMEA
 10
148.49977300362465
 20
494.7006422517275
 30
0.0
  0
INSERT
  5
4A9A
330
17
100
AcDbEntity
  8
BUSH
100
AcDbBlockReference
  2
ДЕРЕН_FLAVIRAMEA
 10
149.63114385352313
 20
495.832013101626
 30
0.0
  0
INSERT
  5
4A9C
330
17
100
AcDbEntity
  8
BUSH
100
AcDbBlockReference
  2
ДЕРЕН_FLAVIRAMEA
 10
150.7625147034216
 20
496.96338395152446
 30
0.0
  0
INSERT
  5
4A9E
330
17
100
AcDbEntity
  8
BUSH
100
AcDbBlockReference
  2
ДЕРЕН_FLAVIRAMEA
 10
151.89388555332008
 20
498.09475480142294
 30
0.0
  0
INSERT
  5
4AA0
330
17
100
AcDbEntity
  8
BUSH
100
AcDbBlockReference
  2
ДЕРЕН_SIBIRICA
 10
153.02525640321855
 20
499.2261256513214
 30
0.0
  0
INSERT
  5
4AA2
330
17
100
AcDbEntity
  8
BUSH
100
AcDbBlockReference
  2
ДЕРЕН_SIBIRICA
 10
154.15662725311702
 20
500.3574965012199
 30
0.0
  0
INSERT
  5
4AA4
330
17
100
AcDbEntity
  8
BUSH
100
AcDbBlockReference
  2
ДЕРЕН_SIBIRICA
 10
155.28799810301552
 20
501.48886735111836
 30
0.0
  0
INSERT
  5
4AA6
330
17
100
AcDbEntity
  8
BUSH
100
AcDbBlockReference
  2
ДЕРЕН_SIBIRICA
 10
160.9448523525079
 20
507.1457216006108
 30
0.0
  0
INSERT
  5
4AA8
330
17
100
AcDbEntity
  8
BUSH
100
AcDbBlockReference
  2
СПИРЕЯ_СЕРАЯ
 10
162.07622320240637
 20
508.27709245050926
 30
0.0
  0
INSERT
  5
4AAA
330
17
100
AcDbEntity
  8
BUSH
100
AcDbBlockReference
  2
СПИРЕЯ_СЕРАЯ
 10
163.20759405230484
 20
509.40846330040773
 30
0.0
  0
INSERT
  5
4AAC
330
17
100
AcDbEntity
  8
BUSH
100
AcDbBlockReference
  2
СПИРЕЯ_СЕРАЯ
 10
164.33896490220332
 20
510.5398341503062
 30
0.0
  0
INSERT
  5
4AAE
330
17
100
AcDbEntity
  8
BUSH
100
AcDbBlockReference
  2
СПИРЕЯ_СЕРАЯ
 10
165.4703357521018
 20
511.6712050002047
 30
0.0
  0
INSERT
  5
4AB0
330
17
100
AcDbEntity
  8
BUSH
100
AcDbBlockReference
  2
СПИРЕЯ_СЕРАЯ
 10
166.60170660200026
 20
512.8025758501032
 30
0.0
  0
INSERT
  5
4AB2
330
17
100
AcDbEntity
  8
BUSH
100
AcDbBlockReference
  2
МИСКАНТУС_КИТАЙСКИЙ
 10
167.73307745189874
 20
513.9339467000016
 30
0.0
  0
INSERT
  5
4AB4
330
17
100
AcDbEntity
  8
BUSH
100
AcDbBlockReference
  2
МИСКАНТУС_КИТАЙСКИЙ
 10
168.8644483017972
 20
515.0653175499001
 30
0.0
  0
INSERT
  5
4AB6
330
17
100
AcDbEntity
  8
BUSH
100
AcDbBlockReference
  2
МИСКАНТУС_КИТАЙСКИЙ
 10
169.99581915169568
 20
516.1966883997985
 30
0.0
  0
INSERT
  5
4AB8
330
17
100
AcDbEntity
  8
BUSH
100
AcDbBlockReference
  2
МИСКАНТУС_КИТАЙСКИЙ
 10
171.12719000159416
 20
517.328059249697
 30
0.0
  0
INSERT
  5
4ABA
330
17
100
AcDbEntity
  8
BUSH
100
AcDbBlockReference
  2
ДЕРЕН_FLAVIRAMEA
 10
172.25856085149263
 20
518.4594300995955
 30
0.0
  0
INSERT
  5
4ABC
330
17
100
AcDbEntity
  8
BUSH
100
AcDbBlockReference
  2
ДЕРЕН_FLAVIRAMEA
 10
173.38993170139113
 20
519.590800949494
 30
0.0
  0
INSERT
  5
4ABE
330
17
100
AcDbEntity
  8
BUSH
100
AcDbBlockReference
  2
ДЕРЕН_FLAVIRAMEA
 10
174.5213025512896
 20
520.7221717993925
 30
0.0
  0
INSERT
  5
4AC0
330
17
100
AcDbEntity
  8
BUSH
100
AcDbBlockReference
  2
ДЕРЕН_FLAVIRAMEA
 10
175.65267340118808
 20
521.853542649291
 30
0.0
  0
INSERT
  5
4AC2
330
17
100
AcDbEntity
  8
BUSH
100
AcDbBlockReference
  2
ДЕРЕН_SIBIRICA
 10
176.78404425108656
 20
522.9849134991895
 30
0.0
  0
INSERT
  5
4AC4
330
17
100
AcDbEntity
  8
BUSH
100
AcDbBlockReference
  2
ДЕРЕН_SIBIRICA
 10
177.91541510098503
 20
524.1162843490879
 30
0.0
  0
INSERT
  5
4AC6
330
17
100
AcDbEntity
  8
BUSH
100
AcDbBlockReference
  2
ДЕРЕН_SIBIRICA
 10
179.0467859508835
 20
525.2476551989864
 30
0.0
  0
INSERT
  5
4AC8
330
17
100
AcDbEntity
  8
BUSH
100
AcDbBlockReference
  2
ДЕРЕН_SIBIRICA
 10
180.17815680078198
 20
526.3790260488848
 30
0.0
  0
INSERT
  5
4ACA
330
17
100
AcDbEntity
  8
BUSH
100
AcDbBlockReference
  2
СПИРЕЯ_СЕРАЯ
 10
181.30952765068045
 20
527.5103968987834
 30
0.0
  0
INSERT
  5
4ACC
330
17
100
AcDbEntity
  8
BUSH
100
AcDbBlockReference
  2
СПИРЕЯ_СЕРАЯ
 10
182.44089850057892
 20
528.6417677486818
 30
0.0
  0
INSERT
  5
4ACE
330
17
100
AcDbEntity
  8
BUSH
100
AcDbBlockReference
  2
СПИРЕЯ_СЕРАЯ
 10
183.5722693504774
 20
529.7731385985803
 30
0.0
  0
INSERT
  5
4AD0
330
17
100
AcDbEntity
  8
BUSH
100
AcDbBlockReference
  2
СПИРЕЯ_СЕРАЯ
 10
184.70364020037587
 20
530.9045094484787
 30
0.0
  0
INSERT
  5
4AD2
330
17
100
AcDbEntity
  8
BUSH
100
AcDbBlockReference
  2
СПИРЕЯ_СЕРАЯ
 10
185.83501105027437
 20
532.0358802983773
 30
0.0
  0
INSERT
  5
4AD4
330
17
100
AcDbEntity
  8
BUSH
100
AcDbBlockReference
  2
МИСКАНТУС_КИТАЙСКИЙ
 10
188.09775275007132
 20
534.2986219981742
 30
0.0
  0
INSERT
  5
4AD6
330
17
100
AcDbEntity
  8
BUSH
100
AcDbBlockReference
  2
МИСКАНТУС_КИТАЙСКИЙ
 10
189.2291235999698
 20
535.4299928480726
 30
0.0
  0
INSERT
  5
4AD8
330
17
100
AcDbEntity
  8
BUSH
100
AcDbBlockReference
  2
МИСКАНТУС_КИТАЙСКИЙ
 10
190.36049444986827
 20
536.5613636979712
 30
0.0
  0
INSERT
  5
4ADA
330
17
100
AcDbEntity
  8
BUSH
100
AcDbBlockReference
  2
МИСКАНТУС_КИТАЙСКИЙ
 10
192.62323614966522
 20
538.8241053977681
 30
0.0
  0
INSERT
  5
4ADC
330
17
100
AcDbEntity
  8
BUSH
100
AcDbBlockReference
  2
ДЕРЕН_FLAVIRAMEA
 10
193.7546069995637
 20
539.9554762476665
 30
0.0
  0
INSERT
  5
4ADE
330
17
100
AcDbEntity
  8
BUSH
100
AcDbBlockReference
  2
ДЕРЕН_FLAVIRAMEA
 10
194.88597784946217
 20
541.086847097565
 30
0.0
  0
INSERT
  5
4AE0
330
17
100
AcDbEntity
  8
BUSH
100
AcDbBlockReference
  2
ДЕРЕН_FLAVIRAMEA
 10
196.01734869936064
 20
542.2182179474635
 30
0.0
  0
INSERT
  5
4AE2
330
17
100
AcDbEntity
  8
BUSH
100
AcDbBlockReference
  2
ДЕРЕН_FLAVIRAMEA
 10
197.1487195492591
 20
543.349588797362
 30
0.0
  0
INSERT
  5
4AE4
330
17
100
AcDbEntity
  8
BUSH
100
AcDbBlockReference
  2
ДЕРЕН_SIBIRICA
 10
135.92831486327094
 20
496.2713197351048
 30
0.0
  0
INSERT
  5
4AE6
330
17
100
AcDbEntity
  8
BUSH
100
AcDbBlockReference
  2
ДЕРЕН_SIBIRICA
 10
137.05968571316942
 20
497.40269058500326
 30
0.0
  0
INSERT
  5
4AE8
330
17
100
AcDbEntity
  8
BUSH
100
AcDbBlockReference
  2
ДЕРЕН_SIBIRICA
 10
138.19105656306792
 20
498.53406143490173
 30
0.0
  0
INSERT
  5
4AEA
330
17
100
AcDbEntity
  8
BUSH
100
AcDbBlockReference
  2
ДЕРЕН_SIBIRICA
 10
139.3224274129664
 20
499.6654322848002
 30
0.0
  0
INSERT
  5
4AEC
330
17
100
AcDbEntity
  8
BUSH
100
AcDbBlockReference
  2
СПИРЕЯ_СЕРАЯ
 10
140.45379826286486
 20
500.7968031346987
 30
0.0
  0
INSERT
  5
4AEE
330
17
100
AcDbEntity
  8
BUSH
100
AcDbBlockReference
  2
СПИРЕЯ_СЕРАЯ
 10
144.97928166245876
 20
505.3222865342926
 30
0.0
  0
INSERT
  5
4AF0
330
17
100
AcDbEntity
  8
BUSH
100
AcDbBlockReference
  2
СПИРЕЯ_СЕРАЯ
 10
146.11065251235723
 20
506.45365738419105
 30
0.0
  0
INSERT
  5
4AF2
330
17
100
AcDbEntity
  8
BUSH
100
AcDbBlockReference
  2
СПИРЕЯ_СЕРАЯ
 10
147.2420233622557
 20
507.5850282340895
 30
0.0
  0
INSERT
  5
4AF4
330
17
100
AcDbEntity
  8
BUSH
100
AcDbBlockReference
  2
СПИРЕЯ_СЕРАЯ
 10
148.3733942121542
 20
508.716399083988
 30
0.0
  0
INSERT
  5
4AF6
330
17
100
AcDbEntity
  8
BUSH
100
AcDbBlockReference
  2
МИСКАНТУС_КИТАЙСКИЙ
 10
149.50476506205268
 20
509.84776993388647
 30
0.0
  0
INSERT
  5
4AF8
330
17
100
AcDbEntity
  8
BUSH
100
AcDbBlockReference
  2
МИСКАНТУС_КИТАЙСКИЙ
 10
150.63613591195116
 20
510.97914078378494
 30
0.0
  0
INSERT
  5
4AFA
330
17
100
AcDbEntity
  8
BUSH
100
AcDbBlockReference
  2
МИСКАНТУС_КИТАЙСКИЙ
 10
151.76750676184963
 20
512.1105116336835
 30
0.0
  0
INSERT
  5
4AFC
330
17
100
AcDbEntity
  8
BUSH
100
AcDbBlockReference
  2
МИСКАНТУС_КИТАЙСКИЙ
 10
152.8988776117481
 20
513.2418824835819
 30
0.0
  0
INSERT
  5
4AFE
330
17
100
AcDbEntity
  8
BUSH
100
AcDbBlockReference
  2
ДЕРЕН_FLAVIRAMEA
 10
154.03024846164658
 20
514.3732533334804
 30
0.0
  0
INSERT
  5
4B00
330
17
100
AcDbEntity
  8
BUSH
100
AcDbBlockReference
  2
ДЕРЕН_FLAVIRAMEA
 10
155.16161931154505
 20
515.5046241833788
 30
0.0
  0
INSERT
  5
4B02
330
17
100
AcDbEntity
  8
BUSH
100
AcDbBlockReference
  2
ДЕРЕН_FLAVIRAMEA
 10
156.29299016144353
 20
516.6359950332774
 30
0.0
  0
INSERT
  5
4B04
330
17
100
AcDbEntity
  8
BUSH
100
AcDbBlockReference
  2
ДЕРЕН_FLAVIRAMEA
 10
157.424361011342
 20
517.7673658831758
 30
0.0
  0
INSERT
  5
4B06
330
17
100
AcDbEntity
  8
BUSH
100
AcDbBlockReference
  2
ДЕРЕН_SIBIRICA
 10
158.55573186124047
 20
518.8987367330743
 30
0.0
  0
INSERT
  5
4B08
330
17
100
AcDbEntity
  8
BUSH
100
AcDbBlockReference
  2
ДЕРЕН_SIBIRICA
 10
159.68710271113895
 20
520.0301075829727
 30
0.0
  0
INSERT
  5
4B0A
330
17
100
AcDbEntity
  8
BUSH
100
AcDbBlockReference
  2
ДЕРЕН_SIBIRICA
 10
160.81847356103742
 20
521.1614784328713
 30
0.0
  0
INSERT
  5
4B0C
330
17
100
AcDbEntity
  8
BUSH
100
AcDbBlockReference
  2
ДЕРЕН_SIBIRICA
 10
161.9498444109359
 20
522.2928492827697
 30
0.0
  0
INSERT
  5
4B0E
330
17
100
AcDbEntity
  8
BUSH
100
AcDbBlockReference
  2
СПИРЕЯ_СЕРАЯ
 10
163.0812152608344
 20
523.4242201326682
 30
0.0
  0
INSERT
  5
4B10
330
17
100
AcDbEntity
  8
BUSH
100
AcDbBlockReference
  2
СПИРЕЯ_СЕРАЯ
 10
164.21258611073287
 20
524.5555909825666
 30
0.0
  0
INSERT
  5
4B12
330
17
100
AcDbEntity
  8
BUSH
100
AcDbBlockReference
  2
СПИРЕЯ_СЕРАЯ
 10
165.34395696063135
 20
525.6869618324652
 30
0.0
  0
INSERT
  5
4B14
330
17
100
AcDbEntity
  8
BUSH
100
AcDbBlockReference
  2
СПИРЕЯ_СЕРАЯ
 10
166.47532781052982
 20
526.8183326823636
 30
0.0
  0
INSERT
  5
4B16
330
17
100
AcDbEntity
  8
BUSH
100
AcDbBlockReference
  2
СПИРЕЯ_СЕРАЯ
 10
167.60669866042832
 20
527.9497035322621
 30
0.0
  0
INSERT
  5
4B18
330
17
100
AcDbEntity
  8
BUSH
100
AcDbBlockReference
  2
МИСКАНТУС_КИТАЙСКИЙ
 10
168.7380695103268
 20
529.0810743821605
 30
0.0
  0
INSERT
  5
4B1A
330
17
100
AcDbEntity
  8
BUSH
100
AcDbBlockReference
  2
МИСКАНТУС_КИТАЙСКИЙ
 10
169.86944036022527
 20
530.212445232059
 30
0.0
  0
INSERT
  5
4B1C
330
17
100
AcDbEntity
  8
BUSH
100
AcDbBlockReference
  2
МИСКАНТУС_КИТАЙСКИЙ
 10
171.00081121012374
 20
531.3438160819575
 30
0.0
  0
INSERT
  5
4B1E
330
17
100
AcDbEntity
  8
BUSH
100
AcDbBlockReference
  2
МИСКАНТУС_КИТАЙСКИЙ
 10
172.1321820600222
 20
532.475186931856
 30
0.0
  0
INSERT
  5
4B20
330
17
100
AcDbEntity
  8
BUSH
100
AcDbBlockReference
  2
ДЕРЕН_FLAVIRAMEA
 10
173.2635529099207
 20
533.6065577817544
 30
0.0
  0
INSERT
  5
4B22
330
17
100
AcDbEntity
  8
BUSH
100
AcDbBlockReference
  2
ДЕРЕН_FLAVIRAMEA
 10
174.39492375981916
 20
534.737928631653
 30
0.0
  0
INSERT
  5
4B24
330
17
100
AcDbEntity
  8
BUSH
100
AcDbBlockReference
  2
ДЕРЕН_FLAVIRAMEA
 10
175.52629460971764
 20
535.8692994815514
 30
0.0
  0
INSERT
  5
4B26
330
17
100
AcDbEntity
  8
BUSH
100
AcDbBlockReference
  2
ДЕРЕН_FLAVIRAMEA
 10
176.6576654596161
 20
537.0006703314499
 30
0.0
  0
INSERT
  5
4B28
330
17
100
AcDbEntity
  8
BUSH
100
AcDbBlockReference
  2
ДЕРЕН_SIBIRICA
 10
177.7890363095146
 20
538.1320411813483
 30
0.0
  0
INSERT
  5
4B2A
330
17
100
AcDbEntity
  8
BUSH
100
AcDbBlockReference
  2
ДЕРЕН_SIBIRICA
 10
178.92040715941306
 20
539.2634120312468
 30
0.0
  0
INSERT
  5
4B2C
330
17
100
AcDbEntity
  8
BUSH
100
AcDbBlockReference
  2
ДЕРЕН_SIBIRICA
 10
180.05177800931153
 20
540.3947828811454
 30
0.0
  0
INSERT
  5
4B2E
330
17
100
AcDbEntity
  8
BUSH
100
AcDbBlockReference
  2
ДЕРЕН_SIBIRICA
 10
181.18314885921
 20
541.5261537310438
 30
0.0
  0
INSERT
  5
4B30
330
17
100
AcDbEntity
  8
BUSH
100
AcDbBlockReference
  2
СПИРЕЯ_СЕРАЯ
 10
182.31451970910848
 20
542.6575245809422
 30
0.0
  0
INSERT
  5
4B32
330
17
100
AcDbEntity
  8
BUSH
100
AcDbBlockReference
  2
СПИРЕЯ_СЕРАЯ
 10
184.57726140890546
 20
544.9202662807393
 30
0.0
  0
INSERT
  5
4B34
330
17
100
AcDbEntity
  8
BUSH
100
AcDbBlockReference
  2
СПИРЕЯ_СЕРАЯ
 10
185.70863225880393
 20
546.0516371306377
 30
0.0
  0
INSERT
  5
4B36
330
17
100
AcDbEntity
  8
BUSH
100
AcDbBlockReference
  2
СПИРЕЯ_СЕРАЯ
 10
187.97137395860088
 20
548.3143788304346
 30
0.0
  0
INSERT
  5
4B38
330
17
100
AcDbEntity
  8
BUSH
100
AcDbBlockReference
  2
СПИРЕЯ_СЕРАЯ
 10
189.10274480849935
 20
549.4457496803332
 30
0.0
  0
INSERT
  5
4B3A
330
17
100
AcDbEntity
  8
BUSH
100
AcDbBlockReference
  2
МИСКАНТУС_КИТАЙСКИЙ
 10
190.23411565839785
 20
550.5771205302316
 30
0.0
  0
INSERT
  5
4B3C
330
17
100
AcDbEntity
  8
BUSH
100
AcDbBlockReference
  2
МИСКАНТУС_КИТАЙСКИЙ
 10
191.36548650829633
 20
551.7084913801301
 30
0.0
  0
INSERT
  5
4B3E
330
17
100
AcDbEntity
  8
BUSH
100
AcDbBlockReference
  2
МИСКАНТУС_КИТАЙСКИЙ
 10
192.4968573581948
 20
552.8398622300285
 30
0.0
  0
INSERT
  5
4B40
330
17
100
AcDbEntity
  8
BUSH
100
AcDbBlockReference
  2
МИСКАНТУС_КИТАЙСКИЙ
 10
193.62822820809328
 20
553.9712330799271
 30
0.0
  0
INSERT
  5
4B42
330
17
100
AcDbEntity
  8
BUSH
100
AcDbBlockReference
  2
ДЕРЕН_FLAVIRAMEA
 10
194.75959905799175
 20
555.1026039298255
 30
0.0
  0
INSERT
  5
4B44
330
17
100
AcDbEntity
  8
BUSH
100
AcDbBlockReference
  2
ДЕРЕН_FLAVIRAMEA
 10
195.89096990789022
 20
556.233974779724
 30
0.0
  0
INSERT
  5
4B46
330
17
100
AcDbEntity
  8
BUSH
100
AcDbBlockReference
  2
ДЕРЕН_FLAVIRAMEA
 10
197.0223407577887
 20
557.3653456296224
 30
0.0
  0
INSERT
  5
4B48
330
17
100
AcDbEntity
  8
BUSH
100
AcDbBlockReference
  2
ДЕРЕН_FLAVIRAMEA
 10
115.56363956509837
 20
490.04878006066315
 30
0.0
  0
INSERT
  5
4B4A
330
17
100
AcDbEntity
  8
BUSH
100
AcDbBlockReference
  2
ДЕРЕН_SIBIRICA
 10
133.665573163474
 20
508.1507136590388
 30
0.0
  0
INSERT
  5
4B4C
330
17
100
AcDbEntity
  8
BUSH
100
AcDbBlockReference
  2
ДЕРЕН_SIBIRICA
 10
140.45379826286486
 20
514.9389387584296
 30
0.0
  0
INSERT
  5
4B4E
330
17
100
AcDbEntity
  8
BUSH
100
AcDbBlockReference
  2
ДЕРЕН_SIBIRICA
 10
141.58516911276334
 20
516.0703096083281
 30
0.0
  0
INSERT
  5
4B50
330
17
100
AcDbEntity
  8
BUSH
100
AcDbBlockReference
  2
ДЕРЕН_SIBIRICA
 10
142.7165399626618
 20
517.2016804582265
 30
0.0
  0
INSERT
  5
4B52
330
17
100
AcDbEntity
  8
BUSH
100
AcDbBlockReference
  2
СПИРЕЯ_СЕРАЯ
 10
143.8479108125603
 20
518.333051308125
 30
0.0
  0
INSERT
  5
4B54
330
17
100
AcDbEntity
  8
BUSH
100
AcDbBlockReference
  2
СПИРЕЯ_СЕРАЯ
 10
144.97928166245876
 20
519.4644221580236
 30
0.0
  0
INSERT
  5
4B56
330
17
100
AcDbEntity
  8
BUSH
100
AcDbBlockReference
  2
СПИРЕЯ_СЕРАЯ
 10
146.11065251235723
 20
520.595793007922
 30
0.0
  0
INSERT
  5
4B58
330
17
100
AcDbEntity
  8
BUSH
100
AcDbBlockReference
  2
СПИРЕЯ_СЕРАЯ
 10
147.2420233622557
 20
521.7271638578204
 30
0.0
  0
INSERT
  5
4B5A
330
17
100
AcDbEntity
  8
BUSH
100
AcDbBlockReference
  2
СПИРЕЯ_СЕРАЯ
 10
148.37339421215418
 20
522.858534707719
 30
0.0
  0
INSERT
  5
4B5C
330
17
100
AcDbEntity
  8
BUSH
100
AcDbBlockReference
  2
МИСКАНТУС_КИТАЙСКИЙ
 10
149.50476506205268
 20
523.9899055576175
 30
0.0
  0
INSERT
  5
4B5E
330
17
100
AcDbEntity
  8
BUSH
100
AcDbBlockReference
  2
МИСКАНТУС_КИТАЙСКИЙ
 10
150.63613591195116
 20
525.1212764075159
 30
0.0
  0
INSERT
  5
4B60
330
17
100
AcDbEntity
  8
BUSH
100
AcDbBlockReference
  2
МИСКАНТУС_КИТАЙСКИЙ
 10
151.76750676184963
 20
526.2526472574144
 30
0.0
  0
INSERT
  5
4B62
330
17
100
AcDbEntity
  8
BUSH
100
AcDbBlockReference
  2
МИСКАНТУС_КИТАЙСКИЙ
 10
152.8988776117481
 20
527.3840181073128
 30
0.0
  0
INSERT
  5
4B64
330
17
100
AcDbEntity
  8
BUSH
100
AcDbBlockReference
  2
ДЕРЕН_FLAVIRAMEA
 10
154.03024846164658
 20
528.5153889572114
 30
0.0
  0
INSERT
  5
4B66
330
17
100
AcDbEntity
  8
BUSH
100
AcDbBlockReference
  2
ДЕРЕН_FLAVIRAMEA
 10
155.16161931154505
 20
529.6467598071098
 30
0.0
  0
INSERT
  5
4B68
330
17
100
AcDbEntity
  8
BUSH
100
AcDbBlockReference
  2
ДЕРЕН_FLAVIRAMEA
 10
156.29299016144353
 20
530.7781306570083
 30
0.0
  0
INSERT
  5
4B6A
330
17
100
AcDbEntity
  8
BUSH
100
AcDbBlockReference
  2
ДЕРЕН_FLAVIRAMEA
 10
186.84000310870238
 20
561.3251436042672
 30
0.0
  0
INSERT
  5
4B6C
330
17
100
AcDbEntity
  8
BUSH
100
AcDbBlockReference
  2
ДЕРЕН_SIBIRICA
 10
187.97137395860085
 20
562.4565144541656
 30
0.0
  0
INSERT
  5
4B6E
330
17
100
AcDbEntity
  8
BUSH
100
AcDbBlockReference
  2
ДЕРЕН_SIBIRICA
 10
189.10274480849932
 20
563.5878853040641
 30
0.0
  0
INSERT
  5
4B70
330
17
100
AcDbEntity
  8
BUSH
100
AcDbBlockReference
  2
ДЕРЕН_SIBIRICA
 10
190.23411565839783
 20
564.7192561539625
 30
0.0
  0
INSERT
  5
4B72
330
17
100
AcDbEntity
  8
BUSH
100
AcDbBlockReference
  2
ДЕРЕН_SIBIRICA
 10
199.28508245758564
 20
573.7702229531503
 30
0.0
  0
INSERT
  5
4B74
330
17
100
AcDbEntity
  8
TREE
100
AcDbBlockReference
  2
BEREZA
 10
147.94913014344226
 20
522.4342706390071
 30
0.0
  0
INSERT
  5
4B76
330
17
100
AcDbEntity
  8
TREE
100
AcDbBlockReference
  2
BEREZA
 10
187.54710988988893
 20
562.0322503854537
 30
0.0
  0
INSERT
  5
4B78
330
17
100
AcDbEntity
  8
BUSH
100
AcDbBlockReference
  2
СПИРЕЯ_СЕРАЯ
 10
133.60584640293118
 20
522.233122522227
 30
0.0
  0
INSERT
  5
4B7A
330
17
100
AcDbEntity
  8
BUSH
100
AcDbBlockReference
  2
СПИРЕЯ_СЕРАЯ
 10
134.73721725282965
 20
523.3644933721254
 30
0.0
  0
INSERT
  5
4B7C
330
17
100
AcDbEntity
  8
BUSH
100
AcDbBlockReference
  2
СПИРЕЯ_СЕРАЯ
 10
135.86858810272813
 20
524.4958642220239
 30
0.0
  0
INSERT
  5
4B7E
330
17
100
AcDbEntity
  8
BUSH
100
AcDbBlockReference
  2
СПИРЕЯ_СЕРАЯ
 10
140.39407150232205
 20
529.0213476216178
 30
0.0
  0
INSERT
  5
4B80
330
17
100
AcDbEntity
  8
BUSH
100
AcDbBlockReference
  2
СПИРЕЯ_СЕРАЯ
 10
141.52544235222052
 20
530.1527184715163
 30
0.0
  0
INSERT
  5
4B82
330
17
100
AcDbEntity
  8
BUSH
100
AcDbBlockReference
  2
МИСКАНТУС_КИТАЙСКИЙ
 10
142.656813202119
 20
531.2840893214147
 30
0.0
  0
INSERT
  5
4B84
330
17
100
AcDbEntity
  8
BUSH
100
AcDbBlockReference
  2
МИСКАНТУС_КИТАЙСКИЙ
 10
184.51753464836258
 20
573.1448107676583
 30
0.0
  0
INSERT
  5
4B86
330
17
100
AcDbEntity
  8
BUSH
100
AcDbBlockReference
  2
МИСКАНТУС_КИТАЙСКИЙ
 10
104.19416128848496
 20
506.96357303151166
 30
0.0
  0
INSERT
  5
4B88
330
17
100
AcDbEntity
  8
BUSH
100
AcDbBlockReference
  2
МИСКАНТУС_КИТАЙСКИЙ
 10
105.32553213838345
 20
508.09494388141013
 30
0.0
  0
INSERT
  5
4B8A
330
17
100
AcDbEntity
  8
BUSH
100
AcDbBlockReference
  2
ДЕРЕН_FLAVIRAMEA
 10
172.07641228239356
 20
574.8458240254201
 30
0.0
  0
INSERT
  5
4B8C
330
17
100
AcDbEntity
  8
BUSH
100
AcDbBlockReference
  2
ДЕРЕН_FLAVIRAMEA
 10
173.20778313229204
 20
575.9771948753187
 30
0.0
  0
INSERT
  5
4B8E
330
17
100
AcDbEntity
  8
BUSH
100
AcDbBlockReference
  2
ДЕРЕН_FLAVIRAMEA
 10
89.69234942390412
 20
506.60389679066174
 30
0.0
  0
INSERT
  5
4B90
330
17
100
AcDbEntity
  8
BUSH
100
AcDbBlockReference
  2
ДЕРЕН_FLAVIRAMEA
 10
90.82372027380259
 20
507.7352676405602
 30
0.0
  0
INSERT
  5
4B92
330
17
100
AcDbEntity
  8
BUSH
100
AcDbBlockReference
  2
ДЕРЕН_SIBIRICA
 10
113.45113727177213
 20
530.3626846385297
 30
0.0
  0
INSERT
  5
4B94
330
17
100
AcDbEntity
  8
BUSH
100
AcDbBlockReference
  2
ДЕРЕН_SIBIRICA
 10
115.71387897156907
 20
532.6254263383266
 30
0.0
  0
INSERT
  5
4B96
330
17
100
AcDbEntity
  8
BUSH
100
AcDbBlockReference
  2
ДЕРЕН_SIBIRICA
 10
155.31185871801574
 20
572.2234060847734
 30
0.0
  0
INSERT
  5
4B98
330
17
100
AcDbEntity
  8
BUSH
100
AcDbBlockReference
  2
ДЕРЕН_SIBIRICA
 10
158.70597126771116
 20
575.6175186344688
 30
0.0
  0
INSERT
  5
4B9A
330
17
100
AcDbEntity
  8
BUSH
100
AcDbBlockReference
  2
СПИРЕЯ_СЕРАЯ
 10
159.83734211760964
 20
576.7488894843673
 30
0.0
  0
INSERT
  5
4B9C
330
17
100
AcDbEntity
  8
BUSH
100
AcDbBlockReference
  2
СПИРЕЯ_СЕРАЯ
 10
160.9687129675081
 20
577.8802603342657
 30
0.0
  0
INSERT
  5
4B9E
330
17
100
AcDbEntity
  8
BUSH
100
AcDbBlockReference
  2
СПИРЕЯ_СЕРАЯ
 10
74.07112338011605
 20
505.12480637060463
 30
0.0
  0
INSERT
  5
4BA0
330
17
100
AcDbEntity
  8
BUSH
100
AcDbBlockReference
  2
СПИРЕЯ_СЕРАЯ
 10
76.33386507991301
 20
507.3875480704016
 30
0.0
  0
INSERT
  5
4BA2
330
17
100
AcDbEntity
  8
BUSH
100
AcDbBlockReference
  2
СПИРЕЯ_СЕРАЯ
 10
77.46523592981148
 20
508.51891892030005
 30
0.0
  0
INSERT
  5
4BA4
330
17
100
AcDbEntity
  8
BUSH
100
AcDbBlockReference
  2
МИСКАНТУС_КИТАЙСКИЙ
 10
94.43579867828863
 20
525.4894816687772
 30
0.0
  0
INSERT
  5
4BA6
330
17
100
AcDbEntity
  8
BUSH
100
AcDbBlockReference
  2
МИСКАНТУС_КИТАЙСКИЙ
 10
141.49100864963006
 20
572.5446916401187
 30
0.0
  0
INSERT
  5
4BA8
330
17
100
AcDbEntity
  8
BUSH
100
AcDbBlockReference
  2
МИСКАНТУС_КИТАЙСКИЙ
 10
142.62237949952853
 20
573.6760624900171
 30
0.0
  0
INSERT
  5
4BAA
330
17
100
AcDbEntity
  8
BUSH
100
AcDbBlockReference
  2
МИСКАНТУС_КИТАЙСКИЙ
 10
144.8851211993255
 20
575.938804189814
 30
0.0
  0
INSERT
  5
4BAC
330
17
100
AcDbEntity
  8
BUSH
100
AcDbBlockReference
  2
ДЕРЕН_FLAVIRAMEA
 10
146.01649204922398
 20
577.0701750397126
 30
0.0
  0
INSERT
  5
4BAE
330
17
100
AcDbEntity
  8
BUSH
100
AcDbBlockReference
  2
ДЕРЕН_FLAVIRAMEA
 10
147.14786289912246
 20
578.201545889611
 30
0.0
  0
INSERT
  5
4BB0
330
17
100
AcDbEntity
  8
BUSH
100
AcDbBlockReference
  2
ДЕРЕН_FLAVIRAMEA
 10
148.27923374902093
 20
579.3329167395095
 30
0.0
  0
INSERT
  5
4BB2
330
17
100
AcDbEntity
  8
BUSH
100
AcDbBlockReference
  2
ДЕРЕН_FLAVIRAMEA
 10
149.4106045989194
 20
580.4642875894081
 30
0.0
  0
INSERT
  5
4BB4
330
17
100
AcDbEntity
  8
BUSH
100
AcDbBlockReference
  2
ДЕРЕН_SIBIRICA
 10
150.54197544881788
 20
581.5956584393065
 30
0.0
  0
INSERT
  5
4BB6
330
17
100
AcDbEntity
  8
BUSH
100
AcDbBlockReference
  2
ДЕРЕН_SIBIRICA
 10
59.80743160376534
 20
505.0032502179849
 30
0.0
  0
INSERT
  5
4BB8
330
17
100
AcDbEntity
  8
BUSH
100
AcDbBlockReference
  2
ДЕРЕН_SIBIRICA
 10
62.07017330356229
 20
507.26599191778183
 30
0.0
  0
INSERT
  5
4BBA
330
17
100
AcDbEntity
  8
BUSH
100
AcDbBlockReference
  2
ДЕРЕН_SIBIRICA
 10
63.201544153460766
 20
508.3973627676803
 30
0.0
  0
INSERT
  5
4BBC
330
17
100
AcDbEntity
  8
BUSH
100
AcDbBlockReference
  2
СПИРЕЯ_СЕРАЯ
 10
80.17210690193791
 20
525.3679255161575
 30
0.0
  0
INSERT
  5
4BBE
330
17
100
AcDbEntity
  8
BUSH
100
AcDbBlockReference
  2
СПИРЕЯ_СЕРАЯ
 10
81.3034777518364
 20
526.4992963660559
 30
0.0
  0
INSERT
  5
4BC0
330
17
100
AcDbEntity
  8
BUSH
100
AcDbBlockReference
  2
СПИРЕЯ_СЕРАЯ
 10
82.43484860173487
 20
527.6306672159544
 30
0.0
  0
INSERT
  5
4BC2
330
17
100
AcDbEntity
  8
BUSH
100
AcDbBlockReference
  2
СПИРЕЯ_СЕРАЯ
 10
83.56621945163334
 20
528.7620380658528
 30
0.0
  0
INSERT
  5
4BC4
330
17
100
AcDbEntity
  8
BUSH
100
AcDbBlockReference
  2
СПИРЕЯ_СЕРАЯ
 10
84.69759030153182
 20
529.8934089157514
 30
0.0
  0
INSERT
  5
4BC6
330
17
100
AcDbEntity
  8
BUSH
100
AcDbBlockReference
  2
МИСКАНТУС_КИТАЙСКИЙ
 10
115.16402686770408
 20
560.3598454819237
 30
0.0
  0
INSERT
  5
4BC8
330
17
100
AcDbEntity
  8
BUSH
100
AcDbBlockReference
  2
МИСКАНТУС_КИТАЙСКИЙ
 10
116.29539771760255
 20
561.4912163318222
 30
0.0
  0
INSERT
  5
4BCA
330
17
100
AcDbEntity
  8
BUSH
100
AcDbBlockReference
  2
МИСКАНТУС_КИТАЙСКИЙ
 10
117.42676856750104
 20
562.6225871817206
 30
0.0
  0
INSERT
  5
4BCC
330
17
100
AcDbEntity
  8
BUSH
100
AcDbBlockReference
  2
МИСКАНТУС_КИТАЙСКИЙ
 10
118.55813941739952
 20
563.7539580316192
 30
0.0
  0
INSERT
  5
4BCE
330
17
100
AcDbEntity
  8
BUSH
100
AcDbBlockReference
  2
ДЕРЕН_FLAVIRAMEA
 10
121.95225196709494
 20
567.1480705813145
 30
0.0
  0
INSERT
  5
4BD0
330
17
100
AcDbEntity
  8
BUSH
100
AcDbBlockReference
  2
ДЕРЕН_FLAVIRAMEA
 10
134.3973313159782
 20
579.5931499301978
 30
0.0
  0
INSERT
  5
4BD2
330
17
100
AcDbEntity
  8
BUSH
100
AcDbBlockReference
  2
ДЕРЕН_FLAVIRAMEA
 10
143.44829811516598
 20
588.6441167293856
 30
0.0
  0
INSERT
  5
4BD4
330
17
100
AcDbEntity
  8
BUSH
100
AcDbBlockReference
  2
ДЕРЕН_FLAVIRAMEA
 10
144.57966896506446
 20
589.7754875792841
 30
0.0
  0
INSERT
  5
4BD6
330
17
100
AcDbEntity
  8
BUSH
100
AcDbBlockReference
  2
ДЕРЕН_SIBIRICA
 10
145.71103981496293
 20
590.9068584291825
 30
0.0
  0
INSERT
  5
4BD8
330
17
100
AcDbEntity
  8
BUSH
100
AcDbBlockReference
  2
ДЕРЕН_SIBIRICA
 10
146.8424106648614
 20
592.0382292790811
 30
0.0
  0
INSERT
  5
4BDA
330
17
100
AcDbEntity
  8
BUSH
100
AcDbBlockReference
  2
ДЕРЕН_SIBIRICA
 10
147.97378151475988
 20
593.1696001289795
 30
0.0
  0
INSERT
  5
4BDC
330
17
100
AcDbEntity
  8
BUSH
100
AcDbBlockReference
  2
ДЕРЕН_SIBIRICA
 10
149.10515236465835
 20
594.300970978878
 30
0.0
  0
INSERT
  5
4BDE
330
17
100
AcDbEntity
  8
BUSH
100
AcDbBlockReference
  2
СПИРЕЯ_СЕРАЯ
 10
150.23652321455683
 20
595.4323418287764
 30
0.0
  0
INSERT
  5
4BE0
330
17
100
AcDbEntity
  8
BUSH
100
AcDbBlockReference
  2
СПИРЕЯ_СЕРАЯ
 10
151.36789406445533
 20
596.563712678675
 30
0.0
  0
INSERT
  5
4BE2
330
17
100
AcDbEntity
  8
BUSH
100
AcDbBlockReference
  2
СПИРЕЯ_СЕРАЯ
 10
152.4992649143538
 20
597.6950835285734
 30
0.0
  0
INSERT
  5
4BE4
330
17
100
AcDbEntity
  8
BUSH
100
AcDbBlockReference
  2
СПИРЕЯ_СЕРАЯ
 10
153.63063576425228
 20
598.8264543784719
 30
0.0
  0
INSERT
  5
4BE6
330
17
100
AcDbEntity
  8
BUSH
100
AcDbBlockReference
  2
СПИРЕЯ_СЕРАЯ
 10
55.85695019617227
 20
515.1949044341227
 30
0.0
  0
INSERT
  5
4BE8
330
17
100
AcDbEntity
  8
BUSH
100
AcDbBlockReference
  2
МИСКАНТУС_КИТАЙСКИЙ
 10
66.03928784525857
 20
525.377242083209
 30
0.0
  0
INSERT
  5
4BEA
330
17
100
AcDbEntity
  8
BUSH
100
AcDbBlockReference
  2
МИСКАНТУС_КИТАЙСКИЙ
 10
67.17065869515706
 20
526.5086129331074
 30
0.0
  0
INSERT
  5
4BEC
330
17
100
AcDbEntity
  8
BUSH
100
AcDbBlockReference
  2
МИСКАНТУС_КИТАЙСКИЙ
 10
68.30202954505553
 20
527.639983783006
 30
0.0
  0
INSERT
  5
4BEE
330
17
100
AcDbEntity
  8
BUSH
100
AcDbBlockReference
  2
МИСКАНТУС_КИТАЙСКИЙ
 10
69.43340039495402
 20
528.7713546329044
 30
0.0
  0
INSERT
  5
4BF0
330
17
100
AcDbEntity
  8
BUSH
100
AcDbBlockReference
  2
ДЕРЕН_FLAVIRAMEA
 10
70.5647712448525
 20
529.9027254828029
 30
0.0
  0
INSERT
  5
4BF2
330
17
100
AcDbEntity
  8
TREE
100
AcDbBlockReference
  2
BEREZA
 10
69.57482175119132
 20
528.9127759891418
 30
0.0
  0
INSERT
  5
4BF4
330
17
100
AcDbEntity
  8
BUSH
100
AcDbBlockReference
  2
ДЕРЕН_FLAVIRAMEA
 10
111.89599193350702
 20
571.2339461714574
 30
0.0
  0
INSERT
  5
4BF6
330
17
100
AcDbEntity
  8
BUSH
100
AcDbBlockReference
  2
ДЕРЕН_FLAVIRAMEA
 10
114.15873363330397
 20
573.4966878712544
 30
0.0
  0
INSERT
  5
4BF8
330
17
100
AcDbEntity
  8
BUSH
100
AcDbBlockReference
  2
ДЕРЕН_FLAVIRAMEA
 10
115.29010448320244
 20
574.6280587211529
 30
0.0
  0
INSERT
  5
4BFA
330
17
100
AcDbEntity
  8
BUSH
100
AcDbBlockReference
  2
ДЕРЕН_SIBIRICA
 10
116.42147533310091
 20
575.7594295710513
 30
0.0
  0
INSERT
  5
4BFC
330
17
100
AcDbEntity
  8
BUSH
100
AcDbBlockReference
  2
ДЕРЕН_SIBIRICA
 10
118.68421703289788
 20
578.0221712708483
 30
0.0
  0
INSERT
  5
4BFE
330
17
100
AcDbEntity
  8
BUSH
100
AcDbBlockReference
  2
ДЕРЕН_SIBIRICA
 10
120.94695873269482
 20
580.2849129706452
 30
0.0
  0
INSERT
  5
4C00
330
17
100
AcDbEntity
  8
BUSH
100
AcDbBlockReference
  2
ДЕРЕН_SIBIRICA
 10
122.0783295825933
 20
581.4162838205438
 30
0.0
  0
INSERT
  5
4C02
330
17
100
AcDbEntity
  8
BUSH
100
AcDbBlockReference
  2
СПИРЕЯ_СЕРАЯ
 10
133.39203808157805
 20
592.7299923195285
 30
0.0
  0
INSERT
  5
4C04
330
17
100
AcDbEntity
  8
BUSH
100
AcDbBlockReference
  2
СПИРЕЯ_СЕРАЯ
 10
135.65477978137503
 20
594.9927340193254
 30
0.0
  0
INSERT
  5
4C06
330
17
100
AcDbEntity
  8
BUSH
100
AcDbBlockReference
  2
СПИРЕЯ_СЕРАЯ
 10
136.7861506312735
 20
596.1241048692239
 30
0.0
  0
INSERT
  5
4C08
330
17
100
AcDbEntity
  8
BUSH
100
AcDbBlockReference
  2
СПИРЕЯ_СЕРАЯ
 10
137.91752148117197
 20
597.2554757191224
 30
0.0
  0
INSERT
  5
4C0A
330
17
100
AcDbEntity
  8
BUSH
100
AcDbBlockReference
  2
СПИРЕЯ_СЕРАЯ
 10
139.04889233107045
 20
598.3868465690209
 30
0.0
  0
INSERT
  5
4C0C
330
17
100
AcDbEntity
  8
BUSH
100
AcDbBlockReference
  2
МИСКАНТУС_КИТАЙСКИЙ
 10
140.18026318096892
 20
599.5182174189193
 30
0.0
  0
INSERT
  5
4C0E
330
17
100
AcDbEntity
  8
BUSH
100
AcDbBlockReference
  2
МИСКАНТУС_КИТАЙСКИЙ
 10
141.3116340308674
 20
600.6495882688179
 30
0.0
  0
INSERT
  5
4C10
330
17
100
AcDbEntity
  8
BUSH
100
AcDbBlockReference
  2
МИСКАНТУС_КИТАЙСКИЙ
 10
142.44300488076587
 20
601.7809591187163
 30
0.0
  0
INSERT
  5
4C12
330
17
100
AcDbEntity
  8
BUSH
100
AcDbBlockReference
  2
МИСКАНТУС_КИТАЙСКИЙ
 10
143.57437573066434
 20
602.9123299686148
 30
0.0
  0
INSERT
  5
4C14
330
17
100
AcDbEntity
  8
TREE
100
AcDbBlockReference
  2
BEREZA
 10
137.49325741246003
 20
596.8312116504104
 30
0.0
  0
INSERT
  5
4C16
330
17
100
AcDbEntity
  8
BUSH
100
AcDbBlockReference
  2
ДЕРЕН_FLAVIRAMEA
 10
55.76614690264552
 20
529.2462367643269
 30
0.0
  0
INSERT
  5
4C18
330
17
100
AcDbEntity
  8
BUSH
100
AcDbBlockReference
  2
ДЕРЕН_FLAVIRAMEA
 10
56.897517752544
 20
530.3776076142254
 30
0.0
  0
INSERT
  5
4C1A
330
17
100
AcDbEntity
  8
BUSH
100
AcDbBlockReference
  2
ДЕРЕН_FLAVIRAMEA
 10
106.15331612317398
 20
579.6334059848555
 30
0.0
  0
INSERT
  5
4C1C
330
17
100
AcDbEntity
  8
BUSH
100
AcDbBlockReference
  2
ДЕРЕН_FLAVIRAMEA
 10
109.54742867286942
 20
583.0275185345508
 30
0.0
  0
INSERT
  5
4C1E
330
17
100
AcDbEntity
  8
BUSH
100
AcDbBlockReference
  2
ДЕРЕН_SIBIRICA
 10
110.67879952276789
 20
584.1588893844494
 30
0.0
  0
INSERT
  5
4C20
330
17
100
AcDbEntity
  8
BUSH
100
AcDbBlockReference
  2
ДЕРЕН_SIBIRICA
 10
111.81017037266636
 20
585.2902602343478
 30
0.0
  0
INSERT
  5
4C22
330
17
100
AcDbEntity
  8
BUSH
100
AcDbBlockReference
  2
ДЕРЕН_SIBIRICA
 10
112.94154122256484
 20
586.4216310842463
 30
0.0
  0
INSERT
  5
4C24
330
17
100
AcDbEntity
  8
BUSH
100
AcDbBlockReference
  2
ДЕРЕН_SIBIRICA
 10
114.07291207246332
 20
587.5530019341447
 30
0.0
  0
INSERT
  5
4C26
330
17
100
AcDbEntity
  8
BUSH
100
AcDbBlockReference
  2
СПИРЕЯ_СЕРАЯ
 10
115.2042829223618
 20
588.6843727840433
 30
0.0
  0
INSERT
  5
4C28
330
17
100
AcDbEntity
  8
BUSH
100
AcDbBlockReference
  2
СПИРЕЯ_СЕРАЯ
 10
116.33565377226029
 20
589.8157436339417
 30
0.0
  0
INSERT
  5
4C2A
330
17
100
AcDbEntity
  8
BUSH
100
AcDbBlockReference
  2
СПИРЕЯ_СЕРАЯ
 10
117.46702462215876
 20
590.9471144838402
 30
0.0
  0
INSERT
  5
4C2C
330
17
100
AcDbEntity
  8
BUSH
100
AcDbBlockReference
  2
СПИРЕЯ_СЕРАЯ
 10
118.59839547205723
 20
592.0784853337386
 30
0.0
  0
INSERT
  5
4C2E
330
17
100
AcDbEntity
  8
BUSH
100
AcDbBlockReference
  2
СПИРЕЯ_СЕРАЯ
 10
119.72976632195571
 20
593.2098561836372
 30
0.0
  0
INSERT
  5
4C30
330
17
100
AcDbEntity
  8
BUSH
100
AcDbBlockReference
  2
МИСКАНТУС_КИТАЙСКИЙ
 10
120.86113717185418
 20
594.3412270335356
 30
0.0
  0
INSERT
  5
4C32
330
17
100
AcDbEntity
  8
BUSH
100
AcDbBlockReference
  2
МИСКАНТУС_КИТАЙСКИЙ
 10
103.81821936140899
 20
591.4404448468214
 30
0.0
  0
INSERT
  5
4C34
330
17
100
AcDbEntity
  8
BUSH
100
AcDbBlockReference
  2
МИСКАНТУС_КИТАЙСКИЙ
 10
104.94959021130747
 20
592.5718156967198
 30
0.0
  0
INSERT
  5
4C36
330
17
100
AcDbEntity
  8
BUSH
100
AcDbBlockReference
  2
МИСКАНТУС_КИТАЙСКИЙ
 10
106.08096106120595
 20
593.7031865466183
 30
0.0
  0
INSERT
  5
4C38
330
17
100
AcDbEntity
  8
BUSH
100
AcDbBlockReference
  2
ДЕРЕН_FLAVIRAMEA
 10
107.21233191110443
 20
594.8345573965167
 30
0.0
  0
INSERT
  5
4C3A
330
17
100
AcDbEntity
  8
BUSH
100
AcDbBlockReference
  2
ДЕРЕН_FLAVIRAMEA
 10
108.3437027610029
 20
595.9659282464153
 30
0.0
  0
INSERT
  5
4C3C
330
17
100
AcDbEntity
  8
BUSH
100
AcDbBlockReference
  2
ДЕРЕН_FLAVIRAMEA
 10
109.47507361090138
 20
597.0972990963137
 30
0.0
  0
INSERT
  5
4C3E
330
17
100
AcDbEntity
  8
BUSH
100
AcDbBlockReference
  2
ДЕРЕН_FLAVIRAMEA
 10
110.60644446079985
 20
598.2286699462122
 30
0.0
  0
INSERT
  5
4C40
330
17
100
AcDbEntity
  8
BUSH
100
AcDbBlockReference
  2
ДЕРЕН_SIBIRICA
 10
111.73781531069832
 20
599.3600407961106
 30
0.0
  0
ENDSEC
  0
SECTION
  2
OBJECTS
  0
DICTIONARY
  5
A
330
0
100
AcDbDictionary
281
1
  3
ACAD_COLOR
350
B
  3
ACAD_GROUP
350
C
  3
ACAD_LAYOUT
350
D
  3
ACAD_MATERIAL
350
E
  3
ACAD_MLEADERSTYLE
350
F
  3
ACAD_MLINESTYLE
350
10
  3
ACAD_PLOTSETTINGS
350
11
  3
ACAD_PLOTSTYLENAME
350
12
  3
ACAD_SCALELIST
350
14
  3
ACAD_TABLESTYLE
350
15
  3
ACAD_VISUALSTYLE
350
16
  3
EZDXF_META
350
2D
  0
DICTIONARY
  5
B
330
A
100
AcDbDictionary
281
1
  0
DICTIONARY
  5
C
330
A
100
AcDbDictionary
281
1
  0
DICTIONARY
  5
D
330
A
100
AcDbDictionary
281
1
  3
Model
350
1A
  3
Layout1
350
1E
  0
DICTIONARY
  5
E
330
A
100
AcDbDictionary
281
1
  3
ByBlock
350
1F
  3
ByLayer
350
20
  3
Global
350
21
  0
DICTIONARY
  5
F
330
A
100
AcDbDictionary
281
1
  3
Standard
350
2C
  0
DICTIONARY
  5
10
330
A
100
AcDbDictionary
281
1
  3
Standard
350
22
  0
DICTIONARY
  5
11
330
A
100
AcDbDictionary
281
1
  0
ACDBDICTIONARYWDFLT
  5
12
330
A
100
AcDbDictionary
281
1
  3
Normal
350
13
100
AcDbDictionaryWithDefault
340
13
  0
ACDBPLACEHOLDER
  5
13
330
12
  0
DICTIONARY
  5
14
330
A
100
AcDbDictionary
281
1
  0
DICTIONARY
  5
15
330
A
100
AcDbDictionary
281
1
  0
DICTIONARY
  5
16
330
A
100
AcDbDictionary
281
1
  3
2dWireframe
350
5A
  3
Basic
350
5B
  3
Brighten
350
5C
  3
ColorChange
350
5D
  3
Conceptual
350
5E
  3
Dim
350
5F
  3
EdgeColorOff
350
60
  3
Facepattern
350
61
  3
Flat
350
62
  3
FlatWithEdges
350
63
  3
Gouraud
350
64
  3
GouraudWithEdges
350
65
  3
Hidden
350
66
  3
JitterOff
350
67
  3
Linepattern
350
68
  3
Modeling
350
69
  3
OverhangOff
350
6A
  3
Realistic
350
6B
  3
Shaded
350
6C
  3
Shaded with edges
350
6D
  3
Shades of Gray
350
6E
  3
Sketchy
350
6F
  3
Thicken
350
70
  3
Wireframe
350
71
  3
X-Ray
350
72
  0
LAYOUT
  5
1A
330
D
100
AcDbPlotSettings
  1

  4
A3
  6

 40
7.5
 41
20.0
 42
7.5
 43
20.0
 44
420.0
 45
297.0
 46
0.0
 47
0.0
 48
0.0
 49
0.0
140
0.0
141
0.0
142
1.0
143
1.0
 70
1024
 72
1
 73
0
 74
5
  7

 75
16
 76
0
 77
2
 78
300
147
1.0
148
0.0
149
0.0
100
AcDbLayout
  1
Model
 70
1
 71
0
 10
0.0
 20
0.0
 11
420.0
 21
297.0
 12
0.0
 22
0.0
 32
0.0
 14
1e+20
 24
1e+20
 34
1e+20
 15
-1e+20
 25
-1e+20
 35
-1e+20
146
0.0
 13
0.0
 23
0.0
 33
0.0
 16
1.0
 26
0.0
 36
0.0
 17
0.0
 27
1.0
 37
0.0
 76
1
330
17
  0
LAYOUT
  5
1E
330
D
100
AcDbPlotSettings
  1

  4
A3
  6

 40
7.5
 41
20.0
 42
7.5
 43
20.0
 44
420.0
 45
297.0
 46
0.0
 47
0.0
 48
0.0
 49
0.0
140
0.0
141
0.0
142
1.0
143
1.0
 70
0
 72
1
 73
0
 74
5
  7

 75
16
 76
0
 77
2
 78
300
147
1.0
148
0.0
149
0.0
100
AcDbLayout
  1
Layout1
 70
1
 71
1
 10
0.0
 20
0.0
 11
420.0
 21
297.0
 12
0.0
 22
0.0
 32
0.0
 14
1e+20
 24
1e+20
 34
1e+20
 15
-1e+20
 25
-1e+20
 35
-1e+20
146
0.0
 13
0.0
 23
0.0
 33
0.0
 16
1.0
 26
0.0
 36
0.0
 17
0.0
 27
1.0
 37
0.0
 76
1
330
1B
  0
MATERIAL
  5
1F
102
{ACAD_REACTORS
330
E
102
}
330
E
100
AcDbMaterial
  1
ByBlock
  2

 70
0
 40
1.0
 71
1
 41
1.0
 91
-1023410177
 42
1.0
 72
1
  3

 73
1
 74
1
 75
1
 44
0.5
 73
0
 45
1.0
 46
1.0
 77
1
  4

 78
1
 79
1
170
1
 48
1.0
171
1
  6

172
1
173
1
174
1
140
1.0
141
1.0
175
1
  7

176
1
177
1
178
1
143
1.0
179
1
  8

270
1
271
1
272
1
145
1.0
146
1.0
273
1
  9

274
1
275
1
276
1
 42
1.0
 72
1
  3

 73
1
 74
1
 75
1
 94
63
  0
MATERIAL
  5
20
102
{ACAD_REACTORS
330
E
102
}
330
E
100
AcDbMaterial
  1
ByLayer
  2

 70
0
 40
1.0
 71
1
 41
1.0
 91
-1023410177
 42
1.0
 72
1
  3

 73
1
 74
1
 75
1
 44
0.5
 73
0
 45
1.0
 46
1.0
 77
1
  4

 78
1
 79
1
170
1
 48
1.0
171
1
  6

172
1
173
1
174
1
140
1.0
141
1.0
175
1
  7

176
1
177
1
178
1
143
1.0
179
1
  8

270
1
271
1
272
1
145
1.0
146
1.0
273
1
  9

274
1
275
1
276
1
 42
1.0
 72
1
  3

 73
1
 74
1
 75
1
 94
63
  0
MATERIAL
  5
21
102
{ACAD_REACTORS
330
E
102
}
330
E
100
AcDbMaterial
  1
Global
  2

 70
0
 40
1.0
 71
1
 41
1.0
 91
-1023410177
 42
1.0
 72
1
  3

 73
1
 74
1
 75
1
 44
0.5
 73
0
 45
1.0
 46
1.0
 77
1
  4

 78
1
 79
1
170
1
 48
1.0
171
1
  6

172
1
173
1
174
1
140
1.0
141
1.0
175
1
  7

176
1
177
1
178
1
143
1.0
179
1
  8

270
1
271
1
272
1
145
1.0
146
1.0
273
1
  9

274
1
275
1
276
1
 42
1.0
 72
1
  3

 73
1
 74
1
 75
1
 94
63
  0
MLINESTYLE
  5
22
102
{ACAD_REACTORS
330
10
102
}
330
10
100
AcDbMlineStyle
  2
Standard
 70
0
  3

 62
256
 51
90.0
 52
90.0
 71
2
 49
0.5
 62
256
  6
BYLAYER
 49
-0.5
 62
256
  6
BYLAYER
  0
MLEADERSTYLE
  5
2C
102
{ACAD_REACTORS
330
F
102
}
330
F
100
AcDbMLeaderStyle
179
2
170
2
171
1
172
0
 90
2
 40
0.0
 41
0.0
173
1
 91
-1056964608
 92
-2
290
1
 42
2.0
291
1
 43
8.0
  3
Standard
 44
4.0
300

342
29
174
1
175
1
176
0
178
1
 93
-1056964608
 45
4.0
292
0
297
0
 46
4.0
 94
-1056964608
 47
1.0
 49
1.0
140
1.0
294
1
141
0.0
177
0
142
1.0
295
0
296
0
143
3.75
271
0
272
9
273
9
  0
DICTIONARY
  5
2D
330
A
100
AcDbDictionary
280
1
281
1
  3
CREATED_BY_EZDXF
350
2E
  3
WRITTEN_BY_EZDXF
350
4765
  0
DICTIONARYVAR
  5
2E
330
2D
100
DictionaryVariables
280
0
  1
1.4.4 @ 2026-09-18T13:59:05.707287+00:00
  0
VISUALSTYLE
  5
5A
102
{ACAD_REACTORS
330
16
102
}
330
16
100
AcDbVisualStyle
  2
2dWireframe
 70
4
 90
0
 40
0.6
 62
7
290
0
291
0
  0
VISUALSTYLE
  5
5B
102
{ACAD_REACTORS
330
16
102
}
330
16
100
AcDbVisualStyle
  2
Basic
 70
7
 90
1
 40
0.6
 62
7
290
0
291
1
  0
VISUALSTYLE
  5
5C
102
{ACAD_REACTORS
330
16
102
}
330
16
100
AcDbVisualStyle
  2
Brighten
 70
12
 90
2
 40
0.6
 62
7
290
0
291
1
  0
VISUALSTYLE
  5
5D
102
{ACAD_REACTORS
330
16
102
}
330
16
100
AcDbVisualStyle
  2
ColorChange
 70
16
 90
2
 40
0.6
 62
8
290
0
291
1
  0
VISUALSTYLE
  5
5E
102
{ACAD_REACTORS
330
16
102
}
330
16
100
AcDbVisualStyle
  2
Conceptual
 70
9
 90
3
 40
0.6
 62
7
290
0
291
0
  0
VISUALSTYLE
  5
5F
102
{ACAD_REACTORS
330
16
102
}
330
16
100
AcDbVisualStyle
  2
Dim
 70
11
 90
2
 40
0.6
 62
7
290
0
291
1
  0
VISUALSTYLE
  5
60
102
{ACAD_REACTORS
330
16
102
}
330
16
100
AcDbVisualStyle
  2
EdgeColorOff
 70
22
 90
2
 40
0.6
 62
7
290
0
291
1
  0
VISUALSTYLE
  5
61
102
{ACAD_REACTORS
330
16
102
}
330
16
100
AcDbVisualStyle
  2
Facepattern
 70
15
 90
2
 40
0.6
 62
7
290
0
291
1
  0
VISUALSTYLE
  5
62
102
{ACAD_REACTORS
330
16
102
}
330
16
100
AcDbVisualStyle
  2
Flat
 70
0
 90
2
 40
0.6
 62
7
290
0
291
1
  0
VISUALSTYLE
  5
63
102
{ACAD_REACTORS
330
16
102
}
330
16
100
AcDbVisualStyle
  2
FlatWithEdges
 70
1
 90
2
 40
0.6
 62
7
290
0
291
1
  0
VISUALSTYLE
  5
64
102
{ACAD_REACTORS
330
16
102
}
330
16
100
AcDbVisualStyle
  2
Gouraud
 70
2
 90
2
 40
0.6
 62
7
290
0
291
1
  0
VISUALSTYLE
  5
65
102
{ACAD_REACTORS
330
16
102
}
330
16
100
AcDbVisualStyle
  2
GouraudWithEdges
 70
3
 90
2
 40
0.6
 62
7
290
0
291
1
  0
VISUALSTYLE
  5
66
102
{ACAD_REACTORS
330
16
102
}
330
16
100
AcDbVisualStyle
  2
Hidden
 70
6
 90
1
 40
0.6
 62
7
290
0
291
0
  0
VISUALSTYLE
  5
67
102
{ACAD_REACTORS
330
16
102
}
330
16
100
AcDbVisualStyle
  2
JitterOff
 70
20
 90
2
 40
0.6
 62
7
290
0
291
1
  0
VISUALSTYLE
  5
68
102
{ACAD_REACTORS
330
16
102
}
330
16
100
AcDbVisualStyle
  2
Linepattern
 70
14
 90
2
 40
0.6
 62
7
290
0
291
1
  0
VISUALSTYLE
  5
69
102
{ACAD_REACTORS
330
16
102
}
330
16
100
AcDbVisualStyle
  2
Modeling
 70
10
 90
2
 40
0.6
 62
7
290
0
291
0
  0
VISUALSTYLE
  5
6A
102
{ACAD_REACTORS
330
16
102
}
330
16
100
AcDbVisualStyle
  2
OverhangOff
 70
21
 90
2
 40
0.6
 62
7
290
0
291
1
  0
VISUALSTYLE
  5
6B
102
{ACAD_REACTORS
330
16
102
}
330
16
100
AcDbVisualStyle
  2
Realistic
 70
8
 90
2
 40
0.6
 62
7
290
0
291
0
  0
VISUALSTYLE
  5
6C
102
{ACAD_REACTORS
330
16
102
}
330
16
100
AcDbVisualStyle
  2
Shaded
 70
27
 90
2
 40
0.6
 62
7
290
0
291
0
  0
VISUALSTYLE
  5
6D
102
{ACAD_REACTORS
330
16
102
}
330
16
100
AcDbVisualStyle
  2
Shaded with edges
 70
26
 90
2
 40
0.6
 62
7
290
0
291
0
  0
VISUALSTYLE
  5
6E
102
{ACAD_REACTORS
330
16
102
}
330
16
100
AcDbVisualStyle
  2
Shades of Gray
 70
23
 90
2
 40
0.6
 62
7
290
0
291
0
  0
VISUALSTYLE
  5
6F
102
{ACAD_REACTORS
330
16
102
}
330
16
100
AcDbVisualStyle
  2
Sketchy
 70
24
 90
1
 40
0.6
 62
7
290
0
291
0
  0
VISUALSTYLE
  5
70
102
{ACAD_REACTORS
330
16
102
}
330
16
100
AcDbVisualStyle
  2
Thicken
 70
13
 90
2
 40
0.6
 62
7
290
0
291
1
  0
VISUALSTYLE
  5
71
102
{ACAD_REACTORS
330
16
102
}
330
16
100
AcDbVisualStyle
  2
Wireframe
 70
5
 90
0
 40
0.6
 62
7
290
0
291
0
  0
VISUALSTYLE
  5
72
102
{ACAD_REACTORS
330
16
102
}
330
16
100
AcDbVisualStyle
  2
X-Ray
 70
25
 90
2
 40
0.5
 62
7
290
0
291
0
  0
DICTIONARYVAR
  5
4765
330
2D
100
DictionaryVariables
280
0
  1
1.4.4 @ 2026-09-18T18:42:58.375988+00:00
  0
ENDSEC
  0
EOF
