  0
SECTION
  2
HEADER
  9
$ACADVER
  1
AC1024
  9
$ACADMAINTVER
 70
6
  9
$DWGCODEPAGE
  3
ANSI_1252
  9
$LASTSAVEDBY
  1
ezdxf
  9
$INSBASE
 10
0.0
 20
0.0
 30
0.0
  9
$EXTMIN
 10
1e+20
 20
1e+20
 30
1e+20
  9
$EXTMAX
 10
-1e+20
 20
-1e+20
 30
-1e+20
  9
$LIMMIN
 10
0.0
 20
0.0
  9
$LIMMAX
 10
420.0
 20
297.0
  9
$ORTHOMODE
 70
0
  9
$REGENMODE
 70
1
  9
$FILLMODE
 70
1
  9
$QTEXTMODE
 70
0
  9
$MIRRTEXT
 70
1
  9
$LTSCALE
 40
1.0
  9
$ATTMODE
 70
1
  9
$TEXTSIZE
 40
2.5
  9
$TRACEWID
 40
1.0
  9
$TEXTSTYLE
  7
OpenSans
  9
$CLAYER
  8
0
  9
$CELTYPE
  6
ByLayer
  9
$CECOLOR
 62
256
  9
$CELTSCALE
 40
1.0
  9
$DISPSILH
 70
0
  9
$DIMSCALE
 40
1.0
  9
$DIMASZ
 40
0.175
  9
$DIMEXO
 40
0.125
  9
$DIMDLI
 40
3.75
  9
$DIMRND
 40
0.0
  9
$DIMDLE
 40
0.0
  9
$DIMEXE
 40
0.375
  9
$DIMTP
 40
0.0
  9
$DIMTM
 40
0.0
  9
$DIMTXT
 40
0.25
  9
$DIMCEN
 40
2.5
  9
$DIMTSZ
 40
0.0
  9
$DIMTOL
 70
0
  9
$DIMLIM
 70
0
  9
$DIMTIH
 70
0
  9
$DIMTOH
 70
0
  9
$DIMSE1
 70
0
  9
$DIMSE2
 70
0
  9
$DIMTAD
 70
1
  9
$DIMZIN
 70
12
  9
$DIMBLK
  1
ARCHTICK
  9
$DIMASO
 70
1
  9
$DIMSHO
 70
1
  9
$DIMPOST
  1

  9
$DIMAPOST
  1

  9
$DIMALT
 70
0
  9
$DIMALTD
 70
3
  9
$DIMALTF
 40
0.03937007874
  9
$DIMLFAC
 40
100.0
  9
$DIMTOFL
 70
1
  9
$DIMTVP
 40
0.0
  9
$DIMTIX
 70
0
  9
$DIMSOXD
 70
0
  9
$DIMSAH
 70
0
  9
$DIMBLK1
  1

  9
$DIMBLK2
  1

  9
$DIMSTYLE
  2
EZDXF
  9
$DIMCLRD
 70
0
  9
$DIMCLRE
 70
0
  9
$DIMCLRT
 70
0
  9
$DIMTFAC
 40
0.5
  9
$DIMGAP
 40
0.1
  9
$DIMJUST
 70
0
  9
$DIMSD1
 70
0
  9
$DIMSD2
 70
0
  9
$DIMTOLJ
 70
0
  9
$DIMTZIN
 70
8
  9
$DIMALTZ
 70
0
  9
$DIMALTTZ
 70
0
  9
$DIMUPT
 70
1
  9
$DIMDEC
 70
2
  9
$DIMTDEC
 70
2
  9
$DIMALTU
 70
2
  9
$DIMALTTD
 70
3
  9
$DIMTXSTY
  7
OpenSansCondensed-Light
  9
$DIMAUNIT
 70
0
  9
$DIMADEC
 70
2
  9
$DIMALTRND
 40
0.0
  9
$DIMAZIN
 70
3
  9
$DIMDSEP
 70
46
  9
$DIMATFIT
 70
3
  9
$DIMFRAC
 70
0
  9
$DIMLDRBLK
  1

  9
$DIMLUNIT
 70
2
  9
$DIMLWD
 70
-2
  9
$DIMLWE
 70
-2
  9
$DIMTMOVE
 70
2
  9
$DIMFXL
 40
1.0
  9
$DIMFXLON
 70
0
  9
$DIMJOGANG
 40
0.785398163397
  9
$DIMTFILL
 70
0
  9
$DIMTFILLCLR
 70
0
  9
$DIMARCSYM
 70
0
  9
$DIMLTYPE
  6

  9
$DIMLTEX1
  6

  9
$DIMLTEX2
  6

  9
$DIMTXTDIRECTION
 70
0
  9
$LUNITS
 70
2
  9
$LUPREC
 70
4
  9
$SKETCHINC
 40
1.0
  9
$FILLETRAD
 40
10.0
  9
$AUNITS
 70
0
  9
$AUPREC
 70
2
  9
$MENU
  1
.
  9
$ELEVATION
 40
0.0
  9
$PELEVATION
 40
0.0
  9
$THICKNESS
 40
0.0
  9
$LIMCHECK
 70
0
  9
$CHAMFERA
 40
0.0
  9
$CHAMFERB
 40
0.0
  9
$CHAMFERC
 40
0.0
  9
$CHAMFERD
 40
0.0
  9
$SKPOLY
 70
0
  9
$TDCREATE
 40
2461291.981574074
  9
$TDUCREATE
 40
2458532.153996898
  9
$TDUPDATE
 40
2461291.981574074
  9
$TDUUPDATE
 40
2458532.1544311
  9
$TDINDWG
 40
0.0
  9
$TDUSRTIMER
 40
0.0
  9
$USRTIMER
 70
1
  9
$ANGBASE
 50
0.0
  9
$ANGDIR
 70
0
  9
$PDMODE
 70
0
  9
$PDSIZE
 40
0.0
  9
$PLINEWID
 40
0.0
  9
$SPLFRAME
 70
0
  9
$SPLINETYPE
 70
6
  9
$SPLINESEGS
 70
8
  9
$HANDSEED
  5
4D9
  9
$SURFTAB1
 70
6
  9
$SURFTAB2
 70
6
  9
$SURFTYPE
 70
6
  9
$SURFU
 70
6
  9
$SURFV
 70
6
  9
$UCSBASE
  2

  9
$UCSNAME
  2

  9
$UCSORG
 10
0.0
 20
0.0
 30
0.0
  9
$UCSXDIR
 10
1.0
 20
0.0
 30
0.0
  9
$UCSYDIR
 10
0.0
 20
1.0
 30
0.0
  9
$UCSORTHOREF
  2

  9
$UCSORTHOVIEW
 70
0
  9
$UCSORGTOP
 10
0.0
 20
0.0
 30
0.0
  9
$UCSORGBOTTOM
 10
0.0
 20
0.0
 30
0.0
  9
$UCSORGLEFT
 10
0.0
 20
0.0
 30
0.0
  9
$UCSORGRIGHT
 10
0.0
 20
0.0
 30
0.0
  9
$UCSORGFRONT
 10
0.0
 20
0.0
 30
0.0
  9
$UCSORGBACK
 10
0.0
 20
0.0
 30
0.0
  9
$PUCSBASE
  2

  9
$PUCSNAME
  2

  9
$PUCSORG
 10
0.0
 20
0.0
 30
0.0
  9
$PUCSXDIR
 10
1.0
 20
0.0
 30
0.0
  9
$PUCSYDIR
 10
0.0
 20
1.0
 30
0.0
  9
$PUCSORTHOREF
  2

  9
$PUCSORTHOVIEW
 70
0
  9
$PUCSORGTOP
 10
0.0
 20
0.0
 30
0.0
  9
$PUCSORGBOTTOM
 10
0.0
 20
0.0
 30
0.0
  9
$PUCSORGLEFT
 10
0.0
 20
0.0
 30
0.0
  9
$PUCSORGRIGHT
 10
0.0
 20
0.0
 30
0.0
  9
$PUCSORGFRONT
 10
0.0
 20
0.0
 30
0.0
  9
$PUCSORGBACK
 10
0.0
 20
0.0
 30
0.0
  9
$USERI1
 70
0
  9
$USERI2
 70
0
  9
$USERI3
 70
0
  9
$USERI4
 70
0
  9
$USERI5
 70
0
  9
$USERR1
 40
0.0
  9
$USERR2
 40
0.0
  9
$USERR3
 40
0.0
  9
$USERR4
 40
0.0
  9
$USERR5
 40
0.0
  9
$WORLDVIEW
 70
1
  9
$SHADEDGE
 70
3
  9
$SHADEDIF
 70
70
  9
$TILEMODE
 70
1
  9
$MAXACTVP
 70
64
  9
$PINSBASE
 10
0.0
 20
0.0
 30
0.0
  9
$PLIMCHECK
 70
0
  9
$PEXTMIN
 10
1e+20
 20
1e+20
 30
1e+20
  9
$PEXTMAX
 10
-1e+20
 20
-1e+20
 30
-1e+20
  9
$PLIMMIN
 10
0.0
 20
0.0
  9
$PLIMMAX
 10
420.0
 20
297.0
  9
$UNITMODE
 70
0
  9
$VISRETAIN
 70
1
  9
$PLINEGEN
 70
0
  9
$PSLTSCALE
 70
1
  9
$TREEDEPTH
 70
3020
  9
$CMLSTYLE
  2
Standard
  9
$CMLJUST
 70
0
  9
$CMLSCALE
 40
20.0
  9
$PROXYGRAPHICS
 70
1
  9
$MEASUREMENT
 70
1
  9
$CELWEIGHT
370
-1
  9
$ENDCAPS
280
0
  9
$JOINSTYLE
280
0
  9
$LWDISPLAY
290
0
  9
$INSUNITS
 70
6
  9
$HYPERLINKBASE
  1

  9
$STYLESHEET
  1

  9
$XEDIT
290
1
  9
$CEPSNTYPE
380
0
  9
$PSTYLEMODE
290
1
  9
$FINGERPRINTGUID
  2
{BA8CD01D-ECA5-4FAB-9BB1-617C205D9755}
  9
$VERSIONGUID
  2
{8ACA08A9-C797-4A38-9E97-B6980B95684F}
  9
$EXTNAMES
290
1
  9
$PSVPSCALE
 40
0.0
  9
$OLESTARTUP
290
0
  9
$SORTENTS
280
127
  9
$INDEXCTL
280
0
  9
$HIDETEXT
280
1
  9
$XCLIPFRAME
280
1
  9
$HALOGAP
280
0
  9
$OBSCOLOR
 70
257
  9
$OBSLTYPE
280
0
  9
$INTERSECTIONDISPLAY
280
0
  9
$INTERSECTIONCOLOR
 70
257
  9
$DIMASSOC
280
2
  9
$PROJECTNAME
  1

  9
$CAMERADISPLAY
290
0
  9
$LENSLENGTH
 40
50.0
  9
$CAMERAHEIGHT
 40
0.0
  9
$STEPSPERSEC
 40
24.0
  9
$STEPSIZE
 40
100.0
  9
$3DDWFPREC
 40
2.0
  9
$PSOLWIDTH
 40
0.005
  9
$PSOLHEIGHT
 40
0.08
  9
$LOFTANG1
 40
1.570796326795
  9
$LOFTANG2
 40
1.570796326795
  9
$LOFTMAG1
 40
0.0
  9
$LOFTMAG2
 40
0.0
  9
$LOFTPARAM
 70
7
  9
$LOFTNORMALS
280
1
  9
$LATITUDE
 40
37.795
  9
$LONGITUDE
 40
-122.394
  9
$NORTHDIRECTION
 40
0.0
  9
$TIMEZONE
 70
-8000
  9
$LIGHTGLYPHDISPLAY
280
1
  9
$TILEMODELIGHTSYNCH
280
1
  9
$CMATERIAL
347
20
  9
$SOLIDHIST
280
0
  9
$SHOWHIST
280
1
  9
$DWFFRAME
280
2
  9
$DGNFRAME
280
2
  9
$REALWORLDSCALE
290
1
  9
$INTERFERECOLOR
 62
256
  9
$CSHADOW
280
0
  9
$SHADOWPLANELOCATION
 40
0.0
  0
ENDSEC
  0
SECTION
  2
CLASSES
  0
CLASS
  1
ACDBDICTIONARYWDFLT
  2
AcDbDictionaryWithDefault
  3
ObjectDBX Classes
 90
0
 91
0
280
0
281
0
  0
CLASS
  1
SUN
  2
AcDbSun
  3
SCENEOE
 90
1153
 91
0
280
0
281
0
  0
CLASS
  1
VISUALSTYLE
  2
AcDbVisualStyle
  3
ObjectDBX Classes
 90
4095
 91
0
280
0
281
0
  0
CLASS
  1
MATERIAL
  2
AcDbMaterial
  3
ObjectDBX Classes
 90
1153
 91
0
280
0
281
0
  0
CLASS
  1
SCALE
  2
AcDbScale
  3
ObjectDBX Classes
 90
1153
 91
0
280
0
281
0
  0
CLASS
  1
TABLESTYLE
  2
AcDbTableStyle
  3
ObjectDBX Classes
 90
4095
 91
0
280
0
281
0
  0
CLASS
  1
MLEADERSTYLE
  2
AcDbMLeaderStyle
  3
ACDB_MLEADERSTYLE_CLASS
 90
4095
 91
0
280
0
281
0
  0
CLASS
  1
DICTIONARYVAR
  2
AcDbDictionaryVar
  3
ObjectDBX Classes
 90
0
 91
0
280
0
281
0
  0
CLASS
  1
CELLSTYLEMAP
  2
AcDbCellStyleMap
  3
ObjectDBX Classes
 90
1152
 91
0
280
0
281
0
  0
CLASS
  1
MENTALRAYRENDERSETTINGS
  2
AcDbMentalRayRenderSettings
  3
SCENEOE
 90
1024
 91
0
280
0
281
0
  0
CLASS
  1
ACDBDETAILVIEWSTYLE
  2
AcDbDetailViewStyle
  3
ObjectDBX Classes
 90
1025
 91
0
280
0
281
0
  0
CLASS
  1
ACDBSECTIONVIEWSTYLE
  2
AcDbSectionViewStyle
  3
ObjectDBX Classes
 90
1025
 91
0
280
0
281
0
  0
CLASS
  1
RASTERVARIABLES
  2
AcDbRasterVariables
  3
ISM
 90
0
 91
0
280
0
281
0
  0
CLASS
  1
LAYOUT
  2
AcDbLayout
  3
ObjectDBX Classes
 90
0
 91
0
280
0
281
0
  0
CLASS
  1
ACDBPLACEHOLDER
  2
AcDbPlaceHolder
  3
ObjectDBX Classes
 90
0
 91
0
280
0
281
0
  0
ENDSEC
  0
SECTION
  2
TABLES
  0
TABLE
  2
VPORT
  5
8
330
0
100
AcDbSymbolTable
 70
1
  0
VPORT
  5
4D5
330
8
100
AcDbSymbolTableRecord
100
AcDbViewportTableRecord
  2
*Active
 70
0
 10
0.0
 20
0.0
 11
1.0
 21
1.0
 12
158.32250089896843
 22
125.27992998529226
 13
0.0
 23
0.0
 14
0.5
 24
0.5
 15
0.5
 25
0.5
 16
0.0
 26
0.0
 36
1.0
 17
0.0
 27
0.0
 37
0.0
 40
310.5598599705845
 41
1.34
 42
50.0
 43
0.0
 44
0.0
 50
0.0
 51
0.0
 71
0
 72
1000
 73
1
 74
3
 75
0
 76
0
 77
0
 78
0
281
0
 65
1
110
0.0
120
0.0
130
0.0
111
1.0
121
0.0
131
0.0
112
0.0
122
1.0
132
0.0
 79
0
146
0.0
  0
ENDTAB
  0
TABLE
  2
LTYPE
  5
2
330
0
100
AcDbSymbolTable
 70
21
  0
LTYPE
  5
24
330
2
100
AcDbSymbolTableRecord
100
AcDbLinetypeTableRecord
  2
ByBlock
 70
0
  3

 72
65
 73
0
 40
0.0
  0
LTYPE
  5
25
330
2
100
AcDbSymbolTableRecord
100
AcDbLinetypeTableRecord
  2
ByLayer
 70
0
  3

 72
65
 73
0
 40
0.0
  0
LTYPE
  5
26
330
2
100
AcDbSymbolTableRecord
100
AcDbLinetypeTableRecord
  2
Continuous
 70
0
  3

 72
65
 73
0
 40
0.0
  0
LTYPE
  5
2F
330
2
100
AcDbSymbolTableRecord
100
AcDbLinetypeTableRecord
  2
CENTER
 70
0
  3
Center ____ _ ____ _ ____ _ ____ _ ____ _ ____
 72
65
 73
4
 40
5.08
 49
3.175
 74
0
 49
-0.635
 74
0
 49
0.635
 74
0
 49
-0.635
 74
0
  0
LTYPE
  5
30
330
2
100
AcDbSymbolTableRecord
100
AcDbLinetypeTableRecord
  2
CENTERX2
 70
0
  3
Center (2x) ________  __  ________  __  ________
 72
65
 73
4
 40
8.89
 49
6.35
 74
0
 49
-0.635
 74
0
 49
1.27
 74
0
 49
-0.635
 74
0
  0
LTYPE
  5
31
330
2
100
AcDbSymbolTableRecord
100
AcDbLinetypeTableRecord
  2
CENTER2
 70
0
  3
Center (.5x) ____ _ ____ _ ____ _ ____ _ ____
 72
65
 73
4
 40
2.54
 49
1.587
 74
0
 49
-0.318
 74
0
 49
0.318
 74
0
 49
-0.318
 74
0
  0
LTYPE
  5
32
330
2
100
AcDbSymbolTableRecord
100
AcDbLinetypeTableRecord
  2
DASHED
 70
0
  3
Dashed __ __ __ __ __ __ __ __ __ __ __ __ __ _
 72
65
 73
2
 40
1.524
 49
1.27
 74
0
 49
-0.254
 74
0
  0
LTYPE
  5
33
330
2
100
AcDbSymbolTableRecord
100
AcDbLinetypeTableRecord
  2
DASHEDX2
 70
0
  3
Dashed (2x) ____  ____  ____  ____  ____  ____
 72
65
 73
2
 40
3.048
 49
2.54
 74
0
 49
-0.508
 74
0
  0
LTYPE
  5
34
330
2
100
AcDbSymbolTableRecord
100
AcDbLinetypeTableRecord
  2
DASHED2
 70
0
  3
Dashed (.5x) _ _ _ _ _ _ _ _ _ _ _ _ _ _
 72
65
 73
2
 40
0.762
 49
0.635
 74
0
 49
-0.127
 74
0
  0
LTYPE
  5
35
330
2
100
AcDbSymbolTableRecord
100
AcDbLinetypeTableRecord
  2
PHANTOM
 70
0
  3
Phantom ______  __  __  ______  __  __  ______
 72
65
 73
6
 40
6.35
 49
3.175
 74
0
 49
-0.635
 74
0
 49
0.635
 74
0
 49
-0.635
 74
0
 49
0.635
 74
0
 49
-0.635
 74
0
  0
LTYPE
  5
36
330
2
100
AcDbSymbolTableRecord
100
AcDbLinetypeTableRecord
  2
PHANTOMX2
 70
0
  3
Phantom (2x)____________    ____    ____    ____________
 72
65
 73
6
 40
10.795
 49
6.35
 74
0
 49
-0.635
 74
0
 49
1.27
 74
0
 49
-0.635
 74
0
 49
1.27
 74
0
 49
-0.635
 74
0
  0
LTYPE
  5
37
330
2
100
AcDbSymbolTableRecord
100
AcDbLinetypeTableRecord
  2
PHANTOM2
 70
0
  3
Phantom (.5x) ___ _ _ ___ _ _ ___ _ _ ___ _ _ ___
 72
65
 73
6
 40
3.175
 49
1.587
 74
0
 49
-0.318
 74
0
 49
0.318
 74
0
 49
-0.318
 74
0
 49
0.318
 74
0
 49
-0.318
 74
0
  0
LTYPE
  5
38
330
2
100
AcDbSymbolTableRecord
100
AcDbLinetypeTableRecord
  2
DASHDOT
 70
0
  3
Dash dot __ . __ . __ . __ . __ . __ . __ . __
 72
65
 73
4
 40
3.556
 49
2.54
 74
0
 49
-0.508
 74
0
 49
0.0
 74
0
 49
-0.508
 74
0
  0
LTYPE
  5
39
330
2
100
AcDbSymbolTableRecord
100
AcDbLinetypeTableRecord
  2
DASHDOTX2
 70
0
  3
Dash dot (2x) ____  .  ____  .  ____  .  ____
 72
65
 73
4
 40
6.096
 49
5.08
 74
0
 49
-0.508
 74
0
 49
0.0
 74
0
 49
-0.508
 74
0
  0
LTYPE
  5
3A
330
2
100
AcDbSymbolTableRecord
100
AcDbLinetypeTableRecord
  2
DASHDOT2
 70
0
  3
Dash dot (.5x) _ . _ . _ . _ . _ . _ . _ . _
 72
65
 73
4
 40
1.778
 49
1.27
 74
0
 49
-0.254
 74
0
 49
0.0
 74
0
 49
-0.254
 74
0
  0
LTYPE
  5
3B
330
2
100
AcDbSymbolTableRecord
100
AcDbLinetypeTableRecord
  2
DOT
 70
0
  3
Dot .  .  .  .  .  .  .  .  .  .  .  .  .  .  .  .
 72
65
 73
2
 40
0.508
 49
0.0
 74
0
 49
-0.508
 74
0
  0
LTYPE
  5
3C
330
2
100
AcDbSymbolTableRecord
100
AcDbLinetypeTableRecord
  2
DOTX2
 70
0
  3
Dot (2x) .    .    .    .    .    .    .    . 
 72
65
 73
2
 40
1.016
 49
0.0
 74
0
 49
-1.016
 74
0
  0
LTYPE
  5
3D
330
2
100
AcDbSymbolTableRecord
100
AcDbLinetypeTableRecord
  2
DOT2
 70
0
  3
Dot (.5) . . . . . . . . . . . . . . . . . . . 
 72
65
 73
2
 40
0.254
 49
0.0
 74
0
 49
-0.254
 74
0
  0
LTYPE
  5
3E
330
2
100
AcDbSymbolTableRecord
100
AcDbLinetypeTableRecord
  2
DIVIDE
 70
0
  3
Divide __ . . __ . . __ . . __ . . __ . . __
 72
65
 73
6
 40
4.064
 49
2.54
 74
0
 49
-0.508
 74
0
 49
0.0
 74
0
 49
-0.508
 74
0
 49
0.0
 74
0
 49
-0.508
 74
0
  0
LTYPE
  5
3F
330
2
100
AcDbSymbolTableRecord
100
AcDbLinetypeTableRecord
  2
DIVIDEX2
 70
0
  3
Divide (2x) ____  . .  ____  . .  ____  . .  ____
 72
65
 73
6
 40
6.604
 49
5.08
 74
0
 49
-0.508
 74
0
 49
0.0
 74
0
 49
-0.508
 74
0
 49
0.0
 74
0
 49
-0.508
 74
0
  0
LTYPE
  5
40
330
2
100
AcDbSymbolTableRecord
100
AcDbLinetypeTableRecord
  2
DIVIDE2
 70
0
  3
Divide(.5x) _ . _ . _ . _ . _ . _ . _ . _
 72
65
 73
6
 40
2.032
 49
1.27
 74
0
 49
-0.254
 74
0
 49
0.0
 74
0
 49
-0.254
 74
0
 49
0.0
 74
0
 49
-0.254
 74
0
  0
ENDTAB
  0
TABLE
  2
LAYER
  5
1
330
0
100
AcDbSymbolTable
 70
18
  0
LAYER
  5
27
330
1
100
AcDbSymbolTableRecord
100
AcDbLayerTableRecord
  2
0
 70
0
 62
7
  6
Continuous
370
-3
390
13
347
21
  0
LAYER
  5
28
330
1
100
AcDbSymbolTableRecord
100
AcDbLayerTableRecord
  2
Defpoints
 70
0
 62
7
  6
Continuous
290
0
370
-3
390
13
347
21
  0
LAYER
  5
8A
330
1
100
AcDbSymbolTableRecord
100
AcDbLayerTableRecord
  2
TERRITORY_BOUNDARY
 70
0
 62
8
  6
Continuous
370
-3
390
13
347
21
  0
LAYER
  5
8B
330
1
100
AcDbSymbolTableRecord
100
AcDbLayerTableRecord
  2
BUILDING_FOOTPRINT
 70
0
 62
1
  6
Continuous
370
-3
390
13
347
21
  0
LAYER
  5
8C
330
1
100
AcDbSymbolTableRecord
100
AcDbLayerTableRecord
  2
BUILDING_3D
 70
0
 62
3
  6
Continuous
370
-3
390
13
347
21
  0
LAYER
  5
8D
330
1
100
AcDbSymbolTableRecord
100
AcDbLayerTableRecord
  2
LABELS
 70
0
 62
7
  6
Continuous
370
-3
390
13
347
21
  0
LAYER
  5
8E
330
1
100
AcDbSymbolTableRecord
100
AcDbLayerTableRecord
  2
GRASS
 70
0
 62
84
  6
Continuous
370
-3
390
13
347
21
  0
LAYER
  5
8F
330
1
100
AcDbSymbolTableRecord
100
AcDbLayerTableRecord
  2
PARKING
 70
0
 62
253
  6
Continuous
370
-3
390
13
347
21
  0
LAYER
  5
90
330
1
100
AcDbSymbolTableRecord
100
AcDbLayerTableRecord
  2
PARKING_MARKINGS
 70
0
 62
7
  6
Continuous
370
-3
390
13
347
21
  0
LAYER
  5
91
330
1
100
AcDbSymbolTableRecord
100
AcDbLayerTableRecord
  2
LAMPS
 70
0
 62
2
  6
Continuous
370
-3
390
13
347
21
  0
LAYER
  5
92
330
1
100
AcDbSymbolTableRecord
100
AcDbLayerTableRecord
  2
WATER_SUPPLY_B1
 70
0
 62
5
  6
Continuous
370
-3
390
13
347
21
  0
LAYER
  5
93
330
1
100
AcDbSymbolTableRecord
100
AcDbLayerTableRecord
  2
SEWER_K1
 70
0
 62
30
  6
Continuous
370
-3
390
13
347
21
  0
LAYER
  5
94
330
1
100
AcDbSymbolTableRecord
100
AcDbLayerTableRecord
  2
HEATING_T1
 70
0
 62
1
  6
Continuous
370
-3
390
13
347
21
  0
LAYER
  5
95
330
1
100
AcDbSymbolTableRecord
100
AcDbLayerTableRecord
  2
POWER_CABLE
 70
0
 62
253
  6
Continuous
370
-3
390
13
347
21
  0
LAYER
  5
96
330
1
100
AcDbSymbolTableRecord
100
AcDbLayerTableRecord
  2
ENTRANCES
 70
0
 62
132
  6
Continuous
370
-3
390
13
347
21
  0
LAYER
  5
97
330
1
100
AcDbSymbolTableRecord
100
AcDbLayerTableRecord
  2
CANOPIES
 70
0
 62
132
  6
Continuous
370
-3
390
13
347
21
  0
LAYER
  5
98
330
1
100
AcDbSymbolTableRecord
100
AcDbLayerTableRecord
  2
PATHS
 70
0
 62
9
  6
Continuous
370
-3
390
13
347
21
  0
LAYER
  5
99
330
1
100
AcDbSymbolTableRecord
100
AcDbLayerTableRecord
  2
WINDOWS
 70
0
 62
150
  6
Continuous
370
-3
390
13
347
21
  0
ENDTAB
  0
TABLE
  2
STYLE
  5
5
330
0
100
AcDbSymbolTable
 70
26
  0
STYLE
  5
29
330
5
100
AcDbSymbolTableRecord
100
AcDbTextStyleTableRecord
  2
Standard
 70
0
 40
0.0
 41
1.0
 50
0.0
 71
0
 42
2.5
  3
txt
  4

  0
STYLE
  5
41
330
5
100
AcDbSymbolTableRecord
100
AcDbTextStyleTableRecord
  2
OpenSans-Light
 70
0
 40
0.0
 41
1.0
 50
0.0
 71
0
 42
2.5
  3
OpenSans-Light.ttf
  4

  0
STYLE
  5
42
330
5
100
AcDbSymbolTableRecord
100
AcDbTextStyleTableRecord
  2
OpenSans-Light-Italic
 70
0
 40
0.0
 41
1.0
 50
0.0
 71
0
 42
2.5
  3
OpenSans-LightItalic.ttf
  4

  0
STYLE
  5
43
330
5
100
AcDbSymbolTableRecord
100
AcDbTextStyleTableRecord
  2
OpenSans
 70
0
 40
0.0
 41
1.0
 50
0.0
 71
0
 42
2.5
  3
OpenSans-Regular.ttf
  4

  0
STYLE
  5
44
330
5
100
AcDbSymbolTableRecord
100
AcDbTextStyleTableRecord
  2
OpenSans-Italic
 70
0
 40
0.0
 41
1.0
 50
0.0
 71
0
 42
2.5
  3
OpenSans-Italic.ttf
  4

  0
STYLE
  5
45
330
5
100
AcDbSymbolTableRecord
100
AcDbTextStyleTableRecord
  2
OpenSans-SemiBold
 70
0
 40
0.0
 41
1.0
 50
0.0
 71
0
 42
2.5
  3
OpenSans-SemiBold.ttf
  4

  0
STYLE
  5
46
330
5
100
AcDbSymbolTableRecord
100
AcDbTextStyleTableRecord
  2
OpenSans-SemiBoldItalic
 70
0
 40
0.0
 41
1.0
 50
0.0
 71
0
 42
2.5
  3
OpenSans-SemiBoldItalic.ttf
  4

  0
STYLE
  5
47
330
5
100
AcDbSymbolTableRecord
100
AcDbTextStyleTableRecord
  2
OpenSans-Bold
 70
0
 40
0.0
 41
1.0
 50
0.0
 71
0
 42
2.5
  3
OpenSans-Bold.ttf
  4

  0
STYLE
  5
48
330
5
100
AcDbSymbolTableRecord
100
AcDbTextStyleTableRecord
  2
OpenSans-BoldItalic
 70
0
 40
0.0
 41
1.0
 50
0.0
 71
0
 42
2.5
  3
OpenSans-BoldItalic.ttf
  4

  0
STYLE
  5
49
330
5
100
AcDbSymbolTableRecord
100
AcDbTextStyleTableRecord
  2
OpenSans-ExtraBold
 70
0
 40
0.0
 41
1.0
 50
0.0
 71
0
 42
2.5
  3
OpenSans-ExtraBold.ttf
  4

  0
STYLE
  5
4A
330
5
100
AcDbSymbolTableRecord
100
AcDbTextStyleTableRecord
  2
OpenSans-ExtraBoldItalic
 70
0
 40
0.0
 41
1.0
 50
0.0
 71
0
 42
2.5
  3
OpenSans-ExtraBoldItalic.ttf
  4

  0
STYLE
  5
4B
330
5
100
AcDbSymbolTableRecord
100
AcDbTextStyleTableRecord
  2
OpenSansCondensed-Bold
 70
0
 40
0.0
 41
1.0
 50
0.0
 71
0
 42
2.5
  3
OpenSansCondensed-Bold.ttf
  4

  0
STYLE
  5
4C
330
5
100
AcDbSymbolTableRecord
100
AcDbTextStyleTableRecord
  2
OpenSansCondensed-Light
 70
0
 40
0.0
 41
1.0
 50
0.0
 71
0
 42
2.5
  3
OpenSansCondensed-Light.ttf
  4

  0
STYLE
  5
4D
330
5
100
AcDbSymbolTableRecord
100
AcDbTextStyleTableRecord
  2
OpenSansCondensed-Italic
 70
0
 40
0.0
 41
1.0
 50
0.0
 71
0
 42
2.5
  3
OpenSansCondensed-LightItalic.ttf
  4

  0
STYLE
  5
4E
330
5
100
AcDbSymbolTableRecord
100
AcDbTextStyleTableRecord
  2
LiberationSans
 70
0
 40
0.0
 41
1.0
 50
0.0
 71
0
 42
2.5
  3
LiberationSans-Regular.ttf
  4

  0
STYLE
  5
4F
330
5
100
AcDbSymbolTableRecord
100
AcDbTextStyleTableRecord
  2
LiberationSans-Bold
 70
0
 40
0.0
 41
1.0
 50
0.0
 71
0
 42
2.5
  3
LiberationSans-Bold.ttf
  4

  0
STYLE
  5
50
330
5
100
AcDbSymbolTableRecord
100
AcDbTextStyleTableRecord
  2
LiberationSans-BoldItalic
 70
0
 40
0.0
 41
1.0
 50
0.0
 71
0
 42
2.5
  3
LiberationSans-BoldItalic.ttf
  4

  0
STYLE
  5
51
330
5
100
AcDbSymbolTableRecord
100
AcDbTextStyleTableRecord
  2
LiberationSans-Italic
 70
0
 40
0.0
 41
1.0
 50
0.0
 71
0
 42
2.5
  3
LiberationSans-Italic.ttf
  4

  0
STYLE
  5
52
330
5
100
AcDbSymbolTableRecord
100
AcDbTextStyleTableRecord
  2
LiberationSerif
 70
0
 40
0.0
 41
1.0
 50
0.0
 71
0
 42
2.5
  3
LiberationSerif-Regular.ttf
  4

  0
STYLE
  5
53
330
5
100
AcDbSymbolTableRecord
100
AcDbTextStyleTableRecord
  2
LiberationSerif-Bold
 70
0
 40
0.0
 41
1.0
 50
0.0
 71
0
 42
2.5
  3
LiberationSerif-Bold.ttf
  4

  0
STYLE
  5
54
330
5
100
AcDbSymbolTableRecord
100
AcDbTextStyleTableRecord
  2
LiberationSerif-BoldItalic
 70
0
 40
0.0
 41
1.0
 50
0.0
 71
0
 42
2.5
  3
LiberationSerif-BoldItalic.ttf
  4

  0
STYLE
  5
55
330
5
100
AcDbSymbolTableRecord
100
AcDbTextStyleTableRecord
  2
LiberationSerif-Italic
 70
0
 40
0.0
 41
1.0
 50
0.0
 71
0
 42
2.5
  3
LiberationSerif-Italic.ttf
  4

  0
STYLE
  5
56
330
5
100
AcDbSymbolTableRecord
100
AcDbTextStyleTableRecord
  2
LiberationMono
 70
0
 40
0.0
 41
1.0
 50
0.0
 71
0
 42
2.5
  3
LiberationMono-Regular.ttf
  4

  0
STYLE
  5
57
330
5
100
AcDbSymbolTableRecord
100
AcDbTextStyleTableRecord
  2
LiberationMono-Bold
 70
0
 40
0.0
 41
1.0
 50
0.0
 71
0
 42
2.5
  3
LiberationMono-Bold.ttf
  4

  0
STYLE
  5
58
330
5
100
AcDbSymbolTableRecord
100
AcDbTextStyleTableRecord
  2
LiberationMono-BoldItalic
 70
0
 40
0.0
 41
1.0
 50
0.0
 71
0
 42
2.5
  3
LiberationMono-BoldItalic.ttf
  4

  0
STYLE
  5
59
330
5
100
AcDbSymbolTableRecord
100
AcDbTextStyleTableRecord
  2
LiberationMono-Italic
 70
0
 40
0.0
 41
1.0
 50
0.0
 71
0
 42
2.5
  3
LiberationMono-Italic.ttf
  4

  0
ENDTAB
  0
TABLE
  2
VIEW
  5
7
330
0
100
AcDbSymbolTable
 70
0
  0
ENDTAB
  0
TABLE
  2
UCS
  5
6
330
0
100
AcDbSymbolTable
 70
0
  0
ENDTAB
  0
TABLE
  2
APPID
  5
3
330
0
100
AcDbSymbolTable
 70
3
  0
APPID
  5
2A
330
3
100
AcDbSymbolTableRecord
100
AcDbRegAppTableRecord
  2
ACAD
 70
0
  0
APPID
  5
4D6
330
3
100
AcDbSymbolTableRecord
100
AcDbRegAppTableRecord
  2
HATCHBACKGROUNDCOLOR
 70
0
  0
APPID
  5
4D7
330
3
100
AcDbSymbolTableRecord
100
AcDbRegAppTableRecord
  2
EZDXF
 70
0
  0
ENDTAB
  0
TABLE
  2
DIMSTYLE
  5
4
330
0
100
AcDbSymbolTable
 70
12
100
AcDbDimStyleTable
  0
DIMSTYLE
105
2B
330
4
100
AcDbSymbolTableRecord
100
AcDbDimStyleTableRecord
  2
Standard
 70
0
 40
1.0
 41
2.5
 42
0.625
 43
3.75
 44
1.25
 45
0.0
 46
0.0
 47
0.0
 48
0.0
 49
2.5
140
2.5
141
2.5
142
0.0
143
0.03937007874
144
1.0
145
0.0
146
1.0
147
0.625
148
0.0
 69
0
 70
0
 71
0
 72
0
 73
0
 74
0
 75
0
 76
0
 77
1
 78
8
 79
3
170
0
171
3
172
1
173
0
174
0
175
0
176
0
177
0
178
0
179
2
271
2
272
2
273
2
274
3
275
0
276
0
277
2
278
44
279
0
280
0
281
0
282
0
283
0
284
8
285
0
286
0
288
0
289
3
290
0
371
-2
372
-2
  0
DIMSTYLE
105
73
330
4
100
AcDbSymbolTableRecord
100
AcDbDimStyleTableRecord
  2
EZDXF
 70
0
 40
1.0
 41
0.175
 42
0.125
 43
3.75
 44
0.375
 45
0.0
 46
0.0
 47
0.0
 48
0.0
 49
2.5
140
0.25
141
2.5
142
0.0
143
0.03937007874
144
100.0
145
0.0
146
0.5
147
0.1
148
0.0
 69
0
 70
0
 71
0
 72
0
 73
0
 74
0
 75
0
 76
0
 77
1
 78
12
 79
3
170
0
171
3
172
1
173
0
174
0
175
0
176
0
177
0
178
0
179
2
271
2
272
2
273
2
274
3
275
0
276
0
277
2
278
46
279
2
280
0
281
0
282
0
283
0
284
8
285
0
286
0
288
1
289
3
290
0
340
4C
342
74
371
-2
372
-2
  0
DIMSTYLE
105
7C
330
4
100
AcDbSymbolTableRecord
100
AcDbDimStyleTableRecord
  2
EZ_M_100_H25_CM
 70
0
 40
1.0
 41
0.25
 42
0.125
 43
3.75
 44
0.375
 45
0.0
 46
0.0
 47
0.0
 48
0.0
 49
2.5
140
0.25
141
2.5
142
0.125
143
0.03937007874
144
100.0
145
0.0
146
0.5
147
0.1
148
0.0
 69
0
 70
0
 71
0
 72
0
 73
0
 74
0
 75
0
 76
0
 77
1
 78
12
 79
3
170
0
171
3
172
1
173
0
174
0
175
0
176
0
177
0
178
0
179
2
271
2
272
2
273
2
274
3
275
0
276
0
277
2
278
46
279
2
280
0
281
0
282
0
283
0
284
8
285
0
286
0
288
1
289
3
290
0
340
4C
371
-2
372
-2
  0
DIMSTYLE
105
7D
330
4
100
AcDbSymbolTableRecord
100
AcDbDimStyleTableRecord
  2
EZ_M_50_H25_CM
 70
0
 40
1.0
 41
0.125
 42
0.0625
 43
3.75
 44
0.1875
 45
0.0
 46
0.0
 47
0.0
 48
0.0
 49
2.5
140
0.125
141
2.5
142
0.0625
143
0.03937007874
144
100.0
145
0.0
146
0.5
147
0.05
148
0.0
 69
0
 70
0
 71
0
 72
0
 73
0
 74
0
 75
0
 76
0
 77
1
 78
12
 79
3
170
0
171
3
172
1
173
0
174
0
175
0
176
0
177
0
178
0
179
2
271
2
272
2
273
2
274
3
275
0
276
0
277
2
278
46
279
2
280
0
281
0
282
0
283
0
284
8
285
0
286
0
288
1
289
3
290
0
340
4C
371
-2
372
-2
  0
DIMSTYLE
105
7E
330
4
100
AcDbSymbolTableRecord
100
AcDbDimStyleTableRecord
  2
EZ_M_25_H25_CM
 70
0
 40
1.0
 41
0.0625
 42
0.03125
 43
3.75
 44
0.09375
 45
0.0
 46
0.0
 47
0.0
 48
0.0
 49
2.5
140
0.0625
141
2.5
142
0.03125
143
0.03937007874
144
100.0
145
0.0
146
0.5
147
0.025
148
0.0
 69
0
 70
0
 71
0
 72
0
 73
0
 74
0
 75
0
 76
0
 77
1
 78
12
 79
3
170
0
171
3
172
1
173
0
174
0
175
0
176
0
177
0
178
0
179
2
271
2
272
2
273
2
274
3
275
0
276
0
277
2
278
46
279
2
280
0
281
0
282
0
283
0
284
8
285
0
286
0
288
1
289
3
290
0
340
4C
371
-2
372
-2
  0
DIMSTYLE
105
7F
330
4
100
AcDbSymbolTableRecord
100
AcDbDimStyleTableRecord
  2
EZ_M_20_H25_CM
 70
0
 40
1.0
 41
0.05
 42
0.025
 43
3.75
 44
0.07500000000000001
 45
0.0
 46
0.0
 47
0.0
 48
0.0
 49
2.5
140
0.05
141
2.5
142
0.025
143
0.03937007874
144
100.0
145
0.0
146
0.5
147
0.020000000000000004
148
0.0
 69
0
 70
0
 71
0
 72
0
 73
0
 74
0
 75
0
 76
0
 77
1
 78
12
 79
3
170
0
171
3
172
1
173
0
174
0
175
0
176
0
177
0
178
0
179
2
271
2
272
2
273
2
274
3
275
0
276
0
277
2
278
46
279
2
280
0
281
0
282
0
283
0
284
8
285
0
286
0
288
1
289
3
290
0
340
4C
371
-2
372
-2
  0
DIMSTYLE
105
80
330
4
100
AcDbSymbolTableRecord
100
AcDbDimStyleTableRecord
  2
EZ_M_10_H25_CM
 70
0
 40
1.0
 41
0.025
 42
0.0125
 43
3.75
 44
0.037500000000000006
 45
0.0
 46
0.0
 47
0.0
 48
0.0
 49
2.5
140
0.025
141
2.5
142
0.0125
143
0.03937007874
144
100.0
145
0.0
146
0.5
147
0.010000000000000002
148
0.0
 69
0
 70
0
 71
0
 72
0
 73
0
 74
0
 75
0
 76
0
 77
1
 78
12
 79
3
170
0
171
3
172
1
173
0
174
0
175
0
176
0
177
0
178
0
179
2
271
2
272
2
273
2
274
3
275
0
276
0
277
2
278
46
279
2
280
0
281
0
282
0
283
0
284
8
285
0
286
0
288
1
289
3
290
0
340
4C
371
-2
372
-2
  0
DIMSTYLE
105
81
330
4
100
AcDbSymbolTableRecord
100
AcDbDimStyleTableRecord
  2
EZ_M_5_H25_CM
 70
0
 40
1.0
 41
0.0125
 42
0.00625
 43
3.75
 44
0.018750000000000003
 45
0.0
 46
0.0
 47
0.0
 48
0.0
 49
2.5
140
0.0125
141
2.5
142
0.00625
143
0.03937007874
144
100.0
145
0.0
146
0.5
147
0.005000000000000001
148
0.0
 69
0
 70
0
 71
0
 72
0
 73
0
 74
0
 75
0
 76
0
 77
1
 78
12
 79
3
170
0
171
3
172
1
173
0
174
0
175
0
176
0
177
0
178
0
179
2
271
2
272
2
273
2
274
3
275
0
276
0
277
2
278
46
279
2
280
0
281
0
282
0
283
0
284
8
285
0
286
0
288
1
289
3
290
0
340
4C
371
-2
372
-2
  0
DIMSTYLE
105
82
330
4
100
AcDbSymbolTableRecord
100
AcDbDimStyleTableRecord
  2
EZ_M_1_H25_CM
 70
0
 40
1.0
 41
0.0025
 42
0.00125
 43
3.75
 44
0.00375
 45
0.0
 46
0.0
 47
0.0
 48
0.0
 49
2.5
140
0.0025
141
2.5
142
0.00125
143
0.03937007874
144
100.0
145
0.0
146
0.5
147
0.001
148
0.0
 69
0
 70
0
 71
0
 72
0
 73
0
 74
0
 75
0
 76
0
 77
1
 78
12
 79
3
170
0
171
3
172
1
173
0
174
0
175
0
176
0
177
0
178
0
179
2
271
2
272
2
273
2
274
3
275
0
276
0
277
2
278
46
279
2
280
0
281
0
282
0
283
0
284
8
285
0
286
0
288
1
289
3
290
0
340
4C
371
-2
372
-2
  0
DIMSTYLE
105
83
330
4
100
AcDbSymbolTableRecord
100
AcDbDimStyleTableRecord
  2
EZ_RADIUS
 70
0
 40
1.0
 41
0.25
 42
0.125
 43
3.75
 44
0.375
 45
0.0
 46
0.0
 47
0.0
 48
0.0
 49
2.5
140
0.25
141
0.0
142
0.0
143
0.03937007874
144
100.0
145
0.0
146
0.5
147
0.1
148
0.0
 69
0
 70
0
 71
0
 72
0
 73
0
 74
0
 75
0
 76
0
 77
1
 78
12
 79
3
170
0
171
3
172
0
173
0
174
0
175
0
176
0
177
0
178
0
179
2
271
2
272
2
273
2
274
3
275
0
276
0
277
2
278
46
279
1
280
0
281
0
282
0
283
0
284
8
285
0
286
0
288
1
289
3
290
0
340
4C
342
84
371
-2
372
-2
  0
DIMSTYLE
105
88
330
4
100
AcDbSymbolTableRecord
100
AcDbDimStyleTableRecord
  2
EZ_RADIUS_INSIDE
 70
0
 40
1.0
 41
0.25
 42
0.125
 43
3.75
 44
0.375
 45
0.0
 46
0.0
 47
0.0
 48
0.0
 49
2.5
140
0.25
141
0.0
142
0.0
143
0.03937007874
144
100.0
145
0.0
146
0.5
147
0.1
148
0.0
 69
0
 70
0
 71
0
 72
0
 73
0
 74
0
 75
0
 76
0
 77
0
 78
12
 79
3
170
0
171
3
172
0
173
0
174
1
175
0
176
0
177
0
178
0
179
2
271
2
272
2
273
2
274
3
275
0
276
0
277
2
278
46
279
0
280
0
281
0
282
0
283
0
284
8
285
0
286
0
288
1
289
0
290
0
340
4C
342
84
371
-2
372
-2
  0
DIMSTYLE
105
89
330
4
100
AcDbSymbolTableRecord
100
AcDbDimStyleTableRecord
  2
EZ_CURVED
 70
0
 40
1.0
 41
0.25
 42
0.125
 43
3.75
 44
0.375
 45
0.0
 46
0.0
 47
0.0
 48
0.0
 49
2.5
140
0.25
141
2.5
142
0.0
143
0.03937007874
144
100.0
145
0.0
146
0.5
147
0.1
148
0.0
 69
0
 70
0
 71
0
 72
0
 73
0
 74
0
 75
0
 76
0
 77
1
 78
12
 79
2
 90
2
170
0
171
3
172
1
173
0
174
0
175
0
176
0
177
0
178
0
179
2
271
2
272
2
273
2
274
3
275
0
276
0
277
2
278
46
279
2
280
0
281
0
282
0
283
0
284
8
285
0
286
0
288
1
289
3
290
0
340
4C
371
-2
372
-2
  0
ENDTAB
  0
TABLE
  2
BLOCK_RECORD
  5
9
330
0
100
AcDbSymbolTable
 70
5
  0
BLOCK_RECORD
  5
17
330
9
100
AcDbSymbolTableRecord
100
AcDbBlockTableRecord
  2
*Model_Space
340
1A
 70
0
280
1
281
0
  0
BLOCK_RECORD
  5
1B
330
9
100
AcDbSymbolTableRecord
100
AcDbBlockTableRecord
  2
*Paper_Space
340
1E
 70
0
280
1
281
0
  0
BLOCK_RECORD
  5
74
330
9
100
AcDbSymbolTableRecord
100
AcDbBlockTableRecord
  2
_ARCHTICK
340
0
 70
0
280
1
281
0
  0
BLOCK_RECORD
  5
78
330
9
100
AcDbSymbolTableRecord
100
AcDbBlockTableRecord
  2
_CLOSEDFILLED
340
0
 70
0
280
1
281
0
  0
BLOCK_RECORD
  5
84
330
9
100
AcDbSymbolTableRecord
100
AcDbBlockTableRecord
  2
_CLOSEDBLANK
340
0
 70
0
280
1
281
0
  0
ENDTAB
  0
ENDSEC
  0
SECTION
  2
BLOCKS
  0
BLOCK
  5
18
330
17
100
AcDbEntity
  8
0
100
AcDbBlockBegin
  2
*Model_Space
 70
0
 10
0.0
 20
0.0
 30
0.0
  3
*Model_Space
  1

  0
ENDBLK
  5
19
330
17
100
AcDbEntity
  8
0
100
AcDbBlockEnd
  0
BLOCK
  5
1C
330
1B
100
AcDbEntity
  8
0
100
AcDbBlockBegin
  2
*Paper_Space
 70
0
 10
0.0
 20
0.0
 30
0.0
  3
*Paper_Space
  1

  0
ENDBLK
  5
1D
330
1B
100
AcDbEntity
  8
0
100
AcDbBlockEnd
  0
BLOCK
  5
75
330
74
100
AcDbEntity
  8
0
100
AcDbBlockBegin
  2
_ARCHTICK
 70
0
 10
0.0
 20
0.0
 30
0.0
  3
_ARCHTICK
  1

  0
LWPOLYLINE
  5
77
330
74
100
AcDbEntity
  8
0
  6
BYBLOCK
 62
0
100
AcDbPolyline
 90
2
 70
0
 43
0.15
 10
-0.5
 20
-0.5
 10
0.5
 20
0.5
  0
ENDBLK
  5
76
330
74
100
AcDbEntity
  8
0
100
AcDbBlockEnd
  0
BLOCK
  5
79
330
78
100
AcDbEntity
  8
0
100
AcDbBlockBegin
  2
_CLOSEDFILLED
 70
0
 10
0.0
 20
0.0
 30
0.0
  3
_CLOSEDFILLED
  1

  0
SOLID
  5
7B
330
78
100
AcDbEntity
  8
0
  6
BYBLOCK
 62
0
100
AcDbTrace
 10
-1.0
 20
0.16439898372402537
 30
0.0
 11
0.0
 21
0.0
 31
0.0
 12
-1.0
 22
-0.16439898372402537
 32
0.0
 13
-1.0
 23
-0.16439898372402537
 33
0.0
  0
ENDBLK
  5
7A
330
78
100
AcDbEntity
  8
0
100
AcDbBlockEnd
  0
BLOCK
  5
85
330
84
100
AcDbEntity
  8
0
100
AcDbBlockBegin
  2
_CLOSEDBLANK
 70
0
 10
0.0
 20
0.0
 30
0.0
  3
_CLOSEDBLANK
  1

  0
LWPOLYLINE
  5
87
330
84
100
AcDbEntity
  8
0
  6
BYBLOCK
 62
0
100
AcDbPolyline
 90
3
 70
1
 10
-1.0
 20
0.16439898372402537
 10
0.0
 20
0.0
 10
-1.0
 20
-0.16439898372402537
  0
ENDBLK
  5
86
330
84
100
AcDbEntity
  8
0
100
AcDbBlockEnd
  0
ENDSEC
  0
SECTION
  2
ENTITIES
  0
LWPOLYLINE
  5
9A
330
17
100
AcDbEntity
  8
TERRITORY_BOUNDARY
100
AcDbPolyline
 90
5
 70
1
 10
64.52960145846009
 20
260.5598599705845
 10
10.0
 20
172.72338789887726
 10
272.11540033947676
 20
10.0
 10
326.64500179793686
 20
97.83647207170725
 10
64.52960145846009
 20
260.5598599705845
  0
LWPOLYLINE
  5
9B
330
17
100
AcDbEntity
  8
GRASS
100
AcDbPolyline
 90
26
 70
1
 10
10.0
 20
172.72338789887726
 10
64.52960145846009
 20
260.5598599705845
 10
326.64500179793686
 20
97.83647207170725
 10
272.11540033947676
 20
10.0
 10
141.05770016973838
 20
91.36169394943863
 10
217.521253651008
 20
43.892493524588645
 10
227.0150937360595
 20
59.1852042209357
 10
160.7334448734764
 20
100.33339484408498
 10
161.46020643680822
 20
99.88221531175077
 10
174.00016198755475
 20
120.08161941636354
 10
173.99769338261103
 20
120.08161941636354
 10
175.67375373584218
 20
122.78925822488964
 10
174.14325193298282
 20
123.73665689025074
 10
171.61716283438727
 20
119.65581525210291
 10
159.93093536735978
 20
100.8315993193537
 10
133.13092277763644
 20
117.46926669310778
 10
133.59923992556287
 20
117.17853157129139
 10
146.116749926412
 20
137.34178030584008
 10
146.11428132129367
 20
137.34178030584008
 10
147.79034167452483
 20
140.04941911436617
 10
146.25983987166546
 20
140.99681777972728
 10
143.73375077306991
 20
136.91597614157945
 10
132.06996885617264
 20
118.12791557889432
 10
74.08798677352024
 20
154.12360507063568
 10
64.59414668864338
 20
138.83089437428862
 10
10.0
 20
172.72338789887726
  0
HATCH
  5
9C
330
17
100
AcDbEntity
  8
GRASS
 62
84
100
AcDbHatch
 10
0.0
 20
0.0
 30
0.0
210
0.0
220
0.0
230
1.0
  2
SOLID
 70
1
 71
0
 91
4
 92
3
 72
0
 73
1
 93
26
 10
10.0
 20
172.72338789887726
 10
64.52960145846009
 20
260.5598599705845
 10
326.64500179793686
 20
97.83647207170725
 10
272.11540033947676
 20
10.0
 10
141.05770016973838
 20
91.36169394943863
 10
217.521253651008
 20
43.892493524588645
 10
227.0150937360595
 20
59.1852042209357
 10
160.7334448734764
 20
100.33339484408498
 10
161.46020643680822
 20
99.88221531175077
 10
174.00016198755475
 20
120.08161941636354
 10
173.99769338261103
 20
120.08161941636354
 10
175.67375373584218
 20
122.78925822488964
 10
174.14325193298282
 20
123.73665689025074
 10
171.61716283438727
 20
119.65581525210291
 10
159.93093536735978
 20
100.8315993193537
 10
133.13092277763644
 20
117.46926669310778
 10
133.59923992556287
 20
117.17853157129139
 10
146.116749926412
 20
137.34178030584008
 10
146.11428132129367
 20
137.34178030584008
 10
147.79034167452483
 20
140.04941911436617
 10
146.25983987166546
 20
140.99681777972728
 10
143.73375077306991
 20
136.91597614157945
 10
132.06996885617264
 20
118.12791557889432
 10
74.08798677352024
 20
154.12360507063568
 10
64.59414668864338
 20
138.83089437428862
 10
10.0
 20
172.72338789887726
 97
0
 92
18
 72
0
 73
1
 93
7
 10
200.29718621558277
 20
123.30782008636743
 10
78.94705901492853
 20
198.42102933954448
 10
71.96637695247773
 20
187.22056442685425
 10
193.19860330584925
 20
112.1763866469264
 10
257.59887014183914
 20
71.9784427061677
 10
264.5792362760985
 20
83.17920009139925
 10
200.29718621558277
 20
123.30782008636743
 97
0
 92
18
 72
0
 73
1
 93
7
 10
102.9976559743518
 20
136.17624558974057
 10
104.52692704391666
 20
135.22686158213764
 10
116.16790358838625
 20
153.97818716987967
 10
118.69460734946188
 20
158.0600217813626
 10
117.1641055465443
 20
159.0074204467237
 10
114.6380164482398
 20
154.9265788095072
 10
102.9976559743518
 20
136.17624558974057
 97
0
 92
18
 72
0
 73
1
 93
7
 10
75.1366894635139
 20
153.4725618492812
 10
76.66596053307876
 20
152.52317784167826
 10
88.2844915270689
 20
171.2383480584249
 10
90.81119528855197
 20
175.32018267083913
 10
89.28069348569261
 20
176.26758133620024
 10
86.75460442644544
 20
172.18673976138234
 10
75.1366894635139
 20
153.4725618492812
 97
0
 75
0
 76
1
 98
0
  0
LWPOLYLINE
  5
9D
330
17
100
AcDbEntity
  8
PATHS
100
AcDbPolyline
 90
8
 70
1
 10
159.93093536712695
 20
100.8315993193537
 10
171.61716283438727
 20
119.65581525210291
 10
174.14325193298282
 20
123.73665689025074
 10
175.67375373584218
 20
122.78925822488964
 10
173.99769338261103
 20
120.08161941636354
 10
174.00016198755475
 20
120.08161941636354
 10
161.46020643680822
 20
99.88221531175077
 10
159.93093536712695
 20
100.8315993193537
  0
HATCH
  5
9E
330
17
100
AcDbEntity
  8
PATHS
 62
9
100
AcDbHatch
 10
0.0
 20
0.0
 30
0.0
210
0.0
220
0.0
230
1.0
  2
SOLID
 70
1
 71
0
 91
1
 92
3
 72
0
 73
1
 93
8
 10
159.93093536712695
 20
100.8315993193537
 10
171.61716283438727
 20
119.65581525210291
 10
174.14325193298282
 20
123.73665689025074
 10
175.67375373584218
 20
122.78925822488964
 10
173.99769338261103
 20
120.08161941636354
 10
174.00016198755475
 20
120.08161941636354
 10
161.46020643680822
 20
99.88221531175077
 10
159.93093536712695
 20
100.8315993193537
 97
0
 75
0
 76
1
 98
0
  0
LWPOLYLINE
  5
9F
330
17
100
AcDbEntity
  8
PATHS
100
AcDbPolyline
 90
8
 70
1
 10
132.0699688558816
 20
118.12791557889432
 10
143.73375077306991
 20
136.91597614157945
 10
146.25983987166546
 20
140.99681777972728
 10
147.79034167452483
 20
140.04941911436617
 10
146.11428132129367
 20
137.34178030584008
 10
146.116749926412
 20
137.34178030584008
 10
133.59923992556287
 20
117.17853157129139
 10
132.0699688558816
 20
118.12791557889432
  0
HATCH
  5
A0
330
17
100
AcDbEntity
  8
PATHS
 62
9
100
AcDbHatch
 10
0.0
 20
0.0
 30
0.0
210
0.0
220
0.0
230
1.0
  2
SOLID
 70
1
 71
0
 91
1
 92
3
 72
0
 73
1
 93
8
 10
132.0699688558816
 20
118.12791557889432
 10
143.73375077306991
 20
136.91597614157945
 10
146.25983987166546
 20
140.99681777972728
 10
147.79034167452483
 20
140.04941911436617
 10
146.11428132129367
 20
137.34178030584008
 10
146.116749926412
 20
137.34178030584008
 10
133.59923992556287
 20
117.17853157129139
 10
132.0699688558816
 20
118.12791557889432
 97
0
 75
0
 76
1
 98
0
  0
LWPOLYLINE
  5
A1
330
17
100
AcDbEntity
  8
PATHS
100
AcDbPolyline
 90
7
 70
1
 10
116.16790358838625
 20
153.97818716987967
 10
104.52692704391666
 20
135.22686158213764
 10
102.9976559743518
 20
136.17624558974057
 10
114.6380164482398
 20
154.9265788095072
 10
117.1641055465443
 20
159.0074204467237
 10
118.69460734946188
 20
158.0600217813626
 10
116.16790358838625
 20
153.97818716987967
  0
HATCH
  5
A2
330
17
100
AcDbEntity
  8
PATHS
 62
9
100
AcDbHatch
 10
0.0
 20
0.0
 30
0.0
210
0.0
220
0.0
230
1.0
  2
SOLID
 70
1
 71
0
 91
1
 92
3
 72
0
 73
1
 93
7
 10
116.16790358838625
 20
153.97818716987967
 10
104.52692704391666
 20
135.22686158213764
 10
102.9976559743518
 20
136.17624558974057
 10
114.6380164482398
 20
154.9265788095072
 10
117.1641055465443
 20
159.0074204467237
 10
118.69460734946188
 20
158.0600217813626
 10
116.16790358838625
 20
153.97818716987967
 97
0
 75
0
 76
1
 98
0
  0
LWPOLYLINE
  5
A3
330
17
100
AcDbEntity
  8
PATHS
100
AcDbPolyline
 90
7
 70
1
 10
88.2844915270689
 20
171.2383480584249
 10
76.66596053307876
 20
152.52317784167826
 10
75.1366894635139
 20
153.4725618492812
 10
86.75460442644544
 20
172.18673976138234
 10
89.28069348569261
 20
176.26758133620024
 10
90.81119528855197
 20
175.32018267083913
 10
88.2844915270689
 20
171.2383480584249
  0
HATCH
  5
A4
330
17
100
AcDbEntity
  8
PATHS
 62
9
100
AcDbHatch
 10
0.0
 20
0.0
 30
0.0
210
0.0
220
0.0
230
1.0
  2
SOLID
 70
1
 71
0
 91
1
 92
3
 72
0
 73
1
 93
7
 10
88.2844915270689
 20
171.2383480584249
 10
76.66596053307876
 20
152.52317784167826
 10
75.1366894635139
 20
153.4725618492812
 10
86.75460442644544
 20
172.18673976138234
 10
89.28069348569261
 20
176.26758133620024
 10
90.81119528855197
 20
175.32018267083913
 10
88.2844915270689
 20
171.2383480584249
 97
0
 75
0
 76
1
 98
0
  0
LWPOLYLINE
  5
A5
330
17
100
AcDbEntity
  8
PARKING
100
AcDbPolyline
 90
5
 70
1
 10
64.59414668846875
 20
138.83089437428862
 10
217.521253651008
 20
43.892493524588645
 10
227.0150937360595
 20
59.1852042209357
 10
74.08798677352024
 20
154.12360507063568
 10
64.59414668846875
 20
138.83089437428862
  0
HATCH
  5
A6
330
17
100
AcDbEntity
  8
PARKING
 62
253
100
AcDbHatch
 10
0.0
 20
0.0
 30
0.0
210
0.0
220
0.0
230
1.0
  2
SOLID
 70
1
 71
0
 91
1
 92
3
 72
0
 73
1
 93
5
 10
64.59414668846875
 20
138.83089437428862
 10
217.521253651008
 20
43.892493524588645
 10
227.0150937360595
 20
59.1852042209357
 10
74.08798677352024
 20
154.12360507063568
 10
64.59414668846875
 20
138.83089437428862
 97
0
 75
0
 76
1
 98
0
  0
LINE
  5
A7
330
17
100
AcDbEntity
  8
PARKING_MARKINGS
100
AcDbLine
 10
76.21197916759411
 20
152.80501273088157
 30
0.0
 11
71.53920645499602
 21
155.70590831246227
 31
0.0
  0
LINE
  5
A8
330
17
100
AcDbEntity
  8
PARKING_MARKINGS
100
AcDbLine
 10
78.33597156166798
 20
151.48642039112747
 30
0.0
 11
73.66319884906989
 21
154.38731597270817
 31
0.0
  0
LINE
  5
A9
330
17
100
AcDbEntity
  8
PARKING_MARKINGS
100
AcDbLine
 10
80.45996395574184
 20
150.16782805044204
 30
0.0
 11
75.78719124314375
 21
153.06872363202274
 31
0.0
  0
LINE
  5
AA
330
17
100
AcDbEntity
  8
PARKING_MARKINGS
100
AcDbLine
 10
82.58395634981571
 20
148.84923571068794
 30
0.0
 11
77.91118363721762
 21
151.75013129226863
 31
0.0
  0
LINE
  5
AB
330
17
100
AcDbEntity
  8
PARKING_MARKINGS
100
AcDbLine
 10
84.70794874388957
 20
147.53064337093383
 30
0.0
 11
80.03517603129148
 21
150.43153895251453
 31
0.0
  0
LINE
  5
AC
330
17
100
AcDbEntity
  8
PARKING_MARKINGS
100
AcDbLine
 10
86.83194113796344
 20
146.2120510302484
 30
0.0
 11
82.15916842536535
 21
149.1129466118291
 31
0.0
  0
LINE
  5
AD
330
17
100
AcDbEntity
  8
PARKING_MARKINGS
100
AcDbLine
 10
88.9559335320373
 20
144.8934586904943
 30
0.0
 11
84.28316081943922
 21
147.794354272075
 31
0.0
  0
LINE
  5
AE
330
17
100
AcDbEntity
  8
PARKING_MARKINGS
100
AcDbLine
 10
91.07992592611117
 20
143.5748663507402
 30
0.0
 11
86.40715321351308
 21
146.4757619323209
 31
0.0
  0
LINE
  5
AF
330
17
100
AcDbEntity
  8
PARKING_MARKINGS
100
AcDbLine
 10
93.20391832018504
 20
142.2562740109861
 30
0.0
 11
88.53114560758695
 21
145.1571695925668
 31
0.0
  0
LINE
  5
B0
330
17
100
AcDbEntity
  8
PARKING_MARKINGS
100
AcDbLine
 10
95.3279107142589
 20
140.93768167123199
 30
0.0
 11
90.65513800166082
 21
143.83857725281268
 31
0.0
  0
LINE
  5
B1
330
17
100
AcDbEntity
  8
PARKING_MARKINGS
100
AcDbLine
 10
97.45190310833277
 20
139.61908933054656
 30
0.0
 11
92.77913039573468
 21
142.51998491212726
 31
0.0
  0
LINE
  5
B2
330
17
100
AcDbEntity
  8
PARKING_MARKINGS
100
AcDbLine
 10
99.57589550246485
 20
138.30049699079245
 30
0.0
 11
94.90312278986676
 21
141.20139257237315
 31
0.0
  0
LINE
  5
B3
330
17
100
AcDbEntity
  8
PARKING_MARKINGS
100
AcDbLine
 10
101.69988789653871
 20
136.98190465103835
 30
0.0
 11
97.02711518394062
 21
139.88280023261905
 31
0.0
  0
LINE
  5
B4
330
17
100
AcDbEntity
  8
PARKING_MARKINGS
100
AcDbLine
 10
103.82388029061258
 20
135.66331231035292
 30
0.0
 11
99.15110757801449
 21
138.56420789193362
 31
0.0
  0
LINE
  5
B5
330
17
100
AcDbEntity
  8
PARKING_MARKINGS
100
AcDbLine
 10
105.94787268468644
 20
134.34471997059882
 30
0.0
 11
101.27509997208836
 21
137.24561555217952
 31
0.0
  0
LINE
  5
B6
330
17
100
AcDbEntity
  8
PARKING_MARKINGS
100
AcDbLine
 10
108.07186507876031
 20
133.0261276308447
 30
0.0
 11
103.39909236616222
 21
135.9270232124254
 31
0.0
  0
LINE
  5
B7
330
17
100
AcDbEntity
  8
PARKING_MARKINGS
100
AcDbLine
 10
110.19585747283418
 20
131.7075352910906
 30
0.0
 11
105.52308476023609
 21
134.6084308726713
 31
0.0
  0
LINE
  5
B8
330
17
100
AcDbEntity
  8
PARKING_MARKINGS
100
AcDbLine
 10
112.31984986690804
 20
130.3889429513365
 30
0.0
 11
107.64707715430995
 21
133.2898385329172
 31
0.0
  0
LINE
  5
B9
330
17
100
AcDbEntity
  8
PARKING_MARKINGS
100
AcDbLine
 10
114.44384226098191
 20
129.07035061065108
 30
0.0
 11
109.77106954838382
 21
131.97124619223177
 31
0.0
  0
LINE
  5
BA
330
17
100
AcDbEntity
  8
PARKING_MARKINGS
100
AcDbLine
 10
116.56783465505578
 20
127.75175827089697
 30
0.0
 11
111.89506194245769
 21
130.65265385247767
 31
0.0
  0
LINE
  5
BB
330
17
100
AcDbEntity
  8
PARKING_MARKINGS
100
AcDbLine
 10
118.69182704912964
 20
126.43316593114287
 30
0.0
 11
114.01905433653155
 21
129.33406151272357
 31
0.0
  0
LINE
  5
BC
330
17
100
AcDbEntity
  8
PARKING_MARKINGS
100
AcDbLine
 10
120.81581944320351
 20
125.11457359045744
 30
0.0
 11
116.14304673060542
 21
128.01546917203814
 31
0.0
  0
LINE
  5
BD
330
17
100
AcDbEntity
  8
PARKING_MARKINGS
100
AcDbLine
 10
122.93981183727738
 20
123.79598125070333
 30
0.0
 11
118.26703912467929
 21
126.69687683228403
 31
0.0
  0
LINE
  5
BE
330
17
100
AcDbEntity
  8
PARKING_MARKINGS
100
AcDbLine
 10
125.06380423135124
 20
122.47738891094923
 30
0.0
 11
120.39103151875315
 21
125.37828449252993
 31
0.0
  0
LINE
  5
BF
330
17
100
AcDbEntity
  8
PARKING_MARKINGS
100
AcDbLine
 10
127.18779662542511
 20
121.15879657119513
 30
0.0
 11
122.51502391282702
 21
124.05969215277582
 31
0.0
  0
LINE
  5
C0
330
17
100
AcDbEntity
  8
PARKING_MARKINGS
100
AcDbLine
 10
129.31178901949897
 20
119.84020423144102
 30
0.0
 11
124.63901630690088
 21
122.74109981302172
 31
0.0
  0
LINE
  5
C1
330
17
100
AcDbEntity
  8
PARKING_MARKINGS
100
AcDbLine
 10
131.43578141357284
 20
118.5216118907556
 30
0.0
 11
126.76300870097475
 21
121.42250747233629
 31
0.0
  0
LINE
  5
C2
330
17
100
AcDbEntity
  8
PARKING_MARKINGS
100
AcDbLine
 10
133.5597738076467
 20
117.20301955100149
 30
0.0
 11
128.88700109504862
 21
120.10391513258219
 31
0.0
  0
LINE
  5
C3
330
17
100
AcDbEntity
  8
PARKING_MARKINGS
100
AcDbLine
 10
135.68376620172057
 20
115.88442721124738
 30
0.0
 11
131.01099348912248
 21
118.78532279282808
 31
0.0
  0
LINE
  5
C4
330
17
100
AcDbEntity
  8
PARKING_MARKINGS
100
AcDbLine
 10
137.80775859579444
 20
114.56583487056196
 30
0.0
 11
133.13498588319635
 21
117.46673045214266
 31
0.0
  0
LINE
  5
C5
330
17
100
AcDbEntity
  8
PARKING_MARKINGS
100
AcDbLine
 10
139.9317509898683
 20
113.24724253080785
 30
0.0
 11
135.25897827727022
 21
116.14813811238855
 31
0.0
  0
LINE
  5
C6
330
17
100
AcDbEntity
  8
PARKING_MARKINGS
100
AcDbLine
 10
142.05574338394217
 20
111.92865019105375
 30
0.0
 11
137.38297067134408
 21
114.82954577263445
 31
0.0
  0
LINE
  5
C7
330
17
100
AcDbEntity
  8
PARKING_MARKINGS
100
AcDbLine
 10
144.17973577801604
 20
110.61005785129964
 30
0.0
 11
139.50696306541795
 21
113.51095343288034
 31
0.0
  0
LINE
  5
C8
330
17
100
AcDbEntity
  8
PARKING_MARKINGS
100
AcDbLine
 10
146.3037281720899
 20
109.29146551154554
 30
0.0
 11
141.63095545949182
 21
112.19236109312624
 31
0.0
  0
LINE
  5
C9
330
17
100
AcDbEntity
  8
PARKING_MARKINGS
100
AcDbLine
 10
148.42772056616377
 20
107.97287317086011
 30
0.0
 11
143.75494785356568
 21
110.87376875244081
 31
0.0
  0
LINE
  5
CA
330
17
100
AcDbEntity
  8
PARKING_MARKINGS
100
AcDbLine
 10
150.55171296023764
 20
106.654280831106
 30
0.0
 11
145.87894024763955
 21
109.5551764126867
 31
0.0
  0
LINE
  5
CB
330
17
100
AcDbEntity
  8
PARKING_MARKINGS
100
AcDbLine
 10
152.6757053543697
 20
105.3356884913519
 30
0.0
 11
148.00293264177162
 21
108.2365840729326
 31
0.0
  0
LINE
  5
CC
330
17
100
AcDbEntity
  8
PARKING_MARKINGS
100
AcDbLine
 10
154.79969774844358
 20
104.01709615066648
 30
0.0
 11
150.1269250358455
 21
106.91799173224717
 31
0.0
  0
LINE
  5
CD
330
17
100
AcDbEntity
  8
PARKING_MARKINGS
100
AcDbLine
 10
156.92369014251744
 20
102.69850381091237
 30
0.0
 11
152.25091742991935
 21
105.59939939249307
 31
0.0
  0
LINE
  5
CE
330
17
100
AcDbEntity
  8
PARKING_MARKINGS
100
AcDbLine
 10
159.0476825365913
 20
101.37991147115827
 30
0.0
 11
154.37490982399322
 21
104.28080705273896
 31
0.0
  0
LINE
  5
CF
330
17
100
AcDbEntity
  8
PARKING_MARKINGS
100
AcDbLine
 10
161.17167493066518
 20
100.06131913140416
 30
0.0
 11
156.4989022180671
 21
102.96221471298486
 31
0.0
  0
LINE
  5
D0
330
17
100
AcDbEntity
  8
PARKING_MARKINGS
100
AcDbLine
 10
163.29566732473904
 20
98.74272679165006
 30
0.0
 11
158.62289461214095
 21
101.64362237323076
 31
0.0
  0
LINE
  5
D1
330
17
100
AcDbEntity
  8
PARKING_MARKINGS
100
AcDbLine
 10
165.4196597188129
 20
97.42413445096463
 30
0.0
 11
160.74688700621482
 21
100.32503003254533
 31
0.0
  0
LINE
  5
D2
330
17
100
AcDbEntity
  8
PARKING_MARKINGS
100
AcDbLine
 10
167.54365211288678
 20
96.10554211121053
 30
0.0
 11
162.8708794002887
 21
99.00643769279122
 31
0.0
  0
LINE
  5
D3
330
17
100
AcDbEntity
  8
PARKING_MARKINGS
100
AcDbLine
 10
169.66764450696064
 20
94.78694977145642
 30
0.0
 11
164.99487179436255
 21
97.68784535303712
 31
0.0
  0
LINE
  5
D4
330
17
100
AcDbEntity
  8
PARKING_MARKINGS
100
AcDbLine
 10
171.7916369010345
 20
93.46835743170232
 30
0.0
 11
167.11886418843642
 21
96.36925301328301
 31
0.0
  0
LINE
  5
D5
330
17
100
AcDbEntity
  8
PARKING_MARKINGS
100
AcDbLine
 10
173.91562929510837
 20
92.14976509101689
 30
0.0
 11
169.24285658251029
 21
95.05066067259759
 31
0.0
  0
LINE
  5
D6
330
17
100
AcDbEntity
  8
PARKING_MARKINGS
100
AcDbLine
 10
176.03962168918224
 20
90.83117275126278
 30
0.0
 11
171.36684897658415
 21
93.73206833284348
 31
0.0
  0
LINE
  5
D7
330
17
100
AcDbEntity
  8
PARKING_MARKINGS
100
AcDbLine
 10
178.1636140832561
 20
89.51258041150868
 30
0.0
 11
173.49084137065802
 21
92.41347599308938
 31
0.0
  0
LINE
  5
D8
330
17
100
AcDbEntity
  8
PARKING_MARKINGS
100
AcDbLine
 10
180.28760647732997
 20
88.19398807175457
 30
0.0
 11
175.61483376473188
 21
91.09488365333527
 31
0.0
  0
LINE
  5
D9
330
17
100
AcDbEntity
  8
PARKING_MARKINGS
100
AcDbLine
 10
182.41159887140384
 20
86.87539573106915
 30
0.0
 11
177.73882615880575
 21
89.77629131264985
 31
0.0
  0
LINE
  5
DA
330
17
100
AcDbEntity
  8
PARKING_MARKINGS
100
AcDbLine
 10
184.5355912654777
 20
85.55680339131504
 30
0.0
 11
179.86281855287962
 21
88.45769897289574
 31
0.0
  0
LINE
  5
DB
330
17
100
AcDbEntity
  8
PARKING_MARKINGS
100
AcDbLine
 10
186.65958365955157
 20
84.23821105156094
 30
0.0
 11
181.98681094695348
 21
87.13910663314164
 31
0.0
  0
LINE
  5
DC
330
17
100
AcDbEntity
  8
PARKING_MARKINGS
100
AcDbLine
 10
188.78357605362544
 20
82.91961871087551
 30
0.0
 11
184.11080334102735
 21
85.82051429245621
 31
0.0
  0
LINE
  5
DD
330
17
100
AcDbEntity
  8
PARKING_MARKINGS
100
AcDbLine
 10
190.9075684476993
 20
81.6010263711214
 30
0.0
 11
186.23479573510122
 21
84.5019219527021
 31
0.0
  0
LINE
  5
DE
330
17
100
AcDbEntity
  8
PARKING_MARKINGS
100
AcDbLine
 10
193.03156084177317
 20
80.2824340313673
 30
0.0
 11
188.35878812917508
 21
83.183329612948
 31
0.0
  0
LINE
  5
DF
330
17
100
AcDbEntity
  8
PARKING_MARKINGS
100
AcDbLine
 10
195.15555323584704
 20
78.9638416916132
 30
0.0
 11
190.48278052324895
 21
81.8647372731939
 31
0.0
  0
LINE
  5
E0
330
17
100
AcDbEntity
  8
PARKING_MARKINGS
100
AcDbLine
 10
197.2795456299209
 20
77.64524935185909
 30
0.0
 11
192.60677291732281
 21
80.54614493343979
 31
0.0
  0
LINE
  5
E1
330
17
100
AcDbEntity
  8
PARKING_MARKINGS
100
AcDbLine
 10
199.40353802399477
 20
76.32665701117367
 30
0.0
 11
194.73076531139668
 21
79.22755259275436
 31
0.0
  0
LINE
  5
E2
330
17
100
AcDbEntity
  8
PARKING_MARKINGS
100
AcDbLine
 10
201.52753041812684
 20
75.00806467141956
 30
0.0
 11
196.85475770552875
 21
77.90896025300026
 31
0.0
  0
LINE
  5
E3
330
17
100
AcDbEntity
  8
PARKING_MARKINGS
100
AcDbLine
 10
203.6515228122007
 20
73.68947233166546
 30
0.0
 11
198.97875009960262
 21
76.59036791324615
 31
0.0
  0
LINE
  5
E4
330
17
100
AcDbEntity
  8
PARKING_MARKINGS
100
AcDbLine
 10
205.77551520627458
 20
72.37087999098003
 30
0.0
 11
201.1027424936765
 21
75.27177557256073
 31
0.0
  0
LINE
  5
E5
330
17
100
AcDbEntity
  8
PARKING_MARKINGS
100
AcDbLine
 10
207.89950760034844
 20
71.05228765122592
 30
0.0
 11
203.22673488775035
 21
73.95318323280662
 31
0.0
  0
LINE
  5
E6
330
17
100
AcDbEntity
  8
PARKING_MARKINGS
100
AcDbLine
 10
210.0234999944223
 20
69.73369531147182
 30
0.0
 11
205.35072728182422
 21
72.63459089305252
 31
0.0
  0
LINE
  5
E7
330
17
100
AcDbEntity
  8
PARKING_MARKINGS
100
AcDbLine
 10
212.14749238849618
 20
68.41510297171772
 30
0.0
 11
207.4747196758981
 21
71.31599855329841
 31
0.0
  0
LINE
  5
E8
330
17
100
AcDbEntity
  8
PARKING_MARKINGS
100
AcDbLine
 10
214.27148478257004
 20
67.09651063196361
 30
0.0
 11
209.59871206997195
 21
69.99740621354431
 31
0.0
  0
LINE
  5
E9
330
17
100
AcDbEntity
  8
PARKING_MARKINGS
100
AcDbLine
 10
216.3954771766439
 20
65.77791829127818
 30
0.0
 11
211.72270446404582
 21
68.67881387285888
 31
0.0
  0
LINE
  5
EA
330
17
100
AcDbEntity
  8
PARKING_MARKINGS
100
AcDbLine
 10
218.51946957071777
 20
64.45932595152408
 30
0.0
 11
213.84669685811969
 21
67.36022153310478
 31
0.0
  0
LINE
  5
EB
330
17
100
AcDbEntity
  8
PARKING_MARKINGS
100
AcDbLine
 10
220.64346196479164
 20
63.140733611769974
 30
0.0
 11
215.97068925219355
 21
66.04162919335067
 31
0.0
  0
LINE
  5
EC
330
17
100
AcDbEntity
  8
PARKING_MARKINGS
100
AcDbLine
 10
222.7674543588655
 20
61.82214127108455
 30
0.0
 11
218.09468164626742
 21
64.72303685266525
 31
0.0
  0
LINE
  5
ED
330
17
100
AcDbEntity
  8
PARKING_MARKINGS
100
AcDbLine
 10
224.89144675293937
 20
60.50354893133044
 30
0.0
 11
220.21867404034128
 21
63.40444451291114
 31
0.0
  0
LINE
  5
EE
330
17
100
AcDbEntity
  8
LAMPS
100
AcDbLine
 10
66.6596925870981
 20
139.31413359194994
 30
0.0
 11
66.6596925870981
 21
139.31413359194994
 31
4.0
  0
CIRCLE
  5
EF
330
17
100
AcDbEntity
  8
LAMPS
100
AcDbCircle
 10
66.6596925870981
 20
139.31413359194994
 30
4.0
 40
0.35
  0
LINE
  5
F0
330
17
100
AcDbEntity
  8
LAMPS
100
AcDbLine
 10
73.19308791443473
 20
149.83814955502748
 30
0.0
 11
73.19308791443473
 21
149.83814955502748
 31
4.0
  0
CIRCLE
  5
F1
330
17
100
AcDbEntity
  8
LAMPS
100
AcDbCircle
 10
73.19308791443473
 20
149.83814955502748
 30
4.0
 40
0.35
  0
LINE
  5
F2
330
17
100
AcDbEntity
  8
LAMPS
100
AcDbLine
 10
82.87533233722206
 20
146.90280192159116
 30
0.0
 11
82.87533233722206
 21
146.90280192159116
 31
4.0
  0
CIRCLE
  5
F3
330
17
100
AcDbEntity
  8
LAMPS
100
AcDbCircle
 10
82.87533233722206
 20
146.90280192159116
 30
4.0
 40
0.35
  0
LINE
  5
F4
330
17
100
AcDbEntity
  8
LAMPS
100
AcDbLine
 10
93.39934830018319
 20
140.3694065939635
 30
0.0
 11
93.39934830018319
 21
140.3694065939635
 31
4.0
  0
CIRCLE
  5
F5
330
17
100
AcDbEntity
  8
LAMPS
100
AcDbCircle
 10
93.39934830018319
 20
140.3694065939635
 30
4.0
 40
0.35
  0
LINE
  5
F6
330
17
100
AcDbEntity
  8
LAMPS
100
AcDbLine
 10
103.92336426314432
 20
133.83601126633584
 30
0.0
 11
103.92336426314432
 21
133.83601126633584
 31
4.0
  0
CIRCLE
  5
F7
330
17
100
AcDbEntity
  8
LAMPS
100
AcDbCircle
 10
103.92336426314432
 20
133.83601126633584
 30
4.0
 40
0.35
  0
LINE
  5
F8
330
17
100
AcDbEntity
  8
LAMPS
100
AcDbLine
 10
114.44738022616366
 20
127.30261593963951
 30
0.0
 11
114.44738022616366
 21
127.30261593963951
 31
4.0
  0
CIRCLE
  5
F9
330
17
100
AcDbEntity
  8
LAMPS
100
AcDbCircle
 10
114.44738022616366
 20
127.30261593963951
 30
4.0
 40
0.35
  0
LINE
  5
FA
330
17
100
AcDbEntity
  8
LAMPS
100
AcDbLine
 10
124.97139618912479
 20
120.76922061201185
 30
0.0
 11
124.97139618912479
 21
120.76922061201185
 31
4.0
  0
CIRCLE
  5
FB
330
17
100
AcDbEntity
  8
LAMPS
100
AcDbCircle
 10
124.97139618912479
 20
120.76922061201185
 30
4.0
 40
0.35
  0
LINE
  5
FC
330
17
100
AcDbEntity
  8
LAMPS
100
AcDbLine
 10
135.49541215208592
 20
114.23582528531551
 30
0.0
 11
135.49541215208592
 21
114.23582528531551
 31
4.0
  0
CIRCLE
  5
FD
330
17
100
AcDbEntity
  8
LAMPS
100
AcDbCircle
 10
135.49541215208592
 20
114.23582528531551
 30
4.0
 40
0.35
  0
LINE
  5
FE
330
17
100
AcDbEntity
  8
LAMPS
100
AcDbLine
 10
146.01942811510526
 20
107.70242995768785
 30
0.0
 11
146.01942811510526
 21
107.70242995768785
 31
4.0
  0
CIRCLE
  5
FF
330
17
100
AcDbEntity
  8
LAMPS
100
AcDbCircle
 10
146.01942811510526
 20
107.70242995768785
 30
4.0
 40
0.35
  0
LINE
  5
100
330
17
100
AcDbEntity
  8
LAMPS
100
AcDbLine
 10
156.5434440780664
 20
101.1690346300602
 30
0.0
 11
156.5434440780664
 21
101.1690346300602
 31
4.0
  0
CIRCLE
  5
101
330
17
100
AcDbEntity
  8
LAMPS
100
AcDbCircle
 10
156.5434440780664
 20
101.1690346300602
 30
4.0
 40
0.35
  0
LINE
  5
102
330
17
100
AcDbEntity
  8
LAMPS
100
AcDbLine
 10
167.06746004102752
 20
94.63563930336386
 30
0.0
 11
167.06746004102752
 21
94.63563930336386
 31
4.0
  0
CIRCLE
  5
103
330
17
100
AcDbEntity
  8
LAMPS
100
AcDbCircle
 10
167.06746004102752
 20
94.63563930336386
 30
4.0
 40
0.35
  0
LINE
  5
104
330
17
100
AcDbEntity
  8
LAMPS
100
AcDbLine
 10
177.59147600404685
 20
88.1022439757362
 30
0.0
 11
177.59147600404685
 21
88.1022439757362
 31
4.0
  0
CIRCLE
  5
105
330
17
100
AcDbEntity
  8
LAMPS
100
AcDbCircle
 10
177.59147600404685
 20
88.1022439757362
 30
4.0
 40
0.35
  0
LINE
  5
106
330
17
100
AcDbEntity
  8
LAMPS
100
AcDbLine
 10
188.11549196700798
 20
81.56884864903986
 30
0.0
 11
188.11549196700798
 21
81.56884864903986
 31
4.0
  0
CIRCLE
  5
107
330
17
100
AcDbEntity
  8
LAMPS
100
AcDbCircle
 10
188.11549196700798
 20
81.56884864903986
 30
4.0
 40
0.35
  0
LINE
  5
108
330
17
100
AcDbEntity
  8
LAMPS
100
AcDbLine
 10
198.6395079299691
 20
75.0354533214122
 30
0.0
 11
198.6395079299691
 21
75.0354533214122
 31
4.0
  0
CIRCLE
  5
109
330
17
100
AcDbEntity
  8
LAMPS
100
AcDbCircle
 10
198.6395079299691
 20
75.0354533214122
 30
4.0
 40
0.35
  0
LINE
  5
10A
330
17
100
AcDbEntity
  8
LAMPS
100
AcDbLine
 10
209.16352389298845
 20
68.50205799378455
 30
0.0
 11
209.16352389298845
 21
68.50205799378455
 31
4.0
  0
CIRCLE
  5
10B
330
17
100
AcDbEntity
  8
LAMPS
100
AcDbCircle
 10
209.16352389298845
 20
68.50205799378455
 30
4.0
 40
0.35
  0
LINE
  5
10C
330
17
100
AcDbEntity
  8
LAMPS
100
AcDbLine
 10
219.68753985594958
 20
61.96866266708821
 30
0.0
 11
219.68753985594958
 21
61.96866266708821
 31
4.0
  0
CIRCLE
  5
10D
330
17
100
AcDbEntity
  8
LAMPS
100
AcDbCircle
 10
219.68753985594958
 20
61.96866266708821
 30
4.0
 40
0.35
  0
LINE
  5
10E
330
17
100
AcDbEntity
  8
LAMPS
100
AcDbLine
 10
221.68285017373273
 20
53.43995702173561
 30
0.0
 11
221.68285017373273
 21
53.43995702173561
 31
4.0
  0
CIRCLE
  5
10F
330
17
100
AcDbEntity
  8
LAMPS
100
AcDbCircle
 10
221.68285017373273
 20
53.43995702173561
 30
4.0
 40
0.35
  0
LINE
  5
110
330
17
100
AcDbEntity
  8
LAMPS
100
AcDbLine
 10
213.99591606884496
 20
47.84659901075065
 30
0.0
 11
213.99591606884496
 21
47.84659901075065
 31
4.0
  0
CIRCLE
  5
111
330
17
100
AcDbEntity
  8
LAMPS
100
AcDbCircle
 10
213.99591606884496
 20
47.84659901075065
 30
4.0
 40
0.35
  0
LINE
  5
112
330
17
100
AcDbEntity
  8
LAMPS
100
AcDbLine
 10
203.47190010582563
 20
54.37999433744699
 30
0.0
 11
203.47190010582563
 21
54.37999433744699
 31
4.0
  0
CIRCLE
  5
113
330
17
100
AcDbEntity
  8
LAMPS
100
AcDbCircle
 10
203.47190010582563
 20
54.37999433744699
 30
4.0
 40
0.35
  0
LINE
  5
114
330
17
100
AcDbEntity
  8
LAMPS
100
AcDbLine
 10
192.9478841428645
 20
60.91338966507465
 30
0.0
 11
192.9478841428645
 21
60.91338966507465
 31
4.0
  0
CIRCLE
  5
115
330
17
100
AcDbEntity
  8
LAMPS
100
AcDbCircle
 10
192.9478841428645
 20
60.91338966507465
 30
4.0
 40
0.35
  0
LINE
  5
116
330
17
100
AcDbEntity
  8
LAMPS
100
AcDbLine
 10
182.42386817990337
 20
67.44678499177098
 30
0.0
 11
182.42386817990337
 21
67.44678499177098
 31
4.0
  0
CIRCLE
  5
117
330
17
100
AcDbEntity
  8
LAMPS
100
AcDbCircle
 10
182.42386817990337
 20
67.44678499177098
 30
4.0
 40
0.35
  0
LINE
  5
118
330
17
100
AcDbEntity
  8
LAMPS
100
AcDbLine
 10
171.89985221688403
 20
73.98018031939864
 30
0.0
 11
171.89985221688403
 21
73.98018031939864
 31
4.0
  0
CIRCLE
  5
119
330
17
100
AcDbEntity
  8
LAMPS
100
AcDbCircle
 10
171.89985221688403
 20
73.98018031939864
 30
4.0
 40
0.35
  0
LINE
  5
11A
330
17
100
AcDbEntity
  8
LAMPS
100
AcDbLine
 10
161.3758362539229
 20
80.5135756470263
 30
0.0
 11
161.3758362539229
 21
80.5135756470263
 31
4.0
  0
CIRCLE
  5
11B
330
17
100
AcDbEntity
  8
LAMPS
100
AcDbCircle
 10
161.3758362539229
 20
80.5135756470263
 30
4.0
 40
0.35
  0
LINE
  5
11C
330
17
100
AcDbEntity
  8
LAMPS
100
AcDbLine
 10
150.85182029096177
 20
87.04697097372264
 30
0.0
 11
150.85182029096177
 21
87.04697097372264
 31
4.0
  0
CIRCLE
  5
11D
330
17
100
AcDbEntity
  8
LAMPS
100
AcDbCircle
 10
150.85182029096177
 20
87.04697097372264
 30
4.0
 40
0.35
  0
LINE
  5
11E
330
17
100
AcDbEntity
  8
LAMPS
100
AcDbLine
 10
140.32780432794243
 20
93.5803663013503
 30
0.0
 11
140.32780432794243
 21
93.5803663013503
 31
4.0
  0
CIRCLE
  5
11F
330
17
100
AcDbEntity
  8
LAMPS
100
AcDbCircle
 10
140.32780432794243
 20
93.5803663013503
 30
4.0
 40
0.35
  0
LINE
  5
120
330
17
100
AcDbEntity
  8
LAMPS
100
AcDbLine
 10
129.8037883649813
 20
100.11376162804663
 30
0.0
 11
129.8037883649813
 21
100.11376162804663
 31
4.0
  0
CIRCLE
  5
121
330
17
100
AcDbEntity
  8
LAMPS
100
AcDbCircle
 10
129.8037883649813
 20
100.11376162804663
 30
4.0
 40
0.35
  0
LINE
  5
122
330
17
100
AcDbEntity
  8
LAMPS
100
AcDbLine
 10
119.27977240202017
 20
106.64715695567429
 30
0.0
 11
119.27977240202017
 21
106.64715695567429
 31
4.0
  0
CIRCLE
  5
123
330
17
100
AcDbEntity
  8
LAMPS
100
AcDbCircle
 10
119.27977240202017
 20
106.64715695567429
 30
4.0
 40
0.35
  0
LINE
  5
124
330
17
100
AcDbEntity
  8
LAMPS
100
AcDbLine
 10
108.75575643900083
 20
113.18055228330195
 30
0.0
 11
108.75575643900083
 21
113.18055228330195
 31
4.0
  0
CIRCLE
  5
125
330
17
100
AcDbEntity
  8
LAMPS
100
AcDbCircle
 10
108.75575643900083
 20
113.18055228330195
 30
4.0
 40
0.35
  0
LINE
  5
126
330
17
100
AcDbEntity
  8
LAMPS
100
AcDbLine
 10
98.2317404760397
 20
119.71394760999829
 30
0.0
 11
98.2317404760397
 21
119.71394760999829
 31
4.0
  0
CIRCLE
  5
127
330
17
100
AcDbEntity
  8
LAMPS
100
AcDbCircle
 10
98.2317404760397
 20
119.71394760999829
 30
4.0
 40
0.35
  0
LINE
  5
128
330
17
100
AcDbEntity
  8
LAMPS
100
AcDbLine
 10
87.70772451307857
 20
126.24734293762594
 30
0.0
 11
87.70772451307857
 21
126.24734293762594
 31
4.0
  0
CIRCLE
  5
129
330
17
100
AcDbEntity
  8
LAMPS
100
AcDbCircle
 10
87.70772451307857
 20
126.24734293762594
 30
4.0
 40
0.35
  0
LINE
  5
12A
330
17
100
AcDbEntity
  8
LAMPS
100
AcDbLine
 10
77.18370855005924
 20
132.78073826432228
 30
0.0
 11
77.18370855005924
 21
132.78073826432228
 31
4.0
  0
CIRCLE
  5
12B
330
17
100
AcDbEntity
  8
LAMPS
100
AcDbCircle
 10
77.18370855005924
 20
132.78073826432228
 30
4.0
 40
0.35
  0
LINE
  5
12C
330
17
100
AcDbEntity
  8
LAMPS
100
AcDbLine
 10
66.6596925870981
 20
139.31413359194994
 30
0.0
 11
66.6596925870981
 21
139.31413359194994
 31
4.0
  0
CIRCLE
  5
12D
330
17
100
AcDbEntity
  8
LAMPS
100
AcDbCircle
 10
66.6596925870981
 20
139.31413359194994
 30
4.0
 40
0.35
  0
LINE
  5
12E
330
17
100
AcDbEntity
  8
LAMPS
100
AcDbLine
 10
174.2242704653181
 20
122.15759514458477
 30
0.0
 11
174.2242704653181
 21
122.15759514458477
 31
4.0
  0
CIRCLE
  5
12F
330
17
100
AcDbEntity
  8
LAMPS
100
AcDbCircle
 10
174.2242704653181
 20
122.15759514458477
 30
4.0
 40
0.35
  0
LINE
  5
130
330
17
100
AcDbEntity
  8
LAMPS
100
AcDbLine
 10
146.34085840400076
 20
139.4177560340613
 30
0.0
 11
146.34085840400076
 21
139.4177560340613
 31
4.0
  0
CIRCLE
  5
131
330
17
100
AcDbEntity
  8
LAMPS
100
AcDbCircle
 10
146.34085840400076
 20
139.4177560340613
 30
4.0
 40
0.35
  0
LINE
  5
132
330
17
100
AcDbEntity
  8
LAMPS
100
AcDbLine
 10
117.24512407922884
 20
157.42835870198905
 30
0.0
 11
117.24512407922884
 21
157.42835870198905
 31
4.0
  0
CIRCLE
  5
133
330
17
100
AcDbEntity
  8
LAMPS
100
AcDbCircle
 10
117.24512407922884
 20
157.42835870198905
 30
4.0
 40
0.35
  0
LINE
  5
134
330
17
100
AcDbEntity
  8
LAMPS
100
AcDbLine
 10
89.36171201791149
 20
174.68851959053427
 30
0.0
 11
89.36171201791149
 21
174.68851959053427
 31
4.0
  0
CIRCLE
  5
135
330
17
100
AcDbEntity
  8
LAMPS
100
AcDbCircle
 10
89.36171201791149
 20
174.68851959053427
 30
4.0
 40
0.35
  0
LINE
  5
136
330
17
100
AcDbEntity
  8
LAMPS
100
AcDbLine
 10
172.38210639439058
 20
119.18161941599101
 30
0.0
 11
172.38210639439058
 21
119.18161941599101
 31
4.0
  0
CIRCLE
  5
137
330
17
100
AcDbEntity
  8
LAMPS
100
AcDbCircle
 10
172.38210639439058
 20
119.18161941599101
 30
4.0
 40
0.35
  0
LINE
  5
138
330
17
100
AcDbEntity
  8
LAMPS
100
AcDbLine
 10
144.49869433307322
 20
136.44178030546755
 30
0.0
 11
144.49869433307322
 21
136.44178030546755
 31
4.0
  0
CIRCLE
  5
139
330
17
100
AcDbEntity
  8
LAMPS
100
AcDbCircle
 10
144.49869433307322
 20
136.44178030546755
 30
4.0
 40
0.35
  0
LINE
  5
13A
330
17
100
AcDbEntity
  8
LAMPS
100
AcDbLine
 10
115.4029600083013
 20
154.4523829733953
 30
0.0
 11
115.4029600083013
 21
154.4523829733953
 31
4.0
  0
CIRCLE
  5
13B
330
17
100
AcDbEntity
  8
LAMPS
100
AcDbCircle
 10
115.4029600083013
 20
154.4523829733953
 30
4.0
 40
0.35
  0
LINE
  5
13C
330
17
100
AcDbEntity
  8
LAMPS
100
AcDbLine
 10
87.51954794698395
 20
171.7125438619405
 30
0.0
 11
87.51954794698395
 21
171.7125438619405
 31
4.0
  0
CIRCLE
  5
13D
330
17
100
AcDbEntity
  8
LAMPS
100
AcDbCircle
 10
87.51954794698395
 20
171.7125438619405
 30
4.0
 40
0.35
  0
LINE
  5
13E
330
17
100
AcDbEntity
  8
WATER_SUPPLY_B1
 62
5
100
AcDbLine
 10
63.913773212814704
 20
253.87998305726796
 30
-1.6
 11
15.713398477761075
 21
176.2386514497921
 31
-1.6
  0
POLYLINE
  5
13F
330
17
100
AcDbEntity
  8
WATER_SUPPLY_B1
 62
5
100
AcDb3dPolyline
 66
1
 10
0.0
 20
0.0
 30
0.0
 70
8
  0
VERTEX
  5
141
330
17
100
AcDbEntity
  8
WATER_SUPPLY_B1
100
AcDbVertex
100
AcDb3dPolylineVertex
 10
36.28338532871567
 20
209.37285795807838
 30
-1.6
 70
32
  0
VERTEX
  5
142
330
17
100
AcDbEntity
  8
WATER_SUPPLY_B1
100
AcDbVertex
100
AcDb3dPolylineVertex
 10
71.96637695247773
 20
187.22056442685425
 30
-1.6
 70
32
  0
VERTEX
  5
143
330
17
100
AcDbEntity
  8
WATER_SUPPLY_B1
100
AcDbVertex
100
AcDb3dPolylineVertex
 10
71.96637695247773
 20
187.22056442685425
 30
-0.3
 70
32
  0
SEQEND
  5
140
330
13F
100
AcDbEntity
  8
WATER_SUPPLY_B1
  0
LINE
  5
144
330
17
100
AcDbEntity
  8
SEWER_K1
 62
30
100
AcDbLine
 10
65.18816577084363
 20
253.08882971759886
 30
-2.2
 11
16.987791035789996
 21
175.44749811012298
 31
-2.2
  0
POLYLINE
  5
145
330
17
100
AcDbEntity
  8
SEWER_K1
 62
30
100
AcDb3dPolyline
 66
1
 10
0.0
 20
0.0
 30
0.0
 70
8
  0
VERTEX
  5
147
330
17
100
AcDbEntity
  8
SEWER_K1
100
AcDbVertex
100
AcDb3dPolylineVertex
 10
37.55777788639534
 20
208.58170461840928
 30
-2.2
 70
32
  0
VERTEX
  5
148
330
17
100
AcDbEntity
  8
SEWER_K1
100
AcDbVertex
100
AcDb3dPolylineVertex
 10
71.96637695247773
 20
187.22056442685425
 30
-2.2
 70
32
  0
VERTEX
  5
149
330
17
100
AcDbEntity
  8
SEWER_K1
100
AcDbVertex
100
AcDb3dPolylineVertex
 10
71.96637695247773
 20
187.22056442685425
 30
-0.3
 70
32
  0
SEQEND
  5
146
330
145
100
AcDbEntity
  8
SEWER_K1
  0
LINE
  5
14A
330
17
100
AcDbEntity
  8
HEATING_T1
 62
1
100
AcDbLine
 10
66.46255832881434
 20
252.29767637699842
 30
-1.3
 11
18.26218359376071
 21
174.65634476952255
 31
-1.3
  0
POLYLINE
  5
14B
330
17
100
AcDbEntity
  8
HEATING_T1
 62
1
100
AcDb3dPolyline
 66
1
 10
0.0
 20
0.0
 30
0.0
 70
8
  0
VERTEX
  5
14D
330
17
100
AcDbEntity
  8
HEATING_T1
100
AcDbVertex
100
AcDb3dPolylineVertex
 10
38.832170444424264
 20
207.79055127780885
 30
-1.3
 70
32
  0
VERTEX
  5
14E
330
17
100
AcDbEntity
  8
HEATING_T1
100
AcDbVertex
100
AcDb3dPolylineVertex
 10
71.96637695247773
 20
187.22056442685425
 30
-1.3
 70
32
  0
VERTEX
  5
14F
330
17
100
AcDbEntity
  8
HEATING_T1
100
AcDbVertex
100
AcDb3dPolylineVertex
 10
71.96637695247773
 20
187.22056442685425
 30
-0.3
 70
32
  0
SEQEND
  5
14C
330
14B
100
AcDbEntity
  8
HEATING_T1
  0
LINE
  5
150
330
17
100
AcDbEntity
  8
POWER_CABLE
 62
253
100
AcDbLine
 10
67.73695088684326
 20
251.506523036398
 30
-0.7
 11
19.53657615178963
 21
173.86519142892212
 31
-0.7
  0
POLYLINE
  5
151
330
17
100
AcDbEntity
  8
POWER_CABLE
 62
253
100
AcDb3dPolyline
 66
1
 10
0.0
 20
0.0
 30
0.0
 70
8
  0
VERTEX
  5
153
330
17
100
AcDbEntity
  8
POWER_CABLE
100
AcDbVertex
100
AcDb3dPolylineVertex
 10
40.1065630025696
 20
206.9993979372084
 30
-0.7
 70
32
  0
VERTEX
  5
154
330
17
100
AcDbEntity
  8
POWER_CABLE
100
AcDbVertex
100
AcDb3dPolylineVertex
 10
71.96637695247773
 20
187.22056442685425
 30
-0.7
 70
32
  0
VERTEX
  5
155
330
17
100
AcDbEntity
  8
POWER_CABLE
100
AcDbVertex
100
AcDb3dPolylineVertex
 10
71.96637695247773
 20
187.22056442685425
 30
-0.3
 70
32
  0
SEQEND
  5
152
330
151
100
AcDbEntity
  8
POWER_CABLE
  0
LWPOLYLINE
  5
156
330
17
100
AcDbEntity
  8
BUILDING_FOOTPRINT
100
AcDbPolyline
 90
7
 70
1
 10
78.94705901492853
 20
198.42102933954448
 10
200.29718621558277
 20
123.30782008636743
 10
264.5792362760985
 20
83.17920009139925
 10
257.59887014183914
 20
71.9784427061677
 10
193.19860330584925
 20
112.1763866469264
 10
71.96637695247773
 20
187.22056442685425
 10
78.94705901492853
 20
198.42102933954448
  0
MESH
  5
157
330
17
100
AcDbEntity
  8
BUILDING_3D
100
AcDbSubDMesh
 71
2
 72
0
 91
0
 92
12
 10
78.94705901492853
 20
198.42102933954448
 30
0.0
 10
200.29718621558277
 20
123.30782008636743
 30
0.0
 10
264.5792362760985
 20
83.17920009139925
 30
0.0
 10
257.59887014183914
 20
71.9784427061677
 30
0.0
 10
193.19860330584925
 20
112.1763866469264
 30
0.0
 10
71.96637695247773
 20
187.22056442685425
 30
0.0
 10
78.94705901492853
 20
198.42102933954448
 30
39.0
 10
200.29718621558277
 20
123.30782008636743
 30
39.0
 10
264.5792362760985
 20
83.17920009139925
 30
39.0
 10
257.59887014183914
 20
71.9784427061677
 30
39.0
 10
193.19860330584925
 20
112.1763866469264
 30
39.0
 10
71.96637695247773
 20
187.22056442685425
 30
39.0
 93
44
 90
6
 90
0
 90
1
 90
2
 90
3
 90
4
 90
5
 90
6
 90
11
 90
10
 90
9
 90
8
 90
7
 90
6
 90
4
 90
0
 90
1
 90
7
 90
6
 90
4
 90
1
 90
2
 90
8
 90
7
 90
4
 90
2
 90
3
 90
9
 90
8
 90
4
 90
3
 90
4
 90
10
 90
9
 90
4
 90
4
 90
5
 90
11
 90
10
 90
4
 90
5
 90
0
 90
6
 90
11
 94
0
 95
0
 90
0
  0
3DFACE
  5
158
330
17
100
AcDbEntity
  8
WINDOWS
100
AcDbFace
 10
82.6853756009967
 20
196.16589237440525
 30
1.0
 11
83.79075411864581
 21
195.48168602196478
 31
1.0
 12
83.79075411864581
 22
195.48168602196478
 32
2.4
 13
82.6853756009967
 23
196.16589237440525
 33
2.4
  0
3DFACE
  5
159
330
17
100
AcDbEntity
  8
WINDOWS
100
AcDbFace
 10
87.81359136321254
 20
192.99163329014542
 30
1.0
 11
88.91896988086165
 21
192.30742693770495
 31
1.0
 12
88.91896988086165
 22
192.30742693770495
 32
2.4
 13
87.81359136321254
 23
192.99163329014542
 33
2.4
  0
3DFACE
  5
15A
330
17
100
AcDbEntity
  8
WINDOWS
100
AcDbFace
 10
92.9418071254284
 20
189.8173742058856
 30
1.0
 11
94.04718564307751
 21
189.13316785344514
 31
1.0
 12
94.04718564307751
 22
189.13316785344514
 32
2.4
 13
92.9418071254284
 23
189.8173742058856
 33
2.4
  0
3DFACE
  5
15B
330
17
100
AcDbEntity
  8
WINDOWS
100
AcDbFace
 10
98.07002288764426
 20
186.6431151216258
 30
1.0
 11
99.17540140529337
 21
185.95890876918534
 31
1.0
 12
99.17540140529337
 22
185.95890876918534
 32
2.4
 13
98.07002288764426
 23
186.6431151216258
 33
2.4
  0
3DFACE
  5
15C
330
17
100
AcDbEntity
  8
WINDOWS
100
AcDbFace
 10
103.19823864986012
 20
183.46885603736598
 30
1.0
 11
104.30361716750923
 21
182.7846496849255
 31
1.0
 12
104.30361716750923
 22
182.7846496849255
 32
2.4
 13
103.19823864986012
 23
183.46885603736598
 33
2.4
  0
3DFACE
  5
15D
330
17
100
AcDbEntity
  8
WINDOWS
100
AcDbFace
 10
108.32645441207596
 20
180.29459695310618
 30
1.0
 11
109.43183292972508
 21
179.6103906006657
 31
1.0
 12
109.43183292972508
 22
179.6103906006657
 32
2.4
 13
108.32645441207596
 23
180.29459695310618
 33
2.4
  0
3DFACE
  5
15E
330
17
100
AcDbEntity
  8
WINDOWS
100
AcDbFace
 10
113.45467017429182
 20
177.12033786884638
 30
1.0
 11
114.56004869194093
 21
176.4361315164059
 31
1.0
 12
114.56004869194093
 22
176.4361315164059
 32
2.4
 13
113.45467017429182
 23
177.12033786884638
 33
2.4
  0
3DFACE
  5
15F
330
17
100
AcDbEntity
  8
WINDOWS
100
AcDbFace
 10
118.58288593650767
 20
173.94607878458658
 30
1.0
 11
119.68826445415678
 21
173.2618724321461
 31
1.0
 12
119.68826445415678
 22
173.2618724321461
 32
2.4
 13
118.58288593650767
 23
173.94607878458658
 33
2.4
  0
3DFACE
  5
160
330
17
100
AcDbEntity
  8
WINDOWS
100
AcDbFace
 10
123.71110169872354
 20
170.77181970032674
 30
1.0
 11
124.81648021637265
 21
170.08761334788628
 31
1.0
 12
124.81648021637265
 22
170.08761334788628
 32
2.4
 13
123.71110169872354
 23
170.77181970032674
 33
2.4
  0
3DFACE
  5
161
330
17
100
AcDbEntity
  8
WINDOWS
100
AcDbFace
 10
128.83931746093938
 20
167.59756061606694
 30
1.0
 11
129.9446959785885
 21
166.91335426362647
 31
1.0
 12
129.9446959785885
 22
166.91335426362647
 32
2.4
 13
128.83931746093938
 23
167.59756061606694
 33
2.4
  0
3DFACE
  5
162
330
17
100
AcDbEntity
  8
WINDOWS
100
AcDbFace
 10
133.96753322315524
 20
164.4233015318071
 30
1.0
 11
135.07291174080436
 21
163.73909517936664
 31
1.0
 12
135.07291174080436
 22
163.73909517936664
 32
2.4
 13
133.96753322315524
 23
164.4233015318071
 33
2.4
  0
3DFACE
  5
163
330
17
100
AcDbEntity
  8
WINDOWS
100
AcDbFace
 10
139.0957489853711
 20
161.2490424475473
 30
1.0
 11
140.20112750302022
 21
160.56483609510684
 31
1.0
 12
140.20112750302022
 22
160.56483609510684
 32
2.4
 13
139.0957489853711
 23
161.2490424475473
 33
2.4
  0
3DFACE
  5
164
330
17
100
AcDbEntity
  8
WINDOWS
100
AcDbFace
 10
144.22396474758696
 20
158.0747833632875
 30
1.0
 11
145.32934326523608
 21
157.39057701084704
 31
1.0
 12
145.32934326523608
 22
157.39057701084704
 32
2.4
 13
144.22396474758696
 23
158.0747833632875
 33
2.4
  0
3DFACE
  5
165
330
17
100
AcDbEntity
  8
WINDOWS
100
AcDbFace
 10
149.35218050980282
 20
154.9005242790277
 30
1.0
 11
150.45755902745194
 21
154.21631792658724
 31
1.0
 12
150.45755902745194
 22
154.21631792658724
 32
2.4
 13
149.35218050980282
 23
154.9005242790277
 33
2.4
  0
3DFACE
  5
166
330
17
100
AcDbEntity
  8
WINDOWS
100
AcDbFace
 10
154.48039627201868
 20
151.72626519476788
 30
1.0
 11
155.5857747896678
 21
151.0420588423274
 31
1.0
 12
155.5857747896678
 22
151.0420588423274
 32
2.4
 13
154.48039627201868
 23
151.72626519476788
 33
2.4
  0
3DFACE
  5
167
330
17
100
AcDbEntity
  8
WINDOWS
100
AcDbFace
 10
159.60861203423454
 20
148.55200611050807
 30
1.0
 11
160.71399055188365
 21
147.8677997580676
 31
1.0
 12
160.71399055188365
 22
147.8677997580676
 32
2.4
 13
159.60861203423454
 23
148.55200611050807
 33
2.4
  0
3DFACE
  5
168
330
17
100
AcDbEntity
  8
WINDOWS
100
AcDbFace
 10
164.7368277964504
 20
145.37774702624824
 30
1.0
 11
165.8422063140995
 21
144.69354067380777
 31
1.0
 12
165.8422063140995
 22
144.69354067380777
 32
2.4
 13
164.7368277964504
 23
145.37774702624824
 33
2.4
  0
3DFACE
  5
169
330
17
100
AcDbEntity
  8
WINDOWS
100
AcDbFace
 10
169.86504355866623
 20
142.20348794198844
 30
1.0
 11
170.97042207631534
 21
141.51928158954797
 31
1.0
 12
170.97042207631534
 22
141.51928158954797
 32
2.4
 13
169.86504355866623
 23
142.20348794198844
 33
2.4
  0
3DFACE
  5
16A
330
17
100
AcDbEntity
  8
WINDOWS
100
AcDbFace
 10
174.9932593208821
 20
139.02922885772864
 30
1.0
 11
176.0986378385312
 21
138.34502250528817
 31
1.0
 12
176.0986378385312
 22
138.34502250528817
 32
2.4
 13
174.9932593208821
 23
139.02922885772864
 33
2.4
  0
3DFACE
  5
16B
330
17
100
AcDbEntity
  8
WINDOWS
100
AcDbFace
 10
180.12147508309792
 20
135.85496977346884
 30
1.0
 11
181.22685360074703
 21
135.17076342102837
 31
1.0
 12
181.22685360074703
 22
135.17076342102837
 32
2.4
 13
180.12147508309792
 23
135.85496977346884
 33
2.4
  0
3DFACE
  5
16C
330
17
100
AcDbEntity
  8
WINDOWS
100
AcDbFace
 10
185.2496908453138
 20
132.680710689209
 30
1.0
 11
186.35506936296292
 21
131.99650433676854
 31
1.0
 12
186.35506936296292
 22
131.99650433676854
 32
2.4
 13
185.2496908453138
 23
132.680710689209
 33
2.4
  0
3DFACE
  5
16D
330
17
100
AcDbEntity
  8
WINDOWS
100
AcDbFace
 10
190.37790660752964
 20
129.5064516049492
 30
1.0
 11
191.48328512517875
 21
128.82224525250874
 31
1.0
 12
191.48328512517875
 22
128.82224525250874
 32
2.4
 13
190.37790660752964
 23
129.5064516049492
 33
2.4
  0
3DFACE
  5
16E
330
17
100
AcDbEntity
  8
WINDOWS
100
AcDbFace
 10
195.5061223697455
 20
126.33219252068938
 30
1.0
 11
196.6115008873946
 21
125.64798616824893
 31
1.0
 12
196.6115008873946
 22
125.64798616824893
 32
2.4
 13
195.5061223697455
 23
126.33219252068938
 33
2.4
  0
3DFACE
  5
16F
330
17
100
AcDbEntity
  8
WINDOWS
100
AcDbFace
 10
82.6853756009967
 20
196.16589237440525
 30
4.0
 11
83.79075411864581
 21
195.48168602196478
 31
4.0
 12
83.79075411864581
 22
195.48168602196478
 32
5.4
 13
82.6853756009967
 23
196.16589237440525
 33
5.4
  0
3DFACE
  5
170
330
17
100
AcDbEntity
  8
WINDOWS
100
AcDbFace
 10
87.81359136321254
 20
192.99163329014542
 30
4.0
 11
88.91896988086165
 21
192.30742693770495
 31
4.0
 12
88.91896988086165
 22
192.30742693770495
 32
5.4
 13
87.81359136321254
 23
192.99163329014542
 33
5.4
  0
3DFACE
  5
171
330
17
100
AcDbEntity
  8
WINDOWS
100
AcDbFace
 10
92.9418071254284
 20
189.8173742058856
 30
4.0
 11
94.04718564307751
 21
189.13316785344514
 31
4.0
 12
94.04718564307751
 22
189.13316785344514
 32
5.4
 13
92.9418071254284
 23
189.8173742058856
 33
5.4
  0
3DFACE
  5
172
330
17
100
AcDbEntity
  8
WINDOWS
100
AcDbFace
 10
98.07002288764426
 20
186.6431151216258
 30
4.0
 11
99.17540140529337
 21
185.95890876918534
 31
4.0
 12
99.17540140529337
 22
185.95890876918534
 32
5.4
 13
98.07002288764426
 23
186.6431151216258
 33
5.4
  0
3DFACE
  5
173
330
17
100
AcDbEntity
  8
WINDOWS
100
AcDbFace
 10
103.19823864986012
 20
183.46885603736598
 30
4.0
 11
104.30361716750923
 21
182.7846496849255
 31
4.0
 12
104.30361716750923
 22
182.7846496849255
 32
5.4
 13
103.19823864986012
 23
183.46885603736598
 33
5.4
  0
3DFACE
  5
174
330
17
100
AcDbEntity
  8
WINDOWS
100
AcDbFace
 10
108.32645441207596
 20
180.29459695310618
 30
4.0
 11
109.43183292972508
 21
179.6103906006657
 31
4.0
 12
109.43183292972508
 22
179.6103906006657
 32
5.4
 13
108.32645441207596
 23
180.29459695310618
 33
5.4
  0
3DFACE
  5
175
330
17
100
AcDbEntity
  8
WINDOWS
100
AcDbFace
 10
113.45467017429182
 20
177.12033786884638
 30
4.0
 11
114.56004869194093
 21
176.4361315164059
 31
4.0
 12
114.56004869194093
 22
176.4361315164059
 32
5.4
 13
113.45467017429182
 23
177.12033786884638
 33
5.4
  0
3DFACE
  5
176
330
17
100
AcDbEntity
  8
WINDOWS
100
AcDbFace
 10
118.58288593650767
 20
173.94607878458658
 30
4.0
 11
119.68826445415678
 21
173.2618724321461
 31
4.0
 12
119.68826445415678
 22
173.2618724321461
 32
5.4
 13
118.58288593650767
 23
173.94607878458658
 33
5.4
  0
3DFACE
  5
177
330
17
100
AcDbEntity
  8
WINDOWS
100
AcDbFace
 10
123.71110169872354
 20
170.77181970032674
 30
4.0
 11
124.81648021637265
 21
170.08761334788628
 31
4.0
 12
124.81648021637265
 22
170.08761334788628
 32
5.4
 13
123.71110169872354
 23
170.77181970032674
 33
5.4
  0
3DFACE
  5
178
330
17
100
AcDbEntity
  8
WINDOWS
100
AcDbFace
 10
128.83931746093938
 20
167.59756061606694
 30
4.0
 11
129.9446959785885
 21
166.91335426362647
 31
4.0
 12
129.9446959785885
 22
166.91335426362647
 32
5.4
 13
128.83931746093938
 23
167.59756061606694
 33
5.4
  0
3DFACE
  5
179
330
17
100
AcDbEntity
  8
WINDOWS
100
AcDbFace
 10
133.96753322315524
 20
164.4233015318071
 30
4.0
 11
135.07291174080436
 21
163.73909517936664
 31
4.0
 12
135.07291174080436
 22
163.73909517936664
 32
5.4
 13
133.96753322315524
 23
164.4233015318071
 33
5.4
  0
3DFACE
  5
17A
330
17
100
AcDbEntity
  8
WINDOWS
100
AcDbFace
 10
139.0957489853711
 20
161.2490424475473
 30
4.0
 11
140.20112750302022
 21
160.56483609510684
 31
4.0
 12
140.20112750302022
 22
160.56483609510684
 32
5.4
 13
139.0957489853711
 23
161.2490424475473
 33
5.4
  0
3DFACE
  5
17B
330
17
100
AcDbEntity
  8
WINDOWS
100
AcDbFace
 10
144.22396474758696
 20
158.0747833632875
 30
4.0
 11
145.32934326523608
 21
157.39057701084704
 31
4.0
 12
145.32934326523608
 22
157.39057701084704
 32
5.4
 13
144.22396474758696
 23
158.0747833632875
 33
5.4
  0
3DFACE
  5
17C
330
17
100
AcDbEntity
  8
WINDOWS
100
AcDbFace
 10
149.35218050980282
 20
154.9005242790277
 30
4.0
 11
150.45755902745194
 21
154.21631792658724
 31
4.0
 12
150.45755902745194
 22
154.21631792658724
 32
5.4
 13
149.35218050980282
 23
154.9005242790277
 33
5.4
  0
3DFACE
  5
17D
330
17
100
AcDbEntity
  8
WINDOWS
100
AcDbFace
 10
154.48039627201868
 20
151.72626519476788
 30
4.0
 11
155.5857747896678
 21
151.0420588423274
 31
4.0
 12
155.5857747896678
 22
151.0420588423274
 32
5.4
 13
154.48039627201868
 23
151.72626519476788
 33
5.4
  0
3DFACE
  5
17E
330
17
100
AcDbEntity
  8
WINDOWS
100
AcDbFace
 10
159.60861203423454
 20
148.55200611050807
 30
4.0
 11
160.71399055188365
 21
147.8677997580676
 31
4.0
 12
160.71399055188365
 22
147.8677997580676
 32
5.4
 13
159.60861203423454
 23
148.55200611050807
 33
5.4
  0
3DFACE
  5
17F
330
17
100
AcDbEntity
  8
WINDOWS
100
AcDbFace
 10
164.7368277964504
 20
145.37774702624824
 30
4.0
 11
165.8422063140995
 21
144.69354067380777
 31
4.0
 12
165.8422063140995
 22
144.69354067380777
 32
5.4
 13
164.7368277964504
 23
145.37774702624824
 33
5.4
  0
3DFACE
  5
180
330
17
100
AcDbEntity
  8
WINDOWS
100
AcDbFace
 10
169.86504355866623
 20
142.20348794198844
 30
4.0
 11
170.97042207631534
 21
141.51928158954797
 31
4.0
 12
170.97042207631534
 22
141.51928158954797
 32
5.4
 13
169.86504355866623
 23
142.20348794198844
 33
5.4
  0
3DFACE
  5
181
330
17
100
AcDbEntity
  8
WINDOWS
100
AcDbFace
 10
174.9932593208821
 20
139.02922885772864
 30
4.0
 11
176.0986378385312
 21
138.34502250528817
 31
4.0
 12
176.0986378385312
 22
138.34502250528817
 32
5.4
 13
174.9932593208821
 23
139.02922885772864
 33
5.4
  0
3DFACE
  5
182
330
17
100
AcDbEntity
  8
WINDOWS
100
AcDbFace
 10
180.12147508309792
 20
135.85496977346884
 30
4.0
 11
181.22685360074703
 21
135.17076342102837
 31
4.0
 12
181.22685360074703
 22
135.17076342102837
 32
5.4
 13
180.12147508309792
 23
135.85496977346884
 33
5.4
  0
3DFACE
  5
183
330
17
100
AcDbEntity
  8
WINDOWS
100
AcDbFace
 10
185.2496908453138
 20
132.680710689209
 30
4.0
 11
186.35506936296292
 21
131.99650433676854
 31
4.0
 12
186.35506936296292
 22
131.99650433676854
 32
5.4
 13
185.2496908453138
 23
132.680710689209
 33
5.4
  0
3DFACE
  5
184
330
17
100
AcDbEntity
  8
WINDOWS
100
AcDbFace
 10
190.37790660752964
 20
129.5064516049492
 30
4.0
 11
191.48328512517875
 21
128.82224525250874
 31
4.0
 12
191.48328512517875
 22
128.82224525250874
 32
5.4
 13
190.37790660752964
 23
129.5064516049492
 33
5.4
  0
3DFACE
  5
185
330
17
100
AcDbEntity
  8
WINDOWS
100
AcDbFace
 10
195.5061223697455
 20
126.33219252068938
 30
4.0
 11
196.6115008873946
 21
125.64798616824893
 31
4.0
 12
196.6115008873946
 22
125.64798616824893
 32
5.4
 13
195.5061223697455
 23
126.33219252068938
 33
5.4
  0
3DFACE
  5
186
330
17
100
AcDbEntity
  8
WINDOWS
100
AcDbFace
 10
82.6853756009967
 20
196.16589237440525
 30
7.0
 11
83.79075411864581
 21
195.48168602196478
 31
7.0
 12
83.79075411864581
 22
195.48168602196478
 32
8.4
 13
82.6853756009967
 23
196.16589237440525
 33
8.4
  0
3DFACE
  5
187
330
17
100
AcDbEntity
  8
WINDOWS
100
AcDbFace
 10
87.81359136321254
 20
192.99163329014542
 30
7.0
 11
88.91896988086165
 21
192.30742693770495
 31
7.0
 12
88.91896988086165
 22
192.30742693770495
 32
8.4
 13
87.81359136321254
 23
192.99163329014542
 33
8.4
  0
3DFACE
  5
188
330
17
100
AcDbEntity
  8
WINDOWS
100
AcDbFace
 10
92.9418071254284
 20
189.8173742058856
 30
7.0
 11
94.04718564307751
 21
189.13316785344514
 31
7.0
 12
94.04718564307751
 22
189.13316785344514
 32
8.4
 13
92.9418071254284
 23
189.8173742058856
 33
8.4
  0
3DFACE
  5
189
330
17
100
AcDbEntity
  8
WINDOWS
100
AcDbFace
 10
98.07002288764426
 20
186.6431151216258
 30
7.0
 11
99.17540140529337
 21
185.95890876918534
 31
7.0
 12
99.17540140529337
 22
185.95890876918534
 32
8.4
 13
98.07002288764426
 23
186.6431151216258
 33
8.4
  0
3DFACE
  5
18A
330
17
100
AcDbEntity
  8
WINDOWS
100
AcDbFace
 10
103.19823864986012
 20
183.46885603736598
 30
7.0
 11
104.30361716750923
 21
182.7846496849255
 31
7.0
 12
104.30361716750923
 22
182.7846496849255
 32
8.4
 13
103.19823864986012
 23
183.46885603736598
 33
8.4
  0
3DFACE
  5
18B
330
17
100
AcDbEntity
  8
WINDOWS
100
AcDbFace
 10
108.32645441207596
 20
180.29459695310618
 30
7.0
 11
109.43183292972508
 21
179.6103906006657
 31
7.0
 12
109.43183292972508
 22
179.6103906006657
 32
8.4
 13
108.32645441207596
 23
180.29459695310618
 33
8.4
  0
3DFACE
  5
18C
330
17
100
AcDbEntity
  8
WINDOWS
100
AcDbFace
 10
113.45467017429182
 20
177.12033786884638
 30
7.0
 11
114.56004869194093
 21
176.4361315164059
 31
7.0
 12
114.56004869194093
 22
176.4361315164059
 32
8.4
 13
113.45467017429182
 23
177.12033786884638
 33
8.4
  0
3DFACE
  5
18D
330
17
100
AcDbEntity
  8
WINDOWS
100
AcDbFace
 10
118.58288593650767
 20
173.94607878458658
 30
7.0
 11
119.68826445415678
 21
173.2618724321461
 31
7.0
 12
119.68826445415678
 22
173.2618724321461
 32
8.4
 13
118.58288593650767
 23
173.94607878458658
 33
8.4
  0
3DFACE
  5
18E
330
17
100
AcDbEntity
  8
WINDOWS
100
AcDbFace
 10
123.71110169872354
 20
170.77181970032674
 30
7.0
 11
124.81648021637265
 21
170.08761334788628
 31
7.0
 12
124.81648021637265
 22
170.08761334788628
 32
8.4
 13
123.71110169872354
 23
170.77181970032674
 33
8.4
  0
3DFACE
  5
18F
330
17
100
AcDbEntity
  8
WINDOWS
100
AcDbFace
 10
128.83931746093938
 20
167.59756061606694
 30
7.0
 11
129.9446959785885
 21
166.91335426362647
 31
7.0
 12
129.9446959785885
 22
166.91335426362647
 32
8.4
 13
128.83931746093938
 23
167.59756061606694
 33
8.4
  0
3DFACE
  5
190
330
17
100
AcDbEntity
  8
WINDOWS
100
AcDbFace
 10
133.96753322315524
 20
164.4233015318071
 30
7.0
 11
135.07291174080436
 21
163.73909517936664
 31
7.0
 12
135.07291174080436
 22
163.73909517936664
 32
8.4
 13
133.96753322315524
 23
164.4233015318071
 33
8.4
  0
3DFACE
  5
191
330
17
100
AcDbEntity
  8
WINDOWS
100
AcDbFace
 10
139.0957489853711
 20
161.2490424475473
 30
7.0
 11
140.20112750302022
 21
160.56483609510684
 31
7.0
 12
140.20112750302022
 22
160.56483609510684
 32
8.4
 13
139.0957489853711
 23
161.2490424475473
 33
8.4
  0
3DFACE
  5
192
330
17
100
AcDbEntity
  8
WINDOWS
100
AcDbFace
 10
144.22396474758696
 20
158.0747833632875
 30
7.0
 11
145.32934326523608
 21
157.39057701084704
 31
7.0
 12
145.32934326523608
 22
157.39057701084704
 32
8.4
 13
144.22396474758696
 23
158.0747833632875
 33
8.4
  0
3DFACE
  5
193
330
17
100
AcDbEntity
  8
WINDOWS
100
AcDbFace
 10
149.35218050980282
 20
154.9005242790277
 30
7.0
 11
150.45755902745194
 21
154.21631792658724
 31
7.0
 12
150.45755902745194
 22
154.21631792658724
 32
8.4
 13
149.35218050980282
 23
154.9005242790277
 33
8.4
  0
3DFACE
  5
194
330
17
100
AcDbEntity
  8
WINDOWS
100
AcDbFace
 10
154.48039627201868
 20
151.72626519476788
 30
7.0
 11
155.5857747896678
 21
151.0420588423274
 31
7.0
 12
155.5857747896678
 22
151.0420588423274
 32
8.4
 13
154.48039627201868
 23
151.72626519476788
 33
8.4
  0
3DFACE
  5
195
330
17
100
AcDbEntity
  8
WINDOWS
100
AcDbFace
 10
159.60861203423454
 20
148.55200611050807
 30
7.0
 11
160.71399055188365
 21
147.8677997580676
 31
7.0
 12
160.71399055188365
 22
147.8677997580676
 32
8.4
 13
159.60861203423454
 23
148.55200611050807
 33
8.4
  0
3DFACE
  5
196
330
17
100
AcDbEntity
  8
WINDOWS
100
AcDbFace
 10
164.7368277964504
 20
145.37774702624824
 30
7.0
 11
165.8422063140995
 21
144.69354067380777
 31
7.0
 12
165.8422063140995
 22
144.69354067380777
 32
8.4
 13
164.7368277964504
 23
145.37774702624824
 33
8.4
  0
3DFACE
  5
197
330
17
100
AcDbEntity
  8
WINDOWS
100
AcDbFace
 10
169.86504355866623
 20
142.20348794198844
 30
7.0
 11
170.97042207631534
 21
141.51928158954797
 31
7.0
 12
170.97042207631534
 22
141.51928158954797
 32
8.4
 13
169.86504355866623
 23
142.20348794198844
 33
8.4
  0
3DFACE
  5
198
330
17
100
AcDbEntity
  8
WINDOWS
100
AcDbFace
 10
174.9932593208821
 20
139.02922885772864
 30
7.0
 11
176.0986378385312
 21
138.34502250528817
 31
7.0
 12
176.0986378385312
 22
138.34502250528817
 32
8.4
 13
174.9932593208821
 23
139.02922885772864
 33
8.4
  0
3DFACE
  5
199
330
17
100
AcDbEntity
  8
WINDOWS
100
AcDbFace
 10
180.12147508309792
 20
135.85496977346884
 30
7.0
 11
181.22685360074703
 21
135.17076342102837
 31
7.0
 12
181.22685360074703
 22
135.17076342102837
 32
8.4
 13
180.12147508309792
 23
135.85496977346884
 33
8.4
  0
3DFACE
  5
19A
330
17
100
AcDbEntity
  8
WINDOWS
100
AcDbFace
 10
185.2496908453138
 20
132.680710689209
 30
7.0
 11
186.35506936296292
 21
131.99650433676854
 31
7.0
 12
186.35506936296292
 22
131.99650433676854
 32
8.4
 13
185.2496908453138
 23
132.680710689209
 33
8.4
  0
3DFACE
  5
19B
330
17
100
AcDbEntity
  8
WINDOWS
100
AcDbFace
 10
190.37790660752964
 20
129.5064516049492
 30
7.0
 11
191.48328512517875
 21
128.82224525250874
 31
7.0
 12
191.48328512517875
 22
128.82224525250874
 32
8.4
 13
190.37790660752964
 23
129.5064516049492
 33
8.4
  0
3DFACE
  5
19C
330
17
100
AcDbEntity
  8
WINDOWS
100
AcDbFace
 10
195.5061223697455
 20
126.33219252068938
 30
7.0
 11
196.6115008873946
 21
125.64798616824893
 31
7.0
 12
196.6115008873946
 22
125.64798616824893
 32
8.4
 13
195.5061223697455
 23
126.33219252068938
 33
8.4
  0
3DFACE
  5
19D
330
17
100
AcDbEntity
  8
WINDOWS
100
AcDbFace
 10
82.6853756009967
 20
196.16589237440525
 30
10.0
 11
83.79075411864581
 21
195.48168602196478
 31
10.0
 12
83.79075411864581
 22
195.48168602196478
 32
11.4
 13
82.6853756009967
 23
196.16589237440525
 33
11.4
  0
3DFACE
  5
19E
330
17
100
AcDbEntity
  8
WINDOWS
100
AcDbFace
 10
87.81359136321254
 20
192.99163329014542
 30
10.0
 11
88.91896988086165
 21
192.30742693770495
 31
10.0
 12
88.91896988086165
 22
192.30742693770495
 32
11.4
 13
87.81359136321254
 23
192.99163329014542
 33
11.4
  0
3DFACE
  5
19F
330
17
100
AcDbEntity
  8
WINDOWS
100
AcDbFace
 10
92.9418071254284
 20
189.8173742058856
 30
10.0
 11
94.04718564307751
 21
189.13316785344514
 31
10.0
 12
94.04718564307751
 22
189.13316785344514
 32
11.4
 13
92.9418071254284
 23
189.8173742058856
 33
11.4
  0
3DFACE
  5
1A0
330
17
100
AcDbEntity
  8
WINDOWS
100
AcDbFace
 10
98.07002288764426
 20
186.6431151216258
 30
10.0
 11
99.17540140529337
 21
185.95890876918534
 31
10.0
 12
99.17540140529337
 22
185.95890876918534
 32
11.4
 13
98.07002288764426
 23
186.6431151216258
 33
11.4
  0
3DFACE
  5
1A1
330
17
100
AcDbEntity
  8
WINDOWS
100
AcDbFace
 10
103.19823864986012
 20
183.46885603736598
 30
10.0
 11
104.30361716750923
 21
182.7846496849255
 31
10.0
 12
104.30361716750923
 22
182.7846496849255
 32
11.4
 13
103.19823864986012
 23
183.46885603736598
 33
11.4
  0
3DFACE
  5
1A2
330
17
100
AcDbEntity
  8
WINDOWS
100
AcDbFace
 10
108.32645441207596
 20
180.29459695310618
 30
10.0
 11
109.43183292972508
 21
179.6103906006657
 31
10.0
 12
109.43183292972508
 22
179.6103906006657
 32
11.4
 13
108.32645441207596
 23
180.29459695310618
 33
11.4
  0
3DFACE
  5
1A3
330
17
100
AcDbEntity
  8
WINDOWS
100
AcDbFace
 10
113.45467017429182
 20
177.12033786884638
 30
10.0
 11
114.56004869194093
 21
176.4361315164059
 31
10.0
 12
114.56004869194093
 22
176.4361315164059
 32
11.4
 13
113.45467017429182
 23
177.12033786884638
 33
11.4
  0
3DFACE
  5
1A4
330
17
100
AcDbEntity
  8
WINDOWS
100
AcDbFace
 10
118.58288593650767
 20
173.94607878458658
 30
10.0
 11
119.68826445415678
 21
173.2618724321461
 31
10.0
 12
119.68826445415678
 22
173.2618724321461
 32
11.4
 13
118.58288593650767
 23
173.94607878458658
 33
11.4
  0
3DFACE
  5
1A5
330
17
100
AcDbEntity
  8
WINDOWS
100
AcDbFace
 10
123.71110169872354
 20
170.77181970032674
 30
10.0
 11
124.81648021637265
 21
170.08761334788628
 31
10.0
 12
124.81648021637265
 22
170.08761334788628
 32
11.4
 13
123.71110169872354
 23
170.77181970032674
 33
11.4
  0
3DFACE
  5
1A6
330
17
100
AcDbEntity
  8
WINDOWS
100
AcDbFace
 10
128.83931746093938
 20
167.59756061606694
 30
10.0
 11
129.9446959785885
 21
166.91335426362647
 31
10.0
 12
129.9446959785885
 22
166.91335426362647
 32
11.4
 13
128.83931746093938
 23
167.59756061606694
 33
11.4
  0
3DFACE
  5
1A7
330
17
100
AcDbEntity
  8
WINDOWS
100
AcDbFace
 10
133.96753322315524
 20
164.4233015318071
 30
10.0
 11
135.07291174080436
 21
163.73909517936664
 31
10.0
 12
135.07291174080436
 22
163.73909517936664
 32
11.4
 13
133.96753322315524
 23
164.4233015318071
 33
11.4
  0
3DFACE
  5
1A8
330
17
100
AcDbEntity
  8
WINDOWS
100
AcDbFace
 10
139.0957489853711
 20
161.2490424475473
 30
10.0
 11
140.20112750302022
 21
160.56483609510684
 31
10.0
 12
140.20112750302022
 22
160.56483609510684
 32
11.4
 13
139.0957489853711
 23
161.2490424475473
 33
11.4
  0
3DFACE
  5
1A9
330
17
100
AcDbEntity
  8
WINDOWS
100
AcDbFace
 10
144.22396474758696
 20
158.0747833632875
 30
10.0
 11
145.32934326523608
 21
157.39057701084704
 31
10.0
 12
145.32934326523608
 22
157.39057701084704
 32
11.4
 13
144.22396474758696
 23
158.0747833632875
 33
11.4
  0
3DFACE
  5
1AA
330
17
100
AcDbEntity
  8
WINDOWS
100
AcDbFace
 10
149.35218050980282
 20
154.9005242790277
 30
10.0
 11
150.45755902745194
 21
154.21631792658724
 31
10.0
 12
150.45755902745194
 22
154.21631792658724
 32
11.4
 13
149.35218050980282
 23
154.9005242790277
 33
11.4
  0
3DFACE
  5
1AB
330
17
100
AcDbEntity
  8
WINDOWS
100
AcDbFace
 10
154.48039627201868
 20
151.72626519476788
 30
10.0
 11
155.5857747896678
 21
151.0420588423274
 31
10.0
 12
155.5857747896678
 22
151.0420588423274
 32
11.4
 13
154.48039627201868
 23
151.72626519476788
 33
11.4
  0
3DFACE
  5
1AC
330
17
100
AcDbEntity
  8
WINDOWS
100
AcDbFace
 10
159.60861203423454
 20
148.55200611050807
 30
10.0
 11
160.71399055188365
 21
147.8677997580676
 31
10.0
 12
160.71399055188365
 22
147.8677997580676
 32
11.4
 13
159.60861203423454
 23
148.55200611050807
 33
11.4
  0
3DFACE
  5
1AD
330
17
100
AcDbEntity
  8
WINDOWS
100
AcDbFace
 10
164.7368277964504
 20
145.37774702624824
 30
10.0
 11
165.8422063140995
 21
144.69354067380777
 31
10.0
 12
165.8422063140995
 22
144.69354067380777
 32
11.4
 13
164.7368277964504
 23
145.37774702624824
 33
11.4
  0
3DFACE
  5
1AE
330
17
100
AcDbEntity
  8
WINDOWS
100
AcDbFace
 10
169.86504355866623
 20
142.20348794198844
 30
10.0
 11
170.97042207631534
 21
141.51928158954797
 31
10.0
 12
170.97042207631534
 22
141.51928158954797
 32
11.4
 13
169.86504355866623
 23
142.20348794198844
 33
11.4
  0
3DFACE
  5
1AF
330
17
100
AcDbEntity
  8
WINDOWS
100
AcDbFace
 10
174.9932593208821
 20
139.02922885772864
 30
10.0
 11
176.0986378385312
 21
138.34502250528817
 31
10.0
 12
176.0986378385312
 22
138.34502250528817
 32
11.4
 13
174.9932593208821
 23
139.02922885772864
 33
11.4
  0
3DFACE
  5
1B0
330
17
100
AcDbEntity
  8
WINDOWS
100
AcDbFace
 10
180.12147508309792
 20
135.85496977346884
 30
10.0
 11
181.22685360074703
 21
135.17076342102837
 31
10.0
 12
181.22685360074703
 22
135.17076342102837
 32
11.4
 13
180.12147508309792
 23
135.85496977346884
 33
11.4
  0
3DFACE
  5
1B1
330
17
100
AcDbEntity
  8
WINDOWS
100
AcDbFace
 10
185.2496908453138
 20
132.680710689209
 30
10.0
 11
186.35506936296292
 21
131.99650433676854
 31
10.0
 12
186.35506936296292
 22
131.99650433676854
 32
11.4
 13
185.2496908453138
 23
132.680710689209
 33
11.4
  0
3DFACE
  5
1B2
330
17
100
AcDbEntity
  8
WINDOWS
100
AcDbFace
 10
190.37790660752964
 20
129.5064516049492
 30
10.0
 11
191.48328512517875
 21
128.82224525250874
 31
10.0
 12
191.48328512517875
 22
128.82224525250874
 32
11.4
 13
190.37790660752964
 23
129.5064516049492
 33
11.4
  0
3DFACE
  5
1B3
330
17
100
AcDbEntity
  8
WINDOWS
100
AcDbFace
 10
195.5061223697455
 20
126.33219252068938
 30
10.0
 11
196.6115008873946
 21
125.64798616824893
 31
10.0
 12
196.6115008873946
 22
125.64798616824893
 32
11.4
 13
195.5061223697455
 23
126.33219252068938
 33
11.4
  0
3DFACE
  5
1B4
330
17
100
AcDbEntity
  8
WINDOWS
100
AcDbFace
 10
82.6853756009967
 20
196.16589237440525
 30
13.0
 11
83.79075411864581
 21
195.48168602196478
 31
13.0
 12
83.79075411864581
 22
195.48168602196478
 32
14.4
 13
82.6853756009967
 23
196.16589237440525
 33
14.4
  0
3DFACE
  5
1B5
330
17
100
AcDbEntity
  8
WINDOWS
100
AcDbFace
 10
87.81359136321254
 20
192.99163329014542
 30
13.0
 11
88.91896988086165
 21
192.30742693770495
 31
13.0
 12
88.91896988086165
 22
192.30742693770495
 32
14.4
 13
87.81359136321254
 23
192.99163329014542
 33
14.4
  0
3DFACE
  5
1B6
330
17
100
AcDbEntity
  8
WINDOWS
100
AcDbFace
 10
92.9418071254284
 20
189.8173742058856
 30
13.0
 11
94.04718564307751
 21
189.13316785344514
 31
13.0
 12
94.04718564307751
 22
189.13316785344514
 32
14.4
 13
92.9418071254284
 23
189.8173742058856
 33
14.4
  0
3DFACE
  5
1B7
330
17
100
AcDbEntity
  8
WINDOWS
100
AcDbFace
 10
98.07002288764426
 20
186.6431151216258
 30
13.0
 11
99.17540140529337
 21
185.95890876918534
 31
13.0
 12
99.17540140529337
 22
185.95890876918534
 32
14.4
 13
98.07002288764426
 23
186.6431151216258
 33
14.4
  0
3DFACE
  5
1B8
330
17
100
AcDbEntity
  8
WINDOWS
100
AcDbFace
 10
103.19823864986012
 20
183.46885603736598
 30
13.0
 11
104.30361716750923
 21
182.7846496849255
 31
13.0
 12
104.30361716750923
 22
182.7846496849255
 32
14.4
 13
103.19823864986012
 23
183.46885603736598
 33
14.4
  0
3DFACE
  5
1B9
330
17
100
AcDbEntity
  8
WINDOWS
100
AcDbFace
 10
108.32645441207596
 20
180.29459695310618
 30
13.0
 11
109.43183292972508
 21
179.6103906006657
 31
13.0
 12
109.43183292972508
 22
179.6103906006657
 32
14.4
 13
108.32645441207596
 23
180.29459695310618
 33
14.4
  0
3DFACE
  5
1BA
330
17
100
AcDbEntity
  8
WINDOWS
100
AcDbFace
 10
113.45467017429182
 20
177.12033786884638
 30
13.0
 11
114.56004869194093
 21
176.4361315164059
 31
13.0
 12
114.56004869194093
 22
176.4361315164059
 32
14.4
 13
113.45467017429182
 23
177.12033786884638
 33
14.4
  0
3DFACE
  5
1BB
330
17
100
AcDbEntity
  8
WINDOWS
100
AcDbFace
 10
118.58288593650767
 20
173.94607878458658
 30
13.0
 11
119.68826445415678
 21
173.2618724321461
 31
13.0
 12
119.68826445415678
 22
173.2618724321461
 32
14.4
 13
118.58288593650767
 23
173.94607878458658
 33
14.4
  0
3DFACE
  5
1BC
330
17
100
AcDbEntity
  8
WINDOWS
100
AcDbFace
 10
123.71110169872354
 20
170.77181970032674
 30
13.0
 11
124.81648021637265
 21
170.08761334788628
 31
13.0
 12
124.81648021637265
 22
170.08761334788628
 32
14.4
 13
123.71110169872354
 23
170.77181970032674
 33
14.4
  0
3DFACE
  5
1BD
330
17
100
AcDbEntity
  8
WINDOWS
100
AcDbFace
 10
128.83931746093938
 20
167.59756061606694
 30
13.0
 11
129.9446959785885
 21
166.91335426362647
 31
13.0
 12
129.9446959785885
 22
166.91335426362647
 32
14.4
 13
128.83931746093938
 23
167.59756061606694
 33
14.4
  0
3DFACE
  5
1BE
330
17
100
AcDbEntity
  8
WINDOWS
100
AcDbFace
 10
133.96753322315524
 20
164.4233015318071
 30
13.0
 11
135.07291174080436
 21
163.73909517936664
 31
13.0
 12
135.07291174080436
 22
163.73909517936664
 32
14.4
 13
133.96753322315524
 23
164.4233015318071
 33
14.4
  0
3DFACE
  5
1BF
330
17
100
AcDbEntity
  8
WINDOWS
100
AcDbFace
 10
139.0957489853711
 20
161.2490424475473
 30
13.0
 11
140.20112750302022
 21
160.56483609510684
 31
13.0
 12
140.20112750302022
 22
160.56483609510684
 32
14.4
 13
139.0957489853711
 23
161.2490424475473
 33
14.4
  0
3DFACE
  5
1C0
330
17
100
AcDbEntity
  8
WINDOWS
100
AcDbFace
 10
144.22396474758696
 20
158.0747833632875
 30
13.0
 11
145.32934326523608
 21
157.39057701084704
 31
13.0
 12
145.32934326523608
 22
157.39057701084704
 32
14.4
 13
144.22396474758696
 23
158.0747833632875
 33
14.4
  0
3DFACE
  5
1C1
330
17
100
AcDbEntity
  8
WINDOWS
100
AcDbFace
 10
149.35218050980282
 20
154.9005242790277
 30
13.0
 11
150.45755902745194
 21
154.21631792658724
 31
13.0
 12
150.45755902745194
 22
154.21631792658724
 32
14.4
 13
149.35218050980282
 23
154.9005242790277
 33
14.4
  0
3DFACE
  5
1C2
330
17
100
AcDbEntity
  8
WINDOWS
100
AcDbFace
 10
154.48039627201868
 20
151.72626519476788
 30
13.0
 11
155.5857747896678
 21
151.0420588423274
 31
13.0
 12
155.5857747896678
 22
151.0420588423274
 32
14.4
 13
154.48039627201868
 23
151.72626519476788
 33
14.4
  0
3DFACE
  5
1C3
330
17
100
AcDbEntity
  8
WINDOWS
100
AcDbFace
 10
159.60861203423454
 20
148.55200611050807
 30
13.0
 11
160.71399055188365
 21
147.8677997580676
 31
13.0
 12
160.71399055188365
 22
147.8677997580676
 32
14.4
 13
159.60861203423454
 23
148.55200611050807
 33
14.4
  0
3DFACE
  5
1C4
330
17
100
AcDbEntity
  8
WINDOWS
100
AcDbFace
 10
164.7368277964504
 20
145.37774702624824
 30
13.0
 11
165.8422063140995
 21
144.69354067380777
 31
13.0
 12
165.8422063140995
 22
144.69354067380777
 32
14.4
 13
164.7368277964504
 23
145.37774702624824
 33
14.4
  0
3DFACE
  5
1C5
330
17
100
AcDbEntity
  8
WINDOWS
100
AcDbFace
 10
169.86504355866623
 20
142.20348794198844
 30
13.0
 11
170.97042207631534
 21
141.51928158954797
 31
13.0
 12
170.97042207631534
 22
141.51928158954797
 32
14.4
 13
169.86504355866623
 23
142.20348794198844
 33
14.4
  0
3DFACE
  5
1C6
330
17
100
AcDbEntity
  8
WINDOWS
100
AcDbFace
 10
174.9932593208821
 20
139.02922885772864
 30
13.0
 11
176.0986378385312
 21
138.34502250528817
 31
13.0
 12
176.0986378385312
 22
138.34502250528817
 32
14.4
 13
174.9932593208821
 23
139.02922885772864
 33
14.4
  0
3DFACE
  5
1C7
330
17
100
AcDbEntity
  8
WINDOWS
100
AcDbFace
 10
180.12147508309792
 20
135.85496977346884
 30
13.0
 11
181.22685360074703
 21
135.17076342102837
 31
13.0
 12
181.22685360074703
 22
135.17076342102837
 32
14.4
 13
180.12147508309792
 23
135.85496977346884
 33
14.4
  0
3DFACE
  5
1C8
330
17
100
AcDbEntity
  8
WINDOWS
100
AcDbFace
 10
185.2496908453138
 20
132.680710689209
 30
13.0
 11
186.35506936296292
 21
131.99650433676854
 31
13.0
 12
186.35506936296292
 22
131.99650433676854
 32
14.4
 13
185.2496908453138
 23
132.680710689209
 33
14.4
  0
3DFACE
  5
1C9
330
17
100
AcDbEntity
  8
WINDOWS
100
AcDbFace
 10
190.37790660752964
 20
129.5064516049492
 30
13.0
 11
191.48328512517875
 21
128.82224525250874
 31
13.0
 12
191.48328512517875
 22
128.82224525250874
 32
14.4
 13
190.37790660752964
 23
129.5064516049492
 33
14.4
  0
3DFACE
  5
1CA
330
17
100
AcDbEntity
  8
WINDOWS
100
AcDbFace
 10
195.5061223697455
 20
126.33219252068938
 30
13.0
 11
196.6115008873946
 21
125.64798616824893
 31
13.0
 12
196.6115008873946
 22
125.64798616824893
 32
14.4
 13
195.5061223697455
 23
126.33219252068938
 33
14.4
  0
3DFACE
  5
1CB
330
17
100
AcDbEntity
  8
WINDOWS
100
AcDbFace
 10
82.6853756009967
 20
196.16589237440525
 30
16.0
 11
83.79075411864581
 21
195.48168602196478
 31
16.0
 12
83.79075411864581
 22
195.48168602196478
 32
17.4
 13
82.6853756009967
 23
196.16589237440525
 33
17.4
  0
3DFACE
  5
1CC
330
17
100
AcDbEntity
  8
WINDOWS
100
AcDbFace
 10
87.81359136321254
 20
192.99163329014542
 30
16.0
 11
88.91896988086165
 21
192.30742693770495
 31
16.0
 12
88.91896988086165
 22
192.30742693770495
 32
17.4
 13
87.81359136321254
 23
192.99163329014542
 33
17.4
  0
3DFACE
  5
1CD
330
17
100
AcDbEntity
  8
WINDOWS
100
AcDbFace
 10
92.9418071254284
 20
189.8173742058856
 30
16.0
 11
94.04718564307751
 21
189.13316785344514
 31
16.0
 12
94.04718564307751
 22
189.13316785344514
 32
17.4
 13
92.9418071254284
 23
189.8173742058856
 33
17.4
  0
3DFACE
  5
1CE
330
17
100
AcDbEntity
  8
WINDOWS
100
AcDbFace
 10
98.07002288764426
 20
186.6431151216258
 30
16.0
 11
99.17540140529337
 21
185.95890876918534
 31
16.0
 12
99.17540140529337
 22
185.95890876918534
 32
17.4
 13
98.07002288764426
 23
186.6431151216258
 33
17.4
  0
3DFACE
  5
1CF
330
17
100
AcDbEntity
  8
WINDOWS
100
AcDbFace
 10
103.19823864986012
 20
183.46885603736598
 30
16.0
 11
104.30361716750923
 21
182.7846496849255
 31
16.0
 12
104.30361716750923
 22
182.7846496849255
 32
17.4
 13
103.19823864986012
 23
183.46885603736598
 33
17.4
  0
3DFACE
  5
1D0
330
17
100
AcDbEntity
  8
WINDOWS
100
AcDbFace
 10
108.32645441207596
 20
180.29459695310618
 30
16.0
 11
109.43183292972508
 21
179.6103906006657
 31
16.0
 12
109.43183292972508
 22
179.6103906006657
 32
17.4
 13
108.32645441207596
 23
180.29459695310618
 33
17.4
  0
3DFACE
  5
1D1
330
17
100
AcDbEntity
  8
WINDOWS
100
AcDbFace
 10
113.45467017429182
 20
177.12033786884638
 30
16.0
 11
114.56004869194093
 21
176.4361315164059
 31
16.0
 12
114.56004869194093
 22
176.4361315164059
 32
17.4
 13
113.45467017429182
 23
177.12033786884638
 33
17.4
  0
3DFACE
  5
1D2
330
17
100
AcDbEntity
  8
WINDOWS
100
AcDbFace
 10
118.58288593650767
 20
173.94607878458658
 30
16.0
 11
119.68826445415678
 21
173.2618724321461
 31
16.0
 12
119.68826445415678
 22
173.2618724321461
 32
17.4
 13
118.58288593650767
 23
173.94607878458658
 33
17.4
  0
3DFACE
  5
1D3
330
17
100
AcDbEntity
  8
WINDOWS
100
AcDbFace
 10
123.71110169872354
 20
170.77181970032674
 30
16.0
 11
124.81648021637265
 21
170.08761334788628
 31
16.0
 12
124.81648021637265
 22
170.08761334788628
 32
17.4
 13
123.71110169872354
 23
170.77181970032674
 33
17.4
  0
3DFACE
  5
1D4
330
17
100
AcDbEntity
  8
WINDOWS
100
AcDbFace
 10
128.83931746093938
 20
167.59756061606694
 30
16.0
 11
129.9446959785885
 21
166.91335426362647
 31
16.0
 12
129.9446959785885
 22
166.91335426362647
 32
17.4
 13
128.83931746093938
 23
167.59756061606694
 33
17.4
  0
3DFACE
  5
1D5
330
17
100
AcDbEntity
  8
WINDOWS
100
AcDbFace
 10
133.96753322315524
 20
164.4233015318071
 30
16.0
 11
135.07291174080436
 21
163.73909517936664
 31
16.0
 12
135.07291174080436
 22
163.73909517936664
 32
17.4
 13
133.96753322315524
 23
164.4233015318071
 33
17.4
  0
3DFACE
  5
1D6
330
17
100
AcDbEntity
  8
WINDOWS
100
AcDbFace
 10
139.0957489853711
 20
161.2490424475473
 30
16.0
 11
140.20112750302022
 21
160.56483609510684
 31
16.0
 12
140.20112750302022
 22
160.56483609510684
 32
17.4
 13
139.0957489853711
 23
161.2490424475473
 33
17.4
  0
3DFACE
  5
1D7
330
17
100
AcDbEntity
  8
WINDOWS
100
AcDbFace
 10
144.22396474758696
 20
158.0747833632875
 30
16.0
 11
145.32934326523608
 21
157.39057701084704
 31
16.0
 12
145.32934326523608
 22
157.39057701084704
 32
17.4
 13
144.22396474758696
 23
158.0747833632875
 33
17.4
  0
3DFACE
  5
1D8
330
17
100
AcDbEntity
  8
WINDOWS
100
AcDbFace
 10
149.35218050980282
 20
154.9005242790277
 30
16.0
 11
150.45755902745194
 21
154.21631792658724
 31
16.0
 12
150.45755902745194
 22
154.21631792658724
 32
17.4
 13
149.35218050980282
 23
154.9005242790277
 33
17.4
  0
3DFACE
  5
1D9
330
17
100
AcDbEntity
  8
WINDOWS
100
AcDbFace
 10
154.48039627201868
 20
151.72626519476788
 30
16.0
 11
155.5857747896678
 21
151.0420588423274
 31
16.0
 12
155.5857747896678
 22
151.0420588423274
 32
17.4
 13
154.48039627201868
 23
151.72626519476788
 33
17.4
  0
3DFACE
  5
1DA
330
17
100
AcDbEntity
  8
WINDOWS
100
AcDbFace
 10
159.60861203423454
 20
148.55200611050807
 30
16.0
 11
160.71399055188365
 21
147.8677997580676
 31
16.0
 12
160.71399055188365
 22
147.8677997580676
 32
17.4
 13
159.60861203423454
 23
148.55200611050807
 33
17.4
  0
3DFACE
  5
1DB
330
17
100
AcDbEntity
  8
WINDOWS
100
AcDbFace
 10
164.7368277964504
 20
145.37774702624824
 30
16.0
 11
165.8422063140995
 21
144.69354067380777
 31
16.0
 12
165.8422063140995
 22
144.69354067380777
 32
17.4
 13
164.7368277964504
 23
145.37774702624824
 33
17.4
  0
3DFACE
  5
1DC
330
17
100
AcDbEntity
  8
WINDOWS
100
AcDbFace
 10
169.86504355866623
 20
142.20348794198844
 30
16.0
 11
170.97042207631534
 21
141.51928158954797
 31
16.0
 12
170.97042207631534
 22
141.51928158954797
 32
17.4
 13
169.86504355866623
 23
142.20348794198844
 33
17.4
  0
3DFACE
  5
1DD
330
17
100
AcDbEntity
  8
WINDOWS
100
AcDbFace
 10
174.9932593208821
 20
139.02922885772864
 30
16.0
 11
176.0986378385312
 21
138.34502250528817
 31
16.0
 12
176.0986378385312
 22
138.34502250528817
 32
17.4
 13
174.9932593208821
 23
139.02922885772864
 33
17.4
  0
3DFACE
  5
1DE
330
17
100
AcDbEntity
  8
WINDOWS
100
AcDbFace
 10
180.12147508309792
 20
135.85496977346884
 30
16.0
 11
181.22685360074703
 21
135.17076342102837
 31
16.0
 12
181.22685360074703
 22
135.17076342102837
 32
17.4
 13
180.12147508309792
 23
135.85496977346884
 33
17.4
  0
3DFACE
  5
1DF
330
17
100
AcDbEntity
  8
WINDOWS
100
AcDbFace
 10
185.2496908453138
 20
132.680710689209
 30
16.0
 11
186.35506936296292
 21
131.99650433676854
 31
16.0
 12
186.35506936296292
 22
131.99650433676854
 32
17.4
 13
185.2496908453138
 23
132.680710689209
 33
17.4
  0
3DFACE
  5
1E0
330
17
100
AcDbEntity
  8
WINDOWS
100
AcDbFace
 10
190.37790660752964
 20
129.5064516049492
 30
16.0
 11
191.48328512517875
 21
128.82224525250874
 31
16.0
 12
191.48328512517875
 22
128.82224525250874
 32
17.4
 13
190.37790660752964
 23
129.5064516049492
 33
17.4
  0
3DFACE
  5
1E1
330
17
100
AcDbEntity
  8
WINDOWS
100
AcDbFace
 10
195.5061223697455
 20
126.33219252068938
 30
16.0
 11
196.6115008873946
 21
125.64798616824893
 31
16.0
 12
196.6115008873946
 22
125.64798616824893
 32
17.4
 13
195.5061223697455
 23
126.33219252068938
 33
17.4
  0
3DFACE
  5
1E2
330
17
100
AcDbEntity
  8
WINDOWS
100
AcDbFace
 10
82.6853756009967
 20
196.16589237440525
 30
19.0
 11
83.79075411864581
 21
195.48168602196478
 31
19.0
 12
83.79075411864581
 22
195.48168602196478
 32
20.4
 13
82.6853756009967
 23
196.16589237440525
 33
20.4
  0
3DFACE
  5
1E3
330
17
100
AcDbEntity
  8
WINDOWS
100
AcDbFace
 10
87.81359136321254
 20
192.99163329014542
 30
19.0
 11
88.91896988086165
 21
192.30742693770495
 31
19.0
 12
88.91896988086165
 22
192.30742693770495
 32
20.4
 13
87.81359136321254
 23
192.99163329014542
 33
20.4
  0
3DFACE
  5
1E4
330
17
100
AcDbEntity
  8
WINDOWS
100
AcDbFace
 10
92.9418071254284
 20
189.8173742058856
 30
19.0
 11
94.04718564307751
 21
189.13316785344514
 31
19.0
 12
94.04718564307751
 22
189.13316785344514
 32
20.4
 13
92.9418071254284
 23
189.8173742058856
 33
20.4
  0
3DFACE
  5
1E5
330
17
100
AcDbEntity
  8
WINDOWS
100
AcDbFace
 10
98.07002288764426
 20
186.6431151216258
 30
19.0
 11
99.17540140529337
 21
185.95890876918534
 31
19.0
 12
99.17540140529337
 22
185.95890876918534
 32
20.4
 13
98.07002288764426
 23
186.6431151216258
 33
20.4
  0
3DFACE
  5
1E6
330
17
100
AcDbEntity
  8
WINDOWS
100
AcDbFace
 10
103.19823864986012
 20
183.46885603736598
 30
19.0
 11
104.30361716750923
 21
182.7846496849255
 31
19.0
 12
104.30361716750923
 22
182.7846496849255
 32
20.4
 13
103.19823864986012
 23
183.46885603736598
 33
20.4
  0
3DFACE
  5
1E7
330
17
100
AcDbEntity
  8
WINDOWS
100
AcDbFace
 10
108.32645441207596
 20
180.29459695310618
 30
19.0
 11
109.43183292972508
 21
179.6103906006657
 31
19.0
 12
109.43183292972508
 22
179.6103906006657
 32
20.4
 13
108.32645441207596
 23
180.29459695310618
 33
20.4
  0
3DFACE
  5
1E8
330
17
100
AcDbEntity
  8
WINDOWS
100
AcDbFace
 10
113.45467017429182
 20
177.12033786884638
 30
19.0
 11
114.56004869194093
 21
176.4361315164059
 31
19.0
 12
114.56004869194093
 22
176.4361315164059
 32
20.4
 13
113.45467017429182
 23
177.12033786884638
 33
20.4
  0
3DFACE
  5
1E9
330
17
100
AcDbEntity
  8
WINDOWS
100
AcDbFace
 10
118.58288593650767
 20
173.94607878458658
 30
19.0
 11
119.68826445415678
 21
173.2618724321461
 31
19.0
 12
119.68826445415678
 22
173.2618724321461
 32
20.4
 13
118.58288593650767
 23
173.94607878458658
 33
20.4
  0
3DFACE
  5
1EA
330
17
100
AcDbEntity
  8
WINDOWS
100
AcDbFace
 10
123.71110169872354
 20
170.77181970032674
 30
19.0
 11
124.81648021637265
 21
170.08761334788628
 31
19.0
 12
124.81648021637265
 22
170.08761334788628
 32
20.4
 13
123.71110169872354
 23
170.77181970032674
 33
20.4
  0
3DFACE
  5
1EB
330
17
100
AcDbEntity
  8
WINDOWS
100
AcDbFace
 10
128.83931746093938
 20
167.59756061606694
 30
19.0
 11
129.9446959785885
 21
166.91335426362647
 31
19.0
 12
129.9446959785885
 22
166.91335426362647
 32
20.4
 13
128.83931746093938
 23
167.59756061606694
 33
20.4
  0
3DFACE
  5
1EC
330
17
100
AcDbEntity
  8
WINDOWS
100
AcDbFace
 10
133.96753322315524
 20
164.4233015318071
 30
19.0
 11
135.07291174080436
 21
163.73909517936664
 31
19.0
 12
135.07291174080436
 22
163.73909517936664
 32
20.4
 13
133.96753322315524
 23
164.4233015318071
 33
20.4
  0
3DFACE
  5
1ED
330
17
100
AcDbEntity
  8
WINDOWS
100
AcDbFace
 10
139.0957489853711
 20
161.2490424475473
 30
19.0
 11
140.20112750302022
 21
160.56483609510684
 31
19.0
 12
140.20112750302022
 22
160.56483609510684
 32
20.4
 13
139.0957489853711
 23
161.2490424475473
 33
20.4
  0
3DFACE
  5
1EE
330
17
100
AcDbEntity
  8
WINDOWS
100
AcDbFace
 10
144.22396474758696
 20
158.0747833632875
 30
19.0
 11
145.32934326523608
 21
157.39057701084704
 31
19.0
 12
145.32934326523608
 22
157.39057701084704
 32
20.4
 13
144.22396474758696
 23
158.0747833632875
 33
20.4
  0
3DFACE
  5
1EF
330
17
100
AcDbEntity
  8
WINDOWS
100
AcDbFace
 10
149.35218050980282
 20
154.9005242790277
 30
19.0
 11
150.45755902745194
 21
154.21631792658724
 31
19.0
 12
150.45755902745194
 22
154.21631792658724
 32
20.4
 13
149.35218050980282
 23
154.9005242790277
 33
20.4
  0
3DFACE
  5
1F0
330
17
100
AcDbEntity
  8
WINDOWS
100
AcDbFace
 10
154.48039627201868
 20
151.72626519476788
 30
19.0
 11
155.5857747896678
 21
151.0420588423274
 31
19.0
 12
155.5857747896678
 22
151.0420588423274
 32
20.4
 13
154.48039627201868
 23
151.72626519476788
 33
20.4
  0
3DFACE
  5
1F1
330
17
100
AcDbEntity
  8
WINDOWS
100
AcDbFace
 10
159.60861203423454
 20
148.55200611050807
 30
19.0
 11
160.71399055188365
 21
147.8677997580676
 31
19.0
 12
160.71399055188365
 22
147.8677997580676
 32
20.4
 13
159.60861203423454
 23
148.55200611050807
 33
20.4
  0
3DFACE
  5
1F2
330
17
100
AcDbEntity
  8
WINDOWS
100
AcDbFace
 10
164.7368277964504
 20
145.37774702624824
 30
19.0
 11
165.8422063140995
 21
144.69354067380777
 31
19.0
 12
165.8422063140995
 22
144.69354067380777
 32
20.4
 13
164.7368277964504
 23
145.37774702624824
 33
20.4
  0
3DFACE
  5
1F3
330
17
100
AcDbEntity
  8
WINDOWS
100
AcDbFace
 10
169.86504355866623
 20
142.20348794198844
 30
19.0
 11
170.97042207631534
 21
141.51928158954797
 31
19.0
 12
170.97042207631534
 22
141.51928158954797
 32
20.4
 13
169.86504355866623
 23
142.20348794198844
 33
20.4
  0
3DFACE
  5
1F4
330
17
100
AcDbEntity
  8
WINDOWS
100
AcDbFace
 10
174.9932593208821
 20
139.02922885772864
 30
19.0
 11
176.0986378385312
 21
138.34502250528817
 31
19.0
 12
176.0986378385312
 22
138.34502250528817
 32
20.4
 13
174.9932593208821
 23
139.02922885772864
 33
20.4
  0
3DFACE
  5
1F5
330
17
100
AcDbEntity
  8
WINDOWS
100
AcDbFace
 10
180.12147508309792
 20
135.85496977346884
 30
19.0
 11
181.22685360074703
 21
135.17076342102837
 31
19.0
 12
181.22685360074703
 22
135.17076342102837
 32
20.4
 13
180.12147508309792
 23
135.85496977346884
 33
20.4
  0
3DFACE
  5
1F6
330
17
100
AcDbEntity
  8
WINDOWS
100
AcDbFace
 10
185.2496908453138
 20
132.680710689209
 30
19.0
 11
186.35506936296292
 21
131.99650433676854
 31
19.0
 12
186.35506936296292
 22
131.99650433676854
 32
20.4
 13
185.2496908453138
 23
132.680710689209
 33
20.4
  0
3DFACE
  5
1F7
330
17
100
AcDbEntity
  8
WINDOWS
100
AcDbFace
 10
190.37790660752964
 20
129.5064516049492
 30
19.0
 11
191.48328512517875
 21
128.82224525250874
 31
19.0
 12
191.48328512517875
 22
128.82224525250874
 32
20.4
 13
190.37790660752964
 23
129.5064516049492
 33
20.4
  0
3DFACE
  5
1F8
330
17
100
AcDbEntity
  8
WINDOWS
100
AcDbFace
 10
195.5061223697455
 20
126.33219252068938
 30
19.0
 11
196.6115008873946
 21
125.64798616824893
 31
19.0
 12
196.6115008873946
 22
125.64798616824893
 32
20.4
 13
195.5061223697455
 23
126.33219252068938
 33
20.4
  0
3DFACE
  5
1F9
330
17
100
AcDbEntity
  8
WINDOWS
100
AcDbFace
 10
82.6853756009967
 20
196.16589237440525
 30
22.0
 11
83.79075411864581
 21
195.48168602196478
 31
22.0
 12
83.79075411864581
 22
195.48168602196478
 32
23.4
 13
82.6853756009967
 23
196.16589237440525
 33
23.4
  0
3DFACE
  5
1FA
330
17
100
AcDbEntity
  8
WINDOWS
100
AcDbFace
 10
87.81359136321254
 20
192.99163329014542
 30
22.0
 11
88.91896988086165
 21
192.30742693770495
 31
22.0
 12
88.91896988086165
 22
192.30742693770495
 32
23.4
 13
87.81359136321254
 23
192.99163329014542
 33
23.4
  0
3DFACE
  5
1FB
330
17
100
AcDbEntity
  8
WINDOWS
100
AcDbFace
 10
92.9418071254284
 20
189.8173742058856
 30
22.0
 11
94.04718564307751
 21
189.13316785344514
 31
22.0
 12
94.04718564307751
 22
189.13316785344514
 32
23.4
 13
92.9418071254284
 23
189.8173742058856
 33
23.4
  0
3DFACE
  5
1FC
330
17
100
AcDbEntity
  8
WINDOWS
100
AcDbFace
 10
98.07002288764426
 20
186.6431151216258
 30
22.0
 11
99.17540140529337
 21
185.95890876918534
 31
22.0
 12
99.17540140529337
 22
185.95890876918534
 32
23.4
 13
98.07002288764426
 23
186.6431151216258
 33
23.4
  0
3DFACE
  5
1FD
330
17
100
AcDbEntity
  8
WINDOWS
100
AcDbFace
 10
103.19823864986012
 20
183.46885603736598
 30
22.0
 11
104.30361716750923
 21
182.7846496849255
 31
22.0
 12
104.30361716750923
 22
182.7846496849255
 32
23.4
 13
103.19823864986012
 23
183.46885603736598
 33
23.4
  0
3DFACE
  5
1FE
330
17
100
AcDbEntity
  8
WINDOWS
100
AcDbFace
 10
108.32645441207596
 20
180.29459695310618
 30
22.0
 11
109.43183292972508
 21
179.6103906006657
 31
22.0
 12
109.43183292972508
 22
179.6103906006657
 32
23.4
 13
108.32645441207596
 23
180.29459695310618
 33
23.4
  0
3DFACE
  5
1FF
330
17
100
AcDbEntity
  8
WINDOWS
100
AcDbFace
 10
113.45467017429182
 20
177.12033786884638
 30
22.0
 11
114.56004869194093
 21
176.4361315164059
 31
22.0
 12
114.56004869194093
 22
176.4361315164059
 32
23.4
 13
113.45467017429182
 23
177.12033786884638
 33
23.4
  0
3DFACE
  5
200
330
17
100
AcDbEntity
  8
WINDOWS
100
AcDbFace
 10
118.58288593650767
 20
173.94607878458658
 30
22.0
 11
119.68826445415678
 21
173.2618724321461
 31
22.0
 12
119.68826445415678
 22
173.2618724321461
 32
23.4
 13
118.58288593650767
 23
173.94607878458658
 33
23.4
  0
3DFACE
  5
201
330
17
100
AcDbEntity
  8
WINDOWS
100
AcDbFace
 10
123.71110169872354
 20
170.77181970032674
 30
22.0
 11
124.81648021637265
 21
170.08761334788628
 31
22.0
 12
124.81648021637265
 22
170.08761334788628
 32
23.4
 13
123.71110169872354
 23
170.77181970032674
 33
23.4
  0
3DFACE
  5
202
330
17
100
AcDbEntity
  8
WINDOWS
100
AcDbFace
 10
128.83931746093938
 20
167.59756061606694
 30
22.0
 11
129.9446959785885
 21
166.91335426362647
 31
22.0
 12
129.9446959785885
 22
166.91335426362647
 32
23.4
 13
128.83931746093938
 23
167.59756061606694
 33
23.4
  0
3DFACE
  5
203
330
17
100
AcDbEntity
  8
WINDOWS
100
AcDbFace
 10
133.96753322315524
 20
164.4233015318071
 30
22.0
 11
135.07291174080436
 21
163.73909517936664
 31
22.0
 12
135.07291174080436
 22
163.73909517936664
 32
23.4
 13
133.96753322315524
 23
164.4233015318071
 33
23.4
  0
3DFACE
  5
204
330
17
100
AcDbEntity
  8
WINDOWS
100
AcDbFace
 10
139.0957489853711
 20
161.2490424475473
 30
22.0
 11
140.20112750302022
 21
160.56483609510684
 31
22.0
 12
140.20112750302022
 22
160.56483609510684
 32
23.4
 13
139.0957489853711
 23
161.2490424475473
 33
23.4
  0
3DFACE
  5
205
330
17
100
AcDbEntity
  8
WINDOWS
100
AcDbFace
 10
144.22396474758696
 20
158.0747833632875
 30
22.0
 11
145.32934326523608
 21
157.39057701084704
 31
22.0
 12
145.32934326523608
 22
157.39057701084704
 32
23.4
 13
144.22396474758696
 23
158.0747833632875
 33
23.4
  0
3DFACE
  5
206
330
17
100
AcDbEntity
  8
WINDOWS
100
AcDbFace
 10
149.35218050980282
 20
154.9005242790277
 30
22.0
 11
150.45755902745194
 21
154.21631792658724
 31
22.0
 12
150.45755902745194
 22
154.21631792658724
 32
23.4
 13
149.35218050980282
 23
154.9005242790277
 33
23.4
  0
3DFACE
  5
207
330
17
100
AcDbEntity
  8
WINDOWS
100
AcDbFace
 10
154.48039627201868
 20
151.72626519476788
 30
22.0
 11
155.5857747896678
 21
151.0420588423274
 31
22.0
 12
155.5857747896678
 22
151.0420588423274
 32
23.4
 13
154.48039627201868
 23
151.72626519476788
 33
23.4
  0
3DFACE
  5
208
330
17
100
AcDbEntity
  8
WINDOWS
100
AcDbFace
 10
159.60861203423454
 20
148.55200611050807
 30
22.0
 11
160.71399055188365
 21
147.8677997580676
 31
22.0
 12
160.71399055188365
 22
147.8677997580676
 32
23.4
 13
159.60861203423454
 23
148.55200611050807
 33
23.4
  0
3DFACE
  5
209
330
17
100
AcDbEntity
  8
WINDOWS
100
AcDbFace
 10
164.7368277964504
 20
145.37774702624824
 30
22.0
 11
165.8422063140995
 21
144.69354067380777
 31
22.0
 12
165.8422063140995
 22
144.69354067380777
 32
23.4
 13
164.7368277964504
 23
145.37774702624824
 33
23.4
  0
3DFACE
  5
20A
330
17
100
AcDbEntity
  8
WINDOWS
100
AcDbFace
 10
169.86504355866623
 20
142.20348794198844
 30
22.0
 11
170.97042207631534
 21
141.51928158954797
 31
22.0
 12
170.97042207631534
 22
141.51928158954797
 32
23.4
 13
169.86504355866623
 23
142.20348794198844
 33
23.4
  0
3DFACE
  5
20B
330
17
100
AcDbEntity
  8
WINDOWS
100
AcDbFace
 10
174.9932593208821
 20
139.02922885772864
 30
22.0
 11
176.0986378385312
 21
138.34502250528817
 31
22.0
 12
176.0986378385312
 22
138.34502250528817
 32
23.4
 13
174.9932593208821
 23
139.02922885772864
 33
23.4
  0
3DFACE
  5
20C
330
17
100
AcDbEntity
  8
WINDOWS
100
AcDbFace
 10
180.12147508309792
 20
135.85496977346884
 30
22.0
 11
181.22685360074703
 21
135.17076342102837
 31
22.0
 12
181.22685360074703
 22
135.17076342102837
 32
23.4
 13
180.12147508309792
 23
135.85496977346884
 33
23.4
  0
3DFACE
  5
20D
330
17
100
AcDbEntity
  8
WINDOWS
100
AcDbFace
 10
185.2496908453138
 20
132.680710689209
 30
22.0
 11
186.35506936296292
 21
131.99650433676854
 31
22.0
 12
186.35506936296292
 22
131.99650433676854
 32
23.4
 13
185.2496908453138
 23
132.680710689209
 33
23.4
  0
3DFACE
  5
20E
330
17
100
AcDbEntity
  8
WINDOWS
100
AcDbFace
 10
190.37790660752964
 20
129.5064516049492
 30
22.0
 11
191.48328512517875
 21
128.82224525250874
 31
22.0
 12
191.48328512517875
 22
128.82224525250874
 32
23.4
 13
190.37790660752964
 23
129.5064516049492
 33
23.4
  0
3DFACE
  5
20F
330
17
100
AcDbEntity
  8
WINDOWS
100
AcDbFace
 10
195.5061223697455
 20
126.33219252068938
 30
22.0
 11
196.6115008873946
 21
125.64798616824893
 31
22.0
 12
196.6115008873946
 22
125.64798616824893
 32
23.4
 13
195.5061223697455
 23
126.33219252068938
 33
23.4
  0
3DFACE
  5
210
330
17
100
AcDbEntity
  8
WINDOWS
100
AcDbFace
 10
82.6853756009967
 20
196.16589237440525
 30
25.0
 11
83.79075411864581
 21
195.48168602196478
 31
25.0
 12
83.79075411864581
 22
195.48168602196478
 32
26.4
 13
82.6853756009967
 23
196.16589237440525
 33
26.4
  0
3DFACE
  5
211
330
17
100
AcDbEntity
  8
WINDOWS
100
AcDbFace
 10
87.81359136321254
 20
192.99163329014542
 30
25.0
 11
88.91896988086165
 21
192.30742693770495
 31
25.0
 12
88.91896988086165
 22
192.30742693770495
 32
26.4
 13
87.81359136321254
 23
192.99163329014542
 33
26.4
  0
3DFACE
  5
212
330
17
100
AcDbEntity
  8
WINDOWS
100
AcDbFace
 10
92.9418071254284
 20
189.8173742058856
 30
25.0
 11
94.04718564307751
 21
189.13316785344514
 31
25.0
 12
94.04718564307751
 22
189.13316785344514
 32
26.4
 13
92.9418071254284
 23
189.8173742058856
 33
26.4
  0
3DFACE
  5
213
330
17
100
AcDbEntity
  8
WINDOWS
100
AcDbFace
 10
98.07002288764426
 20
186.6431151216258
 30
25.0
 11
99.17540140529337
 21
185.95890876918534
 31
25.0
 12
99.17540140529337
 22
185.95890876918534
 32
26.4
 13
98.07002288764426
 23
186.6431151216258
 33
26.4
  0
3DFACE
  5
214
330
17
100
AcDbEntity
  8
WINDOWS
100
AcDbFace
 10
103.19823864986012
 20
183.46885603736598
 30
25.0
 11
104.30361716750923
 21
182.7846496849255
 31
25.0
 12
104.30361716750923
 22
182.7846496849255
 32
26.4
 13
103.19823864986012
 23
183.46885603736598
 33
26.4
  0
3DFACE
  5
215
330
17
100
AcDbEntity
  8
WINDOWS
100
AcDbFace
 10
108.32645441207596
 20
180.29459695310618
 30
25.0
 11
109.43183292972508
 21
179.6103906006657
 31
25.0
 12
109.43183292972508
 22
179.6103906006657
 32
26.4
 13
108.32645441207596
 23
180.29459695310618
 33
26.4
  0
3DFACE
  5
216
330
17
100
AcDbEntity
  8
WINDOWS
100
AcDbFace
 10
113.45467017429182
 20
177.12033786884638
 30
25.0
 11
114.56004869194093
 21
176.4361315164059
 31
25.0
 12
114.56004869194093
 22
176.4361315164059
 32
26.4
 13
113.45467017429182
 23
177.12033786884638
 33
26.4
  0
3DFACE
  5
217
330
17
100
AcDbEntity
  8
WINDOWS
100
AcDbFace
 10
118.58288593650767
 20
173.94607878458658
 30
25.0
 11
119.68826445415678
 21
173.2618724321461
 31
25.0
 12
119.68826445415678
 22
173.2618724321461
 32
26.4
 13
118.58288593650767
 23
173.94607878458658
 33
26.4
  0
3DFACE
  5
218
330
17
100
AcDbEntity
  8
WINDOWS
100
AcDbFace
 10
123.71110169872354
 20
170.77181970032674
 30
25.0
 11
124.81648021637265
 21
170.08761334788628
 31
25.0
 12
124.81648021637265
 22
170.08761334788628
 32
26.4
 13
123.71110169872354
 23
170.77181970032674
 33
26.4
  0
3DFACE
  5
219
330
17
100
AcDbEntity
  8
WINDOWS
100
AcDbFace
 10
128.83931746093938
 20
167.59756061606694
 30
25.0
 11
129.9446959785885
 21
166.91335426362647
 31
25.0
 12
129.9446959785885
 22
166.91335426362647
 32
26.4
 13
128.83931746093938
 23
167.59756061606694
 33
26.4
  0
3DFACE
  5
21A
330
17
100
AcDbEntity
  8
WINDOWS
100
AcDbFace
 10
133.96753322315524
 20
164.4233015318071
 30
25.0
 11
135.07291174080436
 21
163.73909517936664
 31
25.0
 12
135.07291174080436
 22
163.73909517936664
 32
26.4
 13
133.96753322315524
 23
164.4233015318071
 33
26.4
  0
3DFACE
  5
21B
330
17
100
AcDbEntity
  8
WINDOWS
100
AcDbFace
 10
139.0957489853711
 20
161.2490424475473
 30
25.0
 11
140.20112750302022
 21
160.56483609510684
 31
25.0
 12
140.20112750302022
 22
160.56483609510684
 32
26.4
 13
139.0957489853711
 23
161.2490424475473
 33
26.4
  0
3DFACE
  5
21C
330
17
100
AcDbEntity
  8
WINDOWS
100
AcDbFace
 10
144.22396474758696
 20
158.0747833632875
 30
25.0
 11
145.32934326523608
 21
157.39057701084704
 31
25.0
 12
145.32934326523608
 22
157.39057701084704
 32
26.4
 13
144.22396474758696
 23
158.0747833632875
 33
26.4
  0
3DFACE
  5
21D
330
17
100
AcDbEntity
  8
WINDOWS
100
AcDbFace
 10
149.35218050980282
 20
154.9005242790277
 30
25.0
 11
150.45755902745194
 21
154.21631792658724
 31
25.0
 12
150.45755902745194
 22
154.21631792658724
 32
26.4
 13
149.35218050980282
 23
154.9005242790277
 33
26.4
  0
3DFACE
  5
21E
330
17
100
AcDbEntity
  8
WINDOWS
100
AcDbFace
 10
154.48039627201868
 20
151.72626519476788
 30
25.0
 11
155.5857747896678
 21
151.0420588423274
 31
25.0
 12
155.5857747896678
 22
151.0420588423274
 32
26.4
 13
154.48039627201868
 23
151.72626519476788
 33
26.4
  0
3DFACE
  5
21F
330
17
100
AcDbEntity
  8
WINDOWS
100
AcDbFace
 10
159.60861203423454
 20
148.55200611050807
 30
25.0
 11
160.71399055188365
 21
147.8677997580676
 31
25.0
 12
160.71399055188365
 22
147.8677997580676
 32
26.4
 13
159.60861203423454
 23
148.55200611050807
 33
26.4
  0
3DFACE
  5
220
330
17
100
AcDbEntity
  8
WINDOWS
100
AcDbFace
 10
164.7368277964504
 20
145.37774702624824
 30
25.0
 11
165.8422063140995
 21
144.69354067380777
 31
25.0
 12
165.8422063140995
 22
144.69354067380777
 32
26.4
 13
164.7368277964504
 23
145.37774702624824
 33
26.4
  0
3DFACE
  5
221
330
17
100
AcDbEntity
  8
WINDOWS
100
AcDbFace
 10
169.86504355866623
 20
142.20348794198844
 30
25.0
 11
170.97042207631534
 21
141.51928158954797
 31
25.0
 12
170.97042207631534
 22
141.51928158954797
 32
26.4
 13
169.86504355866623
 23
142.20348794198844
 33
26.4
  0
3DFACE
  5
222
330
17
100
AcDbEntity
  8
WINDOWS
100
AcDbFace
 10
174.9932593208821
 20
139.02922885772864
 30
25.0
 11
176.0986378385312
 21
138.34502250528817
 31
25.0
 12
176.0986378385312
 22
138.34502250528817
 32
26.4
 13
174.9932593208821
 23
139.02922885772864
 33
26.4
  0
3DFACE
  5
223
330
17
100
AcDbEntity
  8
WINDOWS
100
AcDbFace
 10
180.12147508309792
 20
135.85496977346884
 30
25.0
 11
181.22685360074703
 21
135.17076342102837
 31
25.0
 12
181.22685360074703
 22
135.17076342102837
 32
26.4
 13
180.12147508309792
 23
135.85496977346884
 33
26.4
  0
3DFACE
  5
224
330
17
100
AcDbEntity
  8
WINDOWS
100
AcDbFace
 10
185.2496908453138
 20
132.680710689209
 30
25.0
 11
186.35506936296292
 21
131.99650433676854
 31
25.0
 12
186.35506936296292
 22
131.99650433676854
 32
26.4
 13
185.2496908453138
 23
132.680710689209
 33
26.4
  0
3DFACE
  5
225
330
17
100
AcDbEntity
  8
WINDOWS
100
AcDbFace
 10
190.37790660752964
 20
129.5064516049492
 30
25.0
 11
191.48328512517875
 21
128.82224525250874
 31
25.0
 12
191.48328512517875
 22
128.82224525250874
 32
26.4
 13
190.37790660752964
 23
129.5064516049492
 33
26.4
  0
3DFACE
  5
226
330
17
100
AcDbEntity
  8
WINDOWS
100
AcDbFace
 10
195.5061223697455
 20
126.33219252068938
 30
25.0
 11
196.6115008873946
 21
125.64798616824893
 31
25.0
 12
196.6115008873946
 22
125.64798616824893
 32
26.4
 13
195.5061223697455
 23
126.33219252068938
 33
26.4
  0
3DFACE
  5
227
330
17
100
AcDbEntity
  8
WINDOWS
100
AcDbFace
 10
82.6853756009967
 20
196.16589237440525
 30
28.0
 11
83.79075411864581
 21
195.48168602196478
 31
28.0
 12
83.79075411864581
 22
195.48168602196478
 32
29.4
 13
82.6853756009967
 23
196.16589237440525
 33
29.4
  0
3DFACE
  5
228
330
17
100
AcDbEntity
  8
WINDOWS
100
AcDbFace
 10
87.81359136321254
 20
192.99163329014542
 30
28.0
 11
88.91896988086165
 21
192.30742693770495
 31
28.0
 12
88.91896988086165
 22
192.30742693770495
 32
29.4
 13
87.81359136321254
 23
192.99163329014542
 33
29.4
  0
3DFACE
  5
229
330
17
100
AcDbEntity
  8
WINDOWS
100
AcDbFace
 10
92.9418071254284
 20
189.8173742058856
 30
28.0
 11
94.04718564307751
 21
189.13316785344514
 31
28.0
 12
94.04718564307751
 22
189.13316785344514
 32
29.4
 13
92.9418071254284
 23
189.8173742058856
 33
29.4
  0
3DFACE
  5
22A
330
17
100
AcDbEntity
  8
WINDOWS
100
AcDbFace
 10
98.07002288764426
 20
186.6431151216258
 30
28.0
 11
99.17540140529337
 21
185.95890876918534
 31
28.0
 12
99.17540140529337
 22
185.95890876918534
 32
29.4
 13
98.07002288764426
 23
186.6431151216258
 33
29.4
  0
3DFACE
  5
22B
330
17
100
AcDbEntity
  8
WINDOWS
100
AcDbFace
 10
103.19823864986012
 20
183.46885603736598
 30
28.0
 11
104.30361716750923
 21
182.7846496849255
 31
28.0
 12
104.30361716750923
 22
182.7846496849255
 32
29.4
 13
103.19823864986012
 23
183.46885603736598
 33
29.4
  0
3DFACE
  5
22C
330
17
100
AcDbEntity
  8
WINDOWS
100
AcDbFace
 10
108.32645441207596
 20
180.29459695310618
 30
28.0
 11
109.43183292972508
 21
179.6103906006657
 31
28.0
 12
109.43183292972508
 22
179.6103906006657
 32
29.4
 13
108.32645441207596
 23
180.29459695310618
 33
29.4
  0
3DFACE
  5
22D
330
17
100
AcDbEntity
  8
WINDOWS
100
AcDbFace
 10
113.45467017429182
 20
177.12033786884638
 30
28.0
 11
114.56004869194093
 21
176.4361315164059
 31
28.0
 12
114.56004869194093
 22
176.4361315164059
 32
29.4
 13
113.45467017429182
 23
177.12033786884638
 33
29.4
  0
3DFACE
  5
22E
330
17
100
AcDbEntity
  8
WINDOWS
100
AcDbFace
 10
118.58288593650767
 20
173.94607878458658
 30
28.0
 11
119.68826445415678
 21
173.2618724321461
 31
28.0
 12
119.68826445415678
 22
173.2618724321461
 32
29.4
 13
118.58288593650767
 23
173.94607878458658
 33
29.4
  0
3DFACE
  5
22F
330
17
100
AcDbEntity
  8
WINDOWS
100
AcDbFace
 10
123.71110169872354
 20
170.77181970032674
 30
28.0
 11
124.81648021637265
 21
170.08761334788628
 31
28.0
 12
124.81648021637265
 22
170.08761334788628
 32
29.4
 13
123.71110169872354
 23
170.77181970032674
 33
29.4
  0
3DFACE
  5
230
330
17
100
AcDbEntity
  8
WINDOWS
100
AcDbFace
 10
128.83931746093938
 20
167.59756061606694
 30
28.0
 11
129.9446959785885
 21
166.91335426362647
 31
28.0
 12
129.9446959785885
 22
166.91335426362647
 32
29.4
 13
128.83931746093938
 23
167.59756061606694
 33
29.4
  0
3DFACE
  5
231
330
17
100
AcDbEntity
  8
WINDOWS
100
AcDbFace
 10
133.96753322315524
 20
164.4233015318071
 30
28.0
 11
135.07291174080436
 21
163.73909517936664
 31
28.0
 12
135.07291174080436
 22
163.73909517936664
 32
29.4
 13
133.96753322315524
 23
164.4233015318071
 33
29.4
  0
3DFACE
  5
232
330
17
100
AcDbEntity
  8
WINDOWS
100
AcDbFace
 10
139.0957489853711
 20
161.2490424475473
 30
28.0
 11
140.20112750302022
 21
160.56483609510684
 31
28.0
 12
140.20112750302022
 22
160.56483609510684
 32
29.4
 13
139.0957489853711
 23
161.2490424475473
 33
29.4
  0
3DFACE
  5
233
330
17
100
AcDbEntity
  8
WINDOWS
100
AcDbFace
 10
144.22396474758696
 20
158.0747833632875
 30
28.0
 11
145.32934326523608
 21
157.39057701084704
 31
28.0
 12
145.32934326523608
 22
157.39057701084704
 32
29.4
 13
144.22396474758696
 23
158.0747833632875
 33
29.4
  0
3DFACE
  5
234
330
17
100
AcDbEntity
  8
WINDOWS
100
AcDbFace
 10
149.35218050980282
 20
154.9005242790277
 30
28.0
 11
150.45755902745194
 21
154.21631792658724
 31
28.0
 12
150.45755902745194
 22
154.21631792658724
 32
29.4
 13
149.35218050980282
 23
154.9005242790277
 33
29.4
  0
3DFACE
  5
235
330
17
100
AcDbEntity
  8
WINDOWS
100
AcDbFace
 10
154.48039627201868
 20
151.72626519476788
 30
28.0
 11
155.5857747896678
 21
151.0420588423274
 31
28.0
 12
155.5857747896678
 22
151.0420588423274
 32
29.4
 13
154.48039627201868
 23
151.72626519476788
 33
29.4
  0
3DFACE
  5
236
330
17
100
AcDbEntity
  8
WINDOWS
100
AcDbFace
 10
159.60861203423454
 20
148.55200611050807
 30
28.0
 11
160.71399055188365
 21
147.8677997580676
 31
28.0
 12
160.71399055188365
 22
147.8677997580676
 32
29.4
 13
159.60861203423454
 23
148.55200611050807
 33
29.4
  0
3DFACE
  5
237
330
17
100
AcDbEntity
  8
WINDOWS
100
AcDbFace
 10
164.7368277964504
 20
145.37774702624824
 30
28.0
 11
165.8422063140995
 21
144.69354067380777
 31
28.0
 12
165.8422063140995
 22
144.69354067380777
 32
29.4
 13
164.7368277964504
 23
145.37774702624824
 33
29.4
  0
3DFACE
  5
238
330
17
100
AcDbEntity
  8
WINDOWS
100
AcDbFace
 10
169.86504355866623
 20
142.20348794198844
 30
28.0
 11
170.97042207631534
 21
141.51928158954797
 31
28.0
 12
170.97042207631534
 22
141.51928158954797
 32
29.4
 13
169.86504355866623
 23
142.20348794198844
 33
29.4
  0
3DFACE
  5
239
330
17
100
AcDbEntity
  8
WINDOWS
100
AcDbFace
 10
174.9932593208821
 20
139.02922885772864
 30
28.0
 11
176.0986378385312
 21
138.34502250528817
 31
28.0
 12
176.0986378385312
 22
138.34502250528817
 32
29.4
 13
174.9932593208821
 23
139.02922885772864
 33
29.4
  0
3DFACE
  5
23A
330
17
100
AcDbEntity
  8
WINDOWS
100
AcDbFace
 10
180.12147508309792
 20
135.85496977346884
 30
28.0
 11
181.22685360074703
 21
135.17076342102837
 31
28.0
 12
181.22685360074703
 22
135.17076342102837
 32
29.4
 13
180.12147508309792
 23
135.85496977346884
 33
29.4
  0
3DFACE
  5
23B
330
17
100
AcDbEntity
  8
WINDOWS
100
AcDbFace
 10
185.2496908453138
 20
132.680710689209
 30
28.0
 11
186.35506936296292
 21
131.99650433676854
 31
28.0
 12
186.35506936296292
 22
131.99650433676854
 32
29.4
 13
185.2496908453138
 23
132.680710689209
 33
29.4
  0
3DFACE
  5
23C
330
17
100
AcDbEntity
  8
WINDOWS
100
AcDbFace
 10
190.37790660752964
 20
129.5064516049492
 30
28.0
 11
191.48328512517875
 21
128.82224525250874
 31
28.0
 12
191.48328512517875
 22
128.82224525250874
 32
29.4
 13
190.37790660752964
 23
129.5064516049492
 33
29.4
  0
3DFACE
  5
23D
330
17
100
AcDbEntity
  8
WINDOWS
100
AcDbFace
 10
195.5061223697455
 20
126.33219252068938
 30
28.0
 11
196.6115008873946
 21
125.64798616824893
 31
28.0
 12
196.6115008873946
 22
125.64798616824893
 32
29.4
 13
195.5061223697455
 23
126.33219252068938
 33
29.4
  0
3DFACE
  5
23E
330
17
100
AcDbEntity
  8
WINDOWS
100
AcDbFace
 10
82.6853756009967
 20
196.16589237440525
 30
31.0
 11
83.79075411864581
 21
195.48168602196478
 31
31.0
 12
83.79075411864581
 22
195.48168602196478
 32
32.4
 13
82.6853756009967
 23
196.16589237440525
 33
32.4
  0
3DFACE
  5
23F
330
17
100
AcDbEntity
  8
WINDOWS
100
AcDbFace
 10
87.81359136321254
 20
192.99163329014542
 30
31.0
 11
88.91896988086165
 21
192.30742693770495
 31
31.0
 12
88.91896988086165
 22
192.30742693770495
 32
32.4
 13
87.81359136321254
 23
192.99163329014542
 33
32.4
  0
3DFACE
  5
240
330
17
100
AcDbEntity
  8
WINDOWS
100
AcDbFace
 10
92.9418071254284
 20
189.8173742058856
 30
31.0
 11
94.04718564307751
 21
189.13316785344514
 31
31.0
 12
94.04718564307751
 22
189.13316785344514
 32
32.4
 13
92.9418071254284
 23
189.8173742058856
 33
32.4
  0
3DFACE
  5
241
330
17
100
AcDbEntity
  8
WINDOWS
100
AcDbFace
 10
98.07002288764426
 20
186.6431151216258
 30
31.0
 11
99.17540140529337
 21
185.95890876918534
 31
31.0
 12
99.17540140529337
 22
185.95890876918534
 32
32.4
 13
98.07002288764426
 23
186.6431151216258
 33
32.4
  0
3DFACE
  5
242
330
17
100
AcDbEntity
  8
WINDOWS
100
AcDbFace
 10
103.19823864986012
 20
183.46885603736598
 30
31.0
 11
104.30361716750923
 21
182.7846496849255
 31
31.0
 12
104.30361716750923
 22
182.7846496849255
 32
32.4
 13
103.19823864986012
 23
183.46885603736598
 33
32.4
  0
3DFACE
  5
243
330
17
100
AcDbEntity
  8
WINDOWS
100
AcDbFace
 10
108.32645441207596
 20
180.29459695310618
 30
31.0
 11
109.43183292972508
 21
179.6103906006657
 31
31.0
 12
109.43183292972508
 22
179.6103906006657
 32
32.4
 13
108.32645441207596
 23
180.29459695310618
 33
32.4
  0
3DFACE
  5
244
330
17
100
AcDbEntity
  8
WINDOWS
100
AcDbFace
 10
113.45467017429182
 20
177.12033786884638
 30
31.0
 11
114.56004869194093
 21
176.4361315164059
 31
31.0
 12
114.56004869194093
 22
176.4361315164059
 32
32.4
 13
113.45467017429182
 23
177.12033786884638
 33
32.4
  0
3DFACE
  5
245
330
17
100
AcDbEntity
  8
WINDOWS
100
AcDbFace
 10
118.58288593650767
 20
173.94607878458658
 30
31.0
 11
119.68826445415678
 21
173.2618724321461
 31
31.0
 12
119.68826445415678
 22
173.2618724321461
 32
32.4
 13
118.58288593650767
 23
173.94607878458658
 33
32.4
  0
3DFACE
  5
246
330
17
100
AcDbEntity
  8
WINDOWS
100
AcDbFace
 10
123.71110169872354
 20
170.77181970032674
 30
31.0
 11
124.81648021637265
 21
170.08761334788628
 31
31.0
 12
124.81648021637265
 22
170.08761334788628
 32
32.4
 13
123.71110169872354
 23
170.77181970032674
 33
32.4
  0
3DFACE
  5
247
330
17
100
AcDbEntity
  8
WINDOWS
100
AcDbFace
 10
128.83931746093938
 20
167.59756061606694
 30
31.0
 11
129.9446959785885
 21
166.91335426362647
 31
31.0
 12
129.9446959785885
 22
166.91335426362647
 32
32.4
 13
128.83931746093938
 23
167.59756061606694
 33
32.4
  0
3DFACE
  5
248
330
17
100
AcDbEntity
  8
WINDOWS
100
AcDbFace
 10
133.96753322315524
 20
164.4233015318071
 30
31.0
 11
135.07291174080436
 21
163.73909517936664
 31
31.0
 12
135.07291174080436
 22
163.73909517936664
 32
32.4
 13
133.96753322315524
 23
164.4233015318071
 33
32.4
  0
3DFACE
  5
249
330
17
100
AcDbEntity
  8
WINDOWS
100
AcDbFace
 10
139.0957489853711
 20
161.2490424475473
 30
31.0
 11
140.20112750302022
 21
160.56483609510684
 31
31.0
 12
140.20112750302022
 22
160.56483609510684
 32
32.4
 13
139.0957489853711
 23
161.2490424475473
 33
32.4
  0
3DFACE
  5
24A
330
17
100
AcDbEntity
  8
WINDOWS
100
AcDbFace
 10
144.22396474758696
 20
158.0747833632875
 30
31.0
 11
145.32934326523608
 21
157.39057701084704
 31
31.0
 12
145.32934326523608
 22
157.39057701084704
 32
32.4
 13
144.22396474758696
 23
158.0747833632875
 33
32.4
  0
3DFACE
  5
24B
330
17
100
AcDbEntity
  8
WINDOWS
100
AcDbFace
 10
149.35218050980282
 20
154.9005242790277
 30
31.0
 11
150.45755902745194
 21
154.21631792658724
 31
31.0
 12
150.45755902745194
 22
154.21631792658724
 32
32.4
 13
149.35218050980282
 23
154.9005242790277
 33
32.4
  0
3DFACE
  5
24C
330
17
100
AcDbEntity
  8
WINDOWS
100
AcDbFace
 10
154.48039627201868
 20
151.72626519476788
 30
31.0
 11
155.5857747896678
 21
151.0420588423274
 31
31.0
 12
155.5857747896678
 22
151.0420588423274
 32
32.4
 13
154.48039627201868
 23
151.72626519476788
 33
32.4
  0
3DFACE
  5
24D
330
17
100
AcDbEntity
  8
WINDOWS
100
AcDbFace
 10
159.60861203423454
 20
148.55200611050807
 30
31.0
 11
160.71399055188365
 21
147.8677997580676
 31
31.0
 12
160.71399055188365
 22
147.8677997580676
 32
32.4
 13
159.60861203423454
 23
148.55200611050807
 33
32.4
  0
3DFACE
  5
24E
330
17
100
AcDbEntity
  8
WINDOWS
100
AcDbFace
 10
164.7368277964504
 20
145.37774702624824
 30
31.0
 11
165.8422063140995
 21
144.69354067380777
 31
31.0
 12
165.8422063140995
 22
144.69354067380777
 32
32.4
 13
164.7368277964504
 23
145.37774702624824
 33
32.4
  0
3DFACE
  5
24F
330
17
100
AcDbEntity
  8
WINDOWS
100
AcDbFace
 10
169.86504355866623
 20
142.20348794198844
 30
31.0
 11
170.97042207631534
 21
141.51928158954797
 31
31.0
 12
170.97042207631534
 22
141.51928158954797
 32
32.4
 13
169.86504355866623
 23
142.20348794198844
 33
32.4
  0
3DFACE
  5
250
330
17
100
AcDbEntity
  8
WINDOWS
100
AcDbFace
 10
174.9932593208821
 20
139.02922885772864
 30
31.0
 11
176.0986378385312
 21
138.34502250528817
 31
31.0
 12
176.0986378385312
 22
138.34502250528817
 32
32.4
 13
174.9932593208821
 23
139.02922885772864
 33
32.4
  0
3DFACE
  5
251
330
17
100
AcDbEntity
  8
WINDOWS
100
AcDbFace
 10
180.12147508309792
 20
135.85496977346884
 30
31.0
 11
181.22685360074703
 21
135.17076342102837
 31
31.0
 12
181.22685360074703
 22
135.17076342102837
 32
32.4
 13
180.12147508309792
 23
135.85496977346884
 33
32.4
  0
3DFACE
  5
252
330
17
100
AcDbEntity
  8
WINDOWS
100
AcDbFace
 10
185.2496908453138
 20
132.680710689209
 30
31.0
 11
186.35506936296292
 21
131.99650433676854
 31
31.0
 12
186.35506936296292
 22
131.99650433676854
 32
32.4
 13
185.2496908453138
 23
132.680710689209
 33
32.4
  0
3DFACE
  5
253
330
17
100
AcDbEntity
  8
WINDOWS
100
AcDbFace
 10
190.37790660752964
 20
129.5064516049492
 30
31.0
 11
191.48328512517875
 21
128.82224525250874
 31
31.0
 12
191.48328512517875
 22
128.82224525250874
 32
32.4
 13
190.37790660752964
 23
129.5064516049492
 33
32.4
  0
3DFACE
  5
254
330
17
100
AcDbEntity
  8
WINDOWS
100
AcDbFace
 10
195.5061223697455
 20
126.33219252068938
 30
31.0
 11
196.6115008873946
 21
125.64798616824893
 31
31.0
 12
196.6115008873946
 22
125.64798616824893
 32
32.4
 13
195.5061223697455
 23
126.33219252068938
 33
32.4
  0
3DFACE
  5
255
330
17
100
AcDbEntity
  8
WINDOWS
100
AcDbFace
 10
82.6853756009967
 20
196.16589237440525
 30
34.0
 11
83.79075411864581
 21
195.48168602196478
 31
34.0
 12
83.79075411864581
 22
195.48168602196478
 32
35.4
 13
82.6853756009967
 23
196.16589237440525
 33
35.4
  0
3DFACE
  5
256
330
17
100
AcDbEntity
  8
WINDOWS
100
AcDbFace
 10
87.81359136321254
 20
192.99163329014542
 30
34.0
 11
88.91896988086165
 21
192.30742693770495
 31
34.0
 12
88.91896988086165
 22
192.30742693770495
 32
35.4
 13
87.81359136321254
 23
192.99163329014542
 33
35.4
  0
3DFACE
  5
257
330
17
100
AcDbEntity
  8
WINDOWS
100
AcDbFace
 10
92.9418071254284
 20
189.8173742058856
 30
34.0
 11
94.04718564307751
 21
189.13316785344514
 31
34.0
 12
94.04718564307751
 22
189.13316785344514
 32
35.4
 13
92.9418071254284
 23
189.8173742058856
 33
35.4
  0
3DFACE
  5
258
330
17
100
AcDbEntity
  8
WINDOWS
100
AcDbFace
 10
98.07002288764426
 20
186.6431151216258
 30
34.0
 11
99.17540140529337
 21
185.95890876918534
 31
34.0
 12
99.17540140529337
 22
185.95890876918534
 32
35.4
 13
98.07002288764426
 23
186.6431151216258
 33
35.4
  0
3DFACE
  5
259
330
17
100
AcDbEntity
  8
WINDOWS
100
AcDbFace
 10
103.19823864986012
 20
183.46885603736598
 30
34.0
 11
104.30361716750923
 21
182.7846496849255
 31
34.0
 12
104.30361716750923
 22
182.7846496849255
 32
35.4
 13
103.19823864986012
 23
183.46885603736598
 33
35.4
  0
3DFACE
  5
25A
330
17
100
AcDbEntity
  8
WINDOWS
100
AcDbFace
 10
108.32645441207596
 20
180.29459695310618
 30
34.0
 11
109.43183292972508
 21
179.6103906006657
 31
34.0
 12
109.43183292972508
 22
179.6103906006657
 32
35.4
 13
108.32645441207596
 23
180.29459695310618
 33
35.4
  0
3DFACE
  5
25B
330
17
100
AcDbEntity
  8
WINDOWS
100
AcDbFace
 10
113.45467017429182
 20
177.12033786884638
 30
34.0
 11
114.56004869194093
 21
176.4361315164059
 31
34.0
 12
114.56004869194093
 22
176.4361315164059
 32
35.4
 13
113.45467017429182
 23
177.12033786884638
 33
35.4
  0
3DFACE
  5
25C
330
17
100
AcDbEntity
  8
WINDOWS
100
AcDbFace
 10
118.58288593650767
 20
173.94607878458658
 30
34.0
 11
119.68826445415678
 21
173.2618724321461
 31
34.0
 12
119.68826445415678
 22
173.2618724321461
 32
35.4
 13
118.58288593650767
 23
173.94607878458658
 33
35.4
  0
3DFACE
  5
25D
330
17
100
AcDbEntity
  8
WINDOWS
100
AcDbFace
 10
123.71110169872354
 20
170.77181970032674
 30
34.0
 11
124.81648021637265
 21
170.08761334788628
 31
34.0
 12
124.81648021637265
 22
170.08761334788628
 32
35.4
 13
123.71110169872354
 23
170.77181970032674
 33
35.4
  0
3DFACE
  5
25E
330
17
100
AcDbEntity
  8
WINDOWS
100
AcDbFace
 10
128.83931746093938
 20
167.59756061606694
 30
34.0
 11
129.9446959785885
 21
166.91335426362647
 31
34.0
 12
129.9446959785885
 22
166.91335426362647
 32
35.4
 13
128.83931746093938
 23
167.59756061606694
 33
35.4
  0
3DFACE
  5
25F
330
17
100
AcDbEntity
  8
WINDOWS
100
AcDbFace
 10
133.96753322315524
 20
164.4233015318071
 30
34.0
 11
135.07291174080436
 21
163.73909517936664
 31
34.0
 12
135.07291174080436
 22
163.73909517936664
 32
35.4
 13
133.96753322315524
 23
164.4233015318071
 33
35.4
  0
3DFACE
  5
260
330
17
100
AcDbEntity
  8
WINDOWS
100
AcDbFace
 10
139.0957489853711
 20
161.2490424475473
 30
34.0
 11
140.20112750302022
 21
160.56483609510684
 31
34.0
 12
140.20112750302022
 22
160.56483609510684
 32
35.4
 13
139.0957489853711
 23
161.2490424475473
 33
35.4
  0
3DFACE
  5
261
330
17
100
AcDbEntity
  8
WINDOWS
100
AcDbFace
 10
144.22396474758696
 20
158.0747833632875
 30
34.0
 11
145.32934326523608
 21
157.39057701084704
 31
34.0
 12
145.32934326523608
 22
157.39057701084704
 32
35.4
 13
144.22396474758696
 23
158.0747833632875
 33
35.4
  0
3DFACE
  5
262
330
17
100
AcDbEntity
  8
WINDOWS
100
AcDbFace
 10
149.35218050980282
 20
154.9005242790277
 30
34.0
 11
150.45755902745194
 21
154.21631792658724
 31
34.0
 12
150.45755902745194
 22
154.21631792658724
 32
35.4
 13
149.35218050980282
 23
154.9005242790277
 33
35.4
  0
3DFACE
  5
263
330
17
100
AcDbEntity
  8
WINDOWS
100
AcDbFace
 10
154.48039627201868
 20
151.72626519476788
 30
34.0
 11
155.5857747896678
 21
151.0420588423274
 31
34.0
 12
155.5857747896678
 22
151.0420588423274
 32
35.4
 13
154.48039627201868
 23
151.72626519476788
 33
35.4
  0
3DFACE
  5
264
330
17
100
AcDbEntity
  8
WINDOWS
100
AcDbFace
 10
159.60861203423454
 20
148.55200611050807
 30
34.0
 11
160.71399055188365
 21
147.8677997580676
 31
34.0
 12
160.71399055188365
 22
147.8677997580676
 32
35.4
 13
159.60861203423454
 23
148.55200611050807
 33
35.4
  0
3DFACE
  5
265
330
17
100
AcDbEntity
  8
WINDOWS
100
AcDbFace
 10
164.7368277964504
 20
145.37774702624824
 30
34.0
 11
165.8422063140995
 21
144.69354067380777
 31
34.0
 12
165.8422063140995
 22
144.69354067380777
 32
35.4
 13
164.7368277964504
 23
145.37774702624824
 33
35.4
  0
3DFACE
  5
266
330
17
100
AcDbEntity
  8
WINDOWS
100
AcDbFace
 10
169.86504355866623
 20
142.20348794198844
 30
34.0
 11
170.97042207631534
 21
141.51928158954797
 31
34.0
 12
170.97042207631534
 22
141.51928158954797
 32
35.4
 13
169.86504355866623
 23
142.20348794198844
 33
35.4
  0
3DFACE
  5
267
330
17
100
AcDbEntity
  8
WINDOWS
100
AcDbFace
 10
174.9932593208821
 20
139.02922885772864
 30
34.0
 11
176.0986378385312
 21
138.34502250528817
 31
34.0
 12
176.0986378385312
 22
138.34502250528817
 32
35.4
 13
174.9932593208821
 23
139.02922885772864
 33
35.4
  0
3DFACE
  5
268
330
17
100
AcDbEntity
  8
WINDOWS
100
AcDbFace
 10
180.12147508309792
 20
135.85496977346884
 30
34.0
 11
181.22685360074703
 21
135.17076342102837
 31
34.0
 12
181.22685360074703
 22
135.17076342102837
 32
35.4
 13
180.12147508309792
 23
135.85496977346884
 33
35.4
  0
3DFACE
  5
269
330
17
100
AcDbEntity
  8
WINDOWS
100
AcDbFace
 10
185.2496908453138
 20
132.680710689209
 30
34.0
 11
186.35506936296292
 21
131.99650433676854
 31
34.0
 12
186.35506936296292
 22
131.99650433676854
 32
35.4
 13
185.2496908453138
 23
132.680710689209
 33
35.4
  0
3DFACE
  5
26A
330
17
100
AcDbEntity
  8
WINDOWS
100
AcDbFace
 10
190.37790660752964
 20
129.5064516049492
 30
34.0
 11
191.48328512517875
 21
128.82224525250874
 31
34.0
 12
191.48328512517875
 22
128.82224525250874
 32
35.4
 13
190.37790660752964
 23
129.5064516049492
 33
35.4
  0
3DFACE
  5
26B
330
17
100
AcDbEntity
  8
WINDOWS
100
AcDbFace
 10
195.5061223697455
 20
126.33219252068938
 30
34.0
 11
196.6115008873946
 21
125.64798616824893
 31
34.0
 12
196.6115008873946
 22
125.64798616824893
 32
35.4
 13
195.5061223697455
 23
126.33219252068938
 33
35.4
  0
3DFACE
  5
26C
330
17
100
AcDbEntity
  8
WINDOWS
100
AcDbFace
 10
82.6853756009967
 20
196.16589237440525
 30
37.0
 11
83.79075411864581
 21
195.48168602196478
 31
37.0
 12
83.79075411864581
 22
195.48168602196478
 32
38.4
 13
82.6853756009967
 23
196.16589237440525
 33
38.4
  0
3DFACE
  5
26D
330
17
100
AcDbEntity
  8
WINDOWS
100
AcDbFace
 10
87.81359136321254
 20
192.99163329014542
 30
37.0
 11
88.91896988086165
 21
192.30742693770495
 31
37.0
 12
88.91896988086165
 22
192.30742693770495
 32
38.4
 13
87.81359136321254
 23
192.99163329014542
 33
38.4
  0
3DFACE
  5
26E
330
17
100
AcDbEntity
  8
WINDOWS
100
AcDbFace
 10
92.9418071254284
 20
189.8173742058856
 30
37.0
 11
94.04718564307751
 21
189.13316785344514
 31
37.0
 12
94.04718564307751
 22
189.13316785344514
 32
38.4
 13
92.9418071254284
 23
189.8173742058856
 33
38.4
  0
3DFACE
  5
26F
330
17
100
AcDbEntity
  8
WINDOWS
100
AcDbFace
 10
98.07002288764426
 20
186.6431151216258
 30
37.0
 11
99.17540140529337
 21
185.95890876918534
 31
37.0
 12
99.17540140529337
 22
185.95890876918534
 32
38.4
 13
98.07002288764426
 23
186.6431151216258
 33
38.4
  0
3DFACE
  5
270
330
17
100
AcDbEntity
  8
WINDOWS
100
AcDbFace
 10
103.19823864986012
 20
183.46885603736598
 30
37.0
 11
104.30361716750923
 21
182.7846496849255
 31
37.0
 12
104.30361716750923
 22
182.7846496849255
 32
38.4
 13
103.19823864986012
 23
183.46885603736598
 33
38.4
  0
3DFACE
  5
271
330
17
100
AcDbEntity
  8
WINDOWS
100
AcDbFace
 10
108.32645441207596
 20
180.29459695310618
 30
37.0
 11
109.43183292972508
 21
179.6103906006657
 31
37.0
 12
109.43183292972508
 22
179.6103906006657
 32
38.4
 13
108.32645441207596
 23
180.29459695310618
 33
38.4
  0
3DFACE
  5
272
330
17
100
AcDbEntity
  8
WINDOWS
100
AcDbFace
 10
113.45467017429182
 20
177.12033786884638
 30
37.0
 11
114.56004869194093
 21
176.4361315164059
 31
37.0
 12
114.56004869194093
 22
176.4361315164059
 32
38.4
 13
113.45467017429182
 23
177.12033786884638
 33
38.4
  0
3DFACE
  5
273
330
17
100
AcDbEntity
  8
WINDOWS
100
AcDbFace
 10
118.58288593650767
 20
173.94607878458658
 30
37.0
 11
119.68826445415678
 21
173.2618724321461
 31
37.0
 12
119.68826445415678
 22
173.2618724321461
 32
38.4
 13
118.58288593650767
 23
173.94607878458658
 33
38.4
  0
3DFACE
  5
274
330
17
100
AcDbEntity
  8
WINDOWS
100
AcDbFace
 10
123.71110169872354
 20
170.77181970032674
 30
37.0
 11
124.81648021637265
 21
170.08761334788628
 31
37.0
 12
124.81648021637265
 22
170.08761334788628
 32
38.4
 13
123.71110169872354
 23
170.77181970032674
 33
38.4
  0
3DFACE
  5
275
330
17
100
AcDbEntity
  8
WINDOWS
100
AcDbFace
 10
128.83931746093938
 20
167.59756061606694
 30
37.0
 11
129.9446959785885
 21
166.91335426362647
 31
37.0
 12
129.9446959785885
 22
166.91335426362647
 32
38.4
 13
128.83931746093938
 23
167.59756061606694
 33
38.4
  0
3DFACE
  5
276
330
17
100
AcDbEntity
  8
WINDOWS
100
AcDbFace
 10
133.96753322315524
 20
164.4233015318071
 30
37.0
 11
135.07291174080436
 21
163.73909517936664
 31
37.0
 12
135.07291174080436
 22
163.73909517936664
 32
38.4
 13
133.96753322315524
 23
164.4233015318071
 33
38.4
  0
3DFACE
  5
277
330
17
100
AcDbEntity
  8
WINDOWS
100
AcDbFace
 10
139.0957489853711
 20
161.2490424475473
 30
37.0
 11
140.20112750302022
 21
160.56483609510684
 31
37.0
 12
140.20112750302022
 22
160.56483609510684
 32
38.4
 13
139.0957489853711
 23
161.2490424475473
 33
38.4
  0
3DFACE
  5
278
330
17
100
AcDbEntity
  8
WINDOWS
100
AcDbFace
 10
144.22396474758696
 20
158.0747833632875
 30
37.0
 11
145.32934326523608
 21
157.39057701084704
 31
37.0
 12
145.32934326523608
 22
157.39057701084704
 32
38.4
 13
144.22396474758696
 23
158.0747833632875
 33
38.4
  0
3DFACE
  5
279
330
17
100
AcDbEntity
  8
WINDOWS
100
AcDbFace
 10
149.35218050980282
 20
154.9005242790277
 30
37.0
 11
150.45755902745194
 21
154.21631792658724
 31
37.0
 12
150.45755902745194
 22
154.21631792658724
 32
38.4
 13
149.35218050980282
 23
154.9005242790277
 33
38.4
  0
3DFACE
  5
27A
330
17
100
AcDbEntity
  8
WINDOWS
100
AcDbFace
 10
154.48039627201868
 20
151.72626519476788
 30
37.0
 11
155.5857747896678
 21
151.0420588423274
 31
37.0
 12
155.5857747896678
 22
151.0420588423274
 32
38.4
 13
154.48039627201868
 23
151.72626519476788
 33
38.4
  0
3DFACE
  5
27B
330
17
100
AcDbEntity
  8
WINDOWS
100
AcDbFace
 10
159.60861203423454
 20
148.55200611050807
 30
37.0
 11
160.71399055188365
 21
147.8677997580676
 31
37.0
 12
160.71399055188365
 22
147.8677997580676
 32
38.4
 13
159.60861203423454
 23
148.55200611050807
 33
38.4
  0
3DFACE
  5
27C
330
17
100
AcDbEntity
  8
WINDOWS
100
AcDbFace
 10
164.7368277964504
 20
145.37774702624824
 30
37.0
 11
165.8422063140995
 21
144.69354067380777
 31
37.0
 12
165.8422063140995
 22
144.69354067380777
 32
38.4
 13
164.7368277964504
 23
145.37774702624824
 33
38.4
  0
3DFACE
  5
27D
330
17
100
AcDbEntity
  8
WINDOWS
100
AcDbFace
 10
169.86504355866623
 20
142.20348794198844
 30
37.0
 11
170.97042207631534
 21
141.51928158954797
 31
37.0
 12
170.97042207631534
 22
141.51928158954797
 32
38.4
 13
169.86504355866623
 23
142.20348794198844
 33
38.4
  0
3DFACE
  5
27E
330
17
100
AcDbEntity
  8
WINDOWS
100
AcDbFace
 10
174.9932593208821
 20
139.02922885772864
 30
37.0
 11
176.0986378385312
 21
138.34502250528817
 31
37.0
 12
176.0986378385312
 22
138.34502250528817
 32
38.4
 13
174.9932593208821
 23
139.02922885772864
 33
38.4
  0
3DFACE
  5
27F
330
17
100
AcDbEntity
  8
WINDOWS
100
AcDbFace
 10
180.12147508309792
 20
135.85496977346884
 30
37.0
 11
181.22685360074703
 21
135.17076342102837
 31
37.0
 12
181.22685360074703
 22
135.17076342102837
 32
38.4
 13
180.12147508309792
 23
135.85496977346884
 33
38.4
  0
3DFACE
  5
280
330
17
100
AcDbEntity
  8
WINDOWS
100
AcDbFace
 10
185.2496908453138
 20
132.680710689209
 30
37.0
 11
186.35506936296292
 21
131.99650433676854
 31
37.0
 12
186.35506936296292
 22
131.99650433676854
 32
38.4
 13
185.2496908453138
 23
132.680710689209
 33
38.4
  0
3DFACE
  5
281
330
17
100
AcDbEntity
  8
WINDOWS
100
AcDbFace
 10
190.37790660752964
 20
129.5064516049492
 30
37.0
 11
191.48328512517875
 21
128.82224525250874
 31
37.0
 12
191.48328512517875
 22
128.82224525250874
 32
38.4
 13
190.37790660752964
 23
129.5064516049492
 33
38.4
  0
3DFACE
  5
282
330
17
100
AcDbEntity
  8
WINDOWS
100
AcDbFace
 10
195.5061223697455
 20
126.33219252068938
 30
37.0
 11
196.6115008873946
 21
125.64798616824893
 31
37.0
 12
196.6115008873946
 22
125.64798616824893
 32
38.4
 13
195.5061223697455
 23
126.33219252068938
 33
38.4
  0
3DFACE
  5
283
330
17
100
AcDbEntity
  8
WINDOWS
100
AcDbFace
 10
204.23652118552044
 20
120.90759925360241
 30
1.0
 11
205.33928630003723
 21
120.2191886913616
 31
1.0
 12
205.33928630003723
 22
120.2191886913616
 32
2.4
 13
204.23652118552044
 23
120.90759925360241
 33
2.4
  0
3DFACE
  5
284
330
17
100
AcDbEntity
  8
WINDOWS
100
AcDbFace
 10
209.7718781519962
 20
117.45210528545589
 30
1.0
 11
210.87464326651298
 21
116.76369472321507
 31
1.0
 12
210.87464326651298
 22
116.76369472321507
 32
2.4
 13
209.7718781519962
 23
117.45210528545589
 33
2.4
  0
3DFACE
  5
285
330
17
100
AcDbEntity
  8
WINDOWS
100
AcDbFace
 10
215.30723511847194
 20
113.99661131730936
 30
1.0
 11
216.41000023298872
 21
113.30820075506854
 31
1.0
 12
216.41000023298872
 22
113.30820075506854
 32
2.4
 13
215.30723511847194
 23
113.99661131730936
 33
2.4
  0
3DFACE
  5
286
330
17
100
AcDbEntity
  8
WINDOWS
100
AcDbFace
 10
220.8425920849477
 20
110.54111734916283
 30
1.0
 11
221.9453571994645
 21
109.85270678692201
 31
1.0
 12
221.9453571994645
 22
109.85270678692201
 32
2.4
 13
220.8425920849477
 23
110.54111734916283
 33
2.4
  0
3DFACE
  5
287
330
17
100
AcDbEntity
  8
WINDOWS
100
AcDbFace
 10
226.37794905142346
 20
107.0856233810163
 30
1.0
 11
227.48071416594024
 21
106.39721281877549
 31
1.0
 12
227.48071416594024
 22
106.39721281877549
 32
2.4
 13
226.37794905142346
 23
107.0856233810163
 33
2.4
  0
3DFACE
  5
288
330
17
100
AcDbEntity
  8
WINDOWS
100
AcDbFace
 10
231.9133060178992
 20
103.63012941286978
 30
1.0
 11
233.016071132416
 21
102.94171885062896
 31
1.0
 12
233.016071132416
 22
102.94171885062896
 32
2.4
 13
231.9133060178992
 23
103.63012941286978
 33
2.4
  0
3DFACE
  5
289
330
17
100
AcDbEntity
  8
WINDOWS
100
AcDbFace
 10
237.44866298437495
 20
100.17463544472325
 30
1.0
 11
238.55142809889173
 21
99.48622488248243
 31
1.0
 12
238.55142809889173
 22
99.48622488248243
 32
2.4
 13
237.44866298437495
 23
100.17463544472325
 33
2.4
  0
3DFACE
  5
28A
330
17
100
AcDbEntity
  8
WINDOWS
100
AcDbFace
 10
242.9840199508507
 20
96.71914147657672
 30
1.0
 11
244.08678506536748
 21
96.0307309143359
 31
1.0
 12
244.08678506536748
 22
96.0307309143359
 32
2.4
 13
242.9840199508507
 23
96.71914147657672
 33
2.4
  0
3DFACE
  5
28B
330
17
100
AcDbEntity
  8
WINDOWS
100
AcDbFace
 10
248.51937691732647
 20
93.2636475084302
 30
1.0
 11
249.62214203184325
 21
92.57523694618938
 31
1.0
 12
249.62214203184325
 22
92.57523694618938
 32
2.4
 13
248.51937691732647
 23
93.2636475084302
 33
2.4
  0
3DFACE
  5
28C
330
17
100
AcDbEntity
  8
WINDOWS
100
AcDbFace
 10
254.05473388380221
 20
89.80815354028367
 30
1.0
 11
255.157498998319
 21
89.11974297804285
 31
1.0
 12
255.157498998319
 22
89.11974297804285
 32
2.4
 13
254.05473388380221
 23
89.80815354028367
 33
2.4
  0
3DFACE
  5
28D
330
17
100
AcDbEntity
  8
WINDOWS
100
AcDbFace
 10
259.59009085027793
 20
86.35265957213714
 30
1.0
 11
260.6928559647948
 21
85.66424900989632
 31
1.0
 12
260.6928559647948
 22
85.66424900989632
 32
2.4
 13
259.59009085027793
 23
86.35265957213714
 33
2.4
  0
3DFACE
  5
28E
330
17
100
AcDbEntity
  8
WINDOWS
100
AcDbFace
 10
204.23652118552044
 20
120.90759925360241
 30
4.0
 11
205.33928630003723
 21
120.2191886913616
 31
4.0
 12
205.33928630003723
 22
120.2191886913616
 32
5.4
 13
204.23652118552044
 23
120.90759925360241
 33
5.4
  0
3DFACE
  5
28F
330
17
100
AcDbEntity
  8
WINDOWS
100
AcDbFace
 10
209.7718781519962
 20
117.45210528545589
 30
4.0
 11
210.87464326651298
 21
116.76369472321507
 31
4.0
 12
210.87464326651298
 22
116.76369472321507
 32
5.4
 13
209.7718781519962
 23
117.45210528545589
 33
5.4
  0
3DFACE
  5
290
330
17
100
AcDbEntity
  8
WINDOWS
100
AcDbFace
 10
215.30723511847194
 20
113.99661131730936
 30
4.0
 11
216.41000023298872
 21
113.30820075506854
 31
4.0
 12
216.41000023298872
 22
113.30820075506854
 32
5.4
 13
215.30723511847194
 23
113.99661131730936
 33
5.4
  0
3DFACE
  5
291
330
17
100
AcDbEntity
  8
WINDOWS
100
AcDbFace
 10
220.8425920849477
 20
110.54111734916283
 30
4.0
 11
221.9453571994645
 21
109.85270678692201
 31
4.0
 12
221.9453571994645
 22
109.85270678692201
 32
5.4
 13
220.8425920849477
 23
110.54111734916283
 33
5.4
  0
3DFACE
  5
292
330
17
100
AcDbEntity
  8
WINDOWS
100
AcDbFace
 10
226.37794905142346
 20
107.0856233810163
 30
4.0
 11
227.48071416594024
 21
106.39721281877549
 31
4.0
 12
227.48071416594024
 22
106.39721281877549
 32
5.4
 13
226.37794905142346
 23
107.0856233810163
 33
5.4
  0
3DFACE
  5
293
330
17
100
AcDbEntity
  8
WINDOWS
100
AcDbFace
 10
231.9133060178992
 20
103.63012941286978
 30
4.0
 11
233.016071132416
 21
102.94171885062896
 31
4.0
 12
233.016071132416
 22
102.94171885062896
 32
5.4
 13
231.9133060178992
 23
103.63012941286978
 33
5.4
  0
3DFACE
  5
294
330
17
100
AcDbEntity
  8
WINDOWS
100
AcDbFace
 10
237.44866298437495
 20
100.17463544472325
 30
4.0
 11
238.55142809889173
 21
99.48622488248243
 31
4.0
 12
238.55142809889173
 22
99.48622488248243
 32
5.4
 13
237.44866298437495
 23
100.17463544472325
 33
5.4
  0
3DFACE
  5
295
330
17
100
AcDbEntity
  8
WINDOWS
100
AcDbFace
 10
242.9840199508507
 20
96.71914147657672
 30
4.0
 11
244.08678506536748
 21
96.0307309143359
 31
4.0
 12
244.08678506536748
 22
96.0307309143359
 32
5.4
 13
242.9840199508507
 23
96.71914147657672
 33
5.4
  0
3DFACE
  5
296
330
17
100
AcDbEntity
  8
WINDOWS
100
AcDbFace
 10
248.51937691732647
 20
93.2636475084302
 30
4.0
 11
249.62214203184325
 21
92.57523694618938
 31
4.0
 12
249.62214203184325
 22
92.57523694618938
 32
5.4
 13
248.51937691732647
 23
93.2636475084302
 33
5.4
  0
3DFACE
  5
297
330
17
100
AcDbEntity
  8
WINDOWS
100
AcDbFace
 10
254.05473388380221
 20
89.80815354028367
 30
4.0
 11
255.157498998319
 21
89.11974297804285
 31
4.0
 12
255.157498998319
 22
89.11974297804285
 32
5.4
 13
254.05473388380221
 23
89.80815354028367
 33
5.4
  0
3DFACE
  5
298
330
17
100
AcDbEntity
  8
WINDOWS
100
AcDbFace
 10
259.59009085027793
 20
86.35265957213714
 30
4.0
 11
260.6928559647948
 21
85.66424900989632
 31
4.0
 12
260.6928559647948
 22
85.66424900989632
 32
5.4
 13
259.59009085027793
 23
86.35265957213714
 33
5.4
  0
3DFACE
  5
299
330
17
100
AcDbEntity
  8
WINDOWS
100
AcDbFace
 10
204.23652118552044
 20
120.90759925360241
 30
7.0
 11
205.33928630003723
 21
120.2191886913616
 31
7.0
 12
205.33928630003723
 22
120.2191886913616
 32
8.4
 13
204.23652118552044
 23
120.90759925360241
 33
8.4
  0
3DFACE
  5
29A
330
17
100
AcDbEntity
  8
WINDOWS
100
AcDbFace
 10
209.7718781519962
 20
117.45210528545589
 30
7.0
 11
210.87464326651298
 21
116.76369472321507
 31
7.0
 12
210.87464326651298
 22
116.76369472321507
 32
8.4
 13
209.7718781519962
 23
117.45210528545589
 33
8.4
  0
3DFACE
  5
29B
330
17
100
AcDbEntity
  8
WINDOWS
100
AcDbFace
 10
215.30723511847194
 20
113.99661131730936
 30
7.0
 11
216.41000023298872
 21
113.30820075506854
 31
7.0
 12
216.41000023298872
 22
113.30820075506854
 32
8.4
 13
215.30723511847194
 23
113.99661131730936
 33
8.4
  0
3DFACE
  5
29C
330
17
100
AcDbEntity
  8
WINDOWS
100
AcDbFace
 10
220.8425920849477
 20
110.54111734916283
 30
7.0
 11
221.9453571994645
 21
109.85270678692201
 31
7.0
 12
221.9453571994645
 22
109.85270678692201
 32
8.4
 13
220.8425920849477
 23
110.54111734916283
 33
8.4
  0
3DFACE
  5
29D
330
17
100
AcDbEntity
  8
WINDOWS
100
AcDbFace
 10
226.37794905142346
 20
107.0856233810163
 30
7.0
 11
227.48071416594024
 21
106.39721281877549
 31
7.0
 12
227.48071416594024
 22
106.39721281877549
 32
8.4
 13
226.37794905142346
 23
107.0856233810163
 33
8.4
  0
3DFACE
  5
29E
330
17
100
AcDbEntity
  8
WINDOWS
100
AcDbFace
 10
231.9133060178992
 20
103.63012941286978
 30
7.0
 11
233.016071132416
 21
102.94171885062896
 31
7.0
 12
233.016071132416
 22
102.94171885062896
 32
8.4
 13
231.9133060178992
 23
103.63012941286978
 33
8.4
  0
3DFACE
  5
29F
330
17
100
AcDbEntity
  8
WINDOWS
100
AcDbFace
 10
237.44866298437495
 20
100.17463544472325
 30
7.0
 11
238.55142809889173
 21
99.48622488248243
 31
7.0
 12
238.55142809889173
 22
99.48622488248243
 32
8.4
 13
237.44866298437495
 23
100.17463544472325
 33
8.4
  0
3DFACE
  5
2A0
330
17
100
AcDbEntity
  8
WINDOWS
100
AcDbFace
 10
242.9840199508507
 20
96.71914147657672
 30
7.0
 11
244.08678506536748
 21
96.0307309143359
 31
7.0
 12
244.08678506536748
 22
96.0307309143359
 32
8.4
 13
242.9840199508507
 23
96.71914147657672
 33
8.4
  0
3DFACE
  5
2A1
330
17
100
AcDbEntity
  8
WINDOWS
100
AcDbFace
 10
248.51937691732647
 20
93.2636475084302
 30
7.0
 11
249.62214203184325
 21
92.57523694618938
 31
7.0
 12
249.62214203184325
 22
92.57523694618938
 32
8.4
 13
248.51937691732647
 23
93.2636475084302
 33
8.4
  0
3DFACE
  5
2A2
330
17
100
AcDbEntity
  8
WINDOWS
100
AcDbFace
 10
254.05473388380221
 20
89.80815354028367
 30
7.0
 11
255.157498998319
 21
89.11974297804285
 31
7.0
 12
255.157498998319
 22
89.11974297804285
 32
8.4
 13
254.05473388380221
 23
89.80815354028367
 33
8.4
  0
3DFACE
  5
2A3
330
17
100
AcDbEntity
  8
WINDOWS
100
AcDbFace
 10
259.59009085027793
 20
86.35265957213714
 30
7.0
 11
260.6928559647948
 21
85.66424900989632
 31
7.0
 12
260.6928559647948
 22
85.66424900989632
 32
8.4
 13
259.59009085027793
 23
86.35265957213714
 33
8.4
  0
3DFACE
  5
2A4
330
17
100
AcDbEntity
  8
WINDOWS
100
AcDbFace
 10
204.23652118552044
 20
120.90759925360241
 30
10.0
 11
205.33928630003723
 21
120.2191886913616
 31
10.0
 12
205.33928630003723
 22
120.2191886913616
 32
11.4
 13
204.23652118552044
 23
120.90759925360241
 33
11.4
  0
3DFACE
  5
2A5
330
17
100
AcDbEntity
  8
WINDOWS
100
AcDbFace
 10
209.7718781519962
 20
117.45210528545589
 30
10.0
 11
210.87464326651298
 21
116.76369472321507
 31
10.0
 12
210.87464326651298
 22
116.76369472321507
 32
11.4
 13
209.7718781519962
 23
117.45210528545589
 33
11.4
  0
3DFACE
  5
2A6
330
17
100
AcDbEntity
  8
WINDOWS
100
AcDbFace
 10
215.30723511847194
 20
113.99661131730936
 30
10.0
 11
216.41000023298872
 21
113.30820075506854
 31
10.0
 12
216.41000023298872
 22
113.30820075506854
 32
11.4
 13
215.30723511847194
 23
113.99661131730936
 33
11.4
  0
3DFACE
  5
2A7
330
17
100
AcDbEntity
  8
WINDOWS
100
AcDbFace
 10
220.8425920849477
 20
110.54111734916283
 30
10.0
 11
221.9453571994645
 21
109.85270678692201
 31
10.0
 12
221.9453571994645
 22
109.85270678692201
 32
11.4
 13
220.8425920849477
 23
110.54111734916283
 33
11.4
  0
3DFACE
  5
2A8
330
17
100
AcDbEntity
  8
WINDOWS
100
AcDbFace
 10
226.37794905142346
 20
107.0856233810163
 30
10.0
 11
227.48071416594024
 21
106.39721281877549
 31
10.0
 12
227.48071416594024
 22
106.39721281877549
 32
11.4
 13
226.37794905142346
 23
107.0856233810163
 33
11.4
  0
3DFACE
  5
2A9
330
17
100
AcDbEntity
  8
WINDOWS
100
AcDbFace
 10
231.9133060178992
 20
103.63012941286978
 30
10.0
 11
233.016071132416
 21
102.94171885062896
 31
10.0
 12
233.016071132416
 22
102.94171885062896
 32
11.4
 13
231.9133060178992
 23
103.63012941286978
 33
11.4
  0
3DFACE
  5
2AA
330
17
100
AcDbEntity
  8
WINDOWS
100
AcDbFace
 10
237.44866298437495
 20
100.17463544472325
 30
10.0
 11
238.55142809889173
 21
99.48622488248243
 31
10.0
 12
238.55142809889173
 22
99.48622488248243
 32
11.4
 13
237.44866298437495
 23
100.17463544472325
 33
11.4
  0
3DFACE
  5
2AB
330
17
100
AcDbEntity
  8
WINDOWS
100
AcDbFace
 10
242.9840199508507
 20
96.71914147657672
 30
10.0
 11
244.08678506536748
 21
96.0307309143359
 31
10.0
 12
244.08678506536748
 22
96.0307309143359
 32
11.4
 13
242.9840199508507
 23
96.71914147657672
 33
11.4
  0
3DFACE
  5
2AC
330
17
100
AcDbEntity
  8
WINDOWS
100
AcDbFace
 10
248.51937691732647
 20
93.2636475084302
 30
10.0
 11
249.62214203184325
 21
92.57523694618938
 31
10.0
 12
249.62214203184325
 22
92.57523694618938
 32
11.4
 13
248.51937691732647
 23
93.2636475084302
 33
11.4
  0
3DFACE
  5
2AD
330
17
100
AcDbEntity
  8
WINDOWS
100
AcDbFace
 10
254.05473388380221
 20
89.80815354028367
 30
10.0
 11
255.157498998319
 21
89.11974297804285
 31
10.0
 12
255.157498998319
 22
89.11974297804285
 32
11.4
 13
254.05473388380221
 23
89.80815354028367
 33
11.4
  0
3DFACE
  5
2AE
330
17
100
AcDbEntity
  8
WINDOWS
100
AcDbFace
 10
259.59009085027793
 20
86.35265957213714
 30
10.0
 11
260.6928559647948
 21
85.66424900989632
 31
10.0
 12
260.6928559647948
 22
85.66424900989632
 32
11.4
 13
259.59009085027793
 23
86.35265957213714
 33
11.4
  0
3DFACE
  5
2AF
330
17
100
AcDbEntity
  8
WINDOWS
100
AcDbFace
 10
204.23652118552044
 20
120.90759925360241
 30
13.0
 11
205.33928630003723
 21
120.2191886913616
 31
13.0
 12
205.33928630003723
 22
120.2191886913616
 32
14.4
 13
204.23652118552044
 23
120.90759925360241
 33
14.4
  0
3DFACE
  5
2B0
330
17
100
AcDbEntity
  8
WINDOWS
100
AcDbFace
 10
209.7718781519962
 20
117.45210528545589
 30
13.0
 11
210.87464326651298
 21
116.76369472321507
 31
13.0
 12
210.87464326651298
 22
116.76369472321507
 32
14.4
 13
209.7718781519962
 23
117.45210528545589
 33
14.4
  0
3DFACE
  5
2B1
330
17
100
AcDbEntity
  8
WINDOWS
100
AcDbFace
 10
215.30723511847194
 20
113.99661131730936
 30
13.0
 11
216.41000023298872
 21
113.30820075506854
 31
13.0
 12
216.41000023298872
 22
113.30820075506854
 32
14.4
 13
215.30723511847194
 23
113.99661131730936
 33
14.4
  0
3DFACE
  5
2B2
330
17
100
AcDbEntity
  8
WINDOWS
100
AcDbFace
 10
220.8425920849477
 20
110.54111734916283
 30
13.0
 11
221.9453571994645
 21
109.85270678692201
 31
13.0
 12
221.9453571994645
 22
109.85270678692201
 32
14.4
 13
220.8425920849477
 23
110.54111734916283
 33
14.4
  0
3DFACE
  5
2B3
330
17
100
AcDbEntity
  8
WINDOWS
100
AcDbFace
 10
226.37794905142346
 20
107.0856233810163
 30
13.0
 11
227.48071416594024
 21
106.39721281877549
 31
13.0
 12
227.48071416594024
 22
106.39721281877549
 32
14.4
 13
226.37794905142346
 23
107.0856233810163
 33
14.4
  0
3DFACE
  5
2B4
330
17
100
AcDbEntity
  8
WINDOWS
100
AcDbFace
 10
231.9133060178992
 20
103.63012941286978
 30
13.0
 11
233.016071132416
 21
102.94171885062896
 31
13.0
 12
233.016071132416
 22
102.94171885062896
 32
14.4
 13
231.9133060178992
 23
103.63012941286978
 33
14.4
  0
3DFACE
  5
2B5
330
17
100
AcDbEntity
  8
WINDOWS
100
AcDbFace
 10
237.44866298437495
 20
100.17463544472325
 30
13.0
 11
238.55142809889173
 21
99.48622488248243
 31
13.0
 12
238.55142809889173
 22
99.48622488248243
 32
14.4
 13
237.44866298437495
 23
100.17463544472325
 33
14.4
  0
3DFACE
  5
2B6
330
17
100
AcDbEntity
  8
WINDOWS
100
AcDbFace
 10
242.9840199508507
 20
96.71914147657672
 30
13.0
 11
244.08678506536748
 21
96.0307309143359
 31
13.0
 12
244.08678506536748
 22
96.0307309143359
 32
14.4
 13
242.9840199508507
 23
96.71914147657672
 33
14.4
  0
3DFACE
  5
2B7
330
17
100
AcDbEntity
  8
WINDOWS
100
AcDbFace
 10
248.51937691732647
 20
93.2636475084302
 30
13.0
 11
249.62214203184325
 21
92.57523694618938
 31
13.0
 12
249.62214203184325
 22
92.57523694618938
 32
14.4
 13
248.51937691732647
 23
93.2636475084302
 33
14.4
  0
3DFACE
  5
2B8
330
17
100
AcDbEntity
  8
WINDOWS
100
AcDbFace
 10
254.05473388380221
 20
89.80815354028367
 30
13.0
 11
255.157498998319
 21
89.11974297804285
 31
13.0
 12
255.157498998319
 22
89.11974297804285
 32
14.4
 13
254.05473388380221
 23
89.80815354028367
 33
14.4
  0
3DFACE
  5
2B9
330
17
100
AcDbEntity
  8
WINDOWS
100
AcDbFace
 10
259.59009085027793
 20
86.35265957213714
 30
13.0
 11
260.6928559647948
 21
85.66424900989632
 31
13.0
 12
260.6928559647948
 22
85.66424900989632
 32
14.4
 13
259.59009085027793
 23
86.35265957213714
 33
14.4
  0
3DFACE
  5
2BA
330
17
100
AcDbEntity
  8
WINDOWS
100
AcDbFace
 10
204.23652118552044
 20
120.90759925360241
 30
16.0
 11
205.33928630003723
 21
120.2191886913616
 31
16.0
 12
205.33928630003723
 22
120.2191886913616
 32
17.4
 13
204.23652118552044
 23
120.90759925360241
 33
17.4
  0
3DFACE
  5
2BB
330
17
100
AcDbEntity
  8
WINDOWS
100
AcDbFace
 10
209.7718781519962
 20
117.45210528545589
 30
16.0
 11
210.87464326651298
 21
116.76369472321507
 31
16.0
 12
210.87464326651298
 22
116.76369472321507
 32
17.4
 13
209.7718781519962
 23
117.45210528545589
 33
17.4
  0
3DFACE
  5
2BC
330
17
100
AcDbEntity
  8
WINDOWS
100
AcDbFace
 10
215.30723511847194
 20
113.99661131730936
 30
16.0
 11
216.41000023298872
 21
113.30820075506854
 31
16.0
 12
216.41000023298872
 22
113.30820075506854
 32
17.4
 13
215.30723511847194
 23
113.99661131730936
 33
17.4
  0
3DFACE
  5
2BD
330
17
100
AcDbEntity
  8
WINDOWS
100
AcDbFace
 10
220.8425920849477
 20
110.54111734916283
 30
16.0
 11
221.9453571994645
 21
109.85270678692201
 31
16.0
 12
221.9453571994645
 22
109.85270678692201
 32
17.4
 13
220.8425920849477
 23
110.54111734916283
 33
17.4
  0
3DFACE
  5
2BE
330
17
100
AcDbEntity
  8
WINDOWS
100
AcDbFace
 10
226.37794905142346
 20
107.0856233810163
 30
16.0
 11
227.48071416594024
 21
106.39721281877549
 31
16.0
 12
227.48071416594024
 22
106.39721281877549
 32
17.4
 13
226.37794905142346
 23
107.0856233810163
 33
17.4
  0
3DFACE
  5
2BF
330
17
100
AcDbEntity
  8
WINDOWS
100
AcDbFace
 10
231.9133060178992
 20
103.63012941286978
 30
16.0
 11
233.016071132416
 21
102.94171885062896
 31
16.0
 12
233.016071132416
 22
102.94171885062896
 32
17.4
 13
231.9133060178992
 23
103.63012941286978
 33
17.4
  0
3DFACE
  5
2C0
330
17
100
AcDbEntity
  8
WINDOWS
100
AcDbFace
 10
237.44866298437495
 20
100.17463544472325
 30
16.0
 11
238.55142809889173
 21
99.48622488248243
 31
16.0
 12
238.55142809889173
 22
99.48622488248243
 32
17.4
 13
237.44866298437495
 23
100.17463544472325
 33
17.4
  0
3DFACE
  5
2C1
330
17
100
AcDbEntity
  8
WINDOWS
100
AcDbFace
 10
242.9840199508507
 20
96.71914147657672
 30
16.0
 11
244.08678506536748
 21
96.0307309143359
 31
16.0
 12
244.08678506536748
 22
96.0307309143359
 32
17.4
 13
242.9840199508507
 23
96.71914147657672
 33
17.4
  0
3DFACE
  5
2C2
330
17
100
AcDbEntity
  8
WINDOWS
100
AcDbFace
 10
248.51937691732647
 20
93.2636475084302
 30
16.0
 11
249.62214203184325
 21
92.57523694618938
 31
16.0
 12
249.62214203184325
 22
92.57523694618938
 32
17.4
 13
248.51937691732647
 23
93.2636475084302
 33
17.4
  0
3DFACE
  5
2C3
330
17
100
AcDbEntity
  8
WINDOWS
100
AcDbFace
 10
254.05473388380221
 20
89.80815354028367
 30
16.0
 11
255.157498998319
 21
89.11974297804285
 31
16.0
 12
255.157498998319
 22
89.11974297804285
 32
17.4
 13
254.05473388380221
 23
89.80815354028367
 33
17.4
  0
3DFACE
  5
2C4
330
17
100
AcDbEntity
  8
WINDOWS
100
AcDbFace
 10
259.59009085027793
 20
86.35265957213714
 30
16.0
 11
260.6928559647948
 21
85.66424900989632
 31
16.0
 12
260.6928559647948
 22
85.66424900989632
 32
17.4
 13
259.59009085027793
 23
86.35265957213714
 33
17.4
  0
3DFACE
  5
2C5
330
17
100
AcDbEntity
  8
WINDOWS
100
AcDbFace
 10
204.23652118552044
 20
120.90759925360241
 30
19.0
 11
205.33928630003723
 21
120.2191886913616
 31
19.0
 12
205.33928630003723
 22
120.2191886913616
 32
20.4
 13
204.23652118552044
 23
120.90759925360241
 33
20.4
  0
3DFACE
  5
2C6
330
17
100
AcDbEntity
  8
WINDOWS
100
AcDbFace
 10
209.7718781519962
 20
117.45210528545589
 30
19.0
 11
210.87464326651298
 21
116.76369472321507
 31
19.0
 12
210.87464326651298
 22
116.76369472321507
 32
20.4
 13
209.7718781519962
 23
117.45210528545589
 33
20.4
  0
3DFACE
  5
2C7
330
17
100
AcDbEntity
  8
WINDOWS
100
AcDbFace
 10
215.30723511847194
 20
113.99661131730936
 30
19.0
 11
216.41000023298872
 21
113.30820075506854
 31
19.0
 12
216.41000023298872
 22
113.30820075506854
 32
20.4
 13
215.30723511847194
 23
113.99661131730936
 33
20.4
  0
3DFACE
  5
2C8
330
17
100
AcDbEntity
  8
WINDOWS
100
AcDbFace
 10
220.8425920849477
 20
110.54111734916283
 30
19.0
 11
221.9453571994645
 21
109.85270678692201
 31
19.0
 12
221.9453571994645
 22
109.85270678692201
 32
20.4
 13
220.8425920849477
 23
110.54111734916283
 33
20.4
  0
3DFACE
  5
2C9
330
17
100
AcDbEntity
  8
WINDOWS
100
AcDbFace
 10
226.37794905142346
 20
107.0856233810163
 30
19.0
 11
227.48071416594024
 21
106.39721281877549
 31
19.0
 12
227.48071416594024
 22
106.39721281877549
 32
20.4
 13
226.37794905142346
 23
107.0856233810163
 33
20.4
  0
3DFACE
  5
2CA
330
17
100
AcDbEntity
  8
WINDOWS
100
AcDbFace
 10
231.9133060178992
 20
103.63012941286978
 30
19.0
 11
233.016071132416
 21
102.94171885062896
 31
19.0
 12
233.016071132416
 22
102.94171885062896
 32
20.4
 13
231.9133060178992
 23
103.63012941286978
 33
20.4
  0
3DFACE
  5
2CB
330
17
100
AcDbEntity
  8
WINDOWS
100
AcDbFace
 10
237.44866298437495
 20
100.17463544472325
 30
19.0
 11
238.55142809889173
 21
99.48622488248243
 31
19.0
 12
238.55142809889173
 22
99.48622488248243
 32
20.4
 13
237.44866298437495
 23
100.17463544472325
 33
20.4
  0
3DFACE
  5
2CC
330
17
100
AcDbEntity
  8
WINDOWS
100
AcDbFace
 10
242.9840199508507
 20
96.71914147657672
 30
19.0
 11
244.08678506536748
 21
96.0307309143359
 31
19.0
 12
244.08678506536748
 22
96.0307309143359
 32
20.4
 13
242.9840199508507
 23
96.71914147657672
 33
20.4
  0
3DFACE
  5
2CD
330
17
100
AcDbEntity
  8
WINDOWS
100
AcDbFace
 10
248.51937691732647
 20
93.2636475084302
 30
19.0
 11
249.62214203184325
 21
92.57523694618938
 31
19.0
 12
249.62214203184325
 22
92.57523694618938
 32
20.4
 13
248.51937691732647
 23
93.2636475084302
 33
20.4
  0
3DFACE
  5
2CE
330
17
100
AcDbEntity
  8
WINDOWS
100
AcDbFace
 10
254.05473388380221
 20
89.80815354028367
 30
19.0
 11
255.157498998319
 21
89.11974297804285
 31
19.0
 12
255.157498998319
 22
89.11974297804285
 32
20.4
 13
254.05473388380221
 23
89.80815354028367
 33
20.4
  0
3DFACE
  5
2CF
330
17
100
AcDbEntity
  8
WINDOWS
100
AcDbFace
 10
259.59009085027793
 20
86.35265957213714
 30
19.0
 11
260.6928559647948
 21
85.66424900989632
 31
19.0
 12
260.6928559647948
 22
85.66424900989632
 32
20.4
 13
259.59009085027793
 23
86.35265957213714
 33
20.4
  0
3DFACE
  5
2D0
330
17
100
AcDbEntity
  8
WINDOWS
100
AcDbFace
 10
204.23652118552044
 20
120.90759925360241
 30
22.0
 11
205.33928630003723
 21
120.2191886913616
 31
22.0
 12
205.33928630003723
 22
120.2191886913616
 32
23.4
 13
204.23652118552044
 23
120.90759925360241
 33
23.4
  0
3DFACE
  5
2D1
330
17
100
AcDbEntity
  8
WINDOWS
100
AcDbFace
 10
209.7718781519962
 20
117.45210528545589
 30
22.0
 11
210.87464326651298
 21
116.76369472321507
 31
22.0
 12
210.87464326651298
 22
116.76369472321507
 32
23.4
 13
209.7718781519962
 23
117.45210528545589
 33
23.4
  0
3DFACE
  5
2D2
330
17
100
AcDbEntity
  8
WINDOWS
100
AcDbFace
 10
215.30723511847194
 20
113.99661131730936
 30
22.0
 11
216.41000023298872
 21
113.30820075506854
 31
22.0
 12
216.41000023298872
 22
113.30820075506854
 32
23.4
 13
215.30723511847194
 23
113.99661131730936
 33
23.4
  0
3DFACE
  5
2D3
330
17
100
AcDbEntity
  8
WINDOWS
100
AcDbFace
 10
220.8425920849477
 20
110.54111734916283
 30
22.0
 11
221.9453571994645
 21
109.85270678692201
 31
22.0
 12
221.9453571994645
 22
109.85270678692201
 32
23.4
 13
220.8425920849477
 23
110.54111734916283
 33
23.4
  0
3DFACE
  5
2D4
330
17
100
AcDbEntity
  8
WINDOWS
100
AcDbFace
 10
226.37794905142346
 20
107.0856233810163
 30
22.0
 11
227.48071416594024
 21
106.39721281877549
 31
22.0
 12
227.48071416594024
 22
106.39721281877549
 32
23.4
 13
226.37794905142346
 23
107.0856233810163
 33
23.4
  0
3DFACE
  5
2D5
330
17
100
AcDbEntity
  8
WINDOWS
100
AcDbFace
 10
231.9133060178992
 20
103.63012941286978
 30
22.0
 11
233.016071132416
 21
102.94171885062896
 31
22.0
 12
233.016071132416
 22
102.94171885062896
 32
23.4
 13
231.9133060178992
 23
103.63012941286978
 33
23.4
  0
3DFACE
  5
2D6
330
17
100
AcDbEntity
  8
WINDOWS
100
AcDbFace
 10
237.44866298437495
 20
100.17463544472325
 30
22.0
 11
238.55142809889173
 21
99.48622488248243
 31
22.0
 12
238.55142809889173
 22
99.48622488248243
 32
23.4
 13
237.44866298437495
 23
100.17463544472325
 33
23.4
  0
3DFACE
  5
2D7
330
17
100
AcDbEntity
  8
WINDOWS
100
AcDbFace
 10
242.9840199508507
 20
96.71914147657672
 30
22.0
 11
244.08678506536748
 21
96.0307309143359
 31
22.0
 12
244.08678506536748
 22
96.0307309143359
 32
23.4
 13
242.9840199508507
 23
96.71914147657672
 33
23.4
  0
3DFACE
  5
2D8
330
17
100
AcDbEntity
  8
WINDOWS
100
AcDbFace
 10
248.51937691732647
 20
93.2636475084302
 30
22.0
 11
249.62214203184325
 21
92.57523694618938
 31
22.0
 12
249.62214203184325
 22
92.57523694618938
 32
23.4
 13
248.51937691732647
 23
93.2636475084302
 33
23.4
  0
3DFACE
  5
2D9
330
17
100
AcDbEntity
  8
WINDOWS
100
AcDbFace
 10
254.05473388380221
 20
89.80815354028367
 30
22.0
 11
255.157498998319
 21
89.11974297804285
 31
22.0
 12
255.157498998319
 22
89.11974297804285
 32
23.4
 13
254.05473388380221
 23
89.80815354028367
 33
23.4
  0
3DFACE
  5
2DA
330
17
100
AcDbEntity
  8
WINDOWS
100
AcDbFace
 10
259.59009085027793
 20
86.35265957213714
 30
22.0
 11
260.6928559647948
 21
85.66424900989632
 31
22.0
 12
260.6928559647948
 22
85.66424900989632
 32
23.4
 13
259.59009085027793
 23
86.35265957213714
 33
23.4
  0
3DFACE
  5
2DB
330
17
100
AcDbEntity
  8
WINDOWS
100
AcDbFace
 10
204.23652118552044
 20
120.90759925360241
 30
25.0
 11
205.33928630003723
 21
120.2191886913616
 31
25.0
 12
205.33928630003723
 22
120.2191886913616
 32
26.4
 13
204.23652118552044
 23
120.90759925360241
 33
26.4
  0
3DFACE
  5
2DC
330
17
100
AcDbEntity
  8
WINDOWS
100
AcDbFace
 10
209.7718781519962
 20
117.45210528545589
 30
25.0
 11
210.87464326651298
 21
116.76369472321507
 31
25.0
 12
210.87464326651298
 22
116.76369472321507
 32
26.4
 13
209.7718781519962
 23
117.45210528545589
 33
26.4
  0
3DFACE
  5
2DD
330
17
100
AcDbEntity
  8
WINDOWS
100
AcDbFace
 10
215.30723511847194
 20
113.99661131730936
 30
25.0
 11
216.41000023298872
 21
113.30820075506854
 31
25.0
 12
216.41000023298872
 22
113.30820075506854
 32
26.4
 13
215.30723511847194
 23
113.99661131730936
 33
26.4
  0
3DFACE
  5
2DE
330
17
100
AcDbEntity
  8
WINDOWS
100
AcDbFace
 10
220.8425920849477
 20
110.54111734916283
 30
25.0
 11
221.9453571994645
 21
109.85270678692201
 31
25.0
 12
221.9453571994645
 22
109.85270678692201
 32
26.4
 13
220.8425920849477
 23
110.54111734916283
 33
26.4
  0
3DFACE
  5
2DF
330
17
100
AcDbEntity
  8
WINDOWS
100
AcDbFace
 10
226.37794905142346
 20
107.0856233810163
 30
25.0
 11
227.48071416594024
 21
106.39721281877549
 31
25.0
 12
227.48071416594024
 22
106.39721281877549
 32
26.4
 13
226.37794905142346
 23
107.0856233810163
 33
26.4
  0
3DFACE
  5
2E0
330
17
100
AcDbEntity
  8
WINDOWS
100
AcDbFace
 10
231.9133060178992
 20
103.63012941286978
 30
25.0
 11
233.016071132416
 21
102.94171885062896
 31
25.0
 12
233.016071132416
 22
102.94171885062896
 32
26.4
 13
231.9133060178992
 23
103.63012941286978
 33
26.4
  0
3DFACE
  5
2E1
330
17
100
AcDbEntity
  8
WINDOWS
100
AcDbFace
 10
237.44866298437495
 20
100.17463544472325
 30
25.0
 11
238.55142809889173
 21
99.48622488248243
 31
25.0
 12
238.55142809889173
 22
99.48622488248243
 32
26.4
 13
237.44866298437495
 23
100.17463544472325
 33
26.4
  0
3DFACE
  5
2E2
330
17
100
AcDbEntity
  8
WINDOWS
100
AcDbFace
 10
242.9840199508507
 20
96.71914147657672
 30
25.0
 11
244.08678506536748
 21
96.0307309143359
 31
25.0
 12
244.08678506536748
 22
96.0307309143359
 32
26.4
 13
242.9840199508507
 23
96.71914147657672
 33
26.4
  0
3DFACE
  5
2E3
330
17
100
AcDbEntity
  8
WINDOWS
100
AcDbFace
 10
248.51937691732647
 20
93.2636475084302
 30
25.0
 11
249.62214203184325
 21
92.57523694618938
 31
25.0
 12
249.62214203184325
 22
92.57523694618938
 32
26.4
 13
248.51937691732647
 23
93.2636475084302
 33
26.4
  0
3DFACE
  5
2E4
330
17
100
AcDbEntity
  8
WINDOWS
100
AcDbFace
 10
254.05473388380221
 20
89.80815354028367
 30
25.0
 11
255.157498998319
 21
89.11974297804285
 31
25.0
 12
255.157498998319
 22
89.11974297804285
 32
26.4
 13
254.05473388380221
 23
89.80815354028367
 33
26.4
  0
3DFACE
  5
2E5
330
17
100
AcDbEntity
  8
WINDOWS
100
AcDbFace
 10
259.59009085027793
 20
86.35265957213714
 30
25.0
 11
260.6928559647948
 21
85.66424900989632
 31
25.0
 12
260.6928559647948
 22
85.66424900989632
 32
26.4
 13
259.59009085027793
 23
86.35265957213714
 33
26.4
  0
3DFACE
  5
2E6
330
17
100
AcDbEntity
  8
WINDOWS
100
AcDbFace
 10
204.23652118552044
 20
120.90759925360241
 30
28.0
 11
205.33928630003723
 21
120.2191886913616
 31
28.0
 12
205.33928630003723
 22
120.2191886913616
 32
29.4
 13
204.23652118552044
 23
120.90759925360241
 33
29.4
  0
3DFACE
  5
2E7
330
17
100
AcDbEntity
  8
WINDOWS
100
AcDbFace
 10
209.7718781519962
 20
117.45210528545589
 30
28.0
 11
210.87464326651298
 21
116.76369472321507
 31
28.0
 12
210.87464326651298
 22
116.76369472321507
 32
29.4
 13
209.7718781519962
 23
117.45210528545589
 33
29.4
  0
3DFACE
  5
2E8
330
17
100
AcDbEntity
  8
WINDOWS
100
AcDbFace
 10
215.30723511847194
 20
113.99661131730936
 30
28.0
 11
216.41000023298872
 21
113.30820075506854
 31
28.0
 12
216.41000023298872
 22
113.30820075506854
 32
29.4
 13
215.30723511847194
 23
113.99661131730936
 33
29.4
  0
3DFACE
  5
2E9
330
17
100
AcDbEntity
  8
WINDOWS
100
AcDbFace
 10
220.8425920849477
 20
110.54111734916283
 30
28.0
 11
221.9453571994645
 21
109.85270678692201
 31
28.0
 12
221.9453571994645
 22
109.85270678692201
 32
29.4
 13
220.8425920849477
 23
110.54111734916283
 33
29.4
  0
3DFACE
  5
2EA
330
17
100
AcDbEntity
  8
WINDOWS
100
AcDbFace
 10
226.37794905142346
 20
107.0856233810163
 30
28.0
 11
227.48071416594024
 21
106.39721281877549
 31
28.0
 12
227.48071416594024
 22
106.39721281877549
 32
29.4
 13
226.37794905142346
 23
107.0856233810163
 33
29.4
  0
3DFACE
  5
2EB
330
17
100
AcDbEntity
  8
WINDOWS
100
AcDbFace
 10
231.9133060178992
 20
103.63012941286978
 30
28.0
 11
233.016071132416
 21
102.94171885062896
 31
28.0
 12
233.016071132416
 22
102.94171885062896
 32
29.4
 13
231.9133060178992
 23
103.63012941286978
 33
29.4
  0
3DFACE
  5
2EC
330
17
100
AcDbEntity
  8
WINDOWS
100
AcDbFace
 10
237.44866298437495
 20
100.17463544472325
 30
28.0
 11
238.55142809889173
 21
99.48622488248243
 31
28.0
 12
238.55142809889173
 22
99.48622488248243
 32
29.4
 13
237.44866298437495
 23
100.17463544472325
 33
29.4
  0
3DFACE
  5
2ED
330
17
100
AcDbEntity
  8
WINDOWS
100
AcDbFace
 10
242.9840199508507
 20
96.71914147657672
 30
28.0
 11
244.08678506536748
 21
96.0307309143359
 31
28.0
 12
244.08678506536748
 22
96.0307309143359
 32
29.4
 13
242.9840199508507
 23
96.71914147657672
 33
29.4
  0
3DFACE
  5
2EE
330
17
100
AcDbEntity
  8
WINDOWS
100
AcDbFace
 10
248.51937691732647
 20
93.2636475084302
 30
28.0
 11
249.62214203184325
 21
92.57523694618938
 31
28.0
 12
249.62214203184325
 22
92.57523694618938
 32
29.4
 13
248.51937691732647
 23
93.2636475084302
 33
29.4
  0
3DFACE
  5
2EF
330
17
100
AcDbEntity
  8
WINDOWS
100
AcDbFace
 10
254.05473388380221
 20
89.80815354028367
 30
28.0
 11
255.157498998319
 21
89.11974297804285
 31
28.0
 12
255.157498998319
 22
89.11974297804285
 32
29.4
 13
254.05473388380221
 23
89.80815354028367
 33
29.4
  0
3DFACE
  5
2F0
330
17
100
AcDbEntity
  8
WINDOWS
100
AcDbFace
 10
259.59009085027793
 20
86.35265957213714
 30
28.0
 11
260.6928559647948
 21
85.66424900989632
 31
28.0
 12
260.6928559647948
 22
85.66424900989632
 32
29.4
 13
259.59009085027793
 23
86.35265957213714
 33
29.4
  0
3DFACE
  5
2F1
330
17
100
AcDbEntity
  8
WINDOWS
100
AcDbFace
 10
204.23652118552044
 20
120.90759925360241
 30
31.0
 11
205.33928630003723
 21
120.2191886913616
 31
31.0
 12
205.33928630003723
 22
120.2191886913616
 32
32.4
 13
204.23652118552044
 23
120.90759925360241
 33
32.4
  0
3DFACE
  5
2F2
330
17
100
AcDbEntity
  8
WINDOWS
100
AcDbFace
 10
209.7718781519962
 20
117.45210528545589
 30
31.0
 11
210.87464326651298
 21
116.76369472321507
 31
31.0
 12
210.87464326651298
 22
116.76369472321507
 32
32.4
 13
209.7718781519962
 23
117.45210528545589
 33
32.4
  0
3DFACE
  5
2F3
330
17
100
AcDbEntity
  8
WINDOWS
100
AcDbFace
 10
215.30723511847194
 20
113.99661131730936
 30
31.0
 11
216.41000023298872
 21
113.30820075506854
 31
31.0
 12
216.41000023298872
 22
113.30820075506854
 32
32.4
 13
215.30723511847194
 23
113.99661131730936
 33
32.4
  0
3DFACE
  5
2F4
330
17
100
AcDbEntity
  8
WINDOWS
100
AcDbFace
 10
220.8425920849477
 20
110.54111734916283
 30
31.0
 11
221.9453571994645
 21
109.85270678692201
 31
31.0
 12
221.9453571994645
 22
109.85270678692201
 32
32.4
 13
220.8425920849477
 23
110.54111734916283
 33
32.4
  0
3DFACE
  5
2F5
330
17
100
AcDbEntity
  8
WINDOWS
100
AcDbFace
 10
226.37794905142346
 20
107.0856233810163
 30
31.0
 11
227.48071416594024
 21
106.39721281877549
 31
31.0
 12
227.48071416594024
 22
106.39721281877549
 32
32.4
 13
226.37794905142346
 23
107.0856233810163
 33
32.4
  0
3DFACE
  5
2F6
330
17
100
AcDbEntity
  8
WINDOWS
100
AcDbFace
 10
231.9133060178992
 20
103.63012941286978
 30
31.0
 11
233.016071132416
 21
102.94171885062896
 31
31.0
 12
233.016071132416
 22
102.94171885062896
 32
32.4
 13
231.9133060178992
 23
103.63012941286978
 33
32.4
  0
3DFACE
  5
2F7
330
17
100
AcDbEntity
  8
WINDOWS
100
AcDbFace
 10
237.44866298437495
 20
100.17463544472325
 30
31.0
 11
238.55142809889173
 21
99.48622488248243
 31
31.0
 12
238.55142809889173
 22
99.48622488248243
 32
32.4
 13
237.44866298437495
 23
100.17463544472325
 33
32.4
  0
3DFACE
  5
2F8
330
17
100
AcDbEntity
  8
WINDOWS
100
AcDbFace
 10
242.9840199508507
 20
96.71914147657672
 30
31.0
 11
244.08678506536748
 21
96.0307309143359
 31
31.0
 12
244.08678506536748
 22
96.0307309143359
 32
32.4
 13
242.9840199508507
 23
96.71914147657672
 33
32.4
  0
3DFACE
  5
2F9
330
17
100
AcDbEntity
  8
WINDOWS
100
AcDbFace
 10
248.51937691732647
 20
93.2636475084302
 30
31.0
 11
249.62214203184325
 21
92.57523694618938
 31
31.0
 12
249.62214203184325
 22
92.57523694618938
 32
32.4
 13
248.51937691732647
 23
93.2636475084302
 33
32.4
  0
3DFACE
  5
2FA
330
17
100
AcDbEntity
  8
WINDOWS
100
AcDbFace
 10
254.05473388380221
 20
89.80815354028367
 30
31.0
 11
255.157498998319
 21
89.11974297804285
 31
31.0
 12
255.157498998319
 22
89.11974297804285
 32
32.4
 13
254.05473388380221
 23
89.80815354028367
 33
32.4
  0
3DFACE
  5
2FB
330
17
100
AcDbEntity
  8
WINDOWS
100
AcDbFace
 10
259.59009085027793
 20
86.35265957213714
 30
31.0
 11
260.6928559647948
 21
85.66424900989632
 31
31.0
 12
260.6928559647948
 22
85.66424900989632
 32
32.4
 13
259.59009085027793
 23
86.35265957213714
 33
32.4
  0
3DFACE
  5
2FC
330
17
100
AcDbEntity
  8
WINDOWS
100
AcDbFace
 10
204.23652118552044
 20
120.90759925360241
 30
34.0
 11
205.33928630003723
 21
120.2191886913616
 31
34.0
 12
205.33928630003723
 22
120.2191886913616
 32
35.4
 13
204.23652118552044
 23
120.90759925360241
 33
35.4
  0
3DFACE
  5
2FD
330
17
100
AcDbEntity
  8
WINDOWS
100
AcDbFace
 10
209.7718781519962
 20
117.45210528545589
 30
34.0
 11
210.87464326651298
 21
116.76369472321507
 31
34.0
 12
210.87464326651298
 22
116.76369472321507
 32
35.4
 13
209.7718781519962
 23
117.45210528545589
 33
35.4
  0
3DFACE
  5
2FE
330
17
100
AcDbEntity
  8
WINDOWS
100
AcDbFace
 10
215.30723511847194
 20
113.99661131730936
 30
34.0
 11
216.41000023298872
 21
113.30820075506854
 31
34.0
 12
216.41000023298872
 22
113.30820075506854
 32
35.4
 13
215.30723511847194
 23
113.99661131730936
 33
35.4
  0
3DFACE
  5
2FF
330
17
100
AcDbEntity
  8
WINDOWS
100
AcDbFace
 10
220.8425920849477
 20
110.54111734916283
 30
34.0
 11
221.9453571994645
 21
109.85270678692201
 31
34.0
 12
221.9453571994645
 22
109.85270678692201
 32
35.4
 13
220.8425920849477
 23
110.54111734916283
 33
35.4
  0
3DFACE
  5
300
330
17
100
AcDbEntity
  8
WINDOWS
100
AcDbFace
 10
226.37794905142346
 20
107.0856233810163
 30
34.0
 11
227.48071416594024
 21
106.39721281877549
 31
34.0
 12
227.48071416594024
 22
106.39721281877549
 32
35.4
 13
226.37794905142346
 23
107.0856233810163
 33
35.4
  0
3DFACE
  5
301
330
17
100
AcDbEntity
  8
WINDOWS
100
AcDbFace
 10
231.9133060178992
 20
103.63012941286978
 30
34.0
 11
233.016071132416
 21
102.94171885062896
 31
34.0
 12
233.016071132416
 22
102.94171885062896
 32
35.4
 13
231.9133060178992
 23
103.63012941286978
 33
35.4
  0
3DFACE
  5
302
330
17
100
AcDbEntity
  8
WINDOWS
100
AcDbFace
 10
237.44866298437495
 20
100.17463544472325
 30
34.0
 11
238.55142809889173
 21
99.48622488248243
 31
34.0
 12
238.55142809889173
 22
99.48622488248243
 32
35.4
 13
237.44866298437495
 23
100.17463544472325
 33
35.4
  0
3DFACE
  5
303
330
17
100
AcDbEntity
  8
WINDOWS
100
AcDbFace
 10
242.9840199508507
 20
96.71914147657672
 30
34.0
 11
244.08678506536748
 21
96.0307309143359
 31
34.0
 12
244.08678506536748
 22
96.0307309143359
 32
35.4
 13
242.9840199508507
 23
96.71914147657672
 33
35.4
  0
3DFACE
  5
304
330
17
100
AcDbEntity
  8
WINDOWS
100
AcDbFace
 10
248.51937691732647
 20
93.2636475084302
 30
34.0
 11
249.62214203184325
 21
92.57523694618938
 31
34.0
 12
249.62214203184325
 22
92.57523694618938
 32
35.4
 13
248.51937691732647
 23
93.2636475084302
 33
35.4
  0
3DFACE
  5
305
330
17
100
AcDbEntity
  8
WINDOWS
100
AcDbFace
 10
254.05473388380221
 20
89.80815354028367
 30
34.0
 11
255.157498998319
 21
89.11974297804285
 31
34.0
 12
255.157498998319
 22
89.11974297804285
 32
35.4
 13
254.05473388380221
 23
89.80815354028367
 33
35.4
  0
3DFACE
  5
306
330
17
100
AcDbEntity
  8
WINDOWS
100
AcDbFace
 10
259.59009085027793
 20
86.35265957213714
 30
34.0
 11
260.6928559647948
 21
85.66424900989632
 31
34.0
 12
260.6928559647948
 22
85.66424900989632
 32
35.4
 13
259.59009085027793
 23
86.35265957213714
 33
35.4
  0
3DFACE
  5
307
330
17
100
AcDbEntity
  8
WINDOWS
100
AcDbFace
 10
204.23652118552044
 20
120.90759925360241
 30
37.0
 11
205.33928630003723
 21
120.2191886913616
 31
37.0
 12
205.33928630003723
 22
120.2191886913616
 32
38.4
 13
204.23652118552044
 23
120.90759925360241
 33
38.4
  0
3DFACE
  5
308
330
17
100
AcDbEntity
  8
WINDOWS
100
AcDbFace
 10
209.7718781519962
 20
117.45210528545589
 30
37.0
 11
210.87464326651298
 21
116.76369472321507
 31
37.0
 12
210.87464326651298
 22
116.76369472321507
 32
38.4
 13
209.7718781519962
 23
117.45210528545589
 33
38.4
  0
3DFACE
  5
309
330
17
100
AcDbEntity
  8
WINDOWS
100
AcDbFace
 10
215.30723511847194
 20
113.99661131730936
 30
37.0
 11
216.41000023298872
 21
113.30820075506854
 31
37.0
 12
216.41000023298872
 22
113.30820075506854
 32
38.4
 13
215.30723511847194
 23
113.99661131730936
 33
38.4
  0
3DFACE
  5
30A
330
17
100
AcDbEntity
  8
WINDOWS
100
AcDbFace
 10
220.8425920849477
 20
110.54111734916283
 30
37.0
 11
221.9453571994645
 21
109.85270678692201
 31
37.0
 12
221.9453571994645
 22
109.85270678692201
 32
38.4
 13
220.8425920849477
 23
110.54111734916283
 33
38.4
  0
3DFACE
  5
30B
330
17
100
AcDbEntity
  8
WINDOWS
100
AcDbFace
 10
226.37794905142346
 20
107.0856233810163
 30
37.0
 11
227.48071416594024
 21
106.39721281877549
 31
37.0
 12
227.48071416594024
 22
106.39721281877549
 32
38.4
 13
226.37794905142346
 23
107.0856233810163
 33
38.4
  0
3DFACE
  5
30C
330
17
100
AcDbEntity
  8
WINDOWS
100
AcDbFace
 10
231.9133060178992
 20
103.63012941286978
 30
37.0
 11
233.016071132416
 21
102.94171885062896
 31
37.0
 12
233.016071132416
 22
102.94171885062896
 32
38.4
 13
231.9133060178992
 23
103.63012941286978
 33
38.4
  0
3DFACE
  5
30D
330
17
100
AcDbEntity
  8
WINDOWS
100
AcDbFace
 10
237.44866298437495
 20
100.17463544472325
 30
37.0
 11
238.55142809889173
 21
99.48622488248243
 31
37.0
 12
238.55142809889173
 22
99.48622488248243
 32
38.4
 13
237.44866298437495
 23
100.17463544472325
 33
38.4
  0
3DFACE
  5
30E
330
17
100
AcDbEntity
  8
WINDOWS
100
AcDbFace
 10
242.9840199508507
 20
96.71914147657672
 30
37.0
 11
244.08678506536748
 21
96.0307309143359
 31
37.0
 12
244.08678506536748
 22
96.0307309143359
 32
38.4
 13
242.9840199508507
 23
96.71914147657672
 33
38.4
  0
3DFACE
  5
30F
330
17
100
AcDbEntity
  8
WINDOWS
100
AcDbFace
 10
248.51937691732647
 20
93.2636475084302
 30
37.0
 11
249.62214203184325
 21
92.57523694618938
 31
37.0
 12
249.62214203184325
 22
92.57523694618938
 32
38.4
 13
248.51937691732647
 23
93.2636475084302
 33
38.4
  0
3DFACE
  5
310
330
17
100
AcDbEntity
  8
WINDOWS
100
AcDbFace
 10
254.05473388380221
 20
89.80815354028367
 30
37.0
 11
255.157498998319
 21
89.11974297804285
 31
37.0
 12
255.157498998319
 22
89.11974297804285
 32
38.4
 13
254.05473388380221
 23
89.80815354028367
 33
38.4
  0
3DFACE
  5
311
330
17
100
AcDbEntity
  8
WINDOWS
100
AcDbFace
 10
259.59009085027793
 20
86.35265957213714
 30
37.0
 11
260.6928559647948
 21
85.66424900989632
 31
37.0
 12
260.6928559647948
 22
85.66424900989632
 32
38.4
 13
259.59009085027793
 23
86.35265957213714
 33
38.4
  0
3DFACE
  5
312
330
17
100
AcDbEntity
  8
WINDOWS
100
AcDbFace
 10
253.65413287902962
 20
74.38176376480735
 30
1.0
 11
252.55133335167537
 21
75.07011919804458
 31
1.0
 12
252.55133335167537
 22
75.07011919804458
 32
2.4
 13
253.65413287902962
 23
74.38176376480735
 33
2.4
  0
3DFACE
  5
313
330
17
100
AcDbEntity
  8
WINDOWS
100
AcDbFace
 10
248.10803855893383
 20
77.84357533054423
 30
1.0
 11
247.00523903157958
 21
78.53193076378146
 31
1.0
 12
247.00523903157958
 22
78.53193076378146
 32
2.4
 13
248.10803855893383
 23
77.84357533054423
 33
2.4
  0
3DFACE
  5
314
330
17
100
AcDbEntity
  8
WINDOWS
100
AcDbFace
 10
242.56194423883804
 20
81.3053868962811
 30
1.0
 11
241.4591447114838
 21
81.99374232951834
 31
1.0
 12
241.4591447114838
 22
81.99374232951834
 32
2.4
 13
242.56194423883804
 23
81.3053868962811
 33
2.4
  0
3DFACE
  5
315
330
17
100
AcDbEntity
  8
WINDOWS
100
AcDbFace
 10
237.01584991874225
 20
84.76719846201797
 30
1.0
 11
235.913050391388
 21
85.4555538952552
 31
1.0
 12
235.913050391388
 22
85.4555538952552
 32
2.4
 13
237.01584991874225
 23
84.76719846201797
 33
2.4
  0
3DFACE
  5
316
330
17
100
AcDbEntity
  8
WINDOWS
100
AcDbFace
 10
231.46975559864646
 20
88.22901002775485
 30
1.0
 11
230.3669560712922
 21
88.91736546099209
 31
1.0
 12
230.3669560712922
 22
88.91736546099209
 32
2.4
 13
231.46975559864646
 23
88.22901002775485
 33
2.4
  0
3DFACE
  5
317
330
17
100
AcDbEntity
  8
WINDOWS
100
AcDbFace
 10
225.92366127855067
 20
91.69082159349173
 30
1.0
 11
224.82086175119642
 21
92.37917702672897
 31
1.0
 12
224.82086175119642
 22
92.37917702672897
 32
2.4
 13
225.92366127855067
 23
91.69082159349173
 33
2.4
  0
3DFACE
  5
318
330
17
100
AcDbEntity
  8
WINDOWS
100
AcDbFace
 10
220.37756695845488
 20
95.15263315922861
 30
1.0
 11
219.27476743110063
 21
95.84098859246585
 31
1.0
 12
219.27476743110063
 22
95.84098859246585
 32
2.4
 13
220.37756695845488
 23
95.15263315922861
 33
2.4
  0
3DFACE
  5
319
330
17
100
AcDbEntity
  8
WINDOWS
100
AcDbFace
 10
214.8314726383591
 20
98.6144447249655
 30
1.0
 11
213.72867311100484
 21
99.30280015820273
 31
1.0
 12
213.72867311100484
 22
99.30280015820273
 32
2.4
 13
214.8314726383591
 23
98.6144447249655
 33
2.4
  0
3DFACE
  5
31A
330
17
100
AcDbEntity
  8
WINDOWS
100
AcDbFace
 10
209.2853783182633
 20
102.07625629070237
 30
1.0
 11
208.18257879090905
 21
102.76461172393961
 31
1.0
 12
208.18257879090905
 22
102.76461172393961
 32
2.4
 13
209.2853783182633
 23
102.07625629070237
 33
2.4
  0
3DFACE
  5
31B
330
17
100
AcDbEntity
  8
WINDOWS
100
AcDbFace
 10
203.7392839981675
 20
105.53806785643924
 30
1.0
 11
202.63648447081326
 21
106.22642328967648
 31
1.0
 12
202.63648447081326
 22
106.22642328967648
 32
2.4
 13
203.7392839981675
 23
105.53806785643924
 33
2.4
  0
3DFACE
  5
31C
330
17
100
AcDbEntity
  8
WINDOWS
100
AcDbFace
 10
198.19318967807172
 20
108.99987942217612
 30
1.0
 11
197.09039015071747
 21
109.68823485541336
 31
1.0
 12
197.09039015071747
 22
109.68823485541336
 32
2.4
 13
198.19318967807172
 23
108.99987942217612
 33
2.4
  0
3DFACE
  5
31D
330
17
100
AcDbEntity
  8
WINDOWS
100
AcDbFace
 10
253.65413287902962
 20
74.38176376480735
 30
4.0
 11
252.55133335167537
 21
75.07011919804458
 31
4.0
 12
252.55133335167537
 22
75.07011919804458
 32
5.4
 13
253.65413287902962
 23
74.38176376480735
 33
5.4
  0
3DFACE
  5
31E
330
17
100
AcDbEntity
  8
WINDOWS
100
AcDbFace
 10
248.10803855893383
 20
77.84357533054423
 30
4.0
 11
247.00523903157958
 21
78.53193076378146
 31
4.0
 12
247.00523903157958
 22
78.53193076378146
 32
5.4
 13
248.10803855893383
 23
77.84357533054423
 33
5.4
  0
3DFACE
  5
31F
330
17
100
AcDbEntity
  8
WINDOWS
100
AcDbFace
 10
242.56194423883804
 20
81.3053868962811
 30
4.0
 11
241.4591447114838
 21
81.99374232951834
 31
4.0
 12
241.4591447114838
 22
81.99374232951834
 32
5.4
 13
242.56194423883804
 23
81.3053868962811
 33
5.4
  0
3DFACE
  5
320
330
17
100
AcDbEntity
  8
WINDOWS
100
AcDbFace
 10
237.01584991874225
 20
84.76719846201797
 30
4.0
 11
235.913050391388
 21
85.4555538952552
 31
4.0
 12
235.913050391388
 22
85.4555538952552
 32
5.4
 13
237.01584991874225
 23
84.76719846201797
 33
5.4
  0
3DFACE
  5
321
330
17
100
AcDbEntity
  8
WINDOWS
100
AcDbFace
 10
231.46975559864646
 20
88.22901002775485
 30
4.0
 11
230.3669560712922
 21
88.91736546099209
 31
4.0
 12
230.3669560712922
 22
88.91736546099209
 32
5.4
 13
231.46975559864646
 23
88.22901002775485
 33
5.4
  0
3DFACE
  5
322
330
17
100
AcDbEntity
  8
WINDOWS
100
AcDbFace
 10
225.92366127855067
 20
91.69082159349173
 30
4.0
 11
224.82086175119642
 21
92.37917702672897
 31
4.0
 12
224.82086175119642
 22
92.37917702672897
 32
5.4
 13
225.92366127855067
 23
91.69082159349173
 33
5.4
  0
3DFACE
  5
323
330
17
100
AcDbEntity
  8
WINDOWS
100
AcDbFace
 10
220.37756695845488
 20
95.15263315922861
 30
4.0
 11
219.27476743110063
 21
95.84098859246585
 31
4.0
 12
219.27476743110063
 22
95.84098859246585
 32
5.4
 13
220.37756695845488
 23
95.15263315922861
 33
5.4
  0
3DFACE
  5
324
330
17
100
AcDbEntity
  8
WINDOWS
100
AcDbFace
 10
214.8314726383591
 20
98.6144447249655
 30
4.0
 11
213.72867311100484
 21
99.30280015820273
 31
4.0
 12
213.72867311100484
 22
99.30280015820273
 32
5.4
 13
214.8314726383591
 23
98.6144447249655
 33
5.4
  0
3DFACE
  5
325
330
17
100
AcDbEntity
  8
WINDOWS
100
AcDbFace
 10
209.2853783182633
 20
102.07625629070237
 30
4.0
 11
208.18257879090905
 21
102.76461172393961
 31
4.0
 12
208.18257879090905
 22
102.76461172393961
 32
5.4
 13
209.2853783182633
 23
102.07625629070237
 33
5.4
  0
3DFACE
  5
326
330
17
100
AcDbEntity
  8
WINDOWS
100
AcDbFace
 10
203.7392839981675
 20
105.53806785643924
 30
4.0
 11
202.63648447081326
 21
106.22642328967648
 31
4.0
 12
202.63648447081326
 22
106.22642328967648
 32
5.4
 13
203.7392839981675
 23
105.53806785643924
 33
5.4
  0
3DFACE
  5
327
330
17
100
AcDbEntity
  8
WINDOWS
100
AcDbFace
 10
198.19318967807172
 20
108.99987942217612
 30
4.0
 11
197.09039015071747
 21
109.68823485541336
 31
4.0
 12
197.09039015071747
 22
109.68823485541336
 32
5.4
 13
198.19318967807172
 23
108.99987942217612
 33
5.4
  0
3DFACE
  5
328
330
17
100
AcDbEntity
  8
WINDOWS
100
AcDbFace
 10
253.65413287902962
 20
74.38176376480735
 30
7.0
 11
252.55133335167537
 21
75.07011919804458
 31
7.0
 12
252.55133335167537
 22
75.07011919804458
 32
8.4
 13
253.65413287902962
 23
74.38176376480735
 33
8.4
  0
3DFACE
  5
329
330
17
100
AcDbEntity
  8
WINDOWS
100
AcDbFace
 10
248.10803855893383
 20
77.84357533054423
 30
7.0
 11
247.00523903157958
 21
78.53193076378146
 31
7.0
 12
247.00523903157958
 22
78.53193076378146
 32
8.4
 13
248.10803855893383
 23
77.84357533054423
 33
8.4
  0
3DFACE
  5
32A
330
17
100
AcDbEntity
  8
WINDOWS
100
AcDbFace
 10
242.56194423883804
 20
81.3053868962811
 30
7.0
 11
241.4591447114838
 21
81.99374232951834
 31
7.0
 12
241.4591447114838
 22
81.99374232951834
 32
8.4
 13
242.56194423883804
 23
81.3053868962811
 33
8.4
  0
3DFACE
  5
32B
330
17
100
AcDbEntity
  8
WINDOWS
100
AcDbFace
 10
237.01584991874225
 20
84.76719846201797
 30
7.0
 11
235.913050391388
 21
85.4555538952552
 31
7.0
 12
235.913050391388
 22
85.4555538952552
 32
8.4
 13
237.01584991874225
 23
84.76719846201797
 33
8.4
  0
3DFACE
  5
32C
330
17
100
AcDbEntity
  8
WINDOWS
100
AcDbFace
 10
231.46975559864646
 20
88.22901002775485
 30
7.0
 11
230.3669560712922
 21
88.91736546099209
 31
7.0
 12
230.3669560712922
 22
88.91736546099209
 32
8.4
 13
231.46975559864646
 23
88.22901002775485
 33
8.4
  0
3DFACE
  5
32D
330
17
100
AcDbEntity
  8
WINDOWS
100
AcDbFace
 10
225.92366127855067
 20
91.69082159349173
 30
7.0
 11
224.82086175119642
 21
92.37917702672897
 31
7.0
 12
224.82086175119642
 22
92.37917702672897
 32
8.4
 13
225.92366127855067
 23
91.69082159349173
 33
8.4
  0
3DFACE
  5
32E
330
17
100
AcDbEntity
  8
WINDOWS
100
AcDbFace
 10
220.37756695845488
 20
95.15263315922861
 30
7.0
 11
219.27476743110063
 21
95.84098859246585
 31
7.0
 12
219.27476743110063
 22
95.84098859246585
 32
8.4
 13
220.37756695845488
 23
95.15263315922861
 33
8.4
  0
3DFACE
  5
32F
330
17
100
AcDbEntity
  8
WINDOWS
100
AcDbFace
 10
214.8314726383591
 20
98.6144447249655
 30
7.0
 11
213.72867311100484
 21
99.30280015820273
 31
7.0
 12
213.72867311100484
 22
99.30280015820273
 32
8.4
 13
214.8314726383591
 23
98.6144447249655
 33
8.4
  0
3DFACE
  5
330
330
17
100
AcDbEntity
  8
WINDOWS
100
AcDbFace
 10
209.2853783182633
 20
102.07625629070237
 30
7.0
 11
208.18257879090905
 21
102.76461172393961
 31
7.0
 12
208.18257879090905
 22
102.76461172393961
 32
8.4
 13
209.2853783182633
 23
102.07625629070237
 33
8.4
  0
3DFACE
  5
331
330
17
100
AcDbEntity
  8
WINDOWS
100
AcDbFace
 10
203.7392839981675
 20
105.53806785643924
 30
7.0
 11
202.63648447081326
 21
106.22642328967648
 31
7.0
 12
202.63648447081326
 22
106.22642328967648
 32
8.4
 13
203.7392839981675
 23
105.53806785643924
 33
8.4
  0
3DFACE
  5
332
330
17
100
AcDbEntity
  8
WINDOWS
100
AcDbFace
 10
198.19318967807172
 20
108.99987942217612
 30
7.0
 11
197.09039015071747
 21
109.68823485541336
 31
7.0
 12
197.09039015071747
 22
109.68823485541336
 32
8.4
 13
198.19318967807172
 23
108.99987942217612
 33
8.4
  0
3DFACE
  5
333
330
17
100
AcDbEntity
  8
WINDOWS
100
AcDbFace
 10
253.65413287902962
 20
74.38176376480735
 30
10.0
 11
252.55133335167537
 21
75.07011919804458
 31
10.0
 12
252.55133335167537
 22
75.07011919804458
 32
11.4
 13
253.65413287902962
 23
74.38176376480735
 33
11.4
  0
3DFACE
  5
334
330
17
100
AcDbEntity
  8
WINDOWS
100
AcDbFace
 10
248.10803855893383
 20
77.84357533054423
 30
10.0
 11
247.00523903157958
 21
78.53193076378146
 31
10.0
 12
247.00523903157958
 22
78.53193076378146
 32
11.4
 13
248.10803855893383
 23
77.84357533054423
 33
11.4
  0
3DFACE
  5
335
330
17
100
AcDbEntity
  8
WINDOWS
100
AcDbFace
 10
242.56194423883804
 20
81.3053868962811
 30
10.0
 11
241.4591447114838
 21
81.99374232951834
 31
10.0
 12
241.4591447114838
 22
81.99374232951834
 32
11.4
 13
242.56194423883804
 23
81.3053868962811
 33
11.4
  0
3DFACE
  5
336
330
17
100
AcDbEntity
  8
WINDOWS
100
AcDbFace
 10
237.01584991874225
 20
84.76719846201797
 30
10.0
 11
235.913050391388
 21
85.4555538952552
 31
10.0
 12
235.913050391388
 22
85.4555538952552
 32
11.4
 13
237.01584991874225
 23
84.76719846201797
 33
11.4
  0
3DFACE
  5
337
330
17
100
AcDbEntity
  8
WINDOWS
100
AcDbFace
 10
231.46975559864646
 20
88.22901002775485
 30
10.0
 11
230.3669560712922
 21
88.91736546099209
 31
10.0
 12
230.3669560712922
 22
88.91736546099209
 32
11.4
 13
231.46975559864646
 23
88.22901002775485
 33
11.4
  0
3DFACE
  5
338
330
17
100
AcDbEntity
  8
WINDOWS
100
AcDbFace
 10
225.92366127855067
 20
91.69082159349173
 30
10.0
 11
224.82086175119642
 21
92.37917702672897
 31
10.0
 12
224.82086175119642
 22
92.37917702672897
 32
11.4
 13
225.92366127855067
 23
91.69082159349173
 33
11.4
  0
3DFACE
  5
339
330
17
100
AcDbEntity
  8
WINDOWS
100
AcDbFace
 10
220.37756695845488
 20
95.15263315922861
 30
10.0
 11
219.27476743110063
 21
95.84098859246585
 31
10.0
 12
219.27476743110063
 22
95.84098859246585
 32
11.4
 13
220.37756695845488
 23
95.15263315922861
 33
11.4
  0
3DFACE
  5
33A
330
17
100
AcDbEntity
  8
WINDOWS
100
AcDbFace
 10
214.8314726383591
 20
98.6144447249655
 30
10.0
 11
213.72867311100484
 21
99.30280015820273
 31
10.0
 12
213.72867311100484
 22
99.30280015820273
 32
11.4
 13
214.8314726383591
 23
98.6144447249655
 33
11.4
  0
3DFACE
  5
33B
330
17
100
AcDbEntity
  8
WINDOWS
100
AcDbFace
 10
209.2853783182633
 20
102.07625629070237
 30
10.0
 11
208.18257879090905
 21
102.76461172393961
 31
10.0
 12
208.18257879090905
 22
102.76461172393961
 32
11.4
 13
209.2853783182633
 23
102.07625629070237
 33
11.4
  0
3DFACE
  5
33C
330
17
100
AcDbEntity
  8
WINDOWS
100
AcDbFace
 10
203.7392839981675
 20
105.53806785643924
 30
10.0
 11
202.63648447081326
 21
106.22642328967648
 31
10.0
 12
202.63648447081326
 22
106.22642328967648
 32
11.4
 13
203.7392839981675
 23
105.53806785643924
 33
11.4
  0
3DFACE
  5
33D
330
17
100
AcDbEntity
  8
WINDOWS
100
AcDbFace
 10
198.19318967807172
 20
108.99987942217612
 30
10.0
 11
197.09039015071747
 21
109.68823485541336
 31
10.0
 12
197.09039015071747
 22
109.68823485541336
 32
11.4
 13
198.19318967807172
 23
108.99987942217612
 33
11.4
  0
3DFACE
  5
33E
330
17
100
AcDbEntity
  8
WINDOWS
100
AcDbFace
 10
253.65413287902962
 20
74.38176376480735
 30
13.0
 11
252.55133335167537
 21
75.07011919804458
 31
13.0
 12
252.55133335167537
 22
75.07011919804458
 32
14.4
 13
253.65413287902962
 23
74.38176376480735
 33
14.4
  0
3DFACE
  5
33F
330
17
100
AcDbEntity
  8
WINDOWS
100
AcDbFace
 10
248.10803855893383
 20
77.84357533054423
 30
13.0
 11
247.00523903157958
 21
78.53193076378146
 31
13.0
 12
247.00523903157958
 22
78.53193076378146
 32
14.4
 13
248.10803855893383
 23
77.84357533054423
 33
14.4
  0
3DFACE
  5
340
330
17
100
AcDbEntity
  8
WINDOWS
100
AcDbFace
 10
242.56194423883804
 20
81.3053868962811
 30
13.0
 11
241.4591447114838
 21
81.99374232951834
 31
13.0
 12
241.4591447114838
 22
81.99374232951834
 32
14.4
 13
242.56194423883804
 23
81.3053868962811
 33
14.4
  0
3DFACE
  5
341
330
17
100
AcDbEntity
  8
WINDOWS
100
AcDbFace
 10
237.01584991874225
 20
84.76719846201797
 30
13.0
 11
235.913050391388
 21
85.4555538952552
 31
13.0
 12
235.913050391388
 22
85.4555538952552
 32
14.4
 13
237.01584991874225
 23
84.76719846201797
 33
14.4
  0
3DFACE
  5
342
330
17
100
AcDbEntity
  8
WINDOWS
100
AcDbFace
 10
231.46975559864646
 20
88.22901002775485
 30
13.0
 11
230.3669560712922
 21
88.91736546099209
 31
13.0
 12
230.3669560712922
 22
88.91736546099209
 32
14.4
 13
231.46975559864646
 23
88.22901002775485
 33
14.4
  0
3DFACE
  5
343
330
17
100
AcDbEntity
  8
WINDOWS
100
AcDbFace
 10
225.92366127855067
 20
91.69082159349173
 30
13.0
 11
224.82086175119642
 21
92.37917702672897
 31
13.0
 12
224.82086175119642
 22
92.37917702672897
 32
14.4
 13
225.92366127855067
 23
91.69082159349173
 33
14.4
  0
3DFACE
  5
344
330
17
100
AcDbEntity
  8
WINDOWS
100
AcDbFace
 10
220.37756695845488
 20
95.15263315922861
 30
13.0
 11
219.27476743110063
 21
95.84098859246585
 31
13.0
 12
219.27476743110063
 22
95.84098859246585
 32
14.4
 13
220.37756695845488
 23
95.15263315922861
 33
14.4
  0
3DFACE
  5
345
330
17
100
AcDbEntity
  8
WINDOWS
100
AcDbFace
 10
214.8314726383591
 20
98.6144447249655
 30
13.0
 11
213.72867311100484
 21
99.30280015820273
 31
13.0
 12
213.72867311100484
 22
99.30280015820273
 32
14.4
 13
214.8314726383591
 23
98.6144447249655
 33
14.4
  0
3DFACE
  5
346
330
17
100
AcDbEntity
  8
WINDOWS
100
AcDbFace
 10
209.2853783182633
 20
102.07625629070237
 30
13.0
 11
208.18257879090905
 21
102.76461172393961
 31
13.0
 12
208.18257879090905
 22
102.76461172393961
 32
14.4
 13
209.2853783182633
 23
102.07625629070237
 33
14.4
  0
3DFACE
  5
347
330
17
100
AcDbEntity
  8
WINDOWS
100
AcDbFace
 10
203.7392839981675
 20
105.53806785643924
 30
13.0
 11
202.63648447081326
 21
106.22642328967648
 31
13.0
 12
202.63648447081326
 22
106.22642328967648
 32
14.4
 13
203.7392839981675
 23
105.53806785643924
 33
14.4
  0
3DFACE
  5
348
330
17
100
AcDbEntity
  8
WINDOWS
100
AcDbFace
 10
198.19318967807172
 20
108.99987942217612
 30
13.0
 11
197.09039015071747
 21
109.68823485541336
 31
13.0
 12
197.09039015071747
 22
109.68823485541336
 32
14.4
 13
198.19318967807172
 23
108.99987942217612
 33
14.4
  0
3DFACE
  5
349
330
17
100
AcDbEntity
  8
WINDOWS
100
AcDbFace
 10
253.65413287902962
 20
74.38176376480735
 30
16.0
 11
252.55133335167537
 21
75.07011919804458
 31
16.0
 12
252.55133335167537
 22
75.07011919804458
 32
17.4
 13
253.65413287902962
 23
74.38176376480735
 33
17.4
  0
3DFACE
  5
34A
330
17
100
AcDbEntity
  8
WINDOWS
100
AcDbFace
 10
248.10803855893383
 20
77.84357533054423
 30
16.0
 11
247.00523903157958
 21
78.53193076378146
 31
16.0
 12
247.00523903157958
 22
78.53193076378146
 32
17.4
 13
248.10803855893383
 23
77.84357533054423
 33
17.4
  0
3DFACE
  5
34B
330
17
100
AcDbEntity
  8
WINDOWS
100
AcDbFace
 10
242.56194423883804
 20
81.3053868962811
 30
16.0
 11
241.4591447114838
 21
81.99374232951834
 31
16.0
 12
241.4591447114838
 22
81.99374232951834
 32
17.4
 13
242.56194423883804
 23
81.3053868962811
 33
17.4
  0
3DFACE
  5
34C
330
17
100
AcDbEntity
  8
WINDOWS
100
AcDbFace
 10
237.01584991874225
 20
84.76719846201797
 30
16.0
 11
235.913050391388
 21
85.4555538952552
 31
16.0
 12
235.913050391388
 22
85.4555538952552
 32
17.4
 13
237.01584991874225
 23
84.76719846201797
 33
17.4
  0
3DFACE
  5
34D
330
17
100
AcDbEntity
  8
WINDOWS
100
AcDbFace
 10
231.46975559864646
 20
88.22901002775485
 30
16.0
 11
230.3669560712922
 21
88.91736546099209
 31
16.0
 12
230.3669560712922
 22
88.91736546099209
 32
17.4
 13
231.46975559864646
 23
88.22901002775485
 33
17.4
  0
3DFACE
  5
34E
330
17
100
AcDbEntity
  8
WINDOWS
100
AcDbFace
 10
225.92366127855067
 20
91.69082159349173
 30
16.0
 11
224.82086175119642
 21
92.37917702672897
 31
16.0
 12
224.82086175119642
 22
92.37917702672897
 32
17.4
 13
225.92366127855067
 23
91.69082159349173
 33
17.4
  0
3DFACE
  5
34F
330
17
100
AcDbEntity
  8
WINDOWS
100
AcDbFace
 10
220.37756695845488
 20
95.15263315922861
 30
16.0
 11
219.27476743110063
 21
95.84098859246585
 31
16.0
 12
219.27476743110063
 22
95.84098859246585
 32
17.4
 13
220.37756695845488
 23
95.15263315922861
 33
17.4
  0
3DFACE
  5
350
330
17
100
AcDbEntity
  8
WINDOWS
100
AcDbFace
 10
214.8314726383591
 20
98.6144447249655
 30
16.0
 11
213.72867311100484
 21
99.30280015820273
 31
16.0
 12
213.72867311100484
 22
99.30280015820273
 32
17.4
 13
214.8314726383591
 23
98.6144447249655
 33
17.4
  0
3DFACE
  5
351
330
17
100
AcDbEntity
  8
WINDOWS
100
AcDbFace
 10
209.2853783182633
 20
102.07625629070237
 30
16.0
 11
208.18257879090905
 21
102.76461172393961
 31
16.0
 12
208.18257879090905
 22
102.76461172393961
 32
17.4
 13
209.2853783182633
 23
102.07625629070237
 33
17.4
  0
3DFACE
  5
352
330
17
100
AcDbEntity
  8
WINDOWS
100
AcDbFace
 10
203.7392839981675
 20
105.53806785643924
 30
16.0
 11
202.63648447081326
 21
106.22642328967648
 31
16.0
 12
202.63648447081326
 22
106.22642328967648
 32
17.4
 13
203.7392839981675
 23
105.53806785643924
 33
17.4
  0
3DFACE
  5
353
330
17
100
AcDbEntity
  8
WINDOWS
100
AcDbFace
 10
198.19318967807172
 20
108.99987942217612
 30
16.0
 11
197.09039015071747
 21
109.68823485541336
 31
16.0
 12
197.09039015071747
 22
109.68823485541336
 32
17.4
 13
198.19318967807172
 23
108.99987942217612
 33
17.4
  0
3DFACE
  5
354
330
17
100
AcDbEntity
  8
WINDOWS
100
AcDbFace
 10
253.65413287902962
 20
74.38176376480735
 30
19.0
 11
252.55133335167537
 21
75.07011919804458
 31
19.0
 12
252.55133335167537
 22
75.07011919804458
 32
20.4
 13
253.65413287902962
 23
74.38176376480735
 33
20.4
  0
3DFACE
  5
355
330
17
100
AcDbEntity
  8
WINDOWS
100
AcDbFace
 10
248.10803855893383
 20
77.84357533054423
 30
19.0
 11
247.00523903157958
 21
78.53193076378146
 31
19.0
 12
247.00523903157958
 22
78.53193076378146
 32
20.4
 13
248.10803855893383
 23
77.84357533054423
 33
20.4
  0
3DFACE
  5
356
330
17
100
AcDbEntity
  8
WINDOWS
100
AcDbFace
 10
242.56194423883804
 20
81.3053868962811
 30
19.0
 11
241.4591447114838
 21
81.99374232951834
 31
19.0
 12
241.4591447114838
 22
81.99374232951834
 32
20.4
 13
242.56194423883804
 23
81.3053868962811
 33
20.4
  0
3DFACE
  5
357
330
17
100
AcDbEntity
  8
WINDOWS
100
AcDbFace
 10
237.01584991874225
 20
84.76719846201797
 30
19.0
 11
235.913050391388
 21
85.4555538952552
 31
19.0
 12
235.913050391388
 22
85.4555538952552
 32
20.4
 13
237.01584991874225
 23
84.76719846201797
 33
20.4
  0
3DFACE
  5
358
330
17
100
AcDbEntity
  8
WINDOWS
100
AcDbFace
 10
231.46975559864646
 20
88.22901002775485
 30
19.0
 11
230.3669560712922
 21
88.91736546099209
 31
19.0
 12
230.3669560712922
 22
88.91736546099209
 32
20.4
 13
231.46975559864646
 23
88.22901002775485
 33
20.4
  0
3DFACE
  5
359
330
17
100
AcDbEntity
  8
WINDOWS
100
AcDbFace
 10
225.92366127855067
 20
91.69082159349173
 30
19.0
 11
224.82086175119642
 21
92.37917702672897
 31
19.0
 12
224.82086175119642
 22
92.37917702672897
 32
20.4
 13
225.92366127855067
 23
91.69082159349173
 33
20.4
  0
3DFACE
  5
35A
330
17
100
AcDbEntity
  8
WINDOWS
100
AcDbFace
 10
220.37756695845488
 20
95.15263315922861
 30
19.0
 11
219.27476743110063
 21
95.84098859246585
 31
19.0
 12
219.27476743110063
 22
95.84098859246585
 32
20.4
 13
220.37756695845488
 23
95.15263315922861
 33
20.4
  0
3DFACE
  5
35B
330
17
100
AcDbEntity
  8
WINDOWS
100
AcDbFace
 10
214.8314726383591
 20
98.6144447249655
 30
19.0
 11
213.72867311100484
 21
99.30280015820273
 31
19.0
 12
213.72867311100484
 22
99.30280015820273
 32
20.4
 13
214.8314726383591
 23
98.6144447249655
 33
20.4
  0
3DFACE
  5
35C
330
17
100
AcDbEntity
  8
WINDOWS
100
AcDbFace
 10
209.2853783182633
 20
102.07625629070237
 30
19.0
 11
208.18257879090905
 21
102.76461172393961
 31
19.0
 12
208.18257879090905
 22
102.76461172393961
 32
20.4
 13
209.2853783182633
 23
102.07625629070237
 33
20.4
  0
3DFACE
  5
35D
330
17
100
AcDbEntity
  8
WINDOWS
100
AcDbFace
 10
203.7392839981675
 20
105.53806785643924
 30
19.0
 11
202.63648447081326
 21
106.22642328967648
 31
19.0
 12
202.63648447081326
 22
106.22642328967648
 32
20.4
 13
203.7392839981675
 23
105.53806785643924
 33
20.4
  0
3DFACE
  5
35E
330
17
100
AcDbEntity
  8
WINDOWS
100
AcDbFace
 10
198.19318967807172
 20
108.99987942217612
 30
19.0
 11
197.09039015071747
 21
109.68823485541336
 31
19.0
 12
197.09039015071747
 22
109.68823485541336
 32
20.4
 13
198.19318967807172
 23
108.99987942217612
 33
20.4
  0
3DFACE
  5
35F
330
17
100
AcDbEntity
  8
WINDOWS
100
AcDbFace
 10
253.65413287902962
 20
74.38176376480735
 30
22.0
 11
252.55133335167537
 21
75.07011919804458
 31
22.0
 12
252.55133335167537
 22
75.07011919804458
 32
23.4
 13
253.65413287902962
 23
74.38176376480735
 33
23.4
  0
3DFACE
  5
360
330
17
100
AcDbEntity
  8
WINDOWS
100
AcDbFace
 10
248.10803855893383
 20
77.84357533054423
 30
22.0
 11
247.00523903157958
 21
78.53193076378146
 31
22.0
 12
247.00523903157958
 22
78.53193076378146
 32
23.4
 13
248.10803855893383
 23
77.84357533054423
 33
23.4
  0
3DFACE
  5
361
330
17
100
AcDbEntity
  8
WINDOWS
100
AcDbFace
 10
242.56194423883804
 20
81.3053868962811
 30
22.0
 11
241.4591447114838
 21
81.99374232951834
 31
22.0
 12
241.4591447114838
 22
81.99374232951834
 32
23.4
 13
242.56194423883804
 23
81.3053868962811
 33
23.4
  0
3DFACE
  5
362
330
17
100
AcDbEntity
  8
WINDOWS
100
AcDbFace
 10
237.01584991874225
 20
84.76719846201797
 30
22.0
 11
235.913050391388
 21
85.4555538952552
 31
22.0
 12
235.913050391388
 22
85.4555538952552
 32
23.4
 13
237.01584991874225
 23
84.76719846201797
 33
23.4
  0
3DFACE
  5
363
330
17
100
AcDbEntity
  8
WINDOWS
100
AcDbFace
 10
231.46975559864646
 20
88.22901002775485
 30
22.0
 11
230.3669560712922
 21
88.91736546099209
 31
22.0
 12
230.3669560712922
 22
88.91736546099209
 32
23.4
 13
231.46975559864646
 23
88.22901002775485
 33
23.4
  0
3DFACE
  5
364
330
17
100
AcDbEntity
  8
WINDOWS
100
AcDbFace
 10
225.92366127855067
 20
91.69082159349173
 30
22.0
 11
224.82086175119642
 21
92.37917702672897
 31
22.0
 12
224.82086175119642
 22
92.37917702672897
 32
23.4
 13
225.92366127855067
 23
91.69082159349173
 33
23.4
  0
3DFACE
  5
365
330
17
100
AcDbEntity
  8
WINDOWS
100
AcDbFace
 10
220.37756695845488
 20
95.15263315922861
 30
22.0
 11
219.27476743110063
 21
95.84098859246585
 31
22.0
 12
219.27476743110063
 22
95.84098859246585
 32
23.4
 13
220.37756695845488
 23
95.15263315922861
 33
23.4
  0
3DFACE
  5
366
330
17
100
AcDbEntity
  8
WINDOWS
100
AcDbFace
 10
214.8314726383591
 20
98.6144447249655
 30
22.0
 11
213.72867311100484
 21
99.30280015820273
 31
22.0
 12
213.72867311100484
 22
99.30280015820273
 32
23.4
 13
214.8314726383591
 23
98.6144447249655
 33
23.4
  0
3DFACE
  5
367
330
17
100
AcDbEntity
  8
WINDOWS
100
AcDbFace
 10
209.2853783182633
 20
102.07625629070237
 30
22.0
 11
208.18257879090905
 21
102.76461172393961
 31
22.0
 12
208.18257879090905
 22
102.76461172393961
 32
23.4
 13
209.2853783182633
 23
102.07625629070237
 33
23.4
  0
3DFACE
  5
368
330
17
100
AcDbEntity
  8
WINDOWS
100
AcDbFace
 10
203.7392839981675
 20
105.53806785643924
 30
22.0
 11
202.63648447081326
 21
106.22642328967648
 31
22.0
 12
202.63648447081326
 22
106.22642328967648
 32
23.4
 13
203.7392839981675
 23
105.53806785643924
 33
23.4
  0
3DFACE
  5
369
330
17
100
AcDbEntity
  8
WINDOWS
100
AcDbFace
 10
198.19318967807172
 20
108.99987942217612
 30
22.0
 11
197.09039015071747
 21
109.68823485541336
 31
22.0
 12
197.09039015071747
 22
109.68823485541336
 32
23.4
 13
198.19318967807172
 23
108.99987942217612
 33
23.4
  0
3DFACE
  5
36A
330
17
100
AcDbEntity
  8
WINDOWS
100
AcDbFace
 10
253.65413287902962
 20
74.38176376480735
 30
25.0
 11
252.55133335167537
 21
75.07011919804458
 31
25.0
 12
252.55133335167537
 22
75.07011919804458
 32
26.4
 13
253.65413287902962
 23
74.38176376480735
 33
26.4
  0
3DFACE
  5
36B
330
17
100
AcDbEntity
  8
WINDOWS
100
AcDbFace
 10
248.10803855893383
 20
77.84357533054423
 30
25.0
 11
247.00523903157958
 21
78.53193076378146
 31
25.0
 12
247.00523903157958
 22
78.53193076378146
 32
26.4
 13
248.10803855893383
 23
77.84357533054423
 33
26.4
  0
3DFACE
  5
36C
330
17
100
AcDbEntity
  8
WINDOWS
100
AcDbFace
 10
242.56194423883804
 20
81.3053868962811
 30
25.0
 11
241.4591447114838
 21
81.99374232951834
 31
25.0
 12
241.4591447114838
 22
81.99374232951834
 32
26.4
 13
242.56194423883804
 23
81.3053868962811
 33
26.4
  0
3DFACE
  5
36D
330
17
100
AcDbEntity
  8
WINDOWS
100
AcDbFace
 10
237.01584991874225
 20
84.76719846201797
 30
25.0
 11
235.913050391388
 21
85.4555538952552
 31
25.0
 12
235.913050391388
 22
85.4555538952552
 32
26.4
 13
237.01584991874225
 23
84.76719846201797
 33
26.4
  0
3DFACE
  5
36E
330
17
100
AcDbEntity
  8
WINDOWS
100
AcDbFace
 10
231.46975559864646
 20
88.22901002775485
 30
25.0
 11
230.3669560712922
 21
88.91736546099209
 31
25.0
 12
230.3669560712922
 22
88.91736546099209
 32
26.4
 13
231.46975559864646
 23
88.22901002775485
 33
26.4
  0
3DFACE
  5
36F
330
17
100
AcDbEntity
  8
WINDOWS
100
AcDbFace
 10
225.92366127855067
 20
91.69082159349173
 30
25.0
 11
224.82086175119642
 21
92.37917702672897
 31
25.0
 12
224.82086175119642
 22
92.37917702672897
 32
26.4
 13
225.92366127855067
 23
91.69082159349173
 33
26.4
  0
3DFACE
  5
370
330
17
100
AcDbEntity
  8
WINDOWS
100
AcDbFace
 10
220.37756695845488
 20
95.15263315922861
 30
25.0
 11
219.27476743110063
 21
95.84098859246585
 31
25.0
 12
219.27476743110063
 22
95.84098859246585
 32
26.4
 13
220.37756695845488
 23
95.15263315922861
 33
26.4
  0
3DFACE
  5
371
330
17
100
AcDbEntity
  8
WINDOWS
100
AcDbFace
 10
214.8314726383591
 20
98.6144447249655
 30
25.0
 11
213.72867311100484
 21
99.30280015820273
 31
25.0
 12
213.72867311100484
 22
99.30280015820273
 32
26.4
 13
214.8314726383591
 23
98.6144447249655
 33
26.4
  0
3DFACE
  5
372
330
17
100
AcDbEntity
  8
WINDOWS
100
AcDbFace
 10
209.2853783182633
 20
102.07625629070237
 30
25.0
 11
208.18257879090905
 21
102.76461172393961
 31
25.0
 12
208.18257879090905
 22
102.76461172393961
 32
26.4
 13
209.2853783182633
 23
102.07625629070237
 33
26.4
  0
3DFACE
  5
373
330
17
100
AcDbEntity
  8
WINDOWS
100
AcDbFace
 10
203.7392839981675
 20
105.53806785643924
 30
25.0
 11
202.63648447081326
 21
106.22642328967648
 31
25.0
 12
202.63648447081326
 22
106.22642328967648
 32
26.4
 13
203.7392839981675
 23
105.53806785643924
 33
26.4
  0
3DFACE
  5
374
330
17
100
AcDbEntity
  8
WINDOWS
100
AcDbFace
 10
198.19318967807172
 20
108.99987942217612
 30
25.0
 11
197.09039015071747
 21
109.68823485541336
 31
25.0
 12
197.09039015071747
 22
109.68823485541336
 32
26.4
 13
198.19318967807172
 23
108.99987942217612
 33
26.4
  0
3DFACE
  5
375
330
17
100
AcDbEntity
  8
WINDOWS
100
AcDbFace
 10
253.65413287902962
 20
74.38176376480735
 30
28.0
 11
252.55133335167537
 21
75.07011919804458
 31
28.0
 12
252.55133335167537
 22
75.07011919804458
 32
29.4
 13
253.65413287902962
 23
74.38176376480735
 33
29.4
  0
3DFACE
  5
376
330
17
100
AcDbEntity
  8
WINDOWS
100
AcDbFace
 10
248.10803855893383
 20
77.84357533054423
 30
28.0
 11
247.00523903157958
 21
78.53193076378146
 31
28.0
 12
247.00523903157958
 22
78.53193076378146
 32
29.4
 13
248.10803855893383
 23
77.84357533054423
 33
29.4
  0
3DFACE
  5
377
330
17
100
AcDbEntity
  8
WINDOWS
100
AcDbFace
 10
242.56194423883804
 20
81.3053868962811
 30
28.0
 11
241.4591447114838
 21
81.99374232951834
 31
28.0
 12
241.4591447114838
 22
81.99374232951834
 32
29.4
 13
242.56194423883804
 23
81.3053868962811
 33
29.4
  0
3DFACE
  5
378
330
17
100
AcDbEntity
  8
WINDOWS
100
AcDbFace
 10
237.01584991874225
 20
84.76719846201797
 30
28.0
 11
235.913050391388
 21
85.4555538952552
 31
28.0
 12
235.913050391388
 22
85.4555538952552
 32
29.4
 13
237.01584991874225
 23
84.76719846201797
 33
29.4
  0
3DFACE
  5
379
330
17
100
AcDbEntity
  8
WINDOWS
100
AcDbFace
 10
231.46975559864646
 20
88.22901002775485
 30
28.0
 11
230.3669560712922
 21
88.91736546099209
 31
28.0
 12
230.3669560712922
 22
88.91736546099209
 32
29.4
 13
231.46975559864646
 23
88.22901002775485
 33
29.4
  0
3DFACE
  5
37A
330
17
100
AcDbEntity
  8
WINDOWS
100
AcDbFace
 10
225.92366127855067
 20
91.69082159349173
 30
28.0
 11
224.82086175119642
 21
92.37917702672897
 31
28.0
 12
224.82086175119642
 22
92.37917702672897
 32
29.4
 13
225.92366127855067
 23
91.69082159349173
 33
29.4
  0
3DFACE
  5
37B
330
17
100
AcDbEntity
  8
WINDOWS
100
AcDbFace
 10
220.37756695845488
 20
95.15263315922861
 30
28.0
 11
219.27476743110063
 21
95.84098859246585
 31
28.0
 12
219.27476743110063
 22
95.84098859246585
 32
29.4
 13
220.37756695845488
 23
95.15263315922861
 33
29.4
  0
3DFACE
  5
37C
330
17
100
AcDbEntity
  8
WINDOWS
100
AcDbFace
 10
214.8314726383591
 20
98.6144447249655
 30
28.0
 11
213.72867311100484
 21
99.30280015820273
 31
28.0
 12
213.72867311100484
 22
99.30280015820273
 32
29.4
 13
214.8314726383591
 23
98.6144447249655
 33
29.4
  0
3DFACE
  5
37D
330
17
100
AcDbEntity
  8
WINDOWS
100
AcDbFace
 10
209.2853783182633
 20
102.07625629070237
 30
28.0
 11
208.18257879090905
 21
102.76461172393961
 31
28.0
 12
208.18257879090905
 22
102.76461172393961
 32
29.4
 13
209.2853783182633
 23
102.07625629070237
 33
29.4
  0
3DFACE
  5
37E
330
17
100
AcDbEntity
  8
WINDOWS
100
AcDbFace
 10
203.7392839981675
 20
105.53806785643924
 30
28.0
 11
202.63648447081326
 21
106.22642328967648
 31
28.0
 12
202.63648447081326
 22
106.22642328967648
 32
29.4
 13
203.7392839981675
 23
105.53806785643924
 33
29.4
  0
3DFACE
  5
37F
330
17
100
AcDbEntity
  8
WINDOWS
100
AcDbFace
 10
198.19318967807172
 20
108.99987942217612
 30
28.0
 11
197.09039015071747
 21
109.68823485541336
 31
28.0
 12
197.09039015071747
 22
109.68823485541336
 32
29.4
 13
198.19318967807172
 23
108.99987942217612
 33
29.4
  0
3DFACE
  5
380
330
17
100
AcDbEntity
  8
WINDOWS
100
AcDbFace
 10
253.65413287902962
 20
74.38176376480735
 30
31.0
 11
252.55133335167537
 21
75.07011919804458
 31
31.0
 12
252.55133335167537
 22
75.07011919804458
 32
32.4
 13
253.65413287902962
 23
74.38176376480735
 33
32.4
  0
3DFACE
  5
381
330
17
100
AcDbEntity
  8
WINDOWS
100
AcDbFace
 10
248.10803855893383
 20
77.84357533054423
 30
31.0
 11
247.00523903157958
 21
78.53193076378146
 31
31.0
 12
247.00523903157958
 22
78.53193076378146
 32
32.4
 13
248.10803855893383
 23
77.84357533054423
 33
32.4
  0
3DFACE
  5
382
330
17
100
AcDbEntity
  8
WINDOWS
100
AcDbFace
 10
242.56194423883804
 20
81.3053868962811
 30
31.0
 11
241.4591447114838
 21
81.99374232951834
 31
31.0
 12
241.4591447114838
 22
81.99374232951834
 32
32.4
 13
242.56194423883804
 23
81.3053868962811
 33
32.4
  0
3DFACE
  5
383
330
17
100
AcDbEntity
  8
WINDOWS
100
AcDbFace
 10
237.01584991874225
 20
84.76719846201797
 30
31.0
 11
235.913050391388
 21
85.4555538952552
 31
31.0
 12
235.913050391388
 22
85.4555538952552
 32
32.4
 13
237.01584991874225
 23
84.76719846201797
 33
32.4
  0
3DFACE
  5
384
330
17
100
AcDbEntity
  8
WINDOWS
100
AcDbFace
 10
231.46975559864646
 20
88.22901002775485
 30
31.0
 11
230.3669560712922
 21
88.91736546099209
 31
31.0
 12
230.3669560712922
 22
88.91736546099209
 32
32.4
 13
231.46975559864646
 23
88.22901002775485
 33
32.4
  0
3DFACE
  5
385
330
17
100
AcDbEntity
  8
WINDOWS
100
AcDbFace
 10
225.92366127855067
 20
91.69082159349173
 30
31.0
 11
224.82086175119642
 21
92.37917702672897
 31
31.0
 12
224.82086175119642
 22
92.37917702672897
 32
32.4
 13
225.92366127855067
 23
91.69082159349173
 33
32.4
  0
3DFACE
  5
386
330
17
100
AcDbEntity
  8
WINDOWS
100
AcDbFace
 10
220.37756695845488
 20
95.15263315922861
 30
31.0
 11
219.27476743110063
 21
95.84098859246585
 31
31.0
 12
219.27476743110063
 22
95.84098859246585
 32
32.4
 13
220.37756695845488
 23
95.15263315922861
 33
32.4
  0
3DFACE
  5
387
330
17
100
AcDbEntity
  8
WINDOWS
100
AcDbFace
 10
214.8314726383591
 20
98.6144447249655
 30
31.0
 11
213.72867311100484
 21
99.30280015820273
 31
31.0
 12
213.72867311100484
 22
99.30280015820273
 32
32.4
 13
214.8314726383591
 23
98.6144447249655
 33
32.4
  0
3DFACE
  5
388
330
17
100
AcDbEntity
  8
WINDOWS
100
AcDbFace
 10
209.2853783182633
 20
102.07625629070237
 30
31.0
 11
208.18257879090905
 21
102.76461172393961
 31
31.0
 12
208.18257879090905
 22
102.76461172393961
 32
32.4
 13
209.2853783182633
 23
102.07625629070237
 33
32.4
  0
3DFACE
  5
389
330
17
100
AcDbEntity
  8
WINDOWS
100
AcDbFace
 10
203.7392839981675
 20
105.53806785643924
 30
31.0
 11
202.63648447081326
 21
106.22642328967648
 31
31.0
 12
202.63648447081326
 22
106.22642328967648
 32
32.4
 13
203.7392839981675
 23
105.53806785643924
 33
32.4
  0
3DFACE
  5
38A
330
17
100
AcDbEntity
  8
WINDOWS
100
AcDbFace
 10
198.19318967807172
 20
108.99987942217612
 30
31.0
 11
197.09039015071747
 21
109.68823485541336
 31
31.0
 12
197.09039015071747
 22
109.68823485541336
 32
32.4
 13
198.19318967807172
 23
108.99987942217612
 33
32.4
  0
3DFACE
  5
38B
330
17
100
AcDbEntity
  8
WINDOWS
100
AcDbFace
 10
253.65413287902962
 20
74.38176376480735
 30
34.0
 11
252.55133335167537
 21
75.07011919804458
 31
34.0
 12
252.55133335167537
 22
75.07011919804458
 32
35.4
 13
253.65413287902962
 23
74.38176376480735
 33
35.4
  0
3DFACE
  5
38C
330
17
100
AcDbEntity
  8
WINDOWS
100
AcDbFace
 10
248.10803855893383
 20
77.84357533054423
 30
34.0
 11
247.00523903157958
 21
78.53193076378146
 31
34.0
 12
247.00523903157958
 22
78.53193076378146
 32
35.4
 13
248.10803855893383
 23
77.84357533054423
 33
35.4
  0
3DFACE
  5
38D
330
17
100
AcDbEntity
  8
WINDOWS
100
AcDbFace
 10
242.56194423883804
 20
81.3053868962811
 30
34.0
 11
241.4591447114838
 21
81.99374232951834
 31
34.0
 12
241.4591447114838
 22
81.99374232951834
 32
35.4
 13
242.56194423883804
 23
81.3053868962811
 33
35.4
  0
3DFACE
  5
38E
330
17
100
AcDbEntity
  8
WINDOWS
100
AcDbFace
 10
237.01584991874225
 20
84.76719846201797
 30
34.0
 11
235.913050391388
 21
85.4555538952552
 31
34.0
 12
235.913050391388
 22
85.4555538952552
 32
35.4
 13
237.01584991874225
 23
84.76719846201797
 33
35.4
  0
3DFACE
  5
38F
330
17
100
AcDbEntity
  8
WINDOWS
100
AcDbFace
 10
231.46975559864646
 20
88.22901002775485
 30
34.0
 11
230.3669560712922
 21
88.91736546099209
 31
34.0
 12
230.3669560712922
 22
88.91736546099209
 32
35.4
 13
231.46975559864646
 23
88.22901002775485
 33
35.4
  0
3DFACE
  5
390
330
17
100
AcDbEntity
  8
WINDOWS
100
AcDbFace
 10
225.92366127855067
 20
91.69082159349173
 30
34.0
 11
224.82086175119642
 21
92.37917702672897
 31
34.0
 12
224.82086175119642
 22
92.37917702672897
 32
35.4
 13
225.92366127855067
 23
91.69082159349173
 33
35.4
  0
3DFACE
  5
391
330
17
100
AcDbEntity
  8
WINDOWS
100
AcDbFace
 10
220.37756695845488
 20
95.15263315922861
 30
34.0
 11
219.27476743110063
 21
95.84098859246585
 31
34.0
 12
219.27476743110063
 22
95.84098859246585
 32
35.4
 13
220.37756695845488
 23
95.15263315922861
 33
35.4
  0
3DFACE
  5
392
330
17
100
AcDbEntity
  8
WINDOWS
100
AcDbFace
 10
214.8314726383591
 20
98.6144447249655
 30
34.0
 11
213.72867311100484
 21
99.30280015820273
 31
34.0
 12
213.72867311100484
 22
99.30280015820273
 32
35.4
 13
214.8314726383591
 23
98.6144447249655
 33
35.4
  0
3DFACE
  5
393
330
17
100
AcDbEntity
  8
WINDOWS
100
AcDbFace
 10
209.2853783182633
 20
102.07625629070237
 30
34.0
 11
208.18257879090905
 21
102.76461172393961
 31
34.0
 12
208.18257879090905
 22
102.76461172393961
 32
35.4
 13
209.2853783182633
 23
102.07625629070237
 33
35.4
  0
3DFACE
  5
394
330
17
100
AcDbEntity
  8
WINDOWS
100
AcDbFace
 10
203.7392839981675
 20
105.53806785643924
 30
34.0
 11
202.63648447081326
 21
106.22642328967648
 31
34.0
 12
202.63648447081326
 22
106.22642328967648
 32
35.4
 13
203.7392839981675
 23
105.53806785643924
 33
35.4
  0
3DFACE
  5
395
330
17
100
AcDbEntity
  8
WINDOWS
100
AcDbFace
 10
198.19318967807172
 20
108.99987942217612
 30
34.0
 11
197.09039015071747
 21
109.68823485541336
 31
34.0
 12
197.09039015071747
 22
109.68823485541336
 32
35.4
 13
198.19318967807172
 23
108.99987942217612
 33
35.4
  0
3DFACE
  5
396
330
17
100
AcDbEntity
  8
WINDOWS
100
AcDbFace
 10
253.65413287902962
 20
74.38176376480735
 30
37.0
 11
252.55133335167537
 21
75.07011919804458
 31
37.0
 12
252.55133335167537
 22
75.07011919804458
 32
38.4
 13
253.65413287902962
 23
74.38176376480735
 33
38.4
  0
3DFACE
  5
397
330
17
100
AcDbEntity
  8
WINDOWS
100
AcDbFace
 10
248.10803855893383
 20
77.84357533054423
 30
37.0
 11
247.00523903157958
 21
78.53193076378146
 31
37.0
 12
247.00523903157958
 22
78.53193076378146
 32
38.4
 13
248.10803855893383
 23
77.84357533054423
 33
38.4
  0
3DFACE
  5
398
330
17
100
AcDbEntity
  8
WINDOWS
100
AcDbFace
 10
242.56194423883804
 20
81.3053868962811
 30
37.0
 11
241.4591447114838
 21
81.99374232951834
 31
37.0
 12
241.4591447114838
 22
81.99374232951834
 32
38.4
 13
242.56194423883804
 23
81.3053868962811
 33
38.4
  0
3DFACE
  5
399
330
17
100
AcDbEntity
  8
WINDOWS
100
AcDbFace
 10
237.01584991874225
 20
84.76719846201797
 30
37.0
 11
235.913050391388
 21
85.4555538952552
 31
37.0
 12
235.913050391388
 22
85.4555538952552
 32
38.4
 13
237.01584991874225
 23
84.76719846201797
 33
38.4
  0
3DFACE
  5
39A
330
17
100
AcDbEntity
  8
WINDOWS
100
AcDbFace
 10
231.46975559864646
 20
88.22901002775485
 30
37.0
 11
230.3669560712922
 21
88.91736546099209
 31
37.0
 12
230.3669560712922
 22
88.91736546099209
 32
38.4
 13
231.46975559864646
 23
88.22901002775485
 33
38.4
  0
3DFACE
  5
39B
330
17
100
AcDbEntity
  8
WINDOWS
100
AcDbFace
 10
225.92366127855067
 20
91.69082159349173
 30
37.0
 11
224.82086175119642
 21
92.37917702672897
 31
37.0
 12
224.82086175119642
 22
92.37917702672897
 32
38.4
 13
225.92366127855067
 23
91.69082159349173
 33
38.4
  0
3DFACE
  5
39C
330
17
100
AcDbEntity
  8
WINDOWS
100
AcDbFace
 10
220.37756695845488
 20
95.15263315922861
 30
37.0
 11
219.27476743110063
 21
95.84098859246585
 31
37.0
 12
219.27476743110063
 22
95.84098859246585
 32
38.4
 13
220.37756695845488
 23
95.15263315922861
 33
38.4
  0
3DFACE
  5
39D
330
17
100
AcDbEntity
  8
WINDOWS
100
AcDbFace
 10
214.8314726383591
 20
98.6144447249655
 30
37.0
 11
213.72867311100484
 21
99.30280015820273
 31
37.0
 12
213.72867311100484
 22
99.30280015820273
 32
38.4
 13
214.8314726383591
 23
98.6144447249655
 33
38.4
  0
3DFACE
  5
39E
330
17
100
AcDbEntity
  8
WINDOWS
100
AcDbFace
 10
209.2853783182633
 20
102.07625629070237
 30
37.0
 11
208.18257879090905
 21
102.76461172393961
 31
37.0
 12
208.18257879090905
 22
102.76461172393961
 32
38.4
 13
209.2853783182633
 23
102.07625629070237
 33
38.4
  0
3DFACE
  5
39F
330
17
100
AcDbEntity
  8
WINDOWS
100
AcDbFace
 10
203.7392839981675
 20
105.53806785643924
 30
37.0
 11
202.63648447081326
 21
106.22642328967648
 31
37.0
 12
202.63648447081326
 22
106.22642328967648
 32
38.4
 13
203.7392839981675
 23
105.53806785643924
 33
38.4
  0
3DFACE
  5
3A0
330
17
100
AcDbEntity
  8
WINDOWS
100
AcDbFace
 10
198.19318967807172
 20
108.99987942217612
 30
37.0
 11
197.09039015071747
 21
109.68823485541336
 31
37.0
 12
197.09039015071747
 22
109.68823485541336
 32
38.4
 13
198.19318967807172
 23
108.99987942217612
 33
38.4
  0
3DFACE
  5
3A1
330
17
100
AcDbEntity
  8
WINDOWS
100
AcDbFace
 10
189.46286442748027
 20
114.43004882441565
 30
1.0
 11
188.35750201409104
 21
115.11428119361955
 31
1.0
 12
188.35750201409104
 22
115.11428119361955
 32
2.4
 13
189.46286442748027
 23
114.43004882441565
 33
2.4
  0
3DFACE
  5
3A2
330
17
100
AcDbEntity
  8
WINDOWS
100
AcDbFace
 10
184.33977263464328
 20
117.60130305976985
 30
1.0
 11
183.23441022125405
 21
118.28553542897374
 31
1.0
 12
183.23441022125405
 22
118.28553542897374
 32
2.4
 13
184.33977263464328
 23
117.60130305976985
 33
2.4
  0
3DFACE
  5
3A3
330
17
100
AcDbEntity
  8
WINDOWS
100
AcDbFace
 10
179.2166808418063
 20
120.77255729512406
 30
1.0
 11
178.11131842841706
 21
121.45678966432796
 31
1.0
 12
178.11131842841706
 22
121.45678966432796
 32
2.4
 13
179.2166808418063
 23
120.77255729512406
 33
2.4
  0
3DFACE
  5
3A4
330
17
100
AcDbEntity
  8
WINDOWS
100
AcDbFace
 10
168.97049725613232
 20
127.11506576583245
 30
1.0
 11
167.8651348427431
 21
127.79929813503635
 31
1.0
 12
167.8651348427431
 22
127.79929813503635
 32
2.4
 13
168.97049725613232
 23
127.11506576583245
 33
2.4
  0
3DFACE
  5
3A5
330
17
100
AcDbEntity
  8
WINDOWS
100
AcDbFace
 10
163.8474054632953
 20
130.28632000118668
 30
1.0
 11
162.74204304990607
 21
130.97055237039055
 31
1.0
 12
162.74204304990607
 22
130.97055237039055
 32
2.4
 13
163.8474054632953
 23
130.28632000118668
 33
2.4
  0
3DFACE
  5
3A6
330
17
100
AcDbEntity
  8
WINDOWS
100
AcDbFace
 10
158.72431367045832
 20
133.4575742365409
 30
1.0
 11
157.61895125706909
 21
134.14180660574476
 31
1.0
 12
157.61895125706909
 22
134.14180660574476
 32
2.4
 13
158.72431367045832
 23
133.4575742365409
 33
2.4
  0
3DFACE
  5
3A7
330
17
100
AcDbEntity
  8
WINDOWS
100
AcDbFace
 10
153.60122187762133
 20
136.62882847189508
 30
1.0
 11
152.4958594642321
 21
137.31306084109895
 31
1.0
 12
152.4958594642321
 22
137.31306084109895
 32
2.4
 13
153.60122187762133
 23
136.62882847189508
 33
2.4
  0
3DFACE
  5
3A8
330
17
100
AcDbEntity
  8
WINDOWS
100
AcDbFace
 10
143.35503829194732
 20
142.9713369426035
 30
1.0
 11
142.2496758785581
 21
143.65556931180737
 31
1.0
 12
142.2496758785581
 22
143.65556931180737
 32
2.4
 13
143.35503829194732
 23
142.9713369426035
 33
2.4
  0
3DFACE
  5
3A9
330
17
100
AcDbEntity
  8
WINDOWS
100
AcDbFace
 10
138.23194649911034
 20
146.1425911779577
 30
1.0
 11
137.1265840857211
 21
146.82682354716158
 31
1.0
 12
137.1265840857211
 22
146.82682354716158
 32
2.4
 13
138.23194649911034
 23
146.1425911779577
 33
2.4
  0
3DFACE
  5
3AA
330
17
100
AcDbEntity
  8
WINDOWS
100
AcDbFace
 10
133.10885470627335
 20
149.3138454133119
 30
1.0
 11
132.00349229288412
 21
149.99807778251576
 31
1.0
 12
132.00349229288412
 22
149.99807778251576
 32
2.4
 13
133.10885470627335
 23
149.3138454133119
 33
2.4
  0
3DFACE
  5
3AB
330
17
100
AcDbEntity
  8
WINDOWS
100
AcDbFace
 10
127.98576291343632
 20
152.4850996486661
 30
1.0
 11
126.88040050004712
 21
153.16933201786998
 31
1.0
 12
126.88040050004712
 22
153.16933201786998
 32
2.4
 13
127.98576291343632
 23
152.4850996486661
 33
2.4
  0
3DFACE
  5
3AC
330
17
100
AcDbEntity
  8
WINDOWS
100
AcDbFace
 10
122.86267112059933
 20
155.6563538840203
 30
1.0
 11
121.75730870721013
 21
156.34058625322416
 31
1.0
 12
121.75730870721013
 22
156.34058625322416
 32
2.4
 13
122.86267112059933
 23
155.6563538840203
 33
2.4
  0
3DFACE
  5
3AD
330
17
100
AcDbEntity
  8
WINDOWS
100
AcDbFace
 10
112.61648753492534
 20
161.9988623547287
 30
1.0
 11
111.51112512153614
 21
162.68309472393256
 31
1.0
 12
111.51112512153614
 22
162.68309472393256
 32
2.4
 13
112.61648753492534
 23
161.9988623547287
 33
2.4
  0
3DFACE
  5
3AE
330
17
100
AcDbEntity
  8
WINDOWS
100
AcDbFace
 10
107.49339574208835
 20
165.1701165900829
 30
1.0
 11
106.38803332869915
 21
165.85434895928677
 31
1.0
 12
106.38803332869915
 22
165.85434895928677
 32
2.4
 13
107.49339574208835
 23
165.1701165900829
 33
2.4
  0
3DFACE
  5
3AF
330
17
100
AcDbEntity
  8
WINDOWS
100
AcDbFace
 10
102.37030394925137
 20
168.3413708254371
 30
1.0
 11
101.26494153586216
 21
169.02560319464098
 31
1.0
 12
101.26494153586216
 22
169.02560319464098
 32
2.4
 13
102.37030394925137
 23
168.3413708254371
 33
2.4
  0
3DFACE
  5
3B0
330
17
100
AcDbEntity
  8
WINDOWS
100
AcDbFace
 10
97.24721215641436
 20
171.5126250607913
 30
1.0
 11
96.14184974302516
 21
172.19685742999516
 31
1.0
 12
96.14184974302516
 22
172.19685742999516
 32
2.4
 13
97.24721215641436
 23
171.5126250607913
 33
2.4
  0
3DFACE
  5
3B1
330
17
100
AcDbEntity
  8
WINDOWS
100
AcDbFace
 10
87.00102857074037
 20
177.85513353149972
 30
1.0
 11
85.89566615735117
 21
178.5393659007036
 31
1.0
 12
85.89566615735117
 22
178.5393659007036
 32
2.4
 13
87.00102857074037
 23
177.85513353149972
 33
2.4
  0
3DFACE
  5
3B2
330
17
100
AcDbEntity
  8
WINDOWS
100
AcDbFace
 10
81.87793677790339
 20
181.0263877668539
 30
1.0
 11
80.77257436451418
 21
181.71062013605777
 31
1.0
 12
80.77257436451418
 22
181.71062013605777
 32
2.4
 13
81.87793677790339
 23
181.0263877668539
 33
2.4
  0
3DFACE
  5
3B3
330
17
100
AcDbEntity
  8
WINDOWS
100
AcDbFace
 10
76.75484498506638
 20
184.1976420022081
 30
1.0
 11
75.64948257167718
 21
184.88187437141198
 31
1.0
 12
75.64948257167718
 22
184.88187437141198
 32
2.4
 13
76.75484498506638
 23
184.1976420022081
 33
2.4
  0
3DFACE
  5
3B4
330
17
100
AcDbEntity
  8
WINDOWS
100
AcDbFace
 10
189.46286442748027
 20
114.43004882441565
 30
4.0
 11
188.35750201409104
 21
115.11428119361955
 31
4.0
 12
188.35750201409104
 22
115.11428119361955
 32
5.4
 13
189.46286442748027
 23
114.43004882441565
 33
5.4
  0
3DFACE
  5
3B5
330
17
100
AcDbEntity
  8
WINDOWS
100
AcDbFace
 10
184.33977263464328
 20
117.60130305976985
 30
4.0
 11
183.23441022125405
 21
118.28553542897374
 31
4.0
 12
183.23441022125405
 22
118.28553542897374
 32
5.4
 13
184.33977263464328
 23
117.60130305976985
 33
5.4
  0
3DFACE
  5
3B6
330
17
100
AcDbEntity
  8
WINDOWS
100
AcDbFace
 10
179.2166808418063
 20
120.77255729512406
 30
4.0
 11
178.11131842841706
 21
121.45678966432796
 31
4.0
 12
178.11131842841706
 22
121.45678966432796
 32
5.4
 13
179.2166808418063
 23
120.77255729512406
 33
5.4
  0
3DFACE
  5
3B7
330
17
100
AcDbEntity
  8
WINDOWS
100
AcDbFace
 10
174.0935890489693
 20
123.94381153047826
 30
4.0
 11
172.98822663558008
 21
124.62804389968215
 31
4.0
 12
172.98822663558008
 22
124.62804389968215
 32
5.4
 13
174.0935890489693
 23
123.94381153047826
 33
5.4
  0
3DFACE
  5
3B8
330
17
100
AcDbEntity
  8
WINDOWS
100
AcDbFace
 10
168.97049725613232
 20
127.11506576583245
 30
4.0
 11
167.8651348427431
 21
127.79929813503635
 31
4.0
 12
167.8651348427431
 22
127.79929813503635
 32
5.4
 13
168.97049725613232
 23
127.11506576583245
 33
5.4
  0
3DFACE
  5
3B9
330
17
100
AcDbEntity
  8
WINDOWS
100
AcDbFace
 10
163.8474054632953
 20
130.28632000118668
 30
4.0
 11
162.74204304990607
 21
130.97055237039055
 31
4.0
 12
162.74204304990607
 22
130.97055237039055
 32
5.4
 13
163.8474054632953
 23
130.28632000118668
 33
5.4
  0
3DFACE
  5
3BA
330
17
100
AcDbEntity
  8
WINDOWS
100
AcDbFace
 10
158.72431367045832
 20
133.4575742365409
 30
4.0
 11
157.61895125706909
 21
134.14180660574476
 31
4.0
 12
157.61895125706909
 22
134.14180660574476
 32
5.4
 13
158.72431367045832
 23
133.4575742365409
 33
5.4
  0
3DFACE
  5
3BB
330
17
100
AcDbEntity
  8
WINDOWS
100
AcDbFace
 10
153.60122187762133
 20
136.62882847189508
 30
4.0
 11
152.4958594642321
 21
137.31306084109895
 31
4.0
 12
152.4958594642321
 22
137.31306084109895
 32
5.4
 13
153.60122187762133
 23
136.62882847189508
 33
5.4
  0
3DFACE
  5
3BC
330
17
100
AcDbEntity
  8
WINDOWS
100
AcDbFace
 10
148.4781300847843
 20
139.8000827072493
 30
4.0
 11
147.37276767139508
 21
140.48431507645316
 31
4.0
 12
147.37276767139508
 22
140.48431507645316
 32
5.4
 13
148.4781300847843
 23
139.8000827072493
 33
5.4
  0
3DFACE
  5
3BD
330
17
100
AcDbEntity
  8
WINDOWS
100
AcDbFace
 10
143.35503829194732
 20
142.9713369426035
 30
4.0
 11
142.2496758785581
 21
143.65556931180737
 31
4.0
 12
142.2496758785581
 22
143.65556931180737
 32
5.4
 13
143.35503829194732
 23
142.9713369426035
 33
5.4
  0
3DFACE
  5
3BE
330
17
100
AcDbEntity
  8
WINDOWS
100
AcDbFace
 10
138.23194649911034
 20
146.1425911779577
 30
4.0
 11
137.1265840857211
 21
146.82682354716158
 31
4.0
 12
137.1265840857211
 22
146.82682354716158
 32
5.4
 13
138.23194649911034
 23
146.1425911779577
 33
5.4
  0
3DFACE
  5
3BF
330
17
100
AcDbEntity
  8
WINDOWS
100
AcDbFace
 10
133.10885470627335
 20
149.3138454133119
 30
4.0
 11
132.00349229288412
 21
149.99807778251576
 31
4.0
 12
132.00349229288412
 22
149.99807778251576
 32
5.4
 13
133.10885470627335
 23
149.3138454133119
 33
5.4
  0
3DFACE
  5
3C0
330
17
100
AcDbEntity
  8
WINDOWS
100
AcDbFace
 10
127.98576291343632
 20
152.4850996486661
 30
4.0
 11
126.88040050004712
 21
153.16933201786998
 31
4.0
 12
126.88040050004712
 22
153.16933201786998
 32
5.4
 13
127.98576291343632
 23
152.4850996486661
 33
5.4
  0
3DFACE
  5
3C1
330
17
100
AcDbEntity
  8
WINDOWS
100
AcDbFace
 10
122.86267112059933
 20
155.6563538840203
 30
4.0
 11
121.75730870721013
 21
156.34058625322416
 31
4.0
 12
121.75730870721013
 22
156.34058625322416
 32
5.4
 13
122.86267112059933
 23
155.6563538840203
 33
5.4
  0
3DFACE
  5
3C2
330
17
100
AcDbEntity
  8
WINDOWS
100
AcDbFace
 10
117.73957932776233
 20
158.8276081193745
 30
4.0
 11
116.63421691437313
 21
159.51184048857837
 31
4.0
 12
116.63421691437313
 22
159.51184048857837
 32
5.4
 13
117.73957932776233
 23
158.8276081193745
 33
5.4
  0
3DFACE
  5
3C3
330
17
100
AcDbEntity
  8
WINDOWS
100
AcDbFace
 10
112.61648753492534
 20
161.9988623547287
 30
4.0
 11
111.51112512153614
 21
162.68309472393256
 31
4.0
 12
111.51112512153614
 22
162.68309472393256
 32
5.4
 13
112.61648753492534
 23
161.9988623547287
 33
5.4
  0
3DFACE
  5
3C4
330
17
100
AcDbEntity
  8
WINDOWS
100
AcDbFace
 10
107.49339574208835
 20
165.1701165900829
 30
4.0
 11
106.38803332869915
 21
165.85434895928677
 31
4.0
 12
106.38803332869915
 22
165.85434895928677
 32
5.4
 13
107.49339574208835
 23
165.1701165900829
 33
5.4
  0
3DFACE
  5
3C5
330
17
100
AcDbEntity
  8
WINDOWS
100
AcDbFace
 10
102.37030394925137
 20
168.3413708254371
 30
4.0
 11
101.26494153586216
 21
169.02560319464098
 31
4.0
 12
101.26494153586216
 22
169.02560319464098
 32
5.4
 13
102.37030394925137
 23
168.3413708254371
 33
5.4
  0
3DFACE
  5
3C6
330
17
100
AcDbEntity
  8
WINDOWS
100
AcDbFace
 10
97.24721215641436
 20
171.5126250607913
 30
4.0
 11
96.14184974302516
 21
172.19685742999516
 31
4.0
 12
96.14184974302516
 22
172.19685742999516
 32
5.4
 13
97.24721215641436
 23
171.5126250607913
 33
5.4
  0
3DFACE
  5
3C7
330
17
100
AcDbEntity
  8
WINDOWS
100
AcDbFace
 10
92.12412036357738
 20
174.6838792961455
 30
4.0
 11
91.01875795018817
 21
175.36811166534937
 31
4.0
 12
91.01875795018817
 22
175.36811166534937
 32
5.4
 13
92.12412036357738
 23
174.6838792961455
 33
5.4
  0
3DFACE
  5
3C8
330
17
100
AcDbEntity
  8
WINDOWS
100
AcDbFace
 10
87.00102857074037
 20
177.85513353149972
 30
4.0
 11
85.89566615735117
 21
178.5393659007036
 31
4.0
 12
85.89566615735117
 22
178.5393659007036
 32
5.4
 13
87.00102857074037
 23
177.85513353149972
 33
5.4
  0
3DFACE
  5
3C9
330
17
100
AcDbEntity
  8
WINDOWS
100
AcDbFace
 10
81.87793677790339
 20
181.0263877668539
 30
4.0
 11
80.77257436451418
 21
181.71062013605777
 31
4.0
 12
80.77257436451418
 22
181.71062013605777
 32
5.4
 13
81.87793677790339
 23
181.0263877668539
 33
5.4
  0
3DFACE
  5
3CA
330
17
100
AcDbEntity
  8
WINDOWS
100
AcDbFace
 10
76.75484498506638
 20
184.1976420022081
 30
4.0
 11
75.64948257167718
 21
184.88187437141198
 31
4.0
 12
75.64948257167718
 22
184.88187437141198
 32
5.4
 13
76.75484498506638
 23
184.1976420022081
 33
5.4
  0
3DFACE
  5
3CB
330
17
100
AcDbEntity
  8
WINDOWS
100
AcDbFace
 10
189.46286442748027
 20
114.43004882441565
 30
7.0
 11
188.35750201409104
 21
115.11428119361955
 31
7.0
 12
188.35750201409104
 22
115.11428119361955
 32
8.4
 13
189.46286442748027
 23
114.43004882441565
 33
8.4
  0
3DFACE
  5
3CC
330
17
100
AcDbEntity
  8
WINDOWS
100
AcDbFace
 10
184.33977263464328
 20
117.60130305976985
 30
7.0
 11
183.23441022125405
 21
118.28553542897374
 31
7.0
 12
183.23441022125405
 22
118.28553542897374
 32
8.4
 13
184.33977263464328
 23
117.60130305976985
 33
8.4
  0
3DFACE
  5
3CD
330
17
100
AcDbEntity
  8
WINDOWS
100
AcDbFace
 10
179.2166808418063
 20
120.77255729512406
 30
7.0
 11
178.11131842841706
 21
121.45678966432796
 31
7.0
 12
178.11131842841706
 22
121.45678966432796
 32
8.4
 13
179.2166808418063
 23
120.77255729512406
 33
8.4
  0
3DFACE
  5
3CE
330
17
100
AcDbEntity
  8
WINDOWS
100
AcDbFace
 10
174.0935890489693
 20
123.94381153047826
 30
7.0
 11
172.98822663558008
 21
124.62804389968215
 31
7.0
 12
172.98822663558008
 22
124.62804389968215
 32
8.4
 13
174.0935890489693
 23
123.94381153047826
 33
8.4
  0
3DFACE
  5
3CF
330
17
100
AcDbEntity
  8
WINDOWS
100
AcDbFace
 10
168.97049725613232
 20
127.11506576583245
 30
7.0
 11
167.8651348427431
 21
127.79929813503635
 31
7.0
 12
167.8651348427431
 22
127.79929813503635
 32
8.4
 13
168.97049725613232
 23
127.11506576583245
 33
8.4
  0
3DFACE
  5
3D0
330
17
100
AcDbEntity
  8
WINDOWS
100
AcDbFace
 10
163.8474054632953
 20
130.28632000118668
 30
7.0
 11
162.74204304990607
 21
130.97055237039055
 31
7.0
 12
162.74204304990607
 22
130.97055237039055
 32
8.4
 13
163.8474054632953
 23
130.28632000118668
 33
8.4
  0
3DFACE
  5
3D1
330
17
100
AcDbEntity
  8
WINDOWS
100
AcDbFace
 10
158.72431367045832
 20
133.4575742365409
 30
7.0
 11
157.61895125706909
 21
134.14180660574476
 31
7.0
 12
157.61895125706909
 22
134.14180660574476
 32
8.4
 13
158.72431367045832
 23
133.4575742365409
 33
8.4
  0
3DFACE
  5
3D2
330
17
100
AcDbEntity
  8
WINDOWS
100
AcDbFace
 10
153.60122187762133
 20
136.62882847189508
 30
7.0
 11
152.4958594642321
 21
137.31306084109895
 31
7.0
 12
152.4958594642321
 22
137.31306084109895
 32
8.4
 13
153.60122187762133
 23
136.62882847189508
 33
8.4
  0
3DFACE
  5
3D3
330
17
100
AcDbEntity
  8
WINDOWS
100
AcDbFace
 10
148.4781300847843
 20
139.8000827072493
 30
7.0
 11
147.37276767139508
 21
140.48431507645316
 31
7.0
 12
147.37276767139508
 22
140.48431507645316
 32
8.4
 13
148.4781300847843
 23
139.8000827072493
 33
8.4
  0
3DFACE
  5
3D4
330
17
100
AcDbEntity
  8
WINDOWS
100
AcDbFace
 10
143.35503829194732
 20
142.9713369426035
 30
7.0
 11
142.2496758785581
 21
143.65556931180737
 31
7.0
 12
142.2496758785581
 22
143.65556931180737
 32
8.4
 13
143.35503829194732
 23
142.9713369426035
 33
8.4
  0
3DFACE
  5
3D5
330
17
100
AcDbEntity
  8
WINDOWS
100
AcDbFace
 10
138.23194649911034
 20
146.1425911779577
 30
7.0
 11
137.1265840857211
 21
146.82682354716158
 31
7.0
 12
137.1265840857211
 22
146.82682354716158
 32
8.4
 13
138.23194649911034
 23
146.1425911779577
 33
8.4
  0
3DFACE
  5
3D6
330
17
100
AcDbEntity
  8
WINDOWS
100
AcDbFace
 10
133.10885470627335
 20
149.3138454133119
 30
7.0
 11
132.00349229288412
 21
149.99807778251576
 31
7.0
 12
132.00349229288412
 22
149.99807778251576
 32
8.4
 13
133.10885470627335
 23
149.3138454133119
 33
8.4
  0
3DFACE
  5
3D7
330
17
100
AcDbEntity
  8
WINDOWS
100
AcDbFace
 10
127.98576291343632
 20
152.4850996486661
 30
7.0
 11
126.88040050004712
 21
153.16933201786998
 31
7.0
 12
126.88040050004712
 22
153.16933201786998
 32
8.4
 13
127.98576291343632
 23
152.4850996486661
 33
8.4
  0
3DFACE
  5
3D8
330
17
100
AcDbEntity
  8
WINDOWS
100
AcDbFace
 10
122.86267112059933
 20
155.6563538840203
 30
7.0
 11
121.75730870721013
 21
156.34058625322416
 31
7.0
 12
121.75730870721013
 22
156.34058625322416
 32
8.4
 13
122.86267112059933
 23
155.6563538840203
 33
8.4
  0
3DFACE
  5
3D9
330
17
100
AcDbEntity
  8
WINDOWS
100
AcDbFace
 10
117.73957932776233
 20
158.8276081193745
 30
7.0
 11
116.63421691437313
 21
159.51184048857837
 31
7.0
 12
116.63421691437313
 22
159.51184048857837
 32
8.4
 13
117.73957932776233
 23
158.8276081193745
 33
8.4
  0
3DFACE
  5
3DA
330
17
100
AcDbEntity
  8
WINDOWS
100
AcDbFace
 10
112.61648753492534
 20
161.9988623547287
 30
7.0
 11
111.51112512153614
 21
162.68309472393256
 31
7.0
 12
111.51112512153614
 22
162.68309472393256
 32
8.4
 13
112.61648753492534
 23
161.9988623547287
 33
8.4
  0
3DFACE
  5
3DB
330
17
100
AcDbEntity
  8
WINDOWS
100
AcDbFace
 10
107.49339574208835
 20
165.1701165900829
 30
7.0
 11
106.38803332869915
 21
165.85434895928677
 31
7.0
 12
106.38803332869915
 22
165.85434895928677
 32
8.4
 13
107.49339574208835
 23
165.1701165900829
 33
8.4
  0
3DFACE
  5
3DC
330
17
100
AcDbEntity
  8
WINDOWS
100
AcDbFace
 10
102.37030394925137
 20
168.3413708254371
 30
7.0
 11
101.26494153586216
 21
169.02560319464098
 31
7.0
 12
101.26494153586216
 22
169.02560319464098
 32
8.4
 13
102.37030394925137
 23
168.3413708254371
 33
8.4
  0
3DFACE
  5
3DD
330
17
100
AcDbEntity
  8
WINDOWS
100
AcDbFace
 10
97.24721215641436
 20
171.5126250607913
 30
7.0
 11
96.14184974302516
 21
172.19685742999516
 31
7.0
 12
96.14184974302516
 22
172.19685742999516
 32
8.4
 13
97.24721215641436
 23
171.5126250607913
 33
8.4
  0
3DFACE
  5
3DE
330
17
100
AcDbEntity
  8
WINDOWS
100
AcDbFace
 10
92.12412036357738
 20
174.6838792961455
 30
7.0
 11
91.01875795018817
 21
175.36811166534937
 31
7.0
 12
91.01875795018817
 22
175.36811166534937
 32
8.4
 13
92.12412036357738
 23
174.6838792961455
 33
8.4
  0
3DFACE
  5
3DF
330
17
100
AcDbEntity
  8
WINDOWS
100
AcDbFace
 10
87.00102857074037
 20
177.85513353149972
 30
7.0
 11
85.89566615735117
 21
178.5393659007036
 31
7.0
 12
85.89566615735117
 22
178.5393659007036
 32
8.4
 13
87.00102857074037
 23
177.85513353149972
 33
8.4
  0
3DFACE
  5
3E0
330
17
100
AcDbEntity
  8
WINDOWS
100
AcDbFace
 10
81.87793677790339
 20
181.0263877668539
 30
7.0
 11
80.77257436451418
 21
181.71062013605777
 31
7.0
 12
80.77257436451418
 22
181.71062013605777
 32
8.4
 13
81.87793677790339
 23
181.0263877668539
 33
8.4
  0
3DFACE
  5
3E1
330
17
100
AcDbEntity
  8
WINDOWS
100
AcDbFace
 10
76.75484498506638
 20
184.1976420022081
 30
7.0
 11
75.64948257167718
 21
184.88187437141198
 31
7.0
 12
75.64948257167718
 22
184.88187437141198
 32
8.4
 13
76.75484498506638
 23
184.1976420022081
 33
8.4
  0
3DFACE
  5
3E2
330
17
100
AcDbEntity
  8
WINDOWS
100
AcDbFace
 10
189.46286442748027
 20
114.43004882441565
 30
10.0
 11
188.35750201409104
 21
115.11428119361955
 31
10.0
 12
188.35750201409104
 22
115.11428119361955
 32
11.4
 13
189.46286442748027
 23
114.43004882441565
 33
11.4
  0
3DFACE
  5
3E3
330
17
100
AcDbEntity
  8
WINDOWS
100
AcDbFace
 10
184.33977263464328
 20
117.60130305976985
 30
10.0
 11
183.23441022125405
 21
118.28553542897374
 31
10.0
 12
183.23441022125405
 22
118.28553542897374
 32
11.4
 13
184.33977263464328
 23
117.60130305976985
 33
11.4
  0
3DFACE
  5
3E4
330
17
100
AcDbEntity
  8
WINDOWS
100
AcDbFace
 10
179.2166808418063
 20
120.77255729512406
 30
10.0
 11
178.11131842841706
 21
121.45678966432796
 31
10.0
 12
178.11131842841706
 22
121.45678966432796
 32
11.4
 13
179.2166808418063
 23
120.77255729512406
 33
11.4
  0
3DFACE
  5
3E5
330
17
100
AcDbEntity
  8
WINDOWS
100
AcDbFace
 10
174.0935890489693
 20
123.94381153047826
 30
10.0
 11
172.98822663558008
 21
124.62804389968215
 31
10.0
 12
172.98822663558008
 22
124.62804389968215
 32
11.4
 13
174.0935890489693
 23
123.94381153047826
 33
11.4
  0
3DFACE
  5
3E6
330
17
100
AcDbEntity
  8
WINDOWS
100
AcDbFace
 10
168.97049725613232
 20
127.11506576583245
 30
10.0
 11
167.8651348427431
 21
127.79929813503635
 31
10.0
 12
167.8651348427431
 22
127.79929813503635
 32
11.4
 13
168.97049725613232
 23
127.11506576583245
 33
11.4
  0
3DFACE
  5
3E7
330
17
100
AcDbEntity
  8
WINDOWS
100
AcDbFace
 10
163.8474054632953
 20
130.28632000118668
 30
10.0
 11
162.74204304990607
 21
130.97055237039055
 31
10.0
 12
162.74204304990607
 22
130.97055237039055
 32
11.4
 13
163.8474054632953
 23
130.28632000118668
 33
11.4
  0
3DFACE
  5
3E8
330
17
100
AcDbEntity
  8
WINDOWS
100
AcDbFace
 10
158.72431367045832
 20
133.4575742365409
 30
10.0
 11
157.61895125706909
 21
134.14180660574476
 31
10.0
 12
157.61895125706909
 22
134.14180660574476
 32
11.4
 13
158.72431367045832
 23
133.4575742365409
 33
11.4
  0
3DFACE
  5
3E9
330
17
100
AcDbEntity
  8
WINDOWS
100
AcDbFace
 10
153.60122187762133
 20
136.62882847189508
 30
10.0
 11
152.4958594642321
 21
137.31306084109895
 31
10.0
 12
152.4958594642321
 22
137.31306084109895
 32
11.4
 13
153.60122187762133
 23
136.62882847189508
 33
11.4
  0
3DFACE
  5
3EA
330
17
100
AcDbEntity
  8
WINDOWS
100
AcDbFace
 10
148.4781300847843
 20
139.8000827072493
 30
10.0
 11
147.37276767139508
 21
140.48431507645316
 31
10.0
 12
147.37276767139508
 22
140.48431507645316
 32
11.4
 13
148.4781300847843
 23
139.8000827072493
 33
11.4
  0
3DFACE
  5
3EB
330
17
100
AcDbEntity
  8
WINDOWS
100
AcDbFace
 10
143.35503829194732
 20
142.9713369426035
 30
10.0
 11
142.2496758785581
 21
143.65556931180737
 31
10.0
 12
142.2496758785581
 22
143.65556931180737
 32
11.4
 13
143.35503829194732
 23
142.9713369426035
 33
11.4
  0
3DFACE
  5
3EC
330
17
100
AcDbEntity
  8
WINDOWS
100
AcDbFace
 10
138.23194649911034
 20
146.1425911779577
 30
10.0
 11
137.1265840857211
 21
146.82682354716158
 31
10.0
 12
137.1265840857211
 22
146.82682354716158
 32
11.4
 13
138.23194649911034
 23
146.1425911779577
 33
11.4
  0
3DFACE
  5
3ED
330
17
100
AcDbEntity
  8
WINDOWS
100
AcDbFace
 10
133.10885470627335
 20
149.3138454133119
 30
10.0
 11
132.00349229288412
 21
149.99807778251576
 31
10.0
 12
132.00349229288412
 22
149.99807778251576
 32
11.4
 13
133.10885470627335
 23
149.3138454133119
 33
11.4
  0
3DFACE
  5
3EE
330
17
100
AcDbEntity
  8
WINDOWS
100
AcDbFace
 10
127.98576291343632
 20
152.4850996486661
 30
10.0
 11
126.88040050004712
 21
153.16933201786998
 31
10.0
 12
126.88040050004712
 22
153.16933201786998
 32
11.4
 13
127.98576291343632
 23
152.4850996486661
 33
11.4
  0
3DFACE
  5
3EF
330
17
100
AcDbEntity
  8
WINDOWS
100
AcDbFace
 10
122.86267112059933
 20
155.6563538840203
 30
10.0
 11
121.75730870721013
 21
156.34058625322416
 31
10.0
 12
121.75730870721013
 22
156.34058625322416
 32
11.4
 13
122.86267112059933
 23
155.6563538840203
 33
11.4
  0
3DFACE
  5
3F0
330
17
100
AcDbEntity
  8
WINDOWS
100
AcDbFace
 10
117.73957932776233
 20
158.8276081193745
 30
10.0
 11
116.63421691437313
 21
159.51184048857837
 31
10.0
 12
116.63421691437313
 22
159.51184048857837
 32
11.4
 13
117.73957932776233
 23
158.8276081193745
 33
11.4
  0
3DFACE
  5
3F1
330
17
100
AcDbEntity
  8
WINDOWS
100
AcDbFace
 10
112.61648753492534
 20
161.9988623547287
 30
10.0
 11
111.51112512153614
 21
162.68309472393256
 31
10.0
 12
111.51112512153614
 22
162.68309472393256
 32
11.4
 13
112.61648753492534
 23
161.9988623547287
 33
11.4
  0
3DFACE
  5
3F2
330
17
100
AcDbEntity
  8
WINDOWS
100
AcDbFace
 10
107.49339574208835
 20
165.1701165900829
 30
10.0
 11
106.38803332869915
 21
165.85434895928677
 31
10.0
 12
106.38803332869915
 22
165.85434895928677
 32
11.4
 13
107.49339574208835
 23
165.1701165900829
 33
11.4
  0
3DFACE
  5
3F3
330
17
100
AcDbEntity
  8
WINDOWS
100
AcDbFace
 10
102.37030394925137
 20
168.3413708254371
 30
10.0
 11
101.26494153586216
 21
169.02560319464098
 31
10.0
 12
101.26494153586216
 22
169.02560319464098
 32
11.4
 13
102.37030394925137
 23
168.3413708254371
 33
11.4
  0
3DFACE
  5
3F4
330
17
100
AcDbEntity
  8
WINDOWS
100
AcDbFace
 10
97.24721215641436
 20
171.5126250607913
 30
10.0
 11
96.14184974302516
 21
172.19685742999516
 31
10.0
 12
96.14184974302516
 22
172.19685742999516
 32
11.4
 13
97.24721215641436
 23
171.5126250607913
 33
11.4
  0
3DFACE
  5
3F5
330
17
100
AcDbEntity
  8
WINDOWS
100
AcDbFace
 10
92.12412036357738
 20
174.6838792961455
 30
10.0
 11
91.01875795018817
 21
175.36811166534937
 31
10.0
 12
91.01875795018817
 22
175.36811166534937
 32
11.4
 13
92.12412036357738
 23
174.6838792961455
 33
11.4
  0
3DFACE
  5
3F6
330
17
100
AcDbEntity
  8
WINDOWS
100
AcDbFace
 10
87.00102857074037
 20
177.85513353149972
 30
10.0
 11
85.89566615735117
 21
178.5393659007036
 31
10.0
 12
85.89566615735117
 22
178.5393659007036
 32
11.4
 13
87.00102857074037
 23
177.85513353149972
 33
11.4
  0
3DFACE
  5
3F7
330
17
100
AcDbEntity
  8
WINDOWS
100
AcDbFace
 10
81.87793677790339
 20
181.0263877668539
 30
10.0
 11
80.77257436451418
 21
181.71062013605777
 31
10.0
 12
80.77257436451418
 22
181.71062013605777
 32
11.4
 13
81.87793677790339
 23
181.0263877668539
 33
11.4
  0
3DFACE
  5
3F8
330
17
100
AcDbEntity
  8
WINDOWS
100
AcDbFace
 10
76.75484498506638
 20
184.1976420022081
 30
10.0
 11
75.64948257167718
 21
184.88187437141198
 31
10.0
 12
75.64948257167718
 22
184.88187437141198
 32
11.4
 13
76.75484498506638
 23
184.1976420022081
 33
11.4
  0
3DFACE
  5
3F9
330
17
100
AcDbEntity
  8
WINDOWS
100
AcDbFace
 10
189.46286442748027
 20
114.43004882441565
 30
13.0
 11
188.35750201409104
 21
115.11428119361955
 31
13.0
 12
188.35750201409104
 22
115.11428119361955
 32
14.4
 13
189.46286442748027
 23
114.43004882441565
 33
14.4
  0
3DFACE
  5
3FA
330
17
100
AcDbEntity
  8
WINDOWS
100
AcDbFace
 10
184.33977263464328
 20
117.60130305976985
 30
13.0
 11
183.23441022125405
 21
118.28553542897374
 31
13.0
 12
183.23441022125405
 22
118.28553542897374
 32
14.4
 13
184.33977263464328
 23
117.60130305976985
 33
14.4
  0
3DFACE
  5
3FB
330
17
100
AcDbEntity
  8
WINDOWS
100
AcDbFace
 10
179.2166808418063
 20
120.77255729512406
 30
13.0
 11
178.11131842841706
 21
121.45678966432796
 31
13.0
 12
178.11131842841706
 22
121.45678966432796
 32
14.4
 13
179.2166808418063
 23
120.77255729512406
 33
14.4
  0
3DFACE
  5
3FC
330
17
100
AcDbEntity
  8
WINDOWS
100
AcDbFace
 10
174.0935890489693
 20
123.94381153047826
 30
13.0
 11
172.98822663558008
 21
124.62804389968215
 31
13.0
 12
172.98822663558008
 22
124.62804389968215
 32
14.4
 13
174.0935890489693
 23
123.94381153047826
 33
14.4
  0
3DFACE
  5
3FD
330
17
100
AcDbEntity
  8
WINDOWS
100
AcDbFace
 10
168.97049725613232
 20
127.11506576583245
 30
13.0
 11
167.8651348427431
 21
127.79929813503635
 31
13.0
 12
167.8651348427431
 22
127.79929813503635
 32
14.4
 13
168.97049725613232
 23
127.11506576583245
 33
14.4
  0
3DFACE
  5
3FE
330
17
100
AcDbEntity
  8
WINDOWS
100
AcDbFace
 10
163.8474054632953
 20
130.28632000118668
 30
13.0
 11
162.74204304990607
 21
130.97055237039055
 31
13.0
 12
162.74204304990607
 22
130.97055237039055
 32
14.4
 13
163.8474054632953
 23
130.28632000118668
 33
14.4
  0
3DFACE
  5
3FF
330
17
100
AcDbEntity
  8
WINDOWS
100
AcDbFace
 10
158.72431367045832
 20
133.4575742365409
 30
13.0
 11
157.61895125706909
 21
134.14180660574476
 31
13.0
 12
157.61895125706909
 22
134.14180660574476
 32
14.4
 13
158.72431367045832
 23
133.4575742365409
 33
14.4
  0
3DFACE
  5
400
330
17
100
AcDbEntity
  8
WINDOWS
100
AcDbFace
 10
153.60122187762133
 20
136.62882847189508
 30
13.0
 11
152.4958594642321
 21
137.31306084109895
 31
13.0
 12
152.4958594642321
 22
137.31306084109895
 32
14.4
 13
153.60122187762133
 23
136.62882847189508
 33
14.4
  0
3DFACE
  5
401
330
17
100
AcDbEntity
  8
WINDOWS
100
AcDbFace
 10
148.4781300847843
 20
139.8000827072493
 30
13.0
 11
147.37276767139508
 21
140.48431507645316
 31
13.0
 12
147.37276767139508
 22
140.48431507645316
 32
14.4
 13
148.4781300847843
 23
139.8000827072493
 33
14.4
  0
3DFACE
  5
402
330
17
100
AcDbEntity
  8
WINDOWS
100
AcDbFace
 10
143.35503829194732
 20
142.9713369426035
 30
13.0
 11
142.2496758785581
 21
143.65556931180737
 31
13.0
 12
142.2496758785581
 22
143.65556931180737
 32
14.4
 13
143.35503829194732
 23
142.9713369426035
 33
14.4
  0
3DFACE
  5
403
330
17
100
AcDbEntity
  8
WINDOWS
100
AcDbFace
 10
138.23194649911034
 20
146.1425911779577
 30
13.0
 11
137.1265840857211
 21
146.82682354716158
 31
13.0
 12
137.1265840857211
 22
146.82682354716158
 32
14.4
 13
138.23194649911034
 23
146.1425911779577
 33
14.4
  0
3DFACE
  5
404
330
17
100
AcDbEntity
  8
WINDOWS
100
AcDbFace
 10
133.10885470627335
 20
149.3138454133119
 30
13.0
 11
132.00349229288412
 21
149.99807778251576
 31
13.0
 12
132.00349229288412
 22
149.99807778251576
 32
14.4
 13
133.10885470627335
 23
149.3138454133119
 33
14.4
  0
3DFACE
  5
405
330
17
100
AcDbEntity
  8
WINDOWS
100
AcDbFace
 10
127.98576291343632
 20
152.4850996486661
 30
13.0
 11
126.88040050004712
 21
153.16933201786998
 31
13.0
 12
126.88040050004712
 22
153.16933201786998
 32
14.4
 13
127.98576291343632
 23
152.4850996486661
 33
14.4
  0
3DFACE
  5
406
330
17
100
AcDbEntity
  8
WINDOWS
100
AcDbFace
 10
122.86267112059933
 20
155.6563538840203
 30
13.0
 11
121.75730870721013
 21
156.34058625322416
 31
13.0
 12
121.75730870721013
 22
156.34058625322416
 32
14.4
 13
122.86267112059933
 23
155.6563538840203
 33
14.4
  0
3DFACE
  5
407
330
17
100
AcDbEntity
  8
WINDOWS
100
AcDbFace
 10
117.73957932776233
 20
158.8276081193745
 30
13.0
 11
116.63421691437313
 21
159.51184048857837
 31
13.0
 12
116.63421691437313
 22
159.51184048857837
 32
14.4
 13
117.73957932776233
 23
158.8276081193745
 33
14.4
  0
3DFACE
  5
408
330
17
100
AcDbEntity
  8
WINDOWS
100
AcDbFace
 10
112.61648753492534
 20
161.9988623547287
 30
13.0
 11
111.51112512153614
 21
162.68309472393256
 31
13.0
 12
111.51112512153614
 22
162.68309472393256
 32
14.4
 13
112.61648753492534
 23
161.9988623547287
 33
14.4
  0
3DFACE
  5
409
330
17
100
AcDbEntity
  8
WINDOWS
100
AcDbFace
 10
107.49339574208835
 20
165.1701165900829
 30
13.0
 11
106.38803332869915
 21
165.85434895928677
 31
13.0
 12
106.38803332869915
 22
165.85434895928677
 32
14.4
 13
107.49339574208835
 23
165.1701165900829
 33
14.4
  0
3DFACE
  5
40A
330
17
100
AcDbEntity
  8
WINDOWS
100
AcDbFace
 10
102.37030394925137
 20
168.3413708254371
 30
13.0
 11
101.26494153586216
 21
169.02560319464098
 31
13.0
 12
101.26494153586216
 22
169.02560319464098
 32
14.4
 13
102.37030394925137
 23
168.3413708254371
 33
14.4
  0
3DFACE
  5
40B
330
17
100
AcDbEntity
  8
WINDOWS
100
AcDbFace
 10
97.24721215641436
 20
171.5126250607913
 30
13.0
 11
96.14184974302516
 21
172.19685742999516
 31
13.0
 12
96.14184974302516
 22
172.19685742999516
 32
14.4
 13
97.24721215641436
 23
171.5126250607913
 33
14.4
  0
3DFACE
  5
40C
330
17
100
AcDbEntity
  8
WINDOWS
100
AcDbFace
 10
92.12412036357738
 20
174.6838792961455
 30
13.0
 11
91.01875795018817
 21
175.36811166534937
 31
13.0
 12
91.01875795018817
 22
175.36811166534937
 32
14.4
 13
92.12412036357738
 23
174.6838792961455
 33
14.4
  0
3DFACE
  5
40D
330
17
100
AcDbEntity
  8
WINDOWS
100
AcDbFace
 10
87.00102857074037
 20
177.85513353149972
 30
13.0
 11
85.89566615735117
 21
178.5393659007036
 31
13.0
 12
85.89566615735117
 22
178.5393659007036
 32
14.4
 13
87.00102857074037
 23
177.85513353149972
 33
14.4
  0
3DFACE
  5
40E
330
17
100
AcDbEntity
  8
WINDOWS
100
AcDbFace
 10
81.87793677790339
 20
181.0263877668539
 30
13.0
 11
80.77257436451418
 21
181.71062013605777
 31
13.0
 12
80.77257436451418
 22
181.71062013605777
 32
14.4
 13
81.87793677790339
 23
181.0263877668539
 33
14.4
  0
3DFACE
  5
40F
330
17
100
AcDbEntity
  8
WINDOWS
100
AcDbFace
 10
76.75484498506638
 20
184.1976420022081
 30
13.0
 11
75.64948257167718
 21
184.88187437141198
 31
13.0
 12
75.64948257167718
 22
184.88187437141198
 32
14.4
 13
76.75484498506638
 23
184.1976420022081
 33
14.4
  0
3DFACE
  5
410
330
17
100
AcDbEntity
  8
WINDOWS
100
AcDbFace
 10
189.46286442748027
 20
114.43004882441565
 30
16.0
 11
188.35750201409104
 21
115.11428119361955
 31
16.0
 12
188.35750201409104
 22
115.11428119361955
 32
17.4
 13
189.46286442748027
 23
114.43004882441565
 33
17.4
  0
3DFACE
  5
411
330
17
100
AcDbEntity
  8
WINDOWS
100
AcDbFace
 10
184.33977263464328
 20
117.60130305976985
 30
16.0
 11
183.23441022125405
 21
118.28553542897374
 31
16.0
 12
183.23441022125405
 22
118.28553542897374
 32
17.4
 13
184.33977263464328
 23
117.60130305976985
 33
17.4
  0
3DFACE
  5
412
330
17
100
AcDbEntity
  8
WINDOWS
100
AcDbFace
 10
179.2166808418063
 20
120.77255729512406
 30
16.0
 11
178.11131842841706
 21
121.45678966432796
 31
16.0
 12
178.11131842841706
 22
121.45678966432796
 32
17.4
 13
179.2166808418063
 23
120.77255729512406
 33
17.4
  0
3DFACE
  5
413
330
17
100
AcDbEntity
  8
WINDOWS
100
AcDbFace
 10
174.0935890489693
 20
123.94381153047826
 30
16.0
 11
172.98822663558008
 21
124.62804389968215
 31
16.0
 12
172.98822663558008
 22
124.62804389968215
 32
17.4
 13
174.0935890489693
 23
123.94381153047826
 33
17.4
  0
3DFACE
  5
414
330
17
100
AcDbEntity
  8
WINDOWS
100
AcDbFace
 10
168.97049725613232
 20
127.11506576583245
 30
16.0
 11
167.8651348427431
 21
127.79929813503635
 31
16.0
 12
167.8651348427431
 22
127.79929813503635
 32
17.4
 13
168.97049725613232
 23
127.11506576583245
 33
17.4
  0
3DFACE
  5
415
330
17
100
AcDbEntity
  8
WINDOWS
100
AcDbFace
 10
163.8474054632953
 20
130.28632000118668
 30
16.0
 11
162.74204304990607
 21
130.97055237039055
 31
16.0
 12
162.74204304990607
 22
130.97055237039055
 32
17.4
 13
163.8474054632953
 23
130.28632000118668
 33
17.4
  0
3DFACE
  5
416
330
17
100
AcDbEntity
  8
WINDOWS
100
AcDbFace
 10
158.72431367045832
 20
133.4575742365409
 30
16.0
 11
157.61895125706909
 21
134.14180660574476
 31
16.0
 12
157.61895125706909
 22
134.14180660574476
 32
17.4
 13
158.72431367045832
 23
133.4575742365409
 33
17.4
  0
3DFACE
  5
417
330
17
100
AcDbEntity
  8
WINDOWS
100
AcDbFace
 10
153.60122187762133
 20
136.62882847189508
 30
16.0
 11
152.4958594642321
 21
137.31306084109895
 31
16.0
 12
152.4958594642321
 22
137.31306084109895
 32
17.4
 13
153.60122187762133
 23
136.62882847189508
 33
17.4
  0
3DFACE
  5
418
330
17
100
AcDbEntity
  8
WINDOWS
100
AcDbFace
 10
148.4781300847843
 20
139.8000827072493
 30
16.0
 11
147.37276767139508
 21
140.48431507645316
 31
16.0
 12
147.37276767139508
 22
140.48431507645316
 32
17.4
 13
148.4781300847843
 23
139.8000827072493
 33
17.4
  0
3DFACE
  5
419
330
17
100
AcDbEntity
  8
WINDOWS
100
AcDbFace
 10
143.35503829194732
 20
142.9713369426035
 30
16.0
 11
142.2496758785581
 21
143.65556931180737
 31
16.0
 12
142.2496758785581
 22
143.65556931180737
 32
17.4
 13
143.35503829194732
 23
142.9713369426035
 33
17.4
  0
3DFACE
  5
41A
330
17
100
AcDbEntity
  8
WINDOWS
100
AcDbFace
 10
138.23194649911034
 20
146.1425911779577
 30
16.0
 11
137.1265840857211
 21
146.82682354716158
 31
16.0
 12
137.1265840857211
 22
146.82682354716158
 32
17.4
 13
138.23194649911034
 23
146.1425911779577
 33
17.4
  0
3DFACE
  5
41B
330
17
100
AcDbEntity
  8
WINDOWS
100
AcDbFace
 10
133.10885470627335
 20
149.3138454133119
 30
16.0
 11
132.00349229288412
 21
149.99807778251576
 31
16.0
 12
132.00349229288412
 22
149.99807778251576
 32
17.4
 13
133.10885470627335
 23
149.3138454133119
 33
17.4
  0
3DFACE
  5
41C
330
17
100
AcDbEntity
  8
WINDOWS
100
AcDbFace
 10
127.98576291343632
 20
152.4850996486661
 30
16.0
 11
126.88040050004712
 21
153.16933201786998
 31
16.0
 12
126.88040050004712
 22
153.16933201786998
 32
17.4
 13
127.98576291343632
 23
152.4850996486661
 33
17.4
  0
3DFACE
  5
41D
330
17
100
AcDbEntity
  8
WINDOWS
100
AcDbFace
 10
122.86267112059933
 20
155.6563538840203
 30
16.0
 11
121.75730870721013
 21
156.34058625322416
 31
16.0
 12
121.75730870721013
 22
156.34058625322416
 32
17.4
 13
122.86267112059933
 23
155.6563538840203
 33
17.4
  0
3DFACE
  5
41E
330
17
100
AcDbEntity
  8
WINDOWS
100
AcDbFace
 10
117.73957932776233
 20
158.8276081193745
 30
16.0
 11
116.63421691437313
 21
159.51184048857837
 31
16.0
 12
116.63421691437313
 22
159.51184048857837
 32
17.4
 13
117.73957932776233
 23
158.8276081193745
 33
17.4
  0
3DFACE
  5
41F
330
17
100
AcDbEntity
  8
WINDOWS
100
AcDbFace
 10
112.61648753492534
 20
161.9988623547287
 30
16.0
 11
111.51112512153614
 21
162.68309472393256
 31
16.0
 12
111.51112512153614
 22
162.68309472393256
 32
17.4
 13
112.61648753492534
 23
161.9988623547287
 33
17.4
  0
3DFACE
  5
420
330
17
100
AcDbEntity
  8
WINDOWS
100
AcDbFace
 10
107.49339574208835
 20
165.1701165900829
 30
16.0
 11
106.38803332869915
 21
165.85434895928677
 31
16.0
 12
106.38803332869915
 22
165.85434895928677
 32
17.4
 13
107.49339574208835
 23
165.1701165900829
 33
17.4
  0
3DFACE
  5
421
330
17
100
AcDbEntity
  8
WINDOWS
100
AcDbFace
 10
102.37030394925137
 20
168.3413708254371
 30
16.0
 11
101.26494153586216
 21
169.02560319464098
 31
16.0
 12
101.26494153586216
 22
169.02560319464098
 32
17.4
 13
102.37030394925137
 23
168.3413708254371
 33
17.4
  0
3DFACE
  5
422
330
17
100
AcDbEntity
  8
WINDOWS
100
AcDbFace
 10
97.24721215641436
 20
171.5126250607913
 30
16.0
 11
96.14184974302516
 21
172.19685742999516
 31
16.0
 12
96.14184974302516
 22
172.19685742999516
 32
17.4
 13
97.24721215641436
 23
171.5126250607913
 33
17.4
  0
3DFACE
  5
423
330
17
100
AcDbEntity
  8
WINDOWS
100
AcDbFace
 10
92.12412036357738
 20
174.6838792961455
 30
16.0
 11
91.01875795018817
 21
175.36811166534937
 31
16.0
 12
91.01875795018817
 22
175.36811166534937
 32
17.4
 13
92.12412036357738
 23
174.6838792961455
 33
17.4
  0
3DFACE
  5
424
330
17
100
AcDbEntity
  8
WINDOWS
100
AcDbFace
 10
87.00102857074037
 20
177.85513353149972
 30
16.0
 11
85.89566615735117
 21
178.5393659007036
 31
16.0
 12
85.89566615735117
 22
178.5393659007036
 32
17.4
 13
87.00102857074037
 23
177.85513353149972
 33
17.4
  0
3DFACE
  5
425
330
17
100
AcDbEntity
  8
WINDOWS
100
AcDbFace
 10
81.87793677790339
 20
181.0263877668539
 30
16.0
 11
80.77257436451418
 21
181.71062013605777
 31
16.0
 12
80.77257436451418
 22
181.71062013605777
 32
17.4
 13
81.87793677790339
 23
181.0263877668539
 33
17.4
  0
3DFACE
  5
426
330
17
100
AcDbEntity
  8
WINDOWS
100
AcDbFace
 10
76.75484498506638
 20
184.1976420022081
 30
16.0
 11
75.64948257167718
 21
184.88187437141198
 31
16.0
 12
75.64948257167718
 22
184.88187437141198
 32
17.4
 13
76.75484498506638
 23
184.1976420022081
 33
17.4
  0
3DFACE
  5
427
330
17
100
AcDbEntity
  8
WINDOWS
100
AcDbFace
 10
189.46286442748027
 20
114.43004882441565
 30
19.0
 11
188.35750201409104
 21
115.11428119361955
 31
19.0
 12
188.35750201409104
 22
115.11428119361955
 32
20.4
 13
189.46286442748027
 23
114.43004882441565
 33
20.4
  0
3DFACE
  5
428
330
17
100
AcDbEntity
  8
WINDOWS
100
AcDbFace
 10
184.33977263464328
 20
117.60130305976985
 30
19.0
 11
183.23441022125405
 21
118.28553542897374
 31
19.0
 12
183.23441022125405
 22
118.28553542897374
 32
20.4
 13
184.33977263464328
 23
117.60130305976985
 33
20.4
  0
3DFACE
  5
429
330
17
100
AcDbEntity
  8
WINDOWS
100
AcDbFace
 10
179.2166808418063
 20
120.77255729512406
 30
19.0
 11
178.11131842841706
 21
121.45678966432796
 31
19.0
 12
178.11131842841706
 22
121.45678966432796
 32
20.4
 13
179.2166808418063
 23
120.77255729512406
 33
20.4
  0
3DFACE
  5
42A
330
17
100
AcDbEntity
  8
WINDOWS
100
AcDbFace
 10
174.0935890489693
 20
123.94381153047826
 30
19.0
 11
172.98822663558008
 21
124.62804389968215
 31
19.0
 12
172.98822663558008
 22
124.62804389968215
 32
20.4
 13
174.0935890489693
 23
123.94381153047826
 33
20.4
  0
3DFACE
  5
42B
330
17
100
AcDbEntity
  8
WINDOWS
100
AcDbFace
 10
168.97049725613232
 20
127.11506576583245
 30
19.0
 11
167.8651348427431
 21
127.79929813503635
 31
19.0
 12
167.8651348427431
 22
127.79929813503635
 32
20.4
 13
168.97049725613232
 23
127.11506576583245
 33
20.4
  0
3DFACE
  5
42C
330
17
100
AcDbEntity
  8
WINDOWS
100
AcDbFace
 10
163.8474054632953
 20
130.28632000118668
 30
19.0
 11
162.74204304990607
 21
130.97055237039055
 31
19.0
 12
162.74204304990607
 22
130.97055237039055
 32
20.4
 13
163.8474054632953
 23
130.28632000118668
 33
20.4
  0
3DFACE
  5
42D
330
17
100
AcDbEntity
  8
WINDOWS
100
AcDbFace
 10
158.72431367045832
 20
133.4575742365409
 30
19.0
 11
157.61895125706909
 21
134.14180660574476
 31
19.0
 12
157.61895125706909
 22
134.14180660574476
 32
20.4
 13
158.72431367045832
 23
133.4575742365409
 33
20.4
  0
3DFACE
  5
42E
330
17
100
AcDbEntity
  8
WINDOWS
100
AcDbFace
 10
153.60122187762133
 20
136.62882847189508
 30
19.0
 11
152.4958594642321
 21
137.31306084109895
 31
19.0
 12
152.4958594642321
 22
137.31306084109895
 32
20.4
 13
153.60122187762133
 23
136.62882847189508
 33
20.4
  0
3DFACE
  5
42F
330
17
100
AcDbEntity
  8
WINDOWS
100
AcDbFace
 10
148.4781300847843
 20
139.8000827072493
 30
19.0
 11
147.37276767139508
 21
140.48431507645316
 31
19.0
 12
147.37276767139508
 22
140.48431507645316
 32
20.4
 13
148.4781300847843
 23
139.8000827072493
 33
20.4
  0
3DFACE
  5
430
330
17
100
AcDbEntity
  8
WINDOWS
100
AcDbFace
 10
143.35503829194732
 20
142.9713369426035
 30
19.0
 11
142.2496758785581
 21
143.65556931180737
 31
19.0
 12
142.2496758785581
 22
143.65556931180737
 32
20.4
 13
143.35503829194732
 23
142.9713369426035
 33
20.4
  0
3DFACE
  5
431
330
17
100
AcDbEntity
  8
WINDOWS
100
AcDbFace
 10
138.23194649911034
 20
146.1425911779577
 30
19.0
 11
137.1265840857211
 21
146.82682354716158
 31
19.0
 12
137.1265840857211
 22
146.82682354716158
 32
20.4
 13
138.23194649911034
 23
146.1425911779577
 33
20.4
  0
3DFACE
  5
432
330
17
100
AcDbEntity
  8
WINDOWS
100
AcDbFace
 10
133.10885470627335
 20
149.3138454133119
 30
19.0
 11
132.00349229288412
 21
149.99807778251576
 31
19.0
 12
132.00349229288412
 22
149.99807778251576
 32
20.4
 13
133.10885470627335
 23
149.3138454133119
 33
20.4
  0
3DFACE
  5
433
330
17
100
AcDbEntity
  8
WINDOWS
100
AcDbFace
 10
127.98576291343632
 20
152.4850996486661
 30
19.0
 11
126.88040050004712
 21
153.16933201786998
 31
19.0
 12
126.88040050004712
 22
153.16933201786998
 32
20.4
 13
127.98576291343632
 23
152.4850996486661
 33
20.4
  0
3DFACE
  5
434
330
17
100
AcDbEntity
  8
WINDOWS
100
AcDbFace
 10
122.86267112059933
 20
155.6563538840203
 30
19.0
 11
121.75730870721013
 21
156.34058625322416
 31
19.0
 12
121.75730870721013
 22
156.34058625322416
 32
20.4
 13
122.86267112059933
 23
155.6563538840203
 33
20.4
  0
3DFACE
  5
435
330
17
100
AcDbEntity
  8
WINDOWS
100
AcDbFace
 10
117.73957932776233
 20
158.8276081193745
 30
19.0
 11
116.63421691437313
 21
159.51184048857837
 31
19.0
 12
116.63421691437313
 22
159.51184048857837
 32
20.4
 13
117.73957932776233
 23
158.8276081193745
 33
20.4
  0
3DFACE
  5
436
330
17
100
AcDbEntity
  8
WINDOWS
100
AcDbFace
 10
112.61648753492534
 20
161.9988623547287
 30
19.0
 11
111.51112512153614
 21
162.68309472393256
 31
19.0
 12
111.51112512153614
 22
162.68309472393256
 32
20.4
 13
112.61648753492534
 23
161.9988623547287
 33
20.4
  0
3DFACE
  5
437
330
17
100
AcDbEntity
  8
WINDOWS
100
AcDbFace
 10
107.49339574208835
 20
165.1701165900829
 30
19.0
 11
106.38803332869915
 21
165.85434895928677
 31
19.0
 12
106.38803332869915
 22
165.85434895928677
 32
20.4
 13
107.49339574208835
 23
165.1701165900829
 33
20.4
  0
3DFACE
  5
438
330
17
100
AcDbEntity
  8
WINDOWS
100
AcDbFace
 10
102.37030394925137
 20
168.3413708254371
 30
19.0
 11
101.26494153586216
 21
169.02560319464098
 31
19.0
 12
101.26494153586216
 22
169.02560319464098
 32
20.4
 13
102.37030394925137
 23
168.3413708254371
 33
20.4
  0
3DFACE
  5
439
330
17
100
AcDbEntity
  8
WINDOWS
100
AcDbFace
 10
97.24721215641436
 20
171.5126250607913
 30
19.0
 11
96.14184974302516
 21
172.19685742999516
 31
19.0
 12
96.14184974302516
 22
172.19685742999516
 32
20.4
 13
97.24721215641436
 23
171.5126250607913
 33
20.4
  0
3DFACE
  5
43A
330
17
100
AcDbEntity
  8
WINDOWS
100
AcDbFace
 10
92.12412036357738
 20
174.6838792961455
 30
19.0
 11
91.01875795018817
 21
175.36811166534937
 31
19.0
 12
91.01875795018817
 22
175.36811166534937
 32
20.4
 13
92.12412036357738
 23
174.6838792961455
 33
20.4
  0
3DFACE
  5
43B
330
17
100
AcDbEntity
  8
WINDOWS
100
AcDbFace
 10
87.00102857074037
 20
177.85513353149972
 30
19.0
 11
85.89566615735117
 21
178.5393659007036
 31
19.0
 12
85.89566615735117
 22
178.5393659007036
 32
20.4
 13
87.00102857074037
 23
177.85513353149972
 33
20.4
  0
3DFACE
  5
43C
330
17
100
AcDbEntity
  8
WINDOWS
100
AcDbFace
 10
81.87793677790339
 20
181.0263877668539
 30
19.0
 11
80.77257436451418
 21
181.71062013605777
 31
19.0
 12
80.77257436451418
 22
181.71062013605777
 32
20.4
 13
81.87793677790339
 23
181.0263877668539
 33
20.4
  0
3DFACE
  5
43D
330
17
100
AcDbEntity
  8
WINDOWS
100
AcDbFace
 10
76.75484498506638
 20
184.1976420022081
 30
19.0
 11
75.64948257167718
 21
184.88187437141198
 31
19.0
 12
75.64948257167718
 22
184.88187437141198
 32
20.4
 13
76.75484498506638
 23
184.1976420022081
 33
20.4
  0
3DFACE
  5
43E
330
17
100
AcDbEntity
  8
WINDOWS
100
AcDbFace
 10
189.46286442748027
 20
114.43004882441565
 30
22.0
 11
188.35750201409104
 21
115.11428119361955
 31
22.0
 12
188.35750201409104
 22
115.11428119361955
 32
23.4
 13
189.46286442748027
 23
114.43004882441565
 33
23.4
  0
3DFACE
  5
43F
330
17
100
AcDbEntity
  8
WINDOWS
100
AcDbFace
 10
184.33977263464328
 20
117.60130305976985
 30
22.0
 11
183.23441022125405
 21
118.28553542897374
 31
22.0
 12
183.23441022125405
 22
118.28553542897374
 32
23.4
 13
184.33977263464328
 23
117.60130305976985
 33
23.4
  0
3DFACE
  5
440
330
17
100
AcDbEntity
  8
WINDOWS
100
AcDbFace
 10
179.2166808418063
 20
120.77255729512406
 30
22.0
 11
178.11131842841706
 21
121.45678966432796
 31
22.0
 12
178.11131842841706
 22
121.45678966432796
 32
23.4
 13
179.2166808418063
 23
120.77255729512406
 33
23.4
  0
3DFACE
  5
441
330
17
100
AcDbEntity
  8
WINDOWS
100
AcDbFace
 10
174.0935890489693
 20
123.94381153047826
 30
22.0
 11
172.98822663558008
 21
124.62804389968215
 31
22.0
 12
172.98822663558008
 22
124.62804389968215
 32
23.4
 13
174.0935890489693
 23
123.94381153047826
 33
23.4
  0
3DFACE
  5
442
330
17
100
AcDbEntity
  8
WINDOWS
100
AcDbFace
 10
168.97049725613232
 20
127.11506576583245
 30
22.0
 11
167.8651348427431
 21
127.79929813503635
 31
22.0
 12
167.8651348427431
 22
127.79929813503635
 32
23.4
 13
168.97049725613232
 23
127.11506576583245
 33
23.4
  0
3DFACE
  5
443
330
17
100
AcDbEntity
  8
WINDOWS
100
AcDbFace
 10
163.8474054632953
 20
130.28632000118668
 30
22.0
 11
162.74204304990607
 21
130.97055237039055
 31
22.0
 12
162.74204304990607
 22
130.97055237039055
 32
23.4
 13
163.8474054632953
 23
130.28632000118668
 33
23.4
  0
3DFACE
  5
444
330
17
100
AcDbEntity
  8
WINDOWS
100
AcDbFace
 10
158.72431367045832
 20
133.4575742365409
 30
22.0
 11
157.61895125706909
 21
134.14180660574476
 31
22.0
 12
157.61895125706909
 22
134.14180660574476
 32
23.4
 13
158.72431367045832
 23
133.4575742365409
 33
23.4
  0
3DFACE
  5
445
330
17
100
AcDbEntity
  8
WINDOWS
100
AcDbFace
 10
153.60122187762133
 20
136.62882847189508
 30
22.0
 11
152.4958594642321
 21
137.31306084109895
 31
22.0
 12
152.4958594642321
 22
137.31306084109895
 32
23.4
 13
153.60122187762133
 23
136.62882847189508
 33
23.4
  0
3DFACE
  5
446
330
17
100
AcDbEntity
  8
WINDOWS
100
AcDbFace
 10
148.4781300847843
 20
139.8000827072493
 30
22.0
 11
147.37276767139508
 21
140.48431507645316
 31
22.0
 12
147.37276767139508
 22
140.48431507645316
 32
23.4
 13
148.4781300847843
 23
139.8000827072493
 33
23.4
  0
3DFACE
  5
447
330
17
100
AcDbEntity
  8
WINDOWS
100
AcDbFace
 10
143.35503829194732
 20
142.9713369426035
 30
22.0
 11
142.2496758785581
 21
143.65556931180737
 31
22.0
 12
142.2496758785581
 22
143.65556931180737
 32
23.4
 13
143.35503829194732
 23
142.9713369426035
 33
23.4
  0
3DFACE
  5
448
330
17
100
AcDbEntity
  8
WINDOWS
100
AcDbFace
 10
138.23194649911034
 20
146.1425911779577
 30
22.0
 11
137.1265840857211
 21
146.82682354716158
 31
22.0
 12
137.1265840857211
 22
146.82682354716158
 32
23.4
 13
138.23194649911034
 23
146.1425911779577
 33
23.4
  0
3DFACE
  5
449
330
17
100
AcDbEntity
  8
WINDOWS
100
AcDbFace
 10
133.10885470627335
 20
149.3138454133119
 30
22.0
 11
132.00349229288412
 21
149.99807778251576
 31
22.0
 12
132.00349229288412
 22
149.99807778251576
 32
23.4
 13
133.10885470627335
 23
149.3138454133119
 33
23.4
  0
3DFACE
  5
44A
330
17
100
AcDbEntity
  8
WINDOWS
100
AcDbFace
 10
127.98576291343632
 20
152.4850996486661
 30
22.0
 11
126.88040050004712
 21
153.16933201786998
 31
22.0
 12
126.88040050004712
 22
153.16933201786998
 32
23.4
 13
127.98576291343632
 23
152.4850996486661
 33
23.4
  0
3DFACE
  5
44B
330
17
100
AcDbEntity
  8
WINDOWS
100
AcDbFace
 10
122.86267112059933
 20
155.6563538840203
 30
22.0
 11
121.75730870721013
 21
156.34058625322416
 31
22.0
 12
121.75730870721013
 22
156.34058625322416
 32
23.4
 13
122.86267112059933
 23
155.6563538840203
 33
23.4
  0
3DFACE
  5
44C
330
17
100
AcDbEntity
  8
WINDOWS
100
AcDbFace
 10
117.73957932776233
 20
158.8276081193745
 30
22.0
 11
116.63421691437313
 21
159.51184048857837
 31
22.0
 12
116.63421691437313
 22
159.51184048857837
 32
23.4
 13
117.73957932776233
 23
158.8276081193745
 33
23.4
  0
3DFACE
  5
44D
330
17
100
AcDbEntity
  8
WINDOWS
100
AcDbFace
 10
112.61648753492534
 20
161.9988623547287
 30
22.0
 11
111.51112512153614
 21
162.68309472393256
 31
22.0
 12
111.51112512153614
 22
162.68309472393256
 32
23.4
 13
112.61648753492534
 23
161.9988623547287
 33
23.4
  0
3DFACE
  5
44E
330
17
100
AcDbEntity
  8
WINDOWS
100
AcDbFace
 10
107.49339574208835
 20
165.1701165900829
 30
22.0
 11
106.38803332869915
 21
165.85434895928677
 31
22.0
 12
106.38803332869915
 22
165.85434895928677
 32
23.4
 13
107.49339574208835
 23
165.1701165900829
 33
23.4
  0
3DFACE
  5
44F
330
17
100
AcDbEntity
  8
WINDOWS
100
AcDbFace
 10
102.37030394925137
 20
168.3413708254371
 30
22.0
 11
101.26494153586216
 21
169.02560319464098
 31
22.0
 12
101.26494153586216
 22
169.02560319464098
 32
23.4
 13
102.37030394925137
 23
168.3413708254371
 33
23.4
  0
3DFACE
  5
450
330
17
100
AcDbEntity
  8
WINDOWS
100
AcDbFace
 10
97.24721215641436
 20
171.5126250607913
 30
22.0
 11
96.14184974302516
 21
172.19685742999516
 31
22.0
 12
96.14184974302516
 22
172.19685742999516
 32
23.4
 13
97.24721215641436
 23
171.5126250607913
 33
23.4
  0
3DFACE
  5
451
330
17
100
AcDbEntity
  8
WINDOWS
100
AcDbFace
 10
92.12412036357738
 20
174.6838792961455
 30
22.0
 11
91.01875795018817
 21
175.36811166534937
 31
22.0
 12
91.01875795018817
 22
175.36811166534937
 32
23.4
 13
92.12412036357738
 23
174.6838792961455
 33
23.4
  0
3DFACE
  5
452
330
17
100
AcDbEntity
  8
WINDOWS
100
AcDbFace
 10
87.00102857074037
 20
177.85513353149972
 30
22.0
 11
85.89566615735117
 21
178.5393659007036
 31
22.0
 12
85.89566615735117
 22
178.5393659007036
 32
23.4
 13
87.00102857074037
 23
177.85513353149972
 33
23.4
  0
3DFACE
  5
453
330
17
100
AcDbEntity
  8
WINDOWS
100
AcDbFace
 10
81.87793677790339
 20
181.0263877668539
 30
22.0
 11
80.77257436451418
 21
181.71062013605777
 31
22.0
 12
80.77257436451418
 22
181.71062013605777
 32
23.4
 13
81.87793677790339
 23
181.0263877668539
 33
23.4
  0
3DFACE
  5
454
330
17
100
AcDbEntity
  8
WINDOWS
100
AcDbFace
 10
76.75484498506638
 20
184.1976420022081
 30
22.0
 11
75.64948257167718
 21
184.88187437141198
 31
22.0
 12
75.64948257167718
 22
184.88187437141198
 32
23.4
 13
76.75484498506638
 23
184.1976420022081
 33
23.4
  0
3DFACE
  5
455
330
17
100
AcDbEntity
  8
WINDOWS
100
AcDbFace
 10
189.46286442748027
 20
114.43004882441565
 30
25.0
 11
188.35750201409104
 21
115.11428119361955
 31
25.0
 12
188.35750201409104
 22
115.11428119361955
 32
26.4
 13
189.46286442748027
 23
114.43004882441565
 33
26.4
  0
3DFACE
  5
456
330
17
100
AcDbEntity
  8
WINDOWS
100
AcDbFace
 10
184.33977263464328
 20
117.60130305976985
 30
25.0
 11
183.23441022125405
 21
118.28553542897374
 31
25.0
 12
183.23441022125405
 22
118.28553542897374
 32
26.4
 13
184.33977263464328
 23
117.60130305976985
 33
26.4
  0
3DFACE
  5
457
330
17
100
AcDbEntity
  8
WINDOWS
100
AcDbFace
 10
179.2166808418063
 20
120.77255729512406
 30
25.0
 11
178.11131842841706
 21
121.45678966432796
 31
25.0
 12
178.11131842841706
 22
121.45678966432796
 32
26.4
 13
179.2166808418063
 23
120.77255729512406
 33
26.4
  0
3DFACE
  5
458
330
17
100
AcDbEntity
  8
WINDOWS
100
AcDbFace
 10
174.0935890489693
 20
123.94381153047826
 30
25.0
 11
172.98822663558008
 21
124.62804389968215
 31
25.0
 12
172.98822663558008
 22
124.62804389968215
 32
26.4
 13
174.0935890489693
 23
123.94381153047826
 33
26.4
  0
3DFACE
  5
459
330
17
100
AcDbEntity
  8
WINDOWS
100
AcDbFace
 10
168.97049725613232
 20
127.11506576583245
 30
25.0
 11
167.8651348427431
 21
127.79929813503635
 31
25.0
 12
167.8651348427431
 22
127.79929813503635
 32
26.4
 13
168.97049725613232
 23
127.11506576583245
 33
26.4
  0
3DFACE
  5
45A
330
17
100
AcDbEntity
  8
WINDOWS
100
AcDbFace
 10
163.8474054632953
 20
130.28632000118668
 30
25.0
 11
162.74204304990607
 21
130.97055237039055
 31
25.0
 12
162.74204304990607
 22
130.97055237039055
 32
26.4
 13
163.8474054632953
 23
130.28632000118668
 33
26.4
  0
3DFACE
  5
45B
330
17
100
AcDbEntity
  8
WINDOWS
100
AcDbFace
 10
158.72431367045832
 20
133.4575742365409
 30
25.0
 11
157.61895125706909
 21
134.14180660574476
 31
25.0
 12
157.61895125706909
 22
134.14180660574476
 32
26.4
 13
158.72431367045832
 23
133.4575742365409
 33
26.4
  0
3DFACE
  5
45C
330
17
100
AcDbEntity
  8
WINDOWS
100
AcDbFace
 10
153.60122187762133
 20
136.62882847189508
 30
25.0
 11
152.4958594642321
 21
137.31306084109895
 31
25.0
 12
152.4958594642321
 22
137.31306084109895
 32
26.4
 13
153.60122187762133
 23
136.62882847189508
 33
26.4
  0
3DFACE
  5
45D
330
17
100
AcDbEntity
  8
WINDOWS
100
AcDbFace
 10
148.4781300847843
 20
139.8000827072493
 30
25.0
 11
147.37276767139508
 21
140.48431507645316
 31
25.0
 12
147.37276767139508
 22
140.48431507645316
 32
26.4
 13
148.4781300847843
 23
139.8000827072493
 33
26.4
  0
3DFACE
  5
45E
330
17
100
AcDbEntity
  8
WINDOWS
100
AcDbFace
 10
143.35503829194732
 20
142.9713369426035
 30
25.0
 11
142.2496758785581
 21
143.65556931180737
 31
25.0
 12
142.2496758785581
 22
143.65556931180737
 32
26.4
 13
143.35503829194732
 23
142.9713369426035
 33
26.4
  0
3DFACE
  5
45F
330
17
100
AcDbEntity
  8
WINDOWS
100
AcDbFace
 10
138.23194649911034
 20
146.1425911779577
 30
25.0
 11
137.1265840857211
 21
146.82682354716158
 31
25.0
 12
137.1265840857211
 22
146.82682354716158
 32
26.4
 13
138.23194649911034
 23
146.1425911779577
 33
26.4
  0
3DFACE
  5
460
330
17
100
AcDbEntity
  8
WINDOWS
100
AcDbFace
 10
133.10885470627335
 20
149.3138454133119
 30
25.0
 11
132.00349229288412
 21
149.99807778251576
 31
25.0
 12
132.00349229288412
 22
149.99807778251576
 32
26.4
 13
133.10885470627335
 23
149.3138454133119
 33
26.4
  0
3DFACE
  5
461
330
17
100
AcDbEntity
  8
WINDOWS
100
AcDbFace
 10
127.98576291343632
 20
152.4850996486661
 30
25.0
 11
126.88040050004712
 21
153.16933201786998
 31
25.0
 12
126.88040050004712
 22
153.16933201786998
 32
26.4
 13
127.98576291343632
 23
152.4850996486661
 33
26.4
  0
3DFACE
  5
462
330
17
100
AcDbEntity
  8
WINDOWS
100
AcDbFace
 10
122.86267112059933
 20
155.6563538840203
 30
25.0
 11
121.75730870721013
 21
156.34058625322416
 31
25.0
 12
121.75730870721013
 22
156.34058625322416
 32
26.4
 13
122.86267112059933
 23
155.6563538840203
 33
26.4
  0
3DFACE
  5
463
330
17
100
AcDbEntity
  8
WINDOWS
100
AcDbFace
 10
117.73957932776233
 20
158.8276081193745
 30
25.0
 11
116.63421691437313
 21
159.51184048857837
 31
25.0
 12
116.63421691437313
 22
159.51184048857837
 32
26.4
 13
117.73957932776233
 23
158.8276081193745
 33
26.4
  0
3DFACE
  5
464
330
17
100
AcDbEntity
  8
WINDOWS
100
AcDbFace
 10
112.61648753492534
 20
161.9988623547287
 30
25.0
 11
111.51112512153614
 21
162.68309472393256
 31
25.0
 12
111.51112512153614
 22
162.68309472393256
 32
26.4
 13
112.61648753492534
 23
161.9988623547287
 33
26.4
  0
3DFACE
  5
465
330
17
100
AcDbEntity
  8
WINDOWS
100
AcDbFace
 10
107.49339574208835
 20
165.1701165900829
 30
25.0
 11
106.38803332869915
 21
165.85434895928677
 31
25.0
 12
106.38803332869915
 22
165.85434895928677
 32
26.4
 13
107.49339574208835
 23
165.1701165900829
 33
26.4
  0
3DFACE
  5
466
330
17
100
AcDbEntity
  8
WINDOWS
100
AcDbFace
 10
102.37030394925137
 20
168.3413708254371
 30
25.0
 11
101.26494153586216
 21
169.02560319464098
 31
25.0
 12
101.26494153586216
 22
169.02560319464098
 32
26.4
 13
102.37030394925137
 23
168.3413708254371
 33
26.4
  0
3DFACE
  5
467
330
17
100
AcDbEntity
  8
WINDOWS
100
AcDbFace
 10
97.24721215641436
 20
171.5126250607913
 30
25.0
 11
96.14184974302516
 21
172.19685742999516
 31
25.0
 12
96.14184974302516
 22
172.19685742999516
 32
26.4
 13
97.24721215641436
 23
171.5126250607913
 33
26.4
  0
3DFACE
  5
468
330
17
100
AcDbEntity
  8
WINDOWS
100
AcDbFace
 10
92.12412036357738
 20
174.6838792961455
 30
25.0
 11
91.01875795018817
 21
175.36811166534937
 31
25.0
 12
91.01875795018817
 22
175.36811166534937
 32
26.4
 13
92.12412036357738
 23
174.6838792961455
 33
26.4
  0
3DFACE
  5
469
330
17
100
AcDbEntity
  8
WINDOWS
100
AcDbFace
 10
87.00102857074037
 20
177.85513353149972
 30
25.0
 11
85.89566615735117
 21
178.5393659007036
 31
25.0
 12
85.89566615735117
 22
178.5393659007036
 32
26.4
 13
87.00102857074037
 23
177.85513353149972
 33
26.4
  0
3DFACE
  5
46A
330
17
100
AcDbEntity
  8
WINDOWS
100
AcDbFace
 10
81.87793677790339
 20
181.0263877668539
 30
25.0
 11
80.77257436451418
 21
181.71062013605777
 31
25.0
 12
80.77257436451418
 22
181.71062013605777
 32
26.4
 13
81.87793677790339
 23
181.0263877668539
 33
26.4
  0
3DFACE
  5
46B
330
17
100
AcDbEntity
  8
WINDOWS
100
AcDbFace
 10
76.75484498506638
 20
184.1976420022081
 30
25.0
 11
75.64948257167718
 21
184.88187437141198
 31
25.0
 12
75.64948257167718
 22
184.88187437141198
 32
26.4
 13
76.75484498506638
 23
184.1976420022081
 33
26.4
  0
3DFACE
  5
46C
330
17
100
AcDbEntity
  8
WINDOWS
100
AcDbFace
 10
189.46286442748027
 20
114.43004882441565
 30
28.0
 11
188.35750201409104
 21
115.11428119361955
 31
28.0
 12
188.35750201409104
 22
115.11428119361955
 32
29.4
 13
189.46286442748027
 23
114.43004882441565
 33
29.4
  0
3DFACE
  5
46D
330
17
100
AcDbEntity
  8
WINDOWS
100
AcDbFace
 10
184.33977263464328
 20
117.60130305976985
 30
28.0
 11
183.23441022125405
 21
118.28553542897374
 31
28.0
 12
183.23441022125405
 22
118.28553542897374
 32
29.4
 13
184.33977263464328
 23
117.60130305976985
 33
29.4
  0
3DFACE
  5
46E
330
17
100
AcDbEntity
  8
WINDOWS
100
AcDbFace
 10
179.2166808418063
 20
120.77255729512406
 30
28.0
 11
178.11131842841706
 21
121.45678966432796
 31
28.0
 12
178.11131842841706
 22
121.45678966432796
 32
29.4
 13
179.2166808418063
 23
120.77255729512406
 33
29.4
  0
3DFACE
  5
46F
330
17
100
AcDbEntity
  8
WINDOWS
100
AcDbFace
 10
174.0935890489693
 20
123.94381153047826
 30
28.0
 11
172.98822663558008
 21
124.62804389968215
 31
28.0
 12
172.98822663558008
 22
124.62804389968215
 32
29.4
 13
174.0935890489693
 23
123.94381153047826
 33
29.4
  0
3DFACE
  5
470
330
17
100
AcDbEntity
  8
WINDOWS
100
AcDbFace
 10
168.97049725613232
 20
127.11506576583245
 30
28.0
 11
167.8651348427431
 21
127.79929813503635
 31
28.0
 12
167.8651348427431
 22
127.79929813503635
 32
29.4
 13
168.97049725613232
 23
127.11506576583245
 33
29.4
  0
3DFACE
  5
471
330
17
100
AcDbEntity
  8
WINDOWS
100
AcDbFace
 10
163.8474054632953
 20
130.28632000118668
 30
28.0
 11
162.74204304990607
 21
130.97055237039055
 31
28.0
 12
162.74204304990607
 22
130.97055237039055
 32
29.4
 13
163.8474054632953
 23
130.28632000118668
 33
29.4
  0
3DFACE
  5
472
330
17
100
AcDbEntity
  8
WINDOWS
100
AcDbFace
 10
158.72431367045832
 20
133.4575742365409
 30
28.0
 11
157.61895125706909
 21
134.14180660574476
 31
28.0
 12
157.61895125706909
 22
134.14180660574476
 32
29.4
 13
158.72431367045832
 23
133.4575742365409
 33
29.4
  0
3DFACE
  5
473
330
17
100
AcDbEntity
  8
WINDOWS
100
AcDbFace
 10
153.60122187762133
 20
136.62882847189508
 30
28.0
 11
152.4958594642321
 21
137.31306084109895
 31
28.0
 12
152.4958594642321
 22
137.31306084109895
 32
29.4
 13
153.60122187762133
 23
136.62882847189508
 33
29.4
  0
3DFACE
  5
474
330
17
100
AcDbEntity
  8
WINDOWS
100
AcDbFace
 10
148.4781300847843
 20
139.8000827072493
 30
28.0
 11
147.37276767139508
 21
140.48431507645316
 31
28.0
 12
147.37276767139508
 22
140.48431507645316
 32
29.4
 13
148.4781300847843
 23
139.8000827072493
 33
29.4
  0
3DFACE
  5
475
330
17
100
AcDbEntity
  8
WINDOWS
100
AcDbFace
 10
143.35503829194732
 20
142.9713369426035
 30
28.0
 11
142.2496758785581
 21
143.65556931180737
 31
28.0
 12
142.2496758785581
 22
143.65556931180737
 32
29.4
 13
143.35503829194732
 23
142.9713369426035
 33
29.4
  0
3DFACE
  5
476
330
17
100
AcDbEntity
  8
WINDOWS
100
AcDbFace
 10
138.23194649911034
 20
146.1425911779577
 30
28.0
 11
137.1265840857211
 21
146.82682354716158
 31
28.0
 12
137.1265840857211
 22
146.82682354716158
 32
29.4
 13
138.23194649911034
 23
146.1425911779577
 33
29.4
  0
3DFACE
  5
477
330
17
100
AcDbEntity
  8
WINDOWS
100
AcDbFace
 10
133.10885470627335
 20
149.3138454133119
 30
28.0
 11
132.00349229288412
 21
149.99807778251576
 31
28.0
 12
132.00349229288412
 22
149.99807778251576
 32
29.4
 13
133.10885470627335
 23
149.3138454133119
 33
29.4
  0
3DFACE
  5
478
330
17
100
AcDbEntity
  8
WINDOWS
100
AcDbFace
 10
127.98576291343632
 20
152.4850996486661
 30
28.0
 11
126.88040050004712
 21
153.16933201786998
 31
28.0
 12
126.88040050004712
 22
153.16933201786998
 32
29.4
 13
127.98576291343632
 23
152.4850996486661
 33
29.4
  0
3DFACE
  5
479
330
17
100
AcDbEntity
  8
WINDOWS
100
AcDbFace
 10
122.86267112059933
 20
155.6563538840203
 30
28.0
 11
121.75730870721013
 21
156.34058625322416
 31
28.0
 12
121.75730870721013
 22
156.34058625322416
 32
29.4
 13
122.86267112059933
 23
155.6563538840203
 33
29.4
  0
3DFACE
  5
47A
330
17
100
AcDbEntity
  8
WINDOWS
100
AcDbFace
 10
117.73957932776233
 20
158.8276081193745
 30
28.0
 11
116.63421691437313
 21
159.51184048857837
 31
28.0
 12
116.63421691437313
 22
159.51184048857837
 32
29.4
 13
117.73957932776233
 23
158.8276081193745
 33
29.4
  0
3DFACE
  5
47B
330
17
100
AcDbEntity
  8
WINDOWS
100
AcDbFace
 10
112.61648753492534
 20
161.9988623547287
 30
28.0
 11
111.51112512153614
 21
162.68309472393256
 31
28.0
 12
111.51112512153614
 22
162.68309472393256
 32
29.4
 13
112.61648753492534
 23
161.9988623547287
 33
29.4
  0
3DFACE
  5
47C
330
17
100
AcDbEntity
  8
WINDOWS
100
AcDbFace
 10
107.49339574208835
 20
165.1701165900829
 30
28.0
 11
106.38803332869915
 21
165.85434895928677
 31
28.0
 12
106.38803332869915
 22
165.85434895928677
 32
29.4
 13
107.49339574208835
 23
165.1701165900829
 33
29.4
  0
3DFACE
  5
47D
330
17
100
AcDbEntity
  8
WINDOWS
100
AcDbFace
 10
102.37030394925137
 20
168.3413708254371
 30
28.0
 11
101.26494153586216
 21
169.02560319464098
 31
28.0
 12
101.26494153586216
 22
169.02560319464098
 32
29.4
 13
102.37030394925137
 23
168.3413708254371
 33
29.4
  0
3DFACE
  5
47E
330
17
100
AcDbEntity
  8
WINDOWS
100
AcDbFace
 10
97.24721215641436
 20
171.5126250607913
 30
28.0
 11
96.14184974302516
 21
172.19685742999516
 31
28.0
 12
96.14184974302516
 22
172.19685742999516
 32
29.4
 13
97.24721215641436
 23
171.5126250607913
 33
29.4
  0
3DFACE
  5
47F
330
17
100
AcDbEntity
  8
WINDOWS
100
AcDbFace
 10
92.12412036357738
 20
174.6838792961455
 30
28.0
 11
91.01875795018817
 21
175.36811166534937
 31
28.0
 12
91.01875795018817
 22
175.36811166534937
 32
29.4
 13
92.12412036357738
 23
174.6838792961455
 33
29.4
  0
3DFACE
  5
480
330
17
100
AcDbEntity
  8
WINDOWS
100
AcDbFace
 10
87.00102857074037
 20
177.85513353149972
 30
28.0
 11
85.89566615735117
 21
178.5393659007036
 31
28.0
 12
85.89566615735117
 22
178.5393659007036
 32
29.4
 13
87.00102857074037
 23
177.85513353149972
 33
29.4
  0
3DFACE
  5
481
330
17
100
AcDbEntity
  8
WINDOWS
100
AcDbFace
 10
81.87793677790339
 20
181.0263877668539
 30
28.0
 11
80.77257436451418
 21
181.71062013605777
 31
28.0
 12
80.77257436451418
 22
181.71062013605777
 32
29.4
 13
81.87793677790339
 23
181.0263877668539
 33
29.4
  0
3DFACE
  5
482
330
17
100
AcDbEntity
  8
WINDOWS
100
AcDbFace
 10
76.75484498506638
 20
184.1976420022081
 30
28.0
 11
75.64948257167718
 21
184.88187437141198
 31
28.0
 12
75.64948257167718
 22
184.88187437141198
 32
29.4
 13
76.75484498506638
 23
184.1976420022081
 33
29.4
  0
3DFACE
  5
483
330
17
100
AcDbEntity
  8
WINDOWS
100
AcDbFace
 10
189.46286442748027
 20
114.43004882441565
 30
31.0
 11
188.35750201409104
 21
115.11428119361955
 31
31.0
 12
188.35750201409104
 22
115.11428119361955
 32
32.4
 13
189.46286442748027
 23
114.43004882441565
 33
32.4
  0
3DFACE
  5
484
330
17
100
AcDbEntity
  8
WINDOWS
100
AcDbFace
 10
184.33977263464328
 20
117.60130305976985
 30
31.0
 11
183.23441022125405
 21
118.28553542897374
 31
31.0
 12
183.23441022125405
 22
118.28553542897374
 32
32.4
 13
184.33977263464328
 23
117.60130305976985
 33
32.4
  0
3DFACE
  5
485
330
17
100
AcDbEntity
  8
WINDOWS
100
AcDbFace
 10
179.2166808418063
 20
120.77255729512406
 30
31.0
 11
178.11131842841706
 21
121.45678966432796
 31
31.0
 12
178.11131842841706
 22
121.45678966432796
 32
32.4
 13
179.2166808418063
 23
120.77255729512406
 33
32.4
  0
3DFACE
  5
486
330
17
100
AcDbEntity
  8
WINDOWS
100
AcDbFace
 10
174.0935890489693
 20
123.94381153047826
 30
31.0
 11
172.98822663558008
 21
124.62804389968215
 31
31.0
 12
172.98822663558008
 22
124.62804389968215
 32
32.4
 13
174.0935890489693
 23
123.94381153047826
 33
32.4
  0
3DFACE
  5
487
330
17
100
AcDbEntity
  8
WINDOWS
100
AcDbFace
 10
168.97049725613232
 20
127.11506576583245
 30
31.0
 11
167.8651348427431
 21
127.79929813503635
 31
31.0
 12
167.8651348427431
 22
127.79929813503635
 32
32.4
 13
168.97049725613232
 23
127.11506576583245
 33
32.4
  0
3DFACE
  5
488
330
17
100
AcDbEntity
  8
WINDOWS
100
AcDbFace
 10
163.8474054632953
 20
130.28632000118668
 30
31.0
 11
162.74204304990607
 21
130.97055237039055
 31
31.0
 12
162.74204304990607
 22
130.97055237039055
 32
32.4
 13
163.8474054632953
 23
130.28632000118668
 33
32.4
  0
3DFACE
  5
489
330
17
100
AcDbEntity
  8
WINDOWS
100
AcDbFace
 10
158.72431367045832
 20
133.4575742365409
 30
31.0
 11
157.61895125706909
 21
134.14180660574476
 31
31.0
 12
157.61895125706909
 22
134.14180660574476
 32
32.4
 13
158.72431367045832
 23
133.4575742365409
 33
32.4
  0
3DFACE
  5
48A
330
17
100
AcDbEntity
  8
WINDOWS
100
AcDbFace
 10
153.60122187762133
 20
136.62882847189508
 30
31.0
 11
152.4958594642321
 21
137.31306084109895
 31
31.0
 12
152.4958594642321
 22
137.31306084109895
 32
32.4
 13
153.60122187762133
 23
136.62882847189508
 33
32.4
  0
3DFACE
  5
48B
330
17
100
AcDbEntity
  8
WINDOWS
100
AcDbFace
 10
148.4781300847843
 20
139.8000827072493
 30
31.0
 11
147.37276767139508
 21
140.48431507645316
 31
31.0
 12
147.37276767139508
 22
140.48431507645316
 32
32.4
 13
148.4781300847843
 23
139.8000827072493
 33
32.4
  0
3DFACE
  5
48C
330
17
100
AcDbEntity
  8
WINDOWS
100
AcDbFace
 10
143.35503829194732
 20
142.9713369426035
 30
31.0
 11
142.2496758785581
 21
143.65556931180737
 31
31.0
 12
142.2496758785581
 22
143.65556931180737
 32
32.4
 13
143.35503829194732
 23
142.9713369426035
 33
32.4
  0
3DFACE
  5
48D
330
17
100
AcDbEntity
  8
WINDOWS
100
AcDbFace
 10
138.23194649911034
 20
146.1425911779577
 30
31.0
 11
137.1265840857211
 21
146.82682354716158
 31
31.0
 12
137.1265840857211
 22
146.82682354716158
 32
32.4
 13
138.23194649911034
 23
146.1425911779577
 33
32.4
  0
3DFACE
  5
48E
330
17
100
AcDbEntity
  8
WINDOWS
100
AcDbFace
 10
133.10885470627335
 20
149.3138454133119
 30
31.0
 11
132.00349229288412
 21
149.99807778251576
 31
31.0
 12
132.00349229288412
 22
149.99807778251576
 32
32.4
 13
133.10885470627335
 23
149.3138454133119
 33
32.4
  0
3DFACE
  5
48F
330
17
100
AcDbEntity
  8
WINDOWS
100
AcDbFace
 10
127.98576291343632
 20
152.4850996486661
 30
31.0
 11
126.88040050004712
 21
153.16933201786998
 31
31.0
 12
126.88040050004712
 22
153.16933201786998
 32
32.4
 13
127.98576291343632
 23
152.4850996486661
 33
32.4
  0
3DFACE
  5
490
330
17
100
AcDbEntity
  8
WINDOWS
100
AcDbFace
 10
122.86267112059933
 20
155.6563538840203
 30
31.0
 11
121.75730870721013
 21
156.34058625322416
 31
31.0
 12
121.75730870721013
 22
156.34058625322416
 32
32.4
 13
122.86267112059933
 23
155.6563538840203
 33
32.4
  0
3DFACE
  5
491
330
17
100
AcDbEntity
  8
WINDOWS
100
AcDbFace
 10
117.73957932776233
 20
158.8276081193745
 30
31.0
 11
116.63421691437313
 21
159.51184048857837
 31
31.0
 12
116.63421691437313
 22
159.51184048857837
 32
32.4
 13
117.73957932776233
 23
158.8276081193745
 33
32.4
  0
3DFACE
  5
492
330
17
100
AcDbEntity
  8
WINDOWS
100
AcDbFace
 10
112.61648753492534
 20
161.9988623547287
 30
31.0
 11
111.51112512153614
 21
162.68309472393256
 31
31.0
 12
111.51112512153614
 22
162.68309472393256
 32
32.4
 13
112.61648753492534
 23
161.9988623547287
 33
32.4
  0
3DFACE
  5
493
330
17
100
AcDbEntity
  8
WINDOWS
100
AcDbFace
 10
107.49339574208835
 20
165.1701165900829
 30
31.0
 11
106.38803332869915
 21
165.85434895928677
 31
31.0
 12
106.38803332869915
 22
165.85434895928677
 32
32.4
 13
107.49339574208835
 23
165.1701165900829
 33
32.4
  0
3DFACE
  5
494
330
17
100
AcDbEntity
  8
WINDOWS
100
AcDbFace
 10
102.37030394925137
 20
168.3413708254371
 30
31.0
 11
101.26494153586216
 21
169.02560319464098
 31
31.0
 12
101.26494153586216
 22
169.02560319464098
 32
32.4
 13
102.37030394925137
 23
168.3413708254371
 33
32.4
  0
3DFACE
  5
495
330
17
100
AcDbEntity
  8
WINDOWS
100
AcDbFace
 10
97.24721215641436
 20
171.5126250607913
 30
31.0
 11
96.14184974302516
 21
172.19685742999516
 31
31.0
 12
96.14184974302516
 22
172.19685742999516
 32
32.4
 13
97.24721215641436
 23
171.5126250607913
 33
32.4
  0
3DFACE
  5
496
330
17
100
AcDbEntity
  8
WINDOWS
100
AcDbFace
 10
92.12412036357738
 20
174.6838792961455
 30
31.0
 11
91.01875795018817
 21
175.36811166534937
 31
31.0
 12
91.01875795018817
 22
175.36811166534937
 32
32.4
 13
92.12412036357738
 23
174.6838792961455
 33
32.4
  0
3DFACE
  5
497
330
17
100
AcDbEntity
  8
WINDOWS
100
AcDbFace
 10
87.00102857074037
 20
177.85513353149972
 30
31.0
 11
85.89566615735117
 21
178.5393659007036
 31
31.0
 12
85.89566615735117
 22
178.5393659007036
 32
32.4
 13
87.00102857074037
 23
177.85513353149972
 33
32.4
  0
3DFACE
  5
498
330
17
100
AcDbEntity
  8
WINDOWS
100
AcDbFace
 10
81.87793677790339
 20
181.0263877668539
 30
31.0
 11
80.77257436451418
 21
181.71062013605777
 31
31.0
 12
80.77257436451418
 22
181.71062013605777
 32
32.4
 13
81.87793677790339
 23
181.0263877668539
 33
32.4
  0
3DFACE
  5
499
330
17
100
AcDbEntity
  8
WINDOWS
100
AcDbFace
 10
76.75484498506638
 20
184.1976420022081
 30
31.0
 11
75.64948257167718
 21
184.88187437141198
 31
31.0
 12
75.64948257167718
 22
184.88187437141198
 32
32.4
 13
76.75484498506638
 23
184.1976420022081
 33
32.4
  0
3DFACE
  5
49A
330
17
100
AcDbEntity
  8
WINDOWS
100
AcDbFace
 10
189.46286442748027
 20
114.43004882441565
 30
34.0
 11
188.35750201409104
 21
115.11428119361955
 31
34.0
 12
188.35750201409104
 22
115.11428119361955
 32
35.4
 13
189.46286442748027
 23
114.43004882441565
 33
35.4
  0
3DFACE
  5
49B
330
17
100
AcDbEntity
  8
WINDOWS
100
AcDbFace
 10
184.33977263464328
 20
117.60130305976985
 30
34.0
 11
183.23441022125405
 21
118.28553542897374
 31
34.0
 12
183.23441022125405
 22
118.28553542897374
 32
35.4
 13
184.33977263464328
 23
117.60130305976985
 33
35.4
  0
3DFACE
  5
49C
330
17
100
AcDbEntity
  8
WINDOWS
100
AcDbFace
 10
179.2166808418063
 20
120.77255729512406
 30
34.0
 11
178.11131842841706
 21
121.45678966432796
 31
34.0
 12
178.11131842841706
 22
121.45678966432796
 32
35.4
 13
179.2166808418063
 23
120.77255729512406
 33
35.4
  0
3DFACE
  5
49D
330
17
100
AcDbEntity
  8
WINDOWS
100
AcDbFace
 10
174.0935890489693
 20
123.94381153047826
 30
34.0
 11
172.98822663558008
 21
124.62804389968215
 31
34.0
 12
172.98822663558008
 22
124.62804389968215
 32
35.4
 13
174.0935890489693
 23
123.94381153047826
 33
35.4
  0
3DFACE
  5
49E
330
17
100
AcDbEntity
  8
WINDOWS
100
AcDbFace
 10
168.97049725613232
 20
127.11506576583245
 30
34.0
 11
167.8651348427431
 21
127.79929813503635
 31
34.0
 12
167.8651348427431
 22
127.79929813503635
 32
35.4
 13
168.97049725613232
 23
127.11506576583245
 33
35.4
  0
3DFACE
  5
49F
330
17
100
AcDbEntity
  8
WINDOWS
100
AcDbFace
 10
163.8474054632953
 20
130.28632000118668
 30
34.0
 11
162.74204304990607
 21
130.97055237039055
 31
34.0
 12
162.74204304990607
 22
130.97055237039055
 32
35.4
 13
163.8474054632953
 23
130.28632000118668
 33
35.4
  0
3DFACE
  5
4A0
330
17
100
AcDbEntity
  8
WINDOWS
100
AcDbFace
 10
158.72431367045832
 20
133.4575742365409
 30
34.0
 11
157.61895125706909
 21
134.14180660574476
 31
34.0
 12
157.61895125706909
 22
134.14180660574476
 32
35.4
 13
158.72431367045832
 23
133.4575742365409
 33
35.4
  0
3DFACE
  5
4A1
330
17
100
AcDbEntity
  8
WINDOWS
100
AcDbFace
 10
153.60122187762133
 20
136.62882847189508
 30
34.0
 11
152.4958594642321
 21
137.31306084109895
 31
34.0
 12
152.4958594642321
 22
137.31306084109895
 32
35.4
 13
153.60122187762133
 23
136.62882847189508
 33
35.4
  0
3DFACE
  5
4A2
330
17
100
AcDbEntity
  8
WINDOWS
100
AcDbFace
 10
148.4781300847843
 20
139.8000827072493
 30
34.0
 11
147.37276767139508
 21
140.48431507645316
 31
34.0
 12
147.37276767139508
 22
140.48431507645316
 32
35.4
 13
148.4781300847843
 23
139.8000827072493
 33
35.4
  0
3DFACE
  5
4A3
330
17
100
AcDbEntity
  8
WINDOWS
100
AcDbFace
 10
143.35503829194732
 20
142.9713369426035
 30
34.0
 11
142.2496758785581
 21
143.65556931180737
 31
34.0
 12
142.2496758785581
 22
143.65556931180737
 32
35.4
 13
143.35503829194732
 23
142.9713369426035
 33
35.4
  0
3DFACE
  5
4A4
330
17
100
AcDbEntity
  8
WINDOWS
100
AcDbFace
 10
138.23194649911034
 20
146.1425911779577
 30
34.0
 11
137.1265840857211
 21
146.82682354716158
 31
34.0
 12
137.1265840857211
 22
146.82682354716158
 32
35.4
 13
138.23194649911034
 23
146.1425911779577
 33
35.4
  0
3DFACE
  5
4A5
330
17
100
AcDbEntity
  8
WINDOWS
100
AcDbFace
 10
133.10885470627335
 20
149.3138454133119
 30
34.0
 11
132.00349229288412
 21
149.99807778251576
 31
34.0
 12
132.00349229288412
 22
149.99807778251576
 32
35.4
 13
133.10885470627335
 23
149.3138454133119
 33
35.4
  0
3DFACE
  5
4A6
330
17
100
AcDbEntity
  8
WINDOWS
100
AcDbFace
 10
127.98576291343632
 20
152.4850996486661
 30
34.0
 11
126.88040050004712
 21
153.16933201786998
 31
34.0
 12
126.88040050004712
 22
153.16933201786998
 32
35.4
 13
127.98576291343632
 23
152.4850996486661
 33
35.4
  0
3DFACE
  5
4A7
330
17
100
AcDbEntity
  8
WINDOWS
100
AcDbFace
 10
122.86267112059933
 20
155.6563538840203
 30
34.0
 11
121.75730870721013
 21
156.34058625322416
 31
34.0
 12
121.75730870721013
 22
156.34058625322416
 32
35.4
 13
122.86267112059933
 23
155.6563538840203
 33
35.4
  0
3DFACE
  5
4A8
330
17
100
AcDbEntity
  8
WINDOWS
100
AcDbFace
 10
117.73957932776233
 20
158.8276081193745
 30
34.0
 11
116.63421691437313
 21
159.51184048857837
 31
34.0
 12
116.63421691437313
 22
159.51184048857837
 32
35.4
 13
117.73957932776233
 23
158.8276081193745
 33
35.4
  0
3DFACE
  5
4A9
330
17
100
AcDbEntity
  8
WINDOWS
100
AcDbFace
 10
112.61648753492534
 20
161.9988623547287
 30
34.0
 11
111.51112512153614
 21
162.68309472393256
 31
34.0
 12
111.51112512153614
 22
162.68309472393256
 32
35.4
 13
112.61648753492534
 23
161.9988623547287
 33
35.4
  0
3DFACE
  5
4AA
330
17
100
AcDbEntity
  8
WINDOWS
100
AcDbFace
 10
107.49339574208835
 20
165.1701165900829
 30
34.0
 11
106.38803332869915
 21
165.85434895928677
 31
34.0
 12
106.38803332869915
 22
165.85434895928677
 32
35.4
 13
107.49339574208835
 23
165.1701165900829
 33
35.4
  0
3DFACE
  5
4AB
330
17
100
AcDbEntity
  8
WINDOWS
100
AcDbFace
 10
102.37030394925137
 20
168.3413708254371
 30
34.0
 11
101.26494153586216
 21
169.02560319464098
 31
34.0
 12
101.26494153586216
 22
169.02560319464098
 32
35.4
 13
102.37030394925137
 23
168.3413708254371
 33
35.4
  0
3DFACE
  5
4AC
330
17
100
AcDbEntity
  8
WINDOWS
100
AcDbFace
 10
97.24721215641436
 20
171.5126250607913
 30
34.0
 11
96.14184974302516
 21
172.19685742999516
 31
34.0
 12
96.14184974302516
 22
172.19685742999516
 32
35.4
 13
97.24721215641436
 23
171.5126250607913
 33
35.4
  0
3DFACE
  5
4AD
330
17
100
AcDbEntity
  8
WINDOWS
100
AcDbFace
 10
92.12412036357738
 20
174.6838792961455
 30
34.0
 11
91.01875795018817
 21
175.36811166534937
 31
34.0
 12
91.01875795018817
 22
175.36811166534937
 32
35.4
 13
92.12412036357738
 23
174.6838792961455
 33
35.4
  0
3DFACE
  5
4AE
330
17
100
AcDbEntity
  8
WINDOWS
100
AcDbFace
 10
87.00102857074037
 20
177.85513353149972
 30
34.0
 11
85.89566615735117
 21
178.5393659007036
 31
34.0
 12
85.89566615735117
 22
178.5393659007036
 32
35.4
 13
87.00102857074037
 23
177.85513353149972
 33
35.4
  0
3DFACE
  5
4AF
330
17
100
AcDbEntity
  8
WINDOWS
100
AcDbFace
 10
81.87793677790339
 20
181.0263877668539
 30
34.0
 11
80.77257436451418
 21
181.71062013605777
 31
34.0
 12
80.77257436451418
 22
181.71062013605777
 32
35.4
 13
81.87793677790339
 23
181.0263877668539
 33
35.4
  0
3DFACE
  5
4B0
330
17
100
AcDbEntity
  8
WINDOWS
100
AcDbFace
 10
76.75484498506638
 20
184.1976420022081
 30
34.0
 11
75.64948257167718
 21
184.88187437141198
 31
34.0
 12
75.64948257167718
 22
184.88187437141198
 32
35.4
 13
76.75484498506638
 23
184.1976420022081
 33
35.4
  0
3DFACE
  5
4B1
330
17
100
AcDbEntity
  8
WINDOWS
100
AcDbFace
 10
189.46286442748027
 20
114.43004882441565
 30
37.0
 11
188.35750201409104
 21
115.11428119361955
 31
37.0
 12
188.35750201409104
 22
115.11428119361955
 32
38.4
 13
189.46286442748027
 23
114.43004882441565
 33
38.4
  0
3DFACE
  5
4B2
330
17
100
AcDbEntity
  8
WINDOWS
100
AcDbFace
 10
184.33977263464328
 20
117.60130305976985
 30
37.0
 11
183.23441022125405
 21
118.28553542897374
 31
37.0
 12
183.23441022125405
 22
118.28553542897374
 32
38.4
 13
184.33977263464328
 23
117.60130305976985
 33
38.4
  0
3DFACE
  5
4B3
330
17
100
AcDbEntity
  8
WINDOWS
100
AcDbFace
 10
179.2166808418063
 20
120.77255729512406
 30
37.0
 11
178.11131842841706
 21
121.45678966432796
 31
37.0
 12
178.11131842841706
 22
121.45678966432796
 32
38.4
 13
179.2166808418063
 23
120.77255729512406
 33
38.4
  0
3DFACE
  5
4B4
330
17
100
AcDbEntity
  8
WINDOWS
100
AcDbFace
 10
174.0935890489693
 20
123.94381153047826
 30
37.0
 11
172.98822663558008
 21
124.62804389968215
 31
37.0
 12
172.98822663558008
 22
124.62804389968215
 32
38.4
 13
174.0935890489693
 23
123.94381153047826
 33
38.4
  0
3DFACE
  5
4B5
330
17
100
AcDbEntity
  8
WINDOWS
100
AcDbFace
 10
168.97049725613232
 20
127.11506576583245
 30
37.0
 11
167.8651348427431
 21
127.79929813503635
 31
37.0
 12
167.8651348427431
 22
127.79929813503635
 32
38.4
 13
168.97049725613232
 23
127.11506576583245
 33
38.4
  0
3DFACE
  5
4B6
330
17
100
AcDbEntity
  8
WINDOWS
100
AcDbFace
 10
163.8474054632953
 20
130.28632000118668
 30
37.0
 11
162.74204304990607
 21
130.97055237039055
 31
37.0
 12
162.74204304990607
 22
130.97055237039055
 32
38.4
 13
163.8474054632953
 23
130.28632000118668
 33
38.4
  0
3DFACE
  5
4B7
330
17
100
AcDbEntity
  8
WINDOWS
100
AcDbFace
 10
158.72431367045832
 20
133.4575742365409
 30
37.0
 11
157.61895125706909
 21
134.14180660574476
 31
37.0
 12
157.61895125706909
 22
134.14180660574476
 32
38.4
 13
158.72431367045832
 23
133.4575742365409
 33
38.4
  0
3DFACE
  5
4B8
330
17
100
AcDbEntity
  8
WINDOWS
100
AcDbFace
 10
153.60122187762133
 20
136.62882847189508
 30
37.0
 11
152.4958594642321
 21
137.31306084109895
 31
37.0
 12
152.4958594642321
 22
137.31306084109895
 32
38.4
 13
153.60122187762133
 23
136.62882847189508
 33
38.4
  0
3DFACE
  5
4B9
330
17
100
AcDbEntity
  8
WINDOWS
100
AcDbFace
 10
148.4781300847843
 20
139.8000827072493
 30
37.0
 11
147.37276767139508
 21
140.48431507645316
 31
37.0
 12
147.37276767139508
 22
140.48431507645316
 32
38.4
 13
148.4781300847843
 23
139.8000827072493
 33
38.4
  0
3DFACE
  5
4BA
330
17
100
AcDbEntity
  8
WINDOWS
100
AcDbFace
 10
143.35503829194732
 20
142.9713369426035
 30
37.0
 11
142.2496758785581
 21
143.65556931180737
 31
37.0
 12
142.2496758785581
 22
143.65556931180737
 32
38.4
 13
143.35503829194732
 23
142.9713369426035
 33
38.4
  0
3DFACE
  5
4BB
330
17
100
AcDbEntity
  8
WINDOWS
100
AcDbFace
 10
138.23194649911034
 20
146.1425911779577
 30
37.0
 11
137.1265840857211
 21
146.82682354716158
 31
37.0
 12
137.1265840857211
 22
146.82682354716158
 32
38.4
 13
138.23194649911034
 23
146.1425911779577
 33
38.4
  0
3DFACE
  5
4BC
330
17
100
AcDbEntity
  8
WINDOWS
100
AcDbFace
 10
133.10885470627335
 20
149.3138454133119
 30
37.0
 11
132.00349229288412
 21
149.99807778251576
 31
37.0
 12
132.00349229288412
 22
149.99807778251576
 32
38.4
 13
133.10885470627335
 23
149.3138454133119
 33
38.4
  0
3DFACE
  5
4BD
330
17
100
AcDbEntity
  8
WINDOWS
100
AcDbFace
 10
127.98576291343632
 20
152.4850996486661
 30
37.0
 11
126.88040050004712
 21
153.16933201786998
 31
37.0
 12
126.88040050004712
 22
153.16933201786998
 32
38.4
 13
127.98576291343632
 23
152.4850996486661
 33
38.4
  0
3DFACE
  5
4BE
330
17
100
AcDbEntity
  8
WINDOWS
100
AcDbFace
 10
122.86267112059933
 20
155.6563538840203
 30
37.0
 11
121.75730870721013
 21
156.34058625322416
 31
37.0
 12
121.75730870721013
 22
156.34058625322416
 32
38.4
 13
122.86267112059933
 23
155.6563538840203
 33
38.4
  0
3DFACE
  5
4BF
330
17
100
AcDbEntity
  8
WINDOWS
100
AcDbFace
 10
117.73957932776233
 20
158.8276081193745
 30
37.0
 11
116.63421691437313
 21
159.51184048857837
 31
37.0
 12
116.63421691437313
 22
159.51184048857837
 32
38.4
 13
117.73957932776233
 23
158.8276081193745
 33
38.4
  0
3DFACE
  5
4C0
330
17
100
AcDbEntity
  8
WINDOWS
100
AcDbFace
 10
112.61648753492534
 20
161.9988623547287
 30
37.0
 11
111.51112512153614
 21
162.68309472393256
 31
37.0
 12
111.51112512153614
 22
162.68309472393256
 32
38.4
 13
112.61648753492534
 23
161.9988623547287
 33
38.4
  0
3DFACE
  5
4C1
330
17
100
AcDbEntity
  8
WINDOWS
100
AcDbFace
 10
107.49339574208835
 20
165.1701165900829
 30
37.0
 11
106.38803332869915
 21
165.85434895928677
 31
37.0
 12
106.38803332869915
 22
165.85434895928677
 32
38.4
 13
107.49339574208835
 23
165.1701165900829
 33
38.4
  0
3DFACE
  5
4C2
330
17
100
AcDbEntity
  8
WINDOWS
100
AcDbFace
 10
102.37030394925137
 20
168.3413708254371
 30
37.0
 11
101.26494153586216
 21
169.02560319464098
 31
37.0
 12
101.26494153586216
 22
169.02560319464098
 32
38.4
 13
102.37030394925137
 23
168.3413708254371
 33
38.4
  0
3DFACE
  5
4C3
330
17
100
AcDbEntity
  8
WINDOWS
100
AcDbFace
 10
97.24721215641436
 20
171.5126250607913
 30
37.0
 11
96.14184974302516
 21
172.19685742999516
 31
37.0
 12
96.14184974302516
 22
172.19685742999516
 32
38.4
 13
97.24721215641436
 23
171.5126250607913
 33
38.4
  0
3DFACE
  5
4C4
330
17
100
AcDbEntity
  8
WINDOWS
100
AcDbFace
 10
92.12412036357738
 20
174.6838792961455
 30
37.0
 11
91.01875795018817
 21
175.36811166534937
 31
37.0
 12
91.01875795018817
 22
175.36811166534937
 32
38.4
 13
92.12412036357738
 23
174.6838792961455
 33
38.4
  0
3DFACE
  5
4C5
330
17
100
AcDbEntity
  8
WINDOWS
100
AcDbFace
 10
87.00102857074037
 20
177.85513353149972
 30
37.0
 11
85.89566615735117
 21
178.5393659007036
 31
37.0
 12
85.89566615735117
 22
178.5393659007036
 32
38.4
 13
87.00102857074037
 23
177.85513353149972
 33
38.4
  0
3DFACE
  5
4C6
330
17
100
AcDbEntity
  8
WINDOWS
100
AcDbFace
 10
81.87793677790339
 20
181.0263877668539
 30
37.0
 11
80.77257436451418
 21
181.71062013605777
 31
37.0
 12
80.77257436451418
 22
181.71062013605777
 32
38.4
 13
81.87793677790339
 23
181.0263877668539
 33
38.4
  0
3DFACE
  5
4C7
330
17
100
AcDbEntity
  8
WINDOWS
100
AcDbFace
 10
76.75484498506638
 20
184.1976420022081
 30
37.0
 11
75.64948257167718
 21
184.88187437141198
 31
37.0
 12
75.64948257167718
 22
184.88187437141198
 32
38.4
 13
76.75484498506638
 23
184.1976420022081
 33
38.4
  0
CIRCLE
  5
4C8
330
17
100
AcDbEntity
  8
ENTRANCES
100
AcDbCircle
 10
175.0137693528668
 20
123.43301331344992
 30
0.05
 40
0.5
  0
3DFACE
  5
4C9
330
17
100
AcDbEntity
  8
CANOPIES
100
AcDbFace
 10
176.119131766256
 20
122.74878094424602
 30
2.7
 11
173.9084069394776
 21
124.11724568265382
 31
2.7
 12
173.17154131110416
 22
122.92685539131159
 32
2.7
 13
175.38226613788257
 23
121.5583906529038
 33
2.7
  0
3DFACE
  5
4CA
330
17
100
AcDbEntity
  8
CANOPIES
100
AcDbFace
 10
173.17154131110416
 20
122.92685539131159
 30
2.7
 11
175.38226613788257
 21
121.5583906529038
 31
2.7
 12
175.38226613788257
 22
121.5583906529038
 32
2.45
 13
173.17154131110416
 23
122.92685539131159
 33
2.45
  0
CIRCLE
  5
4CB
330
17
100
AcDbEntity
  8
ENTRANCES
100
AcDbCircle
 10
147.13035729154944
 20
140.69317420292646
 30
0.05
 40
0.5
  0
3DFACE
  5
4CC
330
17
100
AcDbEntity
  8
CANOPIES
100
AcDbFace
 10
148.23571970493865
 20
140.00894183372256
 30
2.7
 11
146.02499487816024
 21
141.37740657213035
 31
2.7
 12
145.2881292497868
 22
140.18701628078813
 32
2.7
 13
147.4988540765652
 23
138.81855154238033
 33
2.7
  0
3DFACE
  5
4CD
330
17
100
AcDbEntity
  8
CANOPIES
100
AcDbFace
 10
145.2881292497868
 20
140.18701628078813
 30
2.7
 11
147.4988540765652
 21
138.81855154238033
 31
2.7
 12
147.4988540765652
 22
138.81855154238033
 32
2.45
 13
145.2881292497868
 23
140.18701628078813
 33
2.45
  0
CIRCLE
  5
4CE
330
17
100
AcDbEntity
  8
ENTRANCES
100
AcDbCircle
 10
118.03462296677753
 20
158.7037768708542
 30
0.05
 40
0.5
  0
3DFACE
  5
4CF
330
17
100
AcDbEntity
  8
CANOPIES
100
AcDbFace
 10
119.13998538016675
 20
158.0195445016503
 30
2.7
 11
116.92926055338832
 21
159.3880092400581
 31
2.7
 12
116.1923949250149
 22
158.19761894871587
 32
2.7
 13
118.40311975179333
 23
156.82915421030808
 33
2.7
  0
3DFACE
  5
4D0
330
17
100
AcDbEntity
  8
CANOPIES
100
AcDbFace
 10
116.1923949250149
 20
158.19761894871587
 30
2.7
 11
118.40311975179333
 21
156.82915421030808
 31
2.7
 12
118.40311975179333
 22
156.82915421030808
 32
2.45
 13
116.1923949250149
 23
158.19761894871587
 33
2.45
  0
CIRCLE
  5
4D1
330
17
100
AcDbEntity
  8
ENTRANCES
100
AcDbCircle
 10
90.15121090546018
 20
175.9639377593994
 30
0.05
 40
0.5
  0
3DFACE
  5
4D2
330
17
100
AcDbEntity
  8
CANOPIES
100
AcDbFace
 10
91.25657331884939
 20
175.27970539019552
 30
2.7
 11
89.04584849207096
 21
176.6481701286033
 31
2.7
 12
88.30898286369754
 22
175.45777983726109
 32
2.7
 13
90.51970769047597
 23
174.0893150988533
 33
2.7
  0
3DFACE
  5
4D3
330
17
100
AcDbEntity
  8
CANOPIES
100
AcDbFace
 10
88.30898286369754
 20
175.45777983726109
 30
2.7
 11
90.51970769047597
 21
174.0893150988533
 31
2.7
 12
90.51970769047597
 22
174.0893150988533
 32
2.45
 13
88.30898286369754
 23
175.45777983726109
 33
2.45
  0
TEXT
  5
4D4
330
17
100
AcDbEntity
  8
LABELS
100
AcDbText
 10
168.32388919120422
 20
135.2780470782891
 30
0.0
 40
2.5
  1
30/43 h=39.0m
100
AcDbText
  0
ENDSEC
  0
SECTION
  2
OBJECTS
  0
DICTIONARY
  5
A
330
0
100
AcDbDictionary
281
1
  3
ACAD_COLOR
350
B
  3
ACAD_GROUP
350
C
  3
ACAD_LAYOUT
350
D
  3
ACAD_MATERIAL
350
E
  3
ACAD_MLEADERSTYLE
350
F
  3
ACAD_MLINESTYLE
350
10
  3
ACAD_PLOTSETTINGS
350
11
  3
ACAD_PLOTSTYLENAME
350
12
  3
ACAD_SCALELIST
350
14
  3
ACAD_TABLESTYLE
350
15
  3
ACAD_VISUALSTYLE
350
16
  3
EZDXF_META
350
2D
  0
DICTIONARY
  5
B
330
A
100
AcDbDictionary
281
1
  0
DICTIONARY
  5
C
330
A
100
AcDbDictionary
281
1
  0
DICTIONARY
  5
D
330
A
100
AcDbDictionary
281
1
  3
Model
350
1A
  3
Layout1
350
1E
  0
DICTIONARY
  5
E
330
A
100
AcDbDictionary
281
1
  3
ByBlock
350
1F
  3
ByLayer
350
20
  3
Global
350
21
  0
DICTIONARY
  5
F
330
A
100
AcDbDictionary
281
1
  3
Standard
350
2C
  0
DICTIONARY
  5
10
330
A
100
AcDbDictionary
281
1
  3
Standard
350
22
  0
DICTIONARY
  5
11
330
A
100
AcDbDictionary
281
1
  0
ACDBDICTIONARYWDFLT
  5
12
330
A
100
AcDbDictionary
281
1
  3
Normal
350
13
100
AcDbDictionaryWithDefault
340
13
  0
ACDBPLACEHOLDER
  5
13
330
12
  0
DICTIONARY
  5
14
330
A
100
AcDbDictionary
281
1
  0
DICTIONARY
  5
15
330
A
100
AcDbDictionary
281
1
  0
DICTIONARY
  5
16
330
A
100
AcDbDictionary
281
1
  3
2dWireframe
350
5A
  3
Basic
350
5B
  3
Brighten
350
5C
  3
ColorChange
350
5D
  3
Conceptual
350
5E
  3
Dim
350
5F
  3
EdgeColorOff
350
60
  3
Facepattern
350
61
  3
Flat
350
62
  3
FlatWithEdges
350
63
  3
Gouraud
350
64
  3
GouraudWithEdges
350
65
  3
Hidden
350
66
  3
JitterOff
350
67
  3
Linepattern
350
68
  3
Modeling
350
69
  3
OverhangOff
350
6A
  3
Realistic
350
6B
  3
Shaded
350
6C
  3
Shaded with edges
350
6D
  3
Shades of Gray
350
6E
  3
Sketchy
350
6F
  3
Thicken
350
70
  3
Wireframe
350
71
  3
X-Ray
350
72
  0
LAYOUT
  5
1A
330
D
100
AcDbPlotSettings
  1

  4
A3
  6

 40
7.5
 41
20.0
 42
7.5
 43
20.0
 44
420.0
 45
297.0
 46
0.0
 47
0.0
 48
0.0
 49
0.0
140
0.0
141
0.0
142
1.0
143
1.0
 70
1024
 72
1
 73
0
 74
5
  7

 75
16
 76
0
 77
2
 78
300
147
1.0
148
0.0
149
0.0
100
AcDbLayout
  1
Model
 70
1
 71
0
 10
0.0
 20
0.0
 11
420.0
 21
297.0
 12
0.0
 22
0.0
 32
0.0
 14
1e+20
 24
1e+20
 34
1e+20
 15
-1e+20
 25
-1e+20
 35
-1e+20
146
0.0
 13
0.0
 23
0.0
 33
0.0
 16
1.0
 26
0.0
 36
0.0
 17
0.0
 27
1.0
 37
0.0
 76
1
330
17
  0
LAYOUT
  5
1E
330
D
100
AcDbPlotSettings
  1

  4
A3
  6

 40
7.5
 41
20.0
 42
7.5
 43
20.0
 44
420.0
 45
297.0
 46
0.0
 47
0.0
 48
0.0
 49
0.0
140
0.0
141
0.0
142
1.0
143
1.0
 70
0
 72
1
 73
0
 74
5
  7

 75
16
 76
0
 77
2
 78
300
147
1.0
148
0.0
149
0.0
100
AcDbLayout
  1
Layout1
 70
1
 71
1
 10
0.0
 20
0.0
 11
420.0
 21
297.0
 12
0.0
 22
0.0
 32
0.0
 14
1e+20
 24
1e+20
 34
1e+20
 15
-1e+20
 25
-1e+20
 35
-1e+20
146
0.0
 13
0.0
 23
0.0
 33
0.0
 16
1.0
 26
0.0
 36
0.0
 17
0.0
 27
1.0
 37
0.0
 76
1
330
1B
  0
MATERIAL
  5
1F
102
{ACAD_REACTORS
330
E
102
}
330
E
100
AcDbMaterial
  1
ByBlock
  2

 70
0
 40
1.0
 71
1
 41
1.0
 91
-1023410177
 42
1.0
 72
1
  3

 73
1
 74
1
 75
1
 44
0.5
 73
0
 45
1.0
 46
1.0
 77
1
  4

 78
1
 79
1
170
1
 48
1.0
171
1
  6

172
1
173
1
174
1
140
1.0
141
1.0
175
1
  7

176
1
177
1
178
1
143
1.0
179
1
  8

270
1
271
1
272
1
145
1.0
146
1.0
273
1
  9

274
1
275
1
276
1
 42
1.0
 72
1
  3

 73
1
 74
1
 75
1
 94
63
  0
MATERIAL
  5
20
102
{ACAD_REACTORS
330
E
102
}
330
E
100
AcDbMaterial
  1
ByLayer
  2

 70
0
 40
1.0
 71
1
 41
1.0
 91
-1023410177
 42
1.0
 72
1
  3

 73
1
 74
1
 75
1
 44
0.5
 73
0
 45
1.0
 46
1.0
 77
1
  4

 78
1
 79
1
170
1
 48
1.0
171
1
  6

172
1
173
1
174
1
140
1.0
141
1.0
175
1
  7

176
1
177
1
178
1
143
1.0
179
1
  8

270
1
271
1
272
1
145
1.0
146
1.0
273
1
  9

274
1
275
1
276
1
 42
1.0
 72
1
  3

 73
1
 74
1
 75
1
 94
63
  0
MATERIAL
  5
21
102
{ACAD_REACTORS
330
E
102
}
330
E
100
AcDbMaterial
  1
Global
  2

 70
0
 40
1.0
 71
1
 41
1.0
 91
-1023410177
 42
1.0
 72
1
  3

 73
1
 74
1
 75
1
 44
0.5
 73
0
 45
1.0
 46
1.0
 77
1
  4

 78
1
 79
1
170
1
 48
1.0
171
1
  6

172
1
173
1
174
1
140
1.0
141
1.0
175
1
  7

176
1
177
1
178
1
143
1.0
179
1
  8

270
1
271
1
272
1
145
1.0
146
1.0
273
1
  9

274
1
275
1
276
1
 42
1.0
 72
1
  3

 73
1
 74
1
 75
1
 94
63
  0
MLINESTYLE
  5
22
102
{ACAD_REACTORS
330
10
102
}
330
10
100
AcDbMlineStyle
  2
Standard
 70
0
  3

 62
256
 51
90.0
 52
90.0
 71
2
 49
0.5
 62
256
  6
BYLAYER
 49
-0.5
 62
256
  6
BYLAYER
  0
MLEADERSTYLE
  5
2C
102
{ACAD_REACTORS
330
F
102
}
330
F
100
AcDbMLeaderStyle
179
2
170
2
171
1
172
0
 90
2
 40
0.0
 41
0.0
173
1
 91
-1056964608
 92
-2
290
1
 42
2.0
291
1
 43
8.0
  3
Standard
 44
4.0
300

342
29
174
1
175
1
176
0
178
1
 93
-1056964608
 45
4.0
292
0
297
0
 46
4.0
 94
-1056964608
 47
1.0
 49
1.0
140
1.0
294
1
141
0.0
177
0
142
1.0
295
0
296
0
143
3.75
271
0
272
9
273
9
  0
DICTIONARY
  5
2D
330
A
100
AcDbDictionary
280
1
281
1
  3
CREATED_BY_EZDXF
350
2E
  3
WRITTEN_BY_EZDXF
350
4D8
  0
DICTIONARYVAR
  5
2E
330
2D
100
DictionaryVariables
280
0
  1
1.4.4 @ 2026-09-07T20:33:28.897016+00:00
  0
VISUALSTYLE
  5
5A
102
{ACAD_REACTORS
330
16
102
}
330
16
100
AcDbVisualStyle
  2
2dWireframe
 70
4
 90
0
 40
0.6
 62
7
290
0
291
0
  0
VISUALSTYLE
  5
5B
102
{ACAD_REACTORS
330
16
102
}
330
16
100
AcDbVisualStyle
  2
Basic
 70
7
 90
1
 40
0.6
 62
7
290
0
291
1
  0
VISUALSTYLE
  5
5C
102
{ACAD_REACTORS
330
16
102
}
330
16
100
AcDbVisualStyle
  2
Brighten
 70
12
 90
2
 40
0.6
 62
7
290
0
291
1
  0
VISUALSTYLE
  5
5D
102
{ACAD_REACTORS
330
16
102
}
330
16
100
AcDbVisualStyle
  2
ColorChange
 70
16
 90
2
 40
0.6
 62
8
290
0
291
1
  0
VISUALSTYLE
  5
5E
102
{ACAD_REACTORS
330
16
102
}
330
16
100
AcDbVisualStyle
  2
Conceptual
 70
9
 90
3
 40
0.6
 62
7
290
0
291
0
  0
VISUALSTYLE
  5
5F
102
{ACAD_REACTORS
330
16
102
}
330
16
100
AcDbVisualStyle
  2
Dim
 70
11
 90
2
 40
0.6
 62
7
290
0
291
1
  0
VISUALSTYLE
  5
60
102
{ACAD_REACTORS
330
16
102
}
330
16
100
AcDbVisualStyle
  2
EdgeColorOff
 70
22
 90
2
 40
0.6
 62
7
290
0
291
1
  0
VISUALSTYLE
  5
61
102
{ACAD_REACTORS
330
16
102
}
330
16
100
AcDbVisualStyle
  2
Facepattern
 70
15
 90
2
 40
0.6
 62
7
290
0
291
1
  0
VISUALSTYLE
  5
62
102
{ACAD_REACTORS
330
16
102
}
330
16
100
AcDbVisualStyle
  2
Flat
 70
0
 90
2
 40
0.6
 62
7
290
0
291
1
  0
VISUALSTYLE
  5
63
102
{ACAD_REACTORS
330
16
102
}
330
16
100
AcDbVisualStyle
  2
FlatWithEdges
 70
1
 90
2
 40
0.6
 62
7
290
0
291
1
  0
VISUALSTYLE
  5
64
102
{ACAD_REACTORS
330
16
102
}
330
16
100
AcDbVisualStyle
  2
Gouraud
 70
2
 90
2
 40
0.6
 62
7
290
0
291
1
  0
VISUALSTYLE
  5
65
102
{ACAD_REACTORS
330
16
102
}
330
16
100
AcDbVisualStyle
  2
GouraudWithEdges
 70
3
 90
2
 40
0.6
 62
7
290
0
291
1
  0
VISUALSTYLE
  5
66
102
{ACAD_REACTORS
330
16
102
}
330
16
100
AcDbVisualStyle
  2
Hidden
 70
6
 90
1
 40
0.6
 62
7
290
0
291
0
  0
VISUALSTYLE
  5
67
102
{ACAD_REACTORS
330
16
102
}
330
16
100
AcDbVisualStyle
  2
JitterOff
 70
20
 90
2
 40
0.6
 62
7
290
0
291
1
  0
VISUALSTYLE
  5
68
102
{ACAD_REACTORS
330
16
102
}
330
16
100
AcDbVisualStyle
  2
Linepattern
 70
14
 90
2
 40
0.6
 62
7
290
0
291
1
  0
VISUALSTYLE
  5
69
102
{ACAD_REACTORS
330
16
102
}
330
16
100
AcDbVisualStyle
  2
Modeling
 70
10
 90
2
 40
0.6
 62
7
290
0
291
0
  0
VISUALSTYLE
  5
6A
102
{ACAD_REACTORS
330
16
102
}
330
16
100
AcDbVisualStyle
  2
OverhangOff
 70
21
 90
2
 40
0.6
 62
7
290
0
291
1
  0
VISUALSTYLE
  5
6B
102
{ACAD_REACTORS
330
16
102
}
330
16
100
AcDbVisualStyle
  2
Realistic
 70
8
 90
2
 40
0.6
 62
7
290
0
291
0
  0
VISUALSTYLE
  5
6C
102
{ACAD_REACTORS
330
16
102
}
330
16
100
AcDbVisualStyle
  2
Shaded
 70
27
 90
2
 40
0.6
 62
7
290
0
291
0
  0
VISUALSTYLE
  5
6D
102
{ACAD_REACTORS
330
16
102
}
330
16
100
AcDbVisualStyle
  2
Shaded with edges
 70
26
 90
2
 40
0.6
 62
7
290
0
291
0
  0
VISUALSTYLE
  5
6E
102
{ACAD_REACTORS
330
16
102
}
330
16
100
AcDbVisualStyle
  2
Shades of Gray
 70
23
 90
2
 40
0.6
 62
7
290
0
291
0
  0
VISUALSTYLE
  5
6F
102
{ACAD_REACTORS
330
16
102
}
330
16
100
AcDbVisualStyle
  2
Sketchy
 70
24
 90
1
 40
0.6
 62
7
290
0
291
0
  0
VISUALSTYLE
  5
70
102
{ACAD_REACTORS
330
16
102
}
330
16
100
AcDbVisualStyle
  2
Thicken
 70
13
 90
2
 40
0.6
 62
7
290
0
291
1
  0
VISUALSTYLE
  5
71
102
{ACAD_REACTORS
330
16
102
}
330
16
100
AcDbVisualStyle
  2
Wireframe
 70
5
 90
0
 40
0.6
 62
7
290
0
291
0
  0
VISUALSTYLE
  5
72
102
{ACAD_REACTORS
330
16
102
}
330
16
100
AcDbVisualStyle
  2
X-Ray
 70
25
 90
2
 40
0.5
 62
7
290
0
291
0
  0
DICTIONARYVAR
  5
4D8
330
2D
100
DictionaryVariables
280
0
  1
1.4.4 @ 2026-09-07T20:33:28.911637+00:00
  0
ENDSEC
  0
EOF
